url,source_file,component,page_type,evidence,source_status,build_status,production_status,expected,classification,action
"/พื้นที่ให้บริการ/กาญจนบุรี","src/content/areas/กาญจนบุรี.md","markdown-body","area","tel:0642579353 x2","FIXED","PENDING_BUILD","WAS_MIXED_PRE_FIX","tel:+66642579353 only","CONFIRMED_ACTIVE","normalize_href_e164"
"/พื้นที่ให้บริการ/กาฬสินธุ์","src/content/areas/กาฬสินธุ์.md","markdown-body","area","tel:0642579353 x2","FIXED","PENDING_BUILD","WAS_MIXED_PRE_FIX","tel:+66642579353 only","CONFIRMED_ACTIVE","normalize_href_e164"
"/พื้นที่ให้บริการ/ขอนแก่น","src/content/areas/ขอนแก่น.md","markdown-body","area","tel:0642579353 x2","FIXED","PENDING_BUILD","WAS_MIXED_PRE_FIX","tel:+66642579353 only","CONFIRMED_ACTIVE","normalize_href_e164"
"/พื้นที่ให้บริการ/จันทบุรี","src/content/areas/จันทบุรี.md","markdown-body","area","tel:0642579353 x2","FIXED","PENDING_BUILD","WAS_MIXED_PRE_FIX","tel:+66642579353 only","CONFIRMED_ACTIVE","normalize_href_e164"
"/พื้นที่ให้บริการ/ชลบุรี","src/content/areas/ชลบุรี.md","markdown-body","area","tel:0642579353 x2","FIXED","PENDING_BUILD","WAS_MIXED_PRE_FIX","tel:+66642579353 only","CONFIRMED_ACTIVE","normalize_href_e164"
"/พื้นที่ให้บริการ/ชัยภูมิ","src/content/areas/ชัยภูมิ.md","markdown-body","area","tel:0642579353 x2","FIXED","PENDING_BUILD","WAS_MIXED_PRE_FIX","tel:+66642579353 only","CONFIRMED_ACTIVE","normalize_href_e164"
"/พื้นที่ให้บริการ/ตราด","src/content/areas/ตราด.md","markdown-body","area","tel:0642579353 x2","FIXED","PENDING_BUILD","WAS_MIXED_PRE_FIX","tel:+66642579353 only","CONFIRMED_ACTIVE","normalize_href_e164"
"/พื้นที่ให้บริการ/ตาก","src/content/areas/ตาก.md","markdown-body","area","tel:0642579353 x2","FIXED","PENDING_BUILD","WAS_MIXED_PRE_FIX","tel:+66642579353 only","CONFIRMED_ACTIVE","normalize_href_e164"
"/พื้นที่ให้บริการ/นครพนม","src/content/areas/นครพนม.md","markdown-body","area","tel:0642579353 x2","FIXED","PENDING_BUILD","WAS_MIXED_PRE_FIX","tel:+66642579353 only","CONFIRMED_ACTIVE","normalize_href_e164"
"/พื้นที่ให้บริการ/นครราชสีมา","src/content/areas/นครราชสีมา.md","markdown-body","area","tel:0642579353 x2","FIXED","PENDING_BUILD","WAS_MIXED_PRE_FIX","tel:+66642579353 only","CONFIRMED_ACTIVE","normalize_href_e164"
"/พื้นที่ให้บริการ/นครสวรรค์","src/content/areas/นครสวรรค์.md","markdown-body","area","tel:0642579353 x2","FIXED","PENDING_BUILD","WAS_MIXED_PRE_FIX","tel:+66642579353 only","CONFIRMED_ACTIVE","normalize_href_e164"
"/พื้นที่ให้บริการ/บึงกาฬ","src/content/areas/บึงกาฬ.md","markdown-body","area","tel:0642579353 x2","FIXED","PENDING_BUILD","WAS_MIXED_PRE_FIX","tel:+66642579353 only","CONFIRMED_ACTIVE","normalize_href_e164"
"/พื้นที่ให้บริการ/บุรีรัมย์","src/content/areas/บุรีรัมย์.md","markdown-body","area","tel:0642579353 x2","FIXED","PENDING_BUILD","WAS_MIXED_PRE_FIX","tel:+66642579353 only","CONFIRMED_ACTIVE","normalize_href_e164"
"/พื้นที่ให้บริการ/พัทลุง","src/content/areas/พัทลุง.md","markdown-body","area","tel:0642579353 x2","FIXED","PENDING_BUILD","WAS_MIXED_PRE_FIX","tel:+66642579353 only","CONFIRMED_ACTIVE","normalize_href_e164"
"/พื้นที่ให้บริการ/ภูเก็ต","src/content/areas/ภูเก็ต.md","markdown-body","area","tel:0642579353 x2","FIXED","PENDING_BUILD","WAS_MIXED_PRE_FIX","tel:+66642579353 only","CONFIRMED_ACTIVE","normalize_href_e164"
"/พื้นที่ให้บริการ/มหาสารคาม","src/content/areas/มหาสารคาม.md","markdown-body","area","tel:0642579353 x2","FIXED","PENDING_BUILD","WAS_MIXED_PRE_FIX","tel:+66642579353 only","CONFIRMED_ACTIVE","normalize_href_e164"
"/พื้นที่ให้บริการ/มุกดาหาร","src/content/areas/มุกดาหาร.md","markdown-body","area","tel:0642579353 x2","FIXED","PENDING_BUILD","WAS_MIXED_PRE_FIX","tel:+66642579353 only","CONFIRMED_ACTIVE","normalize_href_e164"
"/พื้นที่ให้บริการ/ยะลา","src/content/areas/ยะลา.md","markdown-body","area","tel:0642579353 x2","FIXED","PENDING_BUILD","WAS_MIXED_PRE_FIX","tel:+66642579353 only","CONFIRMED_ACTIVE","normalize_href_e164"
"/พื้นที่ให้บริการ/ยโสธร","src/content/areas/ยโสธร.md","markdown-body","area","tel:0642579353 x2","FIXED","PENDING_BUILD","WAS_MIXED_PRE_FIX","tel:+66642579353 only","CONFIRMED_ACTIVE","normalize_href_e164"
"/พื้นที่ให้บริการ/ร้อยเอ็ด","src/content/areas/ร้อยเอ็ด.md","markdown-body","area","tel:0642579353 x2","FIXED","PENDING_BUILD","WAS_MIXED_PRE_FIX","tel:+66642579353 only","CONFIRMED_ACTIVE","normalize_href_e164"
"/พื้นที่ให้บริการ/ศรีสะเกษ","src/content/areas/ศรีสะเกษ.md","markdown-body","area","tel:0642579353 x2","FIXED","PENDING_BUILD","WAS_MIXED_PRE_FIX","tel:+66642579353 only","CONFIRMED_ACTIVE","normalize_href_e164"
"/พื้นที่ให้บริการ/สกลนคร","src/content/areas/สกลนคร.md","markdown-body","area","tel:0642579353 x2","FIXED","PENDING_BUILD","WAS_MIXED_PRE_FIX","tel:+66642579353 only","CONFIRMED_ACTIVE","normalize_href_e164"
"/พื้นที่ให้บริการ/สุพรรณบุรี","src/content/areas/สุพรรณบุรี.md","markdown-body","area","tel:0642579353 x2","FIXED","PENDING_BUILD","WAS_MIXED_PRE_FIX","tel:+66642579353 only","CONFIRMED_ACTIVE","normalize_href_e164"
"/พื้นที่ให้บริการ/หนองคาย","src/content/areas/หนองคาย.md","markdown-body","area","tel:0642579353 x2","FIXED","PENDING_BUILD","WAS_MIXED_PRE_FIX","tel:+66642579353 only","CONFIRMED_ACTIVE","normalize_href_e164"
"/พื้นที่ให้บริการ/หาดใหญ่","src/content/areas/หาดใหญ่.md","markdown-body","area","tel:0642579353 x2","FIXED","PENDING_BUILD","WAS_MIXED_PRE_FIX","tel:+66642579353 only","CONFIRMED_ACTIVE","normalize_href_e164"
"/พื้นที่ให้บริการ/อุดรธานี","src/content/areas/อุดรธานี.md","markdown-body","area","tel:0642579353 x2","FIXED","PENDING_BUILD","WAS_MIXED_PRE_FIX","tel:+66642579353 only","CONFIRMED_ACTIVE","normalize_href_e164"
"/พื้นที่ให้บริการ/เพชรบุรี","src/content/areas/เพชรบุรี.md","markdown-body","area","tel:0642579353 x2","FIXED","PENDING_BUILD","WAS_MIXED_PRE_FIX","tel:+66642579353 only","CONFIRMED_ACTIVE","normalize_href_e164"
"/blog/การ์ดจอมีผลต่อราคาคอมมือสองแค่ไหน","src/content/blog/การ์ดจอมีผลต่อราคาคอมมือสองแค่ไหน.md","markdown-body","blog","tel:0642579353 x2","FIXED","PENDING_BUILD","WAS_MIXED_PRE_FIX","tel:+66642579353 only","CONFIRMED_ACTIVE","normalize_href_e164"
"/blog/วิธีล้างเครื่อง-macbook-ก่อนขาย","src/content/blog/วิธีล้างเครื่อง-macbook-ก่อนขาย.md","markdown-body","blog","tel:0642579353 x2","FIXED","PENDING_BUILD","WAS_MIXED_PRE_FIX","tel:+66642579353 only","CONFIRMED_ACTIVE","normalize_href_e164"
"/blog/วิธีเช็ก-battery-health-iphone-ก่อนขาย","src/content/blog/วิธีเช็ก-battery-health-iphone-ก่อนขาย.md","markdown-body","blog","tel:0642579353 x2","FIXED","PENDING_BUILD","WAS_MIXED_PRE_FIX","tel:+66642579353 only","CONFIRMED_ACTIVE","normalize_href_e164"
"/blog/วิธีเช็กรุ่น-ipad-ว่าเป็น-gen-ไหน","src/content/blog/วิธีเช็กรุ่น-ipad-ว่าเป็น-gen-ไหน.md","markdown-body","blog","tel:0642579353 x1","FIXED","PENDING_BUILD","WAS_MIXED_PRE_FIX","tel:+66642579353 only","CONFIRMED_ACTIVE","normalize_href_e164"
"/blog/วิธีเช็กสเปกคอมก่อนขาย","src/content/blog/วิธีเช็กสเปกคอมก่อนขาย.md","markdown-body","blog","tel:0642579353 x2","FIXED","PENDING_BUILD","WAS_MIXED_PRE_FIX","tel:+66642579353 only","CONFIRMED_ACTIVE","normalize_href_e164"
"/รับซื้อ/รับซื้อ-airpods-กาฬสินธุ์","src/content/serviceAreas/รับซื้อ-airpods-กาฬสินธุ์.md","markdown-body","serviceArea","tel:0642579353 x1","FIXED","PENDING_BUILD","WAS_MIXED_PRE_FIX","tel:+66642579353 only","CONFIRMED_ACTIVE","normalize_href_e164"
"/รับซื้อ/รับซื้อ-airpods-ขอนแก่น","src/content/serviceAreas/รับซื้อ-airpods-ขอนแก่น.md","markdown-body","serviceArea","tel:0642579353 x1","FIXED","PENDING_BUILD","WAS_MIXED_PRE_FIX","tel:+66642579353 only","CONFIRMED_ACTIVE","normalize_href_e164"
"/รับซื้อ/รับซื้อ-airpods-ชัยภูมิ","src/content/serviceAreas/รับซื้อ-airpods-ชัยภูมิ.md","markdown-body","serviceArea","tel:0642579353 x1","FIXED","PENDING_BUILD","WAS_MIXED_PRE_FIX","tel:+66642579353 only","CONFIRMED_ACTIVE","normalize_href_e164"
"/รับซื้อ/รับซื้อ-airpods-นครพนม","src/content/serviceAreas/รับซื้อ-airpods-นครพนม.md","markdown-body","serviceArea","tel:0642579353 x1","FIXED","PENDING_BUILD","WAS_MIXED_PRE_FIX","tel:+66642579353 only","CONFIRMED_ACTIVE","normalize_href_e164"
"/รับซื้อ/รับซื้อ-airpods-นครราชสีมา","src/content/serviceAreas/รับซื้อ-airpods-นครราชสีมา.md","markdown-body","serviceArea","tel:0642579353 x1","FIXED","PENDING_BUILD","WAS_MIXED_PRE_FIX","tel:+66642579353 only","CONFIRMED_ACTIVE","normalize_href_e164"
"/รับซื้อ/รับซื้อ-airpods-บึงกาฬ","src/content/serviceAreas/รับซื้อ-airpods-บึงกาฬ.md","markdown-body","serviceArea","tel:0642579353 x1","FIXED","PENDING_BUILD","WAS_MIXED_PRE_FIX","tel:+66642579353 only","CONFIRMED_ACTIVE","normalize_href_e164"
"/รับซื้อ/รับซื้อ-airpods-บุรีรัมย์","src/content/serviceAreas/รับซื้อ-airpods-บุรีรัมย์.md","markdown-body","serviceArea","tel:0642579353 x1","FIXED","PENDING_BUILD","WAS_MIXED_PRE_FIX","tel:+66642579353 only","CONFIRMED_ACTIVE","normalize_href_e164"
"/รับซื้อ/รับซื้อ-airpods-มหาสารคาม","src/content/serviceAreas/รับซื้อ-airpods-มหาสารคาม.md","markdown-body","serviceArea","tel:0642579353 x1","FIXED","PENDING_BUILD","WAS_MIXED_PRE_FIX","tel:+66642579353 only","CONFIRMED_ACTIVE","normalize_href_e164"
"/รับซื้อ/รับซื้อ-airpods-มุกดาหาร","src/content/serviceAreas/รับซื้อ-airpods-มุกดาหาร.md","markdown-body","serviceArea","tel:0642579353 x1","FIXED","PENDING_BUILD","WAS_MIXED_PRE_FIX","tel:+66642579353 only","CONFIRMED_ACTIVE","normalize_href_e164"
"/รับซื้อ/รับซื้อ-airpods-ยโสธร","src/content/serviceAreas/รับซื้อ-airpods-ยโสธร.md","markdown-body","serviceArea","tel:0642579353 x1","FIXED","PENDING_BUILD","WAS_MIXED_PRE_FIX","tel:+66642579353 only","CONFIRMED_ACTIVE","normalize_href_e164"
"/รับซื้อ/รับซื้อ-airpods-ร้อยเอ็ด","src/content/serviceAreas/รับซื้อ-airpods-ร้อยเอ็ด.md","markdown-body","serviceArea","tel:0642579353 x1","FIXED","PENDING_BUILD","WAS_MIXED_PRE_FIX","tel:+66642579353 only","CONFIRMED_ACTIVE","normalize_href_e164"
"/รับซื้อ/รับซื้อ-airpods-ศรีสะเกษ","src/content/serviceAreas/รับซื้อ-airpods-ศรีสะเกษ.md","markdown-body","serviceArea","tel:0642579353 x1","FIXED","PENDING_BUILD","WAS_MIXED_PRE_FIX","tel:+66642579353 only","CONFIRMED_ACTIVE","normalize_href_e164"
"/รับซื้อ/รับซื้อ-airpods-สกลนคร","src/content/serviceAreas/รับซื้อ-airpods-สกลนคร.md","markdown-body","serviceArea","tel:0642579353 x1","FIXED","PENDING_BUILD","WAS_MIXED_PRE_FIX","tel:+66642579353 only","CONFIRMED_ACTIVE","normalize_href_e164"
"/รับซื้อ/รับซื้อ-airpods-สุรินทร์","src/content/serviceAreas/รับซื้อ-airpods-สุรินทร์.md","markdown-body","serviceArea","tel:0642579353 x1","FIXED","PENDING_BUILD","WAS_MIXED_PRE_FIX","tel:+66642579353 only","CONFIRMED_ACTIVE","normalize_href_e164"
"/รับซื้อ/รับซื้อ-airpods-หนองคาย","src/content/serviceAreas/รับซื้อ-airpods-หนองคาย.md","markdown-body","serviceArea","tel:0642579353 x1","FIXED","PENDING_BUILD","WAS_MIXED_PRE_FIX","tel:+66642579353 only","CONFIRMED_ACTIVE","normalize_href_e164"
"/รับซื้อ/รับซื้อ-airpods-หนองบัวลำภู","src/content/serviceAreas/รับซื้อ-airpods-หนองบัวลำภู.md","markdown-body","serviceArea","tel:0642579353 x1","FIXED","PENDING_BUILD","WAS_MIXED_PRE_FIX","tel:+66642579353 only","CONFIRMED_ACTIVE","normalize_href_e164"
"/รับซื้อ/รับซื้อ-airpods-อำนาจเจริญ","src/content/serviceAreas/รับซื้อ-airpods-อำนาจเจริญ.md","markdown-body","serviceArea","tel:0642579353 x1","FIXED","PENDING_BUILD","WAS_MIXED_PRE_FIX","tel:+66642579353 only","CONFIRMED_ACTIVE","normalize_href_e164"
"/รับซื้อ/รับซื้อ-airpods-อุดรธานี","src/content/serviceAreas/รับซื้อ-airpods-อุดรธานี.md","markdown-body","serviceArea","tel:0642579353 x1","FIXED","PENDING_BUILD","WAS_MIXED_PRE_FIX","tel:+66642579353 only","CONFIRMED_ACTIVE","normalize_href_e164"
"/รับซื้อ/รับซื้อ-airpods-อุบลราชธานี","src/content/serviceAreas/รับซื้อ-airpods-อุบลราชธานี.md","markdown-body","serviceArea","tel:0642579353 x1","FIXED","PENDING_BUILD","WAS_MIXED_PRE_FIX","tel:+66642579353 only","CONFIRMED_ACTIVE","normalize_href_e164"
"/รับซื้อ/รับซื้อ-airpods-เลย","src/content/serviceAreas/รับซื้อ-airpods-เลย.md","markdown-body","serviceArea","tel:0642579353 x1","FIXED","PENDING_BUILD","WAS_MIXED_PRE_FIX","tel:+66642579353 only","CONFIRMED_ACTIVE","normalize_href_e164"
"/รับซื้อ/รับซื้อ-apple-watch-กาฬสินธุ์","src/content/serviceAreas/รับซื้อ-apple-watch-กาฬสินธุ์.md","markdown-body","serviceArea","tel:0642579353 x1","FIXED","PENDING_BUILD","WAS_MIXED_PRE_FIX","tel:+66642579353 only","CONFIRMED_ACTIVE","normalize_href_e164"
"/รับซื้อ/รับซื้อ-apple-watch-ขอนแก่น","src/content/serviceAreas/รับซื้อ-apple-watch-ขอนแก่น.md","markdown-body","serviceArea","tel:0642579353 x1","FIXED","PENDING_BUILD","WAS_MIXED_PRE_FIX","tel:+66642579353 only","CONFIRMED_ACTIVE","normalize_href_e164"
"/รับซื้อ/รับซื้อ-apple-watch-ชัยภูมิ","src/content/serviceAreas/รับซื้อ-apple-watch-ชัยภูมิ.md","markdown-body","serviceArea","tel:0642579353 x1","FIXED","PENDING_BUILD","WAS_MIXED_PRE_FIX","tel:+66642579353 only","CONFIRMED_ACTIVE","normalize_href_e164"
"/รับซื้อ/รับซื้อ-apple-watch-นครพนม","src/content/serviceAreas/รับซื้อ-apple-watch-นครพนม.md","markdown-body","serviceArea","tel:0642579353 x1","FIXED","PENDING_BUILD","WAS_MIXED_PRE_FIX","tel:+66642579353 only","CONFIRMED_ACTIVE","normalize_href_e164"
"/รับซื้อ/รับซื้อ-apple-watch-นครราชสีมา","src/content/serviceAreas/รับซื้อ-apple-watch-นครราชสีมา.md","markdown-body","serviceArea","tel:0642579353 x1","FIXED","PENDING_BUILD","WAS_MIXED_PRE_FIX","tel:+66642579353 only","CONFIRMED_ACTIVE","normalize_href_e164"
"/รับซื้อ/รับซื้อ-apple-watch-บึงกาฬ","src/content/serviceAreas/รับซื้อ-apple-watch-บึงกาฬ.md","markdown-body","serviceArea","tel:0642579353 x1","FIXED","PENDING_BUILD","WAS_MIXED_PRE_FIX","tel:+66642579353 only","CONFIRMED_ACTIVE","normalize_href_e164"
"/รับซื้อ/รับซื้อ-apple-watch-บุรีรัมย์","src/content/serviceAreas/รับซื้อ-apple-watch-บุรีรัมย์.md","markdown-body","serviceArea","tel:0642579353 x1","FIXED","PENDING_BUILD","WAS_MIXED_PRE_FIX","tel:+66642579353 only","CONFIRMED_ACTIVE","normalize_href_e164"
"/รับซื้อ/รับซื้อ-apple-watch-มหาสารคาม","src/content/serviceAreas/รับซื้อ-apple-watch-มหาสารคาม.md","markdown-body","serviceArea","tel:0642579353 x1","FIXED","PENDING_BUILD","WAS_MIXED_PRE_FIX","tel:+66642579353 only","CONFIRMED_ACTIVE","normalize_href_e164"
"/รับซื้อ/รับซื้อ-apple-watch-มุกดาหาร","src/content/serviceAreas/รับซื้อ-apple-watch-มุกดาหาร.md","markdown-body","serviceArea","tel:0642579353 x1","FIXED","PENDING_BUILD","WAS_MIXED_PRE_FIX","tel:+66642579353 only","CONFIRMED_ACTIVE","normalize_href_e164"
"/รับซื้อ/รับซื้อ-apple-watch-ยโสธร","src/content/serviceAreas/รับซื้อ-apple-watch-ยโสธร.md","markdown-body","serviceArea","tel:0642579353 x1","FIXED","PENDING_BUILD","WAS_MIXED_PRE_FIX","tel:+66642579353 only","CONFIRMED_ACTIVE","normalize_href_e164"
"/รับซื้อ/รับซื้อ-apple-watch-ร้อยเอ็ด","src/content/serviceAreas/รับซื้อ-apple-watch-ร้อยเอ็ด.md","markdown-body","serviceArea","tel:0642579353 x1","FIXED","PENDING_BUILD","WAS_MIXED_PRE_FIX","tel:+66642579353 only","CONFIRMED_ACTIVE","normalize_href_e164"
"/รับซื้อ/รับซื้อ-apple-watch-ศรีสะเกษ","src/content/serviceAreas/รับซื้อ-apple-watch-ศรีสะเกษ.md","markdown-body","serviceArea","tel:0642579353 x1","FIXED","PENDING_BUILD","WAS_MIXED_PRE_FIX","tel:+66642579353 only","CONFIRMED_ACTIVE","normalize_href_e164"
"/รับซื้อ/รับซื้อ-apple-watch-สกลนคร","src/content/serviceAreas/รับซื้อ-apple-watch-สกลนคร.md","markdown-body","serviceArea","tel:0642579353 x1","FIXED","PENDING_BUILD","WAS_MIXED_PRE_FIX","tel:+66642579353 only","CONFIRMED_ACTIVE","normalize_href_e164"
"/รับซื้อ/รับซื้อ-apple-watch-สุรินทร์","src/content/serviceAreas/รับซื้อ-apple-watch-สุรินทร์.md","markdown-body","serviceArea","tel:0642579353 x1","FIXED","PENDING_BUILD","WAS_MIXED_PRE_FIX","tel:+66642579353 only","CONFIRMED_ACTIVE","normalize_href_e164"
"/รับซื้อ/รับซื้อ-apple-watch-หนองคาย","src/content/serviceAreas/รับซื้อ-apple-watch-หนองคาย.md","markdown-body","serviceArea","tel:0642579353 x1","FIXED","PENDING_BUILD","WAS_MIXED_PRE_FIX","tel:+66642579353 only","CONFIRMED_ACTIVE","normalize_href_e164"
"/รับซื้อ/รับซื้อ-apple-watch-หนองบัวลำภู","src/content/serviceAreas/รับซื้อ-apple-watch-หนองบัวลำภู.md","markdown-body","serviceArea","tel:0642579353 x1","FIXED","PENDING_BUILD","WAS_MIXED_PRE_FIX","tel:+66642579353 only","CONFIRMED_ACTIVE","normalize_href_e164"
"/รับซื้อ/รับซื้อ-apple-watch-อำนาจเจริญ","src/content/serviceAreas/รับซื้อ-apple-watch-อำนาจเจริญ.md","markdown-body","serviceArea","tel:0642579353 x1","FIXED","PENDING_BUILD","WAS_MIXED_PRE_FIX","tel:+66642579353 only","CONFIRMED_ACTIVE","normalize_href_e164"
"/รับซื้อ/รับซื้อ-apple-watch-อุดรธานี","src/content/serviceAreas/รับซื้อ-apple-watch-อุดรธานี.md","markdown-body","serviceArea","tel:0642579353 x1","FIXED","PENDING_BUILD","WAS_MIXED_PRE_FIX","tel:+66642579353 only","CONFIRMED_ACTIVE","normalize_href_e164"
"/รับซื้อ/รับซื้อ-apple-watch-อุบลราชธานี","src/content/serviceAreas/รับซื้อ-apple-watch-อุบลราชธานี.md","markdown-body","serviceArea","tel:0642579353 x1","FIXED","PENDING_BUILD","WAS_MIXED_PRE_FIX","tel:+66642579353 only","CONFIRMED_ACTIVE","normalize_href_e164"
"/รับซื้อ/รับซื้อ-apple-watch-เลย","src/content/serviceAreas/รับซื้อ-apple-watch-เลย.md","markdown-body","serviceArea","tel:0642579353 x1","FIXED","PENDING_BUILD","WAS_MIXED_PRE_FIX","tel:+66642579353 only","CONFIRMED_ACTIVE","normalize_href_e164"
"/รับซื้อ/รับซื้อ-apple-กาฬสินธุ์","src/content/serviceAreas/รับซื้อ-apple-กาฬสินธุ์.md","markdown-body","serviceArea","tel:0642579353 x1","FIXED","PENDING_BUILD","WAS_MIXED_PRE_FIX","tel:+66642579353 only","CONFIRMED_ACTIVE","normalize_href_e164"
"/รับซื้อ/รับซื้อ-apple-ขอนแก่น","src/content/serviceAreas/รับซื้อ-apple-ขอนแก่น.md","markdown-body","serviceArea","tel:0642579353 x1","FIXED","PENDING_BUILD","WAS_MIXED_PRE_FIX","tel:+66642579353 only","CONFIRMED_ACTIVE","normalize_href_e164"
"/รับซื้อ/รับซื้อ-apple-ชัยภูมิ","src/content/serviceAreas/รับซื้อ-apple-ชัยภูมิ.md","markdown-body","serviceArea","tel:0642579353 x1","FIXED","PENDING_BUILD","WAS_MIXED_PRE_FIX","tel:+66642579353 only","CONFIRMED_ACTIVE","normalize_href_e164"
"/รับซื้อ/รับซื้อ-apple-นครพนม","src/content/serviceAreas/รับซื้อ-apple-นครพนม.md","markdown-body","serviceArea","tel:0642579353 x1","FIXED","PENDING_BUILD","WAS_MIXED_PRE_FIX","tel:+66642579353 only","CONFIRMED_ACTIVE","normalize_href_e164"
"/รับซื้อ/รับซื้อ-apple-นครราชสีมา","src/content/serviceAreas/รับซื้อ-apple-นครราชสีมา.md","markdown-body","serviceArea","tel:0642579353 x1","FIXED","PENDING_BUILD","WAS_MIXED_PRE_FIX","tel:+66642579353 only","CONFIRMED_ACTIVE","normalize_href_e164"
"/รับซื้อ/รับซื้อ-apple-บึงกาฬ","src/content/serviceAreas/รับซื้อ-apple-บึงกาฬ.md","markdown-body","serviceArea","tel:0642579353 x1","FIXED","PENDING_BUILD","WAS_MIXED_PRE_FIX","tel:+66642579353 only","CONFIRMED_ACTIVE","normalize_href_e164"
"/รับซื้อ/รับซื้อ-apple-บุรีรัมย์","src/content/serviceAreas/รับซื้อ-apple-บุรีรัมย์.md","markdown-body","serviceArea","tel:0642579353 x1","FIXED","PENDING_BUILD","WAS_MIXED_PRE_FIX","tel:+66642579353 only","CONFIRMED_ACTIVE","normalize_href_e164"
"/รับซื้อ/รับซื้อ-apple-มหาสารคาม","src/content/serviceAreas/รับซื้อ-apple-มหาสารคาม.md","markdown-body","serviceArea","tel:0642579353 x1","FIXED","PENDING_BUILD","WAS_MIXED_PRE_FIX","tel:+66642579353 only","CONFIRMED_ACTIVE","normalize_href_e164"
"/รับซื้อ/รับซื้อ-apple-มุกดาหาร","src/content/serviceAreas/รับซื้อ-apple-มุกดาหาร.md","markdown-body","serviceArea","tel:0642579353 x1","FIXED","PENDING_BUILD","WAS_MIXED_PRE_FIX","tel:+66642579353 only","CONFIRMED_ACTIVE","normalize_href_e164"
"/รับซื้อ/รับซื้อ-apple-ยโสธร","src/content/serviceAreas/รับซื้อ-apple-ยโสธร.md","markdown-body","serviceArea","tel:0642579353 x1","FIXED","PENDING_BUILD","WAS_MIXED_PRE_FIX","tel:+66642579353 only","CONFIRMED_ACTIVE","normalize_href_e164"
"/รับซื้อ/รับซื้อ-apple-ร้อยเอ็ด","src/content/serviceAreas/รับซื้อ-apple-ร้อยเอ็ด.md","markdown-body","serviceArea","tel:0642579353 x1","FIXED","PENDING_BUILD","WAS_MIXED_PRE_FIX","tel:+66642579353 only","CONFIRMED_ACTIVE","normalize_href_e164"
"/รับซื้อ/รับซื้อ-apple-ศรีสะเกษ","src/content/serviceAreas/รับซื้อ-apple-ศรีสะเกษ.md","markdown-body","serviceArea","tel:0642579353 x1","FIXED","PENDING_BUILD","WAS_MIXED_PRE_FIX","tel:+66642579353 only","CONFIRMED_ACTIVE","normalize_href_e164"
"/รับซื้อ/รับซื้อ-apple-สกลนคร","src/content/serviceAreas/รับซื้อ-apple-สกลนคร.md","markdown-body","serviceArea","tel:0642579353 x1","FIXED","PENDING_BUILD","WAS_MIXED_PRE_FIX","tel:+66642579353 only","CONFIRMED_ACTIVE","normalize_href_e164"
"/รับซื้อ/รับซื้อ-apple-สุรินทร์","src/content/serviceAreas/รับซื้อ-apple-สุรินทร์.md","markdown-body","serviceArea","tel:0642579353 x1","FIXED","PENDING_BUILD","WAS_MIXED_PRE_FIX","tel:+66642579353 only","CONFIRMED_ACTIVE","normalize_href_e164"
"/รับซื้อ/รับซื้อ-apple-หนองคาย","src/content/serviceAreas/รับซื้อ-apple-หนองคาย.md","markdown-body","serviceArea","tel:0642579353 x1","FIXED","PENDING_BUILD","WAS_MIXED_PRE_FIX","tel:+66642579353 only","CONFIRMED_ACTIVE","normalize_href_e164"
"/รับซื้อ/รับซื้อ-apple-หนองบัวลำภู","src/content/serviceAreas/รับซื้อ-apple-หนองบัวลำภู.md","markdown-body","serviceArea","tel:0642579353 x1","FIXED","PENDING_BUILD","WAS_MIXED_PRE_FIX","tel:+66642579353 only","CONFIRMED_ACTIVE","normalize_href_e164"
"/รับซื้อ/รับซื้อ-apple-อำนาจเจริญ","src/content/serviceAreas/รับซื้อ-apple-อำนาจเจริญ.md","markdown-body","serviceArea","tel:0642579353 x1","FIXED","PENDING_BUILD","WAS_MIXED_PRE_FIX","tel:+66642579353 only","CONFIRMED_ACTIVE","normalize_href_e164"
"/รับซื้อ/รับซื้อ-apple-อุดรธานี","src/content/serviceAreas/รับซื้อ-apple-อุดรธานี.md","markdown-body","serviceArea","tel:0642579353 x1","FIXED","PENDING_BUILD","WAS_MIXED_PRE_FIX","tel:+66642579353 only","CONFIRMED_ACTIVE","normalize_href_e164"
"/รับซื้อ/รับซื้อ-apple-อุบลราชธานี","src/content/serviceAreas/รับซื้อ-apple-อุบลราชธานี.md","markdown-body","serviceArea","tel:0642579353 x1","FIXED","PENDING_BUILD","WAS_MIXED_PRE_FIX","tel:+66642579353 only","CONFIRMED_ACTIVE","normalize_href_e164"
"/รับซื้อ/รับซื้อ-apple-เลย","src/content/serviceAreas/รับซื้อ-apple-เลย.md","markdown-body","serviceArea","tel:0642579353 x1","FIXED","PENDING_BUILD","WAS_MIXED_PRE_FIX","tel:+66642579353 only","CONFIRMED_ACTIVE","normalize_href_e164"
"/รับซื้อ/รับซื้อ-gopro-กาฬสินธุ์","src/content/serviceAreas/รับซื้อ-gopro-กาฬสินธุ์.md","markdown-body","serviceArea","tel:0642579353 x1","FIXED","PENDING_BUILD","WAS_MIXED_PRE_FIX","tel:+66642579353 only","CONFIRMED_ACTIVE","normalize_href_e164"
"/รับซื้อ/รับซื้อ-gopro-ขอนแก่น","src/content/serviceAreas/รับซื้อ-gopro-ขอนแก่น.md","markdown-body","serviceArea","tel:0642579353 x1","FIXED","PENDING_BUILD","WAS_MIXED_PRE_FIX","tel:+66642579353 only","CONFIRMED_ACTIVE","normalize_href_e164"
"/รับซื้อ/รับซื้อ-gopro-ชัยภูมิ","src/content/serviceAreas/รับซื้อ-gopro-ชัยภูมิ.md","markdown-body","serviceArea","tel:0642579353 x1","FIXED","PENDING_BUILD","WAS_MIXED_PRE_FIX","tel:+66642579353 only","CONFIRMED_ACTIVE","normalize_href_e164"
"/รับซื้อ/รับซื้อ-gopro-นครพนม","src/content/serviceAreas/รับซื้อ-gopro-นครพนม.md","markdown-body","serviceArea","tel:0642579353 x1","FIXED","PENDING_BUILD","WAS_MIXED_PRE_FIX","tel:+66642579353 only","CONFIRMED_ACTIVE","normalize_href_e164"
"/รับซื้อ/รับซื้อ-gopro-นครราชสีมา","src/content/serviceAreas/รับซื้อ-gopro-นครราชสีมา.md","markdown-body","serviceArea","tel:0642579353 x1","FIXED","PENDING_BUILD","WAS_MIXED_PRE_FIX","tel:+66642579353 only","CONFIRMED_ACTIVE","normalize_href_e164"
"/รับซื้อ/รับซื้อ-gopro-บึงกาฬ","src/content/serviceAreas/รับซื้อ-gopro-บึงกาฬ.md","markdown-body","serviceArea","tel:0642579353 x1","FIXED","PENDING_BUILD","WAS_MIXED_PRE_FIX","tel:+66642579353 only","CONFIRMED_ACTIVE","normalize_href_e164"
"/รับซื้อ/รับซื้อ-gopro-บุรีรัมย์","src/content/serviceAreas/รับซื้อ-gopro-บุรีรัมย์.md","markdown-body","serviceArea","tel:0642579353 x1","FIXED","PENDING_BUILD","WAS_MIXED_PRE_FIX","tel:+66642579353 only","CONFIRMED_ACTIVE","normalize_href_e164"
"/รับซื้อ/รับซื้อ-gopro-มหาสารคาม","src/content/serviceAreas/รับซื้อ-gopro-มหาสารคาม.md","markdown-body","serviceArea","tel:0642579353 x1","FIXED","PENDING_BUILD","WAS_MIXED_PRE_FIX","tel:+66642579353 only","CONFIRMED_ACTIVE","normalize_href_e164"
"/รับซื้อ/รับซื้อ-gopro-มุกดาหาร","src/content/serviceAreas/รับซื้อ-gopro-มุกดาหาร.md","markdown-body","serviceArea","tel:0642579353 x1","FIXED","PENDING_BUILD","WAS_MIXED_PRE_FIX","tel:+66642579353 only","CONFIRMED_ACTIVE","normalize_href_e164"
"/รับซื้อ/รับซื้อ-gopro-ยโสธร","src/content/serviceAreas/รับซื้อ-gopro-ยโสธร.md","markdown-body","serviceArea","tel:0642579353 x1","FIXED","PENDING_BUILD","WAS_MIXED_PRE_FIX","tel:+66642579353 only","CONFIRMED_ACTIVE","normalize_href_e164"
"/รับซื้อ/รับซื้อ-gopro-ร้อยเอ็ด","src/content/serviceAreas/รับซื้อ-gopro-ร้อยเอ็ด.md","markdown-body","serviceArea","tel:0642579353 x1","FIXED","PENDING_BUILD","WAS_MIXED_PRE_FIX","tel:+66642579353 only","CONFIRMED_ACTIVE","normalize_href_e164"
"/รับซื้อ/รับซื้อ-gopro-ศรีสะเกษ","src/content/serviceAreas/รับซื้อ-gopro-ศรีสะเกษ.md","markdown-body","serviceArea","tel:0642579353 x1","FIXED","PENDING_BUILD","WAS_MIXED_PRE_FIX","tel:+66642579353 only","CONFIRMED_ACTIVE","normalize_href_e164"
"/รับซื้อ/รับซื้อ-gopro-สกลนคร","src/content/serviceAreas/รับซื้อ-gopro-สกลนคร.md","markdown-body","serviceArea","tel:0642579353 x1","FIXED","PENDING_BUILD","WAS_MIXED_PRE_FIX","tel:+66642579353 only","CONFIRMED_ACTIVE","normalize_href_e164"
"/รับซื้อ/รับซื้อ-gopro-สุรินทร์","src/content/serviceAreas/รับซื้อ-gopro-สุรินทร์.md","markdown-body","serviceArea","tel:0642579353 x1","FIXED","PENDING_BUILD","WAS_MIXED_PRE_FIX","tel:+66642579353 only","CONFIRMED_ACTIVE","normalize_href_e164"
"/รับซื้อ/รับซื้อ-gopro-หนองคาย","src/content/serviceAreas/รับซื้อ-gopro-หนองคาย.md","markdown-body","serviceArea","tel:0642579353 x1","FIXED","PENDING_BUILD","WAS_MIXED_PRE_FIX","tel:+66642579353 only","CONFIRMED_ACTIVE","normalize_href_e164"
"/รับซื้อ/รับซื้อ-gopro-หนองบัวลำภู","src/content/serviceAreas/รับซื้อ-gopro-หนองบัวลำภู.md","markdown-body","serviceArea","tel:0642579353 x1","FIXED","PENDING_BUILD","WAS_MIXED_PRE_FIX","tel:+66642579353 only","CONFIRMED_ACTIVE","normalize_href_e164"
"/รับซื้อ/รับซื้อ-gopro-อำนาจเจริญ","src/content/serviceAreas/รับซื้อ-gopro-อำนาจเจริญ.md","markdown-body","serviceArea","tel:0642579353 x1","FIXED","PENDING_BUILD","WAS_MIXED_PRE_FIX","tel:+66642579353 only","CONFIRMED_ACTIVE","normalize_href_e164"
"/รับซื้อ/รับซื้อ-gopro-อุดรธานี","src/content/serviceAreas/รับซื้อ-gopro-อุดรธานี.md","markdown-body","serviceArea","tel:0642579353 x1","FIXED","PENDING_BUILD","WAS_MIXED_PRE_FIX","tel:+66642579353 only","CONFIRMED_ACTIVE","normalize_href_e164"
"/รับซื้อ/รับซื้อ-gopro-อุบลราชธานี","src/content/serviceAreas/รับซื้อ-gopro-อุบลราชธานี.md","markdown-body","serviceArea","tel:0642579353 x1","FIXED","PENDING_BUILD","WAS_MIXED_PRE_FIX","tel:+66642579353 only","CONFIRMED_ACTIVE","normalize_href_e164"
"/รับซื้อ/รับซื้อ-gopro-เลย","src/content/serviceAreas/รับซื้อ-gopro-เลย.md","markdown-body","serviceArea","tel:0642579353 x1","FIXED","PENDING_BUILD","WAS_MIXED_PRE_FIX","tel:+66642579353 only","CONFIRMED_ACTIVE","normalize_href_e164"
"/รับซื้อ/รับซื้อ-hdd-กาฬสินธุ์","src/content/serviceAreas/รับซื้อ-hdd-กาฬสินธุ์.md","markdown-body","serviceArea","tel:0642579353 x1","FIXED","PENDING_BUILD","WAS_MIXED_PRE_FIX","tel:+66642579353 only","CONFIRMED_ACTIVE","normalize_href_e164"
"/รับซื้อ/รับซื้อ-hdd-ขอนแก่น","src/content/serviceAreas/รับซื้อ-hdd-ขอนแก่น.md","markdown-body","serviceArea","tel:0642579353 x1","FIXED","PENDING_BUILD","WAS_MIXED_PRE_FIX","tel:+66642579353 only","CONFIRMED_ACTIVE","normalize_href_e164"
"/รับซื้อ/รับซื้อ-hdd-ชัยภูมิ","src/content/serviceAreas/รับซื้อ-hdd-ชัยภูมิ.md","markdown-body","serviceArea","tel:0642579353 x1","FIXED","PENDING_BUILD","WAS_MIXED_PRE_FIX","tel:+66642579353 only","CONFIRMED_ACTIVE","normalize_href_e164"
"/รับซื้อ/รับซื้อ-hdd-นครพนม","src/content/serviceAreas/รับซื้อ-hdd-นครพนม.md","markdown-body","serviceArea","tel:0642579353 x1","FIXED","PENDING_BUILD","WAS_MIXED_PRE_FIX","tel:+66642579353 only","CONFIRMED_ACTIVE","normalize_href_e164"
"/รับซื้อ/รับซื้อ-hdd-นครราชสีมา","src/content/serviceAreas/รับซื้อ-hdd-นครราชสีมา.md","markdown-body","serviceArea","tel:0642579353 x1","FIXED","PENDING_BUILD","WAS_MIXED_PRE_FIX","tel:+66642579353 only","CONFIRMED_ACTIVE","normalize_href_e164"
"/รับซื้อ/รับซื้อ-hdd-บึงกาฬ","src/content/serviceAreas/รับซื้อ-hdd-บึงกาฬ.md","markdown-body","serviceArea","tel:0642579353 x1","FIXED","PENDING_BUILD","WAS_MIXED_PRE_FIX","tel:+66642579353 only","CONFIRMED_ACTIVE","normalize_href_e164"
"/รับซื้อ/รับซื้อ-hdd-บุรีรัมย์","src/content/serviceAreas/รับซื้อ-hdd-บุรีรัมย์.md","markdown-body","serviceArea","tel:0642579353 x1","FIXED","PENDING_BUILD","WAS_MIXED_PRE_FIX","tel:+66642579353 only","CONFIRMED_ACTIVE","normalize_href_e164"
"/รับซื้อ/รับซื้อ-hdd-มหาสารคาม","src/content/serviceAreas/รับซื้อ-hdd-มหาสารคาม.md","markdown-body","serviceArea","tel:0642579353 x1","FIXED","PENDING_BUILD","WAS_MIXED_PRE_FIX","tel:+66642579353 only","CONFIRMED_ACTIVE","normalize_href_e164"
"/รับซื้อ/รับซื้อ-hdd-มุกดาหาร","src/content/serviceAreas/รับซื้อ-hdd-มุกดาหาร.md","markdown-body","serviceArea","tel:0642579353 x1","FIXED","PENDING_BUILD","WAS_MIXED_PRE_FIX","tel:+66642579353 only","CONFIRMED_ACTIVE","normalize_href_e164"
"/รับซื้อ/รับซื้อ-hdd-ยโสธร","src/content/serviceAreas/รับซื้อ-hdd-ยโสธร.md","markdown-body","serviceArea","tel:0642579353 x1","FIXED","PENDING_BUILD","WAS_MIXED_PRE_FIX","tel:+66642579353 only","CONFIRMED_ACTIVE","normalize_href_e164"
"/รับซื้อ/รับซื้อ-hdd-ร้อยเอ็ด","src/content/serviceAreas/รับซื้อ-hdd-ร้อยเอ็ด.md","markdown-body","serviceArea","tel:0642579353 x1","FIXED","PENDING_BUILD","WAS_MIXED_PRE_FIX","tel:+66642579353 only","CONFIRMED_ACTIVE","normalize_href_e164"
"/รับซื้อ/รับซื้อ-hdd-ศรีสะเกษ","src/content/serviceAreas/รับซื้อ-hdd-ศรีสะเกษ.md","markdown-body","serviceArea","tel:0642579353 x1","FIXED","PENDING_BUILD","WAS_MIXED_PRE_FIX","tel:+66642579353 only","CONFIRMED_ACTIVE","normalize_href_e164"
"/รับซื้อ/รับซื้อ-hdd-สกลนคร","src/content/serviceAreas/รับซื้อ-hdd-สกลนคร.md","markdown-body","serviceArea","tel:0642579353 x1","FIXED","PENDING_BUILD","WAS_MIXED_PRE_FIX","tel:+66642579353 only","CONFIRMED_ACTIVE","normalize_href_e164"
"/รับซื้อ/รับซื้อ-hdd-สุรินทร์","src/content/serviceAreas/รับซื้อ-hdd-สุรินทร์.md","markdown-body","serviceArea","tel:0642579353 x1","FIXED","PENDING_BUILD","WAS_MIXED_PRE_FIX","tel:+66642579353 only","CONFIRMED_ACTIVE","normalize_href_e164"
"/รับซื้อ/รับซื้อ-hdd-หนองคาย","src/content/serviceAreas/รับซื้อ-hdd-หนองคาย.md","markdown-body","serviceArea","tel:0642579353 x1","FIXED","PENDING_BUILD","WAS_MIXED_PRE_FIX","tel:+66642579353 only","CONFIRMED_ACTIVE","normalize_href_e164"
"/รับซื้อ/รับซื้อ-hdd-หนองบัวลำภู","src/content/serviceAreas/รับซื้อ-hdd-หนองบัวลำภู.md","markdown-body","serviceArea","tel:0642579353 x1","FIXED","PENDING_BUILD","WAS_MIXED_PRE_FIX","tel:+66642579353 only","CONFIRMED_ACTIVE","normalize_href_e164"
"/รับซื้อ/รับซื้อ-hdd-อำนาจเจริญ","src/content/serviceAreas/รับซื้อ-hdd-อำนาจเจริญ.md","markdown-body","serviceArea","tel:0642579353 x1","FIXED","PENDING_BUILD","WAS_MIXED_PRE_FIX","tel:+66642579353 only","CONFIRMED_ACTIVE","normalize_href_e164"
"/รับซื้อ/รับซื้อ-hdd-อุดรธานี","src/content/serviceAreas/รับซื้อ-hdd-อุดรธานี.md","markdown-body","serviceArea","tel:0642579353 x1","FIXED","PENDING_BUILD","WAS_MIXED_PRE_FIX","tel:+66642579353 only","CONFIRMED_ACTIVE","normalize_href_e164"
"/รับซื้อ/รับซื้อ-hdd-อุบลราชธานี","src/content/serviceAreas/รับซื้อ-hdd-อุบลราชธานี.md","markdown-body","serviceArea","tel:0642579353 x1","FIXED","PENDING_BUILD","WAS_MIXED_PRE_FIX","tel:+66642579353 only","CONFIRMED_ACTIVE","normalize_href_e164"
"/รับซื้อ/รับซื้อ-hdd-เลย","src/content/serviceAreas/รับซื้อ-hdd-เลย.md","markdown-body","serviceArea","tel:0642579353 x1","FIXED","PENDING_BUILD","WAS_MIXED_PRE_FIX","tel:+66642579353 only","CONFIRMED_ACTIVE","normalize_href_e164"
"/รับซื้อ/รับซื้อ-imac-กาฬสินธุ์","src/content/serviceAreas/รับซื้อ-imac-กาฬสินธุ์.md","markdown-body","serviceArea","tel:0642579353 x1","FIXED","PENDING_BUILD","WAS_MIXED_PRE_FIX","tel:+66642579353 only","CONFIRMED_ACTIVE","normalize_href_e164"
"/รับซื้อ/รับซื้อ-imac-ขอนแก่น","src/content/serviceAreas/รับซื้อ-imac-ขอนแก่น.md","markdown-body","serviceArea","tel:0642579353 x1","FIXED","PENDING_BUILD","WAS_MIXED_PRE_FIX","tel:+66642579353 only","CONFIRMED_ACTIVE","normalize_href_e164"
"/รับซื้อ/รับซื้อ-imac-ชัยภูมิ","src/content/serviceAreas/รับซื้อ-imac-ชัยภูมิ.md","markdown-body","serviceArea","tel:0642579353 x1","FIXED","PENDING_BUILD","WAS_MIXED_PRE_FIX","tel:+66642579353 only","CONFIRMED_ACTIVE","normalize_href_e164"
"/รับซื้อ/รับซื้อ-imac-นครพนม","src/content/serviceAreas/รับซื้อ-imac-นครพนม.md","markdown-body","serviceArea","tel:0642579353 x1","FIXED","PENDING_BUILD","WAS_MIXED_PRE_FIX","tel:+66642579353 only","CONFIRMED_ACTIVE","normalize_href_e164"
"/รับซื้อ/รับซื้อ-imac-นครราชสีมา","src/content/serviceAreas/รับซื้อ-imac-นครราชสีมา.md","markdown-body","serviceArea","tel:0642579353 x1","FIXED","PENDING_BUILD","WAS_MIXED_PRE_FIX","tel:+66642579353 only","CONFIRMED_ACTIVE","normalize_href_e164"
"/รับซื้อ/รับซื้อ-imac-บึงกาฬ","src/content/serviceAreas/รับซื้อ-imac-บึงกาฬ.md","markdown-body","serviceArea","tel:0642579353 x1","FIXED","PENDING_BUILD","WAS_MIXED_PRE_FIX","tel:+66642579353 only","CONFIRMED_ACTIVE","normalize_href_e164"
"/รับซื้อ/รับซื้อ-imac-บุรีรัมย์","src/content/serviceAreas/รับซื้อ-imac-บุรีรัมย์.md","markdown-body","serviceArea","tel:0642579353 x1","FIXED","PENDING_BUILD","WAS_MIXED_PRE_FIX","tel:+66642579353 only","CONFIRMED_ACTIVE","normalize_href_e164"
"/รับซื้อ/รับซื้อ-imac-มหาสารคาม","src/content/serviceAreas/รับซื้อ-imac-มหาสารคาม.md","markdown-body","serviceArea","tel:0642579353 x1","FIXED","PENDING_BUILD","WAS_MIXED_PRE_FIX","tel:+66642579353 only","CONFIRMED_ACTIVE","normalize_href_e164"
"/รับซื้อ/รับซื้อ-imac-มุกดาหาร","src/content/serviceAreas/รับซื้อ-imac-มุกดาหาร.md","markdown-body","serviceArea","tel:0642579353 x1","FIXED","PENDING_BUILD","WAS_MIXED_PRE_FIX","tel:+66642579353 only","CONFIRMED_ACTIVE","normalize_href_e164"
"/รับซื้อ/รับซื้อ-imac-ยโสธร","src/content/serviceAreas/รับซื้อ-imac-ยโสธร.md","markdown-body","serviceArea","tel:0642579353 x1","FIXED","PENDING_BUILD","WAS_MIXED_PRE_FIX","tel:+66642579353 only","CONFIRMED_ACTIVE","normalize_href_e164"
"/รับซื้อ/รับซื้อ-imac-ร้อยเอ็ด","src/content/serviceAreas/รับซื้อ-imac-ร้อยเอ็ด.md","markdown-body","serviceArea","tel:0642579353 x1","FIXED","PENDING_BUILD","WAS_MIXED_PRE_FIX","tel:+66642579353 only","CONFIRMED_ACTIVE","normalize_href_e164"
"/รับซื้อ/รับซื้อ-imac-ศรีสะเกษ","src/content/serviceAreas/รับซื้อ-imac-ศรีสะเกษ.md","markdown-body","serviceArea","tel:0642579353 x1","FIXED","PENDING_BUILD","WAS_MIXED_PRE_FIX","tel:+66642579353 only","CONFIRMED_ACTIVE","normalize_href_e164"
"/รับซื้อ/รับซื้อ-imac-สกลนคร","src/content/serviceAreas/รับซื้อ-imac-สกลนคร.md","markdown-body","serviceArea","tel:0642579353 x1","FIXED","PENDING_BUILD","WAS_MIXED_PRE_FIX","tel:+66642579353 only","CONFIRMED_ACTIVE","normalize_href_e164"
"/รับซื้อ/รับซื้อ-imac-สุรินทร์","src/content/serviceAreas/รับซื้อ-imac-สุรินทร์.md","markdown-body","serviceArea","tel:0642579353 x1","FIXED","PENDING_BUILD","WAS_MIXED_PRE_FIX","tel:+66642579353 only","CONFIRMED_ACTIVE","normalize_href_e164"
"/รับซื้อ/รับซื้อ-imac-หนองคาย","src/content/serviceAreas/รับซื้อ-imac-หนองคาย.md","markdown-body","serviceArea","tel:0642579353 x1","FIXED","PENDING_BUILD","WAS_MIXED_PRE_FIX","tel:+66642579353 only","CONFIRMED_ACTIVE","normalize_href_e164"
"/รับซื้อ/รับซื้อ-imac-หนองบัวลำภู","src/content/serviceAreas/รับซื้อ-imac-หนองบัวลำภู.md","markdown-body","serviceArea","tel:0642579353 x1","FIXED","PENDING_BUILD","WAS_MIXED_PRE_FIX","tel:+66642579353 only","CONFIRMED_ACTIVE","normalize_href_e164"
"/รับซื้อ/รับซื้อ-imac-อำนาจเจริญ","src/content/serviceAreas/รับซื้อ-imac-อำนาจเจริญ.md","markdown-body","serviceArea","tel:0642579353 x1","FIXED","PENDING_BUILD","WAS_MIXED_PRE_FIX","tel:+66642579353 only","CONFIRMED_ACTIVE","normalize_href_e164"
"/รับซื้อ/รับซื้อ-imac-อุดรธานี","src/content/serviceAreas/รับซื้อ-imac-อุดรธานี.md","markdown-body","serviceArea","tel:0642579353 x1","FIXED","PENDING_BUILD","WAS_MIXED_PRE_FIX","tel:+66642579353 only","CONFIRMED_ACTIVE","normalize_href_e164"
"/รับซื้อ/รับซื้อ-imac-อุบลราชธานี","src/content/serviceAreas/รับซื้อ-imac-อุบลราชธานี.md","markdown-body","serviceArea","tel:0642579353 x1","FIXED","PENDING_BUILD","WAS_MIXED_PRE_FIX","tel:+66642579353 only","CONFIRMED_ACTIVE","normalize_href_e164"
"/รับซื้อ/รับซื้อ-imac-เลย","src/content/serviceAreas/รับซื้อ-imac-เลย.md","markdown-body","serviceArea","tel:0642579353 x1","FIXED","PENDING_BUILD","WAS_MIXED_PRE_FIX","tel:+66642579353 only","CONFIRMED_ACTIVE","normalize_href_e164"
"/รับซื้อ/รับซื้อ-ipad-กาฬสินธุ์","src/content/serviceAreas/รับซื้อ-ipad-กาฬสินธุ์.md","markdown-body","serviceArea","tel:0642579353 x1","FIXED","PENDING_BUILD","WAS_MIXED_PRE_FIX","tel:+66642579353 only","CONFIRMED_ACTIVE","normalize_href_e164"
"/รับซื้อ/รับซื้อ-ipad-ขอนแก่น","src/content/serviceAreas/รับซื้อ-ipad-ขอนแก่น.md","markdown-body","serviceArea","tel:0642579353 x1","FIXED","PENDING_BUILD","WAS_MIXED_PRE_FIX","tel:+66642579353 only","CONFIRMED_ACTIVE","normalize_href_e164"
"/รับซื้อ/รับซื้อ-ipad-ชัยภูมิ","src/content/serviceAreas/รับซื้อ-ipad-ชัยภูมิ.md","markdown-body","serviceArea","tel:0642579353 x1","FIXED","PENDING_BUILD","WAS_MIXED_PRE_FIX","tel:+66642579353 only","CONFIRMED_ACTIVE","normalize_href_e164"
"/รับซื้อ/รับซื้อ-ipad-นครพนม","src/content/serviceAreas/รับซื้อ-ipad-นครพนม.md","markdown-body","serviceArea","tel:0642579353 x1","FIXED","PENDING_BUILD","WAS_MIXED_PRE_FIX","tel:+66642579353 only","CONFIRMED_ACTIVE","normalize_href_e164"
"/รับซื้อ/รับซื้อ-ipad-นครราชสีมา","src/content/serviceAreas/รับซื้อ-ipad-นครราชสีมา.md","markdown-body","serviceArea","tel:0642579353 x1","FIXED","PENDING_BUILD","WAS_MIXED_PRE_FIX","tel:+66642579353 only","CONFIRMED_ACTIVE","normalize_href_e164"
"/รับซื้อ/รับซื้อ-ipad-บึงกาฬ","src/content/serviceAreas/รับซื้อ-ipad-บึงกาฬ.md","markdown-body","serviceArea","tel:0642579353 x1","FIXED","PENDING_BUILD","WAS_MIXED_PRE_FIX","tel:+66642579353 only","CONFIRMED_ACTIVE","normalize_href_e164"
"/รับซื้อ/รับซื้อ-ipad-บุรีรัมย์","src/content/serviceAreas/รับซื้อ-ipad-บุรีรัมย์.md","markdown-body","serviceArea","tel:0642579353 x1","FIXED","PENDING_BUILD","WAS_MIXED_PRE_FIX","tel:+66642579353 only","CONFIRMED_ACTIVE","normalize_href_e164"
"/รับซื้อ/รับซื้อ-ipad-มหาสารคาม","src/content/serviceAreas/รับซื้อ-ipad-มหาสารคาม.md","markdown-body","serviceArea","tel:0642579353 x1","FIXED","PENDING_BUILD","WAS_MIXED_PRE_FIX","tel:+66642579353 only","CONFIRMED_ACTIVE","normalize_href_e164"
"/รับซื้อ/รับซื้อ-ipad-มุกดาหาร","src/content/serviceAreas/รับซื้อ-ipad-มุกดาหาร.md","markdown-body","serviceArea","tel:0642579353 x1","FIXED","PENDING_BUILD","WAS_MIXED_PRE_FIX","tel:+66642579353 only","CONFIRMED_ACTIVE","normalize_href_e164"
"/รับซื้อ/รับซื้อ-ipad-ยโสธร","src/content/serviceAreas/รับซื้อ-ipad-ยโสธร.md","markdown-body","serviceArea","tel:0642579353 x1","FIXED","PENDING_BUILD","WAS_MIXED_PRE_FIX","tel:+66642579353 only","CONFIRMED_ACTIVE","normalize_href_e164"
"/รับซื้อ/รับซื้อ-ipad-ร้อยเอ็ด","src/content/serviceAreas/รับซื้อ-ipad-ร้อยเอ็ด.md","markdown-body","serviceArea","tel:0642579353 x1","FIXED","PENDING_BUILD","WAS_MIXED_PRE_FIX","tel:+66642579353 only","CONFIRMED_ACTIVE","normalize_href_e164"
"/รับซื้อ/รับซื้อ-ipad-ศรีสะเกษ","src/content/serviceAreas/รับซื้อ-ipad-ศรีสะเกษ.md","markdown-body","serviceArea","tel:0642579353 x1","FIXED","PENDING_BUILD","WAS_MIXED_PRE_FIX","tel:+66642579353 only","CONFIRMED_ACTIVE","normalize_href_e164"
"/รับซื้อ/รับซื้อ-ipad-สกลนคร","src/content/serviceAreas/รับซื้อ-ipad-สกลนคร.md","markdown-body","serviceArea","tel:0642579353 x1","FIXED","PENDING_BUILD","WAS_MIXED_PRE_FIX","tel:+66642579353 only","CONFIRMED_ACTIVE","normalize_href_e164"
"/รับซื้อ/รับซื้อ-ipad-สุรินทร์","src/content/serviceAreas/รับซื้อ-ipad-สุรินทร์.md","markdown-body","serviceArea","tel:0642579353 x1","FIXED","PENDING_BUILD","WAS_MIXED_PRE_FIX","tel:+66642579353 only","CONFIRMED_ACTIVE","normalize_href_e164"
"/รับซื้อ/รับซื้อ-ipad-หนองคาย","src/content/serviceAreas/รับซื้อ-ipad-หนองคาย.md","markdown-body","serviceArea","tel:0642579353 x1","FIXED","PENDING_BUILD","WAS_MIXED_PRE_FIX","tel:+66642579353 only","CONFIRMED_ACTIVE","normalize_href_e164"
"/รับซื้อ/รับซื้อ-ipad-หนองบัวลำภู","src/content/serviceAreas/รับซื้อ-ipad-หนองบัวลำภู.md","markdown-body","serviceArea","tel:0642579353 x1","FIXED","PENDING_BUILD","WAS_MIXED_PRE_FIX","tel:+66642579353 only","CONFIRMED_ACTIVE","normalize_href_e164"
"/รับซื้อ/รับซื้อ-ipad-อำนาจเจริญ","src/content/serviceAreas/รับซื้อ-ipad-อำนาจเจริญ.md","markdown-body","serviceArea","tel:0642579353 x1","FIXED","PENDING_BUILD","WAS_MIXED_PRE_FIX","tel:+66642579353 only","CONFIRMED_ACTIVE","normalize_href_e164"
"/รับซื้อ/รับซื้อ-ipad-อุดรธานี","src/content/serviceAreas/รับซื้อ-ipad-อุดรธานี.md","markdown-body","serviceArea","tel:0642579353 x1","FIXED","PENDING_BUILD","WAS_MIXED_PRE_FIX","tel:+66642579353 only","CONFIRMED_ACTIVE","normalize_href_e164"
"/รับซื้อ/รับซื้อ-ipad-อุบลราชธานี","src/content/serviceAreas/รับซื้อ-ipad-อุบลราชธานี.md","markdown-body","serviceArea","tel:0642579353 x1","FIXED","PENDING_BUILD","WAS_MIXED_PRE_FIX","tel:+66642579353 only","CONFIRMED_ACTIVE","normalize_href_e164"
"/รับซื้อ/รับซื้อ-ipad-เลย","src/content/serviceAreas/รับซื้อ-ipad-เลย.md","markdown-body","serviceArea","tel:0642579353 x1","FIXED","PENDING_BUILD","WAS_MIXED_PRE_FIX","tel:+66642579353 only","CONFIRMED_ACTIVE","normalize_href_e164"
"/รับซื้อ/รับซื้อ-iphone-กาฬสินธุ์","src/content/serviceAreas/รับซื้อ-iphone-กาฬสินธุ์.md","markdown-body","serviceArea","tel:0642579353 x1","FIXED","PENDING_BUILD","WAS_MIXED_PRE_FIX","tel:+66642579353 only","CONFIRMED_ACTIVE","normalize_href_e164"
"/รับซื้อ/รับซื้อ-iphone-ขอนแก่น","src/content/serviceAreas/รับซื้อ-iphone-ขอนแก่น.md","markdown-body","serviceArea","tel:0642579353 x1","FIXED","PENDING_BUILD","WAS_MIXED_PRE_FIX","tel:+66642579353 only","CONFIRMED_ACTIVE","normalize_href_e164"
"/รับซื้อ/รับซื้อ-iphone-ชัยภูมิ","src/content/serviceAreas/รับซื้อ-iphone-ชัยภูมิ.md","markdown-body","serviceArea","tel:0642579353 x1","FIXED","PENDING_BUILD","WAS_MIXED_PRE_FIX","tel:+66642579353 only","CONFIRMED_ACTIVE","normalize_href_e164"
"/รับซื้อ/รับซื้อ-iphone-นครพนม","src/content/serviceAreas/รับซื้อ-iphone-นครพนม.md","markdown-body","serviceArea","tel:0642579353 x1","FIXED","PENDING_BUILD","WAS_MIXED_PRE_FIX","tel:+66642579353 only","CONFIRMED_ACTIVE","normalize_href_e164"
"/รับซื้อ/รับซื้อ-iphone-นครราชสีมา","src/content/serviceAreas/รับซื้อ-iphone-นครราชสีมา.md","markdown-body","serviceArea","tel:0642579353 x1","FIXED","PENDING_BUILD","WAS_MIXED_PRE_FIX","tel:+66642579353 only","CONFIRMED_ACTIVE","normalize_href_e164"
"/รับซื้อ/รับซื้อ-iphone-บึงกาฬ","src/content/serviceAreas/รับซื้อ-iphone-บึงกาฬ.md","markdown-body","serviceArea","tel:0642579353 x1","FIXED","PENDING_BUILD","WAS_MIXED_PRE_FIX","tel:+66642579353 only","CONFIRMED_ACTIVE","normalize_href_e164"
"/รับซื้อ/รับซื้อ-iphone-บุรีรัมย์","src/content/serviceAreas/รับซื้อ-iphone-บุรีรัมย์.md","markdown-body","serviceArea","tel:0642579353 x1","FIXED","PENDING_BUILD","WAS_MIXED_PRE_FIX","tel:+66642579353 only","CONFIRMED_ACTIVE","normalize_href_e164"
"/รับซื้อ/รับซื้อ-iphone-มหาสารคาม","src/content/serviceAreas/รับซื้อ-iphone-มหาสารคาม.md","markdown-body","serviceArea","tel:0642579353 x1","FIXED","PENDING_BUILD","WAS_MIXED_PRE_FIX","tel:+66642579353 only","CONFIRMED_ACTIVE","normalize_href_e164"
"/รับซื้อ/รับซื้อ-iphone-มุกดาหาร","src/content/serviceAreas/รับซื้อ-iphone-มุกดาหาร.md","markdown-body","serviceArea","tel:0642579353 x1","FIXED","PENDING_BUILD","WAS_MIXED_PRE_FIX","tel:+66642579353 only","CONFIRMED_ACTIVE","normalize_href_e164"
"/รับซื้อ/รับซื้อ-iphone-ยโสธร","src/content/serviceAreas/รับซื้อ-iphone-ยโสธร.md","markdown-body","serviceArea","tel:0642579353 x1","FIXED","PENDING_BUILD","WAS_MIXED_PRE_FIX","tel:+66642579353 only","CONFIRMED_ACTIVE","normalize_href_e164"
"/รับซื้อ/รับซื้อ-iphone-ร้อยเอ็ด","src/content/serviceAreas/รับซื้อ-iphone-ร้อยเอ็ด.md","markdown-body","serviceArea","tel:0642579353 x1","FIXED","PENDING_BUILD","WAS_MIXED_PRE_FIX","tel:+66642579353 only","CONFIRMED_ACTIVE","normalize_href_e164"
"/รับซื้อ/รับซื้อ-iphone-ศรีสะเกษ","src/content/serviceAreas/รับซื้อ-iphone-ศรีสะเกษ.md","markdown-body","serviceArea","tel:0642579353 x1","FIXED","PENDING_BUILD","WAS_MIXED_PRE_FIX","tel:+66642579353 only","CONFIRMED_ACTIVE","normalize_href_e164"
"/รับซื้อ/รับซื้อ-iphone-สกลนคร","src/content/serviceAreas/รับซื้อ-iphone-สกลนคร.md","markdown-body","serviceArea","tel:0642579353 x1","FIXED","PENDING_BUILD","WAS_MIXED_PRE_FIX","tel:+66642579353 only","CONFIRMED_ACTIVE","normalize_href_e164"
"/รับซื้อ/รับซื้อ-iphone-สุรินทร์","src/content/serviceAreas/รับซื้อ-iphone-สุรินทร์.md","markdown-body","serviceArea","tel:0642579353 x1","FIXED","PENDING_BUILD","WAS_MIXED_PRE_FIX","tel:+66642579353 only","CONFIRMED_ACTIVE","normalize_href_e164"
"/รับซื้อ/รับซื้อ-iphone-หนองคาย","src/content/serviceAreas/รับซื้อ-iphone-หนองคาย.md","markdown-body","serviceArea","tel:0642579353 x1","FIXED","PENDING_BUILD","WAS_MIXED_PRE_FIX","tel:+66642579353 only","CONFIRMED_ACTIVE","normalize_href_e164"
"/รับซื้อ/รับซื้อ-iphone-หนองบัวลำภู","src/content/serviceAreas/รับซื้อ-iphone-หนองบัวลำภู.md","markdown-body","serviceArea","tel:0642579353 x1","FIXED","PENDING_BUILD","WAS_MIXED_PRE_FIX","tel:+66642579353 only","CONFIRMED_ACTIVE","normalize_href_e164"
"/รับซื้อ/รับซื้อ-iphone-อำนาจเจริญ","src/content/serviceAreas/รับซื้อ-iphone-อำนาจเจริญ.md","markdown-body","serviceArea","tel:0642579353 x1","FIXED","PENDING_BUILD","WAS_MIXED_PRE_FIX","tel:+66642579353 only","CONFIRMED_ACTIVE","normalize_href_e164"
"/รับซื้อ/รับซื้อ-iphone-อุดรธานี","src/content/serviceAreas/รับซื้อ-iphone-อุดรธานี.md","markdown-body","serviceArea","tel:0642579353 x1","FIXED","PENDING_BUILD","WAS_MIXED_PRE_FIX","tel:+66642579353 only","CONFIRMED_ACTIVE","normalize_href_e164"
"/รับซื้อ/รับซื้อ-iphone-อุบลราชธานี","src/content/serviceAreas/รับซื้อ-iphone-อุบลราชธานี.md","markdown-body","serviceArea","tel:0642579353 x1","FIXED","PENDING_BUILD","WAS_MIXED_PRE_FIX","tel:+66642579353 only","CONFIRMED_ACTIVE","normalize_href_e164"
"/รับซื้อ/รับซื้อ-iphone-เลย","src/content/serviceAreas/รับซื้อ-iphone-เลย.md","markdown-body","serviceArea","tel:0642579353 x1","FIXED","PENDING_BUILD","WAS_MIXED_PRE_FIX","tel:+66642579353 only","CONFIRMED_ACTIVE","normalize_href_e164"
"/รับซื้อ/รับซื้อ-jbl-กาฬสินธุ์","src/content/serviceAreas/รับซื้อ-jbl-กาฬสินธุ์.md","markdown-body","serviceArea","tel:0642579353 x1","FIXED","PENDING_BUILD","WAS_MIXED_PRE_FIX","tel:+66642579353 only","CONFIRMED_ACTIVE","normalize_href_e164"
"/รับซื้อ/รับซื้อ-jbl-ขอนแก่น","src/content/serviceAreas/รับซื้อ-jbl-ขอนแก่น.md","markdown-body","serviceArea","tel:0642579353 x1","FIXED","PENDING_BUILD","WAS_MIXED_PRE_FIX","tel:+66642579353 only","CONFIRMED_ACTIVE","normalize_href_e164"
"/รับซื้อ/รับซื้อ-jbl-ชัยภูมิ","src/content/serviceAreas/รับซื้อ-jbl-ชัยภูมิ.md","markdown-body","serviceArea","tel:0642579353 x1","FIXED","PENDING_BUILD","WAS_MIXED_PRE_FIX","tel:+66642579353 only","CONFIRMED_ACTIVE","normalize_href_e164"
"/รับซื้อ/รับซื้อ-jbl-นครพนม","src/content/serviceAreas/รับซื้อ-jbl-นครพนม.md","markdown-body","serviceArea","tel:0642579353 x1","FIXED","PENDING_BUILD","WAS_MIXED_PRE_FIX","tel:+66642579353 only","CONFIRMED_ACTIVE","normalize_href_e164"
"/รับซื้อ/รับซื้อ-jbl-นครราชสีมา","src/content/serviceAreas/รับซื้อ-jbl-นครราชสีมา.md","markdown-body","serviceArea","tel:0642579353 x1","FIXED","PENDING_BUILD","WAS_MIXED_PRE_FIX","tel:+66642579353 only","CONFIRMED_ACTIVE","normalize_href_e164"
"/รับซื้อ/รับซื้อ-jbl-บึงกาฬ","src/content/serviceAreas/รับซื้อ-jbl-บึงกาฬ.md","markdown-body","serviceArea","tel:0642579353 x1","FIXED","PENDING_BUILD","WAS_MIXED_PRE_FIX","tel:+66642579353 only","CONFIRMED_ACTIVE","normalize_href_e164"
"/รับซื้อ/รับซื้อ-jbl-บุรีรัมย์","src/content/serviceAreas/รับซื้อ-jbl-บุรีรัมย์.md","markdown-body","serviceArea","tel:0642579353 x1","FIXED","PENDING_BUILD","WAS_MIXED_PRE_FIX","tel:+66642579353 only","CONFIRMED_ACTIVE","normalize_href_e164"
"/รับซื้อ/รับซื้อ-jbl-มหาสารคาม","src/content/serviceAreas/รับซื้อ-jbl-มหาสารคาม.md","markdown-body","serviceArea","tel:0642579353 x1","FIXED","PENDING_BUILD","WAS_MIXED_PRE_FIX","tel:+66642579353 only","CONFIRMED_ACTIVE","normalize_href_e164"
"/รับซื้อ/รับซื้อ-jbl-มุกดาหาร","src/content/serviceAreas/รับซื้อ-jbl-มุกดาหาร.md","markdown-body","serviceArea","tel:0642579353 x1","FIXED","PENDING_BUILD","WAS_MIXED_PRE_FIX","tel:+66642579353 only","CONFIRMED_ACTIVE","normalize_href_e164"
"/รับซื้อ/รับซื้อ-jbl-ยโสธร","src/content/serviceAreas/รับซื้อ-jbl-ยโสธร.md","markdown-body","serviceArea","tel:0642579353 x1","FIXED","PENDING_BUILD","WAS_MIXED_PRE_FIX","tel:+66642579353 only","CONFIRMED_ACTIVE","normalize_href_e164"
"/รับซื้อ/รับซื้อ-jbl-ร้อยเอ็ด","src/content/serviceAreas/รับซื้อ-jbl-ร้อยเอ็ด.md","markdown-body","serviceArea","tel:0642579353 x1","FIXED","PENDING_BUILD","WAS_MIXED_PRE_FIX","tel:+66642579353 only","CONFIRMED_ACTIVE","normalize_href_e164"
"/รับซื้อ/รับซื้อ-jbl-ศรีสะเกษ","src/content/serviceAreas/รับซื้อ-jbl-ศรีสะเกษ.md","markdown-body","serviceArea","tel:0642579353 x1","FIXED","PENDING_BUILD","WAS_MIXED_PRE_FIX","tel:+66642579353 only","CONFIRMED_ACTIVE","normalize_href_e164"
"/รับซื้อ/รับซื้อ-jbl-สกลนคร","src/content/serviceAreas/รับซื้อ-jbl-สกลนคร.md","markdown-body","serviceArea","tel:0642579353 x1","FIXED","PENDING_BUILD","WAS_MIXED_PRE_FIX","tel:+66642579353 only","CONFIRMED_ACTIVE","normalize_href_e164"
"/รับซื้อ/รับซื้อ-jbl-สุรินทร์","src/content/serviceAreas/รับซื้อ-jbl-สุรินทร์.md","markdown-body","serviceArea","tel:0642579353 x1","FIXED","PENDING_BUILD","WAS_MIXED_PRE_FIX","tel:+66642579353 only","CONFIRMED_ACTIVE","normalize_href_e164"
"/รับซื้อ/รับซื้อ-jbl-หนองคาย","src/content/serviceAreas/รับซื้อ-jbl-หนองคาย.md","markdown-body","serviceArea","tel:0642579353 x1","FIXED","PENDING_BUILD","WAS_MIXED_PRE_FIX","tel:+66642579353 only","CONFIRMED_ACTIVE","normalize_href_e164"
"/รับซื้อ/รับซื้อ-jbl-หนองบัวลำภู","src/content/serviceAreas/รับซื้อ-jbl-หนองบัวลำภู.md","markdown-body","serviceArea","tel:0642579353 x1","FIXED","PENDING_BUILD","WAS_MIXED_PRE_FIX","tel:+66642579353 only","CONFIRMED_ACTIVE","normalize_href_e164"
"/รับซื้อ/รับซื้อ-jbl-อำนาจเจริญ","src/content/serviceAreas/รับซื้อ-jbl-อำนาจเจริญ.md","markdown-body","serviceArea","tel:0642579353 x1","FIXED","PENDING_BUILD","WAS_MIXED_PRE_FIX","tel:+66642579353 only","CONFIRMED_ACTIVE","normalize_href_e164"
"/รับซื้อ/รับซื้อ-jbl-อุดรธานี","src/content/serviceAreas/รับซื้อ-jbl-อุดรธานี.md","markdown-body","serviceArea","tel:0642579353 x1","FIXED","PENDING_BUILD","WAS_MIXED_PRE_FIX","tel:+66642579353 only","CONFIRMED_ACTIVE","normalize_href_e164"
"/รับซื้อ/รับซื้อ-jbl-อุบลราชธานี","src/content/serviceAreas/รับซื้อ-jbl-อุบลราชธานี.md","markdown-body","serviceArea","tel:0642579353 x1","FIXED","PENDING_BUILD","WAS_MIXED_PRE_FIX","tel:+66642579353 only","CONFIRMED_ACTIVE","normalize_href_e164"
"/รับซื้อ/รับซื้อ-jbl-เลย","src/content/serviceAreas/รับซื้อ-jbl-เลย.md","markdown-body","serviceArea","tel:0642579353 x1","FIXED","PENDING_BUILD","WAS_MIXED_PRE_FIX","tel:+66642579353 only","CONFIRMED_ACTIVE","normalize_href_e164"
"/รับซื้อ/รับซื้อ-mac-mini-กาฬสินธุ์","src/content/serviceAreas/รับซื้อ-mac-mini-กาฬสินธุ์.md","markdown-body","serviceArea","tel:0642579353 x1","FIXED","PENDING_BUILD","WAS_MIXED_PRE_FIX","tel:+66642579353 only","CONFIRMED_ACTIVE","normalize_href_e164"
"/รับซื้อ/รับซื้อ-mac-mini-ขอนแก่น","src/content/serviceAreas/รับซื้อ-mac-mini-ขอนแก่น.md","markdown-body","serviceArea","tel:0642579353 x1","FIXED","PENDING_BUILD","WAS_MIXED_PRE_FIX","tel:+66642579353 only","CONFIRMED_ACTIVE","normalize_href_e164"
"/รับซื้อ/รับซื้อ-mac-mini-ชัยภูมิ","src/content/serviceAreas/รับซื้อ-mac-mini-ชัยภูมิ.md","markdown-body","serviceArea","tel:0642579353 x1","FIXED","PENDING_BUILD","WAS_MIXED_PRE_FIX","tel:+66642579353 only","CONFIRMED_ACTIVE","normalize_href_e164"
"/รับซื้อ/รับซื้อ-mac-mini-นครพนม","src/content/serviceAreas/รับซื้อ-mac-mini-นครพนม.md","markdown-body","serviceArea","tel:0642579353 x1","FIXED","PENDING_BUILD","WAS_MIXED_PRE_FIX","tel:+66642579353 only","CONFIRMED_ACTIVE","normalize_href_e164"
"/รับซื้อ/รับซื้อ-mac-mini-นครราชสีมา","src/content/serviceAreas/รับซื้อ-mac-mini-นครราชสีมา.md","markdown-body","serviceArea","tel:0642579353 x1","FIXED","PENDING_BUILD","WAS_MIXED_PRE_FIX","tel:+66642579353 only","CONFIRMED_ACTIVE","normalize_href_e164"
"/รับซื้อ/รับซื้อ-mac-mini-บึงกาฬ","src/content/serviceAreas/รับซื้อ-mac-mini-บึงกาฬ.md","markdown-body","serviceArea","tel:0642579353 x1","FIXED","PENDING_BUILD","WAS_MIXED_PRE_FIX","tel:+66642579353 only","CONFIRMED_ACTIVE","normalize_href_e164"
"/รับซื้อ/รับซื้อ-mac-mini-บุรีรัมย์","src/content/serviceAreas/รับซื้อ-mac-mini-บุรีรัมย์.md","markdown-body","serviceArea","tel:0642579353 x1","FIXED","PENDING_BUILD","WAS_MIXED_PRE_FIX","tel:+66642579353 only","CONFIRMED_ACTIVE","normalize_href_e164"
"/รับซื้อ/รับซื้อ-mac-mini-มหาสารคาม","src/content/serviceAreas/รับซื้อ-mac-mini-มหาสารคาม.md","markdown-body","serviceArea","tel:0642579353 x1","FIXED","PENDING_BUILD","WAS_MIXED_PRE_FIX","tel:+66642579353 only","CONFIRMED_ACTIVE","normalize_href_e164"
"/รับซื้อ/รับซื้อ-mac-mini-มุกดาหาร","src/content/serviceAreas/รับซื้อ-mac-mini-มุกดาหาร.md","markdown-body","serviceArea","tel:0642579353 x1","FIXED","PENDING_BUILD","WAS_MIXED_PRE_FIX","tel:+66642579353 only","CONFIRMED_ACTIVE","normalize_href_e164"
"/รับซื้อ/รับซื้อ-mac-mini-ยโสธร","src/content/serviceAreas/รับซื้อ-mac-mini-ยโสธร.md","markdown-body","serviceArea","tel:0642579353 x1","FIXED","PENDING_BUILD","WAS_MIXED_PRE_FIX","tel:+66642579353 only","CONFIRMED_ACTIVE","normalize_href_e164"
"/รับซื้อ/รับซื้อ-mac-mini-ร้อยเอ็ด","src/content/serviceAreas/รับซื้อ-mac-mini-ร้อยเอ็ด.md","markdown-body","serviceArea","tel:0642579353 x1","FIXED","PENDING_BUILD","WAS_MIXED_PRE_FIX","tel:+66642579353 only","CONFIRMED_ACTIVE","normalize_href_e164"
"/รับซื้อ/รับซื้อ-mac-mini-ศรีสะเกษ","src/content/serviceAreas/รับซื้อ-mac-mini-ศรีสะเกษ.md","markdown-body","serviceArea","tel:0642579353 x1","FIXED","PENDING_BUILD","WAS_MIXED_PRE_FIX","tel:+66642579353 only","CONFIRMED_ACTIVE","normalize_href_e164"
"/รับซื้อ/รับซื้อ-mac-mini-สกลนคร","src/content/serviceAreas/รับซื้อ-mac-mini-สกลนคร.md","markdown-body","serviceArea","tel:0642579353 x1","FIXED","PENDING_BUILD","WAS_MIXED_PRE_FIX","tel:+66642579353 only","CONFIRMED_ACTIVE","normalize_href_e164"
"/รับซื้อ/รับซื้อ-mac-mini-สุรินทร์","src/content/serviceAreas/รับซื้อ-mac-mini-สุรินทร์.md","markdown-body","serviceArea","tel:0642579353 x1","FIXED","PENDING_BUILD","WAS_MIXED_PRE_FIX","tel:+66642579353 only","CONFIRMED_ACTIVE","normalize_href_e164"
"/รับซื้อ/รับซื้อ-mac-mini-หนองคาย","src/content/serviceAreas/รับซื้อ-mac-mini-หนองคาย.md","markdown-body","serviceArea","tel:0642579353 x1","FIXED","PENDING_BUILD","WAS_MIXED_PRE_FIX","tel:+66642579353 only","CONFIRMED_ACTIVE","normalize_href_e164"
"/รับซื้อ/รับซื้อ-mac-mini-หนองบัวลำภู","src/content/serviceAreas/รับซื้อ-mac-mini-หนองบัวลำภู.md","markdown-body","serviceArea","tel:0642579353 x1","FIXED","PENDING_BUILD","WAS_MIXED_PRE_FIX","tel:+66642579353 only","CONFIRMED_ACTIVE","normalize_href_e164"
"/รับซื้อ/รับซื้อ-mac-mini-อำนาจเจริญ","src/content/serviceAreas/รับซื้อ-mac-mini-อำนาจเจริญ.md","markdown-body","serviceArea","tel:0642579353 x1","FIXED","PENDING_BUILD","WAS_MIXED_PRE_FIX","tel:+66642579353 only","CONFIRMED_ACTIVE","normalize_href_e164"
"/รับซื้อ/รับซื้อ-mac-mini-อุดรธานี","src/content/serviceAreas/รับซื้อ-mac-mini-อุดรธานี.md","markdown-body","serviceArea","tel:0642579353 x1","FIXED","PENDING_BUILD","WAS_MIXED_PRE_FIX","tel:+66642579353 only","CONFIRMED_ACTIVE","normalize_href_e164"
"/รับซื้อ/รับซื้อ-mac-mini-อุบลราชธานี","src/content/serviceAreas/รับซื้อ-mac-mini-อุบลราชธานี.md","markdown-body","serviceArea","tel:0642579353 x1","FIXED","PENDING_BUILD","WAS_MIXED_PRE_FIX","tel:+66642579353 only","CONFIRMED_ACTIVE","normalize_href_e164"
"/รับซื้อ/รับซื้อ-mac-mini-เลย","src/content/serviceAreas/รับซื้อ-mac-mini-เลย.md","markdown-body","serviceArea","tel:0642579353 x1","FIXED","PENDING_BUILD","WAS_MIXED_PRE_FIX","tel:+66642579353 only","CONFIRMED_ACTIVE","normalize_href_e164"
"/รับซื้อ/รับซื้อ-macbook-กาฬสินธุ์","src/content/serviceAreas/รับซื้อ-macbook-กาฬสินธุ์.md","markdown-body","serviceArea","tel:0642579353 x1","FIXED","PENDING_BUILD","WAS_MIXED_PRE_FIX","tel:+66642579353 only","CONFIRMED_ACTIVE","normalize_href_e164"
"/รับซื้อ/รับซื้อ-macbook-ขอนแก่น","src/content/serviceAreas/รับซื้อ-macbook-ขอนแก่น.md","markdown-body","serviceArea","tel:0642579353 x1","FIXED","PENDING_BUILD","WAS_MIXED_PRE_FIX","tel:+66642579353 only","CONFIRMED_ACTIVE","normalize_href_e164"
"/รับซื้อ/รับซื้อ-macbook-ชัยภูมิ","src/content/serviceAreas/รับซื้อ-macbook-ชัยภูมิ.md","markdown-body","serviceArea","tel:0642579353 x1","FIXED","PENDING_BUILD","WAS_MIXED_PRE_FIX","tel:+66642579353 only","CONFIRMED_ACTIVE","normalize_href_e164"
"/รับซื้อ/รับซื้อ-macbook-นครพนม","src/content/serviceAreas/รับซื้อ-macbook-นครพนม.md","markdown-body","serviceArea","tel:0642579353 x1","FIXED","PENDING_BUILD","WAS_MIXED_PRE_FIX","tel:+66642579353 only","CONFIRMED_ACTIVE","normalize_href_e164"
"/รับซื้อ/รับซื้อ-macbook-นครราชสีมา","src/content/serviceAreas/รับซื้อ-macbook-นครราชสีมา.md","markdown-body","serviceArea","tel:0642579353 x1","FIXED","PENDING_BUILD","WAS_MIXED_PRE_FIX","tel:+66642579353 only","CONFIRMED_ACTIVE","normalize_href_e164"
"/รับซื้อ/รับซื้อ-macbook-บึงกาฬ","src/content/serviceAreas/รับซื้อ-macbook-บึงกาฬ.md","markdown-body","serviceArea","tel:0642579353 x1","FIXED","PENDING_BUILD","WAS_MIXED_PRE_FIX","tel:+66642579353 only","CONFIRMED_ACTIVE","normalize_href_e164"
"/รับซื้อ/รับซื้อ-macbook-บุรีรัมย์","src/content/serviceAreas/รับซื้อ-macbook-บุรีรัมย์.md","markdown-body","serviceArea","tel:0642579353 x1","FIXED","PENDING_BUILD","WAS_MIXED_PRE_FIX","tel:+66642579353 only","CONFIRMED_ACTIVE","normalize_href_e164"
"/รับซื้อ/รับซื้อ-macbook-มหาสารคาม","src/content/serviceAreas/รับซื้อ-macbook-มหาสารคาม.md","markdown-body","serviceArea","tel:0642579353 x1","FIXED","PENDING_BUILD","WAS_MIXED_PRE_FIX","tel:+66642579353 only","CONFIRMED_ACTIVE","normalize_href_e164"
"/รับซื้อ/รับซื้อ-macbook-มุกดาหาร","src/content/serviceAreas/รับซื้อ-macbook-มุกดาหาร.md","markdown-body","serviceArea","tel:0642579353 x1","FIXED","PENDING_BUILD","WAS_MIXED_PRE_FIX","tel:+66642579353 only","CONFIRMED_ACTIVE","normalize_href_e164"
"/รับซื้อ/รับซื้อ-macbook-ยโสธร","src/content/serviceAreas/รับซื้อ-macbook-ยโสธร.md","markdown-body","serviceArea","tel:0642579353 x1","FIXED","PENDING_BUILD","WAS_MIXED_PRE_FIX","tel:+66642579353 only","CONFIRMED_ACTIVE","normalize_href_e164"
"/รับซื้อ/รับซื้อ-macbook-ร้อยเอ็ด","src/content/serviceAreas/รับซื้อ-macbook-ร้อยเอ็ด.md","markdown-body","serviceArea","tel:0642579353 x1","FIXED","PENDING_BUILD","WAS_MIXED_PRE_FIX","tel:+66642579353 only","CONFIRMED_ACTIVE","normalize_href_e164"
"/รับซื้อ/รับซื้อ-macbook-ศรีสะเกษ","src/content/serviceAreas/รับซื้อ-macbook-ศรีสะเกษ.md","markdown-body","serviceArea","tel:0642579353 x1","FIXED","PENDING_BUILD","WAS_MIXED_PRE_FIX","tel:+66642579353 only","CONFIRMED_ACTIVE","normalize_href_e164"
"/รับซื้อ/รับซื้อ-macbook-สกลนคร","src/content/serviceAreas/รับซื้อ-macbook-สกลนคร.md","markdown-body","serviceArea","tel:0642579353 x1","FIXED","PENDING_BUILD","WAS_MIXED_PRE_FIX","tel:+66642579353 only","CONFIRMED_ACTIVE","normalize_href_e164"
"/รับซื้อ/รับซื้อ-macbook-สุรินทร์","src/content/serviceAreas/รับซื้อ-macbook-สุรินทร์.md","markdown-body","serviceArea","tel:0642579353 x1","FIXED","PENDING_BUILD","WAS_MIXED_PRE_FIX","tel:+66642579353 only","CONFIRMED_ACTIVE","normalize_href_e164"
"/รับซื้อ/รับซื้อ-macbook-หนองคาย","src/content/serviceAreas/รับซื้อ-macbook-หนองคาย.md","markdown-body","serviceArea","tel:0642579353 x1","FIXED","PENDING_BUILD","WAS_MIXED_PRE_FIX","tel:+66642579353 only","CONFIRMED_ACTIVE","normalize_href_e164"
"/รับซื้อ/รับซื้อ-macbook-หนองบัวลำภู","src/content/serviceAreas/รับซื้อ-macbook-หนองบัวลำภู.md","markdown-body","serviceArea","tel:0642579353 x1","FIXED","PENDING_BUILD","WAS_MIXED_PRE_FIX","tel:+66642579353 only","CONFIRMED_ACTIVE","normalize_href_e164"
"/รับซื้อ/รับซื้อ-macbook-อำนาจเจริญ","src/content/serviceAreas/รับซื้อ-macbook-อำนาจเจริญ.md","markdown-body","serviceArea","tel:0642579353 x1","FIXED","PENDING_BUILD","WAS_MIXED_PRE_FIX","tel:+66642579353 only","CONFIRMED_ACTIVE","normalize_href_e164"
"/รับซื้อ/รับซื้อ-macbook-อุดรธานี","src/content/serviceAreas/รับซื้อ-macbook-อุดรธานี.md","markdown-body","serviceArea","tel:0642579353 x1","FIXED","PENDING_BUILD","WAS_MIXED_PRE_FIX","tel:+66642579353 only","CONFIRMED_ACTIVE","normalize_href_e164"
"/รับซื้อ/รับซื้อ-macbook-อุบลราชธานี","src/content/serviceAreas/รับซื้อ-macbook-อุบลราชธานี.md","markdown-body","serviceArea","tel:0642579353 x1","FIXED","PENDING_BUILD","WAS_MIXED_PRE_FIX","tel:+66642579353 only","CONFIRMED_ACTIVE","normalize_href_e164"
"/รับซื้อ/รับซื้อ-macbook-เลย","src/content/serviceAreas/รับซื้อ-macbook-เลย.md","markdown-body","serviceArea","tel:0642579353 x1","FIXED","PENDING_BUILD","WAS_MIXED_PRE_FIX","tel:+66642579353 only","CONFIRMED_ACTIVE","normalize_href_e164"
"/รับซื้อ/รับซื้อ-marshall-กาฬสินธุ์","src/content/serviceAreas/รับซื้อ-marshall-กาฬสินธุ์.md","markdown-body","serviceArea","tel:0642579353 x1","FIXED","PENDING_BUILD","WAS_MIXED_PRE_FIX","tel:+66642579353 only","CONFIRMED_ACTIVE","normalize_href_e164"
"/รับซื้อ/รับซื้อ-marshall-ขอนแก่น","src/content/serviceAreas/รับซื้อ-marshall-ขอนแก่น.md","markdown-body","serviceArea","tel:0642579353 x1","FIXED","PENDING_BUILD","WAS_MIXED_PRE_FIX","tel:+66642579353 only","CONFIRMED_ACTIVE","normalize_href_e164"
"/รับซื้อ/รับซื้อ-marshall-ชัยภูมิ","src/content/serviceAreas/รับซื้อ-marshall-ชัยภูมิ.md","markdown-body","serviceArea","tel:0642579353 x1","FIXED","PENDING_BUILD","WAS_MIXED_PRE_FIX","tel:+66642579353 only","CONFIRMED_ACTIVE","normalize_href_e164"
"/รับซื้อ/รับซื้อ-marshall-นครพนม","src/content/serviceAreas/รับซื้อ-marshall-นครพนม.md","markdown-body","serviceArea","tel:0642579353 x1","FIXED","PENDING_BUILD","WAS_MIXED_PRE_FIX","tel:+66642579353 only","CONFIRMED_ACTIVE","normalize_href_e164"
"/รับซื้อ/รับซื้อ-marshall-นครราชสีมา","src/content/serviceAreas/รับซื้อ-marshall-นครราชสีมา.md","markdown-body","serviceArea","tel:0642579353 x1","FIXED","PENDING_BUILD","WAS_MIXED_PRE_FIX","tel:+66642579353 only","CONFIRMED_ACTIVE","normalize_href_e164"
"/รับซื้อ/รับซื้อ-marshall-บึงกาฬ","src/content/serviceAreas/รับซื้อ-marshall-บึงกาฬ.md","markdown-body","serviceArea","tel:0642579353 x1","FIXED","PENDING_BUILD","WAS_MIXED_PRE_FIX","tel:+66642579353 only","CONFIRMED_ACTIVE","normalize_href_e164"
"/รับซื้อ/รับซื้อ-marshall-บุรีรัมย์","src/content/serviceAreas/รับซื้อ-marshall-บุรีรัมย์.md","markdown-body","serviceArea","tel:0642579353 x1","FIXED","PENDING_BUILD","WAS_MIXED_PRE_FIX","tel:+66642579353 only","CONFIRMED_ACTIVE","normalize_href_e164"
"/รับซื้อ/รับซื้อ-marshall-มหาสารคาม","src/content/serviceAreas/รับซื้อ-marshall-มหาสารคาม.md","markdown-body","serviceArea","tel:0642579353 x1","FIXED","PENDING_BUILD","WAS_MIXED_PRE_FIX","tel:+66642579353 only","CONFIRMED_ACTIVE","normalize_href_e164"
"/รับซื้อ/รับซื้อ-marshall-มุกดาหาร","src/content/serviceAreas/รับซื้อ-marshall-มุกดาหาร.md","markdown-body","serviceArea","tel:0642579353 x1","FIXED","PENDING_BUILD","WAS_MIXED_PRE_FIX","tel:+66642579353 only","CONFIRMED_ACTIVE","normalize_href_e164"
"/รับซื้อ/รับซื้อ-marshall-ยโสธร","src/content/serviceAreas/รับซื้อ-marshall-ยโสธร.md","markdown-body","serviceArea","tel:0642579353 x1","FIXED","PENDING_BUILD","WAS_MIXED_PRE_FIX","tel:+66642579353 only","CONFIRMED_ACTIVE","normalize_href_e164"
"/รับซื้อ/รับซื้อ-marshall-ร้อยเอ็ด","src/content/serviceAreas/รับซื้อ-marshall-ร้อยเอ็ด.md","markdown-body","serviceArea","tel:0642579353 x1","FIXED","PENDING_BUILD","WAS_MIXED_PRE_FIX","tel:+66642579353 only","CONFIRMED_ACTIVE","normalize_href_e164"
"/รับซื้อ/รับซื้อ-marshall-ศรีสะเกษ","src/content/serviceAreas/รับซื้อ-marshall-ศรีสะเกษ.md","markdown-body","serviceArea","tel:0642579353 x1","FIXED","PENDING_BUILD","WAS_MIXED_PRE_FIX","tel:+66642579353 only","CONFIRMED_ACTIVE","normalize_href_e164"
"/รับซื้อ/รับซื้อ-marshall-สกลนคร","src/content/serviceAreas/รับซื้อ-marshall-สกลนคร.md","markdown-body","serviceArea","tel:0642579353 x1","FIXED","PENDING_BUILD","WAS_MIXED_PRE_FIX","tel:+66642579353 only","CONFIRMED_ACTIVE","normalize_href_e164"
"/รับซื้อ/รับซื้อ-marshall-สุรินทร์","src/content/serviceAreas/รับซื้อ-marshall-สุรินทร์.md","markdown-body","serviceArea","tel:0642579353 x1","FIXED","PENDING_BUILD","WAS_MIXED_PRE_FIX","tel:+66642579353 only","CONFIRMED_ACTIVE","normalize_href_e164"
"/รับซื้อ/รับซื้อ-marshall-หนองคาย","src/content/serviceAreas/รับซื้อ-marshall-หนองคาย.md","markdown-body","serviceArea","tel:0642579353 x1","FIXED","PENDING_BUILD","WAS_MIXED_PRE_FIX","tel:+66642579353 only","CONFIRMED_ACTIVE","normalize_href_e164"
"/รับซื้อ/รับซื้อ-marshall-หนองบัวลำภู","src/content/serviceAreas/รับซื้อ-marshall-หนองบัวลำภู.md","markdown-body","serviceArea","tel:0642579353 x1","FIXED","PENDING_BUILD","WAS_MIXED_PRE_FIX","tel:+66642579353 only","CONFIRMED_ACTIVE","normalize_href_e164"
"/รับซื้อ/รับซื้อ-marshall-อำนาจเจริญ","src/content/serviceAreas/รับซื้อ-marshall-อำนาจเจริญ.md","markdown-body","serviceArea","tel:0642579353 x1","FIXED","PENDING_BUILD","WAS_MIXED_PRE_FIX","tel:+66642579353 only","CONFIRMED_ACTIVE","normalize_href_e164"
"/รับซื้อ/รับซื้อ-marshall-อุดรธานี","src/content/serviceAreas/รับซื้อ-marshall-อุดรธานี.md","markdown-body","serviceArea","tel:0642579353 x1","FIXED","PENDING_BUILD","WAS_MIXED_PRE_FIX","tel:+66642579353 only","CONFIRMED_ACTIVE","normalize_href_e164"
"/รับซื้อ/รับซื้อ-marshall-อุบลราชธานี","src/content/serviceAreas/รับซื้อ-marshall-อุบลราชธานี.md","markdown-body","serviceArea","tel:0642579353 x1","FIXED","PENDING_BUILD","WAS_MIXED_PRE_FIX","tel:+66642579353 only","CONFIRMED_ACTIVE","normalize_href_e164"
"/รับซื้อ/รับซื้อ-marshall-เลย","src/content/serviceAreas/รับซื้อ-marshall-เลย.md","markdown-body","serviceArea","tel:0642579353 x1","FIXED","PENDING_BUILD","WAS_MIXED_PRE_FIX","tel:+66642579353 only","CONFIRMED_ACTIVE","normalize_href_e164"
"/รับซื้อ/รับซื้อ-nintendo-switch-กาฬสินธุ์","src/content/serviceAreas/รับซื้อ-nintendo-switch-กาฬสินธุ์.md","markdown-body","serviceArea","tel:0642579353 x1","FIXED","PENDING_BUILD","WAS_MIXED_PRE_FIX","tel:+66642579353 only","CONFIRMED_ACTIVE","normalize_href_e164"
"/รับซื้อ/รับซื้อ-nintendo-switch-ขอนแก่น","src/content/serviceAreas/รับซื้อ-nintendo-switch-ขอนแก่น.md","markdown-body","serviceArea","tel:0642579353 x1","FIXED","PENDING_BUILD","WAS_MIXED_PRE_FIX","tel:+66642579353 only","CONFIRMED_ACTIVE","normalize_href_e164"
"/รับซื้อ/รับซื้อ-nintendo-switch-ชัยภูมิ","src/content/serviceAreas/รับซื้อ-nintendo-switch-ชัยภูมิ.md","markdown-body","serviceArea","tel:0642579353 x1","FIXED","PENDING_BUILD","WAS_MIXED_PRE_FIX","tel:+66642579353 only","CONFIRMED_ACTIVE","normalize_href_e164"
"/รับซื้อ/รับซื้อ-nintendo-switch-นครพนม","src/content/serviceAreas/รับซื้อ-nintendo-switch-นครพนม.md","markdown-body","serviceArea","tel:0642579353 x1","FIXED","PENDING_BUILD","WAS_MIXED_PRE_FIX","tel:+66642579353 only","CONFIRMED_ACTIVE","normalize_href_e164"
"/รับซื้อ/รับซื้อ-nintendo-switch-นครราชสีมา","src/content/serviceAreas/รับซื้อ-nintendo-switch-นครราชสีมา.md","markdown-body","serviceArea","tel:0642579353 x1","FIXED","PENDING_BUILD","WAS_MIXED_PRE_FIX","tel:+66642579353 only","CONFIRMED_ACTIVE","normalize_href_e164"
"/รับซื้อ/รับซื้อ-nintendo-switch-บึงกาฬ","src/content/serviceAreas/รับซื้อ-nintendo-switch-บึงกาฬ.md","markdown-body","serviceArea","tel:0642579353 x1","FIXED","PENDING_BUILD","WAS_MIXED_PRE_FIX","tel:+66642579353 only","CONFIRMED_ACTIVE","normalize_href_e164"
"/รับซื้อ/รับซื้อ-nintendo-switch-บุรีรัมย์","src/content/serviceAreas/รับซื้อ-nintendo-switch-บุรีรัมย์.md","markdown-body","serviceArea","tel:0642579353 x1","FIXED","PENDING_BUILD","WAS_MIXED_PRE_FIX","tel:+66642579353 only","CONFIRMED_ACTIVE","normalize_href_e164"
"/รับซื้อ/รับซื้อ-nintendo-switch-มหาสารคาม","src/content/serviceAreas/รับซื้อ-nintendo-switch-มหาสารคาม.md","markdown-body","serviceArea","tel:0642579353 x1","FIXED","PENDING_BUILD","WAS_MIXED_PRE_FIX","tel:+66642579353 only","CONFIRMED_ACTIVE","normalize_href_e164"
"/รับซื้อ/รับซื้อ-nintendo-switch-มุกดาหาร","src/content/serviceAreas/รับซื้อ-nintendo-switch-มุกดาหาร.md","markdown-body","serviceArea","tel:0642579353 x1","FIXED","PENDING_BUILD","WAS_MIXED_PRE_FIX","tel:+66642579353 only","CONFIRMED_ACTIVE","normalize_href_e164"
"/รับซื้อ/รับซื้อ-nintendo-switch-ยโสธร","src/content/serviceAreas/รับซื้อ-nintendo-switch-ยโสธร.md","markdown-body","serviceArea","tel:0642579353 x1","FIXED","PENDING_BUILD","WAS_MIXED_PRE_FIX","tel:+66642579353 only","CONFIRMED_ACTIVE","normalize_href_e164"
"/รับซื้อ/รับซื้อ-nintendo-switch-ร้อยเอ็ด","src/content/serviceAreas/รับซื้อ-nintendo-switch-ร้อยเอ็ด.md","markdown-body","serviceArea","tel:0642579353 x1","FIXED","PENDING_BUILD","WAS_MIXED_PRE_FIX","tel:+66642579353 only","CONFIRMED_ACTIVE","normalize_href_e164"
"/รับซื้อ/รับซื้อ-nintendo-switch-ศรีสะเกษ","src/content/serviceAreas/รับซื้อ-nintendo-switch-ศรีสะเกษ.md","markdown-body","serviceArea","tel:0642579353 x1","FIXED","PENDING_BUILD","WAS_MIXED_PRE_FIX","tel:+66642579353 only","CONFIRMED_ACTIVE","normalize_href_e164"
"/รับซื้อ/รับซื้อ-nintendo-switch-สกลนคร","src/content/serviceAreas/รับซื้อ-nintendo-switch-สกลนคร.md","markdown-body","serviceArea","tel:0642579353 x1","FIXED","PENDING_BUILD","WAS_MIXED_PRE_FIX","tel:+66642579353 only","CONFIRMED_ACTIVE","normalize_href_e164"
"/รับซื้อ/รับซื้อ-nintendo-switch-สุรินทร์","src/content/serviceAreas/รับซื้อ-nintendo-switch-สุรินทร์.md","markdown-body","serviceArea","tel:0642579353 x1","FIXED","PENDING_BUILD","WAS_MIXED_PRE_FIX","tel:+66642579353 only","CONFIRMED_ACTIVE","normalize_href_e164"
"/รับซื้อ/รับซื้อ-nintendo-switch-หนองคาย","src/content/serviceAreas/รับซื้อ-nintendo-switch-หนองคาย.md","markdown-body","serviceArea","tel:0642579353 x1","FIXED","PENDING_BUILD","WAS_MIXED_PRE_FIX","tel:+66642579353 only","CONFIRMED_ACTIVE","normalize_href_e164"
"/รับซื้อ/รับซื้อ-nintendo-switch-หนองบัวลำภู","src/content/serviceAreas/รับซื้อ-nintendo-switch-หนองบัวลำภู.md","markdown-body","serviceArea","tel:0642579353 x1","FIXED","PENDING_BUILD","WAS_MIXED_PRE_FIX","tel:+66642579353 only","CONFIRMED_ACTIVE","normalize_href_e164"
"/รับซื้อ/รับซื้อ-nintendo-switch-อำนาจเจริญ","src/content/serviceAreas/รับซื้อ-nintendo-switch-อำนาจเจริญ.md","markdown-body","serviceArea","tel:0642579353 x1","FIXED","PENDING_BUILD","WAS_MIXED_PRE_FIX","tel:+66642579353 only","CONFIRMED_ACTIVE","normalize_href_e164"
"/รับซื้อ/รับซื้อ-nintendo-switch-อุดรธานี","src/content/serviceAreas/รับซื้อ-nintendo-switch-อุดรธานี.md","markdown-body","serviceArea","tel:0642579353 x1","FIXED","PENDING_BUILD","WAS_MIXED_PRE_FIX","tel:+66642579353 only","CONFIRMED_ACTIVE","normalize_href_e164"
"/รับซื้อ/รับซื้อ-nintendo-switch-อุบลราชธานี","src/content/serviceAreas/รับซื้อ-nintendo-switch-อุบลราชธานี.md","markdown-body","serviceArea","tel:0642579353 x1","FIXED","PENDING_BUILD","WAS_MIXED_PRE_FIX","tel:+66642579353 only","CONFIRMED_ACTIVE","normalize_href_e164"
"/รับซื้อ/รับซื้อ-nintendo-switch-เลย","src/content/serviceAreas/รับซื้อ-nintendo-switch-เลย.md","markdown-body","serviceArea","tel:0642579353 x1","FIXED","PENDING_BUILD","WAS_MIXED_PRE_FIX","tel:+66642579353 only","CONFIRMED_ACTIVE","normalize_href_e164"
"/รับซื้อ/รับซื้อ-playstation-กาฬสินธุ์","src/content/serviceAreas/รับซื้อ-playstation-กาฬสินธุ์.md","markdown-body","serviceArea","tel:0642579353 x1","FIXED","PENDING_BUILD","WAS_MIXED_PRE_FIX","tel:+66642579353 only","CONFIRMED_ACTIVE","normalize_href_e164"
"/รับซื้อ/รับซื้อ-playstation-ขอนแก่น","src/content/serviceAreas/รับซื้อ-playstation-ขอนแก่น.md","markdown-body","serviceArea","tel:0642579353 x1","FIXED","PENDING_BUILD","WAS_MIXED_PRE_FIX","tel:+66642579353 only","CONFIRMED_ACTIVE","normalize_href_e164"
"/รับซื้อ/รับซื้อ-playstation-ชัยภูมิ","src/content/serviceAreas/รับซื้อ-playstation-ชัยภูมิ.md","markdown-body","serviceArea","tel:0642579353 x1","FIXED","PENDING_BUILD","WAS_MIXED_PRE_FIX","tel:+66642579353 only","CONFIRMED_ACTIVE","normalize_href_e164"
"/รับซื้อ/รับซื้อ-playstation-นครพนม","src/content/serviceAreas/รับซื้อ-playstation-นครพนม.md","markdown-body","serviceArea","tel:0642579353 x1","FIXED","PENDING_BUILD","WAS_MIXED_PRE_FIX","tel:+66642579353 only","CONFIRMED_ACTIVE","normalize_href_e164"
"/รับซื้อ/รับซื้อ-playstation-นครราชสีมา","src/content/serviceAreas/รับซื้อ-playstation-นครราชสีมา.md","markdown-body","serviceArea","tel:0642579353 x1","FIXED","PENDING_BUILD","WAS_MIXED_PRE_FIX","tel:+66642579353 only","CONFIRMED_ACTIVE","normalize_href_e164"
"/รับซื้อ/รับซื้อ-playstation-บึงกาฬ","src/content/serviceAreas/รับซื้อ-playstation-บึงกาฬ.md","markdown-body","serviceArea","tel:0642579353 x1","FIXED","PENDING_BUILD","WAS_MIXED_PRE_FIX","tel:+66642579353 only","CONFIRMED_ACTIVE","normalize_href_e164"
"/รับซื้อ/รับซื้อ-playstation-บุรีรัมย์","src/content/serviceAreas/รับซื้อ-playstation-บุรีรัมย์.md","markdown-body","serviceArea","tel:0642579353 x1","FIXED","PENDING_BUILD","WAS_MIXED_PRE_FIX","tel:+66642579353 only","CONFIRMED_ACTIVE","normalize_href_e164"
"/รับซื้อ/รับซื้อ-playstation-มหาสารคาม","src/content/serviceAreas/รับซื้อ-playstation-มหาสารคาม.md","markdown-body","serviceArea","tel:0642579353 x1","FIXED","PENDING_BUILD","WAS_MIXED_PRE_FIX","tel:+66642579353 only","CONFIRMED_ACTIVE","normalize_href_e164"
"/รับซื้อ/รับซื้อ-playstation-มุกดาหาร","src/content/serviceAreas/รับซื้อ-playstation-มุกดาหาร.md","markdown-body","serviceArea","tel:0642579353 x1","FIXED","PENDING_BUILD","WAS_MIXED_PRE_FIX","tel:+66642579353 only","CONFIRMED_ACTIVE","normalize_href_e164"
"/รับซื้อ/รับซื้อ-playstation-ยโสธร","src/content/serviceAreas/รับซื้อ-playstation-ยโสธร.md","markdown-body","serviceArea","tel:0642579353 x1","FIXED","PENDING_BUILD","WAS_MIXED_PRE_FIX","tel:+66642579353 only","CONFIRMED_ACTIVE","normalize_href_e164"
"/รับซื้อ/รับซื้อ-playstation-ร้อยเอ็ด","src/content/serviceAreas/รับซื้อ-playstation-ร้อยเอ็ด.md","markdown-body","serviceArea","tel:0642579353 x1","FIXED","PENDING_BUILD","WAS_MIXED_PRE_FIX","tel:+66642579353 only","CONFIRMED_ACTIVE","normalize_href_e164"
"/รับซื้อ/รับซื้อ-playstation-ศรีสะเกษ","src/content/serviceAreas/รับซื้อ-playstation-ศรีสะเกษ.md","markdown-body","serviceArea","tel:0642579353 x1","FIXED","PENDING_BUILD","WAS_MIXED_PRE_FIX","tel:+66642579353 only","CONFIRMED_ACTIVE","normalize_href_e164"
"/รับซื้อ/รับซื้อ-playstation-สกลนคร","src/content/serviceAreas/รับซื้อ-playstation-สกลนคร.md","markdown-body","serviceArea","tel:0642579353 x1","FIXED","PENDING_BUILD","WAS_MIXED_PRE_FIX","tel:+66642579353 only","CONFIRMED_ACTIVE","normalize_href_e164"
"/รับซื้อ/รับซื้อ-playstation-สุรินทร์","src/content/serviceAreas/รับซื้อ-playstation-สุรินทร์.md","markdown-body","serviceArea","tel:0642579353 x1","FIXED","PENDING_BUILD","WAS_MIXED_PRE_FIX","tel:+66642579353 only","CONFIRMED_ACTIVE","normalize_href_e164"
"/รับซื้อ/รับซื้อ-playstation-หนองคาย","src/content/serviceAreas/รับซื้อ-playstation-หนองคาย.md","markdown-body","serviceArea","tel:0642579353 x1","FIXED","PENDING_BUILD","WAS_MIXED_PRE_FIX","tel:+66642579353 only","CONFIRMED_ACTIVE","normalize_href_e164"
"/รับซื้อ/รับซื้อ-playstation-หนองบัวลำภู","src/content/serviceAreas/รับซื้อ-playstation-หนองบัวลำภู.md","markdown-body","serviceArea","tel:0642579353 x1","FIXED","PENDING_BUILD","WAS_MIXED_PRE_FIX","tel:+66642579353 only","CONFIRMED_ACTIVE","normalize_href_e164"
"/รับซื้อ/รับซื้อ-playstation-อำนาจเจริญ","src/content/serviceAreas/รับซื้อ-playstation-อำนาจเจริญ.md","markdown-body","serviceArea","tel:0642579353 x1","FIXED","PENDING_BUILD","WAS_MIXED_PRE_FIX","tel:+66642579353 only","CONFIRMED_ACTIVE","normalize_href_e164"
"/รับซื้อ/รับซื้อ-playstation-อุดรธานี","src/content/serviceAreas/รับซื้อ-playstation-อุดรธานี.md","markdown-body","serviceArea","tel:0642579353 x1","FIXED","PENDING_BUILD","WAS_MIXED_PRE_FIX","tel:+66642579353 only","CONFIRMED_ACTIVE","normalize_href_e164"
"/รับซื้อ/รับซื้อ-playstation-อุบลราชธานี","src/content/serviceAreas/รับซื้อ-playstation-อุบลราชธานี.md","markdown-body","serviceArea","tel:0642579353 x1","FIXED","PENDING_BUILD","WAS_MIXED_PRE_FIX","tel:+66642579353 only","CONFIRMED_ACTIVE","normalize_href_e164"
"/รับซื้อ/รับซื้อ-playstation-เลย","src/content/serviceAreas/รับซื้อ-playstation-เลย.md","markdown-body","serviceArea","tel:0642579353 x1","FIXED","PENDING_BUILD","WAS_MIXED_PRE_FIX","tel:+66642579353 only","CONFIRMED_ACTIVE","normalize_href_e164"
"/รับซื้อ/รับซื้อ-ssd-กาฬสินธุ์","src/content/serviceAreas/รับซื้อ-ssd-กาฬสินธุ์.md","markdown-body","serviceArea","tel:0642579353 x1","FIXED","PENDING_BUILD","WAS_MIXED_PRE_FIX","tel:+66642579353 only","CONFIRMED_ACTIVE","normalize_href_e164"
"/รับซื้อ/รับซื้อ-ssd-ขอนแก่น","src/content/serviceAreas/รับซื้อ-ssd-ขอนแก่น.md","markdown-body","serviceArea","tel:0642579353 x1","FIXED","PENDING_BUILD","WAS_MIXED_PRE_FIX","tel:+66642579353 only","CONFIRMED_ACTIVE","normalize_href_e164"
"/รับซื้อ/รับซื้อ-ssd-ชัยภูมิ","src/content/serviceAreas/รับซื้อ-ssd-ชัยภูมิ.md","markdown-body","serviceArea","tel:0642579353 x1","FIXED","PENDING_BUILD","WAS_MIXED_PRE_FIX","tel:+66642579353 only","CONFIRMED_ACTIVE","normalize_href_e164"
"/รับซื้อ/รับซื้อ-ssd-นครพนม","src/content/serviceAreas/รับซื้อ-ssd-นครพนม.md","markdown-body","serviceArea","tel:0642579353 x1","FIXED","PENDING_BUILD","WAS_MIXED_PRE_FIX","tel:+66642579353 only","CONFIRMED_ACTIVE","normalize_href_e164"
"/รับซื้อ/รับซื้อ-ssd-นครราชสีมา","src/content/serviceAreas/รับซื้อ-ssd-นครราชสีมา.md","markdown-body","serviceArea","tel:0642579353 x1","FIXED","PENDING_BUILD","WAS_MIXED_PRE_FIX","tel:+66642579353 only","CONFIRMED_ACTIVE","normalize_href_e164"
"/รับซื้อ/รับซื้อ-ssd-บึงกาฬ","src/content/serviceAreas/รับซื้อ-ssd-บึงกาฬ.md","markdown-body","serviceArea","tel:0642579353 x1","FIXED","PENDING_BUILD","WAS_MIXED_PRE_FIX","tel:+66642579353 only","CONFIRMED_ACTIVE","normalize_href_e164"
"/รับซื้อ/รับซื้อ-ssd-บุรีรัมย์","src/content/serviceAreas/รับซื้อ-ssd-บุรีรัมย์.md","markdown-body","serviceArea","tel:0642579353 x1","FIXED","PENDING_BUILD","WAS_MIXED_PRE_FIX","tel:+66642579353 only","CONFIRMED_ACTIVE","normalize_href_e164"
"/รับซื้อ/รับซื้อ-ssd-มหาสารคาม","src/content/serviceAreas/รับซื้อ-ssd-มหาสารคาม.md","markdown-body","serviceArea","tel:0642579353 x1","FIXED","PENDING_BUILD","WAS_MIXED_PRE_FIX","tel:+66642579353 only","CONFIRMED_ACTIVE","normalize_href_e164"
"/รับซื้อ/รับซื้อ-ssd-มุกดาหาร","src/content/serviceAreas/รับซื้อ-ssd-มุกดาหาร.md","markdown-body","serviceArea","tel:0642579353 x1","FIXED","PENDING_BUILD","WAS_MIXED_PRE_FIX","tel:+66642579353 only","CONFIRMED_ACTIVE","normalize_href_e164"
"/รับซื้อ/รับซื้อ-ssd-ยโสธร","src/content/serviceAreas/รับซื้อ-ssd-ยโสธร.md","markdown-body","serviceArea","tel:0642579353 x1","FIXED","PENDING_BUILD","WAS_MIXED_PRE_FIX","tel:+66642579353 only","CONFIRMED_ACTIVE","normalize_href_e164"
"/รับซื้อ/รับซื้อ-ssd-ร้อยเอ็ด","src/content/serviceAreas/รับซื้อ-ssd-ร้อยเอ็ด.md","markdown-body","serviceArea","tel:0642579353 x1","FIXED","PENDING_BUILD","WAS_MIXED_PRE_FIX","tel:+66642579353 only","CONFIRMED_ACTIVE","normalize_href_e164"
"/รับซื้อ/รับซื้อ-ssd-ศรีสะเกษ","src/content/serviceAreas/รับซื้อ-ssd-ศรีสะเกษ.md","markdown-body","serviceArea","tel:0642579353 x1","FIXED","PENDING_BUILD","WAS_MIXED_PRE_FIX","tel:+66642579353 only","CONFIRMED_ACTIVE","normalize_href_e164"
"/รับซื้อ/รับซื้อ-ssd-สกลนคร","src/content/serviceAreas/รับซื้อ-ssd-สกลนคร.md","markdown-body","serviceArea","tel:0642579353 x1","FIXED","PENDING_BUILD","WAS_MIXED_PRE_FIX","tel:+66642579353 only","CONFIRMED_ACTIVE","normalize_href_e164"
"/รับซื้อ/รับซื้อ-ssd-สุรินทร์","src/content/serviceAreas/รับซื้อ-ssd-สุรินทร์.md","markdown-body","serviceArea","tel:0642579353 x1","FIXED","PENDING_BUILD","WAS_MIXED_PRE_FIX","tel:+66642579353 only","CONFIRMED_ACTIVE","normalize_href_e164"
"/รับซื้อ/รับซื้อ-ssd-หนองคาย","src/content/serviceAreas/รับซื้อ-ssd-หนองคาย.md","markdown-body","serviceArea","tel:0642579353 x1","FIXED","PENDING_BUILD","WAS_MIXED_PRE_FIX","tel:+66642579353 only","CONFIRMED_ACTIVE","normalize_href_e164"
"/รับซื้อ/รับซื้อ-ssd-หนองบัวลำภู","src/content/serviceAreas/รับซื้อ-ssd-หนองบัวลำภู.md","markdown-body","serviceArea","tel:0642579353 x1","FIXED","PENDING_BUILD","WAS_MIXED_PRE_FIX","tel:+66642579353 only","CONFIRMED_ACTIVE","normalize_href_e164"
"/รับซื้อ/รับซื้อ-ssd-อำนาจเจริญ","src/content/serviceAreas/รับซื้อ-ssd-อำนาจเจริญ.md","markdown-body","serviceArea","tel:0642579353 x1","FIXED","PENDING_BUILD","WAS_MIXED_PRE_FIX","tel:+66642579353 only","CONFIRMED_ACTIVE","normalize_href_e164"
"/รับซื้อ/รับซื้อ-ssd-อุดรธานี","src/content/serviceAreas/รับซื้อ-ssd-อุดรธานี.md","markdown-body","serviceArea","tel:0642579353 x1","FIXED","PENDING_BUILD","WAS_MIXED_PRE_FIX","tel:+66642579353 only","CONFIRMED_ACTIVE","normalize_href_e164"
"/รับซื้อ/รับซื้อ-ssd-อุบลราชธานี","src/content/serviceAreas/รับซื้อ-ssd-อุบลราชธานี.md","markdown-body","serviceArea","tel:0642579353 x1","FIXED","PENDING_BUILD","WAS_MIXED_PRE_FIX","tel:+66642579353 only","CONFIRMED_ACTIVE","normalize_href_e164"
"/รับซื้อ/รับซื้อ-ssd-เลย","src/content/serviceAreas/รับซื้อ-ssd-เลย.md","markdown-body","serviceArea","tel:0642579353 x1","FIXED","PENDING_BUILD","WAS_MIXED_PRE_FIX","tel:+66642579353 only","CONFIRMED_ACTIVE","normalize_href_e164"
"/รับซื้อ/รับซื้อ-surface-กาฬสินธุ์","src/content/serviceAreas/รับซื้อ-surface-กาฬสินธุ์.md","markdown-body","serviceArea","tel:0642579353 x1","FIXED","PENDING_BUILD","WAS_MIXED_PRE_FIX","tel:+66642579353 only","CONFIRMED_ACTIVE","normalize_href_e164"
"/รับซื้อ/รับซื้อ-surface-ขอนแก่น","src/content/serviceAreas/รับซื้อ-surface-ขอนแก่น.md","markdown-body","serviceArea","tel:0642579353 x1","FIXED","PENDING_BUILD","WAS_MIXED_PRE_FIX","tel:+66642579353 only","CONFIRMED_ACTIVE","normalize_href_e164"
"/รับซื้อ/รับซื้อ-surface-ชัยภูมิ","src/content/serviceAreas/รับซื้อ-surface-ชัยภูมิ.md","markdown-body","serviceArea","tel:0642579353 x1","FIXED","PENDING_BUILD","WAS_MIXED_PRE_FIX","tel:+66642579353 only","CONFIRMED_ACTIVE","normalize_href_e164"
"/รับซื้อ/รับซื้อ-surface-นครพนม","src/content/serviceAreas/รับซื้อ-surface-นครพนม.md","markdown-body","serviceArea","tel:0642579353 x1","FIXED","PENDING_BUILD","WAS_MIXED_PRE_FIX","tel:+66642579353 only","CONFIRMED_ACTIVE","normalize_href_e164"
"/รับซื้อ/รับซื้อ-surface-นครราชสีมา","src/content/serviceAreas/รับซื้อ-surface-นครราชสีมา.md","markdown-body","serviceArea","tel:0642579353 x1","FIXED","PENDING_BUILD","WAS_MIXED_PRE_FIX","tel:+66642579353 only","CONFIRMED_ACTIVE","normalize_href_e164"
"/รับซื้อ/รับซื้อ-surface-บึงกาฬ","src/content/serviceAreas/รับซื้อ-surface-บึงกาฬ.md","markdown-body","serviceArea","tel:0642579353 x1","FIXED","PENDING_BUILD","WAS_MIXED_PRE_FIX","tel:+66642579353 only","CONFIRMED_ACTIVE","normalize_href_e164"
"/รับซื้อ/รับซื้อ-surface-บุรีรัมย์","src/content/serviceAreas/รับซื้อ-surface-บุรีรัมย์.md","markdown-body","serviceArea","tel:0642579353 x1","FIXED","PENDING_BUILD","WAS_MIXED_PRE_FIX","tel:+66642579353 only","CONFIRMED_ACTIVE","normalize_href_e164"
"/รับซื้อ/รับซื้อ-surface-มหาสารคาม","src/content/serviceAreas/รับซื้อ-surface-มหาสารคาม.md","markdown-body","serviceArea","tel:0642579353 x1","FIXED","PENDING_BUILD","WAS_MIXED_PRE_FIX","tel:+66642579353 only","CONFIRMED_ACTIVE","normalize_href_e164"
"/รับซื้อ/รับซื้อ-surface-มุกดาหาร","src/content/serviceAreas/รับซื้อ-surface-มุกดาหาร.md","markdown-body","serviceArea","tel:0642579353 x1","FIXED","PENDING_BUILD","WAS_MIXED_PRE_FIX","tel:+66642579353 only","CONFIRMED_ACTIVE","normalize_href_e164"
"/รับซื้อ/รับซื้อ-surface-ยโสธร","src/content/serviceAreas/รับซื้อ-surface-ยโสธร.md","markdown-body","serviceArea","tel:0642579353 x1","FIXED","PENDING_BUILD","WAS_MIXED_PRE_FIX","tel:+66642579353 only","CONFIRMED_ACTIVE","normalize_href_e164"
"/รับซื้อ/รับซื้อ-surface-ร้อยเอ็ด","src/content/serviceAreas/รับซื้อ-surface-ร้อยเอ็ด.md","markdown-body","serviceArea","tel:0642579353 x1","FIXED","PENDING_BUILD","WAS_MIXED_PRE_FIX","tel:+66642579353 only","CONFIRMED_ACTIVE","normalize_href_e164"
"/รับซื้อ/รับซื้อ-surface-ศรีสะเกษ","src/content/serviceAreas/รับซื้อ-surface-ศรีสะเกษ.md","markdown-body","serviceArea","tel:0642579353 x1","FIXED","PENDING_BUILD","WAS_MIXED_PRE_FIX","tel:+66642579353 only","CONFIRMED_ACTIVE","normalize_href_e164"
"/รับซื้อ/รับซื้อ-surface-สกลนคร","src/content/serviceAreas/รับซื้อ-surface-สกลนคร.md","markdown-body","serviceArea","tel:0642579353 x1","FIXED","PENDING_BUILD","WAS_MIXED_PRE_FIX","tel:+66642579353 only","CONFIRMED_ACTIVE","normalize_href_e164"
"/รับซื้อ/รับซื้อ-surface-สุรินทร์","src/content/serviceAreas/รับซื้อ-surface-สุรินทร์.md","markdown-body","serviceArea","tel:0642579353 x1","FIXED","PENDING_BUILD","WAS_MIXED_PRE_FIX","tel:+66642579353 only","CONFIRMED_ACTIVE","normalize_href_e164"
"/รับซื้อ/รับซื้อ-surface-หนองคาย","src/content/serviceAreas/รับซื้อ-surface-หนองคาย.md","markdown-body","serviceArea","tel:0642579353 x1","FIXED","PENDING_BUILD","WAS_MIXED_PRE_FIX","tel:+66642579353 only","CONFIRMED_ACTIVE","normalize_href_e164"
"/รับซื้อ/รับซื้อ-surface-หนองบัวลำภู","src/content/serviceAreas/รับซื้อ-surface-หนองบัวลำภู.md","markdown-body","serviceArea","tel:0642579353 x1","FIXED","PENDING_BUILD","WAS_MIXED_PRE_FIX","tel:+66642579353 only","CONFIRMED_ACTIVE","normalize_href_e164"
"/รับซื้อ/รับซื้อ-surface-อำนาจเจริญ","src/content/serviceAreas/รับซื้อ-surface-อำนาจเจริญ.md","markdown-body","serviceArea","tel:0642579353 x1","FIXED","PENDING_BUILD","WAS_MIXED_PRE_FIX","tel:+66642579353 only","CONFIRMED_ACTIVE","normalize_href_e164"
"/รับซื้อ/รับซื้อ-surface-อุดรธานี","src/content/serviceAreas/รับซื้อ-surface-อุดรธานี.md","markdown-body","serviceArea","tel:0642579353 x1","FIXED","PENDING_BUILD","WAS_MIXED_PRE_FIX","tel:+66642579353 only","CONFIRMED_ACTIVE","normalize_href_e164"
"/รับซื้อ/รับซื้อ-surface-อุบลราชธานี","src/content/serviceAreas/รับซื้อ-surface-อุบลราชธานี.md","markdown-body","serviceArea","tel:0642579353 x1","FIXED","PENDING_BUILD","WAS_MIXED_PRE_FIX","tel:+66642579353 only","CONFIRMED_ACTIVE","normalize_href_e164"
"/รับซื้อ/รับซื้อ-surface-เลย","src/content/serviceAreas/รับซื้อ-surface-เลย.md","markdown-body","serviceArea","tel:0642579353 x1","FIXED","PENDING_BUILD","WAS_MIXED_PRE_FIX","tel:+66642579353 only","CONFIRMED_ACTIVE","normalize_href_e164"
"/รับซื้อ/รับซื้อกล้อง-canon-กาฬสินธุ์","src/content/serviceAreas/รับซื้อกล้อง-canon-กาฬสินธุ์.md","markdown-body","serviceArea","tel:0642579353 x1","FIXED","PENDING_BUILD","WAS_MIXED_PRE_FIX","tel:+66642579353 only","CONFIRMED_ACTIVE","normalize_href_e164"
"/รับซื้อ/รับซื้อกล้อง-canon-ขอนแก่น","src/content/serviceAreas/รับซื้อกล้อง-canon-ขอนแก่น.md","markdown-body","serviceArea","tel:0642579353 x1","FIXED","PENDING_BUILD","WAS_MIXED_PRE_FIX","tel:+66642579353 only","CONFIRMED_ACTIVE","normalize_href_e164"
"/รับซื้อ/รับซื้อกล้อง-canon-ชัยภูมิ","src/content/serviceAreas/รับซื้อกล้อง-canon-ชัยภูมิ.md","markdown-body","serviceArea","tel:0642579353 x1","FIXED","PENDING_BUILD","WAS_MIXED_PRE_FIX","tel:+66642579353 only","CONFIRMED_ACTIVE","normalize_href_e164"
"/รับซื้อ/รับซื้อกล้อง-canon-นครพนม","src/content/serviceAreas/รับซื้อกล้อง-canon-นครพนม.md","markdown-body","serviceArea","tel:0642579353 x1","FIXED","PENDING_BUILD","WAS_MIXED_PRE_FIX","tel:+66642579353 only","CONFIRMED_ACTIVE","normalize_href_e164"
"/รับซื้อ/รับซื้อกล้อง-canon-นครราชสีมา","src/content/serviceAreas/รับซื้อกล้อง-canon-นครราชสีมา.md","markdown-body","serviceArea","tel:0642579353 x1","FIXED","PENDING_BUILD","WAS_MIXED_PRE_FIX","tel:+66642579353 only","CONFIRMED_ACTIVE","normalize_href_e164"
"/รับซื้อ/รับซื้อกล้อง-canon-บึงกาฬ","src/content/serviceAreas/รับซื้อกล้อง-canon-บึงกาฬ.md","markdown-body","serviceArea","tel:0642579353 x1","FIXED","PENDING_BUILD","WAS_MIXED_PRE_FIX","tel:+66642579353 only","CONFIRMED_ACTIVE","normalize_href_e164"
"/รับซื้อ/รับซื้อกล้อง-canon-บุรีรัมย์","src/content/serviceAreas/รับซื้อกล้อง-canon-บุรีรัมย์.md","markdown-body","serviceArea","tel:0642579353 x1","FIXED","PENDING_BUILD","WAS_MIXED_PRE_FIX","tel:+66642579353 only","CONFIRMED_ACTIVE","normalize_href_e164"
"/รับซื้อ/รับซื้อกล้อง-canon-มหาสารคาม","src/content/serviceAreas/รับซื้อกล้อง-canon-มหาสารคาม.md","markdown-body","serviceArea","tel:0642579353 x1","FIXED","PENDING_BUILD","WAS_MIXED_PRE_FIX","tel:+66642579353 only","CONFIRMED_ACTIVE","normalize_href_e164"
"/รับซื้อ/รับซื้อกล้อง-canon-มุกดาหาร","src/content/serviceAreas/รับซื้อกล้อง-canon-มุกดาหาร.md","markdown-body","serviceArea","tel:0642579353 x1","FIXED","PENDING_BUILD","WAS_MIXED_PRE_FIX","tel:+66642579353 only","CONFIRMED_ACTIVE","normalize_href_e164"
"/รับซื้อ/รับซื้อกล้อง-canon-ยโสธร","src/content/serviceAreas/รับซื้อกล้อง-canon-ยโสธร.md","markdown-body","serviceArea","tel:0642579353 x1","FIXED","PENDING_BUILD","WAS_MIXED_PRE_FIX","tel:+66642579353 only","CONFIRMED_ACTIVE","normalize_href_e164"
"/รับซื้อ/รับซื้อกล้อง-canon-ร้อยเอ็ด","src/content/serviceAreas/รับซื้อกล้อง-canon-ร้อยเอ็ด.md","markdown-body","serviceArea","tel:0642579353 x1","FIXED","PENDING_BUILD","WAS_MIXED_PRE_FIX","tel:+66642579353 only","CONFIRMED_ACTIVE","normalize_href_e164"
"/รับซื้อ/รับซื้อกล้อง-canon-ศรีสะเกษ","src/content/serviceAreas/รับซื้อกล้อง-canon-ศรีสะเกษ.md","markdown-body","serviceArea","tel:0642579353 x1","FIXED","PENDING_BUILD","WAS_MIXED_PRE_FIX","tel:+66642579353 only","CONFIRMED_ACTIVE","normalize_href_e164"
"/รับซื้อ/รับซื้อกล้อง-canon-สกลนคร","src/content/serviceAreas/รับซื้อกล้อง-canon-สกลนคร.md","markdown-body","serviceArea","tel:0642579353 x1","FIXED","PENDING_BUILD","WAS_MIXED_PRE_FIX","tel:+66642579353 only","CONFIRMED_ACTIVE","normalize_href_e164"
"/รับซื้อ/รับซื้อกล้อง-canon-สุรินทร์","src/content/serviceAreas/รับซื้อกล้อง-canon-สุรินทร์.md","markdown-body","serviceArea","tel:0642579353 x1","FIXED","PENDING_BUILD","WAS_MIXED_PRE_FIX","tel:+66642579353 only","CONFIRMED_ACTIVE","normalize_href_e164"
"/รับซื้อ/รับซื้อกล้อง-canon-หนองคาย","src/content/serviceAreas/รับซื้อกล้อง-canon-หนองคาย.md","markdown-body","serviceArea","tel:0642579353 x1","FIXED","PENDING_BUILD","WAS_MIXED_PRE_FIX","tel:+66642579353 only","CONFIRMED_ACTIVE","normalize_href_e164"
"/รับซื้อ/รับซื้อกล้อง-canon-หนองบัวลำภู","src/content/serviceAreas/รับซื้อกล้อง-canon-หนองบัวลำภู.md","markdown-body","serviceArea","tel:0642579353 x1","FIXED","PENDING_BUILD","WAS_MIXED_PRE_FIX","tel:+66642579353 only","CONFIRMED_ACTIVE","normalize_href_e164"
"/รับซื้อ/รับซื้อกล้อง-canon-อำนาจเจริญ","src/content/serviceAreas/รับซื้อกล้อง-canon-อำนาจเจริญ.md","markdown-body","serviceArea","tel:0642579353 x1","FIXED","PENDING_BUILD","WAS_MIXED_PRE_FIX","tel:+66642579353 only","CONFIRMED_ACTIVE","normalize_href_e164"
"/รับซื้อ/รับซื้อกล้อง-canon-อุดรธานี","src/content/serviceAreas/รับซื้อกล้อง-canon-อุดรธานี.md","markdown-body","serviceArea","tel:0642579353 x1","FIXED","PENDING_BUILD","WAS_MIXED_PRE_FIX","tel:+66642579353 only","CONFIRMED_ACTIVE","normalize_href_e164"
"/รับซื้อ/รับซื้อกล้อง-canon-อุบลราชธานี","src/content/serviceAreas/รับซื้อกล้อง-canon-อุบลราชธานี.md","markdown-body","serviceArea","tel:0642579353 x1","FIXED","PENDING_BUILD","WAS_MIXED_PRE_FIX","tel:+66642579353 only","CONFIRMED_ACTIVE","normalize_href_e164"
"/รับซื้อ/รับซื้อกล้อง-canon-เลย","src/content/serviceAreas/รับซื้อกล้อง-canon-เลย.md","markdown-body","serviceArea","tel:0642579353 x1","FIXED","PENDING_BUILD","WAS_MIXED_PRE_FIX","tel:+66642579353 only","CONFIRMED_ACTIVE","normalize_href_e164"
"/รับซื้อ/รับซื้อกล้อง-fujifilm-กาฬสินธุ์","src/content/serviceAreas/รับซื้อกล้อง-fujifilm-กาฬสินธุ์.md","markdown-body","serviceArea","tel:0642579353 x1","FIXED","PENDING_BUILD","WAS_MIXED_PRE_FIX","tel:+66642579353 only","CONFIRMED_ACTIVE","normalize_href_e164"
"/รับซื้อ/รับซื้อกล้อง-fujifilm-ขอนแก่น","src/content/serviceAreas/รับซื้อกล้อง-fujifilm-ขอนแก่น.md","markdown-body","serviceArea","tel:0642579353 x1","FIXED","PENDING_BUILD","WAS_MIXED_PRE_FIX","tel:+66642579353 only","CONFIRMED_ACTIVE","normalize_href_e164"
"/รับซื้อ/รับซื้อกล้อง-fujifilm-ชัยภูมิ","src/content/serviceAreas/รับซื้อกล้อง-fujifilm-ชัยภูมิ.md","markdown-body","serviceArea","tel:0642579353 x1","FIXED","PENDING_BUILD","WAS_MIXED_PRE_FIX","tel:+66642579353 only","CONFIRMED_ACTIVE","normalize_href_e164"
"/รับซื้อ/รับซื้อกล้อง-fujifilm-นครพนม","src/content/serviceAreas/รับซื้อกล้อง-fujifilm-นครพนม.md","markdown-body","serviceArea","tel:0642579353 x1","FIXED","PENDING_BUILD","WAS_MIXED_PRE_FIX","tel:+66642579353 only","CONFIRMED_ACTIVE","normalize_href_e164"
"/รับซื้อ/รับซื้อกล้อง-fujifilm-นครราชสีมา","src/content/serviceAreas/รับซื้อกล้อง-fujifilm-นครราชสีมา.md","markdown-body","serviceArea","tel:0642579353 x1","FIXED","PENDING_BUILD","WAS_MIXED_PRE_FIX","tel:+66642579353 only","CONFIRMED_ACTIVE","normalize_href_e164"
"/รับซื้อ/รับซื้อกล้อง-fujifilm-บึงกาฬ","src/content/serviceAreas/รับซื้อกล้อง-fujifilm-บึงกาฬ.md","markdown-body","serviceArea","tel:0642579353 x1","FIXED","PENDING_BUILD","WAS_MIXED_PRE_FIX","tel:+66642579353 only","CONFIRMED_ACTIVE","normalize_href_e164"
"/รับซื้อ/รับซื้อกล้อง-fujifilm-บุรีรัมย์","src/content/serviceAreas/รับซื้อกล้อง-fujifilm-บุรีรัมย์.md","markdown-body","serviceArea","tel:0642579353 x1","FIXED","PENDING_BUILD","WAS_MIXED_PRE_FIX","tel:+66642579353 only","CONFIRMED_ACTIVE","normalize_href_e164"
"/รับซื้อ/รับซื้อกล้อง-fujifilm-มหาสารคาม","src/content/serviceAreas/รับซื้อกล้อง-fujifilm-มหาสารคาม.md","markdown-body","serviceArea","tel:0642579353 x1","FIXED","PENDING_BUILD","WAS_MIXED_PRE_FIX","tel:+66642579353 only","CONFIRMED_ACTIVE","normalize_href_e164"
"/รับซื้อ/รับซื้อกล้อง-fujifilm-มุกดาหาร","src/content/serviceAreas/รับซื้อกล้อง-fujifilm-มุกดาหาร.md","markdown-body","serviceArea","tel:0642579353 x1","FIXED","PENDING_BUILD","WAS_MIXED_PRE_FIX","tel:+66642579353 only","CONFIRMED_ACTIVE","normalize_href_e164"
"/รับซื้อ/รับซื้อกล้อง-fujifilm-ยโสธร","src/content/serviceAreas/รับซื้อกล้อง-fujifilm-ยโสธร.md","markdown-body","serviceArea","tel:0642579353 x1","FIXED","PENDING_BUILD","WAS_MIXED_PRE_FIX","tel:+66642579353 only","CONFIRMED_ACTIVE","normalize_href_e164"
"/รับซื้อ/รับซื้อกล้อง-fujifilm-ร้อยเอ็ด","src/content/serviceAreas/รับซื้อกล้อง-fujifilm-ร้อยเอ็ด.md","markdown-body","serviceArea","tel:0642579353 x1","FIXED","PENDING_BUILD","WAS_MIXED_PRE_FIX","tel:+66642579353 only","CONFIRMED_ACTIVE","normalize_href_e164"
"/รับซื้อ/รับซื้อกล้อง-fujifilm-ศรีสะเกษ","src/content/serviceAreas/รับซื้อกล้อง-fujifilm-ศรีสะเกษ.md","markdown-body","serviceArea","tel:0642579353 x1","FIXED","PENDING_BUILD","WAS_MIXED_PRE_FIX","tel:+66642579353 only","CONFIRMED_ACTIVE","normalize_href_e164"
"/รับซื้อ/รับซื้อกล้อง-fujifilm-สกลนคร","src/content/serviceAreas/รับซื้อกล้อง-fujifilm-สกลนคร.md","markdown-body","serviceArea","tel:0642579353 x1","FIXED","PENDING_BUILD","WAS_MIXED_PRE_FIX","tel:+66642579353 only","CONFIRMED_ACTIVE","normalize_href_e164"
"/รับซื้อ/รับซื้อกล้อง-fujifilm-สุรินทร์","src/content/serviceAreas/รับซื้อกล้อง-fujifilm-สุรินทร์.md","markdown-body","serviceArea","tel:0642579353 x1","FIXED","PENDING_BUILD","WAS_MIXED_PRE_FIX","tel:+66642579353 only","CONFIRMED_ACTIVE","normalize_href_e164"
"/รับซื้อ/รับซื้อกล้อง-fujifilm-หนองคาย","src/content/serviceAreas/รับซื้อกล้อง-fujifilm-หนองคาย.md","markdown-body","serviceArea","tel:0642579353 x1","FIXED","PENDING_BUILD","WAS_MIXED_PRE_FIX","tel:+66642579353 only","CONFIRMED_ACTIVE","normalize_href_e164"
"/รับซื้อ/รับซื้อกล้อง-fujifilm-หนองบัวลำภู","src/content/serviceAreas/รับซื้อกล้อง-fujifilm-หนองบัวลำภู.md","markdown-body","serviceArea","tel:0642579353 x1","FIXED","PENDING_BUILD","WAS_MIXED_PRE_FIX","tel:+66642579353 only","CONFIRMED_ACTIVE","normalize_href_e164"
"/รับซื้อ/รับซื้อกล้อง-fujifilm-อำนาจเจริญ","src/content/serviceAreas/รับซื้อกล้อง-fujifilm-อำนาจเจริญ.md","markdown-body","serviceArea","tel:0642579353 x1","FIXED","PENDING_BUILD","WAS_MIXED_PRE_FIX","tel:+66642579353 only","CONFIRMED_ACTIVE","normalize_href_e164"
"/รับซื้อ/รับซื้อกล้อง-fujifilm-อุดรธานี","src/content/serviceAreas/รับซื้อกล้อง-fujifilm-อุดรธานี.md","markdown-body","serviceArea","tel:0642579353 x1","FIXED","PENDING_BUILD","WAS_MIXED_PRE_FIX","tel:+66642579353 only","CONFIRMED_ACTIVE","normalize_href_e164"
"/รับซื้อ/รับซื้อกล้อง-fujifilm-อุบลราชธานี","src/content/serviceAreas/รับซื้อกล้อง-fujifilm-อุบลราชธานี.md","markdown-body","serviceArea","tel:0642579353 x1","FIXED","PENDING_BUILD","WAS_MIXED_PRE_FIX","tel:+66642579353 only","CONFIRMED_ACTIVE","normalize_href_e164"
"/รับซื้อ/รับซื้อกล้อง-fujifilm-เลย","src/content/serviceAreas/รับซื้อกล้อง-fujifilm-เลย.md","markdown-body","serviceArea","tel:0642579353 x1","FIXED","PENDING_BUILD","WAS_MIXED_PRE_FIX","tel:+66642579353 only","CONFIRMED_ACTIVE","normalize_href_e164"
"/รับซื้อ/รับซื้อกล้อง-sony-กาฬสินธุ์","src/content/serviceAreas/รับซื้อกล้อง-sony-กาฬสินธุ์.md","markdown-body","serviceArea","tel:0642579353 x1","FIXED","PENDING_BUILD","WAS_MIXED_PRE_FIX","tel:+66642579353 only","CONFIRMED_ACTIVE","normalize_href_e164"
"/รับซื้อ/รับซื้อกล้อง-sony-ขอนแก่น","src/content/serviceAreas/รับซื้อกล้อง-sony-ขอนแก่น.md","markdown-body","serviceArea","tel:0642579353 x1","FIXED","PENDING_BUILD","WAS_MIXED_PRE_FIX","tel:+66642579353 only","CONFIRMED_ACTIVE","normalize_href_e164"
"/รับซื้อ/รับซื้อกล้อง-sony-ชัยภูมิ","src/content/serviceAreas/รับซื้อกล้อง-sony-ชัยภูมิ.md","markdown-body","serviceArea","tel:0642579353 x1","FIXED","PENDING_BUILD","WAS_MIXED_PRE_FIX","tel:+66642579353 only","CONFIRMED_ACTIVE","normalize_href_e164"
"/รับซื้อ/รับซื้อกล้อง-sony-นครพนม","src/content/serviceAreas/รับซื้อกล้อง-sony-นครพนม.md","markdown-body","serviceArea","tel:0642579353 x1","FIXED","PENDING_BUILD","WAS_MIXED_PRE_FIX","tel:+66642579353 only","CONFIRMED_ACTIVE","normalize_href_e164"
"/รับซื้อ/รับซื้อกล้อง-sony-นครราชสีมา","src/content/serviceAreas/รับซื้อกล้อง-sony-นครราชสีมา.md","markdown-body","serviceArea","tel:0642579353 x1","FIXED","PENDING_BUILD","WAS_MIXED_PRE_FIX","tel:+66642579353 only","CONFIRMED_ACTIVE","normalize_href_e164"
"/รับซื้อ/รับซื้อกล้อง-sony-บึงกาฬ","src/content/serviceAreas/รับซื้อกล้อง-sony-บึงกาฬ.md","markdown-body","serviceArea","tel:0642579353 x1","FIXED","PENDING_BUILD","WAS_MIXED_PRE_FIX","tel:+66642579353 only","CONFIRMED_ACTIVE","normalize_href_e164"
"/รับซื้อ/รับซื้อกล้อง-sony-บุรีรัมย์","src/content/serviceAreas/รับซื้อกล้อง-sony-บุรีรัมย์.md","markdown-body","serviceArea","tel:0642579353 x1","FIXED","PENDING_BUILD","WAS_MIXED_PRE_FIX","tel:+66642579353 only","CONFIRMED_ACTIVE","normalize_href_e164"
"/รับซื้อ/รับซื้อกล้อง-sony-มหาสารคาม","src/content/serviceAreas/รับซื้อกล้อง-sony-มหาสารคาม.md","markdown-body","serviceArea","tel:0642579353 x1","FIXED","PENDING_BUILD","WAS_MIXED_PRE_FIX","tel:+66642579353 only","CONFIRMED_ACTIVE","normalize_href_e164"
"/รับซื้อ/รับซื้อกล้อง-sony-มุกดาหาร","src/content/serviceAreas/รับซื้อกล้อง-sony-มุกดาหาร.md","markdown-body","serviceArea","tel:0642579353 x1","FIXED","PENDING_BUILD","WAS_MIXED_PRE_FIX","tel:+66642579353 only","CONFIRMED_ACTIVE","normalize_href_e164"
"/รับซื้อ/รับซื้อกล้อง-sony-ยโสธร","src/content/serviceAreas/รับซื้อกล้อง-sony-ยโสธร.md","markdown-body","serviceArea","tel:0642579353 x1","FIXED","PENDING_BUILD","WAS_MIXED_PRE_FIX","tel:+66642579353 only","CONFIRMED_ACTIVE","normalize_href_e164"
"/รับซื้อ/รับซื้อกล้อง-sony-ร้อยเอ็ด","src/content/serviceAreas/รับซื้อกล้อง-sony-ร้อยเอ็ด.md","markdown-body","serviceArea","tel:0642579353 x1","FIXED","PENDING_BUILD","WAS_MIXED_PRE_FIX","tel:+66642579353 only","CONFIRMED_ACTIVE","normalize_href_e164"
"/รับซื้อ/รับซื้อกล้อง-sony-ศรีสะเกษ","src/content/serviceAreas/รับซื้อกล้อง-sony-ศรีสะเกษ.md","markdown-body","serviceArea","tel:0642579353 x1","FIXED","PENDING_BUILD","WAS_MIXED_PRE_FIX","tel:+66642579353 only","CONFIRMED_ACTIVE","normalize_href_e164"
"/รับซื้อ/รับซื้อกล้อง-sony-สกลนคร","src/content/serviceAreas/รับซื้อกล้อง-sony-สกลนคร.md","markdown-body","serviceArea","tel:0642579353 x1","FIXED","PENDING_BUILD","WAS_MIXED_PRE_FIX","tel:+66642579353 only","CONFIRMED_ACTIVE","normalize_href_e164"
"/รับซื้อ/รับซื้อกล้อง-sony-สุรินทร์","src/content/serviceAreas/รับซื้อกล้อง-sony-สุรินทร์.md","markdown-body","serviceArea","tel:0642579353 x1","FIXED","PENDING_BUILD","WAS_MIXED_PRE_FIX","tel:+66642579353 only","CONFIRMED_ACTIVE","normalize_href_e164"
"/รับซื้อ/รับซื้อกล้อง-sony-หนองคาย","src/content/serviceAreas/รับซื้อกล้อง-sony-หนองคาย.md","markdown-body","serviceArea","tel:0642579353 x1","FIXED","PENDING_BUILD","WAS_MIXED_PRE_FIX","tel:+66642579353 only","CONFIRMED_ACTIVE","normalize_href_e164"
"/รับซื้อ/รับซื้อกล้อง-sony-หนองบัวลำภู","src/content/serviceAreas/รับซื้อกล้อง-sony-หนองบัวลำภู.md","markdown-body","serviceArea","tel:0642579353 x1","FIXED","PENDING_BUILD","WAS_MIXED_PRE_FIX","tel:+66642579353 only","CONFIRMED_ACTIVE","normalize_href_e164"
"/รับซื้อ/รับซื้อกล้อง-sony-อำนาจเจริญ","src/content/serviceAreas/รับซื้อกล้อง-sony-อำนาจเจริญ.md","markdown-body","serviceArea","tel:0642579353 x1","FIXED","PENDING_BUILD","WAS_MIXED_PRE_FIX","tel:+66642579353 only","CONFIRMED_ACTIVE","normalize_href_e164"
"/รับซื้อ/รับซื้อกล้อง-sony-อุดรธานี","src/content/serviceAreas/รับซื้อกล้อง-sony-อุดรธานี.md","markdown-body","serviceArea","tel:0642579353 x1","FIXED","PENDING_BUILD","WAS_MIXED_PRE_FIX","tel:+66642579353 only","CONFIRMED_ACTIVE","normalize_href_e164"
"/รับซื้อ/รับซื้อกล้อง-sony-อุบลราชธานี","src/content/serviceAreas/รับซื้อกล้อง-sony-อุบลราชธานี.md","markdown-body","serviceArea","tel:0642579353 x1","FIXED","PENDING_BUILD","WAS_MIXED_PRE_FIX","tel:+66642579353 only","CONFIRMED_ACTIVE","normalize_href_e164"
"/รับซื้อ/รับซื้อกล้อง-sony-เลย","src/content/serviceAreas/รับซื้อกล้อง-sony-เลย.md","markdown-body","serviceArea","tel:0642579353 x1","FIXED","PENDING_BUILD","WAS_MIXED_PRE_FIX","tel:+66642579353 only","CONFIRMED_ACTIVE","normalize_href_e164"
"/รับซื้อ/รับซื้อกล้อง-กาฬสินธุ์","src/content/serviceAreas/รับซื้อกล้อง-กาฬสินธุ์.md","markdown-body","serviceArea","tel:0642579353 x1","FIXED","PENDING_BUILD","WAS_MIXED_PRE_FIX","tel:+66642579353 only","CONFIRMED_ACTIVE","normalize_href_e164"
"/รับซื้อ/รับซื้อกล้อง-ขอนแก่น","src/content/serviceAreas/รับซื้อกล้อง-ขอนแก่น.md","markdown-body","serviceArea","tel:0642579353 x1","FIXED","PENDING_BUILD","WAS_MIXED_PRE_FIX","tel:+66642579353 only","CONFIRMED_ACTIVE","normalize_href_e164"
"/รับซื้อ/รับซื้อกล้อง-ชัยภูมิ","src/content/serviceAreas/รับซื้อกล้อง-ชัยภูมิ.md","markdown-body","serviceArea","tel:0642579353 x1","FIXED","PENDING_BUILD","WAS_MIXED_PRE_FIX","tel:+66642579353 only","CONFIRMED_ACTIVE","normalize_href_e164"
"/รับซื้อ/รับซื้อกล้อง-นครพนม","src/content/serviceAreas/รับซื้อกล้อง-นครพนม.md","markdown-body","serviceArea","tel:0642579353 x1","FIXED","PENDING_BUILD","WAS_MIXED_PRE_FIX","tel:+66642579353 only","CONFIRMED_ACTIVE","normalize_href_e164"
"/รับซื้อ/รับซื้อกล้อง-นครราชสีมา","src/content/serviceAreas/รับซื้อกล้อง-นครราชสีมา.md","markdown-body","serviceArea","tel:0642579353 x1","FIXED","PENDING_BUILD","WAS_MIXED_PRE_FIX","tel:+66642579353 only","CONFIRMED_ACTIVE","normalize_href_e164"
"/รับซื้อ/รับซื้อกล้อง-บึงกาฬ","src/content/serviceAreas/รับซื้อกล้อง-บึงกาฬ.md","markdown-body","serviceArea","tel:0642579353 x1","FIXED","PENDING_BUILD","WAS_MIXED_PRE_FIX","tel:+66642579353 only","CONFIRMED_ACTIVE","normalize_href_e164"
"/รับซื้อ/รับซื้อกล้อง-บุรีรัมย์","src/content/serviceAreas/รับซื้อกล้อง-บุรีรัมย์.md","markdown-body","serviceArea","tel:0642579353 x1","FIXED","PENDING_BUILD","WAS_MIXED_PRE_FIX","tel:+66642579353 only","CONFIRMED_ACTIVE","normalize_href_e164"
"/รับซื้อ/รับซื้อกล้อง-มหาสารคาม","src/content/serviceAreas/รับซื้อกล้อง-มหาสารคาม.md","markdown-body","serviceArea","tel:0642579353 x1","FIXED","PENDING_BUILD","WAS_MIXED_PRE_FIX","tel:+66642579353 only","CONFIRMED_ACTIVE","normalize_href_e164"
"/รับซื้อ/รับซื้อกล้อง-มุกดาหาร","src/content/serviceAreas/รับซื้อกล้อง-มุกดาหาร.md","markdown-body","serviceArea","tel:0642579353 x1","FIXED","PENDING_BUILD","WAS_MIXED_PRE_FIX","tel:+66642579353 only","CONFIRMED_ACTIVE","normalize_href_e164"
"/รับซื้อ/รับซื้อกล้อง-ยโสธร","src/content/serviceAreas/รับซื้อกล้อง-ยโสธร.md","markdown-body","serviceArea","tel:0642579353 x1","FIXED","PENDING_BUILD","WAS_MIXED_PRE_FIX","tel:+66642579353 only","CONFIRMED_ACTIVE","normalize_href_e164"
"/รับซื้อ/รับซื้อกล้อง-ร้อยเอ็ด","src/content/serviceAreas/รับซื้อกล้อง-ร้อยเอ็ด.md","markdown-body","serviceArea","tel:0642579353 x1","FIXED","PENDING_BUILD","WAS_MIXED_PRE_FIX","tel:+66642579353 only","CONFIRMED_ACTIVE","normalize_href_e164"
"/รับซื้อ/รับซื้อกล้อง-ศรีสะเกษ","src/content/serviceAreas/รับซื้อกล้อง-ศรีสะเกษ.md","markdown-body","serviceArea","tel:0642579353 x1","FIXED","PENDING_BUILD","WAS_MIXED_PRE_FIX","tel:+66642579353 only","CONFIRMED_ACTIVE","normalize_href_e164"
"/รับซื้อ/รับซื้อกล้อง-สกลนคร","src/content/serviceAreas/รับซื้อกล้อง-สกลนคร.md","markdown-body","serviceArea","tel:0642579353 x1","FIXED","PENDING_BUILD","WAS_MIXED_PRE_FIX","tel:+66642579353 only","CONFIRMED_ACTIVE","normalize_href_e164"
"/รับซื้อ/รับซื้อกล้อง-สุรินทร์","src/content/serviceAreas/รับซื้อกล้อง-สุรินทร์.md","markdown-body","serviceArea","tel:0642579353 x1","FIXED","PENDING_BUILD","WAS_MIXED_PRE_FIX","tel:+66642579353 only","CONFIRMED_ACTIVE","normalize_href_e164"
"/รับซื้อ/รับซื้อกล้อง-หนองคาย","src/content/serviceAreas/รับซื้อกล้อง-หนองคาย.md","markdown-body","serviceArea","tel:0642579353 x1","FIXED","PENDING_BUILD","WAS_MIXED_PRE_FIX","tel:+66642579353 only","CONFIRMED_ACTIVE","normalize_href_e164"
"/รับซื้อ/รับซื้อกล้อง-หนองบัวลำภู","src/content/serviceAreas/รับซื้อกล้อง-หนองบัวลำภู.md","markdown-body","serviceArea","tel:0642579353 x1","FIXED","PENDING_BUILD","WAS_MIXED_PRE_FIX","tel:+66642579353 only","CONFIRMED_ACTIVE","normalize_href_e164"
"/รับซื้อ/รับซื้อกล้อง-อำนาจเจริญ","src/content/serviceAreas/รับซื้อกล้อง-อำนาจเจริญ.md","markdown-body","serviceArea","tel:0642579353 x1","FIXED","PENDING_BUILD","WAS_MIXED_PRE_FIX","tel:+66642579353 only","CONFIRMED_ACTIVE","normalize_href_e164"
"/รับซื้อ/รับซื้อกล้อง-อุดรธานี","src/content/serviceAreas/รับซื้อกล้อง-อุดรธานี.md","markdown-body","serviceArea","tel:0642579353 x1","FIXED","PENDING_BUILD","WAS_MIXED_PRE_FIX","tel:+66642579353 only","CONFIRMED_ACTIVE","normalize_href_e164"
"/รับซื้อ/รับซื้อกล้อง-อุบลราชธานี","src/content/serviceAreas/รับซื้อกล้อง-อุบลราชธานี.md","markdown-body","serviceArea","tel:0642579353 x1","FIXED","PENDING_BUILD","WAS_MIXED_PRE_FIX","tel:+66642579353 only","CONFIRMED_ACTIVE","normalize_href_e164"
"/รับซื้อ/รับซื้อกล้อง-เลย","src/content/serviceAreas/รับซื้อกล้อง-เลย.md","markdown-body","serviceArea","tel:0642579353 x1","FIXED","PENDING_BUILD","WAS_MIXED_PRE_FIX","tel:+66642579353 only","CONFIRMED_ACTIVE","normalize_href_e164"
"/รับซื้อ/รับซื้อการ์ดจอ-กาฬสินธุ์","src/content/serviceAreas/รับซื้อการ์ดจอ-กาฬสินธุ์.md","markdown-body","serviceArea","tel:0642579353 x1","FIXED","PENDING_BUILD","WAS_MIXED_PRE_FIX","tel:+66642579353 only","CONFIRMED_ACTIVE","normalize_href_e164"
"/รับซื้อ/รับซื้อการ์ดจอ-ขอนแก่น","src/content/serviceAreas/รับซื้อการ์ดจอ-ขอนแก่น.md","markdown-body","serviceArea","tel:0642579353 x1","FIXED","PENDING_BUILD","WAS_MIXED_PRE_FIX","tel:+66642579353 only","CONFIRMED_ACTIVE","normalize_href_e164"
"/รับซื้อ/รับซื้อการ์ดจอ-ชัยภูมิ","src/content/serviceAreas/รับซื้อการ์ดจอ-ชัยภูมิ.md","markdown-body","serviceArea","tel:0642579353 x1","FIXED","PENDING_BUILD","WAS_MIXED_PRE_FIX","tel:+66642579353 only","CONFIRMED_ACTIVE","normalize_href_e164"
"/รับซื้อ/รับซื้อการ์ดจอ-นครพนม","src/content/serviceAreas/รับซื้อการ์ดจอ-นครพนม.md","markdown-body","serviceArea","tel:0642579353 x1","FIXED","PENDING_BUILD","WAS_MIXED_PRE_FIX","tel:+66642579353 only","CONFIRMED_ACTIVE","normalize_href_e164"
"/รับซื้อ/รับซื้อการ์ดจอ-นครราชสีมา","src/content/serviceAreas/รับซื้อการ์ดจอ-นครราชสีมา.md","markdown-body","serviceArea","tel:0642579353 x1","FIXED","PENDING_BUILD","WAS_MIXED_PRE_FIX","tel:+66642579353 only","CONFIRMED_ACTIVE","normalize_href_e164"
"/รับซื้อ/รับซื้อการ์ดจอ-บึงกาฬ","src/content/serviceAreas/รับซื้อการ์ดจอ-บึงกาฬ.md","markdown-body","serviceArea","tel:0642579353 x1","FIXED","PENDING_BUILD","WAS_MIXED_PRE_FIX","tel:+66642579353 only","CONFIRMED_ACTIVE","normalize_href_e164"
"/รับซื้อ/รับซื้อการ์ดจอ-บุรีรัมย์","src/content/serviceAreas/รับซื้อการ์ดจอ-บุรีรัมย์.md","markdown-body","serviceArea","tel:0642579353 x1","FIXED","PENDING_BUILD","WAS_MIXED_PRE_FIX","tel:+66642579353 only","CONFIRMED_ACTIVE","normalize_href_e164"
"/รับซื้อ/รับซื้อการ์ดจอ-มหาสารคาม","src/content/serviceAreas/รับซื้อการ์ดจอ-มหาสารคาม.md","markdown-body","serviceArea","tel:0642579353 x1","FIXED","PENDING_BUILD","WAS_MIXED_PRE_FIX","tel:+66642579353 only","CONFIRMED_ACTIVE","normalize_href_e164"
"/รับซื้อ/รับซื้อการ์ดจอ-มุกดาหาร","src/content/serviceAreas/รับซื้อการ์ดจอ-มุกดาหาร.md","markdown-body","serviceArea","tel:0642579353 x1","FIXED","PENDING_BUILD","WAS_MIXED_PRE_FIX","tel:+66642579353 only","CONFIRMED_ACTIVE","normalize_href_e164"
"/รับซื้อ/รับซื้อการ์ดจอ-ยโสธร","src/content/serviceAreas/รับซื้อการ์ดจอ-ยโสธร.md","markdown-body","serviceArea","tel:0642579353 x1","FIXED","PENDING_BUILD","WAS_MIXED_PRE_FIX","tel:+66642579353 only","CONFIRMED_ACTIVE","normalize_href_e164"
"/รับซื้อ/รับซื้อการ์ดจอ-ร้อยเอ็ด","src/content/serviceAreas/รับซื้อการ์ดจอ-ร้อยเอ็ด.md","markdown-body","serviceArea","tel:0642579353 x1","FIXED","PENDING_BUILD","WAS_MIXED_PRE_FIX","tel:+66642579353 only","CONFIRMED_ACTIVE","normalize_href_e164"
"/รับซื้อ/รับซื้อการ์ดจอ-ศรีสะเกษ","src/content/serviceAreas/รับซื้อการ์ดจอ-ศรีสะเกษ.md","markdown-body","serviceArea","tel:0642579353 x1","FIXED","PENDING_BUILD","WAS_MIXED_PRE_FIX","tel:+66642579353 only","CONFIRMED_ACTIVE","normalize_href_e164"
"/รับซื้อ/รับซื้อการ์ดจอ-สกลนคร","src/content/serviceAreas/รับซื้อการ์ดจอ-สกลนคร.md","markdown-body","serviceArea","tel:0642579353 x1","FIXED","PENDING_BUILD","WAS_MIXED_PRE_FIX","tel:+66642579353 only","CONFIRMED_ACTIVE","normalize_href_e164"
"/รับซื้อ/รับซื้อการ์ดจอ-สุรินทร์","src/content/serviceAreas/รับซื้อการ์ดจอ-สุรินทร์.md","markdown-body","serviceArea","tel:0642579353 x1","FIXED","PENDING_BUILD","WAS_MIXED_PRE_FIX","tel:+66642579353 only","CONFIRMED_ACTIVE","normalize_href_e164"
"/รับซื้อ/รับซื้อการ์ดจอ-หนองคาย","src/content/serviceAreas/รับซื้อการ์ดจอ-หนองคาย.md","markdown-body","serviceArea","tel:0642579353 x1","FIXED","PENDING_BUILD","WAS_MIXED_PRE_FIX","tel:+66642579353 only","CONFIRMED_ACTIVE","normalize_href_e164"
"/รับซื้อ/รับซื้อการ์ดจอ-หนองบัวลำภู","src/content/serviceAreas/รับซื้อการ์ดจอ-หนองบัวลำภู.md","markdown-body","serviceArea","tel:0642579353 x1","FIXED","PENDING_BUILD","WAS_MIXED_PRE_FIX","tel:+66642579353 only","CONFIRMED_ACTIVE","normalize_href_e164"
"/รับซื้อ/รับซื้อการ์ดจอ-อำนาจเจริญ","src/content/serviceAreas/รับซื้อการ์ดจอ-อำนาจเจริญ.md","markdown-body","serviceArea","tel:0642579353 x1","FIXED","PENDING_BUILD","WAS_MIXED_PRE_FIX","tel:+66642579353 only","CONFIRMED_ACTIVE","normalize_href_e164"
"/รับซื้อ/รับซื้อการ์ดจอ-อุดรธานี","src/content/serviceAreas/รับซื้อการ์ดจอ-อุดรธานี.md","markdown-body","serviceArea","tel:0642579353 x1","FIXED","PENDING_BUILD","WAS_MIXED_PRE_FIX","tel:+66642579353 only","CONFIRMED_ACTIVE","normalize_href_e164"
"/รับซื้อ/รับซื้อการ์ดจอ-อุบลราชธานี","src/content/serviceAreas/รับซื้อการ์ดจอ-อุบลราชธานี.md","markdown-body","serviceArea","tel:0642579353 x1","FIXED","PENDING_BUILD","WAS_MIXED_PRE_FIX","tel:+66642579353 only","CONFIRMED_ACTIVE","normalize_href_e164"
"/รับซื้อ/รับซื้อการ์ดจอ-เลย","src/content/serviceAreas/รับซื้อการ์ดจอ-เลย.md","markdown-body","serviceArea","tel:0642579353 x1","FIXED","PENDING_BUILD","WAS_MIXED_PRE_FIX","tel:+66642579353 only","CONFIRMED_ACTIVE","normalize_href_e164"
"/รับซื้อ/รับซื้อของไอทีเสีย-กาฬสินธุ์","src/content/serviceAreas/รับซื้อของไอทีเสีย-กาฬสินธุ์.md","markdown-body","serviceArea","tel:0642579353 x1","FIXED","PENDING_BUILD","WAS_MIXED_PRE_FIX","tel:+66642579353 only","CONFIRMED_ACTIVE","normalize_href_e164"
"/รับซื้อ/รับซื้อของไอทีเสีย-ขอนแก่น","src/content/serviceAreas/รับซื้อของไอทีเสีย-ขอนแก่น.md","markdown-body","serviceArea","tel:0642579353 x1","FIXED","PENDING_BUILD","WAS_MIXED_PRE_FIX","tel:+66642579353 only","CONFIRMED_ACTIVE","normalize_href_e164"
"/รับซื้อ/รับซื้อของไอทีเสีย-ชัยภูมิ","src/content/serviceAreas/รับซื้อของไอทีเสีย-ชัยภูมิ.md","markdown-body","serviceArea","tel:0642579353 x1","FIXED","PENDING_BUILD","WAS_MIXED_PRE_FIX","tel:+66642579353 only","CONFIRMED_ACTIVE","normalize_href_e164"
"/รับซื้อ/รับซื้อของไอทีเสีย-นครพนม","src/content/serviceAreas/รับซื้อของไอทีเสีย-นครพนม.md","markdown-body","serviceArea","tel:0642579353 x1","FIXED","PENDING_BUILD","WAS_MIXED_PRE_FIX","tel:+66642579353 only","CONFIRMED_ACTIVE","normalize_href_e164"
"/รับซื้อ/รับซื้อของไอทีเสีย-นครราชสีมา","src/content/serviceAreas/รับซื้อของไอทีเสีย-นครราชสีมา.md","markdown-body","serviceArea","tel:0642579353 x1","FIXED","PENDING_BUILD","WAS_MIXED_PRE_FIX","tel:+66642579353 only","CONFIRMED_ACTIVE","normalize_href_e164"
"/รับซื้อ/รับซื้อของไอทีเสีย-บึงกาฬ","src/content/serviceAreas/รับซื้อของไอทีเสีย-บึงกาฬ.md","markdown-body","serviceArea","tel:0642579353 x1","FIXED","PENDING_BUILD","WAS_MIXED_PRE_FIX","tel:+66642579353 only","CONFIRMED_ACTIVE","normalize_href_e164"
"/รับซื้อ/รับซื้อของไอทีเสีย-บุรีรัมย์","src/content/serviceAreas/รับซื้อของไอทีเสีย-บุรีรัมย์.md","markdown-body","serviceArea","tel:0642579353 x1","FIXED","PENDING_BUILD","WAS_MIXED_PRE_FIX","tel:+66642579353 only","CONFIRMED_ACTIVE","normalize_href_e164"
"/รับซื้อ/รับซื้อของไอทีเสีย-มหาสารคาม","src/content/serviceAreas/รับซื้อของไอทีเสีย-มหาสารคาม.md","markdown-body","serviceArea","tel:0642579353 x1","FIXED","PENDING_BUILD","WAS_MIXED_PRE_FIX","tel:+66642579353 only","CONFIRMED_ACTIVE","normalize_href_e164"
"/รับซื้อ/รับซื้อของไอทีเสีย-มุกดาหาร","src/content/serviceAreas/รับซื้อของไอทีเสีย-มุกดาหาร.md","markdown-body","serviceArea","tel:0642579353 x1","FIXED","PENDING_BUILD","WAS_MIXED_PRE_FIX","tel:+66642579353 only","CONFIRMED_ACTIVE","normalize_href_e164"
"/รับซื้อ/รับซื้อของไอทีเสีย-ยโสธร","src/content/serviceAreas/รับซื้อของไอทีเสีย-ยโสธร.md","markdown-body","serviceArea","tel:0642579353 x1","FIXED","PENDING_BUILD","WAS_MIXED_PRE_FIX","tel:+66642579353 only","CONFIRMED_ACTIVE","normalize_href_e164"
"/รับซื้อ/รับซื้อของไอทีเสีย-ร้อยเอ็ด","src/content/serviceAreas/รับซื้อของไอทีเสีย-ร้อยเอ็ด.md","markdown-body","serviceArea","tel:0642579353 x1","FIXED","PENDING_BUILD","WAS_MIXED_PRE_FIX","tel:+66642579353 only","CONFIRMED_ACTIVE","normalize_href_e164"
"/รับซื้อ/รับซื้อของไอทีเสีย-ศรีสะเกษ","src/content/serviceAreas/รับซื้อของไอทีเสีย-ศรีสะเกษ.md","markdown-body","serviceArea","tel:0642579353 x1","FIXED","PENDING_BUILD","WAS_MIXED_PRE_FIX","tel:+66642579353 only","CONFIRMED_ACTIVE","normalize_href_e164"
"/รับซื้อ/รับซื้อของไอทีเสีย-สกลนคร","src/content/serviceAreas/รับซื้อของไอทีเสีย-สกลนคร.md","markdown-body","serviceArea","tel:0642579353 x1","FIXED","PENDING_BUILD","WAS_MIXED_PRE_FIX","tel:+66642579353 only","CONFIRMED_ACTIVE","normalize_href_e164"
"/รับซื้อ/รับซื้อของไอทีเสีย-สุรินทร์","src/content/serviceAreas/รับซื้อของไอทีเสีย-สุรินทร์.md","markdown-body","serviceArea","tel:0642579353 x1","FIXED","PENDING_BUILD","WAS_MIXED_PRE_FIX","tel:+66642579353 only","CONFIRMED_ACTIVE","normalize_href_e164"
"/รับซื้อ/รับซื้อของไอทีเสีย-หนองคาย","src/content/serviceAreas/รับซื้อของไอทีเสีย-หนองคาย.md","markdown-body","serviceArea","tel:0642579353 x1","FIXED","PENDING_BUILD","WAS_MIXED_PRE_FIX","tel:+66642579353 only","CONFIRMED_ACTIVE","normalize_href_e164"
"/รับซื้อ/รับซื้อของไอทีเสีย-หนองบัวลำภู","src/content/serviceAreas/รับซื้อของไอทีเสีย-หนองบัวลำภู.md","markdown-body","serviceArea","tel:0642579353 x1","FIXED","PENDING_BUILD","WAS_MIXED_PRE_FIX","tel:+66642579353 only","CONFIRMED_ACTIVE","normalize_href_e164"
"/รับซื้อ/รับซื้อของไอทีเสีย-อำนาจเจริญ","src/content/serviceAreas/รับซื้อของไอทีเสีย-อำนาจเจริญ.md","markdown-body","serviceArea","tel:0642579353 x1","FIXED","PENDING_BUILD","WAS_MIXED_PRE_FIX","tel:+66642579353 only","CONFIRMED_ACTIVE","normalize_href_e164"
"/รับซื้อ/รับซื้อของไอทีเสีย-อุดรธานี","src/content/serviceAreas/รับซื้อของไอทีเสีย-อุดรธานี.md","markdown-body","serviceArea","tel:0642579353 x1","FIXED","PENDING_BUILD","WAS_MIXED_PRE_FIX","tel:+66642579353 only","CONFIRMED_ACTIVE","normalize_href_e164"
"/รับซื้อ/รับซื้อของไอทีเสีย-อุบลราชธานี","src/content/serviceAreas/รับซื้อของไอทีเสีย-อุบลราชธานี.md","markdown-body","serviceArea","tel:0642579353 x1","FIXED","PENDING_BUILD","WAS_MIXED_PRE_FIX","tel:+66642579353 only","CONFIRMED_ACTIVE","normalize_href_e164"
"/รับซื้อ/รับซื้อของไอทีเสีย-เลย","src/content/serviceAreas/รับซื้อของไอทีเสีย-เลย.md","markdown-body","serviceArea","tel:0642579353 x1","FIXED","PENDING_BUILD","WAS_MIXED_PRE_FIX","tel:+66642579353 only","CONFIRMED_ACTIVE","normalize_href_e164"
"/รับซื้อ/รับซื้อคอมบริษัท-กาฬสินธุ์","src/content/serviceAreas/รับซื้อคอมบริษัท-กาฬสินธุ์.md","markdown-body","serviceArea","tel:0642579353 x1","FIXED","PENDING_BUILD","WAS_MIXED_PRE_FIX","tel:+66642579353 only","CONFIRMED_ACTIVE","normalize_href_e164"
"/รับซื้อ/รับซื้อคอมบริษัท-ขอนแก่น","src/content/serviceAreas/รับซื้อคอมบริษัท-ขอนแก่น.md","markdown-body","serviceArea","tel:0642579353 x1","FIXED","PENDING_BUILD","WAS_MIXED_PRE_FIX","tel:+66642579353 only","CONFIRMED_ACTIVE","normalize_href_e164"
"/รับซื้อ/รับซื้อคอมบริษัท-ชัยภูมิ","src/content/serviceAreas/รับซื้อคอมบริษัท-ชัยภูมิ.md","markdown-body","serviceArea","tel:0642579353 x1","FIXED","PENDING_BUILD","WAS_MIXED_PRE_FIX","tel:+66642579353 only","CONFIRMED_ACTIVE","normalize_href_e164"
"/รับซื้อ/รับซื้อคอมบริษัท-นครพนม","src/content/serviceAreas/รับซื้อคอมบริษัท-นครพนม.md","markdown-body","serviceArea","tel:0642579353 x1","FIXED","PENDING_BUILD","WAS_MIXED_PRE_FIX","tel:+66642579353 only","CONFIRMED_ACTIVE","normalize_href_e164"
"/รับซื้อ/รับซื้อคอมบริษัท-นครราชสีมา","src/content/serviceAreas/รับซื้อคอมบริษัท-นครราชสีมา.md","markdown-body","serviceArea","tel:0642579353 x1","FIXED","PENDING_BUILD","WAS_MIXED_PRE_FIX","tel:+66642579353 only","CONFIRMED_ACTIVE","normalize_href_e164"
"/รับซื้อ/รับซื้อคอมบริษัท-บึงกาฬ","src/content/serviceAreas/รับซื้อคอมบริษัท-บึงกาฬ.md","markdown-body","serviceArea","tel:0642579353 x1","FIXED","PENDING_BUILD","WAS_MIXED_PRE_FIX","tel:+66642579353 only","CONFIRMED_ACTIVE","normalize_href_e164"
"/รับซื้อ/รับซื้อคอมบริษัท-บุรีรัมย์","src/content/serviceAreas/รับซื้อคอมบริษัท-บุรีรัมย์.md","markdown-body","serviceArea","tel:0642579353 x1","FIXED","PENDING_BUILD","WAS_MIXED_PRE_FIX","tel:+66642579353 only","CONFIRMED_ACTIVE","normalize_href_e164"
"/รับซื้อ/รับซื้อคอมบริษัท-มหาสารคาม","src/content/serviceAreas/รับซื้อคอมบริษัท-มหาสารคาม.md","markdown-body","serviceArea","tel:0642579353 x1","FIXED","PENDING_BUILD","WAS_MIXED_PRE_FIX","tel:+66642579353 only","CONFIRMED_ACTIVE","normalize_href_e164"
"/รับซื้อ/รับซื้อคอมบริษัท-มุกดาหาร","src/content/serviceAreas/รับซื้อคอมบริษัท-มุกดาหาร.md","markdown-body","serviceArea","tel:0642579353 x1","FIXED","PENDING_BUILD","WAS_MIXED_PRE_FIX","tel:+66642579353 only","CONFIRMED_ACTIVE","normalize_href_e164"
"/รับซื้อ/รับซื้อคอมบริษัท-ยโสธร","src/content/serviceAreas/รับซื้อคอมบริษัท-ยโสธร.md","markdown-body","serviceArea","tel:0642579353 x1","FIXED","PENDING_BUILD","WAS_MIXED_PRE_FIX","tel:+66642579353 only","CONFIRMED_ACTIVE","normalize_href_e164"
"/รับซื้อ/รับซื้อคอมบริษัท-ร้อยเอ็ด","src/content/serviceAreas/รับซื้อคอมบริษัท-ร้อยเอ็ด.md","markdown-body","serviceArea","tel:0642579353 x1","FIXED","PENDING_BUILD","WAS_MIXED_PRE_FIX","tel:+66642579353 only","CONFIRMED_ACTIVE","normalize_href_e164"
"/รับซื้อ/รับซื้อคอมบริษัท-ศรีสะเกษ","src/content/serviceAreas/รับซื้อคอมบริษัท-ศรีสะเกษ.md","markdown-body","serviceArea","tel:0642579353 x1","FIXED","PENDING_BUILD","WAS_MIXED_PRE_FIX","tel:+66642579353 only","CONFIRMED_ACTIVE","normalize_href_e164"
"/รับซื้อ/รับซื้อคอมบริษัท-สกลนคร","src/content/serviceAreas/รับซื้อคอมบริษัท-สกลนคร.md","markdown-body","serviceArea","tel:0642579353 x1","FIXED","PENDING_BUILD","WAS_MIXED_PRE_FIX","tel:+66642579353 only","CONFIRMED_ACTIVE","normalize_href_e164"
"/รับซื้อ/รับซื้อคอมบริษัท-สุรินทร์","src/content/serviceAreas/รับซื้อคอมบริษัท-สุรินทร์.md","markdown-body","serviceArea","tel:0642579353 x1","FIXED","PENDING_BUILD","WAS_MIXED_PRE_FIX","tel:+66642579353 only","CONFIRMED_ACTIVE","normalize_href_e164"
"/รับซื้อ/รับซื้อคอมบริษัท-หนองคาย","src/content/serviceAreas/รับซื้อคอมบริษัท-หนองคาย.md","markdown-body","serviceArea","tel:0642579353 x1","FIXED","PENDING_BUILD","WAS_MIXED_PRE_FIX","tel:+66642579353 only","CONFIRMED_ACTIVE","normalize_href_e164"
"/รับซื้อ/รับซื้อคอมบริษัท-หนองบัวลำภู","src/content/serviceAreas/รับซื้อคอมบริษัท-หนองบัวลำภู.md","markdown-body","serviceArea","tel:0642579353 x1","FIXED","PENDING_BUILD","WAS_MIXED_PRE_FIX","tel:+66642579353 only","CONFIRMED_ACTIVE","normalize_href_e164"
"/รับซื้อ/รับซื้อคอมบริษัท-อำนาจเจริญ","src/content/serviceAreas/รับซื้อคอมบริษัท-อำนาจเจริญ.md","markdown-body","serviceArea","tel:0642579353 x1","FIXED","PENDING_BUILD","WAS_MIXED_PRE_FIX","tel:+66642579353 only","CONFIRMED_ACTIVE","normalize_href_e164"
"/รับซื้อ/รับซื้อคอมบริษัท-อุดรธานี","src/content/serviceAreas/รับซื้อคอมบริษัท-อุดรธานี.md","markdown-body","serviceArea","tel:0642579353 x1","FIXED","PENDING_BUILD","WAS_MIXED_PRE_FIX","tel:+66642579353 only","CONFIRMED_ACTIVE","normalize_href_e164"
"/รับซื้อ/รับซื้อคอมบริษัท-อุบลราชธานี","src/content/serviceAreas/รับซื้อคอมบริษัท-อุบลราชธานี.md","markdown-body","serviceArea","tel:0642579353 x1","FIXED","PENDING_BUILD","WAS_MIXED_PRE_FIX","tel:+66642579353 only","CONFIRMED_ACTIVE","normalize_href_e164"
"/รับซื้อ/รับซื้อคอมบริษัท-เลย","src/content/serviceAreas/รับซื้อคอมบริษัท-เลย.md","markdown-body","serviceArea","tel:0642579353 x1","FIXED","PENDING_BUILD","WAS_MIXED_PRE_FIX","tel:+66642579353 only","CONFIRMED_ACTIVE","normalize_href_e164"
"/รับซื้อ/รับซื้อคอมพิวเตอร์-กาฬสินธุ์","src/content/serviceAreas/รับซื้อคอมพิวเตอร์-กาฬสินธุ์.md","markdown-body","serviceArea","tel:0642579353 x1","FIXED","PENDING_BUILD","WAS_MIXED_PRE_FIX","tel:+66642579353 only","CONFIRMED_ACTIVE","normalize_href_e164"
"/รับซื้อ/รับซื้อคอมพิวเตอร์-ขอนแก่น","src/content/serviceAreas/รับซื้อคอมพิวเตอร์-ขอนแก่น.md","markdown-body","serviceArea","tel:0642579353 x1","FIXED","PENDING_BUILD","WAS_MIXED_PRE_FIX","tel:+66642579353 only","CONFIRMED_ACTIVE","normalize_href_e164"
"/รับซื้อ/รับซื้อคอมพิวเตอร์-ชัยภูมิ","src/content/serviceAreas/รับซื้อคอมพิวเตอร์-ชัยภูมิ.md","markdown-body","serviceArea","tel:0642579353 x1","FIXED","PENDING_BUILD","WAS_MIXED_PRE_FIX","tel:+66642579353 only","CONFIRMED_ACTIVE","normalize_href_e164"
"/รับซื้อ/รับซื้อคอมพิวเตอร์-นครพนม","src/content/serviceAreas/รับซื้อคอมพิวเตอร์-นครพนม.md","markdown-body","serviceArea","tel:0642579353 x1","FIXED","PENDING_BUILD","WAS_MIXED_PRE_FIX","tel:+66642579353 only","CONFIRMED_ACTIVE","normalize_href_e164"
"/รับซื้อ/รับซื้อคอมพิวเตอร์-นครราชสีมา","src/content/serviceAreas/รับซื้อคอมพิวเตอร์-นครราชสีมา.md","markdown-body","serviceArea","tel:0642579353 x1","FIXED","PENDING_BUILD","WAS_MIXED_PRE_FIX","tel:+66642579353 only","CONFIRMED_ACTIVE","normalize_href_e164"
"/รับซื้อ/รับซื้อคอมพิวเตอร์-บึงกาฬ","src/content/serviceAreas/รับซื้อคอมพิวเตอร์-บึงกาฬ.md","markdown-body","serviceArea","tel:0642579353 x1","FIXED","PENDING_BUILD","WAS_MIXED_PRE_FIX","tel:+66642579353 only","CONFIRMED_ACTIVE","normalize_href_e164"
"/รับซื้อ/รับซื้อคอมพิวเตอร์-บุรีรัมย์","src/content/serviceAreas/รับซื้อคอมพิวเตอร์-บุรีรัมย์.md","markdown-body","serviceArea","tel:0642579353 x1","FIXED","PENDING_BUILD","WAS_MIXED_PRE_FIX","tel:+66642579353 only","CONFIRMED_ACTIVE","normalize_href_e164"
"/รับซื้อ/รับซื้อคอมพิวเตอร์-มหาสารคาม","src/content/serviceAreas/รับซื้อคอมพิวเตอร์-มหาสารคาม.md","markdown-body","serviceArea","tel:0642579353 x1","FIXED","PENDING_BUILD","WAS_MIXED_PRE_FIX","tel:+66642579353 only","CONFIRMED_ACTIVE","normalize_href_e164"
"/รับซื้อ/รับซื้อคอมพิวเตอร์-มุกดาหาร","src/content/serviceAreas/รับซื้อคอมพิวเตอร์-มุกดาหาร.md","markdown-body","serviceArea","tel:0642579353 x1","FIXED","PENDING_BUILD","WAS_MIXED_PRE_FIX","tel:+66642579353 only","CONFIRMED_ACTIVE","normalize_href_e164"
"/รับซื้อ/รับซื้อคอมพิวเตอร์-ยโสธร","src/content/serviceAreas/รับซื้อคอมพิวเตอร์-ยโสธร.md","markdown-body","serviceArea","tel:0642579353 x1","FIXED","PENDING_BUILD","WAS_MIXED_PRE_FIX","tel:+66642579353 only","CONFIRMED_ACTIVE","normalize_href_e164"
"/รับซื้อ/รับซื้อคอมพิวเตอร์-ร้อยเอ็ด","src/content/serviceAreas/รับซื้อคอมพิวเตอร์-ร้อยเอ็ด.md","markdown-body","serviceArea","tel:0642579353 x1","FIXED","PENDING_BUILD","WAS_MIXED_PRE_FIX","tel:+66642579353 only","CONFIRMED_ACTIVE","normalize_href_e164"
"/รับซื้อ/รับซื้อคอมพิวเตอร์-ศรีสะเกษ","src/content/serviceAreas/รับซื้อคอมพิวเตอร์-ศรีสะเกษ.md","markdown-body","serviceArea","tel:0642579353 x1","FIXED","PENDING_BUILD","WAS_MIXED_PRE_FIX","tel:+66642579353 only","CONFIRMED_ACTIVE","normalize_href_e164"
"/รับซื้อ/รับซื้อคอมพิวเตอร์-สกลนคร","src/content/serviceAreas/รับซื้อคอมพิวเตอร์-สกลนคร.md","markdown-body","serviceArea","tel:0642579353 x1","FIXED","PENDING_BUILD","WAS_MIXED_PRE_FIX","tel:+66642579353 only","CONFIRMED_ACTIVE","normalize_href_e164"
"/รับซื้อ/รับซื้อคอมพิวเตอร์-สุรินทร์","src/content/serviceAreas/รับซื้อคอมพิวเตอร์-สุรินทร์.md","markdown-body","serviceArea","tel:0642579353 x1","FIXED","PENDING_BUILD","WAS_MIXED_PRE_FIX","tel:+66642579353 only","CONFIRMED_ACTIVE","normalize_href_e164"
"/รับซื้อ/รับซื้อคอมพิวเตอร์-หนองคาย","src/content/serviceAreas/รับซื้อคอมพิวเตอร์-หนองคาย.md","markdown-body","serviceArea","tel:0642579353 x1","FIXED","PENDING_BUILD","WAS_MIXED_PRE_FIX","tel:+66642579353 only","CONFIRMED_ACTIVE","normalize_href_e164"
"/รับซื้อ/รับซื้อคอมพิวเตอร์-หนองบัวลำภู","src/content/serviceAreas/รับซื้อคอมพิวเตอร์-หนองบัวลำภู.md","markdown-body","serviceArea","tel:0642579353 x1","FIXED","PENDING_BUILD","WAS_MIXED_PRE_FIX","tel:+66642579353 only","CONFIRMED_ACTIVE","normalize_href_e164"
"/รับซื้อ/รับซื้อคอมพิวเตอร์-อำนาจเจริญ","src/content/serviceAreas/รับซื้อคอมพิวเตอร์-อำนาจเจริญ.md","markdown-body","serviceArea","tel:0642579353 x1","FIXED","PENDING_BUILD","WAS_MIXED_PRE_FIX","tel:+66642579353 only","CONFIRMED_ACTIVE","normalize_href_e164"
"/รับซื้อ/รับซื้อคอมพิวเตอร์-อุดรธานี","src/content/serviceAreas/รับซื้อคอมพิวเตอร์-อุดรธานี.md","markdown-body","serviceArea","tel:0642579353 x1","FIXED","PENDING_BUILD","WAS_MIXED_PRE_FIX","tel:+66642579353 only","CONFIRMED_ACTIVE","normalize_href_e164"
"/รับซื้อ/รับซื้อคอมพิวเตอร์-อุบลราชธานี","src/content/serviceAreas/รับซื้อคอมพิวเตอร์-อุบลราชธานี.md","markdown-body","serviceArea","tel:0642579353 x1","FIXED","PENDING_BUILD","WAS_MIXED_PRE_FIX","tel:+66642579353 only","CONFIRMED_ACTIVE","normalize_href_e164"
"/รับซื้อ/รับซื้อคอมพิวเตอร์-เลย","src/content/serviceAreas/รับซื้อคอมพิวเตอร์-เลย.md","markdown-body","serviceArea","tel:0642579353 x1","FIXED","PENDING_BUILD","WAS_MIXED_PRE_FIX","tel:+66642579353 only","CONFIRMED_ACTIVE","normalize_href_e164"
"/รับซื้อ/รับซื้อคอมเกมมิ่ง-กาฬสินธุ์","src/content/serviceAreas/รับซื้อคอมเกมมิ่ง-กาฬสินธุ์.md","markdown-body","serviceArea","tel:0642579353 x1","FIXED","PENDING_BUILD","WAS_MIXED_PRE_FIX","tel:+66642579353 only","CONFIRMED_ACTIVE","normalize_href_e164"
"/รับซื้อ/รับซื้อคอมเกมมิ่ง-ขอนแก่น","src/content/serviceAreas/รับซื้อคอมเกมมิ่ง-ขอนแก่น.md","markdown-body","serviceArea","tel:0642579353 x1","FIXED","PENDING_BUILD","WAS_MIXED_PRE_FIX","tel:+66642579353 only","CONFIRMED_ACTIVE","normalize_href_e164"
"/รับซื้อ/รับซื้อคอมเกมมิ่ง-ชัยภูมิ","src/content/serviceAreas/รับซื้อคอมเกมมิ่ง-ชัยภูมิ.md","markdown-body","serviceArea","tel:0642579353 x1","FIXED","PENDING_BUILD","WAS_MIXED_PRE_FIX","tel:+66642579353 only","CONFIRMED_ACTIVE","normalize_href_e164"
"/รับซื้อ/รับซื้อคอมเกมมิ่ง-นครพนม","src/content/serviceAreas/รับซื้อคอมเกมมิ่ง-นครพนม.md","markdown-body","serviceArea","tel:0642579353 x1","FIXED","PENDING_BUILD","WAS_MIXED_PRE_FIX","tel:+66642579353 only","CONFIRMED_ACTIVE","normalize_href_e164"
"/รับซื้อ/รับซื้อคอมเกมมิ่ง-นครราชสีมา","src/content/serviceAreas/รับซื้อคอมเกมมิ่ง-นครราชสีมา.md","markdown-body","serviceArea","tel:0642579353 x1","FIXED","PENDING_BUILD","WAS_MIXED_PRE_FIX","tel:+66642579353 only","CONFIRMED_ACTIVE","normalize_href_e164"
"/รับซื้อ/รับซื้อคอมเกมมิ่ง-บึงกาฬ","src/content/serviceAreas/รับซื้อคอมเกมมิ่ง-บึงกาฬ.md","markdown-body","serviceArea","tel:0642579353 x1","FIXED","PENDING_BUILD","WAS_MIXED_PRE_FIX","tel:+66642579353 only","CONFIRMED_ACTIVE","normalize_href_e164"
"/รับซื้อ/รับซื้อคอมเกมมิ่ง-บุรีรัมย์","src/content/serviceAreas/รับซื้อคอมเกมมิ่ง-บุรีรัมย์.md","markdown-body","serviceArea","tel:0642579353 x1","FIXED","PENDING_BUILD","WAS_MIXED_PRE_FIX","tel:+66642579353 only","CONFIRMED_ACTIVE","normalize_href_e164"
"/รับซื้อ/รับซื้อคอมเกมมิ่ง-มหาสารคาม","src/content/serviceAreas/รับซื้อคอมเกมมิ่ง-มหาสารคาม.md","markdown-body","serviceArea","tel:0642579353 x1","FIXED","PENDING_BUILD","WAS_MIXED_PRE_FIX","tel:+66642579353 only","CONFIRMED_ACTIVE","normalize_href_e164"
"/รับซื้อ/รับซื้อคอมเกมมิ่ง-มุกดาหาร","src/content/serviceAreas/รับซื้อคอมเกมมิ่ง-มุกดาหาร.md","markdown-body","serviceArea","tel:0642579353 x1","FIXED","PENDING_BUILD","WAS_MIXED_PRE_FIX","tel:+66642579353 only","CONFIRMED_ACTIVE","normalize_href_e164"
"/รับซื้อ/รับซื้อคอมเกมมิ่ง-ยโสธร","src/content/serviceAreas/รับซื้อคอมเกมมิ่ง-ยโสธร.md","markdown-body","serviceArea","tel:0642579353 x1","FIXED","PENDING_BUILD","WAS_MIXED_PRE_FIX","tel:+66642579353 only","CONFIRMED_ACTIVE","normalize_href_e164"
"/รับซื้อ/รับซื้อคอมเกมมิ่ง-ร้อยเอ็ด","src/content/serviceAreas/รับซื้อคอมเกมมิ่ง-ร้อยเอ็ด.md","markdown-body","serviceArea","tel:0642579353 x1","FIXED","PENDING_BUILD","WAS_MIXED_PRE_FIX","tel:+66642579353 only","CONFIRMED_ACTIVE","normalize_href_e164"
"/รับซื้อ/รับซื้อคอมเกมมิ่ง-ศรีสะเกษ","src/content/serviceAreas/รับซื้อคอมเกมมิ่ง-ศรีสะเกษ.md","markdown-body","serviceArea","tel:0642579353 x1","FIXED","PENDING_BUILD","WAS_MIXED_PRE_FIX","tel:+66642579353 only","CONFIRMED_ACTIVE","normalize_href_e164"
"/รับซื้อ/รับซื้อคอมเกมมิ่ง-สกลนคร","src/content/serviceAreas/รับซื้อคอมเกมมิ่ง-สกลนคร.md","markdown-body","serviceArea","tel:0642579353 x1","FIXED","PENDING_BUILD","WAS_MIXED_PRE_FIX","tel:+66642579353 only","CONFIRMED_ACTIVE","normalize_href_e164"
"/รับซื้อ/รับซื้อคอมเกมมิ่ง-สุรินทร์","src/content/serviceAreas/รับซื้อคอมเกมมิ่ง-สุรินทร์.md","markdown-body","serviceArea","tel:0642579353 x1","FIXED","PENDING_BUILD","WAS_MIXED_PRE_FIX","tel:+66642579353 only","CONFIRMED_ACTIVE","normalize_href_e164"
"/รับซื้อ/รับซื้อคอมเกมมิ่ง-หนองคาย","src/content/serviceAreas/รับซื้อคอมเกมมิ่ง-หนองคาย.md","markdown-body","serviceArea","tel:0642579353 x1","FIXED","PENDING_BUILD","WAS_MIXED_PRE_FIX","tel:+66642579353 only","CONFIRMED_ACTIVE","normalize_href_e164"
"/รับซื้อ/รับซื้อคอมเกมมิ่ง-หนองบัวลำภู","src/content/serviceAreas/รับซื้อคอมเกมมิ่ง-หนองบัวลำภู.md","markdown-body","serviceArea","tel:0642579353 x1","FIXED","PENDING_BUILD","WAS_MIXED_PRE_FIX","tel:+66642579353 only","CONFIRMED_ACTIVE","normalize_href_e164"
"/รับซื้อ/รับซื้อคอมเกมมิ่ง-อำนาจเจริญ","src/content/serviceAreas/รับซื้อคอมเกมมิ่ง-อำนาจเจริญ.md","markdown-body","serviceArea","tel:0642579353 x1","FIXED","PENDING_BUILD","WAS_MIXED_PRE_FIX","tel:+66642579353 only","CONFIRMED_ACTIVE","normalize_href_e164"
"/รับซื้อ/รับซื้อคอมเกมมิ่ง-อุดรธานี","src/content/serviceAreas/รับซื้อคอมเกมมิ่ง-อุดรธานี.md","markdown-body","serviceArea","tel:0642579353 x1","FIXED","PENDING_BUILD","WAS_MIXED_PRE_FIX","tel:+66642579353 only","CONFIRMED_ACTIVE","normalize_href_e164"
"/รับซื้อ/รับซื้อคอมเกมมิ่ง-อุบลราชธานี","src/content/serviceAreas/รับซื้อคอมเกมมิ่ง-อุบลราชธานี.md","markdown-body","serviceArea","tel:0642579353 x1","FIXED","PENDING_BUILD","WAS_MIXED_PRE_FIX","tel:+66642579353 only","CONFIRMED_ACTIVE","normalize_href_e164"
"/รับซื้อ/รับซื้อคอมเกมมิ่ง-เลย","src/content/serviceAreas/รับซื้อคอมเกมมิ่ง-เลย.md","markdown-body","serviceArea","tel:0642579353 x1","FIXED","PENDING_BUILD","WAS_MIXED_PRE_FIX","tel:+66642579353 only","CONFIRMED_ACTIVE","normalize_href_e164"
"/รับซื้อ/รับซื้อจอคอม-กาฬสินธุ์","src/content/serviceAreas/รับซื้อจอคอม-กาฬสินธุ์.md","markdown-body","serviceArea","tel:0642579353 x1","FIXED","PENDING_BUILD","WAS_MIXED_PRE_FIX","tel:+66642579353 only","CONFIRMED_ACTIVE","normalize_href_e164"
"/รับซื้อ/รับซื้อจอคอม-ขอนแก่น","src/content/serviceAreas/รับซื้อจอคอม-ขอนแก่น.md","markdown-body","serviceArea","tel:0642579353 x1","FIXED","PENDING_BUILD","WAS_MIXED_PRE_FIX","tel:+66642579353 only","CONFIRMED_ACTIVE","normalize_href_e164"
"/รับซื้อ/รับซื้อจอคอม-ชัยภูมิ","src/content/serviceAreas/รับซื้อจอคอม-ชัยภูมิ.md","markdown-body","serviceArea","tel:0642579353 x1","FIXED","PENDING_BUILD","WAS_MIXED_PRE_FIX","tel:+66642579353 only","CONFIRMED_ACTIVE","normalize_href_e164"
"/รับซื้อ/รับซื้อจอคอม-นครพนม","src/content/serviceAreas/รับซื้อจอคอม-นครพนม.md","markdown-body","serviceArea","tel:0642579353 x1","FIXED","PENDING_BUILD","WAS_MIXED_PRE_FIX","tel:+66642579353 only","CONFIRMED_ACTIVE","normalize_href_e164"
"/รับซื้อ/รับซื้อจอคอม-นครราชสีมา","src/content/serviceAreas/รับซื้อจอคอม-นครราชสีมา.md","markdown-body","serviceArea","tel:0642579353 x1","FIXED","PENDING_BUILD","WAS_MIXED_PRE_FIX","tel:+66642579353 only","CONFIRMED_ACTIVE","normalize_href_e164"
"/รับซื้อ/รับซื้อจอคอม-บึงกาฬ","src/content/serviceAreas/รับซื้อจอคอม-บึงกาฬ.md","markdown-body","serviceArea","tel:0642579353 x1","FIXED","PENDING_BUILD","WAS_MIXED_PRE_FIX","tel:+66642579353 only","CONFIRMED_ACTIVE","normalize_href_e164"
"/รับซื้อ/รับซื้อจอคอม-บุรีรัมย์","src/content/serviceAreas/รับซื้อจอคอม-บุรีรัมย์.md","markdown-body","serviceArea","tel:0642579353 x1","FIXED","PENDING_BUILD","WAS_MIXED_PRE_FIX","tel:+66642579353 only","CONFIRMED_ACTIVE","normalize_href_e164"
"/รับซื้อ/รับซื้อจอคอม-มหาสารคาม","src/content/serviceAreas/รับซื้อจอคอม-มหาสารคาม.md","markdown-body","serviceArea","tel:0642579353 x1","FIXED","PENDING_BUILD","WAS_MIXED_PRE_FIX","tel:+66642579353 only","CONFIRMED_ACTIVE","normalize_href_e164"
"/รับซื้อ/รับซื้อจอคอม-มุกดาหาร","src/content/serviceAreas/รับซื้อจอคอม-มุกดาหาร.md","markdown-body","serviceArea","tel:0642579353 x1","FIXED","PENDING_BUILD","WAS_MIXED_PRE_FIX","tel:+66642579353 only","CONFIRMED_ACTIVE","normalize_href_e164"
"/รับซื้อ/รับซื้อจอคอม-ยโสธร","src/content/serviceAreas/รับซื้อจอคอม-ยโสธร.md","markdown-body","serviceArea","tel:0642579353 x1","FIXED","PENDING_BUILD","WAS_MIXED_PRE_FIX","tel:+66642579353 only","CONFIRMED_ACTIVE","normalize_href_e164"
"/รับซื้อ/รับซื้อจอคอม-ร้อยเอ็ด","src/content/serviceAreas/รับซื้อจอคอม-ร้อยเอ็ด.md","markdown-body","serviceArea","tel:0642579353 x1","FIXED","PENDING_BUILD","WAS_MIXED_PRE_FIX","tel:+66642579353 only","CONFIRMED_ACTIVE","normalize_href_e164"
"/รับซื้อ/รับซื้อจอคอม-ศรีสะเกษ","src/content/serviceAreas/รับซื้อจอคอม-ศรีสะเกษ.md","markdown-body","serviceArea","tel:0642579353 x1","FIXED","PENDING_BUILD","WAS_MIXED_PRE_FIX","tel:+66642579353 only","CONFIRMED_ACTIVE","normalize_href_e164"
"/รับซื้อ/รับซื้อจอคอม-สกลนคร","src/content/serviceAreas/รับซื้อจอคอม-สกลนคร.md","markdown-body","serviceArea","tel:0642579353 x1","FIXED","PENDING_BUILD","WAS_MIXED_PRE_FIX","tel:+66642579353 only","CONFIRMED_ACTIVE","normalize_href_e164"
"/รับซื้อ/รับซื้อจอคอม-สุรินทร์","src/content/serviceAreas/รับซื้อจอคอม-สุรินทร์.md","markdown-body","serviceArea","tel:0642579353 x1","FIXED","PENDING_BUILD","WAS_MIXED_PRE_FIX","tel:+66642579353 only","CONFIRMED_ACTIVE","normalize_href_e164"
"/รับซื้อ/รับซื้อจอคอม-หนองคาย","src/content/serviceAreas/รับซื้อจอคอม-หนองคาย.md","markdown-body","serviceArea","tel:0642579353 x1","FIXED","PENDING_BUILD","WAS_MIXED_PRE_FIX","tel:+66642579353 only","CONFIRMED_ACTIVE","normalize_href_e164"
"/รับซื้อ/รับซื้อจอคอม-หนองบัวลำภู","src/content/serviceAreas/รับซื้อจอคอม-หนองบัวลำภู.md","markdown-body","serviceArea","tel:0642579353 x1","FIXED","PENDING_BUILD","WAS_MIXED_PRE_FIX","tel:+66642579353 only","CONFIRMED_ACTIVE","normalize_href_e164"
"/รับซื้อ/รับซื้อจอคอม-อำนาจเจริญ","src/content/serviceAreas/รับซื้อจอคอม-อำนาจเจริญ.md","markdown-body","serviceArea","tel:0642579353 x1","FIXED","PENDING_BUILD","WAS_MIXED_PRE_FIX","tel:+66642579353 only","CONFIRMED_ACTIVE","normalize_href_e164"
"/รับซื้อ/รับซื้อจอคอม-อุดรธานี","src/content/serviceAreas/รับซื้อจอคอม-อุดรธานี.md","markdown-body","serviceArea","tel:0642579353 x1","FIXED","PENDING_BUILD","WAS_MIXED_PRE_FIX","tel:+66642579353 only","CONFIRMED_ACTIVE","normalize_href_e164"
"/รับซื้อ/รับซื้อจอคอม-อุบลราชธานี","src/content/serviceAreas/รับซื้อจอคอม-อุบลราชธานี.md","markdown-body","serviceArea","tel:0642579353 x1","FIXED","PENDING_BUILD","WAS_MIXED_PRE_FIX","tel:+66642579353 only","CONFIRMED_ACTIVE","normalize_href_e164"
"/รับซื้อ/รับซื้อจอคอม-เลย","src/content/serviceAreas/รับซื้อจอคอม-เลย.md","markdown-body","serviceArea","tel:0642579353 x1","FIXED","PENDING_BUILD","WAS_MIXED_PRE_FIX","tel:+66642579353 only","CONFIRMED_ACTIVE","normalize_href_e164"
"/รับซื้อ/รับซื้อจอเกมมิ่ง-กาฬสินธุ์","src/content/serviceAreas/รับซื้อจอเกมมิ่ง-กาฬสินธุ์.md","markdown-body","serviceArea","tel:0642579353 x1","FIXED","PENDING_BUILD","WAS_MIXED_PRE_FIX","tel:+66642579353 only","CONFIRMED_ACTIVE","normalize_href_e164"
"/รับซื้อ/รับซื้อจอเกมมิ่ง-ขอนแก่น","src/content/serviceAreas/รับซื้อจอเกมมิ่ง-ขอนแก่น.md","markdown-body","serviceArea","tel:0642579353 x1","FIXED","PENDING_BUILD","WAS_MIXED_PRE_FIX","tel:+66642579353 only","CONFIRMED_ACTIVE","normalize_href_e164"
"/รับซื้อ/รับซื้อจอเกมมิ่ง-ชัยภูมิ","src/content/serviceAreas/รับซื้อจอเกมมิ่ง-ชัยภูมิ.md","markdown-body","serviceArea","tel:0642579353 x1","FIXED","PENDING_BUILD","WAS_MIXED_PRE_FIX","tel:+66642579353 only","CONFIRMED_ACTIVE","normalize_href_e164"
"/รับซื้อ/รับซื้อจอเกมมิ่ง-นครพนม","src/content/serviceAreas/รับซื้อจอเกมมิ่ง-นครพนม.md","markdown-body","serviceArea","tel:0642579353 x1","FIXED","PENDING_BUILD","WAS_MIXED_PRE_FIX","tel:+66642579353 only","CONFIRMED_ACTIVE","normalize_href_e164"
"/รับซื้อ/รับซื้อจอเกมมิ่ง-นครราชสีมา","src/content/serviceAreas/รับซื้อจอเกมมิ่ง-นครราชสีมา.md","markdown-body","serviceArea","tel:0642579353 x1","FIXED","PENDING_BUILD","WAS_MIXED_PRE_FIX","tel:+66642579353 only","CONFIRMED_ACTIVE","normalize_href_e164"
"/รับซื้อ/รับซื้อจอเกมมิ่ง-บึงกาฬ","src/content/serviceAreas/รับซื้อจอเกมมิ่ง-บึงกาฬ.md","markdown-body","serviceArea","tel:0642579353 x1","FIXED","PENDING_BUILD","WAS_MIXED_PRE_FIX","tel:+66642579353 only","CONFIRMED_ACTIVE","normalize_href_e164"
"/รับซื้อ/รับซื้อจอเกมมิ่ง-บุรีรัมย์","src/content/serviceAreas/รับซื้อจอเกมมิ่ง-บุรีรัมย์.md","markdown-body","serviceArea","tel:0642579353 x1","FIXED","PENDING_BUILD","WAS_MIXED_PRE_FIX","tel:+66642579353 only","CONFIRMED_ACTIVE","normalize_href_e164"
"/รับซื้อ/รับซื้อจอเกมมิ่ง-มหาสารคาม","src/content/serviceAreas/รับซื้อจอเกมมิ่ง-มหาสารคาม.md","markdown-body","serviceArea","tel:0642579353 x1","FIXED","PENDING_BUILD","WAS_MIXED_PRE_FIX","tel:+66642579353 only","CONFIRMED_ACTIVE","normalize_href_e164"
"/รับซื้อ/รับซื้อจอเกมมิ่ง-มุกดาหาร","src/content/serviceAreas/รับซื้อจอเกมมิ่ง-มุกดาหาร.md","markdown-body","serviceArea","tel:0642579353 x1","FIXED","PENDING_BUILD","WAS_MIXED_PRE_FIX","tel:+66642579353 only","CONFIRMED_ACTIVE","normalize_href_e164"
"/รับซื้อ/รับซื้อจอเกมมิ่ง-ยโสธร","src/content/serviceAreas/รับซื้อจอเกมมิ่ง-ยโสธร.md","markdown-body","serviceArea","tel:0642579353 x1","FIXED","PENDING_BUILD","WAS_MIXED_PRE_FIX","tel:+66642579353 only","CONFIRMED_ACTIVE","normalize_href_e164"
"/รับซื้อ/รับซื้อจอเกมมิ่ง-ร้อยเอ็ด","src/content/serviceAreas/รับซื้อจอเกมมิ่ง-ร้อยเอ็ด.md","markdown-body","serviceArea","tel:0642579353 x1","FIXED","PENDING_BUILD","WAS_MIXED_PRE_FIX","tel:+66642579353 only","CONFIRMED_ACTIVE","normalize_href_e164"
"/รับซื้อ/รับซื้อจอเกมมิ่ง-ศรีสะเกษ","src/content/serviceAreas/รับซื้อจอเกมมิ่ง-ศรีสะเกษ.md","markdown-body","serviceArea","tel:0642579353 x1","FIXED","PENDING_BUILD","WAS_MIXED_PRE_FIX","tel:+66642579353 only","CONFIRMED_ACTIVE","normalize_href_e164"
"/รับซื้อ/รับซื้อจอเกมมิ่ง-สกลนคร","src/content/serviceAreas/รับซื้อจอเกมมิ่ง-สกลนคร.md","markdown-body","serviceArea","tel:0642579353 x1","FIXED","PENDING_BUILD","WAS_MIXED_PRE_FIX","tel:+66642579353 only","CONFIRMED_ACTIVE","normalize_href_e164"
"/รับซื้อ/รับซื้อจอเกมมิ่ง-สุรินทร์","src/content/serviceAreas/รับซื้อจอเกมมิ่ง-สุรินทร์.md","markdown-body","serviceArea","tel:0642579353 x1","FIXED","PENDING_BUILD","WAS_MIXED_PRE_FIX","tel:+66642579353 only","CONFIRMED_ACTIVE","normalize_href_e164"
"/รับซื้อ/รับซื้อจอเกมมิ่ง-หนองคาย","src/content/serviceAreas/รับซื้อจอเกมมิ่ง-หนองคาย.md","markdown-body","serviceArea","tel:0642579353 x1","FIXED","PENDING_BUILD","WAS_MIXED_PRE_FIX","tel:+66642579353 only","CONFIRMED_ACTIVE","normalize_href_e164"
"/รับซื้อ/รับซื้อจอเกมมิ่ง-หนองบัวลำภู","src/content/serviceAreas/รับซื้อจอเกมมิ่ง-หนองบัวลำภู.md","markdown-body","serviceArea","tel:0642579353 x1","FIXED","PENDING_BUILD","WAS_MIXED_PRE_FIX","tel:+66642579353 only","CONFIRMED_ACTIVE","normalize_href_e164"
"/รับซื้อ/รับซื้อจอเกมมิ่ง-อำนาจเจริญ","src/content/serviceAreas/รับซื้อจอเกมมิ่ง-อำนาจเจริญ.md","markdown-body","serviceArea","tel:0642579353 x1","FIXED","PENDING_BUILD","WAS_MIXED_PRE_FIX","tel:+66642579353 only","CONFIRMED_ACTIVE","normalize_href_e164"
"/รับซื้อ/รับซื้อจอเกมมิ่ง-อุดรธานี","src/content/serviceAreas/รับซื้อจอเกมมิ่ง-อุดรธานี.md","markdown-body","serviceArea","tel:0642579353 x1","FIXED","PENDING_BUILD","WAS_MIXED_PRE_FIX","tel:+66642579353 only","CONFIRMED_ACTIVE","normalize_href_e164"
"/รับซื้อ/รับซื้อจอเกมมิ่ง-อุบลราชธานี","src/content/serviceAreas/รับซื้อจอเกมมิ่ง-อุบลราชธานี.md","markdown-body","serviceArea","tel:0642579353 x1","FIXED","PENDING_BUILD","WAS_MIXED_PRE_FIX","tel:+66642579353 only","CONFIRMED_ACTIVE","normalize_href_e164"
"/รับซื้อ/รับซื้อจอเกมมิ่ง-เลย","src/content/serviceAreas/รับซื้อจอเกมมิ่ง-เลย.md","markdown-body","serviceArea","tel:0642579353 x1","FIXED","PENDING_BUILD","WAS_MIXED_PRE_FIX","tel:+66642579353 only","CONFIRMED_ACTIVE","normalize_href_e164"
"/รับซื้อ/รับซื้อซีพียู-กาฬสินธุ์","src/content/serviceAreas/รับซื้อซีพียู-กาฬสินธุ์.md","markdown-body","serviceArea","tel:0642579353 x1","FIXED","PENDING_BUILD","WAS_MIXED_PRE_FIX","tel:+66642579353 only","CONFIRMED_ACTIVE","normalize_href_e164"
"/รับซื้อ/รับซื้อซีพียู-ขอนแก่น","src/content/serviceAreas/รับซื้อซีพียู-ขอนแก่น.md","markdown-body","serviceArea","tel:0642579353 x1","FIXED","PENDING_BUILD","WAS_MIXED_PRE_FIX","tel:+66642579353 only","CONFIRMED_ACTIVE","normalize_href_e164"
"/รับซื้อ/รับซื้อซีพียู-ชัยภูมิ","src/content/serviceAreas/รับซื้อซีพียู-ชัยภูมิ.md","markdown-body","serviceArea","tel:0642579353 x1","FIXED","PENDING_BUILD","WAS_MIXED_PRE_FIX","tel:+66642579353 only","CONFIRMED_ACTIVE","normalize_href_e164"
"/รับซื้อ/รับซื้อซีพียู-นครพนม","src/content/serviceAreas/รับซื้อซีพียู-นครพนม.md","markdown-body","serviceArea","tel:0642579353 x1","FIXED","PENDING_BUILD","WAS_MIXED_PRE_FIX","tel:+66642579353 only","CONFIRMED_ACTIVE","normalize_href_e164"
"/รับซื้อ/รับซื้อซีพียู-นครราชสีมา","src/content/serviceAreas/รับซื้อซีพียู-นครราชสีมา.md","markdown-body","serviceArea","tel:0642579353 x1","FIXED","PENDING_BUILD","WAS_MIXED_PRE_FIX","tel:+66642579353 only","CONFIRMED_ACTIVE","normalize_href_e164"
"/รับซื้อ/รับซื้อซีพียู-บึงกาฬ","src/content/serviceAreas/รับซื้อซีพียู-บึงกาฬ.md","markdown-body","serviceArea","tel:0642579353 x1","FIXED","PENDING_BUILD","WAS_MIXED_PRE_FIX","tel:+66642579353 only","CONFIRMED_ACTIVE","normalize_href_e164"
"/รับซื้อ/รับซื้อซีพียู-บุรีรัมย์","src/content/serviceAreas/รับซื้อซีพียู-บุรีรัมย์.md","markdown-body","serviceArea","tel:0642579353 x1","FIXED","PENDING_BUILD","WAS_MIXED_PRE_FIX","tel:+66642579353 only","CONFIRMED_ACTIVE","normalize_href_e164"
"/รับซื้อ/รับซื้อซีพียู-มหาสารคาม","src/content/serviceAreas/รับซื้อซีพียู-มหาสารคาม.md","markdown-body","serviceArea","tel:0642579353 x1","FIXED","PENDING_BUILD","WAS_MIXED_PRE_FIX","tel:+66642579353 only","CONFIRMED_ACTIVE","normalize_href_e164"
"/รับซื้อ/รับซื้อซีพียู-มุกดาหาร","src/content/serviceAreas/รับซื้อซีพียู-มุกดาหาร.md","markdown-body","serviceArea","tel:0642579353 x1","FIXED","PENDING_BUILD","WAS_MIXED_PRE_FIX","tel:+66642579353 only","CONFIRMED_ACTIVE","normalize_href_e164"
"/รับซื้อ/รับซื้อซีพียู-ยโสธร","src/content/serviceAreas/รับซื้อซีพียู-ยโสธร.md","markdown-body","serviceArea","tel:0642579353 x1","FIXED","PENDING_BUILD","WAS_MIXED_PRE_FIX","tel:+66642579353 only","CONFIRMED_ACTIVE","normalize_href_e164"
"/รับซื้อ/รับซื้อซีพียู-ร้อยเอ็ด","src/content/serviceAreas/รับซื้อซีพียู-ร้อยเอ็ด.md","markdown-body","serviceArea","tel:0642579353 x1","FIXED","PENDING_BUILD","WAS_MIXED_PRE_FIX","tel:+66642579353 only","CONFIRMED_ACTIVE","normalize_href_e164"
"/รับซื้อ/รับซื้อซีพียู-ศรีสะเกษ","src/content/serviceAreas/รับซื้อซีพียู-ศรีสะเกษ.md","markdown-body","serviceArea","tel:0642579353 x1","FIXED","PENDING_BUILD","WAS_MIXED_PRE_FIX","tel:+66642579353 only","CONFIRMED_ACTIVE","normalize_href_e164"
"/รับซื้อ/รับซื้อซีพียู-สกลนคร","src/content/serviceAreas/รับซื้อซีพียู-สกลนคร.md","markdown-body","serviceArea","tel:0642579353 x1","FIXED","PENDING_BUILD","WAS_MIXED_PRE_FIX","tel:+66642579353 only","CONFIRMED_ACTIVE","normalize_href_e164"
"/รับซื้อ/รับซื้อซีพียู-สุรินทร์","src/content/serviceAreas/รับซื้อซีพียู-สุรินทร์.md","markdown-body","serviceArea","tel:0642579353 x1","FIXED","PENDING_BUILD","WAS_MIXED_PRE_FIX","tel:+66642579353 only","CONFIRMED_ACTIVE","normalize_href_e164"
"/รับซื้อ/รับซื้อซีพียู-หนองคาย","src/content/serviceAreas/รับซื้อซีพียู-หนองคาย.md","markdown-body","serviceArea","tel:0642579353 x1","FIXED","PENDING_BUILD","WAS_MIXED_PRE_FIX","tel:+66642579353 only","CONFIRMED_ACTIVE","normalize_href_e164"
"/รับซื้อ/รับซื้อซีพียู-หนองบัวลำภู","src/content/serviceAreas/รับซื้อซีพียู-หนองบัวลำภู.md","markdown-body","serviceArea","tel:0642579353 x1","FIXED","PENDING_BUILD","WAS_MIXED_PRE_FIX","tel:+66642579353 only","CONFIRMED_ACTIVE","normalize_href_e164"
"/รับซื้อ/รับซื้อซีพียู-อำนาจเจริญ","src/content/serviceAreas/รับซื้อซีพียู-อำนาจเจริญ.md","markdown-body","serviceArea","tel:0642579353 x1","FIXED","PENDING_BUILD","WAS_MIXED_PRE_FIX","tel:+66642579353 only","CONFIRMED_ACTIVE","normalize_href_e164"
"/รับซื้อ/รับซื้อซีพียู-อุดรธานี","src/content/serviceAreas/รับซื้อซีพียู-อุดรธานี.md","markdown-body","serviceArea","tel:0642579353 x1","FIXED","PENDING_BUILD","WAS_MIXED_PRE_FIX","tel:+66642579353 only","CONFIRMED_ACTIVE","normalize_href_e164"
"/รับซื้อ/รับซื้อซีพียู-อุบลราชธานี","src/content/serviceAreas/รับซื้อซีพียู-อุบลราชธานี.md","markdown-body","serviceArea","tel:0642579353 x1","FIXED","PENDING_BUILD","WAS_MIXED_PRE_FIX","tel:+66642579353 only","CONFIRMED_ACTIVE","normalize_href_e164"
"/รับซื้อ/รับซื้อซีพียู-เลย","src/content/serviceAreas/รับซื้อซีพียู-เลย.md","markdown-body","serviceArea","tel:0642579353 x1","FIXED","PENDING_BUILD","WAS_MIXED_PRE_FIX","tel:+66642579353 only","CONFIRMED_ACTIVE","normalize_href_e164"
"/รับซื้อ/รับซื้อลำโพงบลูทูธ-กาฬสินธุ์","src/content/serviceAreas/รับซื้อลำโพงบลูทูธ-กาฬสินธุ์.md","markdown-body","serviceArea","tel:0642579353 x1","FIXED","PENDING_BUILD","WAS_MIXED_PRE_FIX","tel:+66642579353 only","CONFIRMED_ACTIVE","normalize_href_e164"
"/รับซื้อ/รับซื้อลำโพงบลูทูธ-ขอนแก่น","src/content/serviceAreas/รับซื้อลำโพงบลูทูธ-ขอนแก่น.md","markdown-body","serviceArea","tel:0642579353 x1","FIXED","PENDING_BUILD","WAS_MIXED_PRE_FIX","tel:+66642579353 only","CONFIRMED_ACTIVE","normalize_href_e164"
"/รับซื้อ/รับซื้อลำโพงบลูทูธ-ชัยภูมิ","src/content/serviceAreas/รับซื้อลำโพงบลูทูธ-ชัยภูมิ.md","markdown-body","serviceArea","tel:0642579353 x1","FIXED","PENDING_BUILD","WAS_MIXED_PRE_FIX","tel:+66642579353 only","CONFIRMED_ACTIVE","normalize_href_e164"
"/รับซื้อ/รับซื้อลำโพงบลูทูธ-นครพนม","src/content/serviceAreas/รับซื้อลำโพงบลูทูธ-นครพนม.md","markdown-body","serviceArea","tel:0642579353 x1","FIXED","PENDING_BUILD","WAS_MIXED_PRE_FIX","tel:+66642579353 only","CONFIRMED_ACTIVE","normalize_href_e164"
"/รับซื้อ/รับซื้อลำโพงบลูทูธ-นครราชสีมา","src/content/serviceAreas/รับซื้อลำโพงบลูทูธ-นครราชสีมา.md","markdown-body","serviceArea","tel:0642579353 x1","FIXED","PENDING_BUILD","WAS_MIXED_PRE_FIX","tel:+66642579353 only","CONFIRMED_ACTIVE","normalize_href_e164"
"/รับซื้อ/รับซื้อลำโพงบลูทูธ-บึงกาฬ","src/content/serviceAreas/รับซื้อลำโพงบลูทูธ-บึงกาฬ.md","markdown-body","serviceArea","tel:0642579353 x1","FIXED","PENDING_BUILD","WAS_MIXED_PRE_FIX","tel:+66642579353 only","CONFIRMED_ACTIVE","normalize_href_e164"
"/รับซื้อ/รับซื้อลำโพงบลูทูธ-บุรีรัมย์","src/content/serviceAreas/รับซื้อลำโพงบลูทูธ-บุรีรัมย์.md","markdown-body","serviceArea","tel:0642579353 x1","FIXED","PENDING_BUILD","WAS_MIXED_PRE_FIX","tel:+66642579353 only","CONFIRMED_ACTIVE","normalize_href_e164"
"/รับซื้อ/รับซื้อลำโพงบลูทูธ-มหาสารคาม","src/content/serviceAreas/รับซื้อลำโพงบลูทูธ-มหาสารคาม.md","markdown-body","serviceArea","tel:0642579353 x1","FIXED","PENDING_BUILD","WAS_MIXED_PRE_FIX","tel:+66642579353 only","CONFIRMED_ACTIVE","normalize_href_e164"
"/รับซื้อ/รับซื้อลำโพงบลูทูธ-มุกดาหาร","src/content/serviceAreas/รับซื้อลำโพงบลูทูธ-มุกดาหาร.md","markdown-body","serviceArea","tel:0642579353 x1","FIXED","PENDING_BUILD","WAS_MIXED_PRE_FIX","tel:+66642579353 only","CONFIRMED_ACTIVE","normalize_href_e164"
"/รับซื้อ/รับซื้อลำโพงบลูทูธ-ยโสธร","src/content/serviceAreas/รับซื้อลำโพงบลูทูธ-ยโสธร.md","markdown-body","serviceArea","tel:0642579353 x1","FIXED","PENDING_BUILD","WAS_MIXED_PRE_FIX","tel:+66642579353 only","CONFIRMED_ACTIVE","normalize_href_e164"
"/รับซื้อ/รับซื้อลำโพงบลูทูธ-ร้อยเอ็ด","src/content/serviceAreas/รับซื้อลำโพงบลูทูธ-ร้อยเอ็ด.md","markdown-body","serviceArea","tel:0642579353 x1","FIXED","PENDING_BUILD","WAS_MIXED_PRE_FIX","tel:+66642579353 only","CONFIRMED_ACTIVE","normalize_href_e164"
"/รับซื้อ/รับซื้อลำโพงบลูทูธ-ศรีสะเกษ","src/content/serviceAreas/รับซื้อลำโพงบลูทูธ-ศรีสะเกษ.md","markdown-body","serviceArea","tel:0642579353 x1","FIXED","PENDING_BUILD","WAS_MIXED_PRE_FIX","tel:+66642579353 only","CONFIRMED_ACTIVE","normalize_href_e164"
"/รับซื้อ/รับซื้อลำโพงบลูทูธ-สกลนคร","src/content/serviceAreas/รับซื้อลำโพงบลูทูธ-สกลนคร.md","markdown-body","serviceArea","tel:0642579353 x1","FIXED","PENDING_BUILD","WAS_MIXED_PRE_FIX","tel:+66642579353 only","CONFIRMED_ACTIVE","normalize_href_e164"
"/รับซื้อ/รับซื้อลำโพงบลูทูธ-สุรินทร์","src/content/serviceAreas/รับซื้อลำโพงบลูทูธ-สุรินทร์.md","markdown-body","serviceArea","tel:0642579353 x1","FIXED","PENDING_BUILD","WAS_MIXED_PRE_FIX","tel:+66642579353 only","CONFIRMED_ACTIVE","normalize_href_e164"
"/รับซื้อ/รับซื้อลำโพงบลูทูธ-หนองคาย","src/content/serviceAreas/รับซื้อลำโพงบลูทูธ-หนองคาย.md","markdown-body","serviceArea","tel:0642579353 x1","FIXED","PENDING_BUILD","WAS_MIXED_PRE_FIX","tel:+66642579353 only","CONFIRMED_ACTIVE","normalize_href_e164"
"/รับซื้อ/รับซื้อลำโพงบลูทูธ-หนองบัวลำภู","src/content/serviceAreas/รับซื้อลำโพงบลูทูธ-หนองบัวลำภู.md","markdown-body","serviceArea","tel:0642579353 x1","FIXED","PENDING_BUILD","WAS_MIXED_PRE_FIX","tel:+66642579353 only","CONFIRMED_ACTIVE","normalize_href_e164"
"/รับซื้อ/รับซื้อลำโพงบลูทูธ-อำนาจเจริญ","src/content/serviceAreas/รับซื้อลำโพงบลูทูธ-อำนาจเจริญ.md","markdown-body","serviceArea","tel:0642579353 x1","FIXED","PENDING_BUILD","WAS_MIXED_PRE_FIX","tel:+66642579353 only","CONFIRMED_ACTIVE","normalize_href_e164"
"/รับซื้อ/รับซื้อลำโพงบลูทูธ-อุดรธานี","src/content/serviceAreas/รับซื้อลำโพงบลูทูธ-อุดรธานี.md","markdown-body","serviceArea","tel:0642579353 x1","FIXED","PENDING_BUILD","WAS_MIXED_PRE_FIX","tel:+66642579353 only","CONFIRMED_ACTIVE","normalize_href_e164"
"/รับซื้อ/รับซื้อลำโพงบลูทูธ-อุบลราชธานี","src/content/serviceAreas/รับซื้อลำโพงบลูทูธ-อุบลราชธานี.md","markdown-body","serviceArea","tel:0642579353 x1","FIXED","PENDING_BUILD","WAS_MIXED_PRE_FIX","tel:+66642579353 only","CONFIRMED_ACTIVE","normalize_href_e164"
"/รับซื้อ/รับซื้อลำโพงบลูทูธ-เลย","src/content/serviceAreas/รับซื้อลำโพงบลูทูธ-เลย.md","markdown-body","serviceArea","tel:0642579353 x1","FIXED","PENDING_BUILD","WAS_MIXED_PRE_FIX","tel:+66642579353 only","CONFIRMED_ACTIVE","normalize_href_e164"
"/รับซื้อ/รับซื้อสินค้าไอที-กาฬสินธุ์","src/content/serviceAreas/รับซื้อสินค้าไอที-กาฬสินธุ์.md","markdown-body","serviceArea","tel:0642579353 x1","FIXED","PENDING_BUILD","WAS_MIXED_PRE_FIX","tel:+66642579353 only","CONFIRMED_ACTIVE","normalize_href_e164"
"/รับซื้อ/รับซื้อสินค้าไอที-ขอนแก่น","src/content/serviceAreas/รับซื้อสินค้าไอที-ขอนแก่น.md","markdown-body","serviceArea","tel:0642579353 x1","FIXED","PENDING_BUILD","WAS_MIXED_PRE_FIX","tel:+66642579353 only","CONFIRMED_ACTIVE","normalize_href_e164"
"/รับซื้อ/รับซื้อสินค้าไอที-ชัยภูมิ","src/content/serviceAreas/รับซื้อสินค้าไอที-ชัยภูมิ.md","markdown-body","serviceArea","tel:0642579353 x1","FIXED","PENDING_BUILD","WAS_MIXED_PRE_FIX","tel:+66642579353 only","CONFIRMED_ACTIVE","normalize_href_e164"
"/รับซื้อ/รับซื้อสินค้าไอที-นครพนม","src/content/serviceAreas/รับซื้อสินค้าไอที-นครพนม.md","markdown-body","serviceArea","tel:0642579353 x1","FIXED","PENDING_BUILD","WAS_MIXED_PRE_FIX","tel:+66642579353 only","CONFIRMED_ACTIVE","normalize_href_e164"
"/รับซื้อ/รับซื้อสินค้าไอที-นครราชสีมา","src/content/serviceAreas/รับซื้อสินค้าไอที-นครราชสีมา.md","markdown-body","serviceArea","tel:0642579353 x1","FIXED","PENDING_BUILD","WAS_MIXED_PRE_FIX","tel:+66642579353 only","CONFIRMED_ACTIVE","normalize_href_e164"
"/รับซื้อ/รับซื้อสินค้าไอที-บึงกาฬ","src/content/serviceAreas/รับซื้อสินค้าไอที-บึงกาฬ.md","markdown-body","serviceArea","tel:0642579353 x1","FIXED","PENDING_BUILD","WAS_MIXED_PRE_FIX","tel:+66642579353 only","CONFIRMED_ACTIVE","normalize_href_e164"
"/รับซื้อ/รับซื้อสินค้าไอที-บุรีรัมย์","src/content/serviceAreas/รับซื้อสินค้าไอที-บุรีรัมย์.md","markdown-body","serviceArea","tel:0642579353 x1","FIXED","PENDING_BUILD","WAS_MIXED_PRE_FIX","tel:+66642579353 only","CONFIRMED_ACTIVE","normalize_href_e164"
"/รับซื้อ/รับซื้อสินค้าไอที-มหาสารคาม","src/content/serviceAreas/รับซื้อสินค้าไอที-มหาสารคาม.md","markdown-body","serviceArea","tel:0642579353 x1","FIXED","PENDING_BUILD","WAS_MIXED_PRE_FIX","tel:+66642579353 only","CONFIRMED_ACTIVE","normalize_href_e164"
"/รับซื้อ/รับซื้อสินค้าไอที-มุกดาหาร","src/content/serviceAreas/รับซื้อสินค้าไอที-มุกดาหาร.md","markdown-body","serviceArea","tel:0642579353 x1","FIXED","PENDING_BUILD","WAS_MIXED_PRE_FIX","tel:+66642579353 only","CONFIRMED_ACTIVE","normalize_href_e164"
"/รับซื้อ/รับซื้อสินค้าไอที-ยโสธร","src/content/serviceAreas/รับซื้อสินค้าไอที-ยโสธร.md","markdown-body","serviceArea","tel:0642579353 x1","FIXED","PENDING_BUILD","WAS_MIXED_PRE_FIX","tel:+66642579353 only","CONFIRMED_ACTIVE","normalize_href_e164"
"/รับซื้อ/รับซื้อสินค้าไอที-ร้อยเอ็ด","src/content/serviceAreas/รับซื้อสินค้าไอที-ร้อยเอ็ด.md","markdown-body","serviceArea","tel:0642579353 x1","FIXED","PENDING_BUILD","WAS_MIXED_PRE_FIX","tel:+66642579353 only","CONFIRMED_ACTIVE","normalize_href_e164"
"/รับซื้อ/รับซื้อสินค้าไอที-ศรีสะเกษ","src/content/serviceAreas/รับซื้อสินค้าไอที-ศรีสะเกษ.md","markdown-body","serviceArea","tel:0642579353 x1","FIXED","PENDING_BUILD","WAS_MIXED_PRE_FIX","tel:+66642579353 only","CONFIRMED_ACTIVE","normalize_href_e164"
"/รับซื้อ/รับซื้อสินค้าไอที-สกลนคร","src/content/serviceAreas/รับซื้อสินค้าไอที-สกลนคร.md","markdown-body","serviceArea","tel:0642579353 x1","FIXED","PENDING_BUILD","WAS_MIXED_PRE_FIX","tel:+66642579353 only","CONFIRMED_ACTIVE","normalize_href_e164"
"/รับซื้อ/รับซื้อสินค้าไอที-สุรินทร์","src/content/serviceAreas/รับซื้อสินค้าไอที-สุรินทร์.md","markdown-body","serviceArea","tel:0642579353 x1","FIXED","PENDING_BUILD","WAS_MIXED_PRE_FIX","tel:+66642579353 only","CONFIRMED_ACTIVE","normalize_href_e164"
"/รับซื้อ/รับซื้อสินค้าไอที-หนองคาย","src/content/serviceAreas/รับซื้อสินค้าไอที-หนองคาย.md","markdown-body","serviceArea","tel:0642579353 x1","FIXED","PENDING_BUILD","WAS_MIXED_PRE_FIX","tel:+66642579353 only","CONFIRMED_ACTIVE","normalize_href_e164"
"/รับซื้อ/รับซื้อสินค้าไอที-หนองบัวลำภู","src/content/serviceAreas/รับซื้อสินค้าไอที-หนองบัวลำภู.md","markdown-body","serviceArea","tel:0642579353 x1","FIXED","PENDING_BUILD","WAS_MIXED_PRE_FIX","tel:+66642579353 only","CONFIRMED_ACTIVE","normalize_href_e164"
"/รับซื้อ/รับซื้อสินค้าไอที-อำนาจเจริญ","src/content/serviceAreas/รับซื้อสินค้าไอที-อำนาจเจริญ.md","markdown-body","serviceArea","tel:0642579353 x1","FIXED","PENDING_BUILD","WAS_MIXED_PRE_FIX","tel:+66642579353 only","CONFIRMED_ACTIVE","normalize_href_e164"
"/รับซื้อ/รับซื้อสินค้าไอที-อุดรธานี","src/content/serviceAreas/รับซื้อสินค้าไอที-อุดรธานี.md","markdown-body","serviceArea","tel:0642579353 x1","FIXED","PENDING_BUILD","WAS_MIXED_PRE_FIX","tel:+66642579353 only","CONFIRMED_ACTIVE","normalize_href_e164"
"/รับซื้อ/รับซื้อสินค้าไอที-อุบลราชธานี","src/content/serviceAreas/รับซื้อสินค้าไอที-อุบลราชธานี.md","markdown-body","serviceArea","tel:0642579353 x1","FIXED","PENDING_BUILD","WAS_MIXED_PRE_FIX","tel:+66642579353 only","CONFIRMED_ACTIVE","normalize_href_e164"
"/รับซื้อ/รับซื้อสินค้าไอที-เลย","src/content/serviceAreas/รับซื้อสินค้าไอที-เลย.md","markdown-body","serviceArea","tel:0642579353 x1","FIXED","PENDING_BUILD","WAS_MIXED_PRE_FIX","tel:+66642579353 only","CONFIRMED_ACTIVE","normalize_href_e164"
"/รับซื้อ/รับซื้อหูฟัง-กาฬสินธุ์","src/content/serviceAreas/รับซื้อหูฟัง-กาฬสินธุ์.md","markdown-body","serviceArea","tel:0642579353 x1","FIXED","PENDING_BUILD","WAS_MIXED_PRE_FIX","tel:+66642579353 only","CONFIRMED_ACTIVE","normalize_href_e164"
"/รับซื้อ/รับซื้อหูฟัง-ขอนแก่น","src/content/serviceAreas/รับซื้อหูฟัง-ขอนแก่น.md","markdown-body","serviceArea","tel:0642579353 x1","FIXED","PENDING_BUILD","WAS_MIXED_PRE_FIX","tel:+66642579353 only","CONFIRMED_ACTIVE","normalize_href_e164"
"/รับซื้อ/รับซื้อหูฟัง-ชัยภูมิ","src/content/serviceAreas/รับซื้อหูฟัง-ชัยภูมิ.md","markdown-body","serviceArea","tel:0642579353 x1","FIXED","PENDING_BUILD","WAS_MIXED_PRE_FIX","tel:+66642579353 only","CONFIRMED_ACTIVE","normalize_href_e164"
"/รับซื้อ/รับซื้อหูฟัง-นครพนม","src/content/serviceAreas/รับซื้อหูฟัง-นครพนม.md","markdown-body","serviceArea","tel:0642579353 x1","FIXED","PENDING_BUILD","WAS_MIXED_PRE_FIX","tel:+66642579353 only","CONFIRMED_ACTIVE","normalize_href_e164"
"/รับซื้อ/รับซื้อหูฟัง-นครราชสีมา","src/content/serviceAreas/รับซื้อหูฟัง-นครราชสีมา.md","markdown-body","serviceArea","tel:0642579353 x1","FIXED","PENDING_BUILD","WAS_MIXED_PRE_FIX","tel:+66642579353 only","CONFIRMED_ACTIVE","normalize_href_e164"
"/รับซื้อ/รับซื้อหูฟัง-บึงกาฬ","src/content/serviceAreas/รับซื้อหูฟัง-บึงกาฬ.md","markdown-body","serviceArea","tel:0642579353 x1","FIXED","PENDING_BUILD","WAS_MIXED_PRE_FIX","tel:+66642579353 only","CONFIRMED_ACTIVE","normalize_href_e164"
"/รับซื้อ/รับซื้อหูฟัง-บุรีรัมย์","src/content/serviceAreas/รับซื้อหูฟัง-บุรีรัมย์.md","markdown-body","serviceArea","tel:0642579353 x1","FIXED","PENDING_BUILD","WAS_MIXED_PRE_FIX","tel:+66642579353 only","CONFIRMED_ACTIVE","normalize_href_e164"
"/รับซื้อ/รับซื้อหูฟัง-มหาสารคาม","src/content/serviceAreas/รับซื้อหูฟัง-มหาสารคาม.md","markdown-body","serviceArea","tel:0642579353 x1","FIXED","PENDING_BUILD","WAS_MIXED_PRE_FIX","tel:+66642579353 only","CONFIRMED_ACTIVE","normalize_href_e164"
"/รับซื้อ/รับซื้อหูฟัง-มุกดาหาร","src/content/serviceAreas/รับซื้อหูฟัง-มุกดาหาร.md","markdown-body","serviceArea","tel:0642579353 x1","FIXED","PENDING_BUILD","WAS_MIXED_PRE_FIX","tel:+66642579353 only","CONFIRMED_ACTIVE","normalize_href_e164"
"/รับซื้อ/รับซื้อหูฟัง-ยโสธร","src/content/serviceAreas/รับซื้อหูฟัง-ยโสธร.md","markdown-body","serviceArea","tel:0642579353 x1","FIXED","PENDING_BUILD","WAS_MIXED_PRE_FIX","tel:+66642579353 only","CONFIRMED_ACTIVE","normalize_href_e164"
"/รับซื้อ/รับซื้อหูฟัง-ร้อยเอ็ด","src/content/serviceAreas/รับซื้อหูฟัง-ร้อยเอ็ด.md","markdown-body","serviceArea","tel:0642579353 x1","FIXED","PENDING_BUILD","WAS_MIXED_PRE_FIX","tel:+66642579353 only","CONFIRMED_ACTIVE","normalize_href_e164"
"/รับซื้อ/รับซื้อหูฟัง-ศรีสะเกษ","src/content/serviceAreas/รับซื้อหูฟัง-ศรีสะเกษ.md","markdown-body","serviceArea","tel:0642579353 x1","FIXED","PENDING_BUILD","WAS_MIXED_PRE_FIX","tel:+66642579353 only","CONFIRMED_ACTIVE","normalize_href_e164"
"/รับซื้อ/รับซื้อหูฟัง-สกลนคร","src/content/serviceAreas/รับซื้อหูฟัง-สกลนคร.md","markdown-body","serviceArea","tel:0642579353 x1","FIXED","PENDING_BUILD","WAS_MIXED_PRE_FIX","tel:+66642579353 only","CONFIRMED_ACTIVE","normalize_href_e164"
"/รับซื้อ/รับซื้อหูฟัง-สุรินทร์","src/content/serviceAreas/รับซื้อหูฟัง-สุรินทร์.md","markdown-body","serviceArea","tel:0642579353 x1","FIXED","PENDING_BUILD","WAS_MIXED_PRE_FIX","tel:+66642579353 only","CONFIRMED_ACTIVE","normalize_href_e164"
"/รับซื้อ/รับซื้อหูฟัง-หนองคาย","src/content/serviceAreas/รับซื้อหูฟัง-หนองคาย.md","markdown-body","serviceArea","tel:0642579353 x1","FIXED","PENDING_BUILD","WAS_MIXED_PRE_FIX","tel:+66642579353 only","CONFIRMED_ACTIVE","normalize_href_e164"
"/รับซื้อ/รับซื้อหูฟัง-หนองบัวลำภู","src/content/serviceAreas/รับซื้อหูฟัง-หนองบัวลำภู.md","markdown-body","serviceArea","tel:0642579353 x1","FIXED","PENDING_BUILD","WAS_MIXED_PRE_FIX","tel:+66642579353 only","CONFIRMED_ACTIVE","normalize_href_e164"
"/รับซื้อ/รับซื้อหูฟัง-อำนาจเจริญ","src/content/serviceAreas/รับซื้อหูฟัง-อำนาจเจริญ.md","markdown-body","serviceArea","tel:0642579353 x1","FIXED","PENDING_BUILD","WAS_MIXED_PRE_FIX","tel:+66642579353 only","CONFIRMED_ACTIVE","normalize_href_e164"
"/รับซื้อ/รับซื้อหูฟัง-อุดรธานี","src/content/serviceAreas/รับซื้อหูฟัง-อุดรธานี.md","markdown-body","serviceArea","tel:0642579353 x1","FIXED","PENDING_BUILD","WAS_MIXED_PRE_FIX","tel:+66642579353 only","CONFIRMED_ACTIVE","normalize_href_e164"
"/รับซื้อ/รับซื้อหูฟัง-อุบลราชธานี","src/content/serviceAreas/รับซื้อหูฟัง-อุบลราชธานี.md","markdown-body","serviceArea","tel:0642579353 x1","FIXED","PENDING_BUILD","WAS_MIXED_PRE_FIX","tel:+66642579353 only","CONFIRMED_ACTIVE","normalize_href_e164"
"/รับซื้อ/รับซื้อหูฟัง-เลย","src/content/serviceAreas/รับซื้อหูฟัง-เลย.md","markdown-body","serviceArea","tel:0642579353 x1","FIXED","PENDING_BUILD","WAS_MIXED_PRE_FIX","tel:+66642579353 only","CONFIRMED_ACTIVE","normalize_href_e164"
"/รับซื้อ/รับซื้ออุปกรณ์คอมพิวเตอร์-กาฬสินธุ์","src/content/serviceAreas/รับซื้ออุปกรณ์คอมพิวเตอร์-กาฬสินธุ์.md","markdown-body","serviceArea","tel:0642579353 x1","FIXED","PENDING_BUILD","WAS_MIXED_PRE_FIX","tel:+66642579353 only","CONFIRMED_ACTIVE","normalize_href_e164"
"/รับซื้อ/รับซื้ออุปกรณ์คอมพิวเตอร์-ขอนแก่น","src/content/serviceAreas/รับซื้ออุปกรณ์คอมพิวเตอร์-ขอนแก่น.md","markdown-body","serviceArea","tel:0642579353 x1","FIXED","PENDING_BUILD","WAS_MIXED_PRE_FIX","tel:+66642579353 only","CONFIRMED_ACTIVE","normalize_href_e164"
"/รับซื้อ/รับซื้ออุปกรณ์คอมพิวเตอร์-ชัยภูมิ","src/content/serviceAreas/รับซื้ออุปกรณ์คอมพิวเตอร์-ชัยภูมิ.md","markdown-body","serviceArea","tel:0642579353 x1","FIXED","PENDING_BUILD","WAS_MIXED_PRE_FIX","tel:+66642579353 only","CONFIRMED_ACTIVE","normalize_href_e164"
"/รับซื้อ/รับซื้ออุปกรณ์คอมพิวเตอร์-นครพนม","src/content/serviceAreas/รับซื้ออุปกรณ์คอมพิวเตอร์-นครพนม.md","markdown-body","serviceArea","tel:0642579353 x1","FIXED","PENDING_BUILD","WAS_MIXED_PRE_FIX","tel:+66642579353 only","CONFIRMED_ACTIVE","normalize_href_e164"
"/รับซื้อ/รับซื้ออุปกรณ์คอมพิวเตอร์-นครราชสีมา","src/content/serviceAreas/รับซื้ออุปกรณ์คอมพิวเตอร์-นครราชสีมา.md","markdown-body","serviceArea","tel:0642579353 x1","FIXED","PENDING_BUILD","WAS_MIXED_PRE_FIX","tel:+66642579353 only","CONFIRMED_ACTIVE","normalize_href_e164"
"/รับซื้อ/รับซื้ออุปกรณ์คอมพิวเตอร์-บึงกาฬ","src/content/serviceAreas/รับซื้ออุปกรณ์คอมพิวเตอร์-บึงกาฬ.md","markdown-body","serviceArea","tel:0642579353 x1","FIXED","PENDING_BUILD","WAS_MIXED_PRE_FIX","tel:+66642579353 only","CONFIRMED_ACTIVE","normalize_href_e164"
"/รับซื้อ/รับซื้ออุปกรณ์คอมพิวเตอร์-บุรีรัมย์","src/content/serviceAreas/รับซื้ออุปกรณ์คอมพิวเตอร์-บุรีรัมย์.md","markdown-body","serviceArea","tel:0642579353 x1","FIXED","PENDING_BUILD","WAS_MIXED_PRE_FIX","tel:+66642579353 only","CONFIRMED_ACTIVE","normalize_href_e164"
"/รับซื้อ/รับซื้ออุปกรณ์คอมพิวเตอร์-มหาสารคาม","src/content/serviceAreas/รับซื้ออุปกรณ์คอมพิวเตอร์-มหาสารคาม.md","markdown-body","serviceArea","tel:0642579353 x1","FIXED","PENDING_BUILD","WAS_MIXED_PRE_FIX","tel:+66642579353 only","CONFIRMED_ACTIVE","normalize_href_e164"
"/รับซื้อ/รับซื้ออุปกรณ์คอมพิวเตอร์-มุกดาหาร","src/content/serviceAreas/รับซื้ออุปกรณ์คอมพิวเตอร์-มุกดาหาร.md","markdown-body","serviceArea","tel:0642579353 x1","FIXED","PENDING_BUILD","WAS_MIXED_PRE_FIX","tel:+66642579353 only","CONFIRMED_ACTIVE","normalize_href_e164"
"/รับซื้อ/รับซื้ออุปกรณ์คอมพิวเตอร์-ยโสธร","src/content/serviceAreas/รับซื้ออุปกรณ์คอมพิวเตอร์-ยโสธร.md","markdown-body","serviceArea","tel:0642579353 x1","FIXED","PENDING_BUILD","WAS_MIXED_PRE_FIX","tel:+66642579353 only","CONFIRMED_ACTIVE","normalize_href_e164"
"/รับซื้อ/รับซื้ออุปกรณ์คอมพิวเตอร์-ร้อยเอ็ด","src/content/serviceAreas/รับซื้ออุปกรณ์คอมพิวเตอร์-ร้อยเอ็ด.md","markdown-body","serviceArea","tel:0642579353 x1","FIXED","PENDING_BUILD","WAS_MIXED_PRE_FIX","tel:+66642579353 only","CONFIRMED_ACTIVE","normalize_href_e164"
"/รับซื้อ/รับซื้ออุปกรณ์คอมพิวเตอร์-ศรีสะเกษ","src/content/serviceAreas/รับซื้ออุปกรณ์คอมพิวเตอร์-ศรีสะเกษ.md","markdown-body","serviceArea","tel:0642579353 x1","FIXED","PENDING_BUILD","WAS_MIXED_PRE_FIX","tel:+66642579353 only","CONFIRMED_ACTIVE","normalize_href_e164"
"/รับซื้อ/รับซื้ออุปกรณ์คอมพิวเตอร์-สกลนคร","src/content/serviceAreas/รับซื้ออุปกรณ์คอมพิวเตอร์-สกลนคร.md","markdown-body","serviceArea","tel:0642579353 x1","FIXED","PENDING_BUILD","WAS_MIXED_PRE_FIX","tel:+66642579353 only","CONFIRMED_ACTIVE","normalize_href_e164"
"/รับซื้อ/รับซื้ออุปกรณ์คอมพิวเตอร์-สุรินทร์","src/content/serviceAreas/รับซื้ออุปกรณ์คอมพิวเตอร์-สุรินทร์.md","markdown-body","serviceArea","tel:0642579353 x1","FIXED","PENDING_BUILD","WAS_MIXED_PRE_FIX","tel:+66642579353 only","CONFIRMED_ACTIVE","normalize_href_e164"
"/รับซื้อ/รับซื้ออุปกรณ์คอมพิวเตอร์-หนองคาย","src/content/serviceAreas/รับซื้ออุปกรณ์คอมพิวเตอร์-หนองคาย.md","markdown-body","serviceArea","tel:0642579353 x1","FIXED","PENDING_BUILD","WAS_MIXED_PRE_FIX","tel:+66642579353 only","CONFIRMED_ACTIVE","normalize_href_e164"
"/รับซื้อ/รับซื้ออุปกรณ์คอมพิวเตอร์-หนองบัวลำภู","src/content/serviceAreas/รับซื้ออุปกรณ์คอมพิวเตอร์-หนองบัวลำภู.md","markdown-body","serviceArea","tel:0642579353 x1","FIXED","PENDING_BUILD","WAS_MIXED_PRE_FIX","tel:+66642579353 only","CONFIRMED_ACTIVE","normalize_href_e164"
"/รับซื้อ/รับซื้ออุปกรณ์คอมพิวเตอร์-อำนาจเจริญ","src/content/serviceAreas/รับซื้ออุปกรณ์คอมพิวเตอร์-อำนาจเจริญ.md","markdown-body","serviceArea","tel:0642579353 x1","FIXED","PENDING_BUILD","WAS_MIXED_PRE_FIX","tel:+66642579353 only","CONFIRMED_ACTIVE","normalize_href_e164"
"/รับซื้อ/รับซื้ออุปกรณ์คอมพิวเตอร์-อุดรธานี","src/content/serviceAreas/รับซื้ออุปกรณ์คอมพิวเตอร์-อุดรธานี.md","markdown-body","serviceArea","tel:0642579353 x1","FIXED","PENDING_BUILD","WAS_MIXED_PRE_FIX","tel:+66642579353 only","CONFIRMED_ACTIVE","normalize_href_e164"
"/รับซื้อ/รับซื้ออุปกรณ์คอมพิวเตอร์-อุบลราชธานี","src/content/serviceAreas/รับซื้ออุปกรณ์คอมพิวเตอร์-อุบลราชธานี.md","markdown-body","serviceArea","tel:0642579353 x1","FIXED","PENDING_BUILD","WAS_MIXED_PRE_FIX","tel:+66642579353 only","CONFIRMED_ACTIVE","normalize_href_e164"
"/รับซื้อ/รับซื้ออุปกรณ์คอมพิวเตอร์-เลย","src/content/serviceAreas/รับซื้ออุปกรณ์คอมพิวเตอร์-เลย.md","markdown-body","serviceArea","tel:0642579353 x1","FIXED","PENDING_BUILD","WAS_MIXED_PRE_FIX","tel:+66642579353 only","CONFIRMED_ACTIVE","normalize_href_e164"
"/รับซื้อ/รับซื้ออุปกรณ์ไอที-กาฬสินธุ์","src/content/serviceAreas/รับซื้ออุปกรณ์ไอที-กาฬสินธุ์.md","markdown-body","serviceArea","tel:0642579353 x1","FIXED","PENDING_BUILD","WAS_MIXED_PRE_FIX","tel:+66642579353 only","CONFIRMED_ACTIVE","normalize_href_e164"
"/รับซื้อ/รับซื้ออุปกรณ์ไอที-ขอนแก่น","src/content/serviceAreas/รับซื้ออุปกรณ์ไอที-ขอนแก่น.md","markdown-body","serviceArea","tel:0642579353 x1","FIXED","PENDING_BUILD","WAS_MIXED_PRE_FIX","tel:+66642579353 only","CONFIRMED_ACTIVE","normalize_href_e164"
"/รับซื้อ/รับซื้ออุปกรณ์ไอที-ชัยภูมิ","src/content/serviceAreas/รับซื้ออุปกรณ์ไอที-ชัยภูมิ.md","markdown-body","serviceArea","tel:0642579353 x1","FIXED","PENDING_BUILD","WAS_MIXED_PRE_FIX","tel:+66642579353 only","CONFIRMED_ACTIVE","normalize_href_e164"
"/รับซื้อ/รับซื้ออุปกรณ์ไอที-นครพนม","src/content/serviceAreas/รับซื้ออุปกรณ์ไอที-นครพนม.md","markdown-body","serviceArea","tel:0642579353 x1","FIXED","PENDING_BUILD","WAS_MIXED_PRE_FIX","tel:+66642579353 only","CONFIRMED_ACTIVE","normalize_href_e164"
"/รับซื้อ/รับซื้ออุปกรณ์ไอที-นครราชสีมา","src/content/serviceAreas/รับซื้ออุปกรณ์ไอที-นครราชสีมา.md","markdown-body","serviceArea","tel:0642579353 x1","FIXED","PENDING_BUILD","WAS_MIXED_PRE_FIX","tel:+66642579353 only","CONFIRMED_ACTIVE","normalize_href_e164"
"/รับซื้อ/รับซื้ออุปกรณ์ไอที-บึงกาฬ","src/content/serviceAreas/รับซื้ออุปกรณ์ไอที-บึงกาฬ.md","markdown-body","serviceArea","tel:0642579353 x1","FIXED","PENDING_BUILD","WAS_MIXED_PRE_FIX","tel:+66642579353 only","CONFIRMED_ACTIVE","normalize_href_e164"
"/รับซื้อ/รับซื้ออุปกรณ์ไอที-บุรีรัมย์","src/content/serviceAreas/รับซื้ออุปกรณ์ไอที-บุรีรัมย์.md","markdown-body","serviceArea","tel:0642579353 x1","FIXED","PENDING_BUILD","WAS_MIXED_PRE_FIX","tel:+66642579353 only","CONFIRMED_ACTIVE","normalize_href_e164"
"/รับซื้อ/รับซื้ออุปกรณ์ไอที-มหาสารคาม","src/content/serviceAreas/รับซื้ออุปกรณ์ไอที-มหาสารคาม.md","markdown-body","serviceArea","tel:0642579353 x1","FIXED","PENDING_BUILD","WAS_MIXED_PRE_FIX","tel:+66642579353 only","CONFIRMED_ACTIVE","normalize_href_e164"
"/รับซื้อ/รับซื้ออุปกรณ์ไอที-มุกดาหาร","src/content/serviceAreas/รับซื้ออุปกรณ์ไอที-มุกดาหาร.md","markdown-body","serviceArea","tel:0642579353 x1","FIXED","PENDING_BUILD","WAS_MIXED_PRE_FIX","tel:+66642579353 only","CONFIRMED_ACTIVE","normalize_href_e164"
"/รับซื้อ/รับซื้ออุปกรณ์ไอที-ยโสธร","src/content/serviceAreas/รับซื้ออุปกรณ์ไอที-ยโสธร.md","markdown-body","serviceArea","tel:0642579353 x1","FIXED","PENDING_BUILD","WAS_MIXED_PRE_FIX","tel:+66642579353 only","CONFIRMED_ACTIVE","normalize_href_e164"
"/รับซื้อ/รับซื้ออุปกรณ์ไอที-ร้อยเอ็ด","src/content/serviceAreas/รับซื้ออุปกรณ์ไอที-ร้อยเอ็ด.md","markdown-body","serviceArea","tel:0642579353 x1","FIXED","PENDING_BUILD","WAS_MIXED_PRE_FIX","tel:+66642579353 only","CONFIRMED_ACTIVE","normalize_href_e164"
"/รับซื้อ/รับซื้ออุปกรณ์ไอที-ศรีสะเกษ","src/content/serviceAreas/รับซื้ออุปกรณ์ไอที-ศรีสะเกษ.md","markdown-body","serviceArea","tel:0642579353 x1","FIXED","PENDING_BUILD","WAS_MIXED_PRE_FIX","tel:+66642579353 only","CONFIRMED_ACTIVE","normalize_href_e164"
"/รับซื้อ/รับซื้ออุปกรณ์ไอที-สกลนคร","src/content/serviceAreas/รับซื้ออุปกรณ์ไอที-สกลนคร.md","markdown-body","serviceArea","tel:0642579353 x1","FIXED","PENDING_BUILD","WAS_MIXED_PRE_FIX","tel:+66642579353 only","CONFIRMED_ACTIVE","normalize_href_e164"
"/รับซื้อ/รับซื้ออุปกรณ์ไอที-สุรินทร์","src/content/serviceAreas/รับซื้ออุปกรณ์ไอที-สุรินทร์.md","markdown-body","serviceArea","tel:0642579353 x1","FIXED","PENDING_BUILD","WAS_MIXED_PRE_FIX","tel:+66642579353 only","CONFIRMED_ACTIVE","normalize_href_e164"
"/รับซื้อ/รับซื้ออุปกรณ์ไอที-หนองคาย","src/content/serviceAreas/รับซื้ออุปกรณ์ไอที-หนองคาย.md","markdown-body","serviceArea","tel:0642579353 x1","FIXED","PENDING_BUILD","WAS_MIXED_PRE_FIX","tel:+66642579353 only","CONFIRMED_ACTIVE","normalize_href_e164"
"/รับซื้อ/รับซื้ออุปกรณ์ไอที-หนองบัวลำภู","src/content/serviceAreas/รับซื้ออุปกรณ์ไอที-หนองบัวลำภู.md","markdown-body","serviceArea","tel:0642579353 x1","FIXED","PENDING_BUILD","WAS_MIXED_PRE_FIX","tel:+66642579353 only","CONFIRMED_ACTIVE","normalize_href_e164"
"/รับซื้อ/รับซื้ออุปกรณ์ไอที-อำนาจเจริญ","src/content/serviceAreas/รับซื้ออุปกรณ์ไอที-อำนาจเจริญ.md","markdown-body","serviceArea","tel:0642579353 x1","FIXED","PENDING_BUILD","WAS_MIXED_PRE_FIX","tel:+66642579353 only","CONFIRMED_ACTIVE","normalize_href_e164"
"/รับซื้อ/รับซื้ออุปกรณ์ไอที-อุดรธานี","src/content/serviceAreas/รับซื้ออุปกรณ์ไอที-อุดรธานี.md","markdown-body","serviceArea","tel:0642579353 x1","FIXED","PENDING_BUILD","WAS_MIXED_PRE_FIX","tel:+66642579353 only","CONFIRMED_ACTIVE","normalize_href_e164"
"/รับซื้อ/รับซื้ออุปกรณ์ไอที-อุบลราชธานี","src/content/serviceAreas/รับซื้ออุปกรณ์ไอที-อุบลราชธานี.md","markdown-body","serviceArea","tel:0642579353 x1","FIXED","PENDING_BUILD","WAS_MIXED_PRE_FIX","tel:+66642579353 only","CONFIRMED_ACTIVE","normalize_href_e164"
"/รับซื้อ/รับซื้ออุปกรณ์ไอที-เลย","src/content/serviceAreas/รับซื้ออุปกรณ์ไอที-เลย.md","markdown-body","serviceArea","tel:0642579353 x1","FIXED","PENDING_BUILD","WAS_MIXED_PRE_FIX","tel:+66642579353 only","CONFIRMED_ACTIVE","normalize_href_e164"
"/รับซื้อ/รับซื้อเครื่องเกม-กาฬสินธุ์","src/content/serviceAreas/รับซื้อเครื่องเกม-กาฬสินธุ์.md","markdown-body","serviceArea","tel:0642579353 x1","FIXED","PENDING_BUILD","WAS_MIXED_PRE_FIX","tel:+66642579353 only","CONFIRMED_ACTIVE","normalize_href_e164"
"/รับซื้อ/รับซื้อเครื่องเกม-ขอนแก่น","src/content/serviceAreas/รับซื้อเครื่องเกม-ขอนแก่น.md","markdown-body","serviceArea","tel:0642579353 x1","FIXED","PENDING_BUILD","WAS_MIXED_PRE_FIX","tel:+66642579353 only","CONFIRMED_ACTIVE","normalize_href_e164"
"/รับซื้อ/รับซื้อเครื่องเกม-ชัยภูมิ","src/content/serviceAreas/รับซื้อเครื่องเกม-ชัยภูมิ.md","markdown-body","serviceArea","tel:0642579353 x1","FIXED","PENDING_BUILD","WAS_MIXED_PRE_FIX","tel:+66642579353 only","CONFIRMED_ACTIVE","normalize_href_e164"
"/รับซื้อ/รับซื้อเครื่องเกม-นครพนม","src/content/serviceAreas/รับซื้อเครื่องเกม-นครพนม.md","markdown-body","serviceArea","tel:0642579353 x1","FIXED","PENDING_BUILD","WAS_MIXED_PRE_FIX","tel:+66642579353 only","CONFIRMED_ACTIVE","normalize_href_e164"
"/รับซื้อ/รับซื้อเครื่องเกม-นครราชสีมา","src/content/serviceAreas/รับซื้อเครื่องเกม-นครราชสีมา.md","markdown-body","serviceArea","tel:0642579353 x1","FIXED","PENDING_BUILD","WAS_MIXED_PRE_FIX","tel:+66642579353 only","CONFIRMED_ACTIVE","normalize_href_e164"
"/รับซื้อ/รับซื้อเครื่องเกม-บึงกาฬ","src/content/serviceAreas/รับซื้อเครื่องเกม-บึงกาฬ.md","markdown-body","serviceArea","tel:0642579353 x1","FIXED","PENDING_BUILD","WAS_MIXED_PRE_FIX","tel:+66642579353 only","CONFIRMED_ACTIVE","normalize_href_e164"
"/รับซื้อ/รับซื้อเครื่องเกม-บุรีรัมย์","src/content/serviceAreas/รับซื้อเครื่องเกม-บุรีรัมย์.md","markdown-body","serviceArea","tel:0642579353 x1","FIXED","PENDING_BUILD","WAS_MIXED_PRE_FIX","tel:+66642579353 only","CONFIRMED_ACTIVE","normalize_href_e164"
"/รับซื้อ/รับซื้อเครื่องเกม-มหาสารคาม","src/content/serviceAreas/รับซื้อเครื่องเกม-มหาสารคาม.md","markdown-body","serviceArea","tel:0642579353 x1","FIXED","PENDING_BUILD","WAS_MIXED_PRE_FIX","tel:+66642579353 only","CONFIRMED_ACTIVE","normalize_href_e164"
"/รับซื้อ/รับซื้อเครื่องเกม-มุกดาหาร","src/content/serviceAreas/รับซื้อเครื่องเกม-มุกดาหาร.md","markdown-body","serviceArea","tel:0642579353 x1","FIXED","PENDING_BUILD","WAS_MIXED_PRE_FIX","tel:+66642579353 only","CONFIRMED_ACTIVE","normalize_href_e164"
"/รับซื้อ/รับซื้อเครื่องเกม-ยโสธร","src/content/serviceAreas/รับซื้อเครื่องเกม-ยโสธร.md","markdown-body","serviceArea","tel:0642579353 x1","FIXED","PENDING_BUILD","WAS_MIXED_PRE_FIX","tel:+66642579353 only","CONFIRMED_ACTIVE","normalize_href_e164"
"/รับซื้อ/รับซื้อเครื่องเกม-ร้อยเอ็ด","src/content/serviceAreas/รับซื้อเครื่องเกม-ร้อยเอ็ด.md","markdown-body","serviceArea","tel:0642579353 x1","FIXED","PENDING_BUILD","WAS_MIXED_PRE_FIX","tel:+66642579353 only","CONFIRMED_ACTIVE","normalize_href_e164"
"/รับซื้อ/รับซื้อเครื่องเกม-ศรีสะเกษ","src/content/serviceAreas/รับซื้อเครื่องเกม-ศรีสะเกษ.md","markdown-body","serviceArea","tel:0642579353 x1","FIXED","PENDING_BUILD","WAS_MIXED_PRE_FIX","tel:+66642579353 only","CONFIRMED_ACTIVE","normalize_href_e164"
"/รับซื้อ/รับซื้อเครื่องเกม-สกลนคร","src/content/serviceAreas/รับซื้อเครื่องเกม-สกลนคร.md","markdown-body","serviceArea","tel:0642579353 x1","FIXED","PENDING_BUILD","WAS_MIXED_PRE_FIX","tel:+66642579353 only","CONFIRMED_ACTIVE","normalize_href_e164"
"/รับซื้อ/รับซื้อเครื่องเกม-สุรินทร์","src/content/serviceAreas/รับซื้อเครื่องเกม-สุรินทร์.md","markdown-body","serviceArea","tel:0642579353 x1","FIXED","PENDING_BUILD","WAS_MIXED_PRE_FIX","tel:+66642579353 only","CONFIRMED_ACTIVE","normalize_href_e164"
"/รับซื้อ/รับซื้อเครื่องเกม-หนองคาย","src/content/serviceAreas/รับซื้อเครื่องเกม-หนองคาย.md","markdown-body","serviceArea","tel:0642579353 x1","FIXED","PENDING_BUILD","WAS_MIXED_PRE_FIX","tel:+66642579353 only","CONFIRMED_ACTIVE","normalize_href_e164"
"/รับซื้อ/รับซื้อเครื่องเกม-หนองบัวลำภู","src/content/serviceAreas/รับซื้อเครื่องเกม-หนองบัวลำภู.md","markdown-body","serviceArea","tel:0642579353 x1","FIXED","PENDING_BUILD","WAS_MIXED_PRE_FIX","tel:+66642579353 only","CONFIRMED_ACTIVE","normalize_href_e164"
"/รับซื้อ/รับซื้อเครื่องเกม-อำนาจเจริญ","src/content/serviceAreas/รับซื้อเครื่องเกม-อำนาจเจริญ.md","markdown-body","serviceArea","tel:0642579353 x1","FIXED","PENDING_BUILD","WAS_MIXED_PRE_FIX","tel:+66642579353 only","CONFIRMED_ACTIVE","normalize_href_e164"
"/รับซื้อ/รับซื้อเครื่องเกม-อุดรธานี","src/content/serviceAreas/รับซื้อเครื่องเกม-อุดรธานี.md","markdown-body","serviceArea","tel:0642579353 x1","FIXED","PENDING_BUILD","WAS_MIXED_PRE_FIX","tel:+66642579353 only","CONFIRMED_ACTIVE","normalize_href_e164"
"/รับซื้อ/รับซื้อเครื่องเกม-อุบลราชธานี","src/content/serviceAreas/รับซื้อเครื่องเกม-อุบลราชธานี.md","markdown-body","serviceArea","tel:0642579353 x1","FIXED","PENDING_BUILD","WAS_MIXED_PRE_FIX","tel:+66642579353 only","CONFIRMED_ACTIVE","normalize_href_e164"
"/รับซื้อ/รับซื้อเครื่องเกม-เลย","src/content/serviceAreas/รับซื้อเครื่องเกม-เลย.md","markdown-body","serviceArea","tel:0642579353 x1","FIXED","PENDING_BUILD","WAS_MIXED_PRE_FIX","tel:+66642579353 only","CONFIRMED_ACTIVE","normalize_href_e164"
"/รับซื้อ/รับซื้อเมนบอร์ด-กาฬสินธุ์","src/content/serviceAreas/รับซื้อเมนบอร์ด-กาฬสินธุ์.md","markdown-body","serviceArea","tel:0642579353 x1","FIXED","PENDING_BUILD","WAS_MIXED_PRE_FIX","tel:+66642579353 only","CONFIRMED_ACTIVE","normalize_href_e164"
"/รับซื้อ/รับซื้อเมนบอร์ด-ขอนแก่น","src/content/serviceAreas/รับซื้อเมนบอร์ด-ขอนแก่น.md","markdown-body","serviceArea","tel:0642579353 x1","FIXED","PENDING_BUILD","WAS_MIXED_PRE_FIX","tel:+66642579353 only","CONFIRMED_ACTIVE","normalize_href_e164"
"/รับซื้อ/รับซื้อเมนบอร์ด-ชัยภูมิ","src/content/serviceAreas/รับซื้อเมนบอร์ด-ชัยภูมิ.md","markdown-body","serviceArea","tel:0642579353 x1","FIXED","PENDING_BUILD","WAS_MIXED_PRE_FIX","tel:+66642579353 only","CONFIRMED_ACTIVE","normalize_href_e164"
"/รับซื้อ/รับซื้อเมนบอร์ด-นครพนม","src/content/serviceAreas/รับซื้อเมนบอร์ด-นครพนม.md","markdown-body","serviceArea","tel:0642579353 x1","FIXED","PENDING_BUILD","WAS_MIXED_PRE_FIX","tel:+66642579353 only","CONFIRMED_ACTIVE","normalize_href_e164"
"/รับซื้อ/รับซื้อเมนบอร์ด-นครราชสีมา","src/content/serviceAreas/รับซื้อเมนบอร์ด-นครราชสีมา.md","markdown-body","serviceArea","tel:0642579353 x1","FIXED","PENDING_BUILD","WAS_MIXED_PRE_FIX","tel:+66642579353 only","CONFIRMED_ACTIVE","normalize_href_e164"
"/รับซื้อ/รับซื้อเมนบอร์ด-บึงกาฬ","src/content/serviceAreas/รับซื้อเมนบอร์ด-บึงกาฬ.md","markdown-body","serviceArea","tel:0642579353 x1","FIXED","PENDING_BUILD","WAS_MIXED_PRE_FIX","tel:+66642579353 only","CONFIRMED_ACTIVE","normalize_href_e164"
"/รับซื้อ/รับซื้อเมนบอร์ด-บุรีรัมย์","src/content/serviceAreas/รับซื้อเมนบอร์ด-บุรีรัมย์.md","markdown-body","serviceArea","tel:0642579353 x1","FIXED","PENDING_BUILD","WAS_MIXED_PRE_FIX","tel:+66642579353 only","CONFIRMED_ACTIVE","normalize_href_e164"
"/รับซื้อ/รับซื้อเมนบอร์ด-มหาสารคาม","src/content/serviceAreas/รับซื้อเมนบอร์ด-มหาสารคาม.md","markdown-body","serviceArea","tel:0642579353 x1","FIXED","PENDING_BUILD","WAS_MIXED_PRE_FIX","tel:+66642579353 only","CONFIRMED_ACTIVE","normalize_href_e164"
"/รับซื้อ/รับซื้อเมนบอร์ด-มุกดาหาร","src/content/serviceAreas/รับซื้อเมนบอร์ด-มุกดาหาร.md","markdown-body","serviceArea","tel:0642579353 x1","FIXED","PENDING_BUILD","WAS_MIXED_PRE_FIX","tel:+66642579353 only","CONFIRMED_ACTIVE","normalize_href_e164"
"/รับซื้อ/รับซื้อเมนบอร์ด-ยโสธร","src/content/serviceAreas/รับซื้อเมนบอร์ด-ยโสธร.md","markdown-body","serviceArea","tel:0642579353 x1","FIXED","PENDING_BUILD","WAS_MIXED_PRE_FIX","tel:+66642579353 only","CONFIRMED_ACTIVE","normalize_href_e164"
"/รับซื้อ/รับซื้อเมนบอร์ด-ร้อยเอ็ด","src/content/serviceAreas/รับซื้อเมนบอร์ด-ร้อยเอ็ด.md","markdown-body","serviceArea","tel:0642579353 x1","FIXED","PENDING_BUILD","WAS_MIXED_PRE_FIX","tel:+66642579353 only","CONFIRMED_ACTIVE","normalize_href_e164"
"/รับซื้อ/รับซื้อเมนบอร์ด-ศรีสะเกษ","src/content/serviceAreas/รับซื้อเมนบอร์ด-ศรีสะเกษ.md","markdown-body","serviceArea","tel:0642579353 x1","FIXED","PENDING_BUILD","WAS_MIXED_PRE_FIX","tel:+66642579353 only","CONFIRMED_ACTIVE","normalize_href_e164"
"/รับซื้อ/รับซื้อเมนบอร์ด-สกลนคร","src/content/serviceAreas/รับซื้อเมนบอร์ด-สกลนคร.md","markdown-body","serviceArea","tel:0642579353 x1","FIXED","PENDING_BUILD","WAS_MIXED_PRE_FIX","tel:+66642579353 only","CONFIRMED_ACTIVE","normalize_href_e164"
"/รับซื้อ/รับซื้อเมนบอร์ด-สุรินทร์","src/content/serviceAreas/รับซื้อเมนบอร์ด-สุรินทร์.md","markdown-body","serviceArea","tel:0642579353 x1","FIXED","PENDING_BUILD","WAS_MIXED_PRE_FIX","tel:+66642579353 only","CONFIRMED_ACTIVE","normalize_href_e164"
"/รับซื้อ/รับซื้อเมนบอร์ด-หนองคาย","src/content/serviceAreas/รับซื้อเมนบอร์ด-หนองคาย.md","markdown-body","serviceArea","tel:0642579353 x1","FIXED","PENDING_BUILD","WAS_MIXED_PRE_FIX","tel:+66642579353 only","CONFIRMED_ACTIVE","normalize_href_e164"
"/รับซื้อ/รับซื้อเมนบอร์ด-หนองบัวลำภู","src/content/serviceAreas/รับซื้อเมนบอร์ด-หนองบัวลำภู.md","markdown-body","serviceArea","tel:0642579353 x1","FIXED","PENDING_BUILD","WAS_MIXED_PRE_FIX","tel:+66642579353 only","CONFIRMED_ACTIVE","normalize_href_e164"
"/รับซื้อ/รับซื้อเมนบอร์ด-อำนาจเจริญ","src/content/serviceAreas/รับซื้อเมนบอร์ด-อำนาจเจริญ.md","markdown-body","serviceArea","tel:0642579353 x1","FIXED","PENDING_BUILD","WAS_MIXED_PRE_FIX","tel:+66642579353 only","CONFIRMED_ACTIVE","normalize_href_e164"
"/รับซื้อ/รับซื้อเมนบอร์ด-อุดรธานี","src/content/serviceAreas/รับซื้อเมนบอร์ด-อุดรธานี.md","markdown-body","serviceArea","tel:0642579353 x1","FIXED","PENDING_BUILD","WAS_MIXED_PRE_FIX","tel:+66642579353 only","CONFIRMED_ACTIVE","normalize_href_e164"
"/รับซื้อ/รับซื้อเมนบอร์ด-อุบลราชธานี","src/content/serviceAreas/รับซื้อเมนบอร์ด-อุบลราชธานี.md","markdown-body","serviceArea","tel:0642579353 x1","FIXED","PENDING_BUILD","WAS_MIXED_PRE_FIX","tel:+66642579353 only","CONFIRMED_ACTIVE","normalize_href_e164"
"/รับซื้อ/รับซื้อเมนบอร์ด-เลย","src/content/serviceAreas/รับซื้อเมนบอร์ด-เลย.md","markdown-body","serviceArea","tel:0642579353 x1","FIXED","PENDING_BUILD","WAS_MIXED_PRE_FIX","tel:+66642579353 only","CONFIRMED_ACTIVE","normalize_href_e164"
"/รับซื้อ/รับซื้อเลนส์-กาฬสินธุ์","src/content/serviceAreas/รับซื้อเลนส์-กาฬสินธุ์.md","markdown-body","serviceArea","tel:0642579353 x1","FIXED","PENDING_BUILD","WAS_MIXED_PRE_FIX","tel:+66642579353 only","CONFIRMED_ACTIVE","normalize_href_e164"
"/รับซื้อ/รับซื้อเลนส์-ขอนแก่น","src/content/serviceAreas/รับซื้อเลนส์-ขอนแก่น.md","markdown-body","serviceArea","tel:0642579353 x1","FIXED","PENDING_BUILD","WAS_MIXED_PRE_FIX","tel:+66642579353 only","CONFIRMED_ACTIVE","normalize_href_e164"
"/รับซื้อ/รับซื้อเลนส์-ชัยภูมิ","src/content/serviceAreas/รับซื้อเลนส์-ชัยภูมิ.md","markdown-body","serviceArea","tel:0642579353 x1","FIXED","PENDING_BUILD","WAS_MIXED_PRE_FIX","tel:+66642579353 only","CONFIRMED_ACTIVE","normalize_href_e164"
"/รับซื้อ/รับซื้อเลนส์-นครพนม","src/content/serviceAreas/รับซื้อเลนส์-นครพนม.md","markdown-body","serviceArea","tel:0642579353 x1","FIXED","PENDING_BUILD","WAS_MIXED_PRE_FIX","tel:+66642579353 only","CONFIRMED_ACTIVE","normalize_href_e164"
"/รับซื้อ/รับซื้อเลนส์-นครราชสีมา","src/content/serviceAreas/รับซื้อเลนส์-นครราชสีมา.md","markdown-body","serviceArea","tel:0642579353 x1","FIXED","PENDING_BUILD","WAS_MIXED_PRE_FIX","tel:+66642579353 only","CONFIRMED_ACTIVE","normalize_href_e164"
"/รับซื้อ/รับซื้อเลนส์-บึงกาฬ","src/content/serviceAreas/รับซื้อเลนส์-บึงกาฬ.md","markdown-body","serviceArea","tel:0642579353 x1","FIXED","PENDING_BUILD","WAS_MIXED_PRE_FIX","tel:+66642579353 only","CONFIRMED_ACTIVE","normalize_href_e164"
"/รับซื้อ/รับซื้อเลนส์-บุรีรัมย์","src/content/serviceAreas/รับซื้อเลนส์-บุรีรัมย์.md","markdown-body","serviceArea","tel:0642579353 x1","FIXED","PENDING_BUILD","WAS_MIXED_PRE_FIX","tel:+66642579353 only","CONFIRMED_ACTIVE","normalize_href_e164"
"/รับซื้อ/รับซื้อเลนส์-มหาสารคาม","src/content/serviceAreas/รับซื้อเลนส์-มหาสารคาม.md","markdown-body","serviceArea","tel:0642579353 x1","FIXED","PENDING_BUILD","WAS_MIXED_PRE_FIX","tel:+66642579353 only","CONFIRMED_ACTIVE","normalize_href_e164"
"/รับซื้อ/รับซื้อเลนส์-มุกดาหาร","src/content/serviceAreas/รับซื้อเลนส์-มุกดาหาร.md","markdown-body","serviceArea","tel:0642579353 x1","FIXED","PENDING_BUILD","WAS_MIXED_PRE_FIX","tel:+66642579353 only","CONFIRMED_ACTIVE","normalize_href_e164"
"/รับซื้อ/รับซื้อเลนส์-ยโสธร","src/content/serviceAreas/รับซื้อเลนส์-ยโสธร.md","markdown-body","serviceArea","tel:0642579353 x1","FIXED","PENDING_BUILD","WAS_MIXED_PRE_FIX","tel:+66642579353 only","CONFIRMED_ACTIVE","normalize_href_e164"
"/รับซื้อ/รับซื้อเลนส์-ร้อยเอ็ด","src/content/serviceAreas/รับซื้อเลนส์-ร้อยเอ็ด.md","markdown-body","serviceArea","tel:0642579353 x1","FIXED","PENDING_BUILD","WAS_MIXED_PRE_FIX","tel:+66642579353 only","CONFIRMED_ACTIVE","normalize_href_e164"
"/รับซื้อ/รับซื้อเลนส์-ศรีสะเกษ","src/content/serviceAreas/รับซื้อเลนส์-ศรีสะเกษ.md","markdown-body","serviceArea","tel:0642579353 x1","FIXED","PENDING_BUILD","WAS_MIXED_PRE_FIX","tel:+66642579353 only","CONFIRMED_ACTIVE","normalize_href_e164"
"/รับซื้อ/รับซื้อเลนส์-สกลนคร","src/content/serviceAreas/รับซื้อเลนส์-สกลนคร.md","markdown-body","serviceArea","tel:0642579353 x1","FIXED","PENDING_BUILD","WAS_MIXED_PRE_FIX","tel:+66642579353 only","CONFIRMED_ACTIVE","normalize_href_e164"
"/รับซื้อ/รับซื้อเลนส์-สุรินทร์","src/content/serviceAreas/รับซื้อเลนส์-สุรินทร์.md","markdown-body","serviceArea","tel:0642579353 x1","FIXED","PENDING_BUILD","WAS_MIXED_PRE_FIX","tel:+66642579353 only","CONFIRMED_ACTIVE","normalize_href_e164"
"/รับซื้อ/รับซื้อเลนส์-หนองคาย","src/content/serviceAreas/รับซื้อเลนส์-หนองคาย.md","markdown-body","serviceArea","tel:0642579353 x1","FIXED","PENDING_BUILD","WAS_MIXED_PRE_FIX","tel:+66642579353 only","CONFIRMED_ACTIVE","normalize_href_e164"
"/รับซื้อ/รับซื้อเลนส์-หนองบัวลำภู","src/content/serviceAreas/รับซื้อเลนส์-หนองบัวลำภู.md","markdown-body","serviceArea","tel:0642579353 x1","FIXED","PENDING_BUILD","WAS_MIXED_PRE_FIX","tel:+66642579353 only","CONFIRMED_ACTIVE","normalize_href_e164"
"/รับซื้อ/รับซื้อเลนส์-อำนาจเจริญ","src/content/serviceAreas/รับซื้อเลนส์-อำนาจเจริญ.md","markdown-body","serviceArea","tel:0642579353 x1","FIXED","PENDING_BUILD","WAS_MIXED_PRE_FIX","tel:+66642579353 only","CONFIRMED_ACTIVE","normalize_href_e164"
"/รับซื้อ/รับซื้อเลนส์-อุดรธานี","src/content/serviceAreas/รับซื้อเลนส์-อุดรธานี.md","markdown-body","serviceArea","tel:0642579353 x1","FIXED","PENDING_BUILD","WAS_MIXED_PRE_FIX","tel:+66642579353 only","CONFIRMED_ACTIVE","normalize_href_e164"
"/รับซื้อ/รับซื้อเลนส์-อุบลราชธานี","src/content/serviceAreas/รับซื้อเลนส์-อุบลราชธานี.md","markdown-body","serviceArea","tel:0642579353 x1","FIXED","PENDING_BUILD","WAS_MIXED_PRE_FIX","tel:+66642579353 only","CONFIRMED_ACTIVE","normalize_href_e164"
"/รับซื้อ/รับซื้อเลนส์-เลย","src/content/serviceAreas/รับซื้อเลนส์-เลย.md","markdown-body","serviceArea","tel:0642579353 x1","FIXED","PENDING_BUILD","WAS_MIXED_PRE_FIX","tel:+66642579353 only","CONFIRMED_ACTIVE","normalize_href_e164"
"/รับซื้อ/รับซื้อแท็บเล็ต-กาฬสินธุ์","src/content/serviceAreas/รับซื้อแท็บเล็ต-กาฬสินธุ์.md","markdown-body","serviceArea","tel:0642579353 x1","FIXED","PENDING_BUILD","WAS_MIXED_PRE_FIX","tel:+66642579353 only","CONFIRMED_ACTIVE","normalize_href_e164"
"/รับซื้อ/รับซื้อแท็บเล็ต-ขอนแก่น","src/content/serviceAreas/รับซื้อแท็บเล็ต-ขอนแก่น.md","markdown-body","serviceArea","tel:0642579353 x1","FIXED","PENDING_BUILD","WAS_MIXED_PRE_FIX","tel:+66642579353 only","CONFIRMED_ACTIVE","normalize_href_e164"
"/รับซื้อ/รับซื้อแท็บเล็ต-ชัยภูมิ","src/content/serviceAreas/รับซื้อแท็บเล็ต-ชัยภูมิ.md","markdown-body","serviceArea","tel:0642579353 x1","FIXED","PENDING_BUILD","WAS_MIXED_PRE_FIX","tel:+66642579353 only","CONFIRMED_ACTIVE","normalize_href_e164"
"/รับซื้อ/รับซื้อแท็บเล็ต-นครพนม","src/content/serviceAreas/รับซื้อแท็บเล็ต-นครพนม.md","markdown-body","serviceArea","tel:0642579353 x1","FIXED","PENDING_BUILD","WAS_MIXED_PRE_FIX","tel:+66642579353 only","CONFIRMED_ACTIVE","normalize_href_e164"
"/รับซื้อ/รับซื้อแท็บเล็ต-นครราชสีมา","src/content/serviceAreas/รับซื้อแท็บเล็ต-นครราชสีมา.md","markdown-body","serviceArea","tel:0642579353 x1","FIXED","PENDING_BUILD","WAS_MIXED_PRE_FIX","tel:+66642579353 only","CONFIRMED_ACTIVE","normalize_href_e164"
"/รับซื้อ/รับซื้อแท็บเล็ต-บึงกาฬ","src/content/serviceAreas/รับซื้อแท็บเล็ต-บึงกาฬ.md","markdown-body","serviceArea","tel:0642579353 x1","FIXED","PENDING_BUILD","WAS_MIXED_PRE_FIX","tel:+66642579353 only","CONFIRMED_ACTIVE","normalize_href_e164"
"/รับซื้อ/รับซื้อแท็บเล็ต-บุรีรัมย์","src/content/serviceAreas/รับซื้อแท็บเล็ต-บุรีรัมย์.md","markdown-body","serviceArea","tel:0642579353 x1","FIXED","PENDING_BUILD","WAS_MIXED_PRE_FIX","tel:+66642579353 only","CONFIRMED_ACTIVE","normalize_href_e164"
"/รับซื้อ/รับซื้อแท็บเล็ต-มหาสารคาม","src/content/serviceAreas/รับซื้อแท็บเล็ต-มหาสารคาม.md","markdown-body","serviceArea","tel:0642579353 x1","FIXED","PENDING_BUILD","WAS_MIXED_PRE_FIX","tel:+66642579353 only","CONFIRMED_ACTIVE","normalize_href_e164"
"/รับซื้อ/รับซื้อแท็บเล็ต-มุกดาหาร","src/content/serviceAreas/รับซื้อแท็บเล็ต-มุกดาหาร.md","markdown-body","serviceArea","tel:0642579353 x1","FIXED","PENDING_BUILD","WAS_MIXED_PRE_FIX","tel:+66642579353 only","CONFIRMED_ACTIVE","normalize_href_e164"
"/รับซื้อ/รับซื้อแท็บเล็ต-ยโสธร","src/content/serviceAreas/รับซื้อแท็บเล็ต-ยโสธร.md","markdown-body","serviceArea","tel:0642579353 x1","FIXED","PENDING_BUILD","WAS_MIXED_PRE_FIX","tel:+66642579353 only","CONFIRMED_ACTIVE","normalize_href_e164"
"/รับซื้อ/รับซื้อแท็บเล็ต-ร้อยเอ็ด","src/content/serviceAreas/รับซื้อแท็บเล็ต-ร้อยเอ็ด.md","markdown-body","serviceArea","tel:0642579353 x1","FIXED","PENDING_BUILD","WAS_MIXED_PRE_FIX","tel:+66642579353 only","CONFIRMED_ACTIVE","normalize_href_e164"
"/รับซื้อ/รับซื้อแท็บเล็ต-ศรีสะเกษ","src/content/serviceAreas/รับซื้อแท็บเล็ต-ศรีสะเกษ.md","markdown-body","serviceArea","tel:0642579353 x1","FIXED","PENDING_BUILD","WAS_MIXED_PRE_FIX","tel:+66642579353 only","CONFIRMED_ACTIVE","normalize_href_e164"
"/รับซื้อ/รับซื้อแท็บเล็ต-สกลนคร","src/content/serviceAreas/รับซื้อแท็บเล็ต-สกลนคร.md","markdown-body","serviceArea","tel:0642579353 x1","FIXED","PENDING_BUILD","WAS_MIXED_PRE_FIX","tel:+66642579353 only","CONFIRMED_ACTIVE","normalize_href_e164"
"/รับซื้อ/รับซื้อแท็บเล็ต-สุรินทร์","src/content/serviceAreas/รับซื้อแท็บเล็ต-สุรินทร์.md","markdown-body","serviceArea","tel:0642579353 x1","FIXED","PENDING_BUILD","WAS_MIXED_PRE_FIX","tel:+66642579353 only","CONFIRMED_ACTIVE","normalize_href_e164"
"/รับซื้อ/รับซื้อแท็บเล็ต-หนองคาย","src/content/serviceAreas/รับซื้อแท็บเล็ต-หนองคาย.md","markdown-body","serviceArea","tel:0642579353 x1","FIXED","PENDING_BUILD","WAS_MIXED_PRE_FIX","tel:+66642579353 only","CONFIRMED_ACTIVE","normalize_href_e164"
"/รับซื้อ/รับซื้อแท็บเล็ต-หนองบัวลำภู","src/content/serviceAreas/รับซื้อแท็บเล็ต-หนองบัวลำภู.md","markdown-body","serviceArea","tel:0642579353 x1","FIXED","PENDING_BUILD","WAS_MIXED_PRE_FIX","tel:+66642579353 only","CONFIRMED_ACTIVE","normalize_href_e164"
"/รับซื้อ/รับซื้อแท็บเล็ต-อำนาจเจริญ","src/content/serviceAreas/รับซื้อแท็บเล็ต-อำนาจเจริญ.md","markdown-body","serviceArea","tel:0642579353 x1","FIXED","PENDING_BUILD","WAS_MIXED_PRE_FIX","tel:+66642579353 only","CONFIRMED_ACTIVE","normalize_href_e164"
"/รับซื้อ/รับซื้อแท็บเล็ต-อุดรธานี","src/content/serviceAreas/รับซื้อแท็บเล็ต-อุดรธานี.md","markdown-body","serviceArea","tel:0642579353 x1","FIXED","PENDING_BUILD","WAS_MIXED_PRE_FIX","tel:+66642579353 only","CONFIRMED_ACTIVE","normalize_href_e164"
"/รับซื้อ/รับซื้อแท็บเล็ต-อุบลราชธานี","src/content/serviceAreas/รับซื้อแท็บเล็ต-อุบลราชธานี.md","markdown-body","serviceArea","tel:0642579353 x1","FIXED","PENDING_BUILD","WAS_MIXED_PRE_FIX","tel:+66642579353 only","CONFIRMED_ACTIVE","normalize_href_e164"
"/รับซื้อ/รับซื้อแท็บเล็ต-เลย","src/content/serviceAreas/รับซื้อแท็บเล็ต-เลย.md","markdown-body","serviceArea","tel:0642579353 x1","FIXED","PENDING_BUILD","WAS_MIXED_PRE_FIX","tel:+66642579353 only","CONFIRMED_ACTIVE","normalize_href_e164"
"/รับซื้อ/รับซื้อแรม-กาฬสินธุ์","src/content/serviceAreas/รับซื้อแรม-กาฬสินธุ์.md","markdown-body","serviceArea","tel:0642579353 x1","FIXED","PENDING_BUILD","WAS_MIXED_PRE_FIX","tel:+66642579353 only","CONFIRMED_ACTIVE","normalize_href_e164"
"/รับซื้อ/รับซื้อแรม-ขอนแก่น","src/content/serviceAreas/รับซื้อแรม-ขอนแก่น.md","markdown-body","serviceArea","tel:0642579353 x1","FIXED","PENDING_BUILD","WAS_MIXED_PRE_FIX","tel:+66642579353 only","CONFIRMED_ACTIVE","normalize_href_e164"
"/รับซื้อ/รับซื้อแรม-ชัยภูมิ","src/content/serviceAreas/รับซื้อแรม-ชัยภูมิ.md","markdown-body","serviceArea","tel:0642579353 x1","FIXED","PENDING_BUILD","WAS_MIXED_PRE_FIX","tel:+66642579353 only","CONFIRMED_ACTIVE","normalize_href_e164"
"/รับซื้อ/รับซื้อแรม-นครพนม","src/content/serviceAreas/รับซื้อแรม-นครพนม.md","markdown-body","serviceArea","tel:0642579353 x1","FIXED","PENDING_BUILD","WAS_MIXED_PRE_FIX","tel:+66642579353 only","CONFIRMED_ACTIVE","normalize_href_e164"
"/รับซื้อ/รับซื้อแรม-นครราชสีมา","src/content/serviceAreas/รับซื้อแรม-นครราชสีมา.md","markdown-body","serviceArea","tel:0642579353 x1","FIXED","PENDING_BUILD","WAS_MIXED_PRE_FIX","tel:+66642579353 only","CONFIRMED_ACTIVE","normalize_href_e164"
"/รับซื้อ/รับซื้อแรม-บึงกาฬ","src/content/serviceAreas/รับซื้อแรม-บึงกาฬ.md","markdown-body","serviceArea","tel:0642579353 x1","FIXED","PENDING_BUILD","WAS_MIXED_PRE_FIX","tel:+66642579353 only","CONFIRMED_ACTIVE","normalize_href_e164"
"/รับซื้อ/รับซื้อแรม-บุรีรัมย์","src/content/serviceAreas/รับซื้อแรม-บุรีรัมย์.md","markdown-body","serviceArea","tel:0642579353 x1","FIXED","PENDING_BUILD","WAS_MIXED_PRE_FIX","tel:+66642579353 only","CONFIRMED_ACTIVE","normalize_href_e164"
"/รับซื้อ/รับซื้อแรม-มหาสารคาม","src/content/serviceAreas/รับซื้อแรม-มหาสารคาม.md","markdown-body","serviceArea","tel:0642579353 x1","FIXED","PENDING_BUILD","WAS_MIXED_PRE_FIX","tel:+66642579353 only","CONFIRMED_ACTIVE","normalize_href_e164"
"/รับซื้อ/รับซื้อแรม-มุกดาหาร","src/content/serviceAreas/รับซื้อแรม-มุกดาหาร.md","markdown-body","serviceArea","tel:0642579353 x1","FIXED","PENDING_BUILD","WAS_MIXED_PRE_FIX","tel:+66642579353 only","CONFIRMED_ACTIVE","normalize_href_e164"
"/รับซื้อ/รับซื้อแรม-ยโสธร","src/content/serviceAreas/รับซื้อแรม-ยโสธร.md","markdown-body","serviceArea","tel:0642579353 x1","FIXED","PENDING_BUILD","WAS_MIXED_PRE_FIX","tel:+66642579353 only","CONFIRMED_ACTIVE","normalize_href_e164"
"/รับซื้อ/รับซื้อแรม-ร้อยเอ็ด","src/content/serviceAreas/รับซื้อแรม-ร้อยเอ็ด.md","markdown-body","serviceArea","tel:0642579353 x1","FIXED","PENDING_BUILD","WAS_MIXED_PRE_FIX","tel:+66642579353 only","CONFIRMED_ACTIVE","normalize_href_e164"
"/รับซื้อ/รับซื้อแรม-ศรีสะเกษ","src/content/serviceAreas/รับซื้อแรม-ศรีสะเกษ.md","markdown-body","serviceArea","tel:0642579353 x1","FIXED","PENDING_BUILD","WAS_MIXED_PRE_FIX","tel:+66642579353 only","CONFIRMED_ACTIVE","normalize_href_e164"
"/รับซื้อ/รับซื้อแรม-สกลนคร","src/content/serviceAreas/รับซื้อแรม-สกลนคร.md","markdown-body","serviceArea","tel:0642579353 x1","FIXED","PENDING_BUILD","WAS_MIXED_PRE_FIX","tel:+66642579353 only","CONFIRMED_ACTIVE","normalize_href_e164"
"/รับซื้อ/รับซื้อแรม-สุรินทร์","src/content/serviceAreas/รับซื้อแรม-สุรินทร์.md","markdown-body","serviceArea","tel:0642579353 x1","FIXED","PENDING_BUILD","WAS_MIXED_PRE_FIX","tel:+66642579353 only","CONFIRMED_ACTIVE","normalize_href_e164"
"/รับซื้อ/รับซื้อแรม-หนองคาย","src/content/serviceAreas/รับซื้อแรม-หนองคาย.md","markdown-body","serviceArea","tel:0642579353 x1","FIXED","PENDING_BUILD","WAS_MIXED_PRE_FIX","tel:+66642579353 only","CONFIRMED_ACTIVE","normalize_href_e164"
"/รับซื้อ/รับซื้อแรม-หนองบัวลำภู","src/content/serviceAreas/รับซื้อแรม-หนองบัวลำภู.md","markdown-body","serviceArea","tel:0642579353 x1","FIXED","PENDING_BUILD","WAS_MIXED_PRE_FIX","tel:+66642579353 only","CONFIRMED_ACTIVE","normalize_href_e164"
"/รับซื้อ/รับซื้อแรม-อำนาจเจริญ","src/content/serviceAreas/รับซื้อแรม-อำนาจเจริญ.md","markdown-body","serviceArea","tel:0642579353 x1","FIXED","PENDING_BUILD","WAS_MIXED_PRE_FIX","tel:+66642579353 only","CONFIRMED_ACTIVE","normalize_href_e164"
"/รับซื้อ/รับซื้อแรม-อุดรธานี","src/content/serviceAreas/รับซื้อแรม-อุดรธานี.md","markdown-body","serviceArea","tel:0642579353 x1","FIXED","PENDING_BUILD","WAS_MIXED_PRE_FIX","tel:+66642579353 only","CONFIRMED_ACTIVE","normalize_href_e164"
"/รับซื้อ/รับซื้อแรม-อุบลราชธานี","src/content/serviceAreas/รับซื้อแรม-อุบลราชธานี.md","markdown-body","serviceArea","tel:0642579353 x1","FIXED","PENDING_BUILD","WAS_MIXED_PRE_FIX","tel:+66642579353 only","CONFIRMED_ACTIVE","normalize_href_e164"
"/รับซื้อ/รับซื้อแรม-เลย","src/content/serviceAreas/รับซื้อแรม-เลย.md","markdown-body","serviceArea","tel:0642579353 x1","FIXED","PENDING_BUILD","WAS_MIXED_PRE_FIX","tel:+66642579353 only","CONFIRMED_ACTIVE","normalize_href_e164"
"/รับซื้อ/รับซื้อโน๊ตบุ๊ค-กาฬสินธุ์","src/content/serviceAreas/รับซื้อโน๊ตบุ๊ค-กาฬสินธุ์.md","markdown-body","serviceArea","tel:0642579353 x1","FIXED","PENDING_BUILD","WAS_MIXED_PRE_FIX","tel:+66642579353 only","CONFIRMED_ACTIVE","normalize_href_e164"
"/รับซื้อ/รับซื้อโน๊ตบุ๊ค-ขอนแก่น","src/content/serviceAreas/รับซื้อโน๊ตบุ๊ค-ขอนแก่น.md","markdown-body","serviceArea","tel:0642579353 x1","FIXED","PENDING_BUILD","WAS_MIXED_PRE_FIX","tel:+66642579353 only","CONFIRMED_ACTIVE","normalize_href_e164"
"/รับซื้อ/รับซื้อโน๊ตบุ๊ค-ชัยภูมิ","src/content/serviceAreas/รับซื้อโน๊ตบุ๊ค-ชัยภูมิ.md","markdown-body","serviceArea","tel:0642579353 x1","FIXED","PENDING_BUILD","WAS_MIXED_PRE_FIX","tel:+66642579353 only","CONFIRMED_ACTIVE","normalize_href_e164"
"/รับซื้อ/รับซื้อโน๊ตบุ๊ค-นครพนม","src/content/serviceAreas/รับซื้อโน๊ตบุ๊ค-นครพนม.md","markdown-body","serviceArea","tel:0642579353 x1","FIXED","PENDING_BUILD","WAS_MIXED_PRE_FIX","tel:+66642579353 only","CONFIRMED_ACTIVE","normalize_href_e164"
"/รับซื้อ/รับซื้อโน๊ตบุ๊ค-นครราชสีมา","src/content/serviceAreas/รับซื้อโน๊ตบุ๊ค-นครราชสีมา.md","markdown-body","serviceArea","tel:0642579353 x1","FIXED","PENDING_BUILD","WAS_MIXED_PRE_FIX","tel:+66642579353 only","CONFIRMED_ACTIVE","normalize_href_e164"
"/รับซื้อ/รับซื้อโน๊ตบุ๊ค-บึงกาฬ","src/content/serviceAreas/รับซื้อโน๊ตบุ๊ค-บึงกาฬ.md","markdown-body","serviceArea","tel:0642579353 x1","FIXED","PENDING_BUILD","WAS_MIXED_PRE_FIX","tel:+66642579353 only","CONFIRMED_ACTIVE","normalize_href_e164"
"/รับซื้อ/รับซื้อโน๊ตบุ๊ค-บุรีรัมย์","src/content/serviceAreas/รับซื้อโน๊ตบุ๊ค-บุรีรัมย์.md","markdown-body","serviceArea","tel:0642579353 x1","FIXED","PENDING_BUILD","WAS_MIXED_PRE_FIX","tel:+66642579353 only","CONFIRMED_ACTIVE","normalize_href_e164"
"/รับซื้อ/รับซื้อโน๊ตบุ๊ค-มหาสารคาม","src/content/serviceAreas/รับซื้อโน๊ตบุ๊ค-มหาสารคาม.md","markdown-body","serviceArea","tel:0642579353 x1","FIXED","PENDING_BUILD","WAS_MIXED_PRE_FIX","tel:+66642579353 only","CONFIRMED_ACTIVE","normalize_href_e164"
"/รับซื้อ/รับซื้อโน๊ตบุ๊ค-มุกดาหาร","src/content/serviceAreas/รับซื้อโน๊ตบุ๊ค-มุกดาหาร.md","markdown-body","serviceArea","tel:0642579353 x1","FIXED","PENDING_BUILD","WAS_MIXED_PRE_FIX","tel:+66642579353 only","CONFIRMED_ACTIVE","normalize_href_e164"
"/รับซื้อ/รับซื้อโน๊ตบุ๊ค-ยโสธร","src/content/serviceAreas/รับซื้อโน๊ตบุ๊ค-ยโสธร.md","markdown-body","serviceArea","tel:0642579353 x1","FIXED","PENDING_BUILD","WAS_MIXED_PRE_FIX","tel:+66642579353 only","CONFIRMED_ACTIVE","normalize_href_e164"
"/รับซื้อ/รับซื้อโน๊ตบุ๊ค-ร้อยเอ็ด","src/content/serviceAreas/รับซื้อโน๊ตบุ๊ค-ร้อยเอ็ด.md","markdown-body","serviceArea","tel:0642579353 x1","FIXED","PENDING_BUILD","WAS_MIXED_PRE_FIX","tel:+66642579353 only","CONFIRMED_ACTIVE","normalize_href_e164"
"/รับซื้อ/รับซื้อโน๊ตบุ๊ค-ศรีสะเกษ","src/content/serviceAreas/รับซื้อโน๊ตบุ๊ค-ศรีสะเกษ.md","markdown-body","serviceArea","tel:0642579353 x1","FIXED","PENDING_BUILD","WAS_MIXED_PRE_FIX","tel:+66642579353 only","CONFIRMED_ACTIVE","normalize_href_e164"
"/รับซื้อ/รับซื้อโน๊ตบุ๊ค-สกลนคร","src/content/serviceAreas/รับซื้อโน๊ตบุ๊ค-สกลนคร.md","markdown-body","serviceArea","tel:0642579353 x1","FIXED","PENDING_BUILD","WAS_MIXED_PRE_FIX","tel:+66642579353 only","CONFIRMED_ACTIVE","normalize_href_e164"
"/รับซื้อ/รับซื้อโน๊ตบุ๊ค-สุรินทร์","src/content/serviceAreas/รับซื้อโน๊ตบุ๊ค-สุรินทร์.md","markdown-body","serviceArea","tel:0642579353 x1","FIXED","PENDING_BUILD","WAS_MIXED_PRE_FIX","tel:+66642579353 only","CONFIRMED_ACTIVE","normalize_href_e164"
"/รับซื้อ/รับซื้อโน๊ตบุ๊ค-หนองคาย","src/content/serviceAreas/รับซื้อโน๊ตบุ๊ค-หนองคาย.md","markdown-body","serviceArea","tel:0642579353 x1","FIXED","PENDING_BUILD","WAS_MIXED_PRE_FIX","tel:+66642579353 only","CONFIRMED_ACTIVE","normalize_href_e164"
"/รับซื้อ/รับซื้อโน๊ตบุ๊ค-หนองบัวลำภู","src/content/serviceAreas/รับซื้อโน๊ตบุ๊ค-หนองบัวลำภู.md","markdown-body","serviceArea","tel:0642579353 x1","FIXED","PENDING_BUILD","WAS_MIXED_PRE_FIX","tel:+66642579353 only","CONFIRMED_ACTIVE","normalize_href_e164"
"/รับซื้อ/รับซื้อโน๊ตบุ๊ค-อำนาจเจริญ","src/content/serviceAreas/รับซื้อโน๊ตบุ๊ค-อำนาจเจริญ.md","markdown-body","serviceArea","tel:0642579353 x1","FIXED","PENDING_BUILD","WAS_MIXED_PRE_FIX","tel:+66642579353 only","CONFIRMED_ACTIVE","normalize_href_e164"
"/รับซื้อ/รับซื้อโน๊ตบุ๊ค-อุดรธานี","src/content/serviceAreas/รับซื้อโน๊ตบุ๊ค-อุดรธานี.md","markdown-body","serviceArea","tel:0642579353 x1","FIXED","PENDING_BUILD","WAS_MIXED_PRE_FIX","tel:+66642579353 only","CONFIRMED_ACTIVE","normalize_href_e164"
"/รับซื้อ/รับซื้อโน๊ตบุ๊ค-อุบลราชธานี","src/content/serviceAreas/รับซื้อโน๊ตบุ๊ค-อุบลราชธานี.md","markdown-body","serviceArea","tel:0642579353 x1","FIXED","PENDING_BUILD","WAS_MIXED_PRE_FIX","tel:+66642579353 only","CONFIRMED_ACTIVE","normalize_href_e164"
"/รับซื้อ/รับซื้อโน๊ตบุ๊ค-เลย","src/content/serviceAreas/รับซื้อโน๊ตบุ๊ค-เลย.md","markdown-body","serviceArea","tel:0642579353 x1","FIXED","PENDING_BUILD","WAS_MIXED_PRE_FIX","tel:+66642579353 only","CONFIRMED_ACTIVE","normalize_href_e164"
"/รับซื้อ/รับซื้อโน๊ตบุ๊คเกมมิ่ง-กาฬสินธุ์","src/content/serviceAreas/รับซื้อโน๊ตบุ๊คเกมมิ่ง-กาฬสินธุ์.md","markdown-body","serviceArea","tel:0642579353 x1","FIXED","PENDING_BUILD","WAS_MIXED_PRE_FIX","tel:+66642579353 only","CONFIRMED_ACTIVE","normalize_href_e164"
"/รับซื้อ/รับซื้อโน๊ตบุ๊คเกมมิ่ง-ขอนแก่น","src/content/serviceAreas/รับซื้อโน๊ตบุ๊คเกมมิ่ง-ขอนแก่น.md","markdown-body","serviceArea","tel:0642579353 x1","FIXED","PENDING_BUILD","WAS_MIXED_PRE_FIX","tel:+66642579353 only","CONFIRMED_ACTIVE","normalize_href_e164"
"/รับซื้อ/รับซื้อโน๊ตบุ๊คเกมมิ่ง-ชัยภูมิ","src/content/serviceAreas/รับซื้อโน๊ตบุ๊คเกมมิ่ง-ชัยภูมิ.md","markdown-body","serviceArea","tel:0642579353 x1","FIXED","PENDING_BUILD","WAS_MIXED_PRE_FIX","tel:+66642579353 only","CONFIRMED_ACTIVE","normalize_href_e164"
"/รับซื้อ/รับซื้อโน๊ตบุ๊คเกมมิ่ง-นครพนม","src/content/serviceAreas/รับซื้อโน๊ตบุ๊คเกมมิ่ง-นครพนม.md","markdown-body","serviceArea","tel:0642579353 x1","FIXED","PENDING_BUILD","WAS_MIXED_PRE_FIX","tel:+66642579353 only","CONFIRMED_ACTIVE","normalize_href_e164"
"/รับซื้อ/รับซื้อโน๊ตบุ๊คเกมมิ่ง-นครราชสีมา","src/content/serviceAreas/รับซื้อโน๊ตบุ๊คเกมมิ่ง-นครราชสีมา.md","markdown-body","serviceArea","tel:0642579353 x1","FIXED","PENDING_BUILD","WAS_MIXED_PRE_FIX","tel:+66642579353 only","CONFIRMED_ACTIVE","normalize_href_e164"
"/รับซื้อ/รับซื้อโน๊ตบุ๊คเกมมิ่ง-บึงกาฬ","src/content/serviceAreas/รับซื้อโน๊ตบุ๊คเกมมิ่ง-บึงกาฬ.md","markdown-body","serviceArea","tel:0642579353 x1","FIXED","PENDING_BUILD","WAS_MIXED_PRE_FIX","tel:+66642579353 only","CONFIRMED_ACTIVE","normalize_href_e164"
"/รับซื้อ/รับซื้อโน๊ตบุ๊คเกมมิ่ง-บุรีรัมย์","src/content/serviceAreas/รับซื้อโน๊ตบุ๊คเกมมิ่ง-บุรีรัมย์.md","markdown-body","serviceArea","tel:0642579353 x1","FIXED","PENDING_BUILD","WAS_MIXED_PRE_FIX","tel:+66642579353 only","CONFIRMED_ACTIVE","normalize_href_e164"
"/รับซื้อ/รับซื้อโน๊ตบุ๊คเกมมิ่ง-มหาสารคาม","src/content/serviceAreas/รับซื้อโน๊ตบุ๊คเกมมิ่ง-มหาสารคาม.md","markdown-body","serviceArea","tel:0642579353 x1","FIXED","PENDING_BUILD","WAS_MIXED_PRE_FIX","tel:+66642579353 only","CONFIRMED_ACTIVE","normalize_href_e164"
"/รับซื้อ/รับซื้อโน๊ตบุ๊คเกมมิ่ง-มุกดาหาร","src/content/serviceAreas/รับซื้อโน๊ตบุ๊คเกมมิ่ง-มุกดาหาร.md","markdown-body","serviceArea","tel:0642579353 x1","FIXED","PENDING_BUILD","WAS_MIXED_PRE_FIX","tel:+66642579353 only","CONFIRMED_ACTIVE","normalize_href_e164"
"/รับซื้อ/รับซื้อโน๊ตบุ๊คเกมมิ่ง-ยโสธร","src/content/serviceAreas/รับซื้อโน๊ตบุ๊คเกมมิ่ง-ยโสธร.md","markdown-body","serviceArea","tel:0642579353 x1","FIXED","PENDING_BUILD","WAS_MIXED_PRE_FIX","tel:+66642579353 only","CONFIRMED_ACTIVE","normalize_href_e164"
"/รับซื้อ/รับซื้อโน๊ตบุ๊คเกมมิ่ง-ร้อยเอ็ด","src/content/serviceAreas/รับซื้อโน๊ตบุ๊คเกมมิ่ง-ร้อยเอ็ด.md","markdown-body","serviceArea","tel:0642579353 x1","FIXED","PENDING_BUILD","WAS_MIXED_PRE_FIX","tel:+66642579353 only","CONFIRMED_ACTIVE","normalize_href_e164"
"/รับซื้อ/รับซื้อโน๊ตบุ๊คเกมมิ่ง-ศรีสะเกษ","src/content/serviceAreas/รับซื้อโน๊ตบุ๊คเกมมิ่ง-ศรีสะเกษ.md","markdown-body","serviceArea","tel:0642579353 x1","FIXED","PENDING_BUILD","WAS_MIXED_PRE_FIX","tel:+66642579353 only","CONFIRMED_ACTIVE","normalize_href_e164"
"/รับซื้อ/รับซื้อโน๊ตบุ๊คเกมมิ่ง-สกลนคร","src/content/serviceAreas/รับซื้อโน๊ตบุ๊คเกมมิ่ง-สกลนคร.md","markdown-body","serviceArea","tel:0642579353 x1","FIXED","PENDING_BUILD","WAS_MIXED_PRE_FIX","tel:+66642579353 only","CONFIRMED_ACTIVE","normalize_href_e164"
"/รับซื้อ/รับซื้อโน๊ตบุ๊คเกมมิ่ง-สุรินทร์","src/content/serviceAreas/รับซื้อโน๊ตบุ๊คเกมมิ่ง-สุรินทร์.md","markdown-body","serviceArea","tel:0642579353 x1","FIXED","PENDING_BUILD","WAS_MIXED_PRE_FIX","tel:+66642579353 only","CONFIRMED_ACTIVE","normalize_href_e164"
"/รับซื้อ/รับซื้อโน๊ตบุ๊คเกมมิ่ง-หนองคาย","src/content/serviceAreas/รับซื้อโน๊ตบุ๊คเกมมิ่ง-หนองคาย.md","markdown-body","serviceArea","tel:0642579353 x1","FIXED","PENDING_BUILD","WAS_MIXED_PRE_FIX","tel:+66642579353 only","CONFIRMED_ACTIVE","normalize_href_e164"
"/รับซื้อ/รับซื้อโน๊ตบุ๊คเกมมิ่ง-หนองบัวลำภู","src/content/serviceAreas/รับซื้อโน๊ตบุ๊คเกมมิ่ง-หนองบัวลำภู.md","markdown-body","serviceArea","tel:0642579353 x1","FIXED","PENDING_BUILD","WAS_MIXED_PRE_FIX","tel:+66642579353 only","CONFIRMED_ACTIVE","normalize_href_e164"
"/รับซื้อ/รับซื้อโน๊ตบุ๊คเกมมิ่ง-อำนาจเจริญ","src/content/serviceAreas/รับซื้อโน๊ตบุ๊คเกมมิ่ง-อำนาจเจริญ.md","markdown-body","serviceArea","tel:0642579353 x1","FIXED","PENDING_BUILD","WAS_MIXED_PRE_FIX","tel:+66642579353 only","CONFIRMED_ACTIVE","normalize_href_e164"
"/รับซื้อ/รับซื้อโน๊ตบุ๊คเกมมิ่ง-อุดรธานี","src/content/serviceAreas/รับซื้อโน๊ตบุ๊คเกมมิ่ง-อุดรธานี.md","markdown-body","serviceArea","tel:0642579353 x1","FIXED","PENDING_BUILD","WAS_MIXED_PRE_FIX","tel:+66642579353 only","CONFIRMED_ACTIVE","normalize_href_e164"
"/รับซื้อ/รับซื้อโน๊ตบุ๊คเกมมิ่ง-อุบลราชธานี","src/content/serviceAreas/รับซื้อโน๊ตบุ๊คเกมมิ่ง-อุบลราชธานี.md","markdown-body","serviceArea","tel:0642579353 x1","FIXED","PENDING_BUILD","WAS_MIXED_PRE_FIX","tel:+66642579353 only","CONFIRMED_ACTIVE","normalize_href_e164"
"/รับซื้อ/รับซื้อโน๊ตบุ๊คเกมมิ่ง-เลย","src/content/serviceAreas/รับซื้อโน๊ตบุ๊คเกมมิ่ง-เลย.md","markdown-body","serviceArea","tel:0642579353 x1","FIXED","PENDING_BUILD","WAS_MIXED_PRE_FIX","tel:+66642579353 only","CONFIRMED_ACTIVE","normalize_href_e164"
"/รับซื้อ/รับซื้อโน๊ตบุ๊คเสีย-กาฬสินธุ์","src/content/serviceAreas/รับซื้อโน๊ตบุ๊คเสีย-กาฬสินธุ์.md","markdown-body","serviceArea","tel:0642579353 x1","FIXED","PENDING_BUILD","WAS_MIXED_PRE_FIX","tel:+66642579353 only","CONFIRMED_ACTIVE","normalize_href_e164"
"/รับซื้อ/รับซื้อโน๊ตบุ๊คเสีย-ขอนแก่น","src/content/serviceAreas/รับซื้อโน๊ตบุ๊คเสีย-ขอนแก่น.md","markdown-body","serviceArea","tel:0642579353 x1","FIXED","PENDING_BUILD","WAS_MIXED_PRE_FIX","tel:+66642579353 only","CONFIRMED_ACTIVE","normalize_href_e164"
"/รับซื้อ/รับซื้อโน๊ตบุ๊คเสีย-ชัยภูมิ","src/content/serviceAreas/รับซื้อโน๊ตบุ๊คเสีย-ชัยภูมิ.md","markdown-body","serviceArea","tel:0642579353 x1","FIXED","PENDING_BUILD","WAS_MIXED_PRE_FIX","tel:+66642579353 only","CONFIRMED_ACTIVE","normalize_href_e164"
"/รับซื้อ/รับซื้อโน๊ตบุ๊คเสีย-นครพนม","src/content/serviceAreas/รับซื้อโน๊ตบุ๊คเสีย-นครพนม.md","markdown-body","serviceArea","tel:0642579353 x1","FIXED","PENDING_BUILD","WAS_MIXED_PRE_FIX","tel:+66642579353 only","CONFIRMED_ACTIVE","normalize_href_e164"
"/รับซื้อ/รับซื้อโน๊ตบุ๊คเสีย-นครราชสีมา","src/content/serviceAreas/รับซื้อโน๊ตบุ๊คเสีย-นครราชสีมา.md","markdown-body","serviceArea","tel:0642579353 x1","FIXED","PENDING_BUILD","WAS_MIXED_PRE_FIX","tel:+66642579353 only","CONFIRMED_ACTIVE","normalize_href_e164"
"/รับซื้อ/รับซื้อโน๊ตบุ๊คเสีย-บึงกาฬ","src/content/serviceAreas/รับซื้อโน๊ตบุ๊คเสีย-บึงกาฬ.md","markdown-body","serviceArea","tel:0642579353 x1","FIXED","PENDING_BUILD","WAS_MIXED_PRE_FIX","tel:+66642579353 only","CONFIRMED_ACTIVE","normalize_href_e164"
"/รับซื้อ/รับซื้อโน๊ตบุ๊คเสีย-บุรีรัมย์","src/content/serviceAreas/รับซื้อโน๊ตบุ๊คเสีย-บุรีรัมย์.md","markdown-body","serviceArea","tel:0642579353 x1","FIXED","PENDING_BUILD","WAS_MIXED_PRE_FIX","tel:+66642579353 only","CONFIRMED_ACTIVE","normalize_href_e164"
"/รับซื้อ/รับซื้อโน๊ตบุ๊คเสีย-มหาสารคาม","src/content/serviceAreas/รับซื้อโน๊ตบุ๊คเสีย-มหาสารคาม.md","markdown-body","serviceArea","tel:0642579353 x1","FIXED","PENDING_BUILD","WAS_MIXED_PRE_FIX","tel:+66642579353 only","CONFIRMED_ACTIVE","normalize_href_e164"
"/รับซื้อ/รับซื้อโน๊ตบุ๊คเสีย-มุกดาหาร","src/content/serviceAreas/รับซื้อโน๊ตบุ๊คเสีย-มุกดาหาร.md","markdown-body","serviceArea","tel:0642579353 x1","FIXED","PENDING_BUILD","WAS_MIXED_PRE_FIX","tel:+66642579353 only","CONFIRMED_ACTIVE","normalize_href_e164"
"/รับซื้อ/รับซื้อโน๊ตบุ๊คเสีย-ยโสธร","src/content/serviceAreas/รับซื้อโน๊ตบุ๊คเสีย-ยโสธร.md","markdown-body","serviceArea","tel:0642579353 x1","FIXED","PENDING_BUILD","WAS_MIXED_PRE_FIX","tel:+66642579353 only","CONFIRMED_ACTIVE","normalize_href_e164"
"/รับซื้อ/รับซื้อโน๊ตบุ๊คเสีย-ร้อยเอ็ด","src/content/serviceAreas/รับซื้อโน๊ตบุ๊คเสีย-ร้อยเอ็ด.md","markdown-body","serviceArea","tel:0642579353 x1","FIXED","PENDING_BUILD","WAS_MIXED_PRE_FIX","tel:+66642579353 only","CONFIRMED_ACTIVE","normalize_href_e164"
"/รับซื้อ/รับซื้อโน๊ตบุ๊คเสีย-ศรีสะเกษ","src/content/serviceAreas/รับซื้อโน๊ตบุ๊คเสีย-ศรีสะเกษ.md","markdown-body","serviceArea","tel:0642579353 x1","FIXED","PENDING_BUILD","WAS_MIXED_PRE_FIX","tel:+66642579353 only","CONFIRMED_ACTIVE","normalize_href_e164"
"/รับซื้อ/รับซื้อโน๊ตบุ๊คเสีย-สกลนคร","src/content/serviceAreas/รับซื้อโน๊ตบุ๊คเสีย-สกลนคร.md","markdown-body","serviceArea","tel:0642579353 x1","FIXED","PENDING_BUILD","WAS_MIXED_PRE_FIX","tel:+66642579353 only","CONFIRMED_ACTIVE","normalize_href_e164"
"/รับซื้อ/รับซื้อโน๊ตบุ๊คเสีย-สุรินทร์","src/content/serviceAreas/รับซื้อโน๊ตบุ๊คเสีย-สุรินทร์.md","markdown-body","serviceArea","tel:0642579353 x1","FIXED","PENDING_BUILD","WAS_MIXED_PRE_FIX","tel:+66642579353 only","CONFIRMED_ACTIVE","normalize_href_e164"
"/รับซื้อ/รับซื้อโน๊ตบุ๊คเสีย-หนองคาย","src/content/serviceAreas/รับซื้อโน๊ตบุ๊คเสีย-หนองคาย.md","markdown-body","serviceArea","tel:0642579353 x1","FIXED","PENDING_BUILD","WAS_MIXED_PRE_FIX","tel:+66642579353 only","CONFIRMED_ACTIVE","normalize_href_e164"
"/รับซื้อ/รับซื้อโน๊ตบุ๊คเสีย-หนองบัวลำภู","src/content/serviceAreas/รับซื้อโน๊ตบุ๊คเสีย-หนองบัวลำภู.md","markdown-body","serviceArea","tel:0642579353 x1","FIXED","PENDING_BUILD","WAS_MIXED_PRE_FIX","tel:+66642579353 only","CONFIRMED_ACTIVE","normalize_href_e164"
"/รับซื้อ/รับซื้อโน๊ตบุ๊คเสีย-อำนาจเจริญ","src/content/serviceAreas/รับซื้อโน๊ตบุ๊คเสีย-อำนาจเจริญ.md","markdown-body","serviceArea","tel:0642579353 x1","FIXED","PENDING_BUILD","WAS_MIXED_PRE_FIX","tel:+66642579353 only","CONFIRMED_ACTIVE","normalize_href_e164"
"/รับซื้อ/รับซื้อโน๊ตบุ๊คเสีย-อุดรธานี","src/content/serviceAreas/รับซื้อโน๊ตบุ๊คเสีย-อุดรธานี.md","markdown-body","serviceArea","tel:0642579353 x1","FIXED","PENDING_BUILD","WAS_MIXED_PRE_FIX","tel:+66642579353 only","CONFIRMED_ACTIVE","normalize_href_e164"
"/รับซื้อ/รับซื้อโน๊ตบุ๊คเสีย-อุบลราชธานี","src/content/serviceAreas/รับซื้อโน๊ตบุ๊คเสีย-อุบลราชธานี.md","markdown-body","serviceArea","tel:0642579353 x1","FIXED","PENDING_BUILD","WAS_MIXED_PRE_FIX","tel:+66642579353 only","CONFIRMED_ACTIVE","normalize_href_e164"
"/รับซื้อ/รับซื้อโน๊ตบุ๊คเสีย-เลย","src/content/serviceAreas/รับซื้อโน๊ตบุ๊คเสีย-เลย.md","markdown-body","serviceArea","tel:0642579353 x1","FIXED","PENDING_BUILD","WAS_MIXED_PRE_FIX","tel:+66642579353 only","CONFIRMED_ACTIVE","normalize_href_e164"
"/บริการ/รับซื้อ-jbl","src/content/services/รับซื้อ-jbl.md","markdown-body","service","tel:0642579353 x3","FIXED","PENDING_BUILD","WAS_MIXED_PRE_FIX","tel:+66642579353 only","CONFIRMED_ACTIVE","normalize_href_e164"
"/บริการ/รับซื้อ-mac-mini","src/content/services/รับซื้อ-mac-mini.md","markdown-body","service","tel:0642579353 x3","FIXED","PENDING_BUILD","WAS_MIXED_PRE_FIX","tel:+66642579353 only","CONFIRMED_ACTIVE","normalize_href_e164"
"/บริการ/รับซื้อ-marshall","src/content/services/รับซื้อ-marshall.md","markdown-body","service","tel:0642579353 x3","FIXED","PENDING_BUILD","WAS_MIXED_PRE_FIX","tel:+66642579353 only","CONFIRMED_ACTIVE","normalize_href_e164"
"/บริการ/รับซื้อ-nintendo-switch","src/content/services/รับซื้อ-nintendo-switch.md","markdown-body","service","tel:0642579353 x1","FIXED","PENDING_BUILD","WAS_MIXED_PRE_FIX","tel:+66642579353 only","CONFIRMED_ACTIVE","normalize_href_e164"
"/บริการ/รับซื้อ-notebook-acer","src/content/services/รับซื้อ-notebook-acer.md","markdown-body","service","tel:0642579353 x2","FIXED","PENDING_BUILD","WAS_MIXED_PRE_FIX","tel:+66642579353 only","CONFIRMED_ACTIVE","normalize_href_e164"
"/บริการ/รับซื้อ-notebook-asus","src/content/services/รับซื้อ-notebook-asus.md","markdown-body","service","tel:0642579353 x2","FIXED","PENDING_BUILD","WAS_MIXED_PRE_FIX","tel:+66642579353 only","CONFIRMED_ACTIVE","normalize_href_e164"
"/บริการ/รับซื้อ-notebook-dell","src/content/services/รับซื้อ-notebook-dell.md","markdown-body","service","tel:0642579353 x2","FIXED","PENDING_BUILD","WAS_MIXED_PRE_FIX","tel:+66642579353 only","CONFIRMED_ACTIVE","normalize_href_e164"
"/บริการ/รับซื้อ-notebook-hp","src/content/services/รับซื้อ-notebook-hp.md","markdown-body","service","tel:0642579353 x2","FIXED","PENDING_BUILD","WAS_MIXED_PRE_FIX","tel:+66642579353 only","CONFIRMED_ACTIVE","normalize_href_e164"
"/บริการ/รับซื้อ-notebook-lenovo","src/content/services/รับซื้อ-notebook-lenovo.md","markdown-body","service","tel:0642579353 x2","FIXED","PENDING_BUILD","WAS_MIXED_PRE_FIX","tel:+66642579353 only","CONFIRMED_ACTIVE","normalize_href_e164"
"/บริการ/รับซื้อ-playstation","src/content/services/รับซื้อ-playstation.md","markdown-body","service","tel:0642579353 x3","FIXED","PENDING_BUILD","WAS_MIXED_PRE_FIX","tel:+66642579353 only","CONFIRMED_ACTIVE","normalize_href_e164"
"/บริการ/รับซื้อ-ssd","src/content/services/รับซื้อ-ssd.md","markdown-body","service","tel:0642579353 x3","FIXED","PENDING_BUILD","WAS_MIXED_PRE_FIX","tel:+66642579353 only","CONFIRMED_ACTIVE","normalize_href_e164"
"/บริการ/รับซื้อกล้อง","src/content/services/รับซื้อกล้อง.md","markdown-body","service","tel:0642579353 x2","FIXED","PENDING_BUILD","WAS_MIXED_PRE_FIX","tel:+66642579353 only","CONFIRMED_ACTIVE","normalize_href_e164"
"/บริการ/รับซื้อของสะสม","src/content/services/รับซื้อของสะสม.md","markdown-body","service","tel:0642579353 x2","FIXED","PENDING_BUILD","WAS_MIXED_PRE_FIX","tel:+66642579353 only","CONFIRMED_ACTIVE","normalize_href_e164"
"/บริการ/รับซื้อของไอทีเสีย","src/content/services/รับซื้อของไอทีเสีย.md","markdown-body","service","tel:0642579353 x2","FIXED","PENDING_BUILD","WAS_MIXED_PRE_FIX","tel:+66642579353 only","CONFIRMED_ACTIVE","normalize_href_e164"
"/บริการ/รับซื้อคอมพิวเตอร์","src/content/services/รับซื้อคอมพิวเตอร์.md","markdown-body","service","tel:0642579353 x1","FIXED","PENDING_BUILD","WAS_MIXED_PRE_FIX","tel:+66642579353 only","CONFIRMED_ACTIVE","normalize_href_e164"
"/บริการ/รับซื้อจอเกมมิ่ง","src/content/services/รับซื้อจอเกมมิ่ง.md","markdown-body","service","tel:0642579353 x1","FIXED","PENDING_BUILD","WAS_MIXED_PRE_FIX","tel:+66642579353 only","CONFIRMED_ACTIVE","normalize_href_e164"
"/บริการ/รับซื้อซีพียู","src/content/services/รับซื้อซีพียู.md","markdown-body","service","tel:0642579353 x2","FIXED","PENDING_BUILD","WAS_MIXED_PRE_FIX","tel:+66642579353 only","CONFIRMED_ACTIVE","normalize_href_e164"
"/บริการ/รับซื้อทีวี","src/content/services/รับซื้อทีวี.md","markdown-body","service","tel:0642579353 x1","FIXED","PENDING_BUILD","WAS_MIXED_PRE_FIX","tel:+66642579353 only","CONFIRMED_ACTIVE","normalize_href_e164"
"/บริการ/รับซื้อลำโพงบลูทูธ","src/content/services/รับซื้อลำโพงบลูทูธ.md","markdown-body","service","tel:0642579353 x1","FIXED","PENDING_BUILD","WAS_MIXED_PRE_FIX","tel:+66642579353 only","CONFIRMED_ACTIVE","normalize_href_e164"
"/บริการ/รับซื้อสินค้าไอที","src/content/services/รับซื้อสินค้าไอที.md","markdown-body","service","tel:0642579353 x3","FIXED","PENDING_BUILD","WAS_MIXED_PRE_FIX","tel:+66642579353 only","CONFIRMED_ACTIVE","normalize_href_e164"
"/บริการ/รับซื้อหูฟัง","src/content/services/รับซื้อหูฟัง.md","markdown-body","service","tel:0642579353 x4","FIXED","PENDING_BUILD","WAS_MIXED_PRE_FIX","tel:+66642579353 only","CONFIRMED_ACTIVE","normalize_href_e164"
"/บริการ/รับซื้ออุปกรณ์คอมพิวเตอร์","src/content/services/รับซื้ออุปกรณ์คอมพิวเตอร์.md","markdown-body","service","tel:0642579353 x3","FIXED","PENDING_BUILD","WAS_MIXED_PRE_FIX","tel:+66642579353 only","CONFIRMED_ACTIVE","normalize_href_e164"
"/บริการ/รับซื้ออุปกรณ์ไอที","src/content/services/รับซื้ออุปกรณ์ไอที.md","markdown-body","service","tel:0642579353 x1","FIXED","PENDING_BUILD","WAS_MIXED_PRE_FIX","tel:+66642579353 only","CONFIRMED_ACTIVE","normalize_href_e164"
"/บริการ/รับซื้อเครื่องเกม","src/content/services/รับซื้อเครื่องเกม.md","markdown-body","service","tel:0642579353 x1","FIXED","PENDING_BUILD","WAS_MIXED_PRE_FIX","tel:+66642579353 only","CONFIRMED_ACTIVE","normalize_href_e164"
"/บริการ/รับซื้อเครื่องใช้ไฟฟ้า","src/content/services/รับซื้อเครื่องใช้ไฟฟ้า.md","markdown-body","service","tel:0642579353 x1","FIXED","PENDING_BUILD","WAS_MIXED_PRE_FIX","tel:+66642579353 only","CONFIRMED_ACTIVE","normalize_href_e164"
"/บริการ/รับซื้อเฟอร์นิเจอร์","src/content/services/รับซื้อเฟอร์นิเจอร์.md","markdown-body","service","tel:0642579353 x3","FIXED","PENDING_BUILD","WAS_MIXED_PRE_FIX","tel:+66642579353 only","CONFIRMED_ACTIVE","normalize_href_e164"
"/บริการ/รับซื้อเมนบอร์ด","src/content/services/รับซื้อเมนบอร์ด.md","markdown-body","service","tel:0642579353 x2","FIXED","PENDING_BUILD","WAS_MIXED_PRE_FIX","tel:+66642579353 only","CONFIRMED_ACTIVE","normalize_href_e164"
"/บริการ/รับซื้อแรม","src/content/services/รับซื้อแรม.md","markdown-body","service","tel:0642579353 x2","FIXED","PENDING_BUILD","WAS_MIXED_PRE_FIX","tel:+66642579353 only","CONFIRMED_ACTIVE","normalize_href_e164"
"/บริการ/รับซื้อโดรน","src/content/services/รับซื้อโดรน.md","markdown-body","service","tel:0642579353 x1","FIXED","PENDING_BUILD","WAS_MIXED_PRE_FIX","tel:+66642579353 only","CONFIRMED_ACTIVE","normalize_href_e164"
"/บริการ/รับซื้อโน๊ตบุ๊ค","src/content/services/รับซื้อโน๊ตบุ๊ค.md","markdown-body","service","tel:0642579353 x2","FIXED","PENDING_BUILD","WAS_MIXED_PRE_FIX","tel:+66642579353 only","CONFIRMED_ACTIVE","normalize_href_e164"
"/บริการ/รับซื้อโน๊ตบุ๊คเกมมิ่ง","src/content/services/รับซื้อโน๊ตบุ๊คเกมมิ่ง.md","markdown-body","service","tel:0642579353 x2","FIXED","PENDING_BUILD","WAS_MIXED_PRE_FIX","tel:+66642579353 only","CONFIRMED_ACTIVE","normalize_href_e164"
"/บริการ/รับเหมาประมูลอุปกรณ์ไอที","src/content/services/รับเหมาประมูลอุปกรณ์ไอที.md","markdown-body","service","tel:0642579353 x2","FIXED","PENDING_BUILD","WAS_MIXED_PRE_FIX","tel:+66642579353 only","CONFIRMED_ACTIVE","normalize_href_e164"
