url,source_file,page_type,group_id,production_status,indexable,canonical,sitemap,visible_words,template_ratio,unique_value,primary_intent,closest_competing_url,cannibalization_risk,gsc_status,external_link_status,inbound_links,batch11_link_impact,business_value,trust_issue,classification,recommended_target,implementation_priority,human_review_required,reason,confidence
"/รับซื้อ/รับซื้อของสะสม-กาฬสินธุ์","src/content/serviceAreas//รับซื้อของสะสม-กาฬสินธุ์.md","service-x-location","G-SA-รับซื้อของสะสม","200-local-build","yes","https://amphon.co.th/รับซื้อ/รับซื้อของสะสม-กาฬสินธุ์","yes","222","0.483","low","local-commercial","/บริการ/รับซื้อของสะสม","medium","GSC_NOT_AVAILABLE","EXTERNAL LINK DATA NOT AVAILABLE","2","none_as_destination","uncertain","no","MERGE","/บริการ/รับซื้อของสะสม","P1","yes","หน้า รับซื้อของสะสม ในกาฬสินธุ์ เปลี่ยนเพียงชื่อจังหวัดจาก Template เดียวกับจังหวัดอื่น ไม่มีขั้นตอนรับสินค้า/จุดนัดหมาย/ข้อจำกัดเฉพาะพื้นที่ที่แตกต่าง และ Intent เชิงพาณิชย์ทับซ้อนกับ /บริการ/รับซื้อของสะสม มากกว่าหน้าพื้นที่ทั่วไป — จัดเป็น MERGE candidate ไปยัง Service Hub (ต้อง Human Review + ยืนยันว่าไม่ต้องการ long-tail ท้องถิ่นก่อน Implementation)","medium"
"/รับซื้อ/รับซื้อของสะสม-ขอนแก่น","src/content/serviceAreas//รับซื้อของสะสม-ขอนแก่น.md","service-x-location","G-SA-รับซื้อของสะสม","200-local-build","yes","https://amphon.co.th/รับซื้อ/รับซื้อของสะสม-ขอนแก่น","yes","216","0.455","low","local-commercial","/บริการ/รับซื้อของสะสม","medium","GSC_NOT_AVAILABLE","EXTERNAL LINK DATA NOT AVAILABLE","2","none_as_destination","uncertain","no","MERGE","/บริการ/รับซื้อของสะสม","P1","yes","หน้า รับซื้อของสะสม ในขอนแก่น เปลี่ยนเพียงชื่อจังหวัดจาก Template เดียวกับจังหวัดอื่น ไม่มีขั้นตอนรับสินค้า/จุดนัดหมาย/ข้อจำกัดเฉพาะพื้นที่ที่แตกต่าง และ Intent เชิงพาณิชย์ทับซ้อนกับ /บริการ/รับซื้อของสะสม มากกว่าหน้าพื้นที่ทั่วไป — จัดเป็น MERGE candidate ไปยัง Service Hub (ต้อง Human Review + ยืนยันว่าไม่ต้องการ long-tail ท้องถิ่นก่อน Implementation)","medium"
"/รับซื้อ/รับซื้อของสะสม-ชัยภูมิ","src/content/serviceAreas//รับซื้อของสะสม-ชัยภูมิ.md","service-x-location","G-SA-รับซื้อของสะสม","200-local-build","yes","https://amphon.co.th/รับซื้อ/รับซื้อของสะสม-ชัยภูมิ","yes","219","0.462","low","local-commercial","/บริการ/รับซื้อของสะสม","medium","GSC_NOT_AVAILABLE","EXTERNAL LINK DATA NOT AVAILABLE","2","none_as_destination","uncertain","no","MERGE","/บริการ/รับซื้อของสะสม","P1","yes","หน้า รับซื้อของสะสม ในชัยภูมิ เปลี่ยนเพียงชื่อจังหวัดจาก Template เดียวกับจังหวัดอื่น ไม่มีขั้นตอนรับสินค้า/จุดนัดหมาย/ข้อจำกัดเฉพาะพื้นที่ที่แตกต่าง และ Intent เชิงพาณิชย์ทับซ้อนกับ /บริการ/รับซื้อของสะสม มากกว่าหน้าพื้นที่ทั่วไป — จัดเป็น MERGE candidate ไปยัง Service Hub (ต้อง Human Review + ยืนยันว่าไม่ต้องการ long-tail ท้องถิ่นก่อน Implementation)","medium"
"/รับซื้อ/รับซื้อของสะสม-นครพนม","src/content/serviceAreas//รับซื้อของสะสม-นครพนม.md","service-x-location","G-SA-รับซื้อของสะสม","200-local-build","yes","https://amphon.co.th/รับซื้อ/รับซื้อของสะสม-นครพนม","yes","216","0.5","low","local-commercial","/บริการ/รับซื้อของสะสม","medium","GSC_NOT_AVAILABLE","EXTERNAL LINK DATA NOT AVAILABLE","2","none_as_destination","uncertain","no","MERGE","/บริการ/รับซื้อของสะสม","P1","yes","หน้า รับซื้อของสะสม ในนครพนม เปลี่ยนเพียงชื่อจังหวัดจาก Template เดียวกับจังหวัดอื่น ไม่มีขั้นตอนรับสินค้า/จุดนัดหมาย/ข้อจำกัดเฉพาะพื้นที่ที่แตกต่าง และ Intent เชิงพาณิชย์ทับซ้อนกับ /บริการ/รับซื้อของสะสม มากกว่าหน้าพื้นที่ทั่วไป — จัดเป็น MERGE candidate ไปยัง Service Hub (ต้อง Human Review + ยืนยันว่าไม่ต้องการ long-tail ท้องถิ่นก่อน Implementation)","medium"
"/รับซื้อ/รับซื้อของสะสม-นครราชสีมา","src/content/serviceAreas//รับซื้อของสะสม-นครราชสีมา.md","service-x-location","G-SA-รับซื้อของสะสม","200-local-build","yes","https://amphon.co.th/รับซื้อ/รับซื้อของสะสม-นครราชสีมา","yes","222","0.458","low","local-commercial","/บริการ/รับซื้อของสะสม","medium","GSC_NOT_AVAILABLE","EXTERNAL LINK DATA NOT AVAILABLE","2","none_as_destination","uncertain","no","MERGE","/บริการ/รับซื้อของสะสม","P1","yes","หน้า รับซื้อของสะสม ในนครราชสีมา เปลี่ยนเพียงชื่อจังหวัดจาก Template เดียวกับจังหวัดอื่น ไม่มีขั้นตอนรับสินค้า/จุดนัดหมาย/ข้อจำกัดเฉพาะพื้นที่ที่แตกต่าง และ Intent เชิงพาณิชย์ทับซ้อนกับ /บริการ/รับซื้อของสะสม มากกว่าหน้าพื้นที่ทั่วไป — จัดเป็น MERGE candidate ไปยัง Service Hub (ต้อง Human Review + ยืนยันว่าไม่ต้องการ long-tail ท้องถิ่นก่อน Implementation)","medium"
"/รับซื้อ/รับซื้อของสะสม-บึงกาฬ","src/content/serviceAreas//รับซื้อของสะสม-บึงกาฬ.md","service-x-location","G-SA-รับซื้อของสะสม","200-local-build","yes","https://amphon.co.th/รับซื้อ/รับซื้อของสะสม-บึงกาฬ","yes","219","0.5","low","local-commercial","/บริการ/รับซื้อของสะสม","medium","GSC_NOT_AVAILABLE","EXTERNAL LINK DATA NOT AVAILABLE","2","none_as_destination","uncertain","no","MERGE","/บริการ/รับซื้อของสะสม","P1","yes","หน้า รับซื้อของสะสม ในบึงกาฬ เปลี่ยนเพียงชื่อจังหวัดจาก Template เดียวกับจังหวัดอื่น ไม่มีขั้นตอนรับสินค้า/จุดนัดหมาย/ข้อจำกัดเฉพาะพื้นที่ที่แตกต่าง และ Intent เชิงพาณิชย์ทับซ้อนกับ /บริการ/รับซื้อของสะสม มากกว่าหน้าพื้นที่ทั่วไป — จัดเป็น MERGE candidate ไปยัง Service Hub (ต้อง Human Review + ยืนยันว่าไม่ต้องการ long-tail ท้องถิ่นก่อน Implementation)","medium"
"/รับซื้อ/รับซื้อของสะสม-บุรีรัมย์","src/content/serviceAreas//รับซื้อของสะสม-บุรีรัมย์.md","service-x-location","G-SA-รับซื้อของสะสม","200-local-build","yes","https://amphon.co.th/รับซื้อ/รับซื้อของสะสม-บุรีรัมย์","yes","219","0.483","low","local-commercial","/บริการ/รับซื้อของสะสม","medium","GSC_NOT_AVAILABLE","EXTERNAL LINK DATA NOT AVAILABLE","2","none_as_destination","uncertain","no","MERGE","/บริการ/รับซื้อของสะสม","P1","yes","หน้า รับซื้อของสะสม ในบุรีรัมย์ เปลี่ยนเพียงชื่อจังหวัดจาก Template เดียวกับจังหวัดอื่น ไม่มีขั้นตอนรับสินค้า/จุดนัดหมาย/ข้อจำกัดเฉพาะพื้นที่ที่แตกต่าง และ Intent เชิงพาณิชย์ทับซ้อนกับ /บริการ/รับซื้อของสะสม มากกว่าหน้าพื้นที่ทั่วไป — จัดเป็น MERGE candidate ไปยัง Service Hub (ต้อง Human Review + ยืนยันว่าไม่ต้องการ long-tail ท้องถิ่นก่อน Implementation)","medium"
"/รับซื้อ/รับซื้อของสะสม-มหาสารคาม","src/content/serviceAreas//รับซื้อของสะสม-มหาสารคาม.md","service-x-location","G-SA-รับซื้อของสะสม","200-local-build","yes","https://amphon.co.th/รับซื้อ/รับซื้อของสะสม-มหาสารคาม","yes","216","0.483","low","local-commercial","/บริการ/รับซื้อของสะสม","medium","GSC_NOT_AVAILABLE","EXTERNAL LINK DATA NOT AVAILABLE","2","none_as_destination","uncertain","no","MERGE","/บริการ/รับซื้อของสะสม","P1","yes","หน้า รับซื้อของสะสม ในมหาสารคาม เปลี่ยนเพียงชื่อจังหวัดจาก Template เดียวกับจังหวัดอื่น ไม่มีขั้นตอนรับสินค้า/จุดนัดหมาย/ข้อจำกัดเฉพาะพื้นที่ที่แตกต่าง และ Intent เชิงพาณิชย์ทับซ้อนกับ /บริการ/รับซื้อของสะสม มากกว่าหน้าพื้นที่ทั่วไป — จัดเป็น MERGE candidate ไปยัง Service Hub (ต้อง Human Review + ยืนยันว่าไม่ต้องการ long-tail ท้องถิ่นก่อน Implementation)","medium"
"/รับซื้อ/รับซื้อของสะสม-มุกดาหาร","src/content/serviceAreas//รับซื้อของสะสม-มุกดาหาร.md","service-x-location","G-SA-รับซื้อของสะสม","200-local-build","yes","https://amphon.co.th/รับซื้อ/รับซื้อของสะสม-มุกดาหาร","yes","219","0.462","low","local-commercial","/บริการ/รับซื้อของสะสม","medium","GSC_NOT_AVAILABLE","EXTERNAL LINK DATA NOT AVAILABLE","2","none_as_destination","uncertain","no","MERGE","/บริการ/รับซื้อของสะสม","P1","yes","หน้า รับซื้อของสะสม ในมุกดาหาร เปลี่ยนเพียงชื่อจังหวัดจาก Template เดียวกับจังหวัดอื่น ไม่มีขั้นตอนรับสินค้า/จุดนัดหมาย/ข้อจำกัดเฉพาะพื้นที่ที่แตกต่าง และ Intent เชิงพาณิชย์ทับซ้อนกับ /บริการ/รับซื้อของสะสม มากกว่าหน้าพื้นที่ทั่วไป — จัดเป็น MERGE candidate ไปยัง Service Hub (ต้อง Human Review + ยืนยันว่าไม่ต้องการ long-tail ท้องถิ่นก่อน Implementation)","medium"
"/รับซื้อ/รับซื้อของสะสม-ยโสธร","src/content/serviceAreas//รับซื้อของสะสม-ยโสธร.md","service-x-location","G-SA-รับซื้อของสะสม","200-local-build","yes","https://amphon.co.th/รับซื้อ/รับซื้อของสะสม-ยโสธร","yes","216","0.474","low","local-commercial","/บริการ/รับซื้อของสะสม","medium","GSC_NOT_AVAILABLE","EXTERNAL LINK DATA NOT AVAILABLE","2","none_as_destination","uncertain","no","MERGE","/บริการ/รับซื้อของสะสม","P1","yes","หน้า รับซื้อของสะสม ในยโสธร เปลี่ยนเพียงชื่อจังหวัดจาก Template เดียวกับจังหวัดอื่น ไม่มีขั้นตอนรับสินค้า/จุดนัดหมาย/ข้อจำกัดเฉพาะพื้นที่ที่แตกต่าง และ Intent เชิงพาณิชย์ทับซ้อนกับ /บริการ/รับซื้อของสะสม มากกว่าหน้าพื้นที่ทั่วไป — จัดเป็น MERGE candidate ไปยัง Service Hub (ต้อง Human Review + ยืนยันว่าไม่ต้องการ long-tail ท้องถิ่นก่อน Implementation)","medium"
"/รับซื้อ/รับซื้อของสะสม-ร้อยเอ็ด","src/content/serviceAreas//รับซื้อของสะสม-ร้อยเอ็ด.md","service-x-location","G-SA-รับซื้อของสะสม","200-local-build","yes","https://amphon.co.th/รับซื้อ/รับซื้อของสะสม-ร้อยเอ็ด","yes","219","0.448","low","local-commercial","/บริการ/รับซื้อของสะสม","medium","GSC_NOT_AVAILABLE","EXTERNAL LINK DATA NOT AVAILABLE","2","none_as_destination","uncertain","no","MERGE","/บริการ/รับซื้อของสะสม","P1","yes","หน้า รับซื้อของสะสม ในร้อยเอ็ด เปลี่ยนเพียงชื่อจังหวัดจาก Template เดียวกับจังหวัดอื่น ไม่มีขั้นตอนรับสินค้า/จุดนัดหมาย/ข้อจำกัดเฉพาะพื้นที่ที่แตกต่าง และ Intent เชิงพาณิชย์ทับซ้อนกับ /บริการ/รับซื้อของสะสม มากกว่าหน้าพื้นที่ทั่วไป — จัดเป็น MERGE candidate ไปยัง Service Hub (ต้อง Human Review + ยืนยันว่าไม่ต้องการ long-tail ท้องถิ่นก่อน Implementation)","medium"
"/รับซื้อ/รับซื้อของสะสม-เลย","src/content/serviceAreas//รับซื้อของสะสม-เลย.md","service-x-location","G-SA-รับซื้อของสะสม","200-local-build","yes","https://amphon.co.th/รับซื้อ/รับซื้อของสะสม-เลย","yes","216","0.464","low","local-commercial","/บริการ/รับซื้อของสะสม","medium","GSC_NOT_AVAILABLE","EXTERNAL LINK DATA NOT AVAILABLE","2","none_as_destination","uncertain","no","MERGE","/บริการ/รับซื้อของสะสม","P1","yes","หน้า รับซื้อของสะสม ในเลย เปลี่ยนเพียงชื่อจังหวัดจาก Template เดียวกับจังหวัดอื่น ไม่มีขั้นตอนรับสินค้า/จุดนัดหมาย/ข้อจำกัดเฉพาะพื้นที่ที่แตกต่าง และ Intent เชิงพาณิชย์ทับซ้อนกับ /บริการ/รับซื้อของสะสม มากกว่าหน้าพื้นที่ทั่วไป — จัดเป็น MERGE candidate ไปยัง Service Hub (ต้อง Human Review + ยืนยันว่าไม่ต้องการ long-tail ท้องถิ่นก่อน Implementation)","medium"
"/รับซื้อ/รับซื้อของสะสม-ศรีสะเกษ","src/content/serviceAreas//รับซื้อของสะสม-ศรีสะเกษ.md","service-x-location","G-SA-รับซื้อของสะสม","200-local-build","yes","https://amphon.co.th/รับซื้อ/รับซื้อของสะสม-ศรีสะเกษ","yes","222","0.448","low","local-commercial","/บริการ/รับซื้อของสะสม","medium","GSC_NOT_AVAILABLE","EXTERNAL LINK DATA NOT AVAILABLE","2","none_as_destination","uncertain","no","MERGE","/บริการ/รับซื้อของสะสม","P1","yes","หน้า รับซื้อของสะสม ในศรีสะเกษ เปลี่ยนเพียงชื่อจังหวัดจาก Template เดียวกับจังหวัดอื่น ไม่มีขั้นตอนรับสินค้า/จุดนัดหมาย/ข้อจำกัดเฉพาะพื้นที่ที่แตกต่าง และ Intent เชิงพาณิชย์ทับซ้อนกับ /บริการ/รับซื้อของสะสม มากกว่าหน้าพื้นที่ทั่วไป — จัดเป็น MERGE candidate ไปยัง Service Hub (ต้อง Human Review + ยืนยันว่าไม่ต้องการ long-tail ท้องถิ่นก่อน Implementation)","medium"
"/รับซื้อ/รับซื้อของสะสม-สกลนคร","src/content/serviceAreas//รับซื้อของสะสม-สกลนคร.md","service-x-location","G-SA-รับซื้อของสะสม","200-local-build","yes","https://amphon.co.th/รับซื้อ/รับซื้อของสะสม-สกลนคร","yes","216","0.5","low","local-commercial","/บริการ/รับซื้อของสะสม","medium","GSC_NOT_AVAILABLE","EXTERNAL LINK DATA NOT AVAILABLE","2","none_as_destination","uncertain","no","MERGE","/บริการ/รับซื้อของสะสม","P1","yes","หน้า รับซื้อของสะสม ในสกลนคร เปลี่ยนเพียงชื่อจังหวัดจาก Template เดียวกับจังหวัดอื่น ไม่มีขั้นตอนรับสินค้า/จุดนัดหมาย/ข้อจำกัดเฉพาะพื้นที่ที่แตกต่าง และ Intent เชิงพาณิชย์ทับซ้อนกับ /บริการ/รับซื้อของสะสม มากกว่าหน้าพื้นที่ทั่วไป — จัดเป็น MERGE candidate ไปยัง Service Hub (ต้อง Human Review + ยืนยันว่าไม่ต้องการ long-tail ท้องถิ่นก่อน Implementation)","medium"
"/รับซื้อ/รับซื้อของสะสม-สุรินทร์","src/content/serviceAreas//รับซื้อของสะสม-สุรินทร์.md","service-x-location","G-SA-รับซื้อของสะสม","200-local-build","yes","https://amphon.co.th/รับซื้อ/รับซื้อของสะสม-สุรินทร์","yes","219","0.451","low","local-commercial","/บริการ/รับซื้อของสะสม","medium","GSC_NOT_AVAILABLE","EXTERNAL LINK DATA NOT AVAILABLE","2","none_as_destination","uncertain","no","MERGE","/บริการ/รับซื้อของสะสม","P1","yes","หน้า รับซื้อของสะสม ในสุรินทร์ เปลี่ยนเพียงชื่อจังหวัดจาก Template เดียวกับจังหวัดอื่น ไม่มีขั้นตอนรับสินค้า/จุดนัดหมาย/ข้อจำกัดเฉพาะพื้นที่ที่แตกต่าง และ Intent เชิงพาณิชย์ทับซ้อนกับ /บริการ/รับซื้อของสะสม มากกว่าหน้าพื้นที่ทั่วไป — จัดเป็น MERGE candidate ไปยัง Service Hub (ต้อง Human Review + ยืนยันว่าไม่ต้องการ long-tail ท้องถิ่นก่อน Implementation)","medium"
"/รับซื้อ/รับซื้อของสะสม-หนองคาย","src/content/serviceAreas//รับซื้อของสะสม-หนองคาย.md","service-x-location","G-SA-รับซื้อของสะสม","200-local-build","yes","https://amphon.co.th/รับซื้อ/รับซื้อของสะสม-หนองคาย","yes","216","0.462","low","local-commercial","/บริการ/รับซื้อของสะสม","medium","GSC_NOT_AVAILABLE","EXTERNAL LINK DATA NOT AVAILABLE","2","none_as_destination","uncertain","no","MERGE","/บริการ/รับซื้อของสะสม","P1","yes","หน้า รับซื้อของสะสม ในหนองคาย เปลี่ยนเพียงชื่อจังหวัดจาก Template เดียวกับจังหวัดอื่น ไม่มีขั้นตอนรับสินค้า/จุดนัดหมาย/ข้อจำกัดเฉพาะพื้นที่ที่แตกต่าง และ Intent เชิงพาณิชย์ทับซ้อนกับ /บริการ/รับซื้อของสะสม มากกว่าหน้าพื้นที่ทั่วไป — จัดเป็น MERGE candidate ไปยัง Service Hub (ต้อง Human Review + ยืนยันว่าไม่ต้องการ long-tail ท้องถิ่นก่อน Implementation)","medium"
"/รับซื้อ/รับซื้อของสะสม-หนองบัวลำภู","src/content/serviceAreas//รับซื้อของสะสม-หนองบัวลำภู.md","service-x-location","G-SA-รับซื้อของสะสม","200-local-build","yes","https://amphon.co.th/รับซื้อ/รับซื้อของสะสม-หนองบัวลำภู","yes","222","0.462","low","local-commercial","/บริการ/รับซื้อของสะสม","medium","GSC_NOT_AVAILABLE","EXTERNAL LINK DATA NOT AVAILABLE","2","none_as_destination","uncertain","no","MERGE","/บริการ/รับซื้อของสะสม","P1","yes","หน้า รับซื้อของสะสม ในหนองบัวลำภู เปลี่ยนเพียงชื่อจังหวัดจาก Template เดียวกับจังหวัดอื่น ไม่มีขั้นตอนรับสินค้า/จุดนัดหมาย/ข้อจำกัดเฉพาะพื้นที่ที่แตกต่าง และ Intent เชิงพาณิชย์ทับซ้อนกับ /บริการ/รับซื้อของสะสม มากกว่าหน้าพื้นที่ทั่วไป — จัดเป็น MERGE candidate ไปยัง Service Hub (ต้อง Human Review + ยืนยันว่าไม่ต้องการ long-tail ท้องถิ่นก่อน Implementation)","medium"
"/รับซื้อ/รับซื้อของสะสม-อำนาจเจริญ","src/content/serviceAreas//รับซื้อของสะสม-อำนาจเจริญ.md","service-x-location","G-SA-รับซื้อของสะสม","200-local-build","yes","https://amphon.co.th/รับซื้อ/รับซื้อของสะสม-อำนาจเจริญ","yes","216","0.455","low","local-commercial","/บริการ/รับซื้อของสะสม","medium","GSC_NOT_AVAILABLE","EXTERNAL LINK DATA NOT AVAILABLE","2","none_as_destination","uncertain","no","MERGE","/บริการ/รับซื้อของสะสม","P1","yes","หน้า รับซื้อของสะสม ในอำนาจเจริญ เปลี่ยนเพียงชื่อจังหวัดจาก Template เดียวกับจังหวัดอื่น ไม่มีขั้นตอนรับสินค้า/จุดนัดหมาย/ข้อจำกัดเฉพาะพื้นที่ที่แตกต่าง และ Intent เชิงพาณิชย์ทับซ้อนกับ /บริการ/รับซื้อของสะสม มากกว่าหน้าพื้นที่ทั่วไป — จัดเป็น MERGE candidate ไปยัง Service Hub (ต้อง Human Review + ยืนยันว่าไม่ต้องการ long-tail ท้องถิ่นก่อน Implementation)","medium"
"/รับซื้อ/รับซื้อของสะสม-อุดรธานี","src/content/serviceAreas//รับซื้อของสะสม-อุดรธานี.md","service-x-location","G-SA-รับซื้อของสะสม","200-local-build","yes","https://amphon.co.th/รับซื้อ/รับซื้อของสะสม-อุดรธานี","yes","219","0.462","low","local-commercial","/บริการ/รับซื้อของสะสม","medium","GSC_NOT_AVAILABLE","EXTERNAL LINK DATA NOT AVAILABLE","2","none_as_destination","uncertain","no","MERGE","/บริการ/รับซื้อของสะสม","P1","yes","หน้า รับซื้อของสะสม ในอุดรธานี เปลี่ยนเพียงชื่อจังหวัดจาก Template เดียวกับจังหวัดอื่น ไม่มีขั้นตอนรับสินค้า/จุดนัดหมาย/ข้อจำกัดเฉพาะพื้นที่ที่แตกต่าง และ Intent เชิงพาณิชย์ทับซ้อนกับ /บริการ/รับซื้อของสะสม มากกว่าหน้าพื้นที่ทั่วไป — จัดเป็น MERGE candidate ไปยัง Service Hub (ต้อง Human Review + ยืนยันว่าไม่ต้องการ long-tail ท้องถิ่นก่อน Implementation)","medium"
"/รับซื้อ/รับซื้อของสะสม-อุบลราชธานี","src/content/serviceAreas//รับซื้อของสะสม-อุบลราชธานี.md","service-x-location","G-SA-รับซื้อของสะสม","200-local-build","yes","https://amphon.co.th/รับซื้อ/รับซื้อของสะสม-อุบลราชธานี","yes","219","0.462","partial","local-commercial","/บริการ/รับซื้อของสะสม","medium","GSC_NOT_AVAILABLE","EXTERNAL LINK DATA NOT AVAILABLE","2","none_as_destination","higher-store-province","no","IMPROVE","","P1","yes","หน้า รับซื้อของสะสม × อุบลราชธานี อยู่จังหวัดที่มีหน้าร้านจริง จึงมีโอกาสเพิ่ม Unique Value (จุดรับของ เส้นทาง อำเภอที่นัดรับบ่อย) ได้โดยไม่สร้างสาขาปลอม ปัจจุบันยังเป็น Template สลับชื่อจังหวัด/สินค้าเป็นหลัก (template_ratio≈0.462) — แนะนำ IMPROVE ก่อนพิจารณา Merge","medium"
"/รับซื้อ/รับซื้อเครื่องใช้ไฟฟ้า-กาฬสินธุ์","src/content/serviceAreas//รับซื้อเครื่องใช้ไฟฟ้า-กาฬสินธุ์.md","service-x-location","G-SA-รับซื้อเครื่องใช้ไฟฟ้า","200-local-build","yes","https://amphon.co.th/รับซื้อ/รับซื้อเครื่องใช้ไฟฟ้า-กาฬสินธุ์","yes","237","0.517","low","local-commercial","/บริการ/รับซื้อเครื่องใช้ไฟฟ้า","medium","GSC_NOT_AVAILABLE","EXTERNAL LINK DATA NOT AVAILABLE","2","none_as_destination","uncertain","no","REQUIRES_BUSINESS_DECISION","/บริการ/รับซื้อเครื่องใช้ไฟฟ้า หรือ /พื้นที่ให้บริการ/กาฬสินธุ์","P2","yes","หน้า รับซื้อเครื่องใช้ไฟฟ้า × กาฬสินธุ์ เป็น Template ท้องถิ่นของบริการรอง มี Unique Value ต่ำ (ส่วนใหญ่รายชื่ออำเภอ + CTA) แต่การ Redirect ทั้งกลุ่มไป Hub อาจตัด long-tail ท้องถิ่น หากธุรกิจยังรับสินค้าประเภทนี้ในพื้นที่จริง — ต้องยืนยัน Demand/นโยบายบริการก่อนเลือก IMPROVE ทั้งจังหวัด หรือ MERGE ไป /บริการ/รับซื้อเครื่องใช้ไฟฟ้า","low"
"/รับซื้อ/รับซื้อเครื่องใช้ไฟฟ้า-ขอนแก่น","src/content/serviceAreas//รับซื้อเครื่องใช้ไฟฟ้า-ขอนแก่น.md","service-x-location","G-SA-รับซื้อเครื่องใช้ไฟฟ้า","200-local-build","yes","https://amphon.co.th/รับซื้อ/รับซื้อเครื่องใช้ไฟฟ้า-ขอนแก่น","yes","231","0.553","low","local-commercial","/บริการ/รับซื้อเครื่องใช้ไฟฟ้า","medium","GSC_NOT_AVAILABLE","EXTERNAL LINK DATA NOT AVAILABLE","2","none_as_destination","uncertain","no","REQUIRES_BUSINESS_DECISION","/บริการ/รับซื้อเครื่องใช้ไฟฟ้า หรือ /พื้นที่ให้บริการ/ขอนแก่น","P2","yes","หน้า รับซื้อเครื่องใช้ไฟฟ้า × ขอนแก่น เป็น Template ท้องถิ่นของบริการรอง มี Unique Value ต่ำ (ส่วนใหญ่รายชื่ออำเภอ + CTA) แต่การ Redirect ทั้งกลุ่มไป Hub อาจตัด long-tail ท้องถิ่น หากธุรกิจยังรับสินค้าประเภทนี้ในพื้นที่จริง — ต้องยืนยัน Demand/นโยบายบริการก่อนเลือก IMPROVE ทั้งจังหวัด หรือ MERGE ไป /บริการ/รับซื้อเครื่องใช้ไฟฟ้า","low"
"/รับซื้อ/รับซื้อเครื่องใช้ไฟฟ้า-ชัยภูมิ","src/content/serviceAreas//รับซื้อเครื่องใช้ไฟฟ้า-ชัยภูมิ.md","service-x-location","G-SA-รับซื้อเครื่องใช้ไฟฟ้า","200-local-build","yes","https://amphon.co.th/รับซื้อ/รับซื้อเครื่องใช้ไฟฟ้า-ชัยภูมิ","yes","234","0.567","low","local-commercial","/บริการ/รับซื้อเครื่องใช้ไฟฟ้า","medium","GSC_NOT_AVAILABLE","EXTERNAL LINK DATA NOT AVAILABLE","2","none_as_destination","uncertain","no","REQUIRES_BUSINESS_DECISION","/บริการ/รับซื้อเครื่องใช้ไฟฟ้า หรือ /พื้นที่ให้บริการ/ชัยภูมิ","P2","yes","หน้า รับซื้อเครื่องใช้ไฟฟ้า × ชัยภูมิ เป็น Template ท้องถิ่นของบริการรอง มี Unique Value ต่ำ (ส่วนใหญ่รายชื่ออำเภอ + CTA) แต่การ Redirect ทั้งกลุ่มไป Hub อาจตัด long-tail ท้องถิ่น หากธุรกิจยังรับสินค้าประเภทนี้ในพื้นที่จริง — ต้องยืนยัน Demand/นโยบายบริการก่อนเลือก IMPROVE ทั้งจังหวัด หรือ MERGE ไป /บริการ/รับซื้อเครื่องใช้ไฟฟ้า","low"
"/รับซื้อ/รับซื้อเครื่องใช้ไฟฟ้า-นครพนม","src/content/serviceAreas//รับซื้อเครื่องใช้ไฟฟ้า-นครพนม.md","service-x-location","G-SA-รับซื้อเครื่องใช้ไฟฟ้า","200-local-build","yes","https://amphon.co.th/รับซื้อ/รับซื้อเครื่องใช้ไฟฟ้า-นครพนม","yes","231","0.528","low","local-commercial","/บริการ/รับซื้อเครื่องใช้ไฟฟ้า","medium","GSC_NOT_AVAILABLE","EXTERNAL LINK DATA NOT AVAILABLE","2","none_as_destination","uncertain","no","REQUIRES_BUSINESS_DECISION","/บริการ/รับซื้อเครื่องใช้ไฟฟ้า หรือ /พื้นที่ให้บริการ/นครพนม","P2","yes","หน้า รับซื้อเครื่องใช้ไฟฟ้า × นครพนม เป็น Template ท้องถิ่นของบริการรอง มี Unique Value ต่ำ (ส่วนใหญ่รายชื่ออำเภอ + CTA) แต่การ Redirect ทั้งกลุ่มไป Hub อาจตัด long-tail ท้องถิ่น หากธุรกิจยังรับสินค้าประเภทนี้ในพื้นที่จริง — ต้องยืนยัน Demand/นโยบายบริการก่อนเลือก IMPROVE ทั้งจังหวัด หรือ MERGE ไป /บริการ/รับซื้อเครื่องใช้ไฟฟ้า","low"
"/รับซื้อ/รับซื้อเครื่องใช้ไฟฟ้า-นครราชสีมา","src/content/serviceAreas//รับซื้อเครื่องใช้ไฟฟ้า-นครราชสีมา.md","service-x-location","G-SA-รับซื้อเครื่องใช้ไฟฟ้า","200-local-build","yes","https://amphon.co.th/รับซื้อ/รับซื้อเครื่องใช้ไฟฟ้า-นครราชสีมา","yes","237","0.527","low","local-commercial","/บริการ/รับซื้อเครื่องใช้ไฟฟ้า","medium","GSC_NOT_AVAILABLE","EXTERNAL LINK DATA NOT AVAILABLE","2","none_as_destination","uncertain","no","REQUIRES_BUSINESS_DECISION","/บริการ/รับซื้อเครื่องใช้ไฟฟ้า หรือ /พื้นที่ให้บริการ/นครราชสีมา","P2","yes","หน้า รับซื้อเครื่องใช้ไฟฟ้า × นครราชสีมา เป็น Template ท้องถิ่นของบริการรอง มี Unique Value ต่ำ (ส่วนใหญ่รายชื่ออำเภอ + CTA) แต่การ Redirect ทั้งกลุ่มไป Hub อาจตัด long-tail ท้องถิ่น หากธุรกิจยังรับสินค้าประเภทนี้ในพื้นที่จริง — ต้องยืนยัน Demand/นโยบายบริการก่อนเลือก IMPROVE ทั้งจังหวัด หรือ MERGE ไป /บริการ/รับซื้อเครื่องใช้ไฟฟ้า","low"
"/รับซื้อ/รับซื้อเครื่องใช้ไฟฟ้า-บึงกาฬ","src/content/serviceAreas//รับซื้อเครื่องใช้ไฟฟ้า-บึงกาฬ.md","service-x-location","G-SA-รับซื้อเครื่องใช้ไฟฟ้า","200-local-build","yes","https://amphon.co.th/รับซื้อ/รับซื้อเครื่องใช้ไฟฟ้า-บึงกาฬ","yes","234","0.524","low","local-commercial","/บริการ/รับซื้อเครื่องใช้ไฟฟ้า","medium","GSC_NOT_AVAILABLE","EXTERNAL LINK DATA NOT AVAILABLE","2","none_as_destination","uncertain","no","REQUIRES_BUSINESS_DECISION","/บริการ/รับซื้อเครื่องใช้ไฟฟ้า หรือ /พื้นที่ให้บริการ/บึงกาฬ","P2","yes","หน้า รับซื้อเครื่องใช้ไฟฟ้า × บึงกาฬ เป็น Template ท้องถิ่นของบริการรอง มี Unique Value ต่ำ (ส่วนใหญ่รายชื่ออำเภอ + CTA) แต่การ Redirect ทั้งกลุ่มไป Hub อาจตัด long-tail ท้องถิ่น หากธุรกิจยังรับสินค้าประเภทนี้ในพื้นที่จริง — ต้องยืนยัน Demand/นโยบายบริการก่อนเลือก IMPROVE ทั้งจังหวัด หรือ MERGE ไป /บริการ/รับซื้อเครื่องใช้ไฟฟ้า","low"
"/รับซื้อ/รับซื้อเครื่องใช้ไฟฟ้า-บุรีรัมย์","src/content/serviceAreas//รับซื้อเครื่องใช้ไฟฟ้า-บุรีรัมย์.md","service-x-location","G-SA-รับซื้อเครื่องใช้ไฟฟ้า","200-local-build","yes","https://amphon.co.th/รับซื้อ/รับซื้อเครื่องใช้ไฟฟ้า-บุรีรัมย์","yes","234","0.517","low","local-commercial","/บริการ/รับซื้อเครื่องใช้ไฟฟ้า","medium","GSC_NOT_AVAILABLE","EXTERNAL LINK DATA NOT AVAILABLE","2","none_as_destination","uncertain","no","REQUIRES_BUSINESS_DECISION","/บริการ/รับซื้อเครื่องใช้ไฟฟ้า หรือ /พื้นที่ให้บริการ/บุรีรัมย์","P2","yes","หน้า รับซื้อเครื่องใช้ไฟฟ้า × บุรีรัมย์ เป็น Template ท้องถิ่นของบริการรอง มี Unique Value ต่ำ (ส่วนใหญ่รายชื่ออำเภอ + CTA) แต่การ Redirect ทั้งกลุ่มไป Hub อาจตัด long-tail ท้องถิ่น หากธุรกิจยังรับสินค้าประเภทนี้ในพื้นที่จริง — ต้องยืนยัน Demand/นโยบายบริการก่อนเลือก IMPROVE ทั้งจังหวัด หรือ MERGE ไป /บริการ/รับซื้อเครื่องใช้ไฟฟ้า","low"
"/รับซื้อ/รับซื้อเครื่องใช้ไฟฟ้า-มหาสารคาม","src/content/serviceAreas//รับซื้อเครื่องใช้ไฟฟ้า-มหาสารคาม.md","service-x-location","G-SA-รับซื้อเครื่องใช้ไฟฟ้า","200-local-build","yes","https://amphon.co.th/รับซื้อ/รับซื้อเครื่องใช้ไฟฟ้า-มหาสารคาม","yes","231","0.517","low","local-commercial","/บริการ/รับซื้อเครื่องใช้ไฟฟ้า","medium","GSC_NOT_AVAILABLE","EXTERNAL LINK DATA NOT AVAILABLE","2","none_as_destination","uncertain","no","REQUIRES_BUSINESS_DECISION","/บริการ/รับซื้อเครื่องใช้ไฟฟ้า หรือ /พื้นที่ให้บริการ/มหาสารคาม","P2","yes","หน้า รับซื้อเครื่องใช้ไฟฟ้า × มหาสารคาม เป็น Template ท้องถิ่นของบริการรอง มี Unique Value ต่ำ (ส่วนใหญ่รายชื่ออำเภอ + CTA) แต่การ Redirect ทั้งกลุ่มไป Hub อาจตัด long-tail ท้องถิ่น หากธุรกิจยังรับสินค้าประเภทนี้ในพื้นที่จริง — ต้องยืนยัน Demand/นโยบายบริการก่อนเลือก IMPROVE ทั้งจังหวัด หรือ MERGE ไป /บริการ/รับซื้อเครื่องใช้ไฟฟ้า","low"
"/รับซื้อ/รับซื้อเครื่องใช้ไฟฟ้า-มุกดาหาร","src/content/serviceAreas//รับซื้อเครื่องใช้ไฟฟ้า-มุกดาหาร.md","service-x-location","G-SA-รับซื้อเครื่องใช้ไฟฟ้า","200-local-build","yes","https://amphon.co.th/รับซื้อ/รับซื้อเครื่องใช้ไฟฟ้า-มุกดาหาร","yes","234","0.521","low","local-commercial","/บริการ/รับซื้อเครื่องใช้ไฟฟ้า","medium","GSC_NOT_AVAILABLE","EXTERNAL LINK DATA NOT AVAILABLE","2","none_as_destination","uncertain","no","REQUIRES_BUSINESS_DECISION","/บริการ/รับซื้อเครื่องใช้ไฟฟ้า หรือ /พื้นที่ให้บริการ/มุกดาหาร","P2","yes","หน้า รับซื้อเครื่องใช้ไฟฟ้า × มุกดาหาร เป็น Template ท้องถิ่นของบริการรอง มี Unique Value ต่ำ (ส่วนใหญ่รายชื่ออำเภอ + CTA) แต่การ Redirect ทั้งกลุ่มไป Hub อาจตัด long-tail ท้องถิ่น หากธุรกิจยังรับสินค้าประเภทนี้ในพื้นที่จริง — ต้องยืนยัน Demand/นโยบายบริการก่อนเลือก IMPROVE ทั้งจังหวัด หรือ MERGE ไป /บริการ/รับซื้อเครื่องใช้ไฟฟ้า","low"
"/รับซื้อ/รับซื้อเครื่องใช้ไฟฟ้า-ยโสธร","src/content/serviceAreas//รับซื้อเครื่องใช้ไฟฟ้า-ยโสธร.md","service-x-location","G-SA-รับซื้อเครื่องใช้ไฟฟ้า","200-local-build","yes","https://amphon.co.th/รับซื้อ/รับซื้อเครื่องใช้ไฟฟ้า-ยโสธร","yes","231","0.535","low","local-commercial","/บริการ/รับซื้อเครื่องใช้ไฟฟ้า","medium","GSC_NOT_AVAILABLE","EXTERNAL LINK DATA NOT AVAILABLE","2","none_as_destination","uncertain","no","REQUIRES_BUSINESS_DECISION","/บริการ/รับซื้อเครื่องใช้ไฟฟ้า หรือ /พื้นที่ให้บริการ/ยโสธร","P2","yes","หน้า รับซื้อเครื่องใช้ไฟฟ้า × ยโสธร เป็น Template ท้องถิ่นของบริการรอง มี Unique Value ต่ำ (ส่วนใหญ่รายชื่ออำเภอ + CTA) แต่การ Redirect ทั้งกลุ่มไป Hub อาจตัด long-tail ท้องถิ่น หากธุรกิจยังรับสินค้าประเภทนี้ในพื้นที่จริง — ต้องยืนยัน Demand/นโยบายบริการก่อนเลือก IMPROVE ทั้งจังหวัด หรือ MERGE ไป /บริการ/รับซื้อเครื่องใช้ไฟฟ้า","low"
"/รับซื้อ/รับซื้อเครื่องใช้ไฟฟ้า-ร้อยเอ็ด","src/content/serviceAreas//รับซื้อเครื่องใช้ไฟฟ้า-ร้อยเอ็ด.md","service-x-location","G-SA-รับซื้อเครื่องใช้ไฟฟ้า","200-local-build","yes","https://amphon.co.th/รับซื้อ/รับซื้อเครื่องใช้ไฟฟ้า-ร้อยเอ็ด","yes","234","0.521","low","local-commercial","/บริการ/รับซื้อเครื่องใช้ไฟฟ้า","medium","GSC_NOT_AVAILABLE","EXTERNAL LINK DATA NOT AVAILABLE","2","none_as_destination","uncertain","no","REQUIRES_BUSINESS_DECISION","/บริการ/รับซื้อเครื่องใช้ไฟฟ้า หรือ /พื้นที่ให้บริการ/ร้อยเอ็ด","P2","yes","หน้า รับซื้อเครื่องใช้ไฟฟ้า × ร้อยเอ็ด เป็น Template ท้องถิ่นของบริการรอง มี Unique Value ต่ำ (ส่วนใหญ่รายชื่ออำเภอ + CTA) แต่การ Redirect ทั้งกลุ่มไป Hub อาจตัด long-tail ท้องถิ่น หากธุรกิจยังรับสินค้าประเภทนี้ในพื้นที่จริง — ต้องยืนยัน Demand/นโยบายบริการก่อนเลือก IMPROVE ทั้งจังหวัด หรือ MERGE ไป /บริการ/รับซื้อเครื่องใช้ไฟฟ้า","low"
"/รับซื้อ/รับซื้อเครื่องใช้ไฟฟ้า-เลย","src/content/serviceAreas//รับซื้อเครื่องใช้ไฟฟ้า-เลย.md","service-x-location","G-SA-รับซื้อเครื่องใช้ไฟฟ้า","200-local-build","yes","https://amphon.co.th/รับซื้อ/รับซื้อเครื่องใช้ไฟฟ้า-เลย","yes","231","0.553","low","local-commercial","/บริการ/รับซื้อเครื่องใช้ไฟฟ้า","medium","GSC_NOT_AVAILABLE","EXTERNAL LINK DATA NOT AVAILABLE","2","none_as_destination","uncertain","no","REQUIRES_BUSINESS_DECISION","/บริการ/รับซื้อเครื่องใช้ไฟฟ้า หรือ /พื้นที่ให้บริการ/เลย","P2","yes","หน้า รับซื้อเครื่องใช้ไฟฟ้า × เลย เป็น Template ท้องถิ่นของบริการรอง มี Unique Value ต่ำ (ส่วนใหญ่รายชื่ออำเภอ + CTA) แต่การ Redirect ทั้งกลุ่มไป Hub อาจตัด long-tail ท้องถิ่น หากธุรกิจยังรับสินค้าประเภทนี้ในพื้นที่จริง — ต้องยืนยัน Demand/นโยบายบริการก่อนเลือก IMPROVE ทั้งจังหวัด หรือ MERGE ไป /บริการ/รับซื้อเครื่องใช้ไฟฟ้า","low"
"/รับซื้อ/รับซื้อเครื่องใช้ไฟฟ้า-ศรีสะเกษ","src/content/serviceAreas//รับซื้อเครื่องใช้ไฟฟ้า-ศรีสะเกษ.md","service-x-location","G-SA-รับซื้อเครื่องใช้ไฟฟ้า","200-local-build","yes","https://amphon.co.th/รับซื้อ/รับซื้อเครื่องใช้ไฟฟ้า-ศรีสะเกษ","yes","237","0.521","low","local-commercial","/บริการ/รับซื้อเครื่องใช้ไฟฟ้า","medium","GSC_NOT_AVAILABLE","EXTERNAL LINK DATA NOT AVAILABLE","2","none_as_destination","uncertain","no","REQUIRES_BUSINESS_DECISION","/บริการ/รับซื้อเครื่องใช้ไฟฟ้า หรือ /พื้นที่ให้บริการ/ศรีสะเกษ","P2","yes","หน้า รับซื้อเครื่องใช้ไฟฟ้า × ศรีสะเกษ เป็น Template ท้องถิ่นของบริการรอง มี Unique Value ต่ำ (ส่วนใหญ่รายชื่ออำเภอ + CTA) แต่การ Redirect ทั้งกลุ่มไป Hub อาจตัด long-tail ท้องถิ่น หากธุรกิจยังรับสินค้าประเภทนี้ในพื้นที่จริง — ต้องยืนยัน Demand/นโยบายบริการก่อนเลือก IMPROVE ทั้งจังหวัด หรือ MERGE ไป /บริการ/รับซื้อเครื่องใช้ไฟฟ้า","low"
"/รับซื้อ/รับซื้อเครื่องใช้ไฟฟ้า-สกลนคร","src/content/serviceAreas//รับซื้อเครื่องใช้ไฟฟ้า-สกลนคร.md","service-x-location","G-SA-รับซื้อเครื่องใช้ไฟฟ้า","200-local-build","yes","https://amphon.co.th/รับซื้อ/รับซื้อเครื่องใช้ไฟฟ้า-สกลนคร","yes","231","0.528","low","local-commercial","/บริการ/รับซื้อเครื่องใช้ไฟฟ้า","medium","GSC_NOT_AVAILABLE","EXTERNAL LINK DATA NOT AVAILABLE","2","none_as_destination","uncertain","no","REQUIRES_BUSINESS_DECISION","/บริการ/รับซื้อเครื่องใช้ไฟฟ้า หรือ /พื้นที่ให้บริการ/สกลนคร","P2","yes","หน้า รับซื้อเครื่องใช้ไฟฟ้า × สกลนคร เป็น Template ท้องถิ่นของบริการรอง มี Unique Value ต่ำ (ส่วนใหญ่รายชื่ออำเภอ + CTA) แต่การ Redirect ทั้งกลุ่มไป Hub อาจตัด long-tail ท้องถิ่น หากธุรกิจยังรับสินค้าประเภทนี้ในพื้นที่จริง — ต้องยืนยัน Demand/นโยบายบริการก่อนเลือก IMPROVE ทั้งจังหวัด หรือ MERGE ไป /บริการ/รับซื้อเครื่องใช้ไฟฟ้า","low"
"/รับซื้อ/รับซื้อเครื่องใช้ไฟฟ้า-สุรินทร์","src/content/serviceAreas//รับซื้อเครื่องใช้ไฟฟ้า-สุรินทร์.md","service-x-location","G-SA-รับซื้อเครื่องใช้ไฟฟ้า","200-local-build","yes","https://amphon.co.th/รับซื้อ/รับซื้อเครื่องใช้ไฟฟ้า-สุรินทร์","yes","234","0.524","low","local-commercial","/บริการ/รับซื้อเครื่องใช้ไฟฟ้า","medium","GSC_NOT_AVAILABLE","EXTERNAL LINK DATA NOT AVAILABLE","2","none_as_destination","uncertain","no","REQUIRES_BUSINESS_DECISION","/บริการ/รับซื้อเครื่องใช้ไฟฟ้า หรือ /พื้นที่ให้บริการ/สุรินทร์","P2","yes","หน้า รับซื้อเครื่องใช้ไฟฟ้า × สุรินทร์ เป็น Template ท้องถิ่นของบริการรอง มี Unique Value ต่ำ (ส่วนใหญ่รายชื่ออำเภอ + CTA) แต่การ Redirect ทั้งกลุ่มไป Hub อาจตัด long-tail ท้องถิ่น หากธุรกิจยังรับสินค้าประเภทนี้ในพื้นที่จริง — ต้องยืนยัน Demand/นโยบายบริการก่อนเลือก IMPROVE ทั้งจังหวัด หรือ MERGE ไป /บริการ/รับซื้อเครื่องใช้ไฟฟ้า","low"
"/รับซื้อ/รับซื้อเครื่องใช้ไฟฟ้า-หนองคาย","src/content/serviceAreas//รับซื้อเครื่องใช้ไฟฟ้า-หนองคาย.md","service-x-location","G-SA-รับซื้อเครื่องใช้ไฟฟ้า","200-local-build","yes","https://amphon.co.th/รับซื้อ/รับซื้อเครื่องใช้ไฟฟ้า-หนองคาย","yes","231","0.567","low","local-commercial","/บริการ/รับซื้อเครื่องใช้ไฟฟ้า","medium","GSC_NOT_AVAILABLE","EXTERNAL LINK DATA NOT AVAILABLE","2","none_as_destination","uncertain","no","REQUIRES_BUSINESS_DECISION","/บริการ/รับซื้อเครื่องใช้ไฟฟ้า หรือ /พื้นที่ให้บริการ/หนองคาย","P2","yes","หน้า รับซื้อเครื่องใช้ไฟฟ้า × หนองคาย เป็น Template ท้องถิ่นของบริการรอง มี Unique Value ต่ำ (ส่วนใหญ่รายชื่ออำเภอ + CTA) แต่การ Redirect ทั้งกลุ่มไป Hub อาจตัด long-tail ท้องถิ่น หากธุรกิจยังรับสินค้าประเภทนี้ในพื้นที่จริง — ต้องยืนยัน Demand/นโยบายบริการก่อนเลือก IMPROVE ทั้งจังหวัด หรือ MERGE ไป /บริการ/รับซื้อเครื่องใช้ไฟฟ้า","low"
"/รับซื้อ/รับซื้อเครื่องใช้ไฟฟ้า-หนองบัวลำภู","src/content/serviceAreas//รับซื้อเครื่องใช้ไฟฟ้า-หนองบัวลำภู.md","service-x-location","G-SA-รับซื้อเครื่องใช้ไฟฟ้า","200-local-build","yes","https://amphon.co.th/รับซื้อ/รับซื้อเครื่องใช้ไฟฟ้า-หนองบัวลำภู","yes","237","0.517","low","local-commercial","/บริการ/รับซื้อเครื่องใช้ไฟฟ้า","medium","GSC_NOT_AVAILABLE","EXTERNAL LINK DATA NOT AVAILABLE","2","none_as_destination","uncertain","no","REQUIRES_BUSINESS_DECISION","/บริการ/รับซื้อเครื่องใช้ไฟฟ้า หรือ /พื้นที่ให้บริการ/หนองบัวลำภู","P2","yes","หน้า รับซื้อเครื่องใช้ไฟฟ้า × หนองบัวลำภู เป็น Template ท้องถิ่นของบริการรอง มี Unique Value ต่ำ (ส่วนใหญ่รายชื่ออำเภอ + CTA) แต่การ Redirect ทั้งกลุ่มไป Hub อาจตัด long-tail ท้องถิ่น หากธุรกิจยังรับสินค้าประเภทนี้ในพื้นที่จริง — ต้องยืนยัน Demand/นโยบายบริการก่อนเลือก IMPROVE ทั้งจังหวัด หรือ MERGE ไป /บริการ/รับซื้อเครื่องใช้ไฟฟ้า","low"
"/รับซื้อ/รับซื้อเครื่องใช้ไฟฟ้า-อำนาจเจริญ","src/content/serviceAreas//รับซื้อเครื่องใช้ไฟฟ้า-อำนาจเจริญ.md","service-x-location","G-SA-รับซื้อเครื่องใช้ไฟฟ้า","200-local-build","yes","https://amphon.co.th/รับซื้อ/รับซื้อเครื่องใช้ไฟฟ้า-อำนาจเจริญ","yes","231","0.532","low","local-commercial","/บริการ/รับซื้อเครื่องใช้ไฟฟ้า","medium","GSC_NOT_AVAILABLE","EXTERNAL LINK DATA NOT AVAILABLE","2","none_as_destination","uncertain","no","REQUIRES_BUSINESS_DECISION","/บริการ/รับซื้อเครื่องใช้ไฟฟ้า หรือ /พื้นที่ให้บริการ/อำนาจเจริญ","P2","yes","หน้า รับซื้อเครื่องใช้ไฟฟ้า × อำนาจเจริญ เป็น Template ท้องถิ่นของบริการรอง มี Unique Value ต่ำ (ส่วนใหญ่รายชื่ออำเภอ + CTA) แต่การ Redirect ทั้งกลุ่มไป Hub อาจตัด long-tail ท้องถิ่น หากธุรกิจยังรับสินค้าประเภทนี้ในพื้นที่จริง — ต้องยืนยัน Demand/นโยบายบริการก่อนเลือก IMPROVE ทั้งจังหวัด หรือ MERGE ไป /บริการ/รับซื้อเครื่องใช้ไฟฟ้า","low"
"/รับซื้อ/รับซื้อเครื่องใช้ไฟฟ้า-อุดรธานี","src/content/serviceAreas//รับซื้อเครื่องใช้ไฟฟ้า-อุดรธานี.md","service-x-location","G-SA-รับซื้อเครื่องใช้ไฟฟ้า","200-local-build","yes","https://amphon.co.th/รับซื้อ/รับซื้อเครื่องใช้ไฟฟ้า-อุดรธานี","yes","234","0.514","low","local-commercial","/บริการ/รับซื้อเครื่องใช้ไฟฟ้า","medium","GSC_NOT_AVAILABLE","EXTERNAL LINK DATA NOT AVAILABLE","2","none_as_destination","uncertain","no","REQUIRES_BUSINESS_DECISION","/บริการ/รับซื้อเครื่องใช้ไฟฟ้า หรือ /พื้นที่ให้บริการ/อุดรธานี","P2","yes","หน้า รับซื้อเครื่องใช้ไฟฟ้า × อุดรธานี เป็น Template ท้องถิ่นของบริการรอง มี Unique Value ต่ำ (ส่วนใหญ่รายชื่ออำเภอ + CTA) แต่การ Redirect ทั้งกลุ่มไป Hub อาจตัด long-tail ท้องถิ่น หากธุรกิจยังรับสินค้าประเภทนี้ในพื้นที่จริง — ต้องยืนยัน Demand/นโยบายบริการก่อนเลือก IMPROVE ทั้งจังหวัด หรือ MERGE ไป /บริการ/รับซื้อเครื่องใช้ไฟฟ้า","low"
"/รับซื้อ/รับซื้อเครื่องใช้ไฟฟ้า-อุบลราชธานี","src/content/serviceAreas//รับซื้อเครื่องใช้ไฟฟ้า-อุบลราชธานี.md","service-x-location","G-SA-รับซื้อเครื่องใช้ไฟฟ้า","200-local-build","yes","https://amphon.co.th/รับซื้อ/รับซื้อเครื่องใช้ไฟฟ้า-อุบลราชธานี","yes","234","0.517","partial","local-commercial","/บริการ/รับซื้อเครื่องใช้ไฟฟ้า","medium","GSC_NOT_AVAILABLE","EXTERNAL LINK DATA NOT AVAILABLE","2","none_as_destination","higher-store-province","no","IMPROVE","","P1","yes","หน้า รับซื้อเครื่องใช้ไฟฟ้า × อุบลราชธานี อยู่จังหวัดที่มีหน้าร้านจริง จึงมีโอกาสเพิ่ม Unique Value (จุดรับของ เส้นทาง อำเภอที่นัดรับบ่อย) ได้โดยไม่สร้างสาขาปลอม ปัจจุบันยังเป็น Template สลับชื่อจังหวัด/สินค้าเป็นหลัก (template_ratio≈0.517) — แนะนำ IMPROVE ก่อนพิจารณา Merge","medium"
"/รับซื้อ/รับซื้อโดรน-กาฬสินธุ์","src/content/serviceAreas//รับซื้อโดรน-กาฬสินธุ์.md","service-x-location","G-SA-รับซื้อโดรน","200-local-build","yes","https://amphon.co.th/รับซื้อ/รับซื้อโดรน-กาฬสินธุ์","yes","232","0.458","low","local-commercial","/บริการ/รับซื้อโดรน","medium","GSC_NOT_AVAILABLE","EXTERNAL LINK DATA NOT AVAILABLE","2","none_as_destination","uncertain","no","REQUIRES_BUSINESS_DECISION","/บริการ/รับซื้อโดรน หรือ /พื้นที่ให้บริการ/กาฬสินธุ์","P2","yes","หน้า รับซื้อโดรน × กาฬสินธุ์ เป็น Template ท้องถิ่นของบริการรอง มี Unique Value ต่ำ (ส่วนใหญ่รายชื่ออำเภอ + CTA) แต่การ Redirect ทั้งกลุ่มไป Hub อาจตัด long-tail ท้องถิ่น หากธุรกิจยังรับสินค้าประเภทนี้ในพื้นที่จริง — ต้องยืนยัน Demand/นโยบายบริการก่อนเลือก IMPROVE ทั้งจังหวัด หรือ MERGE ไป /บริการ/รับซื้อโดรน","low"
"/รับซื้อ/รับซื้อโดรน-ขอนแก่น","src/content/serviceAreas//รับซื้อโดรน-ขอนแก่น.md","service-x-location","G-SA-รับซื้อโดรน","200-local-build","yes","https://amphon.co.th/รับซื้อ/รับซื้อโดรน-ขอนแก่น","yes","226","0.465","low","local-commercial","/บริการ/รับซื้อโดรน","medium","GSC_NOT_AVAILABLE","EXTERNAL LINK DATA NOT AVAILABLE","2","none_as_destination","uncertain","no","REQUIRES_BUSINESS_DECISION","/บริการ/รับซื้อโดรน หรือ /พื้นที่ให้บริการ/ขอนแก่น","P2","yes","หน้า รับซื้อโดรน × ขอนแก่น เป็น Template ท้องถิ่นของบริการรอง มี Unique Value ต่ำ (ส่วนใหญ่รายชื่ออำเภอ + CTA) แต่การ Redirect ทั้งกลุ่มไป Hub อาจตัด long-tail ท้องถิ่น หากธุรกิจยังรับสินค้าประเภทนี้ในพื้นที่จริง — ต้องยืนยัน Demand/นโยบายบริการก่อนเลือก IMPROVE ทั้งจังหวัด หรือ MERGE ไป /บริการ/รับซื้อโดรน","low"
"/รับซื้อ/รับซื้อโดรน-ชัยภูมิ","src/content/serviceAreas//รับซื้อโดรน-ชัยภูมิ.md","service-x-location","G-SA-รับซื้อโดรน","200-local-build","yes","https://amphon.co.th/รับซื้อ/รับซื้อโดรน-ชัยภูมิ","yes","229","0.465","low","local-commercial","/บริการ/รับซื้อโดรน","medium","GSC_NOT_AVAILABLE","EXTERNAL LINK DATA NOT AVAILABLE","2","none_as_destination","uncertain","no","REQUIRES_BUSINESS_DECISION","/บริการ/รับซื้อโดรน หรือ /พื้นที่ให้บริการ/ชัยภูมิ","P2","yes","หน้า รับซื้อโดรน × ชัยภูมิ เป็น Template ท้องถิ่นของบริการรอง มี Unique Value ต่ำ (ส่วนใหญ่รายชื่ออำเภอ + CTA) แต่การ Redirect ทั้งกลุ่มไป Hub อาจตัด long-tail ท้องถิ่น หากธุรกิจยังรับสินค้าประเภทนี้ในพื้นที่จริง — ต้องยืนยัน Demand/นโยบายบริการก่อนเลือก IMPROVE ทั้งจังหวัด หรือ MERGE ไป /บริการ/รับซื้อโดรน","low"
"/รับซื้อ/รับซื้อโดรน-นครพนม","src/content/serviceAreas//รับซื้อโดรน-นครพนม.md","service-x-location","G-SA-รับซื้อโดรน","200-local-build","yes","https://amphon.co.th/รับซื้อ/รับซื้อโดรน-นครพนม","yes","226","0.489","low","local-commercial","/บริการ/รับซื้อโดรน","medium","GSC_NOT_AVAILABLE","EXTERNAL LINK DATA NOT AVAILABLE","2","none_as_destination","uncertain","no","REQUIRES_BUSINESS_DECISION","/บริการ/รับซื้อโดรน หรือ /พื้นที่ให้บริการ/นครพนม","P2","yes","หน้า รับซื้อโดรน × นครพนม เป็น Template ท้องถิ่นของบริการรอง มี Unique Value ต่ำ (ส่วนใหญ่รายชื่ออำเภอ + CTA) แต่การ Redirect ทั้งกลุ่มไป Hub อาจตัด long-tail ท้องถิ่น หากธุรกิจยังรับสินค้าประเภทนี้ในพื้นที่จริง — ต้องยืนยัน Demand/นโยบายบริการก่อนเลือก IMPROVE ทั้งจังหวัด หรือ MERGE ไป /บริการ/รับซื้อโดรน","low"
"/รับซื้อ/รับซื้อโดรน-นครราชสีมา","src/content/serviceAreas//รับซื้อโดรน-นครราชสีมา.md","service-x-location","G-SA-รับซื้อโดรน","200-local-build","yes","https://amphon.co.th/รับซื้อ/รับซื้อโดรน-นครราชสีมา","yes","232","0.448","low","local-commercial","/บริการ/รับซื้อโดรน","medium","GSC_NOT_AVAILABLE","EXTERNAL LINK DATA NOT AVAILABLE","2","none_as_destination","uncertain","no","REQUIRES_BUSINESS_DECISION","/บริการ/รับซื้อโดรน หรือ /พื้นที่ให้บริการ/นครราชสีมา","P2","yes","หน้า รับซื้อโดรน × นครราชสีมา เป็น Template ท้องถิ่นของบริการรอง มี Unique Value ต่ำ (ส่วนใหญ่รายชื่ออำเภอ + CTA) แต่การ Redirect ทั้งกลุ่มไป Hub อาจตัด long-tail ท้องถิ่น หากธุรกิจยังรับสินค้าประเภทนี้ในพื้นที่จริง — ต้องยืนยัน Demand/นโยบายบริการก่อนเลือก IMPROVE ทั้งจังหวัด หรือ MERGE ไป /บริการ/รับซื้อโดรน","low"
"/รับซื้อ/รับซื้อโดรน-บึงกาฬ","src/content/serviceAreas//รับซื้อโดรน-บึงกาฬ.md","service-x-location","G-SA-รับซื้อโดรน","200-local-build","yes","https://amphon.co.th/รับซื้อ/รับซื้อโดรน-บึงกาฬ","yes","229","0.482","low","local-commercial","/บริการ/รับซื้อโดรน","medium","GSC_NOT_AVAILABLE","EXTERNAL LINK DATA NOT AVAILABLE","2","none_as_destination","uncertain","no","REQUIRES_BUSINESS_DECISION","/บริการ/รับซื้อโดรน หรือ /พื้นที่ให้บริการ/บึงกาฬ","P2","yes","หน้า รับซื้อโดรน × บึงกาฬ เป็น Template ท้องถิ่นของบริการรอง มี Unique Value ต่ำ (ส่วนใหญ่รายชื่ออำเภอ + CTA) แต่การ Redirect ทั้งกลุ่มไป Hub อาจตัด long-tail ท้องถิ่น หากธุรกิจยังรับสินค้าประเภทนี้ในพื้นที่จริง — ต้องยืนยัน Demand/นโยบายบริการก่อนเลือก IMPROVE ทั้งจังหวัด หรือ MERGE ไป /บริการ/รับซื้อโดรน","low"
"/รับซื้อ/รับซื้อโดรน-บุรีรัมย์","src/content/serviceAreas//รับซื้อโดรน-บุรีรัมย์.md","service-x-location","G-SA-รับซื้อโดรน","200-local-build","yes","https://amphon.co.th/รับซื้อ/รับซื้อโดรน-บุรีรัมย์","yes","229","0.458","low","local-commercial","/บริการ/รับซื้อโดรน","medium","GSC_NOT_AVAILABLE","EXTERNAL LINK DATA NOT AVAILABLE","2","none_as_destination","uncertain","no","REQUIRES_BUSINESS_DECISION","/บริการ/รับซื้อโดรน หรือ /พื้นที่ให้บริการ/บุรีรัมย์","P2","yes","หน้า รับซื้อโดรน × บุรีรัมย์ เป็น Template ท้องถิ่นของบริการรอง มี Unique Value ต่ำ (ส่วนใหญ่รายชื่ออำเภอ + CTA) แต่การ Redirect ทั้งกลุ่มไป Hub อาจตัด long-tail ท้องถิ่น หากธุรกิจยังรับสินค้าประเภทนี้ในพื้นที่จริง — ต้องยืนยัน Demand/นโยบายบริการก่อนเลือก IMPROVE ทั้งจังหวัด หรือ MERGE ไป /บริการ/รับซื้อโดรน","low"
"/รับซื้อ/รับซื้อโดรน-มหาสารคาม","src/content/serviceAreas//รับซื้อโดรน-มหาสารคาม.md","service-x-location","G-SA-รับซื้อโดรน","200-local-build","yes","https://amphon.co.th/รับซื้อ/รับซื้อโดรน-มหาสารคาม","yes","226","0.465","low","local-commercial","/บริการ/รับซื้อโดรน","medium","GSC_NOT_AVAILABLE","EXTERNAL LINK DATA NOT AVAILABLE","2","none_as_destination","uncertain","no","REQUIRES_BUSINESS_DECISION","/บริการ/รับซื้อโดรน หรือ /พื้นที่ให้บริการ/มหาสารคาม","P2","yes","หน้า รับซื้อโดรน × มหาสารคาม เป็น Template ท้องถิ่นของบริการรอง มี Unique Value ต่ำ (ส่วนใหญ่รายชื่ออำเภอ + CTA) แต่การ Redirect ทั้งกลุ่มไป Hub อาจตัด long-tail ท้องถิ่น หากธุรกิจยังรับสินค้าประเภทนี้ในพื้นที่จริง — ต้องยืนยัน Demand/นโยบายบริการก่อนเลือก IMPROVE ทั้งจังหวัด หรือ MERGE ไป /บริการ/รับซื้อโดรน","low"
"/รับซื้อ/รับซื้อโดรน-มุกดาหาร","src/content/serviceAreas//รับซื้อโดรน-มุกดาหาร.md","service-x-location","G-SA-รับซื้อโดรน","200-local-build","yes","https://amphon.co.th/รับซื้อ/รับซื้อโดรน-มุกดาหาร","yes","229","0.5","low","local-commercial","/บริการ/รับซื้อโดรน","medium","GSC_NOT_AVAILABLE","EXTERNAL LINK DATA NOT AVAILABLE","2","none_as_destination","uncertain","no","REQUIRES_BUSINESS_DECISION","/บริการ/รับซื้อโดรน หรือ /พื้นที่ให้บริการ/มุกดาหาร","P2","yes","หน้า รับซื้อโดรน × มุกดาหาร เป็น Template ท้องถิ่นของบริการรอง มี Unique Value ต่ำ (ส่วนใหญ่รายชื่ออำเภอ + CTA) แต่การ Redirect ทั้งกลุ่มไป Hub อาจตัด long-tail ท้องถิ่น หากธุรกิจยังรับสินค้าประเภทนี้ในพื้นที่จริง — ต้องยืนยัน Demand/นโยบายบริการก่อนเลือก IMPROVE ทั้งจังหวัด หรือ MERGE ไป /บริการ/รับซื้อโดรน","low"
"/รับซื้อ/รับซื้อโดรน-ยโสธร","src/content/serviceAreas//รับซื้อโดรน-ยโสธร.md","service-x-location","G-SA-รับซื้อโดรน","200-local-build","yes","https://amphon.co.th/รับซื้อ/รับซื้อโดรน-ยโสธร","yes","226","0.482","low","local-commercial","/บริการ/รับซื้อโดรน","medium","GSC_NOT_AVAILABLE","EXTERNAL LINK DATA NOT AVAILABLE","2","none_as_destination","uncertain","no","REQUIRES_BUSINESS_DECISION","/บริการ/รับซื้อโดรน หรือ /พื้นที่ให้บริการ/ยโสธร","P2","yes","หน้า รับซื้อโดรน × ยโสธร เป็น Template ท้องถิ่นของบริการรอง มี Unique Value ต่ำ (ส่วนใหญ่รายชื่ออำเภอ + CTA) แต่การ Redirect ทั้งกลุ่มไป Hub อาจตัด long-tail ท้องถิ่น หากธุรกิจยังรับสินค้าประเภทนี้ในพื้นที่จริง — ต้องยืนยัน Demand/นโยบายบริการก่อนเลือก IMPROVE ทั้งจังหวัด หรือ MERGE ไป /บริการ/รับซื้อโดรน","low"
"/รับซื้อ/รับซื้อโดรน-ร้อยเอ็ด","src/content/serviceAreas//รับซื้อโดรน-ร้อยเอ็ด.md","service-x-location","G-SA-รับซื้อโดรน","200-local-build","yes","https://amphon.co.th/รับซื้อ/รับซื้อโดรน-ร้อยเอ็ด","yes","229","0.5","low","local-commercial","/บริการ/รับซื้อโดรน","medium","GSC_NOT_AVAILABLE","EXTERNAL LINK DATA NOT AVAILABLE","2","none_as_destination","uncertain","no","REQUIRES_BUSINESS_DECISION","/บริการ/รับซื้อโดรน หรือ /พื้นที่ให้บริการ/ร้อยเอ็ด","P2","yes","หน้า รับซื้อโดรน × ร้อยเอ็ด เป็น Template ท้องถิ่นของบริการรอง มี Unique Value ต่ำ (ส่วนใหญ่รายชื่ออำเภอ + CTA) แต่การ Redirect ทั้งกลุ่มไป Hub อาจตัด long-tail ท้องถิ่น หากธุรกิจยังรับสินค้าประเภทนี้ในพื้นที่จริง — ต้องยืนยัน Demand/นโยบายบริการก่อนเลือก IMPROVE ทั้งจังหวัด หรือ MERGE ไป /บริการ/รับซื้อโดรน","low"
"/รับซื้อ/รับซื้อโดรน-เลย","src/content/serviceAreas//รับซื้อโดรน-เลย.md","service-x-location","G-SA-รับซื้อโดรน","200-local-build","yes","https://amphon.co.th/รับซื้อ/รับซื้อโดรน-เลย","yes","226","0.507","low","local-commercial","/บริการ/รับซื้อโดรน","medium","GSC_NOT_AVAILABLE","EXTERNAL LINK DATA NOT AVAILABLE","2","none_as_destination","uncertain","no","REQUIRES_BUSINESS_DECISION","/บริการ/รับซื้อโดรน หรือ /พื้นที่ให้บริการ/เลย","P2","yes","หน้า รับซื้อโดรน × เลย เป็น Template ท้องถิ่นของบริการรอง มี Unique Value ต่ำ (ส่วนใหญ่รายชื่ออำเภอ + CTA) แต่การ Redirect ทั้งกลุ่มไป Hub อาจตัด long-tail ท้องถิ่น หากธุรกิจยังรับสินค้าประเภทนี้ในพื้นที่จริง — ต้องยืนยัน Demand/นโยบายบริการก่อนเลือก IMPROVE ทั้งจังหวัด หรือ MERGE ไป /บริการ/รับซื้อโดรน","low"
"/รับซื้อ/รับซื้อโดรน-ศรีสะเกษ","src/content/serviceAreas//รับซื้อโดรน-ศรีสะเกษ.md","service-x-location","G-SA-รับซื้อโดรน","200-local-build","yes","https://amphon.co.th/รับซื้อ/รับซื้อโดรน-ศรีสะเกษ","yes","232","0.5","low","local-commercial","/บริการ/รับซื้อโดรน","medium","GSC_NOT_AVAILABLE","EXTERNAL LINK DATA NOT AVAILABLE","2","none_as_destination","uncertain","no","REQUIRES_BUSINESS_DECISION","/บริการ/รับซื้อโดรน หรือ /พื้นที่ให้บริการ/ศรีสะเกษ","P2","yes","หน้า รับซื้อโดรน × ศรีสะเกษ เป็น Template ท้องถิ่นของบริการรอง มี Unique Value ต่ำ (ส่วนใหญ่รายชื่ออำเภอ + CTA) แต่การ Redirect ทั้งกลุ่มไป Hub อาจตัด long-tail ท้องถิ่น หากธุรกิจยังรับสินค้าประเภทนี้ในพื้นที่จริง — ต้องยืนยัน Demand/นโยบายบริการก่อนเลือก IMPROVE ทั้งจังหวัด หรือ MERGE ไป /บริการ/รับซื้อโดรน","low"
"/รับซื้อ/รับซื้อโดรน-สกลนคร","src/content/serviceAreas//รับซื้อโดรน-สกลนคร.md","service-x-location","G-SA-รับซื้อโดรน","200-local-build","yes","https://amphon.co.th/รับซื้อ/รับซื้อโดรน-สกลนคร","yes","226","0.489","low","local-commercial","/บริการ/รับซื้อโดรน","medium","GSC_NOT_AVAILABLE","EXTERNAL LINK DATA NOT AVAILABLE","2","none_as_destination","uncertain","no","REQUIRES_BUSINESS_DECISION","/บริการ/รับซื้อโดรน หรือ /พื้นที่ให้บริการ/สกลนคร","P2","yes","หน้า รับซื้อโดรน × สกลนคร เป็น Template ท้องถิ่นของบริการรอง มี Unique Value ต่ำ (ส่วนใหญ่รายชื่ออำเภอ + CTA) แต่การ Redirect ทั้งกลุ่มไป Hub อาจตัด long-tail ท้องถิ่น หากธุรกิจยังรับสินค้าประเภทนี้ในพื้นที่จริง — ต้องยืนยัน Demand/นโยบายบริการก่อนเลือก IMPROVE ทั้งจังหวัด หรือ MERGE ไป /บริการ/รับซื้อโดรน","low"
"/รับซื้อ/รับซื้อโดรน-สุรินทร์","src/content/serviceAreas//รับซื้อโดรน-สุรินทร์.md","service-x-location","G-SA-รับซื้อโดรน","200-local-build","yes","https://amphon.co.th/รับซื้อ/รับซื้อโดรน-สุรินทร์","yes","229","0.5","low","local-commercial","/บริการ/รับซื้อโดรน","medium","GSC_NOT_AVAILABLE","EXTERNAL LINK DATA NOT AVAILABLE","2","none_as_destination","uncertain","no","REQUIRES_BUSINESS_DECISION","/บริการ/รับซื้อโดรน หรือ /พื้นที่ให้บริการ/สุรินทร์","P2","yes","หน้า รับซื้อโดรน × สุรินทร์ เป็น Template ท้องถิ่นของบริการรอง มี Unique Value ต่ำ (ส่วนใหญ่รายชื่ออำเภอ + CTA) แต่การ Redirect ทั้งกลุ่มไป Hub อาจตัด long-tail ท้องถิ่น หากธุรกิจยังรับสินค้าประเภทนี้ในพื้นที่จริง — ต้องยืนยัน Demand/นโยบายบริการก่อนเลือก IMPROVE ทั้งจังหวัด หรือ MERGE ไป /บริการ/รับซื้อโดรน","low"
"/รับซื้อ/รับซื้อโดรน-หนองคาย","src/content/serviceAreas//รับซื้อโดรน-หนองคาย.md","service-x-location","G-SA-รับซื้อโดรน","200-local-build","yes","https://amphon.co.th/รับซื้อ/รับซื้อโดรน-หนองคาย","yes","226","0.465","low","local-commercial","/บริการ/รับซื้อโดรน","medium","GSC_NOT_AVAILABLE","EXTERNAL LINK DATA NOT AVAILABLE","2","none_as_destination","uncertain","no","REQUIRES_BUSINESS_DECISION","/บริการ/รับซื้อโดรน หรือ /พื้นที่ให้บริการ/หนองคาย","P2","yes","หน้า รับซื้อโดรน × หนองคาย เป็น Template ท้องถิ่นของบริการรอง มี Unique Value ต่ำ (ส่วนใหญ่รายชื่ออำเภอ + CTA) แต่การ Redirect ทั้งกลุ่มไป Hub อาจตัด long-tail ท้องถิ่น หากธุรกิจยังรับสินค้าประเภทนี้ในพื้นที่จริง — ต้องยืนยัน Demand/นโยบายบริการก่อนเลือก IMPROVE ทั้งจังหวัด หรือ MERGE ไป /บริการ/รับซื้อโดรน","low"
"/รับซื้อ/รับซื้อโดรน-หนองบัวลำภู","src/content/serviceAreas//รับซื้อโดรน-หนองบัวลำภู.md","service-x-location","G-SA-รับซื้อโดรน","200-local-build","yes","https://amphon.co.th/รับซื้อ/รับซื้อโดรน-หนองบัวลำภู","yes","232","0.476","low","local-commercial","/บริการ/รับซื้อโดรน","medium","GSC_NOT_AVAILABLE","EXTERNAL LINK DATA NOT AVAILABLE","2","none_as_destination","uncertain","no","REQUIRES_BUSINESS_DECISION","/บริการ/รับซื้อโดรน หรือ /พื้นที่ให้บริการ/หนองบัวลำภู","P2","yes","หน้า รับซื้อโดรน × หนองบัวลำภู เป็น Template ท้องถิ่นของบริการรอง มี Unique Value ต่ำ (ส่วนใหญ่รายชื่ออำเภอ + CTA) แต่การ Redirect ทั้งกลุ่มไป Hub อาจตัด long-tail ท้องถิ่น หากธุรกิจยังรับสินค้าประเภทนี้ในพื้นที่จริง — ต้องยืนยัน Demand/นโยบายบริการก่อนเลือก IMPROVE ทั้งจังหวัด หรือ MERGE ไป /บริการ/รับซื้อโดรน","low"
"/รับซื้อ/รับซื้อโดรน-อำนาจเจริญ","src/content/serviceAreas//รับซื้อโดรน-อำนาจเจริญ.md","service-x-location","G-SA-รับซื้อโดรน","200-local-build","yes","https://amphon.co.th/รับซื้อ/รับซื้อโดรน-อำนาจเจริญ","yes","226","0.462","low","local-commercial","/บริการ/รับซื้อโดรน","medium","GSC_NOT_AVAILABLE","EXTERNAL LINK DATA NOT AVAILABLE","2","none_as_destination","uncertain","no","REQUIRES_BUSINESS_DECISION","/บริการ/รับซื้อโดรน หรือ /พื้นที่ให้บริการ/อำนาจเจริญ","P2","yes","หน้า รับซื้อโดรน × อำนาจเจริญ เป็น Template ท้องถิ่นของบริการรอง มี Unique Value ต่ำ (ส่วนใหญ่รายชื่ออำเภอ + CTA) แต่การ Redirect ทั้งกลุ่มไป Hub อาจตัด long-tail ท้องถิ่น หากธุรกิจยังรับสินค้าประเภทนี้ในพื้นที่จริง — ต้องยืนยัน Demand/นโยบายบริการก่อนเลือก IMPROVE ทั้งจังหวัด หรือ MERGE ไป /บริการ/รับซื้อโดรน","low"
"/รับซื้อ/รับซื้อโดรน-อุดรธานี","src/content/serviceAreas//รับซื้อโดรน-อุดรธานี.md","service-x-location","G-SA-รับซื้อโดรน","200-local-build","yes","https://amphon.co.th/รับซื้อ/รับซื้อโดรน-อุดรธานี","yes","229","0.5","low","local-commercial","/บริการ/รับซื้อโดรน","medium","GSC_NOT_AVAILABLE","EXTERNAL LINK DATA NOT AVAILABLE","2","none_as_destination","uncertain","no","REQUIRES_BUSINESS_DECISION","/บริการ/รับซื้อโดรน หรือ /พื้นที่ให้บริการ/อุดรธานี","P2","yes","หน้า รับซื้อโดรน × อุดรธานี เป็น Template ท้องถิ่นของบริการรอง มี Unique Value ต่ำ (ส่วนใหญ่รายชื่ออำเภอ + CTA) แต่การ Redirect ทั้งกลุ่มไป Hub อาจตัด long-tail ท้องถิ่น หากธุรกิจยังรับสินค้าประเภทนี้ในพื้นที่จริง — ต้องยืนยัน Demand/นโยบายบริการก่อนเลือก IMPROVE ทั้งจังหวัด หรือ MERGE ไป /บริการ/รับซื้อโดรน","low"
"/รับซื้อ/รับซื้อโดรน-อุบลราชธานี","src/content/serviceAreas//รับซื้อโดรน-อุบลราชธานี.md","service-x-location","G-SA-รับซื้อโดรน","200-local-build","yes","https://amphon.co.th/รับซื้อ/รับซื้อโดรน-อุบลราชธานี","yes","229","0.483","partial","local-commercial","/บริการ/รับซื้อโดรน","medium","GSC_NOT_AVAILABLE","EXTERNAL LINK DATA NOT AVAILABLE","2","none_as_destination","higher-store-province","no","IMPROVE","","P1","yes","หน้า รับซื้อโดรน × อุบลราชธานี อยู่จังหวัดที่มีหน้าร้านจริง จึงมีโอกาสเพิ่ม Unique Value (จุดรับของ เส้นทาง อำเภอที่นัดรับบ่อย) ได้โดยไม่สร้างสาขาปลอม ปัจจุบันยังเป็น Template สลับชื่อจังหวัด/สินค้าเป็นหลัก (template_ratio≈0.483) — แนะนำ IMPROVE ก่อนพิจารณา Merge","medium"
"/รับซื้อ/รับซื้อทีวี-กาฬสินธุ์","src/content/serviceAreas//รับซื้อทีวี-กาฬสินธุ์.md","service-x-location","G-SA-รับซื้อทีวี","200-local-build","yes","https://amphon.co.th/รับซื้อ/รับซื้อทีวี-กาฬสินธุ์","yes","222","0.464","low","local-commercial","/บริการ/รับซื้อทีวี","medium","GSC_NOT_AVAILABLE","EXTERNAL LINK DATA NOT AVAILABLE","2","none_as_destination","uncertain","no","REQUIRES_BUSINESS_DECISION","/บริการ/รับซื้อทีวี หรือ /พื้นที่ให้บริการ/กาฬสินธุ์","P2","yes","หน้า รับซื้อทีวี × กาฬสินธุ์ เป็น Template ท้องถิ่นของบริการรอง มี Unique Value ต่ำ (ส่วนใหญ่รายชื่ออำเภอ + CTA) แต่การ Redirect ทั้งกลุ่มไป Hub อาจตัด long-tail ท้องถิ่น หากธุรกิจยังรับสินค้าประเภทนี้ในพื้นที่จริง — ต้องยืนยัน Demand/นโยบายบริการก่อนเลือก IMPROVE ทั้งจังหวัด หรือ MERGE ไป /บริการ/รับซื้อทีวี","low"
"/รับซื้อ/รับซื้อทีวี-ขอนแก่น","src/content/serviceAreas//รับซื้อทีวี-ขอนแก่น.md","service-x-location","G-SA-รับซื้อทีวี","200-local-build","yes","https://amphon.co.th/รับซื้อ/รับซื้อทีวี-ขอนแก่น","yes","216","0.486","low","local-commercial","/บริการ/รับซื้อทีวี","medium","GSC_NOT_AVAILABLE","EXTERNAL LINK DATA NOT AVAILABLE","2","none_as_destination","uncertain","no","REQUIRES_BUSINESS_DECISION","/บริการ/รับซื้อทีวี หรือ /พื้นที่ให้บริการ/ขอนแก่น","P2","yes","หน้า รับซื้อทีวี × ขอนแก่น เป็น Template ท้องถิ่นของบริการรอง มี Unique Value ต่ำ (ส่วนใหญ่รายชื่ออำเภอ + CTA) แต่การ Redirect ทั้งกลุ่มไป Hub อาจตัด long-tail ท้องถิ่น หากธุรกิจยังรับสินค้าประเภทนี้ในพื้นที่จริง — ต้องยืนยัน Demand/นโยบายบริการก่อนเลือก IMPROVE ทั้งจังหวัด หรือ MERGE ไป /บริการ/รับซื้อทีวี","low"
"/รับซื้อ/รับซื้อทีวี-ชัยภูมิ","src/content/serviceAreas//รับซื้อทีวี-ชัยภูมิ.md","service-x-location","G-SA-รับซื้อทีวี","200-local-build","yes","https://amphon.co.th/รับซื้อ/รับซื้อทีวี-ชัยภูมิ","yes","219","0.493","low","local-commercial","/บริการ/รับซื้อทีวี","medium","GSC_NOT_AVAILABLE","EXTERNAL LINK DATA NOT AVAILABLE","2","none_as_destination","uncertain","no","REQUIRES_BUSINESS_DECISION","/บริการ/รับซื้อทีวี หรือ /พื้นที่ให้บริการ/ชัยภูมิ","P2","yes","หน้า รับซื้อทีวี × ชัยภูมิ เป็น Template ท้องถิ่นของบริการรอง มี Unique Value ต่ำ (ส่วนใหญ่รายชื่ออำเภอ + CTA) แต่การ Redirect ทั้งกลุ่มไป Hub อาจตัด long-tail ท้องถิ่น หากธุรกิจยังรับสินค้าประเภทนี้ในพื้นที่จริง — ต้องยืนยัน Demand/นโยบายบริการก่อนเลือก IMPROVE ทั้งจังหวัด หรือ MERGE ไป /บริการ/รับซื้อทีวี","low"
"/รับซื้อ/รับซื้อทีวี-นครพนม","src/content/serviceAreas//รับซื้อทีวี-นครพนม.md","service-x-location","G-SA-รับซื้อทีวี","200-local-build","yes","https://amphon.co.th/รับซื้อ/รับซื้อทีวี-นครพนม","yes","216","0.496","low","local-commercial","/บริการ/รับซื้อทีวี","medium","GSC_NOT_AVAILABLE","EXTERNAL LINK DATA NOT AVAILABLE","2","none_as_destination","uncertain","no","REQUIRES_BUSINESS_DECISION","/บริการ/รับซื้อทีวี หรือ /พื้นที่ให้บริการ/นครพนม","P2","yes","หน้า รับซื้อทีวี × นครพนม เป็น Template ท้องถิ่นของบริการรอง มี Unique Value ต่ำ (ส่วนใหญ่รายชื่ออำเภอ + CTA) แต่การ Redirect ทั้งกลุ่มไป Hub อาจตัด long-tail ท้องถิ่น หากธุรกิจยังรับสินค้าประเภทนี้ในพื้นที่จริง — ต้องยืนยัน Demand/นโยบายบริการก่อนเลือก IMPROVE ทั้งจังหวัด หรือ MERGE ไป /บริการ/รับซื้อทีวี","low"
"/รับซื้อ/รับซื้อทีวี-นครราชสีมา","src/content/serviceAreas//รับซื้อทีวี-นครราชสีมา.md","service-x-location","G-SA-รับซื้อทีวี","200-local-build","yes","https://amphon.co.th/รับซื้อ/รับซื้อทีวี-นครราชสีมา","yes","222","0.493","low","local-commercial","/บริการ/รับซื้อทีวี","medium","GSC_NOT_AVAILABLE","EXTERNAL LINK DATA NOT AVAILABLE","2","none_as_destination","uncertain","no","REQUIRES_BUSINESS_DECISION","/บริการ/รับซื้อทีวี หรือ /พื้นที่ให้บริการ/นครราชสีมา","P2","yes","หน้า รับซื้อทีวี × นครราชสีมา เป็น Template ท้องถิ่นของบริการรอง มี Unique Value ต่ำ (ส่วนใหญ่รายชื่ออำเภอ + CTA) แต่การ Redirect ทั้งกลุ่มไป Hub อาจตัด long-tail ท้องถิ่น หากธุรกิจยังรับสินค้าประเภทนี้ในพื้นที่จริง — ต้องยืนยัน Demand/นโยบายบริการก่อนเลือก IMPROVE ทั้งจังหวัด หรือ MERGE ไป /บริการ/รับซื้อทีวี","low"
"/รับซื้อ/รับซื้อทีวี-บึงกาฬ","src/content/serviceAreas//รับซื้อทีวี-บึงกาฬ.md","service-x-location","G-SA-รับซื้อทีวี","200-local-build","yes","https://amphon.co.th/รับซื้อ/รับซื้อทีวี-บึงกาฬ","yes","219","0.493","low","local-commercial","/บริการ/รับซื้อทีวี","medium","GSC_NOT_AVAILABLE","EXTERNAL LINK DATA NOT AVAILABLE","2","none_as_destination","uncertain","no","REQUIRES_BUSINESS_DECISION","/บริการ/รับซื้อทีวี หรือ /พื้นที่ให้บริการ/บึงกาฬ","P2","yes","หน้า รับซื้อทีวี × บึงกาฬ เป็น Template ท้องถิ่นของบริการรอง มี Unique Value ต่ำ (ส่วนใหญ่รายชื่ออำเภอ + CTA) แต่การ Redirect ทั้งกลุ่มไป Hub อาจตัด long-tail ท้องถิ่น หากธุรกิจยังรับสินค้าประเภทนี้ในพื้นที่จริง — ต้องยืนยัน Demand/นโยบายบริการก่อนเลือก IMPROVE ทั้งจังหวัด หรือ MERGE ไป /บริการ/รับซื้อทีวี","low"
"/รับซื้อ/รับซื้อทีวี-บุรีรัมย์","src/content/serviceAreas//รับซื้อทีวี-บุรีรัมย์.md","service-x-location","G-SA-รับซื้อทีวี","200-local-build","yes","https://amphon.co.th/รับซื้อ/รับซื้อทีวี-บุรีรัมย์","yes","219","0.464","low","local-commercial","/บริการ/รับซื้อทีวี","medium","GSC_NOT_AVAILABLE","EXTERNAL LINK DATA NOT AVAILABLE","2","none_as_destination","uncertain","no","REQUIRES_BUSINESS_DECISION","/บริการ/รับซื้อทีวี หรือ /พื้นที่ให้บริการ/บุรีรัมย์","P2","yes","หน้า รับซื้อทีวี × บุรีรัมย์ เป็น Template ท้องถิ่นของบริการรอง มี Unique Value ต่ำ (ส่วนใหญ่รายชื่ออำเภอ + CTA) แต่การ Redirect ทั้งกลุ่มไป Hub อาจตัด long-tail ท้องถิ่น หากธุรกิจยังรับสินค้าประเภทนี้ในพื้นที่จริง — ต้องยืนยัน Demand/นโยบายบริการก่อนเลือก IMPROVE ทั้งจังหวัด หรือ MERGE ไป /บริการ/รับซื้อทีวี","low"
"/รับซื้อ/รับซื้อทีวี-มหาสารคาม","src/content/serviceAreas//รับซื้อทีวี-มหาสารคาม.md","service-x-location","G-SA-รับซื้อทีวี","200-local-build","yes","https://amphon.co.th/รับซื้อ/รับซื้อทีวี-มหาสารคาม","yes","216","0.464","low","local-commercial","/บริการ/รับซื้อทีวี","medium","GSC_NOT_AVAILABLE","EXTERNAL LINK DATA NOT AVAILABLE","2","none_as_destination","uncertain","no","REQUIRES_BUSINESS_DECISION","/บริการ/รับซื้อทีวี หรือ /พื้นที่ให้บริการ/มหาสารคาม","P2","yes","หน้า รับซื้อทีวี × มหาสารคาม เป็น Template ท้องถิ่นของบริการรอง มี Unique Value ต่ำ (ส่วนใหญ่รายชื่ออำเภอ + CTA) แต่การ Redirect ทั้งกลุ่มไป Hub อาจตัด long-tail ท้องถิ่น หากธุรกิจยังรับสินค้าประเภทนี้ในพื้นที่จริง — ต้องยืนยัน Demand/นโยบายบริการก่อนเลือก IMPROVE ทั้งจังหวัด หรือ MERGE ไป /บริการ/รับซื้อทีวี","low"
"/รับซื้อ/รับซื้อทีวี-มุกดาหาร","src/content/serviceAreas//รับซื้อทีวี-มุกดาหาร.md","service-x-location","G-SA-รับซื้อทีวี","200-local-build","yes","https://amphon.co.th/รับซื้อ/รับซื้อทีวี-มุกดาหาร","yes","219","0.511","low","local-commercial","/บริการ/รับซื้อทีวี","medium","GSC_NOT_AVAILABLE","EXTERNAL LINK DATA NOT AVAILABLE","2","none_as_destination","uncertain","no","REQUIRES_BUSINESS_DECISION","/บริการ/รับซื้อทีวี หรือ /พื้นที่ให้บริการ/มุกดาหาร","P2","yes","หน้า รับซื้อทีวี × มุกดาหาร เป็น Template ท้องถิ่นของบริการรอง มี Unique Value ต่ำ (ส่วนใหญ่รายชื่ออำเภอ + CTA) แต่การ Redirect ทั้งกลุ่มไป Hub อาจตัด long-tail ท้องถิ่น หากธุรกิจยังรับสินค้าประเภทนี้ในพื้นที่จริง — ต้องยืนยัน Demand/นโยบายบริการก่อนเลือก IMPROVE ทั้งจังหวัด หรือ MERGE ไป /บริการ/รับซื้อทีวี","low"
"/รับซื้อ/รับซื้อทีวี-ยโสธร","src/content/serviceAreas//รับซื้อทีวี-ยโสธร.md","service-x-location","G-SA-รับซื้อทีวี","200-local-build","yes","https://amphon.co.th/รับซื้อ/รับซื้อทีวี-ยโสธร","yes","216","0.478","low","local-commercial","/บริการ/รับซื้อทีวี","medium","GSC_NOT_AVAILABLE","EXTERNAL LINK DATA NOT AVAILABLE","2","none_as_destination","uncertain","no","REQUIRES_BUSINESS_DECISION","/บริการ/รับซื้อทีวี หรือ /พื้นที่ให้บริการ/ยโสธร","P2","yes","หน้า รับซื้อทีวี × ยโสธร เป็น Template ท้องถิ่นของบริการรอง มี Unique Value ต่ำ (ส่วนใหญ่รายชื่ออำเภอ + CTA) แต่การ Redirect ทั้งกลุ่มไป Hub อาจตัด long-tail ท้องถิ่น หากธุรกิจยังรับสินค้าประเภทนี้ในพื้นที่จริง — ต้องยืนยัน Demand/นโยบายบริการก่อนเลือก IMPROVE ทั้งจังหวัด หรือ MERGE ไป /บริการ/รับซื้อทีวี","low"
"/รับซื้อ/รับซื้อทีวี-ร้อยเอ็ด","src/content/serviceAreas//รับซื้อทีวี-ร้อยเอ็ด.md","service-x-location","G-SA-รับซื้อทีวี","200-local-build","yes","https://amphon.co.th/รับซื้อ/รับซื้อทีวี-ร้อยเอ็ด","yes","219","0.5","low","local-commercial","/บริการ/รับซื้อทีวี","medium","GSC_NOT_AVAILABLE","EXTERNAL LINK DATA NOT AVAILABLE","2","none_as_destination","uncertain","no","REQUIRES_BUSINESS_DECISION","/บริการ/รับซื้อทีวี หรือ /พื้นที่ให้บริการ/ร้อยเอ็ด","P2","yes","หน้า รับซื้อทีวี × ร้อยเอ็ด เป็น Template ท้องถิ่นของบริการรอง มี Unique Value ต่ำ (ส่วนใหญ่รายชื่ออำเภอ + CTA) แต่การ Redirect ทั้งกลุ่มไป Hub อาจตัด long-tail ท้องถิ่น หากธุรกิจยังรับสินค้าประเภทนี้ในพื้นที่จริง — ต้องยืนยัน Demand/นโยบายบริการก่อนเลือก IMPROVE ทั้งจังหวัด หรือ MERGE ไป /บริการ/รับซื้อทีวี","low"
"/รับซื้อ/รับซื้อทีวี-เลย","src/content/serviceAreas//รับซื้อทีวี-เลย.md","service-x-location","G-SA-รับซื้อทีวี","200-local-build","yes","https://amphon.co.th/รับซื้อ/รับซื้อทีวี-เลย","yes","216","0.522","low","local-commercial","/บริการ/รับซื้อทีวี","medium","GSC_NOT_AVAILABLE","EXTERNAL LINK DATA NOT AVAILABLE","2","none_as_destination","uncertain","no","REQUIRES_BUSINESS_DECISION","/บริการ/รับซื้อทีวี หรือ /พื้นที่ให้บริการ/เลย","P2","yes","หน้า รับซื้อทีวี × เลย เป็น Template ท้องถิ่นของบริการรอง มี Unique Value ต่ำ (ส่วนใหญ่รายชื่ออำเภอ + CTA) แต่การ Redirect ทั้งกลุ่มไป Hub อาจตัด long-tail ท้องถิ่น หากธุรกิจยังรับสินค้าประเภทนี้ในพื้นที่จริง — ต้องยืนยัน Demand/นโยบายบริการก่อนเลือก IMPROVE ทั้งจังหวัด หรือ MERGE ไป /บริการ/รับซื้อทีวี","low"
"/รับซื้อ/รับซื้อทีวี-ศรีสะเกษ","src/content/serviceAreas//รับซื้อทีวี-ศรีสะเกษ.md","service-x-location","G-SA-รับซื้อทีวี","200-local-build","yes","https://amphon.co.th/รับซื้อ/รับซื้อทีวี-ศรีสะเกษ","yes","222","0.5","low","local-commercial","/บริการ/รับซื้อทีวี","medium","GSC_NOT_AVAILABLE","EXTERNAL LINK DATA NOT AVAILABLE","2","none_as_destination","uncertain","no","REQUIRES_BUSINESS_DECISION","/บริการ/รับซื้อทีวี หรือ /พื้นที่ให้บริการ/ศรีสะเกษ","P2","yes","หน้า รับซื้อทีวี × ศรีสะเกษ เป็น Template ท้องถิ่นของบริการรอง มี Unique Value ต่ำ (ส่วนใหญ่รายชื่ออำเภอ + CTA) แต่การ Redirect ทั้งกลุ่มไป Hub อาจตัด long-tail ท้องถิ่น หากธุรกิจยังรับสินค้าประเภทนี้ในพื้นที่จริง — ต้องยืนยัน Demand/นโยบายบริการก่อนเลือก IMPROVE ทั้งจังหวัด หรือ MERGE ไป /บริการ/รับซื้อทีวี","low"
"/รับซื้อ/รับซื้อทีวี-สกลนคร","src/content/serviceAreas//รับซื้อทีวี-สกลนคร.md","service-x-location","G-SA-รับซื้อทีวี","200-local-build","yes","https://amphon.co.th/รับซื้อ/รับซื้อทีวี-สกลนคร","yes","216","0.496","low","local-commercial","/บริการ/รับซื้อทีวี","medium","GSC_NOT_AVAILABLE","EXTERNAL LINK DATA NOT AVAILABLE","2","none_as_destination","uncertain","no","REQUIRES_BUSINESS_DECISION","/บริการ/รับซื้อทีวี หรือ /พื้นที่ให้บริการ/สกลนคร","P2","yes","หน้า รับซื้อทีวี × สกลนคร เป็น Template ท้องถิ่นของบริการรอง มี Unique Value ต่ำ (ส่วนใหญ่รายชื่ออำเภอ + CTA) แต่การ Redirect ทั้งกลุ่มไป Hub อาจตัด long-tail ท้องถิ่น หากธุรกิจยังรับสินค้าประเภทนี้ในพื้นที่จริง — ต้องยืนยัน Demand/นโยบายบริการก่อนเลือก IMPROVE ทั้งจังหวัด หรือ MERGE ไป /บริการ/รับซื้อทีวี","low"
"/รับซื้อ/รับซื้อทีวี-สุรินทร์","src/content/serviceAreas//รับซื้อทีวี-สุรินทร์.md","service-x-location","G-SA-รับซื้อทีวี","200-local-build","yes","https://amphon.co.th/รับซื้อ/รับซื้อทีวี-สุรินทร์","yes","219","0.507","low","local-commercial","/บริการ/รับซื้อทีวี","medium","GSC_NOT_AVAILABLE","EXTERNAL LINK DATA NOT AVAILABLE","2","none_as_destination","uncertain","no","REQUIRES_BUSINESS_DECISION","/บริการ/รับซื้อทีวี หรือ /พื้นที่ให้บริการ/สุรินทร์","P2","yes","หน้า รับซื้อทีวี × สุรินทร์ เป็น Template ท้องถิ่นของบริการรอง มี Unique Value ต่ำ (ส่วนใหญ่รายชื่ออำเภอ + CTA) แต่การ Redirect ทั้งกลุ่มไป Hub อาจตัด long-tail ท้องถิ่น หากธุรกิจยังรับสินค้าประเภทนี้ในพื้นที่จริง — ต้องยืนยัน Demand/นโยบายบริการก่อนเลือก IMPROVE ทั้งจังหวัด หรือ MERGE ไป /บริการ/รับซื้อทีวี","low"
"/รับซื้อ/รับซื้อทีวี-หนองคาย","src/content/serviceAreas//รับซื้อทีวี-หนองคาย.md","service-x-location","G-SA-รับซื้อทีวี","200-local-build","yes","https://amphon.co.th/รับซื้อ/รับซื้อทีวี-หนองคาย","yes","216","0.493","low","local-commercial","/บริการ/รับซื้อทีวี","medium","GSC_NOT_AVAILABLE","EXTERNAL LINK DATA NOT AVAILABLE","2","none_as_destination","uncertain","no","REQUIRES_BUSINESS_DECISION","/บริการ/รับซื้อทีวี หรือ /พื้นที่ให้บริการ/หนองคาย","P2","yes","หน้า รับซื้อทีวี × หนองคาย เป็น Template ท้องถิ่นของบริการรอง มี Unique Value ต่ำ (ส่วนใหญ่รายชื่ออำเภอ + CTA) แต่การ Redirect ทั้งกลุ่มไป Hub อาจตัด long-tail ท้องถิ่น หากธุรกิจยังรับสินค้าประเภทนี้ในพื้นที่จริง — ต้องยืนยัน Demand/นโยบายบริการก่อนเลือก IMPROVE ทั้งจังหวัด หรือ MERGE ไป /บริการ/รับซื้อทีวี","low"
"/รับซื้อ/รับซื้อทีวี-หนองบัวลำภู","src/content/serviceAreas//รับซื้อทีวี-หนองบัวลำภู.md","service-x-location","G-SA-รับซื้อทีวี","200-local-build","yes","https://amphon.co.th/รับซื้อ/รับซื้อทีวี-หนองบัวลำภู","yes","222","0.471","low","local-commercial","/บริการ/รับซื้อทีวี","medium","GSC_NOT_AVAILABLE","EXTERNAL LINK DATA NOT AVAILABLE","2","none_as_destination","uncertain","no","REQUIRES_BUSINESS_DECISION","/บริการ/รับซื้อทีวี หรือ /พื้นที่ให้บริการ/หนองบัวลำภู","P2","yes","หน้า รับซื้อทีวี × หนองบัวลำภู เป็น Template ท้องถิ่นของบริการรอง มี Unique Value ต่ำ (ส่วนใหญ่รายชื่ออำเภอ + CTA) แต่การ Redirect ทั้งกลุ่มไป Hub อาจตัด long-tail ท้องถิ่น หากธุรกิจยังรับสินค้าประเภทนี้ในพื้นที่จริง — ต้องยืนยัน Demand/นโยบายบริการก่อนเลือก IMPROVE ทั้งจังหวัด หรือ MERGE ไป /บริการ/รับซื้อทีวี","low"
"/รับซื้อ/รับซื้อทีวี-อำนาจเจริญ","src/content/serviceAreas//รับซื้อทีวี-อำนาจเจริญ.md","service-x-location","G-SA-รับซื้อทีวี","200-local-build","yes","https://amphon.co.th/รับซื้อ/รับซื้อทีวี-อำนาจเจริญ","yes","216","0.489","low","local-commercial","/บริการ/รับซื้อทีวี","medium","GSC_NOT_AVAILABLE","EXTERNAL LINK DATA NOT AVAILABLE","2","none_as_destination","uncertain","no","REQUIRES_BUSINESS_DECISION","/บริการ/รับซื้อทีวี หรือ /พื้นที่ให้บริการ/อำนาจเจริญ","P2","yes","หน้า รับซื้อทีวี × อำนาจเจริญ เป็น Template ท้องถิ่นของบริการรอง มี Unique Value ต่ำ (ส่วนใหญ่รายชื่ออำเภอ + CTA) แต่การ Redirect ทั้งกลุ่มไป Hub อาจตัด long-tail ท้องถิ่น หากธุรกิจยังรับสินค้าประเภทนี้ในพื้นที่จริง — ต้องยืนยัน Demand/นโยบายบริการก่อนเลือก IMPROVE ทั้งจังหวัด หรือ MERGE ไป /บริการ/รับซื้อทีวี","low"
"/รับซื้อ/รับซื้อทีวี-อุดรธานี","src/content/serviceAreas//รับซื้อทีวี-อุดรธานี.md","service-x-location","G-SA-รับซื้อทีวี","200-local-build","yes","https://amphon.co.th/รับซื้อ/รับซื้อทีวี-อุดรธานี","yes","219","0.507","low","local-commercial","/บริการ/รับซื้อทีวี","medium","GSC_NOT_AVAILABLE","EXTERNAL LINK DATA NOT AVAILABLE","2","none_as_destination","uncertain","no","REQUIRES_BUSINESS_DECISION","/บริการ/รับซื้อทีวี หรือ /พื้นที่ให้บริการ/อุดรธานี","P2","yes","หน้า รับซื้อทีวี × อุดรธานี เป็น Template ท้องถิ่นของบริการรอง มี Unique Value ต่ำ (ส่วนใหญ่รายชื่ออำเภอ + CTA) แต่การ Redirect ทั้งกลุ่มไป Hub อาจตัด long-tail ท้องถิ่น หากธุรกิจยังรับสินค้าประเภทนี้ในพื้นที่จริง — ต้องยืนยัน Demand/นโยบายบริการก่อนเลือก IMPROVE ทั้งจังหวัด หรือ MERGE ไป /บริการ/รับซื้อทีวี","low"
"/รับซื้อ/รับซื้อทีวี-อุบลราชธานี","src/content/serviceAreas//รับซื้อทีวี-อุบลราชธานี.md","service-x-location","G-SA-รับซื้อทีวี","200-local-build","yes","https://amphon.co.th/รับซื้อ/รับซื้อทีวี-อุบลราชธานี","yes","219","0.471","partial","local-commercial","/บริการ/รับซื้อทีวี","medium","GSC_NOT_AVAILABLE","EXTERNAL LINK DATA NOT AVAILABLE","2","none_as_destination","higher-store-province","no","IMPROVE","","P1","yes","หน้า รับซื้อทีวี × อุบลราชธานี อยู่จังหวัดที่มีหน้าร้านจริง จึงมีโอกาสเพิ่ม Unique Value (จุดรับของ เส้นทาง อำเภอที่นัดรับบ่อย) ได้โดยไม่สร้างสาขาปลอม ปัจจุบันยังเป็น Template สลับชื่อจังหวัด/สินค้าเป็นหลัก (template_ratio≈0.471) — แนะนำ IMPROVE ก่อนพิจารณา Merge","medium"
"/รับซื้อ/รับซื้อเฟอร์นิเจอร์-กาฬสินธุ์","src/content/serviceAreas//รับซื้อเฟอร์นิเจอร์-กาฬสินธุ์.md","service-x-location","G-SA-รับซื้อเฟอร์นิเจอร์","200-local-build","yes","https://amphon.co.th/รับซื้อ/รับซื้อเฟอร์นิเจอร์-กาฬสินธุ์","yes","237","0.524","low","local-commercial","/บริการ/รับซื้อเฟอร์นิเจอร์","medium","GSC_NOT_AVAILABLE","EXTERNAL LINK DATA NOT AVAILABLE","2","none_as_destination","uncertain","no","MERGE","/บริการ/รับซื้อเฟอร์นิเจอร์","P1","yes","หน้า รับซื้อเฟอร์นิเจอร์ ในกาฬสินธุ์ เปลี่ยนเพียงชื่อจังหวัดจาก Template เดียวกับจังหวัดอื่น ไม่มีขั้นตอนรับสินค้า/จุดนัดหมาย/ข้อจำกัดเฉพาะพื้นที่ที่แตกต่าง และ Intent เชิงพาณิชย์ทับซ้อนกับ /บริการ/รับซื้อเฟอร์นิเจอร์ มากกว่าหน้าพื้นที่ทั่วไป — จัดเป็น MERGE candidate ไปยัง Service Hub (ต้อง Human Review + ยืนยันว่าไม่ต้องการ long-tail ท้องถิ่นก่อน Implementation)","medium"
"/รับซื้อ/รับซื้อเฟอร์นิเจอร์-ขอนแก่น","src/content/serviceAreas//รับซื้อเฟอร์นิเจอร์-ขอนแก่น.md","service-x-location","G-SA-รับซื้อเฟอร์นิเจอร์","200-local-build","yes","https://amphon.co.th/รับซื้อ/รับซื้อเฟอร์นิเจอร์-ขอนแก่น","yes","231","0.507","low","local-commercial","/บริการ/รับซื้อเฟอร์นิเจอร์","medium","GSC_NOT_AVAILABLE","EXTERNAL LINK DATA NOT AVAILABLE","2","none_as_destination","uncertain","no","MERGE","/บริการ/รับซื้อเฟอร์นิเจอร์","P1","yes","หน้า รับซื้อเฟอร์นิเจอร์ ในขอนแก่น เปลี่ยนเพียงชื่อจังหวัดจาก Template เดียวกับจังหวัดอื่น ไม่มีขั้นตอนรับสินค้า/จุดนัดหมาย/ข้อจำกัดเฉพาะพื้นที่ที่แตกต่าง และ Intent เชิงพาณิชย์ทับซ้อนกับ /บริการ/รับซื้อเฟอร์นิเจอร์ มากกว่าหน้าพื้นที่ทั่วไป — จัดเป็น MERGE candidate ไปยัง Service Hub (ต้อง Human Review + ยืนยันว่าไม่ต้องการ long-tail ท้องถิ่นก่อน Implementation)","medium"
"/รับซื้อ/รับซื้อเฟอร์นิเจอร์-ชัยภูมิ","src/content/serviceAreas//รับซื้อเฟอร์นิเจอร์-ชัยภูมิ.md","service-x-location","G-SA-รับซื้อเฟอร์นิเจอร์","200-local-build","yes","https://amphon.co.th/รับซื้อ/รับซื้อเฟอร์นิเจอร์-ชัยภูมิ","yes","234","0.521","low","local-commercial","/บริการ/รับซื้อเฟอร์นิเจอร์","medium","GSC_NOT_AVAILABLE","EXTERNAL LINK DATA NOT AVAILABLE","2","none_as_destination","uncertain","no","MERGE","/บริการ/รับซื้อเฟอร์นิเจอร์","P1","yes","หน้า รับซื้อเฟอร์นิเจอร์ ในชัยภูมิ เปลี่ยนเพียงชื่อจังหวัดจาก Template เดียวกับจังหวัดอื่น ไม่มีขั้นตอนรับสินค้า/จุดนัดหมาย/ข้อจำกัดเฉพาะพื้นที่ที่แตกต่าง และ Intent เชิงพาณิชย์ทับซ้อนกับ /บริการ/รับซื้อเฟอร์นิเจอร์ มากกว่าหน้าพื้นที่ทั่วไป — จัดเป็น MERGE candidate ไปยัง Service Hub (ต้อง Human Review + ยืนยันว่าไม่ต้องการ long-tail ท้องถิ่นก่อน Implementation)","medium"
"/รับซื้อ/รับซื้อเฟอร์นิเจอร์-นครพนม","src/content/serviceAreas//รับซื้อเฟอร์นิเจอร์-นครพนม.md","service-x-location","G-SA-รับซื้อเฟอร์นิเจอร์","200-local-build","yes","https://amphon.co.th/รับซื้อ/รับซื้อเฟอร์นิเจอร์-นครพนม","yes","231","0.527","low","local-commercial","/บริการ/รับซื้อเฟอร์นิเจอร์","medium","GSC_NOT_AVAILABLE","EXTERNAL LINK DATA NOT AVAILABLE","2","none_as_destination","uncertain","no","MERGE","/บริการ/รับซื้อเฟอร์นิเจอร์","P1","yes","หน้า รับซื้อเฟอร์นิเจอร์ ในนครพนม เปลี่ยนเพียงชื่อจังหวัดจาก Template เดียวกับจังหวัดอื่น ไม่มีขั้นตอนรับสินค้า/จุดนัดหมาย/ข้อจำกัดเฉพาะพื้นที่ที่แตกต่าง และ Intent เชิงพาณิชย์ทับซ้อนกับ /บริการ/รับซื้อเฟอร์นิเจอร์ มากกว่าหน้าพื้นที่ทั่วไป — จัดเป็น MERGE candidate ไปยัง Service Hub (ต้อง Human Review + ยืนยันว่าไม่ต้องการ long-tail ท้องถิ่นก่อน Implementation)","medium"
"/รับซื้อ/รับซื้อเฟอร์นิเจอร์-นครราชสีมา","src/content/serviceAreas//รับซื้อเฟอร์นิเจอร์-นครราชสีมา.md","service-x-location","G-SA-รับซื้อเฟอร์นิเจอร์","200-local-build","yes","https://amphon.co.th/รับซื้อ/รับซื้อเฟอร์นิเจอร์-นครราชสีมา","yes","237","0.507","low","local-commercial","/บริการ/รับซื้อเฟอร์นิเจอร์","medium","GSC_NOT_AVAILABLE","EXTERNAL LINK DATA NOT AVAILABLE","2","none_as_destination","uncertain","no","MERGE","/บริการ/รับซื้อเฟอร์นิเจอร์","P1","yes","หน้า รับซื้อเฟอร์นิเจอร์ ในนครราชสีมา เปลี่ยนเพียงชื่อจังหวัดจาก Template เดียวกับจังหวัดอื่น ไม่มีขั้นตอนรับสินค้า/จุดนัดหมาย/ข้อจำกัดเฉพาะพื้นที่ที่แตกต่าง และ Intent เชิงพาณิชย์ทับซ้อนกับ /บริการ/รับซื้อเฟอร์นิเจอร์ มากกว่าหน้าพื้นที่ทั่วไป — จัดเป็น MERGE candidate ไปยัง Service Hub (ต้อง Human Review + ยืนยันว่าไม่ต้องการ long-tail ท้องถิ่นก่อน Implementation)","medium"
"/รับซื้อ/รับซื้อเฟอร์นิเจอร์-บึงกาฬ","src/content/serviceAreas//รับซื้อเฟอร์นิเจอร์-บึงกาฬ.md","service-x-location","G-SA-รับซื้อเฟอร์นิเจอร์","200-local-build","yes","https://amphon.co.th/รับซื้อ/รับซื้อเฟอร์นิเจอร์-บึงกาฬ","yes","234","0.542","low","local-commercial","/บริการ/รับซื้อเฟอร์นิเจอร์","medium","GSC_NOT_AVAILABLE","EXTERNAL LINK DATA NOT AVAILABLE","2","none_as_destination","uncertain","no","MERGE","/บริการ/รับซื้อเฟอร์นิเจอร์","P1","yes","หน้า รับซื้อเฟอร์นิเจอร์ ในบึงกาฬ เปลี่ยนเพียงชื่อจังหวัดจาก Template เดียวกับจังหวัดอื่น ไม่มีขั้นตอนรับสินค้า/จุดนัดหมาย/ข้อจำกัดเฉพาะพื้นที่ที่แตกต่าง และ Intent เชิงพาณิชย์ทับซ้อนกับ /บริการ/รับซื้อเฟอร์นิเจอร์ มากกว่าหน้าพื้นที่ทั่วไป — จัดเป็น MERGE candidate ไปยัง Service Hub (ต้อง Human Review + ยืนยันว่าไม่ต้องการ long-tail ท้องถิ่นก่อน Implementation)","medium"
"/รับซื้อ/รับซื้อเฟอร์นิเจอร์-บุรีรัมย์","src/content/serviceAreas//รับซื้อเฟอร์นิเจอร์-บุรีรัมย์.md","service-x-location","G-SA-รับซื้อเฟอร์นิเจอร์","200-local-build","yes","https://amphon.co.th/รับซื้อ/รับซื้อเฟอร์นิเจอร์-บุรีรัมย์","yes","234","0.524","low","local-commercial","/บริการ/รับซื้อเฟอร์นิเจอร์","medium","GSC_NOT_AVAILABLE","EXTERNAL LINK DATA NOT AVAILABLE","2","none_as_destination","uncertain","no","MERGE","/บริการ/รับซื้อเฟอร์นิเจอร์","P1","yes","หน้า รับซื้อเฟอร์นิเจอร์ ในบุรีรัมย์ เปลี่ยนเพียงชื่อจังหวัดจาก Template เดียวกับจังหวัดอื่น ไม่มีขั้นตอนรับสินค้า/จุดนัดหมาย/ข้อจำกัดเฉพาะพื้นที่ที่แตกต่าง และ Intent เชิงพาณิชย์ทับซ้อนกับ /บริการ/รับซื้อเฟอร์นิเจอร์ มากกว่าหน้าพื้นที่ทั่วไป — จัดเป็น MERGE candidate ไปยัง Service Hub (ต้อง Human Review + ยืนยันว่าไม่ต้องการ long-tail ท้องถิ่นก่อน Implementation)","medium"
"/รับซื้อ/รับซื้อเฟอร์นิเจอร์-มหาสารคาม","src/content/serviceAreas//รับซื้อเฟอร์นิเจอร์-มหาสารคาม.md","service-x-location","G-SA-รับซื้อเฟอร์นิเจอร์","200-local-build","yes","https://amphon.co.th/รับซื้อ/รับซื้อเฟอร์นิเจอร์-มหาสารคาม","yes","231","0.531","low","local-commercial","/บริการ/รับซื้อเฟอร์นิเจอร์","medium","GSC_NOT_AVAILABLE","EXTERNAL LINK DATA NOT AVAILABLE","2","none_as_destination","uncertain","no","MERGE","/บริการ/รับซื้อเฟอร์นิเจอร์","P1","yes","หน้า รับซื้อเฟอร์นิเจอร์ ในมหาสารคาม เปลี่ยนเพียงชื่อจังหวัดจาก Template เดียวกับจังหวัดอื่น ไม่มีขั้นตอนรับสินค้า/จุดนัดหมาย/ข้อจำกัดเฉพาะพื้นที่ที่แตกต่าง และ Intent เชิงพาณิชย์ทับซ้อนกับ /บริการ/รับซื้อเฟอร์นิเจอร์ มากกว่าหน้าพื้นที่ทั่วไป — จัดเป็น MERGE candidate ไปยัง Service Hub (ต้อง Human Review + ยืนยันว่าไม่ต้องการ long-tail ท้องถิ่นก่อน Implementation)","medium"
"/รับซื้อ/รับซื้อเฟอร์นิเจอร์-มุกดาหาร","src/content/serviceAreas//รับซื้อเฟอร์นิเจอร์-มุกดาหาร.md","service-x-location","G-SA-รับซื้อเฟอร์นิเจอร์","200-local-build","yes","https://amphon.co.th/รับซื้อ/รับซื้อเฟอร์นิเจอร์-มุกดาหาร","yes","234","0.527","low","local-commercial","/บริการ/รับซื้อเฟอร์นิเจอร์","medium","GSC_NOT_AVAILABLE","EXTERNAL LINK DATA NOT AVAILABLE","2","none_as_destination","uncertain","no","MERGE","/บริการ/รับซื้อเฟอร์นิเจอร์","P1","yes","หน้า รับซื้อเฟอร์นิเจอร์ ในมุกดาหาร เปลี่ยนเพียงชื่อจังหวัดจาก Template เดียวกับจังหวัดอื่น ไม่มีขั้นตอนรับสินค้า/จุดนัดหมาย/ข้อจำกัดเฉพาะพื้นที่ที่แตกต่าง และ Intent เชิงพาณิชย์ทับซ้อนกับ /บริการ/รับซื้อเฟอร์นิเจอร์ มากกว่าหน้าพื้นที่ทั่วไป — จัดเป็น MERGE candidate ไปยัง Service Hub (ต้อง Human Review + ยืนยันว่าไม่ต้องการ long-tail ท้องถิ่นก่อน Implementation)","medium"
"/รับซื้อ/รับซื้อเฟอร์นิเจอร์-ยโสธร","src/content/serviceAreas//รับซื้อเฟอร์นิเจอร์-ยโสธร.md","service-x-location","G-SA-รับซื้อเฟอร์นิเจอร์","200-local-build","yes","https://amphon.co.th/รับซื้อ/รับซื้อเฟอร์นิเจอร์-ยโสธร","yes","231","0.542","low","local-commercial","/บริการ/รับซื้อเฟอร์นิเจอร์","medium","GSC_NOT_AVAILABLE","EXTERNAL LINK DATA NOT AVAILABLE","2","none_as_destination","uncertain","no","MERGE","/บริการ/รับซื้อเฟอร์นิเจอร์","P1","yes","หน้า รับซื้อเฟอร์นิเจอร์ ในยโสธร เปลี่ยนเพียงชื่อจังหวัดจาก Template เดียวกับจังหวัดอื่น ไม่มีขั้นตอนรับสินค้า/จุดนัดหมาย/ข้อจำกัดเฉพาะพื้นที่ที่แตกต่าง และ Intent เชิงพาณิชย์ทับซ้อนกับ /บริการ/รับซื้อเฟอร์นิเจอร์ มากกว่าหน้าพื้นที่ทั่วไป — จัดเป็น MERGE candidate ไปยัง Service Hub (ต้อง Human Review + ยืนยันว่าไม่ต้องการ long-tail ท้องถิ่นก่อน Implementation)","medium"
"/รับซื้อ/รับซื้อเฟอร์นิเจอร์-ร้อยเอ็ด","src/content/serviceAreas//รับซื้อเฟอร์นิเจอร์-ร้อยเอ็ด.md","service-x-location","G-SA-รับซื้อเฟอร์นิเจอร์","200-local-build","yes","https://amphon.co.th/รับซื้อ/รับซื้อเฟอร์นิเจอร์-ร้อยเอ็ด","yes","234","0.537","low","local-commercial","/บริการ/รับซื้อเฟอร์นิเจอร์","medium","GSC_NOT_AVAILABLE","EXTERNAL LINK DATA NOT AVAILABLE","2","none_as_destination","uncertain","no","MERGE","/บริการ/รับซื้อเฟอร์นิเจอร์","P1","yes","หน้า รับซื้อเฟอร์นิเจอร์ ในร้อยเอ็ด เปลี่ยนเพียงชื่อจังหวัดจาก Template เดียวกับจังหวัดอื่น ไม่มีขั้นตอนรับสินค้า/จุดนัดหมาย/ข้อจำกัดเฉพาะพื้นที่ที่แตกต่าง และ Intent เชิงพาณิชย์ทับซ้อนกับ /บริการ/รับซื้อเฟอร์นิเจอร์ มากกว่าหน้าพื้นที่ทั่วไป — จัดเป็น MERGE candidate ไปยัง Service Hub (ต้อง Human Review + ยืนยันว่าไม่ต้องการ long-tail ท้องถิ่นก่อน Implementation)","medium"
"/รับซื้อ/รับซื้อเฟอร์นิเจอร์-เลย","src/content/serviceAreas//รับซื้อเฟอร์นิเจอร์-เลย.md","service-x-location","G-SA-รับซื้อเฟอร์นิเจอร์","200-local-build","yes","https://amphon.co.th/รับซื้อ/รับซื้อเฟอร์นิเจอร์-เลย","yes","231","0.557","low","local-commercial","/บริการ/รับซื้อเฟอร์นิเจอร์","medium","GSC_NOT_AVAILABLE","EXTERNAL LINK DATA NOT AVAILABLE","2","none_as_destination","uncertain","no","MERGE","/บริการ/รับซื้อเฟอร์นิเจอร์","P1","yes","หน้า รับซื้อเฟอร์นิเจอร์ ในเลย เปลี่ยนเพียงชื่อจังหวัดจาก Template เดียวกับจังหวัดอื่น ไม่มีขั้นตอนรับสินค้า/จุดนัดหมาย/ข้อจำกัดเฉพาะพื้นที่ที่แตกต่าง และ Intent เชิงพาณิชย์ทับซ้อนกับ /บริการ/รับซื้อเฟอร์นิเจอร์ มากกว่าหน้าพื้นที่ทั่วไป — จัดเป็น MERGE candidate ไปยัง Service Hub (ต้อง Human Review + ยืนยันว่าไม่ต้องการ long-tail ท้องถิ่นก่อน Implementation)","medium"
"/รับซื้อ/รับซื้อเฟอร์นิเจอร์-ศรีสะเกษ","src/content/serviceAreas//รับซื้อเฟอร์นิเจอร์-ศรีสะเกษ.md","service-x-location","G-SA-รับซื้อเฟอร์นิเจอร์","200-local-build","yes","https://amphon.co.th/รับซื้อ/รับซื้อเฟอร์นิเจอร์-ศรีสะเกษ","yes","237","0.537","low","local-commercial","/บริการ/รับซื้อเฟอร์นิเจอร์","medium","GSC_NOT_AVAILABLE","EXTERNAL LINK DATA NOT AVAILABLE","2","none_as_destination","uncertain","no","MERGE","/บริการ/รับซื้อเฟอร์นิเจอร์","P1","yes","หน้า รับซื้อเฟอร์นิเจอร์ ในศรีสะเกษ เปลี่ยนเพียงชื่อจังหวัดจาก Template เดียวกับจังหวัดอื่น ไม่มีขั้นตอนรับสินค้า/จุดนัดหมาย/ข้อจำกัดเฉพาะพื้นที่ที่แตกต่าง และ Intent เชิงพาณิชย์ทับซ้อนกับ /บริการ/รับซื้อเฟอร์นิเจอร์ มากกว่าหน้าพื้นที่ทั่วไป — จัดเป็น MERGE candidate ไปยัง Service Hub (ต้อง Human Review + ยืนยันว่าไม่ต้องการ long-tail ท้องถิ่นก่อน Implementation)","medium"
"/รับซื้อ/รับซื้อเฟอร์นิเจอร์-สกลนคร","src/content/serviceAreas//รับซื้อเฟอร์นิเจอร์-สกลนคร.md","service-x-location","G-SA-รับซื้อเฟอร์นิเจอร์","200-local-build","yes","https://amphon.co.th/รับซื้อ/รับซื้อเฟอร์นิเจอร์-สกลนคร","yes","231","0.527","low","local-commercial","/บริการ/รับซื้อเฟอร์นิเจอร์","medium","GSC_NOT_AVAILABLE","EXTERNAL LINK DATA NOT AVAILABLE","2","none_as_destination","uncertain","no","MERGE","/บริการ/รับซื้อเฟอร์นิเจอร์","P1","yes","หน้า รับซื้อเฟอร์นิเจอร์ ในสกลนคร เปลี่ยนเพียงชื่อจังหวัดจาก Template เดียวกับจังหวัดอื่น ไม่มีขั้นตอนรับสินค้า/จุดนัดหมาย/ข้อจำกัดเฉพาะพื้นที่ที่แตกต่าง และ Intent เชิงพาณิชย์ทับซ้อนกับ /บริการ/รับซื้อเฟอร์นิเจอร์ มากกว่าหน้าพื้นที่ทั่วไป — จัดเป็น MERGE candidate ไปยัง Service Hub (ต้อง Human Review + ยืนยันว่าไม่ต้องการ long-tail ท้องถิ่นก่อน Implementation)","medium"
"/รับซื้อ/รับซื้อเฟอร์นิเจอร์-สุรินทร์","src/content/serviceAreas//รับซื้อเฟอร์นิเจอร์-สุรินทร์.md","service-x-location","G-SA-รับซื้อเฟอร์นิเจอร์","200-local-build","yes","https://amphon.co.th/รับซื้อ/รับซื้อเฟอร์นิเจอร์-สุรินทร์","yes","234","0.534","low","local-commercial","/บริการ/รับซื้อเฟอร์นิเจอร์","medium","GSC_NOT_AVAILABLE","EXTERNAL LINK DATA NOT AVAILABLE","2","none_as_destination","uncertain","no","MERGE","/บริการ/รับซื้อเฟอร์นิเจอร์","P1","yes","หน้า รับซื้อเฟอร์นิเจอร์ ในสุรินทร์ เปลี่ยนเพียงชื่อจังหวัดจาก Template เดียวกับจังหวัดอื่น ไม่มีขั้นตอนรับสินค้า/จุดนัดหมาย/ข้อจำกัดเฉพาะพื้นที่ที่แตกต่าง และ Intent เชิงพาณิชย์ทับซ้อนกับ /บริการ/รับซื้อเฟอร์นิเจอร์ มากกว่าหน้าพื้นที่ทั่วไป — จัดเป็น MERGE candidate ไปยัง Service Hub (ต้อง Human Review + ยืนยันว่าไม่ต้องการ long-tail ท้องถิ่นก่อน Implementation)","medium"
"/รับซื้อ/รับซื้อเฟอร์นิเจอร์-หนองคาย","src/content/serviceAreas//รับซื้อเฟอร์นิเจอร์-หนองคาย.md","service-x-location","G-SA-รับซื้อเฟอร์นิเจอร์","200-local-build","yes","https://amphon.co.th/รับซื้อ/รับซื้อเฟอร์นิเจอร์-หนองคาย","yes","231","0.521","low","local-commercial","/บริการ/รับซื้อเฟอร์นิเจอร์","medium","GSC_NOT_AVAILABLE","EXTERNAL LINK DATA NOT AVAILABLE","2","none_as_destination","uncertain","no","MERGE","/บริการ/รับซื้อเฟอร์นิเจอร์","P1","yes","หน้า รับซื้อเฟอร์นิเจอร์ ในหนองคาย เปลี่ยนเพียงชื่อจังหวัดจาก Template เดียวกับจังหวัดอื่น ไม่มีขั้นตอนรับสินค้า/จุดนัดหมาย/ข้อจำกัดเฉพาะพื้นที่ที่แตกต่าง และ Intent เชิงพาณิชย์ทับซ้อนกับ /บริการ/รับซื้อเฟอร์นิเจอร์ มากกว่าหน้าพื้นที่ทั่วไป — จัดเป็น MERGE candidate ไปยัง Service Hub (ต้อง Human Review + ยืนยันว่าไม่ต้องการ long-tail ท้องถิ่นก่อน Implementation)","medium"
"/รับซื้อ/รับซื้อเฟอร์นิเจอร์-หนองบัวลำภู","src/content/serviceAreas//รับซื้อเฟอร์นิเจอร์-หนองบัวลำภู.md","service-x-location","G-SA-รับซื้อเฟอร์นิเจอร์","200-local-build","yes","https://amphon.co.th/รับซื้อ/รับซื้อเฟอร์นิเจอร์-หนองบัวลำภู","yes","237","0.534","low","local-commercial","/บริการ/รับซื้อเฟอร์นิเจอร์","medium","GSC_NOT_AVAILABLE","EXTERNAL LINK DATA NOT AVAILABLE","2","none_as_destination","uncertain","no","MERGE","/บริการ/รับซื้อเฟอร์นิเจอร์","P1","yes","หน้า รับซื้อเฟอร์นิเจอร์ ในหนองบัวลำภู เปลี่ยนเพียงชื่อจังหวัดจาก Template เดียวกับจังหวัดอื่น ไม่มีขั้นตอนรับสินค้า/จุดนัดหมาย/ข้อจำกัดเฉพาะพื้นที่ที่แตกต่าง และ Intent เชิงพาณิชย์ทับซ้อนกับ /บริการ/รับซื้อเฟอร์นิเจอร์ มากกว่าหน้าพื้นที่ทั่วไป — จัดเป็น MERGE candidate ไปยัง Service Hub (ต้อง Human Review + ยืนยันว่าไม่ต้องการ long-tail ท้องถิ่นก่อน Implementation)","medium"
"/รับซื้อ/รับซื้อเฟอร์นิเจอร์-อำนาจเจริญ","src/content/serviceAreas//รับซื้อเฟอร์นิเจอร์-อำนาจเจริญ.md","service-x-location","G-SA-รับซื้อเฟอร์นิเจอร์","200-local-build","yes","https://amphon.co.th/รับซื้อ/รับซื้อเฟอร์นิเจอร์-อำนาจเจริญ","yes","231","0.51","low","local-commercial","/บริการ/รับซื้อเฟอร์นิเจอร์","medium","GSC_NOT_AVAILABLE","EXTERNAL LINK DATA NOT AVAILABLE","2","none_as_destination","uncertain","no","MERGE","/บริการ/รับซื้อเฟอร์นิเจอร์","P1","yes","หน้า รับซื้อเฟอร์นิเจอร์ ในอำนาจเจริญ เปลี่ยนเพียงชื่อจังหวัดจาก Template เดียวกับจังหวัดอื่น ไม่มีขั้นตอนรับสินค้า/จุดนัดหมาย/ข้อจำกัดเฉพาะพื้นที่ที่แตกต่าง และ Intent เชิงพาณิชย์ทับซ้อนกับ /บริการ/รับซื้อเฟอร์นิเจอร์ มากกว่าหน้าพื้นที่ทั่วไป — จัดเป็น MERGE candidate ไปยัง Service Hub (ต้อง Human Review + ยืนยันว่าไม่ต้องการ long-tail ท้องถิ่นก่อน Implementation)","medium"
"/รับซื้อ/รับซื้อเฟอร์นิเจอร์-อุดรธานี","src/content/serviceAreas//รับซื้อเฟอร์นิเจอร์-อุดรธานี.md","service-x-location","G-SA-รับซื้อเฟอร์นิเจอร์","200-local-build","yes","https://amphon.co.th/รับซื้อ/รับซื้อเฟอร์นิเจอร์-อุดรธานี","yes","234","0.531","low","local-commercial","/บริการ/รับซื้อเฟอร์นิเจอร์","medium","GSC_NOT_AVAILABLE","EXTERNAL LINK DATA NOT AVAILABLE","2","none_as_destination","uncertain","no","MERGE","/บริการ/รับซื้อเฟอร์นิเจอร์","P1","yes","หน้า รับซื้อเฟอร์นิเจอร์ ในอุดรธานี เปลี่ยนเพียงชื่อจังหวัดจาก Template เดียวกับจังหวัดอื่น ไม่มีขั้นตอนรับสินค้า/จุดนัดหมาย/ข้อจำกัดเฉพาะพื้นที่ที่แตกต่าง และ Intent เชิงพาณิชย์ทับซ้อนกับ /บริการ/รับซื้อเฟอร์นิเจอร์ มากกว่าหน้าพื้นที่ทั่วไป — จัดเป็น MERGE candidate ไปยัง Service Hub (ต้อง Human Review + ยืนยันว่าไม่ต้องการ long-tail ท้องถิ่นก่อน Implementation)","medium"
"/รับซื้อ/รับซื้อเฟอร์นิเจอร์-อุบลราชธานี","src/content/serviceAreas//รับซื้อเฟอร์นิเจอร์-อุบลราชธานี.md","service-x-location","G-SA-รับซื้อเฟอร์นิเจอร์","200-local-build","yes","https://amphon.co.th/รับซื้อ/รับซื้อเฟอร์นิเจอร์-อุบลราชธานี","yes","234","0.534","partial","local-commercial","/บริการ/รับซื้อเฟอร์นิเจอร์","medium","GSC_NOT_AVAILABLE","EXTERNAL LINK DATA NOT AVAILABLE","2","none_as_destination","higher-store-province","no","IMPROVE","","P1","yes","หน้า รับซื้อเฟอร์นิเจอร์ × อุบลราชธานี อยู่จังหวัดที่มีหน้าร้านจริง จึงมีโอกาสเพิ่ม Unique Value (จุดรับของ เส้นทาง อำเภอที่นัดรับบ่อย) ได้โดยไม่สร้างสาขาปลอม ปัจจุบันยังเป็น Template สลับชื่อจังหวัด/สินค้าเป็นหลัก (template_ratio≈0.534) — แนะนำ IMPROVE ก่อนพิจารณา Merge","medium"
"/รับซื้อ/รับซื้ออุปกรณ์-network-กาฬสินธุ์","src/content/serviceAreas//รับซื้ออุปกรณ์-network-กาฬสินธุ์.md","service-x-location","G-SA-รับซื้ออุปกรณ์-network","200-local-build","yes","https://amphon.co.th/รับซื้อ/รับซื้ออุปกรณ์-network-กาฬสินธุ์","yes","232","0.521","low","local-commercial","/บริการ/รับซื้ออุปกรณ์-network","medium","GSC_NOT_AVAILABLE","EXTERNAL LINK DATA NOT AVAILABLE","2","none_as_destination","uncertain","no","REQUIRES_BUSINESS_DECISION","/บริการ/รับซื้ออุปกรณ์-network หรือ /พื้นที่ให้บริการ/กาฬสินธุ์","P2","yes","หน้า รับซื้ออุปกรณ์-network × กาฬสินธุ์ เป็น Template ท้องถิ่นของบริการรอง มี Unique Value ต่ำ (ส่วนใหญ่รายชื่ออำเภอ + CTA) แต่การ Redirect ทั้งกลุ่มไป Hub อาจตัด long-tail ท้องถิ่น หากธุรกิจยังรับสินค้าประเภทนี้ในพื้นที่จริง — ต้องยืนยัน Demand/นโยบายบริการก่อนเลือก IMPROVE ทั้งจังหวัด หรือ MERGE ไป /บริการ/รับซื้ออุปกรณ์-network","low"
"/รับซื้อ/รับซื้ออุปกรณ์-network-ขอนแก่น","src/content/serviceAreas//รับซื้ออุปกรณ์-network-ขอนแก่น.md","service-x-location","G-SA-รับซื้ออุปกรณ์-network","200-local-build","yes","https://amphon.co.th/รับซื้อ/รับซื้ออุปกรณ์-network-ขอนแก่น","yes","226","0.5","low","local-commercial","/บริการ/รับซื้ออุปกรณ์-network","medium","GSC_NOT_AVAILABLE","EXTERNAL LINK DATA NOT AVAILABLE","2","none_as_destination","uncertain","no","REQUIRES_BUSINESS_DECISION","/บริการ/รับซื้ออุปกรณ์-network หรือ /พื้นที่ให้บริการ/ขอนแก่น","P2","yes","หน้า รับซื้ออุปกรณ์-network × ขอนแก่น เป็น Template ท้องถิ่นของบริการรอง มี Unique Value ต่ำ (ส่วนใหญ่รายชื่ออำเภอ + CTA) แต่การ Redirect ทั้งกลุ่มไป Hub อาจตัด long-tail ท้องถิ่น หากธุรกิจยังรับสินค้าประเภทนี้ในพื้นที่จริง — ต้องยืนยัน Demand/นโยบายบริการก่อนเลือก IMPROVE ทั้งจังหวัด หรือ MERGE ไป /บริการ/รับซื้ออุปกรณ์-network","low"
"/รับซื้อ/รับซื้ออุปกรณ์-network-ชัยภูมิ","src/content/serviceAreas//รับซื้ออุปกรณ์-network-ชัยภูมิ.md","service-x-location","G-SA-รับซื้ออุปกรณ์-network","200-local-build","yes","https://amphon.co.th/รับซื้อ/รับซื้ออุปกรณ์-network-ชัยภูมิ","yes","229","0.507","low","local-commercial","/บริการ/รับซื้ออุปกรณ์-network","medium","GSC_NOT_AVAILABLE","EXTERNAL LINK DATA NOT AVAILABLE","2","none_as_destination","uncertain","no","REQUIRES_BUSINESS_DECISION","/บริการ/รับซื้ออุปกรณ์-network หรือ /พื้นที่ให้บริการ/ชัยภูมิ","P2","yes","หน้า รับซื้ออุปกรณ์-network × ชัยภูมิ เป็น Template ท้องถิ่นของบริการรอง มี Unique Value ต่ำ (ส่วนใหญ่รายชื่ออำเภอ + CTA) แต่การ Redirect ทั้งกลุ่มไป Hub อาจตัด long-tail ท้องถิ่น หากธุรกิจยังรับสินค้าประเภทนี้ในพื้นที่จริง — ต้องยืนยัน Demand/นโยบายบริการก่อนเลือก IMPROVE ทั้งจังหวัด หรือ MERGE ไป /บริการ/รับซื้ออุปกรณ์-network","low"
"/รับซื้อ/รับซื้ออุปกรณ์-network-นครพนม","src/content/serviceAreas//รับซื้ออุปกรณ์-network-นครพนม.md","service-x-location","G-SA-รับซื้ออุปกรณ์-network","200-local-build","yes","https://amphon.co.th/รับซื้อ/รับซื้ออุปกรณ์-network-นครพนม","yes","226","0.556","low","local-commercial","/บริการ/รับซื้ออุปกรณ์-network","medium","GSC_NOT_AVAILABLE","EXTERNAL LINK DATA NOT AVAILABLE","2","none_as_destination","uncertain","no","REQUIRES_BUSINESS_DECISION","/บริการ/รับซื้ออุปกรณ์-network หรือ /พื้นที่ให้บริการ/นครพนม","P2","yes","หน้า รับซื้ออุปกรณ์-network × นครพนม เป็น Template ท้องถิ่นของบริการรอง มี Unique Value ต่ำ (ส่วนใหญ่รายชื่ออำเภอ + CTA) แต่การ Redirect ทั้งกลุ่มไป Hub อาจตัด long-tail ท้องถิ่น หากธุรกิจยังรับสินค้าประเภทนี้ในพื้นที่จริง — ต้องยืนยัน Demand/นโยบายบริการก่อนเลือก IMPROVE ทั้งจังหวัด หรือ MERGE ไป /บริการ/รับซื้ออุปกรณ์-network","low"
"/รับซื้อ/รับซื้ออุปกรณ์-network-นครราชสีมา","src/content/serviceAreas//รับซื้ออุปกรณ์-network-นครราชสีมา.md","service-x-location","G-SA-รับซื้ออุปกรณ์-network","200-local-build","yes","https://amphon.co.th/รับซื้อ/รับซื้ออุปกรณ์-network-นครราชสีมา","yes","232","0.514","low","local-commercial","/บริการ/รับซื้ออุปกรณ์-network","medium","GSC_NOT_AVAILABLE","EXTERNAL LINK DATA NOT AVAILABLE","2","none_as_destination","uncertain","no","REQUIRES_BUSINESS_DECISION","/บริการ/รับซื้ออุปกรณ์-network หรือ /พื้นที่ให้บริการ/นครราชสีมา","P2","yes","หน้า รับซื้ออุปกรณ์-network × นครราชสีมา เป็น Template ท้องถิ่นของบริการรอง มี Unique Value ต่ำ (ส่วนใหญ่รายชื่ออำเภอ + CTA) แต่การ Redirect ทั้งกลุ่มไป Hub อาจตัด long-tail ท้องถิ่น หากธุรกิจยังรับสินค้าประเภทนี้ในพื้นที่จริง — ต้องยืนยัน Demand/นโยบายบริการก่อนเลือก IMPROVE ทั้งจังหวัด หรือ MERGE ไป /บริการ/รับซื้ออุปกรณ์-network","low"
"/รับซื้อ/รับซื้ออุปกรณ์-network-บึงกาฬ","src/content/serviceAreas//รับซื้ออุปกรณ์-network-บึงกาฬ.md","service-x-location","G-SA-รับซื้ออุปกรณ์-network","200-local-build","yes","https://amphon.co.th/รับซื้อ/รับซื้ออุปกรณ์-network-บึงกาฬ","yes","229","0.556","low","local-commercial","/บริการ/รับซื้ออุปกรณ์-network","medium","GSC_NOT_AVAILABLE","EXTERNAL LINK DATA NOT AVAILABLE","2","none_as_destination","uncertain","no","REQUIRES_BUSINESS_DECISION","/บริการ/รับซื้ออุปกรณ์-network หรือ /พื้นที่ให้บริการ/บึงกาฬ","P2","yes","หน้า รับซื้ออุปกรณ์-network × บึงกาฬ เป็น Template ท้องถิ่นของบริการรอง มี Unique Value ต่ำ (ส่วนใหญ่รายชื่ออำเภอ + CTA) แต่การ Redirect ทั้งกลุ่มไป Hub อาจตัด long-tail ท้องถิ่น หากธุรกิจยังรับสินค้าประเภทนี้ในพื้นที่จริง — ต้องยืนยัน Demand/นโยบายบริการก่อนเลือก IMPROVE ทั้งจังหวัด หรือ MERGE ไป /บริการ/รับซื้ออุปกรณ์-network","low"
"/รับซื้อ/รับซื้ออุปกรณ์-network-บุรีรัมย์","src/content/serviceAreas//รับซื้ออุปกรณ์-network-บุรีรัมย์.md","service-x-location","G-SA-รับซื้ออุปกรณ์-network","200-local-build","yes","https://amphon.co.th/รับซื้อ/รับซื้ออุปกรณ์-network-บุรีรัมย์","yes","229","0.521","low","local-commercial","/บริการ/รับซื้ออุปกรณ์-network","medium","GSC_NOT_AVAILABLE","EXTERNAL LINK DATA NOT AVAILABLE","2","none_as_destination","uncertain","no","REQUIRES_BUSINESS_DECISION","/บริการ/รับซื้ออุปกรณ์-network หรือ /พื้นที่ให้บริการ/บุรีรัมย์","P2","yes","หน้า รับซื้ออุปกรณ์-network × บุรีรัมย์ เป็น Template ท้องถิ่นของบริการรอง มี Unique Value ต่ำ (ส่วนใหญ่รายชื่ออำเภอ + CTA) แต่การ Redirect ทั้งกลุ่มไป Hub อาจตัด long-tail ท้องถิ่น หากธุรกิจยังรับสินค้าประเภทนี้ในพื้นที่จริง — ต้องยืนยัน Demand/นโยบายบริการก่อนเลือก IMPROVE ทั้งจังหวัด หรือ MERGE ไป /บริการ/รับซื้ออุปกรณ์-network","low"
"/รับซื้อ/รับซื้ออุปกรณ์-network-มหาสารคาม","src/content/serviceAreas//รับซื้ออุปกรณ์-network-มหาสารคาม.md","service-x-location","G-SA-รับซื้ออุปกรณ์-network","200-local-build","yes","https://amphon.co.th/รับซื้อ/รับซื้ออุปกรณ์-network-มหาสารคาม","yes","226","0.521","low","local-commercial","/บริการ/รับซื้ออุปกรณ์-network","medium","GSC_NOT_AVAILABLE","EXTERNAL LINK DATA NOT AVAILABLE","2","none_as_destination","uncertain","no","REQUIRES_BUSINESS_DECISION","/บริการ/รับซื้ออุปกรณ์-network หรือ /พื้นที่ให้บริการ/มหาสารคาม","P2","yes","หน้า รับซื้ออุปกรณ์-network × มหาสารคาม เป็น Template ท้องถิ่นของบริการรอง มี Unique Value ต่ำ (ส่วนใหญ่รายชื่ออำเภอ + CTA) แต่การ Redirect ทั้งกลุ่มไป Hub อาจตัด long-tail ท้องถิ่น หากธุรกิจยังรับสินค้าประเภทนี้ในพื้นที่จริง — ต้องยืนยัน Demand/นโยบายบริการก่อนเลือก IMPROVE ทั้งจังหวัด หรือ MERGE ไป /บริการ/รับซื้ออุปกรณ์-network","low"
"/รับซื้อ/รับซื้ออุปกรณ์-network-มุกดาหาร","src/content/serviceAreas//รับซื้ออุปกรณ์-network-มุกดาหาร.md","service-x-location","G-SA-รับซื้ออุปกรณ์-network","200-local-build","yes","https://amphon.co.th/รับซื้อ/รับซื้ออุปกรณ์-network-มุกดาหาร","yes","229","0.535","low","local-commercial","/บริการ/รับซื้ออุปกรณ์-network","medium","GSC_NOT_AVAILABLE","EXTERNAL LINK DATA NOT AVAILABLE","2","none_as_destination","uncertain","no","REQUIRES_BUSINESS_DECISION","/บริการ/รับซื้ออุปกรณ์-network หรือ /พื้นที่ให้บริการ/มุกดาหาร","P2","yes","หน้า รับซื้ออุปกรณ์-network × มุกดาหาร เป็น Template ท้องถิ่นของบริการรอง มี Unique Value ต่ำ (ส่วนใหญ่รายชื่ออำเภอ + CTA) แต่การ Redirect ทั้งกลุ่มไป Hub อาจตัด long-tail ท้องถิ่น หากธุรกิจยังรับสินค้าประเภทนี้ในพื้นที่จริง — ต้องยืนยัน Demand/นโยบายบริการก่อนเลือก IMPROVE ทั้งจังหวัด หรือ MERGE ไป /บริการ/รับซื้ออุปกรณ์-network","low"
"/รับซื้อ/รับซื้ออุปกรณ์-network-ยโสธร","src/content/serviceAreas//รับซื้ออุปกรณ์-network-ยโสธร.md","service-x-location","G-SA-รับซื้ออุปกรณ์-network","200-local-build","yes","https://amphon.co.th/รับซื้อ/รับซื้ออุปกรณ์-network-ยโสธร","yes","226","0.547","low","local-commercial","/บริการ/รับซื้ออุปกรณ์-network","medium","GSC_NOT_AVAILABLE","EXTERNAL LINK DATA NOT AVAILABLE","2","none_as_destination","uncertain","no","REQUIRES_BUSINESS_DECISION","/บริการ/รับซื้ออุปกรณ์-network หรือ /พื้นที่ให้บริการ/ยโสธร","P2","yes","หน้า รับซื้ออุปกรณ์-network × ยโสธร เป็น Template ท้องถิ่นของบริการรอง มี Unique Value ต่ำ (ส่วนใหญ่รายชื่ออำเภอ + CTA) แต่การ Redirect ทั้งกลุ่มไป Hub อาจตัด long-tail ท้องถิ่น หากธุรกิจยังรับสินค้าประเภทนี้ในพื้นที่จริง — ต้องยืนยัน Demand/นโยบายบริการก่อนเลือก IMPROVE ทั้งจังหวัด หรือ MERGE ไป /บริการ/รับซื้ออุปกรณ์-network","low"
"/รับซื้อ/รับซื้ออุปกรณ์-network-ร้อยเอ็ด","src/content/serviceAreas//รับซื้ออุปกรณ์-network-ร้อยเอ็ด.md","service-x-location","G-SA-รับซื้ออุปกรณ์-network","200-local-build","yes","https://amphon.co.th/รับซื้อ/รับซื้ออุปกรณ์-network-ร้อยเอ็ด","yes","229","0.531","low","local-commercial","/บริการ/รับซื้ออุปกรณ์-network","medium","GSC_NOT_AVAILABLE","EXTERNAL LINK DATA NOT AVAILABLE","2","none_as_destination","uncertain","no","REQUIRES_BUSINESS_DECISION","/บริการ/รับซื้ออุปกรณ์-network หรือ /พื้นที่ให้บริการ/ร้อยเอ็ด","P2","yes","หน้า รับซื้ออุปกรณ์-network × ร้อยเอ็ด เป็น Template ท้องถิ่นของบริการรอง มี Unique Value ต่ำ (ส่วนใหญ่รายชื่ออำเภอ + CTA) แต่การ Redirect ทั้งกลุ่มไป Hub อาจตัด long-tail ท้องถิ่น หากธุรกิจยังรับสินค้าประเภทนี้ในพื้นที่จริง — ต้องยืนยัน Demand/นโยบายบริการก่อนเลือก IMPROVE ทั้งจังหวัด หรือ MERGE ไป /บริการ/รับซื้ออุปกรณ์-network","low"
"/รับซื้อ/รับซื้ออุปกรณ์-network-เลย","src/content/serviceAreas//รับซื้ออุปกรณ์-network-เลย.md","service-x-location","G-SA-รับซื้ออุปกรณ์-network","200-local-build","yes","https://amphon.co.th/รับซื้อ/รับซื้ออุปกรณ์-network-เลย","yes","226","0.532","low","local-commercial","/บริการ/รับซื้ออุปกรณ์-network","medium","GSC_NOT_AVAILABLE","EXTERNAL LINK DATA NOT AVAILABLE","2","none_as_destination","uncertain","no","REQUIRES_BUSINESS_DECISION","/บริการ/รับซื้ออุปกรณ์-network หรือ /พื้นที่ให้บริการ/เลย","P2","yes","หน้า รับซื้ออุปกรณ์-network × เลย เป็น Template ท้องถิ่นของบริการรอง มี Unique Value ต่ำ (ส่วนใหญ่รายชื่ออำเภอ + CTA) แต่การ Redirect ทั้งกลุ่มไป Hub อาจตัด long-tail ท้องถิ่น หากธุรกิจยังรับสินค้าประเภทนี้ในพื้นที่จริง — ต้องยืนยัน Demand/นโยบายบริการก่อนเลือก IMPROVE ทั้งจังหวัด หรือ MERGE ไป /บริการ/รับซื้ออุปกรณ์-network","low"
"/รับซื้อ/รับซื้ออุปกรณ์-network-ศรีสะเกษ","src/content/serviceAreas//รับซื้ออุปกรณ์-network-ศรีสะเกษ.md","service-x-location","G-SA-รับซื้ออุปกรณ์-network","200-local-build","yes","https://amphon.co.th/รับซื้อ/รับซื้ออุปกรณ์-network-ศรีสะเกษ","yes","232","0.531","low","local-commercial","/บริการ/รับซื้ออุปกรณ์-network","medium","GSC_NOT_AVAILABLE","EXTERNAL LINK DATA NOT AVAILABLE","2","none_as_destination","uncertain","no","REQUIRES_BUSINESS_DECISION","/บริการ/รับซื้ออุปกรณ์-network หรือ /พื้นที่ให้บริการ/ศรีสะเกษ","P2","yes","หน้า รับซื้ออุปกรณ์-network × ศรีสะเกษ เป็น Template ท้องถิ่นของบริการรอง มี Unique Value ต่ำ (ส่วนใหญ่รายชื่ออำเภอ + CTA) แต่การ Redirect ทั้งกลุ่มไป Hub อาจตัด long-tail ท้องถิ่น หากธุรกิจยังรับสินค้าประเภทนี้ในพื้นที่จริง — ต้องยืนยัน Demand/นโยบายบริการก่อนเลือก IMPROVE ทั้งจังหวัด หรือ MERGE ไป /บริการ/รับซื้ออุปกรณ์-network","low"
"/รับซื้อ/รับซื้ออุปกรณ์-network-สกลนคร","src/content/serviceAreas//รับซื้ออุปกรณ์-network-สกลนคร.md","service-x-location","G-SA-รับซื้ออุปกรณ์-network","200-local-build","yes","https://amphon.co.th/รับซื้อ/รับซื้ออุปกรณ์-network-สกลนคร","yes","226","0.556","low","local-commercial","/บริการ/รับซื้ออุปกรณ์-network","medium","GSC_NOT_AVAILABLE","EXTERNAL LINK DATA NOT AVAILABLE","2","none_as_destination","uncertain","no","REQUIRES_BUSINESS_DECISION","/บริการ/รับซื้ออุปกรณ์-network หรือ /พื้นที่ให้บริการ/สกลนคร","P2","yes","หน้า รับซื้ออุปกรณ์-network × สกลนคร เป็น Template ท้องถิ่นของบริการรอง มี Unique Value ต่ำ (ส่วนใหญ่รายชื่ออำเภอ + CTA) แต่การ Redirect ทั้งกลุ่มไป Hub อาจตัด long-tail ท้องถิ่น หากธุรกิจยังรับสินค้าประเภทนี้ในพื้นที่จริง — ต้องยืนยัน Demand/นโยบายบริการก่อนเลือก IMPROVE ทั้งจังหวัด หรือ MERGE ไป /บริการ/รับซื้ออุปกรณ์-network","low"
"/รับซื้อ/รับซื้ออุปกรณ์-network-สุรินทร์","src/content/serviceAreas//รับซื้ออุปกรณ์-network-สุรินทร์.md","service-x-location","G-SA-รับซื้ออุปกรณ์-network","200-local-build","yes","https://amphon.co.th/รับซื้อ/รับซื้ออุปกรณ์-network-สุรินทร์","yes","229","0.538","low","local-commercial","/บริการ/รับซื้ออุปกรณ์-network","medium","GSC_NOT_AVAILABLE","EXTERNAL LINK DATA NOT AVAILABLE","2","none_as_destination","uncertain","no","REQUIRES_BUSINESS_DECISION","/บริการ/รับซื้ออุปกรณ์-network หรือ /พื้นที่ให้บริการ/สุรินทร์","P2","yes","หน้า รับซื้ออุปกรณ์-network × สุรินทร์ เป็น Template ท้องถิ่นของบริการรอง มี Unique Value ต่ำ (ส่วนใหญ่รายชื่ออำเภอ + CTA) แต่การ Redirect ทั้งกลุ่มไป Hub อาจตัด long-tail ท้องถิ่น หากธุรกิจยังรับสินค้าประเภทนี้ในพื้นที่จริง — ต้องยืนยัน Demand/นโยบายบริการก่อนเลือก IMPROVE ทั้งจังหวัด หรือ MERGE ไป /บริการ/รับซื้ออุปกรณ์-network","low"
"/รับซื้อ/รับซื้ออุปกรณ์-network-หนองคาย","src/content/serviceAreas//รับซื้ออุปกรณ์-network-หนองคาย.md","service-x-location","G-SA-รับซื้ออุปกรณ์-network","200-local-build","yes","https://amphon.co.th/รับซื้อ/รับซื้ออุปกรณ์-network-หนองคาย","yes","226","0.507","low","local-commercial","/บริการ/รับซื้ออุปกรณ์-network","medium","GSC_NOT_AVAILABLE","EXTERNAL LINK DATA NOT AVAILABLE","2","none_as_destination","uncertain","no","REQUIRES_BUSINESS_DECISION","/บริการ/รับซื้ออุปกรณ์-network หรือ /พื้นที่ให้บริการ/หนองคาย","P2","yes","หน้า รับซื้ออุปกรณ์-network × หนองคาย เป็น Template ท้องถิ่นของบริการรอง มี Unique Value ต่ำ (ส่วนใหญ่รายชื่ออำเภอ + CTA) แต่การ Redirect ทั้งกลุ่มไป Hub อาจตัด long-tail ท้องถิ่น หากธุรกิจยังรับสินค้าประเภทนี้ในพื้นที่จริง — ต้องยืนยัน Demand/นโยบายบริการก่อนเลือก IMPROVE ทั้งจังหวัด หรือ MERGE ไป /บริการ/รับซื้ออุปกรณ์-network","low"
"/รับซื้อ/รับซื้ออุปกรณ์-network-หนองบัวลำภู","src/content/serviceAreas//รับซื้ออุปกรณ์-network-หนองบัวลำภู.md","service-x-location","G-SA-รับซื้ออุปกรณ์-network","200-local-build","yes","https://amphon.co.th/รับซื้อ/รับซื้ออุปกรณ์-network-หนองบัวลำภู","yes","232","0.531","low","local-commercial","/บริการ/รับซื้ออุปกรณ์-network","medium","GSC_NOT_AVAILABLE","EXTERNAL LINK DATA NOT AVAILABLE","2","none_as_destination","uncertain","no","REQUIRES_BUSINESS_DECISION","/บริการ/รับซื้ออุปกรณ์-network หรือ /พื้นที่ให้บริการ/หนองบัวลำภู","P2","yes","หน้า รับซื้ออุปกรณ์-network × หนองบัวลำภู เป็น Template ท้องถิ่นของบริการรอง มี Unique Value ต่ำ (ส่วนใหญ่รายชื่ออำเภอ + CTA) แต่การ Redirect ทั้งกลุ่มไป Hub อาจตัด long-tail ท้องถิ่น หากธุรกิจยังรับสินค้าประเภทนี้ในพื้นที่จริง — ต้องยืนยัน Demand/นโยบายบริการก่อนเลือก IMPROVE ทั้งจังหวัด หรือ MERGE ไป /บริการ/รับซื้ออุปกรณ์-network","low"
"/รับซื้อ/รับซื้ออุปกรณ์-network-อำนาจเจริญ","src/content/serviceAreas//รับซื้ออุปกรณ์-network-อำนาจเจริญ.md","service-x-location","G-SA-รับซื้ออุปกรณ์-network","200-local-build","yes","https://amphon.co.th/รับซื้อ/รับซื้ออุปกรณ์-network-อำนาจเจริญ","yes","226","0.517","low","local-commercial","/บริการ/รับซื้ออุปกรณ์-network","medium","GSC_NOT_AVAILABLE","EXTERNAL LINK DATA NOT AVAILABLE","2","none_as_destination","uncertain","no","REQUIRES_BUSINESS_DECISION","/บริการ/รับซื้ออุปกรณ์-network หรือ /พื้นที่ให้บริการ/อำนาจเจริญ","P2","yes","หน้า รับซื้ออุปกรณ์-network × อำนาจเจริญ เป็น Template ท้องถิ่นของบริการรอง มี Unique Value ต่ำ (ส่วนใหญ่รายชื่ออำเภอ + CTA) แต่การ Redirect ทั้งกลุ่มไป Hub อาจตัด long-tail ท้องถิ่น หากธุรกิจยังรับสินค้าประเภทนี้ในพื้นที่จริง — ต้องยืนยัน Demand/นโยบายบริการก่อนเลือก IMPROVE ทั้งจังหวัด หรือ MERGE ไป /บริการ/รับซื้ออุปกรณ์-network","low"
"/รับซื้อ/รับซื้ออุปกรณ์-network-อุดรธานี","src/content/serviceAreas//รับซื้ออุปกรณ์-network-อุดรธานี.md","service-x-location","G-SA-รับซื้ออุปกรณ์-network","200-local-build","yes","https://amphon.co.th/รับซื้อ/รับซื้ออุปกรณ์-network-อุดรธานี","yes","229","0.538","low","local-commercial","/บริการ/รับซื้ออุปกรณ์-network","medium","GSC_NOT_AVAILABLE","EXTERNAL LINK DATA NOT AVAILABLE","2","none_as_destination","uncertain","no","REQUIRES_BUSINESS_DECISION","/บริการ/รับซื้ออุปกรณ์-network หรือ /พื้นที่ให้บริการ/อุดรธานี","P2","yes","หน้า รับซื้ออุปกรณ์-network × อุดรธานี เป็น Template ท้องถิ่นของบริการรอง มี Unique Value ต่ำ (ส่วนใหญ่รายชื่ออำเภอ + CTA) แต่การ Redirect ทั้งกลุ่มไป Hub อาจตัด long-tail ท้องถิ่น หากธุรกิจยังรับสินค้าประเภทนี้ในพื้นที่จริง — ต้องยืนยัน Demand/นโยบายบริการก่อนเลือก IMPROVE ทั้งจังหวัด หรือ MERGE ไป /บริการ/รับซื้ออุปกรณ์-network","low"
"/รับซื้อ/รับซื้ออุปกรณ์-network-อุบลราชธานี","src/content/serviceAreas//รับซื้ออุปกรณ์-network-อุบลราชธานี.md","service-x-location","G-SA-รับซื้ออุปกรณ์-network","200-local-build","yes","https://amphon.co.th/รับซื้อ/รับซื้ออุปกรณ์-network-อุบลราชธานี","yes","229","0.531","partial","local-commercial","/บริการ/รับซื้ออุปกรณ์-network","medium","GSC_NOT_AVAILABLE","EXTERNAL LINK DATA NOT AVAILABLE","2","none_as_destination","higher-store-province","no","IMPROVE","","P1","yes","หน้า รับซื้ออุปกรณ์-network × อุบลราชธานี อยู่จังหวัดที่มีหน้าร้านจริง จึงมีโอกาสเพิ่ม Unique Value (จุดรับของ เส้นทาง อำเภอที่นัดรับบ่อย) ได้โดยไม่สร้างสาขาปลอม ปัจจุบันยังเป็น Template สลับชื่อจังหวัด/สินค้าเป็นหลัก (template_ratio≈0.531) — แนะนำ IMPROVE ก่อนพิจารณา Merge","medium"
"/รับซื้อ/รับซื้อ-server-กาฬสินธุ์","src/content/serviceAreas//รับซื้อ-server-กาฬสินธุ์.md","service-x-location","G-SA-รับซื้อ-server","200-local-build","yes","https://amphon.co.th/รับซื้อ/รับซื้อ-server-กาฬสินธุ์","yes","227","0.475","low","local-commercial","/บริการ/รับซื้อ-server","medium","GSC_NOT_AVAILABLE","EXTERNAL LINK DATA NOT AVAILABLE","2","none_as_destination","uncertain","no","REQUIRES_BUSINESS_DECISION","/บริการ/รับซื้อ-server หรือ /พื้นที่ให้บริการ/กาฬสินธุ์","P2","yes","หน้า รับซื้อ-server × กาฬสินธุ์ เป็น Template ท้องถิ่นของบริการรอง มี Unique Value ต่ำ (ส่วนใหญ่รายชื่ออำเภอ + CTA) แต่การ Redirect ทั้งกลุ่มไป Hub อาจตัด long-tail ท้องถิ่น หากธุรกิจยังรับสินค้าประเภทนี้ในพื้นที่จริง — ต้องยืนยัน Demand/นโยบายบริการก่อนเลือก IMPROVE ทั้งจังหวัด หรือ MERGE ไป /บริการ/รับซื้อ-server","low"
"/รับซื้อ/รับซื้อ-server-ขอนแก่น","src/content/serviceAreas//รับซื้อ-server-ขอนแก่น.md","service-x-location","G-SA-รับซื้อ-server","200-local-build","yes","https://amphon.co.th/รับซื้อ/รับซื้อ-server-ขอนแก่น","yes","221","0.471","low","local-commercial","/บริการ/รับซื้อ-server","medium","GSC_NOT_AVAILABLE","EXTERNAL LINK DATA NOT AVAILABLE","2","none_as_destination","uncertain","no","REQUIRES_BUSINESS_DECISION","/บริการ/รับซื้อ-server หรือ /พื้นที่ให้บริการ/ขอนแก่น","P2","yes","หน้า รับซื้อ-server × ขอนแก่น เป็น Template ท้องถิ่นของบริการรอง มี Unique Value ต่ำ (ส่วนใหญ่รายชื่ออำเภอ + CTA) แต่การ Redirect ทั้งกลุ่มไป Hub อาจตัด long-tail ท้องถิ่น หากธุรกิจยังรับสินค้าประเภทนี้ในพื้นที่จริง — ต้องยืนยัน Demand/นโยบายบริการก่อนเลือก IMPROVE ทั้งจังหวัด หรือ MERGE ไป /บริการ/รับซื้อ-server","low"
"/รับซื้อ/รับซื้อ-server-ชัยภูมิ","src/content/serviceAreas//รับซื้อ-server-ชัยภูมิ.md","service-x-location","G-SA-รับซื้อ-server","200-local-build","yes","https://amphon.co.th/รับซื้อ/รับซื้อ-server-ชัยภูมิ","yes","224","0.486","low","local-commercial","/บริการ/รับซื้อ-server","medium","GSC_NOT_AVAILABLE","EXTERNAL LINK DATA NOT AVAILABLE","2","none_as_destination","uncertain","no","REQUIRES_BUSINESS_DECISION","/บริการ/รับซื้อ-server หรือ /พื้นที่ให้บริการ/ชัยภูมิ","P2","yes","หน้า รับซื้อ-server × ชัยภูมิ เป็น Template ท้องถิ่นของบริการรอง มี Unique Value ต่ำ (ส่วนใหญ่รายชื่ออำเภอ + CTA) แต่การ Redirect ทั้งกลุ่มไป Hub อาจตัด long-tail ท้องถิ่น หากธุรกิจยังรับสินค้าประเภทนี้ในพื้นที่จริง — ต้องยืนยัน Demand/นโยบายบริการก่อนเลือก IMPROVE ทั้งจังหวัด หรือ MERGE ไป /บริการ/รับซื้อ-server","low"
"/รับซื้อ/รับซื้อ-server-นครพนม","src/content/serviceAreas//รับซื้อ-server-นครพนม.md","service-x-location","G-SA-รับซื้อ-server","200-local-build","yes","https://amphon.co.th/รับซื้อ/รับซื้อ-server-นครพนม","yes","221","0.489","low","local-commercial","/บริการ/รับซื้อ-server","medium","GSC_NOT_AVAILABLE","EXTERNAL LINK DATA NOT AVAILABLE","2","none_as_destination","uncertain","no","REQUIRES_BUSINESS_DECISION","/บริการ/รับซื้อ-server หรือ /พื้นที่ให้บริการ/นครพนม","P2","yes","หน้า รับซื้อ-server × นครพนม เป็น Template ท้องถิ่นของบริการรอง มี Unique Value ต่ำ (ส่วนใหญ่รายชื่ออำเภอ + CTA) แต่การ Redirect ทั้งกลุ่มไป Hub อาจตัด long-tail ท้องถิ่น หากธุรกิจยังรับสินค้าประเภทนี้ในพื้นที่จริง — ต้องยืนยัน Demand/นโยบายบริการก่อนเลือก IMPROVE ทั้งจังหวัด หรือ MERGE ไป /บริการ/รับซื้อ-server","low"
"/รับซื้อ/รับซื้อ-server-นครราชสีมา","src/content/serviceAreas//รับซื้อ-server-นครราชสีมา.md","service-x-location","G-SA-รับซื้อ-server","200-local-build","yes","https://amphon.co.th/รับซื้อ/รับซื้อ-server-นครราชสีมา","yes","227","0.479","low","local-commercial","/บริการ/รับซื้อ-server","medium","GSC_NOT_AVAILABLE","EXTERNAL LINK DATA NOT AVAILABLE","2","none_as_destination","uncertain","no","REQUIRES_BUSINESS_DECISION","/บริการ/รับซื้อ-server หรือ /พื้นที่ให้บริการ/นครราชสีมา","P2","yes","หน้า รับซื้อ-server × นครราชสีมา เป็น Template ท้องถิ่นของบริการรอง มี Unique Value ต่ำ (ส่วนใหญ่รายชื่ออำเภอ + CTA) แต่การ Redirect ทั้งกลุ่มไป Hub อาจตัด long-tail ท้องถิ่น หากธุรกิจยังรับสินค้าประเภทนี้ในพื้นที่จริง — ต้องยืนยัน Demand/นโยบายบริการก่อนเลือก IMPROVE ทั้งจังหวัด หรือ MERGE ไป /บริการ/รับซื้อ-server","low"
"/รับซื้อ/รับซื้อ-server-บึงกาฬ","src/content/serviceAreas//รับซื้อ-server-บึงกาฬ.md","service-x-location","G-SA-รับซื้อ-server","200-local-build","yes","https://amphon.co.th/รับซื้อ/รับซื้อ-server-บึงกาฬ","yes","224","0.507","low","local-commercial","/บริการ/รับซื้อ-server","medium","GSC_NOT_AVAILABLE","EXTERNAL LINK DATA NOT AVAILABLE","2","none_as_destination","uncertain","no","REQUIRES_BUSINESS_DECISION","/บริการ/รับซื้อ-server หรือ /พื้นที่ให้บริการ/บึงกาฬ","P2","yes","หน้า รับซื้อ-server × บึงกาฬ เป็น Template ท้องถิ่นของบริการรอง มี Unique Value ต่ำ (ส่วนใหญ่รายชื่ออำเภอ + CTA) แต่การ Redirect ทั้งกลุ่มไป Hub อาจตัด long-tail ท้องถิ่น หากธุรกิจยังรับสินค้าประเภทนี้ในพื้นที่จริง — ต้องยืนยัน Demand/นโยบายบริการก่อนเลือก IMPROVE ทั้งจังหวัด หรือ MERGE ไป /บริการ/รับซื้อ-server","low"
"/รับซื้อ/รับซื้อ-server-บุรีรัมย์","src/content/serviceAreas//รับซื้อ-server-บุรีรัมย์.md","service-x-location","G-SA-รับซื้อ-server","200-local-build","yes","https://amphon.co.th/รับซื้อ/รับซื้อ-server-บุรีรัมย์","yes","224","0.475","low","local-commercial","/บริการ/รับซื้อ-server","medium","GSC_NOT_AVAILABLE","EXTERNAL LINK DATA NOT AVAILABLE","2","none_as_destination","uncertain","no","REQUIRES_BUSINESS_DECISION","/บริการ/รับซื้อ-server หรือ /พื้นที่ให้บริการ/บุรีรัมย์","P2","yes","หน้า รับซื้อ-server × บุรีรัมย์ เป็น Template ท้องถิ่นของบริการรอง มี Unique Value ต่ำ (ส่วนใหญ่รายชื่ออำเภอ + CTA) แต่การ Redirect ทั้งกลุ่มไป Hub อาจตัด long-tail ท้องถิ่น หากธุรกิจยังรับสินค้าประเภทนี้ในพื้นที่จริง — ต้องยืนยัน Demand/นโยบายบริการก่อนเลือก IMPROVE ทั้งจังหวัด หรือ MERGE ไป /บริการ/รับซื้อ-server","low"
"/รับซื้อ/รับซื้อ-server-มหาสารคาม","src/content/serviceAreas//รับซื้อ-server-มหาสารคาม.md","service-x-location","G-SA-รับซื้อ-server","200-local-build","yes","https://amphon.co.th/รับซื้อ/รับซื้อ-server-มหาสารคาม","yes","221","0.482","low","local-commercial","/บริการ/รับซื้อ-server","medium","GSC_NOT_AVAILABLE","EXTERNAL LINK DATA NOT AVAILABLE","2","none_as_destination","uncertain","no","REQUIRES_BUSINESS_DECISION","/บริการ/รับซื้อ-server หรือ /พื้นที่ให้บริการ/มหาสารคาม","P2","yes","หน้า รับซื้อ-server × มหาสารคาม เป็น Template ท้องถิ่นของบริการรอง มี Unique Value ต่ำ (ส่วนใหญ่รายชื่ออำเภอ + CTA) แต่การ Redirect ทั้งกลุ่มไป Hub อาจตัด long-tail ท้องถิ่น หากธุรกิจยังรับสินค้าประเภทนี้ในพื้นที่จริง — ต้องยืนยัน Demand/นโยบายบริการก่อนเลือก IMPROVE ทั้งจังหวัด หรือ MERGE ไป /บริการ/รับซื้อ-server","low"
"/รับซื้อ/รับซื้อ-server-มุกดาหาร","src/content/serviceAreas//รับซื้อ-server-มุกดาหาร.md","service-x-location","G-SA-รับซื้อ-server","200-local-build","yes","https://amphon.co.th/รับซื้อ/รับซื้อ-server-มุกดาหาร","yes","224","0.475","low","local-commercial","/บริการ/รับซื้อ-server","medium","GSC_NOT_AVAILABLE","EXTERNAL LINK DATA NOT AVAILABLE","2","none_as_destination","uncertain","no","REQUIRES_BUSINESS_DECISION","/บริการ/รับซื้อ-server หรือ /พื้นที่ให้บริการ/มุกดาหาร","P2","yes","หน้า รับซื้อ-server × มุกดาหาร เป็น Template ท้องถิ่นของบริการรอง มี Unique Value ต่ำ (ส่วนใหญ่รายชื่ออำเภอ + CTA) แต่การ Redirect ทั้งกลุ่มไป Hub อาจตัด long-tail ท้องถิ่น หากธุรกิจยังรับสินค้าประเภทนี้ในพื้นที่จริง — ต้องยืนยัน Demand/นโยบายบริการก่อนเลือก IMPROVE ทั้งจังหวัด หรือ MERGE ไป /บริการ/รับซื้อ-server","low"
"/รับซื้อ/รับซื้อ-server-ยโสธร","src/content/serviceAreas//รับซื้อ-server-ยโสธร.md","service-x-location","G-SA-รับซื้อ-server","200-local-build","yes","https://amphon.co.th/รับซื้อ/รับซื้อ-server-ยโสธร","yes","221","0.5","low","local-commercial","/บริการ/รับซื้อ-server","medium","GSC_NOT_AVAILABLE","EXTERNAL LINK DATA NOT AVAILABLE","2","none_as_destination","uncertain","no","REQUIRES_BUSINESS_DECISION","/บริการ/รับซื้อ-server หรือ /พื้นที่ให้บริการ/ยโสธร","P2","yes","หน้า รับซื้อ-server × ยโสธร เป็น Template ท้องถิ่นของบริการรอง มี Unique Value ต่ำ (ส่วนใหญ่รายชื่ออำเภอ + CTA) แต่การ Redirect ทั้งกลุ่มไป Hub อาจตัด long-tail ท้องถิ่น หากธุรกิจยังรับสินค้าประเภทนี้ในพื้นที่จริง — ต้องยืนยัน Demand/นโยบายบริการก่อนเลือก IMPROVE ทั้งจังหวัด หรือ MERGE ไป /บริการ/รับซื้อ-server","low"
"/รับซื้อ/รับซื้อ-server-ร้อยเอ็ด","src/content/serviceAreas//รับซื้อ-server-ร้อยเอ็ด.md","service-x-location","G-SA-รับซื้อ-server","200-local-build","yes","https://amphon.co.th/รับซื้อ/รับซื้อ-server-ร้อยเอ็ด","yes","224","0.486","low","local-commercial","/บริการ/รับซื้อ-server","medium","GSC_NOT_AVAILABLE","EXTERNAL LINK DATA NOT AVAILABLE","2","none_as_destination","uncertain","no","REQUIRES_BUSINESS_DECISION","/บริการ/รับซื้อ-server หรือ /พื้นที่ให้บริการ/ร้อยเอ็ด","P2","yes","หน้า รับซื้อ-server × ร้อยเอ็ด เป็น Template ท้องถิ่นของบริการรอง มี Unique Value ต่ำ (ส่วนใหญ่รายชื่ออำเภอ + CTA) แต่การ Redirect ทั้งกลุ่มไป Hub อาจตัด long-tail ท้องถิ่น หากธุรกิจยังรับสินค้าประเภทนี้ในพื้นที่จริง — ต้องยืนยัน Demand/นโยบายบริการก่อนเลือก IMPROVE ทั้งจังหวัด หรือ MERGE ไป /บริการ/รับซื้อ-server","low"
"/รับซื้อ/รับซื้อ-server-เลย","src/content/serviceAreas//รับซื้อ-server-เลย.md","service-x-location","G-SA-รับซื้อ-server","200-local-build","yes","https://amphon.co.th/รับซื้อ/รับซื้อ-server-เลย","yes","221","0.5","low","local-commercial","/บริการ/รับซื้อ-server","medium","GSC_NOT_AVAILABLE","EXTERNAL LINK DATA NOT AVAILABLE","2","none_as_destination","uncertain","no","REQUIRES_BUSINESS_DECISION","/บริการ/รับซื้อ-server หรือ /พื้นที่ให้บริการ/เลย","P2","yes","หน้า รับซื้อ-server × เลย เป็น Template ท้องถิ่นของบริการรอง มี Unique Value ต่ำ (ส่วนใหญ่รายชื่ออำเภอ + CTA) แต่การ Redirect ทั้งกลุ่มไป Hub อาจตัด long-tail ท้องถิ่น หากธุรกิจยังรับสินค้าประเภทนี้ในพื้นที่จริง — ต้องยืนยัน Demand/นโยบายบริการก่อนเลือก IMPROVE ทั้งจังหวัด หรือ MERGE ไป /บริการ/รับซื้อ-server","low"
"/รับซื้อ/รับซื้อ-server-ศรีสะเกษ","src/content/serviceAreas//รับซื้อ-server-ศรีสะเกษ.md","service-x-location","G-SA-รับซื้อ-server","200-local-build","yes","https://amphon.co.th/รับซื้อ/รับซื้อ-server-ศรีสะเกษ","yes","227","0.486","low","local-commercial","/บริการ/รับซื้อ-server","medium","GSC_NOT_AVAILABLE","EXTERNAL LINK DATA NOT AVAILABLE","2","none_as_destination","uncertain","no","REQUIRES_BUSINESS_DECISION","/บริการ/รับซื้อ-server หรือ /พื้นที่ให้บริการ/ศรีสะเกษ","P2","yes","หน้า รับซื้อ-server × ศรีสะเกษ เป็น Template ท้องถิ่นของบริการรอง มี Unique Value ต่ำ (ส่วนใหญ่รายชื่ออำเภอ + CTA) แต่การ Redirect ทั้งกลุ่มไป Hub อาจตัด long-tail ท้องถิ่น หากธุรกิจยังรับสินค้าประเภทนี้ในพื้นที่จริง — ต้องยืนยัน Demand/นโยบายบริการก่อนเลือก IMPROVE ทั้งจังหวัด หรือ MERGE ไป /บริการ/รับซื้อ-server","low"
"/รับซื้อ/รับซื้อ-server-สกลนคร","src/content/serviceAreas//รับซื้อ-server-สกลนคร.md","service-x-location","G-SA-รับซื้อ-server","200-local-build","yes","https://amphon.co.th/รับซื้อ/รับซื้อ-server-สกลนคร","yes","221","0.489","low","local-commercial","/บริการ/รับซื้อ-server","medium","GSC_NOT_AVAILABLE","EXTERNAL LINK DATA NOT AVAILABLE","2","none_as_destination","uncertain","no","REQUIRES_BUSINESS_DECISION","/บริการ/รับซื้อ-server หรือ /พื้นที่ให้บริการ/สกลนคร","P2","yes","หน้า รับซื้อ-server × สกลนคร เป็น Template ท้องถิ่นของบริการรอง มี Unique Value ต่ำ (ส่วนใหญ่รายชื่ออำเภอ + CTA) แต่การ Redirect ทั้งกลุ่มไป Hub อาจตัด long-tail ท้องถิ่น หากธุรกิจยังรับสินค้าประเภทนี้ในพื้นที่จริง — ต้องยืนยัน Demand/นโยบายบริการก่อนเลือก IMPROVE ทั้งจังหวัด หรือ MERGE ไป /บริการ/รับซื้อ-server","low"
"/รับซื้อ/รับซื้อ-server-สุรินทร์","src/content/serviceAreas//รับซื้อ-server-สุรินทร์.md","service-x-location","G-SA-รับซื้อ-server","200-local-build","yes","https://amphon.co.th/รับซื้อ/รับซื้อ-server-สุรินทร์","yes","224","0.496","low","local-commercial","/บริการ/รับซื้อ-server","medium","GSC_NOT_AVAILABLE","EXTERNAL LINK DATA NOT AVAILABLE","2","none_as_destination","uncertain","no","REQUIRES_BUSINESS_DECISION","/บริการ/รับซื้อ-server หรือ /พื้นที่ให้บริการ/สุรินทร์","P2","yes","หน้า รับซื้อ-server × สุรินทร์ เป็น Template ท้องถิ่นของบริการรอง มี Unique Value ต่ำ (ส่วนใหญ่รายชื่ออำเภอ + CTA) แต่การ Redirect ทั้งกลุ่มไป Hub อาจตัด long-tail ท้องถิ่น หากธุรกิจยังรับสินค้าประเภทนี้ในพื้นที่จริง — ต้องยืนยัน Demand/นโยบายบริการก่อนเลือก IMPROVE ทั้งจังหวัด หรือ MERGE ไป /บริการ/รับซื้อ-server","low"
"/รับซื้อ/รับซื้อ-server-หนองคาย","src/content/serviceAreas//รับซื้อ-server-หนองคาย.md","service-x-location","G-SA-รับซื้อ-server","200-local-build","yes","https://amphon.co.th/รับซื้อ/รับซื้อ-server-หนองคาย","yes","221","0.486","low","local-commercial","/บริการ/รับซื้อ-server","medium","GSC_NOT_AVAILABLE","EXTERNAL LINK DATA NOT AVAILABLE","2","none_as_destination","uncertain","no","REQUIRES_BUSINESS_DECISION","/บริการ/รับซื้อ-server หรือ /พื้นที่ให้บริการ/หนองคาย","P2","yes","หน้า รับซื้อ-server × หนองคาย เป็น Template ท้องถิ่นของบริการรอง มี Unique Value ต่ำ (ส่วนใหญ่รายชื่ออำเภอ + CTA) แต่การ Redirect ทั้งกลุ่มไป Hub อาจตัด long-tail ท้องถิ่น หากธุรกิจยังรับสินค้าประเภทนี้ในพื้นที่จริง — ต้องยืนยัน Demand/นโยบายบริการก่อนเลือก IMPROVE ทั้งจังหวัด หรือ MERGE ไป /บริการ/รับซื้อ-server","low"
"/รับซื้อ/รับซื้อ-server-หนองบัวลำภู","src/content/serviceAreas//รับซื้อ-server-หนองบัวลำภู.md","service-x-location","G-SA-รับซื้อ-server","200-local-build","yes","https://amphon.co.th/รับซื้อ/รับซื้อ-server-หนองบัวลำภู","yes","227","0.472","low","local-commercial","/บริการ/รับซื้อ-server","medium","GSC_NOT_AVAILABLE","EXTERNAL LINK DATA NOT AVAILABLE","2","none_as_destination","uncertain","no","REQUIRES_BUSINESS_DECISION","/บริการ/รับซื้อ-server หรือ /พื้นที่ให้บริการ/หนองบัวลำภู","P2","yes","หน้า รับซื้อ-server × หนองบัวลำภู เป็น Template ท้องถิ่นของบริการรอง มี Unique Value ต่ำ (ส่วนใหญ่รายชื่ออำเภอ + CTA) แต่การ Redirect ทั้งกลุ่มไป Hub อาจตัด long-tail ท้องถิ่น หากธุรกิจยังรับสินค้าประเภทนี้ในพื้นที่จริง — ต้องยืนยัน Demand/นโยบายบริการก่อนเลือก IMPROVE ทั้งจังหวัด หรือ MERGE ไป /บริการ/รับซื้อ-server","low"
"/รับซื้อ/รับซื้อ-server-อำนาจเจริญ","src/content/serviceAreas//รับซื้อ-server-อำนาจเจริญ.md","service-x-location","G-SA-รับซื้อ-server","200-local-build","yes","https://amphon.co.th/รับซื้อ/รับซื้อ-server-อำนาจเจริญ","yes","221","0.493","low","local-commercial","/บริการ/รับซื้อ-server","medium","GSC_NOT_AVAILABLE","EXTERNAL LINK DATA NOT AVAILABLE","2","none_as_destination","uncertain","no","REQUIRES_BUSINESS_DECISION","/บริการ/รับซื้อ-server หรือ /พื้นที่ให้บริการ/อำนาจเจริญ","P2","yes","หน้า รับซื้อ-server × อำนาจเจริญ เป็น Template ท้องถิ่นของบริการรอง มี Unique Value ต่ำ (ส่วนใหญ่รายชื่ออำเภอ + CTA) แต่การ Redirect ทั้งกลุ่มไป Hub อาจตัด long-tail ท้องถิ่น หากธุรกิจยังรับสินค้าประเภทนี้ในพื้นที่จริง — ต้องยืนยัน Demand/นโยบายบริการก่อนเลือก IMPROVE ทั้งจังหวัด หรือ MERGE ไป /บริการ/รับซื้อ-server","low"
"/รับซื้อ/รับซื้อ-server-อุดรธานี","src/content/serviceAreas//รับซื้อ-server-อุดรธานี.md","service-x-location","G-SA-รับซื้อ-server","200-local-build","yes","https://amphon.co.th/รับซื้อ/รับซื้อ-server-อุดรธานี","yes","224","0.479","low","local-commercial","/บริการ/รับซื้อ-server","medium","GSC_NOT_AVAILABLE","EXTERNAL LINK DATA NOT AVAILABLE","2","none_as_destination","uncertain","no","REQUIRES_BUSINESS_DECISION","/บริการ/รับซื้อ-server หรือ /พื้นที่ให้บริการ/อุดรธานี","P2","yes","หน้า รับซื้อ-server × อุดรธานี เป็น Template ท้องถิ่นของบริการรอง มี Unique Value ต่ำ (ส่วนใหญ่รายชื่ออำเภอ + CTA) แต่การ Redirect ทั้งกลุ่มไป Hub อาจตัด long-tail ท้องถิ่น หากธุรกิจยังรับสินค้าประเภทนี้ในพื้นที่จริง — ต้องยืนยัน Demand/นโยบายบริการก่อนเลือก IMPROVE ทั้งจังหวัด หรือ MERGE ไป /บริการ/รับซื้อ-server","low"
"/รับซื้อ/รับซื้อ-server-อุบลราชธานี","src/content/serviceAreas//รับซื้อ-server-อุบลราชธานี.md","service-x-location","G-SA-รับซื้อ-server","200-local-build","yes","https://amphon.co.th/รับซื้อ/รับซื้อ-server-อุบลราชธานี","yes","224","0.479","partial","local-commercial","/บริการ/รับซื้อ-server","medium","GSC_NOT_AVAILABLE","EXTERNAL LINK DATA NOT AVAILABLE","2","none_as_destination","higher-store-province","no","IMPROVE","","P1","yes","หน้า รับซื้อ-server × อุบลราชธานี อยู่จังหวัดที่มีหน้าร้านจริง จึงมีโอกาสเพิ่ม Unique Value (จุดรับของ เส้นทาง อำเภอที่นัดรับบ่อย) ได้โดยไม่สร้างสาขาปลอม ปัจจุบันยังเป็น Template สลับชื่อจังหวัด/สินค้าเป็นหลัก (template_ratio≈0.479) — แนะนำ IMPROVE ก่อนพิจารณา Merge","medium"
"/รับซื้อ/รับซื้อ-ups-กาฬสินธุ์","src/content/serviceAreas//รับซื้อ-ups-กาฬสินธุ์.md","service-x-location","G-SA-รับซื้อ-ups","200-local-build","yes","https://amphon.co.th/รับซื้อ/รับซื้อ-ups-กาฬสินธุ์","yes","227","0.528","low","local-commercial","/บริการ/รับซื้อ-ups","medium","GSC_NOT_AVAILABLE","EXTERNAL LINK DATA NOT AVAILABLE","2","none_as_destination","uncertain","no","REQUIRES_BUSINESS_DECISION","/บริการ/รับซื้อ-ups หรือ /พื้นที่ให้บริการ/กาฬสินธุ์","P2","yes","หน้า รับซื้อ-ups × กาฬสินธุ์ เป็น Template ท้องถิ่นของบริการรอง มี Unique Value ต่ำ (ส่วนใหญ่รายชื่ออำเภอ + CTA) แต่การ Redirect ทั้งกลุ่มไป Hub อาจตัด long-tail ท้องถิ่น หากธุรกิจยังรับสินค้าประเภทนี้ในพื้นที่จริง — ต้องยืนยัน Demand/นโยบายบริการก่อนเลือก IMPROVE ทั้งจังหวัด หรือ MERGE ไป /บริการ/รับซื้อ-ups","low"
"/รับซื้อ/รับซื้อ-ups-ขอนแก่น","src/content/serviceAreas//รับซื้อ-ups-ขอนแก่น.md","service-x-location","G-SA-รับซื้อ-ups","200-local-build","yes","https://amphon.co.th/รับซื้อ/รับซื้อ-ups-ขอนแก่น","yes","221","0.553","low","local-commercial","/บริการ/รับซื้อ-ups","medium","GSC_NOT_AVAILABLE","EXTERNAL LINK DATA NOT AVAILABLE","2","none_as_destination","uncertain","no","REQUIRES_BUSINESS_DECISION","/บริการ/รับซื้อ-ups หรือ /พื้นที่ให้บริการ/ขอนแก่น","P2","yes","หน้า รับซื้อ-ups × ขอนแก่น เป็น Template ท้องถิ่นของบริการรอง มี Unique Value ต่ำ (ส่วนใหญ่รายชื่ออำเภอ + CTA) แต่การ Redirect ทั้งกลุ่มไป Hub อาจตัด long-tail ท้องถิ่น หากธุรกิจยังรับสินค้าประเภทนี้ในพื้นที่จริง — ต้องยืนยัน Demand/นโยบายบริการก่อนเลือก IMPROVE ทั้งจังหวัด หรือ MERGE ไป /บริการ/รับซื้อ-ups","low"
"/รับซื้อ/รับซื้อ-ups-ชัยภูมิ","src/content/serviceAreas//รับซื้อ-ups-ชัยภูมิ.md","service-x-location","G-SA-รับซื้อ-ups","200-local-build","yes","https://amphon.co.th/รับซื้อ/รับซื้อ-ups-ชัยภูมิ","yes","224","0.567","low","local-commercial","/บริการ/รับซื้อ-ups","medium","GSC_NOT_AVAILABLE","EXTERNAL LINK DATA NOT AVAILABLE","2","none_as_destination","uncertain","no","REQUIRES_BUSINESS_DECISION","/บริการ/รับซื้อ-ups หรือ /พื้นที่ให้บริการ/ชัยภูมิ","P2","yes","หน้า รับซื้อ-ups × ชัยภูมิ เป็น Template ท้องถิ่นของบริการรอง มี Unique Value ต่ำ (ส่วนใหญ่รายชื่ออำเภอ + CTA) แต่การ Redirect ทั้งกลุ่มไป Hub อาจตัด long-tail ท้องถิ่น หากธุรกิจยังรับสินค้าประเภทนี้ในพื้นที่จริง — ต้องยืนยัน Demand/นโยบายบริการก่อนเลือก IMPROVE ทั้งจังหวัด หรือ MERGE ไป /บริการ/รับซื้อ-ups","low"
"/รับซื้อ/รับซื้อ-ups-นครพนม","src/content/serviceAreas//รับซื้อ-ups-นครพนม.md","service-x-location","G-SA-รับซื้อ-ups","200-local-build","yes","https://amphon.co.th/รับซื้อ/รับซื้อ-ups-นครพนม","yes","221","0.536","low","local-commercial","/บริการ/รับซื้อ-ups","medium","GSC_NOT_AVAILABLE","EXTERNAL LINK DATA NOT AVAILABLE","2","none_as_destination","uncertain","no","REQUIRES_BUSINESS_DECISION","/บริการ/รับซื้อ-ups หรือ /พื้นที่ให้บริการ/นครพนม","P2","yes","หน้า รับซื้อ-ups × นครพนม เป็น Template ท้องถิ่นของบริการรอง มี Unique Value ต่ำ (ส่วนใหญ่รายชื่ออำเภอ + CTA) แต่การ Redirect ทั้งกลุ่มไป Hub อาจตัด long-tail ท้องถิ่น หากธุรกิจยังรับสินค้าประเภทนี้ในพื้นที่จริง — ต้องยืนยัน Demand/นโยบายบริการก่อนเลือก IMPROVE ทั้งจังหวัด หรือ MERGE ไป /บริการ/รับซื้อ-ups","low"
"/รับซื้อ/รับซื้อ-ups-นครราชสีมา","src/content/serviceAreas//รับซื้อ-ups-นครราชสีมา.md","service-x-location","G-SA-รับซื้อ-ups","200-local-build","yes","https://amphon.co.th/รับซื้อ/รับซื้อ-ups-นครราชสีมา","yes","227","0.536","low","local-commercial","/บริการ/รับซื้อ-ups","medium","GSC_NOT_AVAILABLE","EXTERNAL LINK DATA NOT AVAILABLE","2","none_as_destination","uncertain","no","REQUIRES_BUSINESS_DECISION","/บริการ/รับซื้อ-ups หรือ /พื้นที่ให้บริการ/นครราชสีมา","P2","yes","หน้า รับซื้อ-ups × นครราชสีมา เป็น Template ท้องถิ่นของบริการรอง มี Unique Value ต่ำ (ส่วนใหญ่รายชื่ออำเภอ + CTA) แต่การ Redirect ทั้งกลุ่มไป Hub อาจตัด long-tail ท้องถิ่น หากธุรกิจยังรับสินค้าประเภทนี้ในพื้นที่จริง — ต้องยืนยัน Demand/นโยบายบริการก่อนเลือก IMPROVE ทั้งจังหวัด หรือ MERGE ไป /บริการ/รับซื้อ-ups","low"
"/รับซื้อ/รับซื้อ-ups-บึงกาฬ","src/content/serviceAreas//รับซื้อ-ups-บึงกาฬ.md","service-x-location","G-SA-รับซื้อ-ups","200-local-build","yes","https://amphon.co.th/รับซื้อ/รับซื้อ-ups-บึงกาฬ","yes","224","0.551","low","local-commercial","/บริการ/รับซื้อ-ups","medium","GSC_NOT_AVAILABLE","EXTERNAL LINK DATA NOT AVAILABLE","2","none_as_destination","uncertain","no","REQUIRES_BUSINESS_DECISION","/บริการ/รับซื้อ-ups หรือ /พื้นที่ให้บริการ/บึงกาฬ","P2","yes","หน้า รับซื้อ-ups × บึงกาฬ เป็น Template ท้องถิ่นของบริการรอง มี Unique Value ต่ำ (ส่วนใหญ่รายชื่ออำเภอ + CTA) แต่การ Redirect ทั้งกลุ่มไป Hub อาจตัด long-tail ท้องถิ่น หากธุรกิจยังรับสินค้าประเภทนี้ในพื้นที่จริง — ต้องยืนยัน Demand/นโยบายบริการก่อนเลือก IMPROVE ทั้งจังหวัด หรือ MERGE ไป /บริการ/รับซื้อ-ups","low"
"/รับซื้อ/รับซื้อ-ups-บุรีรัมย์","src/content/serviceAreas//รับซื้อ-ups-บุรีรัมย์.md","service-x-location","G-SA-รับซื้อ-ups","200-local-build","yes","https://amphon.co.th/รับซื้อ/รับซื้อ-ups-บุรีรัมย์","yes","224","0.528","low","local-commercial","/บริการ/รับซื้อ-ups","medium","GSC_NOT_AVAILABLE","EXTERNAL LINK DATA NOT AVAILABLE","2","none_as_destination","uncertain","no","REQUIRES_BUSINESS_DECISION","/บริการ/รับซื้อ-ups หรือ /พื้นที่ให้บริการ/บุรีรัมย์","P2","yes","หน้า รับซื้อ-ups × บุรีรัมย์ เป็น Template ท้องถิ่นของบริการรอง มี Unique Value ต่ำ (ส่วนใหญ่รายชื่ออำเภอ + CTA) แต่การ Redirect ทั้งกลุ่มไป Hub อาจตัด long-tail ท้องถิ่น หากธุรกิจยังรับสินค้าประเภทนี้ในพื้นที่จริง — ต้องยืนยัน Demand/นโยบายบริการก่อนเลือก IMPROVE ทั้งจังหวัด หรือ MERGE ไป /บริการ/รับซื้อ-ups","low"
"/รับซื้อ/รับซื้อ-ups-มหาสารคาม","src/content/serviceAreas//รับซื้อ-ups-มหาสารคาม.md","service-x-location","G-SA-รับซื้อ-ups","200-local-build","yes","https://amphon.co.th/รับซื้อ/รับซื้อ-ups-มหาสารคาม","yes","221","0.521","low","local-commercial","/บริการ/รับซื้อ-ups","medium","GSC_NOT_AVAILABLE","EXTERNAL LINK DATA NOT AVAILABLE","2","none_as_destination","uncertain","no","REQUIRES_BUSINESS_DECISION","/บริการ/รับซื้อ-ups หรือ /พื้นที่ให้บริการ/มหาสารคาม","P2","yes","หน้า รับซื้อ-ups × มหาสารคาม เป็น Template ท้องถิ่นของบริการรอง มี Unique Value ต่ำ (ส่วนใหญ่รายชื่ออำเภอ + CTA) แต่การ Redirect ทั้งกลุ่มไป Hub อาจตัด long-tail ท้องถิ่น หากธุรกิจยังรับสินค้าประเภทนี้ในพื้นที่จริง — ต้องยืนยัน Demand/นโยบายบริการก่อนเลือก IMPROVE ทั้งจังหวัด หรือ MERGE ไป /บริการ/รับซื้อ-ups","low"
"/รับซื้อ/รับซื้อ-ups-มุกดาหาร","src/content/serviceAreas//รับซื้อ-ups-มุกดาหาร.md","service-x-location","G-SA-รับซื้อ-ups","200-local-build","yes","https://amphon.co.th/รับซื้อ/รับซื้อ-ups-มุกดาหาร","yes","224","0.521","low","local-commercial","/บริการ/รับซื้อ-ups","medium","GSC_NOT_AVAILABLE","EXTERNAL LINK DATA NOT AVAILABLE","2","none_as_destination","uncertain","no","REQUIRES_BUSINESS_DECISION","/บริการ/รับซื้อ-ups หรือ /พื้นที่ให้บริการ/มุกดาหาร","P2","yes","หน้า รับซื้อ-ups × มุกดาหาร เป็น Template ท้องถิ่นของบริการรอง มี Unique Value ต่ำ (ส่วนใหญ่รายชื่ออำเภอ + CTA) แต่การ Redirect ทั้งกลุ่มไป Hub อาจตัด long-tail ท้องถิ่น หากธุรกิจยังรับสินค้าประเภทนี้ในพื้นที่จริง — ต้องยืนยัน Demand/นโยบายบริการก่อนเลือก IMPROVE ทั้งจังหวัด หรือ MERGE ไป /บริการ/รับซื้อ-ups","low"
"/รับซื้อ/รับซื้อ-ups-ยโสธร","src/content/serviceAreas//รับซื้อ-ups-ยโสธร.md","service-x-location","G-SA-รับซื้อ-ups","200-local-build","yes","https://amphon.co.th/รับซื้อ/รับซื้อ-ups-ยโสธร","yes","221","0.536","low","local-commercial","/บริการ/รับซื้อ-ups","medium","GSC_NOT_AVAILABLE","EXTERNAL LINK DATA NOT AVAILABLE","2","none_as_destination","uncertain","no","REQUIRES_BUSINESS_DECISION","/บริการ/รับซื้อ-ups หรือ /พื้นที่ให้บริการ/ยโสธร","P2","yes","หน้า รับซื้อ-ups × ยโสธร เป็น Template ท้องถิ่นของบริการรอง มี Unique Value ต่ำ (ส่วนใหญ่รายชื่ออำเภอ + CTA) แต่การ Redirect ทั้งกลุ่มไป Hub อาจตัด long-tail ท้องถิ่น หากธุรกิจยังรับสินค้าประเภทนี้ในพื้นที่จริง — ต้องยืนยัน Demand/นโยบายบริการก่อนเลือก IMPROVE ทั้งจังหวัด หรือ MERGE ไป /บริการ/รับซื้อ-ups","low"
"/รับซื้อ/รับซื้อ-ups-ร้อยเอ็ด","src/content/serviceAreas//รับซื้อ-ups-ร้อยเอ็ด.md","service-x-location","G-SA-รับซื้อ-ups","200-local-build","yes","https://amphon.co.th/รับซื้อ/รับซื้อ-ups-ร้อยเอ็ด","yes","224","0.521","low","local-commercial","/บริการ/รับซื้อ-ups","medium","GSC_NOT_AVAILABLE","EXTERNAL LINK DATA NOT AVAILABLE","2","none_as_destination","uncertain","no","REQUIRES_BUSINESS_DECISION","/บริการ/รับซื้อ-ups หรือ /พื้นที่ให้บริการ/ร้อยเอ็ด","P2","yes","หน้า รับซื้อ-ups × ร้อยเอ็ด เป็น Template ท้องถิ่นของบริการรอง มี Unique Value ต่ำ (ส่วนใหญ่รายชื่ออำเภอ + CTA) แต่การ Redirect ทั้งกลุ่มไป Hub อาจตัด long-tail ท้องถิ่น หากธุรกิจยังรับสินค้าประเภทนี้ในพื้นที่จริง — ต้องยืนยัน Demand/นโยบายบริการก่อนเลือก IMPROVE ทั้งจังหวัด หรือ MERGE ไป /บริการ/รับซื้อ-ups","low"
"/รับซื้อ/รับซื้อ-ups-เลย","src/content/serviceAreas//รับซื้อ-ups-เลย.md","service-x-location","G-SA-รับซื้อ-ups","200-local-build","yes","https://amphon.co.th/รับซื้อ/รับซื้อ-ups-เลย","yes","221","0.562","low","local-commercial","/บริการ/รับซื้อ-ups","medium","GSC_NOT_AVAILABLE","EXTERNAL LINK DATA NOT AVAILABLE","2","none_as_destination","uncertain","no","REQUIRES_BUSINESS_DECISION","/บริการ/รับซื้อ-ups หรือ /พื้นที่ให้บริการ/เลย","P2","yes","หน้า รับซื้อ-ups × เลย เป็น Template ท้องถิ่นของบริการรอง มี Unique Value ต่ำ (ส่วนใหญ่รายชื่ออำเภอ + CTA) แต่การ Redirect ทั้งกลุ่มไป Hub อาจตัด long-tail ท้องถิ่น หากธุรกิจยังรับสินค้าประเภทนี้ในพื้นที่จริง — ต้องยืนยัน Demand/นโยบายบริการก่อนเลือก IMPROVE ทั้งจังหวัด หรือ MERGE ไป /บริการ/รับซื้อ-ups","low"
"/รับซื้อ/รับซื้อ-ups-ศรีสะเกษ","src/content/serviceAreas//รับซื้อ-ups-ศรีสะเกษ.md","service-x-location","G-SA-รับซื้อ-ups","200-local-build","yes","https://amphon.co.th/รับซื้อ/รับซื้อ-ups-ศรีสะเกษ","yes","227","0.521","low","local-commercial","/บริการ/รับซื้อ-ups","medium","GSC_NOT_AVAILABLE","EXTERNAL LINK DATA NOT AVAILABLE","2","none_as_destination","uncertain","no","REQUIRES_BUSINESS_DECISION","/บริการ/รับซื้อ-ups หรือ /พื้นที่ให้บริการ/ศรีสะเกษ","P2","yes","หน้า รับซื้อ-ups × ศรีสะเกษ เป็น Template ท้องถิ่นของบริการรอง มี Unique Value ต่ำ (ส่วนใหญ่รายชื่ออำเภอ + CTA) แต่การ Redirect ทั้งกลุ่มไป Hub อาจตัด long-tail ท้องถิ่น หากธุรกิจยังรับสินค้าประเภทนี้ในพื้นที่จริง — ต้องยืนยัน Demand/นโยบายบริการก่อนเลือก IMPROVE ทั้งจังหวัด หรือ MERGE ไป /บริการ/รับซื้อ-ups","low"
"/รับซื้อ/รับซื้อ-ups-สกลนคร","src/content/serviceAreas//รับซื้อ-ups-สกลนคร.md","service-x-location","G-SA-รับซื้อ-ups","200-local-build","yes","https://amphon.co.th/รับซื้อ/รับซื้อ-ups-สกลนคร","yes","221","0.536","low","local-commercial","/บริการ/รับซื้อ-ups","medium","GSC_NOT_AVAILABLE","EXTERNAL LINK DATA NOT AVAILABLE","2","none_as_destination","uncertain","no","REQUIRES_BUSINESS_DECISION","/บริการ/รับซื้อ-ups หรือ /พื้นที่ให้บริการ/สกลนคร","P2","yes","หน้า รับซื้อ-ups × สกลนคร เป็น Template ท้องถิ่นของบริการรอง มี Unique Value ต่ำ (ส่วนใหญ่รายชื่ออำเภอ + CTA) แต่การ Redirect ทั้งกลุ่มไป Hub อาจตัด long-tail ท้องถิ่น หากธุรกิจยังรับสินค้าประเภทนี้ในพื้นที่จริง — ต้องยืนยัน Demand/นโยบายบริการก่อนเลือก IMPROVE ทั้งจังหวัด หรือ MERGE ไป /บริการ/รับซื้อ-ups","low"
"/รับซื้อ/รับซื้อ-ups-สุรินทร์","src/content/serviceAreas//รับซื้อ-ups-สุรินทร์.md","service-x-location","G-SA-รับซื้อ-ups","200-local-build","yes","https://amphon.co.th/รับซื้อ/รับซื้อ-ups-สุรินทร์","yes","224","0.532","low","local-commercial","/บริการ/รับซื้อ-ups","medium","GSC_NOT_AVAILABLE","EXTERNAL LINK DATA NOT AVAILABLE","2","none_as_destination","uncertain","no","REQUIRES_BUSINESS_DECISION","/บริการ/รับซื้อ-ups หรือ /พื้นที่ให้บริการ/สุรินทร์","P2","yes","หน้า รับซื้อ-ups × สุรินทร์ เป็น Template ท้องถิ่นของบริการรอง มี Unique Value ต่ำ (ส่วนใหญ่รายชื่ออำเภอ + CTA) แต่การ Redirect ทั้งกลุ่มไป Hub อาจตัด long-tail ท้องถิ่น หากธุรกิจยังรับสินค้าประเภทนี้ในพื้นที่จริง — ต้องยืนยัน Demand/นโยบายบริการก่อนเลือก IMPROVE ทั้งจังหวัด หรือ MERGE ไป /บริการ/รับซื้อ-ups","low"
"/รับซื้อ/รับซื้อ-ups-หนองคาย","src/content/serviceAreas//รับซื้อ-ups-หนองคาย.md","service-x-location","G-SA-รับซื้อ-ups","200-local-build","yes","https://amphon.co.th/รับซื้อ/รับซื้อ-ups-หนองคาย","yes","221","0.567","low","local-commercial","/บริการ/รับซื้อ-ups","medium","GSC_NOT_AVAILABLE","EXTERNAL LINK DATA NOT AVAILABLE","2","none_as_destination","uncertain","no","REQUIRES_BUSINESS_DECISION","/บริการ/รับซื้อ-ups หรือ /พื้นที่ให้บริการ/หนองคาย","P2","yes","หน้า รับซื้อ-ups × หนองคาย เป็น Template ท้องถิ่นของบริการรอง มี Unique Value ต่ำ (ส่วนใหญ่รายชื่ออำเภอ + CTA) แต่การ Redirect ทั้งกลุ่มไป Hub อาจตัด long-tail ท้องถิ่น หากธุรกิจยังรับสินค้าประเภทนี้ในพื้นที่จริง — ต้องยืนยัน Demand/นโยบายบริการก่อนเลือก IMPROVE ทั้งจังหวัด หรือ MERGE ไป /บริการ/รับซื้อ-ups","low"
"/รับซื้อ/รับซื้อ-ups-หนองบัวลำภู","src/content/serviceAreas//รับซื้อ-ups-หนองบัวลำภู.md","service-x-location","G-SA-รับซื้อ-ups","200-local-build","yes","https://amphon.co.th/รับซื้อ/รับซื้อ-ups-หนองบัวลำภู","yes","227","0.504","low","local-commercial","/บริการ/รับซื้อ-ups","medium","GSC_NOT_AVAILABLE","EXTERNAL LINK DATA NOT AVAILABLE","2","none_as_destination","uncertain","no","REQUIRES_BUSINESS_DECISION","/บริการ/รับซื้อ-ups หรือ /พื้นที่ให้บริการ/หนองบัวลำภู","P2","yes","หน้า รับซื้อ-ups × หนองบัวลำภู เป็น Template ท้องถิ่นของบริการรอง มี Unique Value ต่ำ (ส่วนใหญ่รายชื่ออำเภอ + CTA) แต่การ Redirect ทั้งกลุ่มไป Hub อาจตัด long-tail ท้องถิ่น หากธุรกิจยังรับสินค้าประเภทนี้ในพื้นที่จริง — ต้องยืนยัน Demand/นโยบายบริการก่อนเลือก IMPROVE ทั้งจังหวัด หรือ MERGE ไป /บริการ/รับซื้อ-ups","low"
"/รับซื้อ/รับซื้อ-ups-อำนาจเจริญ","src/content/serviceAreas//รับซื้อ-ups-อำนาจเจริญ.md","service-x-location","G-SA-รับซื้อ-ups","200-local-build","yes","https://amphon.co.th/รับซื้อ/รับซื้อ-ups-อำนาจเจริญ","yes","221","0.536","low","local-commercial","/บริการ/รับซื้อ-ups","medium","GSC_NOT_AVAILABLE","EXTERNAL LINK DATA NOT AVAILABLE","2","none_as_destination","uncertain","no","REQUIRES_BUSINESS_DECISION","/บริการ/รับซื้อ-ups หรือ /พื้นที่ให้บริการ/อำนาจเจริญ","P2","yes","หน้า รับซื้อ-ups × อำนาจเจริญ เป็น Template ท้องถิ่นของบริการรอง มี Unique Value ต่ำ (ส่วนใหญ่รายชื่ออำเภอ + CTA) แต่การ Redirect ทั้งกลุ่มไป Hub อาจตัด long-tail ท้องถิ่น หากธุรกิจยังรับสินค้าประเภทนี้ในพื้นที่จริง — ต้องยืนยัน Demand/นโยบายบริการก่อนเลือก IMPROVE ทั้งจังหวัด หรือ MERGE ไป /บริการ/รับซื้อ-ups","low"
"/รับซื้อ/รับซื้อ-ups-อุดรธานี","src/content/serviceAreas//รับซื้อ-ups-อุดรธานี.md","service-x-location","G-SA-รับซื้อ-ups","200-local-build","yes","https://amphon.co.th/รับซื้อ/รับซื้อ-ups-อุดรธานี","yes","224","0.514","low","local-commercial","/บริการ/รับซื้อ-ups","medium","GSC_NOT_AVAILABLE","EXTERNAL LINK DATA NOT AVAILABLE","2","none_as_destination","uncertain","no","REQUIRES_BUSINESS_DECISION","/บริการ/รับซื้อ-ups หรือ /พื้นที่ให้บริการ/อุดรธานี","P2","yes","หน้า รับซื้อ-ups × อุดรธานี เป็น Template ท้องถิ่นของบริการรอง มี Unique Value ต่ำ (ส่วนใหญ่รายชื่ออำเภอ + CTA) แต่การ Redirect ทั้งกลุ่มไป Hub อาจตัด long-tail ท้องถิ่น หากธุรกิจยังรับสินค้าประเภทนี้ในพื้นที่จริง — ต้องยืนยัน Demand/นโยบายบริการก่อนเลือก IMPROVE ทั้งจังหวัด หรือ MERGE ไป /บริการ/รับซื้อ-ups","low"
"/รับซื้อ/รับซื้อ-ups-อุบลราชธานี","src/content/serviceAreas//รับซื้อ-ups-อุบลราชธานี.md","service-x-location","G-SA-รับซื้อ-ups","200-local-build","yes","https://amphon.co.th/รับซื้อ/รับซื้อ-ups-อุบลราชธานี","yes","224","0.504","partial","local-commercial","/บริการ/รับซื้อ-ups","medium","GSC_NOT_AVAILABLE","EXTERNAL LINK DATA NOT AVAILABLE","2","none_as_destination","higher-store-province","no","IMPROVE","","P1","yes","หน้า รับซื้อ-ups × อุบลราชธานี อยู่จังหวัดที่มีหน้าร้านจริง จึงมีโอกาสเพิ่ม Unique Value (จุดรับของ เส้นทาง อำเภอที่นัดรับบ่อย) ได้โดยไม่สร้างสาขาปลอม ปัจจุบันยังเป็น Template สลับชื่อจังหวัด/สินค้าเป็นหลัก (template_ratio≈0.504) — แนะนำ IMPROVE ก่อนพิจารณา Merge","medium"
"/รับซื้อ/รับเหมาประมูลอุปกรณ์ไอที-กาฬสินธุ์","src/content/serviceAreas//รับเหมาประมูลอุปกรณ์ไอที-กาฬสินธุ์.md","service-x-location","G-SA-OTHER","200-local-build","yes","https://amphon.co.th/รับซื้อ/รับเหมาประมูลอุปกรณ์ไอที-กาฬสินธุ์","yes","232","0.536","low","local-commercial","/บริการ/รับเหมาประมูลอุปกรณ์ไอที","low","GSC_NOT_AVAILABLE","EXTERNAL LINK DATA NOT AVAILABLE","2","none_as_destination","medium","no","REQUIRES_BUSINESS_DECISION","/บริการ/รับเหมาประมูลอุปกรณ์ไอที หรือ /พื้นที่ให้บริการ/กาฬสินธุ์","P1","yes","หน้าประมูล/รับเหมา × กาฬสินธุ์ อยู่ในรายการ thin ของ Audit แต่เป็น Intent องค์กร/ยกล็อตที่อาจมีมูลค่าธุรกิจสูงกว่าหมวดรองทั่วไป — ห้าม MERGE/REDIRECT ทั้งกลุ่มจนกว่าธุรกิจยืนยันว่ายังรับงานประเภทนี้รายจังหวัด และมี GSC/ดีมานด์ประกอบ","low"
"/รับซื้อ/รับเหมาประมูลอุปกรณ์ไอที-ขอนแก่น","src/content/serviceAreas//รับเหมาประมูลอุปกรณ์ไอที-ขอนแก่น.md","service-x-location","G-SA-OTHER","200-local-build","yes","https://amphon.co.th/รับซื้อ/รับเหมาประมูลอุปกรณ์ไอที-ขอนแก่น","yes","226","0.507","low","local-commercial","/บริการ/รับเหมาประมูลอุปกรณ์ไอที","low","GSC_NOT_AVAILABLE","EXTERNAL LINK DATA NOT AVAILABLE","2","none_as_destination","medium","no","REQUIRES_BUSINESS_DECISION","/บริการ/รับเหมาประมูลอุปกรณ์ไอที หรือ /พื้นที่ให้บริการ/ขอนแก่น","P1","yes","หน้าประมูล/รับเหมา × ขอนแก่น อยู่ในรายการ thin ของ Audit แต่เป็น Intent องค์กร/ยกล็อตที่อาจมีมูลค่าธุรกิจสูงกว่าหมวดรองทั่วไป — ห้าม MERGE/REDIRECT ทั้งกลุ่มจนกว่าธุรกิจยืนยันว่ายังรับงานประเภทนี้รายจังหวัด และมี GSC/ดีมานด์ประกอบ","low"
"/รับซื้อ/รับเหมาประมูลอุปกรณ์ไอที-ชัยภูมิ","src/content/serviceAreas//รับเหมาประมูลอุปกรณ์ไอที-ชัยภูมิ.md","service-x-location","G-SA-OTHER","200-local-build","yes","https://amphon.co.th/รับซื้อ/รับเหมาประมูลอุปกรณ์ไอที-ชัยภูมิ","yes","229","0.521","low","local-commercial","/บริการ/รับเหมาประมูลอุปกรณ์ไอที","low","GSC_NOT_AVAILABLE","EXTERNAL LINK DATA NOT AVAILABLE","2","none_as_destination","medium","no","REQUIRES_BUSINESS_DECISION","/บริการ/รับเหมาประมูลอุปกรณ์ไอที หรือ /พื้นที่ให้บริการ/ชัยภูมิ","P1","yes","หน้าประมูล/รับเหมา × ชัยภูมิ อยู่ในรายการ thin ของ Audit แต่เป็น Intent องค์กร/ยกล็อตที่อาจมีมูลค่าธุรกิจสูงกว่าหมวดรองทั่วไป — ห้าม MERGE/REDIRECT ทั้งกลุ่มจนกว่าธุรกิจยืนยันว่ายังรับงานประเภทนี้รายจังหวัด และมี GSC/ดีมานด์ประกอบ","low"
"/รับซื้อ/รับเหมาประมูลอุปกรณ์ไอที-นครพนม","src/content/serviceAreas//รับเหมาประมูลอุปกรณ์ไอที-นครพนม.md","service-x-location","G-SA-OTHER","200-local-build","yes","https://amphon.co.th/รับซื้อ/รับเหมาประมูลอุปกรณ์ไอที-นครพนม","yes","226","0.531","low","local-commercial","/บริการ/รับเหมาประมูลอุปกรณ์ไอที","low","GSC_NOT_AVAILABLE","EXTERNAL LINK DATA NOT AVAILABLE","2","none_as_destination","medium","no","REQUIRES_BUSINESS_DECISION","/บริการ/รับเหมาประมูลอุปกรณ์ไอที หรือ /พื้นที่ให้บริการ/นครพนม","P1","yes","หน้าประมูล/รับเหมา × นครพนม อยู่ในรายการ thin ของ Audit แต่เป็น Intent องค์กร/ยกล็อตที่อาจมีมูลค่าธุรกิจสูงกว่าหมวดรองทั่วไป — ห้าม MERGE/REDIRECT ทั้งกลุ่มจนกว่าธุรกิจยืนยันว่ายังรับงานประเภทนี้รายจังหวัด และมี GSC/ดีมานด์ประกอบ","low"
"/รับซื้อ/รับเหมาประมูลอุปกรณ์ไอที-นครราชสีมา","src/content/serviceAreas//รับเหมาประมูลอุปกรณ์ไอที-นครราชสีมา.md","service-x-location","G-SA-OTHER","200-local-build","yes","https://amphon.co.th/รับซื้อ/รับเหมาประมูลอุปกรณ์ไอที-นครราชสีมา","yes","232","0.503","low","local-commercial","/บริการ/รับเหมาประมูลอุปกรณ์ไอที","low","GSC_NOT_AVAILABLE","EXTERNAL LINK DATA NOT AVAILABLE","2","none_as_destination","medium","no","REQUIRES_BUSINESS_DECISION","/บริการ/รับเหมาประมูลอุปกรณ์ไอที หรือ /พื้นที่ให้บริการ/นครราชสีมา","P1","yes","หน้าประมูล/รับเหมา × นครราชสีมา อยู่ในรายการ thin ของ Audit แต่เป็น Intent องค์กร/ยกล็อตที่อาจมีมูลค่าธุรกิจสูงกว่าหมวดรองทั่วไป — ห้าม MERGE/REDIRECT ทั้งกลุ่มจนกว่าธุรกิจยืนยันว่ายังรับงานประเภทนี้รายจังหวัด และมี GSC/ดีมานด์ประกอบ","low"
"/รับซื้อ/รับเหมาประมูลอุปกรณ์ไอที-บึงกาฬ","src/content/serviceAreas//รับเหมาประมูลอุปกรณ์ไอที-บึงกาฬ.md","service-x-location","G-SA-OTHER","200-local-build","yes","https://amphon.co.th/รับซื้อ/รับเหมาประมูลอุปกรณ์ไอที-บึงกาฬ","yes","229","0.531","low","local-commercial","/บริการ/รับเหมาประมูลอุปกรณ์ไอที","low","GSC_NOT_AVAILABLE","EXTERNAL LINK DATA NOT AVAILABLE","2","none_as_destination","medium","no","REQUIRES_BUSINESS_DECISION","/บริการ/รับเหมาประมูลอุปกรณ์ไอที หรือ /พื้นที่ให้บริการ/บึงกาฬ","P1","yes","หน้าประมูล/รับเหมา × บึงกาฬ อยู่ในรายการ thin ของ Audit แต่เป็น Intent องค์กร/ยกล็อตที่อาจมีมูลค่าธุรกิจสูงกว่าหมวดรองทั่วไป — ห้าม MERGE/REDIRECT ทั้งกลุ่มจนกว่าธุรกิจยืนยันว่ายังรับงานประเภทนี้รายจังหวัด และมี GSC/ดีมานด์ประกอบ","low"
"/รับซื้อ/รับเหมาประมูลอุปกรณ์ไอที-บุรีรัมย์","src/content/serviceAreas//รับเหมาประมูลอุปกรณ์ไอที-บุรีรัมย์.md","service-x-location","G-SA-OTHER","200-local-build","yes","https://amphon.co.th/รับซื้อ/รับเหมาประมูลอุปกรณ์ไอที-บุรีรัมย์","yes","229","0.536","low","local-commercial","/บริการ/รับเหมาประมูลอุปกรณ์ไอที","low","GSC_NOT_AVAILABLE","EXTERNAL LINK DATA NOT AVAILABLE","2","none_as_destination","medium","no","REQUIRES_BUSINESS_DECISION","/บริการ/รับเหมาประมูลอุปกรณ์ไอที หรือ /พื้นที่ให้บริการ/บุรีรัมย์","P1","yes","หน้าประมูล/รับเหมา × บุรีรัมย์ อยู่ในรายการ thin ของ Audit แต่เป็น Intent องค์กร/ยกล็อตที่อาจมีมูลค่าธุรกิจสูงกว่าหมวดรองทั่วไป — ห้าม MERGE/REDIRECT ทั้งกลุ่มจนกว่าธุรกิจยืนยันว่ายังรับงานประเภทนี้รายจังหวัด และมี GSC/ดีมานด์ประกอบ","low"
"/รับซื้อ/รับเหมาประมูลอุปกรณ์ไอที-มหาสารคาม","src/content/serviceAreas//รับเหมาประมูลอุปกรณ์ไอที-มหาสารคาม.md","service-x-location","G-SA-OTHER","200-local-build","yes","https://amphon.co.th/รับซื้อ/รับเหมาประมูลอุปกรณ์ไอที-มหาสารคาม","yes","226","0.543","low","local-commercial","/บริการ/รับเหมาประมูลอุปกรณ์ไอที","low","GSC_NOT_AVAILABLE","EXTERNAL LINK DATA NOT AVAILABLE","2","none_as_destination","medium","no","REQUIRES_BUSINESS_DECISION","/บริการ/รับเหมาประมูลอุปกรณ์ไอที หรือ /พื้นที่ให้บริการ/มหาสารคาม","P1","yes","หน้าประมูล/รับเหมา × มหาสารคาม อยู่ในรายการ thin ของ Audit แต่เป็น Intent องค์กร/ยกล็อตที่อาจมีมูลค่าธุรกิจสูงกว่าหมวดรองทั่วไป — ห้าม MERGE/REDIRECT ทั้งกลุ่มจนกว่าธุรกิจยืนยันว่ายังรับงานประเภทนี้รายจังหวัด และมี GSC/ดีมานด์ประกอบ","low"
"/รับซื้อ/รับเหมาประมูลอุปกรณ์ไอที-มุกดาหาร","src/content/serviceAreas//รับเหมาประมูลอุปกรณ์ไอที-มุกดาหาร.md","service-x-location","G-SA-OTHER","200-local-build","yes","https://amphon.co.th/รับซื้อ/รับเหมาประมูลอุปกรณ์ไอที-มุกดาหาร","yes","229","0.535","low","local-commercial","/บริการ/รับเหมาประมูลอุปกรณ์ไอที","low","GSC_NOT_AVAILABLE","EXTERNAL LINK DATA NOT AVAILABLE","2","none_as_destination","medium","no","REQUIRES_BUSINESS_DECISION","/บริการ/รับเหมาประมูลอุปกรณ์ไอที หรือ /พื้นที่ให้บริการ/มุกดาหาร","P1","yes","หน้าประมูล/รับเหมา × มุกดาหาร อยู่ในรายการ thin ของ Audit แต่เป็น Intent องค์กร/ยกล็อตที่อาจมีมูลค่าธุรกิจสูงกว่าหมวดรองทั่วไป — ห้าม MERGE/REDIRECT ทั้งกลุ่มจนกว่าธุรกิจยืนยันว่ายังรับงานประเภทนี้รายจังหวัด และมี GSC/ดีมานด์ประกอบ","low"
"/รับซื้อ/รับเหมาประมูลอุปกรณ์ไอที-ยโสธร","src/content/serviceAreas//รับเหมาประมูลอุปกรณ์ไอที-ยโสธร.md","service-x-location","G-SA-OTHER","200-local-build","yes","https://amphon.co.th/รับซื้อ/รับเหมาประมูลอุปกรณ์ไอที-ยโสธร","yes","226","0.546","low","local-commercial","/บริการ/รับเหมาประมูลอุปกรณ์ไอที","low","GSC_NOT_AVAILABLE","EXTERNAL LINK DATA NOT AVAILABLE","2","none_as_destination","medium","no","REQUIRES_BUSINESS_DECISION","/บริการ/รับเหมาประมูลอุปกรณ์ไอที หรือ /พื้นที่ให้บริการ/ยโสธร","P1","yes","หน้าประมูล/รับเหมา × ยโสธร อยู่ในรายการ thin ของ Audit แต่เป็น Intent องค์กร/ยกล็อตที่อาจมีมูลค่าธุรกิจสูงกว่าหมวดรองทั่วไป — ห้าม MERGE/REDIRECT ทั้งกลุ่มจนกว่าธุรกิจยืนยันว่ายังรับงานประเภทนี้รายจังหวัด และมี GSC/ดีมานด์ประกอบ","low"
"/รับซื้อ/รับเหมาประมูลอุปกรณ์ไอที-ร้อยเอ็ด","src/content/serviceAreas//รับเหมาประมูลอุปกรณ์ไอที-ร้อยเอ็ด.md","service-x-location","G-SA-OTHER","200-local-build","yes","https://amphon.co.th/รับซื้อ/รับเหมาประมูลอุปกรณ์ไอที-ร้อยเอ็ด","yes","229","0.535","low","local-commercial","/บริการ/รับเหมาประมูลอุปกรณ์ไอที","low","GSC_NOT_AVAILABLE","EXTERNAL LINK DATA NOT AVAILABLE","2","none_as_destination","medium","no","REQUIRES_BUSINESS_DECISION","/บริการ/รับเหมาประมูลอุปกรณ์ไอที หรือ /พื้นที่ให้บริการ/ร้อยเอ็ด","P1","yes","หน้าประมูล/รับเหมา × ร้อยเอ็ด อยู่ในรายการ thin ของ Audit แต่เป็น Intent องค์กร/ยกล็อตที่อาจมีมูลค่าธุรกิจสูงกว่าหมวดรองทั่วไป — ห้าม MERGE/REDIRECT ทั้งกลุ่มจนกว่าธุรกิจยืนยันว่ายังรับงานประเภทนี้รายจังหวัด และมี GSC/ดีมานด์ประกอบ","low"
"/รับซื้อ/รับเหมาประมูลอุปกรณ์ไอที-เลย","src/content/serviceAreas//รับเหมาประมูลอุปกรณ์ไอที-เลย.md","service-x-location","G-SA-OTHER","200-local-build","yes","https://amphon.co.th/รับซื้อ/รับเหมาประมูลอุปกรณ์ไอที-เลย","yes","226","0.543","low","local-commercial","/บริการ/รับเหมาประมูลอุปกรณ์ไอที","low","GSC_NOT_AVAILABLE","EXTERNAL LINK DATA NOT AVAILABLE","2","none_as_destination","medium","no","REQUIRES_BUSINESS_DECISION","/บริการ/รับเหมาประมูลอุปกรณ์ไอที หรือ /พื้นที่ให้บริการ/เลย","P1","yes","หน้าประมูล/รับเหมา × เลย อยู่ในรายการ thin ของ Audit แต่เป็น Intent องค์กร/ยกล็อตที่อาจมีมูลค่าธุรกิจสูงกว่าหมวดรองทั่วไป — ห้าม MERGE/REDIRECT ทั้งกลุ่มจนกว่าธุรกิจยืนยันว่ายังรับงานประเภทนี้รายจังหวัด และมี GSC/ดีมานด์ประกอบ","low"
"/รับซื้อ/รับเหมาประมูลอุปกรณ์ไอที-ศรีสะเกษ","src/content/serviceAreas//รับเหมาประมูลอุปกรณ์ไอที-ศรีสะเกษ.md","service-x-location","G-SA-OTHER","200-local-build","yes","https://amphon.co.th/รับซื้อ/รับเหมาประมูลอุปกรณ์ไอที-ศรีสะเกษ","yes","232","0.535","low","local-commercial","/บริการ/รับเหมาประมูลอุปกรณ์ไอที","low","GSC_NOT_AVAILABLE","EXTERNAL LINK DATA NOT AVAILABLE","2","none_as_destination","medium","no","REQUIRES_BUSINESS_DECISION","/บริการ/รับเหมาประมูลอุปกรณ์ไอที หรือ /พื้นที่ให้บริการ/ศรีสะเกษ","P1","yes","หน้าประมูล/รับเหมา × ศรีสะเกษ อยู่ในรายการ thin ของ Audit แต่เป็น Intent องค์กร/ยกล็อตที่อาจมีมูลค่าธุรกิจสูงกว่าหมวดรองทั่วไป — ห้าม MERGE/REDIRECT ทั้งกลุ่มจนกว่าธุรกิจยืนยันว่ายังรับงานประเภทนี้รายจังหวัด และมี GSC/ดีมานด์ประกอบ","low"
"/รับซื้อ/รับเหมาประมูลอุปกรณ์ไอที-สกลนคร","src/content/serviceAreas//รับเหมาประมูลอุปกรณ์ไอที-สกลนคร.md","service-x-location","G-SA-OTHER","200-local-build","yes","https://amphon.co.th/รับซื้อ/รับเหมาประมูลอุปกรณ์ไอที-สกลนคร","yes","226","0.531","low","local-commercial","/บริการ/รับเหมาประมูลอุปกรณ์ไอที","low","GSC_NOT_AVAILABLE","EXTERNAL LINK DATA NOT AVAILABLE","2","none_as_destination","medium","no","REQUIRES_BUSINESS_DECISION","/บริการ/รับเหมาประมูลอุปกรณ์ไอที หรือ /พื้นที่ให้บริการ/สกลนคร","P1","yes","หน้าประมูล/รับเหมา × สกลนคร อยู่ในรายการ thin ของ Audit แต่เป็น Intent องค์กร/ยกล็อตที่อาจมีมูลค่าธุรกิจสูงกว่าหมวดรองทั่วไป — ห้าม MERGE/REDIRECT ทั้งกลุ่มจนกว่าธุรกิจยืนยันว่ายังรับงานประเภทนี้รายจังหวัด และมี GSC/ดีมานด์ประกอบ","low"
"/รับซื้อ/รับเหมาประมูลอุปกรณ์ไอที-สุรินทร์","src/content/serviceAreas//รับเหมาประมูลอุปกรณ์ไอที-สุรินทร์.md","service-x-location","G-SA-OTHER","200-local-build","yes","https://amphon.co.th/รับซื้อ/รับเหมาประมูลอุปกรณ์ไอที-สุรินทร์","yes","229","0.54","low","local-commercial","/บริการ/รับเหมาประมูลอุปกรณ์ไอที","low","GSC_NOT_AVAILABLE","EXTERNAL LINK DATA NOT AVAILABLE","2","none_as_destination","medium","no","REQUIRES_BUSINESS_DECISION","/บริการ/รับเหมาประมูลอุปกรณ์ไอที หรือ /พื้นที่ให้บริการ/สุรินทร์","P1","yes","หน้าประมูล/รับเหมา × สุรินทร์ อยู่ในรายการ thin ของ Audit แต่เป็น Intent องค์กร/ยกล็อตที่อาจมีมูลค่าธุรกิจสูงกว่าหมวดรองทั่วไป — ห้าม MERGE/REDIRECT ทั้งกลุ่มจนกว่าธุรกิจยืนยันว่ายังรับงานประเภทนี้รายจังหวัด และมี GSC/ดีมานด์ประกอบ","low"
"/รับซื้อ/รับเหมาประมูลอุปกรณ์ไอที-หนองคาย","src/content/serviceAreas//รับเหมาประมูลอุปกรณ์ไอที-หนองคาย.md","service-x-location","G-SA-OTHER","200-local-build","yes","https://amphon.co.th/รับซื้อ/รับเหมาประมูลอุปกรณ์ไอที-หนองคาย","yes","226","0.521","low","local-commercial","/บริการ/รับเหมาประมูลอุปกรณ์ไอที","low","GSC_NOT_AVAILABLE","EXTERNAL LINK DATA NOT AVAILABLE","2","none_as_destination","medium","no","REQUIRES_BUSINESS_DECISION","/บริการ/รับเหมาประมูลอุปกรณ์ไอที หรือ /พื้นที่ให้บริการ/หนองคาย","P1","yes","หน้าประมูล/รับเหมา × หนองคาย อยู่ในรายการ thin ของ Audit แต่เป็น Intent องค์กร/ยกล็อตที่อาจมีมูลค่าธุรกิจสูงกว่าหมวดรองทั่วไป — ห้าม MERGE/REDIRECT ทั้งกลุ่มจนกว่าธุรกิจยืนยันว่ายังรับงานประเภทนี้รายจังหวัด และมี GSC/ดีมานด์ประกอบ","low"
"/รับซื้อ/รับเหมาประมูลอุปกรณ์ไอที-หนองบัวลำภู","src/content/serviceAreas//รับเหมาประมูลอุปกรณ์ไอที-หนองบัวลำภู.md","service-x-location","G-SA-OTHER","200-local-build","yes","https://amphon.co.th/รับซื้อ/รับเหมาประมูลอุปกรณ์ไอที-หนองบัวลำภู","yes","232","0.545","low","local-commercial","/บริการ/รับเหมาประมูลอุปกรณ์ไอที","low","GSC_NOT_AVAILABLE","EXTERNAL LINK DATA NOT AVAILABLE","2","none_as_destination","medium","no","REQUIRES_BUSINESS_DECISION","/บริการ/รับเหมาประมูลอุปกรณ์ไอที หรือ /พื้นที่ให้บริการ/หนองบัวลำภู","P1","yes","หน้าประมูล/รับเหมา × หนองบัวลำภู อยู่ในรายการ thin ของ Audit แต่เป็น Intent องค์กร/ยกล็อตที่อาจมีมูลค่าธุรกิจสูงกว่าหมวดรองทั่วไป — ห้าม MERGE/REDIRECT ทั้งกลุ่มจนกว่าธุรกิจยืนยันว่ายังรับงานประเภทนี้รายจังหวัด และมี GSC/ดีมานด์ประกอบ","low"
"/รับซื้อ/รับเหมาประมูลอุปกรณ์ไอที-อำนาจเจริญ","src/content/serviceAreas//รับเหมาประมูลอุปกรณ์ไอที-อำนาจเจริญ.md","service-x-location","G-SA-OTHER","200-local-build","yes","https://amphon.co.th/รับซื้อ/รับเหมาประมูลอุปกรณ์ไอที-อำนาจเจริญ","yes","226","0.507","low","local-commercial","/บริการ/รับเหมาประมูลอุปกรณ์ไอที","low","GSC_NOT_AVAILABLE","EXTERNAL LINK DATA NOT AVAILABLE","2","none_as_destination","medium","no","REQUIRES_BUSINESS_DECISION","/บริการ/รับเหมาประมูลอุปกรณ์ไอที หรือ /พื้นที่ให้บริการ/อำนาจเจริญ","P1","yes","หน้าประมูล/รับเหมา × อำนาจเจริญ อยู่ในรายการ thin ของ Audit แต่เป็น Intent องค์กร/ยกล็อตที่อาจมีมูลค่าธุรกิจสูงกว่าหมวดรองทั่วไป — ห้าม MERGE/REDIRECT ทั้งกลุ่มจนกว่าธุรกิจยืนยันว่ายังรับงานประเภทนี้รายจังหวัด และมี GSC/ดีมานด์ประกอบ","low"
"/รับซื้อ/รับเหมาประมูลอุปกรณ์ไอที-อุดรธานี","src/content/serviceAreas//รับเหมาประมูลอุปกรณ์ไอที-อุดรธานี.md","service-x-location","G-SA-OTHER","200-local-build","yes","https://amphon.co.th/รับซื้อ/รับเหมาประมูลอุปกรณ์ไอที-อุดรธานี","yes","229","0.528","low","local-commercial","/บริการ/รับเหมาประมูลอุปกรณ์ไอที","low","GSC_NOT_AVAILABLE","EXTERNAL LINK DATA NOT AVAILABLE","2","none_as_destination","medium","no","REQUIRES_BUSINESS_DECISION","/บริการ/รับเหมาประมูลอุปกรณ์ไอที หรือ /พื้นที่ให้บริการ/อุดรธานี","P1","yes","หน้าประมูล/รับเหมา × อุดรธานี อยู่ในรายการ thin ของ Audit แต่เป็น Intent องค์กร/ยกล็อตที่อาจมีมูลค่าธุรกิจสูงกว่าหมวดรองทั่วไป — ห้าม MERGE/REDIRECT ทั้งกลุ่มจนกว่าธุรกิจยืนยันว่ายังรับงานประเภทนี้รายจังหวัด และมี GSC/ดีมานด์ประกอบ","low"
"/รับซื้อ/รับเหมาประมูลอุปกรณ์ไอที-อุบลราชธานี","src/content/serviceAreas//รับเหมาประมูลอุปกรณ์ไอที-อุบลราชธานี.md","service-x-location","G-SA-OTHER","200-local-build","yes","https://amphon.co.th/รับซื้อ/รับเหมาประมูลอุปกรณ์ไอที-อุบลราชธานี","yes","229","0.545","partial","local-commercial","/บริการ/รับเหมาประมูลอุปกรณ์ไอที","low","GSC_NOT_AVAILABLE","EXTERNAL LINK DATA NOT AVAILABLE","2","none_as_destination","higher-store-province","no","REQUIRES_BUSINESS_DECISION","/บริการ/รับเหมาประมูลอุปกรณ์ไอที หรือ /พื้นที่ให้บริการ/อุบลราชธานี","P1","yes","หน้าประมูล/รับเหมา × อุบลราชธานี อยู่ในรายการ thin ของ Audit แต่เป็น Intent องค์กร/ยกล็อตที่อาจมีมูลค่าธุรกิจสูงกว่าหมวดรองทั่วไป — ห้าม MERGE/REDIRECT ทั้งกลุ่มจนกว่าธุรกิจยืนยันว่ายังรับงานประเภทนี้รายจังหวัด และมี GSC/ดีมานด์ประกอบ","low"
"/blog/ขาย-iphone-มือสอง-ต้องเตรียมอะไรบ้าง","src/content/blog/ขาย-iphone-มือสอง-ต้องเตรียมอะไรบ้าง.md","blog-article","G-BLOG-THIN","200-local-build","yes","https://amphon.co.th/blog/ขาย-iphone-มือสอง-ต้องเตรียมอะไรบ้าง","yes","211","0.115","partial","informational","","low","GSC_NOT_AVAILABLE","EXTERNAL LINK DATA NOT AVAILABLE","3","none_as_destination","medium","no","IMPROVE","","P2","no","บทความ informational มี Intent แยกจากหน้าบริการ แต่เนื้อหาสั้นและ boilerplate สูง (~211 คำที่มองเห็น) ควรขยายขั้นตอน/ข้อควรตรวจเฉพาะหัวข้อโดยไม่สร้าง claim เกินจริง ไม่แนะนำ Redirect เพราะ Intent ไม่ตรง Hub","medium"
"/blog/คอมบริษัทเก่า-ขายยังไง","src/content/blog/คอมบริษัทเก่า-ขายยังไง.md","blog-article","G-BLOG-THIN","200-local-build","yes","https://amphon.co.th/blog/คอมบริษัทเก่า-ขายยังไง","yes","182","0.155","partial","informational","","low","GSC_NOT_AVAILABLE","EXTERNAL LINK DATA NOT AVAILABLE","1","none_as_destination","medium","no","IMPROVE","","P2","no","บทความ informational มี Intent แยกจากหน้าบริการ แต่เนื้อหาสั้นและ boilerplate สูง (~182 คำที่มองเห็น) ควรขยายขั้นตอน/ข้อควรตรวจเฉพาะหัวข้อโดยไม่สร้าง claim เกินจริง ไม่แนะนำ Redirect เพราะ Intent ไม่ตรง Hub","medium"
"/blog/โน๊ตบุ๊คเสีย-ขายได้ไหม","src/content/blog/โน๊ตบุ๊คเสีย-ขายได้ไหม.md","blog-article","G-BLOG-THIN","200-local-build","yes","https://amphon.co.th/blog/โน๊ตบุ๊คเสีย-ขายได้ไหม","yes","186","0.149","partial","informational","","low","GSC_NOT_AVAILABLE","EXTERNAL LINK DATA NOT AVAILABLE","2","none_as_destination","medium","no","IMPROVE","","P2","no","บทความ informational มี Intent แยกจากหน้าบริการ แต่เนื้อหาสั้นและ boilerplate สูง (~186 คำที่มองเห็น) ควรขยายขั้นตอน/ข้อควรตรวจเฉพาะหัวข้อโดยไม่สร้าง claim เกินจริง ไม่แนะนำ Redirect เพราะ Intent ไม่ตรง Hub","medium"
"/blog/รับซื้อสินค้าไอทีถึงที่-ปลอดภัยไหม","src/content/blog/รับซื้อสินค้าไอทีถึงที่-ปลอดภัยไหม.md","blog-article","G-BLOG-THIN","200-local-build","yes","https://amphon.co.th/blog/รับซื้อสินค้าไอทีถึงที่-ปลอดภัยไหม","yes","202","0.139","partial","informational","","low","GSC_NOT_AVAILABLE","EXTERNAL LINK DATA NOT AVAILABLE","1","none_as_destination","medium","no","IMPROVE","","P2","no","บทความ informational มี Intent แยกจากหน้าบริการ แต่เนื้อหาสั้นและ boilerplate สูง (~202 คำที่มองเห็น) ควรขยายขั้นตอน/ข้อควรตรวจเฉพาะหัวข้อโดยไม่สร้าง claim เกินจริง ไม่แนะนำ Redirect เพราะ Intent ไม่ตรง Hub","medium"
"/blog/วิธีเช็กราคาก่อนขายโน๊ตบุ๊คมือสอง","src/content/blog/วิธีเช็กราคาก่อนขายโน๊ตบุ๊คมือสอง.md","blog-article","G-BLOG-THIN","200-local-build","yes","https://amphon.co.th/blog/วิธีเช็กราคาก่อนขายโน๊ตบุ๊คมือสอง","yes","257","0.109","partial","informational","","low","GSC_NOT_AVAILABLE","EXTERNAL LINK DATA NOT AVAILABLE","2","none_as_destination","medium","no","IMPROVE","","P2","no","บทความ informational มี Intent แยกจากหน้าบริการ แต่เนื้อหาสั้นและ boilerplate สูง (~257 คำที่มองเห็น) ควรขยายขั้นตอน/ข้อควรตรวจเฉพาะหัวข้อโดยไม่สร้าง claim เกินจริง ไม่แนะนำ Redirect เพราะ Intent ไม่ตรง Hub","medium"
"/blog/วิธีเตรียมเครื่องก่อนขายสินค้าไอที","src/content/blog/วิธีเตรียมเครื่องก่อนขายสินค้าไอที.md","blog-article","G-BLOG-THIN","200-local-build","yes","https://amphon.co.th/blog/วิธีเตรียมเครื่องก่อนขายสินค้าไอที","yes","184","0.135","partial","informational","","low","GSC_NOT_AVAILABLE","EXTERNAL LINK DATA NOT AVAILABLE","3","none_as_destination","medium","no","IMPROVE","","P2","no","บทความ informational มี Intent แยกจากหน้าบริการ แต่เนื้อหาสั้นและ boilerplate สูง (~184 คำที่มองเห็น) ควรขยายขั้นตอน/ข้อควรตรวจเฉพาะหัวข้อโดยไม่สร้าง claim เกินจริง ไม่แนะนำ Redirect เพราะ Intent ไม่ตรง Hub","medium"
"/contact","src/pages/contact.astro","utility","G-UTILITY","200-local-build","yes","https://amphon.co.th/contact","yes","205","0.228","yes","navigational","","low","GSC_NOT_AVAILABLE","EXTERNAL LINK DATA NOT AVAILABLE","1185","none_as_destination","medium","no","FALSE_POSITIVE","","P3","no","Audit นับตัวอักษร main content ต่ำ แต่หน้าเป็น Contact/Legal ที่มีบทบาท navigational/compliance ชัดเจน ไม่ใช่ thin doorway และไม่ควร consolidate กับหน้าบริการ","high"
"/privacy-policy","src/pages/privacy-policy.astro","utility","G-UTILITY","200-local-build","yes","https://amphon.co.th/privacy-policy","yes","293","0.096","yes","navigational","","low","GSC_NOT_AVAILABLE","EXTERNAL LINK DATA NOT AVAILABLE","1185","none_as_destination","medium","no","FALSE_POSITIVE","","P3","no","Audit นับตัวอักษร main content ต่ำ แต่หน้าเป็น Contact/Legal ที่มีบทบาท navigational/compliance ชัดเจน ไม่ใช่ thin doorway และไม่ควร consolidate กับหน้าบริการ","high"
