source_url,source_file,text_before,text_after,link_destination,anchor,semantic_change,reason,status
"/รับซื้อ/รับซื้อ-airpods-กาฬสินธุ์","","(no link)","รับซื้อ โน๊ตบุ๊ค ในกาฬสินธุ์","/รับซื้อ/รับซื้อโน๊ตบุ๊ค-กาฬสินธุ์","รับซื้อ โน๊ตบุ๊ค ในกาฬสินธุ์","added_sidebar_link_only","Batch 11 selective hub-spoke strengthening","ADDED"
"/รับซื้อ/รับซื้อ-airpods-กาฬสินธุ์","","(no link)","รับซื้อ MacBook ในกาฬสินธุ์","/รับซื้อ/รับซื้อ-macbook-กาฬสินธุ์","รับซื้อ MacBook ในกาฬสินธุ์","added_sidebar_link_only","Batch 11 selective hub-spoke strengthening","ADDED"
"/รับซื้อ/รับซื้อ-airpods-กาฬสินธุ์","","(no link)","รับซื้อ คอมพิวเตอร์ ในกาฬสินธุ์","/รับซื้อ/รับซื้อคอมพิวเตอร์-กาฬสินธุ์","รับซื้อ คอมพิวเตอร์ ในกาฬสินธุ์","added_sidebar_link_only","Batch 11 selective hub-spoke strengthening","ADDED"
"/รับซื้อ/รับซื้อ-airpods-กาฬสินธุ์","","(no link)","รับซื้อ iPhone ในกาฬสินธุ์","/รับซื้อ/รับซื้อ-iphone-กาฬสินธุ์","รับซื้อ iPhone ในกาฬสินธุ์","added_sidebar_link_only","Batch 11 selective hub-spoke strengthening","ADDED"
"/รับซื้อ/รับซื้อ-airpods-ขอนแก่น","","(no link)","รับซื้อ โน๊ตบุ๊ค ในขอนแก่น","/รับซื้อ/รับซื้อโน๊ตบุ๊ค-ขอนแก่น","รับซื้อ โน๊ตบุ๊ค ในขอนแก่น","added_sidebar_link_only","Batch 11 selective hub-spoke strengthening","ADDED"
"/รับซื้อ/รับซื้อ-airpods-ขอนแก่น","","(no link)","รับซื้อ MacBook ในขอนแก่น","/รับซื้อ/รับซื้อ-macbook-ขอนแก่น","รับซื้อ MacBook ในขอนแก่น","added_sidebar_link_only","Batch 11 selective hub-spoke strengthening","ADDED"
"/รับซื้อ/รับซื้อ-airpods-ขอนแก่น","","(no link)","รับซื้อ คอมพิวเตอร์ ในขอนแก่น","/รับซื้อ/รับซื้อคอมพิวเตอร์-ขอนแก่น","รับซื้อ คอมพิวเตอร์ ในขอนแก่น","added_sidebar_link_only","Batch 11 selective hub-spoke strengthening","ADDED"
"/รับซื้อ/รับซื้อ-airpods-ขอนแก่น","","(no link)","รับซื้อ iPhone ในขอนแก่น","/รับซื้อ/รับซื้อ-iphone-ขอนแก่น","รับซื้อ iPhone ในขอนแก่น","added_sidebar_link_only","Batch 11 selective hub-spoke strengthening","ADDED"
"/รับซื้อ/รับซื้อ-airpods-ชัยภูมิ","","(no link)","รับซื้อ โน๊ตบุ๊ค ในชัยภูมิ","/รับซื้อ/รับซื้อโน๊ตบุ๊ค-ชัยภูมิ","รับซื้อ โน๊ตบุ๊ค ในชัยภูมิ","added_sidebar_link_only","Batch 11 selective hub-spoke strengthening","ADDED"
"/รับซื้อ/รับซื้อ-airpods-ชัยภูมิ","","(no link)","รับซื้อ MacBook ในชัยภูมิ","/รับซื้อ/รับซื้อ-macbook-ชัยภูมิ","รับซื้อ MacBook ในชัยภูมิ","added_sidebar_link_only","Batch 11 selective hub-spoke strengthening","ADDED"
"/รับซื้อ/รับซื้อ-airpods-ชัยภูมิ","","(no link)","รับซื้อ คอมพิวเตอร์ ในชัยภูมิ","/รับซื้อ/รับซื้อคอมพิวเตอร์-ชัยภูมิ","รับซื้อ คอมพิวเตอร์ ในชัยภูมิ","added_sidebar_link_only","Batch 11 selective hub-spoke strengthening","ADDED"
"/รับซื้อ/รับซื้อ-airpods-ชัยภูมิ","","(no link)","รับซื้อ iPhone ในชัยภูมิ","/รับซื้อ/รับซื้อ-iphone-ชัยภูมิ","รับซื้อ iPhone ในชัยภูมิ","added_sidebar_link_only","Batch 11 selective hub-spoke strengthening","ADDED"
"/รับซื้อ/รับซื้อ-airpods-นครพนม","","(no link)","รับซื้อ โน๊ตบุ๊ค ในนครพนม","/รับซื้อ/รับซื้อโน๊ตบุ๊ค-นครพนม","รับซื้อ โน๊ตบุ๊ค ในนครพนม","added_sidebar_link_only","Batch 11 selective hub-spoke strengthening","ADDED"
"/รับซื้อ/รับซื้อ-airpods-นครพนม","","(no link)","รับซื้อ MacBook ในนครพนม","/รับซื้อ/รับซื้อ-macbook-นครพนม","รับซื้อ MacBook ในนครพนม","added_sidebar_link_only","Batch 11 selective hub-spoke strengthening","ADDED"
"/รับซื้อ/รับซื้อ-airpods-นครพนม","","(no link)","รับซื้อ คอมพิวเตอร์ ในนครพนม","/รับซื้อ/รับซื้อคอมพิวเตอร์-นครพนม","รับซื้อ คอมพิวเตอร์ ในนครพนม","added_sidebar_link_only","Batch 11 selective hub-spoke strengthening","ADDED"
"/รับซื้อ/รับซื้อ-airpods-นครพนม","","(no link)","รับซื้อ iPhone ในนครพนม","/รับซื้อ/รับซื้อ-iphone-นครพนม","รับซื้อ iPhone ในนครพนม","added_sidebar_link_only","Batch 11 selective hub-spoke strengthening","ADDED"
"/รับซื้อ/รับซื้อ-airpods-นครราชสีมา","","(no link)","รับซื้อ โน๊ตบุ๊ค ในนครราชสีมา","/รับซื้อ/รับซื้อโน๊ตบุ๊ค-นครราชสีมา","รับซื้อ โน๊ตบุ๊ค ในนครราชสีมา","added_sidebar_link_only","Batch 11 selective hub-spoke strengthening","ADDED"
"/รับซื้อ/รับซื้อ-airpods-นครราชสีมา","","(no link)","รับซื้อ MacBook ในนครราชสีมา","/รับซื้อ/รับซื้อ-macbook-นครราชสีมา","รับซื้อ MacBook ในนครราชสีมา","added_sidebar_link_only","Batch 11 selective hub-spoke strengthening","ADDED"
"/รับซื้อ/รับซื้อ-airpods-นครราชสีมา","","(no link)","รับซื้อ คอมพิวเตอร์ ในนครราชสีมา","/รับซื้อ/รับซื้อคอมพิวเตอร์-นครราชสีมา","รับซื้อ คอมพิวเตอร์ ในนครราชสีมา","added_sidebar_link_only","Batch 11 selective hub-spoke strengthening","ADDED"
"/รับซื้อ/รับซื้อ-airpods-นครราชสีมา","","(no link)","รับซื้อ iPhone ในนครราชสีมา","/รับซื้อ/รับซื้อ-iphone-นครราชสีมา","รับซื้อ iPhone ในนครราชสีมา","added_sidebar_link_only","Batch 11 selective hub-spoke strengthening","ADDED"
"/รับซื้อ/รับซื้อ-airpods-บึงกาฬ","","(no link)","รับซื้อ โน๊ตบุ๊ค ในบึงกาฬ","/รับซื้อ/รับซื้อโน๊ตบุ๊ค-บึงกาฬ","รับซื้อ โน๊ตบุ๊ค ในบึงกาฬ","added_sidebar_link_only","Batch 11 selective hub-spoke strengthening","ADDED"
"/รับซื้อ/รับซื้อ-airpods-บึงกาฬ","","(no link)","รับซื้อ MacBook ในบึงกาฬ","/รับซื้อ/รับซื้อ-macbook-บึงกาฬ","รับซื้อ MacBook ในบึงกาฬ","added_sidebar_link_only","Batch 11 selective hub-spoke strengthening","ADDED"
"/รับซื้อ/รับซื้อ-airpods-บึงกาฬ","","(no link)","รับซื้อ คอมพิวเตอร์ ในบึงกาฬ","/รับซื้อ/รับซื้อคอมพิวเตอร์-บึงกาฬ","รับซื้อ คอมพิวเตอร์ ในบึงกาฬ","added_sidebar_link_only","Batch 11 selective hub-spoke strengthening","ADDED"
"/รับซื้อ/รับซื้อ-airpods-บึงกาฬ","","(no link)","รับซื้อ iPhone ในบึงกาฬ","/รับซื้อ/รับซื้อ-iphone-บึงกาฬ","รับซื้อ iPhone ในบึงกาฬ","added_sidebar_link_only","Batch 11 selective hub-spoke strengthening","ADDED"
"/รับซื้อ/รับซื้อ-airpods-บุรีรัมย์","","(no link)","รับซื้อ โน๊ตบุ๊ค ในบุรีรัมย์","/รับซื้อ/รับซื้อโน๊ตบุ๊ค-บุรีรัมย์","รับซื้อ โน๊ตบุ๊ค ในบุรีรัมย์","added_sidebar_link_only","Batch 11 selective hub-spoke strengthening","ADDED"
"/รับซื้อ/รับซื้อ-airpods-บุรีรัมย์","","(no link)","รับซื้อ MacBook ในบุรีรัมย์","/รับซื้อ/รับซื้อ-macbook-บุรีรัมย์","รับซื้อ MacBook ในบุรีรัมย์","added_sidebar_link_only","Batch 11 selective hub-spoke strengthening","ADDED"
"/รับซื้อ/รับซื้อ-airpods-บุรีรัมย์","","(no link)","รับซื้อ คอมพิวเตอร์ ในบุรีรัมย์","/รับซื้อ/รับซื้อคอมพิวเตอร์-บุรีรัมย์","รับซื้อ คอมพิวเตอร์ ในบุรีรัมย์","added_sidebar_link_only","Batch 11 selective hub-spoke strengthening","ADDED"
"/รับซื้อ/รับซื้อ-airpods-บุรีรัมย์","","(no link)","รับซื้อ iPhone ในบุรีรัมย์","/รับซื้อ/รับซื้อ-iphone-บุรีรัมย์","รับซื้อ iPhone ในบุรีรัมย์","added_sidebar_link_only","Batch 11 selective hub-spoke strengthening","ADDED"
"/รับซื้อ/รับซื้อ-airpods-มหาสารคาม","","(no link)","รับซื้อ โน๊ตบุ๊ค ในมหาสารคาม","/รับซื้อ/รับซื้อโน๊ตบุ๊ค-มหาสารคาม","รับซื้อ โน๊ตบุ๊ค ในมหาสารคาม","added_sidebar_link_only","Batch 11 selective hub-spoke strengthening","ADDED"
"/รับซื้อ/รับซื้อ-airpods-มหาสารคาม","","(no link)","รับซื้อ MacBook ในมหาสารคาม","/รับซื้อ/รับซื้อ-macbook-มหาสารคาม","รับซื้อ MacBook ในมหาสารคาม","added_sidebar_link_only","Batch 11 selective hub-spoke strengthening","ADDED"
"/รับซื้อ/รับซื้อ-airpods-มหาสารคาม","","(no link)","รับซื้อ คอมพิวเตอร์ ในมหาสารคาม","/รับซื้อ/รับซื้อคอมพิวเตอร์-มหาสารคาม","รับซื้อ คอมพิวเตอร์ ในมหาสารคาม","added_sidebar_link_only","Batch 11 selective hub-spoke strengthening","ADDED"
"/รับซื้อ/รับซื้อ-airpods-มหาสารคาม","","(no link)","รับซื้อ iPhone ในมหาสารคาม","/รับซื้อ/รับซื้อ-iphone-มหาสารคาม","รับซื้อ iPhone ในมหาสารคาม","added_sidebar_link_only","Batch 11 selective hub-spoke strengthening","ADDED"
"/รับซื้อ/รับซื้อ-airpods-มุกดาหาร","","(no link)","รับซื้อ โน๊ตบุ๊ค ในมุกดาหาร","/รับซื้อ/รับซื้อโน๊ตบุ๊ค-มุกดาหาร","รับซื้อ โน๊ตบุ๊ค ในมุกดาหาร","added_sidebar_link_only","Batch 11 selective hub-spoke strengthening","ADDED"
"/รับซื้อ/รับซื้อ-airpods-มุกดาหาร","","(no link)","รับซื้อ MacBook ในมุกดาหาร","/รับซื้อ/รับซื้อ-macbook-มุกดาหาร","รับซื้อ MacBook ในมุกดาหาร","added_sidebar_link_only","Batch 11 selective hub-spoke strengthening","ADDED"
"/รับซื้อ/รับซื้อ-airpods-มุกดาหาร","","(no link)","รับซื้อ คอมพิวเตอร์ ในมุกดาหาร","/รับซื้อ/รับซื้อคอมพิวเตอร์-มุกดาหาร","รับซื้อ คอมพิวเตอร์ ในมุกดาหาร","added_sidebar_link_only","Batch 11 selective hub-spoke strengthening","ADDED"
"/รับซื้อ/รับซื้อ-airpods-มุกดาหาร","","(no link)","รับซื้อ iPhone ในมุกดาหาร","/รับซื้อ/รับซื้อ-iphone-มุกดาหาร","รับซื้อ iPhone ในมุกดาหาร","added_sidebar_link_only","Batch 11 selective hub-spoke strengthening","ADDED"
"/รับซื้อ/รับซื้อ-airpods-ยโสธร","","(no link)","รับซื้อ โน๊ตบุ๊ค ในยโสธร","/รับซื้อ/รับซื้อโน๊ตบุ๊ค-ยโสธร","รับซื้อ โน๊ตบุ๊ค ในยโสธร","added_sidebar_link_only","Batch 11 selective hub-spoke strengthening","ADDED"
"/รับซื้อ/รับซื้อ-airpods-ยโสธร","","(no link)","รับซื้อ MacBook ในยโสธร","/รับซื้อ/รับซื้อ-macbook-ยโสธร","รับซื้อ MacBook ในยโสธร","added_sidebar_link_only","Batch 11 selective hub-spoke strengthening","ADDED"
"/รับซื้อ/รับซื้อ-airpods-ยโสธร","","(no link)","รับซื้อ คอมพิวเตอร์ ในยโสธร","/รับซื้อ/รับซื้อคอมพิวเตอร์-ยโสธร","รับซื้อ คอมพิวเตอร์ ในยโสธร","added_sidebar_link_only","Batch 11 selective hub-spoke strengthening","ADDED"
"/รับซื้อ/รับซื้อ-airpods-ยโสธร","","(no link)","รับซื้อ iPhone ในยโสธร","/รับซื้อ/รับซื้อ-iphone-ยโสธร","รับซื้อ iPhone ในยโสธร","added_sidebar_link_only","Batch 11 selective hub-spoke strengthening","ADDED"
"/รับซื้อ/รับซื้อ-airpods-ร้อยเอ็ด","","(no link)","รับซื้อ โน๊ตบุ๊ค ในร้อยเอ็ด","/รับซื้อ/รับซื้อโน๊ตบุ๊ค-ร้อยเอ็ด","รับซื้อ โน๊ตบุ๊ค ในร้อยเอ็ด","added_sidebar_link_only","Batch 11 selective hub-spoke strengthening","ADDED"
"/รับซื้อ/รับซื้อ-airpods-ร้อยเอ็ด","","(no link)","รับซื้อ MacBook ในร้อยเอ็ด","/รับซื้อ/รับซื้อ-macbook-ร้อยเอ็ด","รับซื้อ MacBook ในร้อยเอ็ด","added_sidebar_link_only","Batch 11 selective hub-spoke strengthening","ADDED"
"/รับซื้อ/รับซื้อ-airpods-ร้อยเอ็ด","","(no link)","รับซื้อ คอมพิวเตอร์ ในร้อยเอ็ด","/รับซื้อ/รับซื้อคอมพิวเตอร์-ร้อยเอ็ด","รับซื้อ คอมพิวเตอร์ ในร้อยเอ็ด","added_sidebar_link_only","Batch 11 selective hub-spoke strengthening","ADDED"
"/รับซื้อ/รับซื้อ-airpods-ร้อยเอ็ด","","(no link)","รับซื้อ iPhone ในร้อยเอ็ด","/รับซื้อ/รับซื้อ-iphone-ร้อยเอ็ด","รับซื้อ iPhone ในร้อยเอ็ด","added_sidebar_link_only","Batch 11 selective hub-spoke strengthening","ADDED"
"/รับซื้อ/รับซื้อ-airpods-ศรีสะเกษ","","(no link)","รับซื้อ โน๊ตบุ๊ค ในศรีสะเกษ","/รับซื้อ/รับซื้อโน๊ตบุ๊ค-ศรีสะเกษ","รับซื้อ โน๊ตบุ๊ค ในศรีสะเกษ","added_sidebar_link_only","Batch 11 selective hub-spoke strengthening","ADDED"
"/รับซื้อ/รับซื้อ-airpods-ศรีสะเกษ","","(no link)","รับซื้อ MacBook ในศรีสะเกษ","/รับซื้อ/รับซื้อ-macbook-ศรีสะเกษ","รับซื้อ MacBook ในศรีสะเกษ","added_sidebar_link_only","Batch 11 selective hub-spoke strengthening","ADDED"
"/รับซื้อ/รับซื้อ-airpods-ศรีสะเกษ","","(no link)","รับซื้อ คอมพิวเตอร์ ในศรีสะเกษ","/รับซื้อ/รับซื้อคอมพิวเตอร์-ศรีสะเกษ","รับซื้อ คอมพิวเตอร์ ในศรีสะเกษ","added_sidebar_link_only","Batch 11 selective hub-spoke strengthening","ADDED"
"/รับซื้อ/รับซื้อ-airpods-ศรีสะเกษ","","(no link)","รับซื้อ iPhone ในศรีสะเกษ","/รับซื้อ/รับซื้อ-iphone-ศรีสะเกษ","รับซื้อ iPhone ในศรีสะเกษ","added_sidebar_link_only","Batch 11 selective hub-spoke strengthening","ADDED"
"/รับซื้อ/รับซื้อ-airpods-สกลนคร","","(no link)","รับซื้อ โน๊ตบุ๊ค ในสกลนคร","/รับซื้อ/รับซื้อโน๊ตบุ๊ค-สกลนคร","รับซื้อ โน๊ตบุ๊ค ในสกลนคร","added_sidebar_link_only","Batch 11 selective hub-spoke strengthening","ADDED"
"/รับซื้อ/รับซื้อ-airpods-สกลนคร","","(no link)","รับซื้อ MacBook ในสกลนคร","/รับซื้อ/รับซื้อ-macbook-สกลนคร","รับซื้อ MacBook ในสกลนคร","added_sidebar_link_only","Batch 11 selective hub-spoke strengthening","ADDED"
"/รับซื้อ/รับซื้อ-airpods-สกลนคร","","(no link)","รับซื้อ คอมพิวเตอร์ ในสกลนคร","/รับซื้อ/รับซื้อคอมพิวเตอร์-สกลนคร","รับซื้อ คอมพิวเตอร์ ในสกลนคร","added_sidebar_link_only","Batch 11 selective hub-spoke strengthening","ADDED"
"/รับซื้อ/รับซื้อ-airpods-สกลนคร","","(no link)","รับซื้อ iPhone ในสกลนคร","/รับซื้อ/รับซื้อ-iphone-สกลนคร","รับซื้อ iPhone ในสกลนคร","added_sidebar_link_only","Batch 11 selective hub-spoke strengthening","ADDED"
"/รับซื้อ/รับซื้อ-airpods-สุรินทร์","","(no link)","รับซื้อ โน๊ตบุ๊ค ในสุรินทร์","/รับซื้อ/รับซื้อโน๊ตบุ๊ค-สุรินทร์","รับซื้อ โน๊ตบุ๊ค ในสุรินทร์","added_sidebar_link_only","Batch 11 selective hub-spoke strengthening","ADDED"
"/รับซื้อ/รับซื้อ-airpods-สุรินทร์","","(no link)","รับซื้อ MacBook ในสุรินทร์","/รับซื้อ/รับซื้อ-macbook-สุรินทร์","รับซื้อ MacBook ในสุรินทร์","added_sidebar_link_only","Batch 11 selective hub-spoke strengthening","ADDED"
"/รับซื้อ/รับซื้อ-airpods-สุรินทร์","","(no link)","รับซื้อ คอมพิวเตอร์ ในสุรินทร์","/รับซื้อ/รับซื้อคอมพิวเตอร์-สุรินทร์","รับซื้อ คอมพิวเตอร์ ในสุรินทร์","added_sidebar_link_only","Batch 11 selective hub-spoke strengthening","ADDED"
"/รับซื้อ/รับซื้อ-airpods-สุรินทร์","","(no link)","รับซื้อ iPhone ในสุรินทร์","/รับซื้อ/รับซื้อ-iphone-สุรินทร์","รับซื้อ iPhone ในสุรินทร์","added_sidebar_link_only","Batch 11 selective hub-spoke strengthening","ADDED"
"/รับซื้อ/รับซื้อ-airpods-หนองคาย","","(no link)","รับซื้อ โน๊ตบุ๊ค ในหนองคาย","/รับซื้อ/รับซื้อโน๊ตบุ๊ค-หนองคาย","รับซื้อ โน๊ตบุ๊ค ในหนองคาย","added_sidebar_link_only","Batch 11 selective hub-spoke strengthening","ADDED"
"/รับซื้อ/รับซื้อ-airpods-หนองคาย","","(no link)","รับซื้อ MacBook ในหนองคาย","/รับซื้อ/รับซื้อ-macbook-หนองคาย","รับซื้อ MacBook ในหนองคาย","added_sidebar_link_only","Batch 11 selective hub-spoke strengthening","ADDED"
"/รับซื้อ/รับซื้อ-airpods-หนองคาย","","(no link)","รับซื้อ คอมพิวเตอร์ ในหนองคาย","/รับซื้อ/รับซื้อคอมพิวเตอร์-หนองคาย","รับซื้อ คอมพิวเตอร์ ในหนองคาย","added_sidebar_link_only","Batch 11 selective hub-spoke strengthening","ADDED"
"/รับซื้อ/รับซื้อ-airpods-หนองคาย","","(no link)","รับซื้อ iPhone ในหนองคาย","/รับซื้อ/รับซื้อ-iphone-หนองคาย","รับซื้อ iPhone ในหนองคาย","added_sidebar_link_only","Batch 11 selective hub-spoke strengthening","ADDED"
"/รับซื้อ/รับซื้อ-airpods-หนองบัวลำภู","","(no link)","รับซื้อ โน๊ตบุ๊ค ในหนองบัวลำภู","/รับซื้อ/รับซื้อโน๊ตบุ๊ค-หนองบัวลำภู","รับซื้อ โน๊ตบุ๊ค ในหนองบัวลำภู","added_sidebar_link_only","Batch 11 selective hub-spoke strengthening","ADDED"
"/รับซื้อ/รับซื้อ-airpods-หนองบัวลำภู","","(no link)","รับซื้อ MacBook ในหนองบัวลำภู","/รับซื้อ/รับซื้อ-macbook-หนองบัวลำภู","รับซื้อ MacBook ในหนองบัวลำภู","added_sidebar_link_only","Batch 11 selective hub-spoke strengthening","ADDED"
"/รับซื้อ/รับซื้อ-airpods-หนองบัวลำภู","","(no link)","รับซื้อ คอมพิวเตอร์ ในหนองบัวลำภู","/รับซื้อ/รับซื้อคอมพิวเตอร์-หนองบัวลำภู","รับซื้อ คอมพิวเตอร์ ในหนองบัวลำภู","added_sidebar_link_only","Batch 11 selective hub-spoke strengthening","ADDED"
"/รับซื้อ/รับซื้อ-airpods-หนองบัวลำภู","","(no link)","รับซื้อ iPhone ในหนองบัวลำภู","/รับซื้อ/รับซื้อ-iphone-หนองบัวลำภู","รับซื้อ iPhone ในหนองบัวลำภู","added_sidebar_link_only","Batch 11 selective hub-spoke strengthening","ADDED"
"/รับซื้อ/รับซื้อ-airpods-อำนาจเจริญ","","(no link)","รับซื้อ โน๊ตบุ๊ค ในอำนาจเจริญ","/รับซื้อ/รับซื้อโน๊ตบุ๊ค-อำนาจเจริญ","รับซื้อ โน๊ตบุ๊ค ในอำนาจเจริญ","added_sidebar_link_only","Batch 11 selective hub-spoke strengthening","ADDED"
"/รับซื้อ/รับซื้อ-airpods-อำนาจเจริญ","","(no link)","รับซื้อ MacBook ในอำนาจเจริญ","/รับซื้อ/รับซื้อ-macbook-อำนาจเจริญ","รับซื้อ MacBook ในอำนาจเจริญ","added_sidebar_link_only","Batch 11 selective hub-spoke strengthening","ADDED"
"/รับซื้อ/รับซื้อ-airpods-อำนาจเจริญ","","(no link)","รับซื้อ คอมพิวเตอร์ ในอำนาจเจริญ","/รับซื้อ/รับซื้อคอมพิวเตอร์-อำนาจเจริญ","รับซื้อ คอมพิวเตอร์ ในอำนาจเจริญ","added_sidebar_link_only","Batch 11 selective hub-spoke strengthening","ADDED"
"/รับซื้อ/รับซื้อ-airpods-อำนาจเจริญ","","(no link)","รับซื้อ iPhone ในอำนาจเจริญ","/รับซื้อ/รับซื้อ-iphone-อำนาจเจริญ","รับซื้อ iPhone ในอำนาจเจริญ","added_sidebar_link_only","Batch 11 selective hub-spoke strengthening","ADDED"
"/รับซื้อ/รับซื้อ-airpods-อุดรธานี","","(no link)","รับซื้อ โน๊ตบุ๊ค ในอุดรธานี","/รับซื้อ/รับซื้อโน๊ตบุ๊ค-อุดรธานี","รับซื้อ โน๊ตบุ๊ค ในอุดรธานี","added_sidebar_link_only","Batch 11 selective hub-spoke strengthening","ADDED"
"/รับซื้อ/รับซื้อ-airpods-อุดรธานี","","(no link)","รับซื้อ MacBook ในอุดรธานี","/รับซื้อ/รับซื้อ-macbook-อุดรธานี","รับซื้อ MacBook ในอุดรธานี","added_sidebar_link_only","Batch 11 selective hub-spoke strengthening","ADDED"
"/รับซื้อ/รับซื้อ-airpods-อุดรธานี","","(no link)","รับซื้อ คอมพิวเตอร์ ในอุดรธานี","/รับซื้อ/รับซื้อคอมพิวเตอร์-อุดรธานี","รับซื้อ คอมพิวเตอร์ ในอุดรธานี","added_sidebar_link_only","Batch 11 selective hub-spoke strengthening","ADDED"
"/รับซื้อ/รับซื้อ-airpods-อุดรธานี","","(no link)","รับซื้อ iPhone ในอุดรธานี","/รับซื้อ/รับซื้อ-iphone-อุดรธานี","รับซื้อ iPhone ในอุดรธานี","added_sidebar_link_only","Batch 11 selective hub-spoke strengthening","ADDED"
"/รับซื้อ/รับซื้อ-airpods-อุบลราชธานี","","(no link)","รับซื้อโน๊ตบุ๊ค ในอุบลราชธานี","/รับซื้อ/รับซื้อโน๊ตบุ๊ค-อุบลราชธานี","รับซื้อโน๊ตบุ๊ค ในอุบลราชธานี","added_sidebar_link_only","Batch 11 selective hub-spoke strengthening","ADDED"
"/รับซื้อ/รับซื้อ-airpods-อุบลราชธานี","","(no link)","รับซื้อ MacBook ในอุบลราชธานี","/รับซื้อ/รับซื้อ-macbook-อุบลราชธานี","รับซื้อ MacBook ในอุบลราชธานี","added_sidebar_link_only","Batch 11 selective hub-spoke strengthening","ADDED"
"/รับซื้อ/รับซื้อ-airpods-อุบลราชธานี","","(no link)","รับซื้อคอมพิวเตอร์ ในอุบลราชธานี","/รับซื้อ/รับซื้อคอมพิวเตอร์-อุบลราชธานี","รับซื้อคอมพิวเตอร์ ในอุบลราชธานี","added_sidebar_link_only","Batch 11 selective hub-spoke strengthening","ADDED"
"/รับซื้อ/รับซื้อ-airpods-อุบลราชธานี","","(no link)","รับซื้อ iPhone ในอุบลราชธานี","/รับซื้อ/รับซื้อ-iphone-อุบลราชธานี","รับซื้อ iPhone ในอุบลราชธานี","added_sidebar_link_only","Batch 11 selective hub-spoke strengthening","ADDED"
"/รับซื้อ/รับซื้อ-airpods-เลย","","(no link)","รับซื้อ โน๊ตบุ๊ค ในเลย","/รับซื้อ/รับซื้อโน๊ตบุ๊ค-เลย","รับซื้อ โน๊ตบุ๊ค ในเลย","added_sidebar_link_only","Batch 11 selective hub-spoke strengthening","ADDED"
"/รับซื้อ/รับซื้อ-airpods-เลย","","(no link)","รับซื้อ MacBook ในเลย","/รับซื้อ/รับซื้อ-macbook-เลย","รับซื้อ MacBook ในเลย","added_sidebar_link_only","Batch 11 selective hub-spoke strengthening","ADDED"
"/รับซื้อ/รับซื้อ-airpods-เลย","","(no link)","รับซื้อ คอมพิวเตอร์ ในเลย","/รับซื้อ/รับซื้อคอมพิวเตอร์-เลย","รับซื้อ คอมพิวเตอร์ ในเลย","added_sidebar_link_only","Batch 11 selective hub-spoke strengthening","ADDED"
"/รับซื้อ/รับซื้อ-airpods-เลย","","(no link)","รับซื้อ iPhone ในเลย","/รับซื้อ/รับซื้อ-iphone-เลย","รับซื้อ iPhone ในเลย","added_sidebar_link_only","Batch 11 selective hub-spoke strengthening","ADDED"
"/รับซื้อ/รับซื้อ-apple-watch-กาฬสินธุ์","","(no link)","รับซื้อ โน๊ตบุ๊ค ในกาฬสินธุ์","/รับซื้อ/รับซื้อโน๊ตบุ๊ค-กาฬสินธุ์","รับซื้อ โน๊ตบุ๊ค ในกาฬสินธุ์","added_sidebar_link_only","Batch 11 selective hub-spoke strengthening","ADDED"
"/รับซื้อ/รับซื้อ-apple-watch-กาฬสินธุ์","","(no link)","รับซื้อ MacBook ในกาฬสินธุ์","/รับซื้อ/รับซื้อ-macbook-กาฬสินธุ์","รับซื้อ MacBook ในกาฬสินธุ์","added_sidebar_link_only","Batch 11 selective hub-spoke strengthening","ADDED"
"/รับซื้อ/รับซื้อ-apple-watch-กาฬสินธุ์","","(no link)","รับซื้อ คอมพิวเตอร์ ในกาฬสินธุ์","/รับซื้อ/รับซื้อคอมพิวเตอร์-กาฬสินธุ์","รับซื้อ คอมพิวเตอร์ ในกาฬสินธุ์","added_sidebar_link_only","Batch 11 selective hub-spoke strengthening","ADDED"
"/รับซื้อ/รับซื้อ-apple-watch-กาฬสินธุ์","","(no link)","รับซื้อ iPhone ในกาฬสินธุ์","/รับซื้อ/รับซื้อ-iphone-กาฬสินธุ์","รับซื้อ iPhone ในกาฬสินธุ์","added_sidebar_link_only","Batch 11 selective hub-spoke strengthening","ADDED"
"/รับซื้อ/รับซื้อ-apple-watch-ขอนแก่น","","(no link)","รับซื้อ โน๊ตบุ๊ค ในขอนแก่น","/รับซื้อ/รับซื้อโน๊ตบุ๊ค-ขอนแก่น","รับซื้อ โน๊ตบุ๊ค ในขอนแก่น","added_sidebar_link_only","Batch 11 selective hub-spoke strengthening","ADDED"
"/รับซื้อ/รับซื้อ-apple-watch-ขอนแก่น","","(no link)","รับซื้อ MacBook ในขอนแก่น","/รับซื้อ/รับซื้อ-macbook-ขอนแก่น","รับซื้อ MacBook ในขอนแก่น","added_sidebar_link_only","Batch 11 selective hub-spoke strengthening","ADDED"
"/รับซื้อ/รับซื้อ-apple-watch-ขอนแก่น","","(no link)","รับซื้อ คอมพิวเตอร์ ในขอนแก่น","/รับซื้อ/รับซื้อคอมพิวเตอร์-ขอนแก่น","รับซื้อ คอมพิวเตอร์ ในขอนแก่น","added_sidebar_link_only","Batch 11 selective hub-spoke strengthening","ADDED"
"/รับซื้อ/รับซื้อ-apple-watch-ขอนแก่น","","(no link)","รับซื้อ iPhone ในขอนแก่น","/รับซื้อ/รับซื้อ-iphone-ขอนแก่น","รับซื้อ iPhone ในขอนแก่น","added_sidebar_link_only","Batch 11 selective hub-spoke strengthening","ADDED"
"/รับซื้อ/รับซื้อ-apple-watch-ชัยภูมิ","","(no link)","รับซื้อ โน๊ตบุ๊ค ในชัยภูมิ","/รับซื้อ/รับซื้อโน๊ตบุ๊ค-ชัยภูมิ","รับซื้อ โน๊ตบุ๊ค ในชัยภูมิ","added_sidebar_link_only","Batch 11 selective hub-spoke strengthening","ADDED"
"/รับซื้อ/รับซื้อ-apple-watch-ชัยภูมิ","","(no link)","รับซื้อ MacBook ในชัยภูมิ","/รับซื้อ/รับซื้อ-macbook-ชัยภูมิ","รับซื้อ MacBook ในชัยภูมิ","added_sidebar_link_only","Batch 11 selective hub-spoke strengthening","ADDED"
"/รับซื้อ/รับซื้อ-apple-watch-ชัยภูมิ","","(no link)","รับซื้อ คอมพิวเตอร์ ในชัยภูมิ","/รับซื้อ/รับซื้อคอมพิวเตอร์-ชัยภูมิ","รับซื้อ คอมพิวเตอร์ ในชัยภูมิ","added_sidebar_link_only","Batch 11 selective hub-spoke strengthening","ADDED"
"/รับซื้อ/รับซื้อ-apple-watch-ชัยภูมิ","","(no link)","รับซื้อ iPhone ในชัยภูมิ","/รับซื้อ/รับซื้อ-iphone-ชัยภูมิ","รับซื้อ iPhone ในชัยภูมิ","added_sidebar_link_only","Batch 11 selective hub-spoke strengthening","ADDED"
"/รับซื้อ/รับซื้อ-apple-watch-นครพนม","","(no link)","รับซื้อ โน๊ตบุ๊ค ในนครพนม","/รับซื้อ/รับซื้อโน๊ตบุ๊ค-นครพนม","รับซื้อ โน๊ตบุ๊ค ในนครพนม","added_sidebar_link_only","Batch 11 selective hub-spoke strengthening","ADDED"
"/รับซื้อ/รับซื้อ-apple-watch-นครพนม","","(no link)","รับซื้อ MacBook ในนครพนม","/รับซื้อ/รับซื้อ-macbook-นครพนม","รับซื้อ MacBook ในนครพนม","added_sidebar_link_only","Batch 11 selective hub-spoke strengthening","ADDED"
"/รับซื้อ/รับซื้อ-apple-watch-นครพนม","","(no link)","รับซื้อ คอมพิวเตอร์ ในนครพนม","/รับซื้อ/รับซื้อคอมพิวเตอร์-นครพนม","รับซื้อ คอมพิวเตอร์ ในนครพนม","added_sidebar_link_only","Batch 11 selective hub-spoke strengthening","ADDED"
"/รับซื้อ/รับซื้อ-apple-watch-นครพนม","","(no link)","รับซื้อ iPhone ในนครพนม","/รับซื้อ/รับซื้อ-iphone-นครพนม","รับซื้อ iPhone ในนครพนม","added_sidebar_link_only","Batch 11 selective hub-spoke strengthening","ADDED"
"/รับซื้อ/รับซื้อ-apple-watch-นครราชสีมา","","(no link)","รับซื้อ โน๊ตบุ๊ค ในนครราชสีมา","/รับซื้อ/รับซื้อโน๊ตบุ๊ค-นครราชสีมา","รับซื้อ โน๊ตบุ๊ค ในนครราชสีมา","added_sidebar_link_only","Batch 11 selective hub-spoke strengthening","ADDED"
"/รับซื้อ/รับซื้อ-apple-watch-นครราชสีมา","","(no link)","รับซื้อ MacBook ในนครราชสีมา","/รับซื้อ/รับซื้อ-macbook-นครราชสีมา","รับซื้อ MacBook ในนครราชสีมา","added_sidebar_link_only","Batch 11 selective hub-spoke strengthening","ADDED"
"/รับซื้อ/รับซื้อ-apple-watch-นครราชสีมา","","(no link)","รับซื้อ คอมพิวเตอร์ ในนครราชสีมา","/รับซื้อ/รับซื้อคอมพิวเตอร์-นครราชสีมา","รับซื้อ คอมพิวเตอร์ ในนครราชสีมา","added_sidebar_link_only","Batch 11 selective hub-spoke strengthening","ADDED"
"/รับซื้อ/รับซื้อ-apple-watch-นครราชสีมา","","(no link)","รับซื้อ iPhone ในนครราชสีมา","/รับซื้อ/รับซื้อ-iphone-นครราชสีมา","รับซื้อ iPhone ในนครราชสีมา","added_sidebar_link_only","Batch 11 selective hub-spoke strengthening","ADDED"
"/รับซื้อ/รับซื้อ-apple-watch-บึงกาฬ","","(no link)","รับซื้อ โน๊ตบุ๊ค ในบึงกาฬ","/รับซื้อ/รับซื้อโน๊ตบุ๊ค-บึงกาฬ","รับซื้อ โน๊ตบุ๊ค ในบึงกาฬ","added_sidebar_link_only","Batch 11 selective hub-spoke strengthening","ADDED"
"/รับซื้อ/รับซื้อ-apple-watch-บึงกาฬ","","(no link)","รับซื้อ MacBook ในบึงกาฬ","/รับซื้อ/รับซื้อ-macbook-บึงกาฬ","รับซื้อ MacBook ในบึงกาฬ","added_sidebar_link_only","Batch 11 selective hub-spoke strengthening","ADDED"
"/รับซื้อ/รับซื้อ-apple-watch-บึงกาฬ","","(no link)","รับซื้อ คอมพิวเตอร์ ในบึงกาฬ","/รับซื้อ/รับซื้อคอมพิวเตอร์-บึงกาฬ","รับซื้อ คอมพิวเตอร์ ในบึงกาฬ","added_sidebar_link_only","Batch 11 selective hub-spoke strengthening","ADDED"
"/รับซื้อ/รับซื้อ-apple-watch-บึงกาฬ","","(no link)","รับซื้อ iPhone ในบึงกาฬ","/รับซื้อ/รับซื้อ-iphone-บึงกาฬ","รับซื้อ iPhone ในบึงกาฬ","added_sidebar_link_only","Batch 11 selective hub-spoke strengthening","ADDED"
"/รับซื้อ/รับซื้อ-apple-watch-บุรีรัมย์","","(no link)","รับซื้อ โน๊ตบุ๊ค ในบุรีรัมย์","/รับซื้อ/รับซื้อโน๊ตบุ๊ค-บุรีรัมย์","รับซื้อ โน๊ตบุ๊ค ในบุรีรัมย์","added_sidebar_link_only","Batch 11 selective hub-spoke strengthening","ADDED"
"/รับซื้อ/รับซื้อ-apple-watch-บุรีรัมย์","","(no link)","รับซื้อ MacBook ในบุรีรัมย์","/รับซื้อ/รับซื้อ-macbook-บุรีรัมย์","รับซื้อ MacBook ในบุรีรัมย์","added_sidebar_link_only","Batch 11 selective hub-spoke strengthening","ADDED"
"/รับซื้อ/รับซื้อ-apple-watch-บุรีรัมย์","","(no link)","รับซื้อ คอมพิวเตอร์ ในบุรีรัมย์","/รับซื้อ/รับซื้อคอมพิวเตอร์-บุรีรัมย์","รับซื้อ คอมพิวเตอร์ ในบุรีรัมย์","added_sidebar_link_only","Batch 11 selective hub-spoke strengthening","ADDED"
"/รับซื้อ/รับซื้อ-apple-watch-บุรีรัมย์","","(no link)","รับซื้อ iPhone ในบุรีรัมย์","/รับซื้อ/รับซื้อ-iphone-บุรีรัมย์","รับซื้อ iPhone ในบุรีรัมย์","added_sidebar_link_only","Batch 11 selective hub-spoke strengthening","ADDED"
"/รับซื้อ/รับซื้อ-apple-watch-มหาสารคาม","","(no link)","รับซื้อ โน๊ตบุ๊ค ในมหาสารคาม","/รับซื้อ/รับซื้อโน๊ตบุ๊ค-มหาสารคาม","รับซื้อ โน๊ตบุ๊ค ในมหาสารคาม","added_sidebar_link_only","Batch 11 selective hub-spoke strengthening","ADDED"
"/รับซื้อ/รับซื้อ-apple-watch-มหาสารคาม","","(no link)","รับซื้อ MacBook ในมหาสารคาม","/รับซื้อ/รับซื้อ-macbook-มหาสารคาม","รับซื้อ MacBook ในมหาสารคาม","added_sidebar_link_only","Batch 11 selective hub-spoke strengthening","ADDED"
"/รับซื้อ/รับซื้อ-apple-watch-มหาสารคาม","","(no link)","รับซื้อ คอมพิวเตอร์ ในมหาสารคาม","/รับซื้อ/รับซื้อคอมพิวเตอร์-มหาสารคาม","รับซื้อ คอมพิวเตอร์ ในมหาสารคาม","added_sidebar_link_only","Batch 11 selective hub-spoke strengthening","ADDED"
"/รับซื้อ/รับซื้อ-apple-watch-มหาสารคาม","","(no link)","รับซื้อ iPhone ในมหาสารคาม","/รับซื้อ/รับซื้อ-iphone-มหาสารคาม","รับซื้อ iPhone ในมหาสารคาม","added_sidebar_link_only","Batch 11 selective hub-spoke strengthening","ADDED"
"/รับซื้อ/รับซื้อ-apple-watch-มุกดาหาร","","(no link)","รับซื้อ โน๊ตบุ๊ค ในมุกดาหาร","/รับซื้อ/รับซื้อโน๊ตบุ๊ค-มุกดาหาร","รับซื้อ โน๊ตบุ๊ค ในมุกดาหาร","added_sidebar_link_only","Batch 11 selective hub-spoke strengthening","ADDED"
"/รับซื้อ/รับซื้อ-apple-watch-มุกดาหาร","","(no link)","รับซื้อ MacBook ในมุกดาหาร","/รับซื้อ/รับซื้อ-macbook-มุกดาหาร","รับซื้อ MacBook ในมุกดาหาร","added_sidebar_link_only","Batch 11 selective hub-spoke strengthening","ADDED"
"/รับซื้อ/รับซื้อ-apple-watch-มุกดาหาร","","(no link)","รับซื้อ คอมพิวเตอร์ ในมุกดาหาร","/รับซื้อ/รับซื้อคอมพิวเตอร์-มุกดาหาร","รับซื้อ คอมพิวเตอร์ ในมุกดาหาร","added_sidebar_link_only","Batch 11 selective hub-spoke strengthening","ADDED"
"/รับซื้อ/รับซื้อ-apple-watch-มุกดาหาร","","(no link)","รับซื้อ iPhone ในมุกดาหาร","/รับซื้อ/รับซื้อ-iphone-มุกดาหาร","รับซื้อ iPhone ในมุกดาหาร","added_sidebar_link_only","Batch 11 selective hub-spoke strengthening","ADDED"
"/รับซื้อ/รับซื้อ-apple-watch-ยโสธร","","(no link)","รับซื้อ โน๊ตบุ๊ค ในยโสธร","/รับซื้อ/รับซื้อโน๊ตบุ๊ค-ยโสธร","รับซื้อ โน๊ตบุ๊ค ในยโสธร","added_sidebar_link_only","Batch 11 selective hub-spoke strengthening","ADDED"
"/รับซื้อ/รับซื้อ-apple-watch-ยโสธร","","(no link)","รับซื้อ MacBook ในยโสธร","/รับซื้อ/รับซื้อ-macbook-ยโสธร","รับซื้อ MacBook ในยโสธร","added_sidebar_link_only","Batch 11 selective hub-spoke strengthening","ADDED"
"/รับซื้อ/รับซื้อ-apple-watch-ยโสธร","","(no link)","รับซื้อ คอมพิวเตอร์ ในยโสธร","/รับซื้อ/รับซื้อคอมพิวเตอร์-ยโสธร","รับซื้อ คอมพิวเตอร์ ในยโสธร","added_sidebar_link_only","Batch 11 selective hub-spoke strengthening","ADDED"
"/รับซื้อ/รับซื้อ-apple-watch-ยโสธร","","(no link)","รับซื้อ iPhone ในยโสธร","/รับซื้อ/รับซื้อ-iphone-ยโสธร","รับซื้อ iPhone ในยโสธร","added_sidebar_link_only","Batch 11 selective hub-spoke strengthening","ADDED"
"/รับซื้อ/รับซื้อ-apple-watch-ร้อยเอ็ด","","(no link)","รับซื้อ โน๊ตบุ๊ค ในร้อยเอ็ด","/รับซื้อ/รับซื้อโน๊ตบุ๊ค-ร้อยเอ็ด","รับซื้อ โน๊ตบุ๊ค ในร้อยเอ็ด","added_sidebar_link_only","Batch 11 selective hub-spoke strengthening","ADDED"
"/รับซื้อ/รับซื้อ-apple-watch-ร้อยเอ็ด","","(no link)","รับซื้อ MacBook ในร้อยเอ็ด","/รับซื้อ/รับซื้อ-macbook-ร้อยเอ็ด","รับซื้อ MacBook ในร้อยเอ็ด","added_sidebar_link_only","Batch 11 selective hub-spoke strengthening","ADDED"
"/รับซื้อ/รับซื้อ-apple-watch-ร้อยเอ็ด","","(no link)","รับซื้อ คอมพิวเตอร์ ในร้อยเอ็ด","/รับซื้อ/รับซื้อคอมพิวเตอร์-ร้อยเอ็ด","รับซื้อ คอมพิวเตอร์ ในร้อยเอ็ด","added_sidebar_link_only","Batch 11 selective hub-spoke strengthening","ADDED"
"/รับซื้อ/รับซื้อ-apple-watch-ร้อยเอ็ด","","(no link)","รับซื้อ iPhone ในร้อยเอ็ด","/รับซื้อ/รับซื้อ-iphone-ร้อยเอ็ด","รับซื้อ iPhone ในร้อยเอ็ด","added_sidebar_link_only","Batch 11 selective hub-spoke strengthening","ADDED"
"/รับซื้อ/รับซื้อ-apple-watch-ศรีสะเกษ","","(no link)","รับซื้อ โน๊ตบุ๊ค ในศรีสะเกษ","/รับซื้อ/รับซื้อโน๊ตบุ๊ค-ศรีสะเกษ","รับซื้อ โน๊ตบุ๊ค ในศรีสะเกษ","added_sidebar_link_only","Batch 11 selective hub-spoke strengthening","ADDED"
"/รับซื้อ/รับซื้อ-apple-watch-ศรีสะเกษ","","(no link)","รับซื้อ MacBook ในศรีสะเกษ","/รับซื้อ/รับซื้อ-macbook-ศรีสะเกษ","รับซื้อ MacBook ในศรีสะเกษ","added_sidebar_link_only","Batch 11 selective hub-spoke strengthening","ADDED"
"/รับซื้อ/รับซื้อ-apple-watch-ศรีสะเกษ","","(no link)","รับซื้อ คอมพิวเตอร์ ในศรีสะเกษ","/รับซื้อ/รับซื้อคอมพิวเตอร์-ศรีสะเกษ","รับซื้อ คอมพิวเตอร์ ในศรีสะเกษ","added_sidebar_link_only","Batch 11 selective hub-spoke strengthening","ADDED"
"/รับซื้อ/รับซื้อ-apple-watch-ศรีสะเกษ","","(no link)","รับซื้อ iPhone ในศรีสะเกษ","/รับซื้อ/รับซื้อ-iphone-ศรีสะเกษ","รับซื้อ iPhone ในศรีสะเกษ","added_sidebar_link_only","Batch 11 selective hub-spoke strengthening","ADDED"
"/รับซื้อ/รับซื้อ-apple-watch-สกลนคร","","(no link)","รับซื้อ โน๊ตบุ๊ค ในสกลนคร","/รับซื้อ/รับซื้อโน๊ตบุ๊ค-สกลนคร","รับซื้อ โน๊ตบุ๊ค ในสกลนคร","added_sidebar_link_only","Batch 11 selective hub-spoke strengthening","ADDED"
"/รับซื้อ/รับซื้อ-apple-watch-สกลนคร","","(no link)","รับซื้อ MacBook ในสกลนคร","/รับซื้อ/รับซื้อ-macbook-สกลนคร","รับซื้อ MacBook ในสกลนคร","added_sidebar_link_only","Batch 11 selective hub-spoke strengthening","ADDED"
"/รับซื้อ/รับซื้อ-apple-watch-สกลนคร","","(no link)","รับซื้อ คอมพิวเตอร์ ในสกลนคร","/รับซื้อ/รับซื้อคอมพิวเตอร์-สกลนคร","รับซื้อ คอมพิวเตอร์ ในสกลนคร","added_sidebar_link_only","Batch 11 selective hub-spoke strengthening","ADDED"
"/รับซื้อ/รับซื้อ-apple-watch-สกลนคร","","(no link)","รับซื้อ iPhone ในสกลนคร","/รับซื้อ/รับซื้อ-iphone-สกลนคร","รับซื้อ iPhone ในสกลนคร","added_sidebar_link_only","Batch 11 selective hub-spoke strengthening","ADDED"
"/รับซื้อ/รับซื้อ-apple-watch-สุรินทร์","","(no link)","รับซื้อ โน๊ตบุ๊ค ในสุรินทร์","/รับซื้อ/รับซื้อโน๊ตบุ๊ค-สุรินทร์","รับซื้อ โน๊ตบุ๊ค ในสุรินทร์","added_sidebar_link_only","Batch 11 selective hub-spoke strengthening","ADDED"
"/รับซื้อ/รับซื้อ-apple-watch-สุรินทร์","","(no link)","รับซื้อ MacBook ในสุรินทร์","/รับซื้อ/รับซื้อ-macbook-สุรินทร์","รับซื้อ MacBook ในสุรินทร์","added_sidebar_link_only","Batch 11 selective hub-spoke strengthening","ADDED"
"/รับซื้อ/รับซื้อ-apple-watch-สุรินทร์","","(no link)","รับซื้อ คอมพิวเตอร์ ในสุรินทร์","/รับซื้อ/รับซื้อคอมพิวเตอร์-สุรินทร์","รับซื้อ คอมพิวเตอร์ ในสุรินทร์","added_sidebar_link_only","Batch 11 selective hub-spoke strengthening","ADDED"
"/รับซื้อ/รับซื้อ-apple-watch-สุรินทร์","","(no link)","รับซื้อ iPhone ในสุรินทร์","/รับซื้อ/รับซื้อ-iphone-สุรินทร์","รับซื้อ iPhone ในสุรินทร์","added_sidebar_link_only","Batch 11 selective hub-spoke strengthening","ADDED"
"/รับซื้อ/รับซื้อ-apple-watch-หนองคาย","","(no link)","รับซื้อ โน๊ตบุ๊ค ในหนองคาย","/รับซื้อ/รับซื้อโน๊ตบุ๊ค-หนองคาย","รับซื้อ โน๊ตบุ๊ค ในหนองคาย","added_sidebar_link_only","Batch 11 selective hub-spoke strengthening","ADDED"
"/รับซื้อ/รับซื้อ-apple-watch-หนองคาย","","(no link)","รับซื้อ MacBook ในหนองคาย","/รับซื้อ/รับซื้อ-macbook-หนองคาย","รับซื้อ MacBook ในหนองคาย","added_sidebar_link_only","Batch 11 selective hub-spoke strengthening","ADDED"
"/รับซื้อ/รับซื้อ-apple-watch-หนองคาย","","(no link)","รับซื้อ คอมพิวเตอร์ ในหนองคาย","/รับซื้อ/รับซื้อคอมพิวเตอร์-หนองคาย","รับซื้อ คอมพิวเตอร์ ในหนองคาย","added_sidebar_link_only","Batch 11 selective hub-spoke strengthening","ADDED"
"/รับซื้อ/รับซื้อ-apple-watch-หนองคาย","","(no link)","รับซื้อ iPhone ในหนองคาย","/รับซื้อ/รับซื้อ-iphone-หนองคาย","รับซื้อ iPhone ในหนองคาย","added_sidebar_link_only","Batch 11 selective hub-spoke strengthening","ADDED"
"/รับซื้อ/รับซื้อ-apple-watch-หนองบัวลำภู","","(no link)","รับซื้อ โน๊ตบุ๊ค ในหนองบัวลำภู","/รับซื้อ/รับซื้อโน๊ตบุ๊ค-หนองบัวลำภู","รับซื้อ โน๊ตบุ๊ค ในหนองบัวลำภู","added_sidebar_link_only","Batch 11 selective hub-spoke strengthening","ADDED"
"/รับซื้อ/รับซื้อ-apple-watch-หนองบัวลำภู","","(no link)","รับซื้อ MacBook ในหนองบัวลำภู","/รับซื้อ/รับซื้อ-macbook-หนองบัวลำภู","รับซื้อ MacBook ในหนองบัวลำภู","added_sidebar_link_only","Batch 11 selective hub-spoke strengthening","ADDED"
"/รับซื้อ/รับซื้อ-apple-watch-หนองบัวลำภู","","(no link)","รับซื้อ คอมพิวเตอร์ ในหนองบัวลำภู","/รับซื้อ/รับซื้อคอมพิวเตอร์-หนองบัวลำภู","รับซื้อ คอมพิวเตอร์ ในหนองบัวลำภู","added_sidebar_link_only","Batch 11 selective hub-spoke strengthening","ADDED"
"/รับซื้อ/รับซื้อ-apple-watch-หนองบัวลำภู","","(no link)","รับซื้อ iPhone ในหนองบัวลำภู","/รับซื้อ/รับซื้อ-iphone-หนองบัวลำภู","รับซื้อ iPhone ในหนองบัวลำภู","added_sidebar_link_only","Batch 11 selective hub-spoke strengthening","ADDED"
"/รับซื้อ/รับซื้อ-apple-watch-อำนาจเจริญ","","(no link)","รับซื้อ โน๊ตบุ๊ค ในอำนาจเจริญ","/รับซื้อ/รับซื้อโน๊ตบุ๊ค-อำนาจเจริญ","รับซื้อ โน๊ตบุ๊ค ในอำนาจเจริญ","added_sidebar_link_only","Batch 11 selective hub-spoke strengthening","ADDED"
"/รับซื้อ/รับซื้อ-apple-watch-อำนาจเจริญ","","(no link)","รับซื้อ MacBook ในอำนาจเจริญ","/รับซื้อ/รับซื้อ-macbook-อำนาจเจริญ","รับซื้อ MacBook ในอำนาจเจริญ","added_sidebar_link_only","Batch 11 selective hub-spoke strengthening","ADDED"
"/รับซื้อ/รับซื้อ-apple-watch-อำนาจเจริญ","","(no link)","รับซื้อ คอมพิวเตอร์ ในอำนาจเจริญ","/รับซื้อ/รับซื้อคอมพิวเตอร์-อำนาจเจริญ","รับซื้อ คอมพิวเตอร์ ในอำนาจเจริญ","added_sidebar_link_only","Batch 11 selective hub-spoke strengthening","ADDED"
"/รับซื้อ/รับซื้อ-apple-watch-อำนาจเจริญ","","(no link)","รับซื้อ iPhone ในอำนาจเจริญ","/รับซื้อ/รับซื้อ-iphone-อำนาจเจริญ","รับซื้อ iPhone ในอำนาจเจริญ","added_sidebar_link_only","Batch 11 selective hub-spoke strengthening","ADDED"
"/รับซื้อ/รับซื้อ-apple-watch-อุดรธานี","","(no link)","รับซื้อ โน๊ตบุ๊ค ในอุดรธานี","/รับซื้อ/รับซื้อโน๊ตบุ๊ค-อุดรธานี","รับซื้อ โน๊ตบุ๊ค ในอุดรธานี","added_sidebar_link_only","Batch 11 selective hub-spoke strengthening","ADDED"
"/รับซื้อ/รับซื้อ-apple-watch-อุดรธานี","","(no link)","รับซื้อ MacBook ในอุดรธานี","/รับซื้อ/รับซื้อ-macbook-อุดรธานี","รับซื้อ MacBook ในอุดรธานี","added_sidebar_link_only","Batch 11 selective hub-spoke strengthening","ADDED"
"/รับซื้อ/รับซื้อ-apple-watch-อุดรธานี","","(no link)","รับซื้อ คอมพิวเตอร์ ในอุดรธานี","/รับซื้อ/รับซื้อคอมพิวเตอร์-อุดรธานี","รับซื้อ คอมพิวเตอร์ ในอุดรธานี","added_sidebar_link_only","Batch 11 selective hub-spoke strengthening","ADDED"
"/รับซื้อ/รับซื้อ-apple-watch-อุดรธานี","","(no link)","รับซื้อ iPhone ในอุดรธานี","/รับซื้อ/รับซื้อ-iphone-อุดรธานี","รับซื้อ iPhone ในอุดรธานี","added_sidebar_link_only","Batch 11 selective hub-spoke strengthening","ADDED"
"/รับซื้อ/รับซื้อ-apple-watch-อุบลราชธานี","","(no link)","รับซื้อโน๊ตบุ๊ค ในอุบลราชธานี","/รับซื้อ/รับซื้อโน๊ตบุ๊ค-อุบลราชธานี","รับซื้อโน๊ตบุ๊ค ในอุบลราชธานี","added_sidebar_link_only","Batch 11 selective hub-spoke strengthening","ADDED"
"/รับซื้อ/รับซื้อ-apple-watch-อุบลราชธานี","","(no link)","รับซื้อ MacBook ในอุบลราชธานี","/รับซื้อ/รับซื้อ-macbook-อุบลราชธานี","รับซื้อ MacBook ในอุบลราชธานี","added_sidebar_link_only","Batch 11 selective hub-spoke strengthening","ADDED"
"/รับซื้อ/รับซื้อ-apple-watch-อุบลราชธานี","","(no link)","รับซื้อคอมพิวเตอร์ ในอุบลราชธานี","/รับซื้อ/รับซื้อคอมพิวเตอร์-อุบลราชธานี","รับซื้อคอมพิวเตอร์ ในอุบลราชธานี","added_sidebar_link_only","Batch 11 selective hub-spoke strengthening","ADDED"
"/รับซื้อ/รับซื้อ-apple-watch-อุบลราชธานี","","(no link)","รับซื้อ iPhone ในอุบลราชธานี","/รับซื้อ/รับซื้อ-iphone-อุบลราชธานี","รับซื้อ iPhone ในอุบลราชธานี","added_sidebar_link_only","Batch 11 selective hub-spoke strengthening","ADDED"
"/รับซื้อ/รับซื้อ-apple-watch-เลย","","(no link)","รับซื้อ โน๊ตบุ๊ค ในเลย","/รับซื้อ/รับซื้อโน๊ตบุ๊ค-เลย","รับซื้อ โน๊ตบุ๊ค ในเลย","added_sidebar_link_only","Batch 11 selective hub-spoke strengthening","ADDED"
"/รับซื้อ/รับซื้อ-apple-watch-เลย","","(no link)","รับซื้อ MacBook ในเลย","/รับซื้อ/รับซื้อ-macbook-เลย","รับซื้อ MacBook ในเลย","added_sidebar_link_only","Batch 11 selective hub-spoke strengthening","ADDED"
"/รับซื้อ/รับซื้อ-apple-watch-เลย","","(no link)","รับซื้อ คอมพิวเตอร์ ในเลย","/รับซื้อ/รับซื้อคอมพิวเตอร์-เลย","รับซื้อ คอมพิวเตอร์ ในเลย","added_sidebar_link_only","Batch 11 selective hub-spoke strengthening","ADDED"
"/รับซื้อ/รับซื้อ-apple-watch-เลย","","(no link)","รับซื้อ iPhone ในเลย","/รับซื้อ/รับซื้อ-iphone-เลย","รับซื้อ iPhone ในเลย","added_sidebar_link_only","Batch 11 selective hub-spoke strengthening","ADDED"
"/รับซื้อ/รับซื้อ-apple-กาฬสินธุ์","","(no link)","รับซื้อ โน๊ตบุ๊ค ในกาฬสินธุ์","/รับซื้อ/รับซื้อโน๊ตบุ๊ค-กาฬสินธุ์","รับซื้อ โน๊ตบุ๊ค ในกาฬสินธุ์","added_sidebar_link_only","Batch 11 selective hub-spoke strengthening","ADDED"
"/รับซื้อ/รับซื้อ-apple-กาฬสินธุ์","","(no link)","รับซื้อ MacBook ในกาฬสินธุ์","/รับซื้อ/รับซื้อ-macbook-กาฬสินธุ์","รับซื้อ MacBook ในกาฬสินธุ์","added_sidebar_link_only","Batch 11 selective hub-spoke strengthening","ADDED"
"/รับซื้อ/รับซื้อ-apple-กาฬสินธุ์","","(no link)","รับซื้อ คอมพิวเตอร์ ในกาฬสินธุ์","/รับซื้อ/รับซื้อคอมพิวเตอร์-กาฬสินธุ์","รับซื้อ คอมพิวเตอร์ ในกาฬสินธุ์","added_sidebar_link_only","Batch 11 selective hub-spoke strengthening","ADDED"
"/รับซื้อ/รับซื้อ-apple-กาฬสินธุ์","","(no link)","รับซื้อ iPhone ในกาฬสินธุ์","/รับซื้อ/รับซื้อ-iphone-กาฬสินธุ์","รับซื้อ iPhone ในกาฬสินธุ์","added_sidebar_link_only","Batch 11 selective hub-spoke strengthening","ADDED"
"/รับซื้อ/รับซื้อ-apple-ขอนแก่น","","(no link)","รับซื้อ โน๊ตบุ๊ค ในขอนแก่น","/รับซื้อ/รับซื้อโน๊ตบุ๊ค-ขอนแก่น","รับซื้อ โน๊ตบุ๊ค ในขอนแก่น","added_sidebar_link_only","Batch 11 selective hub-spoke strengthening","ADDED"
"/รับซื้อ/รับซื้อ-apple-ขอนแก่น","","(no link)","รับซื้อ MacBook ในขอนแก่น","/รับซื้อ/รับซื้อ-macbook-ขอนแก่น","รับซื้อ MacBook ในขอนแก่น","added_sidebar_link_only","Batch 11 selective hub-spoke strengthening","ADDED"
"/รับซื้อ/รับซื้อ-apple-ขอนแก่น","","(no link)","รับซื้อ คอมพิวเตอร์ ในขอนแก่น","/รับซื้อ/รับซื้อคอมพิวเตอร์-ขอนแก่น","รับซื้อ คอมพิวเตอร์ ในขอนแก่น","added_sidebar_link_only","Batch 11 selective hub-spoke strengthening","ADDED"
"/รับซื้อ/รับซื้อ-apple-ขอนแก่น","","(no link)","รับซื้อ iPhone ในขอนแก่น","/รับซื้อ/รับซื้อ-iphone-ขอนแก่น","รับซื้อ iPhone ในขอนแก่น","added_sidebar_link_only","Batch 11 selective hub-spoke strengthening","ADDED"
"/รับซื้อ/รับซื้อ-apple-ชัยภูมิ","","(no link)","รับซื้อ โน๊ตบุ๊ค ในชัยภูมิ","/รับซื้อ/รับซื้อโน๊ตบุ๊ค-ชัยภูมิ","รับซื้อ โน๊ตบุ๊ค ในชัยภูมิ","added_sidebar_link_only","Batch 11 selective hub-spoke strengthening","ADDED"
"/รับซื้อ/รับซื้อ-apple-ชัยภูมิ","","(no link)","รับซื้อ MacBook ในชัยภูมิ","/รับซื้อ/รับซื้อ-macbook-ชัยภูมิ","รับซื้อ MacBook ในชัยภูมิ","added_sidebar_link_only","Batch 11 selective hub-spoke strengthening","ADDED"
"/รับซื้อ/รับซื้อ-apple-ชัยภูมิ","","(no link)","รับซื้อ คอมพิวเตอร์ ในชัยภูมิ","/รับซื้อ/รับซื้อคอมพิวเตอร์-ชัยภูมิ","รับซื้อ คอมพิวเตอร์ ในชัยภูมิ","added_sidebar_link_only","Batch 11 selective hub-spoke strengthening","ADDED"
"/รับซื้อ/รับซื้อ-apple-ชัยภูมิ","","(no link)","รับซื้อ iPhone ในชัยภูมิ","/รับซื้อ/รับซื้อ-iphone-ชัยภูมิ","รับซื้อ iPhone ในชัยภูมิ","added_sidebar_link_only","Batch 11 selective hub-spoke strengthening","ADDED"
"/รับซื้อ/รับซื้อ-apple-นครพนม","","(no link)","รับซื้อ โน๊ตบุ๊ค ในนครพนม","/รับซื้อ/รับซื้อโน๊ตบุ๊ค-นครพนม","รับซื้อ โน๊ตบุ๊ค ในนครพนม","added_sidebar_link_only","Batch 11 selective hub-spoke strengthening","ADDED"
"/รับซื้อ/รับซื้อ-apple-นครพนม","","(no link)","รับซื้อ MacBook ในนครพนม","/รับซื้อ/รับซื้อ-macbook-นครพนม","รับซื้อ MacBook ในนครพนม","added_sidebar_link_only","Batch 11 selective hub-spoke strengthening","ADDED"
"/รับซื้อ/รับซื้อ-apple-นครพนม","","(no link)","รับซื้อ คอมพิวเตอร์ ในนครพนม","/รับซื้อ/รับซื้อคอมพิวเตอร์-นครพนม","รับซื้อ คอมพิวเตอร์ ในนครพนม","added_sidebar_link_only","Batch 11 selective hub-spoke strengthening","ADDED"
"/รับซื้อ/รับซื้อ-apple-นครพนม","","(no link)","รับซื้อ iPhone ในนครพนม","/รับซื้อ/รับซื้อ-iphone-นครพนม","รับซื้อ iPhone ในนครพนม","added_sidebar_link_only","Batch 11 selective hub-spoke strengthening","ADDED"
"/รับซื้อ/รับซื้อ-apple-นครราชสีมา","","(no link)","รับซื้อ โน๊ตบุ๊ค ในนครราชสีมา","/รับซื้อ/รับซื้อโน๊ตบุ๊ค-นครราชสีมา","รับซื้อ โน๊ตบุ๊ค ในนครราชสีมา","added_sidebar_link_only","Batch 11 selective hub-spoke strengthening","ADDED"
"/รับซื้อ/รับซื้อ-apple-นครราชสีมา","","(no link)","รับซื้อ MacBook ในนครราชสีมา","/รับซื้อ/รับซื้อ-macbook-นครราชสีมา","รับซื้อ MacBook ในนครราชสีมา","added_sidebar_link_only","Batch 11 selective hub-spoke strengthening","ADDED"
"/รับซื้อ/รับซื้อ-apple-นครราชสีมา","","(no link)","รับซื้อ คอมพิวเตอร์ ในนครราชสีมา","/รับซื้อ/รับซื้อคอมพิวเตอร์-นครราชสีมา","รับซื้อ คอมพิวเตอร์ ในนครราชสีมา","added_sidebar_link_only","Batch 11 selective hub-spoke strengthening","ADDED"
"/รับซื้อ/รับซื้อ-apple-นครราชสีมา","","(no link)","รับซื้อ iPhone ในนครราชสีมา","/รับซื้อ/รับซื้อ-iphone-นครราชสีมา","รับซื้อ iPhone ในนครราชสีมา","added_sidebar_link_only","Batch 11 selective hub-spoke strengthening","ADDED"
"/รับซื้อ/รับซื้อ-apple-บึงกาฬ","","(no link)","รับซื้อ โน๊ตบุ๊ค ในบึงกาฬ","/รับซื้อ/รับซื้อโน๊ตบุ๊ค-บึงกาฬ","รับซื้อ โน๊ตบุ๊ค ในบึงกาฬ","added_sidebar_link_only","Batch 11 selective hub-spoke strengthening","ADDED"
"/รับซื้อ/รับซื้อ-apple-บึงกาฬ","","(no link)","รับซื้อ MacBook ในบึงกาฬ","/รับซื้อ/รับซื้อ-macbook-บึงกาฬ","รับซื้อ MacBook ในบึงกาฬ","added_sidebar_link_only","Batch 11 selective hub-spoke strengthening","ADDED"
"/รับซื้อ/รับซื้อ-apple-บึงกาฬ","","(no link)","รับซื้อ คอมพิวเตอร์ ในบึงกาฬ","/รับซื้อ/รับซื้อคอมพิวเตอร์-บึงกาฬ","รับซื้อ คอมพิวเตอร์ ในบึงกาฬ","added_sidebar_link_only","Batch 11 selective hub-spoke strengthening","ADDED"
"/รับซื้อ/รับซื้อ-apple-บึงกาฬ","","(no link)","รับซื้อ iPhone ในบึงกาฬ","/รับซื้อ/รับซื้อ-iphone-บึงกาฬ","รับซื้อ iPhone ในบึงกาฬ","added_sidebar_link_only","Batch 11 selective hub-spoke strengthening","ADDED"
"/รับซื้อ/รับซื้อ-apple-บุรีรัมย์","","(no link)","รับซื้อ โน๊ตบุ๊ค ในบุรีรัมย์","/รับซื้อ/รับซื้อโน๊ตบุ๊ค-บุรีรัมย์","รับซื้อ โน๊ตบุ๊ค ในบุรีรัมย์","added_sidebar_link_only","Batch 11 selective hub-spoke strengthening","ADDED"
"/รับซื้อ/รับซื้อ-apple-บุรีรัมย์","","(no link)","รับซื้อ MacBook ในบุรีรัมย์","/รับซื้อ/รับซื้อ-macbook-บุรีรัมย์","รับซื้อ MacBook ในบุรีรัมย์","added_sidebar_link_only","Batch 11 selective hub-spoke strengthening","ADDED"
"/รับซื้อ/รับซื้อ-apple-บุรีรัมย์","","(no link)","รับซื้อ คอมพิวเตอร์ ในบุรีรัมย์","/รับซื้อ/รับซื้อคอมพิวเตอร์-บุรีรัมย์","รับซื้อ คอมพิวเตอร์ ในบุรีรัมย์","added_sidebar_link_only","Batch 11 selective hub-spoke strengthening","ADDED"
"/รับซื้อ/รับซื้อ-apple-บุรีรัมย์","","(no link)","รับซื้อ iPhone ในบุรีรัมย์","/รับซื้อ/รับซื้อ-iphone-บุรีรัมย์","รับซื้อ iPhone ในบุรีรัมย์","added_sidebar_link_only","Batch 11 selective hub-spoke strengthening","ADDED"
"/รับซื้อ/รับซื้อ-apple-มหาสารคาม","","(no link)","รับซื้อ โน๊ตบุ๊ค ในมหาสารคาม","/รับซื้อ/รับซื้อโน๊ตบุ๊ค-มหาสารคาม","รับซื้อ โน๊ตบุ๊ค ในมหาสารคาม","added_sidebar_link_only","Batch 11 selective hub-spoke strengthening","ADDED"
"/รับซื้อ/รับซื้อ-apple-มหาสารคาม","","(no link)","รับซื้อ MacBook ในมหาสารคาม","/รับซื้อ/รับซื้อ-macbook-มหาสารคาม","รับซื้อ MacBook ในมหาสารคาม","added_sidebar_link_only","Batch 11 selective hub-spoke strengthening","ADDED"
"/รับซื้อ/รับซื้อ-apple-มหาสารคาม","","(no link)","รับซื้อ คอมพิวเตอร์ ในมหาสารคาม","/รับซื้อ/รับซื้อคอมพิวเตอร์-มหาสารคาม","รับซื้อ คอมพิวเตอร์ ในมหาสารคาม","added_sidebar_link_only","Batch 11 selective hub-spoke strengthening","ADDED"
"/รับซื้อ/รับซื้อ-apple-มหาสารคาม","","(no link)","รับซื้อ iPhone ในมหาสารคาม","/รับซื้อ/รับซื้อ-iphone-มหาสารคาม","รับซื้อ iPhone ในมหาสารคาม","added_sidebar_link_only","Batch 11 selective hub-spoke strengthening","ADDED"
"/รับซื้อ/รับซื้อ-apple-มุกดาหาร","","(no link)","รับซื้อ โน๊ตบุ๊ค ในมุกดาหาร","/รับซื้อ/รับซื้อโน๊ตบุ๊ค-มุกดาหาร","รับซื้อ โน๊ตบุ๊ค ในมุกดาหาร","added_sidebar_link_only","Batch 11 selective hub-spoke strengthening","ADDED"
"/รับซื้อ/รับซื้อ-apple-มุกดาหาร","","(no link)","รับซื้อ MacBook ในมุกดาหาร","/รับซื้อ/รับซื้อ-macbook-มุกดาหาร","รับซื้อ MacBook ในมุกดาหาร","added_sidebar_link_only","Batch 11 selective hub-spoke strengthening","ADDED"
"/รับซื้อ/รับซื้อ-apple-มุกดาหาร","","(no link)","รับซื้อ คอมพิวเตอร์ ในมุกดาหาร","/รับซื้อ/รับซื้อคอมพิวเตอร์-มุกดาหาร","รับซื้อ คอมพิวเตอร์ ในมุกดาหาร","added_sidebar_link_only","Batch 11 selective hub-spoke strengthening","ADDED"
"/รับซื้อ/รับซื้อ-apple-มุกดาหาร","","(no link)","รับซื้อ iPhone ในมุกดาหาร","/รับซื้อ/รับซื้อ-iphone-มุกดาหาร","รับซื้อ iPhone ในมุกดาหาร","added_sidebar_link_only","Batch 11 selective hub-spoke strengthening","ADDED"
"/รับซื้อ/รับซื้อ-apple-ยโสธร","","(no link)","รับซื้อ โน๊ตบุ๊ค ในยโสธร","/รับซื้อ/รับซื้อโน๊ตบุ๊ค-ยโสธร","รับซื้อ โน๊ตบุ๊ค ในยโสธร","added_sidebar_link_only","Batch 11 selective hub-spoke strengthening","ADDED"
"/รับซื้อ/รับซื้อ-apple-ยโสธร","","(no link)","รับซื้อ MacBook ในยโสธร","/รับซื้อ/รับซื้อ-macbook-ยโสธร","รับซื้อ MacBook ในยโสธร","added_sidebar_link_only","Batch 11 selective hub-spoke strengthening","ADDED"
"/รับซื้อ/รับซื้อ-apple-ยโสธร","","(no link)","รับซื้อ คอมพิวเตอร์ ในยโสธร","/รับซื้อ/รับซื้อคอมพิวเตอร์-ยโสธร","รับซื้อ คอมพิวเตอร์ ในยโสธร","added_sidebar_link_only","Batch 11 selective hub-spoke strengthening","ADDED"
"/รับซื้อ/รับซื้อ-apple-ยโสธร","","(no link)","รับซื้อ iPhone ในยโสธร","/รับซื้อ/รับซื้อ-iphone-ยโสธร","รับซื้อ iPhone ในยโสธร","added_sidebar_link_only","Batch 11 selective hub-spoke strengthening","ADDED"
"/รับซื้อ/รับซื้อ-apple-ร้อยเอ็ด","","(no link)","รับซื้อ โน๊ตบุ๊ค ในร้อยเอ็ด","/รับซื้อ/รับซื้อโน๊ตบุ๊ค-ร้อยเอ็ด","รับซื้อ โน๊ตบุ๊ค ในร้อยเอ็ด","added_sidebar_link_only","Batch 11 selective hub-spoke strengthening","ADDED"
"/รับซื้อ/รับซื้อ-apple-ร้อยเอ็ด","","(no link)","รับซื้อ MacBook ในร้อยเอ็ด","/รับซื้อ/รับซื้อ-macbook-ร้อยเอ็ด","รับซื้อ MacBook ในร้อยเอ็ด","added_sidebar_link_only","Batch 11 selective hub-spoke strengthening","ADDED"
"/รับซื้อ/รับซื้อ-apple-ร้อยเอ็ด","","(no link)","รับซื้อ คอมพิวเตอร์ ในร้อยเอ็ด","/รับซื้อ/รับซื้อคอมพิวเตอร์-ร้อยเอ็ด","รับซื้อ คอมพิวเตอร์ ในร้อยเอ็ด","added_sidebar_link_only","Batch 11 selective hub-spoke strengthening","ADDED"
"/รับซื้อ/รับซื้อ-apple-ร้อยเอ็ด","","(no link)","รับซื้อ iPhone ในร้อยเอ็ด","/รับซื้อ/รับซื้อ-iphone-ร้อยเอ็ด","รับซื้อ iPhone ในร้อยเอ็ด","added_sidebar_link_only","Batch 11 selective hub-spoke strengthening","ADDED"
"/รับซื้อ/รับซื้อ-apple-ศรีสะเกษ","","(no link)","รับซื้อ โน๊ตบุ๊ค ในศรีสะเกษ","/รับซื้อ/รับซื้อโน๊ตบุ๊ค-ศรีสะเกษ","รับซื้อ โน๊ตบุ๊ค ในศรีสะเกษ","added_sidebar_link_only","Batch 11 selective hub-spoke strengthening","ADDED"
"/รับซื้อ/รับซื้อ-apple-ศรีสะเกษ","","(no link)","รับซื้อ MacBook ในศรีสะเกษ","/รับซื้อ/รับซื้อ-macbook-ศรีสะเกษ","รับซื้อ MacBook ในศรีสะเกษ","added_sidebar_link_only","Batch 11 selective hub-spoke strengthening","ADDED"
"/รับซื้อ/รับซื้อ-apple-ศรีสะเกษ","","(no link)","รับซื้อ คอมพิวเตอร์ ในศรีสะเกษ","/รับซื้อ/รับซื้อคอมพิวเตอร์-ศรีสะเกษ","รับซื้อ คอมพิวเตอร์ ในศรีสะเกษ","added_sidebar_link_only","Batch 11 selective hub-spoke strengthening","ADDED"
"/รับซื้อ/รับซื้อ-apple-ศรีสะเกษ","","(no link)","รับซื้อ iPhone ในศรีสะเกษ","/รับซื้อ/รับซื้อ-iphone-ศรีสะเกษ","รับซื้อ iPhone ในศรีสะเกษ","added_sidebar_link_only","Batch 11 selective hub-spoke strengthening","ADDED"
"/รับซื้อ/รับซื้อ-apple-สกลนคร","","(no link)","รับซื้อ โน๊ตบุ๊ค ในสกลนคร","/รับซื้อ/รับซื้อโน๊ตบุ๊ค-สกลนคร","รับซื้อ โน๊ตบุ๊ค ในสกลนคร","added_sidebar_link_only","Batch 11 selective hub-spoke strengthening","ADDED"
"/รับซื้อ/รับซื้อ-apple-สกลนคร","","(no link)","รับซื้อ MacBook ในสกลนคร","/รับซื้อ/รับซื้อ-macbook-สกลนคร","รับซื้อ MacBook ในสกลนคร","added_sidebar_link_only","Batch 11 selective hub-spoke strengthening","ADDED"
"/รับซื้อ/รับซื้อ-apple-สกลนคร","","(no link)","รับซื้อ คอมพิวเตอร์ ในสกลนคร","/รับซื้อ/รับซื้อคอมพิวเตอร์-สกลนคร","รับซื้อ คอมพิวเตอร์ ในสกลนคร","added_sidebar_link_only","Batch 11 selective hub-spoke strengthening","ADDED"
"/รับซื้อ/รับซื้อ-apple-สกลนคร","","(no link)","รับซื้อ iPhone ในสกลนคร","/รับซื้อ/รับซื้อ-iphone-สกลนคร","รับซื้อ iPhone ในสกลนคร","added_sidebar_link_only","Batch 11 selective hub-spoke strengthening","ADDED"
"/รับซื้อ/รับซื้อ-apple-สุรินทร์","","(no link)","รับซื้อ โน๊ตบุ๊ค ในสุรินทร์","/รับซื้อ/รับซื้อโน๊ตบุ๊ค-สุรินทร์","รับซื้อ โน๊ตบุ๊ค ในสุรินทร์","added_sidebar_link_only","Batch 11 selective hub-spoke strengthening","ADDED"
"/รับซื้อ/รับซื้อ-apple-สุรินทร์","","(no link)","รับซื้อ MacBook ในสุรินทร์","/รับซื้อ/รับซื้อ-macbook-สุรินทร์","รับซื้อ MacBook ในสุรินทร์","added_sidebar_link_only","Batch 11 selective hub-spoke strengthening","ADDED"
"/รับซื้อ/รับซื้อ-apple-สุรินทร์","","(no link)","รับซื้อ คอมพิวเตอร์ ในสุรินทร์","/รับซื้อ/รับซื้อคอมพิวเตอร์-สุรินทร์","รับซื้อ คอมพิวเตอร์ ในสุรินทร์","added_sidebar_link_only","Batch 11 selective hub-spoke strengthening","ADDED"
"/รับซื้อ/รับซื้อ-apple-สุรินทร์","","(no link)","รับซื้อ iPhone ในสุรินทร์","/รับซื้อ/รับซื้อ-iphone-สุรินทร์","รับซื้อ iPhone ในสุรินทร์","added_sidebar_link_only","Batch 11 selective hub-spoke strengthening","ADDED"
"/รับซื้อ/รับซื้อ-apple-หนองคาย","","(no link)","รับซื้อ โน๊ตบุ๊ค ในหนองคาย","/รับซื้อ/รับซื้อโน๊ตบุ๊ค-หนองคาย","รับซื้อ โน๊ตบุ๊ค ในหนองคาย","added_sidebar_link_only","Batch 11 selective hub-spoke strengthening","ADDED"
"/รับซื้อ/รับซื้อ-apple-หนองคาย","","(no link)","รับซื้อ MacBook ในหนองคาย","/รับซื้อ/รับซื้อ-macbook-หนองคาย","รับซื้อ MacBook ในหนองคาย","added_sidebar_link_only","Batch 11 selective hub-spoke strengthening","ADDED"
"/รับซื้อ/รับซื้อ-apple-หนองคาย","","(no link)","รับซื้อ คอมพิวเตอร์ ในหนองคาย","/รับซื้อ/รับซื้อคอมพิวเตอร์-หนองคาย","รับซื้อ คอมพิวเตอร์ ในหนองคาย","added_sidebar_link_only","Batch 11 selective hub-spoke strengthening","ADDED"
"/รับซื้อ/รับซื้อ-apple-หนองคาย","","(no link)","รับซื้อ iPhone ในหนองคาย","/รับซื้อ/รับซื้อ-iphone-หนองคาย","รับซื้อ iPhone ในหนองคาย","added_sidebar_link_only","Batch 11 selective hub-spoke strengthening","ADDED"
"/รับซื้อ/รับซื้อ-apple-หนองบัวลำภู","","(no link)","รับซื้อ โน๊ตบุ๊ค ในหนองบัวลำภู","/รับซื้อ/รับซื้อโน๊ตบุ๊ค-หนองบัวลำภู","รับซื้อ โน๊ตบุ๊ค ในหนองบัวลำภู","added_sidebar_link_only","Batch 11 selective hub-spoke strengthening","ADDED"
"/รับซื้อ/รับซื้อ-apple-หนองบัวลำภู","","(no link)","รับซื้อ MacBook ในหนองบัวลำภู","/รับซื้อ/รับซื้อ-macbook-หนองบัวลำภู","รับซื้อ MacBook ในหนองบัวลำภู","added_sidebar_link_only","Batch 11 selective hub-spoke strengthening","ADDED"
"/รับซื้อ/รับซื้อ-apple-หนองบัวลำภู","","(no link)","รับซื้อ คอมพิวเตอร์ ในหนองบัวลำภู","/รับซื้อ/รับซื้อคอมพิวเตอร์-หนองบัวลำภู","รับซื้อ คอมพิวเตอร์ ในหนองบัวลำภู","added_sidebar_link_only","Batch 11 selective hub-spoke strengthening","ADDED"
"/รับซื้อ/รับซื้อ-apple-หนองบัวลำภู","","(no link)","รับซื้อ iPhone ในหนองบัวลำภู","/รับซื้อ/รับซื้อ-iphone-หนองบัวลำภู","รับซื้อ iPhone ในหนองบัวลำภู","added_sidebar_link_only","Batch 11 selective hub-spoke strengthening","ADDED"
"/รับซื้อ/รับซื้อ-apple-อำนาจเจริญ","","(no link)","รับซื้อ โน๊ตบุ๊ค ในอำนาจเจริญ","/รับซื้อ/รับซื้อโน๊ตบุ๊ค-อำนาจเจริญ","รับซื้อ โน๊ตบุ๊ค ในอำนาจเจริญ","added_sidebar_link_only","Batch 11 selective hub-spoke strengthening","ADDED"
"/รับซื้อ/รับซื้อ-apple-อำนาจเจริญ","","(no link)","รับซื้อ MacBook ในอำนาจเจริญ","/รับซื้อ/รับซื้อ-macbook-อำนาจเจริญ","รับซื้อ MacBook ในอำนาจเจริญ","added_sidebar_link_only","Batch 11 selective hub-spoke strengthening","ADDED"
"/รับซื้อ/รับซื้อ-apple-อำนาจเจริญ","","(no link)","รับซื้อ คอมพิวเตอร์ ในอำนาจเจริญ","/รับซื้อ/รับซื้อคอมพิวเตอร์-อำนาจเจริญ","รับซื้อ คอมพิวเตอร์ ในอำนาจเจริญ","added_sidebar_link_only","Batch 11 selective hub-spoke strengthening","ADDED"
"/รับซื้อ/รับซื้อ-apple-อำนาจเจริญ","","(no link)","รับซื้อ iPhone ในอำนาจเจริญ","/รับซื้อ/รับซื้อ-iphone-อำนาจเจริญ","รับซื้อ iPhone ในอำนาจเจริญ","added_sidebar_link_only","Batch 11 selective hub-spoke strengthening","ADDED"
"/รับซื้อ/รับซื้อ-apple-อุดรธานี","","(no link)","รับซื้อ โน๊ตบุ๊ค ในอุดรธานี","/รับซื้อ/รับซื้อโน๊ตบุ๊ค-อุดรธานี","รับซื้อ โน๊ตบุ๊ค ในอุดรธานี","added_sidebar_link_only","Batch 11 selective hub-spoke strengthening","ADDED"
"/รับซื้อ/รับซื้อ-apple-อุดรธานี","","(no link)","รับซื้อ MacBook ในอุดรธานี","/รับซื้อ/รับซื้อ-macbook-อุดรธานี","รับซื้อ MacBook ในอุดรธานี","added_sidebar_link_only","Batch 11 selective hub-spoke strengthening","ADDED"
"/รับซื้อ/รับซื้อ-apple-อุดรธานี","","(no link)","รับซื้อ คอมพิวเตอร์ ในอุดรธานี","/รับซื้อ/รับซื้อคอมพิวเตอร์-อุดรธานี","รับซื้อ คอมพิวเตอร์ ในอุดรธานี","added_sidebar_link_only","Batch 11 selective hub-spoke strengthening","ADDED"
"/รับซื้อ/รับซื้อ-apple-อุดรธานี","","(no link)","รับซื้อ iPhone ในอุดรธานี","/รับซื้อ/รับซื้อ-iphone-อุดรธานี","รับซื้อ iPhone ในอุดรธานี","added_sidebar_link_only","Batch 11 selective hub-spoke strengthening","ADDED"
"/รับซื้อ/รับซื้อ-apple-อุบลราชธานี","","(no link)","รับซื้อโน๊ตบุ๊ค ในอุบลราชธานี","/รับซื้อ/รับซื้อโน๊ตบุ๊ค-อุบลราชธานี","รับซื้อโน๊ตบุ๊ค ในอุบลราชธานี","added_sidebar_link_only","Batch 11 selective hub-spoke strengthening","ADDED"
"/รับซื้อ/รับซื้อ-apple-อุบลราชธานี","","(no link)","รับซื้อ MacBook ในอุบลราชธานี","/รับซื้อ/รับซื้อ-macbook-อุบลราชธานี","รับซื้อ MacBook ในอุบลราชธานี","added_sidebar_link_only","Batch 11 selective hub-spoke strengthening","ADDED"
"/รับซื้อ/รับซื้อ-apple-อุบลราชธานี","","(no link)","รับซื้อคอมพิวเตอร์ ในอุบลราชธานี","/รับซื้อ/รับซื้อคอมพิวเตอร์-อุบลราชธานี","รับซื้อคอมพิวเตอร์ ในอุบลราชธานี","added_sidebar_link_only","Batch 11 selective hub-spoke strengthening","ADDED"
"/รับซื้อ/รับซื้อ-apple-อุบลราชธานี","","(no link)","รับซื้อ iPhone ในอุบลราชธานี","/รับซื้อ/รับซื้อ-iphone-อุบลราชธานี","รับซื้อ iPhone ในอุบลราชธานี","added_sidebar_link_only","Batch 11 selective hub-spoke strengthening","ADDED"
"/รับซื้อ/รับซื้อ-apple-เลย","","(no link)","รับซื้อ โน๊ตบุ๊ค ในเลย","/รับซื้อ/รับซื้อโน๊ตบุ๊ค-เลย","รับซื้อ โน๊ตบุ๊ค ในเลย","added_sidebar_link_only","Batch 11 selective hub-spoke strengthening","ADDED"
"/รับซื้อ/รับซื้อ-apple-เลย","","(no link)","รับซื้อ MacBook ในเลย","/รับซื้อ/รับซื้อ-macbook-เลย","รับซื้อ MacBook ในเลย","added_sidebar_link_only","Batch 11 selective hub-spoke strengthening","ADDED"
"/รับซื้อ/รับซื้อ-apple-เลย","","(no link)","รับซื้อ คอมพิวเตอร์ ในเลย","/รับซื้อ/รับซื้อคอมพิวเตอร์-เลย","รับซื้อ คอมพิวเตอร์ ในเลย","added_sidebar_link_only","Batch 11 selective hub-spoke strengthening","ADDED"
"/รับซื้อ/รับซื้อ-apple-เลย","","(no link)","รับซื้อ iPhone ในเลย","/รับซื้อ/รับซื้อ-iphone-เลย","รับซื้อ iPhone ในเลย","added_sidebar_link_only","Batch 11 selective hub-spoke strengthening","ADDED"
"/รับซื้อ/รับซื้อ-imac-กาฬสินธุ์","","(no link)","รับซื้อ โน๊ตบุ๊ค ในกาฬสินธุ์","/รับซื้อ/รับซื้อโน๊ตบุ๊ค-กาฬสินธุ์","รับซื้อ โน๊ตบุ๊ค ในกาฬสินธุ์","added_sidebar_link_only","Batch 11 selective hub-spoke strengthening","ADDED"
"/รับซื้อ/รับซื้อ-imac-กาฬสินธุ์","","(no link)","รับซื้อ MacBook ในกาฬสินธุ์","/รับซื้อ/รับซื้อ-macbook-กาฬสินธุ์","รับซื้อ MacBook ในกาฬสินธุ์","added_sidebar_link_only","Batch 11 selective hub-spoke strengthening","ADDED"
"/รับซื้อ/รับซื้อ-imac-กาฬสินธุ์","","(no link)","รับซื้อ คอมพิวเตอร์ ในกาฬสินธุ์","/รับซื้อ/รับซื้อคอมพิวเตอร์-กาฬสินธุ์","รับซื้อ คอมพิวเตอร์ ในกาฬสินธุ์","added_sidebar_link_only","Batch 11 selective hub-spoke strengthening","ADDED"
"/รับซื้อ/รับซื้อ-imac-กาฬสินธุ์","","(no link)","รับซื้อ iPhone ในกาฬสินธุ์","/รับซื้อ/รับซื้อ-iphone-กาฬสินธุ์","รับซื้อ iPhone ในกาฬสินธุ์","added_sidebar_link_only","Batch 11 selective hub-spoke strengthening","ADDED"
"/รับซื้อ/รับซื้อ-imac-ขอนแก่น","","(no link)","รับซื้อ โน๊ตบุ๊ค ในขอนแก่น","/รับซื้อ/รับซื้อโน๊ตบุ๊ค-ขอนแก่น","รับซื้อ โน๊ตบุ๊ค ในขอนแก่น","added_sidebar_link_only","Batch 11 selective hub-spoke strengthening","ADDED"
"/รับซื้อ/รับซื้อ-imac-ขอนแก่น","","(no link)","รับซื้อ MacBook ในขอนแก่น","/รับซื้อ/รับซื้อ-macbook-ขอนแก่น","รับซื้อ MacBook ในขอนแก่น","added_sidebar_link_only","Batch 11 selective hub-spoke strengthening","ADDED"
"/รับซื้อ/รับซื้อ-imac-ขอนแก่น","","(no link)","รับซื้อ คอมพิวเตอร์ ในขอนแก่น","/รับซื้อ/รับซื้อคอมพิวเตอร์-ขอนแก่น","รับซื้อ คอมพิวเตอร์ ในขอนแก่น","added_sidebar_link_only","Batch 11 selective hub-spoke strengthening","ADDED"
"/รับซื้อ/รับซื้อ-imac-ขอนแก่น","","(no link)","รับซื้อ iPhone ในขอนแก่น","/รับซื้อ/รับซื้อ-iphone-ขอนแก่น","รับซื้อ iPhone ในขอนแก่น","added_sidebar_link_only","Batch 11 selective hub-spoke strengthening","ADDED"
"/รับซื้อ/รับซื้อ-imac-ชัยภูมิ","","(no link)","รับซื้อ โน๊ตบุ๊ค ในชัยภูมิ","/รับซื้อ/รับซื้อโน๊ตบุ๊ค-ชัยภูมิ","รับซื้อ โน๊ตบุ๊ค ในชัยภูมิ","added_sidebar_link_only","Batch 11 selective hub-spoke strengthening","ADDED"
"/รับซื้อ/รับซื้อ-imac-ชัยภูมิ","","(no link)","รับซื้อ MacBook ในชัยภูมิ","/รับซื้อ/รับซื้อ-macbook-ชัยภูมิ","รับซื้อ MacBook ในชัยภูมิ","added_sidebar_link_only","Batch 11 selective hub-spoke strengthening","ADDED"
"/รับซื้อ/รับซื้อ-imac-ชัยภูมิ","","(no link)","รับซื้อ คอมพิวเตอร์ ในชัยภูมิ","/รับซื้อ/รับซื้อคอมพิวเตอร์-ชัยภูมิ","รับซื้อ คอมพิวเตอร์ ในชัยภูมิ","added_sidebar_link_only","Batch 11 selective hub-spoke strengthening","ADDED"
"/รับซื้อ/รับซื้อ-imac-ชัยภูมิ","","(no link)","รับซื้อ iPhone ในชัยภูมิ","/รับซื้อ/รับซื้อ-iphone-ชัยภูมิ","รับซื้อ iPhone ในชัยภูมิ","added_sidebar_link_only","Batch 11 selective hub-spoke strengthening","ADDED"
"/รับซื้อ/รับซื้อ-imac-นครพนม","","(no link)","รับซื้อ โน๊ตบุ๊ค ในนครพนม","/รับซื้อ/รับซื้อโน๊ตบุ๊ค-นครพนม","รับซื้อ โน๊ตบุ๊ค ในนครพนม","added_sidebar_link_only","Batch 11 selective hub-spoke strengthening","ADDED"
"/รับซื้อ/รับซื้อ-imac-นครพนม","","(no link)","รับซื้อ MacBook ในนครพนม","/รับซื้อ/รับซื้อ-macbook-นครพนม","รับซื้อ MacBook ในนครพนม","added_sidebar_link_only","Batch 11 selective hub-spoke strengthening","ADDED"
"/รับซื้อ/รับซื้อ-imac-นครพนม","","(no link)","รับซื้อ คอมพิวเตอร์ ในนครพนม","/รับซื้อ/รับซื้อคอมพิวเตอร์-นครพนม","รับซื้อ คอมพิวเตอร์ ในนครพนม","added_sidebar_link_only","Batch 11 selective hub-spoke strengthening","ADDED"
"/รับซื้อ/รับซื้อ-imac-นครพนม","","(no link)","รับซื้อ iPhone ในนครพนม","/รับซื้อ/รับซื้อ-iphone-นครพนม","รับซื้อ iPhone ในนครพนม","added_sidebar_link_only","Batch 11 selective hub-spoke strengthening","ADDED"
"/รับซื้อ/รับซื้อ-imac-นครราชสีมา","","(no link)","รับซื้อ โน๊ตบุ๊ค ในนครราชสีมา","/รับซื้อ/รับซื้อโน๊ตบุ๊ค-นครราชสีมา","รับซื้อ โน๊ตบุ๊ค ในนครราชสีมา","added_sidebar_link_only","Batch 11 selective hub-spoke strengthening","ADDED"
"/รับซื้อ/รับซื้อ-imac-นครราชสีมา","","(no link)","รับซื้อ MacBook ในนครราชสีมา","/รับซื้อ/รับซื้อ-macbook-นครราชสีมา","รับซื้อ MacBook ในนครราชสีมา","added_sidebar_link_only","Batch 11 selective hub-spoke strengthening","ADDED"
"/รับซื้อ/รับซื้อ-imac-นครราชสีมา","","(no link)","รับซื้อ คอมพิวเตอร์ ในนครราชสีมา","/รับซื้อ/รับซื้อคอมพิวเตอร์-นครราชสีมา","รับซื้อ คอมพิวเตอร์ ในนครราชสีมา","added_sidebar_link_only","Batch 11 selective hub-spoke strengthening","ADDED"
"/รับซื้อ/รับซื้อ-imac-นครราชสีมา","","(no link)","รับซื้อ iPhone ในนครราชสีมา","/รับซื้อ/รับซื้อ-iphone-นครราชสีมา","รับซื้อ iPhone ในนครราชสีมา","added_sidebar_link_only","Batch 11 selective hub-spoke strengthening","ADDED"
"/รับซื้อ/รับซื้อ-imac-บึงกาฬ","","(no link)","รับซื้อ โน๊ตบุ๊ค ในบึงกาฬ","/รับซื้อ/รับซื้อโน๊ตบุ๊ค-บึงกาฬ","รับซื้อ โน๊ตบุ๊ค ในบึงกาฬ","added_sidebar_link_only","Batch 11 selective hub-spoke strengthening","ADDED"
"/รับซื้อ/รับซื้อ-imac-บึงกาฬ","","(no link)","รับซื้อ MacBook ในบึงกาฬ","/รับซื้อ/รับซื้อ-macbook-บึงกาฬ","รับซื้อ MacBook ในบึงกาฬ","added_sidebar_link_only","Batch 11 selective hub-spoke strengthening","ADDED"
"/รับซื้อ/รับซื้อ-imac-บึงกาฬ","","(no link)","รับซื้อ คอมพิวเตอร์ ในบึงกาฬ","/รับซื้อ/รับซื้อคอมพิวเตอร์-บึงกาฬ","รับซื้อ คอมพิวเตอร์ ในบึงกาฬ","added_sidebar_link_only","Batch 11 selective hub-spoke strengthening","ADDED"
"/รับซื้อ/รับซื้อ-imac-บึงกาฬ","","(no link)","รับซื้อ iPhone ในบึงกาฬ","/รับซื้อ/รับซื้อ-iphone-บึงกาฬ","รับซื้อ iPhone ในบึงกาฬ","added_sidebar_link_only","Batch 11 selective hub-spoke strengthening","ADDED"
"/รับซื้อ/รับซื้อ-imac-บุรีรัมย์","","(no link)","รับซื้อ โน๊ตบุ๊ค ในบุรีรัมย์","/รับซื้อ/รับซื้อโน๊ตบุ๊ค-บุรีรัมย์","รับซื้อ โน๊ตบุ๊ค ในบุรีรัมย์","added_sidebar_link_only","Batch 11 selective hub-spoke strengthening","ADDED"
"/รับซื้อ/รับซื้อ-imac-บุรีรัมย์","","(no link)","รับซื้อ MacBook ในบุรีรัมย์","/รับซื้อ/รับซื้อ-macbook-บุรีรัมย์","รับซื้อ MacBook ในบุรีรัมย์","added_sidebar_link_only","Batch 11 selective hub-spoke strengthening","ADDED"
"/รับซื้อ/รับซื้อ-imac-บุรีรัมย์","","(no link)","รับซื้อ คอมพิวเตอร์ ในบุรีรัมย์","/รับซื้อ/รับซื้อคอมพิวเตอร์-บุรีรัมย์","รับซื้อ คอมพิวเตอร์ ในบุรีรัมย์","added_sidebar_link_only","Batch 11 selective hub-spoke strengthening","ADDED"
"/รับซื้อ/รับซื้อ-imac-บุรีรัมย์","","(no link)","รับซื้อ iPhone ในบุรีรัมย์","/รับซื้อ/รับซื้อ-iphone-บุรีรัมย์","รับซื้อ iPhone ในบุรีรัมย์","added_sidebar_link_only","Batch 11 selective hub-spoke strengthening","ADDED"
"/รับซื้อ/รับซื้อ-imac-มหาสารคาม","","(no link)","รับซื้อ โน๊ตบุ๊ค ในมหาสารคาม","/รับซื้อ/รับซื้อโน๊ตบุ๊ค-มหาสารคาม","รับซื้อ โน๊ตบุ๊ค ในมหาสารคาม","added_sidebar_link_only","Batch 11 selective hub-spoke strengthening","ADDED"
"/รับซื้อ/รับซื้อ-imac-มหาสารคาม","","(no link)","รับซื้อ MacBook ในมหาสารคาม","/รับซื้อ/รับซื้อ-macbook-มหาสารคาม","รับซื้อ MacBook ในมหาสารคาม","added_sidebar_link_only","Batch 11 selective hub-spoke strengthening","ADDED"
"/รับซื้อ/รับซื้อ-imac-มหาสารคาม","","(no link)","รับซื้อ คอมพิวเตอร์ ในมหาสารคาม","/รับซื้อ/รับซื้อคอมพิวเตอร์-มหาสารคาม","รับซื้อ คอมพิวเตอร์ ในมหาสารคาม","added_sidebar_link_only","Batch 11 selective hub-spoke strengthening","ADDED"
"/รับซื้อ/รับซื้อ-imac-มหาสารคาม","","(no link)","รับซื้อ iPhone ในมหาสารคาม","/รับซื้อ/รับซื้อ-iphone-มหาสารคาม","รับซื้อ iPhone ในมหาสารคาม","added_sidebar_link_only","Batch 11 selective hub-spoke strengthening","ADDED"
"/รับซื้อ/รับซื้อ-imac-มุกดาหาร","","(no link)","รับซื้อ โน๊ตบุ๊ค ในมุกดาหาร","/รับซื้อ/รับซื้อโน๊ตบุ๊ค-มุกดาหาร","รับซื้อ โน๊ตบุ๊ค ในมุกดาหาร","added_sidebar_link_only","Batch 11 selective hub-spoke strengthening","ADDED"
"/รับซื้อ/รับซื้อ-imac-มุกดาหาร","","(no link)","รับซื้อ MacBook ในมุกดาหาร","/รับซื้อ/รับซื้อ-macbook-มุกดาหาร","รับซื้อ MacBook ในมุกดาหาร","added_sidebar_link_only","Batch 11 selective hub-spoke strengthening","ADDED"
"/รับซื้อ/รับซื้อ-imac-มุกดาหาร","","(no link)","รับซื้อ คอมพิวเตอร์ ในมุกดาหาร","/รับซื้อ/รับซื้อคอมพิวเตอร์-มุกดาหาร","รับซื้อ คอมพิวเตอร์ ในมุกดาหาร","added_sidebar_link_only","Batch 11 selective hub-spoke strengthening","ADDED"
"/รับซื้อ/รับซื้อ-imac-มุกดาหาร","","(no link)","รับซื้อ iPhone ในมุกดาหาร","/รับซื้อ/รับซื้อ-iphone-มุกดาหาร","รับซื้อ iPhone ในมุกดาหาร","added_sidebar_link_only","Batch 11 selective hub-spoke strengthening","ADDED"
"/รับซื้อ/รับซื้อ-imac-ยโสธร","","(no link)","รับซื้อ โน๊ตบุ๊ค ในยโสธร","/รับซื้อ/รับซื้อโน๊ตบุ๊ค-ยโสธร","รับซื้อ โน๊ตบุ๊ค ในยโสธร","added_sidebar_link_only","Batch 11 selective hub-spoke strengthening","ADDED"
"/รับซื้อ/รับซื้อ-imac-ยโสธร","","(no link)","รับซื้อ MacBook ในยโสธร","/รับซื้อ/รับซื้อ-macbook-ยโสธร","รับซื้อ MacBook ในยโสธร","added_sidebar_link_only","Batch 11 selective hub-spoke strengthening","ADDED"
"/รับซื้อ/รับซื้อ-imac-ยโสธร","","(no link)","รับซื้อ คอมพิวเตอร์ ในยโสธร","/รับซื้อ/รับซื้อคอมพิวเตอร์-ยโสธร","รับซื้อ คอมพิวเตอร์ ในยโสธร","added_sidebar_link_only","Batch 11 selective hub-spoke strengthening","ADDED"
"/รับซื้อ/รับซื้อ-imac-ยโสธร","","(no link)","รับซื้อ iPhone ในยโสธร","/รับซื้อ/รับซื้อ-iphone-ยโสธร","รับซื้อ iPhone ในยโสธร","added_sidebar_link_only","Batch 11 selective hub-spoke strengthening","ADDED"
"/รับซื้อ/รับซื้อ-imac-ร้อยเอ็ด","","(no link)","รับซื้อ โน๊ตบุ๊ค ในร้อยเอ็ด","/รับซื้อ/รับซื้อโน๊ตบุ๊ค-ร้อยเอ็ด","รับซื้อ โน๊ตบุ๊ค ในร้อยเอ็ด","added_sidebar_link_only","Batch 11 selective hub-spoke strengthening","ADDED"
"/รับซื้อ/รับซื้อ-imac-ร้อยเอ็ด","","(no link)","รับซื้อ MacBook ในร้อยเอ็ด","/รับซื้อ/รับซื้อ-macbook-ร้อยเอ็ด","รับซื้อ MacBook ในร้อยเอ็ด","added_sidebar_link_only","Batch 11 selective hub-spoke strengthening","ADDED"
"/รับซื้อ/รับซื้อ-imac-ร้อยเอ็ด","","(no link)","รับซื้อ คอมพิวเตอร์ ในร้อยเอ็ด","/รับซื้อ/รับซื้อคอมพิวเตอร์-ร้อยเอ็ด","รับซื้อ คอมพิวเตอร์ ในร้อยเอ็ด","added_sidebar_link_only","Batch 11 selective hub-spoke strengthening","ADDED"
"/รับซื้อ/รับซื้อ-imac-ร้อยเอ็ด","","(no link)","รับซื้อ iPhone ในร้อยเอ็ด","/รับซื้อ/รับซื้อ-iphone-ร้อยเอ็ด","รับซื้อ iPhone ในร้อยเอ็ด","added_sidebar_link_only","Batch 11 selective hub-spoke strengthening","ADDED"
"/รับซื้อ/รับซื้อ-imac-ศรีสะเกษ","","(no link)","รับซื้อ โน๊ตบุ๊ค ในศรีสะเกษ","/รับซื้อ/รับซื้อโน๊ตบุ๊ค-ศรีสะเกษ","รับซื้อ โน๊ตบุ๊ค ในศรีสะเกษ","added_sidebar_link_only","Batch 11 selective hub-spoke strengthening","ADDED"
"/รับซื้อ/รับซื้อ-imac-ศรีสะเกษ","","(no link)","รับซื้อ MacBook ในศรีสะเกษ","/รับซื้อ/รับซื้อ-macbook-ศรีสะเกษ","รับซื้อ MacBook ในศรีสะเกษ","added_sidebar_link_only","Batch 11 selective hub-spoke strengthening","ADDED"
"/รับซื้อ/รับซื้อ-imac-ศรีสะเกษ","","(no link)","รับซื้อ คอมพิวเตอร์ ในศรีสะเกษ","/รับซื้อ/รับซื้อคอมพิวเตอร์-ศรีสะเกษ","รับซื้อ คอมพิวเตอร์ ในศรีสะเกษ","added_sidebar_link_only","Batch 11 selective hub-spoke strengthening","ADDED"
"/รับซื้อ/รับซื้อ-imac-ศรีสะเกษ","","(no link)","รับซื้อ iPhone ในศรีสะเกษ","/รับซื้อ/รับซื้อ-iphone-ศรีสะเกษ","รับซื้อ iPhone ในศรีสะเกษ","added_sidebar_link_only","Batch 11 selective hub-spoke strengthening","ADDED"
"/รับซื้อ/รับซื้อ-imac-สกลนคร","","(no link)","รับซื้อ โน๊ตบุ๊ค ในสกลนคร","/รับซื้อ/รับซื้อโน๊ตบุ๊ค-สกลนคร","รับซื้อ โน๊ตบุ๊ค ในสกลนคร","added_sidebar_link_only","Batch 11 selective hub-spoke strengthening","ADDED"
"/รับซื้อ/รับซื้อ-imac-สกลนคร","","(no link)","รับซื้อ MacBook ในสกลนคร","/รับซื้อ/รับซื้อ-macbook-สกลนคร","รับซื้อ MacBook ในสกลนคร","added_sidebar_link_only","Batch 11 selective hub-spoke strengthening","ADDED"
"/รับซื้อ/รับซื้อ-imac-สกลนคร","","(no link)","รับซื้อ คอมพิวเตอร์ ในสกลนคร","/รับซื้อ/รับซื้อคอมพิวเตอร์-สกลนคร","รับซื้อ คอมพิวเตอร์ ในสกลนคร","added_sidebar_link_only","Batch 11 selective hub-spoke strengthening","ADDED"
"/รับซื้อ/รับซื้อ-imac-สกลนคร","","(no link)","รับซื้อ iPhone ในสกลนคร","/รับซื้อ/รับซื้อ-iphone-สกลนคร","รับซื้อ iPhone ในสกลนคร","added_sidebar_link_only","Batch 11 selective hub-spoke strengthening","ADDED"
"/รับซื้อ/รับซื้อ-imac-สุรินทร์","","(no link)","รับซื้อ โน๊ตบุ๊ค ในสุรินทร์","/รับซื้อ/รับซื้อโน๊ตบุ๊ค-สุรินทร์","รับซื้อ โน๊ตบุ๊ค ในสุรินทร์","added_sidebar_link_only","Batch 11 selective hub-spoke strengthening","ADDED"
"/รับซื้อ/รับซื้อ-imac-สุรินทร์","","(no link)","รับซื้อ MacBook ในสุรินทร์","/รับซื้อ/รับซื้อ-macbook-สุรินทร์","รับซื้อ MacBook ในสุรินทร์","added_sidebar_link_only","Batch 11 selective hub-spoke strengthening","ADDED"
"/รับซื้อ/รับซื้อ-imac-สุรินทร์","","(no link)","รับซื้อ คอมพิวเตอร์ ในสุรินทร์","/รับซื้อ/รับซื้อคอมพิวเตอร์-สุรินทร์","รับซื้อ คอมพิวเตอร์ ในสุรินทร์","added_sidebar_link_only","Batch 11 selective hub-spoke strengthening","ADDED"
"/รับซื้อ/รับซื้อ-imac-สุรินทร์","","(no link)","รับซื้อ iPhone ในสุรินทร์","/รับซื้อ/รับซื้อ-iphone-สุรินทร์","รับซื้อ iPhone ในสุรินทร์","added_sidebar_link_only","Batch 11 selective hub-spoke strengthening","ADDED"
"/รับซื้อ/รับซื้อ-imac-หนองคาย","","(no link)","รับซื้อ โน๊ตบุ๊ค ในหนองคาย","/รับซื้อ/รับซื้อโน๊ตบุ๊ค-หนองคาย","รับซื้อ โน๊ตบุ๊ค ในหนองคาย","added_sidebar_link_only","Batch 11 selective hub-spoke strengthening","ADDED"
"/รับซื้อ/รับซื้อ-imac-หนองคาย","","(no link)","รับซื้อ MacBook ในหนองคาย","/รับซื้อ/รับซื้อ-macbook-หนองคาย","รับซื้อ MacBook ในหนองคาย","added_sidebar_link_only","Batch 11 selective hub-spoke strengthening","ADDED"
"/รับซื้อ/รับซื้อ-imac-หนองคาย","","(no link)","รับซื้อ คอมพิวเตอร์ ในหนองคาย","/รับซื้อ/รับซื้อคอมพิวเตอร์-หนองคาย","รับซื้อ คอมพิวเตอร์ ในหนองคาย","added_sidebar_link_only","Batch 11 selective hub-spoke strengthening","ADDED"
"/รับซื้อ/รับซื้อ-imac-หนองคาย","","(no link)","รับซื้อ iPhone ในหนองคาย","/รับซื้อ/รับซื้อ-iphone-หนองคาย","รับซื้อ iPhone ในหนองคาย","added_sidebar_link_only","Batch 11 selective hub-spoke strengthening","ADDED"
"/รับซื้อ/รับซื้อ-imac-หนองบัวลำภู","","(no link)","รับซื้อ โน๊ตบุ๊ค ในหนองบัวลำภู","/รับซื้อ/รับซื้อโน๊ตบุ๊ค-หนองบัวลำภู","รับซื้อ โน๊ตบุ๊ค ในหนองบัวลำภู","added_sidebar_link_only","Batch 11 selective hub-spoke strengthening","ADDED"
"/รับซื้อ/รับซื้อ-imac-หนองบัวลำภู","","(no link)","รับซื้อ MacBook ในหนองบัวลำภู","/รับซื้อ/รับซื้อ-macbook-หนองบัวลำภู","รับซื้อ MacBook ในหนองบัวลำภู","added_sidebar_link_only","Batch 11 selective hub-spoke strengthening","ADDED"
"/รับซื้อ/รับซื้อ-imac-หนองบัวลำภู","","(no link)","รับซื้อ คอมพิวเตอร์ ในหนองบัวลำภู","/รับซื้อ/รับซื้อคอมพิวเตอร์-หนองบัวลำภู","รับซื้อ คอมพิวเตอร์ ในหนองบัวลำภู","added_sidebar_link_only","Batch 11 selective hub-spoke strengthening","ADDED"
"/รับซื้อ/รับซื้อ-imac-หนองบัวลำภู","","(no link)","รับซื้อ iPhone ในหนองบัวลำภู","/รับซื้อ/รับซื้อ-iphone-หนองบัวลำภู","รับซื้อ iPhone ในหนองบัวลำภู","added_sidebar_link_only","Batch 11 selective hub-spoke strengthening","ADDED"
"/รับซื้อ/รับซื้อ-imac-อำนาจเจริญ","","(no link)","รับซื้อ โน๊ตบุ๊ค ในอำนาจเจริญ","/รับซื้อ/รับซื้อโน๊ตบุ๊ค-อำนาจเจริญ","รับซื้อ โน๊ตบุ๊ค ในอำนาจเจริญ","added_sidebar_link_only","Batch 11 selective hub-spoke strengthening","ADDED"
"/รับซื้อ/รับซื้อ-imac-อำนาจเจริญ","","(no link)","รับซื้อ MacBook ในอำนาจเจริญ","/รับซื้อ/รับซื้อ-macbook-อำนาจเจริญ","รับซื้อ MacBook ในอำนาจเจริญ","added_sidebar_link_only","Batch 11 selective hub-spoke strengthening","ADDED"
"/รับซื้อ/รับซื้อ-imac-อำนาจเจริญ","","(no link)","รับซื้อ คอมพิวเตอร์ ในอำนาจเจริญ","/รับซื้อ/รับซื้อคอมพิวเตอร์-อำนาจเจริญ","รับซื้อ คอมพิวเตอร์ ในอำนาจเจริญ","added_sidebar_link_only","Batch 11 selective hub-spoke strengthening","ADDED"
"/รับซื้อ/รับซื้อ-imac-อำนาจเจริญ","","(no link)","รับซื้อ iPhone ในอำนาจเจริญ","/รับซื้อ/รับซื้อ-iphone-อำนาจเจริญ","รับซื้อ iPhone ในอำนาจเจริญ","added_sidebar_link_only","Batch 11 selective hub-spoke strengthening","ADDED"
"/รับซื้อ/รับซื้อ-imac-อุดรธานี","","(no link)","รับซื้อ โน๊ตบุ๊ค ในอุดรธานี","/รับซื้อ/รับซื้อโน๊ตบุ๊ค-อุดรธานี","รับซื้อ โน๊ตบุ๊ค ในอุดรธานี","added_sidebar_link_only","Batch 11 selective hub-spoke strengthening","ADDED"
"/รับซื้อ/รับซื้อ-imac-อุดรธานี","","(no link)","รับซื้อ MacBook ในอุดรธานี","/รับซื้อ/รับซื้อ-macbook-อุดรธานี","รับซื้อ MacBook ในอุดรธานี","added_sidebar_link_only","Batch 11 selective hub-spoke strengthening","ADDED"
"/รับซื้อ/รับซื้อ-imac-อุดรธานี","","(no link)","รับซื้อ คอมพิวเตอร์ ในอุดรธานี","/รับซื้อ/รับซื้อคอมพิวเตอร์-อุดรธานี","รับซื้อ คอมพิวเตอร์ ในอุดรธานี","added_sidebar_link_only","Batch 11 selective hub-spoke strengthening","ADDED"
"/รับซื้อ/รับซื้อ-imac-อุดรธานี","","(no link)","รับซื้อ iPhone ในอุดรธานี","/รับซื้อ/รับซื้อ-iphone-อุดรธานี","รับซื้อ iPhone ในอุดรธานี","added_sidebar_link_only","Batch 11 selective hub-spoke strengthening","ADDED"
"/รับซื้อ/รับซื้อ-imac-อุบลราชธานี","","(no link)","รับซื้อโน๊ตบุ๊ค ในอุบลราชธานี","/รับซื้อ/รับซื้อโน๊ตบุ๊ค-อุบลราชธานี","รับซื้อโน๊ตบุ๊ค ในอุบลราชธานี","added_sidebar_link_only","Batch 11 selective hub-spoke strengthening","ADDED"
"/รับซื้อ/รับซื้อ-imac-อุบลราชธานี","","(no link)","รับซื้อ MacBook ในอุบลราชธานี","/รับซื้อ/รับซื้อ-macbook-อุบลราชธานี","รับซื้อ MacBook ในอุบลราชธานี","added_sidebar_link_only","Batch 11 selective hub-spoke strengthening","ADDED"
"/รับซื้อ/รับซื้อ-imac-อุบลราชธานี","","(no link)","รับซื้อคอมพิวเตอร์ ในอุบลราชธานี","/รับซื้อ/รับซื้อคอมพิวเตอร์-อุบลราชธานี","รับซื้อคอมพิวเตอร์ ในอุบลราชธานี","added_sidebar_link_only","Batch 11 selective hub-spoke strengthening","ADDED"
"/รับซื้อ/รับซื้อ-imac-อุบลราชธานี","","(no link)","รับซื้อ iPhone ในอุบลราชธานี","/รับซื้อ/รับซื้อ-iphone-อุบลราชธานี","รับซื้อ iPhone ในอุบลราชธานี","added_sidebar_link_only","Batch 11 selective hub-spoke strengthening","ADDED"
"/รับซื้อ/รับซื้อ-imac-เลย","","(no link)","รับซื้อ โน๊ตบุ๊ค ในเลย","/รับซื้อ/รับซื้อโน๊ตบุ๊ค-เลย","รับซื้อ โน๊ตบุ๊ค ในเลย","added_sidebar_link_only","Batch 11 selective hub-spoke strengthening","ADDED"
"/รับซื้อ/รับซื้อ-imac-เลย","","(no link)","รับซื้อ MacBook ในเลย","/รับซื้อ/รับซื้อ-macbook-เลย","รับซื้อ MacBook ในเลย","added_sidebar_link_only","Batch 11 selective hub-spoke strengthening","ADDED"
"/รับซื้อ/รับซื้อ-imac-เลย","","(no link)","รับซื้อ คอมพิวเตอร์ ในเลย","/รับซื้อ/รับซื้อคอมพิวเตอร์-เลย","รับซื้อ คอมพิวเตอร์ ในเลย","added_sidebar_link_only","Batch 11 selective hub-spoke strengthening","ADDED"
"/รับซื้อ/รับซื้อ-imac-เลย","","(no link)","รับซื้อ iPhone ในเลย","/รับซื้อ/รับซื้อ-iphone-เลย","รับซื้อ iPhone ในเลย","added_sidebar_link_only","Batch 11 selective hub-spoke strengthening","ADDED"
"/รับซื้อ/รับซื้อ-ipad-กาฬสินธุ์","","(no link)","รับซื้อ โน๊ตบุ๊ค ในกาฬสินธุ์","/รับซื้อ/รับซื้อโน๊ตบุ๊ค-กาฬสินธุ์","รับซื้อ โน๊ตบุ๊ค ในกาฬสินธุ์","added_sidebar_link_only","Batch 11 selective hub-spoke strengthening","ADDED"
"/รับซื้อ/รับซื้อ-ipad-กาฬสินธุ์","","(no link)","รับซื้อ MacBook ในกาฬสินธุ์","/รับซื้อ/รับซื้อ-macbook-กาฬสินธุ์","รับซื้อ MacBook ในกาฬสินธุ์","added_sidebar_link_only","Batch 11 selective hub-spoke strengthening","ADDED"
"/รับซื้อ/รับซื้อ-ipad-กาฬสินธุ์","","(no link)","รับซื้อ คอมพิวเตอร์ ในกาฬสินธุ์","/รับซื้อ/รับซื้อคอมพิวเตอร์-กาฬสินธุ์","รับซื้อ คอมพิวเตอร์ ในกาฬสินธุ์","added_sidebar_link_only","Batch 11 selective hub-spoke strengthening","ADDED"
"/รับซื้อ/รับซื้อ-ipad-กาฬสินธุ์","","(no link)","รับซื้อ iPhone ในกาฬสินธุ์","/รับซื้อ/รับซื้อ-iphone-กาฬสินธุ์","รับซื้อ iPhone ในกาฬสินธุ์","added_sidebar_link_only","Batch 11 selective hub-spoke strengthening","ADDED"
"/รับซื้อ/รับซื้อ-ipad-ขอนแก่น","","(no link)","รับซื้อ โน๊ตบุ๊ค ในขอนแก่น","/รับซื้อ/รับซื้อโน๊ตบุ๊ค-ขอนแก่น","รับซื้อ โน๊ตบุ๊ค ในขอนแก่น","added_sidebar_link_only","Batch 11 selective hub-spoke strengthening","ADDED"
"/รับซื้อ/รับซื้อ-ipad-ขอนแก่น","","(no link)","รับซื้อ MacBook ในขอนแก่น","/รับซื้อ/รับซื้อ-macbook-ขอนแก่น","รับซื้อ MacBook ในขอนแก่น","added_sidebar_link_only","Batch 11 selective hub-spoke strengthening","ADDED"
"/รับซื้อ/รับซื้อ-ipad-ขอนแก่น","","(no link)","รับซื้อ คอมพิวเตอร์ ในขอนแก่น","/รับซื้อ/รับซื้อคอมพิวเตอร์-ขอนแก่น","รับซื้อ คอมพิวเตอร์ ในขอนแก่น","added_sidebar_link_only","Batch 11 selective hub-spoke strengthening","ADDED"
"/รับซื้อ/รับซื้อ-ipad-ขอนแก่น","","(no link)","รับซื้อ iPhone ในขอนแก่น","/รับซื้อ/รับซื้อ-iphone-ขอนแก่น","รับซื้อ iPhone ในขอนแก่น","added_sidebar_link_only","Batch 11 selective hub-spoke strengthening","ADDED"
"/รับซื้อ/รับซื้อ-ipad-ชัยภูมิ","","(no link)","รับซื้อ โน๊ตบุ๊ค ในชัยภูมิ","/รับซื้อ/รับซื้อโน๊ตบุ๊ค-ชัยภูมิ","รับซื้อ โน๊ตบุ๊ค ในชัยภูมิ","added_sidebar_link_only","Batch 11 selective hub-spoke strengthening","ADDED"
"/รับซื้อ/รับซื้อ-ipad-ชัยภูมิ","","(no link)","รับซื้อ MacBook ในชัยภูมิ","/รับซื้อ/รับซื้อ-macbook-ชัยภูมิ","รับซื้อ MacBook ในชัยภูมิ","added_sidebar_link_only","Batch 11 selective hub-spoke strengthening","ADDED"
"/รับซื้อ/รับซื้อ-ipad-ชัยภูมิ","","(no link)","รับซื้อ คอมพิวเตอร์ ในชัยภูมิ","/รับซื้อ/รับซื้อคอมพิวเตอร์-ชัยภูมิ","รับซื้อ คอมพิวเตอร์ ในชัยภูมิ","added_sidebar_link_only","Batch 11 selective hub-spoke strengthening","ADDED"
"/รับซื้อ/รับซื้อ-ipad-ชัยภูมิ","","(no link)","รับซื้อ iPhone ในชัยภูมิ","/รับซื้อ/รับซื้อ-iphone-ชัยภูมิ","รับซื้อ iPhone ในชัยภูมิ","added_sidebar_link_only","Batch 11 selective hub-spoke strengthening","ADDED"
"/รับซื้อ/รับซื้อ-ipad-นครพนม","","(no link)","รับซื้อ โน๊ตบุ๊ค ในนครพนม","/รับซื้อ/รับซื้อโน๊ตบุ๊ค-นครพนม","รับซื้อ โน๊ตบุ๊ค ในนครพนม","added_sidebar_link_only","Batch 11 selective hub-spoke strengthening","ADDED"
"/รับซื้อ/รับซื้อ-ipad-นครพนม","","(no link)","รับซื้อ MacBook ในนครพนม","/รับซื้อ/รับซื้อ-macbook-นครพนม","รับซื้อ MacBook ในนครพนม","added_sidebar_link_only","Batch 11 selective hub-spoke strengthening","ADDED"
"/รับซื้อ/รับซื้อ-ipad-นครพนม","","(no link)","รับซื้อ คอมพิวเตอร์ ในนครพนม","/รับซื้อ/รับซื้อคอมพิวเตอร์-นครพนม","รับซื้อ คอมพิวเตอร์ ในนครพนม","added_sidebar_link_only","Batch 11 selective hub-spoke strengthening","ADDED"
"/รับซื้อ/รับซื้อ-ipad-นครพนม","","(no link)","รับซื้อ iPhone ในนครพนม","/รับซื้อ/รับซื้อ-iphone-นครพนม","รับซื้อ iPhone ในนครพนม","added_sidebar_link_only","Batch 11 selective hub-spoke strengthening","ADDED"
"/รับซื้อ/รับซื้อ-ipad-นครราชสีมา","","(no link)","รับซื้อ โน๊ตบุ๊ค ในนครราชสีมา","/รับซื้อ/รับซื้อโน๊ตบุ๊ค-นครราชสีมา","รับซื้อ โน๊ตบุ๊ค ในนครราชสีมา","added_sidebar_link_only","Batch 11 selective hub-spoke strengthening","ADDED"
"/รับซื้อ/รับซื้อ-ipad-นครราชสีมา","","(no link)","รับซื้อ MacBook ในนครราชสีมา","/รับซื้อ/รับซื้อ-macbook-นครราชสีมา","รับซื้อ MacBook ในนครราชสีมา","added_sidebar_link_only","Batch 11 selective hub-spoke strengthening","ADDED"
"/รับซื้อ/รับซื้อ-ipad-นครราชสีมา","","(no link)","รับซื้อ คอมพิวเตอร์ ในนครราชสีมา","/รับซื้อ/รับซื้อคอมพิวเตอร์-นครราชสีมา","รับซื้อ คอมพิวเตอร์ ในนครราชสีมา","added_sidebar_link_only","Batch 11 selective hub-spoke strengthening","ADDED"
"/รับซื้อ/รับซื้อ-ipad-นครราชสีมา","","(no link)","รับซื้อ iPhone ในนครราชสีมา","/รับซื้อ/รับซื้อ-iphone-นครราชสีมา","รับซื้อ iPhone ในนครราชสีมา","added_sidebar_link_only","Batch 11 selective hub-spoke strengthening","ADDED"
"/รับซื้อ/รับซื้อ-ipad-บึงกาฬ","","(no link)","รับซื้อ โน๊ตบุ๊ค ในบึงกาฬ","/รับซื้อ/รับซื้อโน๊ตบุ๊ค-บึงกาฬ","รับซื้อ โน๊ตบุ๊ค ในบึงกาฬ","added_sidebar_link_only","Batch 11 selective hub-spoke strengthening","ADDED"
"/รับซื้อ/รับซื้อ-ipad-บึงกาฬ","","(no link)","รับซื้อ MacBook ในบึงกาฬ","/รับซื้อ/รับซื้อ-macbook-บึงกาฬ","รับซื้อ MacBook ในบึงกาฬ","added_sidebar_link_only","Batch 11 selective hub-spoke strengthening","ADDED"
"/รับซื้อ/รับซื้อ-ipad-บึงกาฬ","","(no link)","รับซื้อ คอมพิวเตอร์ ในบึงกาฬ","/รับซื้อ/รับซื้อคอมพิวเตอร์-บึงกาฬ","รับซื้อ คอมพิวเตอร์ ในบึงกาฬ","added_sidebar_link_only","Batch 11 selective hub-spoke strengthening","ADDED"
"/รับซื้อ/รับซื้อ-ipad-บึงกาฬ","","(no link)","รับซื้อ iPhone ในบึงกาฬ","/รับซื้อ/รับซื้อ-iphone-บึงกาฬ","รับซื้อ iPhone ในบึงกาฬ","added_sidebar_link_only","Batch 11 selective hub-spoke strengthening","ADDED"
"/รับซื้อ/รับซื้อ-ipad-บุรีรัมย์","","(no link)","รับซื้อ โน๊ตบุ๊ค ในบุรีรัมย์","/รับซื้อ/รับซื้อโน๊ตบุ๊ค-บุรีรัมย์","รับซื้อ โน๊ตบุ๊ค ในบุรีรัมย์","added_sidebar_link_only","Batch 11 selective hub-spoke strengthening","ADDED"
"/รับซื้อ/รับซื้อ-ipad-บุรีรัมย์","","(no link)","รับซื้อ MacBook ในบุรีรัมย์","/รับซื้อ/รับซื้อ-macbook-บุรีรัมย์","รับซื้อ MacBook ในบุรีรัมย์","added_sidebar_link_only","Batch 11 selective hub-spoke strengthening","ADDED"
"/รับซื้อ/รับซื้อ-ipad-บุรีรัมย์","","(no link)","รับซื้อ คอมพิวเตอร์ ในบุรีรัมย์","/รับซื้อ/รับซื้อคอมพิวเตอร์-บุรีรัมย์","รับซื้อ คอมพิวเตอร์ ในบุรีรัมย์","added_sidebar_link_only","Batch 11 selective hub-spoke strengthening","ADDED"
"/รับซื้อ/รับซื้อ-ipad-บุรีรัมย์","","(no link)","รับซื้อ iPhone ในบุรีรัมย์","/รับซื้อ/รับซื้อ-iphone-บุรีรัมย์","รับซื้อ iPhone ในบุรีรัมย์","added_sidebar_link_only","Batch 11 selective hub-spoke strengthening","ADDED"
"/รับซื้อ/รับซื้อ-ipad-มหาสารคาม","","(no link)","รับซื้อ โน๊ตบุ๊ค ในมหาสารคาม","/รับซื้อ/รับซื้อโน๊ตบุ๊ค-มหาสารคาม","รับซื้อ โน๊ตบุ๊ค ในมหาสารคาม","added_sidebar_link_only","Batch 11 selective hub-spoke strengthening","ADDED"
"/รับซื้อ/รับซื้อ-ipad-มหาสารคาม","","(no link)","รับซื้อ MacBook ในมหาสารคาม","/รับซื้อ/รับซื้อ-macbook-มหาสารคาม","รับซื้อ MacBook ในมหาสารคาม","added_sidebar_link_only","Batch 11 selective hub-spoke strengthening","ADDED"
"/รับซื้อ/รับซื้อ-ipad-มหาสารคาม","","(no link)","รับซื้อ คอมพิวเตอร์ ในมหาสารคาม","/รับซื้อ/รับซื้อคอมพิวเตอร์-มหาสารคาม","รับซื้อ คอมพิวเตอร์ ในมหาสารคาม","added_sidebar_link_only","Batch 11 selective hub-spoke strengthening","ADDED"
"/รับซื้อ/รับซื้อ-ipad-มหาสารคาม","","(no link)","รับซื้อ iPhone ในมหาสารคาม","/รับซื้อ/รับซื้อ-iphone-มหาสารคาม","รับซื้อ iPhone ในมหาสารคาม","added_sidebar_link_only","Batch 11 selective hub-spoke strengthening","ADDED"
"/รับซื้อ/รับซื้อ-ipad-มุกดาหาร","","(no link)","รับซื้อ โน๊ตบุ๊ค ในมุกดาหาร","/รับซื้อ/รับซื้อโน๊ตบุ๊ค-มุกดาหาร","รับซื้อ โน๊ตบุ๊ค ในมุกดาหาร","added_sidebar_link_only","Batch 11 selective hub-spoke strengthening","ADDED"
"/รับซื้อ/รับซื้อ-ipad-มุกดาหาร","","(no link)","รับซื้อ MacBook ในมุกดาหาร","/รับซื้อ/รับซื้อ-macbook-มุกดาหาร","รับซื้อ MacBook ในมุกดาหาร","added_sidebar_link_only","Batch 11 selective hub-spoke strengthening","ADDED"
"/รับซื้อ/รับซื้อ-ipad-มุกดาหาร","","(no link)","รับซื้อ คอมพิวเตอร์ ในมุกดาหาร","/รับซื้อ/รับซื้อคอมพิวเตอร์-มุกดาหาร","รับซื้อ คอมพิวเตอร์ ในมุกดาหาร","added_sidebar_link_only","Batch 11 selective hub-spoke strengthening","ADDED"
"/รับซื้อ/รับซื้อ-ipad-มุกดาหาร","","(no link)","รับซื้อ iPhone ในมุกดาหาร","/รับซื้อ/รับซื้อ-iphone-มุกดาหาร","รับซื้อ iPhone ในมุกดาหาร","added_sidebar_link_only","Batch 11 selective hub-spoke strengthening","ADDED"
"/รับซื้อ/รับซื้อ-ipad-ยโสธร","","(no link)","รับซื้อ โน๊ตบุ๊ค ในยโสธร","/รับซื้อ/รับซื้อโน๊ตบุ๊ค-ยโสธร","รับซื้อ โน๊ตบุ๊ค ในยโสธร","added_sidebar_link_only","Batch 11 selective hub-spoke strengthening","ADDED"
"/รับซื้อ/รับซื้อ-ipad-ยโสธร","","(no link)","รับซื้อ MacBook ในยโสธร","/รับซื้อ/รับซื้อ-macbook-ยโสธร","รับซื้อ MacBook ในยโสธร","added_sidebar_link_only","Batch 11 selective hub-spoke strengthening","ADDED"
"/รับซื้อ/รับซื้อ-ipad-ยโสธร","","(no link)","รับซื้อ คอมพิวเตอร์ ในยโสธร","/รับซื้อ/รับซื้อคอมพิวเตอร์-ยโสธร","รับซื้อ คอมพิวเตอร์ ในยโสธร","added_sidebar_link_only","Batch 11 selective hub-spoke strengthening","ADDED"
"/รับซื้อ/รับซื้อ-ipad-ยโสธร","","(no link)","รับซื้อ iPhone ในยโสธร","/รับซื้อ/รับซื้อ-iphone-ยโสธร","รับซื้อ iPhone ในยโสธร","added_sidebar_link_only","Batch 11 selective hub-spoke strengthening","ADDED"
"/รับซื้อ/รับซื้อ-ipad-ร้อยเอ็ด","","(no link)","รับซื้อ โน๊ตบุ๊ค ในร้อยเอ็ด","/รับซื้อ/รับซื้อโน๊ตบุ๊ค-ร้อยเอ็ด","รับซื้อ โน๊ตบุ๊ค ในร้อยเอ็ด","added_sidebar_link_only","Batch 11 selective hub-spoke strengthening","ADDED"
"/รับซื้อ/รับซื้อ-ipad-ร้อยเอ็ด","","(no link)","รับซื้อ MacBook ในร้อยเอ็ด","/รับซื้อ/รับซื้อ-macbook-ร้อยเอ็ด","รับซื้อ MacBook ในร้อยเอ็ด","added_sidebar_link_only","Batch 11 selective hub-spoke strengthening","ADDED"
"/รับซื้อ/รับซื้อ-ipad-ร้อยเอ็ด","","(no link)","รับซื้อ คอมพิวเตอร์ ในร้อยเอ็ด","/รับซื้อ/รับซื้อคอมพิวเตอร์-ร้อยเอ็ด","รับซื้อ คอมพิวเตอร์ ในร้อยเอ็ด","added_sidebar_link_only","Batch 11 selective hub-spoke strengthening","ADDED"
"/รับซื้อ/รับซื้อ-ipad-ร้อยเอ็ด","","(no link)","รับซื้อ iPhone ในร้อยเอ็ด","/รับซื้อ/รับซื้อ-iphone-ร้อยเอ็ด","รับซื้อ iPhone ในร้อยเอ็ด","added_sidebar_link_only","Batch 11 selective hub-spoke strengthening","ADDED"
"/รับซื้อ/รับซื้อ-ipad-ศรีสะเกษ","","(no link)","รับซื้อ โน๊ตบุ๊ค ในศรีสะเกษ","/รับซื้อ/รับซื้อโน๊ตบุ๊ค-ศรีสะเกษ","รับซื้อ โน๊ตบุ๊ค ในศรีสะเกษ","added_sidebar_link_only","Batch 11 selective hub-spoke strengthening","ADDED"
"/รับซื้อ/รับซื้อ-ipad-ศรีสะเกษ","","(no link)","รับซื้อ MacBook ในศรีสะเกษ","/รับซื้อ/รับซื้อ-macbook-ศรีสะเกษ","รับซื้อ MacBook ในศรีสะเกษ","added_sidebar_link_only","Batch 11 selective hub-spoke strengthening","ADDED"
"/รับซื้อ/รับซื้อ-ipad-ศรีสะเกษ","","(no link)","รับซื้อ คอมพิวเตอร์ ในศรีสะเกษ","/รับซื้อ/รับซื้อคอมพิวเตอร์-ศรีสะเกษ","รับซื้อ คอมพิวเตอร์ ในศรีสะเกษ","added_sidebar_link_only","Batch 11 selective hub-spoke strengthening","ADDED"
"/รับซื้อ/รับซื้อ-ipad-ศรีสะเกษ","","(no link)","รับซื้อ iPhone ในศรีสะเกษ","/รับซื้อ/รับซื้อ-iphone-ศรีสะเกษ","รับซื้อ iPhone ในศรีสะเกษ","added_sidebar_link_only","Batch 11 selective hub-spoke strengthening","ADDED"
"/รับซื้อ/รับซื้อ-ipad-สกลนคร","","(no link)","รับซื้อ โน๊ตบุ๊ค ในสกลนคร","/รับซื้อ/รับซื้อโน๊ตบุ๊ค-สกลนคร","รับซื้อ โน๊ตบุ๊ค ในสกลนคร","added_sidebar_link_only","Batch 11 selective hub-spoke strengthening","ADDED"
"/รับซื้อ/รับซื้อ-ipad-สกลนคร","","(no link)","รับซื้อ MacBook ในสกลนคร","/รับซื้อ/รับซื้อ-macbook-สกลนคร","รับซื้อ MacBook ในสกลนคร","added_sidebar_link_only","Batch 11 selective hub-spoke strengthening","ADDED"
"/รับซื้อ/รับซื้อ-ipad-สกลนคร","","(no link)","รับซื้อ คอมพิวเตอร์ ในสกลนคร","/รับซื้อ/รับซื้อคอมพิวเตอร์-สกลนคร","รับซื้อ คอมพิวเตอร์ ในสกลนคร","added_sidebar_link_only","Batch 11 selective hub-spoke strengthening","ADDED"
"/รับซื้อ/รับซื้อ-ipad-สกลนคร","","(no link)","รับซื้อ iPhone ในสกลนคร","/รับซื้อ/รับซื้อ-iphone-สกลนคร","รับซื้อ iPhone ในสกลนคร","added_sidebar_link_only","Batch 11 selective hub-spoke strengthening","ADDED"
"/รับซื้อ/รับซื้อ-ipad-สุรินทร์","","(no link)","รับซื้อ โน๊ตบุ๊ค ในสุรินทร์","/รับซื้อ/รับซื้อโน๊ตบุ๊ค-สุรินทร์","รับซื้อ โน๊ตบุ๊ค ในสุรินทร์","added_sidebar_link_only","Batch 11 selective hub-spoke strengthening","ADDED"
"/รับซื้อ/รับซื้อ-ipad-สุรินทร์","","(no link)","รับซื้อ MacBook ในสุรินทร์","/รับซื้อ/รับซื้อ-macbook-สุรินทร์","รับซื้อ MacBook ในสุรินทร์","added_sidebar_link_only","Batch 11 selective hub-spoke strengthening","ADDED"
"/รับซื้อ/รับซื้อ-ipad-สุรินทร์","","(no link)","รับซื้อ คอมพิวเตอร์ ในสุรินทร์","/รับซื้อ/รับซื้อคอมพิวเตอร์-สุรินทร์","รับซื้อ คอมพิวเตอร์ ในสุรินทร์","added_sidebar_link_only","Batch 11 selective hub-spoke strengthening","ADDED"
"/รับซื้อ/รับซื้อ-ipad-สุรินทร์","","(no link)","รับซื้อ iPhone ในสุรินทร์","/รับซื้อ/รับซื้อ-iphone-สุรินทร์","รับซื้อ iPhone ในสุรินทร์","added_sidebar_link_only","Batch 11 selective hub-spoke strengthening","ADDED"
"/รับซื้อ/รับซื้อ-ipad-หนองคาย","","(no link)","รับซื้อ โน๊ตบุ๊ค ในหนองคาย","/รับซื้อ/รับซื้อโน๊ตบุ๊ค-หนองคาย","รับซื้อ โน๊ตบุ๊ค ในหนองคาย","added_sidebar_link_only","Batch 11 selective hub-spoke strengthening","ADDED"
"/รับซื้อ/รับซื้อ-ipad-หนองคาย","","(no link)","รับซื้อ MacBook ในหนองคาย","/รับซื้อ/รับซื้อ-macbook-หนองคาย","รับซื้อ MacBook ในหนองคาย","added_sidebar_link_only","Batch 11 selective hub-spoke strengthening","ADDED"
"/รับซื้อ/รับซื้อ-ipad-หนองคาย","","(no link)","รับซื้อ คอมพิวเตอร์ ในหนองคาย","/รับซื้อ/รับซื้อคอมพิวเตอร์-หนองคาย","รับซื้อ คอมพิวเตอร์ ในหนองคาย","added_sidebar_link_only","Batch 11 selective hub-spoke strengthening","ADDED"
"/รับซื้อ/รับซื้อ-ipad-หนองคาย","","(no link)","รับซื้อ iPhone ในหนองคาย","/รับซื้อ/รับซื้อ-iphone-หนองคาย","รับซื้อ iPhone ในหนองคาย","added_sidebar_link_only","Batch 11 selective hub-spoke strengthening","ADDED"
"/รับซื้อ/รับซื้อ-ipad-หนองบัวลำภู","","(no link)","รับซื้อ โน๊ตบุ๊ค ในหนองบัวลำภู","/รับซื้อ/รับซื้อโน๊ตบุ๊ค-หนองบัวลำภู","รับซื้อ โน๊ตบุ๊ค ในหนองบัวลำภู","added_sidebar_link_only","Batch 11 selective hub-spoke strengthening","ADDED"
"/รับซื้อ/รับซื้อ-ipad-หนองบัวลำภู","","(no link)","รับซื้อ MacBook ในหนองบัวลำภู","/รับซื้อ/รับซื้อ-macbook-หนองบัวลำภู","รับซื้อ MacBook ในหนองบัวลำภู","added_sidebar_link_only","Batch 11 selective hub-spoke strengthening","ADDED"
"/รับซื้อ/รับซื้อ-ipad-หนองบัวลำภู","","(no link)","รับซื้อ คอมพิวเตอร์ ในหนองบัวลำภู","/รับซื้อ/รับซื้อคอมพิวเตอร์-หนองบัวลำภู","รับซื้อ คอมพิวเตอร์ ในหนองบัวลำภู","added_sidebar_link_only","Batch 11 selective hub-spoke strengthening","ADDED"
"/รับซื้อ/รับซื้อ-ipad-หนองบัวลำภู","","(no link)","รับซื้อ iPhone ในหนองบัวลำภู","/รับซื้อ/รับซื้อ-iphone-หนองบัวลำภู","รับซื้อ iPhone ในหนองบัวลำภู","added_sidebar_link_only","Batch 11 selective hub-spoke strengthening","ADDED"
"/รับซื้อ/รับซื้อ-ipad-อำนาจเจริญ","","(no link)","รับซื้อ โน๊ตบุ๊ค ในอำนาจเจริญ","/รับซื้อ/รับซื้อโน๊ตบุ๊ค-อำนาจเจริญ","รับซื้อ โน๊ตบุ๊ค ในอำนาจเจริญ","added_sidebar_link_only","Batch 11 selective hub-spoke strengthening","ADDED"
"/รับซื้อ/รับซื้อ-ipad-อำนาจเจริญ","","(no link)","รับซื้อ MacBook ในอำนาจเจริญ","/รับซื้อ/รับซื้อ-macbook-อำนาจเจริญ","รับซื้อ MacBook ในอำนาจเจริญ","added_sidebar_link_only","Batch 11 selective hub-spoke strengthening","ADDED"
"/รับซื้อ/รับซื้อ-ipad-อำนาจเจริญ","","(no link)","รับซื้อ คอมพิวเตอร์ ในอำนาจเจริญ","/รับซื้อ/รับซื้อคอมพิวเตอร์-อำนาจเจริญ","รับซื้อ คอมพิวเตอร์ ในอำนาจเจริญ","added_sidebar_link_only","Batch 11 selective hub-spoke strengthening","ADDED"
"/รับซื้อ/รับซื้อ-ipad-อำนาจเจริญ","","(no link)","รับซื้อ iPhone ในอำนาจเจริญ","/รับซื้อ/รับซื้อ-iphone-อำนาจเจริญ","รับซื้อ iPhone ในอำนาจเจริญ","added_sidebar_link_only","Batch 11 selective hub-spoke strengthening","ADDED"
"/รับซื้อ/รับซื้อ-ipad-อุดรธานี","","(no link)","รับซื้อ โน๊ตบุ๊ค ในอุดรธานี","/รับซื้อ/รับซื้อโน๊ตบุ๊ค-อุดรธานี","รับซื้อ โน๊ตบุ๊ค ในอุดรธานี","added_sidebar_link_only","Batch 11 selective hub-spoke strengthening","ADDED"
"/รับซื้อ/รับซื้อ-ipad-อุดรธานี","","(no link)","รับซื้อ MacBook ในอุดรธานี","/รับซื้อ/รับซื้อ-macbook-อุดรธานี","รับซื้อ MacBook ในอุดรธานี","added_sidebar_link_only","Batch 11 selective hub-spoke strengthening","ADDED"
"/รับซื้อ/รับซื้อ-ipad-อุดรธานี","","(no link)","รับซื้อ คอมพิวเตอร์ ในอุดรธานี","/รับซื้อ/รับซื้อคอมพิวเตอร์-อุดรธานี","รับซื้อ คอมพิวเตอร์ ในอุดรธานี","added_sidebar_link_only","Batch 11 selective hub-spoke strengthening","ADDED"
"/รับซื้อ/รับซื้อ-ipad-อุดรธานี","","(no link)","รับซื้อ iPhone ในอุดรธานี","/รับซื้อ/รับซื้อ-iphone-อุดรธานี","รับซื้อ iPhone ในอุดรธานี","added_sidebar_link_only","Batch 11 selective hub-spoke strengthening","ADDED"
"/รับซื้อ/รับซื้อ-ipad-อุบลราชธานี","","(no link)","รับซื้อโน๊ตบุ๊ค ในอุบลราชธานี","/รับซื้อ/รับซื้อโน๊ตบุ๊ค-อุบลราชธานี","รับซื้อโน๊ตบุ๊ค ในอุบลราชธานี","added_sidebar_link_only","Batch 11 selective hub-spoke strengthening","ADDED"
"/รับซื้อ/รับซื้อ-ipad-อุบลราชธานี","","(no link)","รับซื้อ MacBook ในอุบลราชธานี","/รับซื้อ/รับซื้อ-macbook-อุบลราชธานี","รับซื้อ MacBook ในอุบลราชธานี","added_sidebar_link_only","Batch 11 selective hub-spoke strengthening","ADDED"
"/รับซื้อ/รับซื้อ-ipad-อุบลราชธานี","","(no link)","รับซื้อคอมพิวเตอร์ ในอุบลราชธานี","/รับซื้อ/รับซื้อคอมพิวเตอร์-อุบลราชธานี","รับซื้อคอมพิวเตอร์ ในอุบลราชธานี","added_sidebar_link_only","Batch 11 selective hub-spoke strengthening","ADDED"
"/รับซื้อ/รับซื้อ-ipad-อุบลราชธานี","","(no link)","รับซื้อ iPhone ในอุบลราชธานี","/รับซื้อ/รับซื้อ-iphone-อุบลราชธานี","รับซื้อ iPhone ในอุบลราชธานี","added_sidebar_link_only","Batch 11 selective hub-spoke strengthening","ADDED"
"/รับซื้อ/รับซื้อ-ipad-เลย","","(no link)","รับซื้อ โน๊ตบุ๊ค ในเลย","/รับซื้อ/รับซื้อโน๊ตบุ๊ค-เลย","รับซื้อ โน๊ตบุ๊ค ในเลย","added_sidebar_link_only","Batch 11 selective hub-spoke strengthening","ADDED"
"/รับซื้อ/รับซื้อ-ipad-เลย","","(no link)","รับซื้อ MacBook ในเลย","/รับซื้อ/รับซื้อ-macbook-เลย","รับซื้อ MacBook ในเลย","added_sidebar_link_only","Batch 11 selective hub-spoke strengthening","ADDED"
"/รับซื้อ/รับซื้อ-ipad-เลย","","(no link)","รับซื้อ คอมพิวเตอร์ ในเลย","/รับซื้อ/รับซื้อคอมพิวเตอร์-เลย","รับซื้อ คอมพิวเตอร์ ในเลย","added_sidebar_link_only","Batch 11 selective hub-spoke strengthening","ADDED"
"/รับซื้อ/รับซื้อ-ipad-เลย","","(no link)","รับซื้อ iPhone ในเลย","/รับซื้อ/รับซื้อ-iphone-เลย","รับซื้อ iPhone ในเลย","added_sidebar_link_only","Batch 11 selective hub-spoke strengthening","ADDED"
"/รับซื้อ/รับซื้อ-iphone-กาฬสินธุ์","","(no link)","รับซื้อ โน๊ตบุ๊ค ในกาฬสินธุ์","/รับซื้อ/รับซื้อโน๊ตบุ๊ค-กาฬสินธุ์","รับซื้อ โน๊ตบุ๊ค ในกาฬสินธุ์","added_sidebar_link_only","Batch 11 selective hub-spoke strengthening","ADDED"
"/รับซื้อ/รับซื้อ-iphone-กาฬสินธุ์","","(no link)","รับซื้อ MacBook ในกาฬสินธุ์","/รับซื้อ/รับซื้อ-macbook-กาฬสินธุ์","รับซื้อ MacBook ในกาฬสินธุ์","added_sidebar_link_only","Batch 11 selective hub-spoke strengthening","ADDED"
"/รับซื้อ/รับซื้อ-iphone-กาฬสินธุ์","","(no link)","รับซื้อ คอมพิวเตอร์ ในกาฬสินธุ์","/รับซื้อ/รับซื้อคอมพิวเตอร์-กาฬสินธุ์","รับซื้อ คอมพิวเตอร์ ในกาฬสินธุ์","added_sidebar_link_only","Batch 11 selective hub-spoke strengthening","ADDED"
"/รับซื้อ/รับซื้อ-iphone-กาฬสินธุ์","","(no link)","รับซื้อ iPad ในกาฬสินธุ์","/รับซื้อ/รับซื้อ-ipad-กาฬสินธุ์","รับซื้อ iPad ในกาฬสินธุ์","added_sidebar_link_only","Batch 11 selective hub-spoke strengthening","ADDED"
"/รับซื้อ/รับซื้อ-iphone-ขอนแก่น","","(no link)","รับซื้อ โน๊ตบุ๊ค ในขอนแก่น","/รับซื้อ/รับซื้อโน๊ตบุ๊ค-ขอนแก่น","รับซื้อ โน๊ตบุ๊ค ในขอนแก่น","added_sidebar_link_only","Batch 11 selective hub-spoke strengthening","ADDED"
"/รับซื้อ/รับซื้อ-iphone-ขอนแก่น","","(no link)","รับซื้อ MacBook ในขอนแก่น","/รับซื้อ/รับซื้อ-macbook-ขอนแก่น","รับซื้อ MacBook ในขอนแก่น","added_sidebar_link_only","Batch 11 selective hub-spoke strengthening","ADDED"
"/รับซื้อ/รับซื้อ-iphone-ขอนแก่น","","(no link)","รับซื้อ คอมพิวเตอร์ ในขอนแก่น","/รับซื้อ/รับซื้อคอมพิวเตอร์-ขอนแก่น","รับซื้อ คอมพิวเตอร์ ในขอนแก่น","added_sidebar_link_only","Batch 11 selective hub-spoke strengthening","ADDED"
"/รับซื้อ/รับซื้อ-iphone-ขอนแก่น","","(no link)","รับซื้อ iPad ในขอนแก่น","/รับซื้อ/รับซื้อ-ipad-ขอนแก่น","รับซื้อ iPad ในขอนแก่น","added_sidebar_link_only","Batch 11 selective hub-spoke strengthening","ADDED"
"/รับซื้อ/รับซื้อ-iphone-ชัยภูมิ","","(no link)","รับซื้อ โน๊ตบุ๊ค ในชัยภูมิ","/รับซื้อ/รับซื้อโน๊ตบุ๊ค-ชัยภูมิ","รับซื้อ โน๊ตบุ๊ค ในชัยภูมิ","added_sidebar_link_only","Batch 11 selective hub-spoke strengthening","ADDED"
"/รับซื้อ/รับซื้อ-iphone-ชัยภูมิ","","(no link)","รับซื้อ MacBook ในชัยภูมิ","/รับซื้อ/รับซื้อ-macbook-ชัยภูมิ","รับซื้อ MacBook ในชัยภูมิ","added_sidebar_link_only","Batch 11 selective hub-spoke strengthening","ADDED"
"/รับซื้อ/รับซื้อ-iphone-ชัยภูมิ","","(no link)","รับซื้อ คอมพิวเตอร์ ในชัยภูมิ","/รับซื้อ/รับซื้อคอมพิวเตอร์-ชัยภูมิ","รับซื้อ คอมพิวเตอร์ ในชัยภูมิ","added_sidebar_link_only","Batch 11 selective hub-spoke strengthening","ADDED"
"/รับซื้อ/รับซื้อ-iphone-ชัยภูมิ","","(no link)","รับซื้อ iPad ในชัยภูมิ","/รับซื้อ/รับซื้อ-ipad-ชัยภูมิ","รับซื้อ iPad ในชัยภูมิ","added_sidebar_link_only","Batch 11 selective hub-spoke strengthening","ADDED"
"/รับซื้อ/รับซื้อ-iphone-นครพนม","","(no link)","รับซื้อ โน๊ตบุ๊ค ในนครพนม","/รับซื้อ/รับซื้อโน๊ตบุ๊ค-นครพนม","รับซื้อ โน๊ตบุ๊ค ในนครพนม","added_sidebar_link_only","Batch 11 selective hub-spoke strengthening","ADDED"
"/รับซื้อ/รับซื้อ-iphone-นครพนม","","(no link)","รับซื้อ MacBook ในนครพนม","/รับซื้อ/รับซื้อ-macbook-นครพนม","รับซื้อ MacBook ในนครพนม","added_sidebar_link_only","Batch 11 selective hub-spoke strengthening","ADDED"
"/รับซื้อ/รับซื้อ-iphone-นครพนม","","(no link)","รับซื้อ คอมพิวเตอร์ ในนครพนม","/รับซื้อ/รับซื้อคอมพิวเตอร์-นครพนม","รับซื้อ คอมพิวเตอร์ ในนครพนม","added_sidebar_link_only","Batch 11 selective hub-spoke strengthening","ADDED"
"/รับซื้อ/รับซื้อ-iphone-นครพนม","","(no link)","รับซื้อ iPad ในนครพนม","/รับซื้อ/รับซื้อ-ipad-นครพนม","รับซื้อ iPad ในนครพนม","added_sidebar_link_only","Batch 11 selective hub-spoke strengthening","ADDED"
"/รับซื้อ/รับซื้อ-iphone-นครราชสีมา","","(no link)","รับซื้อ โน๊ตบุ๊ค ในนครราชสีมา","/รับซื้อ/รับซื้อโน๊ตบุ๊ค-นครราชสีมา","รับซื้อ โน๊ตบุ๊ค ในนครราชสีมา","added_sidebar_link_only","Batch 11 selective hub-spoke strengthening","ADDED"
"/รับซื้อ/รับซื้อ-iphone-นครราชสีมา","","(no link)","รับซื้อ MacBook ในนครราชสีมา","/รับซื้อ/รับซื้อ-macbook-นครราชสีมา","รับซื้อ MacBook ในนครราชสีมา","added_sidebar_link_only","Batch 11 selective hub-spoke strengthening","ADDED"
"/รับซื้อ/รับซื้อ-iphone-นครราชสีมา","","(no link)","รับซื้อ คอมพิวเตอร์ ในนครราชสีมา","/รับซื้อ/รับซื้อคอมพิวเตอร์-นครราชสีมา","รับซื้อ คอมพิวเตอร์ ในนครราชสีมา","added_sidebar_link_only","Batch 11 selective hub-spoke strengthening","ADDED"
"/รับซื้อ/รับซื้อ-iphone-นครราชสีมา","","(no link)","รับซื้อ iPad ในนครราชสีมา","/รับซื้อ/รับซื้อ-ipad-นครราชสีมา","รับซื้อ iPad ในนครราชสีมา","added_sidebar_link_only","Batch 11 selective hub-spoke strengthening","ADDED"
"/รับซื้อ/รับซื้อ-iphone-บึงกาฬ","","(no link)","รับซื้อ โน๊ตบุ๊ค ในบึงกาฬ","/รับซื้อ/รับซื้อโน๊ตบุ๊ค-บึงกาฬ","รับซื้อ โน๊ตบุ๊ค ในบึงกาฬ","added_sidebar_link_only","Batch 11 selective hub-spoke strengthening","ADDED"
"/รับซื้อ/รับซื้อ-iphone-บึงกาฬ","","(no link)","รับซื้อ MacBook ในบึงกาฬ","/รับซื้อ/รับซื้อ-macbook-บึงกาฬ","รับซื้อ MacBook ในบึงกาฬ","added_sidebar_link_only","Batch 11 selective hub-spoke strengthening","ADDED"
"/รับซื้อ/รับซื้อ-iphone-บึงกาฬ","","(no link)","รับซื้อ คอมพิวเตอร์ ในบึงกาฬ","/รับซื้อ/รับซื้อคอมพิวเตอร์-บึงกาฬ","รับซื้อ คอมพิวเตอร์ ในบึงกาฬ","added_sidebar_link_only","Batch 11 selective hub-spoke strengthening","ADDED"
"/รับซื้อ/รับซื้อ-iphone-บึงกาฬ","","(no link)","รับซื้อ iPad ในบึงกาฬ","/รับซื้อ/รับซื้อ-ipad-บึงกาฬ","รับซื้อ iPad ในบึงกาฬ","added_sidebar_link_only","Batch 11 selective hub-spoke strengthening","ADDED"
"/รับซื้อ/รับซื้อ-iphone-บุรีรัมย์","","(no link)","รับซื้อ โน๊ตบุ๊ค ในบุรีรัมย์","/รับซื้อ/รับซื้อโน๊ตบุ๊ค-บุรีรัมย์","รับซื้อ โน๊ตบุ๊ค ในบุรีรัมย์","added_sidebar_link_only","Batch 11 selective hub-spoke strengthening","ADDED"
"/รับซื้อ/รับซื้อ-iphone-บุรีรัมย์","","(no link)","รับซื้อ MacBook ในบุรีรัมย์","/รับซื้อ/รับซื้อ-macbook-บุรีรัมย์","รับซื้อ MacBook ในบุรีรัมย์","added_sidebar_link_only","Batch 11 selective hub-spoke strengthening","ADDED"
"/รับซื้อ/รับซื้อ-iphone-บุรีรัมย์","","(no link)","รับซื้อ คอมพิวเตอร์ ในบุรีรัมย์","/รับซื้อ/รับซื้อคอมพิวเตอร์-บุรีรัมย์","รับซื้อ คอมพิวเตอร์ ในบุรีรัมย์","added_sidebar_link_only","Batch 11 selective hub-spoke strengthening","ADDED"
"/รับซื้อ/รับซื้อ-iphone-บุรีรัมย์","","(no link)","รับซื้อ iPad ในบุรีรัมย์","/รับซื้อ/รับซื้อ-ipad-บุรีรัมย์","รับซื้อ iPad ในบุรีรัมย์","added_sidebar_link_only","Batch 11 selective hub-spoke strengthening","ADDED"
"/รับซื้อ/รับซื้อ-iphone-มหาสารคาม","","(no link)","รับซื้อ โน๊ตบุ๊ค ในมหาสารคาม","/รับซื้อ/รับซื้อโน๊ตบุ๊ค-มหาสารคาม","รับซื้อ โน๊ตบุ๊ค ในมหาสารคาม","added_sidebar_link_only","Batch 11 selective hub-spoke strengthening","ADDED"
"/รับซื้อ/รับซื้อ-iphone-มหาสารคาม","","(no link)","รับซื้อ MacBook ในมหาสารคาม","/รับซื้อ/รับซื้อ-macbook-มหาสารคาม","รับซื้อ MacBook ในมหาสารคาม","added_sidebar_link_only","Batch 11 selective hub-spoke strengthening","ADDED"
"/รับซื้อ/รับซื้อ-iphone-มหาสารคาม","","(no link)","รับซื้อ คอมพิวเตอร์ ในมหาสารคาม","/รับซื้อ/รับซื้อคอมพิวเตอร์-มหาสารคาม","รับซื้อ คอมพิวเตอร์ ในมหาสารคาม","added_sidebar_link_only","Batch 11 selective hub-spoke strengthening","ADDED"
"/รับซื้อ/รับซื้อ-iphone-มหาสารคาม","","(no link)","รับซื้อ iPad ในมหาสารคาม","/รับซื้อ/รับซื้อ-ipad-มหาสารคาม","รับซื้อ iPad ในมหาสารคาม","added_sidebar_link_only","Batch 11 selective hub-spoke strengthening","ADDED"
"/รับซื้อ/รับซื้อ-iphone-มุกดาหาร","","(no link)","รับซื้อ โน๊ตบุ๊ค ในมุกดาหาร","/รับซื้อ/รับซื้อโน๊ตบุ๊ค-มุกดาหาร","รับซื้อ โน๊ตบุ๊ค ในมุกดาหาร","added_sidebar_link_only","Batch 11 selective hub-spoke strengthening","ADDED"
"/รับซื้อ/รับซื้อ-iphone-มุกดาหาร","","(no link)","รับซื้อ MacBook ในมุกดาหาร","/รับซื้อ/รับซื้อ-macbook-มุกดาหาร","รับซื้อ MacBook ในมุกดาหาร","added_sidebar_link_only","Batch 11 selective hub-spoke strengthening","ADDED"
"/รับซื้อ/รับซื้อ-iphone-มุกดาหาร","","(no link)","รับซื้อ คอมพิวเตอร์ ในมุกดาหาร","/รับซื้อ/รับซื้อคอมพิวเตอร์-มุกดาหาร","รับซื้อ คอมพิวเตอร์ ในมุกดาหาร","added_sidebar_link_only","Batch 11 selective hub-spoke strengthening","ADDED"
"/รับซื้อ/รับซื้อ-iphone-มุกดาหาร","","(no link)","รับซื้อ iPad ในมุกดาหาร","/รับซื้อ/รับซื้อ-ipad-มุกดาหาร","รับซื้อ iPad ในมุกดาหาร","added_sidebar_link_only","Batch 11 selective hub-spoke strengthening","ADDED"
"/รับซื้อ/รับซื้อ-iphone-ยโสธร","","(no link)","รับซื้อ โน๊ตบุ๊ค ในยโสธร","/รับซื้อ/รับซื้อโน๊ตบุ๊ค-ยโสธร","รับซื้อ โน๊ตบุ๊ค ในยโสธร","added_sidebar_link_only","Batch 11 selective hub-spoke strengthening","ADDED"
"/รับซื้อ/รับซื้อ-iphone-ยโสธร","","(no link)","รับซื้อ MacBook ในยโสธร","/รับซื้อ/รับซื้อ-macbook-ยโสธร","รับซื้อ MacBook ในยโสธร","added_sidebar_link_only","Batch 11 selective hub-spoke strengthening","ADDED"
"/รับซื้อ/รับซื้อ-iphone-ยโสธร","","(no link)","รับซื้อ คอมพิวเตอร์ ในยโสธร","/รับซื้อ/รับซื้อคอมพิวเตอร์-ยโสธร","รับซื้อ คอมพิวเตอร์ ในยโสธร","added_sidebar_link_only","Batch 11 selective hub-spoke strengthening","ADDED"
"/รับซื้อ/รับซื้อ-iphone-ยโสธร","","(no link)","รับซื้อ iPad ในยโสธร","/รับซื้อ/รับซื้อ-ipad-ยโสธร","รับซื้อ iPad ในยโสธร","added_sidebar_link_only","Batch 11 selective hub-spoke strengthening","ADDED"
"/รับซื้อ/รับซื้อ-iphone-ร้อยเอ็ด","","(no link)","รับซื้อ โน๊ตบุ๊ค ในร้อยเอ็ด","/รับซื้อ/รับซื้อโน๊ตบุ๊ค-ร้อยเอ็ด","รับซื้อ โน๊ตบุ๊ค ในร้อยเอ็ด","added_sidebar_link_only","Batch 11 selective hub-spoke strengthening","ADDED"
"/รับซื้อ/รับซื้อ-iphone-ร้อยเอ็ด","","(no link)","รับซื้อ MacBook ในร้อยเอ็ด","/รับซื้อ/รับซื้อ-macbook-ร้อยเอ็ด","รับซื้อ MacBook ในร้อยเอ็ด","added_sidebar_link_only","Batch 11 selective hub-spoke strengthening","ADDED"
"/รับซื้อ/รับซื้อ-iphone-ร้อยเอ็ด","","(no link)","รับซื้อ คอมพิวเตอร์ ในร้อยเอ็ด","/รับซื้อ/รับซื้อคอมพิวเตอร์-ร้อยเอ็ด","รับซื้อ คอมพิวเตอร์ ในร้อยเอ็ด","added_sidebar_link_only","Batch 11 selective hub-spoke strengthening","ADDED"
"/รับซื้อ/รับซื้อ-iphone-ร้อยเอ็ด","","(no link)","รับซื้อ iPad ในร้อยเอ็ด","/รับซื้อ/รับซื้อ-ipad-ร้อยเอ็ด","รับซื้อ iPad ในร้อยเอ็ด","added_sidebar_link_only","Batch 11 selective hub-spoke strengthening","ADDED"
"/รับซื้อ/รับซื้อ-iphone-ศรีสะเกษ","","(no link)","รับซื้อ โน๊ตบุ๊ค ในศรีสะเกษ","/รับซื้อ/รับซื้อโน๊ตบุ๊ค-ศรีสะเกษ","รับซื้อ โน๊ตบุ๊ค ในศรีสะเกษ","added_sidebar_link_only","Batch 11 selective hub-spoke strengthening","ADDED"
"/รับซื้อ/รับซื้อ-iphone-ศรีสะเกษ","","(no link)","รับซื้อ MacBook ในศรีสะเกษ","/รับซื้อ/รับซื้อ-macbook-ศรีสะเกษ","รับซื้อ MacBook ในศรีสะเกษ","added_sidebar_link_only","Batch 11 selective hub-spoke strengthening","ADDED"
"/รับซื้อ/รับซื้อ-iphone-ศรีสะเกษ","","(no link)","รับซื้อ คอมพิวเตอร์ ในศรีสะเกษ","/รับซื้อ/รับซื้อคอมพิวเตอร์-ศรีสะเกษ","รับซื้อ คอมพิวเตอร์ ในศรีสะเกษ","added_sidebar_link_only","Batch 11 selective hub-spoke strengthening","ADDED"
"/รับซื้อ/รับซื้อ-iphone-ศรีสะเกษ","","(no link)","รับซื้อ iPad ในศรีสะเกษ","/รับซื้อ/รับซื้อ-ipad-ศรีสะเกษ","รับซื้อ iPad ในศรีสะเกษ","added_sidebar_link_only","Batch 11 selective hub-spoke strengthening","ADDED"
"/รับซื้อ/รับซื้อ-iphone-สกลนคร","","(no link)","รับซื้อ โน๊ตบุ๊ค ในสกลนคร","/รับซื้อ/รับซื้อโน๊ตบุ๊ค-สกลนคร","รับซื้อ โน๊ตบุ๊ค ในสกลนคร","added_sidebar_link_only","Batch 11 selective hub-spoke strengthening","ADDED"
"/รับซื้อ/รับซื้อ-iphone-สกลนคร","","(no link)","รับซื้อ MacBook ในสกลนคร","/รับซื้อ/รับซื้อ-macbook-สกลนคร","รับซื้อ MacBook ในสกลนคร","added_sidebar_link_only","Batch 11 selective hub-spoke strengthening","ADDED"
"/รับซื้อ/รับซื้อ-iphone-สกลนคร","","(no link)","รับซื้อ คอมพิวเตอร์ ในสกลนคร","/รับซื้อ/รับซื้อคอมพิวเตอร์-สกลนคร","รับซื้อ คอมพิวเตอร์ ในสกลนคร","added_sidebar_link_only","Batch 11 selective hub-spoke strengthening","ADDED"
"/รับซื้อ/รับซื้อ-iphone-สกลนคร","","(no link)","รับซื้อ iPad ในสกลนคร","/รับซื้อ/รับซื้อ-ipad-สกลนคร","รับซื้อ iPad ในสกลนคร","added_sidebar_link_only","Batch 11 selective hub-spoke strengthening","ADDED"
"/รับซื้อ/รับซื้อ-iphone-สุรินทร์","","(no link)","รับซื้อ โน๊ตบุ๊ค ในสุรินทร์","/รับซื้อ/รับซื้อโน๊ตบุ๊ค-สุรินทร์","รับซื้อ โน๊ตบุ๊ค ในสุรินทร์","added_sidebar_link_only","Batch 11 selective hub-spoke strengthening","ADDED"
"/รับซื้อ/รับซื้อ-iphone-สุรินทร์","","(no link)","รับซื้อ MacBook ในสุรินทร์","/รับซื้อ/รับซื้อ-macbook-สุรินทร์","รับซื้อ MacBook ในสุรินทร์","added_sidebar_link_only","Batch 11 selective hub-spoke strengthening","ADDED"
"/รับซื้อ/รับซื้อ-iphone-สุรินทร์","","(no link)","รับซื้อ คอมพิวเตอร์ ในสุรินทร์","/รับซื้อ/รับซื้อคอมพิวเตอร์-สุรินทร์","รับซื้อ คอมพิวเตอร์ ในสุรินทร์","added_sidebar_link_only","Batch 11 selective hub-spoke strengthening","ADDED"
"/รับซื้อ/รับซื้อ-iphone-สุรินทร์","","(no link)","รับซื้อ iPad ในสุรินทร์","/รับซื้อ/รับซื้อ-ipad-สุรินทร์","รับซื้อ iPad ในสุรินทร์","added_sidebar_link_only","Batch 11 selective hub-spoke strengthening","ADDED"
"/รับซื้อ/รับซื้อ-iphone-หนองคาย","","(no link)","รับซื้อ โน๊ตบุ๊ค ในหนองคาย","/รับซื้อ/รับซื้อโน๊ตบุ๊ค-หนองคาย","รับซื้อ โน๊ตบุ๊ค ในหนองคาย","added_sidebar_link_only","Batch 11 selective hub-spoke strengthening","ADDED"
"/รับซื้อ/รับซื้อ-iphone-หนองคาย","","(no link)","รับซื้อ MacBook ในหนองคาย","/รับซื้อ/รับซื้อ-macbook-หนองคาย","รับซื้อ MacBook ในหนองคาย","added_sidebar_link_only","Batch 11 selective hub-spoke strengthening","ADDED"
"/รับซื้อ/รับซื้อ-iphone-หนองคาย","","(no link)","รับซื้อ คอมพิวเตอร์ ในหนองคาย","/รับซื้อ/รับซื้อคอมพิวเตอร์-หนองคาย","รับซื้อ คอมพิวเตอร์ ในหนองคาย","added_sidebar_link_only","Batch 11 selective hub-spoke strengthening","ADDED"
"/รับซื้อ/รับซื้อ-iphone-หนองคาย","","(no link)","รับซื้อ iPad ในหนองคาย","/รับซื้อ/รับซื้อ-ipad-หนองคาย","รับซื้อ iPad ในหนองคาย","added_sidebar_link_only","Batch 11 selective hub-spoke strengthening","ADDED"
"/รับซื้อ/รับซื้อ-iphone-หนองบัวลำภู","","(no link)","รับซื้อ โน๊ตบุ๊ค ในหนองบัวลำภู","/รับซื้อ/รับซื้อโน๊ตบุ๊ค-หนองบัวลำภู","รับซื้อ โน๊ตบุ๊ค ในหนองบัวลำภู","added_sidebar_link_only","Batch 11 selective hub-spoke strengthening","ADDED"
"/รับซื้อ/รับซื้อ-iphone-หนองบัวลำภู","","(no link)","รับซื้อ MacBook ในหนองบัวลำภู","/รับซื้อ/รับซื้อ-macbook-หนองบัวลำภู","รับซื้อ MacBook ในหนองบัวลำภู","added_sidebar_link_only","Batch 11 selective hub-spoke strengthening","ADDED"
"/รับซื้อ/รับซื้อ-iphone-หนองบัวลำภู","","(no link)","รับซื้อ คอมพิวเตอร์ ในหนองบัวลำภู","/รับซื้อ/รับซื้อคอมพิวเตอร์-หนองบัวลำภู","รับซื้อ คอมพิวเตอร์ ในหนองบัวลำภู","added_sidebar_link_only","Batch 11 selective hub-spoke strengthening","ADDED"
"/รับซื้อ/รับซื้อ-iphone-หนองบัวลำภู","","(no link)","รับซื้อ iPad ในหนองบัวลำภู","/รับซื้อ/รับซื้อ-ipad-หนองบัวลำภู","รับซื้อ iPad ในหนองบัวลำภู","added_sidebar_link_only","Batch 11 selective hub-spoke strengthening","ADDED"
"/รับซื้อ/รับซื้อ-iphone-อำนาจเจริญ","","(no link)","รับซื้อ โน๊ตบุ๊ค ในอำนาจเจริญ","/รับซื้อ/รับซื้อโน๊ตบุ๊ค-อำนาจเจริญ","รับซื้อ โน๊ตบุ๊ค ในอำนาจเจริญ","added_sidebar_link_only","Batch 11 selective hub-spoke strengthening","ADDED"
"/รับซื้อ/รับซื้อ-iphone-อำนาจเจริญ","","(no link)","รับซื้อ MacBook ในอำนาจเจริญ","/รับซื้อ/รับซื้อ-macbook-อำนาจเจริญ","รับซื้อ MacBook ในอำนาจเจริญ","added_sidebar_link_only","Batch 11 selective hub-spoke strengthening","ADDED"
"/รับซื้อ/รับซื้อ-iphone-อำนาจเจริญ","","(no link)","รับซื้อ คอมพิวเตอร์ ในอำนาจเจริญ","/รับซื้อ/รับซื้อคอมพิวเตอร์-อำนาจเจริญ","รับซื้อ คอมพิวเตอร์ ในอำนาจเจริญ","added_sidebar_link_only","Batch 11 selective hub-spoke strengthening","ADDED"
"/รับซื้อ/รับซื้อ-iphone-อำนาจเจริญ","","(no link)","รับซื้อ iPad ในอำนาจเจริญ","/รับซื้อ/รับซื้อ-ipad-อำนาจเจริญ","รับซื้อ iPad ในอำนาจเจริญ","added_sidebar_link_only","Batch 11 selective hub-spoke strengthening","ADDED"
"/รับซื้อ/รับซื้อ-iphone-อุดรธานี","","(no link)","รับซื้อ โน๊ตบุ๊ค ในอุดรธานี","/รับซื้อ/รับซื้อโน๊ตบุ๊ค-อุดรธานี","รับซื้อ โน๊ตบุ๊ค ในอุดรธานี","added_sidebar_link_only","Batch 11 selective hub-spoke strengthening","ADDED"
"/รับซื้อ/รับซื้อ-iphone-อุดรธานี","","(no link)","รับซื้อ MacBook ในอุดรธานี","/รับซื้อ/รับซื้อ-macbook-อุดรธานี","รับซื้อ MacBook ในอุดรธานี","added_sidebar_link_only","Batch 11 selective hub-spoke strengthening","ADDED"
"/รับซื้อ/รับซื้อ-iphone-อุดรธานี","","(no link)","รับซื้อ คอมพิวเตอร์ ในอุดรธานี","/รับซื้อ/รับซื้อคอมพิวเตอร์-อุดรธานี","รับซื้อ คอมพิวเตอร์ ในอุดรธานี","added_sidebar_link_only","Batch 11 selective hub-spoke strengthening","ADDED"
"/รับซื้อ/รับซื้อ-iphone-อุดรธานี","","(no link)","รับซื้อ iPad ในอุดรธานี","/รับซื้อ/รับซื้อ-ipad-อุดรธานี","รับซื้อ iPad ในอุดรธานี","added_sidebar_link_only","Batch 11 selective hub-spoke strengthening","ADDED"
"/รับซื้อ/รับซื้อ-iphone-อุบลราชธานี","","(no link)","รับซื้อโน๊ตบุ๊ค ในอุบลราชธานี","/รับซื้อ/รับซื้อโน๊ตบุ๊ค-อุบลราชธานี","รับซื้อโน๊ตบุ๊ค ในอุบลราชธานี","added_sidebar_link_only","Batch 11 selective hub-spoke strengthening","ADDED"
"/รับซื้อ/รับซื้อ-iphone-อุบลราชธานี","","(no link)","รับซื้อ MacBook ในอุบลราชธานี","/รับซื้อ/รับซื้อ-macbook-อุบลราชธานี","รับซื้อ MacBook ในอุบลราชธานี","added_sidebar_link_only","Batch 11 selective hub-spoke strengthening","ADDED"
"/รับซื้อ/รับซื้อ-iphone-อุบลราชธานี","","(no link)","รับซื้อคอมพิวเตอร์ ในอุบลราชธานี","/รับซื้อ/รับซื้อคอมพิวเตอร์-อุบลราชธานี","รับซื้อคอมพิวเตอร์ ในอุบลราชธานี","added_sidebar_link_only","Batch 11 selective hub-spoke strengthening","ADDED"
"/รับซื้อ/รับซื้อ-iphone-อุบลราชธานี","","(no link)","รับซื้อ iPad ในอุบลราชธานี","/รับซื้อ/รับซื้อ-ipad-อุบลราชธานี","รับซื้อ iPad ในอุบลราชธานี","added_sidebar_link_only","Batch 11 selective hub-spoke strengthening","ADDED"
"/รับซื้อ/รับซื้อ-iphone-เลย","","(no link)","รับซื้อ โน๊ตบุ๊ค ในเลย","/รับซื้อ/รับซื้อโน๊ตบุ๊ค-เลย","รับซื้อ โน๊ตบุ๊ค ในเลย","added_sidebar_link_only","Batch 11 selective hub-spoke strengthening","ADDED"
"/รับซื้อ/รับซื้อ-iphone-เลย","","(no link)","รับซื้อ MacBook ในเลย","/รับซื้อ/รับซื้อ-macbook-เลย","รับซื้อ MacBook ในเลย","added_sidebar_link_only","Batch 11 selective hub-spoke strengthening","ADDED"
"/รับซื้อ/รับซื้อ-iphone-เลย","","(no link)","รับซื้อ คอมพิวเตอร์ ในเลย","/รับซื้อ/รับซื้อคอมพิวเตอร์-เลย","รับซื้อ คอมพิวเตอร์ ในเลย","added_sidebar_link_only","Batch 11 selective hub-spoke strengthening","ADDED"
"/รับซื้อ/รับซื้อ-iphone-เลย","","(no link)","รับซื้อ iPad ในเลย","/รับซื้อ/รับซื้อ-ipad-เลย","รับซื้อ iPad ในเลย","added_sidebar_link_only","Batch 11 selective hub-spoke strengthening","ADDED"
"/รับซื้อ/รับซื้อ-jbl-กาฬสินธุ์","","(no link)","รับซื้อ โน๊ตบุ๊ค ในกาฬสินธุ์","/รับซื้อ/รับซื้อโน๊ตบุ๊ค-กาฬสินธุ์","รับซื้อ โน๊ตบุ๊ค ในกาฬสินธุ์","added_sidebar_link_only","Batch 11 selective hub-spoke strengthening","ADDED"
"/รับซื้อ/รับซื้อ-jbl-กาฬสินธุ์","","(no link)","รับซื้อ MacBook ในกาฬสินธุ์","/รับซื้อ/รับซื้อ-macbook-กาฬสินธุ์","รับซื้อ MacBook ในกาฬสินธุ์","added_sidebar_link_only","Batch 11 selective hub-spoke strengthening","ADDED"
"/รับซื้อ/รับซื้อ-jbl-กาฬสินธุ์","","(no link)","รับซื้อ คอมพิวเตอร์ ในกาฬสินธุ์","/รับซื้อ/รับซื้อคอมพิวเตอร์-กาฬสินธุ์","รับซื้อ คอมพิวเตอร์ ในกาฬสินธุ์","added_sidebar_link_only","Batch 11 selective hub-spoke strengthening","ADDED"
"/รับซื้อ/รับซื้อ-jbl-กาฬสินธุ์","","(no link)","รับซื้อ iPhone ในกาฬสินธุ์","/รับซื้อ/รับซื้อ-iphone-กาฬสินธุ์","รับซื้อ iPhone ในกาฬสินธุ์","added_sidebar_link_only","Batch 11 selective hub-spoke strengthening","ADDED"
"/รับซื้อ/รับซื้อ-jbl-ขอนแก่น","","(no link)","รับซื้อ โน๊ตบุ๊ค ในขอนแก่น","/รับซื้อ/รับซื้อโน๊ตบุ๊ค-ขอนแก่น","รับซื้อ โน๊ตบุ๊ค ในขอนแก่น","added_sidebar_link_only","Batch 11 selective hub-spoke strengthening","ADDED"
"/รับซื้อ/รับซื้อ-jbl-ขอนแก่น","","(no link)","รับซื้อ MacBook ในขอนแก่น","/รับซื้อ/รับซื้อ-macbook-ขอนแก่น","รับซื้อ MacBook ในขอนแก่น","added_sidebar_link_only","Batch 11 selective hub-spoke strengthening","ADDED"
"/รับซื้อ/รับซื้อ-jbl-ขอนแก่น","","(no link)","รับซื้อ คอมพิวเตอร์ ในขอนแก่น","/รับซื้อ/รับซื้อคอมพิวเตอร์-ขอนแก่น","รับซื้อ คอมพิวเตอร์ ในขอนแก่น","added_sidebar_link_only","Batch 11 selective hub-spoke strengthening","ADDED"
"/รับซื้อ/รับซื้อ-jbl-ขอนแก่น","","(no link)","รับซื้อ iPhone ในขอนแก่น","/รับซื้อ/รับซื้อ-iphone-ขอนแก่น","รับซื้อ iPhone ในขอนแก่น","added_sidebar_link_only","Batch 11 selective hub-spoke strengthening","ADDED"
"/รับซื้อ/รับซื้อ-jbl-ชัยภูมิ","","(no link)","รับซื้อ โน๊ตบุ๊ค ในชัยภูมิ","/รับซื้อ/รับซื้อโน๊ตบุ๊ค-ชัยภูมิ","รับซื้อ โน๊ตบุ๊ค ในชัยภูมิ","added_sidebar_link_only","Batch 11 selective hub-spoke strengthening","ADDED"
"/รับซื้อ/รับซื้อ-jbl-ชัยภูมิ","","(no link)","รับซื้อ MacBook ในชัยภูมิ","/รับซื้อ/รับซื้อ-macbook-ชัยภูมิ","รับซื้อ MacBook ในชัยภูมิ","added_sidebar_link_only","Batch 11 selective hub-spoke strengthening","ADDED"
"/รับซื้อ/รับซื้อ-jbl-ชัยภูมิ","","(no link)","รับซื้อ คอมพิวเตอร์ ในชัยภูมิ","/รับซื้อ/รับซื้อคอมพิวเตอร์-ชัยภูมิ","รับซื้อ คอมพิวเตอร์ ในชัยภูมิ","added_sidebar_link_only","Batch 11 selective hub-spoke strengthening","ADDED"
"/รับซื้อ/รับซื้อ-jbl-ชัยภูมิ","","(no link)","รับซื้อ iPhone ในชัยภูมิ","/รับซื้อ/รับซื้อ-iphone-ชัยภูมิ","รับซื้อ iPhone ในชัยภูมิ","added_sidebar_link_only","Batch 11 selective hub-spoke strengthening","ADDED"
"/รับซื้อ/รับซื้อ-jbl-นครพนม","","(no link)","รับซื้อ โน๊ตบุ๊ค ในนครพนม","/รับซื้อ/รับซื้อโน๊ตบุ๊ค-นครพนม","รับซื้อ โน๊ตบุ๊ค ในนครพนม","added_sidebar_link_only","Batch 11 selective hub-spoke strengthening","ADDED"
"/รับซื้อ/รับซื้อ-jbl-นครพนม","","(no link)","รับซื้อ MacBook ในนครพนม","/รับซื้อ/รับซื้อ-macbook-นครพนม","รับซื้อ MacBook ในนครพนม","added_sidebar_link_only","Batch 11 selective hub-spoke strengthening","ADDED"
"/รับซื้อ/รับซื้อ-jbl-นครพนม","","(no link)","รับซื้อ คอมพิวเตอร์ ในนครพนม","/รับซื้อ/รับซื้อคอมพิวเตอร์-นครพนม","รับซื้อ คอมพิวเตอร์ ในนครพนม","added_sidebar_link_only","Batch 11 selective hub-spoke strengthening","ADDED"
"/รับซื้อ/รับซื้อ-jbl-นครพนม","","(no link)","รับซื้อ iPhone ในนครพนม","/รับซื้อ/รับซื้อ-iphone-นครพนม","รับซื้อ iPhone ในนครพนม","added_sidebar_link_only","Batch 11 selective hub-spoke strengthening","ADDED"
"/รับซื้อ/รับซื้อ-jbl-นครราชสีมา","","(no link)","รับซื้อ โน๊ตบุ๊ค ในนครราชสีมา","/รับซื้อ/รับซื้อโน๊ตบุ๊ค-นครราชสีมา","รับซื้อ โน๊ตบุ๊ค ในนครราชสีมา","added_sidebar_link_only","Batch 11 selective hub-spoke strengthening","ADDED"
"/รับซื้อ/รับซื้อ-jbl-นครราชสีมา","","(no link)","รับซื้อ MacBook ในนครราชสีมา","/รับซื้อ/รับซื้อ-macbook-นครราชสีมา","รับซื้อ MacBook ในนครราชสีมา","added_sidebar_link_only","Batch 11 selective hub-spoke strengthening","ADDED"
"/รับซื้อ/รับซื้อ-jbl-นครราชสีมา","","(no link)","รับซื้อ คอมพิวเตอร์ ในนครราชสีมา","/รับซื้อ/รับซื้อคอมพิวเตอร์-นครราชสีมา","รับซื้อ คอมพิวเตอร์ ในนครราชสีมา","added_sidebar_link_only","Batch 11 selective hub-spoke strengthening","ADDED"
"/รับซื้อ/รับซื้อ-jbl-นครราชสีมา","","(no link)","รับซื้อ iPhone ในนครราชสีมา","/รับซื้อ/รับซื้อ-iphone-นครราชสีมา","รับซื้อ iPhone ในนครราชสีมา","added_sidebar_link_only","Batch 11 selective hub-spoke strengthening","ADDED"
"/รับซื้อ/รับซื้อ-jbl-บึงกาฬ","","(no link)","รับซื้อ โน๊ตบุ๊ค ในบึงกาฬ","/รับซื้อ/รับซื้อโน๊ตบุ๊ค-บึงกาฬ","รับซื้อ โน๊ตบุ๊ค ในบึงกาฬ","added_sidebar_link_only","Batch 11 selective hub-spoke strengthening","ADDED"
"/รับซื้อ/รับซื้อ-jbl-บึงกาฬ","","(no link)","รับซื้อ MacBook ในบึงกาฬ","/รับซื้อ/รับซื้อ-macbook-บึงกาฬ","รับซื้อ MacBook ในบึงกาฬ","added_sidebar_link_only","Batch 11 selective hub-spoke strengthening","ADDED"
"/รับซื้อ/รับซื้อ-jbl-บึงกาฬ","","(no link)","รับซื้อ คอมพิวเตอร์ ในบึงกาฬ","/รับซื้อ/รับซื้อคอมพิวเตอร์-บึงกาฬ","รับซื้อ คอมพิวเตอร์ ในบึงกาฬ","added_sidebar_link_only","Batch 11 selective hub-spoke strengthening","ADDED"
"/รับซื้อ/รับซื้อ-jbl-บึงกาฬ","","(no link)","รับซื้อ iPhone ในบึงกาฬ","/รับซื้อ/รับซื้อ-iphone-บึงกาฬ","รับซื้อ iPhone ในบึงกาฬ","added_sidebar_link_only","Batch 11 selective hub-spoke strengthening","ADDED"
"/รับซื้อ/รับซื้อ-jbl-บุรีรัมย์","","(no link)","รับซื้อ โน๊ตบุ๊ค ในบุรีรัมย์","/รับซื้อ/รับซื้อโน๊ตบุ๊ค-บุรีรัมย์","รับซื้อ โน๊ตบุ๊ค ในบุรีรัมย์","added_sidebar_link_only","Batch 11 selective hub-spoke strengthening","ADDED"
"/รับซื้อ/รับซื้อ-jbl-บุรีรัมย์","","(no link)","รับซื้อ MacBook ในบุรีรัมย์","/รับซื้อ/รับซื้อ-macbook-บุรีรัมย์","รับซื้อ MacBook ในบุรีรัมย์","added_sidebar_link_only","Batch 11 selective hub-spoke strengthening","ADDED"
"/รับซื้อ/รับซื้อ-jbl-บุรีรัมย์","","(no link)","รับซื้อ คอมพิวเตอร์ ในบุรีรัมย์","/รับซื้อ/รับซื้อคอมพิวเตอร์-บุรีรัมย์","รับซื้อ คอมพิวเตอร์ ในบุรีรัมย์","added_sidebar_link_only","Batch 11 selective hub-spoke strengthening","ADDED"
"/รับซื้อ/รับซื้อ-jbl-บุรีรัมย์","","(no link)","รับซื้อ iPhone ในบุรีรัมย์","/รับซื้อ/รับซื้อ-iphone-บุรีรัมย์","รับซื้อ iPhone ในบุรีรัมย์","added_sidebar_link_only","Batch 11 selective hub-spoke strengthening","ADDED"
"/รับซื้อ/รับซื้อ-jbl-มหาสารคาม","","(no link)","รับซื้อ โน๊ตบุ๊ค ในมหาสารคาม","/รับซื้อ/รับซื้อโน๊ตบุ๊ค-มหาสารคาม","รับซื้อ โน๊ตบุ๊ค ในมหาสารคาม","added_sidebar_link_only","Batch 11 selective hub-spoke strengthening","ADDED"
"/รับซื้อ/รับซื้อ-jbl-มหาสารคาม","","(no link)","รับซื้อ MacBook ในมหาสารคาม","/รับซื้อ/รับซื้อ-macbook-มหาสารคาม","รับซื้อ MacBook ในมหาสารคาม","added_sidebar_link_only","Batch 11 selective hub-spoke strengthening","ADDED"
"/รับซื้อ/รับซื้อ-jbl-มหาสารคาม","","(no link)","รับซื้อ คอมพิวเตอร์ ในมหาสารคาม","/รับซื้อ/รับซื้อคอมพิวเตอร์-มหาสารคาม","รับซื้อ คอมพิวเตอร์ ในมหาสารคาม","added_sidebar_link_only","Batch 11 selective hub-spoke strengthening","ADDED"
"/รับซื้อ/รับซื้อ-jbl-มหาสารคาม","","(no link)","รับซื้อ iPhone ในมหาสารคาม","/รับซื้อ/รับซื้อ-iphone-มหาสารคาม","รับซื้อ iPhone ในมหาสารคาม","added_sidebar_link_only","Batch 11 selective hub-spoke strengthening","ADDED"
"/รับซื้อ/รับซื้อ-jbl-มุกดาหาร","","(no link)","รับซื้อ โน๊ตบุ๊ค ในมุกดาหาร","/รับซื้อ/รับซื้อโน๊ตบุ๊ค-มุกดาหาร","รับซื้อ โน๊ตบุ๊ค ในมุกดาหาร","added_sidebar_link_only","Batch 11 selective hub-spoke strengthening","ADDED"
"/รับซื้อ/รับซื้อ-jbl-มุกดาหาร","","(no link)","รับซื้อ MacBook ในมุกดาหาร","/รับซื้อ/รับซื้อ-macbook-มุกดาหาร","รับซื้อ MacBook ในมุกดาหาร","added_sidebar_link_only","Batch 11 selective hub-spoke strengthening","ADDED"
"/รับซื้อ/รับซื้อ-jbl-มุกดาหาร","","(no link)","รับซื้อ คอมพิวเตอร์ ในมุกดาหาร","/รับซื้อ/รับซื้อคอมพิวเตอร์-มุกดาหาร","รับซื้อ คอมพิวเตอร์ ในมุกดาหาร","added_sidebar_link_only","Batch 11 selective hub-spoke strengthening","ADDED"
"/รับซื้อ/รับซื้อ-jbl-มุกดาหาร","","(no link)","รับซื้อ iPhone ในมุกดาหาร","/รับซื้อ/รับซื้อ-iphone-มุกดาหาร","รับซื้อ iPhone ในมุกดาหาร","added_sidebar_link_only","Batch 11 selective hub-spoke strengthening","ADDED"
"/รับซื้อ/รับซื้อ-jbl-ยโสธร","","(no link)","รับซื้อ โน๊ตบุ๊ค ในยโสธร","/รับซื้อ/รับซื้อโน๊ตบุ๊ค-ยโสธร","รับซื้อ โน๊ตบุ๊ค ในยโสธร","added_sidebar_link_only","Batch 11 selective hub-spoke strengthening","ADDED"
"/รับซื้อ/รับซื้อ-jbl-ยโสธร","","(no link)","รับซื้อ MacBook ในยโสธร","/รับซื้อ/รับซื้อ-macbook-ยโสธร","รับซื้อ MacBook ในยโสธร","added_sidebar_link_only","Batch 11 selective hub-spoke strengthening","ADDED"
"/รับซื้อ/รับซื้อ-jbl-ยโสธร","","(no link)","รับซื้อ คอมพิวเตอร์ ในยโสธร","/รับซื้อ/รับซื้อคอมพิวเตอร์-ยโสธร","รับซื้อ คอมพิวเตอร์ ในยโสธร","added_sidebar_link_only","Batch 11 selective hub-spoke strengthening","ADDED"
"/รับซื้อ/รับซื้อ-jbl-ยโสธร","","(no link)","รับซื้อ iPhone ในยโสธร","/รับซื้อ/รับซื้อ-iphone-ยโสธร","รับซื้อ iPhone ในยโสธร","added_sidebar_link_only","Batch 11 selective hub-spoke strengthening","ADDED"
"/รับซื้อ/รับซื้อ-jbl-ร้อยเอ็ด","","(no link)","รับซื้อ โน๊ตบุ๊ค ในร้อยเอ็ด","/รับซื้อ/รับซื้อโน๊ตบุ๊ค-ร้อยเอ็ด","รับซื้อ โน๊ตบุ๊ค ในร้อยเอ็ด","added_sidebar_link_only","Batch 11 selective hub-spoke strengthening","ADDED"
"/รับซื้อ/รับซื้อ-jbl-ร้อยเอ็ด","","(no link)","รับซื้อ MacBook ในร้อยเอ็ด","/รับซื้อ/รับซื้อ-macbook-ร้อยเอ็ด","รับซื้อ MacBook ในร้อยเอ็ด","added_sidebar_link_only","Batch 11 selective hub-spoke strengthening","ADDED"
"/รับซื้อ/รับซื้อ-jbl-ร้อยเอ็ด","","(no link)","รับซื้อ คอมพิวเตอร์ ในร้อยเอ็ด","/รับซื้อ/รับซื้อคอมพิวเตอร์-ร้อยเอ็ด","รับซื้อ คอมพิวเตอร์ ในร้อยเอ็ด","added_sidebar_link_only","Batch 11 selective hub-spoke strengthening","ADDED"
"/รับซื้อ/รับซื้อ-jbl-ร้อยเอ็ด","","(no link)","รับซื้อ iPhone ในร้อยเอ็ด","/รับซื้อ/รับซื้อ-iphone-ร้อยเอ็ด","รับซื้อ iPhone ในร้อยเอ็ด","added_sidebar_link_only","Batch 11 selective hub-spoke strengthening","ADDED"
"/รับซื้อ/รับซื้อ-jbl-ศรีสะเกษ","","(no link)","รับซื้อ โน๊ตบุ๊ค ในศรีสะเกษ","/รับซื้อ/รับซื้อโน๊ตบุ๊ค-ศรีสะเกษ","รับซื้อ โน๊ตบุ๊ค ในศรีสะเกษ","added_sidebar_link_only","Batch 11 selective hub-spoke strengthening","ADDED"
"/รับซื้อ/รับซื้อ-jbl-ศรีสะเกษ","","(no link)","รับซื้อ MacBook ในศรีสะเกษ","/รับซื้อ/รับซื้อ-macbook-ศรีสะเกษ","รับซื้อ MacBook ในศรีสะเกษ","added_sidebar_link_only","Batch 11 selective hub-spoke strengthening","ADDED"
"/รับซื้อ/รับซื้อ-jbl-ศรีสะเกษ","","(no link)","รับซื้อ คอมพิวเตอร์ ในศรีสะเกษ","/รับซื้อ/รับซื้อคอมพิวเตอร์-ศรีสะเกษ","รับซื้อ คอมพิวเตอร์ ในศรีสะเกษ","added_sidebar_link_only","Batch 11 selective hub-spoke strengthening","ADDED"
"/รับซื้อ/รับซื้อ-jbl-ศรีสะเกษ","","(no link)","รับซื้อ iPhone ในศรีสะเกษ","/รับซื้อ/รับซื้อ-iphone-ศรีสะเกษ","รับซื้อ iPhone ในศรีสะเกษ","added_sidebar_link_only","Batch 11 selective hub-spoke strengthening","ADDED"
"/รับซื้อ/รับซื้อ-jbl-สกลนคร","","(no link)","รับซื้อ โน๊ตบุ๊ค ในสกลนคร","/รับซื้อ/รับซื้อโน๊ตบุ๊ค-สกลนคร","รับซื้อ โน๊ตบุ๊ค ในสกลนคร","added_sidebar_link_only","Batch 11 selective hub-spoke strengthening","ADDED"
"/รับซื้อ/รับซื้อ-jbl-สกลนคร","","(no link)","รับซื้อ MacBook ในสกลนคร","/รับซื้อ/รับซื้อ-macbook-สกลนคร","รับซื้อ MacBook ในสกลนคร","added_sidebar_link_only","Batch 11 selective hub-spoke strengthening","ADDED"
"/รับซื้อ/รับซื้อ-jbl-สกลนคร","","(no link)","รับซื้อ คอมพิวเตอร์ ในสกลนคร","/รับซื้อ/รับซื้อคอมพิวเตอร์-สกลนคร","รับซื้อ คอมพิวเตอร์ ในสกลนคร","added_sidebar_link_only","Batch 11 selective hub-spoke strengthening","ADDED"
"/รับซื้อ/รับซื้อ-jbl-สกลนคร","","(no link)","รับซื้อ iPhone ในสกลนคร","/รับซื้อ/รับซื้อ-iphone-สกลนคร","รับซื้อ iPhone ในสกลนคร","added_sidebar_link_only","Batch 11 selective hub-spoke strengthening","ADDED"
"/รับซื้อ/รับซื้อ-jbl-สุรินทร์","","(no link)","รับซื้อ โน๊ตบุ๊ค ในสุรินทร์","/รับซื้อ/รับซื้อโน๊ตบุ๊ค-สุรินทร์","รับซื้อ โน๊ตบุ๊ค ในสุรินทร์","added_sidebar_link_only","Batch 11 selective hub-spoke strengthening","ADDED"
"/รับซื้อ/รับซื้อ-jbl-สุรินทร์","","(no link)","รับซื้อ MacBook ในสุรินทร์","/รับซื้อ/รับซื้อ-macbook-สุรินทร์","รับซื้อ MacBook ในสุรินทร์","added_sidebar_link_only","Batch 11 selective hub-spoke strengthening","ADDED"
"/รับซื้อ/รับซื้อ-jbl-สุรินทร์","","(no link)","รับซื้อ คอมพิวเตอร์ ในสุรินทร์","/รับซื้อ/รับซื้อคอมพิวเตอร์-สุรินทร์","รับซื้อ คอมพิวเตอร์ ในสุรินทร์","added_sidebar_link_only","Batch 11 selective hub-spoke strengthening","ADDED"
"/รับซื้อ/รับซื้อ-jbl-สุรินทร์","","(no link)","รับซื้อ iPhone ในสุรินทร์","/รับซื้อ/รับซื้อ-iphone-สุรินทร์","รับซื้อ iPhone ในสุรินทร์","added_sidebar_link_only","Batch 11 selective hub-spoke strengthening","ADDED"
"/รับซื้อ/รับซื้อ-jbl-หนองคาย","","(no link)","รับซื้อ โน๊ตบุ๊ค ในหนองคาย","/รับซื้อ/รับซื้อโน๊ตบุ๊ค-หนองคาย","รับซื้อ โน๊ตบุ๊ค ในหนองคาย","added_sidebar_link_only","Batch 11 selective hub-spoke strengthening","ADDED"
"/รับซื้อ/รับซื้อ-jbl-หนองคาย","","(no link)","รับซื้อ MacBook ในหนองคาย","/รับซื้อ/รับซื้อ-macbook-หนองคาย","รับซื้อ MacBook ในหนองคาย","added_sidebar_link_only","Batch 11 selective hub-spoke strengthening","ADDED"
"/รับซื้อ/รับซื้อ-jbl-หนองคาย","","(no link)","รับซื้อ คอมพิวเตอร์ ในหนองคาย","/รับซื้อ/รับซื้อคอมพิวเตอร์-หนองคาย","รับซื้อ คอมพิวเตอร์ ในหนองคาย","added_sidebar_link_only","Batch 11 selective hub-spoke strengthening","ADDED"
"/รับซื้อ/รับซื้อ-jbl-หนองคาย","","(no link)","รับซื้อ iPhone ในหนองคาย","/รับซื้อ/รับซื้อ-iphone-หนองคาย","รับซื้อ iPhone ในหนองคาย","added_sidebar_link_only","Batch 11 selective hub-spoke strengthening","ADDED"
"/รับซื้อ/รับซื้อ-jbl-หนองบัวลำภู","","(no link)","รับซื้อ โน๊ตบุ๊ค ในหนองบัวลำภู","/รับซื้อ/รับซื้อโน๊ตบุ๊ค-หนองบัวลำภู","รับซื้อ โน๊ตบุ๊ค ในหนองบัวลำภู","added_sidebar_link_only","Batch 11 selective hub-spoke strengthening","ADDED"
"/รับซื้อ/รับซื้อ-jbl-หนองบัวลำภู","","(no link)","รับซื้อ MacBook ในหนองบัวลำภู","/รับซื้อ/รับซื้อ-macbook-หนองบัวลำภู","รับซื้อ MacBook ในหนองบัวลำภู","added_sidebar_link_only","Batch 11 selective hub-spoke strengthening","ADDED"
"/รับซื้อ/รับซื้อ-jbl-หนองบัวลำภู","","(no link)","รับซื้อ คอมพิวเตอร์ ในหนองบัวลำภู","/รับซื้อ/รับซื้อคอมพิวเตอร์-หนองบัวลำภู","รับซื้อ คอมพิวเตอร์ ในหนองบัวลำภู","added_sidebar_link_only","Batch 11 selective hub-spoke strengthening","ADDED"
"/รับซื้อ/รับซื้อ-jbl-หนองบัวลำภู","","(no link)","รับซื้อ iPhone ในหนองบัวลำภู","/รับซื้อ/รับซื้อ-iphone-หนองบัวลำภู","รับซื้อ iPhone ในหนองบัวลำภู","added_sidebar_link_only","Batch 11 selective hub-spoke strengthening","ADDED"
"/รับซื้อ/รับซื้อ-jbl-อำนาจเจริญ","","(no link)","รับซื้อ โน๊ตบุ๊ค ในอำนาจเจริญ","/รับซื้อ/รับซื้อโน๊ตบุ๊ค-อำนาจเจริญ","รับซื้อ โน๊ตบุ๊ค ในอำนาจเจริญ","added_sidebar_link_only","Batch 11 selective hub-spoke strengthening","ADDED"
"/รับซื้อ/รับซื้อ-jbl-อำนาจเจริญ","","(no link)","รับซื้อ MacBook ในอำนาจเจริญ","/รับซื้อ/รับซื้อ-macbook-อำนาจเจริญ","รับซื้อ MacBook ในอำนาจเจริญ","added_sidebar_link_only","Batch 11 selective hub-spoke strengthening","ADDED"
"/รับซื้อ/รับซื้อ-jbl-อำนาจเจริญ","","(no link)","รับซื้อ คอมพิวเตอร์ ในอำนาจเจริญ","/รับซื้อ/รับซื้อคอมพิวเตอร์-อำนาจเจริญ","รับซื้อ คอมพิวเตอร์ ในอำนาจเจริญ","added_sidebar_link_only","Batch 11 selective hub-spoke strengthening","ADDED"
"/รับซื้อ/รับซื้อ-jbl-อำนาจเจริญ","","(no link)","รับซื้อ iPhone ในอำนาจเจริญ","/รับซื้อ/รับซื้อ-iphone-อำนาจเจริญ","รับซื้อ iPhone ในอำนาจเจริญ","added_sidebar_link_only","Batch 11 selective hub-spoke strengthening","ADDED"
"/รับซื้อ/รับซื้อ-jbl-อุดรธานี","","(no link)","รับซื้อ โน๊ตบุ๊ค ในอุดรธานี","/รับซื้อ/รับซื้อโน๊ตบุ๊ค-อุดรธานี","รับซื้อ โน๊ตบุ๊ค ในอุดรธานี","added_sidebar_link_only","Batch 11 selective hub-spoke strengthening","ADDED"
"/รับซื้อ/รับซื้อ-jbl-อุดรธานี","","(no link)","รับซื้อ MacBook ในอุดรธานี","/รับซื้อ/รับซื้อ-macbook-อุดรธานี","รับซื้อ MacBook ในอุดรธานี","added_sidebar_link_only","Batch 11 selective hub-spoke strengthening","ADDED"
"/รับซื้อ/รับซื้อ-jbl-อุดรธานี","","(no link)","รับซื้อ คอมพิวเตอร์ ในอุดรธานี","/รับซื้อ/รับซื้อคอมพิวเตอร์-อุดรธานี","รับซื้อ คอมพิวเตอร์ ในอุดรธานี","added_sidebar_link_only","Batch 11 selective hub-spoke strengthening","ADDED"
"/รับซื้อ/รับซื้อ-jbl-อุดรธานี","","(no link)","รับซื้อ iPhone ในอุดรธานี","/รับซื้อ/รับซื้อ-iphone-อุดรธานี","รับซื้อ iPhone ในอุดรธานี","added_sidebar_link_only","Batch 11 selective hub-spoke strengthening","ADDED"
"/รับซื้อ/รับซื้อ-jbl-อุบลราชธานี","","(no link)","รับซื้อโน๊ตบุ๊ค ในอุบลราชธานี","/รับซื้อ/รับซื้อโน๊ตบุ๊ค-อุบลราชธานี","รับซื้อโน๊ตบุ๊ค ในอุบลราชธานี","added_sidebar_link_only","Batch 11 selective hub-spoke strengthening","ADDED"
"/รับซื้อ/รับซื้อ-jbl-อุบลราชธานี","","(no link)","รับซื้อ MacBook ในอุบลราชธานี","/รับซื้อ/รับซื้อ-macbook-อุบลราชธานี","รับซื้อ MacBook ในอุบลราชธานี","added_sidebar_link_only","Batch 11 selective hub-spoke strengthening","ADDED"
"/รับซื้อ/รับซื้อ-jbl-อุบลราชธานี","","(no link)","รับซื้อคอมพิวเตอร์ ในอุบลราชธานี","/รับซื้อ/รับซื้อคอมพิวเตอร์-อุบลราชธานี","รับซื้อคอมพิวเตอร์ ในอุบลราชธานี","added_sidebar_link_only","Batch 11 selective hub-spoke strengthening","ADDED"
"/รับซื้อ/รับซื้อ-jbl-อุบลราชธานี","","(no link)","รับซื้อ iPhone ในอุบลราชธานี","/รับซื้อ/รับซื้อ-iphone-อุบลราชธานี","รับซื้อ iPhone ในอุบลราชธานี","added_sidebar_link_only","Batch 11 selective hub-spoke strengthening","ADDED"
"/รับซื้อ/รับซื้อ-jbl-เลย","","(no link)","รับซื้อ โน๊ตบุ๊ค ในเลย","/รับซื้อ/รับซื้อโน๊ตบุ๊ค-เลย","รับซื้อ โน๊ตบุ๊ค ในเลย","added_sidebar_link_only","Batch 11 selective hub-spoke strengthening","ADDED"
"/รับซื้อ/รับซื้อ-jbl-เลย","","(no link)","รับซื้อ MacBook ในเลย","/รับซื้อ/รับซื้อ-macbook-เลย","รับซื้อ MacBook ในเลย","added_sidebar_link_only","Batch 11 selective hub-spoke strengthening","ADDED"
"/รับซื้อ/รับซื้อ-jbl-เลย","","(no link)","รับซื้อ คอมพิวเตอร์ ในเลย","/รับซื้อ/รับซื้อคอมพิวเตอร์-เลย","รับซื้อ คอมพิวเตอร์ ในเลย","added_sidebar_link_only","Batch 11 selective hub-spoke strengthening","ADDED"
"/รับซื้อ/รับซื้อ-jbl-เลย","","(no link)","รับซื้อ iPhone ในเลย","/รับซื้อ/รับซื้อ-iphone-เลย","รับซื้อ iPhone ในเลย","added_sidebar_link_only","Batch 11 selective hub-spoke strengthening","ADDED"
"/รับซื้อ/รับซื้อ-mac-mini-กาฬสินธุ์","","(no link)","รับซื้อ โน๊ตบุ๊ค ในกาฬสินธุ์","/รับซื้อ/รับซื้อโน๊ตบุ๊ค-กาฬสินธุ์","รับซื้อ โน๊ตบุ๊ค ในกาฬสินธุ์","added_sidebar_link_only","Batch 11 selective hub-spoke strengthening","ADDED"
"/รับซื้อ/รับซื้อ-mac-mini-กาฬสินธุ์","","(no link)","รับซื้อ MacBook ในกาฬสินธุ์","/รับซื้อ/รับซื้อ-macbook-กาฬสินธุ์","รับซื้อ MacBook ในกาฬสินธุ์","added_sidebar_link_only","Batch 11 selective hub-spoke strengthening","ADDED"
"/รับซื้อ/รับซื้อ-mac-mini-กาฬสินธุ์","","(no link)","รับซื้อ คอมพิวเตอร์ ในกาฬสินธุ์","/รับซื้อ/รับซื้อคอมพิวเตอร์-กาฬสินธุ์","รับซื้อ คอมพิวเตอร์ ในกาฬสินธุ์","added_sidebar_link_only","Batch 11 selective hub-spoke strengthening","ADDED"
"/รับซื้อ/รับซื้อ-mac-mini-กาฬสินธุ์","","(no link)","รับซื้อ iPhone ในกาฬสินธุ์","/รับซื้อ/รับซื้อ-iphone-กาฬสินธุ์","รับซื้อ iPhone ในกาฬสินธุ์","added_sidebar_link_only","Batch 11 selective hub-spoke strengthening","ADDED"
"/รับซื้อ/รับซื้อ-mac-mini-ขอนแก่น","","(no link)","รับซื้อ โน๊ตบุ๊ค ในขอนแก่น","/รับซื้อ/รับซื้อโน๊ตบุ๊ค-ขอนแก่น","รับซื้อ โน๊ตบุ๊ค ในขอนแก่น","added_sidebar_link_only","Batch 11 selective hub-spoke strengthening","ADDED"
"/รับซื้อ/รับซื้อ-mac-mini-ขอนแก่น","","(no link)","รับซื้อ MacBook ในขอนแก่น","/รับซื้อ/รับซื้อ-macbook-ขอนแก่น","รับซื้อ MacBook ในขอนแก่น","added_sidebar_link_only","Batch 11 selective hub-spoke strengthening","ADDED"
"/รับซื้อ/รับซื้อ-mac-mini-ขอนแก่น","","(no link)","รับซื้อ คอมพิวเตอร์ ในขอนแก่น","/รับซื้อ/รับซื้อคอมพิวเตอร์-ขอนแก่น","รับซื้อ คอมพิวเตอร์ ในขอนแก่น","added_sidebar_link_only","Batch 11 selective hub-spoke strengthening","ADDED"
"/รับซื้อ/รับซื้อ-mac-mini-ขอนแก่น","","(no link)","รับซื้อ iPhone ในขอนแก่น","/รับซื้อ/รับซื้อ-iphone-ขอนแก่น","รับซื้อ iPhone ในขอนแก่น","added_sidebar_link_only","Batch 11 selective hub-spoke strengthening","ADDED"
"/รับซื้อ/รับซื้อ-mac-mini-ชัยภูมิ","","(no link)","รับซื้อ โน๊ตบุ๊ค ในชัยภูมิ","/รับซื้อ/รับซื้อโน๊ตบุ๊ค-ชัยภูมิ","รับซื้อ โน๊ตบุ๊ค ในชัยภูมิ","added_sidebar_link_only","Batch 11 selective hub-spoke strengthening","ADDED"
"/รับซื้อ/รับซื้อ-mac-mini-ชัยภูมิ","","(no link)","รับซื้อ MacBook ในชัยภูมิ","/รับซื้อ/รับซื้อ-macbook-ชัยภูมิ","รับซื้อ MacBook ในชัยภูมิ","added_sidebar_link_only","Batch 11 selective hub-spoke strengthening","ADDED"
"/รับซื้อ/รับซื้อ-mac-mini-ชัยภูมิ","","(no link)","รับซื้อ คอมพิวเตอร์ ในชัยภูมิ","/รับซื้อ/รับซื้อคอมพิวเตอร์-ชัยภูมิ","รับซื้อ คอมพิวเตอร์ ในชัยภูมิ","added_sidebar_link_only","Batch 11 selective hub-spoke strengthening","ADDED"
"/รับซื้อ/รับซื้อ-mac-mini-ชัยภูมิ","","(no link)","รับซื้อ iPhone ในชัยภูมิ","/รับซื้อ/รับซื้อ-iphone-ชัยภูมิ","รับซื้อ iPhone ในชัยภูมิ","added_sidebar_link_only","Batch 11 selective hub-spoke strengthening","ADDED"
"/รับซื้อ/รับซื้อ-mac-mini-นครพนม","","(no link)","รับซื้อ โน๊ตบุ๊ค ในนครพนม","/รับซื้อ/รับซื้อโน๊ตบุ๊ค-นครพนม","รับซื้อ โน๊ตบุ๊ค ในนครพนม","added_sidebar_link_only","Batch 11 selective hub-spoke strengthening","ADDED"
"/รับซื้อ/รับซื้อ-mac-mini-นครพนม","","(no link)","รับซื้อ MacBook ในนครพนม","/รับซื้อ/รับซื้อ-macbook-นครพนม","รับซื้อ MacBook ในนครพนม","added_sidebar_link_only","Batch 11 selective hub-spoke strengthening","ADDED"
"/รับซื้อ/รับซื้อ-mac-mini-นครพนม","","(no link)","รับซื้อ คอมพิวเตอร์ ในนครพนม","/รับซื้อ/รับซื้อคอมพิวเตอร์-นครพนม","รับซื้อ คอมพิวเตอร์ ในนครพนม","added_sidebar_link_only","Batch 11 selective hub-spoke strengthening","ADDED"
"/รับซื้อ/รับซื้อ-mac-mini-นครพนม","","(no link)","รับซื้อ iPhone ในนครพนม","/รับซื้อ/รับซื้อ-iphone-นครพนม","รับซื้อ iPhone ในนครพนม","added_sidebar_link_only","Batch 11 selective hub-spoke strengthening","ADDED"
"/รับซื้อ/รับซื้อ-mac-mini-นครราชสีมา","","(no link)","รับซื้อ โน๊ตบุ๊ค ในนครราชสีมา","/รับซื้อ/รับซื้อโน๊ตบุ๊ค-นครราชสีมา","รับซื้อ โน๊ตบุ๊ค ในนครราชสีมา","added_sidebar_link_only","Batch 11 selective hub-spoke strengthening","ADDED"
"/รับซื้อ/รับซื้อ-mac-mini-นครราชสีมา","","(no link)","รับซื้อ MacBook ในนครราชสีมา","/รับซื้อ/รับซื้อ-macbook-นครราชสีมา","รับซื้อ MacBook ในนครราชสีมา","added_sidebar_link_only","Batch 11 selective hub-spoke strengthening","ADDED"
"/รับซื้อ/รับซื้อ-mac-mini-นครราชสีมา","","(no link)","รับซื้อ คอมพิวเตอร์ ในนครราชสีมา","/รับซื้อ/รับซื้อคอมพิวเตอร์-นครราชสีมา","รับซื้อ คอมพิวเตอร์ ในนครราชสีมา","added_sidebar_link_only","Batch 11 selective hub-spoke strengthening","ADDED"
"/รับซื้อ/รับซื้อ-mac-mini-นครราชสีมา","","(no link)","รับซื้อ iPhone ในนครราชสีมา","/รับซื้อ/รับซื้อ-iphone-นครราชสีมา","รับซื้อ iPhone ในนครราชสีมา","added_sidebar_link_only","Batch 11 selective hub-spoke strengthening","ADDED"
"/รับซื้อ/รับซื้อ-mac-mini-บึงกาฬ","","(no link)","รับซื้อ โน๊ตบุ๊ค ในบึงกาฬ","/รับซื้อ/รับซื้อโน๊ตบุ๊ค-บึงกาฬ","รับซื้อ โน๊ตบุ๊ค ในบึงกาฬ","added_sidebar_link_only","Batch 11 selective hub-spoke strengthening","ADDED"
"/รับซื้อ/รับซื้อ-mac-mini-บึงกาฬ","","(no link)","รับซื้อ MacBook ในบึงกาฬ","/รับซื้อ/รับซื้อ-macbook-บึงกาฬ","รับซื้อ MacBook ในบึงกาฬ","added_sidebar_link_only","Batch 11 selective hub-spoke strengthening","ADDED"
"/รับซื้อ/รับซื้อ-mac-mini-บึงกาฬ","","(no link)","รับซื้อ คอมพิวเตอร์ ในบึงกาฬ","/รับซื้อ/รับซื้อคอมพิวเตอร์-บึงกาฬ","รับซื้อ คอมพิวเตอร์ ในบึงกาฬ","added_sidebar_link_only","Batch 11 selective hub-spoke strengthening","ADDED"
"/รับซื้อ/รับซื้อ-mac-mini-บึงกาฬ","","(no link)","รับซื้อ iPhone ในบึงกาฬ","/รับซื้อ/รับซื้อ-iphone-บึงกาฬ","รับซื้อ iPhone ในบึงกาฬ","added_sidebar_link_only","Batch 11 selective hub-spoke strengthening","ADDED"
"/รับซื้อ/รับซื้อ-mac-mini-บุรีรัมย์","","(no link)","รับซื้อ โน๊ตบุ๊ค ในบุรีรัมย์","/รับซื้อ/รับซื้อโน๊ตบุ๊ค-บุรีรัมย์","รับซื้อ โน๊ตบุ๊ค ในบุรีรัมย์","added_sidebar_link_only","Batch 11 selective hub-spoke strengthening","ADDED"
"/รับซื้อ/รับซื้อ-mac-mini-บุรีรัมย์","","(no link)","รับซื้อ MacBook ในบุรีรัมย์","/รับซื้อ/รับซื้อ-macbook-บุรีรัมย์","รับซื้อ MacBook ในบุรีรัมย์","added_sidebar_link_only","Batch 11 selective hub-spoke strengthening","ADDED"
"/รับซื้อ/รับซื้อ-mac-mini-บุรีรัมย์","","(no link)","รับซื้อ คอมพิวเตอร์ ในบุรีรัมย์","/รับซื้อ/รับซื้อคอมพิวเตอร์-บุรีรัมย์","รับซื้อ คอมพิวเตอร์ ในบุรีรัมย์","added_sidebar_link_only","Batch 11 selective hub-spoke strengthening","ADDED"
"/รับซื้อ/รับซื้อ-mac-mini-บุรีรัมย์","","(no link)","รับซื้อ iPhone ในบุรีรัมย์","/รับซื้อ/รับซื้อ-iphone-บุรีรัมย์","รับซื้อ iPhone ในบุรีรัมย์","added_sidebar_link_only","Batch 11 selective hub-spoke strengthening","ADDED"
"/รับซื้อ/รับซื้อ-mac-mini-มหาสารคาม","","(no link)","รับซื้อ โน๊ตบุ๊ค ในมหาสารคาม","/รับซื้อ/รับซื้อโน๊ตบุ๊ค-มหาสารคาม","รับซื้อ โน๊ตบุ๊ค ในมหาสารคาม","added_sidebar_link_only","Batch 11 selective hub-spoke strengthening","ADDED"
"/รับซื้อ/รับซื้อ-mac-mini-มหาสารคาม","","(no link)","รับซื้อ MacBook ในมหาสารคาม","/รับซื้อ/รับซื้อ-macbook-มหาสารคาม","รับซื้อ MacBook ในมหาสารคาม","added_sidebar_link_only","Batch 11 selective hub-spoke strengthening","ADDED"
"/รับซื้อ/รับซื้อ-mac-mini-มหาสารคาม","","(no link)","รับซื้อ คอมพิวเตอร์ ในมหาสารคาม","/รับซื้อ/รับซื้อคอมพิวเตอร์-มหาสารคาม","รับซื้อ คอมพิวเตอร์ ในมหาสารคาม","added_sidebar_link_only","Batch 11 selective hub-spoke strengthening","ADDED"
"/รับซื้อ/รับซื้อ-mac-mini-มหาสารคาม","","(no link)","รับซื้อ iPhone ในมหาสารคาม","/รับซื้อ/รับซื้อ-iphone-มหาสารคาม","รับซื้อ iPhone ในมหาสารคาม","added_sidebar_link_only","Batch 11 selective hub-spoke strengthening","ADDED"
"/รับซื้อ/รับซื้อ-mac-mini-มุกดาหาร","","(no link)","รับซื้อ โน๊ตบุ๊ค ในมุกดาหาร","/รับซื้อ/รับซื้อโน๊ตบุ๊ค-มุกดาหาร","รับซื้อ โน๊ตบุ๊ค ในมุกดาหาร","added_sidebar_link_only","Batch 11 selective hub-spoke strengthening","ADDED"
"/รับซื้อ/รับซื้อ-mac-mini-มุกดาหาร","","(no link)","รับซื้อ MacBook ในมุกดาหาร","/รับซื้อ/รับซื้อ-macbook-มุกดาหาร","รับซื้อ MacBook ในมุกดาหาร","added_sidebar_link_only","Batch 11 selective hub-spoke strengthening","ADDED"
"/รับซื้อ/รับซื้อ-mac-mini-มุกดาหาร","","(no link)","รับซื้อ คอมพิวเตอร์ ในมุกดาหาร","/รับซื้อ/รับซื้อคอมพิวเตอร์-มุกดาหาร","รับซื้อ คอมพิวเตอร์ ในมุกดาหาร","added_sidebar_link_only","Batch 11 selective hub-spoke strengthening","ADDED"
"/รับซื้อ/รับซื้อ-mac-mini-มุกดาหาร","","(no link)","รับซื้อ iPhone ในมุกดาหาร","/รับซื้อ/รับซื้อ-iphone-มุกดาหาร","รับซื้อ iPhone ในมุกดาหาร","added_sidebar_link_only","Batch 11 selective hub-spoke strengthening","ADDED"
"/รับซื้อ/รับซื้อ-mac-mini-ยโสธร","","(no link)","รับซื้อ โน๊ตบุ๊ค ในยโสธร","/รับซื้อ/รับซื้อโน๊ตบุ๊ค-ยโสธร","รับซื้อ โน๊ตบุ๊ค ในยโสธร","added_sidebar_link_only","Batch 11 selective hub-spoke strengthening","ADDED"
"/รับซื้อ/รับซื้อ-mac-mini-ยโสธร","","(no link)","รับซื้อ MacBook ในยโสธร","/รับซื้อ/รับซื้อ-macbook-ยโสธร","รับซื้อ MacBook ในยโสธร","added_sidebar_link_only","Batch 11 selective hub-spoke strengthening","ADDED"
"/รับซื้อ/รับซื้อ-mac-mini-ยโสธร","","(no link)","รับซื้อ คอมพิวเตอร์ ในยโสธร","/รับซื้อ/รับซื้อคอมพิวเตอร์-ยโสธร","รับซื้อ คอมพิวเตอร์ ในยโสธร","added_sidebar_link_only","Batch 11 selective hub-spoke strengthening","ADDED"
"/รับซื้อ/รับซื้อ-mac-mini-ยโสธร","","(no link)","รับซื้อ iPhone ในยโสธร","/รับซื้อ/รับซื้อ-iphone-ยโสธร","รับซื้อ iPhone ในยโสธร","added_sidebar_link_only","Batch 11 selective hub-spoke strengthening","ADDED"
"/รับซื้อ/รับซื้อ-mac-mini-ร้อยเอ็ด","","(no link)","รับซื้อ โน๊ตบุ๊ค ในร้อยเอ็ด","/รับซื้อ/รับซื้อโน๊ตบุ๊ค-ร้อยเอ็ด","รับซื้อ โน๊ตบุ๊ค ในร้อยเอ็ด","added_sidebar_link_only","Batch 11 selective hub-spoke strengthening","ADDED"
"/รับซื้อ/รับซื้อ-mac-mini-ร้อยเอ็ด","","(no link)","รับซื้อ MacBook ในร้อยเอ็ด","/รับซื้อ/รับซื้อ-macbook-ร้อยเอ็ด","รับซื้อ MacBook ในร้อยเอ็ด","added_sidebar_link_only","Batch 11 selective hub-spoke strengthening","ADDED"
"/รับซื้อ/รับซื้อ-mac-mini-ร้อยเอ็ด","","(no link)","รับซื้อ คอมพิวเตอร์ ในร้อยเอ็ด","/รับซื้อ/รับซื้อคอมพิวเตอร์-ร้อยเอ็ด","รับซื้อ คอมพิวเตอร์ ในร้อยเอ็ด","added_sidebar_link_only","Batch 11 selective hub-spoke strengthening","ADDED"
"/รับซื้อ/รับซื้อ-mac-mini-ร้อยเอ็ด","","(no link)","รับซื้อ iPhone ในร้อยเอ็ด","/รับซื้อ/รับซื้อ-iphone-ร้อยเอ็ด","รับซื้อ iPhone ในร้อยเอ็ด","added_sidebar_link_only","Batch 11 selective hub-spoke strengthening","ADDED"
"/รับซื้อ/รับซื้อ-mac-mini-ศรีสะเกษ","","(no link)","รับซื้อ โน๊ตบุ๊ค ในศรีสะเกษ","/รับซื้อ/รับซื้อโน๊ตบุ๊ค-ศรีสะเกษ","รับซื้อ โน๊ตบุ๊ค ในศรีสะเกษ","added_sidebar_link_only","Batch 11 selective hub-spoke strengthening","ADDED"
"/รับซื้อ/รับซื้อ-mac-mini-ศรีสะเกษ","","(no link)","รับซื้อ MacBook ในศรีสะเกษ","/รับซื้อ/รับซื้อ-macbook-ศรีสะเกษ","รับซื้อ MacBook ในศรีสะเกษ","added_sidebar_link_only","Batch 11 selective hub-spoke strengthening","ADDED"
"/รับซื้อ/รับซื้อ-mac-mini-ศรีสะเกษ","","(no link)","รับซื้อ คอมพิวเตอร์ ในศรีสะเกษ","/รับซื้อ/รับซื้อคอมพิวเตอร์-ศรีสะเกษ","รับซื้อ คอมพิวเตอร์ ในศรีสะเกษ","added_sidebar_link_only","Batch 11 selective hub-spoke strengthening","ADDED"
"/รับซื้อ/รับซื้อ-mac-mini-ศรีสะเกษ","","(no link)","รับซื้อ iPhone ในศรีสะเกษ","/รับซื้อ/รับซื้อ-iphone-ศรีสะเกษ","รับซื้อ iPhone ในศรีสะเกษ","added_sidebar_link_only","Batch 11 selective hub-spoke strengthening","ADDED"
"/รับซื้อ/รับซื้อ-mac-mini-สกลนคร","","(no link)","รับซื้อ โน๊ตบุ๊ค ในสกลนคร","/รับซื้อ/รับซื้อโน๊ตบุ๊ค-สกลนคร","รับซื้อ โน๊ตบุ๊ค ในสกลนคร","added_sidebar_link_only","Batch 11 selective hub-spoke strengthening","ADDED"
"/รับซื้อ/รับซื้อ-mac-mini-สกลนคร","","(no link)","รับซื้อ MacBook ในสกลนคร","/รับซื้อ/รับซื้อ-macbook-สกลนคร","รับซื้อ MacBook ในสกลนคร","added_sidebar_link_only","Batch 11 selective hub-spoke strengthening","ADDED"
"/รับซื้อ/รับซื้อ-mac-mini-สกลนคร","","(no link)","รับซื้อ คอมพิวเตอร์ ในสกลนคร","/รับซื้อ/รับซื้อคอมพิวเตอร์-สกลนคร","รับซื้อ คอมพิวเตอร์ ในสกลนคร","added_sidebar_link_only","Batch 11 selective hub-spoke strengthening","ADDED"
"/รับซื้อ/รับซื้อ-mac-mini-สกลนคร","","(no link)","รับซื้อ iPhone ในสกลนคร","/รับซื้อ/รับซื้อ-iphone-สกลนคร","รับซื้อ iPhone ในสกลนคร","added_sidebar_link_only","Batch 11 selective hub-spoke strengthening","ADDED"
"/รับซื้อ/รับซื้อ-mac-mini-สุรินทร์","","(no link)","รับซื้อ โน๊ตบุ๊ค ในสุรินทร์","/รับซื้อ/รับซื้อโน๊ตบุ๊ค-สุรินทร์","รับซื้อ โน๊ตบุ๊ค ในสุรินทร์","added_sidebar_link_only","Batch 11 selective hub-spoke strengthening","ADDED"
"/รับซื้อ/รับซื้อ-mac-mini-สุรินทร์","","(no link)","รับซื้อ MacBook ในสุรินทร์","/รับซื้อ/รับซื้อ-macbook-สุรินทร์","รับซื้อ MacBook ในสุรินทร์","added_sidebar_link_only","Batch 11 selective hub-spoke strengthening","ADDED"
"/รับซื้อ/รับซื้อ-mac-mini-สุรินทร์","","(no link)","รับซื้อ คอมพิวเตอร์ ในสุรินทร์","/รับซื้อ/รับซื้อคอมพิวเตอร์-สุรินทร์","รับซื้อ คอมพิวเตอร์ ในสุรินทร์","added_sidebar_link_only","Batch 11 selective hub-spoke strengthening","ADDED"
"/รับซื้อ/รับซื้อ-mac-mini-สุรินทร์","","(no link)","รับซื้อ iPhone ในสุรินทร์","/รับซื้อ/รับซื้อ-iphone-สุรินทร์","รับซื้อ iPhone ในสุรินทร์","added_sidebar_link_only","Batch 11 selective hub-spoke strengthening","ADDED"
"/รับซื้อ/รับซื้อ-mac-mini-หนองคาย","","(no link)","รับซื้อ โน๊ตบุ๊ค ในหนองคาย","/รับซื้อ/รับซื้อโน๊ตบุ๊ค-หนองคาย","รับซื้อ โน๊ตบุ๊ค ในหนองคาย","added_sidebar_link_only","Batch 11 selective hub-spoke strengthening","ADDED"
"/รับซื้อ/รับซื้อ-mac-mini-หนองคาย","","(no link)","รับซื้อ MacBook ในหนองคาย","/รับซื้อ/รับซื้อ-macbook-หนองคาย","รับซื้อ MacBook ในหนองคาย","added_sidebar_link_only","Batch 11 selective hub-spoke strengthening","ADDED"
"/รับซื้อ/รับซื้อ-mac-mini-หนองคาย","","(no link)","รับซื้อ คอมพิวเตอร์ ในหนองคาย","/รับซื้อ/รับซื้อคอมพิวเตอร์-หนองคาย","รับซื้อ คอมพิวเตอร์ ในหนองคาย","added_sidebar_link_only","Batch 11 selective hub-spoke strengthening","ADDED"
"/รับซื้อ/รับซื้อ-mac-mini-หนองคาย","","(no link)","รับซื้อ iPhone ในหนองคาย","/รับซื้อ/รับซื้อ-iphone-หนองคาย","รับซื้อ iPhone ในหนองคาย","added_sidebar_link_only","Batch 11 selective hub-spoke strengthening","ADDED"
"/รับซื้อ/รับซื้อ-mac-mini-หนองบัวลำภู","","(no link)","รับซื้อ โน๊ตบุ๊ค ในหนองบัวลำภู","/รับซื้อ/รับซื้อโน๊ตบุ๊ค-หนองบัวลำภู","รับซื้อ โน๊ตบุ๊ค ในหนองบัวลำภู","added_sidebar_link_only","Batch 11 selective hub-spoke strengthening","ADDED"
"/รับซื้อ/รับซื้อ-mac-mini-หนองบัวลำภู","","(no link)","รับซื้อ MacBook ในหนองบัวลำภู","/รับซื้อ/รับซื้อ-macbook-หนองบัวลำภู","รับซื้อ MacBook ในหนองบัวลำภู","added_sidebar_link_only","Batch 11 selective hub-spoke strengthening","ADDED"
"/รับซื้อ/รับซื้อ-mac-mini-หนองบัวลำภู","","(no link)","รับซื้อ คอมพิวเตอร์ ในหนองบัวลำภู","/รับซื้อ/รับซื้อคอมพิวเตอร์-หนองบัวลำภู","รับซื้อ คอมพิวเตอร์ ในหนองบัวลำภู","added_sidebar_link_only","Batch 11 selective hub-spoke strengthening","ADDED"
"/รับซื้อ/รับซื้อ-mac-mini-หนองบัวลำภู","","(no link)","รับซื้อ iPhone ในหนองบัวลำภู","/รับซื้อ/รับซื้อ-iphone-หนองบัวลำภู","รับซื้อ iPhone ในหนองบัวลำภู","added_sidebar_link_only","Batch 11 selective hub-spoke strengthening","ADDED"
"/รับซื้อ/รับซื้อ-mac-mini-อำนาจเจริญ","","(no link)","รับซื้อ โน๊ตบุ๊ค ในอำนาจเจริญ","/รับซื้อ/รับซื้อโน๊ตบุ๊ค-อำนาจเจริญ","รับซื้อ โน๊ตบุ๊ค ในอำนาจเจริญ","added_sidebar_link_only","Batch 11 selective hub-spoke strengthening","ADDED"
"/รับซื้อ/รับซื้อ-mac-mini-อำนาจเจริญ","","(no link)","รับซื้อ MacBook ในอำนาจเจริญ","/รับซื้อ/รับซื้อ-macbook-อำนาจเจริญ","รับซื้อ MacBook ในอำนาจเจริญ","added_sidebar_link_only","Batch 11 selective hub-spoke strengthening","ADDED"
"/รับซื้อ/รับซื้อ-mac-mini-อำนาจเจริญ","","(no link)","รับซื้อ คอมพิวเตอร์ ในอำนาจเจริญ","/รับซื้อ/รับซื้อคอมพิวเตอร์-อำนาจเจริญ","รับซื้อ คอมพิวเตอร์ ในอำนาจเจริญ","added_sidebar_link_only","Batch 11 selective hub-spoke strengthening","ADDED"
"/รับซื้อ/รับซื้อ-mac-mini-อำนาจเจริญ","","(no link)","รับซื้อ iPhone ในอำนาจเจริญ","/รับซื้อ/รับซื้อ-iphone-อำนาจเจริญ","รับซื้อ iPhone ในอำนาจเจริญ","added_sidebar_link_only","Batch 11 selective hub-spoke strengthening","ADDED"
"/รับซื้อ/รับซื้อ-mac-mini-อุดรธานี","","(no link)","รับซื้อ โน๊ตบุ๊ค ในอุดรธานี","/รับซื้อ/รับซื้อโน๊ตบุ๊ค-อุดรธานี","รับซื้อ โน๊ตบุ๊ค ในอุดรธานี","added_sidebar_link_only","Batch 11 selective hub-spoke strengthening","ADDED"
"/รับซื้อ/รับซื้อ-mac-mini-อุดรธานี","","(no link)","รับซื้อ MacBook ในอุดรธานี","/รับซื้อ/รับซื้อ-macbook-อุดรธานี","รับซื้อ MacBook ในอุดรธานี","added_sidebar_link_only","Batch 11 selective hub-spoke strengthening","ADDED"
"/รับซื้อ/รับซื้อ-mac-mini-อุดรธานี","","(no link)","รับซื้อ คอมพิวเตอร์ ในอุดรธานี","/รับซื้อ/รับซื้อคอมพิวเตอร์-อุดรธานี","รับซื้อ คอมพิวเตอร์ ในอุดรธานี","added_sidebar_link_only","Batch 11 selective hub-spoke strengthening","ADDED"
"/รับซื้อ/รับซื้อ-mac-mini-อุดรธานี","","(no link)","รับซื้อ iPhone ในอุดรธานี","/รับซื้อ/รับซื้อ-iphone-อุดรธานี","รับซื้อ iPhone ในอุดรธานี","added_sidebar_link_only","Batch 11 selective hub-spoke strengthening","ADDED"
"/รับซื้อ/รับซื้อ-mac-mini-อุบลราชธานี","","(no link)","รับซื้อโน๊ตบุ๊ค ในอุบลราชธานี","/รับซื้อ/รับซื้อโน๊ตบุ๊ค-อุบลราชธานี","รับซื้อโน๊ตบุ๊ค ในอุบลราชธานี","added_sidebar_link_only","Batch 11 selective hub-spoke strengthening","ADDED"
"/รับซื้อ/รับซื้อ-mac-mini-อุบลราชธานี","","(no link)","รับซื้อ MacBook ในอุบลราชธานี","/รับซื้อ/รับซื้อ-macbook-อุบลราชธานี","รับซื้อ MacBook ในอุบลราชธานี","added_sidebar_link_only","Batch 11 selective hub-spoke strengthening","ADDED"
"/รับซื้อ/รับซื้อ-mac-mini-อุบลราชธานี","","(no link)","รับซื้อคอมพิวเตอร์ ในอุบลราชธานี","/รับซื้อ/รับซื้อคอมพิวเตอร์-อุบลราชธานี","รับซื้อคอมพิวเตอร์ ในอุบลราชธานี","added_sidebar_link_only","Batch 11 selective hub-spoke strengthening","ADDED"
"/รับซื้อ/รับซื้อ-mac-mini-อุบลราชธานี","","(no link)","รับซื้อ iPhone ในอุบลราชธานี","/รับซื้อ/รับซื้อ-iphone-อุบลราชธานี","รับซื้อ iPhone ในอุบลราชธานี","added_sidebar_link_only","Batch 11 selective hub-spoke strengthening","ADDED"
"/รับซื้อ/รับซื้อ-mac-mini-เลย","","(no link)","รับซื้อ โน๊ตบุ๊ค ในเลย","/รับซื้อ/รับซื้อโน๊ตบุ๊ค-เลย","รับซื้อ โน๊ตบุ๊ค ในเลย","added_sidebar_link_only","Batch 11 selective hub-spoke strengthening","ADDED"
"/รับซื้อ/รับซื้อ-mac-mini-เลย","","(no link)","รับซื้อ MacBook ในเลย","/รับซื้อ/รับซื้อ-macbook-เลย","รับซื้อ MacBook ในเลย","added_sidebar_link_only","Batch 11 selective hub-spoke strengthening","ADDED"
"/รับซื้อ/รับซื้อ-mac-mini-เลย","","(no link)","รับซื้อ คอมพิวเตอร์ ในเลย","/รับซื้อ/รับซื้อคอมพิวเตอร์-เลย","รับซื้อ คอมพิวเตอร์ ในเลย","added_sidebar_link_only","Batch 11 selective hub-spoke strengthening","ADDED"
"/รับซื้อ/รับซื้อ-mac-mini-เลย","","(no link)","รับซื้อ iPhone ในเลย","/รับซื้อ/รับซื้อ-iphone-เลย","รับซื้อ iPhone ในเลย","added_sidebar_link_only","Batch 11 selective hub-spoke strengthening","ADDED"
"/รับซื้อ/รับซื้อ-macbook-กาฬสินธุ์","","(no link)","รับซื้อ โน๊ตบุ๊ค ในกาฬสินธุ์","/รับซื้อ/รับซื้อโน๊ตบุ๊ค-กาฬสินธุ์","รับซื้อ โน๊ตบุ๊ค ในกาฬสินธุ์","added_sidebar_link_only","Batch 11 selective hub-spoke strengthening","ADDED"
"/รับซื้อ/รับซื้อ-macbook-กาฬสินธุ์","","(no link)","รับซื้อ คอมพิวเตอร์ ในกาฬสินธุ์","/รับซื้อ/รับซื้อคอมพิวเตอร์-กาฬสินธุ์","รับซื้อ คอมพิวเตอร์ ในกาฬสินธุ์","added_sidebar_link_only","Batch 11 selective hub-spoke strengthening","ADDED"
"/รับซื้อ/รับซื้อ-macbook-กาฬสินธุ์","","(no link)","รับซื้อ iPhone ในกาฬสินธุ์","/รับซื้อ/รับซื้อ-iphone-กาฬสินธุ์","รับซื้อ iPhone ในกาฬสินธุ์","added_sidebar_link_only","Batch 11 selective hub-spoke strengthening","ADDED"
"/รับซื้อ/รับซื้อ-macbook-กาฬสินธุ์","","(no link)","รับซื้อ iPad ในกาฬสินธุ์","/รับซื้อ/รับซื้อ-ipad-กาฬสินธุ์","รับซื้อ iPad ในกาฬสินธุ์","added_sidebar_link_only","Batch 11 selective hub-spoke strengthening","ADDED"
"/รับซื้อ/รับซื้อ-macbook-ขอนแก่น","","(no link)","รับซื้อ โน๊ตบุ๊ค ในขอนแก่น","/รับซื้อ/รับซื้อโน๊ตบุ๊ค-ขอนแก่น","รับซื้อ โน๊ตบุ๊ค ในขอนแก่น","added_sidebar_link_only","Batch 11 selective hub-spoke strengthening","ADDED"
"/รับซื้อ/รับซื้อ-macbook-ขอนแก่น","","(no link)","รับซื้อ คอมพิวเตอร์ ในขอนแก่น","/รับซื้อ/รับซื้อคอมพิวเตอร์-ขอนแก่น","รับซื้อ คอมพิวเตอร์ ในขอนแก่น","added_sidebar_link_only","Batch 11 selective hub-spoke strengthening","ADDED"
"/รับซื้อ/รับซื้อ-macbook-ขอนแก่น","","(no link)","รับซื้อ iPhone ในขอนแก่น","/รับซื้อ/รับซื้อ-iphone-ขอนแก่น","รับซื้อ iPhone ในขอนแก่น","added_sidebar_link_only","Batch 11 selective hub-spoke strengthening","ADDED"
"/รับซื้อ/รับซื้อ-macbook-ขอนแก่น","","(no link)","รับซื้อ iPad ในขอนแก่น","/รับซื้อ/รับซื้อ-ipad-ขอนแก่น","รับซื้อ iPad ในขอนแก่น","added_sidebar_link_only","Batch 11 selective hub-spoke strengthening","ADDED"
"/รับซื้อ/รับซื้อ-macbook-ชัยภูมิ","","(no link)","รับซื้อ โน๊ตบุ๊ค ในชัยภูมิ","/รับซื้อ/รับซื้อโน๊ตบุ๊ค-ชัยภูมิ","รับซื้อ โน๊ตบุ๊ค ในชัยภูมิ","added_sidebar_link_only","Batch 11 selective hub-spoke strengthening","ADDED"
"/รับซื้อ/รับซื้อ-macbook-ชัยภูมิ","","(no link)","รับซื้อ คอมพิวเตอร์ ในชัยภูมิ","/รับซื้อ/รับซื้อคอมพิวเตอร์-ชัยภูมิ","รับซื้อ คอมพิวเตอร์ ในชัยภูมิ","added_sidebar_link_only","Batch 11 selective hub-spoke strengthening","ADDED"
"/รับซื้อ/รับซื้อ-macbook-ชัยภูมิ","","(no link)","รับซื้อ iPhone ในชัยภูมิ","/รับซื้อ/รับซื้อ-iphone-ชัยภูมิ","รับซื้อ iPhone ในชัยภูมิ","added_sidebar_link_only","Batch 11 selective hub-spoke strengthening","ADDED"
"/รับซื้อ/รับซื้อ-macbook-ชัยภูมิ","","(no link)","รับซื้อ iPad ในชัยภูมิ","/รับซื้อ/รับซื้อ-ipad-ชัยภูมิ","รับซื้อ iPad ในชัยภูมิ","added_sidebar_link_only","Batch 11 selective hub-spoke strengthening","ADDED"
"/รับซื้อ/รับซื้อ-macbook-นครพนม","","(no link)","รับซื้อ โน๊ตบุ๊ค ในนครพนม","/รับซื้อ/รับซื้อโน๊ตบุ๊ค-นครพนม","รับซื้อ โน๊ตบุ๊ค ในนครพนม","added_sidebar_link_only","Batch 11 selective hub-spoke strengthening","ADDED"
"/รับซื้อ/รับซื้อ-macbook-นครพนม","","(no link)","รับซื้อ คอมพิวเตอร์ ในนครพนม","/รับซื้อ/รับซื้อคอมพิวเตอร์-นครพนม","รับซื้อ คอมพิวเตอร์ ในนครพนม","added_sidebar_link_only","Batch 11 selective hub-spoke strengthening","ADDED"
"/รับซื้อ/รับซื้อ-macbook-นครพนม","","(no link)","รับซื้อ iPhone ในนครพนม","/รับซื้อ/รับซื้อ-iphone-นครพนม","รับซื้อ iPhone ในนครพนม","added_sidebar_link_only","Batch 11 selective hub-spoke strengthening","ADDED"
"/รับซื้อ/รับซื้อ-macbook-นครพนม","","(no link)","รับซื้อ iPad ในนครพนม","/รับซื้อ/รับซื้อ-ipad-นครพนม","รับซื้อ iPad ในนครพนม","added_sidebar_link_only","Batch 11 selective hub-spoke strengthening","ADDED"
"/รับซื้อ/รับซื้อ-macbook-นครราชสีมา","","(no link)","รับซื้อ โน๊ตบุ๊ค ในนครราชสีมา","/รับซื้อ/รับซื้อโน๊ตบุ๊ค-นครราชสีมา","รับซื้อ โน๊ตบุ๊ค ในนครราชสีมา","added_sidebar_link_only","Batch 11 selective hub-spoke strengthening","ADDED"
"/รับซื้อ/รับซื้อ-macbook-นครราชสีมา","","(no link)","รับซื้อ คอมพิวเตอร์ ในนครราชสีมา","/รับซื้อ/รับซื้อคอมพิวเตอร์-นครราชสีมา","รับซื้อ คอมพิวเตอร์ ในนครราชสีมา","added_sidebar_link_only","Batch 11 selective hub-spoke strengthening","ADDED"
"/รับซื้อ/รับซื้อ-macbook-นครราชสีมา","","(no link)","รับซื้อ iPhone ในนครราชสีมา","/รับซื้อ/รับซื้อ-iphone-นครราชสีมา","รับซื้อ iPhone ในนครราชสีมา","added_sidebar_link_only","Batch 11 selective hub-spoke strengthening","ADDED"
"/รับซื้อ/รับซื้อ-macbook-นครราชสีมา","","(no link)","รับซื้อ iPad ในนครราชสีมา","/รับซื้อ/รับซื้อ-ipad-นครราชสีมา","รับซื้อ iPad ในนครราชสีมา","added_sidebar_link_only","Batch 11 selective hub-spoke strengthening","ADDED"
"/รับซื้อ/รับซื้อ-macbook-บึงกาฬ","","(no link)","รับซื้อ โน๊ตบุ๊ค ในบึงกาฬ","/รับซื้อ/รับซื้อโน๊ตบุ๊ค-บึงกาฬ","รับซื้อ โน๊ตบุ๊ค ในบึงกาฬ","added_sidebar_link_only","Batch 11 selective hub-spoke strengthening","ADDED"
"/รับซื้อ/รับซื้อ-macbook-บึงกาฬ","","(no link)","รับซื้อ คอมพิวเตอร์ ในบึงกาฬ","/รับซื้อ/รับซื้อคอมพิวเตอร์-บึงกาฬ","รับซื้อ คอมพิวเตอร์ ในบึงกาฬ","added_sidebar_link_only","Batch 11 selective hub-spoke strengthening","ADDED"
"/รับซื้อ/รับซื้อ-macbook-บึงกาฬ","","(no link)","รับซื้อ iPhone ในบึงกาฬ","/รับซื้อ/รับซื้อ-iphone-บึงกาฬ","รับซื้อ iPhone ในบึงกาฬ","added_sidebar_link_only","Batch 11 selective hub-spoke strengthening","ADDED"
"/รับซื้อ/รับซื้อ-macbook-บึงกาฬ","","(no link)","รับซื้อ iPad ในบึงกาฬ","/รับซื้อ/รับซื้อ-ipad-บึงกาฬ","รับซื้อ iPad ในบึงกาฬ","added_sidebar_link_only","Batch 11 selective hub-spoke strengthening","ADDED"
"/รับซื้อ/รับซื้อ-macbook-บุรีรัมย์","","(no link)","รับซื้อ โน๊ตบุ๊ค ในบุรีรัมย์","/รับซื้อ/รับซื้อโน๊ตบุ๊ค-บุรีรัมย์","รับซื้อ โน๊ตบุ๊ค ในบุรีรัมย์","added_sidebar_link_only","Batch 11 selective hub-spoke strengthening","ADDED"
"/รับซื้อ/รับซื้อ-macbook-บุรีรัมย์","","(no link)","รับซื้อ คอมพิวเตอร์ ในบุรีรัมย์","/รับซื้อ/รับซื้อคอมพิวเตอร์-บุรีรัมย์","รับซื้อ คอมพิวเตอร์ ในบุรีรัมย์","added_sidebar_link_only","Batch 11 selective hub-spoke strengthening","ADDED"
"/รับซื้อ/รับซื้อ-macbook-บุรีรัมย์","","(no link)","รับซื้อ iPhone ในบุรีรัมย์","/รับซื้อ/รับซื้อ-iphone-บุรีรัมย์","รับซื้อ iPhone ในบุรีรัมย์","added_sidebar_link_only","Batch 11 selective hub-spoke strengthening","ADDED"
"/รับซื้อ/รับซื้อ-macbook-บุรีรัมย์","","(no link)","รับซื้อ iPad ในบุรีรัมย์","/รับซื้อ/รับซื้อ-ipad-บุรีรัมย์","รับซื้อ iPad ในบุรีรัมย์","added_sidebar_link_only","Batch 11 selective hub-spoke strengthening","ADDED"
"/รับซื้อ/รับซื้อ-macbook-มหาสารคาม","","(no link)","รับซื้อ โน๊ตบุ๊ค ในมหาสารคาม","/รับซื้อ/รับซื้อโน๊ตบุ๊ค-มหาสารคาม","รับซื้อ โน๊ตบุ๊ค ในมหาสารคาม","added_sidebar_link_only","Batch 11 selective hub-spoke strengthening","ADDED"
"/รับซื้อ/รับซื้อ-macbook-มหาสารคาม","","(no link)","รับซื้อ คอมพิวเตอร์ ในมหาสารคาม","/รับซื้อ/รับซื้อคอมพิวเตอร์-มหาสารคาม","รับซื้อ คอมพิวเตอร์ ในมหาสารคาม","added_sidebar_link_only","Batch 11 selective hub-spoke strengthening","ADDED"
"/รับซื้อ/รับซื้อ-macbook-มหาสารคาม","","(no link)","รับซื้อ iPhone ในมหาสารคาม","/รับซื้อ/รับซื้อ-iphone-มหาสารคาม","รับซื้อ iPhone ในมหาสารคาม","added_sidebar_link_only","Batch 11 selective hub-spoke strengthening","ADDED"
"/รับซื้อ/รับซื้อ-macbook-มหาสารคาม","","(no link)","รับซื้อ iPad ในมหาสารคาม","/รับซื้อ/รับซื้อ-ipad-มหาสารคาม","รับซื้อ iPad ในมหาสารคาม","added_sidebar_link_only","Batch 11 selective hub-spoke strengthening","ADDED"
"/รับซื้อ/รับซื้อ-macbook-มุกดาหาร","","(no link)","รับซื้อ โน๊ตบุ๊ค ในมุกดาหาร","/รับซื้อ/รับซื้อโน๊ตบุ๊ค-มุกดาหาร","รับซื้อ โน๊ตบุ๊ค ในมุกดาหาร","added_sidebar_link_only","Batch 11 selective hub-spoke strengthening","ADDED"
"/รับซื้อ/รับซื้อ-macbook-มุกดาหาร","","(no link)","รับซื้อ คอมพิวเตอร์ ในมุกดาหาร","/รับซื้อ/รับซื้อคอมพิวเตอร์-มุกดาหาร","รับซื้อ คอมพิวเตอร์ ในมุกดาหาร","added_sidebar_link_only","Batch 11 selective hub-spoke strengthening","ADDED"
"/รับซื้อ/รับซื้อ-macbook-มุกดาหาร","","(no link)","รับซื้อ iPhone ในมุกดาหาร","/รับซื้อ/รับซื้อ-iphone-มุกดาหาร","รับซื้อ iPhone ในมุกดาหาร","added_sidebar_link_only","Batch 11 selective hub-spoke strengthening","ADDED"
"/รับซื้อ/รับซื้อ-macbook-มุกดาหาร","","(no link)","รับซื้อ iPad ในมุกดาหาร","/รับซื้อ/รับซื้อ-ipad-มุกดาหาร","รับซื้อ iPad ในมุกดาหาร","added_sidebar_link_only","Batch 11 selective hub-spoke strengthening","ADDED"
"/รับซื้อ/รับซื้อ-macbook-ยโสธร","","(no link)","รับซื้อ โน๊ตบุ๊ค ในยโสธร","/รับซื้อ/รับซื้อโน๊ตบุ๊ค-ยโสธร","รับซื้อ โน๊ตบุ๊ค ในยโสธร","added_sidebar_link_only","Batch 11 selective hub-spoke strengthening","ADDED"
"/รับซื้อ/รับซื้อ-macbook-ยโสธร","","(no link)","รับซื้อ คอมพิวเตอร์ ในยโสธร","/รับซื้อ/รับซื้อคอมพิวเตอร์-ยโสธร","รับซื้อ คอมพิวเตอร์ ในยโสธร","added_sidebar_link_only","Batch 11 selective hub-spoke strengthening","ADDED"
"/รับซื้อ/รับซื้อ-macbook-ยโสธร","","(no link)","รับซื้อ iPhone ในยโสธร","/รับซื้อ/รับซื้อ-iphone-ยโสธร","รับซื้อ iPhone ในยโสธร","added_sidebar_link_only","Batch 11 selective hub-spoke strengthening","ADDED"
"/รับซื้อ/รับซื้อ-macbook-ยโสธร","","(no link)","รับซื้อ iPad ในยโสธร","/รับซื้อ/รับซื้อ-ipad-ยโสธร","รับซื้อ iPad ในยโสธร","added_sidebar_link_only","Batch 11 selective hub-spoke strengthening","ADDED"
"/รับซื้อ/รับซื้อ-macbook-ร้อยเอ็ด","","(no link)","รับซื้อ โน๊ตบุ๊ค ในร้อยเอ็ด","/รับซื้อ/รับซื้อโน๊ตบุ๊ค-ร้อยเอ็ด","รับซื้อ โน๊ตบุ๊ค ในร้อยเอ็ด","added_sidebar_link_only","Batch 11 selective hub-spoke strengthening","ADDED"
"/รับซื้อ/รับซื้อ-macbook-ร้อยเอ็ด","","(no link)","รับซื้อ คอมพิวเตอร์ ในร้อยเอ็ด","/รับซื้อ/รับซื้อคอมพิวเตอร์-ร้อยเอ็ด","รับซื้อ คอมพิวเตอร์ ในร้อยเอ็ด","added_sidebar_link_only","Batch 11 selective hub-spoke strengthening","ADDED"
"/รับซื้อ/รับซื้อ-macbook-ร้อยเอ็ด","","(no link)","รับซื้อ iPhone ในร้อยเอ็ด","/รับซื้อ/รับซื้อ-iphone-ร้อยเอ็ด","รับซื้อ iPhone ในร้อยเอ็ด","added_sidebar_link_only","Batch 11 selective hub-spoke strengthening","ADDED"
"/รับซื้อ/รับซื้อ-macbook-ร้อยเอ็ด","","(no link)","รับซื้อ iPad ในร้อยเอ็ด","/รับซื้อ/รับซื้อ-ipad-ร้อยเอ็ด","รับซื้อ iPad ในร้อยเอ็ด","added_sidebar_link_only","Batch 11 selective hub-spoke strengthening","ADDED"
"/รับซื้อ/รับซื้อ-macbook-ศรีสะเกษ","","(no link)","รับซื้อ โน๊ตบุ๊ค ในศรีสะเกษ","/รับซื้อ/รับซื้อโน๊ตบุ๊ค-ศรีสะเกษ","รับซื้อ โน๊ตบุ๊ค ในศรีสะเกษ","added_sidebar_link_only","Batch 11 selective hub-spoke strengthening","ADDED"
"/รับซื้อ/รับซื้อ-macbook-ศรีสะเกษ","","(no link)","รับซื้อ คอมพิวเตอร์ ในศรีสะเกษ","/รับซื้อ/รับซื้อคอมพิวเตอร์-ศรีสะเกษ","รับซื้อ คอมพิวเตอร์ ในศรีสะเกษ","added_sidebar_link_only","Batch 11 selective hub-spoke strengthening","ADDED"
"/รับซื้อ/รับซื้อ-macbook-ศรีสะเกษ","","(no link)","รับซื้อ iPhone ในศรีสะเกษ","/รับซื้อ/รับซื้อ-iphone-ศรีสะเกษ","รับซื้อ iPhone ในศรีสะเกษ","added_sidebar_link_only","Batch 11 selective hub-spoke strengthening","ADDED"
"/รับซื้อ/รับซื้อ-macbook-ศรีสะเกษ","","(no link)","รับซื้อ iPad ในศรีสะเกษ","/รับซื้อ/รับซื้อ-ipad-ศรีสะเกษ","รับซื้อ iPad ในศรีสะเกษ","added_sidebar_link_only","Batch 11 selective hub-spoke strengthening","ADDED"
"/รับซื้อ/รับซื้อ-macbook-สกลนคร","","(no link)","รับซื้อ โน๊ตบุ๊ค ในสกลนคร","/รับซื้อ/รับซื้อโน๊ตบุ๊ค-สกลนคร","รับซื้อ โน๊ตบุ๊ค ในสกลนคร","added_sidebar_link_only","Batch 11 selective hub-spoke strengthening","ADDED"
"/รับซื้อ/รับซื้อ-macbook-สกลนคร","","(no link)","รับซื้อ คอมพิวเตอร์ ในสกลนคร","/รับซื้อ/รับซื้อคอมพิวเตอร์-สกลนคร","รับซื้อ คอมพิวเตอร์ ในสกลนคร","added_sidebar_link_only","Batch 11 selective hub-spoke strengthening","ADDED"
"/รับซื้อ/รับซื้อ-macbook-สกลนคร","","(no link)","รับซื้อ iPhone ในสกลนคร","/รับซื้อ/รับซื้อ-iphone-สกลนคร","รับซื้อ iPhone ในสกลนคร","added_sidebar_link_only","Batch 11 selective hub-spoke strengthening","ADDED"
"/รับซื้อ/รับซื้อ-macbook-สกลนคร","","(no link)","รับซื้อ iPad ในสกลนคร","/รับซื้อ/รับซื้อ-ipad-สกลนคร","รับซื้อ iPad ในสกลนคร","added_sidebar_link_only","Batch 11 selective hub-spoke strengthening","ADDED"
"/รับซื้อ/รับซื้อ-macbook-สุรินทร์","","(no link)","รับซื้อ โน๊ตบุ๊ค ในสุรินทร์","/รับซื้อ/รับซื้อโน๊ตบุ๊ค-สุรินทร์","รับซื้อ โน๊ตบุ๊ค ในสุรินทร์","added_sidebar_link_only","Batch 11 selective hub-spoke strengthening","ADDED"
"/รับซื้อ/รับซื้อ-macbook-สุรินทร์","","(no link)","รับซื้อ คอมพิวเตอร์ ในสุรินทร์","/รับซื้อ/รับซื้อคอมพิวเตอร์-สุรินทร์","รับซื้อ คอมพิวเตอร์ ในสุรินทร์","added_sidebar_link_only","Batch 11 selective hub-spoke strengthening","ADDED"
"/รับซื้อ/รับซื้อ-macbook-สุรินทร์","","(no link)","รับซื้อ iPhone ในสุรินทร์","/รับซื้อ/รับซื้อ-iphone-สุรินทร์","รับซื้อ iPhone ในสุรินทร์","added_sidebar_link_only","Batch 11 selective hub-spoke strengthening","ADDED"
"/รับซื้อ/รับซื้อ-macbook-สุรินทร์","","(no link)","รับซื้อ iPad ในสุรินทร์","/รับซื้อ/รับซื้อ-ipad-สุรินทร์","รับซื้อ iPad ในสุรินทร์","added_sidebar_link_only","Batch 11 selective hub-spoke strengthening","ADDED"
"/รับซื้อ/รับซื้อ-macbook-หนองคาย","","(no link)","รับซื้อ โน๊ตบุ๊ค ในหนองคาย","/รับซื้อ/รับซื้อโน๊ตบุ๊ค-หนองคาย","รับซื้อ โน๊ตบุ๊ค ในหนองคาย","added_sidebar_link_only","Batch 11 selective hub-spoke strengthening","ADDED"
"/รับซื้อ/รับซื้อ-macbook-หนองคาย","","(no link)","รับซื้อ คอมพิวเตอร์ ในหนองคาย","/รับซื้อ/รับซื้อคอมพิวเตอร์-หนองคาย","รับซื้อ คอมพิวเตอร์ ในหนองคาย","added_sidebar_link_only","Batch 11 selective hub-spoke strengthening","ADDED"
"/รับซื้อ/รับซื้อ-macbook-หนองคาย","","(no link)","รับซื้อ iPhone ในหนองคาย","/รับซื้อ/รับซื้อ-iphone-หนองคาย","รับซื้อ iPhone ในหนองคาย","added_sidebar_link_only","Batch 11 selective hub-spoke strengthening","ADDED"
"/รับซื้อ/รับซื้อ-macbook-หนองคาย","","(no link)","รับซื้อ iPad ในหนองคาย","/รับซื้อ/รับซื้อ-ipad-หนองคาย","รับซื้อ iPad ในหนองคาย","added_sidebar_link_only","Batch 11 selective hub-spoke strengthening","ADDED"
"/รับซื้อ/รับซื้อ-macbook-หนองบัวลำภู","","(no link)","รับซื้อ โน๊ตบุ๊ค ในหนองบัวลำภู","/รับซื้อ/รับซื้อโน๊ตบุ๊ค-หนองบัวลำภู","รับซื้อ โน๊ตบุ๊ค ในหนองบัวลำภู","added_sidebar_link_only","Batch 11 selective hub-spoke strengthening","ADDED"
"/รับซื้อ/รับซื้อ-macbook-หนองบัวลำภู","","(no link)","รับซื้อ คอมพิวเตอร์ ในหนองบัวลำภู","/รับซื้อ/รับซื้อคอมพิวเตอร์-หนองบัวลำภู","รับซื้อ คอมพิวเตอร์ ในหนองบัวลำภู","added_sidebar_link_only","Batch 11 selective hub-spoke strengthening","ADDED"
"/รับซื้อ/รับซื้อ-macbook-หนองบัวลำภู","","(no link)","รับซื้อ iPhone ในหนองบัวลำภู","/รับซื้อ/รับซื้อ-iphone-หนองบัวลำภู","รับซื้อ iPhone ในหนองบัวลำภู","added_sidebar_link_only","Batch 11 selective hub-spoke strengthening","ADDED"
"/รับซื้อ/รับซื้อ-macbook-หนองบัวลำภู","","(no link)","รับซื้อ iPad ในหนองบัวลำภู","/รับซื้อ/รับซื้อ-ipad-หนองบัวลำภู","รับซื้อ iPad ในหนองบัวลำภู","added_sidebar_link_only","Batch 11 selective hub-spoke strengthening","ADDED"
"/รับซื้อ/รับซื้อ-macbook-อำนาจเจริญ","","(no link)","รับซื้อ โน๊ตบุ๊ค ในอำนาจเจริญ","/รับซื้อ/รับซื้อโน๊ตบุ๊ค-อำนาจเจริญ","รับซื้อ โน๊ตบุ๊ค ในอำนาจเจริญ","added_sidebar_link_only","Batch 11 selective hub-spoke strengthening","ADDED"
"/รับซื้อ/รับซื้อ-macbook-อำนาจเจริญ","","(no link)","รับซื้อ คอมพิวเตอร์ ในอำนาจเจริญ","/รับซื้อ/รับซื้อคอมพิวเตอร์-อำนาจเจริญ","รับซื้อ คอมพิวเตอร์ ในอำนาจเจริญ","added_sidebar_link_only","Batch 11 selective hub-spoke strengthening","ADDED"
"/รับซื้อ/รับซื้อ-macbook-อำนาจเจริญ","","(no link)","รับซื้อ iPhone ในอำนาจเจริญ","/รับซื้อ/รับซื้อ-iphone-อำนาจเจริญ","รับซื้อ iPhone ในอำนาจเจริญ","added_sidebar_link_only","Batch 11 selective hub-spoke strengthening","ADDED"
"/รับซื้อ/รับซื้อ-macbook-อำนาจเจริญ","","(no link)","รับซื้อ iPad ในอำนาจเจริญ","/รับซื้อ/รับซื้อ-ipad-อำนาจเจริญ","รับซื้อ iPad ในอำนาจเจริญ","added_sidebar_link_only","Batch 11 selective hub-spoke strengthening","ADDED"
"/รับซื้อ/รับซื้อ-macbook-อุดรธานี","","(no link)","รับซื้อ โน๊ตบุ๊ค ในอุดรธานี","/รับซื้อ/รับซื้อโน๊ตบุ๊ค-อุดรธานี","รับซื้อ โน๊ตบุ๊ค ในอุดรธานี","added_sidebar_link_only","Batch 11 selective hub-spoke strengthening","ADDED"
"/รับซื้อ/รับซื้อ-macbook-อุดรธานี","","(no link)","รับซื้อ คอมพิวเตอร์ ในอุดรธานี","/รับซื้อ/รับซื้อคอมพิวเตอร์-อุดรธานี","รับซื้อ คอมพิวเตอร์ ในอุดรธานี","added_sidebar_link_only","Batch 11 selective hub-spoke strengthening","ADDED"
"/รับซื้อ/รับซื้อ-macbook-อุดรธานี","","(no link)","รับซื้อ iPhone ในอุดรธานี","/รับซื้อ/รับซื้อ-iphone-อุดรธานี","รับซื้อ iPhone ในอุดรธานี","added_sidebar_link_only","Batch 11 selective hub-spoke strengthening","ADDED"
"/รับซื้อ/รับซื้อ-macbook-อุดรธานี","","(no link)","รับซื้อ iPad ในอุดรธานี","/รับซื้อ/รับซื้อ-ipad-อุดรธานี","รับซื้อ iPad ในอุดรธานี","added_sidebar_link_only","Batch 11 selective hub-spoke strengthening","ADDED"
"/รับซื้อ/รับซื้อ-macbook-อุบลราชธานี","","(no link)","รับซื้อโน๊ตบุ๊ค ในอุบลราชธานี","/รับซื้อ/รับซื้อโน๊ตบุ๊ค-อุบลราชธานี","รับซื้อโน๊ตบุ๊ค ในอุบลราชธานี","added_sidebar_link_only","Batch 11 selective hub-spoke strengthening","ADDED"
"/รับซื้อ/รับซื้อ-macbook-อุบลราชธานี","","(no link)","รับซื้อคอมพิวเตอร์ ในอุบลราชธานี","/รับซื้อ/รับซื้อคอมพิวเตอร์-อุบลราชธานี","รับซื้อคอมพิวเตอร์ ในอุบลราชธานี","added_sidebar_link_only","Batch 11 selective hub-spoke strengthening","ADDED"
"/รับซื้อ/รับซื้อ-macbook-อุบลราชธานี","","(no link)","รับซื้อ iPhone ในอุบลราชธานี","/รับซื้อ/รับซื้อ-iphone-อุบลราชธานี","รับซื้อ iPhone ในอุบลราชธานี","added_sidebar_link_only","Batch 11 selective hub-spoke strengthening","ADDED"
"/รับซื้อ/รับซื้อ-macbook-อุบลราชธานี","","(no link)","รับซื้อ iPad ในอุบลราชธานี","/รับซื้อ/รับซื้อ-ipad-อุบลราชธานี","รับซื้อ iPad ในอุบลราชธานี","added_sidebar_link_only","Batch 11 selective hub-spoke strengthening","ADDED"
"/รับซื้อ/รับซื้อ-macbook-เลย","","(no link)","รับซื้อ โน๊ตบุ๊ค ในเลย","/รับซื้อ/รับซื้อโน๊ตบุ๊ค-เลย","รับซื้อ โน๊ตบุ๊ค ในเลย","added_sidebar_link_only","Batch 11 selective hub-spoke strengthening","ADDED"
"/รับซื้อ/รับซื้อ-macbook-เลย","","(no link)","รับซื้อ คอมพิวเตอร์ ในเลย","/รับซื้อ/รับซื้อคอมพิวเตอร์-เลย","รับซื้อ คอมพิวเตอร์ ในเลย","added_sidebar_link_only","Batch 11 selective hub-spoke strengthening","ADDED"
"/รับซื้อ/รับซื้อ-macbook-เลย","","(no link)","รับซื้อ iPhone ในเลย","/รับซื้อ/รับซื้อ-iphone-เลย","รับซื้อ iPhone ในเลย","added_sidebar_link_only","Batch 11 selective hub-spoke strengthening","ADDED"
"/รับซื้อ/รับซื้อ-macbook-เลย","","(no link)","รับซื้อ iPad ในเลย","/รับซื้อ/รับซื้อ-ipad-เลย","รับซื้อ iPad ในเลย","added_sidebar_link_only","Batch 11 selective hub-spoke strengthening","ADDED"
"/รับซื้อ/รับซื้อ-marshall-กาฬสินธุ์","","(no link)","รับซื้อ โน๊ตบุ๊ค ในกาฬสินธุ์","/รับซื้อ/รับซื้อโน๊ตบุ๊ค-กาฬสินธุ์","รับซื้อ โน๊ตบุ๊ค ในกาฬสินธุ์","added_sidebar_link_only","Batch 11 selective hub-spoke strengthening","ADDED"
"/รับซื้อ/รับซื้อ-marshall-กาฬสินธุ์","","(no link)","รับซื้อ MacBook ในกาฬสินธุ์","/รับซื้อ/รับซื้อ-macbook-กาฬสินธุ์","รับซื้อ MacBook ในกาฬสินธุ์","added_sidebar_link_only","Batch 11 selective hub-spoke strengthening","ADDED"
"/รับซื้อ/รับซื้อ-marshall-กาฬสินธุ์","","(no link)","รับซื้อ คอมพิวเตอร์ ในกาฬสินธุ์","/รับซื้อ/รับซื้อคอมพิวเตอร์-กาฬสินธุ์","รับซื้อ คอมพิวเตอร์ ในกาฬสินธุ์","added_sidebar_link_only","Batch 11 selective hub-spoke strengthening","ADDED"
"/รับซื้อ/รับซื้อ-marshall-กาฬสินธุ์","","(no link)","รับซื้อ iPhone ในกาฬสินธุ์","/รับซื้อ/รับซื้อ-iphone-กาฬสินธุ์","รับซื้อ iPhone ในกาฬสินธุ์","added_sidebar_link_only","Batch 11 selective hub-spoke strengthening","ADDED"
"/รับซื้อ/รับซื้อ-marshall-ขอนแก่น","","(no link)","รับซื้อ โน๊ตบุ๊ค ในขอนแก่น","/รับซื้อ/รับซื้อโน๊ตบุ๊ค-ขอนแก่น","รับซื้อ โน๊ตบุ๊ค ในขอนแก่น","added_sidebar_link_only","Batch 11 selective hub-spoke strengthening","ADDED"
"/รับซื้อ/รับซื้อ-marshall-ขอนแก่น","","(no link)","รับซื้อ MacBook ในขอนแก่น","/รับซื้อ/รับซื้อ-macbook-ขอนแก่น","รับซื้อ MacBook ในขอนแก่น","added_sidebar_link_only","Batch 11 selective hub-spoke strengthening","ADDED"
"/รับซื้อ/รับซื้อ-marshall-ขอนแก่น","","(no link)","รับซื้อ คอมพิวเตอร์ ในขอนแก่น","/รับซื้อ/รับซื้อคอมพิวเตอร์-ขอนแก่น","รับซื้อ คอมพิวเตอร์ ในขอนแก่น","added_sidebar_link_only","Batch 11 selective hub-spoke strengthening","ADDED"
"/รับซื้อ/รับซื้อ-marshall-ขอนแก่น","","(no link)","รับซื้อ iPhone ในขอนแก่น","/รับซื้อ/รับซื้อ-iphone-ขอนแก่น","รับซื้อ iPhone ในขอนแก่น","added_sidebar_link_only","Batch 11 selective hub-spoke strengthening","ADDED"
"/รับซื้อ/รับซื้อ-marshall-ชัยภูมิ","","(no link)","รับซื้อ โน๊ตบุ๊ค ในชัยภูมิ","/รับซื้อ/รับซื้อโน๊ตบุ๊ค-ชัยภูมิ","รับซื้อ โน๊ตบุ๊ค ในชัยภูมิ","added_sidebar_link_only","Batch 11 selective hub-spoke strengthening","ADDED"
"/รับซื้อ/รับซื้อ-marshall-ชัยภูมิ","","(no link)","รับซื้อ MacBook ในชัยภูมิ","/รับซื้อ/รับซื้อ-macbook-ชัยภูมิ","รับซื้อ MacBook ในชัยภูมิ","added_sidebar_link_only","Batch 11 selective hub-spoke strengthening","ADDED"
"/รับซื้อ/รับซื้อ-marshall-ชัยภูมิ","","(no link)","รับซื้อ คอมพิวเตอร์ ในชัยภูมิ","/รับซื้อ/รับซื้อคอมพิวเตอร์-ชัยภูมิ","รับซื้อ คอมพิวเตอร์ ในชัยภูมิ","added_sidebar_link_only","Batch 11 selective hub-spoke strengthening","ADDED"
"/รับซื้อ/รับซื้อ-marshall-ชัยภูมิ","","(no link)","รับซื้อ iPhone ในชัยภูมิ","/รับซื้อ/รับซื้อ-iphone-ชัยภูมิ","รับซื้อ iPhone ในชัยภูมิ","added_sidebar_link_only","Batch 11 selective hub-spoke strengthening","ADDED"
"/รับซื้อ/รับซื้อ-marshall-นครพนม","","(no link)","รับซื้อ โน๊ตบุ๊ค ในนครพนม","/รับซื้อ/รับซื้อโน๊ตบุ๊ค-นครพนม","รับซื้อ โน๊ตบุ๊ค ในนครพนม","added_sidebar_link_only","Batch 11 selective hub-spoke strengthening","ADDED"
"/รับซื้อ/รับซื้อ-marshall-นครพนม","","(no link)","รับซื้อ MacBook ในนครพนม","/รับซื้อ/รับซื้อ-macbook-นครพนม","รับซื้อ MacBook ในนครพนม","added_sidebar_link_only","Batch 11 selective hub-spoke strengthening","ADDED"
"/รับซื้อ/รับซื้อ-marshall-นครพนม","","(no link)","รับซื้อ คอมพิวเตอร์ ในนครพนม","/รับซื้อ/รับซื้อคอมพิวเตอร์-นครพนม","รับซื้อ คอมพิวเตอร์ ในนครพนม","added_sidebar_link_only","Batch 11 selective hub-spoke strengthening","ADDED"
"/รับซื้อ/รับซื้อ-marshall-นครพนม","","(no link)","รับซื้อ iPhone ในนครพนม","/รับซื้อ/รับซื้อ-iphone-นครพนม","รับซื้อ iPhone ในนครพนม","added_sidebar_link_only","Batch 11 selective hub-spoke strengthening","ADDED"
"/รับซื้อ/รับซื้อ-marshall-นครราชสีมา","","(no link)","รับซื้อ โน๊ตบุ๊ค ในนครราชสีมา","/รับซื้อ/รับซื้อโน๊ตบุ๊ค-นครราชสีมา","รับซื้อ โน๊ตบุ๊ค ในนครราชสีมา","added_sidebar_link_only","Batch 11 selective hub-spoke strengthening","ADDED"
"/รับซื้อ/รับซื้อ-marshall-นครราชสีมา","","(no link)","รับซื้อ MacBook ในนครราชสีมา","/รับซื้อ/รับซื้อ-macbook-นครราชสีมา","รับซื้อ MacBook ในนครราชสีมา","added_sidebar_link_only","Batch 11 selective hub-spoke strengthening","ADDED"
"/รับซื้อ/รับซื้อ-marshall-นครราชสีมา","","(no link)","รับซื้อ คอมพิวเตอร์ ในนครราชสีมา","/รับซื้อ/รับซื้อคอมพิวเตอร์-นครราชสีมา","รับซื้อ คอมพิวเตอร์ ในนครราชสีมา","added_sidebar_link_only","Batch 11 selective hub-spoke strengthening","ADDED"
"/รับซื้อ/รับซื้อ-marshall-นครราชสีมา","","(no link)","รับซื้อ iPhone ในนครราชสีมา","/รับซื้อ/รับซื้อ-iphone-นครราชสีมา","รับซื้อ iPhone ในนครราชสีมา","added_sidebar_link_only","Batch 11 selective hub-spoke strengthening","ADDED"
"/รับซื้อ/รับซื้อ-marshall-บึงกาฬ","","(no link)","รับซื้อ โน๊ตบุ๊ค ในบึงกาฬ","/รับซื้อ/รับซื้อโน๊ตบุ๊ค-บึงกาฬ","รับซื้อ โน๊ตบุ๊ค ในบึงกาฬ","added_sidebar_link_only","Batch 11 selective hub-spoke strengthening","ADDED"
"/รับซื้อ/รับซื้อ-marshall-บึงกาฬ","","(no link)","รับซื้อ MacBook ในบึงกาฬ","/รับซื้อ/รับซื้อ-macbook-บึงกาฬ","รับซื้อ MacBook ในบึงกาฬ","added_sidebar_link_only","Batch 11 selective hub-spoke strengthening","ADDED"
"/รับซื้อ/รับซื้อ-marshall-บึงกาฬ","","(no link)","รับซื้อ คอมพิวเตอร์ ในบึงกาฬ","/รับซื้อ/รับซื้อคอมพิวเตอร์-บึงกาฬ","รับซื้อ คอมพิวเตอร์ ในบึงกาฬ","added_sidebar_link_only","Batch 11 selective hub-spoke strengthening","ADDED"
"/รับซื้อ/รับซื้อ-marshall-บึงกาฬ","","(no link)","รับซื้อ iPhone ในบึงกาฬ","/รับซื้อ/รับซื้อ-iphone-บึงกาฬ","รับซื้อ iPhone ในบึงกาฬ","added_sidebar_link_only","Batch 11 selective hub-spoke strengthening","ADDED"
"/รับซื้อ/รับซื้อ-marshall-บุรีรัมย์","","(no link)","รับซื้อ โน๊ตบุ๊ค ในบุรีรัมย์","/รับซื้อ/รับซื้อโน๊ตบุ๊ค-บุรีรัมย์","รับซื้อ โน๊ตบุ๊ค ในบุรีรัมย์","added_sidebar_link_only","Batch 11 selective hub-spoke strengthening","ADDED"
"/รับซื้อ/รับซื้อ-marshall-บุรีรัมย์","","(no link)","รับซื้อ MacBook ในบุรีรัมย์","/รับซื้อ/รับซื้อ-macbook-บุรีรัมย์","รับซื้อ MacBook ในบุรีรัมย์","added_sidebar_link_only","Batch 11 selective hub-spoke strengthening","ADDED"
"/รับซื้อ/รับซื้อ-marshall-บุรีรัมย์","","(no link)","รับซื้อ คอมพิวเตอร์ ในบุรีรัมย์","/รับซื้อ/รับซื้อคอมพิวเตอร์-บุรีรัมย์","รับซื้อ คอมพิวเตอร์ ในบุรีรัมย์","added_sidebar_link_only","Batch 11 selective hub-spoke strengthening","ADDED"
"/รับซื้อ/รับซื้อ-marshall-บุรีรัมย์","","(no link)","รับซื้อ iPhone ในบุรีรัมย์","/รับซื้อ/รับซื้อ-iphone-บุรีรัมย์","รับซื้อ iPhone ในบุรีรัมย์","added_sidebar_link_only","Batch 11 selective hub-spoke strengthening","ADDED"
"/รับซื้อ/รับซื้อ-marshall-มหาสารคาม","","(no link)","รับซื้อ โน๊ตบุ๊ค ในมหาสารคาม","/รับซื้อ/รับซื้อโน๊ตบุ๊ค-มหาสารคาม","รับซื้อ โน๊ตบุ๊ค ในมหาสารคาม","added_sidebar_link_only","Batch 11 selective hub-spoke strengthening","ADDED"
"/รับซื้อ/รับซื้อ-marshall-มหาสารคาม","","(no link)","รับซื้อ MacBook ในมหาสารคาม","/รับซื้อ/รับซื้อ-macbook-มหาสารคาม","รับซื้อ MacBook ในมหาสารคาม","added_sidebar_link_only","Batch 11 selective hub-spoke strengthening","ADDED"
"/รับซื้อ/รับซื้อ-marshall-มหาสารคาม","","(no link)","รับซื้อ คอมพิวเตอร์ ในมหาสารคาม","/รับซื้อ/รับซื้อคอมพิวเตอร์-มหาสารคาม","รับซื้อ คอมพิวเตอร์ ในมหาสารคาม","added_sidebar_link_only","Batch 11 selective hub-spoke strengthening","ADDED"
"/รับซื้อ/รับซื้อ-marshall-มหาสารคาม","","(no link)","รับซื้อ iPhone ในมหาสารคาม","/รับซื้อ/รับซื้อ-iphone-มหาสารคาม","รับซื้อ iPhone ในมหาสารคาม","added_sidebar_link_only","Batch 11 selective hub-spoke strengthening","ADDED"
"/รับซื้อ/รับซื้อ-marshall-มุกดาหาร","","(no link)","รับซื้อ โน๊ตบุ๊ค ในมุกดาหาร","/รับซื้อ/รับซื้อโน๊ตบุ๊ค-มุกดาหาร","รับซื้อ โน๊ตบุ๊ค ในมุกดาหาร","added_sidebar_link_only","Batch 11 selective hub-spoke strengthening","ADDED"
"/รับซื้อ/รับซื้อ-marshall-มุกดาหาร","","(no link)","รับซื้อ MacBook ในมุกดาหาร","/รับซื้อ/รับซื้อ-macbook-มุกดาหาร","รับซื้อ MacBook ในมุกดาหาร","added_sidebar_link_only","Batch 11 selective hub-spoke strengthening","ADDED"
"/รับซื้อ/รับซื้อ-marshall-มุกดาหาร","","(no link)","รับซื้อ คอมพิวเตอร์ ในมุกดาหาร","/รับซื้อ/รับซื้อคอมพิวเตอร์-มุกดาหาร","รับซื้อ คอมพิวเตอร์ ในมุกดาหาร","added_sidebar_link_only","Batch 11 selective hub-spoke strengthening","ADDED"
"/รับซื้อ/รับซื้อ-marshall-มุกดาหาร","","(no link)","รับซื้อ iPhone ในมุกดาหาร","/รับซื้อ/รับซื้อ-iphone-มุกดาหาร","รับซื้อ iPhone ในมุกดาหาร","added_sidebar_link_only","Batch 11 selective hub-spoke strengthening","ADDED"
"/รับซื้อ/รับซื้อ-marshall-ยโสธร","","(no link)","รับซื้อ โน๊ตบุ๊ค ในยโสธร","/รับซื้อ/รับซื้อโน๊ตบุ๊ค-ยโสธร","รับซื้อ โน๊ตบุ๊ค ในยโสธร","added_sidebar_link_only","Batch 11 selective hub-spoke strengthening","ADDED"
"/รับซื้อ/รับซื้อ-marshall-ยโสธร","","(no link)","รับซื้อ MacBook ในยโสธร","/รับซื้อ/รับซื้อ-macbook-ยโสธร","รับซื้อ MacBook ในยโสธร","added_sidebar_link_only","Batch 11 selective hub-spoke strengthening","ADDED"
"/รับซื้อ/รับซื้อ-marshall-ยโสธร","","(no link)","รับซื้อ คอมพิวเตอร์ ในยโสธร","/รับซื้อ/รับซื้อคอมพิวเตอร์-ยโสธร","รับซื้อ คอมพิวเตอร์ ในยโสธร","added_sidebar_link_only","Batch 11 selective hub-spoke strengthening","ADDED"
"/รับซื้อ/รับซื้อ-marshall-ยโสธร","","(no link)","รับซื้อ iPhone ในยโสธร","/รับซื้อ/รับซื้อ-iphone-ยโสธร","รับซื้อ iPhone ในยโสธร","added_sidebar_link_only","Batch 11 selective hub-spoke strengthening","ADDED"
"/รับซื้อ/รับซื้อ-marshall-ร้อยเอ็ด","","(no link)","รับซื้อ โน๊ตบุ๊ค ในร้อยเอ็ด","/รับซื้อ/รับซื้อโน๊ตบุ๊ค-ร้อยเอ็ด","รับซื้อ โน๊ตบุ๊ค ในร้อยเอ็ด","added_sidebar_link_only","Batch 11 selective hub-spoke strengthening","ADDED"
"/รับซื้อ/รับซื้อ-marshall-ร้อยเอ็ด","","(no link)","รับซื้อ MacBook ในร้อยเอ็ด","/รับซื้อ/รับซื้อ-macbook-ร้อยเอ็ด","รับซื้อ MacBook ในร้อยเอ็ด","added_sidebar_link_only","Batch 11 selective hub-spoke strengthening","ADDED"
"/รับซื้อ/รับซื้อ-marshall-ร้อยเอ็ด","","(no link)","รับซื้อ คอมพิวเตอร์ ในร้อยเอ็ด","/รับซื้อ/รับซื้อคอมพิวเตอร์-ร้อยเอ็ด","รับซื้อ คอมพิวเตอร์ ในร้อยเอ็ด","added_sidebar_link_only","Batch 11 selective hub-spoke strengthening","ADDED"
"/รับซื้อ/รับซื้อ-marshall-ร้อยเอ็ด","","(no link)","รับซื้อ iPhone ในร้อยเอ็ด","/รับซื้อ/รับซื้อ-iphone-ร้อยเอ็ด","รับซื้อ iPhone ในร้อยเอ็ด","added_sidebar_link_only","Batch 11 selective hub-spoke strengthening","ADDED"
"/รับซื้อ/รับซื้อ-marshall-ศรีสะเกษ","","(no link)","รับซื้อ โน๊ตบุ๊ค ในศรีสะเกษ","/รับซื้อ/รับซื้อโน๊ตบุ๊ค-ศรีสะเกษ","รับซื้อ โน๊ตบุ๊ค ในศรีสะเกษ","added_sidebar_link_only","Batch 11 selective hub-spoke strengthening","ADDED"
"/รับซื้อ/รับซื้อ-marshall-ศรีสะเกษ","","(no link)","รับซื้อ MacBook ในศรีสะเกษ","/รับซื้อ/รับซื้อ-macbook-ศรีสะเกษ","รับซื้อ MacBook ในศรีสะเกษ","added_sidebar_link_only","Batch 11 selective hub-spoke strengthening","ADDED"
"/รับซื้อ/รับซื้อ-marshall-ศรีสะเกษ","","(no link)","รับซื้อ คอมพิวเตอร์ ในศรีสะเกษ","/รับซื้อ/รับซื้อคอมพิวเตอร์-ศรีสะเกษ","รับซื้อ คอมพิวเตอร์ ในศรีสะเกษ","added_sidebar_link_only","Batch 11 selective hub-spoke strengthening","ADDED"
"/รับซื้อ/รับซื้อ-marshall-ศรีสะเกษ","","(no link)","รับซื้อ iPhone ในศรีสะเกษ","/รับซื้อ/รับซื้อ-iphone-ศรีสะเกษ","รับซื้อ iPhone ในศรีสะเกษ","added_sidebar_link_only","Batch 11 selective hub-spoke strengthening","ADDED"
"/รับซื้อ/รับซื้อ-marshall-สกลนคร","","(no link)","รับซื้อ โน๊ตบุ๊ค ในสกลนคร","/รับซื้อ/รับซื้อโน๊ตบุ๊ค-สกลนคร","รับซื้อ โน๊ตบุ๊ค ในสกลนคร","added_sidebar_link_only","Batch 11 selective hub-spoke strengthening","ADDED"
"/รับซื้อ/รับซื้อ-marshall-สกลนคร","","(no link)","รับซื้อ MacBook ในสกลนคร","/รับซื้อ/รับซื้อ-macbook-สกลนคร","รับซื้อ MacBook ในสกลนคร","added_sidebar_link_only","Batch 11 selective hub-spoke strengthening","ADDED"
"/รับซื้อ/รับซื้อ-marshall-สกลนคร","","(no link)","รับซื้อ คอมพิวเตอร์ ในสกลนคร","/รับซื้อ/รับซื้อคอมพิวเตอร์-สกลนคร","รับซื้อ คอมพิวเตอร์ ในสกลนคร","added_sidebar_link_only","Batch 11 selective hub-spoke strengthening","ADDED"
"/รับซื้อ/รับซื้อ-marshall-สกลนคร","","(no link)","รับซื้อ iPhone ในสกลนคร","/รับซื้อ/รับซื้อ-iphone-สกลนคร","รับซื้อ iPhone ในสกลนคร","added_sidebar_link_only","Batch 11 selective hub-spoke strengthening","ADDED"
"/รับซื้อ/รับซื้อ-marshall-สุรินทร์","","(no link)","รับซื้อ โน๊ตบุ๊ค ในสุรินทร์","/รับซื้อ/รับซื้อโน๊ตบุ๊ค-สุรินทร์","รับซื้อ โน๊ตบุ๊ค ในสุรินทร์","added_sidebar_link_only","Batch 11 selective hub-spoke strengthening","ADDED"
"/รับซื้อ/รับซื้อ-marshall-สุรินทร์","","(no link)","รับซื้อ MacBook ในสุรินทร์","/รับซื้อ/รับซื้อ-macbook-สุรินทร์","รับซื้อ MacBook ในสุรินทร์","added_sidebar_link_only","Batch 11 selective hub-spoke strengthening","ADDED"
"/รับซื้อ/รับซื้อ-marshall-สุรินทร์","","(no link)","รับซื้อ คอมพิวเตอร์ ในสุรินทร์","/รับซื้อ/รับซื้อคอมพิวเตอร์-สุรินทร์","รับซื้อ คอมพิวเตอร์ ในสุรินทร์","added_sidebar_link_only","Batch 11 selective hub-spoke strengthening","ADDED"
"/รับซื้อ/รับซื้อ-marshall-สุรินทร์","","(no link)","รับซื้อ iPhone ในสุรินทร์","/รับซื้อ/รับซื้อ-iphone-สุรินทร์","รับซื้อ iPhone ในสุรินทร์","added_sidebar_link_only","Batch 11 selective hub-spoke strengthening","ADDED"
"/รับซื้อ/รับซื้อ-marshall-หนองคาย","","(no link)","รับซื้อ โน๊ตบุ๊ค ในหนองคาย","/รับซื้อ/รับซื้อโน๊ตบุ๊ค-หนองคาย","รับซื้อ โน๊ตบุ๊ค ในหนองคาย","added_sidebar_link_only","Batch 11 selective hub-spoke strengthening","ADDED"
"/รับซื้อ/รับซื้อ-marshall-หนองคาย","","(no link)","รับซื้อ MacBook ในหนองคาย","/รับซื้อ/รับซื้อ-macbook-หนองคาย","รับซื้อ MacBook ในหนองคาย","added_sidebar_link_only","Batch 11 selective hub-spoke strengthening","ADDED"
"/รับซื้อ/รับซื้อ-marshall-หนองคาย","","(no link)","รับซื้อ คอมพิวเตอร์ ในหนองคาย","/รับซื้อ/รับซื้อคอมพิวเตอร์-หนองคาย","รับซื้อ คอมพิวเตอร์ ในหนองคาย","added_sidebar_link_only","Batch 11 selective hub-spoke strengthening","ADDED"
"/รับซื้อ/รับซื้อ-marshall-หนองคาย","","(no link)","รับซื้อ iPhone ในหนองคาย","/รับซื้อ/รับซื้อ-iphone-หนองคาย","รับซื้อ iPhone ในหนองคาย","added_sidebar_link_only","Batch 11 selective hub-spoke strengthening","ADDED"
"/รับซื้อ/รับซื้อ-marshall-หนองบัวลำภู","","(no link)","รับซื้อ โน๊ตบุ๊ค ในหนองบัวลำภู","/รับซื้อ/รับซื้อโน๊ตบุ๊ค-หนองบัวลำภู","รับซื้อ โน๊ตบุ๊ค ในหนองบัวลำภู","added_sidebar_link_only","Batch 11 selective hub-spoke strengthening","ADDED"
"/รับซื้อ/รับซื้อ-marshall-หนองบัวลำภู","","(no link)","รับซื้อ MacBook ในหนองบัวลำภู","/รับซื้อ/รับซื้อ-macbook-หนองบัวลำภู","รับซื้อ MacBook ในหนองบัวลำภู","added_sidebar_link_only","Batch 11 selective hub-spoke strengthening","ADDED"
"/รับซื้อ/รับซื้อ-marshall-หนองบัวลำภู","","(no link)","รับซื้อ คอมพิวเตอร์ ในหนองบัวลำภู","/รับซื้อ/รับซื้อคอมพิวเตอร์-หนองบัวลำภู","รับซื้อ คอมพิวเตอร์ ในหนองบัวลำภู","added_sidebar_link_only","Batch 11 selective hub-spoke strengthening","ADDED"
"/รับซื้อ/รับซื้อ-marshall-หนองบัวลำภู","","(no link)","รับซื้อ iPhone ในหนองบัวลำภู","/รับซื้อ/รับซื้อ-iphone-หนองบัวลำภู","รับซื้อ iPhone ในหนองบัวลำภู","added_sidebar_link_only","Batch 11 selective hub-spoke strengthening","ADDED"
"/รับซื้อ/รับซื้อ-marshall-อำนาจเจริญ","","(no link)","รับซื้อ โน๊ตบุ๊ค ในอำนาจเจริญ","/รับซื้อ/รับซื้อโน๊ตบุ๊ค-อำนาจเจริญ","รับซื้อ โน๊ตบุ๊ค ในอำนาจเจริญ","added_sidebar_link_only","Batch 11 selective hub-spoke strengthening","ADDED"
"/รับซื้อ/รับซื้อ-marshall-อำนาจเจริญ","","(no link)","รับซื้อ MacBook ในอำนาจเจริญ","/รับซื้อ/รับซื้อ-macbook-อำนาจเจริญ","รับซื้อ MacBook ในอำนาจเจริญ","added_sidebar_link_only","Batch 11 selective hub-spoke strengthening","ADDED"
"/รับซื้อ/รับซื้อ-marshall-อำนาจเจริญ","","(no link)","รับซื้อ คอมพิวเตอร์ ในอำนาจเจริญ","/รับซื้อ/รับซื้อคอมพิวเตอร์-อำนาจเจริญ","รับซื้อ คอมพิวเตอร์ ในอำนาจเจริญ","added_sidebar_link_only","Batch 11 selective hub-spoke strengthening","ADDED"
"/รับซื้อ/รับซื้อ-marshall-อำนาจเจริญ","","(no link)","รับซื้อ iPhone ในอำนาจเจริญ","/รับซื้อ/รับซื้อ-iphone-อำนาจเจริญ","รับซื้อ iPhone ในอำนาจเจริญ","added_sidebar_link_only","Batch 11 selective hub-spoke strengthening","ADDED"
"/รับซื้อ/รับซื้อ-marshall-อุดรธานี","","(no link)","รับซื้อ โน๊ตบุ๊ค ในอุดรธานี","/รับซื้อ/รับซื้อโน๊ตบุ๊ค-อุดรธานี","รับซื้อ โน๊ตบุ๊ค ในอุดรธานี","added_sidebar_link_only","Batch 11 selective hub-spoke strengthening","ADDED"
"/รับซื้อ/รับซื้อ-marshall-อุดรธานี","","(no link)","รับซื้อ MacBook ในอุดรธานี","/รับซื้อ/รับซื้อ-macbook-อุดรธานี","รับซื้อ MacBook ในอุดรธานี","added_sidebar_link_only","Batch 11 selective hub-spoke strengthening","ADDED"
"/รับซื้อ/รับซื้อ-marshall-อุดรธานี","","(no link)","รับซื้อ คอมพิวเตอร์ ในอุดรธานี","/รับซื้อ/รับซื้อคอมพิวเตอร์-อุดรธานี","รับซื้อ คอมพิวเตอร์ ในอุดรธานี","added_sidebar_link_only","Batch 11 selective hub-spoke strengthening","ADDED"
"/รับซื้อ/รับซื้อ-marshall-อุดรธานี","","(no link)","รับซื้อ iPhone ในอุดรธานี","/รับซื้อ/รับซื้อ-iphone-อุดรธานี","รับซื้อ iPhone ในอุดรธานี","added_sidebar_link_only","Batch 11 selective hub-spoke strengthening","ADDED"
"/รับซื้อ/รับซื้อ-marshall-อุบลราชธานี","","(no link)","รับซื้อโน๊ตบุ๊ค ในอุบลราชธานี","/รับซื้อ/รับซื้อโน๊ตบุ๊ค-อุบลราชธานี","รับซื้อโน๊ตบุ๊ค ในอุบลราชธานี","added_sidebar_link_only","Batch 11 selective hub-spoke strengthening","ADDED"
"/รับซื้อ/รับซื้อ-marshall-อุบลราชธานี","","(no link)","รับซื้อ MacBook ในอุบลราชธานี","/รับซื้อ/รับซื้อ-macbook-อุบลราชธานี","รับซื้อ MacBook ในอุบลราชธานี","added_sidebar_link_only","Batch 11 selective hub-spoke strengthening","ADDED"
"/รับซื้อ/รับซื้อ-marshall-อุบลราชธานี","","(no link)","รับซื้อคอมพิวเตอร์ ในอุบลราชธานี","/รับซื้อ/รับซื้อคอมพิวเตอร์-อุบลราชธานี","รับซื้อคอมพิวเตอร์ ในอุบลราชธานี","added_sidebar_link_only","Batch 11 selective hub-spoke strengthening","ADDED"
"/รับซื้อ/รับซื้อ-marshall-อุบลราชธานี","","(no link)","รับซื้อ iPhone ในอุบลราชธานี","/รับซื้อ/รับซื้อ-iphone-อุบลราชธานี","รับซื้อ iPhone ในอุบลราชธานี","added_sidebar_link_only","Batch 11 selective hub-spoke strengthening","ADDED"
"/รับซื้อ/รับซื้อ-marshall-เลย","","(no link)","รับซื้อ โน๊ตบุ๊ค ในเลย","/รับซื้อ/รับซื้อโน๊ตบุ๊ค-เลย","รับซื้อ โน๊ตบุ๊ค ในเลย","added_sidebar_link_only","Batch 11 selective hub-spoke strengthening","ADDED"
"/รับซื้อ/รับซื้อ-marshall-เลย","","(no link)","รับซื้อ MacBook ในเลย","/รับซื้อ/รับซื้อ-macbook-เลย","รับซื้อ MacBook ในเลย","added_sidebar_link_only","Batch 11 selective hub-spoke strengthening","ADDED"
"/รับซื้อ/รับซื้อ-marshall-เลย","","(no link)","รับซื้อ คอมพิวเตอร์ ในเลย","/รับซื้อ/รับซื้อคอมพิวเตอร์-เลย","รับซื้อ คอมพิวเตอร์ ในเลย","added_sidebar_link_only","Batch 11 selective hub-spoke strengthening","ADDED"
"/รับซื้อ/รับซื้อ-marshall-เลย","","(no link)","รับซื้อ iPhone ในเลย","/รับซื้อ/รับซื้อ-iphone-เลย","รับซื้อ iPhone ในเลย","added_sidebar_link_only","Batch 11 selective hub-spoke strengthening","ADDED"
"/รับซื้อ/รับซื้อ-nintendo-switch-กาฬสินธุ์","","(no link)","รับซื้อ โน๊ตบุ๊ค ในกาฬสินธุ์","/รับซื้อ/รับซื้อโน๊ตบุ๊ค-กาฬสินธุ์","รับซื้อ โน๊ตบุ๊ค ในกาฬสินธุ์","added_sidebar_link_only","Batch 11 selective hub-spoke strengthening","ADDED"
"/รับซื้อ/รับซื้อ-nintendo-switch-กาฬสินธุ์","","(no link)","รับซื้อ MacBook ในกาฬสินธุ์","/รับซื้อ/รับซื้อ-macbook-กาฬสินธุ์","รับซื้อ MacBook ในกาฬสินธุ์","added_sidebar_link_only","Batch 11 selective hub-spoke strengthening","ADDED"
"/รับซื้อ/รับซื้อ-nintendo-switch-กาฬสินธุ์","","(no link)","รับซื้อ คอมพิวเตอร์ ในกาฬสินธุ์","/รับซื้อ/รับซื้อคอมพิวเตอร์-กาฬสินธุ์","รับซื้อ คอมพิวเตอร์ ในกาฬสินธุ์","added_sidebar_link_only","Batch 11 selective hub-spoke strengthening","ADDED"
"/รับซื้อ/รับซื้อ-nintendo-switch-กาฬสินธุ์","","(no link)","รับซื้อ iPhone ในกาฬสินธุ์","/รับซื้อ/รับซื้อ-iphone-กาฬสินธุ์","รับซื้อ iPhone ในกาฬสินธุ์","added_sidebar_link_only","Batch 11 selective hub-spoke strengthening","ADDED"
"/รับซื้อ/รับซื้อ-nintendo-switch-ขอนแก่น","","(no link)","รับซื้อ โน๊ตบุ๊ค ในขอนแก่น","/รับซื้อ/รับซื้อโน๊ตบุ๊ค-ขอนแก่น","รับซื้อ โน๊ตบุ๊ค ในขอนแก่น","added_sidebar_link_only","Batch 11 selective hub-spoke strengthening","ADDED"
"/รับซื้อ/รับซื้อ-nintendo-switch-ขอนแก่น","","(no link)","รับซื้อ MacBook ในขอนแก่น","/รับซื้อ/รับซื้อ-macbook-ขอนแก่น","รับซื้อ MacBook ในขอนแก่น","added_sidebar_link_only","Batch 11 selective hub-spoke strengthening","ADDED"
"/รับซื้อ/รับซื้อ-nintendo-switch-ขอนแก่น","","(no link)","รับซื้อ คอมพิวเตอร์ ในขอนแก่น","/รับซื้อ/รับซื้อคอมพิวเตอร์-ขอนแก่น","รับซื้อ คอมพิวเตอร์ ในขอนแก่น","added_sidebar_link_only","Batch 11 selective hub-spoke strengthening","ADDED"
"/รับซื้อ/รับซื้อ-nintendo-switch-ขอนแก่น","","(no link)","รับซื้อ iPhone ในขอนแก่น","/รับซื้อ/รับซื้อ-iphone-ขอนแก่น","รับซื้อ iPhone ในขอนแก่น","added_sidebar_link_only","Batch 11 selective hub-spoke strengthening","ADDED"
"/รับซื้อ/รับซื้อ-nintendo-switch-ชัยภูมิ","","(no link)","รับซื้อ โน๊ตบุ๊ค ในชัยภูมิ","/รับซื้อ/รับซื้อโน๊ตบุ๊ค-ชัยภูมิ","รับซื้อ โน๊ตบุ๊ค ในชัยภูมิ","added_sidebar_link_only","Batch 11 selective hub-spoke strengthening","ADDED"
"/รับซื้อ/รับซื้อ-nintendo-switch-ชัยภูมิ","","(no link)","รับซื้อ MacBook ในชัยภูมิ","/รับซื้อ/รับซื้อ-macbook-ชัยภูมิ","รับซื้อ MacBook ในชัยภูมิ","added_sidebar_link_only","Batch 11 selective hub-spoke strengthening","ADDED"
"/รับซื้อ/รับซื้อ-nintendo-switch-ชัยภูมิ","","(no link)","รับซื้อ คอมพิวเตอร์ ในชัยภูมิ","/รับซื้อ/รับซื้อคอมพิวเตอร์-ชัยภูมิ","รับซื้อ คอมพิวเตอร์ ในชัยภูมิ","added_sidebar_link_only","Batch 11 selective hub-spoke strengthening","ADDED"
"/รับซื้อ/รับซื้อ-nintendo-switch-ชัยภูมิ","","(no link)","รับซื้อ iPhone ในชัยภูมิ","/รับซื้อ/รับซื้อ-iphone-ชัยภูมิ","รับซื้อ iPhone ในชัยภูมิ","added_sidebar_link_only","Batch 11 selective hub-spoke strengthening","ADDED"
"/รับซื้อ/รับซื้อ-nintendo-switch-นครพนม","","(no link)","รับซื้อ โน๊ตบุ๊ค ในนครพนม","/รับซื้อ/รับซื้อโน๊ตบุ๊ค-นครพนม","รับซื้อ โน๊ตบุ๊ค ในนครพนม","added_sidebar_link_only","Batch 11 selective hub-spoke strengthening","ADDED"
"/รับซื้อ/รับซื้อ-nintendo-switch-นครพนม","","(no link)","รับซื้อ MacBook ในนครพนม","/รับซื้อ/รับซื้อ-macbook-นครพนม","รับซื้อ MacBook ในนครพนม","added_sidebar_link_only","Batch 11 selective hub-spoke strengthening","ADDED"
"/รับซื้อ/รับซื้อ-nintendo-switch-นครพนม","","(no link)","รับซื้อ คอมพิวเตอร์ ในนครพนม","/รับซื้อ/รับซื้อคอมพิวเตอร์-นครพนม","รับซื้อ คอมพิวเตอร์ ในนครพนม","added_sidebar_link_only","Batch 11 selective hub-spoke strengthening","ADDED"
"/รับซื้อ/รับซื้อ-nintendo-switch-นครพนม","","(no link)","รับซื้อ iPhone ในนครพนม","/รับซื้อ/รับซื้อ-iphone-นครพนม","รับซื้อ iPhone ในนครพนม","added_sidebar_link_only","Batch 11 selective hub-spoke strengthening","ADDED"
"/รับซื้อ/รับซื้อ-nintendo-switch-นครราชสีมา","","(no link)","รับซื้อ โน๊ตบุ๊ค ในนครราชสีมา","/รับซื้อ/รับซื้อโน๊ตบุ๊ค-นครราชสีมา","รับซื้อ โน๊ตบุ๊ค ในนครราชสีมา","added_sidebar_link_only","Batch 11 selective hub-spoke strengthening","ADDED"
"/รับซื้อ/รับซื้อ-nintendo-switch-นครราชสีมา","","(no link)","รับซื้อ MacBook ในนครราชสีมา","/รับซื้อ/รับซื้อ-macbook-นครราชสีมา","รับซื้อ MacBook ในนครราชสีมา","added_sidebar_link_only","Batch 11 selective hub-spoke strengthening","ADDED"
"/รับซื้อ/รับซื้อ-nintendo-switch-นครราชสีมา","","(no link)","รับซื้อ คอมพิวเตอร์ ในนครราชสีมา","/รับซื้อ/รับซื้อคอมพิวเตอร์-นครราชสีมา","รับซื้อ คอมพิวเตอร์ ในนครราชสีมา","added_sidebar_link_only","Batch 11 selective hub-spoke strengthening","ADDED"
"/รับซื้อ/รับซื้อ-nintendo-switch-นครราชสีมา","","(no link)","รับซื้อ iPhone ในนครราชสีมา","/รับซื้อ/รับซื้อ-iphone-นครราชสีมา","รับซื้อ iPhone ในนครราชสีมา","added_sidebar_link_only","Batch 11 selective hub-spoke strengthening","ADDED"
"/รับซื้อ/รับซื้อ-nintendo-switch-บึงกาฬ","","(no link)","รับซื้อ โน๊ตบุ๊ค ในบึงกาฬ","/รับซื้อ/รับซื้อโน๊ตบุ๊ค-บึงกาฬ","รับซื้อ โน๊ตบุ๊ค ในบึงกาฬ","added_sidebar_link_only","Batch 11 selective hub-spoke strengthening","ADDED"
"/รับซื้อ/รับซื้อ-nintendo-switch-บึงกาฬ","","(no link)","รับซื้อ MacBook ในบึงกาฬ","/รับซื้อ/รับซื้อ-macbook-บึงกาฬ","รับซื้อ MacBook ในบึงกาฬ","added_sidebar_link_only","Batch 11 selective hub-spoke strengthening","ADDED"
"/รับซื้อ/รับซื้อ-nintendo-switch-บึงกาฬ","","(no link)","รับซื้อ คอมพิวเตอร์ ในบึงกาฬ","/รับซื้อ/รับซื้อคอมพิวเตอร์-บึงกาฬ","รับซื้อ คอมพิวเตอร์ ในบึงกาฬ","added_sidebar_link_only","Batch 11 selective hub-spoke strengthening","ADDED"
"/รับซื้อ/รับซื้อ-nintendo-switch-บึงกาฬ","","(no link)","รับซื้อ iPhone ในบึงกาฬ","/รับซื้อ/รับซื้อ-iphone-บึงกาฬ","รับซื้อ iPhone ในบึงกาฬ","added_sidebar_link_only","Batch 11 selective hub-spoke strengthening","ADDED"
"/รับซื้อ/รับซื้อ-nintendo-switch-บุรีรัมย์","","(no link)","รับซื้อ โน๊ตบุ๊ค ในบุรีรัมย์","/รับซื้อ/รับซื้อโน๊ตบุ๊ค-บุรีรัมย์","รับซื้อ โน๊ตบุ๊ค ในบุรีรัมย์","added_sidebar_link_only","Batch 11 selective hub-spoke strengthening","ADDED"
"/รับซื้อ/รับซื้อ-nintendo-switch-บุรีรัมย์","","(no link)","รับซื้อ MacBook ในบุรีรัมย์","/รับซื้อ/รับซื้อ-macbook-บุรีรัมย์","รับซื้อ MacBook ในบุรีรัมย์","added_sidebar_link_only","Batch 11 selective hub-spoke strengthening","ADDED"
"/รับซื้อ/รับซื้อ-nintendo-switch-บุรีรัมย์","","(no link)","รับซื้อ คอมพิวเตอร์ ในบุรีรัมย์","/รับซื้อ/รับซื้อคอมพิวเตอร์-บุรีรัมย์","รับซื้อ คอมพิวเตอร์ ในบุรีรัมย์","added_sidebar_link_only","Batch 11 selective hub-spoke strengthening","ADDED"
"/รับซื้อ/รับซื้อ-nintendo-switch-บุรีรัมย์","","(no link)","รับซื้อ iPhone ในบุรีรัมย์","/รับซื้อ/รับซื้อ-iphone-บุรีรัมย์","รับซื้อ iPhone ในบุรีรัมย์","added_sidebar_link_only","Batch 11 selective hub-spoke strengthening","ADDED"
"/รับซื้อ/รับซื้อ-nintendo-switch-มหาสารคาม","","(no link)","รับซื้อ โน๊ตบุ๊ค ในมหาสารคาม","/รับซื้อ/รับซื้อโน๊ตบุ๊ค-มหาสารคาม","รับซื้อ โน๊ตบุ๊ค ในมหาสารคาม","added_sidebar_link_only","Batch 11 selective hub-spoke strengthening","ADDED"
"/รับซื้อ/รับซื้อ-nintendo-switch-มหาสารคาม","","(no link)","รับซื้อ MacBook ในมหาสารคาม","/รับซื้อ/รับซื้อ-macbook-มหาสารคาม","รับซื้อ MacBook ในมหาสารคาม","added_sidebar_link_only","Batch 11 selective hub-spoke strengthening","ADDED"
"/รับซื้อ/รับซื้อ-nintendo-switch-มหาสารคาม","","(no link)","รับซื้อ คอมพิวเตอร์ ในมหาสารคาม","/รับซื้อ/รับซื้อคอมพิวเตอร์-มหาสารคาม","รับซื้อ คอมพิวเตอร์ ในมหาสารคาม","added_sidebar_link_only","Batch 11 selective hub-spoke strengthening","ADDED"
"/รับซื้อ/รับซื้อ-nintendo-switch-มหาสารคาม","","(no link)","รับซื้อ iPhone ในมหาสารคาม","/รับซื้อ/รับซื้อ-iphone-มหาสารคาม","รับซื้อ iPhone ในมหาสารคาม","added_sidebar_link_only","Batch 11 selective hub-spoke strengthening","ADDED"
"/รับซื้อ/รับซื้อ-nintendo-switch-มุกดาหาร","","(no link)","รับซื้อ โน๊ตบุ๊ค ในมุกดาหาร","/รับซื้อ/รับซื้อโน๊ตบุ๊ค-มุกดาหาร","รับซื้อ โน๊ตบุ๊ค ในมุกดาหาร","added_sidebar_link_only","Batch 11 selective hub-spoke strengthening","ADDED"
"/รับซื้อ/รับซื้อ-nintendo-switch-มุกดาหาร","","(no link)","รับซื้อ MacBook ในมุกดาหาร","/รับซื้อ/รับซื้อ-macbook-มุกดาหาร","รับซื้อ MacBook ในมุกดาหาร","added_sidebar_link_only","Batch 11 selective hub-spoke strengthening","ADDED"
"/รับซื้อ/รับซื้อ-nintendo-switch-มุกดาหาร","","(no link)","รับซื้อ คอมพิวเตอร์ ในมุกดาหาร","/รับซื้อ/รับซื้อคอมพิวเตอร์-มุกดาหาร","รับซื้อ คอมพิวเตอร์ ในมุกดาหาร","added_sidebar_link_only","Batch 11 selective hub-spoke strengthening","ADDED"
"/รับซื้อ/รับซื้อ-nintendo-switch-มุกดาหาร","","(no link)","รับซื้อ iPhone ในมุกดาหาร","/รับซื้อ/รับซื้อ-iphone-มุกดาหาร","รับซื้อ iPhone ในมุกดาหาร","added_sidebar_link_only","Batch 11 selective hub-spoke strengthening","ADDED"
"/รับซื้อ/รับซื้อ-nintendo-switch-ยโสธร","","(no link)","รับซื้อ โน๊ตบุ๊ค ในยโสธร","/รับซื้อ/รับซื้อโน๊ตบุ๊ค-ยโสธร","รับซื้อ โน๊ตบุ๊ค ในยโสธร","added_sidebar_link_only","Batch 11 selective hub-spoke strengthening","ADDED"
"/รับซื้อ/รับซื้อ-nintendo-switch-ยโสธร","","(no link)","รับซื้อ MacBook ในยโสธร","/รับซื้อ/รับซื้อ-macbook-ยโสธร","รับซื้อ MacBook ในยโสธร","added_sidebar_link_only","Batch 11 selective hub-spoke strengthening","ADDED"
"/รับซื้อ/รับซื้อ-nintendo-switch-ยโสธร","","(no link)","รับซื้อ คอมพิวเตอร์ ในยโสธร","/รับซื้อ/รับซื้อคอมพิวเตอร์-ยโสธร","รับซื้อ คอมพิวเตอร์ ในยโสธร","added_sidebar_link_only","Batch 11 selective hub-spoke strengthening","ADDED"
"/รับซื้อ/รับซื้อ-nintendo-switch-ยโสธร","","(no link)","รับซื้อ iPhone ในยโสธร","/รับซื้อ/รับซื้อ-iphone-ยโสธร","รับซื้อ iPhone ในยโสธร","added_sidebar_link_only","Batch 11 selective hub-spoke strengthening","ADDED"
"/รับซื้อ/รับซื้อ-nintendo-switch-ร้อยเอ็ด","","(no link)","รับซื้อ โน๊ตบุ๊ค ในร้อยเอ็ด","/รับซื้อ/รับซื้อโน๊ตบุ๊ค-ร้อยเอ็ด","รับซื้อ โน๊ตบุ๊ค ในร้อยเอ็ด","added_sidebar_link_only","Batch 11 selective hub-spoke strengthening","ADDED"
"/รับซื้อ/รับซื้อ-nintendo-switch-ร้อยเอ็ด","","(no link)","รับซื้อ MacBook ในร้อยเอ็ด","/รับซื้อ/รับซื้อ-macbook-ร้อยเอ็ด","รับซื้อ MacBook ในร้อยเอ็ด","added_sidebar_link_only","Batch 11 selective hub-spoke strengthening","ADDED"
"/รับซื้อ/รับซื้อ-nintendo-switch-ร้อยเอ็ด","","(no link)","รับซื้อ คอมพิวเตอร์ ในร้อยเอ็ด","/รับซื้อ/รับซื้อคอมพิวเตอร์-ร้อยเอ็ด","รับซื้อ คอมพิวเตอร์ ในร้อยเอ็ด","added_sidebar_link_only","Batch 11 selective hub-spoke strengthening","ADDED"
"/รับซื้อ/รับซื้อ-nintendo-switch-ร้อยเอ็ด","","(no link)","รับซื้อ iPhone ในร้อยเอ็ด","/รับซื้อ/รับซื้อ-iphone-ร้อยเอ็ด","รับซื้อ iPhone ในร้อยเอ็ด","added_sidebar_link_only","Batch 11 selective hub-spoke strengthening","ADDED"
"/รับซื้อ/รับซื้อ-nintendo-switch-ศรีสะเกษ","","(no link)","รับซื้อ โน๊ตบุ๊ค ในศรีสะเกษ","/รับซื้อ/รับซื้อโน๊ตบุ๊ค-ศรีสะเกษ","รับซื้อ โน๊ตบุ๊ค ในศรีสะเกษ","added_sidebar_link_only","Batch 11 selective hub-spoke strengthening","ADDED"
"/รับซื้อ/รับซื้อ-nintendo-switch-ศรีสะเกษ","","(no link)","รับซื้อ MacBook ในศรีสะเกษ","/รับซื้อ/รับซื้อ-macbook-ศรีสะเกษ","รับซื้อ MacBook ในศรีสะเกษ","added_sidebar_link_only","Batch 11 selective hub-spoke strengthening","ADDED"
"/รับซื้อ/รับซื้อ-nintendo-switch-ศรีสะเกษ","","(no link)","รับซื้อ คอมพิวเตอร์ ในศรีสะเกษ","/รับซื้อ/รับซื้อคอมพิวเตอร์-ศรีสะเกษ","รับซื้อ คอมพิวเตอร์ ในศรีสะเกษ","added_sidebar_link_only","Batch 11 selective hub-spoke strengthening","ADDED"
"/รับซื้อ/รับซื้อ-nintendo-switch-ศรีสะเกษ","","(no link)","รับซื้อ iPhone ในศรีสะเกษ","/รับซื้อ/รับซื้อ-iphone-ศรีสะเกษ","รับซื้อ iPhone ในศรีสะเกษ","added_sidebar_link_only","Batch 11 selective hub-spoke strengthening","ADDED"
"/รับซื้อ/รับซื้อ-nintendo-switch-สกลนคร","","(no link)","รับซื้อ โน๊ตบุ๊ค ในสกลนคร","/รับซื้อ/รับซื้อโน๊ตบุ๊ค-สกลนคร","รับซื้อ โน๊ตบุ๊ค ในสกลนคร","added_sidebar_link_only","Batch 11 selective hub-spoke strengthening","ADDED"
"/รับซื้อ/รับซื้อ-nintendo-switch-สกลนคร","","(no link)","รับซื้อ MacBook ในสกลนคร","/รับซื้อ/รับซื้อ-macbook-สกลนคร","รับซื้อ MacBook ในสกลนคร","added_sidebar_link_only","Batch 11 selective hub-spoke strengthening","ADDED"
"/รับซื้อ/รับซื้อ-nintendo-switch-สกลนคร","","(no link)","รับซื้อ คอมพิวเตอร์ ในสกลนคร","/รับซื้อ/รับซื้อคอมพิวเตอร์-สกลนคร","รับซื้อ คอมพิวเตอร์ ในสกลนคร","added_sidebar_link_only","Batch 11 selective hub-spoke strengthening","ADDED"
"/รับซื้อ/รับซื้อ-nintendo-switch-สกลนคร","","(no link)","รับซื้อ iPhone ในสกลนคร","/รับซื้อ/รับซื้อ-iphone-สกลนคร","รับซื้อ iPhone ในสกลนคร","added_sidebar_link_only","Batch 11 selective hub-spoke strengthening","ADDED"
"/รับซื้อ/รับซื้อ-nintendo-switch-สุรินทร์","","(no link)","รับซื้อ โน๊ตบุ๊ค ในสุรินทร์","/รับซื้อ/รับซื้อโน๊ตบุ๊ค-สุรินทร์","รับซื้อ โน๊ตบุ๊ค ในสุรินทร์","added_sidebar_link_only","Batch 11 selective hub-spoke strengthening","ADDED"
"/รับซื้อ/รับซื้อ-nintendo-switch-สุรินทร์","","(no link)","รับซื้อ MacBook ในสุรินทร์","/รับซื้อ/รับซื้อ-macbook-สุรินทร์","รับซื้อ MacBook ในสุรินทร์","added_sidebar_link_only","Batch 11 selective hub-spoke strengthening","ADDED"
"/รับซื้อ/รับซื้อ-nintendo-switch-สุรินทร์","","(no link)","รับซื้อ คอมพิวเตอร์ ในสุรินทร์","/รับซื้อ/รับซื้อคอมพิวเตอร์-สุรินทร์","รับซื้อ คอมพิวเตอร์ ในสุรินทร์","added_sidebar_link_only","Batch 11 selective hub-spoke strengthening","ADDED"
"/รับซื้อ/รับซื้อ-nintendo-switch-สุรินทร์","","(no link)","รับซื้อ iPhone ในสุรินทร์","/รับซื้อ/รับซื้อ-iphone-สุรินทร์","รับซื้อ iPhone ในสุรินทร์","added_sidebar_link_only","Batch 11 selective hub-spoke strengthening","ADDED"
"/รับซื้อ/รับซื้อ-nintendo-switch-หนองคาย","","(no link)","รับซื้อ โน๊ตบุ๊ค ในหนองคาย","/รับซื้อ/รับซื้อโน๊ตบุ๊ค-หนองคาย","รับซื้อ โน๊ตบุ๊ค ในหนองคาย","added_sidebar_link_only","Batch 11 selective hub-spoke strengthening","ADDED"
"/รับซื้อ/รับซื้อ-nintendo-switch-หนองคาย","","(no link)","รับซื้อ MacBook ในหนองคาย","/รับซื้อ/รับซื้อ-macbook-หนองคาย","รับซื้อ MacBook ในหนองคาย","added_sidebar_link_only","Batch 11 selective hub-spoke strengthening","ADDED"
"/รับซื้อ/รับซื้อ-nintendo-switch-หนองคาย","","(no link)","รับซื้อ คอมพิวเตอร์ ในหนองคาย","/รับซื้อ/รับซื้อคอมพิวเตอร์-หนองคาย","รับซื้อ คอมพิวเตอร์ ในหนองคาย","added_sidebar_link_only","Batch 11 selective hub-spoke strengthening","ADDED"
"/รับซื้อ/รับซื้อ-nintendo-switch-หนองคาย","","(no link)","รับซื้อ iPhone ในหนองคาย","/รับซื้อ/รับซื้อ-iphone-หนองคาย","รับซื้อ iPhone ในหนองคาย","added_sidebar_link_only","Batch 11 selective hub-spoke strengthening","ADDED"
"/รับซื้อ/รับซื้อ-nintendo-switch-หนองบัวลำภู","","(no link)","รับซื้อ โน๊ตบุ๊ค ในหนองบัวลำภู","/รับซื้อ/รับซื้อโน๊ตบุ๊ค-หนองบัวลำภู","รับซื้อ โน๊ตบุ๊ค ในหนองบัวลำภู","added_sidebar_link_only","Batch 11 selective hub-spoke strengthening","ADDED"
"/รับซื้อ/รับซื้อ-nintendo-switch-หนองบัวลำภู","","(no link)","รับซื้อ MacBook ในหนองบัวลำภู","/รับซื้อ/รับซื้อ-macbook-หนองบัวลำภู","รับซื้อ MacBook ในหนองบัวลำภู","added_sidebar_link_only","Batch 11 selective hub-spoke strengthening","ADDED"
"/รับซื้อ/รับซื้อ-nintendo-switch-หนองบัวลำภู","","(no link)","รับซื้อ คอมพิวเตอร์ ในหนองบัวลำภู","/รับซื้อ/รับซื้อคอมพิวเตอร์-หนองบัวลำภู","รับซื้อ คอมพิวเตอร์ ในหนองบัวลำภู","added_sidebar_link_only","Batch 11 selective hub-spoke strengthening","ADDED"
"/รับซื้อ/รับซื้อ-nintendo-switch-หนองบัวลำภู","","(no link)","รับซื้อ iPhone ในหนองบัวลำภู","/รับซื้อ/รับซื้อ-iphone-หนองบัวลำภู","รับซื้อ iPhone ในหนองบัวลำภู","added_sidebar_link_only","Batch 11 selective hub-spoke strengthening","ADDED"
"/รับซื้อ/รับซื้อ-nintendo-switch-อำนาจเจริญ","","(no link)","รับซื้อ โน๊ตบุ๊ค ในอำนาจเจริญ","/รับซื้อ/รับซื้อโน๊ตบุ๊ค-อำนาจเจริญ","รับซื้อ โน๊ตบุ๊ค ในอำนาจเจริญ","added_sidebar_link_only","Batch 11 selective hub-spoke strengthening","ADDED"
"/รับซื้อ/รับซื้อ-nintendo-switch-อำนาจเจริญ","","(no link)","รับซื้อ MacBook ในอำนาจเจริญ","/รับซื้อ/รับซื้อ-macbook-อำนาจเจริญ","รับซื้อ MacBook ในอำนาจเจริญ","added_sidebar_link_only","Batch 11 selective hub-spoke strengthening","ADDED"
"/รับซื้อ/รับซื้อ-nintendo-switch-อำนาจเจริญ","","(no link)","รับซื้อ คอมพิวเตอร์ ในอำนาจเจริญ","/รับซื้อ/รับซื้อคอมพิวเตอร์-อำนาจเจริญ","รับซื้อ คอมพิวเตอร์ ในอำนาจเจริญ","added_sidebar_link_only","Batch 11 selective hub-spoke strengthening","ADDED"
"/รับซื้อ/รับซื้อ-nintendo-switch-อำนาจเจริญ","","(no link)","รับซื้อ iPhone ในอำนาจเจริญ","/รับซื้อ/รับซื้อ-iphone-อำนาจเจริญ","รับซื้อ iPhone ในอำนาจเจริญ","added_sidebar_link_only","Batch 11 selective hub-spoke strengthening","ADDED"
"/รับซื้อ/รับซื้อ-nintendo-switch-อุดรธานี","","(no link)","รับซื้อ โน๊ตบุ๊ค ในอุดรธานี","/รับซื้อ/รับซื้อโน๊ตบุ๊ค-อุดรธานี","รับซื้อ โน๊ตบุ๊ค ในอุดรธานี","added_sidebar_link_only","Batch 11 selective hub-spoke strengthening","ADDED"
"/รับซื้อ/รับซื้อ-nintendo-switch-อุดรธานี","","(no link)","รับซื้อ MacBook ในอุดรธานี","/รับซื้อ/รับซื้อ-macbook-อุดรธานี","รับซื้อ MacBook ในอุดรธานี","added_sidebar_link_only","Batch 11 selective hub-spoke strengthening","ADDED"
"/รับซื้อ/รับซื้อ-nintendo-switch-อุดรธานี","","(no link)","รับซื้อ คอมพิวเตอร์ ในอุดรธานี","/รับซื้อ/รับซื้อคอมพิวเตอร์-อุดรธานี","รับซื้อ คอมพิวเตอร์ ในอุดรธานี","added_sidebar_link_only","Batch 11 selective hub-spoke strengthening","ADDED"
"/รับซื้อ/รับซื้อ-nintendo-switch-อุดรธานี","","(no link)","รับซื้อ iPhone ในอุดรธานี","/รับซื้อ/รับซื้อ-iphone-อุดรธานี","รับซื้อ iPhone ในอุดรธานี","added_sidebar_link_only","Batch 11 selective hub-spoke strengthening","ADDED"
"/รับซื้อ/รับซื้อ-nintendo-switch-อุบลราชธานี","","(no link)","รับซื้อโน๊ตบุ๊ค ในอุบลราชธานี","/รับซื้อ/รับซื้อโน๊ตบุ๊ค-อุบลราชธานี","รับซื้อโน๊ตบุ๊ค ในอุบลราชธานี","added_sidebar_link_only","Batch 11 selective hub-spoke strengthening","ADDED"
"/รับซื้อ/รับซื้อ-nintendo-switch-อุบลราชธานี","","(no link)","รับซื้อ MacBook ในอุบลราชธานี","/รับซื้อ/รับซื้อ-macbook-อุบลราชธานี","รับซื้อ MacBook ในอุบลราชธานี","added_sidebar_link_only","Batch 11 selective hub-spoke strengthening","ADDED"
"/รับซื้อ/รับซื้อ-nintendo-switch-อุบลราชธานี","","(no link)","รับซื้อคอมพิวเตอร์ ในอุบลราชธานี","/รับซื้อ/รับซื้อคอมพิวเตอร์-อุบลราชธานี","รับซื้อคอมพิวเตอร์ ในอุบลราชธานี","added_sidebar_link_only","Batch 11 selective hub-spoke strengthening","ADDED"
"/รับซื้อ/รับซื้อ-nintendo-switch-อุบลราชธานี","","(no link)","รับซื้อ iPhone ในอุบลราชธานี","/รับซื้อ/รับซื้อ-iphone-อุบลราชธานี","รับซื้อ iPhone ในอุบลราชธานี","added_sidebar_link_only","Batch 11 selective hub-spoke strengthening","ADDED"
"/รับซื้อ/รับซื้อ-nintendo-switch-เลย","","(no link)","รับซื้อ โน๊ตบุ๊ค ในเลย","/รับซื้อ/รับซื้อโน๊ตบุ๊ค-เลย","รับซื้อ โน๊ตบุ๊ค ในเลย","added_sidebar_link_only","Batch 11 selective hub-spoke strengthening","ADDED"
"/รับซื้อ/รับซื้อ-nintendo-switch-เลย","","(no link)","รับซื้อ MacBook ในเลย","/รับซื้อ/รับซื้อ-macbook-เลย","รับซื้อ MacBook ในเลย","added_sidebar_link_only","Batch 11 selective hub-spoke strengthening","ADDED"
"/รับซื้อ/รับซื้อ-nintendo-switch-เลย","","(no link)","รับซื้อ คอมพิวเตอร์ ในเลย","/รับซื้อ/รับซื้อคอมพิวเตอร์-เลย","รับซื้อ คอมพิวเตอร์ ในเลย","added_sidebar_link_only","Batch 11 selective hub-spoke strengthening","ADDED"
"/รับซื้อ/รับซื้อ-nintendo-switch-เลย","","(no link)","รับซื้อ iPhone ในเลย","/รับซื้อ/รับซื้อ-iphone-เลย","รับซื้อ iPhone ในเลย","added_sidebar_link_only","Batch 11 selective hub-spoke strengthening","ADDED"
"/รับซื้อ/รับซื้อ-playstation-กาฬสินธุ์","","(no link)","รับซื้อ โน๊ตบุ๊ค ในกาฬสินธุ์","/รับซื้อ/รับซื้อโน๊ตบุ๊ค-กาฬสินธุ์","รับซื้อ โน๊ตบุ๊ค ในกาฬสินธุ์","added_sidebar_link_only","Batch 11 selective hub-spoke strengthening","ADDED"
"/รับซื้อ/รับซื้อ-playstation-กาฬสินธุ์","","(no link)","รับซื้อ MacBook ในกาฬสินธุ์","/รับซื้อ/รับซื้อ-macbook-กาฬสินธุ์","รับซื้อ MacBook ในกาฬสินธุ์","added_sidebar_link_only","Batch 11 selective hub-spoke strengthening","ADDED"
"/รับซื้อ/รับซื้อ-playstation-กาฬสินธุ์","","(no link)","รับซื้อ คอมพิวเตอร์ ในกาฬสินธุ์","/รับซื้อ/รับซื้อคอมพิวเตอร์-กาฬสินธุ์","รับซื้อ คอมพิวเตอร์ ในกาฬสินธุ์","added_sidebar_link_only","Batch 11 selective hub-spoke strengthening","ADDED"
"/รับซื้อ/รับซื้อ-playstation-กาฬสินธุ์","","(no link)","รับซื้อ iPhone ในกาฬสินธุ์","/รับซื้อ/รับซื้อ-iphone-กาฬสินธุ์","รับซื้อ iPhone ในกาฬสินธุ์","added_sidebar_link_only","Batch 11 selective hub-spoke strengthening","ADDED"
"/รับซื้อ/รับซื้อ-playstation-ขอนแก่น","","(no link)","รับซื้อ โน๊ตบุ๊ค ในขอนแก่น","/รับซื้อ/รับซื้อโน๊ตบุ๊ค-ขอนแก่น","รับซื้อ โน๊ตบุ๊ค ในขอนแก่น","added_sidebar_link_only","Batch 11 selective hub-spoke strengthening","ADDED"
"/รับซื้อ/รับซื้อ-playstation-ขอนแก่น","","(no link)","รับซื้อ MacBook ในขอนแก่น","/รับซื้อ/รับซื้อ-macbook-ขอนแก่น","รับซื้อ MacBook ในขอนแก่น","added_sidebar_link_only","Batch 11 selective hub-spoke strengthening","ADDED"
"/รับซื้อ/รับซื้อ-playstation-ขอนแก่น","","(no link)","รับซื้อ คอมพิวเตอร์ ในขอนแก่น","/รับซื้อ/รับซื้อคอมพิวเตอร์-ขอนแก่น","รับซื้อ คอมพิวเตอร์ ในขอนแก่น","added_sidebar_link_only","Batch 11 selective hub-spoke strengthening","ADDED"
"/รับซื้อ/รับซื้อ-playstation-ขอนแก่น","","(no link)","รับซื้อ iPhone ในขอนแก่น","/รับซื้อ/รับซื้อ-iphone-ขอนแก่น","รับซื้อ iPhone ในขอนแก่น","added_sidebar_link_only","Batch 11 selective hub-spoke strengthening","ADDED"
"/รับซื้อ/รับซื้อ-playstation-ชัยภูมิ","","(no link)","รับซื้อ โน๊ตบุ๊ค ในชัยภูมิ","/รับซื้อ/รับซื้อโน๊ตบุ๊ค-ชัยภูมิ","รับซื้อ โน๊ตบุ๊ค ในชัยภูมิ","added_sidebar_link_only","Batch 11 selective hub-spoke strengthening","ADDED"
"/รับซื้อ/รับซื้อ-playstation-ชัยภูมิ","","(no link)","รับซื้อ MacBook ในชัยภูมิ","/รับซื้อ/รับซื้อ-macbook-ชัยภูมิ","รับซื้อ MacBook ในชัยภูมิ","added_sidebar_link_only","Batch 11 selective hub-spoke strengthening","ADDED"
"/รับซื้อ/รับซื้อ-playstation-ชัยภูมิ","","(no link)","รับซื้อ คอมพิวเตอร์ ในชัยภูมิ","/รับซื้อ/รับซื้อคอมพิวเตอร์-ชัยภูมิ","รับซื้อ คอมพิวเตอร์ ในชัยภูมิ","added_sidebar_link_only","Batch 11 selective hub-spoke strengthening","ADDED"
"/รับซื้อ/รับซื้อ-playstation-ชัยภูมิ","","(no link)","รับซื้อ iPhone ในชัยภูมิ","/รับซื้อ/รับซื้อ-iphone-ชัยภูมิ","รับซื้อ iPhone ในชัยภูมิ","added_sidebar_link_only","Batch 11 selective hub-spoke strengthening","ADDED"
"/รับซื้อ/รับซื้อ-playstation-นครพนม","","(no link)","รับซื้อ โน๊ตบุ๊ค ในนครพนม","/รับซื้อ/รับซื้อโน๊ตบุ๊ค-นครพนม","รับซื้อ โน๊ตบุ๊ค ในนครพนม","added_sidebar_link_only","Batch 11 selective hub-spoke strengthening","ADDED"
"/รับซื้อ/รับซื้อ-playstation-นครพนม","","(no link)","รับซื้อ MacBook ในนครพนม","/รับซื้อ/รับซื้อ-macbook-นครพนม","รับซื้อ MacBook ในนครพนม","added_sidebar_link_only","Batch 11 selective hub-spoke strengthening","ADDED"
"/รับซื้อ/รับซื้อ-playstation-นครพนม","","(no link)","รับซื้อ คอมพิวเตอร์ ในนครพนม","/รับซื้อ/รับซื้อคอมพิวเตอร์-นครพนม","รับซื้อ คอมพิวเตอร์ ในนครพนม","added_sidebar_link_only","Batch 11 selective hub-spoke strengthening","ADDED"
"/รับซื้อ/รับซื้อ-playstation-นครพนม","","(no link)","รับซื้อ iPhone ในนครพนม","/รับซื้อ/รับซื้อ-iphone-นครพนม","รับซื้อ iPhone ในนครพนม","added_sidebar_link_only","Batch 11 selective hub-spoke strengthening","ADDED"
"/รับซื้อ/รับซื้อ-playstation-นครราชสีมา","","(no link)","รับซื้อ โน๊ตบุ๊ค ในนครราชสีมา","/รับซื้อ/รับซื้อโน๊ตบุ๊ค-นครราชสีมา","รับซื้อ โน๊ตบุ๊ค ในนครราชสีมา","added_sidebar_link_only","Batch 11 selective hub-spoke strengthening","ADDED"
"/รับซื้อ/รับซื้อ-playstation-นครราชสีมา","","(no link)","รับซื้อ MacBook ในนครราชสีมา","/รับซื้อ/รับซื้อ-macbook-นครราชสีมา","รับซื้อ MacBook ในนครราชสีมา","added_sidebar_link_only","Batch 11 selective hub-spoke strengthening","ADDED"
"/รับซื้อ/รับซื้อ-playstation-นครราชสีมา","","(no link)","รับซื้อ คอมพิวเตอร์ ในนครราชสีมา","/รับซื้อ/รับซื้อคอมพิวเตอร์-นครราชสีมา","รับซื้อ คอมพิวเตอร์ ในนครราชสีมา","added_sidebar_link_only","Batch 11 selective hub-spoke strengthening","ADDED"
"/รับซื้อ/รับซื้อ-playstation-นครราชสีมา","","(no link)","รับซื้อ iPhone ในนครราชสีมา","/รับซื้อ/รับซื้อ-iphone-นครราชสีมา","รับซื้อ iPhone ในนครราชสีมา","added_sidebar_link_only","Batch 11 selective hub-spoke strengthening","ADDED"
"/รับซื้อ/รับซื้อ-playstation-บึงกาฬ","","(no link)","รับซื้อ โน๊ตบุ๊ค ในบึงกาฬ","/รับซื้อ/รับซื้อโน๊ตบุ๊ค-บึงกาฬ","รับซื้อ โน๊ตบุ๊ค ในบึงกาฬ","added_sidebar_link_only","Batch 11 selective hub-spoke strengthening","ADDED"
"/รับซื้อ/รับซื้อ-playstation-บึงกาฬ","","(no link)","รับซื้อ MacBook ในบึงกาฬ","/รับซื้อ/รับซื้อ-macbook-บึงกาฬ","รับซื้อ MacBook ในบึงกาฬ","added_sidebar_link_only","Batch 11 selective hub-spoke strengthening","ADDED"
"/รับซื้อ/รับซื้อ-playstation-บึงกาฬ","","(no link)","รับซื้อ คอมพิวเตอร์ ในบึงกาฬ","/รับซื้อ/รับซื้อคอมพิวเตอร์-บึงกาฬ","รับซื้อ คอมพิวเตอร์ ในบึงกาฬ","added_sidebar_link_only","Batch 11 selective hub-spoke strengthening","ADDED"
"/รับซื้อ/รับซื้อ-playstation-บึงกาฬ","","(no link)","รับซื้อ iPhone ในบึงกาฬ","/รับซื้อ/รับซื้อ-iphone-บึงกาฬ","รับซื้อ iPhone ในบึงกาฬ","added_sidebar_link_only","Batch 11 selective hub-spoke strengthening","ADDED"
"/รับซื้อ/รับซื้อ-playstation-บุรีรัมย์","","(no link)","รับซื้อ โน๊ตบุ๊ค ในบุรีรัมย์","/รับซื้อ/รับซื้อโน๊ตบุ๊ค-บุรีรัมย์","รับซื้อ โน๊ตบุ๊ค ในบุรีรัมย์","added_sidebar_link_only","Batch 11 selective hub-spoke strengthening","ADDED"
"/รับซื้อ/รับซื้อ-playstation-บุรีรัมย์","","(no link)","รับซื้อ MacBook ในบุรีรัมย์","/รับซื้อ/รับซื้อ-macbook-บุรีรัมย์","รับซื้อ MacBook ในบุรีรัมย์","added_sidebar_link_only","Batch 11 selective hub-spoke strengthening","ADDED"
"/รับซื้อ/รับซื้อ-playstation-บุรีรัมย์","","(no link)","รับซื้อ คอมพิวเตอร์ ในบุรีรัมย์","/รับซื้อ/รับซื้อคอมพิวเตอร์-บุรีรัมย์","รับซื้อ คอมพิวเตอร์ ในบุรีรัมย์","added_sidebar_link_only","Batch 11 selective hub-spoke strengthening","ADDED"
"/รับซื้อ/รับซื้อ-playstation-บุรีรัมย์","","(no link)","รับซื้อ iPhone ในบุรีรัมย์","/รับซื้อ/รับซื้อ-iphone-บุรีรัมย์","รับซื้อ iPhone ในบุรีรัมย์","added_sidebar_link_only","Batch 11 selective hub-spoke strengthening","ADDED"
"/รับซื้อ/รับซื้อ-playstation-มหาสารคาม","","(no link)","รับซื้อ โน๊ตบุ๊ค ในมหาสารคาม","/รับซื้อ/รับซื้อโน๊ตบุ๊ค-มหาสารคาม","รับซื้อ โน๊ตบุ๊ค ในมหาสารคาม","added_sidebar_link_only","Batch 11 selective hub-spoke strengthening","ADDED"
"/รับซื้อ/รับซื้อ-playstation-มหาสารคาม","","(no link)","รับซื้อ MacBook ในมหาสารคาม","/รับซื้อ/รับซื้อ-macbook-มหาสารคาม","รับซื้อ MacBook ในมหาสารคาม","added_sidebar_link_only","Batch 11 selective hub-spoke strengthening","ADDED"
"/รับซื้อ/รับซื้อ-playstation-มหาสารคาม","","(no link)","รับซื้อ คอมพิวเตอร์ ในมหาสารคาม","/รับซื้อ/รับซื้อคอมพิวเตอร์-มหาสารคาม","รับซื้อ คอมพิวเตอร์ ในมหาสารคาม","added_sidebar_link_only","Batch 11 selective hub-spoke strengthening","ADDED"
"/รับซื้อ/รับซื้อ-playstation-มหาสารคาม","","(no link)","รับซื้อ iPhone ในมหาสารคาม","/รับซื้อ/รับซื้อ-iphone-มหาสารคาม","รับซื้อ iPhone ในมหาสารคาม","added_sidebar_link_only","Batch 11 selective hub-spoke strengthening","ADDED"
"/รับซื้อ/รับซื้อ-playstation-มุกดาหาร","","(no link)","รับซื้อ โน๊ตบุ๊ค ในมุกดาหาร","/รับซื้อ/รับซื้อโน๊ตบุ๊ค-มุกดาหาร","รับซื้อ โน๊ตบุ๊ค ในมุกดาหาร","added_sidebar_link_only","Batch 11 selective hub-spoke strengthening","ADDED"
"/รับซื้อ/รับซื้อ-playstation-มุกดาหาร","","(no link)","รับซื้อ MacBook ในมุกดาหาร","/รับซื้อ/รับซื้อ-macbook-มุกดาหาร","รับซื้อ MacBook ในมุกดาหาร","added_sidebar_link_only","Batch 11 selective hub-spoke strengthening","ADDED"
"/รับซื้อ/รับซื้อ-playstation-มุกดาหาร","","(no link)","รับซื้อ คอมพิวเตอร์ ในมุกดาหาร","/รับซื้อ/รับซื้อคอมพิวเตอร์-มุกดาหาร","รับซื้อ คอมพิวเตอร์ ในมุกดาหาร","added_sidebar_link_only","Batch 11 selective hub-spoke strengthening","ADDED"
"/รับซื้อ/รับซื้อ-playstation-มุกดาหาร","","(no link)","รับซื้อ iPhone ในมุกดาหาร","/รับซื้อ/รับซื้อ-iphone-มุกดาหาร","รับซื้อ iPhone ในมุกดาหาร","added_sidebar_link_only","Batch 11 selective hub-spoke strengthening","ADDED"
"/รับซื้อ/รับซื้อ-playstation-ยโสธร","","(no link)","รับซื้อ โน๊ตบุ๊ค ในยโสธร","/รับซื้อ/รับซื้อโน๊ตบุ๊ค-ยโสธร","รับซื้อ โน๊ตบุ๊ค ในยโสธร","added_sidebar_link_only","Batch 11 selective hub-spoke strengthening","ADDED"
"/รับซื้อ/รับซื้อ-playstation-ยโสธร","","(no link)","รับซื้อ MacBook ในยโสธร","/รับซื้อ/รับซื้อ-macbook-ยโสธร","รับซื้อ MacBook ในยโสธร","added_sidebar_link_only","Batch 11 selective hub-spoke strengthening","ADDED"
"/รับซื้อ/รับซื้อ-playstation-ยโสธร","","(no link)","รับซื้อ คอมพิวเตอร์ ในยโสธร","/รับซื้อ/รับซื้อคอมพิวเตอร์-ยโสธร","รับซื้อ คอมพิวเตอร์ ในยโสธร","added_sidebar_link_only","Batch 11 selective hub-spoke strengthening","ADDED"
"/รับซื้อ/รับซื้อ-playstation-ยโสธร","","(no link)","รับซื้อ iPhone ในยโสธร","/รับซื้อ/รับซื้อ-iphone-ยโสธร","รับซื้อ iPhone ในยโสธร","added_sidebar_link_only","Batch 11 selective hub-spoke strengthening","ADDED"
"/รับซื้อ/รับซื้อ-playstation-ร้อยเอ็ด","","(no link)","รับซื้อ โน๊ตบุ๊ค ในร้อยเอ็ด","/รับซื้อ/รับซื้อโน๊ตบุ๊ค-ร้อยเอ็ด","รับซื้อ โน๊ตบุ๊ค ในร้อยเอ็ด","added_sidebar_link_only","Batch 11 selective hub-spoke strengthening","ADDED"
"/รับซื้อ/รับซื้อ-playstation-ร้อยเอ็ด","","(no link)","รับซื้อ MacBook ในร้อยเอ็ด","/รับซื้อ/รับซื้อ-macbook-ร้อยเอ็ด","รับซื้อ MacBook ในร้อยเอ็ด","added_sidebar_link_only","Batch 11 selective hub-spoke strengthening","ADDED"
"/รับซื้อ/รับซื้อ-playstation-ร้อยเอ็ด","","(no link)","รับซื้อ คอมพิวเตอร์ ในร้อยเอ็ด","/รับซื้อ/รับซื้อคอมพิวเตอร์-ร้อยเอ็ด","รับซื้อ คอมพิวเตอร์ ในร้อยเอ็ด","added_sidebar_link_only","Batch 11 selective hub-spoke strengthening","ADDED"
"/รับซื้อ/รับซื้อ-playstation-ร้อยเอ็ด","","(no link)","รับซื้อ iPhone ในร้อยเอ็ด","/รับซื้อ/รับซื้อ-iphone-ร้อยเอ็ด","รับซื้อ iPhone ในร้อยเอ็ด","added_sidebar_link_only","Batch 11 selective hub-spoke strengthening","ADDED"
"/รับซื้อ/รับซื้อ-playstation-ศรีสะเกษ","","(no link)","รับซื้อ โน๊ตบุ๊ค ในศรีสะเกษ","/รับซื้อ/รับซื้อโน๊ตบุ๊ค-ศรีสะเกษ","รับซื้อ โน๊ตบุ๊ค ในศรีสะเกษ","added_sidebar_link_only","Batch 11 selective hub-spoke strengthening","ADDED"
"/รับซื้อ/รับซื้อ-playstation-ศรีสะเกษ","","(no link)","รับซื้อ MacBook ในศรีสะเกษ","/รับซื้อ/รับซื้อ-macbook-ศรีสะเกษ","รับซื้อ MacBook ในศรีสะเกษ","added_sidebar_link_only","Batch 11 selective hub-spoke strengthening","ADDED"
"/รับซื้อ/รับซื้อ-playstation-ศรีสะเกษ","","(no link)","รับซื้อ คอมพิวเตอร์ ในศรีสะเกษ","/รับซื้อ/รับซื้อคอมพิวเตอร์-ศรีสะเกษ","รับซื้อ คอมพิวเตอร์ ในศรีสะเกษ","added_sidebar_link_only","Batch 11 selective hub-spoke strengthening","ADDED"
"/รับซื้อ/รับซื้อ-playstation-ศรีสะเกษ","","(no link)","รับซื้อ iPhone ในศรีสะเกษ","/รับซื้อ/รับซื้อ-iphone-ศรีสะเกษ","รับซื้อ iPhone ในศรีสะเกษ","added_sidebar_link_only","Batch 11 selective hub-spoke strengthening","ADDED"
"/รับซื้อ/รับซื้อ-playstation-สกลนคร","","(no link)","รับซื้อ โน๊ตบุ๊ค ในสกลนคร","/รับซื้อ/รับซื้อโน๊ตบุ๊ค-สกลนคร","รับซื้อ โน๊ตบุ๊ค ในสกลนคร","added_sidebar_link_only","Batch 11 selective hub-spoke strengthening","ADDED"
"/รับซื้อ/รับซื้อ-playstation-สกลนคร","","(no link)","รับซื้อ MacBook ในสกลนคร","/รับซื้อ/รับซื้อ-macbook-สกลนคร","รับซื้อ MacBook ในสกลนคร","added_sidebar_link_only","Batch 11 selective hub-spoke strengthening","ADDED"
"/รับซื้อ/รับซื้อ-playstation-สกลนคร","","(no link)","รับซื้อ คอมพิวเตอร์ ในสกลนคร","/รับซื้อ/รับซื้อคอมพิวเตอร์-สกลนคร","รับซื้อ คอมพิวเตอร์ ในสกลนคร","added_sidebar_link_only","Batch 11 selective hub-spoke strengthening","ADDED"
"/รับซื้อ/รับซื้อ-playstation-สกลนคร","","(no link)","รับซื้อ iPhone ในสกลนคร","/รับซื้อ/รับซื้อ-iphone-สกลนคร","รับซื้อ iPhone ในสกลนคร","added_sidebar_link_only","Batch 11 selective hub-spoke strengthening","ADDED"
"/รับซื้อ/รับซื้อ-playstation-สุรินทร์","","(no link)","รับซื้อ โน๊ตบุ๊ค ในสุรินทร์","/รับซื้อ/รับซื้อโน๊ตบุ๊ค-สุรินทร์","รับซื้อ โน๊ตบุ๊ค ในสุรินทร์","added_sidebar_link_only","Batch 11 selective hub-spoke strengthening","ADDED"
"/รับซื้อ/รับซื้อ-playstation-สุรินทร์","","(no link)","รับซื้อ MacBook ในสุรินทร์","/รับซื้อ/รับซื้อ-macbook-สุรินทร์","รับซื้อ MacBook ในสุรินทร์","added_sidebar_link_only","Batch 11 selective hub-spoke strengthening","ADDED"
"/รับซื้อ/รับซื้อ-playstation-สุรินทร์","","(no link)","รับซื้อ คอมพิวเตอร์ ในสุรินทร์","/รับซื้อ/รับซื้อคอมพิวเตอร์-สุรินทร์","รับซื้อ คอมพิวเตอร์ ในสุรินทร์","added_sidebar_link_only","Batch 11 selective hub-spoke strengthening","ADDED"
"/รับซื้อ/รับซื้อ-playstation-สุรินทร์","","(no link)","รับซื้อ iPhone ในสุรินทร์","/รับซื้อ/รับซื้อ-iphone-สุรินทร์","รับซื้อ iPhone ในสุรินทร์","added_sidebar_link_only","Batch 11 selective hub-spoke strengthening","ADDED"
"/รับซื้อ/รับซื้อ-playstation-หนองคาย","","(no link)","รับซื้อ โน๊ตบุ๊ค ในหนองคาย","/รับซื้อ/รับซื้อโน๊ตบุ๊ค-หนองคาย","รับซื้อ โน๊ตบุ๊ค ในหนองคาย","added_sidebar_link_only","Batch 11 selective hub-spoke strengthening","ADDED"
"/รับซื้อ/รับซื้อ-playstation-หนองคาย","","(no link)","รับซื้อ MacBook ในหนองคาย","/รับซื้อ/รับซื้อ-macbook-หนองคาย","รับซื้อ MacBook ในหนองคาย","added_sidebar_link_only","Batch 11 selective hub-spoke strengthening","ADDED"
"/รับซื้อ/รับซื้อ-playstation-หนองคาย","","(no link)","รับซื้อ คอมพิวเตอร์ ในหนองคาย","/รับซื้อ/รับซื้อคอมพิวเตอร์-หนองคาย","รับซื้อ คอมพิวเตอร์ ในหนองคาย","added_sidebar_link_only","Batch 11 selective hub-spoke strengthening","ADDED"
"/รับซื้อ/รับซื้อ-playstation-หนองคาย","","(no link)","รับซื้อ iPhone ในหนองคาย","/รับซื้อ/รับซื้อ-iphone-หนองคาย","รับซื้อ iPhone ในหนองคาย","added_sidebar_link_only","Batch 11 selective hub-spoke strengthening","ADDED"
"/รับซื้อ/รับซื้อ-playstation-หนองบัวลำภู","","(no link)","รับซื้อ โน๊ตบุ๊ค ในหนองบัวลำภู","/รับซื้อ/รับซื้อโน๊ตบุ๊ค-หนองบัวลำภู","รับซื้อ โน๊ตบุ๊ค ในหนองบัวลำภู","added_sidebar_link_only","Batch 11 selective hub-spoke strengthening","ADDED"
"/รับซื้อ/รับซื้อ-playstation-หนองบัวลำภู","","(no link)","รับซื้อ MacBook ในหนองบัวลำภู","/รับซื้อ/รับซื้อ-macbook-หนองบัวลำภู","รับซื้อ MacBook ในหนองบัวลำภู","added_sidebar_link_only","Batch 11 selective hub-spoke strengthening","ADDED"
"/รับซื้อ/รับซื้อ-playstation-หนองบัวลำภู","","(no link)","รับซื้อ คอมพิวเตอร์ ในหนองบัวลำภู","/รับซื้อ/รับซื้อคอมพิวเตอร์-หนองบัวลำภู","รับซื้อ คอมพิวเตอร์ ในหนองบัวลำภู","added_sidebar_link_only","Batch 11 selective hub-spoke strengthening","ADDED"
"/รับซื้อ/รับซื้อ-playstation-หนองบัวลำภู","","(no link)","รับซื้อ iPhone ในหนองบัวลำภู","/รับซื้อ/รับซื้อ-iphone-หนองบัวลำภู","รับซื้อ iPhone ในหนองบัวลำภู","added_sidebar_link_only","Batch 11 selective hub-spoke strengthening","ADDED"
"/รับซื้อ/รับซื้อ-playstation-อำนาจเจริญ","","(no link)","รับซื้อ โน๊ตบุ๊ค ในอำนาจเจริญ","/รับซื้อ/รับซื้อโน๊ตบุ๊ค-อำนาจเจริญ","รับซื้อ โน๊ตบุ๊ค ในอำนาจเจริญ","added_sidebar_link_only","Batch 11 selective hub-spoke strengthening","ADDED"
"/รับซื้อ/รับซื้อ-playstation-อำนาจเจริญ","","(no link)","รับซื้อ MacBook ในอำนาจเจริญ","/รับซื้อ/รับซื้อ-macbook-อำนาจเจริญ","รับซื้อ MacBook ในอำนาจเจริญ","added_sidebar_link_only","Batch 11 selective hub-spoke strengthening","ADDED"
"/รับซื้อ/รับซื้อ-playstation-อำนาจเจริญ","","(no link)","รับซื้อ คอมพิวเตอร์ ในอำนาจเจริญ","/รับซื้อ/รับซื้อคอมพิวเตอร์-อำนาจเจริญ","รับซื้อ คอมพิวเตอร์ ในอำนาจเจริญ","added_sidebar_link_only","Batch 11 selective hub-spoke strengthening","ADDED"
"/รับซื้อ/รับซื้อ-playstation-อำนาจเจริญ","","(no link)","รับซื้อ iPhone ในอำนาจเจริญ","/รับซื้อ/รับซื้อ-iphone-อำนาจเจริญ","รับซื้อ iPhone ในอำนาจเจริญ","added_sidebar_link_only","Batch 11 selective hub-spoke strengthening","ADDED"
"/รับซื้อ/รับซื้อ-playstation-อุดรธานี","","(no link)","รับซื้อ โน๊ตบุ๊ค ในอุดรธานี","/รับซื้อ/รับซื้อโน๊ตบุ๊ค-อุดรธานี","รับซื้อ โน๊ตบุ๊ค ในอุดรธานี","added_sidebar_link_only","Batch 11 selective hub-spoke strengthening","ADDED"
"/รับซื้อ/รับซื้อ-playstation-อุดรธานี","","(no link)","รับซื้อ MacBook ในอุดรธานี","/รับซื้อ/รับซื้อ-macbook-อุดรธานี","รับซื้อ MacBook ในอุดรธานี","added_sidebar_link_only","Batch 11 selective hub-spoke strengthening","ADDED"
"/รับซื้อ/รับซื้อ-playstation-อุดรธานี","","(no link)","รับซื้อ คอมพิวเตอร์ ในอุดรธานี","/รับซื้อ/รับซื้อคอมพิวเตอร์-อุดรธานี","รับซื้อ คอมพิวเตอร์ ในอุดรธานี","added_sidebar_link_only","Batch 11 selective hub-spoke strengthening","ADDED"
"/รับซื้อ/รับซื้อ-playstation-อุดรธานี","","(no link)","รับซื้อ iPhone ในอุดรธานี","/รับซื้อ/รับซื้อ-iphone-อุดรธานี","รับซื้อ iPhone ในอุดรธานี","added_sidebar_link_only","Batch 11 selective hub-spoke strengthening","ADDED"
"/รับซื้อ/รับซื้อ-playstation-อุบลราชธานี","","(no link)","รับซื้อโน๊ตบุ๊ค ในอุบลราชธานี","/รับซื้อ/รับซื้อโน๊ตบุ๊ค-อุบลราชธานี","รับซื้อโน๊ตบุ๊ค ในอุบลราชธานี","added_sidebar_link_only","Batch 11 selective hub-spoke strengthening","ADDED"
"/รับซื้อ/รับซื้อ-playstation-อุบลราชธานี","","(no link)","รับซื้อ MacBook ในอุบลราชธานี","/รับซื้อ/รับซื้อ-macbook-อุบลราชธานี","รับซื้อ MacBook ในอุบลราชธานี","added_sidebar_link_only","Batch 11 selective hub-spoke strengthening","ADDED"
"/รับซื้อ/รับซื้อ-playstation-อุบลราชธานี","","(no link)","รับซื้อคอมพิวเตอร์ ในอุบลราชธานี","/รับซื้อ/รับซื้อคอมพิวเตอร์-อุบลราชธานี","รับซื้อคอมพิวเตอร์ ในอุบลราชธานี","added_sidebar_link_only","Batch 11 selective hub-spoke strengthening","ADDED"
"/รับซื้อ/รับซื้อ-playstation-อุบลราชธานี","","(no link)","รับซื้อ iPhone ในอุบลราชธานี","/รับซื้อ/รับซื้อ-iphone-อุบลราชธานี","รับซื้อ iPhone ในอุบลราชธานี","added_sidebar_link_only","Batch 11 selective hub-spoke strengthening","ADDED"
"/รับซื้อ/รับซื้อ-playstation-เลย","","(no link)","รับซื้อ โน๊ตบุ๊ค ในเลย","/รับซื้อ/รับซื้อโน๊ตบุ๊ค-เลย","รับซื้อ โน๊ตบุ๊ค ในเลย","added_sidebar_link_only","Batch 11 selective hub-spoke strengthening","ADDED"
"/รับซื้อ/รับซื้อ-playstation-เลย","","(no link)","รับซื้อ MacBook ในเลย","/รับซื้อ/รับซื้อ-macbook-เลย","รับซื้อ MacBook ในเลย","added_sidebar_link_only","Batch 11 selective hub-spoke strengthening","ADDED"
"/รับซื้อ/รับซื้อ-playstation-เลย","","(no link)","รับซื้อ คอมพิวเตอร์ ในเลย","/รับซื้อ/รับซื้อคอมพิวเตอร์-เลย","รับซื้อ คอมพิวเตอร์ ในเลย","added_sidebar_link_only","Batch 11 selective hub-spoke strengthening","ADDED"
"/รับซื้อ/รับซื้อ-playstation-เลย","","(no link)","รับซื้อ iPhone ในเลย","/รับซื้อ/รับซื้อ-iphone-เลย","รับซื้อ iPhone ในเลย","added_sidebar_link_only","Batch 11 selective hub-spoke strengthening","ADDED"
"/รับซื้อ/รับซื้อ-ssd-กาฬสินธุ์","","(no link)","รับซื้อ โน๊ตบุ๊ค ในกาฬสินธุ์","/รับซื้อ/รับซื้อโน๊ตบุ๊ค-กาฬสินธุ์","รับซื้อ โน๊ตบุ๊ค ในกาฬสินธุ์","added_sidebar_link_only","Batch 11 selective hub-spoke strengthening","ADDED"
"/รับซื้อ/รับซื้อ-ssd-กาฬสินธุ์","","(no link)","รับซื้อ MacBook ในกาฬสินธุ์","/รับซื้อ/รับซื้อ-macbook-กาฬสินธุ์","รับซื้อ MacBook ในกาฬสินธุ์","added_sidebar_link_only","Batch 11 selective hub-spoke strengthening","ADDED"
"/รับซื้อ/รับซื้อ-ssd-กาฬสินธุ์","","(no link)","รับซื้อ คอมพิวเตอร์ ในกาฬสินธุ์","/รับซื้อ/รับซื้อคอมพิวเตอร์-กาฬสินธุ์","รับซื้อ คอมพิวเตอร์ ในกาฬสินธุ์","added_sidebar_link_only","Batch 11 selective hub-spoke strengthening","ADDED"
"/รับซื้อ/รับซื้อ-ssd-กาฬสินธุ์","","(no link)","รับซื้อ iPhone ในกาฬสินธุ์","/รับซื้อ/รับซื้อ-iphone-กาฬสินธุ์","รับซื้อ iPhone ในกาฬสินธุ์","added_sidebar_link_only","Batch 11 selective hub-spoke strengthening","ADDED"
"/รับซื้อ/รับซื้อ-ssd-ขอนแก่น","","(no link)","รับซื้อ โน๊ตบุ๊ค ในขอนแก่น","/รับซื้อ/รับซื้อโน๊ตบุ๊ค-ขอนแก่น","รับซื้อ โน๊ตบุ๊ค ในขอนแก่น","added_sidebar_link_only","Batch 11 selective hub-spoke strengthening","ADDED"
"/รับซื้อ/รับซื้อ-ssd-ขอนแก่น","","(no link)","รับซื้อ MacBook ในขอนแก่น","/รับซื้อ/รับซื้อ-macbook-ขอนแก่น","รับซื้อ MacBook ในขอนแก่น","added_sidebar_link_only","Batch 11 selective hub-spoke strengthening","ADDED"
"/รับซื้อ/รับซื้อ-ssd-ขอนแก่น","","(no link)","รับซื้อ คอมพิวเตอร์ ในขอนแก่น","/รับซื้อ/รับซื้อคอมพิวเตอร์-ขอนแก่น","รับซื้อ คอมพิวเตอร์ ในขอนแก่น","added_sidebar_link_only","Batch 11 selective hub-spoke strengthening","ADDED"
"/รับซื้อ/รับซื้อ-ssd-ขอนแก่น","","(no link)","รับซื้อ iPhone ในขอนแก่น","/รับซื้อ/รับซื้อ-iphone-ขอนแก่น","รับซื้อ iPhone ในขอนแก่น","added_sidebar_link_only","Batch 11 selective hub-spoke strengthening","ADDED"
"/รับซื้อ/รับซื้อ-ssd-ชัยภูมิ","","(no link)","รับซื้อ โน๊ตบุ๊ค ในชัยภูมิ","/รับซื้อ/รับซื้อโน๊ตบุ๊ค-ชัยภูมิ","รับซื้อ โน๊ตบุ๊ค ในชัยภูมิ","added_sidebar_link_only","Batch 11 selective hub-spoke strengthening","ADDED"
"/รับซื้อ/รับซื้อ-ssd-ชัยภูมิ","","(no link)","รับซื้อ MacBook ในชัยภูมิ","/รับซื้อ/รับซื้อ-macbook-ชัยภูมิ","รับซื้อ MacBook ในชัยภูมิ","added_sidebar_link_only","Batch 11 selective hub-spoke strengthening","ADDED"
"/รับซื้อ/รับซื้อ-ssd-ชัยภูมิ","","(no link)","รับซื้อ คอมพิวเตอร์ ในชัยภูมิ","/รับซื้อ/รับซื้อคอมพิวเตอร์-ชัยภูมิ","รับซื้อ คอมพิวเตอร์ ในชัยภูมิ","added_sidebar_link_only","Batch 11 selective hub-spoke strengthening","ADDED"
"/รับซื้อ/รับซื้อ-ssd-ชัยภูมิ","","(no link)","รับซื้อ iPhone ในชัยภูมิ","/รับซื้อ/รับซื้อ-iphone-ชัยภูมิ","รับซื้อ iPhone ในชัยภูมิ","added_sidebar_link_only","Batch 11 selective hub-spoke strengthening","ADDED"
"/รับซื้อ/รับซื้อ-ssd-นครพนม","","(no link)","รับซื้อ โน๊ตบุ๊ค ในนครพนม","/รับซื้อ/รับซื้อโน๊ตบุ๊ค-นครพนม","รับซื้อ โน๊ตบุ๊ค ในนครพนม","added_sidebar_link_only","Batch 11 selective hub-spoke strengthening","ADDED"
"/รับซื้อ/รับซื้อ-ssd-นครพนม","","(no link)","รับซื้อ MacBook ในนครพนม","/รับซื้อ/รับซื้อ-macbook-นครพนม","รับซื้อ MacBook ในนครพนม","added_sidebar_link_only","Batch 11 selective hub-spoke strengthening","ADDED"
"/รับซื้อ/รับซื้อ-ssd-นครพนม","","(no link)","รับซื้อ คอมพิวเตอร์ ในนครพนม","/รับซื้อ/รับซื้อคอมพิวเตอร์-นครพนม","รับซื้อ คอมพิวเตอร์ ในนครพนม","added_sidebar_link_only","Batch 11 selective hub-spoke strengthening","ADDED"
"/รับซื้อ/รับซื้อ-ssd-นครพนม","","(no link)","รับซื้อ iPhone ในนครพนม","/รับซื้อ/รับซื้อ-iphone-นครพนม","รับซื้อ iPhone ในนครพนม","added_sidebar_link_only","Batch 11 selective hub-spoke strengthening","ADDED"
"/รับซื้อ/รับซื้อ-ssd-นครราชสีมา","","(no link)","รับซื้อ โน๊ตบุ๊ค ในนครราชสีมา","/รับซื้อ/รับซื้อโน๊ตบุ๊ค-นครราชสีมา","รับซื้อ โน๊ตบุ๊ค ในนครราชสีมา","added_sidebar_link_only","Batch 11 selective hub-spoke strengthening","ADDED"
"/รับซื้อ/รับซื้อ-ssd-นครราชสีมา","","(no link)","รับซื้อ MacBook ในนครราชสีมา","/รับซื้อ/รับซื้อ-macbook-นครราชสีมา","รับซื้อ MacBook ในนครราชสีมา","added_sidebar_link_only","Batch 11 selective hub-spoke strengthening","ADDED"
"/รับซื้อ/รับซื้อ-ssd-นครราชสีมา","","(no link)","รับซื้อ คอมพิวเตอร์ ในนครราชสีมา","/รับซื้อ/รับซื้อคอมพิวเตอร์-นครราชสีมา","รับซื้อ คอมพิวเตอร์ ในนครราชสีมา","added_sidebar_link_only","Batch 11 selective hub-spoke strengthening","ADDED"
"/รับซื้อ/รับซื้อ-ssd-นครราชสีมา","","(no link)","รับซื้อ iPhone ในนครราชสีมา","/รับซื้อ/รับซื้อ-iphone-นครราชสีมา","รับซื้อ iPhone ในนครราชสีมา","added_sidebar_link_only","Batch 11 selective hub-spoke strengthening","ADDED"
"/รับซื้อ/รับซื้อ-ssd-บึงกาฬ","","(no link)","รับซื้อ โน๊ตบุ๊ค ในบึงกาฬ","/รับซื้อ/รับซื้อโน๊ตบุ๊ค-บึงกาฬ","รับซื้อ โน๊ตบุ๊ค ในบึงกาฬ","added_sidebar_link_only","Batch 11 selective hub-spoke strengthening","ADDED"
"/รับซื้อ/รับซื้อ-ssd-บึงกาฬ","","(no link)","รับซื้อ MacBook ในบึงกาฬ","/รับซื้อ/รับซื้อ-macbook-บึงกาฬ","รับซื้อ MacBook ในบึงกาฬ","added_sidebar_link_only","Batch 11 selective hub-spoke strengthening","ADDED"
"/รับซื้อ/รับซื้อ-ssd-บึงกาฬ","","(no link)","รับซื้อ คอมพิวเตอร์ ในบึงกาฬ","/รับซื้อ/รับซื้อคอมพิวเตอร์-บึงกาฬ","รับซื้อ คอมพิวเตอร์ ในบึงกาฬ","added_sidebar_link_only","Batch 11 selective hub-spoke strengthening","ADDED"
"/รับซื้อ/รับซื้อ-ssd-บึงกาฬ","","(no link)","รับซื้อ iPhone ในบึงกาฬ","/รับซื้อ/รับซื้อ-iphone-บึงกาฬ","รับซื้อ iPhone ในบึงกาฬ","added_sidebar_link_only","Batch 11 selective hub-spoke strengthening","ADDED"
"/รับซื้อ/รับซื้อ-ssd-บุรีรัมย์","","(no link)","รับซื้อ โน๊ตบุ๊ค ในบุรีรัมย์","/รับซื้อ/รับซื้อโน๊ตบุ๊ค-บุรีรัมย์","รับซื้อ โน๊ตบุ๊ค ในบุรีรัมย์","added_sidebar_link_only","Batch 11 selective hub-spoke strengthening","ADDED"
"/รับซื้อ/รับซื้อ-ssd-บุรีรัมย์","","(no link)","รับซื้อ MacBook ในบุรีรัมย์","/รับซื้อ/รับซื้อ-macbook-บุรีรัมย์","รับซื้อ MacBook ในบุรีรัมย์","added_sidebar_link_only","Batch 11 selective hub-spoke strengthening","ADDED"
"/รับซื้อ/รับซื้อ-ssd-บุรีรัมย์","","(no link)","รับซื้อ คอมพิวเตอร์ ในบุรีรัมย์","/รับซื้อ/รับซื้อคอมพิวเตอร์-บุรีรัมย์","รับซื้อ คอมพิวเตอร์ ในบุรีรัมย์","added_sidebar_link_only","Batch 11 selective hub-spoke strengthening","ADDED"
"/รับซื้อ/รับซื้อ-ssd-บุรีรัมย์","","(no link)","รับซื้อ iPhone ในบุรีรัมย์","/รับซื้อ/รับซื้อ-iphone-บุรีรัมย์","รับซื้อ iPhone ในบุรีรัมย์","added_sidebar_link_only","Batch 11 selective hub-spoke strengthening","ADDED"
"/รับซื้อ/รับซื้อ-ssd-มหาสารคาม","","(no link)","รับซื้อ โน๊ตบุ๊ค ในมหาสารคาม","/รับซื้อ/รับซื้อโน๊ตบุ๊ค-มหาสารคาม","รับซื้อ โน๊ตบุ๊ค ในมหาสารคาม","added_sidebar_link_only","Batch 11 selective hub-spoke strengthening","ADDED"
"/รับซื้อ/รับซื้อ-ssd-มหาสารคาม","","(no link)","รับซื้อ MacBook ในมหาสารคาม","/รับซื้อ/รับซื้อ-macbook-มหาสารคาม","รับซื้อ MacBook ในมหาสารคาม","added_sidebar_link_only","Batch 11 selective hub-spoke strengthening","ADDED"
"/รับซื้อ/รับซื้อ-ssd-มหาสารคาม","","(no link)","รับซื้อ คอมพิวเตอร์ ในมหาสารคาม","/รับซื้อ/รับซื้อคอมพิวเตอร์-มหาสารคาม","รับซื้อ คอมพิวเตอร์ ในมหาสารคาม","added_sidebar_link_only","Batch 11 selective hub-spoke strengthening","ADDED"
"/รับซื้อ/รับซื้อ-ssd-มหาสารคาม","","(no link)","รับซื้อ iPhone ในมหาสารคาม","/รับซื้อ/รับซื้อ-iphone-มหาสารคาม","รับซื้อ iPhone ในมหาสารคาม","added_sidebar_link_only","Batch 11 selective hub-spoke strengthening","ADDED"
"/รับซื้อ/รับซื้อ-ssd-มุกดาหาร","","(no link)","รับซื้อ โน๊ตบุ๊ค ในมุกดาหาร","/รับซื้อ/รับซื้อโน๊ตบุ๊ค-มุกดาหาร","รับซื้อ โน๊ตบุ๊ค ในมุกดาหาร","added_sidebar_link_only","Batch 11 selective hub-spoke strengthening","ADDED"
"/รับซื้อ/รับซื้อ-ssd-มุกดาหาร","","(no link)","รับซื้อ MacBook ในมุกดาหาร","/รับซื้อ/รับซื้อ-macbook-มุกดาหาร","รับซื้อ MacBook ในมุกดาหาร","added_sidebar_link_only","Batch 11 selective hub-spoke strengthening","ADDED"
"/รับซื้อ/รับซื้อ-ssd-มุกดาหาร","","(no link)","รับซื้อ คอมพิวเตอร์ ในมุกดาหาร","/รับซื้อ/รับซื้อคอมพิวเตอร์-มุกดาหาร","รับซื้อ คอมพิวเตอร์ ในมุกดาหาร","added_sidebar_link_only","Batch 11 selective hub-spoke strengthening","ADDED"
"/รับซื้อ/รับซื้อ-ssd-มุกดาหาร","","(no link)","รับซื้อ iPhone ในมุกดาหาร","/รับซื้อ/รับซื้อ-iphone-มุกดาหาร","รับซื้อ iPhone ในมุกดาหาร","added_sidebar_link_only","Batch 11 selective hub-spoke strengthening","ADDED"
"/รับซื้อ/รับซื้อ-ssd-ยโสธร","","(no link)","รับซื้อ โน๊ตบุ๊ค ในยโสธร","/รับซื้อ/รับซื้อโน๊ตบุ๊ค-ยโสธร","รับซื้อ โน๊ตบุ๊ค ในยโสธร","added_sidebar_link_only","Batch 11 selective hub-spoke strengthening","ADDED"
"/รับซื้อ/รับซื้อ-ssd-ยโสธร","","(no link)","รับซื้อ MacBook ในยโสธร","/รับซื้อ/รับซื้อ-macbook-ยโสธร","รับซื้อ MacBook ในยโสธร","added_sidebar_link_only","Batch 11 selective hub-spoke strengthening","ADDED"
"/รับซื้อ/รับซื้อ-ssd-ยโสธร","","(no link)","รับซื้อ คอมพิวเตอร์ ในยโสธร","/รับซื้อ/รับซื้อคอมพิวเตอร์-ยโสธร","รับซื้อ คอมพิวเตอร์ ในยโสธร","added_sidebar_link_only","Batch 11 selective hub-spoke strengthening","ADDED"
"/รับซื้อ/รับซื้อ-ssd-ยโสธร","","(no link)","รับซื้อ iPhone ในยโสธร","/รับซื้อ/รับซื้อ-iphone-ยโสธร","รับซื้อ iPhone ในยโสธร","added_sidebar_link_only","Batch 11 selective hub-spoke strengthening","ADDED"
"/รับซื้อ/รับซื้อ-ssd-ร้อยเอ็ด","","(no link)","รับซื้อ โน๊ตบุ๊ค ในร้อยเอ็ด","/รับซื้อ/รับซื้อโน๊ตบุ๊ค-ร้อยเอ็ด","รับซื้อ โน๊ตบุ๊ค ในร้อยเอ็ด","added_sidebar_link_only","Batch 11 selective hub-spoke strengthening","ADDED"
"/รับซื้อ/รับซื้อ-ssd-ร้อยเอ็ด","","(no link)","รับซื้อ MacBook ในร้อยเอ็ด","/รับซื้อ/รับซื้อ-macbook-ร้อยเอ็ด","รับซื้อ MacBook ในร้อยเอ็ด","added_sidebar_link_only","Batch 11 selective hub-spoke strengthening","ADDED"
"/รับซื้อ/รับซื้อ-ssd-ร้อยเอ็ด","","(no link)","รับซื้อ คอมพิวเตอร์ ในร้อยเอ็ด","/รับซื้อ/รับซื้อคอมพิวเตอร์-ร้อยเอ็ด","รับซื้อ คอมพิวเตอร์ ในร้อยเอ็ด","added_sidebar_link_only","Batch 11 selective hub-spoke strengthening","ADDED"
"/รับซื้อ/รับซื้อ-ssd-ร้อยเอ็ด","","(no link)","รับซื้อ iPhone ในร้อยเอ็ด","/รับซื้อ/รับซื้อ-iphone-ร้อยเอ็ด","รับซื้อ iPhone ในร้อยเอ็ด","added_sidebar_link_only","Batch 11 selective hub-spoke strengthening","ADDED"
"/รับซื้อ/รับซื้อ-ssd-ศรีสะเกษ","","(no link)","รับซื้อ โน๊ตบุ๊ค ในศรีสะเกษ","/รับซื้อ/รับซื้อโน๊ตบุ๊ค-ศรีสะเกษ","รับซื้อ โน๊ตบุ๊ค ในศรีสะเกษ","added_sidebar_link_only","Batch 11 selective hub-spoke strengthening","ADDED"
"/รับซื้อ/รับซื้อ-ssd-ศรีสะเกษ","","(no link)","รับซื้อ MacBook ในศรีสะเกษ","/รับซื้อ/รับซื้อ-macbook-ศรีสะเกษ","รับซื้อ MacBook ในศรีสะเกษ","added_sidebar_link_only","Batch 11 selective hub-spoke strengthening","ADDED"
"/รับซื้อ/รับซื้อ-ssd-ศรีสะเกษ","","(no link)","รับซื้อ คอมพิวเตอร์ ในศรีสะเกษ","/รับซื้อ/รับซื้อคอมพิวเตอร์-ศรีสะเกษ","รับซื้อ คอมพิวเตอร์ ในศรีสะเกษ","added_sidebar_link_only","Batch 11 selective hub-spoke strengthening","ADDED"
"/รับซื้อ/รับซื้อ-ssd-ศรีสะเกษ","","(no link)","รับซื้อ iPhone ในศรีสะเกษ","/รับซื้อ/รับซื้อ-iphone-ศรีสะเกษ","รับซื้อ iPhone ในศรีสะเกษ","added_sidebar_link_only","Batch 11 selective hub-spoke strengthening","ADDED"
"/รับซื้อ/รับซื้อ-ssd-สกลนคร","","(no link)","รับซื้อ โน๊ตบุ๊ค ในสกลนคร","/รับซื้อ/รับซื้อโน๊ตบุ๊ค-สกลนคร","รับซื้อ โน๊ตบุ๊ค ในสกลนคร","added_sidebar_link_only","Batch 11 selective hub-spoke strengthening","ADDED"
"/รับซื้อ/รับซื้อ-ssd-สกลนคร","","(no link)","รับซื้อ MacBook ในสกลนคร","/รับซื้อ/รับซื้อ-macbook-สกลนคร","รับซื้อ MacBook ในสกลนคร","added_sidebar_link_only","Batch 11 selective hub-spoke strengthening","ADDED"
"/รับซื้อ/รับซื้อ-ssd-สกลนคร","","(no link)","รับซื้อ คอมพิวเตอร์ ในสกลนคร","/รับซื้อ/รับซื้อคอมพิวเตอร์-สกลนคร","รับซื้อ คอมพิวเตอร์ ในสกลนคร","added_sidebar_link_only","Batch 11 selective hub-spoke strengthening","ADDED"
"/รับซื้อ/รับซื้อ-ssd-สกลนคร","","(no link)","รับซื้อ iPhone ในสกลนคร","/รับซื้อ/รับซื้อ-iphone-สกลนคร","รับซื้อ iPhone ในสกลนคร","added_sidebar_link_only","Batch 11 selective hub-spoke strengthening","ADDED"
"/รับซื้อ/รับซื้อ-ssd-สุรินทร์","","(no link)","รับซื้อ โน๊ตบุ๊ค ในสุรินทร์","/รับซื้อ/รับซื้อโน๊ตบุ๊ค-สุรินทร์","รับซื้อ โน๊ตบุ๊ค ในสุรินทร์","added_sidebar_link_only","Batch 11 selective hub-spoke strengthening","ADDED"
"/รับซื้อ/รับซื้อ-ssd-สุรินทร์","","(no link)","รับซื้อ MacBook ในสุรินทร์","/รับซื้อ/รับซื้อ-macbook-สุรินทร์","รับซื้อ MacBook ในสุรินทร์","added_sidebar_link_only","Batch 11 selective hub-spoke strengthening","ADDED"
"/รับซื้อ/รับซื้อ-ssd-สุรินทร์","","(no link)","รับซื้อ คอมพิวเตอร์ ในสุรินทร์","/รับซื้อ/รับซื้อคอมพิวเตอร์-สุรินทร์","รับซื้อ คอมพิวเตอร์ ในสุรินทร์","added_sidebar_link_only","Batch 11 selective hub-spoke strengthening","ADDED"
"/รับซื้อ/รับซื้อ-ssd-สุรินทร์","","(no link)","รับซื้อ iPhone ในสุรินทร์","/รับซื้อ/รับซื้อ-iphone-สุรินทร์","รับซื้อ iPhone ในสุรินทร์","added_sidebar_link_only","Batch 11 selective hub-spoke strengthening","ADDED"
"/รับซื้อ/รับซื้อ-ssd-หนองคาย","","(no link)","รับซื้อ โน๊ตบุ๊ค ในหนองคาย","/รับซื้อ/รับซื้อโน๊ตบุ๊ค-หนองคาย","รับซื้อ โน๊ตบุ๊ค ในหนองคาย","added_sidebar_link_only","Batch 11 selective hub-spoke strengthening","ADDED"
"/รับซื้อ/รับซื้อ-ssd-หนองคาย","","(no link)","รับซื้อ MacBook ในหนองคาย","/รับซื้อ/รับซื้อ-macbook-หนองคาย","รับซื้อ MacBook ในหนองคาย","added_sidebar_link_only","Batch 11 selective hub-spoke strengthening","ADDED"
"/รับซื้อ/รับซื้อ-ssd-หนองคาย","","(no link)","รับซื้อ คอมพิวเตอร์ ในหนองคาย","/รับซื้อ/รับซื้อคอมพิวเตอร์-หนองคาย","รับซื้อ คอมพิวเตอร์ ในหนองคาย","added_sidebar_link_only","Batch 11 selective hub-spoke strengthening","ADDED"
"/รับซื้อ/รับซื้อ-ssd-หนองคาย","","(no link)","รับซื้อ iPhone ในหนองคาย","/รับซื้อ/รับซื้อ-iphone-หนองคาย","รับซื้อ iPhone ในหนองคาย","added_sidebar_link_only","Batch 11 selective hub-spoke strengthening","ADDED"
"/รับซื้อ/รับซื้อ-ssd-หนองบัวลำภู","","(no link)","รับซื้อ โน๊ตบุ๊ค ในหนองบัวลำภู","/รับซื้อ/รับซื้อโน๊ตบุ๊ค-หนองบัวลำภู","รับซื้อ โน๊ตบุ๊ค ในหนองบัวลำภู","added_sidebar_link_only","Batch 11 selective hub-spoke strengthening","ADDED"
"/รับซื้อ/รับซื้อ-ssd-หนองบัวลำภู","","(no link)","รับซื้อ MacBook ในหนองบัวลำภู","/รับซื้อ/รับซื้อ-macbook-หนองบัวลำภู","รับซื้อ MacBook ในหนองบัวลำภู","added_sidebar_link_only","Batch 11 selective hub-spoke strengthening","ADDED"
"/รับซื้อ/รับซื้อ-ssd-หนองบัวลำภู","","(no link)","รับซื้อ คอมพิวเตอร์ ในหนองบัวลำภู","/รับซื้อ/รับซื้อคอมพิวเตอร์-หนองบัวลำภู","รับซื้อ คอมพิวเตอร์ ในหนองบัวลำภู","added_sidebar_link_only","Batch 11 selective hub-spoke strengthening","ADDED"
"/รับซื้อ/รับซื้อ-ssd-หนองบัวลำภู","","(no link)","รับซื้อ iPhone ในหนองบัวลำภู","/รับซื้อ/รับซื้อ-iphone-หนองบัวลำภู","รับซื้อ iPhone ในหนองบัวลำภู","added_sidebar_link_only","Batch 11 selective hub-spoke strengthening","ADDED"
"/รับซื้อ/รับซื้อ-ssd-อำนาจเจริญ","","(no link)","รับซื้อ โน๊ตบุ๊ค ในอำนาจเจริญ","/รับซื้อ/รับซื้อโน๊ตบุ๊ค-อำนาจเจริญ","รับซื้อ โน๊ตบุ๊ค ในอำนาจเจริญ","added_sidebar_link_only","Batch 11 selective hub-spoke strengthening","ADDED"
"/รับซื้อ/รับซื้อ-ssd-อำนาจเจริญ","","(no link)","รับซื้อ MacBook ในอำนาจเจริญ","/รับซื้อ/รับซื้อ-macbook-อำนาจเจริญ","รับซื้อ MacBook ในอำนาจเจริญ","added_sidebar_link_only","Batch 11 selective hub-spoke strengthening","ADDED"
"/รับซื้อ/รับซื้อ-ssd-อำนาจเจริญ","","(no link)","รับซื้อ คอมพิวเตอร์ ในอำนาจเจริญ","/รับซื้อ/รับซื้อคอมพิวเตอร์-อำนาจเจริญ","รับซื้อ คอมพิวเตอร์ ในอำนาจเจริญ","added_sidebar_link_only","Batch 11 selective hub-spoke strengthening","ADDED"
"/รับซื้อ/รับซื้อ-ssd-อำนาจเจริญ","","(no link)","รับซื้อ iPhone ในอำนาจเจริญ","/รับซื้อ/รับซื้อ-iphone-อำนาจเจริญ","รับซื้อ iPhone ในอำนาจเจริญ","added_sidebar_link_only","Batch 11 selective hub-spoke strengthening","ADDED"
"/รับซื้อ/รับซื้อ-ssd-อุดรธานี","","(no link)","รับซื้อ โน๊ตบุ๊ค ในอุดรธานี","/รับซื้อ/รับซื้อโน๊ตบุ๊ค-อุดรธานี","รับซื้อ โน๊ตบุ๊ค ในอุดรธานี","added_sidebar_link_only","Batch 11 selective hub-spoke strengthening","ADDED"
"/รับซื้อ/รับซื้อ-ssd-อุดรธานี","","(no link)","รับซื้อ MacBook ในอุดรธานี","/รับซื้อ/รับซื้อ-macbook-อุดรธานี","รับซื้อ MacBook ในอุดรธานี","added_sidebar_link_only","Batch 11 selective hub-spoke strengthening","ADDED"
"/รับซื้อ/รับซื้อ-ssd-อุดรธานี","","(no link)","รับซื้อ คอมพิวเตอร์ ในอุดรธานี","/รับซื้อ/รับซื้อคอมพิวเตอร์-อุดรธานี","รับซื้อ คอมพิวเตอร์ ในอุดรธานี","added_sidebar_link_only","Batch 11 selective hub-spoke strengthening","ADDED"
"/รับซื้อ/รับซื้อ-ssd-อุดรธานี","","(no link)","รับซื้อ iPhone ในอุดรธานี","/รับซื้อ/รับซื้อ-iphone-อุดรธานี","รับซื้อ iPhone ในอุดรธานี","added_sidebar_link_only","Batch 11 selective hub-spoke strengthening","ADDED"
"/รับซื้อ/รับซื้อ-ssd-อุบลราชธานี","","(no link)","รับซื้อโน๊ตบุ๊ค ในอุบลราชธานี","/รับซื้อ/รับซื้อโน๊ตบุ๊ค-อุบลราชธานี","รับซื้อโน๊ตบุ๊ค ในอุบลราชธานี","added_sidebar_link_only","Batch 11 selective hub-spoke strengthening","ADDED"
"/รับซื้อ/รับซื้อ-ssd-อุบลราชธานี","","(no link)","รับซื้อ MacBook ในอุบลราชธานี","/รับซื้อ/รับซื้อ-macbook-อุบลราชธานี","รับซื้อ MacBook ในอุบลราชธานี","added_sidebar_link_only","Batch 11 selective hub-spoke strengthening","ADDED"
"/รับซื้อ/รับซื้อ-ssd-อุบลราชธานี","","(no link)","รับซื้อคอมพิวเตอร์ ในอุบลราชธานี","/รับซื้อ/รับซื้อคอมพิวเตอร์-อุบลราชธานี","รับซื้อคอมพิวเตอร์ ในอุบลราชธานี","added_sidebar_link_only","Batch 11 selective hub-spoke strengthening","ADDED"
"/รับซื้อ/รับซื้อ-ssd-อุบลราชธานี","","(no link)","รับซื้อ iPhone ในอุบลราชธานี","/รับซื้อ/รับซื้อ-iphone-อุบลราชธานี","รับซื้อ iPhone ในอุบลราชธานี","added_sidebar_link_only","Batch 11 selective hub-spoke strengthening","ADDED"
"/รับซื้อ/รับซื้อ-ssd-เลย","","(no link)","รับซื้อ โน๊ตบุ๊ค ในเลย","/รับซื้อ/รับซื้อโน๊ตบุ๊ค-เลย","รับซื้อ โน๊ตบุ๊ค ในเลย","added_sidebar_link_only","Batch 11 selective hub-spoke strengthening","ADDED"
"/รับซื้อ/รับซื้อ-ssd-เลย","","(no link)","รับซื้อ MacBook ในเลย","/รับซื้อ/รับซื้อ-macbook-เลย","รับซื้อ MacBook ในเลย","added_sidebar_link_only","Batch 11 selective hub-spoke strengthening","ADDED"
"/รับซื้อ/รับซื้อ-ssd-เลย","","(no link)","รับซื้อ คอมพิวเตอร์ ในเลย","/รับซื้อ/รับซื้อคอมพิวเตอร์-เลย","รับซื้อ คอมพิวเตอร์ ในเลย","added_sidebar_link_only","Batch 11 selective hub-spoke strengthening","ADDED"
"/รับซื้อ/รับซื้อ-ssd-เลย","","(no link)","รับซื้อ iPhone ในเลย","/รับซื้อ/รับซื้อ-iphone-เลย","รับซื้อ iPhone ในเลย","added_sidebar_link_only","Batch 11 selective hub-spoke strengthening","ADDED"
"/รับซื้อ/รับซื้อ-surface-กาฬสินธุ์","","(no link)","รับซื้อ โน๊ตบุ๊ค ในกาฬสินธุ์","/รับซื้อ/รับซื้อโน๊ตบุ๊ค-กาฬสินธุ์","รับซื้อ โน๊ตบุ๊ค ในกาฬสินธุ์","added_sidebar_link_only","Batch 11 selective hub-spoke strengthening","ADDED"
"/รับซื้อ/รับซื้อ-surface-กาฬสินธุ์","","(no link)","รับซื้อ MacBook ในกาฬสินธุ์","/รับซื้อ/รับซื้อ-macbook-กาฬสินธุ์","รับซื้อ MacBook ในกาฬสินธุ์","added_sidebar_link_only","Batch 11 selective hub-spoke strengthening","ADDED"
"/รับซื้อ/รับซื้อ-surface-กาฬสินธุ์","","(no link)","รับซื้อ คอมพิวเตอร์ ในกาฬสินธุ์","/รับซื้อ/รับซื้อคอมพิวเตอร์-กาฬสินธุ์","รับซื้อ คอมพิวเตอร์ ในกาฬสินธุ์","added_sidebar_link_only","Batch 11 selective hub-spoke strengthening","ADDED"
"/รับซื้อ/รับซื้อ-surface-กาฬสินธุ์","","(no link)","รับซื้อ iPhone ในกาฬสินธุ์","/รับซื้อ/รับซื้อ-iphone-กาฬสินธุ์","รับซื้อ iPhone ในกาฬสินธุ์","added_sidebar_link_only","Batch 11 selective hub-spoke strengthening","ADDED"
"/รับซื้อ/รับซื้อ-surface-ขอนแก่น","","(no link)","รับซื้อ โน๊ตบุ๊ค ในขอนแก่น","/รับซื้อ/รับซื้อโน๊ตบุ๊ค-ขอนแก่น","รับซื้อ โน๊ตบุ๊ค ในขอนแก่น","added_sidebar_link_only","Batch 11 selective hub-spoke strengthening","ADDED"
"/รับซื้อ/รับซื้อ-surface-ขอนแก่น","","(no link)","รับซื้อ MacBook ในขอนแก่น","/รับซื้อ/รับซื้อ-macbook-ขอนแก่น","รับซื้อ MacBook ในขอนแก่น","added_sidebar_link_only","Batch 11 selective hub-spoke strengthening","ADDED"
"/รับซื้อ/รับซื้อ-surface-ขอนแก่น","","(no link)","รับซื้อ คอมพิวเตอร์ ในขอนแก่น","/รับซื้อ/รับซื้อคอมพิวเตอร์-ขอนแก่น","รับซื้อ คอมพิวเตอร์ ในขอนแก่น","added_sidebar_link_only","Batch 11 selective hub-spoke strengthening","ADDED"
"/รับซื้อ/รับซื้อ-surface-ขอนแก่น","","(no link)","รับซื้อ iPhone ในขอนแก่น","/รับซื้อ/รับซื้อ-iphone-ขอนแก่น","รับซื้อ iPhone ในขอนแก่น","added_sidebar_link_only","Batch 11 selective hub-spoke strengthening","ADDED"
"/รับซื้อ/รับซื้อ-surface-ชัยภูมิ","","(no link)","รับซื้อ โน๊ตบุ๊ค ในชัยภูมิ","/รับซื้อ/รับซื้อโน๊ตบุ๊ค-ชัยภูมิ","รับซื้อ โน๊ตบุ๊ค ในชัยภูมิ","added_sidebar_link_only","Batch 11 selective hub-spoke strengthening","ADDED"
"/รับซื้อ/รับซื้อ-surface-ชัยภูมิ","","(no link)","รับซื้อ MacBook ในชัยภูมิ","/รับซื้อ/รับซื้อ-macbook-ชัยภูมิ","รับซื้อ MacBook ในชัยภูมิ","added_sidebar_link_only","Batch 11 selective hub-spoke strengthening","ADDED"
"/รับซื้อ/รับซื้อ-surface-ชัยภูมิ","","(no link)","รับซื้อ คอมพิวเตอร์ ในชัยภูมิ","/รับซื้อ/รับซื้อคอมพิวเตอร์-ชัยภูมิ","รับซื้อ คอมพิวเตอร์ ในชัยภูมิ","added_sidebar_link_only","Batch 11 selective hub-spoke strengthening","ADDED"
"/รับซื้อ/รับซื้อ-surface-ชัยภูมิ","","(no link)","รับซื้อ iPhone ในชัยภูมิ","/รับซื้อ/รับซื้อ-iphone-ชัยภูมิ","รับซื้อ iPhone ในชัยภูมิ","added_sidebar_link_only","Batch 11 selective hub-spoke strengthening","ADDED"
"/รับซื้อ/รับซื้อ-surface-นครพนม","","(no link)","รับซื้อ โน๊ตบุ๊ค ในนครพนม","/รับซื้อ/รับซื้อโน๊ตบุ๊ค-นครพนม","รับซื้อ โน๊ตบุ๊ค ในนครพนม","added_sidebar_link_only","Batch 11 selective hub-spoke strengthening","ADDED"
"/รับซื้อ/รับซื้อ-surface-นครพนม","","(no link)","รับซื้อ MacBook ในนครพนม","/รับซื้อ/รับซื้อ-macbook-นครพนม","รับซื้อ MacBook ในนครพนม","added_sidebar_link_only","Batch 11 selective hub-spoke strengthening","ADDED"
"/รับซื้อ/รับซื้อ-surface-นครพนม","","(no link)","รับซื้อ คอมพิวเตอร์ ในนครพนม","/รับซื้อ/รับซื้อคอมพิวเตอร์-นครพนม","รับซื้อ คอมพิวเตอร์ ในนครพนม","added_sidebar_link_only","Batch 11 selective hub-spoke strengthening","ADDED"
"/รับซื้อ/รับซื้อ-surface-นครพนม","","(no link)","รับซื้อ iPhone ในนครพนม","/รับซื้อ/รับซื้อ-iphone-นครพนม","รับซื้อ iPhone ในนครพนม","added_sidebar_link_only","Batch 11 selective hub-spoke strengthening","ADDED"
"/รับซื้อ/รับซื้อ-surface-นครราชสีมา","","(no link)","รับซื้อ โน๊ตบุ๊ค ในนครราชสีมา","/รับซื้อ/รับซื้อโน๊ตบุ๊ค-นครราชสีมา","รับซื้อ โน๊ตบุ๊ค ในนครราชสีมา","added_sidebar_link_only","Batch 11 selective hub-spoke strengthening","ADDED"
"/รับซื้อ/รับซื้อ-surface-นครราชสีมา","","(no link)","รับซื้อ MacBook ในนครราชสีมา","/รับซื้อ/รับซื้อ-macbook-นครราชสีมา","รับซื้อ MacBook ในนครราชสีมา","added_sidebar_link_only","Batch 11 selective hub-spoke strengthening","ADDED"
"/รับซื้อ/รับซื้อ-surface-นครราชสีมา","","(no link)","รับซื้อ คอมพิวเตอร์ ในนครราชสีมา","/รับซื้อ/รับซื้อคอมพิวเตอร์-นครราชสีมา","รับซื้อ คอมพิวเตอร์ ในนครราชสีมา","added_sidebar_link_only","Batch 11 selective hub-spoke strengthening","ADDED"
"/รับซื้อ/รับซื้อ-surface-นครราชสีมา","","(no link)","รับซื้อ iPhone ในนครราชสีมา","/รับซื้อ/รับซื้อ-iphone-นครราชสีมา","รับซื้อ iPhone ในนครราชสีมา","added_sidebar_link_only","Batch 11 selective hub-spoke strengthening","ADDED"
"/รับซื้อ/รับซื้อ-surface-บึงกาฬ","","(no link)","รับซื้อ โน๊ตบุ๊ค ในบึงกาฬ","/รับซื้อ/รับซื้อโน๊ตบุ๊ค-บึงกาฬ","รับซื้อ โน๊ตบุ๊ค ในบึงกาฬ","added_sidebar_link_only","Batch 11 selective hub-spoke strengthening","ADDED"
"/รับซื้อ/รับซื้อ-surface-บึงกาฬ","","(no link)","รับซื้อ MacBook ในบึงกาฬ","/รับซื้อ/รับซื้อ-macbook-บึงกาฬ","รับซื้อ MacBook ในบึงกาฬ","added_sidebar_link_only","Batch 11 selective hub-spoke strengthening","ADDED"
"/รับซื้อ/รับซื้อ-surface-บึงกาฬ","","(no link)","รับซื้อ คอมพิวเตอร์ ในบึงกาฬ","/รับซื้อ/รับซื้อคอมพิวเตอร์-บึงกาฬ","รับซื้อ คอมพิวเตอร์ ในบึงกาฬ","added_sidebar_link_only","Batch 11 selective hub-spoke strengthening","ADDED"
"/รับซื้อ/รับซื้อ-surface-บึงกาฬ","","(no link)","รับซื้อ iPhone ในบึงกาฬ","/รับซื้อ/รับซื้อ-iphone-บึงกาฬ","รับซื้อ iPhone ในบึงกาฬ","added_sidebar_link_only","Batch 11 selective hub-spoke strengthening","ADDED"
"/รับซื้อ/รับซื้อ-surface-บุรีรัมย์","","(no link)","รับซื้อ โน๊ตบุ๊ค ในบุรีรัมย์","/รับซื้อ/รับซื้อโน๊ตบุ๊ค-บุรีรัมย์","รับซื้อ โน๊ตบุ๊ค ในบุรีรัมย์","added_sidebar_link_only","Batch 11 selective hub-spoke strengthening","ADDED"
"/รับซื้อ/รับซื้อ-surface-บุรีรัมย์","","(no link)","รับซื้อ MacBook ในบุรีรัมย์","/รับซื้อ/รับซื้อ-macbook-บุรีรัมย์","รับซื้อ MacBook ในบุรีรัมย์","added_sidebar_link_only","Batch 11 selective hub-spoke strengthening","ADDED"
"/รับซื้อ/รับซื้อ-surface-บุรีรัมย์","","(no link)","รับซื้อ คอมพิวเตอร์ ในบุรีรัมย์","/รับซื้อ/รับซื้อคอมพิวเตอร์-บุรีรัมย์","รับซื้อ คอมพิวเตอร์ ในบุรีรัมย์","added_sidebar_link_only","Batch 11 selective hub-spoke strengthening","ADDED"
"/รับซื้อ/รับซื้อ-surface-บุรีรัมย์","","(no link)","รับซื้อ iPhone ในบุรีรัมย์","/รับซื้อ/รับซื้อ-iphone-บุรีรัมย์","รับซื้อ iPhone ในบุรีรัมย์","added_sidebar_link_only","Batch 11 selective hub-spoke strengthening","ADDED"
"/รับซื้อ/รับซื้อ-surface-มหาสารคาม","","(no link)","รับซื้อ โน๊ตบุ๊ค ในมหาสารคาม","/รับซื้อ/รับซื้อโน๊ตบุ๊ค-มหาสารคาม","รับซื้อ โน๊ตบุ๊ค ในมหาสารคาม","added_sidebar_link_only","Batch 11 selective hub-spoke strengthening","ADDED"
"/รับซื้อ/รับซื้อ-surface-มหาสารคาม","","(no link)","รับซื้อ MacBook ในมหาสารคาม","/รับซื้อ/รับซื้อ-macbook-มหาสารคาม","รับซื้อ MacBook ในมหาสารคาม","added_sidebar_link_only","Batch 11 selective hub-spoke strengthening","ADDED"
"/รับซื้อ/รับซื้อ-surface-มหาสารคาม","","(no link)","รับซื้อ คอมพิวเตอร์ ในมหาสารคาม","/รับซื้อ/รับซื้อคอมพิวเตอร์-มหาสารคาม","รับซื้อ คอมพิวเตอร์ ในมหาสารคาม","added_sidebar_link_only","Batch 11 selective hub-spoke strengthening","ADDED"
"/รับซื้อ/รับซื้อ-surface-มหาสารคาม","","(no link)","รับซื้อ iPhone ในมหาสารคาม","/รับซื้อ/รับซื้อ-iphone-มหาสารคาม","รับซื้อ iPhone ในมหาสารคาม","added_sidebar_link_only","Batch 11 selective hub-spoke strengthening","ADDED"
"/รับซื้อ/รับซื้อ-surface-มุกดาหาร","","(no link)","รับซื้อ โน๊ตบุ๊ค ในมุกดาหาร","/รับซื้อ/รับซื้อโน๊ตบุ๊ค-มุกดาหาร","รับซื้อ โน๊ตบุ๊ค ในมุกดาหาร","added_sidebar_link_only","Batch 11 selective hub-spoke strengthening","ADDED"
"/รับซื้อ/รับซื้อ-surface-มุกดาหาร","","(no link)","รับซื้อ MacBook ในมุกดาหาร","/รับซื้อ/รับซื้อ-macbook-มุกดาหาร","รับซื้อ MacBook ในมุกดาหาร","added_sidebar_link_only","Batch 11 selective hub-spoke strengthening","ADDED"
"/รับซื้อ/รับซื้อ-surface-มุกดาหาร","","(no link)","รับซื้อ คอมพิวเตอร์ ในมุกดาหาร","/รับซื้อ/รับซื้อคอมพิวเตอร์-มุกดาหาร","รับซื้อ คอมพิวเตอร์ ในมุกดาหาร","added_sidebar_link_only","Batch 11 selective hub-spoke strengthening","ADDED"
"/รับซื้อ/รับซื้อ-surface-มุกดาหาร","","(no link)","รับซื้อ iPhone ในมุกดาหาร","/รับซื้อ/รับซื้อ-iphone-มุกดาหาร","รับซื้อ iPhone ในมุกดาหาร","added_sidebar_link_only","Batch 11 selective hub-spoke strengthening","ADDED"
"/รับซื้อ/รับซื้อ-surface-ยโสธร","","(no link)","รับซื้อ โน๊ตบุ๊ค ในยโสธร","/รับซื้อ/รับซื้อโน๊ตบุ๊ค-ยโสธร","รับซื้อ โน๊ตบุ๊ค ในยโสธร","added_sidebar_link_only","Batch 11 selective hub-spoke strengthening","ADDED"
"/รับซื้อ/รับซื้อ-surface-ยโสธร","","(no link)","รับซื้อ MacBook ในยโสธร","/รับซื้อ/รับซื้อ-macbook-ยโสธร","รับซื้อ MacBook ในยโสธร","added_sidebar_link_only","Batch 11 selective hub-spoke strengthening","ADDED"
"/รับซื้อ/รับซื้อ-surface-ยโสธร","","(no link)","รับซื้อ คอมพิวเตอร์ ในยโสธร","/รับซื้อ/รับซื้อคอมพิวเตอร์-ยโสธร","รับซื้อ คอมพิวเตอร์ ในยโสธร","added_sidebar_link_only","Batch 11 selective hub-spoke strengthening","ADDED"
"/รับซื้อ/รับซื้อ-surface-ยโสธร","","(no link)","รับซื้อ iPhone ในยโสธร","/รับซื้อ/รับซื้อ-iphone-ยโสธร","รับซื้อ iPhone ในยโสธร","added_sidebar_link_only","Batch 11 selective hub-spoke strengthening","ADDED"
"/รับซื้อ/รับซื้อ-surface-ร้อยเอ็ด","","(no link)","รับซื้อ โน๊ตบุ๊ค ในร้อยเอ็ด","/รับซื้อ/รับซื้อโน๊ตบุ๊ค-ร้อยเอ็ด","รับซื้อ โน๊ตบุ๊ค ในร้อยเอ็ด","added_sidebar_link_only","Batch 11 selective hub-spoke strengthening","ADDED"
"/รับซื้อ/รับซื้อ-surface-ร้อยเอ็ด","","(no link)","รับซื้อ MacBook ในร้อยเอ็ด","/รับซื้อ/รับซื้อ-macbook-ร้อยเอ็ด","รับซื้อ MacBook ในร้อยเอ็ด","added_sidebar_link_only","Batch 11 selective hub-spoke strengthening","ADDED"
"/รับซื้อ/รับซื้อ-surface-ร้อยเอ็ด","","(no link)","รับซื้อ คอมพิวเตอร์ ในร้อยเอ็ด","/รับซื้อ/รับซื้อคอมพิวเตอร์-ร้อยเอ็ด","รับซื้อ คอมพิวเตอร์ ในร้อยเอ็ด","added_sidebar_link_only","Batch 11 selective hub-spoke strengthening","ADDED"
"/รับซื้อ/รับซื้อ-surface-ร้อยเอ็ด","","(no link)","รับซื้อ iPhone ในร้อยเอ็ด","/รับซื้อ/รับซื้อ-iphone-ร้อยเอ็ด","รับซื้อ iPhone ในร้อยเอ็ด","added_sidebar_link_only","Batch 11 selective hub-spoke strengthening","ADDED"
"/รับซื้อ/รับซื้อ-surface-ศรีสะเกษ","","(no link)","รับซื้อ โน๊ตบุ๊ค ในศรีสะเกษ","/รับซื้อ/รับซื้อโน๊ตบุ๊ค-ศรีสะเกษ","รับซื้อ โน๊ตบุ๊ค ในศรีสะเกษ","added_sidebar_link_only","Batch 11 selective hub-spoke strengthening","ADDED"
"/รับซื้อ/รับซื้อ-surface-ศรีสะเกษ","","(no link)","รับซื้อ MacBook ในศรีสะเกษ","/รับซื้อ/รับซื้อ-macbook-ศรีสะเกษ","รับซื้อ MacBook ในศรีสะเกษ","added_sidebar_link_only","Batch 11 selective hub-spoke strengthening","ADDED"
"/รับซื้อ/รับซื้อ-surface-ศรีสะเกษ","","(no link)","รับซื้อ คอมพิวเตอร์ ในศรีสะเกษ","/รับซื้อ/รับซื้อคอมพิวเตอร์-ศรีสะเกษ","รับซื้อ คอมพิวเตอร์ ในศรีสะเกษ","added_sidebar_link_only","Batch 11 selective hub-spoke strengthening","ADDED"
"/รับซื้อ/รับซื้อ-surface-ศรีสะเกษ","","(no link)","รับซื้อ iPhone ในศรีสะเกษ","/รับซื้อ/รับซื้อ-iphone-ศรีสะเกษ","รับซื้อ iPhone ในศรีสะเกษ","added_sidebar_link_only","Batch 11 selective hub-spoke strengthening","ADDED"
"/รับซื้อ/รับซื้อ-surface-สกลนคร","","(no link)","รับซื้อ โน๊ตบุ๊ค ในสกลนคร","/รับซื้อ/รับซื้อโน๊ตบุ๊ค-สกลนคร","รับซื้อ โน๊ตบุ๊ค ในสกลนคร","added_sidebar_link_only","Batch 11 selective hub-spoke strengthening","ADDED"
"/รับซื้อ/รับซื้อ-surface-สกลนคร","","(no link)","รับซื้อ MacBook ในสกลนคร","/รับซื้อ/รับซื้อ-macbook-สกลนคร","รับซื้อ MacBook ในสกลนคร","added_sidebar_link_only","Batch 11 selective hub-spoke strengthening","ADDED"
"/รับซื้อ/รับซื้อ-surface-สกลนคร","","(no link)","รับซื้อ คอมพิวเตอร์ ในสกลนคร","/รับซื้อ/รับซื้อคอมพิวเตอร์-สกลนคร","รับซื้อ คอมพิวเตอร์ ในสกลนคร","added_sidebar_link_only","Batch 11 selective hub-spoke strengthening","ADDED"
"/รับซื้อ/รับซื้อ-surface-สกลนคร","","(no link)","รับซื้อ iPhone ในสกลนคร","/รับซื้อ/รับซื้อ-iphone-สกลนคร","รับซื้อ iPhone ในสกลนคร","added_sidebar_link_only","Batch 11 selective hub-spoke strengthening","ADDED"
"/รับซื้อ/รับซื้อ-surface-สุรินทร์","","(no link)","รับซื้อ โน๊ตบุ๊ค ในสุรินทร์","/รับซื้อ/รับซื้อโน๊ตบุ๊ค-สุรินทร์","รับซื้อ โน๊ตบุ๊ค ในสุรินทร์","added_sidebar_link_only","Batch 11 selective hub-spoke strengthening","ADDED"
"/รับซื้อ/รับซื้อ-surface-สุรินทร์","","(no link)","รับซื้อ MacBook ในสุรินทร์","/รับซื้อ/รับซื้อ-macbook-สุรินทร์","รับซื้อ MacBook ในสุรินทร์","added_sidebar_link_only","Batch 11 selective hub-spoke strengthening","ADDED"
"/รับซื้อ/รับซื้อ-surface-สุรินทร์","","(no link)","รับซื้อ คอมพิวเตอร์ ในสุรินทร์","/รับซื้อ/รับซื้อคอมพิวเตอร์-สุรินทร์","รับซื้อ คอมพิวเตอร์ ในสุรินทร์","added_sidebar_link_only","Batch 11 selective hub-spoke strengthening","ADDED"
"/รับซื้อ/รับซื้อ-surface-สุรินทร์","","(no link)","รับซื้อ iPhone ในสุรินทร์","/รับซื้อ/รับซื้อ-iphone-สุรินทร์","รับซื้อ iPhone ในสุรินทร์","added_sidebar_link_only","Batch 11 selective hub-spoke strengthening","ADDED"
"/รับซื้อ/รับซื้อ-surface-หนองคาย","","(no link)","รับซื้อ โน๊ตบุ๊ค ในหนองคาย","/รับซื้อ/รับซื้อโน๊ตบุ๊ค-หนองคาย","รับซื้อ โน๊ตบุ๊ค ในหนองคาย","added_sidebar_link_only","Batch 11 selective hub-spoke strengthening","ADDED"
"/รับซื้อ/รับซื้อ-surface-หนองคาย","","(no link)","รับซื้อ MacBook ในหนองคาย","/รับซื้อ/รับซื้อ-macbook-หนองคาย","รับซื้อ MacBook ในหนองคาย","added_sidebar_link_only","Batch 11 selective hub-spoke strengthening","ADDED"
"/รับซื้อ/รับซื้อ-surface-หนองคาย","","(no link)","รับซื้อ คอมพิวเตอร์ ในหนองคาย","/รับซื้อ/รับซื้อคอมพิวเตอร์-หนองคาย","รับซื้อ คอมพิวเตอร์ ในหนองคาย","added_sidebar_link_only","Batch 11 selective hub-spoke strengthening","ADDED"
"/รับซื้อ/รับซื้อ-surface-หนองคาย","","(no link)","รับซื้อ iPhone ในหนองคาย","/รับซื้อ/รับซื้อ-iphone-หนองคาย","รับซื้อ iPhone ในหนองคาย","added_sidebar_link_only","Batch 11 selective hub-spoke strengthening","ADDED"
"/รับซื้อ/รับซื้อ-surface-หนองบัวลำภู","","(no link)","รับซื้อ โน๊ตบุ๊ค ในหนองบัวลำภู","/รับซื้อ/รับซื้อโน๊ตบุ๊ค-หนองบัวลำภู","รับซื้อ โน๊ตบุ๊ค ในหนองบัวลำภู","added_sidebar_link_only","Batch 11 selective hub-spoke strengthening","ADDED"
"/รับซื้อ/รับซื้อ-surface-หนองบัวลำภู","","(no link)","รับซื้อ MacBook ในหนองบัวลำภู","/รับซื้อ/รับซื้อ-macbook-หนองบัวลำภู","รับซื้อ MacBook ในหนองบัวลำภู","added_sidebar_link_only","Batch 11 selective hub-spoke strengthening","ADDED"
"/รับซื้อ/รับซื้อ-surface-หนองบัวลำภู","","(no link)","รับซื้อ คอมพิวเตอร์ ในหนองบัวลำภู","/รับซื้อ/รับซื้อคอมพิวเตอร์-หนองบัวลำภู","รับซื้อ คอมพิวเตอร์ ในหนองบัวลำภู","added_sidebar_link_only","Batch 11 selective hub-spoke strengthening","ADDED"
"/รับซื้อ/รับซื้อ-surface-หนองบัวลำภู","","(no link)","รับซื้อ iPhone ในหนองบัวลำภู","/รับซื้อ/รับซื้อ-iphone-หนองบัวลำภู","รับซื้อ iPhone ในหนองบัวลำภู","added_sidebar_link_only","Batch 11 selective hub-spoke strengthening","ADDED"
"/รับซื้อ/รับซื้อ-surface-อำนาจเจริญ","","(no link)","รับซื้อ โน๊ตบุ๊ค ในอำนาจเจริญ","/รับซื้อ/รับซื้อโน๊ตบุ๊ค-อำนาจเจริญ","รับซื้อ โน๊ตบุ๊ค ในอำนาจเจริญ","added_sidebar_link_only","Batch 11 selective hub-spoke strengthening","ADDED"
"/รับซื้อ/รับซื้อ-surface-อำนาจเจริญ","","(no link)","รับซื้อ MacBook ในอำนาจเจริญ","/รับซื้อ/รับซื้อ-macbook-อำนาจเจริญ","รับซื้อ MacBook ในอำนาจเจริญ","added_sidebar_link_only","Batch 11 selective hub-spoke strengthening","ADDED"
"/รับซื้อ/รับซื้อ-surface-อำนาจเจริญ","","(no link)","รับซื้อ คอมพิวเตอร์ ในอำนาจเจริญ","/รับซื้อ/รับซื้อคอมพิวเตอร์-อำนาจเจริญ","รับซื้อ คอมพิวเตอร์ ในอำนาจเจริญ","added_sidebar_link_only","Batch 11 selective hub-spoke strengthening","ADDED"
"/รับซื้อ/รับซื้อ-surface-อำนาจเจริญ","","(no link)","รับซื้อ iPhone ในอำนาจเจริญ","/รับซื้อ/รับซื้อ-iphone-อำนาจเจริญ","รับซื้อ iPhone ในอำนาจเจริญ","added_sidebar_link_only","Batch 11 selective hub-spoke strengthening","ADDED"
"/รับซื้อ/รับซื้อ-surface-อุดรธานี","","(no link)","รับซื้อ โน๊ตบุ๊ค ในอุดรธานี","/รับซื้อ/รับซื้อโน๊ตบุ๊ค-อุดรธานี","รับซื้อ โน๊ตบุ๊ค ในอุดรธานี","added_sidebar_link_only","Batch 11 selective hub-spoke strengthening","ADDED"
"/รับซื้อ/รับซื้อ-surface-อุดรธานี","","(no link)","รับซื้อ MacBook ในอุดรธานี","/รับซื้อ/รับซื้อ-macbook-อุดรธานี","รับซื้อ MacBook ในอุดรธานี","added_sidebar_link_only","Batch 11 selective hub-spoke strengthening","ADDED"
"/รับซื้อ/รับซื้อ-surface-อุดรธานี","","(no link)","รับซื้อ คอมพิวเตอร์ ในอุดรธานี","/รับซื้อ/รับซื้อคอมพิวเตอร์-อุดรธานี","รับซื้อ คอมพิวเตอร์ ในอุดรธานี","added_sidebar_link_only","Batch 11 selective hub-spoke strengthening","ADDED"
"/รับซื้อ/รับซื้อ-surface-อุดรธานี","","(no link)","รับซื้อ iPhone ในอุดรธานี","/รับซื้อ/รับซื้อ-iphone-อุดรธานี","รับซื้อ iPhone ในอุดรธานี","added_sidebar_link_only","Batch 11 selective hub-spoke strengthening","ADDED"
"/รับซื้อ/รับซื้อ-surface-อุบลราชธานี","","(no link)","รับซื้อโน๊ตบุ๊ค ในอุบลราชธานี","/รับซื้อ/รับซื้อโน๊ตบุ๊ค-อุบลราชธานี","รับซื้อโน๊ตบุ๊ค ในอุบลราชธานี","added_sidebar_link_only","Batch 11 selective hub-spoke strengthening","ADDED"
"/รับซื้อ/รับซื้อ-surface-อุบลราชธานี","","(no link)","รับซื้อ MacBook ในอุบลราชธานี","/รับซื้อ/รับซื้อ-macbook-อุบลราชธานี","รับซื้อ MacBook ในอุบลราชธานี","added_sidebar_link_only","Batch 11 selective hub-spoke strengthening","ADDED"
"/รับซื้อ/รับซื้อ-surface-อุบลราชธานี","","(no link)","รับซื้อคอมพิวเตอร์ ในอุบลราชธานี","/รับซื้อ/รับซื้อคอมพิวเตอร์-อุบลราชธานี","รับซื้อคอมพิวเตอร์ ในอุบลราชธานี","added_sidebar_link_only","Batch 11 selective hub-spoke strengthening","ADDED"
"/รับซื้อ/รับซื้อ-surface-อุบลราชธานี","","(no link)","รับซื้อ iPhone ในอุบลราชธานี","/รับซื้อ/รับซื้อ-iphone-อุบลราชธานี","รับซื้อ iPhone ในอุบลราชธานี","added_sidebar_link_only","Batch 11 selective hub-spoke strengthening","ADDED"
"/รับซื้อ/รับซื้อ-surface-เลย","","(no link)","รับซื้อ โน๊ตบุ๊ค ในเลย","/รับซื้อ/รับซื้อโน๊ตบุ๊ค-เลย","รับซื้อ โน๊ตบุ๊ค ในเลย","added_sidebar_link_only","Batch 11 selective hub-spoke strengthening","ADDED"
"/รับซื้อ/รับซื้อ-surface-เลย","","(no link)","รับซื้อ MacBook ในเลย","/รับซื้อ/รับซื้อ-macbook-เลย","รับซื้อ MacBook ในเลย","added_sidebar_link_only","Batch 11 selective hub-spoke strengthening","ADDED"
"/รับซื้อ/รับซื้อ-surface-เลย","","(no link)","รับซื้อ คอมพิวเตอร์ ในเลย","/รับซื้อ/รับซื้อคอมพิวเตอร์-เลย","รับซื้อ คอมพิวเตอร์ ในเลย","added_sidebar_link_only","Batch 11 selective hub-spoke strengthening","ADDED"
"/รับซื้อ/รับซื้อ-surface-เลย","","(no link)","รับซื้อ iPhone ในเลย","/รับซื้อ/รับซื้อ-iphone-เลย","รับซื้อ iPhone ในเลย","added_sidebar_link_only","Batch 11 selective hub-spoke strengthening","ADDED"
"/รับซื้อ/รับซื้อกล้อง-canon-กาฬสินธุ์","","(no link)","รับซื้อ โน๊ตบุ๊ค ในกาฬสินธุ์","/รับซื้อ/รับซื้อโน๊ตบุ๊ค-กาฬสินธุ์","รับซื้อ โน๊ตบุ๊ค ในกาฬสินธุ์","added_sidebar_link_only","Batch 11 selective hub-spoke strengthening","ADDED"
"/รับซื้อ/รับซื้อกล้อง-canon-กาฬสินธุ์","","(no link)","รับซื้อ MacBook ในกาฬสินธุ์","/รับซื้อ/รับซื้อ-macbook-กาฬสินธุ์","รับซื้อ MacBook ในกาฬสินธุ์","added_sidebar_link_only","Batch 11 selective hub-spoke strengthening","ADDED"
"/รับซื้อ/รับซื้อกล้อง-canon-กาฬสินธุ์","","(no link)","รับซื้อ คอมพิวเตอร์ ในกาฬสินธุ์","/รับซื้อ/รับซื้อคอมพิวเตอร์-กาฬสินธุ์","รับซื้อ คอมพิวเตอร์ ในกาฬสินธุ์","added_sidebar_link_only","Batch 11 selective hub-spoke strengthening","ADDED"
"/รับซื้อ/รับซื้อกล้อง-canon-กาฬสินธุ์","","(no link)","รับซื้อ iPhone ในกาฬสินธุ์","/รับซื้อ/รับซื้อ-iphone-กาฬสินธุ์","รับซื้อ iPhone ในกาฬสินธุ์","added_sidebar_link_only","Batch 11 selective hub-spoke strengthening","ADDED"
"/รับซื้อ/รับซื้อกล้อง-canon-ขอนแก่น","","(no link)","รับซื้อ โน๊ตบุ๊ค ในขอนแก่น","/รับซื้อ/รับซื้อโน๊ตบุ๊ค-ขอนแก่น","รับซื้อ โน๊ตบุ๊ค ในขอนแก่น","added_sidebar_link_only","Batch 11 selective hub-spoke strengthening","ADDED"
"/รับซื้อ/รับซื้อกล้อง-canon-ขอนแก่น","","(no link)","รับซื้อ MacBook ในขอนแก่น","/รับซื้อ/รับซื้อ-macbook-ขอนแก่น","รับซื้อ MacBook ในขอนแก่น","added_sidebar_link_only","Batch 11 selective hub-spoke strengthening","ADDED"
"/รับซื้อ/รับซื้อกล้อง-canon-ขอนแก่น","","(no link)","รับซื้อ คอมพิวเตอร์ ในขอนแก่น","/รับซื้อ/รับซื้อคอมพิวเตอร์-ขอนแก่น","รับซื้อ คอมพิวเตอร์ ในขอนแก่น","added_sidebar_link_only","Batch 11 selective hub-spoke strengthening","ADDED"
"/รับซื้อ/รับซื้อกล้อง-canon-ขอนแก่น","","(no link)","รับซื้อ iPhone ในขอนแก่น","/รับซื้อ/รับซื้อ-iphone-ขอนแก่น","รับซื้อ iPhone ในขอนแก่น","added_sidebar_link_only","Batch 11 selective hub-spoke strengthening","ADDED"
"/รับซื้อ/รับซื้อกล้อง-canon-ชัยภูมิ","","(no link)","รับซื้อ โน๊ตบุ๊ค ในชัยภูมิ","/รับซื้อ/รับซื้อโน๊ตบุ๊ค-ชัยภูมิ","รับซื้อ โน๊ตบุ๊ค ในชัยภูมิ","added_sidebar_link_only","Batch 11 selective hub-spoke strengthening","ADDED"
"/รับซื้อ/รับซื้อกล้อง-canon-ชัยภูมิ","","(no link)","รับซื้อ MacBook ในชัยภูมิ","/รับซื้อ/รับซื้อ-macbook-ชัยภูมิ","รับซื้อ MacBook ในชัยภูมิ","added_sidebar_link_only","Batch 11 selective hub-spoke strengthening","ADDED"
"/รับซื้อ/รับซื้อกล้อง-canon-ชัยภูมิ","","(no link)","รับซื้อ คอมพิวเตอร์ ในชัยภูมิ","/รับซื้อ/รับซื้อคอมพิวเตอร์-ชัยภูมิ","รับซื้อ คอมพิวเตอร์ ในชัยภูมิ","added_sidebar_link_only","Batch 11 selective hub-spoke strengthening","ADDED"
"/รับซื้อ/รับซื้อกล้อง-canon-ชัยภูมิ","","(no link)","รับซื้อ iPhone ในชัยภูมิ","/รับซื้อ/รับซื้อ-iphone-ชัยภูมิ","รับซื้อ iPhone ในชัยภูมิ","added_sidebar_link_only","Batch 11 selective hub-spoke strengthening","ADDED"
"/รับซื้อ/รับซื้อกล้อง-canon-นครพนม","","(no link)","รับซื้อ โน๊ตบุ๊ค ในนครพนม","/รับซื้อ/รับซื้อโน๊ตบุ๊ค-นครพนม","รับซื้อ โน๊ตบุ๊ค ในนครพนม","added_sidebar_link_only","Batch 11 selective hub-spoke strengthening","ADDED"
"/รับซื้อ/รับซื้อกล้อง-canon-นครพนม","","(no link)","รับซื้อ MacBook ในนครพนม","/รับซื้อ/รับซื้อ-macbook-นครพนม","รับซื้อ MacBook ในนครพนม","added_sidebar_link_only","Batch 11 selective hub-spoke strengthening","ADDED"
"/รับซื้อ/รับซื้อกล้อง-canon-นครพนม","","(no link)","รับซื้อ คอมพิวเตอร์ ในนครพนม","/รับซื้อ/รับซื้อคอมพิวเตอร์-นครพนม","รับซื้อ คอมพิวเตอร์ ในนครพนม","added_sidebar_link_only","Batch 11 selective hub-spoke strengthening","ADDED"
"/รับซื้อ/รับซื้อกล้อง-canon-นครพนม","","(no link)","รับซื้อ iPhone ในนครพนม","/รับซื้อ/รับซื้อ-iphone-นครพนม","รับซื้อ iPhone ในนครพนม","added_sidebar_link_only","Batch 11 selective hub-spoke strengthening","ADDED"
"/รับซื้อ/รับซื้อกล้อง-canon-นครราชสีมา","","(no link)","รับซื้อ โน๊ตบุ๊ค ในนครราชสีมา","/รับซื้อ/รับซื้อโน๊ตบุ๊ค-นครราชสีมา","รับซื้อ โน๊ตบุ๊ค ในนครราชสีมา","added_sidebar_link_only","Batch 11 selective hub-spoke strengthening","ADDED"
"/รับซื้อ/รับซื้อกล้อง-canon-นครราชสีมา","","(no link)","รับซื้อ MacBook ในนครราชสีมา","/รับซื้อ/รับซื้อ-macbook-นครราชสีมา","รับซื้อ MacBook ในนครราชสีมา","added_sidebar_link_only","Batch 11 selective hub-spoke strengthening","ADDED"
"/รับซื้อ/รับซื้อกล้อง-canon-นครราชสีมา","","(no link)","รับซื้อ คอมพิวเตอร์ ในนครราชสีมา","/รับซื้อ/รับซื้อคอมพิวเตอร์-นครราชสีมา","รับซื้อ คอมพิวเตอร์ ในนครราชสีมา","added_sidebar_link_only","Batch 11 selective hub-spoke strengthening","ADDED"
"/รับซื้อ/รับซื้อกล้อง-canon-นครราชสีมา","","(no link)","รับซื้อ iPhone ในนครราชสีมา","/รับซื้อ/รับซื้อ-iphone-นครราชสีมา","รับซื้อ iPhone ในนครราชสีมา","added_sidebar_link_only","Batch 11 selective hub-spoke strengthening","ADDED"
"/รับซื้อ/รับซื้อกล้อง-canon-บึงกาฬ","","(no link)","รับซื้อ โน๊ตบุ๊ค ในบึงกาฬ","/รับซื้อ/รับซื้อโน๊ตบุ๊ค-บึงกาฬ","รับซื้อ โน๊ตบุ๊ค ในบึงกาฬ","added_sidebar_link_only","Batch 11 selective hub-spoke strengthening","ADDED"
"/รับซื้อ/รับซื้อกล้อง-canon-บึงกาฬ","","(no link)","รับซื้อ MacBook ในบึงกาฬ","/รับซื้อ/รับซื้อ-macbook-บึงกาฬ","รับซื้อ MacBook ในบึงกาฬ","added_sidebar_link_only","Batch 11 selective hub-spoke strengthening","ADDED"
"/รับซื้อ/รับซื้อกล้อง-canon-บึงกาฬ","","(no link)","รับซื้อ คอมพิวเตอร์ ในบึงกาฬ","/รับซื้อ/รับซื้อคอมพิวเตอร์-บึงกาฬ","รับซื้อ คอมพิวเตอร์ ในบึงกาฬ","added_sidebar_link_only","Batch 11 selective hub-spoke strengthening","ADDED"
"/รับซื้อ/รับซื้อกล้อง-canon-บึงกาฬ","","(no link)","รับซื้อ iPhone ในบึงกาฬ","/รับซื้อ/รับซื้อ-iphone-บึงกาฬ","รับซื้อ iPhone ในบึงกาฬ","added_sidebar_link_only","Batch 11 selective hub-spoke strengthening","ADDED"
"/รับซื้อ/รับซื้อกล้อง-canon-บุรีรัมย์","","(no link)","รับซื้อ โน๊ตบุ๊ค ในบุรีรัมย์","/รับซื้อ/รับซื้อโน๊ตบุ๊ค-บุรีรัมย์","รับซื้อ โน๊ตบุ๊ค ในบุรีรัมย์","added_sidebar_link_only","Batch 11 selective hub-spoke strengthening","ADDED"
"/รับซื้อ/รับซื้อกล้อง-canon-บุรีรัมย์","","(no link)","รับซื้อ MacBook ในบุรีรัมย์","/รับซื้อ/รับซื้อ-macbook-บุรีรัมย์","รับซื้อ MacBook ในบุรีรัมย์","added_sidebar_link_only","Batch 11 selective hub-spoke strengthening","ADDED"
"/รับซื้อ/รับซื้อกล้อง-canon-บุรีรัมย์","","(no link)","รับซื้อ คอมพิวเตอร์ ในบุรีรัมย์","/รับซื้อ/รับซื้อคอมพิวเตอร์-บุรีรัมย์","รับซื้อ คอมพิวเตอร์ ในบุรีรัมย์","added_sidebar_link_only","Batch 11 selective hub-spoke strengthening","ADDED"
"/รับซื้อ/รับซื้อกล้อง-canon-บุรีรัมย์","","(no link)","รับซื้อ iPhone ในบุรีรัมย์","/รับซื้อ/รับซื้อ-iphone-บุรีรัมย์","รับซื้อ iPhone ในบุรีรัมย์","added_sidebar_link_only","Batch 11 selective hub-spoke strengthening","ADDED"
"/รับซื้อ/รับซื้อกล้อง-canon-มหาสารคาม","","(no link)","รับซื้อ โน๊ตบุ๊ค ในมหาสารคาม","/รับซื้อ/รับซื้อโน๊ตบุ๊ค-มหาสารคาม","รับซื้อ โน๊ตบุ๊ค ในมหาสารคาม","added_sidebar_link_only","Batch 11 selective hub-spoke strengthening","ADDED"
"/รับซื้อ/รับซื้อกล้อง-canon-มหาสารคาม","","(no link)","รับซื้อ MacBook ในมหาสารคาม","/รับซื้อ/รับซื้อ-macbook-มหาสารคาม","รับซื้อ MacBook ในมหาสารคาม","added_sidebar_link_only","Batch 11 selective hub-spoke strengthening","ADDED"
"/รับซื้อ/รับซื้อกล้อง-canon-มหาสารคาม","","(no link)","รับซื้อ คอมพิวเตอร์ ในมหาสารคาม","/รับซื้อ/รับซื้อคอมพิวเตอร์-มหาสารคาม","รับซื้อ คอมพิวเตอร์ ในมหาสารคาม","added_sidebar_link_only","Batch 11 selective hub-spoke strengthening","ADDED"
"/รับซื้อ/รับซื้อกล้อง-canon-มหาสารคาม","","(no link)","รับซื้อ iPhone ในมหาสารคาม","/รับซื้อ/รับซื้อ-iphone-มหาสารคาม","รับซื้อ iPhone ในมหาสารคาม","added_sidebar_link_only","Batch 11 selective hub-spoke strengthening","ADDED"
"/รับซื้อ/รับซื้อกล้อง-canon-มุกดาหาร","","(no link)","รับซื้อ โน๊ตบุ๊ค ในมุกดาหาร","/รับซื้อ/รับซื้อโน๊ตบุ๊ค-มุกดาหาร","รับซื้อ โน๊ตบุ๊ค ในมุกดาหาร","added_sidebar_link_only","Batch 11 selective hub-spoke strengthening","ADDED"
"/รับซื้อ/รับซื้อกล้อง-canon-มุกดาหาร","","(no link)","รับซื้อ MacBook ในมุกดาหาร","/รับซื้อ/รับซื้อ-macbook-มุกดาหาร","รับซื้อ MacBook ในมุกดาหาร","added_sidebar_link_only","Batch 11 selective hub-spoke strengthening","ADDED"
"/รับซื้อ/รับซื้อกล้อง-canon-มุกดาหาร","","(no link)","รับซื้อ คอมพิวเตอร์ ในมุกดาหาร","/รับซื้อ/รับซื้อคอมพิวเตอร์-มุกดาหาร","รับซื้อ คอมพิวเตอร์ ในมุกดาหาร","added_sidebar_link_only","Batch 11 selective hub-spoke strengthening","ADDED"
"/รับซื้อ/รับซื้อกล้อง-canon-มุกดาหาร","","(no link)","รับซื้อ iPhone ในมุกดาหาร","/รับซื้อ/รับซื้อ-iphone-มุกดาหาร","รับซื้อ iPhone ในมุกดาหาร","added_sidebar_link_only","Batch 11 selective hub-spoke strengthening","ADDED"
"/รับซื้อ/รับซื้อกล้อง-canon-ยโสธร","","(no link)","รับซื้อ โน๊ตบุ๊ค ในยโสธร","/รับซื้อ/รับซื้อโน๊ตบุ๊ค-ยโสธร","รับซื้อ โน๊ตบุ๊ค ในยโสธร","added_sidebar_link_only","Batch 11 selective hub-spoke strengthening","ADDED"
"/รับซื้อ/รับซื้อกล้อง-canon-ยโสธร","","(no link)","รับซื้อ MacBook ในยโสธร","/รับซื้อ/รับซื้อ-macbook-ยโสธร","รับซื้อ MacBook ในยโสธร","added_sidebar_link_only","Batch 11 selective hub-spoke strengthening","ADDED"
"/รับซื้อ/รับซื้อกล้อง-canon-ยโสธร","","(no link)","รับซื้อ คอมพิวเตอร์ ในยโสธร","/รับซื้อ/รับซื้อคอมพิวเตอร์-ยโสธร","รับซื้อ คอมพิวเตอร์ ในยโสธร","added_sidebar_link_only","Batch 11 selective hub-spoke strengthening","ADDED"
"/รับซื้อ/รับซื้อกล้อง-canon-ยโสธร","","(no link)","รับซื้อ iPhone ในยโสธร","/รับซื้อ/รับซื้อ-iphone-ยโสธร","รับซื้อ iPhone ในยโสธร","added_sidebar_link_only","Batch 11 selective hub-spoke strengthening","ADDED"
"/รับซื้อ/รับซื้อกล้อง-canon-ร้อยเอ็ด","","(no link)","รับซื้อ โน๊ตบุ๊ค ในร้อยเอ็ด","/รับซื้อ/รับซื้อโน๊ตบุ๊ค-ร้อยเอ็ด","รับซื้อ โน๊ตบุ๊ค ในร้อยเอ็ด","added_sidebar_link_only","Batch 11 selective hub-spoke strengthening","ADDED"
"/รับซื้อ/รับซื้อกล้อง-canon-ร้อยเอ็ด","","(no link)","รับซื้อ MacBook ในร้อยเอ็ด","/รับซื้อ/รับซื้อ-macbook-ร้อยเอ็ด","รับซื้อ MacBook ในร้อยเอ็ด","added_sidebar_link_only","Batch 11 selective hub-spoke strengthening","ADDED"
"/รับซื้อ/รับซื้อกล้อง-canon-ร้อยเอ็ด","","(no link)","รับซื้อ คอมพิวเตอร์ ในร้อยเอ็ด","/รับซื้อ/รับซื้อคอมพิวเตอร์-ร้อยเอ็ด","รับซื้อ คอมพิวเตอร์ ในร้อยเอ็ด","added_sidebar_link_only","Batch 11 selective hub-spoke strengthening","ADDED"
"/รับซื้อ/รับซื้อกล้อง-canon-ร้อยเอ็ด","","(no link)","รับซื้อ iPhone ในร้อยเอ็ด","/รับซื้อ/รับซื้อ-iphone-ร้อยเอ็ด","รับซื้อ iPhone ในร้อยเอ็ด","added_sidebar_link_only","Batch 11 selective hub-spoke strengthening","ADDED"
"/รับซื้อ/รับซื้อกล้อง-canon-ศรีสะเกษ","","(no link)","รับซื้อ โน๊ตบุ๊ค ในศรีสะเกษ","/รับซื้อ/รับซื้อโน๊ตบุ๊ค-ศรีสะเกษ","รับซื้อ โน๊ตบุ๊ค ในศรีสะเกษ","added_sidebar_link_only","Batch 11 selective hub-spoke strengthening","ADDED"
"/รับซื้อ/รับซื้อกล้อง-canon-ศรีสะเกษ","","(no link)","รับซื้อ MacBook ในศรีสะเกษ","/รับซื้อ/รับซื้อ-macbook-ศรีสะเกษ","รับซื้อ MacBook ในศรีสะเกษ","added_sidebar_link_only","Batch 11 selective hub-spoke strengthening","ADDED"
"/รับซื้อ/รับซื้อกล้อง-canon-ศรีสะเกษ","","(no link)","รับซื้อ คอมพิวเตอร์ ในศรีสะเกษ","/รับซื้อ/รับซื้อคอมพิวเตอร์-ศรีสะเกษ","รับซื้อ คอมพิวเตอร์ ในศรีสะเกษ","added_sidebar_link_only","Batch 11 selective hub-spoke strengthening","ADDED"
"/รับซื้อ/รับซื้อกล้อง-canon-ศรีสะเกษ","","(no link)","รับซื้อ iPhone ในศรีสะเกษ","/รับซื้อ/รับซื้อ-iphone-ศรีสะเกษ","รับซื้อ iPhone ในศรีสะเกษ","added_sidebar_link_only","Batch 11 selective hub-spoke strengthening","ADDED"
"/รับซื้อ/รับซื้อกล้อง-canon-สกลนคร","","(no link)","รับซื้อ โน๊ตบุ๊ค ในสกลนคร","/รับซื้อ/รับซื้อโน๊ตบุ๊ค-สกลนคร","รับซื้อ โน๊ตบุ๊ค ในสกลนคร","added_sidebar_link_only","Batch 11 selective hub-spoke strengthening","ADDED"
"/รับซื้อ/รับซื้อกล้อง-canon-สกลนคร","","(no link)","รับซื้อ MacBook ในสกลนคร","/รับซื้อ/รับซื้อ-macbook-สกลนคร","รับซื้อ MacBook ในสกลนคร","added_sidebar_link_only","Batch 11 selective hub-spoke strengthening","ADDED"
"/รับซื้อ/รับซื้อกล้อง-canon-สกลนคร","","(no link)","รับซื้อ คอมพิวเตอร์ ในสกลนคร","/รับซื้อ/รับซื้อคอมพิวเตอร์-สกลนคร","รับซื้อ คอมพิวเตอร์ ในสกลนคร","added_sidebar_link_only","Batch 11 selective hub-spoke strengthening","ADDED"
"/รับซื้อ/รับซื้อกล้อง-canon-สกลนคร","","(no link)","รับซื้อ iPhone ในสกลนคร","/รับซื้อ/รับซื้อ-iphone-สกลนคร","รับซื้อ iPhone ในสกลนคร","added_sidebar_link_only","Batch 11 selective hub-spoke strengthening","ADDED"
"/รับซื้อ/รับซื้อกล้อง-canon-สุรินทร์","","(no link)","รับซื้อ โน๊ตบุ๊ค ในสุรินทร์","/รับซื้อ/รับซื้อโน๊ตบุ๊ค-สุรินทร์","รับซื้อ โน๊ตบุ๊ค ในสุรินทร์","added_sidebar_link_only","Batch 11 selective hub-spoke strengthening","ADDED"
"/รับซื้อ/รับซื้อกล้อง-canon-สุรินทร์","","(no link)","รับซื้อ MacBook ในสุรินทร์","/รับซื้อ/รับซื้อ-macbook-สุรินทร์","รับซื้อ MacBook ในสุรินทร์","added_sidebar_link_only","Batch 11 selective hub-spoke strengthening","ADDED"
"/รับซื้อ/รับซื้อกล้อง-canon-สุรินทร์","","(no link)","รับซื้อ คอมพิวเตอร์ ในสุรินทร์","/รับซื้อ/รับซื้อคอมพิวเตอร์-สุรินทร์","รับซื้อ คอมพิวเตอร์ ในสุรินทร์","added_sidebar_link_only","Batch 11 selective hub-spoke strengthening","ADDED"
"/รับซื้อ/รับซื้อกล้อง-canon-สุรินทร์","","(no link)","รับซื้อ iPhone ในสุรินทร์","/รับซื้อ/รับซื้อ-iphone-สุรินทร์","รับซื้อ iPhone ในสุรินทร์","added_sidebar_link_only","Batch 11 selective hub-spoke strengthening","ADDED"
"/รับซื้อ/รับซื้อกล้อง-canon-หนองคาย","","(no link)","รับซื้อ โน๊ตบุ๊ค ในหนองคาย","/รับซื้อ/รับซื้อโน๊ตบุ๊ค-หนองคาย","รับซื้อ โน๊ตบุ๊ค ในหนองคาย","added_sidebar_link_only","Batch 11 selective hub-spoke strengthening","ADDED"
"/รับซื้อ/รับซื้อกล้อง-canon-หนองคาย","","(no link)","รับซื้อ MacBook ในหนองคาย","/รับซื้อ/รับซื้อ-macbook-หนองคาย","รับซื้อ MacBook ในหนองคาย","added_sidebar_link_only","Batch 11 selective hub-spoke strengthening","ADDED"
"/รับซื้อ/รับซื้อกล้อง-canon-หนองคาย","","(no link)","รับซื้อ คอมพิวเตอร์ ในหนองคาย","/รับซื้อ/รับซื้อคอมพิวเตอร์-หนองคาย","รับซื้อ คอมพิวเตอร์ ในหนองคาย","added_sidebar_link_only","Batch 11 selective hub-spoke strengthening","ADDED"
"/รับซื้อ/รับซื้อกล้อง-canon-หนองคาย","","(no link)","รับซื้อ iPhone ในหนองคาย","/รับซื้อ/รับซื้อ-iphone-หนองคาย","รับซื้อ iPhone ในหนองคาย","added_sidebar_link_only","Batch 11 selective hub-spoke strengthening","ADDED"
"/รับซื้อ/รับซื้อกล้อง-canon-หนองบัวลำภู","","(no link)","รับซื้อ โน๊ตบุ๊ค ในหนองบัวลำภู","/รับซื้อ/รับซื้อโน๊ตบุ๊ค-หนองบัวลำภู","รับซื้อ โน๊ตบุ๊ค ในหนองบัวลำภู","added_sidebar_link_only","Batch 11 selective hub-spoke strengthening","ADDED"
"/รับซื้อ/รับซื้อกล้อง-canon-หนองบัวลำภู","","(no link)","รับซื้อ MacBook ในหนองบัวลำภู","/รับซื้อ/รับซื้อ-macbook-หนองบัวลำภู","รับซื้อ MacBook ในหนองบัวลำภู","added_sidebar_link_only","Batch 11 selective hub-spoke strengthening","ADDED"
"/รับซื้อ/รับซื้อกล้อง-canon-หนองบัวลำภู","","(no link)","รับซื้อ คอมพิวเตอร์ ในหนองบัวลำภู","/รับซื้อ/รับซื้อคอมพิวเตอร์-หนองบัวลำภู","รับซื้อ คอมพิวเตอร์ ในหนองบัวลำภู","added_sidebar_link_only","Batch 11 selective hub-spoke strengthening","ADDED"
"/รับซื้อ/รับซื้อกล้อง-canon-หนองบัวลำภู","","(no link)","รับซื้อ iPhone ในหนองบัวลำภู","/รับซื้อ/รับซื้อ-iphone-หนองบัวลำภู","รับซื้อ iPhone ในหนองบัวลำภู","added_sidebar_link_only","Batch 11 selective hub-spoke strengthening","ADDED"
"/รับซื้อ/รับซื้อกล้อง-canon-อำนาจเจริญ","","(no link)","รับซื้อ โน๊ตบุ๊ค ในอำนาจเจริญ","/รับซื้อ/รับซื้อโน๊ตบุ๊ค-อำนาจเจริญ","รับซื้อ โน๊ตบุ๊ค ในอำนาจเจริญ","added_sidebar_link_only","Batch 11 selective hub-spoke strengthening","ADDED"
"/รับซื้อ/รับซื้อกล้อง-canon-อำนาจเจริญ","","(no link)","รับซื้อ MacBook ในอำนาจเจริญ","/รับซื้อ/รับซื้อ-macbook-อำนาจเจริญ","รับซื้อ MacBook ในอำนาจเจริญ","added_sidebar_link_only","Batch 11 selective hub-spoke strengthening","ADDED"
"/รับซื้อ/รับซื้อกล้อง-canon-อำนาจเจริญ","","(no link)","รับซื้อ คอมพิวเตอร์ ในอำนาจเจริญ","/รับซื้อ/รับซื้อคอมพิวเตอร์-อำนาจเจริญ","รับซื้อ คอมพิวเตอร์ ในอำนาจเจริญ","added_sidebar_link_only","Batch 11 selective hub-spoke strengthening","ADDED"
"/รับซื้อ/รับซื้อกล้อง-canon-อำนาจเจริญ","","(no link)","รับซื้อ iPhone ในอำนาจเจริญ","/รับซื้อ/รับซื้อ-iphone-อำนาจเจริญ","รับซื้อ iPhone ในอำนาจเจริญ","added_sidebar_link_only","Batch 11 selective hub-spoke strengthening","ADDED"
"/รับซื้อ/รับซื้อกล้อง-canon-อุดรธานี","","(no link)","รับซื้อ โน๊ตบุ๊ค ในอุดรธานี","/รับซื้อ/รับซื้อโน๊ตบุ๊ค-อุดรธานี","รับซื้อ โน๊ตบุ๊ค ในอุดรธานี","added_sidebar_link_only","Batch 11 selective hub-spoke strengthening","ADDED"
"/รับซื้อ/รับซื้อกล้อง-canon-อุดรธานี","","(no link)","รับซื้อ MacBook ในอุดรธานี","/รับซื้อ/รับซื้อ-macbook-อุดรธานี","รับซื้อ MacBook ในอุดรธานี","added_sidebar_link_only","Batch 11 selective hub-spoke strengthening","ADDED"
"/รับซื้อ/รับซื้อกล้อง-canon-อุดรธานี","","(no link)","รับซื้อ คอมพิวเตอร์ ในอุดรธานี","/รับซื้อ/รับซื้อคอมพิวเตอร์-อุดรธานี","รับซื้อ คอมพิวเตอร์ ในอุดรธานี","added_sidebar_link_only","Batch 11 selective hub-spoke strengthening","ADDED"
"/รับซื้อ/รับซื้อกล้อง-canon-อุดรธานี","","(no link)","รับซื้อ iPhone ในอุดรธานี","/รับซื้อ/รับซื้อ-iphone-อุดรธานี","รับซื้อ iPhone ในอุดรธานี","added_sidebar_link_only","Batch 11 selective hub-spoke strengthening","ADDED"
"/รับซื้อ/รับซื้อกล้อง-canon-อุบลราชธานี","","(no link)","รับซื้อโน๊ตบุ๊ค ในอุบลราชธานี","/รับซื้อ/รับซื้อโน๊ตบุ๊ค-อุบลราชธานี","รับซื้อโน๊ตบุ๊ค ในอุบลราชธานี","added_sidebar_link_only","Batch 11 selective hub-spoke strengthening","ADDED"
"/รับซื้อ/รับซื้อกล้อง-canon-อุบลราชธานี","","(no link)","รับซื้อ MacBook ในอุบลราชธานี","/รับซื้อ/รับซื้อ-macbook-อุบลราชธานี","รับซื้อ MacBook ในอุบลราชธานี","added_sidebar_link_only","Batch 11 selective hub-spoke strengthening","ADDED"
"/รับซื้อ/รับซื้อกล้อง-canon-อุบลราชธานี","","(no link)","รับซื้อคอมพิวเตอร์ ในอุบลราชธานี","/รับซื้อ/รับซื้อคอมพิวเตอร์-อุบลราชธานี","รับซื้อคอมพิวเตอร์ ในอุบลราชธานี","added_sidebar_link_only","Batch 11 selective hub-spoke strengthening","ADDED"
"/รับซื้อ/รับซื้อกล้อง-canon-อุบลราชธานี","","(no link)","รับซื้อ iPhone ในอุบลราชธานี","/รับซื้อ/รับซื้อ-iphone-อุบลราชธานี","รับซื้อ iPhone ในอุบลราชธานี","added_sidebar_link_only","Batch 11 selective hub-spoke strengthening","ADDED"
"/รับซื้อ/รับซื้อกล้อง-canon-เลย","","(no link)","รับซื้อ โน๊ตบุ๊ค ในเลย","/รับซื้อ/รับซื้อโน๊ตบุ๊ค-เลย","รับซื้อ โน๊ตบุ๊ค ในเลย","added_sidebar_link_only","Batch 11 selective hub-spoke strengthening","ADDED"
"/รับซื้อ/รับซื้อกล้อง-canon-เลย","","(no link)","รับซื้อ MacBook ในเลย","/รับซื้อ/รับซื้อ-macbook-เลย","รับซื้อ MacBook ในเลย","added_sidebar_link_only","Batch 11 selective hub-spoke strengthening","ADDED"
"/รับซื้อ/รับซื้อกล้อง-canon-เลย","","(no link)","รับซื้อ คอมพิวเตอร์ ในเลย","/รับซื้อ/รับซื้อคอมพิวเตอร์-เลย","รับซื้อ คอมพิวเตอร์ ในเลย","added_sidebar_link_only","Batch 11 selective hub-spoke strengthening","ADDED"
"/รับซื้อ/รับซื้อกล้อง-canon-เลย","","(no link)","รับซื้อ iPhone ในเลย","/รับซื้อ/รับซื้อ-iphone-เลย","รับซื้อ iPhone ในเลย","added_sidebar_link_only","Batch 11 selective hub-spoke strengthening","ADDED"
"/รับซื้อ/รับซื้อกล้อง-fujifilm-กาฬสินธุ์","","(no link)","รับซื้อ โน๊ตบุ๊ค ในกาฬสินธุ์","/รับซื้อ/รับซื้อโน๊ตบุ๊ค-กาฬสินธุ์","รับซื้อ โน๊ตบุ๊ค ในกาฬสินธุ์","added_sidebar_link_only","Batch 11 selective hub-spoke strengthening","ADDED"
"/รับซื้อ/รับซื้อกล้อง-fujifilm-กาฬสินธุ์","","(no link)","รับซื้อ MacBook ในกาฬสินธุ์","/รับซื้อ/รับซื้อ-macbook-กาฬสินธุ์","รับซื้อ MacBook ในกาฬสินธุ์","added_sidebar_link_only","Batch 11 selective hub-spoke strengthening","ADDED"
"/รับซื้อ/รับซื้อกล้อง-fujifilm-กาฬสินธุ์","","(no link)","รับซื้อ คอมพิวเตอร์ ในกาฬสินธุ์","/รับซื้อ/รับซื้อคอมพิวเตอร์-กาฬสินธุ์","รับซื้อ คอมพิวเตอร์ ในกาฬสินธุ์","added_sidebar_link_only","Batch 11 selective hub-spoke strengthening","ADDED"
"/รับซื้อ/รับซื้อกล้อง-fujifilm-กาฬสินธุ์","","(no link)","รับซื้อ iPhone ในกาฬสินธุ์","/รับซื้อ/รับซื้อ-iphone-กาฬสินธุ์","รับซื้อ iPhone ในกาฬสินธุ์","added_sidebar_link_only","Batch 11 selective hub-spoke strengthening","ADDED"
"/รับซื้อ/รับซื้อกล้อง-fujifilm-ขอนแก่น","","(no link)","รับซื้อ โน๊ตบุ๊ค ในขอนแก่น","/รับซื้อ/รับซื้อโน๊ตบุ๊ค-ขอนแก่น","รับซื้อ โน๊ตบุ๊ค ในขอนแก่น","added_sidebar_link_only","Batch 11 selective hub-spoke strengthening","ADDED"
"/รับซื้อ/รับซื้อกล้อง-fujifilm-ขอนแก่น","","(no link)","รับซื้อ MacBook ในขอนแก่น","/รับซื้อ/รับซื้อ-macbook-ขอนแก่น","รับซื้อ MacBook ในขอนแก่น","added_sidebar_link_only","Batch 11 selective hub-spoke strengthening","ADDED"
"/รับซื้อ/รับซื้อกล้อง-fujifilm-ขอนแก่น","","(no link)","รับซื้อ คอมพิวเตอร์ ในขอนแก่น","/รับซื้อ/รับซื้อคอมพิวเตอร์-ขอนแก่น","รับซื้อ คอมพิวเตอร์ ในขอนแก่น","added_sidebar_link_only","Batch 11 selective hub-spoke strengthening","ADDED"
"/รับซื้อ/รับซื้อกล้อง-fujifilm-ขอนแก่น","","(no link)","รับซื้อ iPhone ในขอนแก่น","/รับซื้อ/รับซื้อ-iphone-ขอนแก่น","รับซื้อ iPhone ในขอนแก่น","added_sidebar_link_only","Batch 11 selective hub-spoke strengthening","ADDED"
"/รับซื้อ/รับซื้อกล้อง-fujifilm-ชัยภูมิ","","(no link)","รับซื้อ โน๊ตบุ๊ค ในชัยภูมิ","/รับซื้อ/รับซื้อโน๊ตบุ๊ค-ชัยภูมิ","รับซื้อ โน๊ตบุ๊ค ในชัยภูมิ","added_sidebar_link_only","Batch 11 selective hub-spoke strengthening","ADDED"
"/รับซื้อ/รับซื้อกล้อง-fujifilm-ชัยภูมิ","","(no link)","รับซื้อ MacBook ในชัยภูมิ","/รับซื้อ/รับซื้อ-macbook-ชัยภูมิ","รับซื้อ MacBook ในชัยภูมิ","added_sidebar_link_only","Batch 11 selective hub-spoke strengthening","ADDED"
"/รับซื้อ/รับซื้อกล้อง-fujifilm-ชัยภูมิ","","(no link)","รับซื้อ คอมพิวเตอร์ ในชัยภูมิ","/รับซื้อ/รับซื้อคอมพิวเตอร์-ชัยภูมิ","รับซื้อ คอมพิวเตอร์ ในชัยภูมิ","added_sidebar_link_only","Batch 11 selective hub-spoke strengthening","ADDED"
"/รับซื้อ/รับซื้อกล้อง-fujifilm-ชัยภูมิ","","(no link)","รับซื้อ iPhone ในชัยภูมิ","/รับซื้อ/รับซื้อ-iphone-ชัยภูมิ","รับซื้อ iPhone ในชัยภูมิ","added_sidebar_link_only","Batch 11 selective hub-spoke strengthening","ADDED"
"/รับซื้อ/รับซื้อกล้อง-fujifilm-นครพนม","","(no link)","รับซื้อ โน๊ตบุ๊ค ในนครพนม","/รับซื้อ/รับซื้อโน๊ตบุ๊ค-นครพนม","รับซื้อ โน๊ตบุ๊ค ในนครพนม","added_sidebar_link_only","Batch 11 selective hub-spoke strengthening","ADDED"
"/รับซื้อ/รับซื้อกล้อง-fujifilm-นครพนม","","(no link)","รับซื้อ MacBook ในนครพนม","/รับซื้อ/รับซื้อ-macbook-นครพนม","รับซื้อ MacBook ในนครพนม","added_sidebar_link_only","Batch 11 selective hub-spoke strengthening","ADDED"
"/รับซื้อ/รับซื้อกล้อง-fujifilm-นครพนม","","(no link)","รับซื้อ คอมพิวเตอร์ ในนครพนม","/รับซื้อ/รับซื้อคอมพิวเตอร์-นครพนม","รับซื้อ คอมพิวเตอร์ ในนครพนม","added_sidebar_link_only","Batch 11 selective hub-spoke strengthening","ADDED"
"/รับซื้อ/รับซื้อกล้อง-fujifilm-นครพนม","","(no link)","รับซื้อ iPhone ในนครพนม","/รับซื้อ/รับซื้อ-iphone-นครพนม","รับซื้อ iPhone ในนครพนม","added_sidebar_link_only","Batch 11 selective hub-spoke strengthening","ADDED"
"/รับซื้อ/รับซื้อกล้อง-fujifilm-นครราชสีมา","","(no link)","รับซื้อ โน๊ตบุ๊ค ในนครราชสีมา","/รับซื้อ/รับซื้อโน๊ตบุ๊ค-นครราชสีมา","รับซื้อ โน๊ตบุ๊ค ในนครราชสีมา","added_sidebar_link_only","Batch 11 selective hub-spoke strengthening","ADDED"
"/รับซื้อ/รับซื้อกล้อง-fujifilm-นครราชสีมา","","(no link)","รับซื้อ MacBook ในนครราชสีมา","/รับซื้อ/รับซื้อ-macbook-นครราชสีมา","รับซื้อ MacBook ในนครราชสีมา","added_sidebar_link_only","Batch 11 selective hub-spoke strengthening","ADDED"
"/รับซื้อ/รับซื้อกล้อง-fujifilm-นครราชสีมา","","(no link)","รับซื้อ คอมพิวเตอร์ ในนครราชสีมา","/รับซื้อ/รับซื้อคอมพิวเตอร์-นครราชสีมา","รับซื้อ คอมพิวเตอร์ ในนครราชสีมา","added_sidebar_link_only","Batch 11 selective hub-spoke strengthening","ADDED"
"/รับซื้อ/รับซื้อกล้อง-fujifilm-นครราชสีมา","","(no link)","รับซื้อ iPhone ในนครราชสีมา","/รับซื้อ/รับซื้อ-iphone-นครราชสีมา","รับซื้อ iPhone ในนครราชสีมา","added_sidebar_link_only","Batch 11 selective hub-spoke strengthening","ADDED"
"/รับซื้อ/รับซื้อกล้อง-fujifilm-บึงกาฬ","","(no link)","รับซื้อ โน๊ตบุ๊ค ในบึงกาฬ","/รับซื้อ/รับซื้อโน๊ตบุ๊ค-บึงกาฬ","รับซื้อ โน๊ตบุ๊ค ในบึงกาฬ","added_sidebar_link_only","Batch 11 selective hub-spoke strengthening","ADDED"
"/รับซื้อ/รับซื้อกล้อง-fujifilm-บึงกาฬ","","(no link)","รับซื้อ MacBook ในบึงกาฬ","/รับซื้อ/รับซื้อ-macbook-บึงกาฬ","รับซื้อ MacBook ในบึงกาฬ","added_sidebar_link_only","Batch 11 selective hub-spoke strengthening","ADDED"
"/รับซื้อ/รับซื้อกล้อง-fujifilm-บึงกาฬ","","(no link)","รับซื้อ คอมพิวเตอร์ ในบึงกาฬ","/รับซื้อ/รับซื้อคอมพิวเตอร์-บึงกาฬ","รับซื้อ คอมพิวเตอร์ ในบึงกาฬ","added_sidebar_link_only","Batch 11 selective hub-spoke strengthening","ADDED"
"/รับซื้อ/รับซื้อกล้อง-fujifilm-บึงกาฬ","","(no link)","รับซื้อ iPhone ในบึงกาฬ","/รับซื้อ/รับซื้อ-iphone-บึงกาฬ","รับซื้อ iPhone ในบึงกาฬ","added_sidebar_link_only","Batch 11 selective hub-spoke strengthening","ADDED"
"/รับซื้อ/รับซื้อกล้อง-fujifilm-บุรีรัมย์","","(no link)","รับซื้อ โน๊ตบุ๊ค ในบุรีรัมย์","/รับซื้อ/รับซื้อโน๊ตบุ๊ค-บุรีรัมย์","รับซื้อ โน๊ตบุ๊ค ในบุรีรัมย์","added_sidebar_link_only","Batch 11 selective hub-spoke strengthening","ADDED"
"/รับซื้อ/รับซื้อกล้อง-fujifilm-บุรีรัมย์","","(no link)","รับซื้อ MacBook ในบุรีรัมย์","/รับซื้อ/รับซื้อ-macbook-บุรีรัมย์","รับซื้อ MacBook ในบุรีรัมย์","added_sidebar_link_only","Batch 11 selective hub-spoke strengthening","ADDED"
"/รับซื้อ/รับซื้อกล้อง-fujifilm-บุรีรัมย์","","(no link)","รับซื้อ คอมพิวเตอร์ ในบุรีรัมย์","/รับซื้อ/รับซื้อคอมพิวเตอร์-บุรีรัมย์","รับซื้อ คอมพิวเตอร์ ในบุรีรัมย์","added_sidebar_link_only","Batch 11 selective hub-spoke strengthening","ADDED"
"/รับซื้อ/รับซื้อกล้อง-fujifilm-บุรีรัมย์","","(no link)","รับซื้อ iPhone ในบุรีรัมย์","/รับซื้อ/รับซื้อ-iphone-บุรีรัมย์","รับซื้อ iPhone ในบุรีรัมย์","added_sidebar_link_only","Batch 11 selective hub-spoke strengthening","ADDED"
"/รับซื้อ/รับซื้อกล้อง-fujifilm-มหาสารคาม","","(no link)","รับซื้อ โน๊ตบุ๊ค ในมหาสารคาม","/รับซื้อ/รับซื้อโน๊ตบุ๊ค-มหาสารคาม","รับซื้อ โน๊ตบุ๊ค ในมหาสารคาม","added_sidebar_link_only","Batch 11 selective hub-spoke strengthening","ADDED"
"/รับซื้อ/รับซื้อกล้อง-fujifilm-มหาสารคาม","","(no link)","รับซื้อ MacBook ในมหาสารคาม","/รับซื้อ/รับซื้อ-macbook-มหาสารคาม","รับซื้อ MacBook ในมหาสารคาม","added_sidebar_link_only","Batch 11 selective hub-spoke strengthening","ADDED"
"/รับซื้อ/รับซื้อกล้อง-fujifilm-มหาสารคาม","","(no link)","รับซื้อ คอมพิวเตอร์ ในมหาสารคาม","/รับซื้อ/รับซื้อคอมพิวเตอร์-มหาสารคาม","รับซื้อ คอมพิวเตอร์ ในมหาสารคาม","added_sidebar_link_only","Batch 11 selective hub-spoke strengthening","ADDED"
"/รับซื้อ/รับซื้อกล้อง-fujifilm-มหาสารคาม","","(no link)","รับซื้อ iPhone ในมหาสารคาม","/รับซื้อ/รับซื้อ-iphone-มหาสารคาม","รับซื้อ iPhone ในมหาสารคาม","added_sidebar_link_only","Batch 11 selective hub-spoke strengthening","ADDED"
"/รับซื้อ/รับซื้อกล้อง-fujifilm-มุกดาหาร","","(no link)","รับซื้อ โน๊ตบุ๊ค ในมุกดาหาร","/รับซื้อ/รับซื้อโน๊ตบุ๊ค-มุกดาหาร","รับซื้อ โน๊ตบุ๊ค ในมุกดาหาร","added_sidebar_link_only","Batch 11 selective hub-spoke strengthening","ADDED"
"/รับซื้อ/รับซื้อกล้อง-fujifilm-มุกดาหาร","","(no link)","รับซื้อ MacBook ในมุกดาหาร","/รับซื้อ/รับซื้อ-macbook-มุกดาหาร","รับซื้อ MacBook ในมุกดาหาร","added_sidebar_link_only","Batch 11 selective hub-spoke strengthening","ADDED"
"/รับซื้อ/รับซื้อกล้อง-fujifilm-มุกดาหาร","","(no link)","รับซื้อ คอมพิวเตอร์ ในมุกดาหาร","/รับซื้อ/รับซื้อคอมพิวเตอร์-มุกดาหาร","รับซื้อ คอมพิวเตอร์ ในมุกดาหาร","added_sidebar_link_only","Batch 11 selective hub-spoke strengthening","ADDED"
"/รับซื้อ/รับซื้อกล้อง-fujifilm-มุกดาหาร","","(no link)","รับซื้อ iPhone ในมุกดาหาร","/รับซื้อ/รับซื้อ-iphone-มุกดาหาร","รับซื้อ iPhone ในมุกดาหาร","added_sidebar_link_only","Batch 11 selective hub-spoke strengthening","ADDED"
"/รับซื้อ/รับซื้อกล้อง-fujifilm-ยโสธร","","(no link)","รับซื้อ โน๊ตบุ๊ค ในยโสธร","/รับซื้อ/รับซื้อโน๊ตบุ๊ค-ยโสธร","รับซื้อ โน๊ตบุ๊ค ในยโสธร","added_sidebar_link_only","Batch 11 selective hub-spoke strengthening","ADDED"
"/รับซื้อ/รับซื้อกล้อง-fujifilm-ยโสธร","","(no link)","รับซื้อ MacBook ในยโสธร","/รับซื้อ/รับซื้อ-macbook-ยโสธร","รับซื้อ MacBook ในยโสธร","added_sidebar_link_only","Batch 11 selective hub-spoke strengthening","ADDED"
"/รับซื้อ/รับซื้อกล้อง-fujifilm-ยโสธร","","(no link)","รับซื้อ คอมพิวเตอร์ ในยโสธร","/รับซื้อ/รับซื้อคอมพิวเตอร์-ยโสธร","รับซื้อ คอมพิวเตอร์ ในยโสธร","added_sidebar_link_only","Batch 11 selective hub-spoke strengthening","ADDED"
"/รับซื้อ/รับซื้อกล้อง-fujifilm-ยโสธร","","(no link)","รับซื้อ iPhone ในยโสธร","/รับซื้อ/รับซื้อ-iphone-ยโสธร","รับซื้อ iPhone ในยโสธร","added_sidebar_link_only","Batch 11 selective hub-spoke strengthening","ADDED"
"/รับซื้อ/รับซื้อกล้อง-fujifilm-ร้อยเอ็ด","","(no link)","รับซื้อ โน๊ตบุ๊ค ในร้อยเอ็ด","/รับซื้อ/รับซื้อโน๊ตบุ๊ค-ร้อยเอ็ด","รับซื้อ โน๊ตบุ๊ค ในร้อยเอ็ด","added_sidebar_link_only","Batch 11 selective hub-spoke strengthening","ADDED"
"/รับซื้อ/รับซื้อกล้อง-fujifilm-ร้อยเอ็ด","","(no link)","รับซื้อ MacBook ในร้อยเอ็ด","/รับซื้อ/รับซื้อ-macbook-ร้อยเอ็ด","รับซื้อ MacBook ในร้อยเอ็ด","added_sidebar_link_only","Batch 11 selective hub-spoke strengthening","ADDED"
"/รับซื้อ/รับซื้อกล้อง-fujifilm-ร้อยเอ็ด","","(no link)","รับซื้อ คอมพิวเตอร์ ในร้อยเอ็ด","/รับซื้อ/รับซื้อคอมพิวเตอร์-ร้อยเอ็ด","รับซื้อ คอมพิวเตอร์ ในร้อยเอ็ด","added_sidebar_link_only","Batch 11 selective hub-spoke strengthening","ADDED"
"/รับซื้อ/รับซื้อกล้อง-fujifilm-ร้อยเอ็ด","","(no link)","รับซื้อ iPhone ในร้อยเอ็ด","/รับซื้อ/รับซื้อ-iphone-ร้อยเอ็ด","รับซื้อ iPhone ในร้อยเอ็ด","added_sidebar_link_only","Batch 11 selective hub-spoke strengthening","ADDED"
"/รับซื้อ/รับซื้อกล้อง-fujifilm-ศรีสะเกษ","","(no link)","รับซื้อ โน๊ตบุ๊ค ในศรีสะเกษ","/รับซื้อ/รับซื้อโน๊ตบุ๊ค-ศรีสะเกษ","รับซื้อ โน๊ตบุ๊ค ในศรีสะเกษ","added_sidebar_link_only","Batch 11 selective hub-spoke strengthening","ADDED"
"/รับซื้อ/รับซื้อกล้อง-fujifilm-ศรีสะเกษ","","(no link)","รับซื้อ MacBook ในศรีสะเกษ","/รับซื้อ/รับซื้อ-macbook-ศรีสะเกษ","รับซื้อ MacBook ในศรีสะเกษ","added_sidebar_link_only","Batch 11 selective hub-spoke strengthening","ADDED"
"/รับซื้อ/รับซื้อกล้อง-fujifilm-ศรีสะเกษ","","(no link)","รับซื้อ คอมพิวเตอร์ ในศรีสะเกษ","/รับซื้อ/รับซื้อคอมพิวเตอร์-ศรีสะเกษ","รับซื้อ คอมพิวเตอร์ ในศรีสะเกษ","added_sidebar_link_only","Batch 11 selective hub-spoke strengthening","ADDED"
"/รับซื้อ/รับซื้อกล้อง-fujifilm-ศรีสะเกษ","","(no link)","รับซื้อ iPhone ในศรีสะเกษ","/รับซื้อ/รับซื้อ-iphone-ศรีสะเกษ","รับซื้อ iPhone ในศรีสะเกษ","added_sidebar_link_only","Batch 11 selective hub-spoke strengthening","ADDED"
"/รับซื้อ/รับซื้อกล้อง-fujifilm-สกลนคร","","(no link)","รับซื้อ โน๊ตบุ๊ค ในสกลนคร","/รับซื้อ/รับซื้อโน๊ตบุ๊ค-สกลนคร","รับซื้อ โน๊ตบุ๊ค ในสกลนคร","added_sidebar_link_only","Batch 11 selective hub-spoke strengthening","ADDED"
"/รับซื้อ/รับซื้อกล้อง-fujifilm-สกลนคร","","(no link)","รับซื้อ MacBook ในสกลนคร","/รับซื้อ/รับซื้อ-macbook-สกลนคร","รับซื้อ MacBook ในสกลนคร","added_sidebar_link_only","Batch 11 selective hub-spoke strengthening","ADDED"
"/รับซื้อ/รับซื้อกล้อง-fujifilm-สกลนคร","","(no link)","รับซื้อ คอมพิวเตอร์ ในสกลนคร","/รับซื้อ/รับซื้อคอมพิวเตอร์-สกลนคร","รับซื้อ คอมพิวเตอร์ ในสกลนคร","added_sidebar_link_only","Batch 11 selective hub-spoke strengthening","ADDED"
"/รับซื้อ/รับซื้อกล้อง-fujifilm-สกลนคร","","(no link)","รับซื้อ iPhone ในสกลนคร","/รับซื้อ/รับซื้อ-iphone-สกลนคร","รับซื้อ iPhone ในสกลนคร","added_sidebar_link_only","Batch 11 selective hub-spoke strengthening","ADDED"
"/รับซื้อ/รับซื้อกล้อง-fujifilm-สุรินทร์","","(no link)","รับซื้อ โน๊ตบุ๊ค ในสุรินทร์","/รับซื้อ/รับซื้อโน๊ตบุ๊ค-สุรินทร์","รับซื้อ โน๊ตบุ๊ค ในสุรินทร์","added_sidebar_link_only","Batch 11 selective hub-spoke strengthening","ADDED"
"/รับซื้อ/รับซื้อกล้อง-fujifilm-สุรินทร์","","(no link)","รับซื้อ MacBook ในสุรินทร์","/รับซื้อ/รับซื้อ-macbook-สุรินทร์","รับซื้อ MacBook ในสุรินทร์","added_sidebar_link_only","Batch 11 selective hub-spoke strengthening","ADDED"
"/รับซื้อ/รับซื้อกล้อง-fujifilm-สุรินทร์","","(no link)","รับซื้อ คอมพิวเตอร์ ในสุรินทร์","/รับซื้อ/รับซื้อคอมพิวเตอร์-สุรินทร์","รับซื้อ คอมพิวเตอร์ ในสุรินทร์","added_sidebar_link_only","Batch 11 selective hub-spoke strengthening","ADDED"
"/รับซื้อ/รับซื้อกล้อง-fujifilm-สุรินทร์","","(no link)","รับซื้อ iPhone ในสุรินทร์","/รับซื้อ/รับซื้อ-iphone-สุรินทร์","รับซื้อ iPhone ในสุรินทร์","added_sidebar_link_only","Batch 11 selective hub-spoke strengthening","ADDED"
"/รับซื้อ/รับซื้อกล้อง-fujifilm-หนองคาย","","(no link)","รับซื้อ โน๊ตบุ๊ค ในหนองคาย","/รับซื้อ/รับซื้อโน๊ตบุ๊ค-หนองคาย","รับซื้อ โน๊ตบุ๊ค ในหนองคาย","added_sidebar_link_only","Batch 11 selective hub-spoke strengthening","ADDED"
"/รับซื้อ/รับซื้อกล้อง-fujifilm-หนองคาย","","(no link)","รับซื้อ MacBook ในหนองคาย","/รับซื้อ/รับซื้อ-macbook-หนองคาย","รับซื้อ MacBook ในหนองคาย","added_sidebar_link_only","Batch 11 selective hub-spoke strengthening","ADDED"
"/รับซื้อ/รับซื้อกล้อง-fujifilm-หนองคาย","","(no link)","รับซื้อ คอมพิวเตอร์ ในหนองคาย","/รับซื้อ/รับซื้อคอมพิวเตอร์-หนองคาย","รับซื้อ คอมพิวเตอร์ ในหนองคาย","added_sidebar_link_only","Batch 11 selective hub-spoke strengthening","ADDED"
"/รับซื้อ/รับซื้อกล้อง-fujifilm-หนองคาย","","(no link)","รับซื้อ iPhone ในหนองคาย","/รับซื้อ/รับซื้อ-iphone-หนองคาย","รับซื้อ iPhone ในหนองคาย","added_sidebar_link_only","Batch 11 selective hub-spoke strengthening","ADDED"
"/รับซื้อ/รับซื้อกล้อง-fujifilm-หนองบัวลำภู","","(no link)","รับซื้อ โน๊ตบุ๊ค ในหนองบัวลำภู","/รับซื้อ/รับซื้อโน๊ตบุ๊ค-หนองบัวลำภู","รับซื้อ โน๊ตบุ๊ค ในหนองบัวลำภู","added_sidebar_link_only","Batch 11 selective hub-spoke strengthening","ADDED"
"/รับซื้อ/รับซื้อกล้อง-fujifilm-หนองบัวลำภู","","(no link)","รับซื้อ MacBook ในหนองบัวลำภู","/รับซื้อ/รับซื้อ-macbook-หนองบัวลำภู","รับซื้อ MacBook ในหนองบัวลำภู","added_sidebar_link_only","Batch 11 selective hub-spoke strengthening","ADDED"
"/รับซื้อ/รับซื้อกล้อง-fujifilm-หนองบัวลำภู","","(no link)","รับซื้อ คอมพิวเตอร์ ในหนองบัวลำภู","/รับซื้อ/รับซื้อคอมพิวเตอร์-หนองบัวลำภู","รับซื้อ คอมพิวเตอร์ ในหนองบัวลำภู","added_sidebar_link_only","Batch 11 selective hub-spoke strengthening","ADDED"
"/รับซื้อ/รับซื้อกล้อง-fujifilm-หนองบัวลำภู","","(no link)","รับซื้อ iPhone ในหนองบัวลำภู","/รับซื้อ/รับซื้อ-iphone-หนองบัวลำภู","รับซื้อ iPhone ในหนองบัวลำภู","added_sidebar_link_only","Batch 11 selective hub-spoke strengthening","ADDED"
"/รับซื้อ/รับซื้อกล้อง-fujifilm-อำนาจเจริญ","","(no link)","รับซื้อ โน๊ตบุ๊ค ในอำนาจเจริญ","/รับซื้อ/รับซื้อโน๊ตบุ๊ค-อำนาจเจริญ","รับซื้อ โน๊ตบุ๊ค ในอำนาจเจริญ","added_sidebar_link_only","Batch 11 selective hub-spoke strengthening","ADDED"
"/รับซื้อ/รับซื้อกล้อง-fujifilm-อำนาจเจริญ","","(no link)","รับซื้อ MacBook ในอำนาจเจริญ","/รับซื้อ/รับซื้อ-macbook-อำนาจเจริญ","รับซื้อ MacBook ในอำนาจเจริญ","added_sidebar_link_only","Batch 11 selective hub-spoke strengthening","ADDED"
"/รับซื้อ/รับซื้อกล้อง-fujifilm-อำนาจเจริญ","","(no link)","รับซื้อ คอมพิวเตอร์ ในอำนาจเจริญ","/รับซื้อ/รับซื้อคอมพิวเตอร์-อำนาจเจริญ","รับซื้อ คอมพิวเตอร์ ในอำนาจเจริญ","added_sidebar_link_only","Batch 11 selective hub-spoke strengthening","ADDED"
"/รับซื้อ/รับซื้อกล้อง-fujifilm-อำนาจเจริญ","","(no link)","รับซื้อ iPhone ในอำนาจเจริญ","/รับซื้อ/รับซื้อ-iphone-อำนาจเจริญ","รับซื้อ iPhone ในอำนาจเจริญ","added_sidebar_link_only","Batch 11 selective hub-spoke strengthening","ADDED"
"/รับซื้อ/รับซื้อกล้อง-fujifilm-อุดรธานี","","(no link)","รับซื้อ โน๊ตบุ๊ค ในอุดรธานี","/รับซื้อ/รับซื้อโน๊ตบุ๊ค-อุดรธานี","รับซื้อ โน๊ตบุ๊ค ในอุดรธานี","added_sidebar_link_only","Batch 11 selective hub-spoke strengthening","ADDED"
"/รับซื้อ/รับซื้อกล้อง-fujifilm-อุดรธานี","","(no link)","รับซื้อ MacBook ในอุดรธานี","/รับซื้อ/รับซื้อ-macbook-อุดรธานี","รับซื้อ MacBook ในอุดรธานี","added_sidebar_link_only","Batch 11 selective hub-spoke strengthening","ADDED"
"/รับซื้อ/รับซื้อกล้อง-fujifilm-อุดรธานี","","(no link)","รับซื้อ คอมพิวเตอร์ ในอุดรธานี","/รับซื้อ/รับซื้อคอมพิวเตอร์-อุดรธานี","รับซื้อ คอมพิวเตอร์ ในอุดรธานี","added_sidebar_link_only","Batch 11 selective hub-spoke strengthening","ADDED"
"/รับซื้อ/รับซื้อกล้อง-fujifilm-อุดรธานี","","(no link)","รับซื้อ iPhone ในอุดรธานี","/รับซื้อ/รับซื้อ-iphone-อุดรธานี","รับซื้อ iPhone ในอุดรธานี","added_sidebar_link_only","Batch 11 selective hub-spoke strengthening","ADDED"
"/รับซื้อ/รับซื้อกล้อง-fujifilm-อุบลราชธานี","","(no link)","รับซื้อโน๊ตบุ๊ค ในอุบลราชธานี","/รับซื้อ/รับซื้อโน๊ตบุ๊ค-อุบลราชธานี","รับซื้อโน๊ตบุ๊ค ในอุบลราชธานี","added_sidebar_link_only","Batch 11 selective hub-spoke strengthening","ADDED"
"/รับซื้อ/รับซื้อกล้อง-fujifilm-อุบลราชธานี","","(no link)","รับซื้อ MacBook ในอุบลราชธานี","/รับซื้อ/รับซื้อ-macbook-อุบลราชธานี","รับซื้อ MacBook ในอุบลราชธานี","added_sidebar_link_only","Batch 11 selective hub-spoke strengthening","ADDED"
"/รับซื้อ/รับซื้อกล้อง-fujifilm-อุบลราชธานี","","(no link)","รับซื้อคอมพิวเตอร์ ในอุบลราชธานี","/รับซื้อ/รับซื้อคอมพิวเตอร์-อุบลราชธานี","รับซื้อคอมพิวเตอร์ ในอุบลราชธานี","added_sidebar_link_only","Batch 11 selective hub-spoke strengthening","ADDED"
"/รับซื้อ/รับซื้อกล้อง-fujifilm-อุบลราชธานี","","(no link)","รับซื้อ iPhone ในอุบลราชธานี","/รับซื้อ/รับซื้อ-iphone-อุบลราชธานี","รับซื้อ iPhone ในอุบลราชธานี","added_sidebar_link_only","Batch 11 selective hub-spoke strengthening","ADDED"
"/รับซื้อ/รับซื้อกล้อง-fujifilm-เลย","","(no link)","รับซื้อ โน๊ตบุ๊ค ในเลย","/รับซื้อ/รับซื้อโน๊ตบุ๊ค-เลย","รับซื้อ โน๊ตบุ๊ค ในเลย","added_sidebar_link_only","Batch 11 selective hub-spoke strengthening","ADDED"
"/รับซื้อ/รับซื้อกล้อง-fujifilm-เลย","","(no link)","รับซื้อ MacBook ในเลย","/รับซื้อ/รับซื้อ-macbook-เลย","รับซื้อ MacBook ในเลย","added_sidebar_link_only","Batch 11 selective hub-spoke strengthening","ADDED"
"/รับซื้อ/รับซื้อกล้อง-fujifilm-เลย","","(no link)","รับซื้อ คอมพิวเตอร์ ในเลย","/รับซื้อ/รับซื้อคอมพิวเตอร์-เลย","รับซื้อ คอมพิวเตอร์ ในเลย","added_sidebar_link_only","Batch 11 selective hub-spoke strengthening","ADDED"
"/รับซื้อ/รับซื้อกล้อง-fujifilm-เลย","","(no link)","รับซื้อ iPhone ในเลย","/รับซื้อ/รับซื้อ-iphone-เลย","รับซื้อ iPhone ในเลย","added_sidebar_link_only","Batch 11 selective hub-spoke strengthening","ADDED"
"/รับซื้อ/รับซื้อกล้อง-sony-กาฬสินธุ์","","(no link)","รับซื้อ โน๊ตบุ๊ค ในกาฬสินธุ์","/รับซื้อ/รับซื้อโน๊ตบุ๊ค-กาฬสินธุ์","รับซื้อ โน๊ตบุ๊ค ในกาฬสินธุ์","added_sidebar_link_only","Batch 11 selective hub-spoke strengthening","ADDED"
"/รับซื้อ/รับซื้อกล้อง-sony-กาฬสินธุ์","","(no link)","รับซื้อ MacBook ในกาฬสินธุ์","/รับซื้อ/รับซื้อ-macbook-กาฬสินธุ์","รับซื้อ MacBook ในกาฬสินธุ์","added_sidebar_link_only","Batch 11 selective hub-spoke strengthening","ADDED"
"/รับซื้อ/รับซื้อกล้อง-sony-กาฬสินธุ์","","(no link)","รับซื้อ คอมพิวเตอร์ ในกาฬสินธุ์","/รับซื้อ/รับซื้อคอมพิวเตอร์-กาฬสินธุ์","รับซื้อ คอมพิวเตอร์ ในกาฬสินธุ์","added_sidebar_link_only","Batch 11 selective hub-spoke strengthening","ADDED"
"/รับซื้อ/รับซื้อกล้อง-sony-กาฬสินธุ์","","(no link)","รับซื้อ iPhone ในกาฬสินธุ์","/รับซื้อ/รับซื้อ-iphone-กาฬสินธุ์","รับซื้อ iPhone ในกาฬสินธุ์","added_sidebar_link_only","Batch 11 selective hub-spoke strengthening","ADDED"
"/รับซื้อ/รับซื้อกล้อง-sony-ขอนแก่น","","(no link)","รับซื้อ โน๊ตบุ๊ค ในขอนแก่น","/รับซื้อ/รับซื้อโน๊ตบุ๊ค-ขอนแก่น","รับซื้อ โน๊ตบุ๊ค ในขอนแก่น","added_sidebar_link_only","Batch 11 selective hub-spoke strengthening","ADDED"
"/รับซื้อ/รับซื้อกล้อง-sony-ขอนแก่น","","(no link)","รับซื้อ MacBook ในขอนแก่น","/รับซื้อ/รับซื้อ-macbook-ขอนแก่น","รับซื้อ MacBook ในขอนแก่น","added_sidebar_link_only","Batch 11 selective hub-spoke strengthening","ADDED"
"/รับซื้อ/รับซื้อกล้อง-sony-ขอนแก่น","","(no link)","รับซื้อ คอมพิวเตอร์ ในขอนแก่น","/รับซื้อ/รับซื้อคอมพิวเตอร์-ขอนแก่น","รับซื้อ คอมพิวเตอร์ ในขอนแก่น","added_sidebar_link_only","Batch 11 selective hub-spoke strengthening","ADDED"
"/รับซื้อ/รับซื้อกล้อง-sony-ขอนแก่น","","(no link)","รับซื้อ iPhone ในขอนแก่น","/รับซื้อ/รับซื้อ-iphone-ขอนแก่น","รับซื้อ iPhone ในขอนแก่น","added_sidebar_link_only","Batch 11 selective hub-spoke strengthening","ADDED"
"/รับซื้อ/รับซื้อกล้อง-sony-ชัยภูมิ","","(no link)","รับซื้อ โน๊ตบุ๊ค ในชัยภูมิ","/รับซื้อ/รับซื้อโน๊ตบุ๊ค-ชัยภูมิ","รับซื้อ โน๊ตบุ๊ค ในชัยภูมิ","added_sidebar_link_only","Batch 11 selective hub-spoke strengthening","ADDED"
"/รับซื้อ/รับซื้อกล้อง-sony-ชัยภูมิ","","(no link)","รับซื้อ MacBook ในชัยภูมิ","/รับซื้อ/รับซื้อ-macbook-ชัยภูมิ","รับซื้อ MacBook ในชัยภูมิ","added_sidebar_link_only","Batch 11 selective hub-spoke strengthening","ADDED"
"/รับซื้อ/รับซื้อกล้อง-sony-ชัยภูมิ","","(no link)","รับซื้อ คอมพิวเตอร์ ในชัยภูมิ","/รับซื้อ/รับซื้อคอมพิวเตอร์-ชัยภูมิ","รับซื้อ คอมพิวเตอร์ ในชัยภูมิ","added_sidebar_link_only","Batch 11 selective hub-spoke strengthening","ADDED"
"/รับซื้อ/รับซื้อกล้อง-sony-ชัยภูมิ","","(no link)","รับซื้อ iPhone ในชัยภูมิ","/รับซื้อ/รับซื้อ-iphone-ชัยภูมิ","รับซื้อ iPhone ในชัยภูมิ","added_sidebar_link_only","Batch 11 selective hub-spoke strengthening","ADDED"
"/รับซื้อ/รับซื้อกล้อง-sony-นครพนม","","(no link)","รับซื้อ โน๊ตบุ๊ค ในนครพนม","/รับซื้อ/รับซื้อโน๊ตบุ๊ค-นครพนม","รับซื้อ โน๊ตบุ๊ค ในนครพนม","added_sidebar_link_only","Batch 11 selective hub-spoke strengthening","ADDED"
"/รับซื้อ/รับซื้อกล้อง-sony-นครพนม","","(no link)","รับซื้อ MacBook ในนครพนม","/รับซื้อ/รับซื้อ-macbook-นครพนม","รับซื้อ MacBook ในนครพนม","added_sidebar_link_only","Batch 11 selective hub-spoke strengthening","ADDED"
"/รับซื้อ/รับซื้อกล้อง-sony-นครพนม","","(no link)","รับซื้อ คอมพิวเตอร์ ในนครพนม","/รับซื้อ/รับซื้อคอมพิวเตอร์-นครพนม","รับซื้อ คอมพิวเตอร์ ในนครพนม","added_sidebar_link_only","Batch 11 selective hub-spoke strengthening","ADDED"
"/รับซื้อ/รับซื้อกล้อง-sony-นครพนม","","(no link)","รับซื้อ iPhone ในนครพนม","/รับซื้อ/รับซื้อ-iphone-นครพนม","รับซื้อ iPhone ในนครพนม","added_sidebar_link_only","Batch 11 selective hub-spoke strengthening","ADDED"
"/รับซื้อ/รับซื้อกล้อง-sony-นครราชสีมา","","(no link)","รับซื้อ โน๊ตบุ๊ค ในนครราชสีมา","/รับซื้อ/รับซื้อโน๊ตบุ๊ค-นครราชสีมา","รับซื้อ โน๊ตบุ๊ค ในนครราชสีมา","added_sidebar_link_only","Batch 11 selective hub-spoke strengthening","ADDED"
"/รับซื้อ/รับซื้อกล้อง-sony-นครราชสีมา","","(no link)","รับซื้อ MacBook ในนครราชสีมา","/รับซื้อ/รับซื้อ-macbook-นครราชสีมา","รับซื้อ MacBook ในนครราชสีมา","added_sidebar_link_only","Batch 11 selective hub-spoke strengthening","ADDED"
"/รับซื้อ/รับซื้อกล้อง-sony-นครราชสีมา","","(no link)","รับซื้อ คอมพิวเตอร์ ในนครราชสีมา","/รับซื้อ/รับซื้อคอมพิวเตอร์-นครราชสีมา","รับซื้อ คอมพิวเตอร์ ในนครราชสีมา","added_sidebar_link_only","Batch 11 selective hub-spoke strengthening","ADDED"
"/รับซื้อ/รับซื้อกล้อง-sony-นครราชสีมา","","(no link)","รับซื้อ iPhone ในนครราชสีมา","/รับซื้อ/รับซื้อ-iphone-นครราชสีมา","รับซื้อ iPhone ในนครราชสีมา","added_sidebar_link_only","Batch 11 selective hub-spoke strengthening","ADDED"
"/รับซื้อ/รับซื้อกล้อง-sony-บึงกาฬ","","(no link)","รับซื้อ โน๊ตบุ๊ค ในบึงกาฬ","/รับซื้อ/รับซื้อโน๊ตบุ๊ค-บึงกาฬ","รับซื้อ โน๊ตบุ๊ค ในบึงกาฬ","added_sidebar_link_only","Batch 11 selective hub-spoke strengthening","ADDED"
"/รับซื้อ/รับซื้อกล้อง-sony-บึงกาฬ","","(no link)","รับซื้อ MacBook ในบึงกาฬ","/รับซื้อ/รับซื้อ-macbook-บึงกาฬ","รับซื้อ MacBook ในบึงกาฬ","added_sidebar_link_only","Batch 11 selective hub-spoke strengthening","ADDED"
"/รับซื้อ/รับซื้อกล้อง-sony-บึงกาฬ","","(no link)","รับซื้อ คอมพิวเตอร์ ในบึงกาฬ","/รับซื้อ/รับซื้อคอมพิวเตอร์-บึงกาฬ","รับซื้อ คอมพิวเตอร์ ในบึงกาฬ","added_sidebar_link_only","Batch 11 selective hub-spoke strengthening","ADDED"
"/รับซื้อ/รับซื้อกล้อง-sony-บึงกาฬ","","(no link)","รับซื้อ iPhone ในบึงกาฬ","/รับซื้อ/รับซื้อ-iphone-บึงกาฬ","รับซื้อ iPhone ในบึงกาฬ","added_sidebar_link_only","Batch 11 selective hub-spoke strengthening","ADDED"
"/รับซื้อ/รับซื้อกล้อง-sony-บุรีรัมย์","","(no link)","รับซื้อ โน๊ตบุ๊ค ในบุรีรัมย์","/รับซื้อ/รับซื้อโน๊ตบุ๊ค-บุรีรัมย์","รับซื้อ โน๊ตบุ๊ค ในบุรีรัมย์","added_sidebar_link_only","Batch 11 selective hub-spoke strengthening","ADDED"
"/รับซื้อ/รับซื้อกล้อง-sony-บุรีรัมย์","","(no link)","รับซื้อ MacBook ในบุรีรัมย์","/รับซื้อ/รับซื้อ-macbook-บุรีรัมย์","รับซื้อ MacBook ในบุรีรัมย์","added_sidebar_link_only","Batch 11 selective hub-spoke strengthening","ADDED"
"/รับซื้อ/รับซื้อกล้อง-sony-บุรีรัมย์","","(no link)","รับซื้อ คอมพิวเตอร์ ในบุรีรัมย์","/รับซื้อ/รับซื้อคอมพิวเตอร์-บุรีรัมย์","รับซื้อ คอมพิวเตอร์ ในบุรีรัมย์","added_sidebar_link_only","Batch 11 selective hub-spoke strengthening","ADDED"
"/รับซื้อ/รับซื้อกล้อง-sony-บุรีรัมย์","","(no link)","รับซื้อ iPhone ในบุรีรัมย์","/รับซื้อ/รับซื้อ-iphone-บุรีรัมย์","รับซื้อ iPhone ในบุรีรัมย์","added_sidebar_link_only","Batch 11 selective hub-spoke strengthening","ADDED"
"/รับซื้อ/รับซื้อกล้อง-sony-มหาสารคาม","","(no link)","รับซื้อ โน๊ตบุ๊ค ในมหาสารคาม","/รับซื้อ/รับซื้อโน๊ตบุ๊ค-มหาสารคาม","รับซื้อ โน๊ตบุ๊ค ในมหาสารคาม","added_sidebar_link_only","Batch 11 selective hub-spoke strengthening","ADDED"
"/รับซื้อ/รับซื้อกล้อง-sony-มหาสารคาม","","(no link)","รับซื้อ MacBook ในมหาสารคาม","/รับซื้อ/รับซื้อ-macbook-มหาสารคาม","รับซื้อ MacBook ในมหาสารคาม","added_sidebar_link_only","Batch 11 selective hub-spoke strengthening","ADDED"
"/รับซื้อ/รับซื้อกล้อง-sony-มหาสารคาม","","(no link)","รับซื้อ คอมพิวเตอร์ ในมหาสารคาม","/รับซื้อ/รับซื้อคอมพิวเตอร์-มหาสารคาม","รับซื้อ คอมพิวเตอร์ ในมหาสารคาม","added_sidebar_link_only","Batch 11 selective hub-spoke strengthening","ADDED"
"/รับซื้อ/รับซื้อกล้อง-sony-มหาสารคาม","","(no link)","รับซื้อ iPhone ในมหาสารคาม","/รับซื้อ/รับซื้อ-iphone-มหาสารคาม","รับซื้อ iPhone ในมหาสารคาม","added_sidebar_link_only","Batch 11 selective hub-spoke strengthening","ADDED"
"/รับซื้อ/รับซื้อกล้อง-sony-มุกดาหาร","","(no link)","รับซื้อ โน๊ตบุ๊ค ในมุกดาหาร","/รับซื้อ/รับซื้อโน๊ตบุ๊ค-มุกดาหาร","รับซื้อ โน๊ตบุ๊ค ในมุกดาหาร","added_sidebar_link_only","Batch 11 selective hub-spoke strengthening","ADDED"
"/รับซื้อ/รับซื้อกล้อง-sony-มุกดาหาร","","(no link)","รับซื้อ MacBook ในมุกดาหาร","/รับซื้อ/รับซื้อ-macbook-มุกดาหาร","รับซื้อ MacBook ในมุกดาหาร","added_sidebar_link_only","Batch 11 selective hub-spoke strengthening","ADDED"
"/รับซื้อ/รับซื้อกล้อง-sony-มุกดาหาร","","(no link)","รับซื้อ คอมพิวเตอร์ ในมุกดาหาร","/รับซื้อ/รับซื้อคอมพิวเตอร์-มุกดาหาร","รับซื้อ คอมพิวเตอร์ ในมุกดาหาร","added_sidebar_link_only","Batch 11 selective hub-spoke strengthening","ADDED"
"/รับซื้อ/รับซื้อกล้อง-sony-มุกดาหาร","","(no link)","รับซื้อ iPhone ในมุกดาหาร","/รับซื้อ/รับซื้อ-iphone-มุกดาหาร","รับซื้อ iPhone ในมุกดาหาร","added_sidebar_link_only","Batch 11 selective hub-spoke strengthening","ADDED"
"/รับซื้อ/รับซื้อกล้อง-sony-ยโสธร","","(no link)","รับซื้อ โน๊ตบุ๊ค ในยโสธร","/รับซื้อ/รับซื้อโน๊ตบุ๊ค-ยโสธร","รับซื้อ โน๊ตบุ๊ค ในยโสธร","added_sidebar_link_only","Batch 11 selective hub-spoke strengthening","ADDED"
"/รับซื้อ/รับซื้อกล้อง-sony-ยโสธร","","(no link)","รับซื้อ MacBook ในยโสธร","/รับซื้อ/รับซื้อ-macbook-ยโสธร","รับซื้อ MacBook ในยโสธร","added_sidebar_link_only","Batch 11 selective hub-spoke strengthening","ADDED"
"/รับซื้อ/รับซื้อกล้อง-sony-ยโสธร","","(no link)","รับซื้อ คอมพิวเตอร์ ในยโสธร","/รับซื้อ/รับซื้อคอมพิวเตอร์-ยโสธร","รับซื้อ คอมพิวเตอร์ ในยโสธร","added_sidebar_link_only","Batch 11 selective hub-spoke strengthening","ADDED"
"/รับซื้อ/รับซื้อกล้อง-sony-ยโสธร","","(no link)","รับซื้อ iPhone ในยโสธร","/รับซื้อ/รับซื้อ-iphone-ยโสธร","รับซื้อ iPhone ในยโสธร","added_sidebar_link_only","Batch 11 selective hub-spoke strengthening","ADDED"
"/รับซื้อ/รับซื้อกล้อง-sony-ร้อยเอ็ด","","(no link)","รับซื้อ โน๊ตบุ๊ค ในร้อยเอ็ด","/รับซื้อ/รับซื้อโน๊ตบุ๊ค-ร้อยเอ็ด","รับซื้อ โน๊ตบุ๊ค ในร้อยเอ็ด","added_sidebar_link_only","Batch 11 selective hub-spoke strengthening","ADDED"
"/รับซื้อ/รับซื้อกล้อง-sony-ร้อยเอ็ด","","(no link)","รับซื้อ MacBook ในร้อยเอ็ด","/รับซื้อ/รับซื้อ-macbook-ร้อยเอ็ด","รับซื้อ MacBook ในร้อยเอ็ด","added_sidebar_link_only","Batch 11 selective hub-spoke strengthening","ADDED"
"/รับซื้อ/รับซื้อกล้อง-sony-ร้อยเอ็ด","","(no link)","รับซื้อ คอมพิวเตอร์ ในร้อยเอ็ด","/รับซื้อ/รับซื้อคอมพิวเตอร์-ร้อยเอ็ด","รับซื้อ คอมพิวเตอร์ ในร้อยเอ็ด","added_sidebar_link_only","Batch 11 selective hub-spoke strengthening","ADDED"
"/รับซื้อ/รับซื้อกล้อง-sony-ร้อยเอ็ด","","(no link)","รับซื้อ iPhone ในร้อยเอ็ด","/รับซื้อ/รับซื้อ-iphone-ร้อยเอ็ด","รับซื้อ iPhone ในร้อยเอ็ด","added_sidebar_link_only","Batch 11 selective hub-spoke strengthening","ADDED"
"/รับซื้อ/รับซื้อกล้อง-sony-ศรีสะเกษ","","(no link)","รับซื้อ โน๊ตบุ๊ค ในศรีสะเกษ","/รับซื้อ/รับซื้อโน๊ตบุ๊ค-ศรีสะเกษ","รับซื้อ โน๊ตบุ๊ค ในศรีสะเกษ","added_sidebar_link_only","Batch 11 selective hub-spoke strengthening","ADDED"
"/รับซื้อ/รับซื้อกล้อง-sony-ศรีสะเกษ","","(no link)","รับซื้อ MacBook ในศรีสะเกษ","/รับซื้อ/รับซื้อ-macbook-ศรีสะเกษ","รับซื้อ MacBook ในศรีสะเกษ","added_sidebar_link_only","Batch 11 selective hub-spoke strengthening","ADDED"
"/รับซื้อ/รับซื้อกล้อง-sony-ศรีสะเกษ","","(no link)","รับซื้อ คอมพิวเตอร์ ในศรีสะเกษ","/รับซื้อ/รับซื้อคอมพิวเตอร์-ศรีสะเกษ","รับซื้อ คอมพิวเตอร์ ในศรีสะเกษ","added_sidebar_link_only","Batch 11 selective hub-spoke strengthening","ADDED"
"/รับซื้อ/รับซื้อกล้อง-sony-ศรีสะเกษ","","(no link)","รับซื้อ iPhone ในศรีสะเกษ","/รับซื้อ/รับซื้อ-iphone-ศรีสะเกษ","รับซื้อ iPhone ในศรีสะเกษ","added_sidebar_link_only","Batch 11 selective hub-spoke strengthening","ADDED"
"/รับซื้อ/รับซื้อกล้อง-sony-สกลนคร","","(no link)","รับซื้อ โน๊ตบุ๊ค ในสกลนคร","/รับซื้อ/รับซื้อโน๊ตบุ๊ค-สกลนคร","รับซื้อ โน๊ตบุ๊ค ในสกลนคร","added_sidebar_link_only","Batch 11 selective hub-spoke strengthening","ADDED"
"/รับซื้อ/รับซื้อกล้อง-sony-สกลนคร","","(no link)","รับซื้อ MacBook ในสกลนคร","/รับซื้อ/รับซื้อ-macbook-สกลนคร","รับซื้อ MacBook ในสกลนคร","added_sidebar_link_only","Batch 11 selective hub-spoke strengthening","ADDED"
"/รับซื้อ/รับซื้อกล้อง-sony-สกลนคร","","(no link)","รับซื้อ คอมพิวเตอร์ ในสกลนคร","/รับซื้อ/รับซื้อคอมพิวเตอร์-สกลนคร","รับซื้อ คอมพิวเตอร์ ในสกลนคร","added_sidebar_link_only","Batch 11 selective hub-spoke strengthening","ADDED"
"/รับซื้อ/รับซื้อกล้อง-sony-สกลนคร","","(no link)","รับซื้อ iPhone ในสกลนคร","/รับซื้อ/รับซื้อ-iphone-สกลนคร","รับซื้อ iPhone ในสกลนคร","added_sidebar_link_only","Batch 11 selective hub-spoke strengthening","ADDED"
"/รับซื้อ/รับซื้อกล้อง-sony-สุรินทร์","","(no link)","รับซื้อ โน๊ตบุ๊ค ในสุรินทร์","/รับซื้อ/รับซื้อโน๊ตบุ๊ค-สุรินทร์","รับซื้อ โน๊ตบุ๊ค ในสุรินทร์","added_sidebar_link_only","Batch 11 selective hub-spoke strengthening","ADDED"
"/รับซื้อ/รับซื้อกล้อง-sony-สุรินทร์","","(no link)","รับซื้อ MacBook ในสุรินทร์","/รับซื้อ/รับซื้อ-macbook-สุรินทร์","รับซื้อ MacBook ในสุรินทร์","added_sidebar_link_only","Batch 11 selective hub-spoke strengthening","ADDED"
"/รับซื้อ/รับซื้อกล้อง-sony-สุรินทร์","","(no link)","รับซื้อ คอมพิวเตอร์ ในสุรินทร์","/รับซื้อ/รับซื้อคอมพิวเตอร์-สุรินทร์","รับซื้อ คอมพิวเตอร์ ในสุรินทร์","added_sidebar_link_only","Batch 11 selective hub-spoke strengthening","ADDED"
"/รับซื้อ/รับซื้อกล้อง-sony-สุรินทร์","","(no link)","รับซื้อ iPhone ในสุรินทร์","/รับซื้อ/รับซื้อ-iphone-สุรินทร์","รับซื้อ iPhone ในสุรินทร์","added_sidebar_link_only","Batch 11 selective hub-spoke strengthening","ADDED"
"/รับซื้อ/รับซื้อกล้อง-sony-หนองคาย","","(no link)","รับซื้อ โน๊ตบุ๊ค ในหนองคาย","/รับซื้อ/รับซื้อโน๊ตบุ๊ค-หนองคาย","รับซื้อ โน๊ตบุ๊ค ในหนองคาย","added_sidebar_link_only","Batch 11 selective hub-spoke strengthening","ADDED"
"/รับซื้อ/รับซื้อกล้อง-sony-หนองคาย","","(no link)","รับซื้อ MacBook ในหนองคาย","/รับซื้อ/รับซื้อ-macbook-หนองคาย","รับซื้อ MacBook ในหนองคาย","added_sidebar_link_only","Batch 11 selective hub-spoke strengthening","ADDED"
"/รับซื้อ/รับซื้อกล้อง-sony-หนองคาย","","(no link)","รับซื้อ คอมพิวเตอร์ ในหนองคาย","/รับซื้อ/รับซื้อคอมพิวเตอร์-หนองคาย","รับซื้อ คอมพิวเตอร์ ในหนองคาย","added_sidebar_link_only","Batch 11 selective hub-spoke strengthening","ADDED"
"/รับซื้อ/รับซื้อกล้อง-sony-หนองคาย","","(no link)","รับซื้อ iPhone ในหนองคาย","/รับซื้อ/รับซื้อ-iphone-หนองคาย","รับซื้อ iPhone ในหนองคาย","added_sidebar_link_only","Batch 11 selective hub-spoke strengthening","ADDED"
"/รับซื้อ/รับซื้อกล้อง-sony-หนองบัวลำภู","","(no link)","รับซื้อ โน๊ตบุ๊ค ในหนองบัวลำภู","/รับซื้อ/รับซื้อโน๊ตบุ๊ค-หนองบัวลำภู","รับซื้อ โน๊ตบุ๊ค ในหนองบัวลำภู","added_sidebar_link_only","Batch 11 selective hub-spoke strengthening","ADDED"
"/รับซื้อ/รับซื้อกล้อง-sony-หนองบัวลำภู","","(no link)","รับซื้อ MacBook ในหนองบัวลำภู","/รับซื้อ/รับซื้อ-macbook-หนองบัวลำภู","รับซื้อ MacBook ในหนองบัวลำภู","added_sidebar_link_only","Batch 11 selective hub-spoke strengthening","ADDED"
"/รับซื้อ/รับซื้อกล้อง-sony-หนองบัวลำภู","","(no link)","รับซื้อ คอมพิวเตอร์ ในหนองบัวลำภู","/รับซื้อ/รับซื้อคอมพิวเตอร์-หนองบัวลำภู","รับซื้อ คอมพิวเตอร์ ในหนองบัวลำภู","added_sidebar_link_only","Batch 11 selective hub-spoke strengthening","ADDED"
"/รับซื้อ/รับซื้อกล้อง-sony-หนองบัวลำภู","","(no link)","รับซื้อ iPhone ในหนองบัวลำภู","/รับซื้อ/รับซื้อ-iphone-หนองบัวลำภู","รับซื้อ iPhone ในหนองบัวลำภู","added_sidebar_link_only","Batch 11 selective hub-spoke strengthening","ADDED"
"/รับซื้อ/รับซื้อกล้อง-sony-อำนาจเจริญ","","(no link)","รับซื้อ โน๊ตบุ๊ค ในอำนาจเจริญ","/รับซื้อ/รับซื้อโน๊ตบุ๊ค-อำนาจเจริญ","รับซื้อ โน๊ตบุ๊ค ในอำนาจเจริญ","added_sidebar_link_only","Batch 11 selective hub-spoke strengthening","ADDED"
"/รับซื้อ/รับซื้อกล้อง-sony-อำนาจเจริญ","","(no link)","รับซื้อ MacBook ในอำนาจเจริญ","/รับซื้อ/รับซื้อ-macbook-อำนาจเจริญ","รับซื้อ MacBook ในอำนาจเจริญ","added_sidebar_link_only","Batch 11 selective hub-spoke strengthening","ADDED"
"/รับซื้อ/รับซื้อกล้อง-sony-อำนาจเจริญ","","(no link)","รับซื้อ คอมพิวเตอร์ ในอำนาจเจริญ","/รับซื้อ/รับซื้อคอมพิวเตอร์-อำนาจเจริญ","รับซื้อ คอมพิวเตอร์ ในอำนาจเจริญ","added_sidebar_link_only","Batch 11 selective hub-spoke strengthening","ADDED"
"/รับซื้อ/รับซื้อกล้อง-sony-อำนาจเจริญ","","(no link)","รับซื้อ iPhone ในอำนาจเจริญ","/รับซื้อ/รับซื้อ-iphone-อำนาจเจริญ","รับซื้อ iPhone ในอำนาจเจริญ","added_sidebar_link_only","Batch 11 selective hub-spoke strengthening","ADDED"
"/รับซื้อ/รับซื้อกล้อง-sony-อุดรธานี","","(no link)","รับซื้อ โน๊ตบุ๊ค ในอุดรธานี","/รับซื้อ/รับซื้อโน๊ตบุ๊ค-อุดรธานี","รับซื้อ โน๊ตบุ๊ค ในอุดรธานี","added_sidebar_link_only","Batch 11 selective hub-spoke strengthening","ADDED"
"/รับซื้อ/รับซื้อกล้อง-sony-อุดรธานี","","(no link)","รับซื้อ MacBook ในอุดรธานี","/รับซื้อ/รับซื้อ-macbook-อุดรธานี","รับซื้อ MacBook ในอุดรธานี","added_sidebar_link_only","Batch 11 selective hub-spoke strengthening","ADDED"
"/รับซื้อ/รับซื้อกล้อง-sony-อุดรธานี","","(no link)","รับซื้อ คอมพิวเตอร์ ในอุดรธานี","/รับซื้อ/รับซื้อคอมพิวเตอร์-อุดรธานี","รับซื้อ คอมพิวเตอร์ ในอุดรธานี","added_sidebar_link_only","Batch 11 selective hub-spoke strengthening","ADDED"
"/รับซื้อ/รับซื้อกล้อง-sony-อุดรธานี","","(no link)","รับซื้อ iPhone ในอุดรธานี","/รับซื้อ/รับซื้อ-iphone-อุดรธานี","รับซื้อ iPhone ในอุดรธานี","added_sidebar_link_only","Batch 11 selective hub-spoke strengthening","ADDED"
"/รับซื้อ/รับซื้อกล้อง-sony-อุบลราชธานี","","(no link)","รับซื้อโน๊ตบุ๊ค ในอุบลราชธานี","/รับซื้อ/รับซื้อโน๊ตบุ๊ค-อุบลราชธานี","รับซื้อโน๊ตบุ๊ค ในอุบลราชธานี","added_sidebar_link_only","Batch 11 selective hub-spoke strengthening","ADDED"
"/รับซื้อ/รับซื้อกล้อง-sony-อุบลราชธานี","","(no link)","รับซื้อ MacBook ในอุบลราชธานี","/รับซื้อ/รับซื้อ-macbook-อุบลราชธานี","รับซื้อ MacBook ในอุบลราชธานี","added_sidebar_link_only","Batch 11 selective hub-spoke strengthening","ADDED"
"/รับซื้อ/รับซื้อกล้อง-sony-อุบลราชธานี","","(no link)","รับซื้อคอมพิวเตอร์ ในอุบลราชธานี","/รับซื้อ/รับซื้อคอมพิวเตอร์-อุบลราชธานี","รับซื้อคอมพิวเตอร์ ในอุบลราชธานี","added_sidebar_link_only","Batch 11 selective hub-spoke strengthening","ADDED"
"/รับซื้อ/รับซื้อกล้อง-sony-อุบลราชธานี","","(no link)","รับซื้อ iPhone ในอุบลราชธานี","/รับซื้อ/รับซื้อ-iphone-อุบลราชธานี","รับซื้อ iPhone ในอุบลราชธานี","added_sidebar_link_only","Batch 11 selective hub-spoke strengthening","ADDED"
"/รับซื้อ/รับซื้อกล้อง-sony-เลย","","(no link)","รับซื้อ โน๊ตบุ๊ค ในเลย","/รับซื้อ/รับซื้อโน๊ตบุ๊ค-เลย","รับซื้อ โน๊ตบุ๊ค ในเลย","added_sidebar_link_only","Batch 11 selective hub-spoke strengthening","ADDED"
"/รับซื้อ/รับซื้อกล้อง-sony-เลย","","(no link)","รับซื้อ MacBook ในเลย","/รับซื้อ/รับซื้อ-macbook-เลย","รับซื้อ MacBook ในเลย","added_sidebar_link_only","Batch 11 selective hub-spoke strengthening","ADDED"
"/รับซื้อ/รับซื้อกล้อง-sony-เลย","","(no link)","รับซื้อ คอมพิวเตอร์ ในเลย","/รับซื้อ/รับซื้อคอมพิวเตอร์-เลย","รับซื้อ คอมพิวเตอร์ ในเลย","added_sidebar_link_only","Batch 11 selective hub-spoke strengthening","ADDED"
"/รับซื้อ/รับซื้อกล้อง-sony-เลย","","(no link)","รับซื้อ iPhone ในเลย","/รับซื้อ/รับซื้อ-iphone-เลย","รับซื้อ iPhone ในเลย","added_sidebar_link_only","Batch 11 selective hub-spoke strengthening","ADDED"
"/รับซื้อ/รับซื้อกล้อง-กาฬสินธุ์","","(no link)","รับซื้อ โน๊ตบุ๊ค ในกาฬสินธุ์","/รับซื้อ/รับซื้อโน๊ตบุ๊ค-กาฬสินธุ์","รับซื้อ โน๊ตบุ๊ค ในกาฬสินธุ์","added_sidebar_link_only","Batch 11 selective hub-spoke strengthening","ADDED"
"/รับซื้อ/รับซื้อกล้อง-กาฬสินธุ์","","(no link)","รับซื้อ MacBook ในกาฬสินธุ์","/รับซื้อ/รับซื้อ-macbook-กาฬสินธุ์","รับซื้อ MacBook ในกาฬสินธุ์","added_sidebar_link_only","Batch 11 selective hub-spoke strengthening","ADDED"
"/รับซื้อ/รับซื้อกล้อง-กาฬสินธุ์","","(no link)","รับซื้อ คอมพิวเตอร์ ในกาฬสินธุ์","/รับซื้อ/รับซื้อคอมพิวเตอร์-กาฬสินธุ์","รับซื้อ คอมพิวเตอร์ ในกาฬสินธุ์","added_sidebar_link_only","Batch 11 selective hub-spoke strengthening","ADDED"
"/รับซื้อ/รับซื้อกล้อง-กาฬสินธุ์","","(no link)","รับซื้อ iPhone ในกาฬสินธุ์","/รับซื้อ/รับซื้อ-iphone-กาฬสินธุ์","รับซื้อ iPhone ในกาฬสินธุ์","added_sidebar_link_only","Batch 11 selective hub-spoke strengthening","ADDED"
"/รับซื้อ/รับซื้อกล้อง-ขอนแก่น","","(no link)","รับซื้อ โน๊ตบุ๊ค ในขอนแก่น","/รับซื้อ/รับซื้อโน๊ตบุ๊ค-ขอนแก่น","รับซื้อ โน๊ตบุ๊ค ในขอนแก่น","added_sidebar_link_only","Batch 11 selective hub-spoke strengthening","ADDED"
"/รับซื้อ/รับซื้อกล้อง-ขอนแก่น","","(no link)","รับซื้อ MacBook ในขอนแก่น","/รับซื้อ/รับซื้อ-macbook-ขอนแก่น","รับซื้อ MacBook ในขอนแก่น","added_sidebar_link_only","Batch 11 selective hub-spoke strengthening","ADDED"
"/รับซื้อ/รับซื้อกล้อง-ขอนแก่น","","(no link)","รับซื้อ คอมพิวเตอร์ ในขอนแก่น","/รับซื้อ/รับซื้อคอมพิวเตอร์-ขอนแก่น","รับซื้อ คอมพิวเตอร์ ในขอนแก่น","added_sidebar_link_only","Batch 11 selective hub-spoke strengthening","ADDED"
"/รับซื้อ/รับซื้อกล้อง-ขอนแก่น","","(no link)","รับซื้อ iPhone ในขอนแก่น","/รับซื้อ/รับซื้อ-iphone-ขอนแก่น","รับซื้อ iPhone ในขอนแก่น","added_sidebar_link_only","Batch 11 selective hub-spoke strengthening","ADDED"
"/รับซื้อ/รับซื้อกล้อง-ชัยภูมิ","","(no link)","รับซื้อ โน๊ตบุ๊ค ในชัยภูมิ","/รับซื้อ/รับซื้อโน๊ตบุ๊ค-ชัยภูมิ","รับซื้อ โน๊ตบุ๊ค ในชัยภูมิ","added_sidebar_link_only","Batch 11 selective hub-spoke strengthening","ADDED"
"/รับซื้อ/รับซื้อกล้อง-ชัยภูมิ","","(no link)","รับซื้อ MacBook ในชัยภูมิ","/รับซื้อ/รับซื้อ-macbook-ชัยภูมิ","รับซื้อ MacBook ในชัยภูมิ","added_sidebar_link_only","Batch 11 selective hub-spoke strengthening","ADDED"
"/รับซื้อ/รับซื้อกล้อง-ชัยภูมิ","","(no link)","รับซื้อ คอมพิวเตอร์ ในชัยภูมิ","/รับซื้อ/รับซื้อคอมพิวเตอร์-ชัยภูมิ","รับซื้อ คอมพิวเตอร์ ในชัยภูมิ","added_sidebar_link_only","Batch 11 selective hub-spoke strengthening","ADDED"
"/รับซื้อ/รับซื้อกล้อง-ชัยภูมิ","","(no link)","รับซื้อ iPhone ในชัยภูมิ","/รับซื้อ/รับซื้อ-iphone-ชัยภูมิ","รับซื้อ iPhone ในชัยภูมิ","added_sidebar_link_only","Batch 11 selective hub-spoke strengthening","ADDED"
"/รับซื้อ/รับซื้อกล้อง-นครพนม","","(no link)","รับซื้อ โน๊ตบุ๊ค ในนครพนม","/รับซื้อ/รับซื้อโน๊ตบุ๊ค-นครพนม","รับซื้อ โน๊ตบุ๊ค ในนครพนม","added_sidebar_link_only","Batch 11 selective hub-spoke strengthening","ADDED"
"/รับซื้อ/รับซื้อกล้อง-นครพนม","","(no link)","รับซื้อ MacBook ในนครพนม","/รับซื้อ/รับซื้อ-macbook-นครพนม","รับซื้อ MacBook ในนครพนม","added_sidebar_link_only","Batch 11 selective hub-spoke strengthening","ADDED"
"/รับซื้อ/รับซื้อกล้อง-นครพนม","","(no link)","รับซื้อ คอมพิวเตอร์ ในนครพนม","/รับซื้อ/รับซื้อคอมพิวเตอร์-นครพนม","รับซื้อ คอมพิวเตอร์ ในนครพนม","added_sidebar_link_only","Batch 11 selective hub-spoke strengthening","ADDED"
"/รับซื้อ/รับซื้อกล้อง-นครพนม","","(no link)","รับซื้อ iPhone ในนครพนม","/รับซื้อ/รับซื้อ-iphone-นครพนม","รับซื้อ iPhone ในนครพนม","added_sidebar_link_only","Batch 11 selective hub-spoke strengthening","ADDED"
"/รับซื้อ/รับซื้อกล้อง-นครราชสีมา","","(no link)","รับซื้อ โน๊ตบุ๊ค ในนครราชสีมา","/รับซื้อ/รับซื้อโน๊ตบุ๊ค-นครราชสีมา","รับซื้อ โน๊ตบุ๊ค ในนครราชสีมา","added_sidebar_link_only","Batch 11 selective hub-spoke strengthening","ADDED"
"/รับซื้อ/รับซื้อกล้อง-นครราชสีมา","","(no link)","รับซื้อ MacBook ในนครราชสีมา","/รับซื้อ/รับซื้อ-macbook-นครราชสีมา","รับซื้อ MacBook ในนครราชสีมา","added_sidebar_link_only","Batch 11 selective hub-spoke strengthening","ADDED"
"/รับซื้อ/รับซื้อกล้อง-นครราชสีมา","","(no link)","รับซื้อ คอมพิวเตอร์ ในนครราชสีมา","/รับซื้อ/รับซื้อคอมพิวเตอร์-นครราชสีมา","รับซื้อ คอมพิวเตอร์ ในนครราชสีมา","added_sidebar_link_only","Batch 11 selective hub-spoke strengthening","ADDED"
"/รับซื้อ/รับซื้อกล้อง-นครราชสีมา","","(no link)","รับซื้อ iPhone ในนครราชสีมา","/รับซื้อ/รับซื้อ-iphone-นครราชสีมา","รับซื้อ iPhone ในนครราชสีมา","added_sidebar_link_only","Batch 11 selective hub-spoke strengthening","ADDED"
"/รับซื้อ/รับซื้อกล้อง-บึงกาฬ","","(no link)","รับซื้อ โน๊ตบุ๊ค ในบึงกาฬ","/รับซื้อ/รับซื้อโน๊ตบุ๊ค-บึงกาฬ","รับซื้อ โน๊ตบุ๊ค ในบึงกาฬ","added_sidebar_link_only","Batch 11 selective hub-spoke strengthening","ADDED"
"/รับซื้อ/รับซื้อกล้อง-บึงกาฬ","","(no link)","รับซื้อ MacBook ในบึงกาฬ","/รับซื้อ/รับซื้อ-macbook-บึงกาฬ","รับซื้อ MacBook ในบึงกาฬ","added_sidebar_link_only","Batch 11 selective hub-spoke strengthening","ADDED"
"/รับซื้อ/รับซื้อกล้อง-บึงกาฬ","","(no link)","รับซื้อ คอมพิวเตอร์ ในบึงกาฬ","/รับซื้อ/รับซื้อคอมพิวเตอร์-บึงกาฬ","รับซื้อ คอมพิวเตอร์ ในบึงกาฬ","added_sidebar_link_only","Batch 11 selective hub-spoke strengthening","ADDED"
"/รับซื้อ/รับซื้อกล้อง-บึงกาฬ","","(no link)","รับซื้อ iPhone ในบึงกาฬ","/รับซื้อ/รับซื้อ-iphone-บึงกาฬ","รับซื้อ iPhone ในบึงกาฬ","added_sidebar_link_only","Batch 11 selective hub-spoke strengthening","ADDED"
"/รับซื้อ/รับซื้อกล้อง-บุรีรัมย์","","(no link)","รับซื้อ โน๊ตบุ๊ค ในบุรีรัมย์","/รับซื้อ/รับซื้อโน๊ตบุ๊ค-บุรีรัมย์","รับซื้อ โน๊ตบุ๊ค ในบุรีรัมย์","added_sidebar_link_only","Batch 11 selective hub-spoke strengthening","ADDED"
"/รับซื้อ/รับซื้อกล้อง-บุรีรัมย์","","(no link)","รับซื้อ MacBook ในบุรีรัมย์","/รับซื้อ/รับซื้อ-macbook-บุรีรัมย์","รับซื้อ MacBook ในบุรีรัมย์","added_sidebar_link_only","Batch 11 selective hub-spoke strengthening","ADDED"
"/รับซื้อ/รับซื้อกล้อง-บุรีรัมย์","","(no link)","รับซื้อ คอมพิวเตอร์ ในบุรีรัมย์","/รับซื้อ/รับซื้อคอมพิวเตอร์-บุรีรัมย์","รับซื้อ คอมพิวเตอร์ ในบุรีรัมย์","added_sidebar_link_only","Batch 11 selective hub-spoke strengthening","ADDED"
"/รับซื้อ/รับซื้อกล้อง-บุรีรัมย์","","(no link)","รับซื้อ iPhone ในบุรีรัมย์","/รับซื้อ/รับซื้อ-iphone-บุรีรัมย์","รับซื้อ iPhone ในบุรีรัมย์","added_sidebar_link_only","Batch 11 selective hub-spoke strengthening","ADDED"
"/รับซื้อ/รับซื้อกล้อง-มหาสารคาม","","(no link)","รับซื้อ โน๊ตบุ๊ค ในมหาสารคาม","/รับซื้อ/รับซื้อโน๊ตบุ๊ค-มหาสารคาม","รับซื้อ โน๊ตบุ๊ค ในมหาสารคาม","added_sidebar_link_only","Batch 11 selective hub-spoke strengthening","ADDED"
"/รับซื้อ/รับซื้อกล้อง-มหาสารคาม","","(no link)","รับซื้อ MacBook ในมหาสารคาม","/รับซื้อ/รับซื้อ-macbook-มหาสารคาม","รับซื้อ MacBook ในมหาสารคาม","added_sidebar_link_only","Batch 11 selective hub-spoke strengthening","ADDED"
"/รับซื้อ/รับซื้อกล้อง-มหาสารคาม","","(no link)","รับซื้อ คอมพิวเตอร์ ในมหาสารคาม","/รับซื้อ/รับซื้อคอมพิวเตอร์-มหาสารคาม","รับซื้อ คอมพิวเตอร์ ในมหาสารคาม","added_sidebar_link_only","Batch 11 selective hub-spoke strengthening","ADDED"
"/รับซื้อ/รับซื้อกล้อง-มหาสารคาม","","(no link)","รับซื้อ iPhone ในมหาสารคาม","/รับซื้อ/รับซื้อ-iphone-มหาสารคาม","รับซื้อ iPhone ในมหาสารคาม","added_sidebar_link_only","Batch 11 selective hub-spoke strengthening","ADDED"
"/รับซื้อ/รับซื้อกล้อง-มุกดาหาร","","(no link)","รับซื้อ โน๊ตบุ๊ค ในมุกดาหาร","/รับซื้อ/รับซื้อโน๊ตบุ๊ค-มุกดาหาร","รับซื้อ โน๊ตบุ๊ค ในมุกดาหาร","added_sidebar_link_only","Batch 11 selective hub-spoke strengthening","ADDED"
"/รับซื้อ/รับซื้อกล้อง-มุกดาหาร","","(no link)","รับซื้อ MacBook ในมุกดาหาร","/รับซื้อ/รับซื้อ-macbook-มุกดาหาร","รับซื้อ MacBook ในมุกดาหาร","added_sidebar_link_only","Batch 11 selective hub-spoke strengthening","ADDED"
"/รับซื้อ/รับซื้อกล้อง-มุกดาหาร","","(no link)","รับซื้อ คอมพิวเตอร์ ในมุกดาหาร","/รับซื้อ/รับซื้อคอมพิวเตอร์-มุกดาหาร","รับซื้อ คอมพิวเตอร์ ในมุกดาหาร","added_sidebar_link_only","Batch 11 selective hub-spoke strengthening","ADDED"
"/รับซื้อ/รับซื้อกล้อง-มุกดาหาร","","(no link)","รับซื้อ iPhone ในมุกดาหาร","/รับซื้อ/รับซื้อ-iphone-มุกดาหาร","รับซื้อ iPhone ในมุกดาหาร","added_sidebar_link_only","Batch 11 selective hub-spoke strengthening","ADDED"
"/รับซื้อ/รับซื้อกล้อง-ยโสธร","","(no link)","รับซื้อ โน๊ตบุ๊ค ในยโสธร","/รับซื้อ/รับซื้อโน๊ตบุ๊ค-ยโสธร","รับซื้อ โน๊ตบุ๊ค ในยโสธร","added_sidebar_link_only","Batch 11 selective hub-spoke strengthening","ADDED"
"/รับซื้อ/รับซื้อกล้อง-ยโสธร","","(no link)","รับซื้อ MacBook ในยโสธร","/รับซื้อ/รับซื้อ-macbook-ยโสธร","รับซื้อ MacBook ในยโสธร","added_sidebar_link_only","Batch 11 selective hub-spoke strengthening","ADDED"
"/รับซื้อ/รับซื้อกล้อง-ยโสธร","","(no link)","รับซื้อ คอมพิวเตอร์ ในยโสธร","/รับซื้อ/รับซื้อคอมพิวเตอร์-ยโสธร","รับซื้อ คอมพิวเตอร์ ในยโสธร","added_sidebar_link_only","Batch 11 selective hub-spoke strengthening","ADDED"
"/รับซื้อ/รับซื้อกล้อง-ยโสธร","","(no link)","รับซื้อ iPhone ในยโสธร","/รับซื้อ/รับซื้อ-iphone-ยโสธร","รับซื้อ iPhone ในยโสธร","added_sidebar_link_only","Batch 11 selective hub-spoke strengthening","ADDED"
"/รับซื้อ/รับซื้อกล้อง-ร้อยเอ็ด","","(no link)","รับซื้อ โน๊ตบุ๊ค ในร้อยเอ็ด","/รับซื้อ/รับซื้อโน๊ตบุ๊ค-ร้อยเอ็ด","รับซื้อ โน๊ตบุ๊ค ในร้อยเอ็ด","added_sidebar_link_only","Batch 11 selective hub-spoke strengthening","ADDED"
"/รับซื้อ/รับซื้อกล้อง-ร้อยเอ็ด","","(no link)","รับซื้อ MacBook ในร้อยเอ็ด","/รับซื้อ/รับซื้อ-macbook-ร้อยเอ็ด","รับซื้อ MacBook ในร้อยเอ็ด","added_sidebar_link_only","Batch 11 selective hub-spoke strengthening","ADDED"
"/รับซื้อ/รับซื้อกล้อง-ร้อยเอ็ด","","(no link)","รับซื้อ คอมพิวเตอร์ ในร้อยเอ็ด","/รับซื้อ/รับซื้อคอมพิวเตอร์-ร้อยเอ็ด","รับซื้อ คอมพิวเตอร์ ในร้อยเอ็ด","added_sidebar_link_only","Batch 11 selective hub-spoke strengthening","ADDED"
"/รับซื้อ/รับซื้อกล้อง-ร้อยเอ็ด","","(no link)","รับซื้อ iPhone ในร้อยเอ็ด","/รับซื้อ/รับซื้อ-iphone-ร้อยเอ็ด","รับซื้อ iPhone ในร้อยเอ็ด","added_sidebar_link_only","Batch 11 selective hub-spoke strengthening","ADDED"
"/รับซื้อ/รับซื้อกล้อง-ศรีสะเกษ","","(no link)","รับซื้อ โน๊ตบุ๊ค ในศรีสะเกษ","/รับซื้อ/รับซื้อโน๊ตบุ๊ค-ศรีสะเกษ","รับซื้อ โน๊ตบุ๊ค ในศรีสะเกษ","added_sidebar_link_only","Batch 11 selective hub-spoke strengthening","ADDED"
"/รับซื้อ/รับซื้อกล้อง-ศรีสะเกษ","","(no link)","รับซื้อ MacBook ในศรีสะเกษ","/รับซื้อ/รับซื้อ-macbook-ศรีสะเกษ","รับซื้อ MacBook ในศรีสะเกษ","added_sidebar_link_only","Batch 11 selective hub-spoke strengthening","ADDED"
"/รับซื้อ/รับซื้อกล้อง-ศรีสะเกษ","","(no link)","รับซื้อ คอมพิวเตอร์ ในศรีสะเกษ","/รับซื้อ/รับซื้อคอมพิวเตอร์-ศรีสะเกษ","รับซื้อ คอมพิวเตอร์ ในศรีสะเกษ","added_sidebar_link_only","Batch 11 selective hub-spoke strengthening","ADDED"
"/รับซื้อ/รับซื้อกล้อง-ศรีสะเกษ","","(no link)","รับซื้อ iPhone ในศรีสะเกษ","/รับซื้อ/รับซื้อ-iphone-ศรีสะเกษ","รับซื้อ iPhone ในศรีสะเกษ","added_sidebar_link_only","Batch 11 selective hub-spoke strengthening","ADDED"
"/รับซื้อ/รับซื้อกล้อง-สกลนคร","","(no link)","รับซื้อ โน๊ตบุ๊ค ในสกลนคร","/รับซื้อ/รับซื้อโน๊ตบุ๊ค-สกลนคร","รับซื้อ โน๊ตบุ๊ค ในสกลนคร","added_sidebar_link_only","Batch 11 selective hub-spoke strengthening","ADDED"
"/รับซื้อ/รับซื้อกล้อง-สกลนคร","","(no link)","รับซื้อ MacBook ในสกลนคร","/รับซื้อ/รับซื้อ-macbook-สกลนคร","รับซื้อ MacBook ในสกลนคร","added_sidebar_link_only","Batch 11 selective hub-spoke strengthening","ADDED"
"/รับซื้อ/รับซื้อกล้อง-สกลนคร","","(no link)","รับซื้อ คอมพิวเตอร์ ในสกลนคร","/รับซื้อ/รับซื้อคอมพิวเตอร์-สกลนคร","รับซื้อ คอมพิวเตอร์ ในสกลนคร","added_sidebar_link_only","Batch 11 selective hub-spoke strengthening","ADDED"
"/รับซื้อ/รับซื้อกล้อง-สกลนคร","","(no link)","รับซื้อ iPhone ในสกลนคร","/รับซื้อ/รับซื้อ-iphone-สกลนคร","รับซื้อ iPhone ในสกลนคร","added_sidebar_link_only","Batch 11 selective hub-spoke strengthening","ADDED"
"/รับซื้อ/รับซื้อกล้อง-สุรินทร์","","(no link)","รับซื้อ โน๊ตบุ๊ค ในสุรินทร์","/รับซื้อ/รับซื้อโน๊ตบุ๊ค-สุรินทร์","รับซื้อ โน๊ตบุ๊ค ในสุรินทร์","added_sidebar_link_only","Batch 11 selective hub-spoke strengthening","ADDED"
"/รับซื้อ/รับซื้อกล้อง-สุรินทร์","","(no link)","รับซื้อ MacBook ในสุรินทร์","/รับซื้อ/รับซื้อ-macbook-สุรินทร์","รับซื้อ MacBook ในสุรินทร์","added_sidebar_link_only","Batch 11 selective hub-spoke strengthening","ADDED"
"/รับซื้อ/รับซื้อกล้อง-สุรินทร์","","(no link)","รับซื้อ คอมพิวเตอร์ ในสุรินทร์","/รับซื้อ/รับซื้อคอมพิวเตอร์-สุรินทร์","รับซื้อ คอมพิวเตอร์ ในสุรินทร์","added_sidebar_link_only","Batch 11 selective hub-spoke strengthening","ADDED"
"/รับซื้อ/รับซื้อกล้อง-สุรินทร์","","(no link)","รับซื้อ iPhone ในสุรินทร์","/รับซื้อ/รับซื้อ-iphone-สุรินทร์","รับซื้อ iPhone ในสุรินทร์","added_sidebar_link_only","Batch 11 selective hub-spoke strengthening","ADDED"
"/รับซื้อ/รับซื้อกล้อง-หนองคาย","","(no link)","รับซื้อ โน๊ตบุ๊ค ในหนองคาย","/รับซื้อ/รับซื้อโน๊ตบุ๊ค-หนองคาย","รับซื้อ โน๊ตบุ๊ค ในหนองคาย","added_sidebar_link_only","Batch 11 selective hub-spoke strengthening","ADDED"
"/รับซื้อ/รับซื้อกล้อง-หนองคาย","","(no link)","รับซื้อ MacBook ในหนองคาย","/รับซื้อ/รับซื้อ-macbook-หนองคาย","รับซื้อ MacBook ในหนองคาย","added_sidebar_link_only","Batch 11 selective hub-spoke strengthening","ADDED"
"/รับซื้อ/รับซื้อกล้อง-หนองคาย","","(no link)","รับซื้อ คอมพิวเตอร์ ในหนองคาย","/รับซื้อ/รับซื้อคอมพิวเตอร์-หนองคาย","รับซื้อ คอมพิวเตอร์ ในหนองคาย","added_sidebar_link_only","Batch 11 selective hub-spoke strengthening","ADDED"
"/รับซื้อ/รับซื้อกล้อง-หนองคาย","","(no link)","รับซื้อ iPhone ในหนองคาย","/รับซื้อ/รับซื้อ-iphone-หนองคาย","รับซื้อ iPhone ในหนองคาย","added_sidebar_link_only","Batch 11 selective hub-spoke strengthening","ADDED"
"/รับซื้อ/รับซื้อกล้อง-หนองบัวลำภู","","(no link)","รับซื้อ โน๊ตบุ๊ค ในหนองบัวลำภู","/รับซื้อ/รับซื้อโน๊ตบุ๊ค-หนองบัวลำภู","รับซื้อ โน๊ตบุ๊ค ในหนองบัวลำภู","added_sidebar_link_only","Batch 11 selective hub-spoke strengthening","ADDED"
"/รับซื้อ/รับซื้อกล้อง-หนองบัวลำภู","","(no link)","รับซื้อ MacBook ในหนองบัวลำภู","/รับซื้อ/รับซื้อ-macbook-หนองบัวลำภู","รับซื้อ MacBook ในหนองบัวลำภู","added_sidebar_link_only","Batch 11 selective hub-spoke strengthening","ADDED"
"/รับซื้อ/รับซื้อกล้อง-หนองบัวลำภู","","(no link)","รับซื้อ คอมพิวเตอร์ ในหนองบัวลำภู","/รับซื้อ/รับซื้อคอมพิวเตอร์-หนองบัวลำภู","รับซื้อ คอมพิวเตอร์ ในหนองบัวลำภู","added_sidebar_link_only","Batch 11 selective hub-spoke strengthening","ADDED"
"/รับซื้อ/รับซื้อกล้อง-หนองบัวลำภู","","(no link)","รับซื้อ iPhone ในหนองบัวลำภู","/รับซื้อ/รับซื้อ-iphone-หนองบัวลำภู","รับซื้อ iPhone ในหนองบัวลำภู","added_sidebar_link_only","Batch 11 selective hub-spoke strengthening","ADDED"
"/รับซื้อ/รับซื้อกล้อง-อำนาจเจริญ","","(no link)","รับซื้อ โน๊ตบุ๊ค ในอำนาจเจริญ","/รับซื้อ/รับซื้อโน๊ตบุ๊ค-อำนาจเจริญ","รับซื้อ โน๊ตบุ๊ค ในอำนาจเจริญ","added_sidebar_link_only","Batch 11 selective hub-spoke strengthening","ADDED"
"/รับซื้อ/รับซื้อกล้อง-อำนาจเจริญ","","(no link)","รับซื้อ MacBook ในอำนาจเจริญ","/รับซื้อ/รับซื้อ-macbook-อำนาจเจริญ","รับซื้อ MacBook ในอำนาจเจริญ","added_sidebar_link_only","Batch 11 selective hub-spoke strengthening","ADDED"
"/รับซื้อ/รับซื้อกล้อง-อำนาจเจริญ","","(no link)","รับซื้อ คอมพิวเตอร์ ในอำนาจเจริญ","/รับซื้อ/รับซื้อคอมพิวเตอร์-อำนาจเจริญ","รับซื้อ คอมพิวเตอร์ ในอำนาจเจริญ","added_sidebar_link_only","Batch 11 selective hub-spoke strengthening","ADDED"
"/รับซื้อ/รับซื้อกล้อง-อำนาจเจริญ","","(no link)","รับซื้อ iPhone ในอำนาจเจริญ","/รับซื้อ/รับซื้อ-iphone-อำนาจเจริญ","รับซื้อ iPhone ในอำนาจเจริญ","added_sidebar_link_only","Batch 11 selective hub-spoke strengthening","ADDED"
"/รับซื้อ/รับซื้อกล้อง-อุดรธานี","","(no link)","รับซื้อ โน๊ตบุ๊ค ในอุดรธานี","/รับซื้อ/รับซื้อโน๊ตบุ๊ค-อุดรธานี","รับซื้อ โน๊ตบุ๊ค ในอุดรธานี","added_sidebar_link_only","Batch 11 selective hub-spoke strengthening","ADDED"
"/รับซื้อ/รับซื้อกล้อง-อุดรธานี","","(no link)","รับซื้อ MacBook ในอุดรธานี","/รับซื้อ/รับซื้อ-macbook-อุดรธานี","รับซื้อ MacBook ในอุดรธานี","added_sidebar_link_only","Batch 11 selective hub-spoke strengthening","ADDED"
"/รับซื้อ/รับซื้อกล้อง-อุดรธานี","","(no link)","รับซื้อ คอมพิวเตอร์ ในอุดรธานี","/รับซื้อ/รับซื้อคอมพิวเตอร์-อุดรธานี","รับซื้อ คอมพิวเตอร์ ในอุดรธานี","added_sidebar_link_only","Batch 11 selective hub-spoke strengthening","ADDED"
"/รับซื้อ/รับซื้อกล้อง-อุดรธานี","","(no link)","รับซื้อ iPhone ในอุดรธานี","/รับซื้อ/รับซื้อ-iphone-อุดรธานี","รับซื้อ iPhone ในอุดรธานี","added_sidebar_link_only","Batch 11 selective hub-spoke strengthening","ADDED"
"/รับซื้อ/รับซื้อกล้อง-อุบลราชธานี","","(no link)","รับซื้อโน๊ตบุ๊ค ในอุบลราชธานี","/รับซื้อ/รับซื้อโน๊ตบุ๊ค-อุบลราชธานี","รับซื้อโน๊ตบุ๊ค ในอุบลราชธานี","added_sidebar_link_only","Batch 11 selective hub-spoke strengthening","ADDED"
"/รับซื้อ/รับซื้อกล้อง-อุบลราชธานี","","(no link)","รับซื้อ MacBook ในอุบลราชธานี","/รับซื้อ/รับซื้อ-macbook-อุบลราชธานี","รับซื้อ MacBook ในอุบลราชธานี","added_sidebar_link_only","Batch 11 selective hub-spoke strengthening","ADDED"
"/รับซื้อ/รับซื้อกล้อง-อุบลราชธานี","","(no link)","รับซื้อคอมพิวเตอร์ ในอุบลราชธานี","/รับซื้อ/รับซื้อคอมพิวเตอร์-อุบลราชธานี","รับซื้อคอมพิวเตอร์ ในอุบลราชธานี","added_sidebar_link_only","Batch 11 selective hub-spoke strengthening","ADDED"
"/รับซื้อ/รับซื้อกล้อง-อุบลราชธานี","","(no link)","รับซื้อ iPhone ในอุบลราชธานี","/รับซื้อ/รับซื้อ-iphone-อุบลราชธานี","รับซื้อ iPhone ในอุบลราชธานี","added_sidebar_link_only","Batch 11 selective hub-spoke strengthening","ADDED"
"/รับซื้อ/รับซื้อกล้อง-เลย","","(no link)","รับซื้อ โน๊ตบุ๊ค ในเลย","/รับซื้อ/รับซื้อโน๊ตบุ๊ค-เลย","รับซื้อ โน๊ตบุ๊ค ในเลย","added_sidebar_link_only","Batch 11 selective hub-spoke strengthening","ADDED"
"/รับซื้อ/รับซื้อกล้อง-เลย","","(no link)","รับซื้อ MacBook ในเลย","/รับซื้อ/รับซื้อ-macbook-เลย","รับซื้อ MacBook ในเลย","added_sidebar_link_only","Batch 11 selective hub-spoke strengthening","ADDED"
"/รับซื้อ/รับซื้อกล้อง-เลย","","(no link)","รับซื้อ คอมพิวเตอร์ ในเลย","/รับซื้อ/รับซื้อคอมพิวเตอร์-เลย","รับซื้อ คอมพิวเตอร์ ในเลย","added_sidebar_link_only","Batch 11 selective hub-spoke strengthening","ADDED"
"/รับซื้อ/รับซื้อกล้อง-เลย","","(no link)","รับซื้อ iPhone ในเลย","/รับซื้อ/รับซื้อ-iphone-เลย","รับซื้อ iPhone ในเลย","added_sidebar_link_only","Batch 11 selective hub-spoke strengthening","ADDED"
"/รับซื้อ/รับซื้อการ์ดจอ-กาฬสินธุ์","","(no link)","รับซื้อ โน๊ตบุ๊ค ในกาฬสินธุ์","/รับซื้อ/รับซื้อโน๊ตบุ๊ค-กาฬสินธุ์","รับซื้อ โน๊ตบุ๊ค ในกาฬสินธุ์","added_sidebar_link_only","Batch 11 selective hub-spoke strengthening","ADDED"
"/รับซื้อ/รับซื้อการ์ดจอ-กาฬสินธุ์","","(no link)","รับซื้อ MacBook ในกาฬสินธุ์","/รับซื้อ/รับซื้อ-macbook-กาฬสินธุ์","รับซื้อ MacBook ในกาฬสินธุ์","added_sidebar_link_only","Batch 11 selective hub-spoke strengthening","ADDED"
"/รับซื้อ/รับซื้อการ์ดจอ-กาฬสินธุ์","","(no link)","รับซื้อ คอมพิวเตอร์ ในกาฬสินธุ์","/รับซื้อ/รับซื้อคอมพิวเตอร์-กาฬสินธุ์","รับซื้อ คอมพิวเตอร์ ในกาฬสินธุ์","added_sidebar_link_only","Batch 11 selective hub-spoke strengthening","ADDED"
"/รับซื้อ/รับซื้อการ์ดจอ-กาฬสินธุ์","","(no link)","รับซื้อ iPhone ในกาฬสินธุ์","/รับซื้อ/รับซื้อ-iphone-กาฬสินธุ์","รับซื้อ iPhone ในกาฬสินธุ์","added_sidebar_link_only","Batch 11 selective hub-spoke strengthening","ADDED"
"/รับซื้อ/รับซื้อการ์ดจอ-ขอนแก่น","","(no link)","รับซื้อ โน๊ตบุ๊ค ในขอนแก่น","/รับซื้อ/รับซื้อโน๊ตบุ๊ค-ขอนแก่น","รับซื้อ โน๊ตบุ๊ค ในขอนแก่น","added_sidebar_link_only","Batch 11 selective hub-spoke strengthening","ADDED"
"/รับซื้อ/รับซื้อการ์ดจอ-ขอนแก่น","","(no link)","รับซื้อ MacBook ในขอนแก่น","/รับซื้อ/รับซื้อ-macbook-ขอนแก่น","รับซื้อ MacBook ในขอนแก่น","added_sidebar_link_only","Batch 11 selective hub-spoke strengthening","ADDED"
"/รับซื้อ/รับซื้อการ์ดจอ-ขอนแก่น","","(no link)","รับซื้อ คอมพิวเตอร์ ในขอนแก่น","/รับซื้อ/รับซื้อคอมพิวเตอร์-ขอนแก่น","รับซื้อ คอมพิวเตอร์ ในขอนแก่น","added_sidebar_link_only","Batch 11 selective hub-spoke strengthening","ADDED"
"/รับซื้อ/รับซื้อการ์ดจอ-ขอนแก่น","","(no link)","รับซื้อ iPhone ในขอนแก่น","/รับซื้อ/รับซื้อ-iphone-ขอนแก่น","รับซื้อ iPhone ในขอนแก่น","added_sidebar_link_only","Batch 11 selective hub-spoke strengthening","ADDED"
"/รับซื้อ/รับซื้อการ์ดจอ-ชัยภูมิ","","(no link)","รับซื้อ โน๊ตบุ๊ค ในชัยภูมิ","/รับซื้อ/รับซื้อโน๊ตบุ๊ค-ชัยภูมิ","รับซื้อ โน๊ตบุ๊ค ในชัยภูมิ","added_sidebar_link_only","Batch 11 selective hub-spoke strengthening","ADDED"
"/รับซื้อ/รับซื้อการ์ดจอ-ชัยภูมิ","","(no link)","รับซื้อ MacBook ในชัยภูมิ","/รับซื้อ/รับซื้อ-macbook-ชัยภูมิ","รับซื้อ MacBook ในชัยภูมิ","added_sidebar_link_only","Batch 11 selective hub-spoke strengthening","ADDED"
"/รับซื้อ/รับซื้อการ์ดจอ-ชัยภูมิ","","(no link)","รับซื้อ คอมพิวเตอร์ ในชัยภูมิ","/รับซื้อ/รับซื้อคอมพิวเตอร์-ชัยภูมิ","รับซื้อ คอมพิวเตอร์ ในชัยภูมิ","added_sidebar_link_only","Batch 11 selective hub-spoke strengthening","ADDED"
"/รับซื้อ/รับซื้อการ์ดจอ-ชัยภูมิ","","(no link)","รับซื้อ iPhone ในชัยภูมิ","/รับซื้อ/รับซื้อ-iphone-ชัยภูมิ","รับซื้อ iPhone ในชัยภูมิ","added_sidebar_link_only","Batch 11 selective hub-spoke strengthening","ADDED"
"/รับซื้อ/รับซื้อการ์ดจอ-นครพนม","","(no link)","รับซื้อ โน๊ตบุ๊ค ในนครพนม","/รับซื้อ/รับซื้อโน๊ตบุ๊ค-นครพนม","รับซื้อ โน๊ตบุ๊ค ในนครพนม","added_sidebar_link_only","Batch 11 selective hub-spoke strengthening","ADDED"
"/รับซื้อ/รับซื้อการ์ดจอ-นครพนม","","(no link)","รับซื้อ MacBook ในนครพนม","/รับซื้อ/รับซื้อ-macbook-นครพนม","รับซื้อ MacBook ในนครพนม","added_sidebar_link_only","Batch 11 selective hub-spoke strengthening","ADDED"
"/รับซื้อ/รับซื้อการ์ดจอ-นครพนม","","(no link)","รับซื้อ คอมพิวเตอร์ ในนครพนม","/รับซื้อ/รับซื้อคอมพิวเตอร์-นครพนม","รับซื้อ คอมพิวเตอร์ ในนครพนม","added_sidebar_link_only","Batch 11 selective hub-spoke strengthening","ADDED"
"/รับซื้อ/รับซื้อการ์ดจอ-นครพนม","","(no link)","รับซื้อ iPhone ในนครพนม","/รับซื้อ/รับซื้อ-iphone-นครพนม","รับซื้อ iPhone ในนครพนม","added_sidebar_link_only","Batch 11 selective hub-spoke strengthening","ADDED"
"/รับซื้อ/รับซื้อการ์ดจอ-นครราชสีมา","","(no link)","รับซื้อ โน๊ตบุ๊ค ในนครราชสีมา","/รับซื้อ/รับซื้อโน๊ตบุ๊ค-นครราชสีมา","รับซื้อ โน๊ตบุ๊ค ในนครราชสีมา","added_sidebar_link_only","Batch 11 selective hub-spoke strengthening","ADDED"
"/รับซื้อ/รับซื้อการ์ดจอ-นครราชสีมา","","(no link)","รับซื้อ MacBook ในนครราชสีมา","/รับซื้อ/รับซื้อ-macbook-นครราชสีมา","รับซื้อ MacBook ในนครราชสีมา","added_sidebar_link_only","Batch 11 selective hub-spoke strengthening","ADDED"
"/รับซื้อ/รับซื้อการ์ดจอ-นครราชสีมา","","(no link)","รับซื้อ คอมพิวเตอร์ ในนครราชสีมา","/รับซื้อ/รับซื้อคอมพิวเตอร์-นครราชสีมา","รับซื้อ คอมพิวเตอร์ ในนครราชสีมา","added_sidebar_link_only","Batch 11 selective hub-spoke strengthening","ADDED"
"/รับซื้อ/รับซื้อการ์ดจอ-นครราชสีมา","","(no link)","รับซื้อ iPhone ในนครราชสีมา","/รับซื้อ/รับซื้อ-iphone-นครราชสีมา","รับซื้อ iPhone ในนครราชสีมา","added_sidebar_link_only","Batch 11 selective hub-spoke strengthening","ADDED"
"/รับซื้อ/รับซื้อการ์ดจอ-บึงกาฬ","","(no link)","รับซื้อ โน๊ตบุ๊ค ในบึงกาฬ","/รับซื้อ/รับซื้อโน๊ตบุ๊ค-บึงกาฬ","รับซื้อ โน๊ตบุ๊ค ในบึงกาฬ","added_sidebar_link_only","Batch 11 selective hub-spoke strengthening","ADDED"
"/รับซื้อ/รับซื้อการ์ดจอ-บึงกาฬ","","(no link)","รับซื้อ MacBook ในบึงกาฬ","/รับซื้อ/รับซื้อ-macbook-บึงกาฬ","รับซื้อ MacBook ในบึงกาฬ","added_sidebar_link_only","Batch 11 selective hub-spoke strengthening","ADDED"
"/รับซื้อ/รับซื้อการ์ดจอ-บึงกาฬ","","(no link)","รับซื้อ คอมพิวเตอร์ ในบึงกาฬ","/รับซื้อ/รับซื้อคอมพิวเตอร์-บึงกาฬ","รับซื้อ คอมพิวเตอร์ ในบึงกาฬ","added_sidebar_link_only","Batch 11 selective hub-spoke strengthening","ADDED"
"/รับซื้อ/รับซื้อการ์ดจอ-บึงกาฬ","","(no link)","รับซื้อ iPhone ในบึงกาฬ","/รับซื้อ/รับซื้อ-iphone-บึงกาฬ","รับซื้อ iPhone ในบึงกาฬ","added_sidebar_link_only","Batch 11 selective hub-spoke strengthening","ADDED"
"/รับซื้อ/รับซื้อการ์ดจอ-บุรีรัมย์","","(no link)","รับซื้อ โน๊ตบุ๊ค ในบุรีรัมย์","/รับซื้อ/รับซื้อโน๊ตบุ๊ค-บุรีรัมย์","รับซื้อ โน๊ตบุ๊ค ในบุรีรัมย์","added_sidebar_link_only","Batch 11 selective hub-spoke strengthening","ADDED"
"/รับซื้อ/รับซื้อการ์ดจอ-บุรีรัมย์","","(no link)","รับซื้อ MacBook ในบุรีรัมย์","/รับซื้อ/รับซื้อ-macbook-บุรีรัมย์","รับซื้อ MacBook ในบุรีรัมย์","added_sidebar_link_only","Batch 11 selective hub-spoke strengthening","ADDED"
"/รับซื้อ/รับซื้อการ์ดจอ-บุรีรัมย์","","(no link)","รับซื้อ คอมพิวเตอร์ ในบุรีรัมย์","/รับซื้อ/รับซื้อคอมพิวเตอร์-บุรีรัมย์","รับซื้อ คอมพิวเตอร์ ในบุรีรัมย์","added_sidebar_link_only","Batch 11 selective hub-spoke strengthening","ADDED"
"/รับซื้อ/รับซื้อการ์ดจอ-บุรีรัมย์","","(no link)","รับซื้อ iPhone ในบุรีรัมย์","/รับซื้อ/รับซื้อ-iphone-บุรีรัมย์","รับซื้อ iPhone ในบุรีรัมย์","added_sidebar_link_only","Batch 11 selective hub-spoke strengthening","ADDED"
"/รับซื้อ/รับซื้อการ์ดจอ-มหาสารคาม","","(no link)","รับซื้อ โน๊ตบุ๊ค ในมหาสารคาม","/รับซื้อ/รับซื้อโน๊ตบุ๊ค-มหาสารคาม","รับซื้อ โน๊ตบุ๊ค ในมหาสารคาม","added_sidebar_link_only","Batch 11 selective hub-spoke strengthening","ADDED"
"/รับซื้อ/รับซื้อการ์ดจอ-มหาสารคาม","","(no link)","รับซื้อ MacBook ในมหาสารคาม","/รับซื้อ/รับซื้อ-macbook-มหาสารคาม","รับซื้อ MacBook ในมหาสารคาม","added_sidebar_link_only","Batch 11 selective hub-spoke strengthening","ADDED"
"/รับซื้อ/รับซื้อการ์ดจอ-มหาสารคาม","","(no link)","รับซื้อ คอมพิวเตอร์ ในมหาสารคาม","/รับซื้อ/รับซื้อคอมพิวเตอร์-มหาสารคาม","รับซื้อ คอมพิวเตอร์ ในมหาสารคาม","added_sidebar_link_only","Batch 11 selective hub-spoke strengthening","ADDED"
"/รับซื้อ/รับซื้อการ์ดจอ-มหาสารคาม","","(no link)","รับซื้อ iPhone ในมหาสารคาม","/รับซื้อ/รับซื้อ-iphone-มหาสารคาม","รับซื้อ iPhone ในมหาสารคาม","added_sidebar_link_only","Batch 11 selective hub-spoke strengthening","ADDED"
"/รับซื้อ/รับซื้อการ์ดจอ-มุกดาหาร","","(no link)","รับซื้อ โน๊ตบุ๊ค ในมุกดาหาร","/รับซื้อ/รับซื้อโน๊ตบุ๊ค-มุกดาหาร","รับซื้อ โน๊ตบุ๊ค ในมุกดาหาร","added_sidebar_link_only","Batch 11 selective hub-spoke strengthening","ADDED"
"/รับซื้อ/รับซื้อการ์ดจอ-มุกดาหาร","","(no link)","รับซื้อ MacBook ในมุกดาหาร","/รับซื้อ/รับซื้อ-macbook-มุกดาหาร","รับซื้อ MacBook ในมุกดาหาร","added_sidebar_link_only","Batch 11 selective hub-spoke strengthening","ADDED"
"/รับซื้อ/รับซื้อการ์ดจอ-มุกดาหาร","","(no link)","รับซื้อ คอมพิวเตอร์ ในมุกดาหาร","/รับซื้อ/รับซื้อคอมพิวเตอร์-มุกดาหาร","รับซื้อ คอมพิวเตอร์ ในมุกดาหาร","added_sidebar_link_only","Batch 11 selective hub-spoke strengthening","ADDED"
"/รับซื้อ/รับซื้อการ์ดจอ-มุกดาหาร","","(no link)","รับซื้อ iPhone ในมุกดาหาร","/รับซื้อ/รับซื้อ-iphone-มุกดาหาร","รับซื้อ iPhone ในมุกดาหาร","added_sidebar_link_only","Batch 11 selective hub-spoke strengthening","ADDED"
"/รับซื้อ/รับซื้อการ์ดจอ-ยโสธร","","(no link)","รับซื้อ โน๊ตบุ๊ค ในยโสธร","/รับซื้อ/รับซื้อโน๊ตบุ๊ค-ยโสธร","รับซื้อ โน๊ตบุ๊ค ในยโสธร","added_sidebar_link_only","Batch 11 selective hub-spoke strengthening","ADDED"
"/รับซื้อ/รับซื้อการ์ดจอ-ยโสธร","","(no link)","รับซื้อ MacBook ในยโสธร","/รับซื้อ/รับซื้อ-macbook-ยโสธร","รับซื้อ MacBook ในยโสธร","added_sidebar_link_only","Batch 11 selective hub-spoke strengthening","ADDED"
"/รับซื้อ/รับซื้อการ์ดจอ-ยโสธร","","(no link)","รับซื้อ คอมพิวเตอร์ ในยโสธร","/รับซื้อ/รับซื้อคอมพิวเตอร์-ยโสธร","รับซื้อ คอมพิวเตอร์ ในยโสธร","added_sidebar_link_only","Batch 11 selective hub-spoke strengthening","ADDED"
"/รับซื้อ/รับซื้อการ์ดจอ-ยโสธร","","(no link)","รับซื้อ iPhone ในยโสธร","/รับซื้อ/รับซื้อ-iphone-ยโสธร","รับซื้อ iPhone ในยโสธร","added_sidebar_link_only","Batch 11 selective hub-spoke strengthening","ADDED"
"/รับซื้อ/รับซื้อการ์ดจอ-ร้อยเอ็ด","","(no link)","รับซื้อ โน๊ตบุ๊ค ในร้อยเอ็ด","/รับซื้อ/รับซื้อโน๊ตบุ๊ค-ร้อยเอ็ด","รับซื้อ โน๊ตบุ๊ค ในร้อยเอ็ด","added_sidebar_link_only","Batch 11 selective hub-spoke strengthening","ADDED"
"/รับซื้อ/รับซื้อการ์ดจอ-ร้อยเอ็ด","","(no link)","รับซื้อ MacBook ในร้อยเอ็ด","/รับซื้อ/รับซื้อ-macbook-ร้อยเอ็ด","รับซื้อ MacBook ในร้อยเอ็ด","added_sidebar_link_only","Batch 11 selective hub-spoke strengthening","ADDED"
"/รับซื้อ/รับซื้อการ์ดจอ-ร้อยเอ็ด","","(no link)","รับซื้อ คอมพิวเตอร์ ในร้อยเอ็ด","/รับซื้อ/รับซื้อคอมพิวเตอร์-ร้อยเอ็ด","รับซื้อ คอมพิวเตอร์ ในร้อยเอ็ด","added_sidebar_link_only","Batch 11 selective hub-spoke strengthening","ADDED"
"/รับซื้อ/รับซื้อการ์ดจอ-ร้อยเอ็ด","","(no link)","รับซื้อ iPhone ในร้อยเอ็ด","/รับซื้อ/รับซื้อ-iphone-ร้อยเอ็ด","รับซื้อ iPhone ในร้อยเอ็ด","added_sidebar_link_only","Batch 11 selective hub-spoke strengthening","ADDED"
"/รับซื้อ/รับซื้อการ์ดจอ-ศรีสะเกษ","","(no link)","รับซื้อ โน๊ตบุ๊ค ในศรีสะเกษ","/รับซื้อ/รับซื้อโน๊ตบุ๊ค-ศรีสะเกษ","รับซื้อ โน๊ตบุ๊ค ในศรีสะเกษ","added_sidebar_link_only","Batch 11 selective hub-spoke strengthening","ADDED"
"/รับซื้อ/รับซื้อการ์ดจอ-ศรีสะเกษ","","(no link)","รับซื้อ MacBook ในศรีสะเกษ","/รับซื้อ/รับซื้อ-macbook-ศรีสะเกษ","รับซื้อ MacBook ในศรีสะเกษ","added_sidebar_link_only","Batch 11 selective hub-spoke strengthening","ADDED"
"/รับซื้อ/รับซื้อการ์ดจอ-ศรีสะเกษ","","(no link)","รับซื้อ คอมพิวเตอร์ ในศรีสะเกษ","/รับซื้อ/รับซื้อคอมพิวเตอร์-ศรีสะเกษ","รับซื้อ คอมพิวเตอร์ ในศรีสะเกษ","added_sidebar_link_only","Batch 11 selective hub-spoke strengthening","ADDED"
"/รับซื้อ/รับซื้อการ์ดจอ-ศรีสะเกษ","","(no link)","รับซื้อ iPhone ในศรีสะเกษ","/รับซื้อ/รับซื้อ-iphone-ศรีสะเกษ","รับซื้อ iPhone ในศรีสะเกษ","added_sidebar_link_only","Batch 11 selective hub-spoke strengthening","ADDED"
"/รับซื้อ/รับซื้อการ์ดจอ-สกลนคร","","(no link)","รับซื้อ โน๊ตบุ๊ค ในสกลนคร","/รับซื้อ/รับซื้อโน๊ตบุ๊ค-สกลนคร","รับซื้อ โน๊ตบุ๊ค ในสกลนคร","added_sidebar_link_only","Batch 11 selective hub-spoke strengthening","ADDED"
"/รับซื้อ/รับซื้อการ์ดจอ-สกลนคร","","(no link)","รับซื้อ MacBook ในสกลนคร","/รับซื้อ/รับซื้อ-macbook-สกลนคร","รับซื้อ MacBook ในสกลนคร","added_sidebar_link_only","Batch 11 selective hub-spoke strengthening","ADDED"
"/รับซื้อ/รับซื้อการ์ดจอ-สกลนคร","","(no link)","รับซื้อ คอมพิวเตอร์ ในสกลนคร","/รับซื้อ/รับซื้อคอมพิวเตอร์-สกลนคร","รับซื้อ คอมพิวเตอร์ ในสกลนคร","added_sidebar_link_only","Batch 11 selective hub-spoke strengthening","ADDED"
"/รับซื้อ/รับซื้อการ์ดจอ-สกลนคร","","(no link)","รับซื้อ iPhone ในสกลนคร","/รับซื้อ/รับซื้อ-iphone-สกลนคร","รับซื้อ iPhone ในสกลนคร","added_sidebar_link_only","Batch 11 selective hub-spoke strengthening","ADDED"
"/รับซื้อ/รับซื้อการ์ดจอ-สุรินทร์","","(no link)","รับซื้อ โน๊ตบุ๊ค ในสุรินทร์","/รับซื้อ/รับซื้อโน๊ตบุ๊ค-สุรินทร์","รับซื้อ โน๊ตบุ๊ค ในสุรินทร์","added_sidebar_link_only","Batch 11 selective hub-spoke strengthening","ADDED"
"/รับซื้อ/รับซื้อการ์ดจอ-สุรินทร์","","(no link)","รับซื้อ MacBook ในสุรินทร์","/รับซื้อ/รับซื้อ-macbook-สุรินทร์","รับซื้อ MacBook ในสุรินทร์","added_sidebar_link_only","Batch 11 selective hub-spoke strengthening","ADDED"
"/รับซื้อ/รับซื้อการ์ดจอ-สุรินทร์","","(no link)","รับซื้อ คอมพิวเตอร์ ในสุรินทร์","/รับซื้อ/รับซื้อคอมพิวเตอร์-สุรินทร์","รับซื้อ คอมพิวเตอร์ ในสุรินทร์","added_sidebar_link_only","Batch 11 selective hub-spoke strengthening","ADDED"
"/รับซื้อ/รับซื้อการ์ดจอ-สุรินทร์","","(no link)","รับซื้อ iPhone ในสุรินทร์","/รับซื้อ/รับซื้อ-iphone-สุรินทร์","รับซื้อ iPhone ในสุรินทร์","added_sidebar_link_only","Batch 11 selective hub-spoke strengthening","ADDED"
"/รับซื้อ/รับซื้อการ์ดจอ-หนองคาย","","(no link)","รับซื้อ โน๊ตบุ๊ค ในหนองคาย","/รับซื้อ/รับซื้อโน๊ตบุ๊ค-หนองคาย","รับซื้อ โน๊ตบุ๊ค ในหนองคาย","added_sidebar_link_only","Batch 11 selective hub-spoke strengthening","ADDED"
"/รับซื้อ/รับซื้อการ์ดจอ-หนองคาย","","(no link)","รับซื้อ MacBook ในหนองคาย","/รับซื้อ/รับซื้อ-macbook-หนองคาย","รับซื้อ MacBook ในหนองคาย","added_sidebar_link_only","Batch 11 selective hub-spoke strengthening","ADDED"
"/รับซื้อ/รับซื้อการ์ดจอ-หนองคาย","","(no link)","รับซื้อ คอมพิวเตอร์ ในหนองคาย","/รับซื้อ/รับซื้อคอมพิวเตอร์-หนองคาย","รับซื้อ คอมพิวเตอร์ ในหนองคาย","added_sidebar_link_only","Batch 11 selective hub-spoke strengthening","ADDED"
"/รับซื้อ/รับซื้อการ์ดจอ-หนองคาย","","(no link)","รับซื้อ iPhone ในหนองคาย","/รับซื้อ/รับซื้อ-iphone-หนองคาย","รับซื้อ iPhone ในหนองคาย","added_sidebar_link_only","Batch 11 selective hub-spoke strengthening","ADDED"
"/รับซื้อ/รับซื้อการ์ดจอ-หนองบัวลำภู","","(no link)","รับซื้อ โน๊ตบุ๊ค ในหนองบัวลำภู","/รับซื้อ/รับซื้อโน๊ตบุ๊ค-หนองบัวลำภู","รับซื้อ โน๊ตบุ๊ค ในหนองบัวลำภู","added_sidebar_link_only","Batch 11 selective hub-spoke strengthening","ADDED"
"/รับซื้อ/รับซื้อการ์ดจอ-หนองบัวลำภู","","(no link)","รับซื้อ MacBook ในหนองบัวลำภู","/รับซื้อ/รับซื้อ-macbook-หนองบัวลำภู","รับซื้อ MacBook ในหนองบัวลำภู","added_sidebar_link_only","Batch 11 selective hub-spoke strengthening","ADDED"
"/รับซื้อ/รับซื้อการ์ดจอ-หนองบัวลำภู","","(no link)","รับซื้อ คอมพิวเตอร์ ในหนองบัวลำภู","/รับซื้อ/รับซื้อคอมพิวเตอร์-หนองบัวลำภู","รับซื้อ คอมพิวเตอร์ ในหนองบัวลำภู","added_sidebar_link_only","Batch 11 selective hub-spoke strengthening","ADDED"
"/รับซื้อ/รับซื้อการ์ดจอ-หนองบัวลำภู","","(no link)","รับซื้อ iPhone ในหนองบัวลำภู","/รับซื้อ/รับซื้อ-iphone-หนองบัวลำภู","รับซื้อ iPhone ในหนองบัวลำภู","added_sidebar_link_only","Batch 11 selective hub-spoke strengthening","ADDED"
"/รับซื้อ/รับซื้อการ์ดจอ-อำนาจเจริญ","","(no link)","รับซื้อ โน๊ตบุ๊ค ในอำนาจเจริญ","/รับซื้อ/รับซื้อโน๊ตบุ๊ค-อำนาจเจริญ","รับซื้อ โน๊ตบุ๊ค ในอำนาจเจริญ","added_sidebar_link_only","Batch 11 selective hub-spoke strengthening","ADDED"
"/รับซื้อ/รับซื้อการ์ดจอ-อำนาจเจริญ","","(no link)","รับซื้อ MacBook ในอำนาจเจริญ","/รับซื้อ/รับซื้อ-macbook-อำนาจเจริญ","รับซื้อ MacBook ในอำนาจเจริญ","added_sidebar_link_only","Batch 11 selective hub-spoke strengthening","ADDED"
"/รับซื้อ/รับซื้อการ์ดจอ-อำนาจเจริญ","","(no link)","รับซื้อ คอมพิวเตอร์ ในอำนาจเจริญ","/รับซื้อ/รับซื้อคอมพิวเตอร์-อำนาจเจริญ","รับซื้อ คอมพิวเตอร์ ในอำนาจเจริญ","added_sidebar_link_only","Batch 11 selective hub-spoke strengthening","ADDED"
"/รับซื้อ/รับซื้อการ์ดจอ-อำนาจเจริญ","","(no link)","รับซื้อ iPhone ในอำนาจเจริญ","/รับซื้อ/รับซื้อ-iphone-อำนาจเจริญ","รับซื้อ iPhone ในอำนาจเจริญ","added_sidebar_link_only","Batch 11 selective hub-spoke strengthening","ADDED"
"/รับซื้อ/รับซื้อการ์ดจอ-อุดรธานี","","(no link)","รับซื้อ โน๊ตบุ๊ค ในอุดรธานี","/รับซื้อ/รับซื้อโน๊ตบุ๊ค-อุดรธานี","รับซื้อ โน๊ตบุ๊ค ในอุดรธานี","added_sidebar_link_only","Batch 11 selective hub-spoke strengthening","ADDED"
"/รับซื้อ/รับซื้อการ์ดจอ-อุดรธานี","","(no link)","รับซื้อ MacBook ในอุดรธานี","/รับซื้อ/รับซื้อ-macbook-อุดรธานี","รับซื้อ MacBook ในอุดรธานี","added_sidebar_link_only","Batch 11 selective hub-spoke strengthening","ADDED"
"/รับซื้อ/รับซื้อการ์ดจอ-อุดรธานี","","(no link)","รับซื้อ คอมพิวเตอร์ ในอุดรธานี","/รับซื้อ/รับซื้อคอมพิวเตอร์-อุดรธานี","รับซื้อ คอมพิวเตอร์ ในอุดรธานี","added_sidebar_link_only","Batch 11 selective hub-spoke strengthening","ADDED"
"/รับซื้อ/รับซื้อการ์ดจอ-อุดรธานี","","(no link)","รับซื้อ iPhone ในอุดรธานี","/รับซื้อ/รับซื้อ-iphone-อุดรธานี","รับซื้อ iPhone ในอุดรธานี","added_sidebar_link_only","Batch 11 selective hub-spoke strengthening","ADDED"
"/รับซื้อ/รับซื้อการ์ดจอ-อุบลราชธานี","","(no link)","รับซื้อโน๊ตบุ๊ค ในอุบลราชธานี","/รับซื้อ/รับซื้อโน๊ตบุ๊ค-อุบลราชธานี","รับซื้อโน๊ตบุ๊ค ในอุบลราชธานี","added_sidebar_link_only","Batch 11 selective hub-spoke strengthening","ADDED"
"/รับซื้อ/รับซื้อการ์ดจอ-อุบลราชธานี","","(no link)","รับซื้อ MacBook ในอุบลราชธานี","/รับซื้อ/รับซื้อ-macbook-อุบลราชธานี","รับซื้อ MacBook ในอุบลราชธานี","added_sidebar_link_only","Batch 11 selective hub-spoke strengthening","ADDED"
"/รับซื้อ/รับซื้อการ์ดจอ-อุบลราชธานี","","(no link)","รับซื้อคอมพิวเตอร์ ในอุบลราชธานี","/รับซื้อ/รับซื้อคอมพิวเตอร์-อุบลราชธานี","รับซื้อคอมพิวเตอร์ ในอุบลราชธานี","added_sidebar_link_only","Batch 11 selective hub-spoke strengthening","ADDED"
"/รับซื้อ/รับซื้อการ์ดจอ-อุบลราชธานี","","(no link)","รับซื้อ iPhone ในอุบลราชธานี","/รับซื้อ/รับซื้อ-iphone-อุบลราชธานี","รับซื้อ iPhone ในอุบลราชธานี","added_sidebar_link_only","Batch 11 selective hub-spoke strengthening","ADDED"
"/รับซื้อ/รับซื้อการ์ดจอ-เลย","","(no link)","รับซื้อ โน๊ตบุ๊ค ในเลย","/รับซื้อ/รับซื้อโน๊ตบุ๊ค-เลย","รับซื้อ โน๊ตบุ๊ค ในเลย","added_sidebar_link_only","Batch 11 selective hub-spoke strengthening","ADDED"
"/รับซื้อ/รับซื้อการ์ดจอ-เลย","","(no link)","รับซื้อ MacBook ในเลย","/รับซื้อ/รับซื้อ-macbook-เลย","รับซื้อ MacBook ในเลย","added_sidebar_link_only","Batch 11 selective hub-spoke strengthening","ADDED"
"/รับซื้อ/รับซื้อการ์ดจอ-เลย","","(no link)","รับซื้อ คอมพิวเตอร์ ในเลย","/รับซื้อ/รับซื้อคอมพิวเตอร์-เลย","รับซื้อ คอมพิวเตอร์ ในเลย","added_sidebar_link_only","Batch 11 selective hub-spoke strengthening","ADDED"
"/รับซื้อ/รับซื้อการ์ดจอ-เลย","","(no link)","รับซื้อ iPhone ในเลย","/รับซื้อ/รับซื้อ-iphone-เลย","รับซื้อ iPhone ในเลย","added_sidebar_link_only","Batch 11 selective hub-spoke strengthening","ADDED"
"/รับซื้อ/รับซื้อของไอทีเสีย-กาฬสินธุ์","","(no link)","รับซื้อ โน๊ตบุ๊ค ในกาฬสินธุ์","/รับซื้อ/รับซื้อโน๊ตบุ๊ค-กาฬสินธุ์","รับซื้อ โน๊ตบุ๊ค ในกาฬสินธุ์","added_sidebar_link_only","Batch 11 selective hub-spoke strengthening","ADDED"
"/รับซื้อ/รับซื้อของไอทีเสีย-กาฬสินธุ์","","(no link)","รับซื้อ MacBook ในกาฬสินธุ์","/รับซื้อ/รับซื้อ-macbook-กาฬสินธุ์","รับซื้อ MacBook ในกาฬสินธุ์","added_sidebar_link_only","Batch 11 selective hub-spoke strengthening","ADDED"
"/รับซื้อ/รับซื้อของไอทีเสีย-กาฬสินธุ์","","(no link)","รับซื้อ คอมพิวเตอร์ ในกาฬสินธุ์","/รับซื้อ/รับซื้อคอมพิวเตอร์-กาฬสินธุ์","รับซื้อ คอมพิวเตอร์ ในกาฬสินธุ์","added_sidebar_link_only","Batch 11 selective hub-spoke strengthening","ADDED"
"/รับซื้อ/รับซื้อของไอทีเสีย-กาฬสินธุ์","","(no link)","รับซื้อ iPhone ในกาฬสินธุ์","/รับซื้อ/รับซื้อ-iphone-กาฬสินธุ์","รับซื้อ iPhone ในกาฬสินธุ์","added_sidebar_link_only","Batch 11 selective hub-spoke strengthening","ADDED"
"/รับซื้อ/รับซื้อของไอทีเสีย-ขอนแก่น","","(no link)","รับซื้อ โน๊ตบุ๊ค ในขอนแก่น","/รับซื้อ/รับซื้อโน๊ตบุ๊ค-ขอนแก่น","รับซื้อ โน๊ตบุ๊ค ในขอนแก่น","added_sidebar_link_only","Batch 11 selective hub-spoke strengthening","ADDED"
"/รับซื้อ/รับซื้อของไอทีเสีย-ขอนแก่น","","(no link)","รับซื้อ MacBook ในขอนแก่น","/รับซื้อ/รับซื้อ-macbook-ขอนแก่น","รับซื้อ MacBook ในขอนแก่น","added_sidebar_link_only","Batch 11 selective hub-spoke strengthening","ADDED"
"/รับซื้อ/รับซื้อของไอทีเสีย-ขอนแก่น","","(no link)","รับซื้อ คอมพิวเตอร์ ในขอนแก่น","/รับซื้อ/รับซื้อคอมพิวเตอร์-ขอนแก่น","รับซื้อ คอมพิวเตอร์ ในขอนแก่น","added_sidebar_link_only","Batch 11 selective hub-spoke strengthening","ADDED"
"/รับซื้อ/รับซื้อของไอทีเสีย-ขอนแก่น","","(no link)","รับซื้อ iPhone ในขอนแก่น","/รับซื้อ/รับซื้อ-iphone-ขอนแก่น","รับซื้อ iPhone ในขอนแก่น","added_sidebar_link_only","Batch 11 selective hub-spoke strengthening","ADDED"
"/รับซื้อ/รับซื้อของไอทีเสีย-ชัยภูมิ","","(no link)","รับซื้อ โน๊ตบุ๊ค ในชัยภูมิ","/รับซื้อ/รับซื้อโน๊ตบุ๊ค-ชัยภูมิ","รับซื้อ โน๊ตบุ๊ค ในชัยภูมิ","added_sidebar_link_only","Batch 11 selective hub-spoke strengthening","ADDED"
"/รับซื้อ/รับซื้อของไอทีเสีย-ชัยภูมิ","","(no link)","รับซื้อ MacBook ในชัยภูมิ","/รับซื้อ/รับซื้อ-macbook-ชัยภูมิ","รับซื้อ MacBook ในชัยภูมิ","added_sidebar_link_only","Batch 11 selective hub-spoke strengthening","ADDED"
"/รับซื้อ/รับซื้อของไอทีเสีย-ชัยภูมิ","","(no link)","รับซื้อ คอมพิวเตอร์ ในชัยภูมิ","/รับซื้อ/รับซื้อคอมพิวเตอร์-ชัยภูมิ","รับซื้อ คอมพิวเตอร์ ในชัยภูมิ","added_sidebar_link_only","Batch 11 selective hub-spoke strengthening","ADDED"
"/รับซื้อ/รับซื้อของไอทีเสีย-ชัยภูมิ","","(no link)","รับซื้อ iPhone ในชัยภูมิ","/รับซื้อ/รับซื้อ-iphone-ชัยภูมิ","รับซื้อ iPhone ในชัยภูมิ","added_sidebar_link_only","Batch 11 selective hub-spoke strengthening","ADDED"
"/รับซื้อ/รับซื้อของไอทีเสีย-นครพนม","","(no link)","รับซื้อ โน๊ตบุ๊ค ในนครพนม","/รับซื้อ/รับซื้อโน๊ตบุ๊ค-นครพนม","รับซื้อ โน๊ตบุ๊ค ในนครพนม","added_sidebar_link_only","Batch 11 selective hub-spoke strengthening","ADDED"
"/รับซื้อ/รับซื้อของไอทีเสีย-นครพนม","","(no link)","รับซื้อ MacBook ในนครพนม","/รับซื้อ/รับซื้อ-macbook-นครพนม","รับซื้อ MacBook ในนครพนม","added_sidebar_link_only","Batch 11 selective hub-spoke strengthening","ADDED"
"/รับซื้อ/รับซื้อของไอทีเสีย-นครพนม","","(no link)","รับซื้อ คอมพิวเตอร์ ในนครพนม","/รับซื้อ/รับซื้อคอมพิวเตอร์-นครพนม","รับซื้อ คอมพิวเตอร์ ในนครพนม","added_sidebar_link_only","Batch 11 selective hub-spoke strengthening","ADDED"
"/รับซื้อ/รับซื้อของไอทีเสีย-นครพนม","","(no link)","รับซื้อ iPhone ในนครพนม","/รับซื้อ/รับซื้อ-iphone-นครพนม","รับซื้อ iPhone ในนครพนม","added_sidebar_link_only","Batch 11 selective hub-spoke strengthening","ADDED"
"/รับซื้อ/รับซื้อของไอทีเสีย-นครราชสีมา","","(no link)","รับซื้อ โน๊ตบุ๊ค ในนครราชสีมา","/รับซื้อ/รับซื้อโน๊ตบุ๊ค-นครราชสีมา","รับซื้อ โน๊ตบุ๊ค ในนครราชสีมา","added_sidebar_link_only","Batch 11 selective hub-spoke strengthening","ADDED"
"/รับซื้อ/รับซื้อของไอทีเสีย-นครราชสีมา","","(no link)","รับซื้อ MacBook ในนครราชสีมา","/รับซื้อ/รับซื้อ-macbook-นครราชสีมา","รับซื้อ MacBook ในนครราชสีมา","added_sidebar_link_only","Batch 11 selective hub-spoke strengthening","ADDED"
"/รับซื้อ/รับซื้อของไอทีเสีย-นครราชสีมา","","(no link)","รับซื้อ คอมพิวเตอร์ ในนครราชสีมา","/รับซื้อ/รับซื้อคอมพิวเตอร์-นครราชสีมา","รับซื้อ คอมพิวเตอร์ ในนครราชสีมา","added_sidebar_link_only","Batch 11 selective hub-spoke strengthening","ADDED"
"/รับซื้อ/รับซื้อของไอทีเสีย-นครราชสีมา","","(no link)","รับซื้อ iPhone ในนครราชสีมา","/รับซื้อ/รับซื้อ-iphone-นครราชสีมา","รับซื้อ iPhone ในนครราชสีมา","added_sidebar_link_only","Batch 11 selective hub-spoke strengthening","ADDED"
"/รับซื้อ/รับซื้อของไอทีเสีย-บึงกาฬ","","(no link)","รับซื้อ โน๊ตบุ๊ค ในบึงกาฬ","/รับซื้อ/รับซื้อโน๊ตบุ๊ค-บึงกาฬ","รับซื้อ โน๊ตบุ๊ค ในบึงกาฬ","added_sidebar_link_only","Batch 11 selective hub-spoke strengthening","ADDED"
"/รับซื้อ/รับซื้อของไอทีเสีย-บึงกาฬ","","(no link)","รับซื้อ MacBook ในบึงกาฬ","/รับซื้อ/รับซื้อ-macbook-บึงกาฬ","รับซื้อ MacBook ในบึงกาฬ","added_sidebar_link_only","Batch 11 selective hub-spoke strengthening","ADDED"
"/รับซื้อ/รับซื้อของไอทีเสีย-บึงกาฬ","","(no link)","รับซื้อ คอมพิวเตอร์ ในบึงกาฬ","/รับซื้อ/รับซื้อคอมพิวเตอร์-บึงกาฬ","รับซื้อ คอมพิวเตอร์ ในบึงกาฬ","added_sidebar_link_only","Batch 11 selective hub-spoke strengthening","ADDED"
"/รับซื้อ/รับซื้อของไอทีเสีย-บึงกาฬ","","(no link)","รับซื้อ iPhone ในบึงกาฬ","/รับซื้อ/รับซื้อ-iphone-บึงกาฬ","รับซื้อ iPhone ในบึงกาฬ","added_sidebar_link_only","Batch 11 selective hub-spoke strengthening","ADDED"
"/รับซื้อ/รับซื้อของไอทีเสีย-บุรีรัมย์","","(no link)","รับซื้อ โน๊ตบุ๊ค ในบุรีรัมย์","/รับซื้อ/รับซื้อโน๊ตบุ๊ค-บุรีรัมย์","รับซื้อ โน๊ตบุ๊ค ในบุรีรัมย์","added_sidebar_link_only","Batch 11 selective hub-spoke strengthening","ADDED"
"/รับซื้อ/รับซื้อของไอทีเสีย-บุรีรัมย์","","(no link)","รับซื้อ MacBook ในบุรีรัมย์","/รับซื้อ/รับซื้อ-macbook-บุรีรัมย์","รับซื้อ MacBook ในบุรีรัมย์","added_sidebar_link_only","Batch 11 selective hub-spoke strengthening","ADDED"
"/รับซื้อ/รับซื้อของไอทีเสีย-บุรีรัมย์","","(no link)","รับซื้อ คอมพิวเตอร์ ในบุรีรัมย์","/รับซื้อ/รับซื้อคอมพิวเตอร์-บุรีรัมย์","รับซื้อ คอมพิวเตอร์ ในบุรีรัมย์","added_sidebar_link_only","Batch 11 selective hub-spoke strengthening","ADDED"
"/รับซื้อ/รับซื้อของไอทีเสีย-บุรีรัมย์","","(no link)","รับซื้อ iPhone ในบุรีรัมย์","/รับซื้อ/รับซื้อ-iphone-บุรีรัมย์","รับซื้อ iPhone ในบุรีรัมย์","added_sidebar_link_only","Batch 11 selective hub-spoke strengthening","ADDED"
"/รับซื้อ/รับซื้อของไอทีเสีย-มหาสารคาม","","(no link)","รับซื้อ โน๊ตบุ๊ค ในมหาสารคาม","/รับซื้อ/รับซื้อโน๊ตบุ๊ค-มหาสารคาม","รับซื้อ โน๊ตบุ๊ค ในมหาสารคาม","added_sidebar_link_only","Batch 11 selective hub-spoke strengthening","ADDED"
"/รับซื้อ/รับซื้อของไอทีเสีย-มหาสารคาม","","(no link)","รับซื้อ MacBook ในมหาสารคาม","/รับซื้อ/รับซื้อ-macbook-มหาสารคาม","รับซื้อ MacBook ในมหาสารคาม","added_sidebar_link_only","Batch 11 selective hub-spoke strengthening","ADDED"
"/รับซื้อ/รับซื้อของไอทีเสีย-มหาสารคาม","","(no link)","รับซื้อ คอมพิวเตอร์ ในมหาสารคาม","/รับซื้อ/รับซื้อคอมพิวเตอร์-มหาสารคาม","รับซื้อ คอมพิวเตอร์ ในมหาสารคาม","added_sidebar_link_only","Batch 11 selective hub-spoke strengthening","ADDED"
"/รับซื้อ/รับซื้อของไอทีเสีย-มหาสารคาม","","(no link)","รับซื้อ iPhone ในมหาสารคาม","/รับซื้อ/รับซื้อ-iphone-มหาสารคาม","รับซื้อ iPhone ในมหาสารคาม","added_sidebar_link_only","Batch 11 selective hub-spoke strengthening","ADDED"
"/รับซื้อ/รับซื้อของไอทีเสีย-มุกดาหาร","","(no link)","รับซื้อ โน๊ตบุ๊ค ในมุกดาหาร","/รับซื้อ/รับซื้อโน๊ตบุ๊ค-มุกดาหาร","รับซื้อ โน๊ตบุ๊ค ในมุกดาหาร","added_sidebar_link_only","Batch 11 selective hub-spoke strengthening","ADDED"
"/รับซื้อ/รับซื้อของไอทีเสีย-มุกดาหาร","","(no link)","รับซื้อ MacBook ในมุกดาหาร","/รับซื้อ/รับซื้อ-macbook-มุกดาหาร","รับซื้อ MacBook ในมุกดาหาร","added_sidebar_link_only","Batch 11 selective hub-spoke strengthening","ADDED"
"/รับซื้อ/รับซื้อของไอทีเสีย-มุกดาหาร","","(no link)","รับซื้อ คอมพิวเตอร์ ในมุกดาหาร","/รับซื้อ/รับซื้อคอมพิวเตอร์-มุกดาหาร","รับซื้อ คอมพิวเตอร์ ในมุกดาหาร","added_sidebar_link_only","Batch 11 selective hub-spoke strengthening","ADDED"
"/รับซื้อ/รับซื้อของไอทีเสีย-มุกดาหาร","","(no link)","รับซื้อ iPhone ในมุกดาหาร","/รับซื้อ/รับซื้อ-iphone-มุกดาหาร","รับซื้อ iPhone ในมุกดาหาร","added_sidebar_link_only","Batch 11 selective hub-spoke strengthening","ADDED"
"/รับซื้อ/รับซื้อของไอทีเสีย-ยโสธร","","(no link)","รับซื้อ โน๊ตบุ๊ค ในยโสธร","/รับซื้อ/รับซื้อโน๊ตบุ๊ค-ยโสธร","รับซื้อ โน๊ตบุ๊ค ในยโสธร","added_sidebar_link_only","Batch 11 selective hub-spoke strengthening","ADDED"
"/รับซื้อ/รับซื้อของไอทีเสีย-ยโสธร","","(no link)","รับซื้อ MacBook ในยโสธร","/รับซื้อ/รับซื้อ-macbook-ยโสธร","รับซื้อ MacBook ในยโสธร","added_sidebar_link_only","Batch 11 selective hub-spoke strengthening","ADDED"
"/รับซื้อ/รับซื้อของไอทีเสีย-ยโสธร","","(no link)","รับซื้อ คอมพิวเตอร์ ในยโสธร","/รับซื้อ/รับซื้อคอมพิวเตอร์-ยโสธร","รับซื้อ คอมพิวเตอร์ ในยโสธร","added_sidebar_link_only","Batch 11 selective hub-spoke strengthening","ADDED"
"/รับซื้อ/รับซื้อของไอทีเสีย-ยโสธร","","(no link)","รับซื้อ iPhone ในยโสธร","/รับซื้อ/รับซื้อ-iphone-ยโสธร","รับซื้อ iPhone ในยโสธร","added_sidebar_link_only","Batch 11 selective hub-spoke strengthening","ADDED"
"/รับซื้อ/รับซื้อของไอทีเสีย-ร้อยเอ็ด","","(no link)","รับซื้อ โน๊ตบุ๊ค ในร้อยเอ็ด","/รับซื้อ/รับซื้อโน๊ตบุ๊ค-ร้อยเอ็ด","รับซื้อ โน๊ตบุ๊ค ในร้อยเอ็ด","added_sidebar_link_only","Batch 11 selective hub-spoke strengthening","ADDED"
"/รับซื้อ/รับซื้อของไอทีเสีย-ร้อยเอ็ด","","(no link)","รับซื้อ MacBook ในร้อยเอ็ด","/รับซื้อ/รับซื้อ-macbook-ร้อยเอ็ด","รับซื้อ MacBook ในร้อยเอ็ด","added_sidebar_link_only","Batch 11 selective hub-spoke strengthening","ADDED"
"/รับซื้อ/รับซื้อของไอทีเสีย-ร้อยเอ็ด","","(no link)","รับซื้อ คอมพิวเตอร์ ในร้อยเอ็ด","/รับซื้อ/รับซื้อคอมพิวเตอร์-ร้อยเอ็ด","รับซื้อ คอมพิวเตอร์ ในร้อยเอ็ด","added_sidebar_link_only","Batch 11 selective hub-spoke strengthening","ADDED"
"/รับซื้อ/รับซื้อของไอทีเสีย-ร้อยเอ็ด","","(no link)","รับซื้อ iPhone ในร้อยเอ็ด","/รับซื้อ/รับซื้อ-iphone-ร้อยเอ็ด","รับซื้อ iPhone ในร้อยเอ็ด","added_sidebar_link_only","Batch 11 selective hub-spoke strengthening","ADDED"
"/รับซื้อ/รับซื้อของไอทีเสีย-ศรีสะเกษ","","(no link)","รับซื้อ โน๊ตบุ๊ค ในศรีสะเกษ","/รับซื้อ/รับซื้อโน๊ตบุ๊ค-ศรีสะเกษ","รับซื้อ โน๊ตบุ๊ค ในศรีสะเกษ","added_sidebar_link_only","Batch 11 selective hub-spoke strengthening","ADDED"
"/รับซื้อ/รับซื้อของไอทีเสีย-ศรีสะเกษ","","(no link)","รับซื้อ MacBook ในศรีสะเกษ","/รับซื้อ/รับซื้อ-macbook-ศรีสะเกษ","รับซื้อ MacBook ในศรีสะเกษ","added_sidebar_link_only","Batch 11 selective hub-spoke strengthening","ADDED"
"/รับซื้อ/รับซื้อของไอทีเสีย-ศรีสะเกษ","","(no link)","รับซื้อ คอมพิวเตอร์ ในศรีสะเกษ","/รับซื้อ/รับซื้อคอมพิวเตอร์-ศรีสะเกษ","รับซื้อ คอมพิวเตอร์ ในศรีสะเกษ","added_sidebar_link_only","Batch 11 selective hub-spoke strengthening","ADDED"
"/รับซื้อ/รับซื้อของไอทีเสีย-ศรีสะเกษ","","(no link)","รับซื้อ iPhone ในศรีสะเกษ","/รับซื้อ/รับซื้อ-iphone-ศรีสะเกษ","รับซื้อ iPhone ในศรีสะเกษ","added_sidebar_link_only","Batch 11 selective hub-spoke strengthening","ADDED"
"/รับซื้อ/รับซื้อของไอทีเสีย-สกลนคร","","(no link)","รับซื้อ โน๊ตบุ๊ค ในสกลนคร","/รับซื้อ/รับซื้อโน๊ตบุ๊ค-สกลนคร","รับซื้อ โน๊ตบุ๊ค ในสกลนคร","added_sidebar_link_only","Batch 11 selective hub-spoke strengthening","ADDED"
"/รับซื้อ/รับซื้อของไอทีเสีย-สกลนคร","","(no link)","รับซื้อ MacBook ในสกลนคร","/รับซื้อ/รับซื้อ-macbook-สกลนคร","รับซื้อ MacBook ในสกลนคร","added_sidebar_link_only","Batch 11 selective hub-spoke strengthening","ADDED"
"/รับซื้อ/รับซื้อของไอทีเสีย-สกลนคร","","(no link)","รับซื้อ คอมพิวเตอร์ ในสกลนคร","/รับซื้อ/รับซื้อคอมพิวเตอร์-สกลนคร","รับซื้อ คอมพิวเตอร์ ในสกลนคร","added_sidebar_link_only","Batch 11 selective hub-spoke strengthening","ADDED"
"/รับซื้อ/รับซื้อของไอทีเสีย-สกลนคร","","(no link)","รับซื้อ iPhone ในสกลนคร","/รับซื้อ/รับซื้อ-iphone-สกลนคร","รับซื้อ iPhone ในสกลนคร","added_sidebar_link_only","Batch 11 selective hub-spoke strengthening","ADDED"
"/รับซื้อ/รับซื้อของไอทีเสีย-สุรินทร์","","(no link)","รับซื้อ โน๊ตบุ๊ค ในสุรินทร์","/รับซื้อ/รับซื้อโน๊ตบุ๊ค-สุรินทร์","รับซื้อ โน๊ตบุ๊ค ในสุรินทร์","added_sidebar_link_only","Batch 11 selective hub-spoke strengthening","ADDED"
"/รับซื้อ/รับซื้อของไอทีเสีย-สุรินทร์","","(no link)","รับซื้อ MacBook ในสุรินทร์","/รับซื้อ/รับซื้อ-macbook-สุรินทร์","รับซื้อ MacBook ในสุรินทร์","added_sidebar_link_only","Batch 11 selective hub-spoke strengthening","ADDED"
"/รับซื้อ/รับซื้อของไอทีเสีย-สุรินทร์","","(no link)","รับซื้อ คอมพิวเตอร์ ในสุรินทร์","/รับซื้อ/รับซื้อคอมพิวเตอร์-สุรินทร์","รับซื้อ คอมพิวเตอร์ ในสุรินทร์","added_sidebar_link_only","Batch 11 selective hub-spoke strengthening","ADDED"
"/รับซื้อ/รับซื้อของไอทีเสีย-สุรินทร์","","(no link)","รับซื้อ iPhone ในสุรินทร์","/รับซื้อ/รับซื้อ-iphone-สุรินทร์","รับซื้อ iPhone ในสุรินทร์","added_sidebar_link_only","Batch 11 selective hub-spoke strengthening","ADDED"
"/รับซื้อ/รับซื้อของไอทีเสีย-หนองคาย","","(no link)","รับซื้อ โน๊ตบุ๊ค ในหนองคาย","/รับซื้อ/รับซื้อโน๊ตบุ๊ค-หนองคาย","รับซื้อ โน๊ตบุ๊ค ในหนองคาย","added_sidebar_link_only","Batch 11 selective hub-spoke strengthening","ADDED"
"/รับซื้อ/รับซื้อของไอทีเสีย-หนองคาย","","(no link)","รับซื้อ MacBook ในหนองคาย","/รับซื้อ/รับซื้อ-macbook-หนองคาย","รับซื้อ MacBook ในหนองคาย","added_sidebar_link_only","Batch 11 selective hub-spoke strengthening","ADDED"
"/รับซื้อ/รับซื้อของไอทีเสีย-หนองคาย","","(no link)","รับซื้อ คอมพิวเตอร์ ในหนองคาย","/รับซื้อ/รับซื้อคอมพิวเตอร์-หนองคาย","รับซื้อ คอมพิวเตอร์ ในหนองคาย","added_sidebar_link_only","Batch 11 selective hub-spoke strengthening","ADDED"
"/รับซื้อ/รับซื้อของไอทีเสีย-หนองคาย","","(no link)","รับซื้อ iPhone ในหนองคาย","/รับซื้อ/รับซื้อ-iphone-หนองคาย","รับซื้อ iPhone ในหนองคาย","added_sidebar_link_only","Batch 11 selective hub-spoke strengthening","ADDED"
"/รับซื้อ/รับซื้อของไอทีเสีย-หนองบัวลำภู","","(no link)","รับซื้อ โน๊ตบุ๊ค ในหนองบัวลำภู","/รับซื้อ/รับซื้อโน๊ตบุ๊ค-หนองบัวลำภู","รับซื้อ โน๊ตบุ๊ค ในหนองบัวลำภู","added_sidebar_link_only","Batch 11 selective hub-spoke strengthening","ADDED"
"/รับซื้อ/รับซื้อของไอทีเสีย-หนองบัวลำภู","","(no link)","รับซื้อ MacBook ในหนองบัวลำภู","/รับซื้อ/รับซื้อ-macbook-หนองบัวลำภู","รับซื้อ MacBook ในหนองบัวลำภู","added_sidebar_link_only","Batch 11 selective hub-spoke strengthening","ADDED"
"/รับซื้อ/รับซื้อของไอทีเสีย-หนองบัวลำภู","","(no link)","รับซื้อ คอมพิวเตอร์ ในหนองบัวลำภู","/รับซื้อ/รับซื้อคอมพิวเตอร์-หนองบัวลำภู","รับซื้อ คอมพิวเตอร์ ในหนองบัวลำภู","added_sidebar_link_only","Batch 11 selective hub-spoke strengthening","ADDED"
"/รับซื้อ/รับซื้อของไอทีเสีย-หนองบัวลำภู","","(no link)","รับซื้อ iPhone ในหนองบัวลำภู","/รับซื้อ/รับซื้อ-iphone-หนองบัวลำภู","รับซื้อ iPhone ในหนองบัวลำภู","added_sidebar_link_only","Batch 11 selective hub-spoke strengthening","ADDED"
"/รับซื้อ/รับซื้อของไอทีเสีย-อำนาจเจริญ","","(no link)","รับซื้อ โน๊ตบุ๊ค ในอำนาจเจริญ","/รับซื้อ/รับซื้อโน๊ตบุ๊ค-อำนาจเจริญ","รับซื้อ โน๊ตบุ๊ค ในอำนาจเจริญ","added_sidebar_link_only","Batch 11 selective hub-spoke strengthening","ADDED"
"/รับซื้อ/รับซื้อของไอทีเสีย-อำนาจเจริญ","","(no link)","รับซื้อ MacBook ในอำนาจเจริญ","/รับซื้อ/รับซื้อ-macbook-อำนาจเจริญ","รับซื้อ MacBook ในอำนาจเจริญ","added_sidebar_link_only","Batch 11 selective hub-spoke strengthening","ADDED"
"/รับซื้อ/รับซื้อของไอทีเสีย-อำนาจเจริญ","","(no link)","รับซื้อ คอมพิวเตอร์ ในอำนาจเจริญ","/รับซื้อ/รับซื้อคอมพิวเตอร์-อำนาจเจริญ","รับซื้อ คอมพิวเตอร์ ในอำนาจเจริญ","added_sidebar_link_only","Batch 11 selective hub-spoke strengthening","ADDED"
"/รับซื้อ/รับซื้อของไอทีเสีย-อำนาจเจริญ","","(no link)","รับซื้อ iPhone ในอำนาจเจริญ","/รับซื้อ/รับซื้อ-iphone-อำนาจเจริญ","รับซื้อ iPhone ในอำนาจเจริญ","added_sidebar_link_only","Batch 11 selective hub-spoke strengthening","ADDED"
"/รับซื้อ/รับซื้อของไอทีเสีย-อุดรธานี","","(no link)","รับซื้อ โน๊ตบุ๊ค ในอุดรธานี","/รับซื้อ/รับซื้อโน๊ตบุ๊ค-อุดรธานี","รับซื้อ โน๊ตบุ๊ค ในอุดรธานี","added_sidebar_link_only","Batch 11 selective hub-spoke strengthening","ADDED"
"/รับซื้อ/รับซื้อของไอทีเสีย-อุดรธานี","","(no link)","รับซื้อ MacBook ในอุดรธานี","/รับซื้อ/รับซื้อ-macbook-อุดรธานี","รับซื้อ MacBook ในอุดรธานี","added_sidebar_link_only","Batch 11 selective hub-spoke strengthening","ADDED"
"/รับซื้อ/รับซื้อของไอทีเสีย-อุดรธานี","","(no link)","รับซื้อ คอมพิวเตอร์ ในอุดรธานี","/รับซื้อ/รับซื้อคอมพิวเตอร์-อุดรธานี","รับซื้อ คอมพิวเตอร์ ในอุดรธานี","added_sidebar_link_only","Batch 11 selective hub-spoke strengthening","ADDED"
"/รับซื้อ/รับซื้อของไอทีเสีย-อุดรธานี","","(no link)","รับซื้อ iPhone ในอุดรธานี","/รับซื้อ/รับซื้อ-iphone-อุดรธานี","รับซื้อ iPhone ในอุดรธานี","added_sidebar_link_only","Batch 11 selective hub-spoke strengthening","ADDED"
"/รับซื้อ/รับซื้อของไอทีเสีย-อุบลราชธานี","","(no link)","รับซื้อโน๊ตบุ๊ค ในอุบลราชธานี","/รับซื้อ/รับซื้อโน๊ตบุ๊ค-อุบลราชธานี","รับซื้อโน๊ตบุ๊ค ในอุบลราชธานี","added_sidebar_link_only","Batch 11 selective hub-spoke strengthening","ADDED"
"/รับซื้อ/รับซื้อของไอทีเสีย-อุบลราชธานี","","(no link)","รับซื้อ MacBook ในอุบลราชธานี","/รับซื้อ/รับซื้อ-macbook-อุบลราชธานี","รับซื้อ MacBook ในอุบลราชธานี","added_sidebar_link_only","Batch 11 selective hub-spoke strengthening","ADDED"
"/รับซื้อ/รับซื้อของไอทีเสีย-อุบลราชธานี","","(no link)","รับซื้อคอมพิวเตอร์ ในอุบลราชธานี","/รับซื้อ/รับซื้อคอมพิวเตอร์-อุบลราชธานี","รับซื้อคอมพิวเตอร์ ในอุบลราชธานี","added_sidebar_link_only","Batch 11 selective hub-spoke strengthening","ADDED"
"/รับซื้อ/รับซื้อของไอทีเสีย-อุบลราชธานี","","(no link)","รับซื้อ iPhone ในอุบลราชธานี","/รับซื้อ/รับซื้อ-iphone-อุบลราชธานี","รับซื้อ iPhone ในอุบลราชธานี","added_sidebar_link_only","Batch 11 selective hub-spoke strengthening","ADDED"
"/รับซื้อ/รับซื้อของไอทีเสีย-เลย","","(no link)","รับซื้อ โน๊ตบุ๊ค ในเลย","/รับซื้อ/รับซื้อโน๊ตบุ๊ค-เลย","รับซื้อ โน๊ตบุ๊ค ในเลย","added_sidebar_link_only","Batch 11 selective hub-spoke strengthening","ADDED"
"/รับซื้อ/รับซื้อของไอทีเสีย-เลย","","(no link)","รับซื้อ MacBook ในเลย","/รับซื้อ/รับซื้อ-macbook-เลย","รับซื้อ MacBook ในเลย","added_sidebar_link_only","Batch 11 selective hub-spoke strengthening","ADDED"
"/รับซื้อ/รับซื้อของไอทีเสีย-เลย","","(no link)","รับซื้อ คอมพิวเตอร์ ในเลย","/รับซื้อ/รับซื้อคอมพิวเตอร์-เลย","รับซื้อ คอมพิวเตอร์ ในเลย","added_sidebar_link_only","Batch 11 selective hub-spoke strengthening","ADDED"
"/รับซื้อ/รับซื้อของไอทีเสีย-เลย","","(no link)","รับซื้อ iPhone ในเลย","/รับซื้อ/รับซื้อ-iphone-เลย","รับซื้อ iPhone ในเลย","added_sidebar_link_only","Batch 11 selective hub-spoke strengthening","ADDED"
"/รับซื้อ/รับซื้อคอมบริษัท-กาฬสินธุ์","","(no link)","รับซื้อ โน๊ตบุ๊ค ในกาฬสินธุ์","/รับซื้อ/รับซื้อโน๊ตบุ๊ค-กาฬสินธุ์","รับซื้อ โน๊ตบุ๊ค ในกาฬสินธุ์","added_sidebar_link_only","Batch 11 selective hub-spoke strengthening","ADDED"
"/รับซื้อ/รับซื้อคอมบริษัท-กาฬสินธุ์","","(no link)","รับซื้อ MacBook ในกาฬสินธุ์","/รับซื้อ/รับซื้อ-macbook-กาฬสินธุ์","รับซื้อ MacBook ในกาฬสินธุ์","added_sidebar_link_only","Batch 11 selective hub-spoke strengthening","ADDED"
"/รับซื้อ/รับซื้อคอมบริษัท-กาฬสินธุ์","","(no link)","รับซื้อ คอมพิวเตอร์ ในกาฬสินธุ์","/รับซื้อ/รับซื้อคอมพิวเตอร์-กาฬสินธุ์","รับซื้อ คอมพิวเตอร์ ในกาฬสินธุ์","added_sidebar_link_only","Batch 11 selective hub-spoke strengthening","ADDED"
"/รับซื้อ/รับซื้อคอมบริษัท-กาฬสินธุ์","","(no link)","รับซื้อ iPhone ในกาฬสินธุ์","/รับซื้อ/รับซื้อ-iphone-กาฬสินธุ์","รับซื้อ iPhone ในกาฬสินธุ์","added_sidebar_link_only","Batch 11 selective hub-spoke strengthening","ADDED"
"/รับซื้อ/รับซื้อคอมบริษัท-ขอนแก่น","","(no link)","รับซื้อ โน๊ตบุ๊ค ในขอนแก่น","/รับซื้อ/รับซื้อโน๊ตบุ๊ค-ขอนแก่น","รับซื้อ โน๊ตบุ๊ค ในขอนแก่น","added_sidebar_link_only","Batch 11 selective hub-spoke strengthening","ADDED"
"/รับซื้อ/รับซื้อคอมบริษัท-ขอนแก่น","","(no link)","รับซื้อ MacBook ในขอนแก่น","/รับซื้อ/รับซื้อ-macbook-ขอนแก่น","รับซื้อ MacBook ในขอนแก่น","added_sidebar_link_only","Batch 11 selective hub-spoke strengthening","ADDED"
"/รับซื้อ/รับซื้อคอมบริษัท-ขอนแก่น","","(no link)","รับซื้อ คอมพิวเตอร์ ในขอนแก่น","/รับซื้อ/รับซื้อคอมพิวเตอร์-ขอนแก่น","รับซื้อ คอมพิวเตอร์ ในขอนแก่น","added_sidebar_link_only","Batch 11 selective hub-spoke strengthening","ADDED"
"/รับซื้อ/รับซื้อคอมบริษัท-ขอนแก่น","","(no link)","รับซื้อ iPhone ในขอนแก่น","/รับซื้อ/รับซื้อ-iphone-ขอนแก่น","รับซื้อ iPhone ในขอนแก่น","added_sidebar_link_only","Batch 11 selective hub-spoke strengthening","ADDED"
"/รับซื้อ/รับซื้อคอมบริษัท-ชัยภูมิ","","(no link)","รับซื้อ โน๊ตบุ๊ค ในชัยภูมิ","/รับซื้อ/รับซื้อโน๊ตบุ๊ค-ชัยภูมิ","รับซื้อ โน๊ตบุ๊ค ในชัยภูมิ","added_sidebar_link_only","Batch 11 selective hub-spoke strengthening","ADDED"
"/รับซื้อ/รับซื้อคอมบริษัท-ชัยภูมิ","","(no link)","รับซื้อ MacBook ในชัยภูมิ","/รับซื้อ/รับซื้อ-macbook-ชัยภูมิ","รับซื้อ MacBook ในชัยภูมิ","added_sidebar_link_only","Batch 11 selective hub-spoke strengthening","ADDED"
"/รับซื้อ/รับซื้อคอมบริษัท-ชัยภูมิ","","(no link)","รับซื้อ คอมพิวเตอร์ ในชัยภูมิ","/รับซื้อ/รับซื้อคอมพิวเตอร์-ชัยภูมิ","รับซื้อ คอมพิวเตอร์ ในชัยภูมิ","added_sidebar_link_only","Batch 11 selective hub-spoke strengthening","ADDED"
"/รับซื้อ/รับซื้อคอมบริษัท-ชัยภูมิ","","(no link)","รับซื้อ iPhone ในชัยภูมิ","/รับซื้อ/รับซื้อ-iphone-ชัยภูมิ","รับซื้อ iPhone ในชัยภูมิ","added_sidebar_link_only","Batch 11 selective hub-spoke strengthening","ADDED"
"/รับซื้อ/รับซื้อคอมบริษัท-นครพนม","","(no link)","รับซื้อ โน๊ตบุ๊ค ในนครพนม","/รับซื้อ/รับซื้อโน๊ตบุ๊ค-นครพนม","รับซื้อ โน๊ตบุ๊ค ในนครพนม","added_sidebar_link_only","Batch 11 selective hub-spoke strengthening","ADDED"
"/รับซื้อ/รับซื้อคอมบริษัท-นครพนม","","(no link)","รับซื้อ MacBook ในนครพนม","/รับซื้อ/รับซื้อ-macbook-นครพนม","รับซื้อ MacBook ในนครพนม","added_sidebar_link_only","Batch 11 selective hub-spoke strengthening","ADDED"
"/รับซื้อ/รับซื้อคอมบริษัท-นครพนม","","(no link)","รับซื้อ คอมพิวเตอร์ ในนครพนม","/รับซื้อ/รับซื้อคอมพิวเตอร์-นครพนม","รับซื้อ คอมพิวเตอร์ ในนครพนม","added_sidebar_link_only","Batch 11 selective hub-spoke strengthening","ADDED"
"/รับซื้อ/รับซื้อคอมบริษัท-นครพนม","","(no link)","รับซื้อ iPhone ในนครพนม","/รับซื้อ/รับซื้อ-iphone-นครพนม","รับซื้อ iPhone ในนครพนม","added_sidebar_link_only","Batch 11 selective hub-spoke strengthening","ADDED"
"/รับซื้อ/รับซื้อคอมบริษัท-นครราชสีมา","","(no link)","รับซื้อ โน๊ตบุ๊ค ในนครราชสีมา","/รับซื้อ/รับซื้อโน๊ตบุ๊ค-นครราชสีมา","รับซื้อ โน๊ตบุ๊ค ในนครราชสีมา","added_sidebar_link_only","Batch 11 selective hub-spoke strengthening","ADDED"
"/รับซื้อ/รับซื้อคอมบริษัท-นครราชสีมา","","(no link)","รับซื้อ MacBook ในนครราชสีมา","/รับซื้อ/รับซื้อ-macbook-นครราชสีมา","รับซื้อ MacBook ในนครราชสีมา","added_sidebar_link_only","Batch 11 selective hub-spoke strengthening","ADDED"
"/รับซื้อ/รับซื้อคอมบริษัท-นครราชสีมา","","(no link)","รับซื้อ คอมพิวเตอร์ ในนครราชสีมา","/รับซื้อ/รับซื้อคอมพิวเตอร์-นครราชสีมา","รับซื้อ คอมพิวเตอร์ ในนครราชสีมา","added_sidebar_link_only","Batch 11 selective hub-spoke strengthening","ADDED"
"/รับซื้อ/รับซื้อคอมบริษัท-นครราชสีมา","","(no link)","รับซื้อ iPhone ในนครราชสีมา","/รับซื้อ/รับซื้อ-iphone-นครราชสีมา","รับซื้อ iPhone ในนครราชสีมา","added_sidebar_link_only","Batch 11 selective hub-spoke strengthening","ADDED"
"/รับซื้อ/รับซื้อคอมบริษัท-บึงกาฬ","","(no link)","รับซื้อ โน๊ตบุ๊ค ในบึงกาฬ","/รับซื้อ/รับซื้อโน๊ตบุ๊ค-บึงกาฬ","รับซื้อ โน๊ตบุ๊ค ในบึงกาฬ","added_sidebar_link_only","Batch 11 selective hub-spoke strengthening","ADDED"
"/รับซื้อ/รับซื้อคอมบริษัท-บึงกาฬ","","(no link)","รับซื้อ MacBook ในบึงกาฬ","/รับซื้อ/รับซื้อ-macbook-บึงกาฬ","รับซื้อ MacBook ในบึงกาฬ","added_sidebar_link_only","Batch 11 selective hub-spoke strengthening","ADDED"
"/รับซื้อ/รับซื้อคอมบริษัท-บึงกาฬ","","(no link)","รับซื้อ คอมพิวเตอร์ ในบึงกาฬ","/รับซื้อ/รับซื้อคอมพิวเตอร์-บึงกาฬ","รับซื้อ คอมพิวเตอร์ ในบึงกาฬ","added_sidebar_link_only","Batch 11 selective hub-spoke strengthening","ADDED"
"/รับซื้อ/รับซื้อคอมบริษัท-บึงกาฬ","","(no link)","รับซื้อ iPhone ในบึงกาฬ","/รับซื้อ/รับซื้อ-iphone-บึงกาฬ","รับซื้อ iPhone ในบึงกาฬ","added_sidebar_link_only","Batch 11 selective hub-spoke strengthening","ADDED"
"/รับซื้อ/รับซื้อคอมบริษัท-บุรีรัมย์","","(no link)","รับซื้อ โน๊ตบุ๊ค ในบุรีรัมย์","/รับซื้อ/รับซื้อโน๊ตบุ๊ค-บุรีรัมย์","รับซื้อ โน๊ตบุ๊ค ในบุรีรัมย์","added_sidebar_link_only","Batch 11 selective hub-spoke strengthening","ADDED"
"/รับซื้อ/รับซื้อคอมบริษัท-บุรีรัมย์","","(no link)","รับซื้อ MacBook ในบุรีรัมย์","/รับซื้อ/รับซื้อ-macbook-บุรีรัมย์","รับซื้อ MacBook ในบุรีรัมย์","added_sidebar_link_only","Batch 11 selective hub-spoke strengthening","ADDED"
"/รับซื้อ/รับซื้อคอมบริษัท-บุรีรัมย์","","(no link)","รับซื้อ คอมพิวเตอร์ ในบุรีรัมย์","/รับซื้อ/รับซื้อคอมพิวเตอร์-บุรีรัมย์","รับซื้อ คอมพิวเตอร์ ในบุรีรัมย์","added_sidebar_link_only","Batch 11 selective hub-spoke strengthening","ADDED"
"/รับซื้อ/รับซื้อคอมบริษัท-บุรีรัมย์","","(no link)","รับซื้อ iPhone ในบุรีรัมย์","/รับซื้อ/รับซื้อ-iphone-บุรีรัมย์","รับซื้อ iPhone ในบุรีรัมย์","added_sidebar_link_only","Batch 11 selective hub-spoke strengthening","ADDED"
"/รับซื้อ/รับซื้อคอมบริษัท-มหาสารคาม","","(no link)","รับซื้อ โน๊ตบุ๊ค ในมหาสารคาม","/รับซื้อ/รับซื้อโน๊ตบุ๊ค-มหาสารคาม","รับซื้อ โน๊ตบุ๊ค ในมหาสารคาม","added_sidebar_link_only","Batch 11 selective hub-spoke strengthening","ADDED"
"/รับซื้อ/รับซื้อคอมบริษัท-มหาสารคาม","","(no link)","รับซื้อ MacBook ในมหาสารคาม","/รับซื้อ/รับซื้อ-macbook-มหาสารคาม","รับซื้อ MacBook ในมหาสารคาม","added_sidebar_link_only","Batch 11 selective hub-spoke strengthening","ADDED"
"/รับซื้อ/รับซื้อคอมบริษัท-มหาสารคาม","","(no link)","รับซื้อ คอมพิวเตอร์ ในมหาสารคาม","/รับซื้อ/รับซื้อคอมพิวเตอร์-มหาสารคาม","รับซื้อ คอมพิวเตอร์ ในมหาสารคาม","added_sidebar_link_only","Batch 11 selective hub-spoke strengthening","ADDED"
"/รับซื้อ/รับซื้อคอมบริษัท-มหาสารคาม","","(no link)","รับซื้อ iPhone ในมหาสารคาม","/รับซื้อ/รับซื้อ-iphone-มหาสารคาม","รับซื้อ iPhone ในมหาสารคาม","added_sidebar_link_only","Batch 11 selective hub-spoke strengthening","ADDED"
"/รับซื้อ/รับซื้อคอมบริษัท-มุกดาหาร","","(no link)","รับซื้อ โน๊ตบุ๊ค ในมุกดาหาร","/รับซื้อ/รับซื้อโน๊ตบุ๊ค-มุกดาหาร","รับซื้อ โน๊ตบุ๊ค ในมุกดาหาร","added_sidebar_link_only","Batch 11 selective hub-spoke strengthening","ADDED"
"/รับซื้อ/รับซื้อคอมบริษัท-มุกดาหาร","","(no link)","รับซื้อ MacBook ในมุกดาหาร","/รับซื้อ/รับซื้อ-macbook-มุกดาหาร","รับซื้อ MacBook ในมุกดาหาร","added_sidebar_link_only","Batch 11 selective hub-spoke strengthening","ADDED"
"/รับซื้อ/รับซื้อคอมบริษัท-มุกดาหาร","","(no link)","รับซื้อ คอมพิวเตอร์ ในมุกดาหาร","/รับซื้อ/รับซื้อคอมพิวเตอร์-มุกดาหาร","รับซื้อ คอมพิวเตอร์ ในมุกดาหาร","added_sidebar_link_only","Batch 11 selective hub-spoke strengthening","ADDED"
"/รับซื้อ/รับซื้อคอมบริษัท-มุกดาหาร","","(no link)","รับซื้อ iPhone ในมุกดาหาร","/รับซื้อ/รับซื้อ-iphone-มุกดาหาร","รับซื้อ iPhone ในมุกดาหาร","added_sidebar_link_only","Batch 11 selective hub-spoke strengthening","ADDED"
"/รับซื้อ/รับซื้อคอมบริษัท-ยโสธร","","(no link)","รับซื้อ โน๊ตบุ๊ค ในยโสธร","/รับซื้อ/รับซื้อโน๊ตบุ๊ค-ยโสธร","รับซื้อ โน๊ตบุ๊ค ในยโสธร","added_sidebar_link_only","Batch 11 selective hub-spoke strengthening","ADDED"
"/รับซื้อ/รับซื้อคอมบริษัท-ยโสธร","","(no link)","รับซื้อ MacBook ในยโสธร","/รับซื้อ/รับซื้อ-macbook-ยโสธร","รับซื้อ MacBook ในยโสธร","added_sidebar_link_only","Batch 11 selective hub-spoke strengthening","ADDED"
"/รับซื้อ/รับซื้อคอมบริษัท-ยโสธร","","(no link)","รับซื้อ คอมพิวเตอร์ ในยโสธร","/รับซื้อ/รับซื้อคอมพิวเตอร์-ยโสธร","รับซื้อ คอมพิวเตอร์ ในยโสธร","added_sidebar_link_only","Batch 11 selective hub-spoke strengthening","ADDED"
"/รับซื้อ/รับซื้อคอมบริษัท-ยโสธร","","(no link)","รับซื้อ iPhone ในยโสธร","/รับซื้อ/รับซื้อ-iphone-ยโสธร","รับซื้อ iPhone ในยโสธร","added_sidebar_link_only","Batch 11 selective hub-spoke strengthening","ADDED"
"/รับซื้อ/รับซื้อคอมบริษัท-ร้อยเอ็ด","","(no link)","รับซื้อ โน๊ตบุ๊ค ในร้อยเอ็ด","/รับซื้อ/รับซื้อโน๊ตบุ๊ค-ร้อยเอ็ด","รับซื้อ โน๊ตบุ๊ค ในร้อยเอ็ด","added_sidebar_link_only","Batch 11 selective hub-spoke strengthening","ADDED"
"/รับซื้อ/รับซื้อคอมบริษัท-ร้อยเอ็ด","","(no link)","รับซื้อ MacBook ในร้อยเอ็ด","/รับซื้อ/รับซื้อ-macbook-ร้อยเอ็ด","รับซื้อ MacBook ในร้อยเอ็ด","added_sidebar_link_only","Batch 11 selective hub-spoke strengthening","ADDED"
"/รับซื้อ/รับซื้อคอมบริษัท-ร้อยเอ็ด","","(no link)","รับซื้อ คอมพิวเตอร์ ในร้อยเอ็ด","/รับซื้อ/รับซื้อคอมพิวเตอร์-ร้อยเอ็ด","รับซื้อ คอมพิวเตอร์ ในร้อยเอ็ด","added_sidebar_link_only","Batch 11 selective hub-spoke strengthening","ADDED"
"/รับซื้อ/รับซื้อคอมบริษัท-ร้อยเอ็ด","","(no link)","รับซื้อ iPhone ในร้อยเอ็ด","/รับซื้อ/รับซื้อ-iphone-ร้อยเอ็ด","รับซื้อ iPhone ในร้อยเอ็ด","added_sidebar_link_only","Batch 11 selective hub-spoke strengthening","ADDED"
"/รับซื้อ/รับซื้อคอมบริษัท-ศรีสะเกษ","","(no link)","รับซื้อ โน๊ตบุ๊ค ในศรีสะเกษ","/รับซื้อ/รับซื้อโน๊ตบุ๊ค-ศรีสะเกษ","รับซื้อ โน๊ตบุ๊ค ในศรีสะเกษ","added_sidebar_link_only","Batch 11 selective hub-spoke strengthening","ADDED"
"/รับซื้อ/รับซื้อคอมบริษัท-ศรีสะเกษ","","(no link)","รับซื้อ MacBook ในศรีสะเกษ","/รับซื้อ/รับซื้อ-macbook-ศรีสะเกษ","รับซื้อ MacBook ในศรีสะเกษ","added_sidebar_link_only","Batch 11 selective hub-spoke strengthening","ADDED"
"/รับซื้อ/รับซื้อคอมบริษัท-ศรีสะเกษ","","(no link)","รับซื้อ คอมพิวเตอร์ ในศรีสะเกษ","/รับซื้อ/รับซื้อคอมพิวเตอร์-ศรีสะเกษ","รับซื้อ คอมพิวเตอร์ ในศรีสะเกษ","added_sidebar_link_only","Batch 11 selective hub-spoke strengthening","ADDED"
"/รับซื้อ/รับซื้อคอมบริษัท-ศรีสะเกษ","","(no link)","รับซื้อ iPhone ในศรีสะเกษ","/รับซื้อ/รับซื้อ-iphone-ศรีสะเกษ","รับซื้อ iPhone ในศรีสะเกษ","added_sidebar_link_only","Batch 11 selective hub-spoke strengthening","ADDED"
"/รับซื้อ/รับซื้อคอมบริษัท-สกลนคร","","(no link)","รับซื้อ โน๊ตบุ๊ค ในสกลนคร","/รับซื้อ/รับซื้อโน๊ตบุ๊ค-สกลนคร","รับซื้อ โน๊ตบุ๊ค ในสกลนคร","added_sidebar_link_only","Batch 11 selective hub-spoke strengthening","ADDED"
"/รับซื้อ/รับซื้อคอมบริษัท-สกลนคร","","(no link)","รับซื้อ MacBook ในสกลนคร","/รับซื้อ/รับซื้อ-macbook-สกลนคร","รับซื้อ MacBook ในสกลนคร","added_sidebar_link_only","Batch 11 selective hub-spoke strengthening","ADDED"
"/รับซื้อ/รับซื้อคอมบริษัท-สกลนคร","","(no link)","รับซื้อ คอมพิวเตอร์ ในสกลนคร","/รับซื้อ/รับซื้อคอมพิวเตอร์-สกลนคร","รับซื้อ คอมพิวเตอร์ ในสกลนคร","added_sidebar_link_only","Batch 11 selective hub-spoke strengthening","ADDED"
"/รับซื้อ/รับซื้อคอมบริษัท-สกลนคร","","(no link)","รับซื้อ iPhone ในสกลนคร","/รับซื้อ/รับซื้อ-iphone-สกลนคร","รับซื้อ iPhone ในสกลนคร","added_sidebar_link_only","Batch 11 selective hub-spoke strengthening","ADDED"
"/รับซื้อ/รับซื้อคอมบริษัท-สุรินทร์","","(no link)","รับซื้อ โน๊ตบุ๊ค ในสุรินทร์","/รับซื้อ/รับซื้อโน๊ตบุ๊ค-สุรินทร์","รับซื้อ โน๊ตบุ๊ค ในสุรินทร์","added_sidebar_link_only","Batch 11 selective hub-spoke strengthening","ADDED"
"/รับซื้อ/รับซื้อคอมบริษัท-สุรินทร์","","(no link)","รับซื้อ MacBook ในสุรินทร์","/รับซื้อ/รับซื้อ-macbook-สุรินทร์","รับซื้อ MacBook ในสุรินทร์","added_sidebar_link_only","Batch 11 selective hub-spoke strengthening","ADDED"
"/รับซื้อ/รับซื้อคอมบริษัท-สุรินทร์","","(no link)","รับซื้อ คอมพิวเตอร์ ในสุรินทร์","/รับซื้อ/รับซื้อคอมพิวเตอร์-สุรินทร์","รับซื้อ คอมพิวเตอร์ ในสุรินทร์","added_sidebar_link_only","Batch 11 selective hub-spoke strengthening","ADDED"
"/รับซื้อ/รับซื้อคอมบริษัท-สุรินทร์","","(no link)","รับซื้อ iPhone ในสุรินทร์","/รับซื้อ/รับซื้อ-iphone-สุรินทร์","รับซื้อ iPhone ในสุรินทร์","added_sidebar_link_only","Batch 11 selective hub-spoke strengthening","ADDED"
"/รับซื้อ/รับซื้อคอมบริษัท-หนองคาย","","(no link)","รับซื้อ โน๊ตบุ๊ค ในหนองคาย","/รับซื้อ/รับซื้อโน๊ตบุ๊ค-หนองคาย","รับซื้อ โน๊ตบุ๊ค ในหนองคาย","added_sidebar_link_only","Batch 11 selective hub-spoke strengthening","ADDED"
"/รับซื้อ/รับซื้อคอมบริษัท-หนองคาย","","(no link)","รับซื้อ MacBook ในหนองคาย","/รับซื้อ/รับซื้อ-macbook-หนองคาย","รับซื้อ MacBook ในหนองคาย","added_sidebar_link_only","Batch 11 selective hub-spoke strengthening","ADDED"
"/รับซื้อ/รับซื้อคอมบริษัท-หนองคาย","","(no link)","รับซื้อ คอมพิวเตอร์ ในหนองคาย","/รับซื้อ/รับซื้อคอมพิวเตอร์-หนองคาย","รับซื้อ คอมพิวเตอร์ ในหนองคาย","added_sidebar_link_only","Batch 11 selective hub-spoke strengthening","ADDED"
"/รับซื้อ/รับซื้อคอมบริษัท-หนองคาย","","(no link)","รับซื้อ iPhone ในหนองคาย","/รับซื้อ/รับซื้อ-iphone-หนองคาย","รับซื้อ iPhone ในหนองคาย","added_sidebar_link_only","Batch 11 selective hub-spoke strengthening","ADDED"
"/รับซื้อ/รับซื้อคอมบริษัท-หนองบัวลำภู","","(no link)","รับซื้อ โน๊ตบุ๊ค ในหนองบัวลำภู","/รับซื้อ/รับซื้อโน๊ตบุ๊ค-หนองบัวลำภู","รับซื้อ โน๊ตบุ๊ค ในหนองบัวลำภู","added_sidebar_link_only","Batch 11 selective hub-spoke strengthening","ADDED"
"/รับซื้อ/รับซื้อคอมบริษัท-หนองบัวลำภู","","(no link)","รับซื้อ MacBook ในหนองบัวลำภู","/รับซื้อ/รับซื้อ-macbook-หนองบัวลำภู","รับซื้อ MacBook ในหนองบัวลำภู","added_sidebar_link_only","Batch 11 selective hub-spoke strengthening","ADDED"
"/รับซื้อ/รับซื้อคอมบริษัท-หนองบัวลำภู","","(no link)","รับซื้อ คอมพิวเตอร์ ในหนองบัวลำภู","/รับซื้อ/รับซื้อคอมพิวเตอร์-หนองบัวลำภู","รับซื้อ คอมพิวเตอร์ ในหนองบัวลำภู","added_sidebar_link_only","Batch 11 selective hub-spoke strengthening","ADDED"
"/รับซื้อ/รับซื้อคอมบริษัท-หนองบัวลำภู","","(no link)","รับซื้อ iPhone ในหนองบัวลำภู","/รับซื้อ/รับซื้อ-iphone-หนองบัวลำภู","รับซื้อ iPhone ในหนองบัวลำภู","added_sidebar_link_only","Batch 11 selective hub-spoke strengthening","ADDED"
"/รับซื้อ/รับซื้อคอมบริษัท-อำนาจเจริญ","","(no link)","รับซื้อ โน๊ตบุ๊ค ในอำนาจเจริญ","/รับซื้อ/รับซื้อโน๊ตบุ๊ค-อำนาจเจริญ","รับซื้อ โน๊ตบุ๊ค ในอำนาจเจริญ","added_sidebar_link_only","Batch 11 selective hub-spoke strengthening","ADDED"
"/รับซื้อ/รับซื้อคอมบริษัท-อำนาจเจริญ","","(no link)","รับซื้อ MacBook ในอำนาจเจริญ","/รับซื้อ/รับซื้อ-macbook-อำนาจเจริญ","รับซื้อ MacBook ในอำนาจเจริญ","added_sidebar_link_only","Batch 11 selective hub-spoke strengthening","ADDED"
"/รับซื้อ/รับซื้อคอมบริษัท-อำนาจเจริญ","","(no link)","รับซื้อ คอมพิวเตอร์ ในอำนาจเจริญ","/รับซื้อ/รับซื้อคอมพิวเตอร์-อำนาจเจริญ","รับซื้อ คอมพิวเตอร์ ในอำนาจเจริญ","added_sidebar_link_only","Batch 11 selective hub-spoke strengthening","ADDED"
"/รับซื้อ/รับซื้อคอมบริษัท-อำนาจเจริญ","","(no link)","รับซื้อ iPhone ในอำนาจเจริญ","/รับซื้อ/รับซื้อ-iphone-อำนาจเจริญ","รับซื้อ iPhone ในอำนาจเจริญ","added_sidebar_link_only","Batch 11 selective hub-spoke strengthening","ADDED"
"/รับซื้อ/รับซื้อคอมบริษัท-อุดรธานี","","(no link)","รับซื้อ โน๊ตบุ๊ค ในอุดรธานี","/รับซื้อ/รับซื้อโน๊ตบุ๊ค-อุดรธานี","รับซื้อ โน๊ตบุ๊ค ในอุดรธานี","added_sidebar_link_only","Batch 11 selective hub-spoke strengthening","ADDED"
"/รับซื้อ/รับซื้อคอมบริษัท-อุดรธานี","","(no link)","รับซื้อ MacBook ในอุดรธานี","/รับซื้อ/รับซื้อ-macbook-อุดรธานี","รับซื้อ MacBook ในอุดรธานี","added_sidebar_link_only","Batch 11 selective hub-spoke strengthening","ADDED"
"/รับซื้อ/รับซื้อคอมบริษัท-อุดรธานี","","(no link)","รับซื้อ คอมพิวเตอร์ ในอุดรธานี","/รับซื้อ/รับซื้อคอมพิวเตอร์-อุดรธานี","รับซื้อ คอมพิวเตอร์ ในอุดรธานี","added_sidebar_link_only","Batch 11 selective hub-spoke strengthening","ADDED"
"/รับซื้อ/รับซื้อคอมบริษัท-อุดรธานี","","(no link)","รับซื้อ iPhone ในอุดรธานี","/รับซื้อ/รับซื้อ-iphone-อุดรธานี","รับซื้อ iPhone ในอุดรธานี","added_sidebar_link_only","Batch 11 selective hub-spoke strengthening","ADDED"
"/รับซื้อ/รับซื้อคอมบริษัท-อุบลราชธานี","","(no link)","รับซื้อโน๊ตบุ๊ค ในอุบลราชธานี","/รับซื้อ/รับซื้อโน๊ตบุ๊ค-อุบลราชธานี","รับซื้อโน๊ตบุ๊ค ในอุบลราชธานี","added_sidebar_link_only","Batch 11 selective hub-spoke strengthening","ADDED"
"/รับซื้อ/รับซื้อคอมบริษัท-อุบลราชธานี","","(no link)","รับซื้อ MacBook ในอุบลราชธานี","/รับซื้อ/รับซื้อ-macbook-อุบลราชธานี","รับซื้อ MacBook ในอุบลราชธานี","added_sidebar_link_only","Batch 11 selective hub-spoke strengthening","ADDED"
"/รับซื้อ/รับซื้อคอมบริษัท-อุบลราชธานี","","(no link)","รับซื้อคอมพิวเตอร์ ในอุบลราชธานี","/รับซื้อ/รับซื้อคอมพิวเตอร์-อุบลราชธานี","รับซื้อคอมพิวเตอร์ ในอุบลราชธานี","added_sidebar_link_only","Batch 11 selective hub-spoke strengthening","ADDED"
"/รับซื้อ/รับซื้อคอมบริษัท-อุบลราชธานี","","(no link)","รับซื้อ iPhone ในอุบลราชธานี","/รับซื้อ/รับซื้อ-iphone-อุบลราชธานี","รับซื้อ iPhone ในอุบลราชธานี","added_sidebar_link_only","Batch 11 selective hub-spoke strengthening","ADDED"
"/รับซื้อ/รับซื้อคอมบริษัท-เลย","","(no link)","รับซื้อ โน๊ตบุ๊ค ในเลย","/รับซื้อ/รับซื้อโน๊ตบุ๊ค-เลย","รับซื้อ โน๊ตบุ๊ค ในเลย","added_sidebar_link_only","Batch 11 selective hub-spoke strengthening","ADDED"
"/รับซื้อ/รับซื้อคอมบริษัท-เลย","","(no link)","รับซื้อ MacBook ในเลย","/รับซื้อ/รับซื้อ-macbook-เลย","รับซื้อ MacBook ในเลย","added_sidebar_link_only","Batch 11 selective hub-spoke strengthening","ADDED"
"/รับซื้อ/รับซื้อคอมบริษัท-เลย","","(no link)","รับซื้อ คอมพิวเตอร์ ในเลย","/รับซื้อ/รับซื้อคอมพิวเตอร์-เลย","รับซื้อ คอมพิวเตอร์ ในเลย","added_sidebar_link_only","Batch 11 selective hub-spoke strengthening","ADDED"
"/รับซื้อ/รับซื้อคอมบริษัท-เลย","","(no link)","รับซื้อ iPhone ในเลย","/รับซื้อ/รับซื้อ-iphone-เลย","รับซื้อ iPhone ในเลย","added_sidebar_link_only","Batch 11 selective hub-spoke strengthening","ADDED"
"/รับซื้อ/รับซื้อคอมพิวเตอร์-กาฬสินธุ์","","(no link)","รับซื้อ โน๊ตบุ๊ค ในกาฬสินธุ์","/รับซื้อ/รับซื้อโน๊ตบุ๊ค-กาฬสินธุ์","รับซื้อ โน๊ตบุ๊ค ในกาฬสินธุ์","added_sidebar_link_only","Batch 11 selective hub-spoke strengthening","ADDED"
"/รับซื้อ/รับซื้อคอมพิวเตอร์-กาฬสินธุ์","","(no link)","รับซื้อ MacBook ในกาฬสินธุ์","/รับซื้อ/รับซื้อ-macbook-กาฬสินธุ์","รับซื้อ MacBook ในกาฬสินธุ์","added_sidebar_link_only","Batch 11 selective hub-spoke strengthening","ADDED"
"/รับซื้อ/รับซื้อคอมพิวเตอร์-กาฬสินธุ์","","(no link)","รับซื้อ iPhone ในกาฬสินธุ์","/รับซื้อ/รับซื้อ-iphone-กาฬสินธุ์","รับซื้อ iPhone ในกาฬสินธุ์","added_sidebar_link_only","Batch 11 selective hub-spoke strengthening","ADDED"
"/รับซื้อ/รับซื้อคอมพิวเตอร์-กาฬสินธุ์","","(no link)","รับซื้อ iPad ในกาฬสินธุ์","/รับซื้อ/รับซื้อ-ipad-กาฬสินธุ์","รับซื้อ iPad ในกาฬสินธุ์","added_sidebar_link_only","Batch 11 selective hub-spoke strengthening","ADDED"
"/รับซื้อ/รับซื้อคอมพิวเตอร์-ขอนแก่น","","(no link)","รับซื้อ โน๊ตบุ๊ค ในขอนแก่น","/รับซื้อ/รับซื้อโน๊ตบุ๊ค-ขอนแก่น","รับซื้อ โน๊ตบุ๊ค ในขอนแก่น","added_sidebar_link_only","Batch 11 selective hub-spoke strengthening","ADDED"
"/รับซื้อ/รับซื้อคอมพิวเตอร์-ขอนแก่น","","(no link)","รับซื้อ MacBook ในขอนแก่น","/รับซื้อ/รับซื้อ-macbook-ขอนแก่น","รับซื้อ MacBook ในขอนแก่น","added_sidebar_link_only","Batch 11 selective hub-spoke strengthening","ADDED"
"/รับซื้อ/รับซื้อคอมพิวเตอร์-ขอนแก่น","","(no link)","รับซื้อ iPhone ในขอนแก่น","/รับซื้อ/รับซื้อ-iphone-ขอนแก่น","รับซื้อ iPhone ในขอนแก่น","added_sidebar_link_only","Batch 11 selective hub-spoke strengthening","ADDED"
"/รับซื้อ/รับซื้อคอมพิวเตอร์-ขอนแก่น","","(no link)","รับซื้อ iPad ในขอนแก่น","/รับซื้อ/รับซื้อ-ipad-ขอนแก่น","รับซื้อ iPad ในขอนแก่น","added_sidebar_link_only","Batch 11 selective hub-spoke strengthening","ADDED"
"/รับซื้อ/รับซื้อคอมพิวเตอร์-ชัยภูมิ","","(no link)","รับซื้อ โน๊ตบุ๊ค ในชัยภูมิ","/รับซื้อ/รับซื้อโน๊ตบุ๊ค-ชัยภูมิ","รับซื้อ โน๊ตบุ๊ค ในชัยภูมิ","added_sidebar_link_only","Batch 11 selective hub-spoke strengthening","ADDED"
"/รับซื้อ/รับซื้อคอมพิวเตอร์-ชัยภูมิ","","(no link)","รับซื้อ MacBook ในชัยภูมิ","/รับซื้อ/รับซื้อ-macbook-ชัยภูมิ","รับซื้อ MacBook ในชัยภูมิ","added_sidebar_link_only","Batch 11 selective hub-spoke strengthening","ADDED"
"/รับซื้อ/รับซื้อคอมพิวเตอร์-ชัยภูมิ","","(no link)","รับซื้อ iPhone ในชัยภูมิ","/รับซื้อ/รับซื้อ-iphone-ชัยภูมิ","รับซื้อ iPhone ในชัยภูมิ","added_sidebar_link_only","Batch 11 selective hub-spoke strengthening","ADDED"
"/รับซื้อ/รับซื้อคอมพิวเตอร์-ชัยภูมิ","","(no link)","รับซื้อ iPad ในชัยภูมิ","/รับซื้อ/รับซื้อ-ipad-ชัยภูมิ","รับซื้อ iPad ในชัยภูมิ","added_sidebar_link_only","Batch 11 selective hub-spoke strengthening","ADDED"
"/รับซื้อ/รับซื้อคอมพิวเตอร์-นครพนม","","(no link)","รับซื้อ โน๊ตบุ๊ค ในนครพนม","/รับซื้อ/รับซื้อโน๊ตบุ๊ค-นครพนม","รับซื้อ โน๊ตบุ๊ค ในนครพนม","added_sidebar_link_only","Batch 11 selective hub-spoke strengthening","ADDED"
"/รับซื้อ/รับซื้อคอมพิวเตอร์-นครพนม","","(no link)","รับซื้อ MacBook ในนครพนม","/รับซื้อ/รับซื้อ-macbook-นครพนม","รับซื้อ MacBook ในนครพนม","added_sidebar_link_only","Batch 11 selective hub-spoke strengthening","ADDED"
"/รับซื้อ/รับซื้อคอมพิวเตอร์-นครพนม","","(no link)","รับซื้อ iPhone ในนครพนม","/รับซื้อ/รับซื้อ-iphone-นครพนม","รับซื้อ iPhone ในนครพนม","added_sidebar_link_only","Batch 11 selective hub-spoke strengthening","ADDED"
"/รับซื้อ/รับซื้อคอมพิวเตอร์-นครพนม","","(no link)","รับซื้อ iPad ในนครพนม","/รับซื้อ/รับซื้อ-ipad-นครพนม","รับซื้อ iPad ในนครพนม","added_sidebar_link_only","Batch 11 selective hub-spoke strengthening","ADDED"
"/รับซื้อ/รับซื้อคอมพิวเตอร์-นครราชสีมา","","(no link)","รับซื้อ โน๊ตบุ๊ค ในนครราชสีมา","/รับซื้อ/รับซื้อโน๊ตบุ๊ค-นครราชสีมา","รับซื้อ โน๊ตบุ๊ค ในนครราชสีมา","added_sidebar_link_only","Batch 11 selective hub-spoke strengthening","ADDED"
"/รับซื้อ/รับซื้อคอมพิวเตอร์-นครราชสีมา","","(no link)","รับซื้อ MacBook ในนครราชสีมา","/รับซื้อ/รับซื้อ-macbook-นครราชสีมา","รับซื้อ MacBook ในนครราชสีมา","added_sidebar_link_only","Batch 11 selective hub-spoke strengthening","ADDED"
"/รับซื้อ/รับซื้อคอมพิวเตอร์-นครราชสีมา","","(no link)","รับซื้อ iPhone ในนครราชสีมา","/รับซื้อ/รับซื้อ-iphone-นครราชสีมา","รับซื้อ iPhone ในนครราชสีมา","added_sidebar_link_only","Batch 11 selective hub-spoke strengthening","ADDED"
"/รับซื้อ/รับซื้อคอมพิวเตอร์-นครราชสีมา","","(no link)","รับซื้อ iPad ในนครราชสีมา","/รับซื้อ/รับซื้อ-ipad-นครราชสีมา","รับซื้อ iPad ในนครราชสีมา","added_sidebar_link_only","Batch 11 selective hub-spoke strengthening","ADDED"
"/รับซื้อ/รับซื้อคอมพิวเตอร์-บึงกาฬ","","(no link)","รับซื้อ โน๊ตบุ๊ค ในบึงกาฬ","/รับซื้อ/รับซื้อโน๊ตบุ๊ค-บึงกาฬ","รับซื้อ โน๊ตบุ๊ค ในบึงกาฬ","added_sidebar_link_only","Batch 11 selective hub-spoke strengthening","ADDED"
"/รับซื้อ/รับซื้อคอมพิวเตอร์-บึงกาฬ","","(no link)","รับซื้อ MacBook ในบึงกาฬ","/รับซื้อ/รับซื้อ-macbook-บึงกาฬ","รับซื้อ MacBook ในบึงกาฬ","added_sidebar_link_only","Batch 11 selective hub-spoke strengthening","ADDED"
"/รับซื้อ/รับซื้อคอมพิวเตอร์-บึงกาฬ","","(no link)","รับซื้อ iPhone ในบึงกาฬ","/รับซื้อ/รับซื้อ-iphone-บึงกาฬ","รับซื้อ iPhone ในบึงกาฬ","added_sidebar_link_only","Batch 11 selective hub-spoke strengthening","ADDED"
"/รับซื้อ/รับซื้อคอมพิวเตอร์-บึงกาฬ","","(no link)","รับซื้อ iPad ในบึงกาฬ","/รับซื้อ/รับซื้อ-ipad-บึงกาฬ","รับซื้อ iPad ในบึงกาฬ","added_sidebar_link_only","Batch 11 selective hub-spoke strengthening","ADDED"
"/รับซื้อ/รับซื้อคอมพิวเตอร์-บุรีรัมย์","","(no link)","รับซื้อ โน๊ตบุ๊ค ในบุรีรัมย์","/รับซื้อ/รับซื้อโน๊ตบุ๊ค-บุรีรัมย์","รับซื้อ โน๊ตบุ๊ค ในบุรีรัมย์","added_sidebar_link_only","Batch 11 selective hub-spoke strengthening","ADDED"
"/รับซื้อ/รับซื้อคอมพิวเตอร์-บุรีรัมย์","","(no link)","รับซื้อ MacBook ในบุรีรัมย์","/รับซื้อ/รับซื้อ-macbook-บุรีรัมย์","รับซื้อ MacBook ในบุรีรัมย์","added_sidebar_link_only","Batch 11 selective hub-spoke strengthening","ADDED"
"/รับซื้อ/รับซื้อคอมพิวเตอร์-บุรีรัมย์","","(no link)","รับซื้อ iPhone ในบุรีรัมย์","/รับซื้อ/รับซื้อ-iphone-บุรีรัมย์","รับซื้อ iPhone ในบุรีรัมย์","added_sidebar_link_only","Batch 11 selective hub-spoke strengthening","ADDED"
"/รับซื้อ/รับซื้อคอมพิวเตอร์-บุรีรัมย์","","(no link)","รับซื้อ iPad ในบุรีรัมย์","/รับซื้อ/รับซื้อ-ipad-บุรีรัมย์","รับซื้อ iPad ในบุรีรัมย์","added_sidebar_link_only","Batch 11 selective hub-spoke strengthening","ADDED"
"/รับซื้อ/รับซื้อคอมพิวเตอร์-มหาสารคาม","","(no link)","รับซื้อ โน๊ตบุ๊ค ในมหาสารคาม","/รับซื้อ/รับซื้อโน๊ตบุ๊ค-มหาสารคาม","รับซื้อ โน๊ตบุ๊ค ในมหาสารคาม","added_sidebar_link_only","Batch 11 selective hub-spoke strengthening","ADDED"
"/รับซื้อ/รับซื้อคอมพิวเตอร์-มหาสารคาม","","(no link)","รับซื้อ MacBook ในมหาสารคาม","/รับซื้อ/รับซื้อ-macbook-มหาสารคาม","รับซื้อ MacBook ในมหาสารคาม","added_sidebar_link_only","Batch 11 selective hub-spoke strengthening","ADDED"
"/รับซื้อ/รับซื้อคอมพิวเตอร์-มหาสารคาม","","(no link)","รับซื้อ iPhone ในมหาสารคาม","/รับซื้อ/รับซื้อ-iphone-มหาสารคาม","รับซื้อ iPhone ในมหาสารคาม","added_sidebar_link_only","Batch 11 selective hub-spoke strengthening","ADDED"
"/รับซื้อ/รับซื้อคอมพิวเตอร์-มหาสารคาม","","(no link)","รับซื้อ iPad ในมหาสารคาม","/รับซื้อ/รับซื้อ-ipad-มหาสารคาม","รับซื้อ iPad ในมหาสารคาม","added_sidebar_link_only","Batch 11 selective hub-spoke strengthening","ADDED"
"/รับซื้อ/รับซื้อคอมพิวเตอร์-มุกดาหาร","","(no link)","รับซื้อ โน๊ตบุ๊ค ในมุกดาหาร","/รับซื้อ/รับซื้อโน๊ตบุ๊ค-มุกดาหาร","รับซื้อ โน๊ตบุ๊ค ในมุกดาหาร","added_sidebar_link_only","Batch 11 selective hub-spoke strengthening","ADDED"
"/รับซื้อ/รับซื้อคอมพิวเตอร์-มุกดาหาร","","(no link)","รับซื้อ MacBook ในมุกดาหาร","/รับซื้อ/รับซื้อ-macbook-มุกดาหาร","รับซื้อ MacBook ในมุกดาหาร","added_sidebar_link_only","Batch 11 selective hub-spoke strengthening","ADDED"
"/รับซื้อ/รับซื้อคอมพิวเตอร์-มุกดาหาร","","(no link)","รับซื้อ iPhone ในมุกดาหาร","/รับซื้อ/รับซื้อ-iphone-มุกดาหาร","รับซื้อ iPhone ในมุกดาหาร","added_sidebar_link_only","Batch 11 selective hub-spoke strengthening","ADDED"
"/รับซื้อ/รับซื้อคอมพิวเตอร์-มุกดาหาร","","(no link)","รับซื้อ iPad ในมุกดาหาร","/รับซื้อ/รับซื้อ-ipad-มุกดาหาร","รับซื้อ iPad ในมุกดาหาร","added_sidebar_link_only","Batch 11 selective hub-spoke strengthening","ADDED"
"/รับซื้อ/รับซื้อคอมพิวเตอร์-ยโสธร","","(no link)","รับซื้อ โน๊ตบุ๊ค ในยโสธร","/รับซื้อ/รับซื้อโน๊ตบุ๊ค-ยโสธร","รับซื้อ โน๊ตบุ๊ค ในยโสธร","added_sidebar_link_only","Batch 11 selective hub-spoke strengthening","ADDED"
"/รับซื้อ/รับซื้อคอมพิวเตอร์-ยโสธร","","(no link)","รับซื้อ MacBook ในยโสธร","/รับซื้อ/รับซื้อ-macbook-ยโสธร","รับซื้อ MacBook ในยโสธร","added_sidebar_link_only","Batch 11 selective hub-spoke strengthening","ADDED"
"/รับซื้อ/รับซื้อคอมพิวเตอร์-ยโสธร","","(no link)","รับซื้อ iPhone ในยโสธร","/รับซื้อ/รับซื้อ-iphone-ยโสธร","รับซื้อ iPhone ในยโสธร","added_sidebar_link_only","Batch 11 selective hub-spoke strengthening","ADDED"
"/รับซื้อ/รับซื้อคอมพิวเตอร์-ยโสธร","","(no link)","รับซื้อ iPad ในยโสธร","/รับซื้อ/รับซื้อ-ipad-ยโสธร","รับซื้อ iPad ในยโสธร","added_sidebar_link_only","Batch 11 selective hub-spoke strengthening","ADDED"
"/รับซื้อ/รับซื้อคอมพิวเตอร์-ร้อยเอ็ด","","(no link)","รับซื้อ โน๊ตบุ๊ค ในร้อยเอ็ด","/รับซื้อ/รับซื้อโน๊ตบุ๊ค-ร้อยเอ็ด","รับซื้อ โน๊ตบุ๊ค ในร้อยเอ็ด","added_sidebar_link_only","Batch 11 selective hub-spoke strengthening","ADDED"
"/รับซื้อ/รับซื้อคอมพิวเตอร์-ร้อยเอ็ด","","(no link)","รับซื้อ MacBook ในร้อยเอ็ด","/รับซื้อ/รับซื้อ-macbook-ร้อยเอ็ด","รับซื้อ MacBook ในร้อยเอ็ด","added_sidebar_link_only","Batch 11 selective hub-spoke strengthening","ADDED"
"/รับซื้อ/รับซื้อคอมพิวเตอร์-ร้อยเอ็ด","","(no link)","รับซื้อ iPhone ในร้อยเอ็ด","/รับซื้อ/รับซื้อ-iphone-ร้อยเอ็ด","รับซื้อ iPhone ในร้อยเอ็ด","added_sidebar_link_only","Batch 11 selective hub-spoke strengthening","ADDED"
"/รับซื้อ/รับซื้อคอมพิวเตอร์-ร้อยเอ็ด","","(no link)","รับซื้อ iPad ในร้อยเอ็ด","/รับซื้อ/รับซื้อ-ipad-ร้อยเอ็ด","รับซื้อ iPad ในร้อยเอ็ด","added_sidebar_link_only","Batch 11 selective hub-spoke strengthening","ADDED"
"/รับซื้อ/รับซื้อคอมพิวเตอร์-ศรีสะเกษ","","(no link)","รับซื้อ โน๊ตบุ๊ค ในศรีสะเกษ","/รับซื้อ/รับซื้อโน๊ตบุ๊ค-ศรีสะเกษ","รับซื้อ โน๊ตบุ๊ค ในศรีสะเกษ","added_sidebar_link_only","Batch 11 selective hub-spoke strengthening","ADDED"
"/รับซื้อ/รับซื้อคอมพิวเตอร์-ศรีสะเกษ","","(no link)","รับซื้อ MacBook ในศรีสะเกษ","/รับซื้อ/รับซื้อ-macbook-ศรีสะเกษ","รับซื้อ MacBook ในศรีสะเกษ","added_sidebar_link_only","Batch 11 selective hub-spoke strengthening","ADDED"
"/รับซื้อ/รับซื้อคอมพิวเตอร์-ศรีสะเกษ","","(no link)","รับซื้อ iPhone ในศรีสะเกษ","/รับซื้อ/รับซื้อ-iphone-ศรีสะเกษ","รับซื้อ iPhone ในศรีสะเกษ","added_sidebar_link_only","Batch 11 selective hub-spoke strengthening","ADDED"
"/รับซื้อ/รับซื้อคอมพิวเตอร์-ศรีสะเกษ","","(no link)","รับซื้อ iPad ในศรีสะเกษ","/รับซื้อ/รับซื้อ-ipad-ศรีสะเกษ","รับซื้อ iPad ในศรีสะเกษ","added_sidebar_link_only","Batch 11 selective hub-spoke strengthening","ADDED"
"/รับซื้อ/รับซื้อคอมพิวเตอร์-สกลนคร","","(no link)","รับซื้อ โน๊ตบุ๊ค ในสกลนคร","/รับซื้อ/รับซื้อโน๊ตบุ๊ค-สกลนคร","รับซื้อ โน๊ตบุ๊ค ในสกลนคร","added_sidebar_link_only","Batch 11 selective hub-spoke strengthening","ADDED"
"/รับซื้อ/รับซื้อคอมพิวเตอร์-สกลนคร","","(no link)","รับซื้อ MacBook ในสกลนคร","/รับซื้อ/รับซื้อ-macbook-สกลนคร","รับซื้อ MacBook ในสกลนคร","added_sidebar_link_only","Batch 11 selective hub-spoke strengthening","ADDED"
"/รับซื้อ/รับซื้อคอมพิวเตอร์-สกลนคร","","(no link)","รับซื้อ iPhone ในสกลนคร","/รับซื้อ/รับซื้อ-iphone-สกลนคร","รับซื้อ iPhone ในสกลนคร","added_sidebar_link_only","Batch 11 selective hub-spoke strengthening","ADDED"
"/รับซื้อ/รับซื้อคอมพิวเตอร์-สกลนคร","","(no link)","รับซื้อ iPad ในสกลนคร","/รับซื้อ/รับซื้อ-ipad-สกลนคร","รับซื้อ iPad ในสกลนคร","added_sidebar_link_only","Batch 11 selective hub-spoke strengthening","ADDED"
"/รับซื้อ/รับซื้อคอมพิวเตอร์-สุรินทร์","","(no link)","รับซื้อ โน๊ตบุ๊ค ในสุรินทร์","/รับซื้อ/รับซื้อโน๊ตบุ๊ค-สุรินทร์","รับซื้อ โน๊ตบุ๊ค ในสุรินทร์","added_sidebar_link_only","Batch 11 selective hub-spoke strengthening","ADDED"
"/รับซื้อ/รับซื้อคอมพิวเตอร์-สุรินทร์","","(no link)","รับซื้อ MacBook ในสุรินทร์","/รับซื้อ/รับซื้อ-macbook-สุรินทร์","รับซื้อ MacBook ในสุรินทร์","added_sidebar_link_only","Batch 11 selective hub-spoke strengthening","ADDED"
"/รับซื้อ/รับซื้อคอมพิวเตอร์-สุรินทร์","","(no link)","รับซื้อ iPhone ในสุรินทร์","/รับซื้อ/รับซื้อ-iphone-สุรินทร์","รับซื้อ iPhone ในสุรินทร์","added_sidebar_link_only","Batch 11 selective hub-spoke strengthening","ADDED"
"/รับซื้อ/รับซื้อคอมพิวเตอร์-สุรินทร์","","(no link)","รับซื้อ iPad ในสุรินทร์","/รับซื้อ/รับซื้อ-ipad-สุรินทร์","รับซื้อ iPad ในสุรินทร์","added_sidebar_link_only","Batch 11 selective hub-spoke strengthening","ADDED"
"/รับซื้อ/รับซื้อคอมพิวเตอร์-หนองคาย","","(no link)","รับซื้อ โน๊ตบุ๊ค ในหนองคาย","/รับซื้อ/รับซื้อโน๊ตบุ๊ค-หนองคาย","รับซื้อ โน๊ตบุ๊ค ในหนองคาย","added_sidebar_link_only","Batch 11 selective hub-spoke strengthening","ADDED"
"/รับซื้อ/รับซื้อคอมพิวเตอร์-หนองคาย","","(no link)","รับซื้อ MacBook ในหนองคาย","/รับซื้อ/รับซื้อ-macbook-หนองคาย","รับซื้อ MacBook ในหนองคาย","added_sidebar_link_only","Batch 11 selective hub-spoke strengthening","ADDED"
"/รับซื้อ/รับซื้อคอมพิวเตอร์-หนองคาย","","(no link)","รับซื้อ iPhone ในหนองคาย","/รับซื้อ/รับซื้อ-iphone-หนองคาย","รับซื้อ iPhone ในหนองคาย","added_sidebar_link_only","Batch 11 selective hub-spoke strengthening","ADDED"
"/รับซื้อ/รับซื้อคอมพิวเตอร์-หนองคาย","","(no link)","รับซื้อ iPad ในหนองคาย","/รับซื้อ/รับซื้อ-ipad-หนองคาย","รับซื้อ iPad ในหนองคาย","added_sidebar_link_only","Batch 11 selective hub-spoke strengthening","ADDED"
"/รับซื้อ/รับซื้อคอมพิวเตอร์-หนองบัวลำภู","","(no link)","รับซื้อ โน๊ตบุ๊ค ในหนองบัวลำภู","/รับซื้อ/รับซื้อโน๊ตบุ๊ค-หนองบัวลำภู","รับซื้อ โน๊ตบุ๊ค ในหนองบัวลำภู","added_sidebar_link_only","Batch 11 selective hub-spoke strengthening","ADDED"
"/รับซื้อ/รับซื้อคอมพิวเตอร์-หนองบัวลำภู","","(no link)","รับซื้อ MacBook ในหนองบัวลำภู","/รับซื้อ/รับซื้อ-macbook-หนองบัวลำภู","รับซื้อ MacBook ในหนองบัวลำภู","added_sidebar_link_only","Batch 11 selective hub-spoke strengthening","ADDED"
"/รับซื้อ/รับซื้อคอมพิวเตอร์-หนองบัวลำภู","","(no link)","รับซื้อ iPhone ในหนองบัวลำภู","/รับซื้อ/รับซื้อ-iphone-หนองบัวลำภู","รับซื้อ iPhone ในหนองบัวลำภู","added_sidebar_link_only","Batch 11 selective hub-spoke strengthening","ADDED"
"/รับซื้อ/รับซื้อคอมพิวเตอร์-หนองบัวลำภู","","(no link)","รับซื้อ iPad ในหนองบัวลำภู","/รับซื้อ/รับซื้อ-ipad-หนองบัวลำภู","รับซื้อ iPad ในหนองบัวลำภู","added_sidebar_link_only","Batch 11 selective hub-spoke strengthening","ADDED"
"/รับซื้อ/รับซื้อคอมพิวเตอร์-อำนาจเจริญ","","(no link)","รับซื้อ โน๊ตบุ๊ค ในอำนาจเจริญ","/รับซื้อ/รับซื้อโน๊ตบุ๊ค-อำนาจเจริญ","รับซื้อ โน๊ตบุ๊ค ในอำนาจเจริญ","added_sidebar_link_only","Batch 11 selective hub-spoke strengthening","ADDED"
"/รับซื้อ/รับซื้อคอมพิวเตอร์-อำนาจเจริญ","","(no link)","รับซื้อ MacBook ในอำนาจเจริญ","/รับซื้อ/รับซื้อ-macbook-อำนาจเจริญ","รับซื้อ MacBook ในอำนาจเจริญ","added_sidebar_link_only","Batch 11 selective hub-spoke strengthening","ADDED"
"/รับซื้อ/รับซื้อคอมพิวเตอร์-อำนาจเจริญ","","(no link)","รับซื้อ iPhone ในอำนาจเจริญ","/รับซื้อ/รับซื้อ-iphone-อำนาจเจริญ","รับซื้อ iPhone ในอำนาจเจริญ","added_sidebar_link_only","Batch 11 selective hub-spoke strengthening","ADDED"
"/รับซื้อ/รับซื้อคอมพิวเตอร์-อำนาจเจริญ","","(no link)","รับซื้อ iPad ในอำนาจเจริญ","/รับซื้อ/รับซื้อ-ipad-อำนาจเจริญ","รับซื้อ iPad ในอำนาจเจริญ","added_sidebar_link_only","Batch 11 selective hub-spoke strengthening","ADDED"
"/รับซื้อ/รับซื้อคอมพิวเตอร์-อุดรธานี","","(no link)","รับซื้อ โน๊ตบุ๊ค ในอุดรธานี","/รับซื้อ/รับซื้อโน๊ตบุ๊ค-อุดรธานี","รับซื้อ โน๊ตบุ๊ค ในอุดรธานี","added_sidebar_link_only","Batch 11 selective hub-spoke strengthening","ADDED"
"/รับซื้อ/รับซื้อคอมพิวเตอร์-อุดรธานี","","(no link)","รับซื้อ MacBook ในอุดรธานี","/รับซื้อ/รับซื้อ-macbook-อุดรธานี","รับซื้อ MacBook ในอุดรธานี","added_sidebar_link_only","Batch 11 selective hub-spoke strengthening","ADDED"
"/รับซื้อ/รับซื้อคอมพิวเตอร์-อุดรธานี","","(no link)","รับซื้อ iPhone ในอุดรธานี","/รับซื้อ/รับซื้อ-iphone-อุดรธานี","รับซื้อ iPhone ในอุดรธานี","added_sidebar_link_only","Batch 11 selective hub-spoke strengthening","ADDED"
"/รับซื้อ/รับซื้อคอมพิวเตอร์-อุดรธานี","","(no link)","รับซื้อ iPad ในอุดรธานี","/รับซื้อ/รับซื้อ-ipad-อุดรธานี","รับซื้อ iPad ในอุดรธานี","added_sidebar_link_only","Batch 11 selective hub-spoke strengthening","ADDED"
"/รับซื้อ/รับซื้อคอมพิวเตอร์-อุบลราชธานี","","(no link)","รับซื้อโน๊ตบุ๊ค ในอุบลราชธานี","/รับซื้อ/รับซื้อโน๊ตบุ๊ค-อุบลราชธานี","รับซื้อโน๊ตบุ๊ค ในอุบลราชธานี","added_sidebar_link_only","Batch 11 selective hub-spoke strengthening","ADDED"
"/รับซื้อ/รับซื้อคอมพิวเตอร์-อุบลราชธานี","","(no link)","รับซื้อ MacBook ในอุบลราชธานี","/รับซื้อ/รับซื้อ-macbook-อุบลราชธานี","รับซื้อ MacBook ในอุบลราชธานี","added_sidebar_link_only","Batch 11 selective hub-spoke strengthening","ADDED"
"/รับซื้อ/รับซื้อคอมพิวเตอร์-อุบลราชธานี","","(no link)","รับซื้อ iPhone ในอุบลราชธานี","/รับซื้อ/รับซื้อ-iphone-อุบลราชธานี","รับซื้อ iPhone ในอุบลราชธานี","added_sidebar_link_only","Batch 11 selective hub-spoke strengthening","ADDED"
"/รับซื้อ/รับซื้อคอมพิวเตอร์-อุบลราชธานี","","(no link)","รับซื้อ iPad ในอุบลราชธานี","/รับซื้อ/รับซื้อ-ipad-อุบลราชธานี","รับซื้อ iPad ในอุบลราชธานี","added_sidebar_link_only","Batch 11 selective hub-spoke strengthening","ADDED"
"/รับซื้อ/รับซื้อคอมพิวเตอร์-เลย","","(no link)","รับซื้อ โน๊ตบุ๊ค ในเลย","/รับซื้อ/รับซื้อโน๊ตบุ๊ค-เลย","รับซื้อ โน๊ตบุ๊ค ในเลย","added_sidebar_link_only","Batch 11 selective hub-spoke strengthening","ADDED"
"/รับซื้อ/รับซื้อคอมพิวเตอร์-เลย","","(no link)","รับซื้อ MacBook ในเลย","/รับซื้อ/รับซื้อ-macbook-เลย","รับซื้อ MacBook ในเลย","added_sidebar_link_only","Batch 11 selective hub-spoke strengthening","ADDED"
"/รับซื้อ/รับซื้อคอมพิวเตอร์-เลย","","(no link)","รับซื้อ iPhone ในเลย","/รับซื้อ/รับซื้อ-iphone-เลย","รับซื้อ iPhone ในเลย","added_sidebar_link_only","Batch 11 selective hub-spoke strengthening","ADDED"
"/รับซื้อ/รับซื้อคอมพิวเตอร์-เลย","","(no link)","รับซื้อ iPad ในเลย","/รับซื้อ/รับซื้อ-ipad-เลย","รับซื้อ iPad ในเลย","added_sidebar_link_only","Batch 11 selective hub-spoke strengthening","ADDED"
"/รับซื้อ/รับซื้อคอมเกมมิ่ง-กาฬสินธุ์","","(no link)","รับซื้อ โน๊ตบุ๊ค ในกาฬสินธุ์","/รับซื้อ/รับซื้อโน๊ตบุ๊ค-กาฬสินธุ์","รับซื้อ โน๊ตบุ๊ค ในกาฬสินธุ์","added_sidebar_link_only","Batch 11 selective hub-spoke strengthening","ADDED"
"/รับซื้อ/รับซื้อคอมเกมมิ่ง-กาฬสินธุ์","","(no link)","รับซื้อ MacBook ในกาฬสินธุ์","/รับซื้อ/รับซื้อ-macbook-กาฬสินธุ์","รับซื้อ MacBook ในกาฬสินธุ์","added_sidebar_link_only","Batch 11 selective hub-spoke strengthening","ADDED"
"/รับซื้อ/รับซื้อคอมเกมมิ่ง-กาฬสินธุ์","","(no link)","รับซื้อ คอมพิวเตอร์ ในกาฬสินธุ์","/รับซื้อ/รับซื้อคอมพิวเตอร์-กาฬสินธุ์","รับซื้อ คอมพิวเตอร์ ในกาฬสินธุ์","added_sidebar_link_only","Batch 11 selective hub-spoke strengthening","ADDED"
"/รับซื้อ/รับซื้อคอมเกมมิ่ง-กาฬสินธุ์","","(no link)","รับซื้อ iPhone ในกาฬสินธุ์","/รับซื้อ/รับซื้อ-iphone-กาฬสินธุ์","รับซื้อ iPhone ในกาฬสินธุ์","added_sidebar_link_only","Batch 11 selective hub-spoke strengthening","ADDED"
"/รับซื้อ/รับซื้อคอมเกมมิ่ง-ขอนแก่น","","(no link)","รับซื้อ โน๊ตบุ๊ค ในขอนแก่น","/รับซื้อ/รับซื้อโน๊ตบุ๊ค-ขอนแก่น","รับซื้อ โน๊ตบุ๊ค ในขอนแก่น","added_sidebar_link_only","Batch 11 selective hub-spoke strengthening","ADDED"
"/รับซื้อ/รับซื้อคอมเกมมิ่ง-ขอนแก่น","","(no link)","รับซื้อ MacBook ในขอนแก่น","/รับซื้อ/รับซื้อ-macbook-ขอนแก่น","รับซื้อ MacBook ในขอนแก่น","added_sidebar_link_only","Batch 11 selective hub-spoke strengthening","ADDED"
"/รับซื้อ/รับซื้อคอมเกมมิ่ง-ขอนแก่น","","(no link)","รับซื้อ คอมพิวเตอร์ ในขอนแก่น","/รับซื้อ/รับซื้อคอมพิวเตอร์-ขอนแก่น","รับซื้อ คอมพิวเตอร์ ในขอนแก่น","added_sidebar_link_only","Batch 11 selective hub-spoke strengthening","ADDED"
"/รับซื้อ/รับซื้อคอมเกมมิ่ง-ขอนแก่น","","(no link)","รับซื้อ iPhone ในขอนแก่น","/รับซื้อ/รับซื้อ-iphone-ขอนแก่น","รับซื้อ iPhone ในขอนแก่น","added_sidebar_link_only","Batch 11 selective hub-spoke strengthening","ADDED"
"/รับซื้อ/รับซื้อคอมเกมมิ่ง-ชัยภูมิ","","(no link)","รับซื้อ โน๊ตบุ๊ค ในชัยภูมิ","/รับซื้อ/รับซื้อโน๊ตบุ๊ค-ชัยภูมิ","รับซื้อ โน๊ตบุ๊ค ในชัยภูมิ","added_sidebar_link_only","Batch 11 selective hub-spoke strengthening","ADDED"
"/รับซื้อ/รับซื้อคอมเกมมิ่ง-ชัยภูมิ","","(no link)","รับซื้อ MacBook ในชัยภูมิ","/รับซื้อ/รับซื้อ-macbook-ชัยภูมิ","รับซื้อ MacBook ในชัยภูมิ","added_sidebar_link_only","Batch 11 selective hub-spoke strengthening","ADDED"
"/รับซื้อ/รับซื้อคอมเกมมิ่ง-ชัยภูมิ","","(no link)","รับซื้อ คอมพิวเตอร์ ในชัยภูมิ","/รับซื้อ/รับซื้อคอมพิวเตอร์-ชัยภูมิ","รับซื้อ คอมพิวเตอร์ ในชัยภูมิ","added_sidebar_link_only","Batch 11 selective hub-spoke strengthening","ADDED"
"/รับซื้อ/รับซื้อคอมเกมมิ่ง-ชัยภูมิ","","(no link)","รับซื้อ iPhone ในชัยภูมิ","/รับซื้อ/รับซื้อ-iphone-ชัยภูมิ","รับซื้อ iPhone ในชัยภูมิ","added_sidebar_link_only","Batch 11 selective hub-spoke strengthening","ADDED"
"/รับซื้อ/รับซื้อคอมเกมมิ่ง-นครพนม","","(no link)","รับซื้อ โน๊ตบุ๊ค ในนครพนม","/รับซื้อ/รับซื้อโน๊ตบุ๊ค-นครพนม","รับซื้อ โน๊ตบุ๊ค ในนครพนม","added_sidebar_link_only","Batch 11 selective hub-spoke strengthening","ADDED"
"/รับซื้อ/รับซื้อคอมเกมมิ่ง-นครพนม","","(no link)","รับซื้อ MacBook ในนครพนม","/รับซื้อ/รับซื้อ-macbook-นครพนม","รับซื้อ MacBook ในนครพนม","added_sidebar_link_only","Batch 11 selective hub-spoke strengthening","ADDED"
"/รับซื้อ/รับซื้อคอมเกมมิ่ง-นครพนม","","(no link)","รับซื้อ คอมพิวเตอร์ ในนครพนม","/รับซื้อ/รับซื้อคอมพิวเตอร์-นครพนม","รับซื้อ คอมพิวเตอร์ ในนครพนม","added_sidebar_link_only","Batch 11 selective hub-spoke strengthening","ADDED"
"/รับซื้อ/รับซื้อคอมเกมมิ่ง-นครพนม","","(no link)","รับซื้อ iPhone ในนครพนม","/รับซื้อ/รับซื้อ-iphone-นครพนม","รับซื้อ iPhone ในนครพนม","added_sidebar_link_only","Batch 11 selective hub-spoke strengthening","ADDED"
"/รับซื้อ/รับซื้อคอมเกมมิ่ง-นครราชสีมา","","(no link)","รับซื้อ โน๊ตบุ๊ค ในนครราชสีมา","/รับซื้อ/รับซื้อโน๊ตบุ๊ค-นครราชสีมา","รับซื้อ โน๊ตบุ๊ค ในนครราชสีมา","added_sidebar_link_only","Batch 11 selective hub-spoke strengthening","ADDED"
"/รับซื้อ/รับซื้อคอมเกมมิ่ง-นครราชสีมา","","(no link)","รับซื้อ MacBook ในนครราชสีมา","/รับซื้อ/รับซื้อ-macbook-นครราชสีมา","รับซื้อ MacBook ในนครราชสีมา","added_sidebar_link_only","Batch 11 selective hub-spoke strengthening","ADDED"
"/รับซื้อ/รับซื้อคอมเกมมิ่ง-นครราชสีมา","","(no link)","รับซื้อ คอมพิวเตอร์ ในนครราชสีมา","/รับซื้อ/รับซื้อคอมพิวเตอร์-นครราชสีมา","รับซื้อ คอมพิวเตอร์ ในนครราชสีมา","added_sidebar_link_only","Batch 11 selective hub-spoke strengthening","ADDED"
"/รับซื้อ/รับซื้อคอมเกมมิ่ง-นครราชสีมา","","(no link)","รับซื้อ iPhone ในนครราชสีมา","/รับซื้อ/รับซื้อ-iphone-นครราชสีมา","รับซื้อ iPhone ในนครราชสีมา","added_sidebar_link_only","Batch 11 selective hub-spoke strengthening","ADDED"
"/รับซื้อ/รับซื้อคอมเกมมิ่ง-บึงกาฬ","","(no link)","รับซื้อ โน๊ตบุ๊ค ในบึงกาฬ","/รับซื้อ/รับซื้อโน๊ตบุ๊ค-บึงกาฬ","รับซื้อ โน๊ตบุ๊ค ในบึงกาฬ","added_sidebar_link_only","Batch 11 selective hub-spoke strengthening","ADDED"
"/รับซื้อ/รับซื้อคอมเกมมิ่ง-บึงกาฬ","","(no link)","รับซื้อ MacBook ในบึงกาฬ","/รับซื้อ/รับซื้อ-macbook-บึงกาฬ","รับซื้อ MacBook ในบึงกาฬ","added_sidebar_link_only","Batch 11 selective hub-spoke strengthening","ADDED"
"/รับซื้อ/รับซื้อคอมเกมมิ่ง-บึงกาฬ","","(no link)","รับซื้อ คอมพิวเตอร์ ในบึงกาฬ","/รับซื้อ/รับซื้อคอมพิวเตอร์-บึงกาฬ","รับซื้อ คอมพิวเตอร์ ในบึงกาฬ","added_sidebar_link_only","Batch 11 selective hub-spoke strengthening","ADDED"
"/รับซื้อ/รับซื้อคอมเกมมิ่ง-บึงกาฬ","","(no link)","รับซื้อ iPhone ในบึงกาฬ","/รับซื้อ/รับซื้อ-iphone-บึงกาฬ","รับซื้อ iPhone ในบึงกาฬ","added_sidebar_link_only","Batch 11 selective hub-spoke strengthening","ADDED"
"/รับซื้อ/รับซื้อคอมเกมมิ่ง-บุรีรัมย์","","(no link)","รับซื้อ โน๊ตบุ๊ค ในบุรีรัมย์","/รับซื้อ/รับซื้อโน๊ตบุ๊ค-บุรีรัมย์","รับซื้อ โน๊ตบุ๊ค ในบุรีรัมย์","added_sidebar_link_only","Batch 11 selective hub-spoke strengthening","ADDED"
"/รับซื้อ/รับซื้อคอมเกมมิ่ง-บุรีรัมย์","","(no link)","รับซื้อ MacBook ในบุรีรัมย์","/รับซื้อ/รับซื้อ-macbook-บุรีรัมย์","รับซื้อ MacBook ในบุรีรัมย์","added_sidebar_link_only","Batch 11 selective hub-spoke strengthening","ADDED"
"/รับซื้อ/รับซื้อคอมเกมมิ่ง-บุรีรัมย์","","(no link)","รับซื้อ คอมพิวเตอร์ ในบุรีรัมย์","/รับซื้อ/รับซื้อคอมพิวเตอร์-บุรีรัมย์","รับซื้อ คอมพิวเตอร์ ในบุรีรัมย์","added_sidebar_link_only","Batch 11 selective hub-spoke strengthening","ADDED"
"/รับซื้อ/รับซื้อคอมเกมมิ่ง-บุรีรัมย์","","(no link)","รับซื้อ iPhone ในบุรีรัมย์","/รับซื้อ/รับซื้อ-iphone-บุรีรัมย์","รับซื้อ iPhone ในบุรีรัมย์","added_sidebar_link_only","Batch 11 selective hub-spoke strengthening","ADDED"
"/รับซื้อ/รับซื้อคอมเกมมิ่ง-มหาสารคาม","","(no link)","รับซื้อ โน๊ตบุ๊ค ในมหาสารคาม","/รับซื้อ/รับซื้อโน๊ตบุ๊ค-มหาสารคาม","รับซื้อ โน๊ตบุ๊ค ในมหาสารคาม","added_sidebar_link_only","Batch 11 selective hub-spoke strengthening","ADDED"
"/รับซื้อ/รับซื้อคอมเกมมิ่ง-มหาสารคาม","","(no link)","รับซื้อ MacBook ในมหาสารคาม","/รับซื้อ/รับซื้อ-macbook-มหาสารคาม","รับซื้อ MacBook ในมหาสารคาม","added_sidebar_link_only","Batch 11 selective hub-spoke strengthening","ADDED"
"/รับซื้อ/รับซื้อคอมเกมมิ่ง-มหาสารคาม","","(no link)","รับซื้อ คอมพิวเตอร์ ในมหาสารคาม","/รับซื้อ/รับซื้อคอมพิวเตอร์-มหาสารคาม","รับซื้อ คอมพิวเตอร์ ในมหาสารคาม","added_sidebar_link_only","Batch 11 selective hub-spoke strengthening","ADDED"
"/รับซื้อ/รับซื้อคอมเกมมิ่ง-มหาสารคาม","","(no link)","รับซื้อ iPhone ในมหาสารคาม","/รับซื้อ/รับซื้อ-iphone-มหาสารคาม","รับซื้อ iPhone ในมหาสารคาม","added_sidebar_link_only","Batch 11 selective hub-spoke strengthening","ADDED"
"/รับซื้อ/รับซื้อคอมเกมมิ่ง-มุกดาหาร","","(no link)","รับซื้อ โน๊ตบุ๊ค ในมุกดาหาร","/รับซื้อ/รับซื้อโน๊ตบุ๊ค-มุกดาหาร","รับซื้อ โน๊ตบุ๊ค ในมุกดาหาร","added_sidebar_link_only","Batch 11 selective hub-spoke strengthening","ADDED"
"/รับซื้อ/รับซื้อคอมเกมมิ่ง-มุกดาหาร","","(no link)","รับซื้อ MacBook ในมุกดาหาร","/รับซื้อ/รับซื้อ-macbook-มุกดาหาร","รับซื้อ MacBook ในมุกดาหาร","added_sidebar_link_only","Batch 11 selective hub-spoke strengthening","ADDED"
"/รับซื้อ/รับซื้อคอมเกมมิ่ง-มุกดาหาร","","(no link)","รับซื้อ คอมพิวเตอร์ ในมุกดาหาร","/รับซื้อ/รับซื้อคอมพิวเตอร์-มุกดาหาร","รับซื้อ คอมพิวเตอร์ ในมุกดาหาร","added_sidebar_link_only","Batch 11 selective hub-spoke strengthening","ADDED"
"/รับซื้อ/รับซื้อคอมเกมมิ่ง-มุกดาหาร","","(no link)","รับซื้อ iPhone ในมุกดาหาร","/รับซื้อ/รับซื้อ-iphone-มุกดาหาร","รับซื้อ iPhone ในมุกดาหาร","added_sidebar_link_only","Batch 11 selective hub-spoke strengthening","ADDED"
"/รับซื้อ/รับซื้อคอมเกมมิ่ง-ยโสธร","","(no link)","รับซื้อ โน๊ตบุ๊ค ในยโสธร","/รับซื้อ/รับซื้อโน๊ตบุ๊ค-ยโสธร","รับซื้อ โน๊ตบุ๊ค ในยโสธร","added_sidebar_link_only","Batch 11 selective hub-spoke strengthening","ADDED"
"/รับซื้อ/รับซื้อคอมเกมมิ่ง-ยโสธร","","(no link)","รับซื้อ MacBook ในยโสธร","/รับซื้อ/รับซื้อ-macbook-ยโสธร","รับซื้อ MacBook ในยโสธร","added_sidebar_link_only","Batch 11 selective hub-spoke strengthening","ADDED"
"/รับซื้อ/รับซื้อคอมเกมมิ่ง-ยโสธร","","(no link)","รับซื้อ คอมพิวเตอร์ ในยโสธร","/รับซื้อ/รับซื้อคอมพิวเตอร์-ยโสธร","รับซื้อ คอมพิวเตอร์ ในยโสธร","added_sidebar_link_only","Batch 11 selective hub-spoke strengthening","ADDED"
"/รับซื้อ/รับซื้อคอมเกมมิ่ง-ยโสธร","","(no link)","รับซื้อ iPhone ในยโสธร","/รับซื้อ/รับซื้อ-iphone-ยโสธร","รับซื้อ iPhone ในยโสธร","added_sidebar_link_only","Batch 11 selective hub-spoke strengthening","ADDED"
"/รับซื้อ/รับซื้อคอมเกมมิ่ง-ร้อยเอ็ด","","(no link)","รับซื้อ โน๊ตบุ๊ค ในร้อยเอ็ด","/รับซื้อ/รับซื้อโน๊ตบุ๊ค-ร้อยเอ็ด","รับซื้อ โน๊ตบุ๊ค ในร้อยเอ็ด","added_sidebar_link_only","Batch 11 selective hub-spoke strengthening","ADDED"
"/รับซื้อ/รับซื้อคอมเกมมิ่ง-ร้อยเอ็ด","","(no link)","รับซื้อ MacBook ในร้อยเอ็ด","/รับซื้อ/รับซื้อ-macbook-ร้อยเอ็ด","รับซื้อ MacBook ในร้อยเอ็ด","added_sidebar_link_only","Batch 11 selective hub-spoke strengthening","ADDED"
"/รับซื้อ/รับซื้อคอมเกมมิ่ง-ร้อยเอ็ด","","(no link)","รับซื้อ คอมพิวเตอร์ ในร้อยเอ็ด","/รับซื้อ/รับซื้อคอมพิวเตอร์-ร้อยเอ็ด","รับซื้อ คอมพิวเตอร์ ในร้อยเอ็ด","added_sidebar_link_only","Batch 11 selective hub-spoke strengthening","ADDED"
"/รับซื้อ/รับซื้อคอมเกมมิ่ง-ร้อยเอ็ด","","(no link)","รับซื้อ iPhone ในร้อยเอ็ด","/รับซื้อ/รับซื้อ-iphone-ร้อยเอ็ด","รับซื้อ iPhone ในร้อยเอ็ด","added_sidebar_link_only","Batch 11 selective hub-spoke strengthening","ADDED"
"/รับซื้อ/รับซื้อคอมเกมมิ่ง-ศรีสะเกษ","","(no link)","รับซื้อ โน๊ตบุ๊ค ในศรีสะเกษ","/รับซื้อ/รับซื้อโน๊ตบุ๊ค-ศรีสะเกษ","รับซื้อ โน๊ตบุ๊ค ในศรีสะเกษ","added_sidebar_link_only","Batch 11 selective hub-spoke strengthening","ADDED"
"/รับซื้อ/รับซื้อคอมเกมมิ่ง-ศรีสะเกษ","","(no link)","รับซื้อ MacBook ในศรีสะเกษ","/รับซื้อ/รับซื้อ-macbook-ศรีสะเกษ","รับซื้อ MacBook ในศรีสะเกษ","added_sidebar_link_only","Batch 11 selective hub-spoke strengthening","ADDED"
"/รับซื้อ/รับซื้อคอมเกมมิ่ง-ศรีสะเกษ","","(no link)","รับซื้อ คอมพิวเตอร์ ในศรีสะเกษ","/รับซื้อ/รับซื้อคอมพิวเตอร์-ศรีสะเกษ","รับซื้อ คอมพิวเตอร์ ในศรีสะเกษ","added_sidebar_link_only","Batch 11 selective hub-spoke strengthening","ADDED"
"/รับซื้อ/รับซื้อคอมเกมมิ่ง-ศรีสะเกษ","","(no link)","รับซื้อ iPhone ในศรีสะเกษ","/รับซื้อ/รับซื้อ-iphone-ศรีสะเกษ","รับซื้อ iPhone ในศรีสะเกษ","added_sidebar_link_only","Batch 11 selective hub-spoke strengthening","ADDED"
"/รับซื้อ/รับซื้อคอมเกมมิ่ง-สกลนคร","","(no link)","รับซื้อ โน๊ตบุ๊ค ในสกลนคร","/รับซื้อ/รับซื้อโน๊ตบุ๊ค-สกลนคร","รับซื้อ โน๊ตบุ๊ค ในสกลนคร","added_sidebar_link_only","Batch 11 selective hub-spoke strengthening","ADDED"
"/รับซื้อ/รับซื้อคอมเกมมิ่ง-สกลนคร","","(no link)","รับซื้อ MacBook ในสกลนคร","/รับซื้อ/รับซื้อ-macbook-สกลนคร","รับซื้อ MacBook ในสกลนคร","added_sidebar_link_only","Batch 11 selective hub-spoke strengthening","ADDED"
"/รับซื้อ/รับซื้อคอมเกมมิ่ง-สกลนคร","","(no link)","รับซื้อ คอมพิวเตอร์ ในสกลนคร","/รับซื้อ/รับซื้อคอมพิวเตอร์-สกลนคร","รับซื้อ คอมพิวเตอร์ ในสกลนคร","added_sidebar_link_only","Batch 11 selective hub-spoke strengthening","ADDED"
"/รับซื้อ/รับซื้อคอมเกมมิ่ง-สกลนคร","","(no link)","รับซื้อ iPhone ในสกลนคร","/รับซื้อ/รับซื้อ-iphone-สกลนคร","รับซื้อ iPhone ในสกลนคร","added_sidebar_link_only","Batch 11 selective hub-spoke strengthening","ADDED"
"/รับซื้อ/รับซื้อคอมเกมมิ่ง-สุรินทร์","","(no link)","รับซื้อ โน๊ตบุ๊ค ในสุรินทร์","/รับซื้อ/รับซื้อโน๊ตบุ๊ค-สุรินทร์","รับซื้อ โน๊ตบุ๊ค ในสุรินทร์","added_sidebar_link_only","Batch 11 selective hub-spoke strengthening","ADDED"
"/รับซื้อ/รับซื้อคอมเกมมิ่ง-สุรินทร์","","(no link)","รับซื้อ MacBook ในสุรินทร์","/รับซื้อ/รับซื้อ-macbook-สุรินทร์","รับซื้อ MacBook ในสุรินทร์","added_sidebar_link_only","Batch 11 selective hub-spoke strengthening","ADDED"
"/รับซื้อ/รับซื้อคอมเกมมิ่ง-สุรินทร์","","(no link)","รับซื้อ คอมพิวเตอร์ ในสุรินทร์","/รับซื้อ/รับซื้อคอมพิวเตอร์-สุรินทร์","รับซื้อ คอมพิวเตอร์ ในสุรินทร์","added_sidebar_link_only","Batch 11 selective hub-spoke strengthening","ADDED"
"/รับซื้อ/รับซื้อคอมเกมมิ่ง-สุรินทร์","","(no link)","รับซื้อ iPhone ในสุรินทร์","/รับซื้อ/รับซื้อ-iphone-สุรินทร์","รับซื้อ iPhone ในสุรินทร์","added_sidebar_link_only","Batch 11 selective hub-spoke strengthening","ADDED"
"/รับซื้อ/รับซื้อคอมเกมมิ่ง-หนองคาย","","(no link)","รับซื้อ โน๊ตบุ๊ค ในหนองคาย","/รับซื้อ/รับซื้อโน๊ตบุ๊ค-หนองคาย","รับซื้อ โน๊ตบุ๊ค ในหนองคาย","added_sidebar_link_only","Batch 11 selective hub-spoke strengthening","ADDED"
"/รับซื้อ/รับซื้อคอมเกมมิ่ง-หนองคาย","","(no link)","รับซื้อ MacBook ในหนองคาย","/รับซื้อ/รับซื้อ-macbook-หนองคาย","รับซื้อ MacBook ในหนองคาย","added_sidebar_link_only","Batch 11 selective hub-spoke strengthening","ADDED"
"/รับซื้อ/รับซื้อคอมเกมมิ่ง-หนองคาย","","(no link)","รับซื้อ คอมพิวเตอร์ ในหนองคาย","/รับซื้อ/รับซื้อคอมพิวเตอร์-หนองคาย","รับซื้อ คอมพิวเตอร์ ในหนองคาย","added_sidebar_link_only","Batch 11 selective hub-spoke strengthening","ADDED"
"/รับซื้อ/รับซื้อคอมเกมมิ่ง-หนองคาย","","(no link)","รับซื้อ iPhone ในหนองคาย","/รับซื้อ/รับซื้อ-iphone-หนองคาย","รับซื้อ iPhone ในหนองคาย","added_sidebar_link_only","Batch 11 selective hub-spoke strengthening","ADDED"
"/รับซื้อ/รับซื้อคอมเกมมิ่ง-หนองบัวลำภู","","(no link)","รับซื้อ โน๊ตบุ๊ค ในหนองบัวลำภู","/รับซื้อ/รับซื้อโน๊ตบุ๊ค-หนองบัวลำภู","รับซื้อ โน๊ตบุ๊ค ในหนองบัวลำภู","added_sidebar_link_only","Batch 11 selective hub-spoke strengthening","ADDED"
"/รับซื้อ/รับซื้อคอมเกมมิ่ง-หนองบัวลำภู","","(no link)","รับซื้อ MacBook ในหนองบัวลำภู","/รับซื้อ/รับซื้อ-macbook-หนองบัวลำภู","รับซื้อ MacBook ในหนองบัวลำภู","added_sidebar_link_only","Batch 11 selective hub-spoke strengthening","ADDED"
"/รับซื้อ/รับซื้อคอมเกมมิ่ง-หนองบัวลำภู","","(no link)","รับซื้อ คอมพิวเตอร์ ในหนองบัวลำภู","/รับซื้อ/รับซื้อคอมพิวเตอร์-หนองบัวลำภู","รับซื้อ คอมพิวเตอร์ ในหนองบัวลำภู","added_sidebar_link_only","Batch 11 selective hub-spoke strengthening","ADDED"
"/รับซื้อ/รับซื้อคอมเกมมิ่ง-หนองบัวลำภู","","(no link)","รับซื้อ iPhone ในหนองบัวลำภู","/รับซื้อ/รับซื้อ-iphone-หนองบัวลำภู","รับซื้อ iPhone ในหนองบัวลำภู","added_sidebar_link_only","Batch 11 selective hub-spoke strengthening","ADDED"
"/รับซื้อ/รับซื้อคอมเกมมิ่ง-อำนาจเจริญ","","(no link)","รับซื้อ โน๊ตบุ๊ค ในอำนาจเจริญ","/รับซื้อ/รับซื้อโน๊ตบุ๊ค-อำนาจเจริญ","รับซื้อ โน๊ตบุ๊ค ในอำนาจเจริญ","added_sidebar_link_only","Batch 11 selective hub-spoke strengthening","ADDED"
"/รับซื้อ/รับซื้อคอมเกมมิ่ง-อำนาจเจริญ","","(no link)","รับซื้อ MacBook ในอำนาจเจริญ","/รับซื้อ/รับซื้อ-macbook-อำนาจเจริญ","รับซื้อ MacBook ในอำนาจเจริญ","added_sidebar_link_only","Batch 11 selective hub-spoke strengthening","ADDED"
"/รับซื้อ/รับซื้อคอมเกมมิ่ง-อำนาจเจริญ","","(no link)","รับซื้อ คอมพิวเตอร์ ในอำนาจเจริญ","/รับซื้อ/รับซื้อคอมพิวเตอร์-อำนาจเจริญ","รับซื้อ คอมพิวเตอร์ ในอำนาจเจริญ","added_sidebar_link_only","Batch 11 selective hub-spoke strengthening","ADDED"
"/รับซื้อ/รับซื้อคอมเกมมิ่ง-อำนาจเจริญ","","(no link)","รับซื้อ iPhone ในอำนาจเจริญ","/รับซื้อ/รับซื้อ-iphone-อำนาจเจริญ","รับซื้อ iPhone ในอำนาจเจริญ","added_sidebar_link_only","Batch 11 selective hub-spoke strengthening","ADDED"
"/รับซื้อ/รับซื้อคอมเกมมิ่ง-อุดรธานี","","(no link)","รับซื้อ โน๊ตบุ๊ค ในอุดรธานี","/รับซื้อ/รับซื้อโน๊ตบุ๊ค-อุดรธานี","รับซื้อ โน๊ตบุ๊ค ในอุดรธานี","added_sidebar_link_only","Batch 11 selective hub-spoke strengthening","ADDED"
"/รับซื้อ/รับซื้อคอมเกมมิ่ง-อุดรธานี","","(no link)","รับซื้อ MacBook ในอุดรธานี","/รับซื้อ/รับซื้อ-macbook-อุดรธานี","รับซื้อ MacBook ในอุดรธานี","added_sidebar_link_only","Batch 11 selective hub-spoke strengthening","ADDED"
"/รับซื้อ/รับซื้อคอมเกมมิ่ง-อุดรธานี","","(no link)","รับซื้อ คอมพิวเตอร์ ในอุดรธานี","/รับซื้อ/รับซื้อคอมพิวเตอร์-อุดรธานี","รับซื้อ คอมพิวเตอร์ ในอุดรธานี","added_sidebar_link_only","Batch 11 selective hub-spoke strengthening","ADDED"
"/รับซื้อ/รับซื้อคอมเกมมิ่ง-อุดรธานี","","(no link)","รับซื้อ iPhone ในอุดรธานี","/รับซื้อ/รับซื้อ-iphone-อุดรธานี","รับซื้อ iPhone ในอุดรธานี","added_sidebar_link_only","Batch 11 selective hub-spoke strengthening","ADDED"
"/รับซื้อ/รับซื้อคอมเกมมิ่ง-อุบลราชธานี","","(no link)","รับซื้อโน๊ตบุ๊ค ในอุบลราชธานี","/รับซื้อ/รับซื้อโน๊ตบุ๊ค-อุบลราชธานี","รับซื้อโน๊ตบุ๊ค ในอุบลราชธานี","added_sidebar_link_only","Batch 11 selective hub-spoke strengthening","ADDED"
"/รับซื้อ/รับซื้อคอมเกมมิ่ง-อุบลราชธานี","","(no link)","รับซื้อ MacBook ในอุบลราชธานี","/รับซื้อ/รับซื้อ-macbook-อุบลราชธานี","รับซื้อ MacBook ในอุบลราชธานี","added_sidebar_link_only","Batch 11 selective hub-spoke strengthening","ADDED"
"/รับซื้อ/รับซื้อคอมเกมมิ่ง-อุบลราชธานี","","(no link)","รับซื้อคอมพิวเตอร์ ในอุบลราชธานี","/รับซื้อ/รับซื้อคอมพิวเตอร์-อุบลราชธานี","รับซื้อคอมพิวเตอร์ ในอุบลราชธานี","added_sidebar_link_only","Batch 11 selective hub-spoke strengthening","ADDED"
"/รับซื้อ/รับซื้อคอมเกมมิ่ง-อุบลราชธานี","","(no link)","รับซื้อ iPhone ในอุบลราชธานี","/รับซื้อ/รับซื้อ-iphone-อุบลราชธานี","รับซื้อ iPhone ในอุบลราชธานี","added_sidebar_link_only","Batch 11 selective hub-spoke strengthening","ADDED"
"/รับซื้อ/รับซื้อคอมเกมมิ่ง-เลย","","(no link)","รับซื้อ โน๊ตบุ๊ค ในเลย","/รับซื้อ/รับซื้อโน๊ตบุ๊ค-เลย","รับซื้อ โน๊ตบุ๊ค ในเลย","added_sidebar_link_only","Batch 11 selective hub-spoke strengthening","ADDED"
"/รับซื้อ/รับซื้อคอมเกมมิ่ง-เลย","","(no link)","รับซื้อ MacBook ในเลย","/รับซื้อ/รับซื้อ-macbook-เลย","รับซื้อ MacBook ในเลย","added_sidebar_link_only","Batch 11 selective hub-spoke strengthening","ADDED"
"/รับซื้อ/รับซื้อคอมเกมมิ่ง-เลย","","(no link)","รับซื้อ คอมพิวเตอร์ ในเลย","/รับซื้อ/รับซื้อคอมพิวเตอร์-เลย","รับซื้อ คอมพิวเตอร์ ในเลย","added_sidebar_link_only","Batch 11 selective hub-spoke strengthening","ADDED"
"/รับซื้อ/รับซื้อคอมเกมมิ่ง-เลย","","(no link)","รับซื้อ iPhone ในเลย","/รับซื้อ/รับซื้อ-iphone-เลย","รับซื้อ iPhone ในเลย","added_sidebar_link_only","Batch 11 selective hub-spoke strengthening","ADDED"
"/รับซื้อ/รับซื้อจอคอม-กาฬสินธุ์","","(no link)","รับซื้อ โน๊ตบุ๊ค ในกาฬสินธุ์","/รับซื้อ/รับซื้อโน๊ตบุ๊ค-กาฬสินธุ์","รับซื้อ โน๊ตบุ๊ค ในกาฬสินธุ์","added_sidebar_link_only","Batch 11 selective hub-spoke strengthening","ADDED"
"/รับซื้อ/รับซื้อจอคอม-กาฬสินธุ์","","(no link)","รับซื้อ MacBook ในกาฬสินธุ์","/รับซื้อ/รับซื้อ-macbook-กาฬสินธุ์","รับซื้อ MacBook ในกาฬสินธุ์","added_sidebar_link_only","Batch 11 selective hub-spoke strengthening","ADDED"
"/รับซื้อ/รับซื้อจอคอม-กาฬสินธุ์","","(no link)","รับซื้อ คอมพิวเตอร์ ในกาฬสินธุ์","/รับซื้อ/รับซื้อคอมพิวเตอร์-กาฬสินธุ์","รับซื้อ คอมพิวเตอร์ ในกาฬสินธุ์","added_sidebar_link_only","Batch 11 selective hub-spoke strengthening","ADDED"
"/รับซื้อ/รับซื้อจอคอม-กาฬสินธุ์","","(no link)","รับซื้อ iPhone ในกาฬสินธุ์","/รับซื้อ/รับซื้อ-iphone-กาฬสินธุ์","รับซื้อ iPhone ในกาฬสินธุ์","added_sidebar_link_only","Batch 11 selective hub-spoke strengthening","ADDED"
"/รับซื้อ/รับซื้อจอคอม-ขอนแก่น","","(no link)","รับซื้อ โน๊ตบุ๊ค ในขอนแก่น","/รับซื้อ/รับซื้อโน๊ตบุ๊ค-ขอนแก่น","รับซื้อ โน๊ตบุ๊ค ในขอนแก่น","added_sidebar_link_only","Batch 11 selective hub-spoke strengthening","ADDED"
"/รับซื้อ/รับซื้อจอคอม-ขอนแก่น","","(no link)","รับซื้อ MacBook ในขอนแก่น","/รับซื้อ/รับซื้อ-macbook-ขอนแก่น","รับซื้อ MacBook ในขอนแก่น","added_sidebar_link_only","Batch 11 selective hub-spoke strengthening","ADDED"
"/รับซื้อ/รับซื้อจอคอม-ขอนแก่น","","(no link)","รับซื้อ คอมพิวเตอร์ ในขอนแก่น","/รับซื้อ/รับซื้อคอมพิวเตอร์-ขอนแก่น","รับซื้อ คอมพิวเตอร์ ในขอนแก่น","added_sidebar_link_only","Batch 11 selective hub-spoke strengthening","ADDED"
"/รับซื้อ/รับซื้อจอคอม-ขอนแก่น","","(no link)","รับซื้อ iPhone ในขอนแก่น","/รับซื้อ/รับซื้อ-iphone-ขอนแก่น","รับซื้อ iPhone ในขอนแก่น","added_sidebar_link_only","Batch 11 selective hub-spoke strengthening","ADDED"
"/รับซื้อ/รับซื้อจอคอม-ชัยภูมิ","","(no link)","รับซื้อ โน๊ตบุ๊ค ในชัยภูมิ","/รับซื้อ/รับซื้อโน๊ตบุ๊ค-ชัยภูมิ","รับซื้อ โน๊ตบุ๊ค ในชัยภูมิ","added_sidebar_link_only","Batch 11 selective hub-spoke strengthening","ADDED"
"/รับซื้อ/รับซื้อจอคอม-ชัยภูมิ","","(no link)","รับซื้อ MacBook ในชัยภูมิ","/รับซื้อ/รับซื้อ-macbook-ชัยภูมิ","รับซื้อ MacBook ในชัยภูมิ","added_sidebar_link_only","Batch 11 selective hub-spoke strengthening","ADDED"
"/รับซื้อ/รับซื้อจอคอม-ชัยภูมิ","","(no link)","รับซื้อ คอมพิวเตอร์ ในชัยภูมิ","/รับซื้อ/รับซื้อคอมพิวเตอร์-ชัยภูมิ","รับซื้อ คอมพิวเตอร์ ในชัยภูมิ","added_sidebar_link_only","Batch 11 selective hub-spoke strengthening","ADDED"
"/รับซื้อ/รับซื้อจอคอม-ชัยภูมิ","","(no link)","รับซื้อ iPhone ในชัยภูมิ","/รับซื้อ/รับซื้อ-iphone-ชัยภูมิ","รับซื้อ iPhone ในชัยภูมิ","added_sidebar_link_only","Batch 11 selective hub-spoke strengthening","ADDED"
"/รับซื้อ/รับซื้อจอคอม-นครพนม","","(no link)","รับซื้อ โน๊ตบุ๊ค ในนครพนม","/รับซื้อ/รับซื้อโน๊ตบุ๊ค-นครพนม","รับซื้อ โน๊ตบุ๊ค ในนครพนม","added_sidebar_link_only","Batch 11 selective hub-spoke strengthening","ADDED"
"/รับซื้อ/รับซื้อจอคอม-นครพนม","","(no link)","รับซื้อ MacBook ในนครพนม","/รับซื้อ/รับซื้อ-macbook-นครพนม","รับซื้อ MacBook ในนครพนม","added_sidebar_link_only","Batch 11 selective hub-spoke strengthening","ADDED"
"/รับซื้อ/รับซื้อจอคอม-นครพนม","","(no link)","รับซื้อ คอมพิวเตอร์ ในนครพนม","/รับซื้อ/รับซื้อคอมพิวเตอร์-นครพนม","รับซื้อ คอมพิวเตอร์ ในนครพนม","added_sidebar_link_only","Batch 11 selective hub-spoke strengthening","ADDED"
"/รับซื้อ/รับซื้อจอคอม-นครพนม","","(no link)","รับซื้อ iPhone ในนครพนม","/รับซื้อ/รับซื้อ-iphone-นครพนม","รับซื้อ iPhone ในนครพนม","added_sidebar_link_only","Batch 11 selective hub-spoke strengthening","ADDED"
"/รับซื้อ/รับซื้อจอคอม-นครราชสีมา","","(no link)","รับซื้อ โน๊ตบุ๊ค ในนครราชสีมา","/รับซื้อ/รับซื้อโน๊ตบุ๊ค-นครราชสีมา","รับซื้อ โน๊ตบุ๊ค ในนครราชสีมา","added_sidebar_link_only","Batch 11 selective hub-spoke strengthening","ADDED"
"/รับซื้อ/รับซื้อจอคอม-นครราชสีมา","","(no link)","รับซื้อ MacBook ในนครราชสีมา","/รับซื้อ/รับซื้อ-macbook-นครราชสีมา","รับซื้อ MacBook ในนครราชสีมา","added_sidebar_link_only","Batch 11 selective hub-spoke strengthening","ADDED"
"/รับซื้อ/รับซื้อจอคอม-นครราชสีมา","","(no link)","รับซื้อ คอมพิวเตอร์ ในนครราชสีมา","/รับซื้อ/รับซื้อคอมพิวเตอร์-นครราชสีมา","รับซื้อ คอมพิวเตอร์ ในนครราชสีมา","added_sidebar_link_only","Batch 11 selective hub-spoke strengthening","ADDED"
"/รับซื้อ/รับซื้อจอคอม-นครราชสีมา","","(no link)","รับซื้อ iPhone ในนครราชสีมา","/รับซื้อ/รับซื้อ-iphone-นครราชสีมา","รับซื้อ iPhone ในนครราชสีมา","added_sidebar_link_only","Batch 11 selective hub-spoke strengthening","ADDED"
"/รับซื้อ/รับซื้อจอคอม-บึงกาฬ","","(no link)","รับซื้อ โน๊ตบุ๊ค ในบึงกาฬ","/รับซื้อ/รับซื้อโน๊ตบุ๊ค-บึงกาฬ","รับซื้อ โน๊ตบุ๊ค ในบึงกาฬ","added_sidebar_link_only","Batch 11 selective hub-spoke strengthening","ADDED"
"/รับซื้อ/รับซื้อจอคอม-บึงกาฬ","","(no link)","รับซื้อ MacBook ในบึงกาฬ","/รับซื้อ/รับซื้อ-macbook-บึงกาฬ","รับซื้อ MacBook ในบึงกาฬ","added_sidebar_link_only","Batch 11 selective hub-spoke strengthening","ADDED"
"/รับซื้อ/รับซื้อจอคอม-บึงกาฬ","","(no link)","รับซื้อ คอมพิวเตอร์ ในบึงกาฬ","/รับซื้อ/รับซื้อคอมพิวเตอร์-บึงกาฬ","รับซื้อ คอมพิวเตอร์ ในบึงกาฬ","added_sidebar_link_only","Batch 11 selective hub-spoke strengthening","ADDED"
"/รับซื้อ/รับซื้อจอคอม-บึงกาฬ","","(no link)","รับซื้อ iPhone ในบึงกาฬ","/รับซื้อ/รับซื้อ-iphone-บึงกาฬ","รับซื้อ iPhone ในบึงกาฬ","added_sidebar_link_only","Batch 11 selective hub-spoke strengthening","ADDED"
"/รับซื้อ/รับซื้อจอคอม-บุรีรัมย์","","(no link)","รับซื้อ โน๊ตบุ๊ค ในบุรีรัมย์","/รับซื้อ/รับซื้อโน๊ตบุ๊ค-บุรีรัมย์","รับซื้อ โน๊ตบุ๊ค ในบุรีรัมย์","added_sidebar_link_only","Batch 11 selective hub-spoke strengthening","ADDED"
"/รับซื้อ/รับซื้อจอคอม-บุรีรัมย์","","(no link)","รับซื้อ MacBook ในบุรีรัมย์","/รับซื้อ/รับซื้อ-macbook-บุรีรัมย์","รับซื้อ MacBook ในบุรีรัมย์","added_sidebar_link_only","Batch 11 selective hub-spoke strengthening","ADDED"
"/รับซื้อ/รับซื้อจอคอม-บุรีรัมย์","","(no link)","รับซื้อ คอมพิวเตอร์ ในบุรีรัมย์","/รับซื้อ/รับซื้อคอมพิวเตอร์-บุรีรัมย์","รับซื้อ คอมพิวเตอร์ ในบุรีรัมย์","added_sidebar_link_only","Batch 11 selective hub-spoke strengthening","ADDED"
"/รับซื้อ/รับซื้อจอคอม-บุรีรัมย์","","(no link)","รับซื้อ iPhone ในบุรีรัมย์","/รับซื้อ/รับซื้อ-iphone-บุรีรัมย์","รับซื้อ iPhone ในบุรีรัมย์","added_sidebar_link_only","Batch 11 selective hub-spoke strengthening","ADDED"
"/รับซื้อ/รับซื้อจอคอม-มหาสารคาม","","(no link)","รับซื้อ โน๊ตบุ๊ค ในมหาสารคาม","/รับซื้อ/รับซื้อโน๊ตบุ๊ค-มหาสารคาม","รับซื้อ โน๊ตบุ๊ค ในมหาสารคาม","added_sidebar_link_only","Batch 11 selective hub-spoke strengthening","ADDED"
"/รับซื้อ/รับซื้อจอคอม-มหาสารคาม","","(no link)","รับซื้อ MacBook ในมหาสารคาม","/รับซื้อ/รับซื้อ-macbook-มหาสารคาม","รับซื้อ MacBook ในมหาสารคาม","added_sidebar_link_only","Batch 11 selective hub-spoke strengthening","ADDED"
"/รับซื้อ/รับซื้อจอคอม-มหาสารคาม","","(no link)","รับซื้อ คอมพิวเตอร์ ในมหาสารคาม","/รับซื้อ/รับซื้อคอมพิวเตอร์-มหาสารคาม","รับซื้อ คอมพิวเตอร์ ในมหาสารคาม","added_sidebar_link_only","Batch 11 selective hub-spoke strengthening","ADDED"
"/รับซื้อ/รับซื้อจอคอม-มหาสารคาม","","(no link)","รับซื้อ iPhone ในมหาสารคาม","/รับซื้อ/รับซื้อ-iphone-มหาสารคาม","รับซื้อ iPhone ในมหาสารคาม","added_sidebar_link_only","Batch 11 selective hub-spoke strengthening","ADDED"
"/รับซื้อ/รับซื้อจอคอม-มุกดาหาร","","(no link)","รับซื้อ โน๊ตบุ๊ค ในมุกดาหาร","/รับซื้อ/รับซื้อโน๊ตบุ๊ค-มุกดาหาร","รับซื้อ โน๊ตบุ๊ค ในมุกดาหาร","added_sidebar_link_only","Batch 11 selective hub-spoke strengthening","ADDED"
"/รับซื้อ/รับซื้อจอคอม-มุกดาหาร","","(no link)","รับซื้อ MacBook ในมุกดาหาร","/รับซื้อ/รับซื้อ-macbook-มุกดาหาร","รับซื้อ MacBook ในมุกดาหาร","added_sidebar_link_only","Batch 11 selective hub-spoke strengthening","ADDED"
"/รับซื้อ/รับซื้อจอคอม-มุกดาหาร","","(no link)","รับซื้อ คอมพิวเตอร์ ในมุกดาหาร","/รับซื้อ/รับซื้อคอมพิวเตอร์-มุกดาหาร","รับซื้อ คอมพิวเตอร์ ในมุกดาหาร","added_sidebar_link_only","Batch 11 selective hub-spoke strengthening","ADDED"
"/รับซื้อ/รับซื้อจอคอม-มุกดาหาร","","(no link)","รับซื้อ iPhone ในมุกดาหาร","/รับซื้อ/รับซื้อ-iphone-มุกดาหาร","รับซื้อ iPhone ในมุกดาหาร","added_sidebar_link_only","Batch 11 selective hub-spoke strengthening","ADDED"
"/รับซื้อ/รับซื้อจอคอม-ยโสธร","","(no link)","รับซื้อ โน๊ตบุ๊ค ในยโสธร","/รับซื้อ/รับซื้อโน๊ตบุ๊ค-ยโสธร","รับซื้อ โน๊ตบุ๊ค ในยโสธร","added_sidebar_link_only","Batch 11 selective hub-spoke strengthening","ADDED"
"/รับซื้อ/รับซื้อจอคอม-ยโสธร","","(no link)","รับซื้อ MacBook ในยโสธร","/รับซื้อ/รับซื้อ-macbook-ยโสธร","รับซื้อ MacBook ในยโสธร","added_sidebar_link_only","Batch 11 selective hub-spoke strengthening","ADDED"
"/รับซื้อ/รับซื้อจอคอม-ยโสธร","","(no link)","รับซื้อ คอมพิวเตอร์ ในยโสธร","/รับซื้อ/รับซื้อคอมพิวเตอร์-ยโสธร","รับซื้อ คอมพิวเตอร์ ในยโสธร","added_sidebar_link_only","Batch 11 selective hub-spoke strengthening","ADDED"
"/รับซื้อ/รับซื้อจอคอม-ยโสธร","","(no link)","รับซื้อ iPhone ในยโสธร","/รับซื้อ/รับซื้อ-iphone-ยโสธร","รับซื้อ iPhone ในยโสธร","added_sidebar_link_only","Batch 11 selective hub-spoke strengthening","ADDED"
"/รับซื้อ/รับซื้อจอคอม-ร้อยเอ็ด","","(no link)","รับซื้อ โน๊ตบุ๊ค ในร้อยเอ็ด","/รับซื้อ/รับซื้อโน๊ตบุ๊ค-ร้อยเอ็ด","รับซื้อ โน๊ตบุ๊ค ในร้อยเอ็ด","added_sidebar_link_only","Batch 11 selective hub-spoke strengthening","ADDED"
"/รับซื้อ/รับซื้อจอคอม-ร้อยเอ็ด","","(no link)","รับซื้อ MacBook ในร้อยเอ็ด","/รับซื้อ/รับซื้อ-macbook-ร้อยเอ็ด","รับซื้อ MacBook ในร้อยเอ็ด","added_sidebar_link_only","Batch 11 selective hub-spoke strengthening","ADDED"
"/รับซื้อ/รับซื้อจอคอม-ร้อยเอ็ด","","(no link)","รับซื้อ คอมพิวเตอร์ ในร้อยเอ็ด","/รับซื้อ/รับซื้อคอมพิวเตอร์-ร้อยเอ็ด","รับซื้อ คอมพิวเตอร์ ในร้อยเอ็ด","added_sidebar_link_only","Batch 11 selective hub-spoke strengthening","ADDED"
"/รับซื้อ/รับซื้อจอคอม-ร้อยเอ็ด","","(no link)","รับซื้อ iPhone ในร้อยเอ็ด","/รับซื้อ/รับซื้อ-iphone-ร้อยเอ็ด","รับซื้อ iPhone ในร้อยเอ็ด","added_sidebar_link_only","Batch 11 selective hub-spoke strengthening","ADDED"
"/รับซื้อ/รับซื้อจอคอม-ศรีสะเกษ","","(no link)","รับซื้อ โน๊ตบุ๊ค ในศรีสะเกษ","/รับซื้อ/รับซื้อโน๊ตบุ๊ค-ศรีสะเกษ","รับซื้อ โน๊ตบุ๊ค ในศรีสะเกษ","added_sidebar_link_only","Batch 11 selective hub-spoke strengthening","ADDED"
"/รับซื้อ/รับซื้อจอคอม-ศรีสะเกษ","","(no link)","รับซื้อ MacBook ในศรีสะเกษ","/รับซื้อ/รับซื้อ-macbook-ศรีสะเกษ","รับซื้อ MacBook ในศรีสะเกษ","added_sidebar_link_only","Batch 11 selective hub-spoke strengthening","ADDED"
"/รับซื้อ/รับซื้อจอคอม-ศรีสะเกษ","","(no link)","รับซื้อ คอมพิวเตอร์ ในศรีสะเกษ","/รับซื้อ/รับซื้อคอมพิวเตอร์-ศรีสะเกษ","รับซื้อ คอมพิวเตอร์ ในศรีสะเกษ","added_sidebar_link_only","Batch 11 selective hub-spoke strengthening","ADDED"
"/รับซื้อ/รับซื้อจอคอม-ศรีสะเกษ","","(no link)","รับซื้อ iPhone ในศรีสะเกษ","/รับซื้อ/รับซื้อ-iphone-ศรีสะเกษ","รับซื้อ iPhone ในศรีสะเกษ","added_sidebar_link_only","Batch 11 selective hub-spoke strengthening","ADDED"
"/รับซื้อ/รับซื้อจอคอม-สกลนคร","","(no link)","รับซื้อ โน๊ตบุ๊ค ในสกลนคร","/รับซื้อ/รับซื้อโน๊ตบุ๊ค-สกลนคร","รับซื้อ โน๊ตบุ๊ค ในสกลนคร","added_sidebar_link_only","Batch 11 selective hub-spoke strengthening","ADDED"
"/รับซื้อ/รับซื้อจอคอม-สกลนคร","","(no link)","รับซื้อ MacBook ในสกลนคร","/รับซื้อ/รับซื้อ-macbook-สกลนคร","รับซื้อ MacBook ในสกลนคร","added_sidebar_link_only","Batch 11 selective hub-spoke strengthening","ADDED"
"/รับซื้อ/รับซื้อจอคอม-สกลนคร","","(no link)","รับซื้อ คอมพิวเตอร์ ในสกลนคร","/รับซื้อ/รับซื้อคอมพิวเตอร์-สกลนคร","รับซื้อ คอมพิวเตอร์ ในสกลนคร","added_sidebar_link_only","Batch 11 selective hub-spoke strengthening","ADDED"
"/รับซื้อ/รับซื้อจอคอม-สกลนคร","","(no link)","รับซื้อ iPhone ในสกลนคร","/รับซื้อ/รับซื้อ-iphone-สกลนคร","รับซื้อ iPhone ในสกลนคร","added_sidebar_link_only","Batch 11 selective hub-spoke strengthening","ADDED"
"/รับซื้อ/รับซื้อจอคอม-สุรินทร์","","(no link)","รับซื้อ โน๊ตบุ๊ค ในสุรินทร์","/รับซื้อ/รับซื้อโน๊ตบุ๊ค-สุรินทร์","รับซื้อ โน๊ตบุ๊ค ในสุรินทร์","added_sidebar_link_only","Batch 11 selective hub-spoke strengthening","ADDED"
"/รับซื้อ/รับซื้อจอคอม-สุรินทร์","","(no link)","รับซื้อ MacBook ในสุรินทร์","/รับซื้อ/รับซื้อ-macbook-สุรินทร์","รับซื้อ MacBook ในสุรินทร์","added_sidebar_link_only","Batch 11 selective hub-spoke strengthening","ADDED"
"/รับซื้อ/รับซื้อจอคอม-สุรินทร์","","(no link)","รับซื้อ คอมพิวเตอร์ ในสุรินทร์","/รับซื้อ/รับซื้อคอมพิวเตอร์-สุรินทร์","รับซื้อ คอมพิวเตอร์ ในสุรินทร์","added_sidebar_link_only","Batch 11 selective hub-spoke strengthening","ADDED"
"/รับซื้อ/รับซื้อจอคอม-สุรินทร์","","(no link)","รับซื้อ iPhone ในสุรินทร์","/รับซื้อ/รับซื้อ-iphone-สุรินทร์","รับซื้อ iPhone ในสุรินทร์","added_sidebar_link_only","Batch 11 selective hub-spoke strengthening","ADDED"
"/รับซื้อ/รับซื้อจอคอม-หนองคาย","","(no link)","รับซื้อ โน๊ตบุ๊ค ในหนองคาย","/รับซื้อ/รับซื้อโน๊ตบุ๊ค-หนองคาย","รับซื้อ โน๊ตบุ๊ค ในหนองคาย","added_sidebar_link_only","Batch 11 selective hub-spoke strengthening","ADDED"
"/รับซื้อ/รับซื้อจอคอม-หนองคาย","","(no link)","รับซื้อ MacBook ในหนองคาย","/รับซื้อ/รับซื้อ-macbook-หนองคาย","รับซื้อ MacBook ในหนองคาย","added_sidebar_link_only","Batch 11 selective hub-spoke strengthening","ADDED"
"/รับซื้อ/รับซื้อจอคอม-หนองคาย","","(no link)","รับซื้อ คอมพิวเตอร์ ในหนองคาย","/รับซื้อ/รับซื้อคอมพิวเตอร์-หนองคาย","รับซื้อ คอมพิวเตอร์ ในหนองคาย","added_sidebar_link_only","Batch 11 selective hub-spoke strengthening","ADDED"
"/รับซื้อ/รับซื้อจอคอม-หนองคาย","","(no link)","รับซื้อ iPhone ในหนองคาย","/รับซื้อ/รับซื้อ-iphone-หนองคาย","รับซื้อ iPhone ในหนองคาย","added_sidebar_link_only","Batch 11 selective hub-spoke strengthening","ADDED"
"/รับซื้อ/รับซื้อจอคอม-หนองบัวลำภู","","(no link)","รับซื้อ โน๊ตบุ๊ค ในหนองบัวลำภู","/รับซื้อ/รับซื้อโน๊ตบุ๊ค-หนองบัวลำภู","รับซื้อ โน๊ตบุ๊ค ในหนองบัวลำภู","added_sidebar_link_only","Batch 11 selective hub-spoke strengthening","ADDED"
"/รับซื้อ/รับซื้อจอคอม-หนองบัวลำภู","","(no link)","รับซื้อ MacBook ในหนองบัวลำภู","/รับซื้อ/รับซื้อ-macbook-หนองบัวลำภู","รับซื้อ MacBook ในหนองบัวลำภู","added_sidebar_link_only","Batch 11 selective hub-spoke strengthening","ADDED"
"/รับซื้อ/รับซื้อจอคอม-หนองบัวลำภู","","(no link)","รับซื้อ คอมพิวเตอร์ ในหนองบัวลำภู","/รับซื้อ/รับซื้อคอมพิวเตอร์-หนองบัวลำภู","รับซื้อ คอมพิวเตอร์ ในหนองบัวลำภู","added_sidebar_link_only","Batch 11 selective hub-spoke strengthening","ADDED"
"/รับซื้อ/รับซื้อจอคอม-หนองบัวลำภู","","(no link)","รับซื้อ iPhone ในหนองบัวลำภู","/รับซื้อ/รับซื้อ-iphone-หนองบัวลำภู","รับซื้อ iPhone ในหนองบัวลำภู","added_sidebar_link_only","Batch 11 selective hub-spoke strengthening","ADDED"
"/รับซื้อ/รับซื้อจอคอม-อำนาจเจริญ","","(no link)","รับซื้อ โน๊ตบุ๊ค ในอำนาจเจริญ","/รับซื้อ/รับซื้อโน๊ตบุ๊ค-อำนาจเจริญ","รับซื้อ โน๊ตบุ๊ค ในอำนาจเจริญ","added_sidebar_link_only","Batch 11 selective hub-spoke strengthening","ADDED"
"/รับซื้อ/รับซื้อจอคอม-อำนาจเจริญ","","(no link)","รับซื้อ MacBook ในอำนาจเจริญ","/รับซื้อ/รับซื้อ-macbook-อำนาจเจริญ","รับซื้อ MacBook ในอำนาจเจริญ","added_sidebar_link_only","Batch 11 selective hub-spoke strengthening","ADDED"
"/รับซื้อ/รับซื้อจอคอม-อำนาจเจริญ","","(no link)","รับซื้อ คอมพิวเตอร์ ในอำนาจเจริญ","/รับซื้อ/รับซื้อคอมพิวเตอร์-อำนาจเจริญ","รับซื้อ คอมพิวเตอร์ ในอำนาจเจริญ","added_sidebar_link_only","Batch 11 selective hub-spoke strengthening","ADDED"
"/รับซื้อ/รับซื้อจอคอม-อำนาจเจริญ","","(no link)","รับซื้อ iPhone ในอำนาจเจริญ","/รับซื้อ/รับซื้อ-iphone-อำนาจเจริญ","รับซื้อ iPhone ในอำนาจเจริญ","added_sidebar_link_only","Batch 11 selective hub-spoke strengthening","ADDED"
"/รับซื้อ/รับซื้อจอคอม-อุดรธานี","","(no link)","รับซื้อ โน๊ตบุ๊ค ในอุดรธานี","/รับซื้อ/รับซื้อโน๊ตบุ๊ค-อุดรธานี","รับซื้อ โน๊ตบุ๊ค ในอุดรธานี","added_sidebar_link_only","Batch 11 selective hub-spoke strengthening","ADDED"
"/รับซื้อ/รับซื้อจอคอม-อุดรธานี","","(no link)","รับซื้อ MacBook ในอุดรธานี","/รับซื้อ/รับซื้อ-macbook-อุดรธานี","รับซื้อ MacBook ในอุดรธานี","added_sidebar_link_only","Batch 11 selective hub-spoke strengthening","ADDED"
"/รับซื้อ/รับซื้อจอคอม-อุดรธานี","","(no link)","รับซื้อ คอมพิวเตอร์ ในอุดรธานี","/รับซื้อ/รับซื้อคอมพิวเตอร์-อุดรธานี","รับซื้อ คอมพิวเตอร์ ในอุดรธานี","added_sidebar_link_only","Batch 11 selective hub-spoke strengthening","ADDED"
"/รับซื้อ/รับซื้อจอคอม-อุดรธานี","","(no link)","รับซื้อ iPhone ในอุดรธานี","/รับซื้อ/รับซื้อ-iphone-อุดรธานี","รับซื้อ iPhone ในอุดรธานี","added_sidebar_link_only","Batch 11 selective hub-spoke strengthening","ADDED"
"/รับซื้อ/รับซื้อจอคอม-อุบลราชธานี","","(no link)","รับซื้อโน๊ตบุ๊ค ในอุบลราชธานี","/รับซื้อ/รับซื้อโน๊ตบุ๊ค-อุบลราชธานี","รับซื้อโน๊ตบุ๊ค ในอุบลราชธานี","added_sidebar_link_only","Batch 11 selective hub-spoke strengthening","ADDED"
"/รับซื้อ/รับซื้อจอคอม-อุบลราชธานี","","(no link)","รับซื้อ MacBook ในอุบลราชธานี","/รับซื้อ/รับซื้อ-macbook-อุบลราชธานี","รับซื้อ MacBook ในอุบลราชธานี","added_sidebar_link_only","Batch 11 selective hub-spoke strengthening","ADDED"
"/รับซื้อ/รับซื้อจอคอม-อุบลราชธานี","","(no link)","รับซื้อคอมพิวเตอร์ ในอุบลราชธานี","/รับซื้อ/รับซื้อคอมพิวเตอร์-อุบลราชธานี","รับซื้อคอมพิวเตอร์ ในอุบลราชธานี","added_sidebar_link_only","Batch 11 selective hub-spoke strengthening","ADDED"
"/รับซื้อ/รับซื้อจอคอม-อุบลราชธานี","","(no link)","รับซื้อ iPhone ในอุบลราชธานี","/รับซื้อ/รับซื้อ-iphone-อุบลราชธานี","รับซื้อ iPhone ในอุบลราชธานี","added_sidebar_link_only","Batch 11 selective hub-spoke strengthening","ADDED"
"/รับซื้อ/รับซื้อจอคอม-เลย","","(no link)","รับซื้อ โน๊ตบุ๊ค ในเลย","/รับซื้อ/รับซื้อโน๊ตบุ๊ค-เลย","รับซื้อ โน๊ตบุ๊ค ในเลย","added_sidebar_link_only","Batch 11 selective hub-spoke strengthening","ADDED"
"/รับซื้อ/รับซื้อจอคอม-เลย","","(no link)","รับซื้อ MacBook ในเลย","/รับซื้อ/รับซื้อ-macbook-เลย","รับซื้อ MacBook ในเลย","added_sidebar_link_only","Batch 11 selective hub-spoke strengthening","ADDED"
"/รับซื้อ/รับซื้อจอคอม-เลย","","(no link)","รับซื้อ คอมพิวเตอร์ ในเลย","/รับซื้อ/รับซื้อคอมพิวเตอร์-เลย","รับซื้อ คอมพิวเตอร์ ในเลย","added_sidebar_link_only","Batch 11 selective hub-spoke strengthening","ADDED"
"/รับซื้อ/รับซื้อจอคอม-เลย","","(no link)","รับซื้อ iPhone ในเลย","/รับซื้อ/รับซื้อ-iphone-เลย","รับซื้อ iPhone ในเลย","added_sidebar_link_only","Batch 11 selective hub-spoke strengthening","ADDED"
"/รับซื้อ/รับซื้อจอเกมมิ่ง-กาฬสินธุ์","","(no link)","รับซื้อ โน๊ตบุ๊ค ในกาฬสินธุ์","/รับซื้อ/รับซื้อโน๊ตบุ๊ค-กาฬสินธุ์","รับซื้อ โน๊ตบุ๊ค ในกาฬสินธุ์","added_sidebar_link_only","Batch 11 selective hub-spoke strengthening","ADDED"
"/รับซื้อ/รับซื้อจอเกมมิ่ง-กาฬสินธุ์","","(no link)","รับซื้อ MacBook ในกาฬสินธุ์","/รับซื้อ/รับซื้อ-macbook-กาฬสินธุ์","รับซื้อ MacBook ในกาฬสินธุ์","added_sidebar_link_only","Batch 11 selective hub-spoke strengthening","ADDED"
"/รับซื้อ/รับซื้อจอเกมมิ่ง-กาฬสินธุ์","","(no link)","รับซื้อ คอมพิวเตอร์ ในกาฬสินธุ์","/รับซื้อ/รับซื้อคอมพิวเตอร์-กาฬสินธุ์","รับซื้อ คอมพิวเตอร์ ในกาฬสินธุ์","added_sidebar_link_only","Batch 11 selective hub-spoke strengthening","ADDED"
"/รับซื้อ/รับซื้อจอเกมมิ่ง-กาฬสินธุ์","","(no link)","รับซื้อ iPhone ในกาฬสินธุ์","/รับซื้อ/รับซื้อ-iphone-กาฬสินธุ์","รับซื้อ iPhone ในกาฬสินธุ์","added_sidebar_link_only","Batch 11 selective hub-spoke strengthening","ADDED"
"/รับซื้อ/รับซื้อจอเกมมิ่ง-ขอนแก่น","","(no link)","รับซื้อ โน๊ตบุ๊ค ในขอนแก่น","/รับซื้อ/รับซื้อโน๊ตบุ๊ค-ขอนแก่น","รับซื้อ โน๊ตบุ๊ค ในขอนแก่น","added_sidebar_link_only","Batch 11 selective hub-spoke strengthening","ADDED"
"/รับซื้อ/รับซื้อจอเกมมิ่ง-ขอนแก่น","","(no link)","รับซื้อ MacBook ในขอนแก่น","/รับซื้อ/รับซื้อ-macbook-ขอนแก่น","รับซื้อ MacBook ในขอนแก่น","added_sidebar_link_only","Batch 11 selective hub-spoke strengthening","ADDED"
"/รับซื้อ/รับซื้อจอเกมมิ่ง-ขอนแก่น","","(no link)","รับซื้อ คอมพิวเตอร์ ในขอนแก่น","/รับซื้อ/รับซื้อคอมพิวเตอร์-ขอนแก่น","รับซื้อ คอมพิวเตอร์ ในขอนแก่น","added_sidebar_link_only","Batch 11 selective hub-spoke strengthening","ADDED"
"/รับซื้อ/รับซื้อจอเกมมิ่ง-ขอนแก่น","","(no link)","รับซื้อ iPhone ในขอนแก่น","/รับซื้อ/รับซื้อ-iphone-ขอนแก่น","รับซื้อ iPhone ในขอนแก่น","added_sidebar_link_only","Batch 11 selective hub-spoke strengthening","ADDED"
"/รับซื้อ/รับซื้อจอเกมมิ่ง-ชัยภูมิ","","(no link)","รับซื้อ โน๊ตบุ๊ค ในชัยภูมิ","/รับซื้อ/รับซื้อโน๊ตบุ๊ค-ชัยภูมิ","รับซื้อ โน๊ตบุ๊ค ในชัยภูมิ","added_sidebar_link_only","Batch 11 selective hub-spoke strengthening","ADDED"
"/รับซื้อ/รับซื้อจอเกมมิ่ง-ชัยภูมิ","","(no link)","รับซื้อ MacBook ในชัยภูมิ","/รับซื้อ/รับซื้อ-macbook-ชัยภูมิ","รับซื้อ MacBook ในชัยภูมิ","added_sidebar_link_only","Batch 11 selective hub-spoke strengthening","ADDED"
"/รับซื้อ/รับซื้อจอเกมมิ่ง-ชัยภูมิ","","(no link)","รับซื้อ คอมพิวเตอร์ ในชัยภูมิ","/รับซื้อ/รับซื้อคอมพิวเตอร์-ชัยภูมิ","รับซื้อ คอมพิวเตอร์ ในชัยภูมิ","added_sidebar_link_only","Batch 11 selective hub-spoke strengthening","ADDED"
"/รับซื้อ/รับซื้อจอเกมมิ่ง-ชัยภูมิ","","(no link)","รับซื้อ iPhone ในชัยภูมิ","/รับซื้อ/รับซื้อ-iphone-ชัยภูมิ","รับซื้อ iPhone ในชัยภูมิ","added_sidebar_link_only","Batch 11 selective hub-spoke strengthening","ADDED"
"/รับซื้อ/รับซื้อจอเกมมิ่ง-นครพนม","","(no link)","รับซื้อ โน๊ตบุ๊ค ในนครพนม","/รับซื้อ/รับซื้อโน๊ตบุ๊ค-นครพนม","รับซื้อ โน๊ตบุ๊ค ในนครพนม","added_sidebar_link_only","Batch 11 selective hub-spoke strengthening","ADDED"
"/รับซื้อ/รับซื้อจอเกมมิ่ง-นครพนม","","(no link)","รับซื้อ MacBook ในนครพนม","/รับซื้อ/รับซื้อ-macbook-นครพนม","รับซื้อ MacBook ในนครพนม","added_sidebar_link_only","Batch 11 selective hub-spoke strengthening","ADDED"
"/รับซื้อ/รับซื้อจอเกมมิ่ง-นครพนม","","(no link)","รับซื้อ คอมพิวเตอร์ ในนครพนม","/รับซื้อ/รับซื้อคอมพิวเตอร์-นครพนม","รับซื้อ คอมพิวเตอร์ ในนครพนม","added_sidebar_link_only","Batch 11 selective hub-spoke strengthening","ADDED"
"/รับซื้อ/รับซื้อจอเกมมิ่ง-นครพนม","","(no link)","รับซื้อ iPhone ในนครพนม","/รับซื้อ/รับซื้อ-iphone-นครพนม","รับซื้อ iPhone ในนครพนม","added_sidebar_link_only","Batch 11 selective hub-spoke strengthening","ADDED"
"/รับซื้อ/รับซื้อจอเกมมิ่ง-นครราชสีมา","","(no link)","รับซื้อ โน๊ตบุ๊ค ในนครราชสีมา","/รับซื้อ/รับซื้อโน๊ตบุ๊ค-นครราชสีมา","รับซื้อ โน๊ตบุ๊ค ในนครราชสีมา","added_sidebar_link_only","Batch 11 selective hub-spoke strengthening","ADDED"
"/รับซื้อ/รับซื้อจอเกมมิ่ง-นครราชสีมา","","(no link)","รับซื้อ MacBook ในนครราชสีมา","/รับซื้อ/รับซื้อ-macbook-นครราชสีมา","รับซื้อ MacBook ในนครราชสีมา","added_sidebar_link_only","Batch 11 selective hub-spoke strengthening","ADDED"
"/รับซื้อ/รับซื้อจอเกมมิ่ง-นครราชสีมา","","(no link)","รับซื้อ คอมพิวเตอร์ ในนครราชสีมา","/รับซื้อ/รับซื้อคอมพิวเตอร์-นครราชสีมา","รับซื้อ คอมพิวเตอร์ ในนครราชสีมา","added_sidebar_link_only","Batch 11 selective hub-spoke strengthening","ADDED"
"/รับซื้อ/รับซื้อจอเกมมิ่ง-นครราชสีมา","","(no link)","รับซื้อ iPhone ในนครราชสีมา","/รับซื้อ/รับซื้อ-iphone-นครราชสีมา","รับซื้อ iPhone ในนครราชสีมา","added_sidebar_link_only","Batch 11 selective hub-spoke strengthening","ADDED"
"/รับซื้อ/รับซื้อจอเกมมิ่ง-บึงกาฬ","","(no link)","รับซื้อ โน๊ตบุ๊ค ในบึงกาฬ","/รับซื้อ/รับซื้อโน๊ตบุ๊ค-บึงกาฬ","รับซื้อ โน๊ตบุ๊ค ในบึงกาฬ","added_sidebar_link_only","Batch 11 selective hub-spoke strengthening","ADDED"
"/รับซื้อ/รับซื้อจอเกมมิ่ง-บึงกาฬ","","(no link)","รับซื้อ MacBook ในบึงกาฬ","/รับซื้อ/รับซื้อ-macbook-บึงกาฬ","รับซื้อ MacBook ในบึงกาฬ","added_sidebar_link_only","Batch 11 selective hub-spoke strengthening","ADDED"
"/รับซื้อ/รับซื้อจอเกมมิ่ง-บึงกาฬ","","(no link)","รับซื้อ คอมพิวเตอร์ ในบึงกาฬ","/รับซื้อ/รับซื้อคอมพิวเตอร์-บึงกาฬ","รับซื้อ คอมพิวเตอร์ ในบึงกาฬ","added_sidebar_link_only","Batch 11 selective hub-spoke strengthening","ADDED"
"/รับซื้อ/รับซื้อจอเกมมิ่ง-บึงกาฬ","","(no link)","รับซื้อ iPhone ในบึงกาฬ","/รับซื้อ/รับซื้อ-iphone-บึงกาฬ","รับซื้อ iPhone ในบึงกาฬ","added_sidebar_link_only","Batch 11 selective hub-spoke strengthening","ADDED"
"/รับซื้อ/รับซื้อจอเกมมิ่ง-บุรีรัมย์","","(no link)","รับซื้อ โน๊ตบุ๊ค ในบุรีรัมย์","/รับซื้อ/รับซื้อโน๊ตบุ๊ค-บุรีรัมย์","รับซื้อ โน๊ตบุ๊ค ในบุรีรัมย์","added_sidebar_link_only","Batch 11 selective hub-spoke strengthening","ADDED"
"/รับซื้อ/รับซื้อจอเกมมิ่ง-บุรีรัมย์","","(no link)","รับซื้อ MacBook ในบุรีรัมย์","/รับซื้อ/รับซื้อ-macbook-บุรีรัมย์","รับซื้อ MacBook ในบุรีรัมย์","added_sidebar_link_only","Batch 11 selective hub-spoke strengthening","ADDED"
"/รับซื้อ/รับซื้อจอเกมมิ่ง-บุรีรัมย์","","(no link)","รับซื้อ คอมพิวเตอร์ ในบุรีรัมย์","/รับซื้อ/รับซื้อคอมพิวเตอร์-บุรีรัมย์","รับซื้อ คอมพิวเตอร์ ในบุรีรัมย์","added_sidebar_link_only","Batch 11 selective hub-spoke strengthening","ADDED"
"/รับซื้อ/รับซื้อจอเกมมิ่ง-บุรีรัมย์","","(no link)","รับซื้อ iPhone ในบุรีรัมย์","/รับซื้อ/รับซื้อ-iphone-บุรีรัมย์","รับซื้อ iPhone ในบุรีรัมย์","added_sidebar_link_only","Batch 11 selective hub-spoke strengthening","ADDED"
"/รับซื้อ/รับซื้อจอเกมมิ่ง-มหาสารคาม","","(no link)","รับซื้อ โน๊ตบุ๊ค ในมหาสารคาม","/รับซื้อ/รับซื้อโน๊ตบุ๊ค-มหาสารคาม","รับซื้อ โน๊ตบุ๊ค ในมหาสารคาม","added_sidebar_link_only","Batch 11 selective hub-spoke strengthening","ADDED"
"/รับซื้อ/รับซื้อจอเกมมิ่ง-มหาสารคาม","","(no link)","รับซื้อ MacBook ในมหาสารคาม","/รับซื้อ/รับซื้อ-macbook-มหาสารคาม","รับซื้อ MacBook ในมหาสารคาม","added_sidebar_link_only","Batch 11 selective hub-spoke strengthening","ADDED"
"/รับซื้อ/รับซื้อจอเกมมิ่ง-มหาสารคาม","","(no link)","รับซื้อ คอมพิวเตอร์ ในมหาสารคาม","/รับซื้อ/รับซื้อคอมพิวเตอร์-มหาสารคาม","รับซื้อ คอมพิวเตอร์ ในมหาสารคาม","added_sidebar_link_only","Batch 11 selective hub-spoke strengthening","ADDED"
"/รับซื้อ/รับซื้อจอเกมมิ่ง-มหาสารคาม","","(no link)","รับซื้อ iPhone ในมหาสารคาม","/รับซื้อ/รับซื้อ-iphone-มหาสารคาม","รับซื้อ iPhone ในมหาสารคาม","added_sidebar_link_only","Batch 11 selective hub-spoke strengthening","ADDED"
"/รับซื้อ/รับซื้อจอเกมมิ่ง-มุกดาหาร","","(no link)","รับซื้อ โน๊ตบุ๊ค ในมุกดาหาร","/รับซื้อ/รับซื้อโน๊ตบุ๊ค-มุกดาหาร","รับซื้อ โน๊ตบุ๊ค ในมุกดาหาร","added_sidebar_link_only","Batch 11 selective hub-spoke strengthening","ADDED"
"/รับซื้อ/รับซื้อจอเกมมิ่ง-มุกดาหาร","","(no link)","รับซื้อ MacBook ในมุกดาหาร","/รับซื้อ/รับซื้อ-macbook-มุกดาหาร","รับซื้อ MacBook ในมุกดาหาร","added_sidebar_link_only","Batch 11 selective hub-spoke strengthening","ADDED"
"/รับซื้อ/รับซื้อจอเกมมิ่ง-มุกดาหาร","","(no link)","รับซื้อ คอมพิวเตอร์ ในมุกดาหาร","/รับซื้อ/รับซื้อคอมพิวเตอร์-มุกดาหาร","รับซื้อ คอมพิวเตอร์ ในมุกดาหาร","added_sidebar_link_only","Batch 11 selective hub-spoke strengthening","ADDED"
"/รับซื้อ/รับซื้อจอเกมมิ่ง-มุกดาหาร","","(no link)","รับซื้อ iPhone ในมุกดาหาร","/รับซื้อ/รับซื้อ-iphone-มุกดาหาร","รับซื้อ iPhone ในมุกดาหาร","added_sidebar_link_only","Batch 11 selective hub-spoke strengthening","ADDED"
"/รับซื้อ/รับซื้อจอเกมมิ่ง-ยโสธร","","(no link)","รับซื้อ โน๊ตบุ๊ค ในยโสธร","/รับซื้อ/รับซื้อโน๊ตบุ๊ค-ยโสธร","รับซื้อ โน๊ตบุ๊ค ในยโสธร","added_sidebar_link_only","Batch 11 selective hub-spoke strengthening","ADDED"
"/รับซื้อ/รับซื้อจอเกมมิ่ง-ยโสธร","","(no link)","รับซื้อ MacBook ในยโสธร","/รับซื้อ/รับซื้อ-macbook-ยโสธร","รับซื้อ MacBook ในยโสธร","added_sidebar_link_only","Batch 11 selective hub-spoke strengthening","ADDED"
"/รับซื้อ/รับซื้อจอเกมมิ่ง-ยโสธร","","(no link)","รับซื้อ คอมพิวเตอร์ ในยโสธร","/รับซื้อ/รับซื้อคอมพิวเตอร์-ยโสธร","รับซื้อ คอมพิวเตอร์ ในยโสธร","added_sidebar_link_only","Batch 11 selective hub-spoke strengthening","ADDED"
"/รับซื้อ/รับซื้อจอเกมมิ่ง-ยโสธร","","(no link)","รับซื้อ iPhone ในยโสธร","/รับซื้อ/รับซื้อ-iphone-ยโสธร","รับซื้อ iPhone ในยโสธร","added_sidebar_link_only","Batch 11 selective hub-spoke strengthening","ADDED"
"/รับซื้อ/รับซื้อจอเกมมิ่ง-ร้อยเอ็ด","","(no link)","รับซื้อ โน๊ตบุ๊ค ในร้อยเอ็ด","/รับซื้อ/รับซื้อโน๊ตบุ๊ค-ร้อยเอ็ด","รับซื้อ โน๊ตบุ๊ค ในร้อยเอ็ด","added_sidebar_link_only","Batch 11 selective hub-spoke strengthening","ADDED"
"/รับซื้อ/รับซื้อจอเกมมิ่ง-ร้อยเอ็ด","","(no link)","รับซื้อ MacBook ในร้อยเอ็ด","/รับซื้อ/รับซื้อ-macbook-ร้อยเอ็ด","รับซื้อ MacBook ในร้อยเอ็ด","added_sidebar_link_only","Batch 11 selective hub-spoke strengthening","ADDED"
"/รับซื้อ/รับซื้อจอเกมมิ่ง-ร้อยเอ็ด","","(no link)","รับซื้อ คอมพิวเตอร์ ในร้อยเอ็ด","/รับซื้อ/รับซื้อคอมพิวเตอร์-ร้อยเอ็ด","รับซื้อ คอมพิวเตอร์ ในร้อยเอ็ด","added_sidebar_link_only","Batch 11 selective hub-spoke strengthening","ADDED"
"/รับซื้อ/รับซื้อจอเกมมิ่ง-ร้อยเอ็ด","","(no link)","รับซื้อ iPhone ในร้อยเอ็ด","/รับซื้อ/รับซื้อ-iphone-ร้อยเอ็ด","รับซื้อ iPhone ในร้อยเอ็ด","added_sidebar_link_only","Batch 11 selective hub-spoke strengthening","ADDED"
"/รับซื้อ/รับซื้อจอเกมมิ่ง-ศรีสะเกษ","","(no link)","รับซื้อ โน๊ตบุ๊ค ในศรีสะเกษ","/รับซื้อ/รับซื้อโน๊ตบุ๊ค-ศรีสะเกษ","รับซื้อ โน๊ตบุ๊ค ในศรีสะเกษ","added_sidebar_link_only","Batch 11 selective hub-spoke strengthening","ADDED"
"/รับซื้อ/รับซื้อจอเกมมิ่ง-ศรีสะเกษ","","(no link)","รับซื้อ MacBook ในศรีสะเกษ","/รับซื้อ/รับซื้อ-macbook-ศรีสะเกษ","รับซื้อ MacBook ในศรีสะเกษ","added_sidebar_link_only","Batch 11 selective hub-spoke strengthening","ADDED"
"/รับซื้อ/รับซื้อจอเกมมิ่ง-ศรีสะเกษ","","(no link)","รับซื้อ คอมพิวเตอร์ ในศรีสะเกษ","/รับซื้อ/รับซื้อคอมพิวเตอร์-ศรีสะเกษ","รับซื้อ คอมพิวเตอร์ ในศรีสะเกษ","added_sidebar_link_only","Batch 11 selective hub-spoke strengthening","ADDED"
"/รับซื้อ/รับซื้อจอเกมมิ่ง-ศรีสะเกษ","","(no link)","รับซื้อ iPhone ในศรีสะเกษ","/รับซื้อ/รับซื้อ-iphone-ศรีสะเกษ","รับซื้อ iPhone ในศรีสะเกษ","added_sidebar_link_only","Batch 11 selective hub-spoke strengthening","ADDED"
"/รับซื้อ/รับซื้อจอเกมมิ่ง-สกลนคร","","(no link)","รับซื้อ โน๊ตบุ๊ค ในสกลนคร","/รับซื้อ/รับซื้อโน๊ตบุ๊ค-สกลนคร","รับซื้อ โน๊ตบุ๊ค ในสกลนคร","added_sidebar_link_only","Batch 11 selective hub-spoke strengthening","ADDED"
"/รับซื้อ/รับซื้อจอเกมมิ่ง-สกลนคร","","(no link)","รับซื้อ MacBook ในสกลนคร","/รับซื้อ/รับซื้อ-macbook-สกลนคร","รับซื้อ MacBook ในสกลนคร","added_sidebar_link_only","Batch 11 selective hub-spoke strengthening","ADDED"
"/รับซื้อ/รับซื้อจอเกมมิ่ง-สกลนคร","","(no link)","รับซื้อ คอมพิวเตอร์ ในสกลนคร","/รับซื้อ/รับซื้อคอมพิวเตอร์-สกลนคร","รับซื้อ คอมพิวเตอร์ ในสกลนคร","added_sidebar_link_only","Batch 11 selective hub-spoke strengthening","ADDED"
"/รับซื้อ/รับซื้อจอเกมมิ่ง-สกลนคร","","(no link)","รับซื้อ iPhone ในสกลนคร","/รับซื้อ/รับซื้อ-iphone-สกลนคร","รับซื้อ iPhone ในสกลนคร","added_sidebar_link_only","Batch 11 selective hub-spoke strengthening","ADDED"
"/รับซื้อ/รับซื้อจอเกมมิ่ง-สุรินทร์","","(no link)","รับซื้อ โน๊ตบุ๊ค ในสุรินทร์","/รับซื้อ/รับซื้อโน๊ตบุ๊ค-สุรินทร์","รับซื้อ โน๊ตบุ๊ค ในสุรินทร์","added_sidebar_link_only","Batch 11 selective hub-spoke strengthening","ADDED"
"/รับซื้อ/รับซื้อจอเกมมิ่ง-สุรินทร์","","(no link)","รับซื้อ MacBook ในสุรินทร์","/รับซื้อ/รับซื้อ-macbook-สุรินทร์","รับซื้อ MacBook ในสุรินทร์","added_sidebar_link_only","Batch 11 selective hub-spoke strengthening","ADDED"
"/รับซื้อ/รับซื้อจอเกมมิ่ง-สุรินทร์","","(no link)","รับซื้อ คอมพิวเตอร์ ในสุรินทร์","/รับซื้อ/รับซื้อคอมพิวเตอร์-สุรินทร์","รับซื้อ คอมพิวเตอร์ ในสุรินทร์","added_sidebar_link_only","Batch 11 selective hub-spoke strengthening","ADDED"
"/รับซื้อ/รับซื้อจอเกมมิ่ง-สุรินทร์","","(no link)","รับซื้อ iPhone ในสุรินทร์","/รับซื้อ/รับซื้อ-iphone-สุรินทร์","รับซื้อ iPhone ในสุรินทร์","added_sidebar_link_only","Batch 11 selective hub-spoke strengthening","ADDED"
"/รับซื้อ/รับซื้อจอเกมมิ่ง-หนองคาย","","(no link)","รับซื้อ โน๊ตบุ๊ค ในหนองคาย","/รับซื้อ/รับซื้อโน๊ตบุ๊ค-หนองคาย","รับซื้อ โน๊ตบุ๊ค ในหนองคาย","added_sidebar_link_only","Batch 11 selective hub-spoke strengthening","ADDED"
"/รับซื้อ/รับซื้อจอเกมมิ่ง-หนองคาย","","(no link)","รับซื้อ MacBook ในหนองคาย","/รับซื้อ/รับซื้อ-macbook-หนองคาย","รับซื้อ MacBook ในหนองคาย","added_sidebar_link_only","Batch 11 selective hub-spoke strengthening","ADDED"
"/รับซื้อ/รับซื้อจอเกมมิ่ง-หนองคาย","","(no link)","รับซื้อ คอมพิวเตอร์ ในหนองคาย","/รับซื้อ/รับซื้อคอมพิวเตอร์-หนองคาย","รับซื้อ คอมพิวเตอร์ ในหนองคาย","added_sidebar_link_only","Batch 11 selective hub-spoke strengthening","ADDED"
"/รับซื้อ/รับซื้อจอเกมมิ่ง-หนองคาย","","(no link)","รับซื้อ iPhone ในหนองคาย","/รับซื้อ/รับซื้อ-iphone-หนองคาย","รับซื้อ iPhone ในหนองคาย","added_sidebar_link_only","Batch 11 selective hub-spoke strengthening","ADDED"
"/รับซื้อ/รับซื้อจอเกมมิ่ง-หนองบัวลำภู","","(no link)","รับซื้อ โน๊ตบุ๊ค ในหนองบัวลำภู","/รับซื้อ/รับซื้อโน๊ตบุ๊ค-หนองบัวลำภู","รับซื้อ โน๊ตบุ๊ค ในหนองบัวลำภู","added_sidebar_link_only","Batch 11 selective hub-spoke strengthening","ADDED"
"/รับซื้อ/รับซื้อจอเกมมิ่ง-หนองบัวลำภู","","(no link)","รับซื้อ MacBook ในหนองบัวลำภู","/รับซื้อ/รับซื้อ-macbook-หนองบัวลำภู","รับซื้อ MacBook ในหนองบัวลำภู","added_sidebar_link_only","Batch 11 selective hub-spoke strengthening","ADDED"
"/รับซื้อ/รับซื้อจอเกมมิ่ง-หนองบัวลำภู","","(no link)","รับซื้อ คอมพิวเตอร์ ในหนองบัวลำภู","/รับซื้อ/รับซื้อคอมพิวเตอร์-หนองบัวลำภู","รับซื้อ คอมพิวเตอร์ ในหนองบัวลำภู","added_sidebar_link_only","Batch 11 selective hub-spoke strengthening","ADDED"
"/รับซื้อ/รับซื้อจอเกมมิ่ง-หนองบัวลำภู","","(no link)","รับซื้อ iPhone ในหนองบัวลำภู","/รับซื้อ/รับซื้อ-iphone-หนองบัวลำภู","รับซื้อ iPhone ในหนองบัวลำภู","added_sidebar_link_only","Batch 11 selective hub-spoke strengthening","ADDED"
"/รับซื้อ/รับซื้อจอเกมมิ่ง-อำนาจเจริญ","","(no link)","รับซื้อ โน๊ตบุ๊ค ในอำนาจเจริญ","/รับซื้อ/รับซื้อโน๊ตบุ๊ค-อำนาจเจริญ","รับซื้อ โน๊ตบุ๊ค ในอำนาจเจริญ","added_sidebar_link_only","Batch 11 selective hub-spoke strengthening","ADDED"
"/รับซื้อ/รับซื้อจอเกมมิ่ง-อำนาจเจริญ","","(no link)","รับซื้อ MacBook ในอำนาจเจริญ","/รับซื้อ/รับซื้อ-macbook-อำนาจเจริญ","รับซื้อ MacBook ในอำนาจเจริญ","added_sidebar_link_only","Batch 11 selective hub-spoke strengthening","ADDED"
"/รับซื้อ/รับซื้อจอเกมมิ่ง-อำนาจเจริญ","","(no link)","รับซื้อ คอมพิวเตอร์ ในอำนาจเจริญ","/รับซื้อ/รับซื้อคอมพิวเตอร์-อำนาจเจริญ","รับซื้อ คอมพิวเตอร์ ในอำนาจเจริญ","added_sidebar_link_only","Batch 11 selective hub-spoke strengthening","ADDED"
"/รับซื้อ/รับซื้อจอเกมมิ่ง-อำนาจเจริญ","","(no link)","รับซื้อ iPhone ในอำนาจเจริญ","/รับซื้อ/รับซื้อ-iphone-อำนาจเจริญ","รับซื้อ iPhone ในอำนาจเจริญ","added_sidebar_link_only","Batch 11 selective hub-spoke strengthening","ADDED"
"/รับซื้อ/รับซื้อจอเกมมิ่ง-อุดรธานี","","(no link)","รับซื้อ โน๊ตบุ๊ค ในอุดรธานี","/รับซื้อ/รับซื้อโน๊ตบุ๊ค-อุดรธานี","รับซื้อ โน๊ตบุ๊ค ในอุดรธานี","added_sidebar_link_only","Batch 11 selective hub-spoke strengthening","ADDED"
"/รับซื้อ/รับซื้อจอเกมมิ่ง-อุดรธานี","","(no link)","รับซื้อ MacBook ในอุดรธานี","/รับซื้อ/รับซื้อ-macbook-อุดรธานี","รับซื้อ MacBook ในอุดรธานี","added_sidebar_link_only","Batch 11 selective hub-spoke strengthening","ADDED"
"/รับซื้อ/รับซื้อจอเกมมิ่ง-อุดรธานี","","(no link)","รับซื้อ คอมพิวเตอร์ ในอุดรธานี","/รับซื้อ/รับซื้อคอมพิวเตอร์-อุดรธานี","รับซื้อ คอมพิวเตอร์ ในอุดรธานี","added_sidebar_link_only","Batch 11 selective hub-spoke strengthening","ADDED"
"/รับซื้อ/รับซื้อจอเกมมิ่ง-อุดรธานี","","(no link)","รับซื้อ iPhone ในอุดรธานี","/รับซื้อ/รับซื้อ-iphone-อุดรธานี","รับซื้อ iPhone ในอุดรธานี","added_sidebar_link_only","Batch 11 selective hub-spoke strengthening","ADDED"
"/รับซื้อ/รับซื้อจอเกมมิ่ง-อุบลราชธานี","","(no link)","รับซื้อโน๊ตบุ๊ค ในอุบลราชธานี","/รับซื้อ/รับซื้อโน๊ตบุ๊ค-อุบลราชธานี","รับซื้อโน๊ตบุ๊ค ในอุบลราชธานี","added_sidebar_link_only","Batch 11 selective hub-spoke strengthening","ADDED"
"/รับซื้อ/รับซื้อจอเกมมิ่ง-อุบลราชธานี","","(no link)","รับซื้อ MacBook ในอุบลราชธานี","/รับซื้อ/รับซื้อ-macbook-อุบลราชธานี","รับซื้อ MacBook ในอุบลราชธานี","added_sidebar_link_only","Batch 11 selective hub-spoke strengthening","ADDED"
"/รับซื้อ/รับซื้อจอเกมมิ่ง-อุบลราชธานี","","(no link)","รับซื้อคอมพิวเตอร์ ในอุบลราชธานี","/รับซื้อ/รับซื้อคอมพิวเตอร์-อุบลราชธานี","รับซื้อคอมพิวเตอร์ ในอุบลราชธานี","added_sidebar_link_only","Batch 11 selective hub-spoke strengthening","ADDED"
"/รับซื้อ/รับซื้อจอเกมมิ่ง-อุบลราชธานี","","(no link)","รับซื้อ iPhone ในอุบลราชธานี","/รับซื้อ/รับซื้อ-iphone-อุบลราชธานี","รับซื้อ iPhone ในอุบลราชธานี","added_sidebar_link_only","Batch 11 selective hub-spoke strengthening","ADDED"
"/รับซื้อ/รับซื้อจอเกมมิ่ง-เลย","","(no link)","รับซื้อ โน๊ตบุ๊ค ในเลย","/รับซื้อ/รับซื้อโน๊ตบุ๊ค-เลย","รับซื้อ โน๊ตบุ๊ค ในเลย","added_sidebar_link_only","Batch 11 selective hub-spoke strengthening","ADDED"
"/รับซื้อ/รับซื้อจอเกมมิ่ง-เลย","","(no link)","รับซื้อ MacBook ในเลย","/รับซื้อ/รับซื้อ-macbook-เลย","รับซื้อ MacBook ในเลย","added_sidebar_link_only","Batch 11 selective hub-spoke strengthening","ADDED"
"/รับซื้อ/รับซื้อจอเกมมิ่ง-เลย","","(no link)","รับซื้อ คอมพิวเตอร์ ในเลย","/รับซื้อ/รับซื้อคอมพิวเตอร์-เลย","รับซื้อ คอมพิวเตอร์ ในเลย","added_sidebar_link_only","Batch 11 selective hub-spoke strengthening","ADDED"
"/รับซื้อ/รับซื้อจอเกมมิ่ง-เลย","","(no link)","รับซื้อ iPhone ในเลย","/รับซื้อ/รับซื้อ-iphone-เลย","รับซื้อ iPhone ในเลย","added_sidebar_link_only","Batch 11 selective hub-spoke strengthening","ADDED"
"/รับซื้อ/รับซื้อซีพียู-กาฬสินธุ์","","(no link)","รับซื้อ โน๊ตบุ๊ค ในกาฬสินธุ์","/รับซื้อ/รับซื้อโน๊ตบุ๊ค-กาฬสินธุ์","รับซื้อ โน๊ตบุ๊ค ในกาฬสินธุ์","added_sidebar_link_only","Batch 11 selective hub-spoke strengthening","ADDED"
"/รับซื้อ/รับซื้อซีพียู-กาฬสินธุ์","","(no link)","รับซื้อ MacBook ในกาฬสินธุ์","/รับซื้อ/รับซื้อ-macbook-กาฬสินธุ์","รับซื้อ MacBook ในกาฬสินธุ์","added_sidebar_link_only","Batch 11 selective hub-spoke strengthening","ADDED"
"/รับซื้อ/รับซื้อซีพียู-กาฬสินธุ์","","(no link)","รับซื้อ คอมพิวเตอร์ ในกาฬสินธุ์","/รับซื้อ/รับซื้อคอมพิวเตอร์-กาฬสินธุ์","รับซื้อ คอมพิวเตอร์ ในกาฬสินธุ์","added_sidebar_link_only","Batch 11 selective hub-spoke strengthening","ADDED"
"/รับซื้อ/รับซื้อซีพียู-กาฬสินธุ์","","(no link)","รับซื้อ iPhone ในกาฬสินธุ์","/รับซื้อ/รับซื้อ-iphone-กาฬสินธุ์","รับซื้อ iPhone ในกาฬสินธุ์","added_sidebar_link_only","Batch 11 selective hub-spoke strengthening","ADDED"
"/รับซื้อ/รับซื้อซีพียู-ขอนแก่น","","(no link)","รับซื้อ โน๊ตบุ๊ค ในขอนแก่น","/รับซื้อ/รับซื้อโน๊ตบุ๊ค-ขอนแก่น","รับซื้อ โน๊ตบุ๊ค ในขอนแก่น","added_sidebar_link_only","Batch 11 selective hub-spoke strengthening","ADDED"
"/รับซื้อ/รับซื้อซีพียู-ขอนแก่น","","(no link)","รับซื้อ MacBook ในขอนแก่น","/รับซื้อ/รับซื้อ-macbook-ขอนแก่น","รับซื้อ MacBook ในขอนแก่น","added_sidebar_link_only","Batch 11 selective hub-spoke strengthening","ADDED"
"/รับซื้อ/รับซื้อซีพียู-ขอนแก่น","","(no link)","รับซื้อ คอมพิวเตอร์ ในขอนแก่น","/รับซื้อ/รับซื้อคอมพิวเตอร์-ขอนแก่น","รับซื้อ คอมพิวเตอร์ ในขอนแก่น","added_sidebar_link_only","Batch 11 selective hub-spoke strengthening","ADDED"
"/รับซื้อ/รับซื้อซีพียู-ขอนแก่น","","(no link)","รับซื้อ iPhone ในขอนแก่น","/รับซื้อ/รับซื้อ-iphone-ขอนแก่น","รับซื้อ iPhone ในขอนแก่น","added_sidebar_link_only","Batch 11 selective hub-spoke strengthening","ADDED"
"/รับซื้อ/รับซื้อซีพียู-ชัยภูมิ","","(no link)","รับซื้อ โน๊ตบุ๊ค ในชัยภูมิ","/รับซื้อ/รับซื้อโน๊ตบุ๊ค-ชัยภูมิ","รับซื้อ โน๊ตบุ๊ค ในชัยภูมิ","added_sidebar_link_only","Batch 11 selective hub-spoke strengthening","ADDED"
"/รับซื้อ/รับซื้อซีพียู-ชัยภูมิ","","(no link)","รับซื้อ MacBook ในชัยภูมิ","/รับซื้อ/รับซื้อ-macbook-ชัยภูมิ","รับซื้อ MacBook ในชัยภูมิ","added_sidebar_link_only","Batch 11 selective hub-spoke strengthening","ADDED"
"/รับซื้อ/รับซื้อซีพียู-ชัยภูมิ","","(no link)","รับซื้อ คอมพิวเตอร์ ในชัยภูมิ","/รับซื้อ/รับซื้อคอมพิวเตอร์-ชัยภูมิ","รับซื้อ คอมพิวเตอร์ ในชัยภูมิ","added_sidebar_link_only","Batch 11 selective hub-spoke strengthening","ADDED"
"/รับซื้อ/รับซื้อซีพียู-ชัยภูมิ","","(no link)","รับซื้อ iPhone ในชัยภูมิ","/รับซื้อ/รับซื้อ-iphone-ชัยภูมิ","รับซื้อ iPhone ในชัยภูมิ","added_sidebar_link_only","Batch 11 selective hub-spoke strengthening","ADDED"
"/รับซื้อ/รับซื้อซีพียู-นครพนม","","(no link)","รับซื้อ โน๊ตบุ๊ค ในนครพนม","/รับซื้อ/รับซื้อโน๊ตบุ๊ค-นครพนม","รับซื้อ โน๊ตบุ๊ค ในนครพนม","added_sidebar_link_only","Batch 11 selective hub-spoke strengthening","ADDED"
"/รับซื้อ/รับซื้อซีพียู-นครพนม","","(no link)","รับซื้อ MacBook ในนครพนม","/รับซื้อ/รับซื้อ-macbook-นครพนม","รับซื้อ MacBook ในนครพนม","added_sidebar_link_only","Batch 11 selective hub-spoke strengthening","ADDED"
"/รับซื้อ/รับซื้อซีพียู-นครพนม","","(no link)","รับซื้อ คอมพิวเตอร์ ในนครพนม","/รับซื้อ/รับซื้อคอมพิวเตอร์-นครพนม","รับซื้อ คอมพิวเตอร์ ในนครพนม","added_sidebar_link_only","Batch 11 selective hub-spoke strengthening","ADDED"
"/รับซื้อ/รับซื้อซีพียู-นครพนม","","(no link)","รับซื้อ iPhone ในนครพนม","/รับซื้อ/รับซื้อ-iphone-นครพนม","รับซื้อ iPhone ในนครพนม","added_sidebar_link_only","Batch 11 selective hub-spoke strengthening","ADDED"
"/รับซื้อ/รับซื้อซีพียู-นครราชสีมา","","(no link)","รับซื้อ โน๊ตบุ๊ค ในนครราชสีมา","/รับซื้อ/รับซื้อโน๊ตบุ๊ค-นครราชสีมา","รับซื้อ โน๊ตบุ๊ค ในนครราชสีมา","added_sidebar_link_only","Batch 11 selective hub-spoke strengthening","ADDED"
"/รับซื้อ/รับซื้อซีพียู-นครราชสีมา","","(no link)","รับซื้อ MacBook ในนครราชสีมา","/รับซื้อ/รับซื้อ-macbook-นครราชสีมา","รับซื้อ MacBook ในนครราชสีมา","added_sidebar_link_only","Batch 11 selective hub-spoke strengthening","ADDED"
"/รับซื้อ/รับซื้อซีพียู-นครราชสีมา","","(no link)","รับซื้อ คอมพิวเตอร์ ในนครราชสีมา","/รับซื้อ/รับซื้อคอมพิวเตอร์-นครราชสีมา","รับซื้อ คอมพิวเตอร์ ในนครราชสีมา","added_sidebar_link_only","Batch 11 selective hub-spoke strengthening","ADDED"
"/รับซื้อ/รับซื้อซีพียู-นครราชสีมา","","(no link)","รับซื้อ iPhone ในนครราชสีมา","/รับซื้อ/รับซื้อ-iphone-นครราชสีมา","รับซื้อ iPhone ในนครราชสีมา","added_sidebar_link_only","Batch 11 selective hub-spoke strengthening","ADDED"
"/รับซื้อ/รับซื้อซีพียู-บึงกาฬ","","(no link)","รับซื้อ โน๊ตบุ๊ค ในบึงกาฬ","/รับซื้อ/รับซื้อโน๊ตบุ๊ค-บึงกาฬ","รับซื้อ โน๊ตบุ๊ค ในบึงกาฬ","added_sidebar_link_only","Batch 11 selective hub-spoke strengthening","ADDED"
"/รับซื้อ/รับซื้อซีพียู-บึงกาฬ","","(no link)","รับซื้อ MacBook ในบึงกาฬ","/รับซื้อ/รับซื้อ-macbook-บึงกาฬ","รับซื้อ MacBook ในบึงกาฬ","added_sidebar_link_only","Batch 11 selective hub-spoke strengthening","ADDED"
"/รับซื้อ/รับซื้อซีพียู-บึงกาฬ","","(no link)","รับซื้อ คอมพิวเตอร์ ในบึงกาฬ","/รับซื้อ/รับซื้อคอมพิวเตอร์-บึงกาฬ","รับซื้อ คอมพิวเตอร์ ในบึงกาฬ","added_sidebar_link_only","Batch 11 selective hub-spoke strengthening","ADDED"
"/รับซื้อ/รับซื้อซีพียู-บึงกาฬ","","(no link)","รับซื้อ iPhone ในบึงกาฬ","/รับซื้อ/รับซื้อ-iphone-บึงกาฬ","รับซื้อ iPhone ในบึงกาฬ","added_sidebar_link_only","Batch 11 selective hub-spoke strengthening","ADDED"
"/รับซื้อ/รับซื้อซีพียู-บุรีรัมย์","","(no link)","รับซื้อ โน๊ตบุ๊ค ในบุรีรัมย์","/รับซื้อ/รับซื้อโน๊ตบุ๊ค-บุรีรัมย์","รับซื้อ โน๊ตบุ๊ค ในบุรีรัมย์","added_sidebar_link_only","Batch 11 selective hub-spoke strengthening","ADDED"
"/รับซื้อ/รับซื้อซีพียู-บุรีรัมย์","","(no link)","รับซื้อ MacBook ในบุรีรัมย์","/รับซื้อ/รับซื้อ-macbook-บุรีรัมย์","รับซื้อ MacBook ในบุรีรัมย์","added_sidebar_link_only","Batch 11 selective hub-spoke strengthening","ADDED"
"/รับซื้อ/รับซื้อซีพียู-บุรีรัมย์","","(no link)","รับซื้อ คอมพิวเตอร์ ในบุรีรัมย์","/รับซื้อ/รับซื้อคอมพิวเตอร์-บุรีรัมย์","รับซื้อ คอมพิวเตอร์ ในบุรีรัมย์","added_sidebar_link_only","Batch 11 selective hub-spoke strengthening","ADDED"
"/รับซื้อ/รับซื้อซีพียู-บุรีรัมย์","","(no link)","รับซื้อ iPhone ในบุรีรัมย์","/รับซื้อ/รับซื้อ-iphone-บุรีรัมย์","รับซื้อ iPhone ในบุรีรัมย์","added_sidebar_link_only","Batch 11 selective hub-spoke strengthening","ADDED"
"/รับซื้อ/รับซื้อซีพียู-มหาสารคาม","","(no link)","รับซื้อ โน๊ตบุ๊ค ในมหาสารคาม","/รับซื้อ/รับซื้อโน๊ตบุ๊ค-มหาสารคาม","รับซื้อ โน๊ตบุ๊ค ในมหาสารคาม","added_sidebar_link_only","Batch 11 selective hub-spoke strengthening","ADDED"
"/รับซื้อ/รับซื้อซีพียู-มหาสารคาม","","(no link)","รับซื้อ MacBook ในมหาสารคาม","/รับซื้อ/รับซื้อ-macbook-มหาสารคาม","รับซื้อ MacBook ในมหาสารคาม","added_sidebar_link_only","Batch 11 selective hub-spoke strengthening","ADDED"
"/รับซื้อ/รับซื้อซีพียู-มหาสารคาม","","(no link)","รับซื้อ คอมพิวเตอร์ ในมหาสารคาม","/รับซื้อ/รับซื้อคอมพิวเตอร์-มหาสารคาม","รับซื้อ คอมพิวเตอร์ ในมหาสารคาม","added_sidebar_link_only","Batch 11 selective hub-spoke strengthening","ADDED"
"/รับซื้อ/รับซื้อซีพียู-มหาสารคาม","","(no link)","รับซื้อ iPhone ในมหาสารคาม","/รับซื้อ/รับซื้อ-iphone-มหาสารคาม","รับซื้อ iPhone ในมหาสารคาม","added_sidebar_link_only","Batch 11 selective hub-spoke strengthening","ADDED"
"/รับซื้อ/รับซื้อซีพียู-มุกดาหาร","","(no link)","รับซื้อ โน๊ตบุ๊ค ในมุกดาหาร","/รับซื้อ/รับซื้อโน๊ตบุ๊ค-มุกดาหาร","รับซื้อ โน๊ตบุ๊ค ในมุกดาหาร","added_sidebar_link_only","Batch 11 selective hub-spoke strengthening","ADDED"
"/รับซื้อ/รับซื้อซีพียู-มุกดาหาร","","(no link)","รับซื้อ MacBook ในมุกดาหาร","/รับซื้อ/รับซื้อ-macbook-มุกดาหาร","รับซื้อ MacBook ในมุกดาหาร","added_sidebar_link_only","Batch 11 selective hub-spoke strengthening","ADDED"
"/รับซื้อ/รับซื้อซีพียู-มุกดาหาร","","(no link)","รับซื้อ คอมพิวเตอร์ ในมุกดาหาร","/รับซื้อ/รับซื้อคอมพิวเตอร์-มุกดาหาร","รับซื้อ คอมพิวเตอร์ ในมุกดาหาร","added_sidebar_link_only","Batch 11 selective hub-spoke strengthening","ADDED"
"/รับซื้อ/รับซื้อซีพียู-มุกดาหาร","","(no link)","รับซื้อ iPhone ในมุกดาหาร","/รับซื้อ/รับซื้อ-iphone-มุกดาหาร","รับซื้อ iPhone ในมุกดาหาร","added_sidebar_link_only","Batch 11 selective hub-spoke strengthening","ADDED"
"/รับซื้อ/รับซื้อซีพียู-ยโสธร","","(no link)","รับซื้อ โน๊ตบุ๊ค ในยโสธร","/รับซื้อ/รับซื้อโน๊ตบุ๊ค-ยโสธร","รับซื้อ โน๊ตบุ๊ค ในยโสธร","added_sidebar_link_only","Batch 11 selective hub-spoke strengthening","ADDED"
"/รับซื้อ/รับซื้อซีพียู-ยโสธร","","(no link)","รับซื้อ MacBook ในยโสธร","/รับซื้อ/รับซื้อ-macbook-ยโสธร","รับซื้อ MacBook ในยโสธร","added_sidebar_link_only","Batch 11 selective hub-spoke strengthening","ADDED"
"/รับซื้อ/รับซื้อซีพียู-ยโสธร","","(no link)","รับซื้อ คอมพิวเตอร์ ในยโสธร","/รับซื้อ/รับซื้อคอมพิวเตอร์-ยโสธร","รับซื้อ คอมพิวเตอร์ ในยโสธร","added_sidebar_link_only","Batch 11 selective hub-spoke strengthening","ADDED"
"/รับซื้อ/รับซื้อซีพียู-ยโสธร","","(no link)","รับซื้อ iPhone ในยโสธร","/รับซื้อ/รับซื้อ-iphone-ยโสธร","รับซื้อ iPhone ในยโสธร","added_sidebar_link_only","Batch 11 selective hub-spoke strengthening","ADDED"
"/รับซื้อ/รับซื้อซีพียู-ร้อยเอ็ด","","(no link)","รับซื้อ โน๊ตบุ๊ค ในร้อยเอ็ด","/รับซื้อ/รับซื้อโน๊ตบุ๊ค-ร้อยเอ็ด","รับซื้อ โน๊ตบุ๊ค ในร้อยเอ็ด","added_sidebar_link_only","Batch 11 selective hub-spoke strengthening","ADDED"
"/รับซื้อ/รับซื้อซีพียู-ร้อยเอ็ด","","(no link)","รับซื้อ MacBook ในร้อยเอ็ด","/รับซื้อ/รับซื้อ-macbook-ร้อยเอ็ด","รับซื้อ MacBook ในร้อยเอ็ด","added_sidebar_link_only","Batch 11 selective hub-spoke strengthening","ADDED"
"/รับซื้อ/รับซื้อซีพียู-ร้อยเอ็ด","","(no link)","รับซื้อ คอมพิวเตอร์ ในร้อยเอ็ด","/รับซื้อ/รับซื้อคอมพิวเตอร์-ร้อยเอ็ด","รับซื้อ คอมพิวเตอร์ ในร้อยเอ็ด","added_sidebar_link_only","Batch 11 selective hub-spoke strengthening","ADDED"
"/รับซื้อ/รับซื้อซีพียู-ร้อยเอ็ด","","(no link)","รับซื้อ iPhone ในร้อยเอ็ด","/รับซื้อ/รับซื้อ-iphone-ร้อยเอ็ด","รับซื้อ iPhone ในร้อยเอ็ด","added_sidebar_link_only","Batch 11 selective hub-spoke strengthening","ADDED"
"/รับซื้อ/รับซื้อซีพียู-ศรีสะเกษ","","(no link)","รับซื้อ โน๊ตบุ๊ค ในศรีสะเกษ","/รับซื้อ/รับซื้อโน๊ตบุ๊ค-ศรีสะเกษ","รับซื้อ โน๊ตบุ๊ค ในศรีสะเกษ","added_sidebar_link_only","Batch 11 selective hub-spoke strengthening","ADDED"
"/รับซื้อ/รับซื้อซีพียู-ศรีสะเกษ","","(no link)","รับซื้อ MacBook ในศรีสะเกษ","/รับซื้อ/รับซื้อ-macbook-ศรีสะเกษ","รับซื้อ MacBook ในศรีสะเกษ","added_sidebar_link_only","Batch 11 selective hub-spoke strengthening","ADDED"
"/รับซื้อ/รับซื้อซีพียู-ศรีสะเกษ","","(no link)","รับซื้อ คอมพิวเตอร์ ในศรีสะเกษ","/รับซื้อ/รับซื้อคอมพิวเตอร์-ศรีสะเกษ","รับซื้อ คอมพิวเตอร์ ในศรีสะเกษ","added_sidebar_link_only","Batch 11 selective hub-spoke strengthening","ADDED"
"/รับซื้อ/รับซื้อซีพียู-ศรีสะเกษ","","(no link)","รับซื้อ iPhone ในศรีสะเกษ","/รับซื้อ/รับซื้อ-iphone-ศรีสะเกษ","รับซื้อ iPhone ในศรีสะเกษ","added_sidebar_link_only","Batch 11 selective hub-spoke strengthening","ADDED"
"/รับซื้อ/รับซื้อซีพียู-สกลนคร","","(no link)","รับซื้อ โน๊ตบุ๊ค ในสกลนคร","/รับซื้อ/รับซื้อโน๊ตบุ๊ค-สกลนคร","รับซื้อ โน๊ตบุ๊ค ในสกลนคร","added_sidebar_link_only","Batch 11 selective hub-spoke strengthening","ADDED"
"/รับซื้อ/รับซื้อซีพียู-สกลนคร","","(no link)","รับซื้อ MacBook ในสกลนคร","/รับซื้อ/รับซื้อ-macbook-สกลนคร","รับซื้อ MacBook ในสกลนคร","added_sidebar_link_only","Batch 11 selective hub-spoke strengthening","ADDED"
"/รับซื้อ/รับซื้อซีพียู-สกลนคร","","(no link)","รับซื้อ คอมพิวเตอร์ ในสกลนคร","/รับซื้อ/รับซื้อคอมพิวเตอร์-สกลนคร","รับซื้อ คอมพิวเตอร์ ในสกลนคร","added_sidebar_link_only","Batch 11 selective hub-spoke strengthening","ADDED"
"/รับซื้อ/รับซื้อซีพียู-สกลนคร","","(no link)","รับซื้อ iPhone ในสกลนคร","/รับซื้อ/รับซื้อ-iphone-สกลนคร","รับซื้อ iPhone ในสกลนคร","added_sidebar_link_only","Batch 11 selective hub-spoke strengthening","ADDED"
"/รับซื้อ/รับซื้อซีพียู-สุรินทร์","","(no link)","รับซื้อ โน๊ตบุ๊ค ในสุรินทร์","/รับซื้อ/รับซื้อโน๊ตบุ๊ค-สุรินทร์","รับซื้อ โน๊ตบุ๊ค ในสุรินทร์","added_sidebar_link_only","Batch 11 selective hub-spoke strengthening","ADDED"
"/รับซื้อ/รับซื้อซีพียู-สุรินทร์","","(no link)","รับซื้อ MacBook ในสุรินทร์","/รับซื้อ/รับซื้อ-macbook-สุรินทร์","รับซื้อ MacBook ในสุรินทร์","added_sidebar_link_only","Batch 11 selective hub-spoke strengthening","ADDED"
"/รับซื้อ/รับซื้อซีพียู-สุรินทร์","","(no link)","รับซื้อ คอมพิวเตอร์ ในสุรินทร์","/รับซื้อ/รับซื้อคอมพิวเตอร์-สุรินทร์","รับซื้อ คอมพิวเตอร์ ในสุรินทร์","added_sidebar_link_only","Batch 11 selective hub-spoke strengthening","ADDED"
"/รับซื้อ/รับซื้อซีพียู-สุรินทร์","","(no link)","รับซื้อ iPhone ในสุรินทร์","/รับซื้อ/รับซื้อ-iphone-สุรินทร์","รับซื้อ iPhone ในสุรินทร์","added_sidebar_link_only","Batch 11 selective hub-spoke strengthening","ADDED"
"/รับซื้อ/รับซื้อซีพียู-หนองคาย","","(no link)","รับซื้อ โน๊ตบุ๊ค ในหนองคาย","/รับซื้อ/รับซื้อโน๊ตบุ๊ค-หนองคาย","รับซื้อ โน๊ตบุ๊ค ในหนองคาย","added_sidebar_link_only","Batch 11 selective hub-spoke strengthening","ADDED"
"/รับซื้อ/รับซื้อซีพียู-หนองคาย","","(no link)","รับซื้อ MacBook ในหนองคาย","/รับซื้อ/รับซื้อ-macbook-หนองคาย","รับซื้อ MacBook ในหนองคาย","added_sidebar_link_only","Batch 11 selective hub-spoke strengthening","ADDED"
"/รับซื้อ/รับซื้อซีพียู-หนองคาย","","(no link)","รับซื้อ คอมพิวเตอร์ ในหนองคาย","/รับซื้อ/รับซื้อคอมพิวเตอร์-หนองคาย","รับซื้อ คอมพิวเตอร์ ในหนองคาย","added_sidebar_link_only","Batch 11 selective hub-spoke strengthening","ADDED"
"/รับซื้อ/รับซื้อซีพียู-หนองคาย","","(no link)","รับซื้อ iPhone ในหนองคาย","/รับซื้อ/รับซื้อ-iphone-หนองคาย","รับซื้อ iPhone ในหนองคาย","added_sidebar_link_only","Batch 11 selective hub-spoke strengthening","ADDED"
"/รับซื้อ/รับซื้อซีพียู-หนองบัวลำภู","","(no link)","รับซื้อ โน๊ตบุ๊ค ในหนองบัวลำภู","/รับซื้อ/รับซื้อโน๊ตบุ๊ค-หนองบัวลำภู","รับซื้อ โน๊ตบุ๊ค ในหนองบัวลำภู","added_sidebar_link_only","Batch 11 selective hub-spoke strengthening","ADDED"
"/รับซื้อ/รับซื้อซีพียู-หนองบัวลำภู","","(no link)","รับซื้อ MacBook ในหนองบัวลำภู","/รับซื้อ/รับซื้อ-macbook-หนองบัวลำภู","รับซื้อ MacBook ในหนองบัวลำภู","added_sidebar_link_only","Batch 11 selective hub-spoke strengthening","ADDED"
"/รับซื้อ/รับซื้อซีพียู-หนองบัวลำภู","","(no link)","รับซื้อ คอมพิวเตอร์ ในหนองบัวลำภู","/รับซื้อ/รับซื้อคอมพิวเตอร์-หนองบัวลำภู","รับซื้อ คอมพิวเตอร์ ในหนองบัวลำภู","added_sidebar_link_only","Batch 11 selective hub-spoke strengthening","ADDED"
"/รับซื้อ/รับซื้อซีพียู-หนองบัวลำภู","","(no link)","รับซื้อ iPhone ในหนองบัวลำภู","/รับซื้อ/รับซื้อ-iphone-หนองบัวลำภู","รับซื้อ iPhone ในหนองบัวลำภู","added_sidebar_link_only","Batch 11 selective hub-spoke strengthening","ADDED"
"/รับซื้อ/รับซื้อซีพียู-อำนาจเจริญ","","(no link)","รับซื้อ โน๊ตบุ๊ค ในอำนาจเจริญ","/รับซื้อ/รับซื้อโน๊ตบุ๊ค-อำนาจเจริญ","รับซื้อ โน๊ตบุ๊ค ในอำนาจเจริญ","added_sidebar_link_only","Batch 11 selective hub-spoke strengthening","ADDED"
"/รับซื้อ/รับซื้อซีพียู-อำนาจเจริญ","","(no link)","รับซื้อ MacBook ในอำนาจเจริญ","/รับซื้อ/รับซื้อ-macbook-อำนาจเจริญ","รับซื้อ MacBook ในอำนาจเจริญ","added_sidebar_link_only","Batch 11 selective hub-spoke strengthening","ADDED"
"/รับซื้อ/รับซื้อซีพียู-อำนาจเจริญ","","(no link)","รับซื้อ คอมพิวเตอร์ ในอำนาจเจริญ","/รับซื้อ/รับซื้อคอมพิวเตอร์-อำนาจเจริญ","รับซื้อ คอมพิวเตอร์ ในอำนาจเจริญ","added_sidebar_link_only","Batch 11 selective hub-spoke strengthening","ADDED"
"/รับซื้อ/รับซื้อซีพียู-อำนาจเจริญ","","(no link)","รับซื้อ iPhone ในอำนาจเจริญ","/รับซื้อ/รับซื้อ-iphone-อำนาจเจริญ","รับซื้อ iPhone ในอำนาจเจริญ","added_sidebar_link_only","Batch 11 selective hub-spoke strengthening","ADDED"
"/รับซื้อ/รับซื้อซีพียู-อุดรธานี","","(no link)","รับซื้อ โน๊ตบุ๊ค ในอุดรธานี","/รับซื้อ/รับซื้อโน๊ตบุ๊ค-อุดรธานี","รับซื้อ โน๊ตบุ๊ค ในอุดรธานี","added_sidebar_link_only","Batch 11 selective hub-spoke strengthening","ADDED"
"/รับซื้อ/รับซื้อซีพียู-อุดรธานี","","(no link)","รับซื้อ MacBook ในอุดรธานี","/รับซื้อ/รับซื้อ-macbook-อุดรธานี","รับซื้อ MacBook ในอุดรธานี","added_sidebar_link_only","Batch 11 selective hub-spoke strengthening","ADDED"
"/รับซื้อ/รับซื้อซีพียู-อุดรธานี","","(no link)","รับซื้อ คอมพิวเตอร์ ในอุดรธานี","/รับซื้อ/รับซื้อคอมพิวเตอร์-อุดรธานี","รับซื้อ คอมพิวเตอร์ ในอุดรธานี","added_sidebar_link_only","Batch 11 selective hub-spoke strengthening","ADDED"
"/รับซื้อ/รับซื้อซีพียู-อุดรธานี","","(no link)","รับซื้อ iPhone ในอุดรธานี","/รับซื้อ/รับซื้อ-iphone-อุดรธานี","รับซื้อ iPhone ในอุดรธานี","added_sidebar_link_only","Batch 11 selective hub-spoke strengthening","ADDED"
"/รับซื้อ/รับซื้อซีพียู-อุบลราชธานี","","(no link)","รับซื้อโน๊ตบุ๊ค ในอุบลราชธานี","/รับซื้อ/รับซื้อโน๊ตบุ๊ค-อุบลราชธานี","รับซื้อโน๊ตบุ๊ค ในอุบลราชธานี","added_sidebar_link_only","Batch 11 selective hub-spoke strengthening","ADDED"
"/รับซื้อ/รับซื้อซีพียู-อุบลราชธานี","","(no link)","รับซื้อ MacBook ในอุบลราชธานี","/รับซื้อ/รับซื้อ-macbook-อุบลราชธานี","รับซื้อ MacBook ในอุบลราชธานี","added_sidebar_link_only","Batch 11 selective hub-spoke strengthening","ADDED"
"/รับซื้อ/รับซื้อซีพียู-อุบลราชธานี","","(no link)","รับซื้อคอมพิวเตอร์ ในอุบลราชธานี","/รับซื้อ/รับซื้อคอมพิวเตอร์-อุบลราชธานี","รับซื้อคอมพิวเตอร์ ในอุบลราชธานี","added_sidebar_link_only","Batch 11 selective hub-spoke strengthening","ADDED"
"/รับซื้อ/รับซื้อซีพียู-อุบลราชธานี","","(no link)","รับซื้อ iPhone ในอุบลราชธานี","/รับซื้อ/รับซื้อ-iphone-อุบลราชธานี","รับซื้อ iPhone ในอุบลราชธานี","added_sidebar_link_only","Batch 11 selective hub-spoke strengthening","ADDED"
"/รับซื้อ/รับซื้อซีพียู-เลย","","(no link)","รับซื้อ โน๊ตบุ๊ค ในเลย","/รับซื้อ/รับซื้อโน๊ตบุ๊ค-เลย","รับซื้อ โน๊ตบุ๊ค ในเลย","added_sidebar_link_only","Batch 11 selective hub-spoke strengthening","ADDED"
"/รับซื้อ/รับซื้อซีพียู-เลย","","(no link)","รับซื้อ MacBook ในเลย","/รับซื้อ/รับซื้อ-macbook-เลย","รับซื้อ MacBook ในเลย","added_sidebar_link_only","Batch 11 selective hub-spoke strengthening","ADDED"
"/รับซื้อ/รับซื้อซีพียู-เลย","","(no link)","รับซื้อ คอมพิวเตอร์ ในเลย","/รับซื้อ/รับซื้อคอมพิวเตอร์-เลย","รับซื้อ คอมพิวเตอร์ ในเลย","added_sidebar_link_only","Batch 11 selective hub-spoke strengthening","ADDED"
"/รับซื้อ/รับซื้อซีพียู-เลย","","(no link)","รับซื้อ iPhone ในเลย","/รับซื้อ/รับซื้อ-iphone-เลย","รับซื้อ iPhone ในเลย","added_sidebar_link_only","Batch 11 selective hub-spoke strengthening","ADDED"
"/รับซื้อ/รับซื้อสินค้าไอที-กาฬสินธุ์","","(no link)","รับซื้อ โน๊ตบุ๊ค ในกาฬสินธุ์","/รับซื้อ/รับซื้อโน๊ตบุ๊ค-กาฬสินธุ์","รับซื้อ โน๊ตบุ๊ค ในกาฬสินธุ์","added_sidebar_link_only","Batch 11 selective hub-spoke strengthening","ADDED"
"/รับซื้อ/รับซื้อสินค้าไอที-กาฬสินธุ์","","(no link)","รับซื้อ MacBook ในกาฬสินธุ์","/รับซื้อ/รับซื้อ-macbook-กาฬสินธุ์","รับซื้อ MacBook ในกาฬสินธุ์","added_sidebar_link_only","Batch 11 selective hub-spoke strengthening","ADDED"
"/รับซื้อ/รับซื้อสินค้าไอที-กาฬสินธุ์","","(no link)","รับซื้อ คอมพิวเตอร์ ในกาฬสินธุ์","/รับซื้อ/รับซื้อคอมพิวเตอร์-กาฬสินธุ์","รับซื้อ คอมพิวเตอร์ ในกาฬสินธุ์","added_sidebar_link_only","Batch 11 selective hub-spoke strengthening","ADDED"
"/รับซื้อ/รับซื้อสินค้าไอที-กาฬสินธุ์","","(no link)","รับซื้อ iPhone ในกาฬสินธุ์","/รับซื้อ/รับซื้อ-iphone-กาฬสินธุ์","รับซื้อ iPhone ในกาฬสินธุ์","added_sidebar_link_only","Batch 11 selective hub-spoke strengthening","ADDED"
"/รับซื้อ/รับซื้อสินค้าไอที-ขอนแก่น","","(no link)","รับซื้อ โน๊ตบุ๊ค ในขอนแก่น","/รับซื้อ/รับซื้อโน๊ตบุ๊ค-ขอนแก่น","รับซื้อ โน๊ตบุ๊ค ในขอนแก่น","added_sidebar_link_only","Batch 11 selective hub-spoke strengthening","ADDED"
"/รับซื้อ/รับซื้อสินค้าไอที-ขอนแก่น","","(no link)","รับซื้อ MacBook ในขอนแก่น","/รับซื้อ/รับซื้อ-macbook-ขอนแก่น","รับซื้อ MacBook ในขอนแก่น","added_sidebar_link_only","Batch 11 selective hub-spoke strengthening","ADDED"
"/รับซื้อ/รับซื้อสินค้าไอที-ขอนแก่น","","(no link)","รับซื้อ คอมพิวเตอร์ ในขอนแก่น","/รับซื้อ/รับซื้อคอมพิวเตอร์-ขอนแก่น","รับซื้อ คอมพิวเตอร์ ในขอนแก่น","added_sidebar_link_only","Batch 11 selective hub-spoke strengthening","ADDED"
"/รับซื้อ/รับซื้อสินค้าไอที-ขอนแก่น","","(no link)","รับซื้อ iPhone ในขอนแก่น","/รับซื้อ/รับซื้อ-iphone-ขอนแก่น","รับซื้อ iPhone ในขอนแก่น","added_sidebar_link_only","Batch 11 selective hub-spoke strengthening","ADDED"
"/รับซื้อ/รับซื้อสินค้าไอที-ชัยภูมิ","","(no link)","รับซื้อ โน๊ตบุ๊ค ในชัยภูมิ","/รับซื้อ/รับซื้อโน๊ตบุ๊ค-ชัยภูมิ","รับซื้อ โน๊ตบุ๊ค ในชัยภูมิ","added_sidebar_link_only","Batch 11 selective hub-spoke strengthening","ADDED"
"/รับซื้อ/รับซื้อสินค้าไอที-ชัยภูมิ","","(no link)","รับซื้อ MacBook ในชัยภูมิ","/รับซื้อ/รับซื้อ-macbook-ชัยภูมิ","รับซื้อ MacBook ในชัยภูมิ","added_sidebar_link_only","Batch 11 selective hub-spoke strengthening","ADDED"
"/รับซื้อ/รับซื้อสินค้าไอที-ชัยภูมิ","","(no link)","รับซื้อ คอมพิวเตอร์ ในชัยภูมิ","/รับซื้อ/รับซื้อคอมพิวเตอร์-ชัยภูมิ","รับซื้อ คอมพิวเตอร์ ในชัยภูมิ","added_sidebar_link_only","Batch 11 selective hub-spoke strengthening","ADDED"
"/รับซื้อ/รับซื้อสินค้าไอที-ชัยภูมิ","","(no link)","รับซื้อ iPhone ในชัยภูมิ","/รับซื้อ/รับซื้อ-iphone-ชัยภูมิ","รับซื้อ iPhone ในชัยภูมิ","added_sidebar_link_only","Batch 11 selective hub-spoke strengthening","ADDED"
"/รับซื้อ/รับซื้อสินค้าไอที-นครพนม","","(no link)","รับซื้อ โน๊ตบุ๊ค ในนครพนม","/รับซื้อ/รับซื้อโน๊ตบุ๊ค-นครพนม","รับซื้อ โน๊ตบุ๊ค ในนครพนม","added_sidebar_link_only","Batch 11 selective hub-spoke strengthening","ADDED"
"/รับซื้อ/รับซื้อสินค้าไอที-นครพนม","","(no link)","รับซื้อ MacBook ในนครพนม","/รับซื้อ/รับซื้อ-macbook-นครพนม","รับซื้อ MacBook ในนครพนม","added_sidebar_link_only","Batch 11 selective hub-spoke strengthening","ADDED"
"/รับซื้อ/รับซื้อสินค้าไอที-นครพนม","","(no link)","รับซื้อ คอมพิวเตอร์ ในนครพนม","/รับซื้อ/รับซื้อคอมพิวเตอร์-นครพนม","รับซื้อ คอมพิวเตอร์ ในนครพนม","added_sidebar_link_only","Batch 11 selective hub-spoke strengthening","ADDED"
"/รับซื้อ/รับซื้อสินค้าไอที-นครพนม","","(no link)","รับซื้อ iPhone ในนครพนม","/รับซื้อ/รับซื้อ-iphone-นครพนม","รับซื้อ iPhone ในนครพนม","added_sidebar_link_only","Batch 11 selective hub-spoke strengthening","ADDED"
"/รับซื้อ/รับซื้อสินค้าไอที-นครราชสีมา","","(no link)","รับซื้อ โน๊ตบุ๊ค ในนครราชสีมา","/รับซื้อ/รับซื้อโน๊ตบุ๊ค-นครราชสีมา","รับซื้อ โน๊ตบุ๊ค ในนครราชสีมา","added_sidebar_link_only","Batch 11 selective hub-spoke strengthening","ADDED"
"/รับซื้อ/รับซื้อสินค้าไอที-นครราชสีมา","","(no link)","รับซื้อ MacBook ในนครราชสีมา","/รับซื้อ/รับซื้อ-macbook-นครราชสีมา","รับซื้อ MacBook ในนครราชสีมา","added_sidebar_link_only","Batch 11 selective hub-spoke strengthening","ADDED"
"/รับซื้อ/รับซื้อสินค้าไอที-นครราชสีมา","","(no link)","รับซื้อ คอมพิวเตอร์ ในนครราชสีมา","/รับซื้อ/รับซื้อคอมพิวเตอร์-นครราชสีมา","รับซื้อ คอมพิวเตอร์ ในนครราชสีมา","added_sidebar_link_only","Batch 11 selective hub-spoke strengthening","ADDED"
"/รับซื้อ/รับซื้อสินค้าไอที-นครราชสีมา","","(no link)","รับซื้อ iPhone ในนครราชสีมา","/รับซื้อ/รับซื้อ-iphone-นครราชสีมา","รับซื้อ iPhone ในนครราชสีมา","added_sidebar_link_only","Batch 11 selective hub-spoke strengthening","ADDED"
"/รับซื้อ/รับซื้อสินค้าไอที-บึงกาฬ","","(no link)","รับซื้อ โน๊ตบุ๊ค ในบึงกาฬ","/รับซื้อ/รับซื้อโน๊ตบุ๊ค-บึงกาฬ","รับซื้อ โน๊ตบุ๊ค ในบึงกาฬ","added_sidebar_link_only","Batch 11 selective hub-spoke strengthening","ADDED"
"/รับซื้อ/รับซื้อสินค้าไอที-บึงกาฬ","","(no link)","รับซื้อ MacBook ในบึงกาฬ","/รับซื้อ/รับซื้อ-macbook-บึงกาฬ","รับซื้อ MacBook ในบึงกาฬ","added_sidebar_link_only","Batch 11 selective hub-spoke strengthening","ADDED"
"/รับซื้อ/รับซื้อสินค้าไอที-บึงกาฬ","","(no link)","รับซื้อ คอมพิวเตอร์ ในบึงกาฬ","/รับซื้อ/รับซื้อคอมพิวเตอร์-บึงกาฬ","รับซื้อ คอมพิวเตอร์ ในบึงกาฬ","added_sidebar_link_only","Batch 11 selective hub-spoke strengthening","ADDED"
"/รับซื้อ/รับซื้อสินค้าไอที-บึงกาฬ","","(no link)","รับซื้อ iPhone ในบึงกาฬ","/รับซื้อ/รับซื้อ-iphone-บึงกาฬ","รับซื้อ iPhone ในบึงกาฬ","added_sidebar_link_only","Batch 11 selective hub-spoke strengthening","ADDED"
"/รับซื้อ/รับซื้อสินค้าไอที-บุรีรัมย์","","(no link)","รับซื้อ โน๊ตบุ๊ค ในบุรีรัมย์","/รับซื้อ/รับซื้อโน๊ตบุ๊ค-บุรีรัมย์","รับซื้อ โน๊ตบุ๊ค ในบุรีรัมย์","added_sidebar_link_only","Batch 11 selective hub-spoke strengthening","ADDED"
"/รับซื้อ/รับซื้อสินค้าไอที-บุรีรัมย์","","(no link)","รับซื้อ MacBook ในบุรีรัมย์","/รับซื้อ/รับซื้อ-macbook-บุรีรัมย์","รับซื้อ MacBook ในบุรีรัมย์","added_sidebar_link_only","Batch 11 selective hub-spoke strengthening","ADDED"
"/รับซื้อ/รับซื้อสินค้าไอที-บุรีรัมย์","","(no link)","รับซื้อ คอมพิวเตอร์ ในบุรีรัมย์","/รับซื้อ/รับซื้อคอมพิวเตอร์-บุรีรัมย์","รับซื้อ คอมพิวเตอร์ ในบุรีรัมย์","added_sidebar_link_only","Batch 11 selective hub-spoke strengthening","ADDED"
"/รับซื้อ/รับซื้อสินค้าไอที-บุรีรัมย์","","(no link)","รับซื้อ iPhone ในบุรีรัมย์","/รับซื้อ/รับซื้อ-iphone-บุรีรัมย์","รับซื้อ iPhone ในบุรีรัมย์","added_sidebar_link_only","Batch 11 selective hub-spoke strengthening","ADDED"
"/รับซื้อ/รับซื้อสินค้าไอที-มหาสารคาม","","(no link)","รับซื้อ โน๊ตบุ๊ค ในมหาสารคาม","/รับซื้อ/รับซื้อโน๊ตบุ๊ค-มหาสารคาม","รับซื้อ โน๊ตบุ๊ค ในมหาสารคาม","added_sidebar_link_only","Batch 11 selective hub-spoke strengthening","ADDED"
"/รับซื้อ/รับซื้อสินค้าไอที-มหาสารคาม","","(no link)","รับซื้อ MacBook ในมหาสารคาม","/รับซื้อ/รับซื้อ-macbook-มหาสารคาม","รับซื้อ MacBook ในมหาสารคาม","added_sidebar_link_only","Batch 11 selective hub-spoke strengthening","ADDED"
"/รับซื้อ/รับซื้อสินค้าไอที-มหาสารคาม","","(no link)","รับซื้อ คอมพิวเตอร์ ในมหาสารคาม","/รับซื้อ/รับซื้อคอมพิวเตอร์-มหาสารคาม","รับซื้อ คอมพิวเตอร์ ในมหาสารคาม","added_sidebar_link_only","Batch 11 selective hub-spoke strengthening","ADDED"
"/รับซื้อ/รับซื้อสินค้าไอที-มหาสารคาม","","(no link)","รับซื้อ iPhone ในมหาสารคาม","/รับซื้อ/รับซื้อ-iphone-มหาสารคาม","รับซื้อ iPhone ในมหาสารคาม","added_sidebar_link_only","Batch 11 selective hub-spoke strengthening","ADDED"
"/รับซื้อ/รับซื้อสินค้าไอที-มุกดาหาร","","(no link)","รับซื้อ โน๊ตบุ๊ค ในมุกดาหาร","/รับซื้อ/รับซื้อโน๊ตบุ๊ค-มุกดาหาร","รับซื้อ โน๊ตบุ๊ค ในมุกดาหาร","added_sidebar_link_only","Batch 11 selective hub-spoke strengthening","ADDED"
"/รับซื้อ/รับซื้อสินค้าไอที-มุกดาหาร","","(no link)","รับซื้อ MacBook ในมุกดาหาร","/รับซื้อ/รับซื้อ-macbook-มุกดาหาร","รับซื้อ MacBook ในมุกดาหาร","added_sidebar_link_only","Batch 11 selective hub-spoke strengthening","ADDED"
"/รับซื้อ/รับซื้อสินค้าไอที-มุกดาหาร","","(no link)","รับซื้อ คอมพิวเตอร์ ในมุกดาหาร","/รับซื้อ/รับซื้อคอมพิวเตอร์-มุกดาหาร","รับซื้อ คอมพิวเตอร์ ในมุกดาหาร","added_sidebar_link_only","Batch 11 selective hub-spoke strengthening","ADDED"
"/รับซื้อ/รับซื้อสินค้าไอที-มุกดาหาร","","(no link)","รับซื้อ iPhone ในมุกดาหาร","/รับซื้อ/รับซื้อ-iphone-มุกดาหาร","รับซื้อ iPhone ในมุกดาหาร","added_sidebar_link_only","Batch 11 selective hub-spoke strengthening","ADDED"
"/รับซื้อ/รับซื้อสินค้าไอที-ยโสธร","","(no link)","รับซื้อ โน๊ตบุ๊ค ในยโสธร","/รับซื้อ/รับซื้อโน๊ตบุ๊ค-ยโสธร","รับซื้อ โน๊ตบุ๊ค ในยโสธร","added_sidebar_link_only","Batch 11 selective hub-spoke strengthening","ADDED"
"/รับซื้อ/รับซื้อสินค้าไอที-ยโสธร","","(no link)","รับซื้อ MacBook ในยโสธร","/รับซื้อ/รับซื้อ-macbook-ยโสธร","รับซื้อ MacBook ในยโสธร","added_sidebar_link_only","Batch 11 selective hub-spoke strengthening","ADDED"
"/รับซื้อ/รับซื้อสินค้าไอที-ยโสธร","","(no link)","รับซื้อ คอมพิวเตอร์ ในยโสธร","/รับซื้อ/รับซื้อคอมพิวเตอร์-ยโสธร","รับซื้อ คอมพิวเตอร์ ในยโสธร","added_sidebar_link_only","Batch 11 selective hub-spoke strengthening","ADDED"
"/รับซื้อ/รับซื้อสินค้าไอที-ยโสธร","","(no link)","รับซื้อ iPhone ในยโสธร","/รับซื้อ/รับซื้อ-iphone-ยโสธร","รับซื้อ iPhone ในยโสธร","added_sidebar_link_only","Batch 11 selective hub-spoke strengthening","ADDED"
"/รับซื้อ/รับซื้อสินค้าไอที-ร้อยเอ็ด","","(no link)","รับซื้อ โน๊ตบุ๊ค ในร้อยเอ็ด","/รับซื้อ/รับซื้อโน๊ตบุ๊ค-ร้อยเอ็ด","รับซื้อ โน๊ตบุ๊ค ในร้อยเอ็ด","added_sidebar_link_only","Batch 11 selective hub-spoke strengthening","ADDED"
"/รับซื้อ/รับซื้อสินค้าไอที-ร้อยเอ็ด","","(no link)","รับซื้อ MacBook ในร้อยเอ็ด","/รับซื้อ/รับซื้อ-macbook-ร้อยเอ็ด","รับซื้อ MacBook ในร้อยเอ็ด","added_sidebar_link_only","Batch 11 selective hub-spoke strengthening","ADDED"
"/รับซื้อ/รับซื้อสินค้าไอที-ร้อยเอ็ด","","(no link)","รับซื้อ คอมพิวเตอร์ ในร้อยเอ็ด","/รับซื้อ/รับซื้อคอมพิวเตอร์-ร้อยเอ็ด","รับซื้อ คอมพิวเตอร์ ในร้อยเอ็ด","added_sidebar_link_only","Batch 11 selective hub-spoke strengthening","ADDED"
"/รับซื้อ/รับซื้อสินค้าไอที-ร้อยเอ็ด","","(no link)","รับซื้อ iPhone ในร้อยเอ็ด","/รับซื้อ/รับซื้อ-iphone-ร้อยเอ็ด","รับซื้อ iPhone ในร้อยเอ็ด","added_sidebar_link_only","Batch 11 selective hub-spoke strengthening","ADDED"
"/รับซื้อ/รับซื้อสินค้าไอที-ศรีสะเกษ","","(no link)","รับซื้อ โน๊ตบุ๊ค ในศรีสะเกษ","/รับซื้อ/รับซื้อโน๊ตบุ๊ค-ศรีสะเกษ","รับซื้อ โน๊ตบุ๊ค ในศรีสะเกษ","added_sidebar_link_only","Batch 11 selective hub-spoke strengthening","ADDED"
"/รับซื้อ/รับซื้อสินค้าไอที-ศรีสะเกษ","","(no link)","รับซื้อ MacBook ในศรีสะเกษ","/รับซื้อ/รับซื้อ-macbook-ศรีสะเกษ","รับซื้อ MacBook ในศรีสะเกษ","added_sidebar_link_only","Batch 11 selective hub-spoke strengthening","ADDED"
"/รับซื้อ/รับซื้อสินค้าไอที-ศรีสะเกษ","","(no link)","รับซื้อ คอมพิวเตอร์ ในศรีสะเกษ","/รับซื้อ/รับซื้อคอมพิวเตอร์-ศรีสะเกษ","รับซื้อ คอมพิวเตอร์ ในศรีสะเกษ","added_sidebar_link_only","Batch 11 selective hub-spoke strengthening","ADDED"
"/รับซื้อ/รับซื้อสินค้าไอที-ศรีสะเกษ","","(no link)","รับซื้อ iPhone ในศรีสะเกษ","/รับซื้อ/รับซื้อ-iphone-ศรีสะเกษ","รับซื้อ iPhone ในศรีสะเกษ","added_sidebar_link_only","Batch 11 selective hub-spoke strengthening","ADDED"
"/รับซื้อ/รับซื้อสินค้าไอที-สกลนคร","","(no link)","รับซื้อ โน๊ตบุ๊ค ในสกลนคร","/รับซื้อ/รับซื้อโน๊ตบุ๊ค-สกลนคร","รับซื้อ โน๊ตบุ๊ค ในสกลนคร","added_sidebar_link_only","Batch 11 selective hub-spoke strengthening","ADDED"
"/รับซื้อ/รับซื้อสินค้าไอที-สกลนคร","","(no link)","รับซื้อ MacBook ในสกลนคร","/รับซื้อ/รับซื้อ-macbook-สกลนคร","รับซื้อ MacBook ในสกลนคร","added_sidebar_link_only","Batch 11 selective hub-spoke strengthening","ADDED"
"/รับซื้อ/รับซื้อสินค้าไอที-สกลนคร","","(no link)","รับซื้อ คอมพิวเตอร์ ในสกลนคร","/รับซื้อ/รับซื้อคอมพิวเตอร์-สกลนคร","รับซื้อ คอมพิวเตอร์ ในสกลนคร","added_sidebar_link_only","Batch 11 selective hub-spoke strengthening","ADDED"
"/รับซื้อ/รับซื้อสินค้าไอที-สกลนคร","","(no link)","รับซื้อ iPhone ในสกลนคร","/รับซื้อ/รับซื้อ-iphone-สกลนคร","รับซื้อ iPhone ในสกลนคร","added_sidebar_link_only","Batch 11 selective hub-spoke strengthening","ADDED"
"/รับซื้อ/รับซื้อสินค้าไอที-สุรินทร์","","(no link)","รับซื้อ โน๊ตบุ๊ค ในสุรินทร์","/รับซื้อ/รับซื้อโน๊ตบุ๊ค-สุรินทร์","รับซื้อ โน๊ตบุ๊ค ในสุรินทร์","added_sidebar_link_only","Batch 11 selective hub-spoke strengthening","ADDED"
"/รับซื้อ/รับซื้อสินค้าไอที-สุรินทร์","","(no link)","รับซื้อ MacBook ในสุรินทร์","/รับซื้อ/รับซื้อ-macbook-สุรินทร์","รับซื้อ MacBook ในสุรินทร์","added_sidebar_link_only","Batch 11 selective hub-spoke strengthening","ADDED"
"/รับซื้อ/รับซื้อสินค้าไอที-สุรินทร์","","(no link)","รับซื้อ คอมพิวเตอร์ ในสุรินทร์","/รับซื้อ/รับซื้อคอมพิวเตอร์-สุรินทร์","รับซื้อ คอมพิวเตอร์ ในสุรินทร์","added_sidebar_link_only","Batch 11 selective hub-spoke strengthening","ADDED"
"/รับซื้อ/รับซื้อสินค้าไอที-สุรินทร์","","(no link)","รับซื้อ iPhone ในสุรินทร์","/รับซื้อ/รับซื้อ-iphone-สุรินทร์","รับซื้อ iPhone ในสุรินทร์","added_sidebar_link_only","Batch 11 selective hub-spoke strengthening","ADDED"
"/รับซื้อ/รับซื้อสินค้าไอที-หนองคาย","","(no link)","รับซื้อ โน๊ตบุ๊ค ในหนองคาย","/รับซื้อ/รับซื้อโน๊ตบุ๊ค-หนองคาย","รับซื้อ โน๊ตบุ๊ค ในหนองคาย","added_sidebar_link_only","Batch 11 selective hub-spoke strengthening","ADDED"
"/รับซื้อ/รับซื้อสินค้าไอที-หนองคาย","","(no link)","รับซื้อ MacBook ในหนองคาย","/รับซื้อ/รับซื้อ-macbook-หนองคาย","รับซื้อ MacBook ในหนองคาย","added_sidebar_link_only","Batch 11 selective hub-spoke strengthening","ADDED"
"/รับซื้อ/รับซื้อสินค้าไอที-หนองคาย","","(no link)","รับซื้อ คอมพิวเตอร์ ในหนองคาย","/รับซื้อ/รับซื้อคอมพิวเตอร์-หนองคาย","รับซื้อ คอมพิวเตอร์ ในหนองคาย","added_sidebar_link_only","Batch 11 selective hub-spoke strengthening","ADDED"
"/รับซื้อ/รับซื้อสินค้าไอที-หนองคาย","","(no link)","รับซื้อ iPhone ในหนองคาย","/รับซื้อ/รับซื้อ-iphone-หนองคาย","รับซื้อ iPhone ในหนองคาย","added_sidebar_link_only","Batch 11 selective hub-spoke strengthening","ADDED"
"/รับซื้อ/รับซื้อสินค้าไอที-หนองบัวลำภู","","(no link)","รับซื้อ โน๊ตบุ๊ค ในหนองบัวลำภู","/รับซื้อ/รับซื้อโน๊ตบุ๊ค-หนองบัวลำภู","รับซื้อ โน๊ตบุ๊ค ในหนองบัวลำภู","added_sidebar_link_only","Batch 11 selective hub-spoke strengthening","ADDED"
"/รับซื้อ/รับซื้อสินค้าไอที-หนองบัวลำภู","","(no link)","รับซื้อ MacBook ในหนองบัวลำภู","/รับซื้อ/รับซื้อ-macbook-หนองบัวลำภู","รับซื้อ MacBook ในหนองบัวลำภู","added_sidebar_link_only","Batch 11 selective hub-spoke strengthening","ADDED"
"/รับซื้อ/รับซื้อสินค้าไอที-หนองบัวลำภู","","(no link)","รับซื้อ คอมพิวเตอร์ ในหนองบัวลำภู","/รับซื้อ/รับซื้อคอมพิวเตอร์-หนองบัวลำภู","รับซื้อ คอมพิวเตอร์ ในหนองบัวลำภู","added_sidebar_link_only","Batch 11 selective hub-spoke strengthening","ADDED"
"/รับซื้อ/รับซื้อสินค้าไอที-หนองบัวลำภู","","(no link)","รับซื้อ iPhone ในหนองบัวลำภู","/รับซื้อ/รับซื้อ-iphone-หนองบัวลำภู","รับซื้อ iPhone ในหนองบัวลำภู","added_sidebar_link_only","Batch 11 selective hub-spoke strengthening","ADDED"
"/รับซื้อ/รับซื้อสินค้าไอที-อำนาจเจริญ","","(no link)","รับซื้อ โน๊ตบุ๊ค ในอำนาจเจริญ","/รับซื้อ/รับซื้อโน๊ตบุ๊ค-อำนาจเจริญ","รับซื้อ โน๊ตบุ๊ค ในอำนาจเจริญ","added_sidebar_link_only","Batch 11 selective hub-spoke strengthening","ADDED"
"/รับซื้อ/รับซื้อสินค้าไอที-อำนาจเจริญ","","(no link)","รับซื้อ MacBook ในอำนาจเจริญ","/รับซื้อ/รับซื้อ-macbook-อำนาจเจริญ","รับซื้อ MacBook ในอำนาจเจริญ","added_sidebar_link_only","Batch 11 selective hub-spoke strengthening","ADDED"
"/รับซื้อ/รับซื้อสินค้าไอที-อำนาจเจริญ","","(no link)","รับซื้อ คอมพิวเตอร์ ในอำนาจเจริญ","/รับซื้อ/รับซื้อคอมพิวเตอร์-อำนาจเจริญ","รับซื้อ คอมพิวเตอร์ ในอำนาจเจริญ","added_sidebar_link_only","Batch 11 selective hub-spoke strengthening","ADDED"
"/รับซื้อ/รับซื้อสินค้าไอที-อำนาจเจริญ","","(no link)","รับซื้อ iPhone ในอำนาจเจริญ","/รับซื้อ/รับซื้อ-iphone-อำนาจเจริญ","รับซื้อ iPhone ในอำนาจเจริญ","added_sidebar_link_only","Batch 11 selective hub-spoke strengthening","ADDED"
"/รับซื้อ/รับซื้อสินค้าไอที-อุดรธานี","","(no link)","รับซื้อ โน๊ตบุ๊ค ในอุดรธานี","/รับซื้อ/รับซื้อโน๊ตบุ๊ค-อุดรธานี","รับซื้อ โน๊ตบุ๊ค ในอุดรธานี","added_sidebar_link_only","Batch 11 selective hub-spoke strengthening","ADDED"
"/รับซื้อ/รับซื้อสินค้าไอที-อุดรธานี","","(no link)","รับซื้อ MacBook ในอุดรธานี","/รับซื้อ/รับซื้อ-macbook-อุดรธานี","รับซื้อ MacBook ในอุดรธานี","added_sidebar_link_only","Batch 11 selective hub-spoke strengthening","ADDED"
"/รับซื้อ/รับซื้อสินค้าไอที-อุดรธานี","","(no link)","รับซื้อ คอมพิวเตอร์ ในอุดรธานี","/รับซื้อ/รับซื้อคอมพิวเตอร์-อุดรธานี","รับซื้อ คอมพิวเตอร์ ในอุดรธานี","added_sidebar_link_only","Batch 11 selective hub-spoke strengthening","ADDED"
"/รับซื้อ/รับซื้อสินค้าไอที-อุดรธานี","","(no link)","รับซื้อ iPhone ในอุดรธานี","/รับซื้อ/รับซื้อ-iphone-อุดรธานี","รับซื้อ iPhone ในอุดรธานี","added_sidebar_link_only","Batch 11 selective hub-spoke strengthening","ADDED"
"/รับซื้อ/รับซื้อสินค้าไอที-อุบลราชธานี","","(no link)","รับซื้อโน๊ตบุ๊ค ในอุบลราชธานี","/รับซื้อ/รับซื้อโน๊ตบุ๊ค-อุบลราชธานี","รับซื้อโน๊ตบุ๊ค ในอุบลราชธานี","added_sidebar_link_only","Batch 11 selective hub-spoke strengthening","ADDED"
"/รับซื้อ/รับซื้อสินค้าไอที-อุบลราชธานี","","(no link)","รับซื้อ MacBook ในอุบลราชธานี","/รับซื้อ/รับซื้อ-macbook-อุบลราชธานี","รับซื้อ MacBook ในอุบลราชธานี","added_sidebar_link_only","Batch 11 selective hub-spoke strengthening","ADDED"
"/รับซื้อ/รับซื้อสินค้าไอที-อุบลราชธานี","","(no link)","รับซื้อคอมพิวเตอร์ ในอุบลราชธานี","/รับซื้อ/รับซื้อคอมพิวเตอร์-อุบลราชธานี","รับซื้อคอมพิวเตอร์ ในอุบลราชธานี","added_sidebar_link_only","Batch 11 selective hub-spoke strengthening","ADDED"
"/รับซื้อ/รับซื้อสินค้าไอที-อุบลราชธานี","","(no link)","รับซื้อ iPhone ในอุบลราชธานี","/รับซื้อ/รับซื้อ-iphone-อุบลราชธานี","รับซื้อ iPhone ในอุบลราชธานี","added_sidebar_link_only","Batch 11 selective hub-spoke strengthening","ADDED"
"/รับซื้อ/รับซื้อสินค้าไอที-เลย","","(no link)","รับซื้อ โน๊ตบุ๊ค ในเลย","/รับซื้อ/รับซื้อโน๊ตบุ๊ค-เลย","รับซื้อ โน๊ตบุ๊ค ในเลย","added_sidebar_link_only","Batch 11 selective hub-spoke strengthening","ADDED"
"/รับซื้อ/รับซื้อสินค้าไอที-เลย","","(no link)","รับซื้อ MacBook ในเลย","/รับซื้อ/รับซื้อ-macbook-เลย","รับซื้อ MacBook ในเลย","added_sidebar_link_only","Batch 11 selective hub-spoke strengthening","ADDED"
"/รับซื้อ/รับซื้อสินค้าไอที-เลย","","(no link)","รับซื้อ คอมพิวเตอร์ ในเลย","/รับซื้อ/รับซื้อคอมพิวเตอร์-เลย","รับซื้อ คอมพิวเตอร์ ในเลย","added_sidebar_link_only","Batch 11 selective hub-spoke strengthening","ADDED"
"/รับซื้อ/รับซื้อสินค้าไอที-เลย","","(no link)","รับซื้อ iPhone ในเลย","/รับซื้อ/รับซื้อ-iphone-เลย","รับซื้อ iPhone ในเลย","added_sidebar_link_only","Batch 11 selective hub-spoke strengthening","ADDED"
"/รับซื้อ/รับซื้ออุปกรณ์คอมพิวเตอร์-กาฬสินธุ์","","(no link)","รับซื้อ โน๊ตบุ๊ค ในกาฬสินธุ์","/รับซื้อ/รับซื้อโน๊ตบุ๊ค-กาฬสินธุ์","รับซื้อ โน๊ตบุ๊ค ในกาฬสินธุ์","added_sidebar_link_only","Batch 11 selective hub-spoke strengthening","ADDED"
"/รับซื้อ/รับซื้ออุปกรณ์คอมพิวเตอร์-กาฬสินธุ์","","(no link)","รับซื้อ MacBook ในกาฬสินธุ์","/รับซื้อ/รับซื้อ-macbook-กาฬสินธุ์","รับซื้อ MacBook ในกาฬสินธุ์","added_sidebar_link_only","Batch 11 selective hub-spoke strengthening","ADDED"
"/รับซื้อ/รับซื้ออุปกรณ์คอมพิวเตอร์-กาฬสินธุ์","","(no link)","รับซื้อ คอมพิวเตอร์ ในกาฬสินธุ์","/รับซื้อ/รับซื้อคอมพิวเตอร์-กาฬสินธุ์","รับซื้อ คอมพิวเตอร์ ในกาฬสินธุ์","added_sidebar_link_only","Batch 11 selective hub-spoke strengthening","ADDED"
"/รับซื้อ/รับซื้ออุปกรณ์คอมพิวเตอร์-กาฬสินธุ์","","(no link)","รับซื้อ iPhone ในกาฬสินธุ์","/รับซื้อ/รับซื้อ-iphone-กาฬสินธุ์","รับซื้อ iPhone ในกาฬสินธุ์","added_sidebar_link_only","Batch 11 selective hub-spoke strengthening","ADDED"
"/รับซื้อ/รับซื้ออุปกรณ์คอมพิวเตอร์-ขอนแก่น","","(no link)","รับซื้อ โน๊ตบุ๊ค ในขอนแก่น","/รับซื้อ/รับซื้อโน๊ตบุ๊ค-ขอนแก่น","รับซื้อ โน๊ตบุ๊ค ในขอนแก่น","added_sidebar_link_only","Batch 11 selective hub-spoke strengthening","ADDED"
"/รับซื้อ/รับซื้ออุปกรณ์คอมพิวเตอร์-ขอนแก่น","","(no link)","รับซื้อ MacBook ในขอนแก่น","/รับซื้อ/รับซื้อ-macbook-ขอนแก่น","รับซื้อ MacBook ในขอนแก่น","added_sidebar_link_only","Batch 11 selective hub-spoke strengthening","ADDED"
"/รับซื้อ/รับซื้ออุปกรณ์คอมพิวเตอร์-ขอนแก่น","","(no link)","รับซื้อ คอมพิวเตอร์ ในขอนแก่น","/รับซื้อ/รับซื้อคอมพิวเตอร์-ขอนแก่น","รับซื้อ คอมพิวเตอร์ ในขอนแก่น","added_sidebar_link_only","Batch 11 selective hub-spoke strengthening","ADDED"
"/รับซื้อ/รับซื้ออุปกรณ์คอมพิวเตอร์-ขอนแก่น","","(no link)","รับซื้อ iPhone ในขอนแก่น","/รับซื้อ/รับซื้อ-iphone-ขอนแก่น","รับซื้อ iPhone ในขอนแก่น","added_sidebar_link_only","Batch 11 selective hub-spoke strengthening","ADDED"
"/รับซื้อ/รับซื้ออุปกรณ์คอมพิวเตอร์-ชัยภูมิ","","(no link)","รับซื้อ โน๊ตบุ๊ค ในชัยภูมิ","/รับซื้อ/รับซื้อโน๊ตบุ๊ค-ชัยภูมิ","รับซื้อ โน๊ตบุ๊ค ในชัยภูมิ","added_sidebar_link_only","Batch 11 selective hub-spoke strengthening","ADDED"
"/รับซื้อ/รับซื้ออุปกรณ์คอมพิวเตอร์-ชัยภูมิ","","(no link)","รับซื้อ MacBook ในชัยภูมิ","/รับซื้อ/รับซื้อ-macbook-ชัยภูมิ","รับซื้อ MacBook ในชัยภูมิ","added_sidebar_link_only","Batch 11 selective hub-spoke strengthening","ADDED"
"/รับซื้อ/รับซื้ออุปกรณ์คอมพิวเตอร์-ชัยภูมิ","","(no link)","รับซื้อ คอมพิวเตอร์ ในชัยภูมิ","/รับซื้อ/รับซื้อคอมพิวเตอร์-ชัยภูมิ","รับซื้อ คอมพิวเตอร์ ในชัยภูมิ","added_sidebar_link_only","Batch 11 selective hub-spoke strengthening","ADDED"
"/รับซื้อ/รับซื้ออุปกรณ์คอมพิวเตอร์-ชัยภูมิ","","(no link)","รับซื้อ iPhone ในชัยภูมิ","/รับซื้อ/รับซื้อ-iphone-ชัยภูมิ","รับซื้อ iPhone ในชัยภูมิ","added_sidebar_link_only","Batch 11 selective hub-spoke strengthening","ADDED"
"/รับซื้อ/รับซื้ออุปกรณ์คอมพิวเตอร์-นครพนม","","(no link)","รับซื้อ โน๊ตบุ๊ค ในนครพนม","/รับซื้อ/รับซื้อโน๊ตบุ๊ค-นครพนม","รับซื้อ โน๊ตบุ๊ค ในนครพนม","added_sidebar_link_only","Batch 11 selective hub-spoke strengthening","ADDED"
"/รับซื้อ/รับซื้ออุปกรณ์คอมพิวเตอร์-นครพนม","","(no link)","รับซื้อ MacBook ในนครพนม","/รับซื้อ/รับซื้อ-macbook-นครพนม","รับซื้อ MacBook ในนครพนม","added_sidebar_link_only","Batch 11 selective hub-spoke strengthening","ADDED"
"/รับซื้อ/รับซื้ออุปกรณ์คอมพิวเตอร์-นครพนม","","(no link)","รับซื้อ คอมพิวเตอร์ ในนครพนม","/รับซื้อ/รับซื้อคอมพิวเตอร์-นครพนม","รับซื้อ คอมพิวเตอร์ ในนครพนม","added_sidebar_link_only","Batch 11 selective hub-spoke strengthening","ADDED"
"/รับซื้อ/รับซื้ออุปกรณ์คอมพิวเตอร์-นครพนม","","(no link)","รับซื้อ iPhone ในนครพนม","/รับซื้อ/รับซื้อ-iphone-นครพนม","รับซื้อ iPhone ในนครพนม","added_sidebar_link_only","Batch 11 selective hub-spoke strengthening","ADDED"
"/รับซื้อ/รับซื้ออุปกรณ์คอมพิวเตอร์-นครราชสีมา","","(no link)","รับซื้อ โน๊ตบุ๊ค ในนครราชสีมา","/รับซื้อ/รับซื้อโน๊ตบุ๊ค-นครราชสีมา","รับซื้อ โน๊ตบุ๊ค ในนครราชสีมา","added_sidebar_link_only","Batch 11 selective hub-spoke strengthening","ADDED"
"/รับซื้อ/รับซื้ออุปกรณ์คอมพิวเตอร์-นครราชสีมา","","(no link)","รับซื้อ MacBook ในนครราชสีมา","/รับซื้อ/รับซื้อ-macbook-นครราชสีมา","รับซื้อ MacBook ในนครราชสีมา","added_sidebar_link_only","Batch 11 selective hub-spoke strengthening","ADDED"
"/รับซื้อ/รับซื้ออุปกรณ์คอมพิวเตอร์-นครราชสีมา","","(no link)","รับซื้อ คอมพิวเตอร์ ในนครราชสีมา","/รับซื้อ/รับซื้อคอมพิวเตอร์-นครราชสีมา","รับซื้อ คอมพิวเตอร์ ในนครราชสีมา","added_sidebar_link_only","Batch 11 selective hub-spoke strengthening","ADDED"
"/รับซื้อ/รับซื้ออุปกรณ์คอมพิวเตอร์-นครราชสีมา","","(no link)","รับซื้อ iPhone ในนครราชสีมา","/รับซื้อ/รับซื้อ-iphone-นครราชสีมา","รับซื้อ iPhone ในนครราชสีมา","added_sidebar_link_only","Batch 11 selective hub-spoke strengthening","ADDED"
"/รับซื้อ/รับซื้ออุปกรณ์คอมพิวเตอร์-บึงกาฬ","","(no link)","รับซื้อ โน๊ตบุ๊ค ในบึงกาฬ","/รับซื้อ/รับซื้อโน๊ตบุ๊ค-บึงกาฬ","รับซื้อ โน๊ตบุ๊ค ในบึงกาฬ","added_sidebar_link_only","Batch 11 selective hub-spoke strengthening","ADDED"
"/รับซื้อ/รับซื้ออุปกรณ์คอมพิวเตอร์-บึงกาฬ","","(no link)","รับซื้อ MacBook ในบึงกาฬ","/รับซื้อ/รับซื้อ-macbook-บึงกาฬ","รับซื้อ MacBook ในบึงกาฬ","added_sidebar_link_only","Batch 11 selective hub-spoke strengthening","ADDED"
"/รับซื้อ/รับซื้ออุปกรณ์คอมพิวเตอร์-บึงกาฬ","","(no link)","รับซื้อ คอมพิวเตอร์ ในบึงกาฬ","/รับซื้อ/รับซื้อคอมพิวเตอร์-บึงกาฬ","รับซื้อ คอมพิวเตอร์ ในบึงกาฬ","added_sidebar_link_only","Batch 11 selective hub-spoke strengthening","ADDED"
"/รับซื้อ/รับซื้ออุปกรณ์คอมพิวเตอร์-บึงกาฬ","","(no link)","รับซื้อ iPhone ในบึงกาฬ","/รับซื้อ/รับซื้อ-iphone-บึงกาฬ","รับซื้อ iPhone ในบึงกาฬ","added_sidebar_link_only","Batch 11 selective hub-spoke strengthening","ADDED"
"/รับซื้อ/รับซื้ออุปกรณ์คอมพิวเตอร์-บุรีรัมย์","","(no link)","รับซื้อ โน๊ตบุ๊ค ในบุรีรัมย์","/รับซื้อ/รับซื้อโน๊ตบุ๊ค-บุรีรัมย์","รับซื้อ โน๊ตบุ๊ค ในบุรีรัมย์","added_sidebar_link_only","Batch 11 selective hub-spoke strengthening","ADDED"
"/รับซื้อ/รับซื้ออุปกรณ์คอมพิวเตอร์-บุรีรัมย์","","(no link)","รับซื้อ MacBook ในบุรีรัมย์","/รับซื้อ/รับซื้อ-macbook-บุรีรัมย์","รับซื้อ MacBook ในบุรีรัมย์","added_sidebar_link_only","Batch 11 selective hub-spoke strengthening","ADDED"
"/รับซื้อ/รับซื้ออุปกรณ์คอมพิวเตอร์-บุรีรัมย์","","(no link)","รับซื้อ คอมพิวเตอร์ ในบุรีรัมย์","/รับซื้อ/รับซื้อคอมพิวเตอร์-บุรีรัมย์","รับซื้อ คอมพิวเตอร์ ในบุรีรัมย์","added_sidebar_link_only","Batch 11 selective hub-spoke strengthening","ADDED"
"/รับซื้อ/รับซื้ออุปกรณ์คอมพิวเตอร์-บุรีรัมย์","","(no link)","รับซื้อ iPhone ในบุรีรัมย์","/รับซื้อ/รับซื้อ-iphone-บุรีรัมย์","รับซื้อ iPhone ในบุรีรัมย์","added_sidebar_link_only","Batch 11 selective hub-spoke strengthening","ADDED"
"/รับซื้อ/รับซื้ออุปกรณ์คอมพิวเตอร์-มหาสารคาม","","(no link)","รับซื้อ โน๊ตบุ๊ค ในมหาสารคาม","/รับซื้อ/รับซื้อโน๊ตบุ๊ค-มหาสารคาม","รับซื้อ โน๊ตบุ๊ค ในมหาสารคาม","added_sidebar_link_only","Batch 11 selective hub-spoke strengthening","ADDED"
"/รับซื้อ/รับซื้ออุปกรณ์คอมพิวเตอร์-มหาสารคาม","","(no link)","รับซื้อ MacBook ในมหาสารคาม","/รับซื้อ/รับซื้อ-macbook-มหาสารคาม","รับซื้อ MacBook ในมหาสารคาม","added_sidebar_link_only","Batch 11 selective hub-spoke strengthening","ADDED"
"/รับซื้อ/รับซื้ออุปกรณ์คอมพิวเตอร์-มหาสารคาม","","(no link)","รับซื้อ คอมพิวเตอร์ ในมหาสารคาม","/รับซื้อ/รับซื้อคอมพิวเตอร์-มหาสารคาม","รับซื้อ คอมพิวเตอร์ ในมหาสารคาม","added_sidebar_link_only","Batch 11 selective hub-spoke strengthening","ADDED"
"/รับซื้อ/รับซื้ออุปกรณ์คอมพิวเตอร์-มหาสารคาม","","(no link)","รับซื้อ iPhone ในมหาสารคาม","/รับซื้อ/รับซื้อ-iphone-มหาสารคาม","รับซื้อ iPhone ในมหาสารคาม","added_sidebar_link_only","Batch 11 selective hub-spoke strengthening","ADDED"
"/รับซื้อ/รับซื้ออุปกรณ์คอมพิวเตอร์-มุกดาหาร","","(no link)","รับซื้อ โน๊ตบุ๊ค ในมุกดาหาร","/รับซื้อ/รับซื้อโน๊ตบุ๊ค-มุกดาหาร","รับซื้อ โน๊ตบุ๊ค ในมุกดาหาร","added_sidebar_link_only","Batch 11 selective hub-spoke strengthening","ADDED"
"/รับซื้อ/รับซื้ออุปกรณ์คอมพิวเตอร์-มุกดาหาร","","(no link)","รับซื้อ MacBook ในมุกดาหาร","/รับซื้อ/รับซื้อ-macbook-มุกดาหาร","รับซื้อ MacBook ในมุกดาหาร","added_sidebar_link_only","Batch 11 selective hub-spoke strengthening","ADDED"
"/รับซื้อ/รับซื้ออุปกรณ์คอมพิวเตอร์-มุกดาหาร","","(no link)","รับซื้อ คอมพิวเตอร์ ในมุกดาหาร","/รับซื้อ/รับซื้อคอมพิวเตอร์-มุกดาหาร","รับซื้อ คอมพิวเตอร์ ในมุกดาหาร","added_sidebar_link_only","Batch 11 selective hub-spoke strengthening","ADDED"
"/รับซื้อ/รับซื้ออุปกรณ์คอมพิวเตอร์-มุกดาหาร","","(no link)","รับซื้อ iPhone ในมุกดาหาร","/รับซื้อ/รับซื้อ-iphone-มุกดาหาร","รับซื้อ iPhone ในมุกดาหาร","added_sidebar_link_only","Batch 11 selective hub-spoke strengthening","ADDED"
"/รับซื้อ/รับซื้ออุปกรณ์คอมพิวเตอร์-ยโสธร","","(no link)","รับซื้อ โน๊ตบุ๊ค ในยโสธร","/รับซื้อ/รับซื้อโน๊ตบุ๊ค-ยโสธร","รับซื้อ โน๊ตบุ๊ค ในยโสธร","added_sidebar_link_only","Batch 11 selective hub-spoke strengthening","ADDED"
"/รับซื้อ/รับซื้ออุปกรณ์คอมพิวเตอร์-ยโสธร","","(no link)","รับซื้อ MacBook ในยโสธร","/รับซื้อ/รับซื้อ-macbook-ยโสธร","รับซื้อ MacBook ในยโสธร","added_sidebar_link_only","Batch 11 selective hub-spoke strengthening","ADDED"
"/รับซื้อ/รับซื้ออุปกรณ์คอมพิวเตอร์-ยโสธร","","(no link)","รับซื้อ คอมพิวเตอร์ ในยโสธร","/รับซื้อ/รับซื้อคอมพิวเตอร์-ยโสธร","รับซื้อ คอมพิวเตอร์ ในยโสธร","added_sidebar_link_only","Batch 11 selective hub-spoke strengthening","ADDED"
"/รับซื้อ/รับซื้ออุปกรณ์คอมพิวเตอร์-ยโสธร","","(no link)","รับซื้อ iPhone ในยโสธร","/รับซื้อ/รับซื้อ-iphone-ยโสธร","รับซื้อ iPhone ในยโสธร","added_sidebar_link_only","Batch 11 selective hub-spoke strengthening","ADDED"
"/รับซื้อ/รับซื้ออุปกรณ์คอมพิวเตอร์-ร้อยเอ็ด","","(no link)","รับซื้อ โน๊ตบุ๊ค ในร้อยเอ็ด","/รับซื้อ/รับซื้อโน๊ตบุ๊ค-ร้อยเอ็ด","รับซื้อ โน๊ตบุ๊ค ในร้อยเอ็ด","added_sidebar_link_only","Batch 11 selective hub-spoke strengthening","ADDED"
"/รับซื้อ/รับซื้ออุปกรณ์คอมพิวเตอร์-ร้อยเอ็ด","","(no link)","รับซื้อ MacBook ในร้อยเอ็ด","/รับซื้อ/รับซื้อ-macbook-ร้อยเอ็ด","รับซื้อ MacBook ในร้อยเอ็ด","added_sidebar_link_only","Batch 11 selective hub-spoke strengthening","ADDED"
"/รับซื้อ/รับซื้ออุปกรณ์คอมพิวเตอร์-ร้อยเอ็ด","","(no link)","รับซื้อ คอมพิวเตอร์ ในร้อยเอ็ด","/รับซื้อ/รับซื้อคอมพิวเตอร์-ร้อยเอ็ด","รับซื้อ คอมพิวเตอร์ ในร้อยเอ็ด","added_sidebar_link_only","Batch 11 selective hub-spoke strengthening","ADDED"
"/รับซื้อ/รับซื้ออุปกรณ์คอมพิวเตอร์-ร้อยเอ็ด","","(no link)","รับซื้อ iPhone ในร้อยเอ็ด","/รับซื้อ/รับซื้อ-iphone-ร้อยเอ็ด","รับซื้อ iPhone ในร้อยเอ็ด","added_sidebar_link_only","Batch 11 selective hub-spoke strengthening","ADDED"
"/รับซื้อ/รับซื้ออุปกรณ์คอมพิวเตอร์-ศรีสะเกษ","","(no link)","รับซื้อ โน๊ตบุ๊ค ในศรีสะเกษ","/รับซื้อ/รับซื้อโน๊ตบุ๊ค-ศรีสะเกษ","รับซื้อ โน๊ตบุ๊ค ในศรีสะเกษ","added_sidebar_link_only","Batch 11 selective hub-spoke strengthening","ADDED"
"/รับซื้อ/รับซื้ออุปกรณ์คอมพิวเตอร์-ศรีสะเกษ","","(no link)","รับซื้อ MacBook ในศรีสะเกษ","/รับซื้อ/รับซื้อ-macbook-ศรีสะเกษ","รับซื้อ MacBook ในศรีสะเกษ","added_sidebar_link_only","Batch 11 selective hub-spoke strengthening","ADDED"
"/รับซื้อ/รับซื้ออุปกรณ์คอมพิวเตอร์-ศรีสะเกษ","","(no link)","รับซื้อ คอมพิวเตอร์ ในศรีสะเกษ","/รับซื้อ/รับซื้อคอมพิวเตอร์-ศรีสะเกษ","รับซื้อ คอมพิวเตอร์ ในศรีสะเกษ","added_sidebar_link_only","Batch 11 selective hub-spoke strengthening","ADDED"
"/รับซื้อ/รับซื้ออุปกรณ์คอมพิวเตอร์-ศรีสะเกษ","","(no link)","รับซื้อ iPhone ในศรีสะเกษ","/รับซื้อ/รับซื้อ-iphone-ศรีสะเกษ","รับซื้อ iPhone ในศรีสะเกษ","added_sidebar_link_only","Batch 11 selective hub-spoke strengthening","ADDED"
"/รับซื้อ/รับซื้ออุปกรณ์คอมพิวเตอร์-สกลนคร","","(no link)","รับซื้อ โน๊ตบุ๊ค ในสกลนคร","/รับซื้อ/รับซื้อโน๊ตบุ๊ค-สกลนคร","รับซื้อ โน๊ตบุ๊ค ในสกลนคร","added_sidebar_link_only","Batch 11 selective hub-spoke strengthening","ADDED"
"/รับซื้อ/รับซื้ออุปกรณ์คอมพิวเตอร์-สกลนคร","","(no link)","รับซื้อ MacBook ในสกลนคร","/รับซื้อ/รับซื้อ-macbook-สกลนคร","รับซื้อ MacBook ในสกลนคร","added_sidebar_link_only","Batch 11 selective hub-spoke strengthening","ADDED"
"/รับซื้อ/รับซื้ออุปกรณ์คอมพิวเตอร์-สกลนคร","","(no link)","รับซื้อ คอมพิวเตอร์ ในสกลนคร","/รับซื้อ/รับซื้อคอมพิวเตอร์-สกลนคร","รับซื้อ คอมพิวเตอร์ ในสกลนคร","added_sidebar_link_only","Batch 11 selective hub-spoke strengthening","ADDED"
"/รับซื้อ/รับซื้ออุปกรณ์คอมพิวเตอร์-สกลนคร","","(no link)","รับซื้อ iPhone ในสกลนคร","/รับซื้อ/รับซื้อ-iphone-สกลนคร","รับซื้อ iPhone ในสกลนคร","added_sidebar_link_only","Batch 11 selective hub-spoke strengthening","ADDED"
"/รับซื้อ/รับซื้ออุปกรณ์คอมพิวเตอร์-สุรินทร์","","(no link)","รับซื้อ โน๊ตบุ๊ค ในสุรินทร์","/รับซื้อ/รับซื้อโน๊ตบุ๊ค-สุรินทร์","รับซื้อ โน๊ตบุ๊ค ในสุรินทร์","added_sidebar_link_only","Batch 11 selective hub-spoke strengthening","ADDED"
"/รับซื้อ/รับซื้ออุปกรณ์คอมพิวเตอร์-สุรินทร์","","(no link)","รับซื้อ MacBook ในสุรินทร์","/รับซื้อ/รับซื้อ-macbook-สุรินทร์","รับซื้อ MacBook ในสุรินทร์","added_sidebar_link_only","Batch 11 selective hub-spoke strengthening","ADDED"
"/รับซื้อ/รับซื้ออุปกรณ์คอมพิวเตอร์-สุรินทร์","","(no link)","รับซื้อ คอมพิวเตอร์ ในสุรินทร์","/รับซื้อ/รับซื้อคอมพิวเตอร์-สุรินทร์","รับซื้อ คอมพิวเตอร์ ในสุรินทร์","added_sidebar_link_only","Batch 11 selective hub-spoke strengthening","ADDED"
"/รับซื้อ/รับซื้ออุปกรณ์คอมพิวเตอร์-สุรินทร์","","(no link)","รับซื้อ iPhone ในสุรินทร์","/รับซื้อ/รับซื้อ-iphone-สุรินทร์","รับซื้อ iPhone ในสุรินทร์","added_sidebar_link_only","Batch 11 selective hub-spoke strengthening","ADDED"
"/รับซื้อ/รับซื้ออุปกรณ์คอมพิวเตอร์-หนองคาย","","(no link)","รับซื้อ โน๊ตบุ๊ค ในหนองคาย","/รับซื้อ/รับซื้อโน๊ตบุ๊ค-หนองคาย","รับซื้อ โน๊ตบุ๊ค ในหนองคาย","added_sidebar_link_only","Batch 11 selective hub-spoke strengthening","ADDED"
"/รับซื้อ/รับซื้ออุปกรณ์คอมพิวเตอร์-หนองคาย","","(no link)","รับซื้อ MacBook ในหนองคาย","/รับซื้อ/รับซื้อ-macbook-หนองคาย","รับซื้อ MacBook ในหนองคาย","added_sidebar_link_only","Batch 11 selective hub-spoke strengthening","ADDED"
"/รับซื้อ/รับซื้ออุปกรณ์คอมพิวเตอร์-หนองคาย","","(no link)","รับซื้อ คอมพิวเตอร์ ในหนองคาย","/รับซื้อ/รับซื้อคอมพิวเตอร์-หนองคาย","รับซื้อ คอมพิวเตอร์ ในหนองคาย","added_sidebar_link_only","Batch 11 selective hub-spoke strengthening","ADDED"
"/รับซื้อ/รับซื้ออุปกรณ์คอมพิวเตอร์-หนองคาย","","(no link)","รับซื้อ iPhone ในหนองคาย","/รับซื้อ/รับซื้อ-iphone-หนองคาย","รับซื้อ iPhone ในหนองคาย","added_sidebar_link_only","Batch 11 selective hub-spoke strengthening","ADDED"
"/รับซื้อ/รับซื้ออุปกรณ์คอมพิวเตอร์-หนองบัวลำภู","","(no link)","รับซื้อ โน๊ตบุ๊ค ในหนองบัวลำภู","/รับซื้อ/รับซื้อโน๊ตบุ๊ค-หนองบัวลำภู","รับซื้อ โน๊ตบุ๊ค ในหนองบัวลำภู","added_sidebar_link_only","Batch 11 selective hub-spoke strengthening","ADDED"
"/รับซื้อ/รับซื้ออุปกรณ์คอมพิวเตอร์-หนองบัวลำภู","","(no link)","รับซื้อ MacBook ในหนองบัวลำภู","/รับซื้อ/รับซื้อ-macbook-หนองบัวลำภู","รับซื้อ MacBook ในหนองบัวลำภู","added_sidebar_link_only","Batch 11 selective hub-spoke strengthening","ADDED"
"/รับซื้อ/รับซื้ออุปกรณ์คอมพิวเตอร์-หนองบัวลำภู","","(no link)","รับซื้อ คอมพิวเตอร์ ในหนองบัวลำภู","/รับซื้อ/รับซื้อคอมพิวเตอร์-หนองบัวลำภู","รับซื้อ คอมพิวเตอร์ ในหนองบัวลำภู","added_sidebar_link_only","Batch 11 selective hub-spoke strengthening","ADDED"
"/รับซื้อ/รับซื้ออุปกรณ์คอมพิวเตอร์-หนองบัวลำภู","","(no link)","รับซื้อ iPhone ในหนองบัวลำภู","/รับซื้อ/รับซื้อ-iphone-หนองบัวลำภู","รับซื้อ iPhone ในหนองบัวลำภู","added_sidebar_link_only","Batch 11 selective hub-spoke strengthening","ADDED"
"/รับซื้อ/รับซื้ออุปกรณ์คอมพิวเตอร์-อำนาจเจริญ","","(no link)","รับซื้อ โน๊ตบุ๊ค ในอำนาจเจริญ","/รับซื้อ/รับซื้อโน๊ตบุ๊ค-อำนาจเจริญ","รับซื้อ โน๊ตบุ๊ค ในอำนาจเจริญ","added_sidebar_link_only","Batch 11 selective hub-spoke strengthening","ADDED"
"/รับซื้อ/รับซื้ออุปกรณ์คอมพิวเตอร์-อำนาจเจริญ","","(no link)","รับซื้อ MacBook ในอำนาจเจริญ","/รับซื้อ/รับซื้อ-macbook-อำนาจเจริญ","รับซื้อ MacBook ในอำนาจเจริญ","added_sidebar_link_only","Batch 11 selective hub-spoke strengthening","ADDED"
"/รับซื้อ/รับซื้ออุปกรณ์คอมพิวเตอร์-อำนาจเจริญ","","(no link)","รับซื้อ คอมพิวเตอร์ ในอำนาจเจริญ","/รับซื้อ/รับซื้อคอมพิวเตอร์-อำนาจเจริญ","รับซื้อ คอมพิวเตอร์ ในอำนาจเจริญ","added_sidebar_link_only","Batch 11 selective hub-spoke strengthening","ADDED"
"/รับซื้อ/รับซื้ออุปกรณ์คอมพิวเตอร์-อำนาจเจริญ","","(no link)","รับซื้อ iPhone ในอำนาจเจริญ","/รับซื้อ/รับซื้อ-iphone-อำนาจเจริญ","รับซื้อ iPhone ในอำนาจเจริญ","added_sidebar_link_only","Batch 11 selective hub-spoke strengthening","ADDED"
"/รับซื้อ/รับซื้ออุปกรณ์คอมพิวเตอร์-อุดรธานี","","(no link)","รับซื้อ โน๊ตบุ๊ค ในอุดรธานี","/รับซื้อ/รับซื้อโน๊ตบุ๊ค-อุดรธานี","รับซื้อ โน๊ตบุ๊ค ในอุดรธานี","added_sidebar_link_only","Batch 11 selective hub-spoke strengthening","ADDED"
"/รับซื้อ/รับซื้ออุปกรณ์คอมพิวเตอร์-อุดรธานี","","(no link)","รับซื้อ MacBook ในอุดรธานี","/รับซื้อ/รับซื้อ-macbook-อุดรธานี","รับซื้อ MacBook ในอุดรธานี","added_sidebar_link_only","Batch 11 selective hub-spoke strengthening","ADDED"
"/รับซื้อ/รับซื้ออุปกรณ์คอมพิวเตอร์-อุดรธานี","","(no link)","รับซื้อ คอมพิวเตอร์ ในอุดรธานี","/รับซื้อ/รับซื้อคอมพิวเตอร์-อุดรธานี","รับซื้อ คอมพิวเตอร์ ในอุดรธานี","added_sidebar_link_only","Batch 11 selective hub-spoke strengthening","ADDED"
"/รับซื้อ/รับซื้ออุปกรณ์คอมพิวเตอร์-อุดรธานี","","(no link)","รับซื้อ iPhone ในอุดรธานี","/รับซื้อ/รับซื้อ-iphone-อุดรธานี","รับซื้อ iPhone ในอุดรธานี","added_sidebar_link_only","Batch 11 selective hub-spoke strengthening","ADDED"
"/รับซื้อ/รับซื้ออุปกรณ์คอมพิวเตอร์-อุบลราชธานี","","(no link)","รับซื้อโน๊ตบุ๊ค ในอุบลราชธานี","/รับซื้อ/รับซื้อโน๊ตบุ๊ค-อุบลราชธานี","รับซื้อโน๊ตบุ๊ค ในอุบลราชธานี","added_sidebar_link_only","Batch 11 selective hub-spoke strengthening","ADDED"
"/รับซื้อ/รับซื้ออุปกรณ์คอมพิวเตอร์-อุบลราชธานี","","(no link)","รับซื้อ MacBook ในอุบลราชธานี","/รับซื้อ/รับซื้อ-macbook-อุบลราชธานี","รับซื้อ MacBook ในอุบลราชธานี","added_sidebar_link_only","Batch 11 selective hub-spoke strengthening","ADDED"
"/รับซื้อ/รับซื้ออุปกรณ์คอมพิวเตอร์-อุบลราชธานี","","(no link)","รับซื้อคอมพิวเตอร์ ในอุบลราชธานี","/รับซื้อ/รับซื้อคอมพิวเตอร์-อุบลราชธานี","รับซื้อคอมพิวเตอร์ ในอุบลราชธานี","added_sidebar_link_only","Batch 11 selective hub-spoke strengthening","ADDED"
"/รับซื้อ/รับซื้ออุปกรณ์คอมพิวเตอร์-อุบลราชธานี","","(no link)","รับซื้อ iPhone ในอุบลราชธานี","/รับซื้อ/รับซื้อ-iphone-อุบลราชธานี","รับซื้อ iPhone ในอุบลราชธานี","added_sidebar_link_only","Batch 11 selective hub-spoke strengthening","ADDED"
"/รับซื้อ/รับซื้ออุปกรณ์คอมพิวเตอร์-เลย","","(no link)","รับซื้อ โน๊ตบุ๊ค ในเลย","/รับซื้อ/รับซื้อโน๊ตบุ๊ค-เลย","รับซื้อ โน๊ตบุ๊ค ในเลย","added_sidebar_link_only","Batch 11 selective hub-spoke strengthening","ADDED"
"/รับซื้อ/รับซื้ออุปกรณ์คอมพิวเตอร์-เลย","","(no link)","รับซื้อ MacBook ในเลย","/รับซื้อ/รับซื้อ-macbook-เลย","รับซื้อ MacBook ในเลย","added_sidebar_link_only","Batch 11 selective hub-spoke strengthening","ADDED"
"/รับซื้อ/รับซื้ออุปกรณ์คอมพิวเตอร์-เลย","","(no link)","รับซื้อ คอมพิวเตอร์ ในเลย","/รับซื้อ/รับซื้อคอมพิวเตอร์-เลย","รับซื้อ คอมพิวเตอร์ ในเลย","added_sidebar_link_only","Batch 11 selective hub-spoke strengthening","ADDED"
"/รับซื้อ/รับซื้ออุปกรณ์คอมพิวเตอร์-เลย","","(no link)","รับซื้อ iPhone ในเลย","/รับซื้อ/รับซื้อ-iphone-เลย","รับซื้อ iPhone ในเลย","added_sidebar_link_only","Batch 11 selective hub-spoke strengthening","ADDED"
"/รับซื้อ/รับซื้ออุปกรณ์ไอที-กาฬสินธุ์","","(no link)","รับซื้อ โน๊ตบุ๊ค ในกาฬสินธุ์","/รับซื้อ/รับซื้อโน๊ตบุ๊ค-กาฬสินธุ์","รับซื้อ โน๊ตบุ๊ค ในกาฬสินธุ์","added_sidebar_link_only","Batch 11 selective hub-spoke strengthening","ADDED"
"/รับซื้อ/รับซื้ออุปกรณ์ไอที-กาฬสินธุ์","","(no link)","รับซื้อ MacBook ในกาฬสินธุ์","/รับซื้อ/รับซื้อ-macbook-กาฬสินธุ์","รับซื้อ MacBook ในกาฬสินธุ์","added_sidebar_link_only","Batch 11 selective hub-spoke strengthening","ADDED"
"/รับซื้อ/รับซื้ออุปกรณ์ไอที-กาฬสินธุ์","","(no link)","รับซื้อ คอมพิวเตอร์ ในกาฬสินธุ์","/รับซื้อ/รับซื้อคอมพิวเตอร์-กาฬสินธุ์","รับซื้อ คอมพิวเตอร์ ในกาฬสินธุ์","added_sidebar_link_only","Batch 11 selective hub-spoke strengthening","ADDED"
"/รับซื้อ/รับซื้ออุปกรณ์ไอที-กาฬสินธุ์","","(no link)","รับซื้อ iPhone ในกาฬสินธุ์","/รับซื้อ/รับซื้อ-iphone-กาฬสินธุ์","รับซื้อ iPhone ในกาฬสินธุ์","added_sidebar_link_only","Batch 11 selective hub-spoke strengthening","ADDED"
"/รับซื้อ/รับซื้ออุปกรณ์ไอที-ขอนแก่น","","(no link)","รับซื้อ โน๊ตบุ๊ค ในขอนแก่น","/รับซื้อ/รับซื้อโน๊ตบุ๊ค-ขอนแก่น","รับซื้อ โน๊ตบุ๊ค ในขอนแก่น","added_sidebar_link_only","Batch 11 selective hub-spoke strengthening","ADDED"
"/รับซื้อ/รับซื้ออุปกรณ์ไอที-ขอนแก่น","","(no link)","รับซื้อ MacBook ในขอนแก่น","/รับซื้อ/รับซื้อ-macbook-ขอนแก่น","รับซื้อ MacBook ในขอนแก่น","added_sidebar_link_only","Batch 11 selective hub-spoke strengthening","ADDED"
"/รับซื้อ/รับซื้ออุปกรณ์ไอที-ขอนแก่น","","(no link)","รับซื้อ คอมพิวเตอร์ ในขอนแก่น","/รับซื้อ/รับซื้อคอมพิวเตอร์-ขอนแก่น","รับซื้อ คอมพิวเตอร์ ในขอนแก่น","added_sidebar_link_only","Batch 11 selective hub-spoke strengthening","ADDED"
"/รับซื้อ/รับซื้ออุปกรณ์ไอที-ขอนแก่น","","(no link)","รับซื้อ iPhone ในขอนแก่น","/รับซื้อ/รับซื้อ-iphone-ขอนแก่น","รับซื้อ iPhone ในขอนแก่น","added_sidebar_link_only","Batch 11 selective hub-spoke strengthening","ADDED"
"/รับซื้อ/รับซื้ออุปกรณ์ไอที-ชัยภูมิ","","(no link)","รับซื้อ โน๊ตบุ๊ค ในชัยภูมิ","/รับซื้อ/รับซื้อโน๊ตบุ๊ค-ชัยภูมิ","รับซื้อ โน๊ตบุ๊ค ในชัยภูมิ","added_sidebar_link_only","Batch 11 selective hub-spoke strengthening","ADDED"
"/รับซื้อ/รับซื้ออุปกรณ์ไอที-ชัยภูมิ","","(no link)","รับซื้อ MacBook ในชัยภูมิ","/รับซื้อ/รับซื้อ-macbook-ชัยภูมิ","รับซื้อ MacBook ในชัยภูมิ","added_sidebar_link_only","Batch 11 selective hub-spoke strengthening","ADDED"
"/รับซื้อ/รับซื้ออุปกรณ์ไอที-ชัยภูมิ","","(no link)","รับซื้อ คอมพิวเตอร์ ในชัยภูมิ","/รับซื้อ/รับซื้อคอมพิวเตอร์-ชัยภูมิ","รับซื้อ คอมพิวเตอร์ ในชัยภูมิ","added_sidebar_link_only","Batch 11 selective hub-spoke strengthening","ADDED"
"/รับซื้อ/รับซื้ออุปกรณ์ไอที-ชัยภูมิ","","(no link)","รับซื้อ iPhone ในชัยภูมิ","/รับซื้อ/รับซื้อ-iphone-ชัยภูมิ","รับซื้อ iPhone ในชัยภูมิ","added_sidebar_link_only","Batch 11 selective hub-spoke strengthening","ADDED"
"/รับซื้อ/รับซื้ออุปกรณ์ไอที-นครพนม","","(no link)","รับซื้อ โน๊ตบุ๊ค ในนครพนม","/รับซื้อ/รับซื้อโน๊ตบุ๊ค-นครพนม","รับซื้อ โน๊ตบุ๊ค ในนครพนม","added_sidebar_link_only","Batch 11 selective hub-spoke strengthening","ADDED"
"/รับซื้อ/รับซื้ออุปกรณ์ไอที-นครพนม","","(no link)","รับซื้อ MacBook ในนครพนม","/รับซื้อ/รับซื้อ-macbook-นครพนม","รับซื้อ MacBook ในนครพนม","added_sidebar_link_only","Batch 11 selective hub-spoke strengthening","ADDED"
"/รับซื้อ/รับซื้ออุปกรณ์ไอที-นครพนม","","(no link)","รับซื้อ คอมพิวเตอร์ ในนครพนม","/รับซื้อ/รับซื้อคอมพิวเตอร์-นครพนม","รับซื้อ คอมพิวเตอร์ ในนครพนม","added_sidebar_link_only","Batch 11 selective hub-spoke strengthening","ADDED"
"/รับซื้อ/รับซื้ออุปกรณ์ไอที-นครพนม","","(no link)","รับซื้อ iPhone ในนครพนม","/รับซื้อ/รับซื้อ-iphone-นครพนม","รับซื้อ iPhone ในนครพนม","added_sidebar_link_only","Batch 11 selective hub-spoke strengthening","ADDED"
"/รับซื้อ/รับซื้ออุปกรณ์ไอที-นครราชสีมา","","(no link)","รับซื้อ โน๊ตบุ๊ค ในนครราชสีมา","/รับซื้อ/รับซื้อโน๊ตบุ๊ค-นครราชสีมา","รับซื้อ โน๊ตบุ๊ค ในนครราชสีมา","added_sidebar_link_only","Batch 11 selective hub-spoke strengthening","ADDED"
"/รับซื้อ/รับซื้ออุปกรณ์ไอที-นครราชสีมา","","(no link)","รับซื้อ MacBook ในนครราชสีมา","/รับซื้อ/รับซื้อ-macbook-นครราชสีมา","รับซื้อ MacBook ในนครราชสีมา","added_sidebar_link_only","Batch 11 selective hub-spoke strengthening","ADDED"
"/รับซื้อ/รับซื้ออุปกรณ์ไอที-นครราชสีมา","","(no link)","รับซื้อ คอมพิวเตอร์ ในนครราชสีมา","/รับซื้อ/รับซื้อคอมพิวเตอร์-นครราชสีมา","รับซื้อ คอมพิวเตอร์ ในนครราชสีมา","added_sidebar_link_only","Batch 11 selective hub-spoke strengthening","ADDED"
"/รับซื้อ/รับซื้ออุปกรณ์ไอที-นครราชสีมา","","(no link)","รับซื้อ iPhone ในนครราชสีมา","/รับซื้อ/รับซื้อ-iphone-นครราชสีมา","รับซื้อ iPhone ในนครราชสีมา","added_sidebar_link_only","Batch 11 selective hub-spoke strengthening","ADDED"
"/รับซื้อ/รับซื้ออุปกรณ์ไอที-บึงกาฬ","","(no link)","รับซื้อ โน๊ตบุ๊ค ในบึงกาฬ","/รับซื้อ/รับซื้อโน๊ตบุ๊ค-บึงกาฬ","รับซื้อ โน๊ตบุ๊ค ในบึงกาฬ","added_sidebar_link_only","Batch 11 selective hub-spoke strengthening","ADDED"
"/รับซื้อ/รับซื้ออุปกรณ์ไอที-บึงกาฬ","","(no link)","รับซื้อ MacBook ในบึงกาฬ","/รับซื้อ/รับซื้อ-macbook-บึงกาฬ","รับซื้อ MacBook ในบึงกาฬ","added_sidebar_link_only","Batch 11 selective hub-spoke strengthening","ADDED"
"/รับซื้อ/รับซื้ออุปกรณ์ไอที-บึงกาฬ","","(no link)","รับซื้อ คอมพิวเตอร์ ในบึงกาฬ","/รับซื้อ/รับซื้อคอมพิวเตอร์-บึงกาฬ","รับซื้อ คอมพิวเตอร์ ในบึงกาฬ","added_sidebar_link_only","Batch 11 selective hub-spoke strengthening","ADDED"
"/รับซื้อ/รับซื้ออุปกรณ์ไอที-บึงกาฬ","","(no link)","รับซื้อ iPhone ในบึงกาฬ","/รับซื้อ/รับซื้อ-iphone-บึงกาฬ","รับซื้อ iPhone ในบึงกาฬ","added_sidebar_link_only","Batch 11 selective hub-spoke strengthening","ADDED"
"/รับซื้อ/รับซื้ออุปกรณ์ไอที-บุรีรัมย์","","(no link)","รับซื้อ โน๊ตบุ๊ค ในบุรีรัมย์","/รับซื้อ/รับซื้อโน๊ตบุ๊ค-บุรีรัมย์","รับซื้อ โน๊ตบุ๊ค ในบุรีรัมย์","added_sidebar_link_only","Batch 11 selective hub-spoke strengthening","ADDED"
"/รับซื้อ/รับซื้ออุปกรณ์ไอที-บุรีรัมย์","","(no link)","รับซื้อ MacBook ในบุรีรัมย์","/รับซื้อ/รับซื้อ-macbook-บุรีรัมย์","รับซื้อ MacBook ในบุรีรัมย์","added_sidebar_link_only","Batch 11 selective hub-spoke strengthening","ADDED"
"/รับซื้อ/รับซื้ออุปกรณ์ไอที-บุรีรัมย์","","(no link)","รับซื้อ คอมพิวเตอร์ ในบุรีรัมย์","/รับซื้อ/รับซื้อคอมพิวเตอร์-บุรีรัมย์","รับซื้อ คอมพิวเตอร์ ในบุรีรัมย์","added_sidebar_link_only","Batch 11 selective hub-spoke strengthening","ADDED"
"/รับซื้อ/รับซื้ออุปกรณ์ไอที-บุรีรัมย์","","(no link)","รับซื้อ iPhone ในบุรีรัมย์","/รับซื้อ/รับซื้อ-iphone-บุรีรัมย์","รับซื้อ iPhone ในบุรีรัมย์","added_sidebar_link_only","Batch 11 selective hub-spoke strengthening","ADDED"
"/รับซื้อ/รับซื้ออุปกรณ์ไอที-มหาสารคาม","","(no link)","รับซื้อ โน๊ตบุ๊ค ในมหาสารคาม","/รับซื้อ/รับซื้อโน๊ตบุ๊ค-มหาสารคาม","รับซื้อ โน๊ตบุ๊ค ในมหาสารคาม","added_sidebar_link_only","Batch 11 selective hub-spoke strengthening","ADDED"
"/รับซื้อ/รับซื้ออุปกรณ์ไอที-มหาสารคาม","","(no link)","รับซื้อ MacBook ในมหาสารคาม","/รับซื้อ/รับซื้อ-macbook-มหาสารคาม","รับซื้อ MacBook ในมหาสารคาม","added_sidebar_link_only","Batch 11 selective hub-spoke strengthening","ADDED"
"/รับซื้อ/รับซื้ออุปกรณ์ไอที-มหาสารคาม","","(no link)","รับซื้อ คอมพิวเตอร์ ในมหาสารคาม","/รับซื้อ/รับซื้อคอมพิวเตอร์-มหาสารคาม","รับซื้อ คอมพิวเตอร์ ในมหาสารคาม","added_sidebar_link_only","Batch 11 selective hub-spoke strengthening","ADDED"
"/รับซื้อ/รับซื้ออุปกรณ์ไอที-มหาสารคาม","","(no link)","รับซื้อ iPhone ในมหาสารคาม","/รับซื้อ/รับซื้อ-iphone-มหาสารคาม","รับซื้อ iPhone ในมหาสารคาม","added_sidebar_link_only","Batch 11 selective hub-spoke strengthening","ADDED"
"/รับซื้อ/รับซื้ออุปกรณ์ไอที-มุกดาหาร","","(no link)","รับซื้อ โน๊ตบุ๊ค ในมุกดาหาร","/รับซื้อ/รับซื้อโน๊ตบุ๊ค-มุกดาหาร","รับซื้อ โน๊ตบุ๊ค ในมุกดาหาร","added_sidebar_link_only","Batch 11 selective hub-spoke strengthening","ADDED"
"/รับซื้อ/รับซื้ออุปกรณ์ไอที-มุกดาหาร","","(no link)","รับซื้อ MacBook ในมุกดาหาร","/รับซื้อ/รับซื้อ-macbook-มุกดาหาร","รับซื้อ MacBook ในมุกดาหาร","added_sidebar_link_only","Batch 11 selective hub-spoke strengthening","ADDED"
"/รับซื้อ/รับซื้ออุปกรณ์ไอที-มุกดาหาร","","(no link)","รับซื้อ คอมพิวเตอร์ ในมุกดาหาร","/รับซื้อ/รับซื้อคอมพิวเตอร์-มุกดาหาร","รับซื้อ คอมพิวเตอร์ ในมุกดาหาร","added_sidebar_link_only","Batch 11 selective hub-spoke strengthening","ADDED"
"/รับซื้อ/รับซื้ออุปกรณ์ไอที-มุกดาหาร","","(no link)","รับซื้อ iPhone ในมุกดาหาร","/รับซื้อ/รับซื้อ-iphone-มุกดาหาร","รับซื้อ iPhone ในมุกดาหาร","added_sidebar_link_only","Batch 11 selective hub-spoke strengthening","ADDED"
"/รับซื้อ/รับซื้ออุปกรณ์ไอที-ยโสธร","","(no link)","รับซื้อ โน๊ตบุ๊ค ในยโสธร","/รับซื้อ/รับซื้อโน๊ตบุ๊ค-ยโสธร","รับซื้อ โน๊ตบุ๊ค ในยโสธร","added_sidebar_link_only","Batch 11 selective hub-spoke strengthening","ADDED"
"/รับซื้อ/รับซื้ออุปกรณ์ไอที-ยโสธร","","(no link)","รับซื้อ MacBook ในยโสธร","/รับซื้อ/รับซื้อ-macbook-ยโสธร","รับซื้อ MacBook ในยโสธร","added_sidebar_link_only","Batch 11 selective hub-spoke strengthening","ADDED"
"/รับซื้อ/รับซื้ออุปกรณ์ไอที-ยโสธร","","(no link)","รับซื้อ คอมพิวเตอร์ ในยโสธร","/รับซื้อ/รับซื้อคอมพิวเตอร์-ยโสธร","รับซื้อ คอมพิวเตอร์ ในยโสธร","added_sidebar_link_only","Batch 11 selective hub-spoke strengthening","ADDED"
"/รับซื้อ/รับซื้ออุปกรณ์ไอที-ยโสธร","","(no link)","รับซื้อ iPhone ในยโสธร","/รับซื้อ/รับซื้อ-iphone-ยโสธร","รับซื้อ iPhone ในยโสธร","added_sidebar_link_only","Batch 11 selective hub-spoke strengthening","ADDED"
"/รับซื้อ/รับซื้ออุปกรณ์ไอที-ร้อยเอ็ด","","(no link)","รับซื้อ โน๊ตบุ๊ค ในร้อยเอ็ด","/รับซื้อ/รับซื้อโน๊ตบุ๊ค-ร้อยเอ็ด","รับซื้อ โน๊ตบุ๊ค ในร้อยเอ็ด","added_sidebar_link_only","Batch 11 selective hub-spoke strengthening","ADDED"
"/รับซื้อ/รับซื้ออุปกรณ์ไอที-ร้อยเอ็ด","","(no link)","รับซื้อ MacBook ในร้อยเอ็ด","/รับซื้อ/รับซื้อ-macbook-ร้อยเอ็ด","รับซื้อ MacBook ในร้อยเอ็ด","added_sidebar_link_only","Batch 11 selective hub-spoke strengthening","ADDED"
"/รับซื้อ/รับซื้ออุปกรณ์ไอที-ร้อยเอ็ด","","(no link)","รับซื้อ คอมพิวเตอร์ ในร้อยเอ็ด","/รับซื้อ/รับซื้อคอมพิวเตอร์-ร้อยเอ็ด","รับซื้อ คอมพิวเตอร์ ในร้อยเอ็ด","added_sidebar_link_only","Batch 11 selective hub-spoke strengthening","ADDED"
"/รับซื้อ/รับซื้ออุปกรณ์ไอที-ร้อยเอ็ด","","(no link)","รับซื้อ iPhone ในร้อยเอ็ด","/รับซื้อ/รับซื้อ-iphone-ร้อยเอ็ด","รับซื้อ iPhone ในร้อยเอ็ด","added_sidebar_link_only","Batch 11 selective hub-spoke strengthening","ADDED"
"/รับซื้อ/รับซื้ออุปกรณ์ไอที-ศรีสะเกษ","","(no link)","รับซื้อ โน๊ตบุ๊ค ในศรีสะเกษ","/รับซื้อ/รับซื้อโน๊ตบุ๊ค-ศรีสะเกษ","รับซื้อ โน๊ตบุ๊ค ในศรีสะเกษ","added_sidebar_link_only","Batch 11 selective hub-spoke strengthening","ADDED"
"/รับซื้อ/รับซื้ออุปกรณ์ไอที-ศรีสะเกษ","","(no link)","รับซื้อ MacBook ในศรีสะเกษ","/รับซื้อ/รับซื้อ-macbook-ศรีสะเกษ","รับซื้อ MacBook ในศรีสะเกษ","added_sidebar_link_only","Batch 11 selective hub-spoke strengthening","ADDED"
"/รับซื้อ/รับซื้ออุปกรณ์ไอที-ศรีสะเกษ","","(no link)","รับซื้อ คอมพิวเตอร์ ในศรีสะเกษ","/รับซื้อ/รับซื้อคอมพิวเตอร์-ศรีสะเกษ","รับซื้อ คอมพิวเตอร์ ในศรีสะเกษ","added_sidebar_link_only","Batch 11 selective hub-spoke strengthening","ADDED"
"/รับซื้อ/รับซื้ออุปกรณ์ไอที-ศรีสะเกษ","","(no link)","รับซื้อ iPhone ในศรีสะเกษ","/รับซื้อ/รับซื้อ-iphone-ศรีสะเกษ","รับซื้อ iPhone ในศรีสะเกษ","added_sidebar_link_only","Batch 11 selective hub-spoke strengthening","ADDED"
"/รับซื้อ/รับซื้ออุปกรณ์ไอที-สกลนคร","","(no link)","รับซื้อ โน๊ตบุ๊ค ในสกลนคร","/รับซื้อ/รับซื้อโน๊ตบุ๊ค-สกลนคร","รับซื้อ โน๊ตบุ๊ค ในสกลนคร","added_sidebar_link_only","Batch 11 selective hub-spoke strengthening","ADDED"
"/รับซื้อ/รับซื้ออุปกรณ์ไอที-สกลนคร","","(no link)","รับซื้อ MacBook ในสกลนคร","/รับซื้อ/รับซื้อ-macbook-สกลนคร","รับซื้อ MacBook ในสกลนคร","added_sidebar_link_only","Batch 11 selective hub-spoke strengthening","ADDED"
"/รับซื้อ/รับซื้ออุปกรณ์ไอที-สกลนคร","","(no link)","รับซื้อ คอมพิวเตอร์ ในสกลนคร","/รับซื้อ/รับซื้อคอมพิวเตอร์-สกลนคร","รับซื้อ คอมพิวเตอร์ ในสกลนคร","added_sidebar_link_only","Batch 11 selective hub-spoke strengthening","ADDED"
"/รับซื้อ/รับซื้ออุปกรณ์ไอที-สกลนคร","","(no link)","รับซื้อ iPhone ในสกลนคร","/รับซื้อ/รับซื้อ-iphone-สกลนคร","รับซื้อ iPhone ในสกลนคร","added_sidebar_link_only","Batch 11 selective hub-spoke strengthening","ADDED"
"/รับซื้อ/รับซื้ออุปกรณ์ไอที-สุรินทร์","","(no link)","รับซื้อ โน๊ตบุ๊ค ในสุรินทร์","/รับซื้อ/รับซื้อโน๊ตบุ๊ค-สุรินทร์","รับซื้อ โน๊ตบุ๊ค ในสุรินทร์","added_sidebar_link_only","Batch 11 selective hub-spoke strengthening","ADDED"
"/รับซื้อ/รับซื้ออุปกรณ์ไอที-สุรินทร์","","(no link)","รับซื้อ MacBook ในสุรินทร์","/รับซื้อ/รับซื้อ-macbook-สุรินทร์","รับซื้อ MacBook ในสุรินทร์","added_sidebar_link_only","Batch 11 selective hub-spoke strengthening","ADDED"
"/รับซื้อ/รับซื้ออุปกรณ์ไอที-สุรินทร์","","(no link)","รับซื้อ คอมพิวเตอร์ ในสุรินทร์","/รับซื้อ/รับซื้อคอมพิวเตอร์-สุรินทร์","รับซื้อ คอมพิวเตอร์ ในสุรินทร์","added_sidebar_link_only","Batch 11 selective hub-spoke strengthening","ADDED"
"/รับซื้อ/รับซื้ออุปกรณ์ไอที-สุรินทร์","","(no link)","รับซื้อ iPhone ในสุรินทร์","/รับซื้อ/รับซื้อ-iphone-สุรินทร์","รับซื้อ iPhone ในสุรินทร์","added_sidebar_link_only","Batch 11 selective hub-spoke strengthening","ADDED"
"/รับซื้อ/รับซื้ออุปกรณ์ไอที-หนองคาย","","(no link)","รับซื้อ โน๊ตบุ๊ค ในหนองคาย","/รับซื้อ/รับซื้อโน๊ตบุ๊ค-หนองคาย","รับซื้อ โน๊ตบุ๊ค ในหนองคาย","added_sidebar_link_only","Batch 11 selective hub-spoke strengthening","ADDED"
"/รับซื้อ/รับซื้ออุปกรณ์ไอที-หนองคาย","","(no link)","รับซื้อ MacBook ในหนองคาย","/รับซื้อ/รับซื้อ-macbook-หนองคาย","รับซื้อ MacBook ในหนองคาย","added_sidebar_link_only","Batch 11 selective hub-spoke strengthening","ADDED"
"/รับซื้อ/รับซื้ออุปกรณ์ไอที-หนองคาย","","(no link)","รับซื้อ คอมพิวเตอร์ ในหนองคาย","/รับซื้อ/รับซื้อคอมพิวเตอร์-หนองคาย","รับซื้อ คอมพิวเตอร์ ในหนองคาย","added_sidebar_link_only","Batch 11 selective hub-spoke strengthening","ADDED"
"/รับซื้อ/รับซื้ออุปกรณ์ไอที-หนองคาย","","(no link)","รับซื้อ iPhone ในหนองคาย","/รับซื้อ/รับซื้อ-iphone-หนองคาย","รับซื้อ iPhone ในหนองคาย","added_sidebar_link_only","Batch 11 selective hub-spoke strengthening","ADDED"
"/รับซื้อ/รับซื้ออุปกรณ์ไอที-หนองบัวลำภู","","(no link)","รับซื้อ โน๊ตบุ๊ค ในหนองบัวลำภู","/รับซื้อ/รับซื้อโน๊ตบุ๊ค-หนองบัวลำภู","รับซื้อ โน๊ตบุ๊ค ในหนองบัวลำภู","added_sidebar_link_only","Batch 11 selective hub-spoke strengthening","ADDED"
"/รับซื้อ/รับซื้ออุปกรณ์ไอที-หนองบัวลำภู","","(no link)","รับซื้อ MacBook ในหนองบัวลำภู","/รับซื้อ/รับซื้อ-macbook-หนองบัวลำภู","รับซื้อ MacBook ในหนองบัวลำภู","added_sidebar_link_only","Batch 11 selective hub-spoke strengthening","ADDED"
"/รับซื้อ/รับซื้ออุปกรณ์ไอที-หนองบัวลำภู","","(no link)","รับซื้อ คอมพิวเตอร์ ในหนองบัวลำภู","/รับซื้อ/รับซื้อคอมพิวเตอร์-หนองบัวลำภู","รับซื้อ คอมพิวเตอร์ ในหนองบัวลำภู","added_sidebar_link_only","Batch 11 selective hub-spoke strengthening","ADDED"
"/รับซื้อ/รับซื้ออุปกรณ์ไอที-หนองบัวลำภู","","(no link)","รับซื้อ iPhone ในหนองบัวลำภู","/รับซื้อ/รับซื้อ-iphone-หนองบัวลำภู","รับซื้อ iPhone ในหนองบัวลำภู","added_sidebar_link_only","Batch 11 selective hub-spoke strengthening","ADDED"
"/รับซื้อ/รับซื้ออุปกรณ์ไอที-อำนาจเจริญ","","(no link)","รับซื้อ โน๊ตบุ๊ค ในอำนาจเจริญ","/รับซื้อ/รับซื้อโน๊ตบุ๊ค-อำนาจเจริญ","รับซื้อ โน๊ตบุ๊ค ในอำนาจเจริญ","added_sidebar_link_only","Batch 11 selective hub-spoke strengthening","ADDED"
"/รับซื้อ/รับซื้ออุปกรณ์ไอที-อำนาจเจริญ","","(no link)","รับซื้อ MacBook ในอำนาจเจริญ","/รับซื้อ/รับซื้อ-macbook-อำนาจเจริญ","รับซื้อ MacBook ในอำนาจเจริญ","added_sidebar_link_only","Batch 11 selective hub-spoke strengthening","ADDED"
"/รับซื้อ/รับซื้ออุปกรณ์ไอที-อำนาจเจริญ","","(no link)","รับซื้อ คอมพิวเตอร์ ในอำนาจเจริญ","/รับซื้อ/รับซื้อคอมพิวเตอร์-อำนาจเจริญ","รับซื้อ คอมพิวเตอร์ ในอำนาจเจริญ","added_sidebar_link_only","Batch 11 selective hub-spoke strengthening","ADDED"
"/รับซื้อ/รับซื้ออุปกรณ์ไอที-อำนาจเจริญ","","(no link)","รับซื้อ iPhone ในอำนาจเจริญ","/รับซื้อ/รับซื้อ-iphone-อำนาจเจริญ","รับซื้อ iPhone ในอำนาจเจริญ","added_sidebar_link_only","Batch 11 selective hub-spoke strengthening","ADDED"
"/รับซื้อ/รับซื้ออุปกรณ์ไอที-อุดรธานี","","(no link)","รับซื้อ โน๊ตบุ๊ค ในอุดรธานี","/รับซื้อ/รับซื้อโน๊ตบุ๊ค-อุดรธานี","รับซื้อ โน๊ตบุ๊ค ในอุดรธานี","added_sidebar_link_only","Batch 11 selective hub-spoke strengthening","ADDED"
"/รับซื้อ/รับซื้ออุปกรณ์ไอที-อุดรธานี","","(no link)","รับซื้อ MacBook ในอุดรธานี","/รับซื้อ/รับซื้อ-macbook-อุดรธานี","รับซื้อ MacBook ในอุดรธานี","added_sidebar_link_only","Batch 11 selective hub-spoke strengthening","ADDED"
"/รับซื้อ/รับซื้ออุปกรณ์ไอที-อุดรธานี","","(no link)","รับซื้อ คอมพิวเตอร์ ในอุดรธานี","/รับซื้อ/รับซื้อคอมพิวเตอร์-อุดรธานี","รับซื้อ คอมพิวเตอร์ ในอุดรธานี","added_sidebar_link_only","Batch 11 selective hub-spoke strengthening","ADDED"
"/รับซื้อ/รับซื้ออุปกรณ์ไอที-อุดรธานี","","(no link)","รับซื้อ iPhone ในอุดรธานี","/รับซื้อ/รับซื้อ-iphone-อุดรธานี","รับซื้อ iPhone ในอุดรธานี","added_sidebar_link_only","Batch 11 selective hub-spoke strengthening","ADDED"
"/รับซื้อ/รับซื้ออุปกรณ์ไอที-อุบลราชธานี","","(no link)","รับซื้อโน๊ตบุ๊ค ในอุบลราชธานี","/รับซื้อ/รับซื้อโน๊ตบุ๊ค-อุบลราชธานี","รับซื้อโน๊ตบุ๊ค ในอุบลราชธานี","added_sidebar_link_only","Batch 11 selective hub-spoke strengthening","ADDED"
"/รับซื้อ/รับซื้ออุปกรณ์ไอที-อุบลราชธานี","","(no link)","รับซื้อ MacBook ในอุบลราชธานี","/รับซื้อ/รับซื้อ-macbook-อุบลราชธานี","รับซื้อ MacBook ในอุบลราชธานี","added_sidebar_link_only","Batch 11 selective hub-spoke strengthening","ADDED"
"/รับซื้อ/รับซื้ออุปกรณ์ไอที-อุบลราชธานี","","(no link)","รับซื้อคอมพิวเตอร์ ในอุบลราชธานี","/รับซื้อ/รับซื้อคอมพิวเตอร์-อุบลราชธานี","รับซื้อคอมพิวเตอร์ ในอุบลราชธานี","added_sidebar_link_only","Batch 11 selective hub-spoke strengthening","ADDED"
"/รับซื้อ/รับซื้ออุปกรณ์ไอที-อุบลราชธานี","","(no link)","รับซื้อ iPhone ในอุบลราชธานี","/รับซื้อ/รับซื้อ-iphone-อุบลราชธานี","รับซื้อ iPhone ในอุบลราชธานี","added_sidebar_link_only","Batch 11 selective hub-spoke strengthening","ADDED"
"/รับซื้อ/รับซื้ออุปกรณ์ไอที-เลย","","(no link)","รับซื้อ โน๊ตบุ๊ค ในเลย","/รับซื้อ/รับซื้อโน๊ตบุ๊ค-เลย","รับซื้อ โน๊ตบุ๊ค ในเลย","added_sidebar_link_only","Batch 11 selective hub-spoke strengthening","ADDED"
"/รับซื้อ/รับซื้ออุปกรณ์ไอที-เลย","","(no link)","รับซื้อ MacBook ในเลย","/รับซื้อ/รับซื้อ-macbook-เลย","รับซื้อ MacBook ในเลย","added_sidebar_link_only","Batch 11 selective hub-spoke strengthening","ADDED"
"/รับซื้อ/รับซื้ออุปกรณ์ไอที-เลย","","(no link)","รับซื้อ คอมพิวเตอร์ ในเลย","/รับซื้อ/รับซื้อคอมพิวเตอร์-เลย","รับซื้อ คอมพิวเตอร์ ในเลย","added_sidebar_link_only","Batch 11 selective hub-spoke strengthening","ADDED"
"/รับซื้อ/รับซื้ออุปกรณ์ไอที-เลย","","(no link)","รับซื้อ iPhone ในเลย","/รับซื้อ/รับซื้อ-iphone-เลย","รับซื้อ iPhone ในเลย","added_sidebar_link_only","Batch 11 selective hub-spoke strengthening","ADDED"
"/รับซื้อ/รับซื้อเครื่องเกม-กาฬสินธุ์","","(no link)","รับซื้อ โน๊ตบุ๊ค ในกาฬสินธุ์","/รับซื้อ/รับซื้อโน๊ตบุ๊ค-กาฬสินธุ์","รับซื้อ โน๊ตบุ๊ค ในกาฬสินธุ์","added_sidebar_link_only","Batch 11 selective hub-spoke strengthening","ADDED"
"/รับซื้อ/รับซื้อเครื่องเกม-กาฬสินธุ์","","(no link)","รับซื้อ MacBook ในกาฬสินธุ์","/รับซื้อ/รับซื้อ-macbook-กาฬสินธุ์","รับซื้อ MacBook ในกาฬสินธุ์","added_sidebar_link_only","Batch 11 selective hub-spoke strengthening","ADDED"
"/รับซื้อ/รับซื้อเครื่องเกม-กาฬสินธุ์","","(no link)","รับซื้อ คอมพิวเตอร์ ในกาฬสินธุ์","/รับซื้อ/รับซื้อคอมพิวเตอร์-กาฬสินธุ์","รับซื้อ คอมพิวเตอร์ ในกาฬสินธุ์","added_sidebar_link_only","Batch 11 selective hub-spoke strengthening","ADDED"
"/รับซื้อ/รับซื้อเครื่องเกม-กาฬสินธุ์","","(no link)","รับซื้อ iPhone ในกาฬสินธุ์","/รับซื้อ/รับซื้อ-iphone-กาฬสินธุ์","รับซื้อ iPhone ในกาฬสินธุ์","added_sidebar_link_only","Batch 11 selective hub-spoke strengthening","ADDED"
"/รับซื้อ/รับซื้อเครื่องเกม-ขอนแก่น","","(no link)","รับซื้อ โน๊ตบุ๊ค ในขอนแก่น","/รับซื้อ/รับซื้อโน๊ตบุ๊ค-ขอนแก่น","รับซื้อ โน๊ตบุ๊ค ในขอนแก่น","added_sidebar_link_only","Batch 11 selective hub-spoke strengthening","ADDED"
"/รับซื้อ/รับซื้อเครื่องเกม-ขอนแก่น","","(no link)","รับซื้อ MacBook ในขอนแก่น","/รับซื้อ/รับซื้อ-macbook-ขอนแก่น","รับซื้อ MacBook ในขอนแก่น","added_sidebar_link_only","Batch 11 selective hub-spoke strengthening","ADDED"
"/รับซื้อ/รับซื้อเครื่องเกม-ขอนแก่น","","(no link)","รับซื้อ คอมพิวเตอร์ ในขอนแก่น","/รับซื้อ/รับซื้อคอมพิวเตอร์-ขอนแก่น","รับซื้อ คอมพิวเตอร์ ในขอนแก่น","added_sidebar_link_only","Batch 11 selective hub-spoke strengthening","ADDED"
"/รับซื้อ/รับซื้อเครื่องเกม-ขอนแก่น","","(no link)","รับซื้อ iPhone ในขอนแก่น","/รับซื้อ/รับซื้อ-iphone-ขอนแก่น","รับซื้อ iPhone ในขอนแก่น","added_sidebar_link_only","Batch 11 selective hub-spoke strengthening","ADDED"
"/รับซื้อ/รับซื้อเครื่องเกม-ชัยภูมิ","","(no link)","รับซื้อ โน๊ตบุ๊ค ในชัยภูมิ","/รับซื้อ/รับซื้อโน๊ตบุ๊ค-ชัยภูมิ","รับซื้อ โน๊ตบุ๊ค ในชัยภูมิ","added_sidebar_link_only","Batch 11 selective hub-spoke strengthening","ADDED"
"/รับซื้อ/รับซื้อเครื่องเกม-ชัยภูมิ","","(no link)","รับซื้อ MacBook ในชัยภูมิ","/รับซื้อ/รับซื้อ-macbook-ชัยภูมิ","รับซื้อ MacBook ในชัยภูมิ","added_sidebar_link_only","Batch 11 selective hub-spoke strengthening","ADDED"
"/รับซื้อ/รับซื้อเครื่องเกม-ชัยภูมิ","","(no link)","รับซื้อ คอมพิวเตอร์ ในชัยภูมิ","/รับซื้อ/รับซื้อคอมพิวเตอร์-ชัยภูมิ","รับซื้อ คอมพิวเตอร์ ในชัยภูมิ","added_sidebar_link_only","Batch 11 selective hub-spoke strengthening","ADDED"
"/รับซื้อ/รับซื้อเครื่องเกม-ชัยภูมิ","","(no link)","รับซื้อ iPhone ในชัยภูมิ","/รับซื้อ/รับซื้อ-iphone-ชัยภูมิ","รับซื้อ iPhone ในชัยภูมิ","added_sidebar_link_only","Batch 11 selective hub-spoke strengthening","ADDED"
"/รับซื้อ/รับซื้อเครื่องเกม-นครพนม","","(no link)","รับซื้อ โน๊ตบุ๊ค ในนครพนม","/รับซื้อ/รับซื้อโน๊ตบุ๊ค-นครพนม","รับซื้อ โน๊ตบุ๊ค ในนครพนม","added_sidebar_link_only","Batch 11 selective hub-spoke strengthening","ADDED"
"/รับซื้อ/รับซื้อเครื่องเกม-นครพนม","","(no link)","รับซื้อ MacBook ในนครพนม","/รับซื้อ/รับซื้อ-macbook-นครพนม","รับซื้อ MacBook ในนครพนม","added_sidebar_link_only","Batch 11 selective hub-spoke strengthening","ADDED"
"/รับซื้อ/รับซื้อเครื่องเกม-นครพนม","","(no link)","รับซื้อ คอมพิวเตอร์ ในนครพนม","/รับซื้อ/รับซื้อคอมพิวเตอร์-นครพนม","รับซื้อ คอมพิวเตอร์ ในนครพนม","added_sidebar_link_only","Batch 11 selective hub-spoke strengthening","ADDED"
"/รับซื้อ/รับซื้อเครื่องเกม-นครพนม","","(no link)","รับซื้อ iPhone ในนครพนม","/รับซื้อ/รับซื้อ-iphone-นครพนม","รับซื้อ iPhone ในนครพนม","added_sidebar_link_only","Batch 11 selective hub-spoke strengthening","ADDED"
"/รับซื้อ/รับซื้อเครื่องเกม-นครราชสีมา","","(no link)","รับซื้อ โน๊ตบุ๊ค ในนครราชสีมา","/รับซื้อ/รับซื้อโน๊ตบุ๊ค-นครราชสีมา","รับซื้อ โน๊ตบุ๊ค ในนครราชสีมา","added_sidebar_link_only","Batch 11 selective hub-spoke strengthening","ADDED"
"/รับซื้อ/รับซื้อเครื่องเกม-นครราชสีมา","","(no link)","รับซื้อ MacBook ในนครราชสีมา","/รับซื้อ/รับซื้อ-macbook-นครราชสีมา","รับซื้อ MacBook ในนครราชสีมา","added_sidebar_link_only","Batch 11 selective hub-spoke strengthening","ADDED"
"/รับซื้อ/รับซื้อเครื่องเกม-นครราชสีมา","","(no link)","รับซื้อ คอมพิวเตอร์ ในนครราชสีมา","/รับซื้อ/รับซื้อคอมพิวเตอร์-นครราชสีมา","รับซื้อ คอมพิวเตอร์ ในนครราชสีมา","added_sidebar_link_only","Batch 11 selective hub-spoke strengthening","ADDED"
"/รับซื้อ/รับซื้อเครื่องเกม-นครราชสีมา","","(no link)","รับซื้อ iPhone ในนครราชสีมา","/รับซื้อ/รับซื้อ-iphone-นครราชสีมา","รับซื้อ iPhone ในนครราชสีมา","added_sidebar_link_only","Batch 11 selective hub-spoke strengthening","ADDED"
"/รับซื้อ/รับซื้อเครื่องเกม-บึงกาฬ","","(no link)","รับซื้อ โน๊ตบุ๊ค ในบึงกาฬ","/รับซื้อ/รับซื้อโน๊ตบุ๊ค-บึงกาฬ","รับซื้อ โน๊ตบุ๊ค ในบึงกาฬ","added_sidebar_link_only","Batch 11 selective hub-spoke strengthening","ADDED"
"/รับซื้อ/รับซื้อเครื่องเกม-บึงกาฬ","","(no link)","รับซื้อ MacBook ในบึงกาฬ","/รับซื้อ/รับซื้อ-macbook-บึงกาฬ","รับซื้อ MacBook ในบึงกาฬ","added_sidebar_link_only","Batch 11 selective hub-spoke strengthening","ADDED"
"/รับซื้อ/รับซื้อเครื่องเกม-บึงกาฬ","","(no link)","รับซื้อ คอมพิวเตอร์ ในบึงกาฬ","/รับซื้อ/รับซื้อคอมพิวเตอร์-บึงกาฬ","รับซื้อ คอมพิวเตอร์ ในบึงกาฬ","added_sidebar_link_only","Batch 11 selective hub-spoke strengthening","ADDED"
"/รับซื้อ/รับซื้อเครื่องเกม-บึงกาฬ","","(no link)","รับซื้อ iPhone ในบึงกาฬ","/รับซื้อ/รับซื้อ-iphone-บึงกาฬ","รับซื้อ iPhone ในบึงกาฬ","added_sidebar_link_only","Batch 11 selective hub-spoke strengthening","ADDED"
"/รับซื้อ/รับซื้อเครื่องเกม-บุรีรัมย์","","(no link)","รับซื้อ โน๊ตบุ๊ค ในบุรีรัมย์","/รับซื้อ/รับซื้อโน๊ตบุ๊ค-บุรีรัมย์","รับซื้อ โน๊ตบุ๊ค ในบุรีรัมย์","added_sidebar_link_only","Batch 11 selective hub-spoke strengthening","ADDED"
"/รับซื้อ/รับซื้อเครื่องเกม-บุรีรัมย์","","(no link)","รับซื้อ MacBook ในบุรีรัมย์","/รับซื้อ/รับซื้อ-macbook-บุรีรัมย์","รับซื้อ MacBook ในบุรีรัมย์","added_sidebar_link_only","Batch 11 selective hub-spoke strengthening","ADDED"
"/รับซื้อ/รับซื้อเครื่องเกม-บุรีรัมย์","","(no link)","รับซื้อ คอมพิวเตอร์ ในบุรีรัมย์","/รับซื้อ/รับซื้อคอมพิวเตอร์-บุรีรัมย์","รับซื้อ คอมพิวเตอร์ ในบุรีรัมย์","added_sidebar_link_only","Batch 11 selective hub-spoke strengthening","ADDED"
"/รับซื้อ/รับซื้อเครื่องเกม-บุรีรัมย์","","(no link)","รับซื้อ iPhone ในบุรีรัมย์","/รับซื้อ/รับซื้อ-iphone-บุรีรัมย์","รับซื้อ iPhone ในบุรีรัมย์","added_sidebar_link_only","Batch 11 selective hub-spoke strengthening","ADDED"
"/รับซื้อ/รับซื้อเครื่องเกม-มหาสารคาม","","(no link)","รับซื้อ โน๊ตบุ๊ค ในมหาสารคาม","/รับซื้อ/รับซื้อโน๊ตบุ๊ค-มหาสารคาม","รับซื้อ โน๊ตบุ๊ค ในมหาสารคาม","added_sidebar_link_only","Batch 11 selective hub-spoke strengthening","ADDED"
"/รับซื้อ/รับซื้อเครื่องเกม-มหาสารคาม","","(no link)","รับซื้อ MacBook ในมหาสารคาม","/รับซื้อ/รับซื้อ-macbook-มหาสารคาม","รับซื้อ MacBook ในมหาสารคาม","added_sidebar_link_only","Batch 11 selective hub-spoke strengthening","ADDED"
"/รับซื้อ/รับซื้อเครื่องเกม-มหาสารคาม","","(no link)","รับซื้อ คอมพิวเตอร์ ในมหาสารคาม","/รับซื้อ/รับซื้อคอมพิวเตอร์-มหาสารคาม","รับซื้อ คอมพิวเตอร์ ในมหาสารคาม","added_sidebar_link_only","Batch 11 selective hub-spoke strengthening","ADDED"
"/รับซื้อ/รับซื้อเครื่องเกม-มหาสารคาม","","(no link)","รับซื้อ iPhone ในมหาสารคาม","/รับซื้อ/รับซื้อ-iphone-มหาสารคาม","รับซื้อ iPhone ในมหาสารคาม","added_sidebar_link_only","Batch 11 selective hub-spoke strengthening","ADDED"
"/รับซื้อ/รับซื้อเครื่องเกม-มุกดาหาร","","(no link)","รับซื้อ โน๊ตบุ๊ค ในมุกดาหาร","/รับซื้อ/รับซื้อโน๊ตบุ๊ค-มุกดาหาร","รับซื้อ โน๊ตบุ๊ค ในมุกดาหาร","added_sidebar_link_only","Batch 11 selective hub-spoke strengthening","ADDED"
"/รับซื้อ/รับซื้อเครื่องเกม-มุกดาหาร","","(no link)","รับซื้อ MacBook ในมุกดาหาร","/รับซื้อ/รับซื้อ-macbook-มุกดาหาร","รับซื้อ MacBook ในมุกดาหาร","added_sidebar_link_only","Batch 11 selective hub-spoke strengthening","ADDED"
"/รับซื้อ/รับซื้อเครื่องเกม-มุกดาหาร","","(no link)","รับซื้อ คอมพิวเตอร์ ในมุกดาหาร","/รับซื้อ/รับซื้อคอมพิวเตอร์-มุกดาหาร","รับซื้อ คอมพิวเตอร์ ในมุกดาหาร","added_sidebar_link_only","Batch 11 selective hub-spoke strengthening","ADDED"
"/รับซื้อ/รับซื้อเครื่องเกม-มุกดาหาร","","(no link)","รับซื้อ iPhone ในมุกดาหาร","/รับซื้อ/รับซื้อ-iphone-มุกดาหาร","รับซื้อ iPhone ในมุกดาหาร","added_sidebar_link_only","Batch 11 selective hub-spoke strengthening","ADDED"
"/รับซื้อ/รับซื้อเครื่องเกม-ยโสธร","","(no link)","รับซื้อ โน๊ตบุ๊ค ในยโสธร","/รับซื้อ/รับซื้อโน๊ตบุ๊ค-ยโสธร","รับซื้อ โน๊ตบุ๊ค ในยโสธร","added_sidebar_link_only","Batch 11 selective hub-spoke strengthening","ADDED"
"/รับซื้อ/รับซื้อเครื่องเกม-ยโสธร","","(no link)","รับซื้อ MacBook ในยโสธร","/รับซื้อ/รับซื้อ-macbook-ยโสธร","รับซื้อ MacBook ในยโสธร","added_sidebar_link_only","Batch 11 selective hub-spoke strengthening","ADDED"
"/รับซื้อ/รับซื้อเครื่องเกม-ยโสธร","","(no link)","รับซื้อ คอมพิวเตอร์ ในยโสธร","/รับซื้อ/รับซื้อคอมพิวเตอร์-ยโสธร","รับซื้อ คอมพิวเตอร์ ในยโสธร","added_sidebar_link_only","Batch 11 selective hub-spoke strengthening","ADDED"
"/รับซื้อ/รับซื้อเครื่องเกม-ยโสธร","","(no link)","รับซื้อ iPhone ในยโสธร","/รับซื้อ/รับซื้อ-iphone-ยโสธร","รับซื้อ iPhone ในยโสธร","added_sidebar_link_only","Batch 11 selective hub-spoke strengthening","ADDED"
"/รับซื้อ/รับซื้อเครื่องเกม-ร้อยเอ็ด","","(no link)","รับซื้อ โน๊ตบุ๊ค ในร้อยเอ็ด","/รับซื้อ/รับซื้อโน๊ตบุ๊ค-ร้อยเอ็ด","รับซื้อ โน๊ตบุ๊ค ในร้อยเอ็ด","added_sidebar_link_only","Batch 11 selective hub-spoke strengthening","ADDED"
"/รับซื้อ/รับซื้อเครื่องเกม-ร้อยเอ็ด","","(no link)","รับซื้อ MacBook ในร้อยเอ็ด","/รับซื้อ/รับซื้อ-macbook-ร้อยเอ็ด","รับซื้อ MacBook ในร้อยเอ็ด","added_sidebar_link_only","Batch 11 selective hub-spoke strengthening","ADDED"
"/รับซื้อ/รับซื้อเครื่องเกม-ร้อยเอ็ด","","(no link)","รับซื้อ คอมพิวเตอร์ ในร้อยเอ็ด","/รับซื้อ/รับซื้อคอมพิวเตอร์-ร้อยเอ็ด","รับซื้อ คอมพิวเตอร์ ในร้อยเอ็ด","added_sidebar_link_only","Batch 11 selective hub-spoke strengthening","ADDED"
"/รับซื้อ/รับซื้อเครื่องเกม-ร้อยเอ็ด","","(no link)","รับซื้อ iPhone ในร้อยเอ็ด","/รับซื้อ/รับซื้อ-iphone-ร้อยเอ็ด","รับซื้อ iPhone ในร้อยเอ็ด","added_sidebar_link_only","Batch 11 selective hub-spoke strengthening","ADDED"
"/รับซื้อ/รับซื้อเครื่องเกม-ศรีสะเกษ","","(no link)","รับซื้อ โน๊ตบุ๊ค ในศรีสะเกษ","/รับซื้อ/รับซื้อโน๊ตบุ๊ค-ศรีสะเกษ","รับซื้อ โน๊ตบุ๊ค ในศรีสะเกษ","added_sidebar_link_only","Batch 11 selective hub-spoke strengthening","ADDED"
"/รับซื้อ/รับซื้อเครื่องเกม-ศรีสะเกษ","","(no link)","รับซื้อ MacBook ในศรีสะเกษ","/รับซื้อ/รับซื้อ-macbook-ศรีสะเกษ","รับซื้อ MacBook ในศรีสะเกษ","added_sidebar_link_only","Batch 11 selective hub-spoke strengthening","ADDED"
"/รับซื้อ/รับซื้อเครื่องเกม-ศรีสะเกษ","","(no link)","รับซื้อ คอมพิวเตอร์ ในศรีสะเกษ","/รับซื้อ/รับซื้อคอมพิวเตอร์-ศรีสะเกษ","รับซื้อ คอมพิวเตอร์ ในศรีสะเกษ","added_sidebar_link_only","Batch 11 selective hub-spoke strengthening","ADDED"
"/รับซื้อ/รับซื้อเครื่องเกม-ศรีสะเกษ","","(no link)","รับซื้อ iPhone ในศรีสะเกษ","/รับซื้อ/รับซื้อ-iphone-ศรีสะเกษ","รับซื้อ iPhone ในศรีสะเกษ","added_sidebar_link_only","Batch 11 selective hub-spoke strengthening","ADDED"
"/รับซื้อ/รับซื้อเครื่องเกม-สกลนคร","","(no link)","รับซื้อ โน๊ตบุ๊ค ในสกลนคร","/รับซื้อ/รับซื้อโน๊ตบุ๊ค-สกลนคร","รับซื้อ โน๊ตบุ๊ค ในสกลนคร","added_sidebar_link_only","Batch 11 selective hub-spoke strengthening","ADDED"
"/รับซื้อ/รับซื้อเครื่องเกม-สกลนคร","","(no link)","รับซื้อ MacBook ในสกลนคร","/รับซื้อ/รับซื้อ-macbook-สกลนคร","รับซื้อ MacBook ในสกลนคร","added_sidebar_link_only","Batch 11 selective hub-spoke strengthening","ADDED"
"/รับซื้อ/รับซื้อเครื่องเกม-สกลนคร","","(no link)","รับซื้อ คอมพิวเตอร์ ในสกลนคร","/รับซื้อ/รับซื้อคอมพิวเตอร์-สกลนคร","รับซื้อ คอมพิวเตอร์ ในสกลนคร","added_sidebar_link_only","Batch 11 selective hub-spoke strengthening","ADDED"
"/รับซื้อ/รับซื้อเครื่องเกม-สกลนคร","","(no link)","รับซื้อ iPhone ในสกลนคร","/รับซื้อ/รับซื้อ-iphone-สกลนคร","รับซื้อ iPhone ในสกลนคร","added_sidebar_link_only","Batch 11 selective hub-spoke strengthening","ADDED"
"/รับซื้อ/รับซื้อเครื่องเกม-สุรินทร์","","(no link)","รับซื้อ โน๊ตบุ๊ค ในสุรินทร์","/รับซื้อ/รับซื้อโน๊ตบุ๊ค-สุรินทร์","รับซื้อ โน๊ตบุ๊ค ในสุรินทร์","added_sidebar_link_only","Batch 11 selective hub-spoke strengthening","ADDED"
"/รับซื้อ/รับซื้อเครื่องเกม-สุรินทร์","","(no link)","รับซื้อ MacBook ในสุรินทร์","/รับซื้อ/รับซื้อ-macbook-สุรินทร์","รับซื้อ MacBook ในสุรินทร์","added_sidebar_link_only","Batch 11 selective hub-spoke strengthening","ADDED"
"/รับซื้อ/รับซื้อเครื่องเกม-สุรินทร์","","(no link)","รับซื้อ คอมพิวเตอร์ ในสุรินทร์","/รับซื้อ/รับซื้อคอมพิวเตอร์-สุรินทร์","รับซื้อ คอมพิวเตอร์ ในสุรินทร์","added_sidebar_link_only","Batch 11 selective hub-spoke strengthening","ADDED"
"/รับซื้อ/รับซื้อเครื่องเกม-สุรินทร์","","(no link)","รับซื้อ iPhone ในสุรินทร์","/รับซื้อ/รับซื้อ-iphone-สุรินทร์","รับซื้อ iPhone ในสุรินทร์","added_sidebar_link_only","Batch 11 selective hub-spoke strengthening","ADDED"
"/รับซื้อ/รับซื้อเครื่องเกม-หนองคาย","","(no link)","รับซื้อ โน๊ตบุ๊ค ในหนองคาย","/รับซื้อ/รับซื้อโน๊ตบุ๊ค-หนองคาย","รับซื้อ โน๊ตบุ๊ค ในหนองคาย","added_sidebar_link_only","Batch 11 selective hub-spoke strengthening","ADDED"
"/รับซื้อ/รับซื้อเครื่องเกม-หนองคาย","","(no link)","รับซื้อ MacBook ในหนองคาย","/รับซื้อ/รับซื้อ-macbook-หนองคาย","รับซื้อ MacBook ในหนองคาย","added_sidebar_link_only","Batch 11 selective hub-spoke strengthening","ADDED"
"/รับซื้อ/รับซื้อเครื่องเกม-หนองคาย","","(no link)","รับซื้อ คอมพิวเตอร์ ในหนองคาย","/รับซื้อ/รับซื้อคอมพิวเตอร์-หนองคาย","รับซื้อ คอมพิวเตอร์ ในหนองคาย","added_sidebar_link_only","Batch 11 selective hub-spoke strengthening","ADDED"
"/รับซื้อ/รับซื้อเครื่องเกม-หนองคาย","","(no link)","รับซื้อ iPhone ในหนองคาย","/รับซื้อ/รับซื้อ-iphone-หนองคาย","รับซื้อ iPhone ในหนองคาย","added_sidebar_link_only","Batch 11 selective hub-spoke strengthening","ADDED"
"/รับซื้อ/รับซื้อเครื่องเกม-หนองบัวลำภู","","(no link)","รับซื้อ โน๊ตบุ๊ค ในหนองบัวลำภู","/รับซื้อ/รับซื้อโน๊ตบุ๊ค-หนองบัวลำภู","รับซื้อ โน๊ตบุ๊ค ในหนองบัวลำภู","added_sidebar_link_only","Batch 11 selective hub-spoke strengthening","ADDED"
"/รับซื้อ/รับซื้อเครื่องเกม-หนองบัวลำภู","","(no link)","รับซื้อ MacBook ในหนองบัวลำภู","/รับซื้อ/รับซื้อ-macbook-หนองบัวลำภู","รับซื้อ MacBook ในหนองบัวลำภู","added_sidebar_link_only","Batch 11 selective hub-spoke strengthening","ADDED"
"/รับซื้อ/รับซื้อเครื่องเกม-หนองบัวลำภู","","(no link)","รับซื้อ คอมพิวเตอร์ ในหนองบัวลำภู","/รับซื้อ/รับซื้อคอมพิวเตอร์-หนองบัวลำภู","รับซื้อ คอมพิวเตอร์ ในหนองบัวลำภู","added_sidebar_link_only","Batch 11 selective hub-spoke strengthening","ADDED"
"/รับซื้อ/รับซื้อเครื่องเกม-หนองบัวลำภู","","(no link)","รับซื้อ iPhone ในหนองบัวลำภู","/รับซื้อ/รับซื้อ-iphone-หนองบัวลำภู","รับซื้อ iPhone ในหนองบัวลำภู","added_sidebar_link_only","Batch 11 selective hub-spoke strengthening","ADDED"
"/รับซื้อ/รับซื้อเครื่องเกม-อำนาจเจริญ","","(no link)","รับซื้อ โน๊ตบุ๊ค ในอำนาจเจริญ","/รับซื้อ/รับซื้อโน๊ตบุ๊ค-อำนาจเจริญ","รับซื้อ โน๊ตบุ๊ค ในอำนาจเจริญ","added_sidebar_link_only","Batch 11 selective hub-spoke strengthening","ADDED"
"/รับซื้อ/รับซื้อเครื่องเกม-อำนาจเจริญ","","(no link)","รับซื้อ MacBook ในอำนาจเจริญ","/รับซื้อ/รับซื้อ-macbook-อำนาจเจริญ","รับซื้อ MacBook ในอำนาจเจริญ","added_sidebar_link_only","Batch 11 selective hub-spoke strengthening","ADDED"
"/รับซื้อ/รับซื้อเครื่องเกม-อำนาจเจริญ","","(no link)","รับซื้อ คอมพิวเตอร์ ในอำนาจเจริญ","/รับซื้อ/รับซื้อคอมพิวเตอร์-อำนาจเจริญ","รับซื้อ คอมพิวเตอร์ ในอำนาจเจริญ","added_sidebar_link_only","Batch 11 selective hub-spoke strengthening","ADDED"
"/รับซื้อ/รับซื้อเครื่องเกม-อำนาจเจริญ","","(no link)","รับซื้อ iPhone ในอำนาจเจริญ","/รับซื้อ/รับซื้อ-iphone-อำนาจเจริญ","รับซื้อ iPhone ในอำนาจเจริญ","added_sidebar_link_only","Batch 11 selective hub-spoke strengthening","ADDED"
"/รับซื้อ/รับซื้อเครื่องเกม-อุดรธานี","","(no link)","รับซื้อ โน๊ตบุ๊ค ในอุดรธานี","/รับซื้อ/รับซื้อโน๊ตบุ๊ค-อุดรธานี","รับซื้อ โน๊ตบุ๊ค ในอุดรธานี","added_sidebar_link_only","Batch 11 selective hub-spoke strengthening","ADDED"
"/รับซื้อ/รับซื้อเครื่องเกม-อุดรธานี","","(no link)","รับซื้อ MacBook ในอุดรธานี","/รับซื้อ/รับซื้อ-macbook-อุดรธานี","รับซื้อ MacBook ในอุดรธานี","added_sidebar_link_only","Batch 11 selective hub-spoke strengthening","ADDED"
"/รับซื้อ/รับซื้อเครื่องเกม-อุดรธานี","","(no link)","รับซื้อ คอมพิวเตอร์ ในอุดรธานี","/รับซื้อ/รับซื้อคอมพิวเตอร์-อุดรธานี","รับซื้อ คอมพิวเตอร์ ในอุดรธานี","added_sidebar_link_only","Batch 11 selective hub-spoke strengthening","ADDED"
"/รับซื้อ/รับซื้อเครื่องเกม-อุดรธานี","","(no link)","รับซื้อ iPhone ในอุดรธานี","/รับซื้อ/รับซื้อ-iphone-อุดรธานี","รับซื้อ iPhone ในอุดรธานี","added_sidebar_link_only","Batch 11 selective hub-spoke strengthening","ADDED"
"/รับซื้อ/รับซื้อเครื่องเกม-อุบลราชธานี","","(no link)","รับซื้อโน๊ตบุ๊ค ในอุบลราชธานี","/รับซื้อ/รับซื้อโน๊ตบุ๊ค-อุบลราชธานี","รับซื้อโน๊ตบุ๊ค ในอุบลราชธานี","added_sidebar_link_only","Batch 11 selective hub-spoke strengthening","ADDED"
"/รับซื้อ/รับซื้อเครื่องเกม-อุบลราชธานี","","(no link)","รับซื้อ MacBook ในอุบลราชธานี","/รับซื้อ/รับซื้อ-macbook-อุบลราชธานี","รับซื้อ MacBook ในอุบลราชธานี","added_sidebar_link_only","Batch 11 selective hub-spoke strengthening","ADDED"
"/รับซื้อ/รับซื้อเครื่องเกม-อุบลราชธานี","","(no link)","รับซื้อคอมพิวเตอร์ ในอุบลราชธานี","/รับซื้อ/รับซื้อคอมพิวเตอร์-อุบลราชธานี","รับซื้อคอมพิวเตอร์ ในอุบลราชธานี","added_sidebar_link_only","Batch 11 selective hub-spoke strengthening","ADDED"
"/รับซื้อ/รับซื้อเครื่องเกม-อุบลราชธานี","","(no link)","รับซื้อ iPhone ในอุบลราชธานี","/รับซื้อ/รับซื้อ-iphone-อุบลราชธานี","รับซื้อ iPhone ในอุบลราชธานี","added_sidebar_link_only","Batch 11 selective hub-spoke strengthening","ADDED"
"/รับซื้อ/รับซื้อเครื่องเกม-เลย","","(no link)","รับซื้อ โน๊ตบุ๊ค ในเลย","/รับซื้อ/รับซื้อโน๊ตบุ๊ค-เลย","รับซื้อ โน๊ตบุ๊ค ในเลย","added_sidebar_link_only","Batch 11 selective hub-spoke strengthening","ADDED"
"/รับซื้อ/รับซื้อเครื่องเกม-เลย","","(no link)","รับซื้อ MacBook ในเลย","/รับซื้อ/รับซื้อ-macbook-เลย","รับซื้อ MacBook ในเลย","added_sidebar_link_only","Batch 11 selective hub-spoke strengthening","ADDED"
"/รับซื้อ/รับซื้อเครื่องเกม-เลย","","(no link)","รับซื้อ คอมพิวเตอร์ ในเลย","/รับซื้อ/รับซื้อคอมพิวเตอร์-เลย","รับซื้อ คอมพิวเตอร์ ในเลย","added_sidebar_link_only","Batch 11 selective hub-spoke strengthening","ADDED"
"/รับซื้อ/รับซื้อเครื่องเกม-เลย","","(no link)","รับซื้อ iPhone ในเลย","/รับซื้อ/รับซื้อ-iphone-เลย","รับซื้อ iPhone ในเลย","added_sidebar_link_only","Batch 11 selective hub-spoke strengthening","ADDED"
"/รับซื้อ/รับซื้อเมนบอร์ด-กาฬสินธุ์","","(no link)","รับซื้อ โน๊ตบุ๊ค ในกาฬสินธุ์","/รับซื้อ/รับซื้อโน๊ตบุ๊ค-กาฬสินธุ์","รับซื้อ โน๊ตบุ๊ค ในกาฬสินธุ์","added_sidebar_link_only","Batch 11 selective hub-spoke strengthening","ADDED"
"/รับซื้อ/รับซื้อเมนบอร์ด-กาฬสินธุ์","","(no link)","รับซื้อ MacBook ในกาฬสินธุ์","/รับซื้อ/รับซื้อ-macbook-กาฬสินธุ์","รับซื้อ MacBook ในกาฬสินธุ์","added_sidebar_link_only","Batch 11 selective hub-spoke strengthening","ADDED"
"/รับซื้อ/รับซื้อเมนบอร์ด-กาฬสินธุ์","","(no link)","รับซื้อ คอมพิวเตอร์ ในกาฬสินธุ์","/รับซื้อ/รับซื้อคอมพิวเตอร์-กาฬสินธุ์","รับซื้อ คอมพิวเตอร์ ในกาฬสินธุ์","added_sidebar_link_only","Batch 11 selective hub-spoke strengthening","ADDED"
"/รับซื้อ/รับซื้อเมนบอร์ด-กาฬสินธุ์","","(no link)","รับซื้อ iPhone ในกาฬสินธุ์","/รับซื้อ/รับซื้อ-iphone-กาฬสินธุ์","รับซื้อ iPhone ในกาฬสินธุ์","added_sidebar_link_only","Batch 11 selective hub-spoke strengthening","ADDED"
"/รับซื้อ/รับซื้อเมนบอร์ด-ขอนแก่น","","(no link)","รับซื้อ โน๊ตบุ๊ค ในขอนแก่น","/รับซื้อ/รับซื้อโน๊ตบุ๊ค-ขอนแก่น","รับซื้อ โน๊ตบุ๊ค ในขอนแก่น","added_sidebar_link_only","Batch 11 selective hub-spoke strengthening","ADDED"
"/รับซื้อ/รับซื้อเมนบอร์ด-ขอนแก่น","","(no link)","รับซื้อ MacBook ในขอนแก่น","/รับซื้อ/รับซื้อ-macbook-ขอนแก่น","รับซื้อ MacBook ในขอนแก่น","added_sidebar_link_only","Batch 11 selective hub-spoke strengthening","ADDED"
"/รับซื้อ/รับซื้อเมนบอร์ด-ขอนแก่น","","(no link)","รับซื้อ คอมพิวเตอร์ ในขอนแก่น","/รับซื้อ/รับซื้อคอมพิวเตอร์-ขอนแก่น","รับซื้อ คอมพิวเตอร์ ในขอนแก่น","added_sidebar_link_only","Batch 11 selective hub-spoke strengthening","ADDED"
"/รับซื้อ/รับซื้อเมนบอร์ด-ขอนแก่น","","(no link)","รับซื้อ iPhone ในขอนแก่น","/รับซื้อ/รับซื้อ-iphone-ขอนแก่น","รับซื้อ iPhone ในขอนแก่น","added_sidebar_link_only","Batch 11 selective hub-spoke strengthening","ADDED"
"/รับซื้อ/รับซื้อเมนบอร์ด-ชัยภูมิ","","(no link)","รับซื้อ โน๊ตบุ๊ค ในชัยภูมิ","/รับซื้อ/รับซื้อโน๊ตบุ๊ค-ชัยภูมิ","รับซื้อ โน๊ตบุ๊ค ในชัยภูมิ","added_sidebar_link_only","Batch 11 selective hub-spoke strengthening","ADDED"
"/รับซื้อ/รับซื้อเมนบอร์ด-ชัยภูมิ","","(no link)","รับซื้อ MacBook ในชัยภูมิ","/รับซื้อ/รับซื้อ-macbook-ชัยภูมิ","รับซื้อ MacBook ในชัยภูมิ","added_sidebar_link_only","Batch 11 selective hub-spoke strengthening","ADDED"
"/รับซื้อ/รับซื้อเมนบอร์ด-ชัยภูมิ","","(no link)","รับซื้อ คอมพิวเตอร์ ในชัยภูมิ","/รับซื้อ/รับซื้อคอมพิวเตอร์-ชัยภูมิ","รับซื้อ คอมพิวเตอร์ ในชัยภูมิ","added_sidebar_link_only","Batch 11 selective hub-spoke strengthening","ADDED"
"/รับซื้อ/รับซื้อเมนบอร์ด-ชัยภูมิ","","(no link)","รับซื้อ iPhone ในชัยภูมิ","/รับซื้อ/รับซื้อ-iphone-ชัยภูมิ","รับซื้อ iPhone ในชัยภูมิ","added_sidebar_link_only","Batch 11 selective hub-spoke strengthening","ADDED"
"/รับซื้อ/รับซื้อเมนบอร์ด-นครพนม","","(no link)","รับซื้อ โน๊ตบุ๊ค ในนครพนม","/รับซื้อ/รับซื้อโน๊ตบุ๊ค-นครพนม","รับซื้อ โน๊ตบุ๊ค ในนครพนม","added_sidebar_link_only","Batch 11 selective hub-spoke strengthening","ADDED"
"/รับซื้อ/รับซื้อเมนบอร์ด-นครพนม","","(no link)","รับซื้อ MacBook ในนครพนม","/รับซื้อ/รับซื้อ-macbook-นครพนม","รับซื้อ MacBook ในนครพนม","added_sidebar_link_only","Batch 11 selective hub-spoke strengthening","ADDED"
"/รับซื้อ/รับซื้อเมนบอร์ด-นครพนม","","(no link)","รับซื้อ คอมพิวเตอร์ ในนครพนม","/รับซื้อ/รับซื้อคอมพิวเตอร์-นครพนม","รับซื้อ คอมพิวเตอร์ ในนครพนม","added_sidebar_link_only","Batch 11 selective hub-spoke strengthening","ADDED"
"/รับซื้อ/รับซื้อเมนบอร์ด-นครพนม","","(no link)","รับซื้อ iPhone ในนครพนม","/รับซื้อ/รับซื้อ-iphone-นครพนม","รับซื้อ iPhone ในนครพนม","added_sidebar_link_only","Batch 11 selective hub-spoke strengthening","ADDED"
"/รับซื้อ/รับซื้อเมนบอร์ด-นครราชสีมา","","(no link)","รับซื้อ โน๊ตบุ๊ค ในนครราชสีมา","/รับซื้อ/รับซื้อโน๊ตบุ๊ค-นครราชสีมา","รับซื้อ โน๊ตบุ๊ค ในนครราชสีมา","added_sidebar_link_only","Batch 11 selective hub-spoke strengthening","ADDED"
"/รับซื้อ/รับซื้อเมนบอร์ด-นครราชสีมา","","(no link)","รับซื้อ MacBook ในนครราชสีมา","/รับซื้อ/รับซื้อ-macbook-นครราชสีมา","รับซื้อ MacBook ในนครราชสีมา","added_sidebar_link_only","Batch 11 selective hub-spoke strengthening","ADDED"
"/รับซื้อ/รับซื้อเมนบอร์ด-นครราชสีมา","","(no link)","รับซื้อ คอมพิวเตอร์ ในนครราชสีมา","/รับซื้อ/รับซื้อคอมพิวเตอร์-นครราชสีมา","รับซื้อ คอมพิวเตอร์ ในนครราชสีมา","added_sidebar_link_only","Batch 11 selective hub-spoke strengthening","ADDED"
"/รับซื้อ/รับซื้อเมนบอร์ด-นครราชสีมา","","(no link)","รับซื้อ iPhone ในนครราชสีมา","/รับซื้อ/รับซื้อ-iphone-นครราชสีมา","รับซื้อ iPhone ในนครราชสีมา","added_sidebar_link_only","Batch 11 selective hub-spoke strengthening","ADDED"
"/รับซื้อ/รับซื้อเมนบอร์ด-บึงกาฬ","","(no link)","รับซื้อ โน๊ตบุ๊ค ในบึงกาฬ","/รับซื้อ/รับซื้อโน๊ตบุ๊ค-บึงกาฬ","รับซื้อ โน๊ตบุ๊ค ในบึงกาฬ","added_sidebar_link_only","Batch 11 selective hub-spoke strengthening","ADDED"
"/รับซื้อ/รับซื้อเมนบอร์ด-บึงกาฬ","","(no link)","รับซื้อ MacBook ในบึงกาฬ","/รับซื้อ/รับซื้อ-macbook-บึงกาฬ","รับซื้อ MacBook ในบึงกาฬ","added_sidebar_link_only","Batch 11 selective hub-spoke strengthening","ADDED"
"/รับซื้อ/รับซื้อเมนบอร์ด-บึงกาฬ","","(no link)","รับซื้อ คอมพิวเตอร์ ในบึงกาฬ","/รับซื้อ/รับซื้อคอมพิวเตอร์-บึงกาฬ","รับซื้อ คอมพิวเตอร์ ในบึงกาฬ","added_sidebar_link_only","Batch 11 selective hub-spoke strengthening","ADDED"
"/รับซื้อ/รับซื้อเมนบอร์ด-บึงกาฬ","","(no link)","รับซื้อ iPhone ในบึงกาฬ","/รับซื้อ/รับซื้อ-iphone-บึงกาฬ","รับซื้อ iPhone ในบึงกาฬ","added_sidebar_link_only","Batch 11 selective hub-spoke strengthening","ADDED"
"/รับซื้อ/รับซื้อเมนบอร์ด-บุรีรัมย์","","(no link)","รับซื้อ โน๊ตบุ๊ค ในบุรีรัมย์","/รับซื้อ/รับซื้อโน๊ตบุ๊ค-บุรีรัมย์","รับซื้อ โน๊ตบุ๊ค ในบุรีรัมย์","added_sidebar_link_only","Batch 11 selective hub-spoke strengthening","ADDED"
"/รับซื้อ/รับซื้อเมนบอร์ด-บุรีรัมย์","","(no link)","รับซื้อ MacBook ในบุรีรัมย์","/รับซื้อ/รับซื้อ-macbook-บุรีรัมย์","รับซื้อ MacBook ในบุรีรัมย์","added_sidebar_link_only","Batch 11 selective hub-spoke strengthening","ADDED"
"/รับซื้อ/รับซื้อเมนบอร์ด-บุรีรัมย์","","(no link)","รับซื้อ คอมพิวเตอร์ ในบุรีรัมย์","/รับซื้อ/รับซื้อคอมพิวเตอร์-บุรีรัมย์","รับซื้อ คอมพิวเตอร์ ในบุรีรัมย์","added_sidebar_link_only","Batch 11 selective hub-spoke strengthening","ADDED"
"/รับซื้อ/รับซื้อเมนบอร์ด-บุรีรัมย์","","(no link)","รับซื้อ iPhone ในบุรีรัมย์","/รับซื้อ/รับซื้อ-iphone-บุรีรัมย์","รับซื้อ iPhone ในบุรีรัมย์","added_sidebar_link_only","Batch 11 selective hub-spoke strengthening","ADDED"
"/รับซื้อ/รับซื้อเมนบอร์ด-มหาสารคาม","","(no link)","รับซื้อ โน๊ตบุ๊ค ในมหาสารคาม","/รับซื้อ/รับซื้อโน๊ตบุ๊ค-มหาสารคาม","รับซื้อ โน๊ตบุ๊ค ในมหาสารคาม","added_sidebar_link_only","Batch 11 selective hub-spoke strengthening","ADDED"
"/รับซื้อ/รับซื้อเมนบอร์ด-มหาสารคาม","","(no link)","รับซื้อ MacBook ในมหาสารคาม","/รับซื้อ/รับซื้อ-macbook-มหาสารคาม","รับซื้อ MacBook ในมหาสารคาม","added_sidebar_link_only","Batch 11 selective hub-spoke strengthening","ADDED"
"/รับซื้อ/รับซื้อเมนบอร์ด-มหาสารคาม","","(no link)","รับซื้อ คอมพิวเตอร์ ในมหาสารคาม","/รับซื้อ/รับซื้อคอมพิวเตอร์-มหาสารคาม","รับซื้อ คอมพิวเตอร์ ในมหาสารคาม","added_sidebar_link_only","Batch 11 selective hub-spoke strengthening","ADDED"
"/รับซื้อ/รับซื้อเมนบอร์ด-มหาสารคาม","","(no link)","รับซื้อ iPhone ในมหาสารคาม","/รับซื้อ/รับซื้อ-iphone-มหาสารคาม","รับซื้อ iPhone ในมหาสารคาม","added_sidebar_link_only","Batch 11 selective hub-spoke strengthening","ADDED"
"/รับซื้อ/รับซื้อเมนบอร์ด-มุกดาหาร","","(no link)","รับซื้อ โน๊ตบุ๊ค ในมุกดาหาร","/รับซื้อ/รับซื้อโน๊ตบุ๊ค-มุกดาหาร","รับซื้อ โน๊ตบุ๊ค ในมุกดาหาร","added_sidebar_link_only","Batch 11 selective hub-spoke strengthening","ADDED"
"/รับซื้อ/รับซื้อเมนบอร์ด-มุกดาหาร","","(no link)","รับซื้อ MacBook ในมุกดาหาร","/รับซื้อ/รับซื้อ-macbook-มุกดาหาร","รับซื้อ MacBook ในมุกดาหาร","added_sidebar_link_only","Batch 11 selective hub-spoke strengthening","ADDED"
"/รับซื้อ/รับซื้อเมนบอร์ด-มุกดาหาร","","(no link)","รับซื้อ คอมพิวเตอร์ ในมุกดาหาร","/รับซื้อ/รับซื้อคอมพิวเตอร์-มุกดาหาร","รับซื้อ คอมพิวเตอร์ ในมุกดาหาร","added_sidebar_link_only","Batch 11 selective hub-spoke strengthening","ADDED"
"/รับซื้อ/รับซื้อเมนบอร์ด-มุกดาหาร","","(no link)","รับซื้อ iPhone ในมุกดาหาร","/รับซื้อ/รับซื้อ-iphone-มุกดาหาร","รับซื้อ iPhone ในมุกดาหาร","added_sidebar_link_only","Batch 11 selective hub-spoke strengthening","ADDED"
"/รับซื้อ/รับซื้อเมนบอร์ด-ยโสธร","","(no link)","รับซื้อ โน๊ตบุ๊ค ในยโสธร","/รับซื้อ/รับซื้อโน๊ตบุ๊ค-ยโสธร","รับซื้อ โน๊ตบุ๊ค ในยโสธร","added_sidebar_link_only","Batch 11 selective hub-spoke strengthening","ADDED"
"/รับซื้อ/รับซื้อเมนบอร์ด-ยโสธร","","(no link)","รับซื้อ MacBook ในยโสธร","/รับซื้อ/รับซื้อ-macbook-ยโสธร","รับซื้อ MacBook ในยโสธร","added_sidebar_link_only","Batch 11 selective hub-spoke strengthening","ADDED"
"/รับซื้อ/รับซื้อเมนบอร์ด-ยโสธร","","(no link)","รับซื้อ คอมพิวเตอร์ ในยโสธร","/รับซื้อ/รับซื้อคอมพิวเตอร์-ยโสธร","รับซื้อ คอมพิวเตอร์ ในยโสธร","added_sidebar_link_only","Batch 11 selective hub-spoke strengthening","ADDED"
"/รับซื้อ/รับซื้อเมนบอร์ด-ยโสธร","","(no link)","รับซื้อ iPhone ในยโสธร","/รับซื้อ/รับซื้อ-iphone-ยโสธร","รับซื้อ iPhone ในยโสธร","added_sidebar_link_only","Batch 11 selective hub-spoke strengthening","ADDED"
"/รับซื้อ/รับซื้อเมนบอร์ด-ร้อยเอ็ด","","(no link)","รับซื้อ โน๊ตบุ๊ค ในร้อยเอ็ด","/รับซื้อ/รับซื้อโน๊ตบุ๊ค-ร้อยเอ็ด","รับซื้อ โน๊ตบุ๊ค ในร้อยเอ็ด","added_sidebar_link_only","Batch 11 selective hub-spoke strengthening","ADDED"
"/รับซื้อ/รับซื้อเมนบอร์ด-ร้อยเอ็ด","","(no link)","รับซื้อ MacBook ในร้อยเอ็ด","/รับซื้อ/รับซื้อ-macbook-ร้อยเอ็ด","รับซื้อ MacBook ในร้อยเอ็ด","added_sidebar_link_only","Batch 11 selective hub-spoke strengthening","ADDED"
"/รับซื้อ/รับซื้อเมนบอร์ด-ร้อยเอ็ด","","(no link)","รับซื้อ คอมพิวเตอร์ ในร้อยเอ็ด","/รับซื้อ/รับซื้อคอมพิวเตอร์-ร้อยเอ็ด","รับซื้อ คอมพิวเตอร์ ในร้อยเอ็ด","added_sidebar_link_only","Batch 11 selective hub-spoke strengthening","ADDED"
"/รับซื้อ/รับซื้อเมนบอร์ด-ร้อยเอ็ด","","(no link)","รับซื้อ iPhone ในร้อยเอ็ด","/รับซื้อ/รับซื้อ-iphone-ร้อยเอ็ด","รับซื้อ iPhone ในร้อยเอ็ด","added_sidebar_link_only","Batch 11 selective hub-spoke strengthening","ADDED"
"/รับซื้อ/รับซื้อเมนบอร์ด-ศรีสะเกษ","","(no link)","รับซื้อ โน๊ตบุ๊ค ในศรีสะเกษ","/รับซื้อ/รับซื้อโน๊ตบุ๊ค-ศรีสะเกษ","รับซื้อ โน๊ตบุ๊ค ในศรีสะเกษ","added_sidebar_link_only","Batch 11 selective hub-spoke strengthening","ADDED"
"/รับซื้อ/รับซื้อเมนบอร์ด-ศรีสะเกษ","","(no link)","รับซื้อ MacBook ในศรีสะเกษ","/รับซื้อ/รับซื้อ-macbook-ศรีสะเกษ","รับซื้อ MacBook ในศรีสะเกษ","added_sidebar_link_only","Batch 11 selective hub-spoke strengthening","ADDED"
"/รับซื้อ/รับซื้อเมนบอร์ด-ศรีสะเกษ","","(no link)","รับซื้อ คอมพิวเตอร์ ในศรีสะเกษ","/รับซื้อ/รับซื้อคอมพิวเตอร์-ศรีสะเกษ","รับซื้อ คอมพิวเตอร์ ในศรีสะเกษ","added_sidebar_link_only","Batch 11 selective hub-spoke strengthening","ADDED"
"/รับซื้อ/รับซื้อเมนบอร์ด-ศรีสะเกษ","","(no link)","รับซื้อ iPhone ในศรีสะเกษ","/รับซื้อ/รับซื้อ-iphone-ศรีสะเกษ","รับซื้อ iPhone ในศรีสะเกษ","added_sidebar_link_only","Batch 11 selective hub-spoke strengthening","ADDED"
"/รับซื้อ/รับซื้อเมนบอร์ด-สกลนคร","","(no link)","รับซื้อ โน๊ตบุ๊ค ในสกลนคร","/รับซื้อ/รับซื้อโน๊ตบุ๊ค-สกลนคร","รับซื้อ โน๊ตบุ๊ค ในสกลนคร","added_sidebar_link_only","Batch 11 selective hub-spoke strengthening","ADDED"
"/รับซื้อ/รับซื้อเมนบอร์ด-สกลนคร","","(no link)","รับซื้อ MacBook ในสกลนคร","/รับซื้อ/รับซื้อ-macbook-สกลนคร","รับซื้อ MacBook ในสกลนคร","added_sidebar_link_only","Batch 11 selective hub-spoke strengthening","ADDED"
"/รับซื้อ/รับซื้อเมนบอร์ด-สกลนคร","","(no link)","รับซื้อ คอมพิวเตอร์ ในสกลนคร","/รับซื้อ/รับซื้อคอมพิวเตอร์-สกลนคร","รับซื้อ คอมพิวเตอร์ ในสกลนคร","added_sidebar_link_only","Batch 11 selective hub-spoke strengthening","ADDED"
"/รับซื้อ/รับซื้อเมนบอร์ด-สกลนคร","","(no link)","รับซื้อ iPhone ในสกลนคร","/รับซื้อ/รับซื้อ-iphone-สกลนคร","รับซื้อ iPhone ในสกลนคร","added_sidebar_link_only","Batch 11 selective hub-spoke strengthening","ADDED"
"/รับซื้อ/รับซื้อเมนบอร์ด-สุรินทร์","","(no link)","รับซื้อ โน๊ตบุ๊ค ในสุรินทร์","/รับซื้อ/รับซื้อโน๊ตบุ๊ค-สุรินทร์","รับซื้อ โน๊ตบุ๊ค ในสุรินทร์","added_sidebar_link_only","Batch 11 selective hub-spoke strengthening","ADDED"
"/รับซื้อ/รับซื้อเมนบอร์ด-สุรินทร์","","(no link)","รับซื้อ MacBook ในสุรินทร์","/รับซื้อ/รับซื้อ-macbook-สุรินทร์","รับซื้อ MacBook ในสุรินทร์","added_sidebar_link_only","Batch 11 selective hub-spoke strengthening","ADDED"
"/รับซื้อ/รับซื้อเมนบอร์ด-สุรินทร์","","(no link)","รับซื้อ คอมพิวเตอร์ ในสุรินทร์","/รับซื้อ/รับซื้อคอมพิวเตอร์-สุรินทร์","รับซื้อ คอมพิวเตอร์ ในสุรินทร์","added_sidebar_link_only","Batch 11 selective hub-spoke strengthening","ADDED"
"/รับซื้อ/รับซื้อเมนบอร์ด-สุรินทร์","","(no link)","รับซื้อ iPhone ในสุรินทร์","/รับซื้อ/รับซื้อ-iphone-สุรินทร์","รับซื้อ iPhone ในสุรินทร์","added_sidebar_link_only","Batch 11 selective hub-spoke strengthening","ADDED"
"/รับซื้อ/รับซื้อเมนบอร์ด-หนองคาย","","(no link)","รับซื้อ โน๊ตบุ๊ค ในหนองคาย","/รับซื้อ/รับซื้อโน๊ตบุ๊ค-หนองคาย","รับซื้อ โน๊ตบุ๊ค ในหนองคาย","added_sidebar_link_only","Batch 11 selective hub-spoke strengthening","ADDED"
"/รับซื้อ/รับซื้อเมนบอร์ด-หนองคาย","","(no link)","รับซื้อ MacBook ในหนองคาย","/รับซื้อ/รับซื้อ-macbook-หนองคาย","รับซื้อ MacBook ในหนองคาย","added_sidebar_link_only","Batch 11 selective hub-spoke strengthening","ADDED"
"/รับซื้อ/รับซื้อเมนบอร์ด-หนองคาย","","(no link)","รับซื้อ คอมพิวเตอร์ ในหนองคาย","/รับซื้อ/รับซื้อคอมพิวเตอร์-หนองคาย","รับซื้อ คอมพิวเตอร์ ในหนองคาย","added_sidebar_link_only","Batch 11 selective hub-spoke strengthening","ADDED"
"/รับซื้อ/รับซื้อเมนบอร์ด-หนองคาย","","(no link)","รับซื้อ iPhone ในหนองคาย","/รับซื้อ/รับซื้อ-iphone-หนองคาย","รับซื้อ iPhone ในหนองคาย","added_sidebar_link_only","Batch 11 selective hub-spoke strengthening","ADDED"
"/รับซื้อ/รับซื้อเมนบอร์ด-หนองบัวลำภู","","(no link)","รับซื้อ โน๊ตบุ๊ค ในหนองบัวลำภู","/รับซื้อ/รับซื้อโน๊ตบุ๊ค-หนองบัวลำภู","รับซื้อ โน๊ตบุ๊ค ในหนองบัวลำภู","added_sidebar_link_only","Batch 11 selective hub-spoke strengthening","ADDED"
"/รับซื้อ/รับซื้อเมนบอร์ด-หนองบัวลำภู","","(no link)","รับซื้อ MacBook ในหนองบัวลำภู","/รับซื้อ/รับซื้อ-macbook-หนองบัวลำภู","รับซื้อ MacBook ในหนองบัวลำภู","added_sidebar_link_only","Batch 11 selective hub-spoke strengthening","ADDED"
"/รับซื้อ/รับซื้อเมนบอร์ด-หนองบัวลำภู","","(no link)","รับซื้อ คอมพิวเตอร์ ในหนองบัวลำภู","/รับซื้อ/รับซื้อคอมพิวเตอร์-หนองบัวลำภู","รับซื้อ คอมพิวเตอร์ ในหนองบัวลำภู","added_sidebar_link_only","Batch 11 selective hub-spoke strengthening","ADDED"
"/รับซื้อ/รับซื้อเมนบอร์ด-หนองบัวลำภู","","(no link)","รับซื้อ iPhone ในหนองบัวลำภู","/รับซื้อ/รับซื้อ-iphone-หนองบัวลำภู","รับซื้อ iPhone ในหนองบัวลำภู","added_sidebar_link_only","Batch 11 selective hub-spoke strengthening","ADDED"
"/รับซื้อ/รับซื้อเมนบอร์ด-อำนาจเจริญ","","(no link)","รับซื้อ โน๊ตบุ๊ค ในอำนาจเจริญ","/รับซื้อ/รับซื้อโน๊ตบุ๊ค-อำนาจเจริญ","รับซื้อ โน๊ตบุ๊ค ในอำนาจเจริญ","added_sidebar_link_only","Batch 11 selective hub-spoke strengthening","ADDED"
"/รับซื้อ/รับซื้อเมนบอร์ด-อำนาจเจริญ","","(no link)","รับซื้อ MacBook ในอำนาจเจริญ","/รับซื้อ/รับซื้อ-macbook-อำนาจเจริญ","รับซื้อ MacBook ในอำนาจเจริญ","added_sidebar_link_only","Batch 11 selective hub-spoke strengthening","ADDED"
"/รับซื้อ/รับซื้อเมนบอร์ด-อำนาจเจริญ","","(no link)","รับซื้อ คอมพิวเตอร์ ในอำนาจเจริญ","/รับซื้อ/รับซื้อคอมพิวเตอร์-อำนาจเจริญ","รับซื้อ คอมพิวเตอร์ ในอำนาจเจริญ","added_sidebar_link_only","Batch 11 selective hub-spoke strengthening","ADDED"
"/รับซื้อ/รับซื้อเมนบอร์ด-อำนาจเจริญ","","(no link)","รับซื้อ iPhone ในอำนาจเจริญ","/รับซื้อ/รับซื้อ-iphone-อำนาจเจริญ","รับซื้อ iPhone ในอำนาจเจริญ","added_sidebar_link_only","Batch 11 selective hub-spoke strengthening","ADDED"
"/รับซื้อ/รับซื้อเมนบอร์ด-อุดรธานี","","(no link)","รับซื้อ โน๊ตบุ๊ค ในอุดรธานี","/รับซื้อ/รับซื้อโน๊ตบุ๊ค-อุดรธานี","รับซื้อ โน๊ตบุ๊ค ในอุดรธานี","added_sidebar_link_only","Batch 11 selective hub-spoke strengthening","ADDED"
"/รับซื้อ/รับซื้อเมนบอร์ด-อุดรธานี","","(no link)","รับซื้อ MacBook ในอุดรธานี","/รับซื้อ/รับซื้อ-macbook-อุดรธานี","รับซื้อ MacBook ในอุดรธานี","added_sidebar_link_only","Batch 11 selective hub-spoke strengthening","ADDED"
"/รับซื้อ/รับซื้อเมนบอร์ด-อุดรธานี","","(no link)","รับซื้อ คอมพิวเตอร์ ในอุดรธานี","/รับซื้อ/รับซื้อคอมพิวเตอร์-อุดรธานี","รับซื้อ คอมพิวเตอร์ ในอุดรธานี","added_sidebar_link_only","Batch 11 selective hub-spoke strengthening","ADDED"
"/รับซื้อ/รับซื้อเมนบอร์ด-อุดรธานี","","(no link)","รับซื้อ iPhone ในอุดรธานี","/รับซื้อ/รับซื้อ-iphone-อุดรธานี","รับซื้อ iPhone ในอุดรธานี","added_sidebar_link_only","Batch 11 selective hub-spoke strengthening","ADDED"
"/รับซื้อ/รับซื้อเมนบอร์ด-อุบลราชธานี","","(no link)","รับซื้อโน๊ตบุ๊ค ในอุบลราชธานี","/รับซื้อ/รับซื้อโน๊ตบุ๊ค-อุบลราชธานี","รับซื้อโน๊ตบุ๊ค ในอุบลราชธานี","added_sidebar_link_only","Batch 11 selective hub-spoke strengthening","ADDED"
"/รับซื้อ/รับซื้อเมนบอร์ด-อุบลราชธานี","","(no link)","รับซื้อ MacBook ในอุบลราชธานี","/รับซื้อ/รับซื้อ-macbook-อุบลราชธานี","รับซื้อ MacBook ในอุบลราชธานี","added_sidebar_link_only","Batch 11 selective hub-spoke strengthening","ADDED"
"/รับซื้อ/รับซื้อเมนบอร์ด-อุบลราชธานี","","(no link)","รับซื้อคอมพิวเตอร์ ในอุบลราชธานี","/รับซื้อ/รับซื้อคอมพิวเตอร์-อุบลราชธานี","รับซื้อคอมพิวเตอร์ ในอุบลราชธานี","added_sidebar_link_only","Batch 11 selective hub-spoke strengthening","ADDED"
"/รับซื้อ/รับซื้อเมนบอร์ด-อุบลราชธานี","","(no link)","รับซื้อ iPhone ในอุบลราชธานี","/รับซื้อ/รับซื้อ-iphone-อุบลราชธานี","รับซื้อ iPhone ในอุบลราชธานี","added_sidebar_link_only","Batch 11 selective hub-spoke strengthening","ADDED"
"/รับซื้อ/รับซื้อเมนบอร์ด-เลย","","(no link)","รับซื้อ โน๊ตบุ๊ค ในเลย","/รับซื้อ/รับซื้อโน๊ตบุ๊ค-เลย","รับซื้อ โน๊ตบุ๊ค ในเลย","added_sidebar_link_only","Batch 11 selective hub-spoke strengthening","ADDED"
"/รับซื้อ/รับซื้อเมนบอร์ด-เลย","","(no link)","รับซื้อ MacBook ในเลย","/รับซื้อ/รับซื้อ-macbook-เลย","รับซื้อ MacBook ในเลย","added_sidebar_link_only","Batch 11 selective hub-spoke strengthening","ADDED"
"/รับซื้อ/รับซื้อเมนบอร์ด-เลย","","(no link)","รับซื้อ คอมพิวเตอร์ ในเลย","/รับซื้อ/รับซื้อคอมพิวเตอร์-เลย","รับซื้อ คอมพิวเตอร์ ในเลย","added_sidebar_link_only","Batch 11 selective hub-spoke strengthening","ADDED"
"/รับซื้อ/รับซื้อเมนบอร์ด-เลย","","(no link)","รับซื้อ iPhone ในเลย","/รับซื้อ/รับซื้อ-iphone-เลย","รับซื้อ iPhone ในเลย","added_sidebar_link_only","Batch 11 selective hub-spoke strengthening","ADDED"
"/รับซื้อ/รับซื้อแท็บเล็ต-กาฬสินธุ์","","(no link)","รับซื้อ โน๊ตบุ๊ค ในกาฬสินธุ์","/รับซื้อ/รับซื้อโน๊ตบุ๊ค-กาฬสินธุ์","รับซื้อ โน๊ตบุ๊ค ในกาฬสินธุ์","added_sidebar_link_only","Batch 11 selective hub-spoke strengthening","ADDED"
"/รับซื้อ/รับซื้อแท็บเล็ต-กาฬสินธุ์","","(no link)","รับซื้อ MacBook ในกาฬสินธุ์","/รับซื้อ/รับซื้อ-macbook-กาฬสินธุ์","รับซื้อ MacBook ในกาฬสินธุ์","added_sidebar_link_only","Batch 11 selective hub-spoke strengthening","ADDED"
"/รับซื้อ/รับซื้อแท็บเล็ต-กาฬสินธุ์","","(no link)","รับซื้อ คอมพิวเตอร์ ในกาฬสินธุ์","/รับซื้อ/รับซื้อคอมพิวเตอร์-กาฬสินธุ์","รับซื้อ คอมพิวเตอร์ ในกาฬสินธุ์","added_sidebar_link_only","Batch 11 selective hub-spoke strengthening","ADDED"
"/รับซื้อ/รับซื้อแท็บเล็ต-กาฬสินธุ์","","(no link)","รับซื้อ iPhone ในกาฬสินธุ์","/รับซื้อ/รับซื้อ-iphone-กาฬสินธุ์","รับซื้อ iPhone ในกาฬสินธุ์","added_sidebar_link_only","Batch 11 selective hub-spoke strengthening","ADDED"
"/รับซื้อ/รับซื้อแท็บเล็ต-ขอนแก่น","","(no link)","รับซื้อ โน๊ตบุ๊ค ในขอนแก่น","/รับซื้อ/รับซื้อโน๊ตบุ๊ค-ขอนแก่น","รับซื้อ โน๊ตบุ๊ค ในขอนแก่น","added_sidebar_link_only","Batch 11 selective hub-spoke strengthening","ADDED"
"/รับซื้อ/รับซื้อแท็บเล็ต-ขอนแก่น","","(no link)","รับซื้อ MacBook ในขอนแก่น","/รับซื้อ/รับซื้อ-macbook-ขอนแก่น","รับซื้อ MacBook ในขอนแก่น","added_sidebar_link_only","Batch 11 selective hub-spoke strengthening","ADDED"
"/รับซื้อ/รับซื้อแท็บเล็ต-ขอนแก่น","","(no link)","รับซื้อ คอมพิวเตอร์ ในขอนแก่น","/รับซื้อ/รับซื้อคอมพิวเตอร์-ขอนแก่น","รับซื้อ คอมพิวเตอร์ ในขอนแก่น","added_sidebar_link_only","Batch 11 selective hub-spoke strengthening","ADDED"
"/รับซื้อ/รับซื้อแท็บเล็ต-ขอนแก่น","","(no link)","รับซื้อ iPhone ในขอนแก่น","/รับซื้อ/รับซื้อ-iphone-ขอนแก่น","รับซื้อ iPhone ในขอนแก่น","added_sidebar_link_only","Batch 11 selective hub-spoke strengthening","ADDED"
"/รับซื้อ/รับซื้อแท็บเล็ต-ชัยภูมิ","","(no link)","รับซื้อ โน๊ตบุ๊ค ในชัยภูมิ","/รับซื้อ/รับซื้อโน๊ตบุ๊ค-ชัยภูมิ","รับซื้อ โน๊ตบุ๊ค ในชัยภูมิ","added_sidebar_link_only","Batch 11 selective hub-spoke strengthening","ADDED"
"/รับซื้อ/รับซื้อแท็บเล็ต-ชัยภูมิ","","(no link)","รับซื้อ MacBook ในชัยภูมิ","/รับซื้อ/รับซื้อ-macbook-ชัยภูมิ","รับซื้อ MacBook ในชัยภูมิ","added_sidebar_link_only","Batch 11 selective hub-spoke strengthening","ADDED"
"/รับซื้อ/รับซื้อแท็บเล็ต-ชัยภูมิ","","(no link)","รับซื้อ คอมพิวเตอร์ ในชัยภูมิ","/รับซื้อ/รับซื้อคอมพิวเตอร์-ชัยภูมิ","รับซื้อ คอมพิวเตอร์ ในชัยภูมิ","added_sidebar_link_only","Batch 11 selective hub-spoke strengthening","ADDED"
"/รับซื้อ/รับซื้อแท็บเล็ต-ชัยภูมิ","","(no link)","รับซื้อ iPhone ในชัยภูมิ","/รับซื้อ/รับซื้อ-iphone-ชัยภูมิ","รับซื้อ iPhone ในชัยภูมิ","added_sidebar_link_only","Batch 11 selective hub-spoke strengthening","ADDED"
"/รับซื้อ/รับซื้อแท็บเล็ต-นครพนม","","(no link)","รับซื้อ โน๊ตบุ๊ค ในนครพนม","/รับซื้อ/รับซื้อโน๊ตบุ๊ค-นครพนม","รับซื้อ โน๊ตบุ๊ค ในนครพนม","added_sidebar_link_only","Batch 11 selective hub-spoke strengthening","ADDED"
"/รับซื้อ/รับซื้อแท็บเล็ต-นครพนม","","(no link)","รับซื้อ MacBook ในนครพนม","/รับซื้อ/รับซื้อ-macbook-นครพนม","รับซื้อ MacBook ในนครพนม","added_sidebar_link_only","Batch 11 selective hub-spoke strengthening","ADDED"
"/รับซื้อ/รับซื้อแท็บเล็ต-นครพนม","","(no link)","รับซื้อ คอมพิวเตอร์ ในนครพนม","/รับซื้อ/รับซื้อคอมพิวเตอร์-นครพนม","รับซื้อ คอมพิวเตอร์ ในนครพนม","added_sidebar_link_only","Batch 11 selective hub-spoke strengthening","ADDED"
"/รับซื้อ/รับซื้อแท็บเล็ต-นครพนม","","(no link)","รับซื้อ iPhone ในนครพนม","/รับซื้อ/รับซื้อ-iphone-นครพนม","รับซื้อ iPhone ในนครพนม","added_sidebar_link_only","Batch 11 selective hub-spoke strengthening","ADDED"
"/รับซื้อ/รับซื้อแท็บเล็ต-นครราชสีมา","","(no link)","รับซื้อ โน๊ตบุ๊ค ในนครราชสีมา","/รับซื้อ/รับซื้อโน๊ตบุ๊ค-นครราชสีมา","รับซื้อ โน๊ตบุ๊ค ในนครราชสีมา","added_sidebar_link_only","Batch 11 selective hub-spoke strengthening","ADDED"
"/รับซื้อ/รับซื้อแท็บเล็ต-นครราชสีมา","","(no link)","รับซื้อ MacBook ในนครราชสีมา","/รับซื้อ/รับซื้อ-macbook-นครราชสีมา","รับซื้อ MacBook ในนครราชสีมา","added_sidebar_link_only","Batch 11 selective hub-spoke strengthening","ADDED"
"/รับซื้อ/รับซื้อแท็บเล็ต-นครราชสีมา","","(no link)","รับซื้อ คอมพิวเตอร์ ในนครราชสีมา","/รับซื้อ/รับซื้อคอมพิวเตอร์-นครราชสีมา","รับซื้อ คอมพิวเตอร์ ในนครราชสีมา","added_sidebar_link_only","Batch 11 selective hub-spoke strengthening","ADDED"
"/รับซื้อ/รับซื้อแท็บเล็ต-นครราชสีมา","","(no link)","รับซื้อ iPhone ในนครราชสีมา","/รับซื้อ/รับซื้อ-iphone-นครราชสีมา","รับซื้อ iPhone ในนครราชสีมา","added_sidebar_link_only","Batch 11 selective hub-spoke strengthening","ADDED"
"/รับซื้อ/รับซื้อแท็บเล็ต-บึงกาฬ","","(no link)","รับซื้อ โน๊ตบุ๊ค ในบึงกาฬ","/รับซื้อ/รับซื้อโน๊ตบุ๊ค-บึงกาฬ","รับซื้อ โน๊ตบุ๊ค ในบึงกาฬ","added_sidebar_link_only","Batch 11 selective hub-spoke strengthening","ADDED"
"/รับซื้อ/รับซื้อแท็บเล็ต-บึงกาฬ","","(no link)","รับซื้อ MacBook ในบึงกาฬ","/รับซื้อ/รับซื้อ-macbook-บึงกาฬ","รับซื้อ MacBook ในบึงกาฬ","added_sidebar_link_only","Batch 11 selective hub-spoke strengthening","ADDED"
"/รับซื้อ/รับซื้อแท็บเล็ต-บึงกาฬ","","(no link)","รับซื้อ คอมพิวเตอร์ ในบึงกาฬ","/รับซื้อ/รับซื้อคอมพิวเตอร์-บึงกาฬ","รับซื้อ คอมพิวเตอร์ ในบึงกาฬ","added_sidebar_link_only","Batch 11 selective hub-spoke strengthening","ADDED"
"/รับซื้อ/รับซื้อแท็บเล็ต-บึงกาฬ","","(no link)","รับซื้อ iPhone ในบึงกาฬ","/รับซื้อ/รับซื้อ-iphone-บึงกาฬ","รับซื้อ iPhone ในบึงกาฬ","added_sidebar_link_only","Batch 11 selective hub-spoke strengthening","ADDED"
"/รับซื้อ/รับซื้อแท็บเล็ต-บุรีรัมย์","","(no link)","รับซื้อ โน๊ตบุ๊ค ในบุรีรัมย์","/รับซื้อ/รับซื้อโน๊ตบุ๊ค-บุรีรัมย์","รับซื้อ โน๊ตบุ๊ค ในบุรีรัมย์","added_sidebar_link_only","Batch 11 selective hub-spoke strengthening","ADDED"
"/รับซื้อ/รับซื้อแท็บเล็ต-บุรีรัมย์","","(no link)","รับซื้อ MacBook ในบุรีรัมย์","/รับซื้อ/รับซื้อ-macbook-บุรีรัมย์","รับซื้อ MacBook ในบุรีรัมย์","added_sidebar_link_only","Batch 11 selective hub-spoke strengthening","ADDED"
"/รับซื้อ/รับซื้อแท็บเล็ต-บุรีรัมย์","","(no link)","รับซื้อ คอมพิวเตอร์ ในบุรีรัมย์","/รับซื้อ/รับซื้อคอมพิวเตอร์-บุรีรัมย์","รับซื้อ คอมพิวเตอร์ ในบุรีรัมย์","added_sidebar_link_only","Batch 11 selective hub-spoke strengthening","ADDED"
"/รับซื้อ/รับซื้อแท็บเล็ต-บุรีรัมย์","","(no link)","รับซื้อ iPhone ในบุรีรัมย์","/รับซื้อ/รับซื้อ-iphone-บุรีรัมย์","รับซื้อ iPhone ในบุรีรัมย์","added_sidebar_link_only","Batch 11 selective hub-spoke strengthening","ADDED"
"/รับซื้อ/รับซื้อแท็บเล็ต-มหาสารคาม","","(no link)","รับซื้อ โน๊ตบุ๊ค ในมหาสารคาม","/รับซื้อ/รับซื้อโน๊ตบุ๊ค-มหาสารคาม","รับซื้อ โน๊ตบุ๊ค ในมหาสารคาม","added_sidebar_link_only","Batch 11 selective hub-spoke strengthening","ADDED"
"/รับซื้อ/รับซื้อแท็บเล็ต-มหาสารคาม","","(no link)","รับซื้อ MacBook ในมหาสารคาม","/รับซื้อ/รับซื้อ-macbook-มหาสารคาม","รับซื้อ MacBook ในมหาสารคาม","added_sidebar_link_only","Batch 11 selective hub-spoke strengthening","ADDED"
"/รับซื้อ/รับซื้อแท็บเล็ต-มหาสารคาม","","(no link)","รับซื้อ คอมพิวเตอร์ ในมหาสารคาม","/รับซื้อ/รับซื้อคอมพิวเตอร์-มหาสารคาม","รับซื้อ คอมพิวเตอร์ ในมหาสารคาม","added_sidebar_link_only","Batch 11 selective hub-spoke strengthening","ADDED"
"/รับซื้อ/รับซื้อแท็บเล็ต-มหาสารคาม","","(no link)","รับซื้อ iPhone ในมหาสารคาม","/รับซื้อ/รับซื้อ-iphone-มหาสารคาม","รับซื้อ iPhone ในมหาสารคาม","added_sidebar_link_only","Batch 11 selective hub-spoke strengthening","ADDED"
"/รับซื้อ/รับซื้อแท็บเล็ต-มุกดาหาร","","(no link)","รับซื้อ โน๊ตบุ๊ค ในมุกดาหาร","/รับซื้อ/รับซื้อโน๊ตบุ๊ค-มุกดาหาร","รับซื้อ โน๊ตบุ๊ค ในมุกดาหาร","added_sidebar_link_only","Batch 11 selective hub-spoke strengthening","ADDED"
"/รับซื้อ/รับซื้อแท็บเล็ต-มุกดาหาร","","(no link)","รับซื้อ MacBook ในมุกดาหาร","/รับซื้อ/รับซื้อ-macbook-มุกดาหาร","รับซื้อ MacBook ในมุกดาหาร","added_sidebar_link_only","Batch 11 selective hub-spoke strengthening","ADDED"
"/รับซื้อ/รับซื้อแท็บเล็ต-มุกดาหาร","","(no link)","รับซื้อ คอมพิวเตอร์ ในมุกดาหาร","/รับซื้อ/รับซื้อคอมพิวเตอร์-มุกดาหาร","รับซื้อ คอมพิวเตอร์ ในมุกดาหาร","added_sidebar_link_only","Batch 11 selective hub-spoke strengthening","ADDED"
"/รับซื้อ/รับซื้อแท็บเล็ต-มุกดาหาร","","(no link)","รับซื้อ iPhone ในมุกดาหาร","/รับซื้อ/รับซื้อ-iphone-มุกดาหาร","รับซื้อ iPhone ในมุกดาหาร","added_sidebar_link_only","Batch 11 selective hub-spoke strengthening","ADDED"
"/รับซื้อ/รับซื้อแท็บเล็ต-ยโสธร","","(no link)","รับซื้อ โน๊ตบุ๊ค ในยโสธร","/รับซื้อ/รับซื้อโน๊ตบุ๊ค-ยโสธร","รับซื้อ โน๊ตบุ๊ค ในยโสธร","added_sidebar_link_only","Batch 11 selective hub-spoke strengthening","ADDED"
"/รับซื้อ/รับซื้อแท็บเล็ต-ยโสธร","","(no link)","รับซื้อ MacBook ในยโสธร","/รับซื้อ/รับซื้อ-macbook-ยโสธร","รับซื้อ MacBook ในยโสธร","added_sidebar_link_only","Batch 11 selective hub-spoke strengthening","ADDED"
"/รับซื้อ/รับซื้อแท็บเล็ต-ยโสธร","","(no link)","รับซื้อ คอมพิวเตอร์ ในยโสธร","/รับซื้อ/รับซื้อคอมพิวเตอร์-ยโสธร","รับซื้อ คอมพิวเตอร์ ในยโสธร","added_sidebar_link_only","Batch 11 selective hub-spoke strengthening","ADDED"
"/รับซื้อ/รับซื้อแท็บเล็ต-ยโสธร","","(no link)","รับซื้อ iPhone ในยโสธร","/รับซื้อ/รับซื้อ-iphone-ยโสธร","รับซื้อ iPhone ในยโสธร","added_sidebar_link_only","Batch 11 selective hub-spoke strengthening","ADDED"
"/รับซื้อ/รับซื้อแท็บเล็ต-ร้อยเอ็ด","","(no link)","รับซื้อ โน๊ตบุ๊ค ในร้อยเอ็ด","/รับซื้อ/รับซื้อโน๊ตบุ๊ค-ร้อยเอ็ด","รับซื้อ โน๊ตบุ๊ค ในร้อยเอ็ด","added_sidebar_link_only","Batch 11 selective hub-spoke strengthening","ADDED"
"/รับซื้อ/รับซื้อแท็บเล็ต-ร้อยเอ็ด","","(no link)","รับซื้อ MacBook ในร้อยเอ็ด","/รับซื้อ/รับซื้อ-macbook-ร้อยเอ็ด","รับซื้อ MacBook ในร้อยเอ็ด","added_sidebar_link_only","Batch 11 selective hub-spoke strengthening","ADDED"
"/รับซื้อ/รับซื้อแท็บเล็ต-ร้อยเอ็ด","","(no link)","รับซื้อ คอมพิวเตอร์ ในร้อยเอ็ด","/รับซื้อ/รับซื้อคอมพิวเตอร์-ร้อยเอ็ด","รับซื้อ คอมพิวเตอร์ ในร้อยเอ็ด","added_sidebar_link_only","Batch 11 selective hub-spoke strengthening","ADDED"
"/รับซื้อ/รับซื้อแท็บเล็ต-ร้อยเอ็ด","","(no link)","รับซื้อ iPhone ในร้อยเอ็ด","/รับซื้อ/รับซื้อ-iphone-ร้อยเอ็ด","รับซื้อ iPhone ในร้อยเอ็ด","added_sidebar_link_only","Batch 11 selective hub-spoke strengthening","ADDED"
"/รับซื้อ/รับซื้อแท็บเล็ต-ศรีสะเกษ","","(no link)","รับซื้อ โน๊ตบุ๊ค ในศรีสะเกษ","/รับซื้อ/รับซื้อโน๊ตบุ๊ค-ศรีสะเกษ","รับซื้อ โน๊ตบุ๊ค ในศรีสะเกษ","added_sidebar_link_only","Batch 11 selective hub-spoke strengthening","ADDED"
"/รับซื้อ/รับซื้อแท็บเล็ต-ศรีสะเกษ","","(no link)","รับซื้อ MacBook ในศรีสะเกษ","/รับซื้อ/รับซื้อ-macbook-ศรีสะเกษ","รับซื้อ MacBook ในศรีสะเกษ","added_sidebar_link_only","Batch 11 selective hub-spoke strengthening","ADDED"
"/รับซื้อ/รับซื้อแท็บเล็ต-ศรีสะเกษ","","(no link)","รับซื้อ คอมพิวเตอร์ ในศรีสะเกษ","/รับซื้อ/รับซื้อคอมพิวเตอร์-ศรีสะเกษ","รับซื้อ คอมพิวเตอร์ ในศรีสะเกษ","added_sidebar_link_only","Batch 11 selective hub-spoke strengthening","ADDED"
"/รับซื้อ/รับซื้อแท็บเล็ต-ศรีสะเกษ","","(no link)","รับซื้อ iPhone ในศรีสะเกษ","/รับซื้อ/รับซื้อ-iphone-ศรีสะเกษ","รับซื้อ iPhone ในศรีสะเกษ","added_sidebar_link_only","Batch 11 selective hub-spoke strengthening","ADDED"
"/รับซื้อ/รับซื้อแท็บเล็ต-สกลนคร","","(no link)","รับซื้อ โน๊ตบุ๊ค ในสกลนคร","/รับซื้อ/รับซื้อโน๊ตบุ๊ค-สกลนคร","รับซื้อ โน๊ตบุ๊ค ในสกลนคร","added_sidebar_link_only","Batch 11 selective hub-spoke strengthening","ADDED"
"/รับซื้อ/รับซื้อแท็บเล็ต-สกลนคร","","(no link)","รับซื้อ MacBook ในสกลนคร","/รับซื้อ/รับซื้อ-macbook-สกลนคร","รับซื้อ MacBook ในสกลนคร","added_sidebar_link_only","Batch 11 selective hub-spoke strengthening","ADDED"
"/รับซื้อ/รับซื้อแท็บเล็ต-สกลนคร","","(no link)","รับซื้อ คอมพิวเตอร์ ในสกลนคร","/รับซื้อ/รับซื้อคอมพิวเตอร์-สกลนคร","รับซื้อ คอมพิวเตอร์ ในสกลนคร","added_sidebar_link_only","Batch 11 selective hub-spoke strengthening","ADDED"
"/รับซื้อ/รับซื้อแท็บเล็ต-สกลนคร","","(no link)","รับซื้อ iPhone ในสกลนคร","/รับซื้อ/รับซื้อ-iphone-สกลนคร","รับซื้อ iPhone ในสกลนคร","added_sidebar_link_only","Batch 11 selective hub-spoke strengthening","ADDED"
"/รับซื้อ/รับซื้อแท็บเล็ต-สุรินทร์","","(no link)","รับซื้อ โน๊ตบุ๊ค ในสุรินทร์","/รับซื้อ/รับซื้อโน๊ตบุ๊ค-สุรินทร์","รับซื้อ โน๊ตบุ๊ค ในสุรินทร์","added_sidebar_link_only","Batch 11 selective hub-spoke strengthening","ADDED"
"/รับซื้อ/รับซื้อแท็บเล็ต-สุรินทร์","","(no link)","รับซื้อ MacBook ในสุรินทร์","/รับซื้อ/รับซื้อ-macbook-สุรินทร์","รับซื้อ MacBook ในสุรินทร์","added_sidebar_link_only","Batch 11 selective hub-spoke strengthening","ADDED"
"/รับซื้อ/รับซื้อแท็บเล็ต-สุรินทร์","","(no link)","รับซื้อ คอมพิวเตอร์ ในสุรินทร์","/รับซื้อ/รับซื้อคอมพิวเตอร์-สุรินทร์","รับซื้อ คอมพิวเตอร์ ในสุรินทร์","added_sidebar_link_only","Batch 11 selective hub-spoke strengthening","ADDED"
"/รับซื้อ/รับซื้อแท็บเล็ต-สุรินทร์","","(no link)","รับซื้อ iPhone ในสุรินทร์","/รับซื้อ/รับซื้อ-iphone-สุรินทร์","รับซื้อ iPhone ในสุรินทร์","added_sidebar_link_only","Batch 11 selective hub-spoke strengthening","ADDED"
"/รับซื้อ/รับซื้อแท็บเล็ต-หนองคาย","","(no link)","รับซื้อ โน๊ตบุ๊ค ในหนองคาย","/รับซื้อ/รับซื้อโน๊ตบุ๊ค-หนองคาย","รับซื้อ โน๊ตบุ๊ค ในหนองคาย","added_sidebar_link_only","Batch 11 selective hub-spoke strengthening","ADDED"
"/รับซื้อ/รับซื้อแท็บเล็ต-หนองคาย","","(no link)","รับซื้อ MacBook ในหนองคาย","/รับซื้อ/รับซื้อ-macbook-หนองคาย","รับซื้อ MacBook ในหนองคาย","added_sidebar_link_only","Batch 11 selective hub-spoke strengthening","ADDED"
"/รับซื้อ/รับซื้อแท็บเล็ต-หนองคาย","","(no link)","รับซื้อ คอมพิวเตอร์ ในหนองคาย","/รับซื้อ/รับซื้อคอมพิวเตอร์-หนองคาย","รับซื้อ คอมพิวเตอร์ ในหนองคาย","added_sidebar_link_only","Batch 11 selective hub-spoke strengthening","ADDED"
"/รับซื้อ/รับซื้อแท็บเล็ต-หนองคาย","","(no link)","รับซื้อ iPhone ในหนองคาย","/รับซื้อ/รับซื้อ-iphone-หนองคาย","รับซื้อ iPhone ในหนองคาย","added_sidebar_link_only","Batch 11 selective hub-spoke strengthening","ADDED"
"/รับซื้อ/รับซื้อแท็บเล็ต-หนองบัวลำภู","","(no link)","รับซื้อ โน๊ตบุ๊ค ในหนองบัวลำภู","/รับซื้อ/รับซื้อโน๊ตบุ๊ค-หนองบัวลำภู","รับซื้อ โน๊ตบุ๊ค ในหนองบัวลำภู","added_sidebar_link_only","Batch 11 selective hub-spoke strengthening","ADDED"
"/รับซื้อ/รับซื้อแท็บเล็ต-หนองบัวลำภู","","(no link)","รับซื้อ MacBook ในหนองบัวลำภู","/รับซื้อ/รับซื้อ-macbook-หนองบัวลำภู","รับซื้อ MacBook ในหนองบัวลำภู","added_sidebar_link_only","Batch 11 selective hub-spoke strengthening","ADDED"
"/รับซื้อ/รับซื้อแท็บเล็ต-หนองบัวลำภู","","(no link)","รับซื้อ คอมพิวเตอร์ ในหนองบัวลำภู","/รับซื้อ/รับซื้อคอมพิวเตอร์-หนองบัวลำภู","รับซื้อ คอมพิวเตอร์ ในหนองบัวลำภู","added_sidebar_link_only","Batch 11 selective hub-spoke strengthening","ADDED"
"/รับซื้อ/รับซื้อแท็บเล็ต-หนองบัวลำภู","","(no link)","รับซื้อ iPhone ในหนองบัวลำภู","/รับซื้อ/รับซื้อ-iphone-หนองบัวลำภู","รับซื้อ iPhone ในหนองบัวลำภู","added_sidebar_link_only","Batch 11 selective hub-spoke strengthening","ADDED"
"/รับซื้อ/รับซื้อแท็บเล็ต-อำนาจเจริญ","","(no link)","รับซื้อ โน๊ตบุ๊ค ในอำนาจเจริญ","/รับซื้อ/รับซื้อโน๊ตบุ๊ค-อำนาจเจริญ","รับซื้อ โน๊ตบุ๊ค ในอำนาจเจริญ","added_sidebar_link_only","Batch 11 selective hub-spoke strengthening","ADDED"
"/รับซื้อ/รับซื้อแท็บเล็ต-อำนาจเจริญ","","(no link)","รับซื้อ MacBook ในอำนาจเจริญ","/รับซื้อ/รับซื้อ-macbook-อำนาจเจริญ","รับซื้อ MacBook ในอำนาจเจริญ","added_sidebar_link_only","Batch 11 selective hub-spoke strengthening","ADDED"
"/รับซื้อ/รับซื้อแท็บเล็ต-อำนาจเจริญ","","(no link)","รับซื้อ คอมพิวเตอร์ ในอำนาจเจริญ","/รับซื้อ/รับซื้อคอมพิวเตอร์-อำนาจเจริญ","รับซื้อ คอมพิวเตอร์ ในอำนาจเจริญ","added_sidebar_link_only","Batch 11 selective hub-spoke strengthening","ADDED"
"/รับซื้อ/รับซื้อแท็บเล็ต-อำนาจเจริญ","","(no link)","รับซื้อ iPhone ในอำนาจเจริญ","/รับซื้อ/รับซื้อ-iphone-อำนาจเจริญ","รับซื้อ iPhone ในอำนาจเจริญ","added_sidebar_link_only","Batch 11 selective hub-spoke strengthening","ADDED"
"/รับซื้อ/รับซื้อแท็บเล็ต-อุดรธานี","","(no link)","รับซื้อ โน๊ตบุ๊ค ในอุดรธานี","/รับซื้อ/รับซื้อโน๊ตบุ๊ค-อุดรธานี","รับซื้อ โน๊ตบุ๊ค ในอุดรธานี","added_sidebar_link_only","Batch 11 selective hub-spoke strengthening","ADDED"
"/รับซื้อ/รับซื้อแท็บเล็ต-อุดรธานี","","(no link)","รับซื้อ MacBook ในอุดรธานี","/รับซื้อ/รับซื้อ-macbook-อุดรธานี","รับซื้อ MacBook ในอุดรธานี","added_sidebar_link_only","Batch 11 selective hub-spoke strengthening","ADDED"
"/รับซื้อ/รับซื้อแท็บเล็ต-อุดรธานี","","(no link)","รับซื้อ คอมพิวเตอร์ ในอุดรธานี","/รับซื้อ/รับซื้อคอมพิวเตอร์-อุดรธานี","รับซื้อ คอมพิวเตอร์ ในอุดรธานี","added_sidebar_link_only","Batch 11 selective hub-spoke strengthening","ADDED"
"/รับซื้อ/รับซื้อแท็บเล็ต-อุดรธานี","","(no link)","รับซื้อ iPhone ในอุดรธานี","/รับซื้อ/รับซื้อ-iphone-อุดรธานี","รับซื้อ iPhone ในอุดรธานี","added_sidebar_link_only","Batch 11 selective hub-spoke strengthening","ADDED"
"/รับซื้อ/รับซื้อแท็บเล็ต-อุบลราชธานี","","(no link)","รับซื้อโน๊ตบุ๊ค ในอุบลราชธานี","/รับซื้อ/รับซื้อโน๊ตบุ๊ค-อุบลราชธานี","รับซื้อโน๊ตบุ๊ค ในอุบลราชธานี","added_sidebar_link_only","Batch 11 selective hub-spoke strengthening","ADDED"
"/รับซื้อ/รับซื้อแท็บเล็ต-อุบลราชธานี","","(no link)","รับซื้อ MacBook ในอุบลราชธานี","/รับซื้อ/รับซื้อ-macbook-อุบลราชธานี","รับซื้อ MacBook ในอุบลราชธานี","added_sidebar_link_only","Batch 11 selective hub-spoke strengthening","ADDED"
"/รับซื้อ/รับซื้อแท็บเล็ต-อุบลราชธานี","","(no link)","รับซื้อคอมพิวเตอร์ ในอุบลราชธานี","/รับซื้อ/รับซื้อคอมพิวเตอร์-อุบลราชธานี","รับซื้อคอมพิวเตอร์ ในอุบลราชธานี","added_sidebar_link_only","Batch 11 selective hub-spoke strengthening","ADDED"
"/รับซื้อ/รับซื้อแท็บเล็ต-อุบลราชธานี","","(no link)","รับซื้อ iPhone ในอุบลราชธานี","/รับซื้อ/รับซื้อ-iphone-อุบลราชธานี","รับซื้อ iPhone ในอุบลราชธานี","added_sidebar_link_only","Batch 11 selective hub-spoke strengthening","ADDED"
"/รับซื้อ/รับซื้อแท็บเล็ต-เลย","","(no link)","รับซื้อ โน๊ตบุ๊ค ในเลย","/รับซื้อ/รับซื้อโน๊ตบุ๊ค-เลย","รับซื้อ โน๊ตบุ๊ค ในเลย","added_sidebar_link_only","Batch 11 selective hub-spoke strengthening","ADDED"
"/รับซื้อ/รับซื้อแท็บเล็ต-เลย","","(no link)","รับซื้อ MacBook ในเลย","/รับซื้อ/รับซื้อ-macbook-เลย","รับซื้อ MacBook ในเลย","added_sidebar_link_only","Batch 11 selective hub-spoke strengthening","ADDED"
"/รับซื้อ/รับซื้อแท็บเล็ต-เลย","","(no link)","รับซื้อ คอมพิวเตอร์ ในเลย","/รับซื้อ/รับซื้อคอมพิวเตอร์-เลย","รับซื้อ คอมพิวเตอร์ ในเลย","added_sidebar_link_only","Batch 11 selective hub-spoke strengthening","ADDED"
"/รับซื้อ/รับซื้อแท็บเล็ต-เลย","","(no link)","รับซื้อ iPhone ในเลย","/รับซื้อ/รับซื้อ-iphone-เลย","รับซื้อ iPhone ในเลย","added_sidebar_link_only","Batch 11 selective hub-spoke strengthening","ADDED"
"/รับซื้อ/รับซื้อแรม-กาฬสินธุ์","","(no link)","รับซื้อ โน๊ตบุ๊ค ในกาฬสินธุ์","/รับซื้อ/รับซื้อโน๊ตบุ๊ค-กาฬสินธุ์","รับซื้อ โน๊ตบุ๊ค ในกาฬสินธุ์","added_sidebar_link_only","Batch 11 selective hub-spoke strengthening","ADDED"
"/รับซื้อ/รับซื้อแรม-กาฬสินธุ์","","(no link)","รับซื้อ MacBook ในกาฬสินธุ์","/รับซื้อ/รับซื้อ-macbook-กาฬสินธุ์","รับซื้อ MacBook ในกาฬสินธุ์","added_sidebar_link_only","Batch 11 selective hub-spoke strengthening","ADDED"
"/รับซื้อ/รับซื้อแรม-กาฬสินธุ์","","(no link)","รับซื้อ คอมพิวเตอร์ ในกาฬสินธุ์","/รับซื้อ/รับซื้อคอมพิวเตอร์-กาฬสินธุ์","รับซื้อ คอมพิวเตอร์ ในกาฬสินธุ์","added_sidebar_link_only","Batch 11 selective hub-spoke strengthening","ADDED"
"/รับซื้อ/รับซื้อแรม-กาฬสินธุ์","","(no link)","รับซื้อ iPhone ในกาฬสินธุ์","/รับซื้อ/รับซื้อ-iphone-กาฬสินธุ์","รับซื้อ iPhone ในกาฬสินธุ์","added_sidebar_link_only","Batch 11 selective hub-spoke strengthening","ADDED"
"/รับซื้อ/รับซื้อแรม-ขอนแก่น","","(no link)","รับซื้อ โน๊ตบุ๊ค ในขอนแก่น","/รับซื้อ/รับซื้อโน๊ตบุ๊ค-ขอนแก่น","รับซื้อ โน๊ตบุ๊ค ในขอนแก่น","added_sidebar_link_only","Batch 11 selective hub-spoke strengthening","ADDED"
"/รับซื้อ/รับซื้อแรม-ขอนแก่น","","(no link)","รับซื้อ MacBook ในขอนแก่น","/รับซื้อ/รับซื้อ-macbook-ขอนแก่น","รับซื้อ MacBook ในขอนแก่น","added_sidebar_link_only","Batch 11 selective hub-spoke strengthening","ADDED"
"/รับซื้อ/รับซื้อแรม-ขอนแก่น","","(no link)","รับซื้อ คอมพิวเตอร์ ในขอนแก่น","/รับซื้อ/รับซื้อคอมพิวเตอร์-ขอนแก่น","รับซื้อ คอมพิวเตอร์ ในขอนแก่น","added_sidebar_link_only","Batch 11 selective hub-spoke strengthening","ADDED"
"/รับซื้อ/รับซื้อแรม-ขอนแก่น","","(no link)","รับซื้อ iPhone ในขอนแก่น","/รับซื้อ/รับซื้อ-iphone-ขอนแก่น","รับซื้อ iPhone ในขอนแก่น","added_sidebar_link_only","Batch 11 selective hub-spoke strengthening","ADDED"
"/รับซื้อ/รับซื้อแรม-ชัยภูมิ","","(no link)","รับซื้อ โน๊ตบุ๊ค ในชัยภูมิ","/รับซื้อ/รับซื้อโน๊ตบุ๊ค-ชัยภูมิ","รับซื้อ โน๊ตบุ๊ค ในชัยภูมิ","added_sidebar_link_only","Batch 11 selective hub-spoke strengthening","ADDED"
"/รับซื้อ/รับซื้อแรม-ชัยภูมิ","","(no link)","รับซื้อ MacBook ในชัยภูมิ","/รับซื้อ/รับซื้อ-macbook-ชัยภูมิ","รับซื้อ MacBook ในชัยภูมิ","added_sidebar_link_only","Batch 11 selective hub-spoke strengthening","ADDED"
"/รับซื้อ/รับซื้อแรม-ชัยภูมิ","","(no link)","รับซื้อ คอมพิวเตอร์ ในชัยภูมิ","/รับซื้อ/รับซื้อคอมพิวเตอร์-ชัยภูมิ","รับซื้อ คอมพิวเตอร์ ในชัยภูมิ","added_sidebar_link_only","Batch 11 selective hub-spoke strengthening","ADDED"
"/รับซื้อ/รับซื้อแรม-ชัยภูมิ","","(no link)","รับซื้อ iPhone ในชัยภูมิ","/รับซื้อ/รับซื้อ-iphone-ชัยภูมิ","รับซื้อ iPhone ในชัยภูมิ","added_sidebar_link_only","Batch 11 selective hub-spoke strengthening","ADDED"
"/รับซื้อ/รับซื้อแรม-นครพนม","","(no link)","รับซื้อ โน๊ตบุ๊ค ในนครพนม","/รับซื้อ/รับซื้อโน๊ตบุ๊ค-นครพนม","รับซื้อ โน๊ตบุ๊ค ในนครพนม","added_sidebar_link_only","Batch 11 selective hub-spoke strengthening","ADDED"
"/รับซื้อ/รับซื้อแรม-นครพนม","","(no link)","รับซื้อ MacBook ในนครพนม","/รับซื้อ/รับซื้อ-macbook-นครพนม","รับซื้อ MacBook ในนครพนม","added_sidebar_link_only","Batch 11 selective hub-spoke strengthening","ADDED"
"/รับซื้อ/รับซื้อแรม-นครพนม","","(no link)","รับซื้อ คอมพิวเตอร์ ในนครพนม","/รับซื้อ/รับซื้อคอมพิวเตอร์-นครพนม","รับซื้อ คอมพิวเตอร์ ในนครพนม","added_sidebar_link_only","Batch 11 selective hub-spoke strengthening","ADDED"
"/รับซื้อ/รับซื้อแรม-นครพนม","","(no link)","รับซื้อ iPhone ในนครพนม","/รับซื้อ/รับซื้อ-iphone-นครพนม","รับซื้อ iPhone ในนครพนม","added_sidebar_link_only","Batch 11 selective hub-spoke strengthening","ADDED"
"/รับซื้อ/รับซื้อแรม-นครราชสีมา","","(no link)","รับซื้อ โน๊ตบุ๊ค ในนครราชสีมา","/รับซื้อ/รับซื้อโน๊ตบุ๊ค-นครราชสีมา","รับซื้อ โน๊ตบุ๊ค ในนครราชสีมา","added_sidebar_link_only","Batch 11 selective hub-spoke strengthening","ADDED"
"/รับซื้อ/รับซื้อแรม-นครราชสีมา","","(no link)","รับซื้อ MacBook ในนครราชสีมา","/รับซื้อ/รับซื้อ-macbook-นครราชสีมา","รับซื้อ MacBook ในนครราชสีมา","added_sidebar_link_only","Batch 11 selective hub-spoke strengthening","ADDED"
"/รับซื้อ/รับซื้อแรม-นครราชสีมา","","(no link)","รับซื้อ คอมพิวเตอร์ ในนครราชสีมา","/รับซื้อ/รับซื้อคอมพิวเตอร์-นครราชสีมา","รับซื้อ คอมพิวเตอร์ ในนครราชสีมา","added_sidebar_link_only","Batch 11 selective hub-spoke strengthening","ADDED"
"/รับซื้อ/รับซื้อแรม-นครราชสีมา","","(no link)","รับซื้อ iPhone ในนครราชสีมา","/รับซื้อ/รับซื้อ-iphone-นครราชสีมา","รับซื้อ iPhone ในนครราชสีมา","added_sidebar_link_only","Batch 11 selective hub-spoke strengthening","ADDED"
"/รับซื้อ/รับซื้อแรม-บึงกาฬ","","(no link)","รับซื้อ โน๊ตบุ๊ค ในบึงกาฬ","/รับซื้อ/รับซื้อโน๊ตบุ๊ค-บึงกาฬ","รับซื้อ โน๊ตบุ๊ค ในบึงกาฬ","added_sidebar_link_only","Batch 11 selective hub-spoke strengthening","ADDED"
"/รับซื้อ/รับซื้อแรม-บึงกาฬ","","(no link)","รับซื้อ MacBook ในบึงกาฬ","/รับซื้อ/รับซื้อ-macbook-บึงกาฬ","รับซื้อ MacBook ในบึงกาฬ","added_sidebar_link_only","Batch 11 selective hub-spoke strengthening","ADDED"
"/รับซื้อ/รับซื้อแรม-บึงกาฬ","","(no link)","รับซื้อ คอมพิวเตอร์ ในบึงกาฬ","/รับซื้อ/รับซื้อคอมพิวเตอร์-บึงกาฬ","รับซื้อ คอมพิวเตอร์ ในบึงกาฬ","added_sidebar_link_only","Batch 11 selective hub-spoke strengthening","ADDED"
"/รับซื้อ/รับซื้อแรม-บึงกาฬ","","(no link)","รับซื้อ iPhone ในบึงกาฬ","/รับซื้อ/รับซื้อ-iphone-บึงกาฬ","รับซื้อ iPhone ในบึงกาฬ","added_sidebar_link_only","Batch 11 selective hub-spoke strengthening","ADDED"
"/รับซื้อ/รับซื้อแรม-บุรีรัมย์","","(no link)","รับซื้อ โน๊ตบุ๊ค ในบุรีรัมย์","/รับซื้อ/รับซื้อโน๊ตบุ๊ค-บุรีรัมย์","รับซื้อ โน๊ตบุ๊ค ในบุรีรัมย์","added_sidebar_link_only","Batch 11 selective hub-spoke strengthening","ADDED"
"/รับซื้อ/รับซื้อแรม-บุรีรัมย์","","(no link)","รับซื้อ MacBook ในบุรีรัมย์","/รับซื้อ/รับซื้อ-macbook-บุรีรัมย์","รับซื้อ MacBook ในบุรีรัมย์","added_sidebar_link_only","Batch 11 selective hub-spoke strengthening","ADDED"
"/รับซื้อ/รับซื้อแรม-บุรีรัมย์","","(no link)","รับซื้อ คอมพิวเตอร์ ในบุรีรัมย์","/รับซื้อ/รับซื้อคอมพิวเตอร์-บุรีรัมย์","รับซื้อ คอมพิวเตอร์ ในบุรีรัมย์","added_sidebar_link_only","Batch 11 selective hub-spoke strengthening","ADDED"
"/รับซื้อ/รับซื้อแรม-บุรีรัมย์","","(no link)","รับซื้อ iPhone ในบุรีรัมย์","/รับซื้อ/รับซื้อ-iphone-บุรีรัมย์","รับซื้อ iPhone ในบุรีรัมย์","added_sidebar_link_only","Batch 11 selective hub-spoke strengthening","ADDED"
"/รับซื้อ/รับซื้อแรม-มหาสารคาม","","(no link)","รับซื้อ โน๊ตบุ๊ค ในมหาสารคาม","/รับซื้อ/รับซื้อโน๊ตบุ๊ค-มหาสารคาม","รับซื้อ โน๊ตบุ๊ค ในมหาสารคาม","added_sidebar_link_only","Batch 11 selective hub-spoke strengthening","ADDED"
"/รับซื้อ/รับซื้อแรม-มหาสารคาม","","(no link)","รับซื้อ MacBook ในมหาสารคาม","/รับซื้อ/รับซื้อ-macbook-มหาสารคาม","รับซื้อ MacBook ในมหาสารคาม","added_sidebar_link_only","Batch 11 selective hub-spoke strengthening","ADDED"
"/รับซื้อ/รับซื้อแรม-มหาสารคาม","","(no link)","รับซื้อ คอมพิวเตอร์ ในมหาสารคาม","/รับซื้อ/รับซื้อคอมพิวเตอร์-มหาสารคาม","รับซื้อ คอมพิวเตอร์ ในมหาสารคาม","added_sidebar_link_only","Batch 11 selective hub-spoke strengthening","ADDED"
"/รับซื้อ/รับซื้อแรม-มหาสารคาม","","(no link)","รับซื้อ iPhone ในมหาสารคาม","/รับซื้อ/รับซื้อ-iphone-มหาสารคาม","รับซื้อ iPhone ในมหาสารคาม","added_sidebar_link_only","Batch 11 selective hub-spoke strengthening","ADDED"
"/รับซื้อ/รับซื้อแรม-มุกดาหาร","","(no link)","รับซื้อ โน๊ตบุ๊ค ในมุกดาหาร","/รับซื้อ/รับซื้อโน๊ตบุ๊ค-มุกดาหาร","รับซื้อ โน๊ตบุ๊ค ในมุกดาหาร","added_sidebar_link_only","Batch 11 selective hub-spoke strengthening","ADDED"
"/รับซื้อ/รับซื้อแรม-มุกดาหาร","","(no link)","รับซื้อ MacBook ในมุกดาหาร","/รับซื้อ/รับซื้อ-macbook-มุกดาหาร","รับซื้อ MacBook ในมุกดาหาร","added_sidebar_link_only","Batch 11 selective hub-spoke strengthening","ADDED"
"/รับซื้อ/รับซื้อแรม-มุกดาหาร","","(no link)","รับซื้อ คอมพิวเตอร์ ในมุกดาหาร","/รับซื้อ/รับซื้อคอมพิวเตอร์-มุกดาหาร","รับซื้อ คอมพิวเตอร์ ในมุกดาหาร","added_sidebar_link_only","Batch 11 selective hub-spoke strengthening","ADDED"
"/รับซื้อ/รับซื้อแรม-มุกดาหาร","","(no link)","รับซื้อ iPhone ในมุกดาหาร","/รับซื้อ/รับซื้อ-iphone-มุกดาหาร","รับซื้อ iPhone ในมุกดาหาร","added_sidebar_link_only","Batch 11 selective hub-spoke strengthening","ADDED"
"/รับซื้อ/รับซื้อแรม-ยโสธร","","(no link)","รับซื้อ โน๊ตบุ๊ค ในยโสธร","/รับซื้อ/รับซื้อโน๊ตบุ๊ค-ยโสธร","รับซื้อ โน๊ตบุ๊ค ในยโสธร","added_sidebar_link_only","Batch 11 selective hub-spoke strengthening","ADDED"
"/รับซื้อ/รับซื้อแรม-ยโสธร","","(no link)","รับซื้อ MacBook ในยโสธร","/รับซื้อ/รับซื้อ-macbook-ยโสธร","รับซื้อ MacBook ในยโสธร","added_sidebar_link_only","Batch 11 selective hub-spoke strengthening","ADDED"
"/รับซื้อ/รับซื้อแรม-ยโสธร","","(no link)","รับซื้อ คอมพิวเตอร์ ในยโสธร","/รับซื้อ/รับซื้อคอมพิวเตอร์-ยโสธร","รับซื้อ คอมพิวเตอร์ ในยโสธร","added_sidebar_link_only","Batch 11 selective hub-spoke strengthening","ADDED"
"/รับซื้อ/รับซื้อแรม-ยโสธร","","(no link)","รับซื้อ iPhone ในยโสธร","/รับซื้อ/รับซื้อ-iphone-ยโสธร","รับซื้อ iPhone ในยโสธร","added_sidebar_link_only","Batch 11 selective hub-spoke strengthening","ADDED"
"/รับซื้อ/รับซื้อแรม-ร้อยเอ็ด","","(no link)","รับซื้อ โน๊ตบุ๊ค ในร้อยเอ็ด","/รับซื้อ/รับซื้อโน๊ตบุ๊ค-ร้อยเอ็ด","รับซื้อ โน๊ตบุ๊ค ในร้อยเอ็ด","added_sidebar_link_only","Batch 11 selective hub-spoke strengthening","ADDED"
"/รับซื้อ/รับซื้อแรม-ร้อยเอ็ด","","(no link)","รับซื้อ MacBook ในร้อยเอ็ด","/รับซื้อ/รับซื้อ-macbook-ร้อยเอ็ด","รับซื้อ MacBook ในร้อยเอ็ด","added_sidebar_link_only","Batch 11 selective hub-spoke strengthening","ADDED"
"/รับซื้อ/รับซื้อแรม-ร้อยเอ็ด","","(no link)","รับซื้อ คอมพิวเตอร์ ในร้อยเอ็ด","/รับซื้อ/รับซื้อคอมพิวเตอร์-ร้อยเอ็ด","รับซื้อ คอมพิวเตอร์ ในร้อยเอ็ด","added_sidebar_link_only","Batch 11 selective hub-spoke strengthening","ADDED"
"/รับซื้อ/รับซื้อแรม-ร้อยเอ็ด","","(no link)","รับซื้อ iPhone ในร้อยเอ็ด","/รับซื้อ/รับซื้อ-iphone-ร้อยเอ็ด","รับซื้อ iPhone ในร้อยเอ็ด","added_sidebar_link_only","Batch 11 selective hub-spoke strengthening","ADDED"
"/รับซื้อ/รับซื้อแรม-ศรีสะเกษ","","(no link)","รับซื้อ โน๊ตบุ๊ค ในศรีสะเกษ","/รับซื้อ/รับซื้อโน๊ตบุ๊ค-ศรีสะเกษ","รับซื้อ โน๊ตบุ๊ค ในศรีสะเกษ","added_sidebar_link_only","Batch 11 selective hub-spoke strengthening","ADDED"
"/รับซื้อ/รับซื้อแรม-ศรีสะเกษ","","(no link)","รับซื้อ MacBook ในศรีสะเกษ","/รับซื้อ/รับซื้อ-macbook-ศรีสะเกษ","รับซื้อ MacBook ในศรีสะเกษ","added_sidebar_link_only","Batch 11 selective hub-spoke strengthening","ADDED"
"/รับซื้อ/รับซื้อแรม-ศรีสะเกษ","","(no link)","รับซื้อ คอมพิวเตอร์ ในศรีสะเกษ","/รับซื้อ/รับซื้อคอมพิวเตอร์-ศรีสะเกษ","รับซื้อ คอมพิวเตอร์ ในศรีสะเกษ","added_sidebar_link_only","Batch 11 selective hub-spoke strengthening","ADDED"
"/รับซื้อ/รับซื้อแรม-ศรีสะเกษ","","(no link)","รับซื้อ iPhone ในศรีสะเกษ","/รับซื้อ/รับซื้อ-iphone-ศรีสะเกษ","รับซื้อ iPhone ในศรีสะเกษ","added_sidebar_link_only","Batch 11 selective hub-spoke strengthening","ADDED"
"/รับซื้อ/รับซื้อแรม-สกลนคร","","(no link)","รับซื้อ โน๊ตบุ๊ค ในสกลนคร","/รับซื้อ/รับซื้อโน๊ตบุ๊ค-สกลนคร","รับซื้อ โน๊ตบุ๊ค ในสกลนคร","added_sidebar_link_only","Batch 11 selective hub-spoke strengthening","ADDED"
"/รับซื้อ/รับซื้อแรม-สกลนคร","","(no link)","รับซื้อ MacBook ในสกลนคร","/รับซื้อ/รับซื้อ-macbook-สกลนคร","รับซื้อ MacBook ในสกลนคร","added_sidebar_link_only","Batch 11 selective hub-spoke strengthening","ADDED"
"/รับซื้อ/รับซื้อแรม-สกลนคร","","(no link)","รับซื้อ คอมพิวเตอร์ ในสกลนคร","/รับซื้อ/รับซื้อคอมพิวเตอร์-สกลนคร","รับซื้อ คอมพิวเตอร์ ในสกลนคร","added_sidebar_link_only","Batch 11 selective hub-spoke strengthening","ADDED"
"/รับซื้อ/รับซื้อแรม-สกลนคร","","(no link)","รับซื้อ iPhone ในสกลนคร","/รับซื้อ/รับซื้อ-iphone-สกลนคร","รับซื้อ iPhone ในสกลนคร","added_sidebar_link_only","Batch 11 selective hub-spoke strengthening","ADDED"
"/รับซื้อ/รับซื้อแรม-สุรินทร์","","(no link)","รับซื้อ โน๊ตบุ๊ค ในสุรินทร์","/รับซื้อ/รับซื้อโน๊ตบุ๊ค-สุรินทร์","รับซื้อ โน๊ตบุ๊ค ในสุรินทร์","added_sidebar_link_only","Batch 11 selective hub-spoke strengthening","ADDED"
"/รับซื้อ/รับซื้อแรม-สุรินทร์","","(no link)","รับซื้อ MacBook ในสุรินทร์","/รับซื้อ/รับซื้อ-macbook-สุรินทร์","รับซื้อ MacBook ในสุรินทร์","added_sidebar_link_only","Batch 11 selective hub-spoke strengthening","ADDED"
"/รับซื้อ/รับซื้อแรม-สุรินทร์","","(no link)","รับซื้อ คอมพิวเตอร์ ในสุรินทร์","/รับซื้อ/รับซื้อคอมพิวเตอร์-สุรินทร์","รับซื้อ คอมพิวเตอร์ ในสุรินทร์","added_sidebar_link_only","Batch 11 selective hub-spoke strengthening","ADDED"
"/รับซื้อ/รับซื้อแรม-สุรินทร์","","(no link)","รับซื้อ iPhone ในสุรินทร์","/รับซื้อ/รับซื้อ-iphone-สุรินทร์","รับซื้อ iPhone ในสุรินทร์","added_sidebar_link_only","Batch 11 selective hub-spoke strengthening","ADDED"
"/รับซื้อ/รับซื้อแรม-หนองคาย","","(no link)","รับซื้อ โน๊ตบุ๊ค ในหนองคาย","/รับซื้อ/รับซื้อโน๊ตบุ๊ค-หนองคาย","รับซื้อ โน๊ตบุ๊ค ในหนองคาย","added_sidebar_link_only","Batch 11 selective hub-spoke strengthening","ADDED"
"/รับซื้อ/รับซื้อแรม-หนองคาย","","(no link)","รับซื้อ MacBook ในหนองคาย","/รับซื้อ/รับซื้อ-macbook-หนองคาย","รับซื้อ MacBook ในหนองคาย","added_sidebar_link_only","Batch 11 selective hub-spoke strengthening","ADDED"
"/รับซื้อ/รับซื้อแรม-หนองคาย","","(no link)","รับซื้อ คอมพิวเตอร์ ในหนองคาย","/รับซื้อ/รับซื้อคอมพิวเตอร์-หนองคาย","รับซื้อ คอมพิวเตอร์ ในหนองคาย","added_sidebar_link_only","Batch 11 selective hub-spoke strengthening","ADDED"
"/รับซื้อ/รับซื้อแรม-หนองคาย","","(no link)","รับซื้อ iPhone ในหนองคาย","/รับซื้อ/รับซื้อ-iphone-หนองคาย","รับซื้อ iPhone ในหนองคาย","added_sidebar_link_only","Batch 11 selective hub-spoke strengthening","ADDED"
"/รับซื้อ/รับซื้อแรม-หนองบัวลำภู","","(no link)","รับซื้อ โน๊ตบุ๊ค ในหนองบัวลำภู","/รับซื้อ/รับซื้อโน๊ตบุ๊ค-หนองบัวลำภู","รับซื้อ โน๊ตบุ๊ค ในหนองบัวลำภู","added_sidebar_link_only","Batch 11 selective hub-spoke strengthening","ADDED"
"/รับซื้อ/รับซื้อแรม-หนองบัวลำภู","","(no link)","รับซื้อ MacBook ในหนองบัวลำภู","/รับซื้อ/รับซื้อ-macbook-หนองบัวลำภู","รับซื้อ MacBook ในหนองบัวลำภู","added_sidebar_link_only","Batch 11 selective hub-spoke strengthening","ADDED"
"/รับซื้อ/รับซื้อแรม-หนองบัวลำภู","","(no link)","รับซื้อ คอมพิวเตอร์ ในหนองบัวลำภู","/รับซื้อ/รับซื้อคอมพิวเตอร์-หนองบัวลำภู","รับซื้อ คอมพิวเตอร์ ในหนองบัวลำภู","added_sidebar_link_only","Batch 11 selective hub-spoke strengthening","ADDED"
"/รับซื้อ/รับซื้อแรม-หนองบัวลำภู","","(no link)","รับซื้อ iPhone ในหนองบัวลำภู","/รับซื้อ/รับซื้อ-iphone-หนองบัวลำภู","รับซื้อ iPhone ในหนองบัวลำภู","added_sidebar_link_only","Batch 11 selective hub-spoke strengthening","ADDED"
"/รับซื้อ/รับซื้อแรม-อำนาจเจริญ","","(no link)","รับซื้อ โน๊ตบุ๊ค ในอำนาจเจริญ","/รับซื้อ/รับซื้อโน๊ตบุ๊ค-อำนาจเจริญ","รับซื้อ โน๊ตบุ๊ค ในอำนาจเจริญ","added_sidebar_link_only","Batch 11 selective hub-spoke strengthening","ADDED"
"/รับซื้อ/รับซื้อแรม-อำนาจเจริญ","","(no link)","รับซื้อ MacBook ในอำนาจเจริญ","/รับซื้อ/รับซื้อ-macbook-อำนาจเจริญ","รับซื้อ MacBook ในอำนาจเจริญ","added_sidebar_link_only","Batch 11 selective hub-spoke strengthening","ADDED"
"/รับซื้อ/รับซื้อแรม-อำนาจเจริญ","","(no link)","รับซื้อ คอมพิวเตอร์ ในอำนาจเจริญ","/รับซื้อ/รับซื้อคอมพิวเตอร์-อำนาจเจริญ","รับซื้อ คอมพิวเตอร์ ในอำนาจเจริญ","added_sidebar_link_only","Batch 11 selective hub-spoke strengthening","ADDED"
"/รับซื้อ/รับซื้อแรม-อำนาจเจริญ","","(no link)","รับซื้อ iPhone ในอำนาจเจริญ","/รับซื้อ/รับซื้อ-iphone-อำนาจเจริญ","รับซื้อ iPhone ในอำนาจเจริญ","added_sidebar_link_only","Batch 11 selective hub-spoke strengthening","ADDED"
"/รับซื้อ/รับซื้อแรม-อุดรธานี","","(no link)","รับซื้อ โน๊ตบุ๊ค ในอุดรธานี","/รับซื้อ/รับซื้อโน๊ตบุ๊ค-อุดรธานี","รับซื้อ โน๊ตบุ๊ค ในอุดรธานี","added_sidebar_link_only","Batch 11 selective hub-spoke strengthening","ADDED"
"/รับซื้อ/รับซื้อแรม-อุดรธานี","","(no link)","รับซื้อ MacBook ในอุดรธานี","/รับซื้อ/รับซื้อ-macbook-อุดรธานี","รับซื้อ MacBook ในอุดรธานี","added_sidebar_link_only","Batch 11 selective hub-spoke strengthening","ADDED"
"/รับซื้อ/รับซื้อแรม-อุดรธานี","","(no link)","รับซื้อ คอมพิวเตอร์ ในอุดรธานี","/รับซื้อ/รับซื้อคอมพิวเตอร์-อุดรธานี","รับซื้อ คอมพิวเตอร์ ในอุดรธานี","added_sidebar_link_only","Batch 11 selective hub-spoke strengthening","ADDED"
"/รับซื้อ/รับซื้อแรม-อุดรธานี","","(no link)","รับซื้อ iPhone ในอุดรธานี","/รับซื้อ/รับซื้อ-iphone-อุดรธานี","รับซื้อ iPhone ในอุดรธานี","added_sidebar_link_only","Batch 11 selective hub-spoke strengthening","ADDED"
"/รับซื้อ/รับซื้อแรม-อุบลราชธานี","","(no link)","รับซื้อโน๊ตบุ๊ค ในอุบลราชธานี","/รับซื้อ/รับซื้อโน๊ตบุ๊ค-อุบลราชธานี","รับซื้อโน๊ตบุ๊ค ในอุบลราชธานี","added_sidebar_link_only","Batch 11 selective hub-spoke strengthening","ADDED"
"/รับซื้อ/รับซื้อแรม-อุบลราชธานี","","(no link)","รับซื้อ MacBook ในอุบลราชธานี","/รับซื้อ/รับซื้อ-macbook-อุบลราชธานี","รับซื้อ MacBook ในอุบลราชธานี","added_sidebar_link_only","Batch 11 selective hub-spoke strengthening","ADDED"
"/รับซื้อ/รับซื้อแรม-อุบลราชธานี","","(no link)","รับซื้อคอมพิวเตอร์ ในอุบลราชธานี","/รับซื้อ/รับซื้อคอมพิวเตอร์-อุบลราชธานี","รับซื้อคอมพิวเตอร์ ในอุบลราชธานี","added_sidebar_link_only","Batch 11 selective hub-spoke strengthening","ADDED"
"/รับซื้อ/รับซื้อแรม-อุบลราชธานี","","(no link)","รับซื้อ iPhone ในอุบลราชธานี","/รับซื้อ/รับซื้อ-iphone-อุบลราชธานี","รับซื้อ iPhone ในอุบลราชธานี","added_sidebar_link_only","Batch 11 selective hub-spoke strengthening","ADDED"
"/รับซื้อ/รับซื้อแรม-เลย","","(no link)","รับซื้อ โน๊ตบุ๊ค ในเลย","/รับซื้อ/รับซื้อโน๊ตบุ๊ค-เลย","รับซื้อ โน๊ตบุ๊ค ในเลย","added_sidebar_link_only","Batch 11 selective hub-spoke strengthening","ADDED"
"/รับซื้อ/รับซื้อแรม-เลย","","(no link)","รับซื้อ MacBook ในเลย","/รับซื้อ/รับซื้อ-macbook-เลย","รับซื้อ MacBook ในเลย","added_sidebar_link_only","Batch 11 selective hub-spoke strengthening","ADDED"
"/รับซื้อ/รับซื้อแรม-เลย","","(no link)","รับซื้อ คอมพิวเตอร์ ในเลย","/รับซื้อ/รับซื้อคอมพิวเตอร์-เลย","รับซื้อ คอมพิวเตอร์ ในเลย","added_sidebar_link_only","Batch 11 selective hub-spoke strengthening","ADDED"
"/รับซื้อ/รับซื้อแรม-เลย","","(no link)","รับซื้อ iPhone ในเลย","/รับซื้อ/รับซื้อ-iphone-เลย","รับซื้อ iPhone ในเลย","added_sidebar_link_only","Batch 11 selective hub-spoke strengthening","ADDED"
"/รับซื้อ/รับซื้อโน๊ตบุ๊ค-กาฬสินธุ์","","(no link)","รับซื้อ MacBook ในกาฬสินธุ์","/รับซื้อ/รับซื้อ-macbook-กาฬสินธุ์","รับซื้อ MacBook ในกาฬสินธุ์","added_sidebar_link_only","Batch 11 selective hub-spoke strengthening","ADDED"
"/รับซื้อ/รับซื้อโน๊ตบุ๊ค-กาฬสินธุ์","","(no link)","รับซื้อ คอมพิวเตอร์ ในกาฬสินธุ์","/รับซื้อ/รับซื้อคอมพิวเตอร์-กาฬสินธุ์","รับซื้อ คอมพิวเตอร์ ในกาฬสินธุ์","added_sidebar_link_only","Batch 11 selective hub-spoke strengthening","ADDED"
"/รับซื้อ/รับซื้อโน๊ตบุ๊ค-กาฬสินธุ์","","(no link)","รับซื้อ iPhone ในกาฬสินธุ์","/รับซื้อ/รับซื้อ-iphone-กาฬสินธุ์","รับซื้อ iPhone ในกาฬสินธุ์","added_sidebar_link_only","Batch 11 selective hub-spoke strengthening","ADDED"
"/รับซื้อ/รับซื้อโน๊ตบุ๊ค-กาฬสินธุ์","","(no link)","รับซื้อ iPad ในกาฬสินธุ์","/รับซื้อ/รับซื้อ-ipad-กาฬสินธุ์","รับซื้อ iPad ในกาฬสินธุ์","added_sidebar_link_only","Batch 11 selective hub-spoke strengthening","ADDED"
"/รับซื้อ/รับซื้อโน๊ตบุ๊ค-ขอนแก่น","","(no link)","รับซื้อ MacBook ในขอนแก่น","/รับซื้อ/รับซื้อ-macbook-ขอนแก่น","รับซื้อ MacBook ในขอนแก่น","added_sidebar_link_only","Batch 11 selective hub-spoke strengthening","ADDED"
"/รับซื้อ/รับซื้อโน๊ตบุ๊ค-ขอนแก่น","","(no link)","รับซื้อ คอมพิวเตอร์ ในขอนแก่น","/รับซื้อ/รับซื้อคอมพิวเตอร์-ขอนแก่น","รับซื้อ คอมพิวเตอร์ ในขอนแก่น","added_sidebar_link_only","Batch 11 selective hub-spoke strengthening","ADDED"
"/รับซื้อ/รับซื้อโน๊ตบุ๊ค-ขอนแก่น","","(no link)","รับซื้อ iPhone ในขอนแก่น","/รับซื้อ/รับซื้อ-iphone-ขอนแก่น","รับซื้อ iPhone ในขอนแก่น","added_sidebar_link_only","Batch 11 selective hub-spoke strengthening","ADDED"
"/รับซื้อ/รับซื้อโน๊ตบุ๊ค-ขอนแก่น","","(no link)","รับซื้อ iPad ในขอนแก่น","/รับซื้อ/รับซื้อ-ipad-ขอนแก่น","รับซื้อ iPad ในขอนแก่น","added_sidebar_link_only","Batch 11 selective hub-spoke strengthening","ADDED"
"/รับซื้อ/รับซื้อโน๊ตบุ๊ค-ชัยภูมิ","","(no link)","รับซื้อ MacBook ในชัยภูมิ","/รับซื้อ/รับซื้อ-macbook-ชัยภูมิ","รับซื้อ MacBook ในชัยภูมิ","added_sidebar_link_only","Batch 11 selective hub-spoke strengthening","ADDED"
"/รับซื้อ/รับซื้อโน๊ตบุ๊ค-ชัยภูมิ","","(no link)","รับซื้อ คอมพิวเตอร์ ในชัยภูมิ","/รับซื้อ/รับซื้อคอมพิวเตอร์-ชัยภูมิ","รับซื้อ คอมพิวเตอร์ ในชัยภูมิ","added_sidebar_link_only","Batch 11 selective hub-spoke strengthening","ADDED"
"/รับซื้อ/รับซื้อโน๊ตบุ๊ค-ชัยภูมิ","","(no link)","รับซื้อ iPhone ในชัยภูมิ","/รับซื้อ/รับซื้อ-iphone-ชัยภูมิ","รับซื้อ iPhone ในชัยภูมิ","added_sidebar_link_only","Batch 11 selective hub-spoke strengthening","ADDED"
"/รับซื้อ/รับซื้อโน๊ตบุ๊ค-ชัยภูมิ","","(no link)","รับซื้อ iPad ในชัยภูมิ","/รับซื้อ/รับซื้อ-ipad-ชัยภูมิ","รับซื้อ iPad ในชัยภูมิ","added_sidebar_link_only","Batch 11 selective hub-spoke strengthening","ADDED"
"/รับซื้อ/รับซื้อโน๊ตบุ๊ค-นครพนม","","(no link)","รับซื้อ MacBook ในนครพนม","/รับซื้อ/รับซื้อ-macbook-นครพนม","รับซื้อ MacBook ในนครพนม","added_sidebar_link_only","Batch 11 selective hub-spoke strengthening","ADDED"
"/รับซื้อ/รับซื้อโน๊ตบุ๊ค-นครพนม","","(no link)","รับซื้อ คอมพิวเตอร์ ในนครพนม","/รับซื้อ/รับซื้อคอมพิวเตอร์-นครพนม","รับซื้อ คอมพิวเตอร์ ในนครพนม","added_sidebar_link_only","Batch 11 selective hub-spoke strengthening","ADDED"
"/รับซื้อ/รับซื้อโน๊ตบุ๊ค-นครพนม","","(no link)","รับซื้อ iPhone ในนครพนม","/รับซื้อ/รับซื้อ-iphone-นครพนม","รับซื้อ iPhone ในนครพนม","added_sidebar_link_only","Batch 11 selective hub-spoke strengthening","ADDED"
"/รับซื้อ/รับซื้อโน๊ตบุ๊ค-นครพนม","","(no link)","รับซื้อ iPad ในนครพนม","/รับซื้อ/รับซื้อ-ipad-นครพนม","รับซื้อ iPad ในนครพนม","added_sidebar_link_only","Batch 11 selective hub-spoke strengthening","ADDED"
"/รับซื้อ/รับซื้อโน๊ตบุ๊ค-นครราชสีมา","","(no link)","รับซื้อ MacBook ในนครราชสีมา","/รับซื้อ/รับซื้อ-macbook-นครราชสีมา","รับซื้อ MacBook ในนครราชสีมา","added_sidebar_link_only","Batch 11 selective hub-spoke strengthening","ADDED"
"/รับซื้อ/รับซื้อโน๊ตบุ๊ค-นครราชสีมา","","(no link)","รับซื้อ คอมพิวเตอร์ ในนครราชสีมา","/รับซื้อ/รับซื้อคอมพิวเตอร์-นครราชสีมา","รับซื้อ คอมพิวเตอร์ ในนครราชสีมา","added_sidebar_link_only","Batch 11 selective hub-spoke strengthening","ADDED"
"/รับซื้อ/รับซื้อโน๊ตบุ๊ค-นครราชสีมา","","(no link)","รับซื้อ iPhone ในนครราชสีมา","/รับซื้อ/รับซื้อ-iphone-นครราชสีมา","รับซื้อ iPhone ในนครราชสีมา","added_sidebar_link_only","Batch 11 selective hub-spoke strengthening","ADDED"
"/รับซื้อ/รับซื้อโน๊ตบุ๊ค-นครราชสีมา","","(no link)","รับซื้อ iPad ในนครราชสีมา","/รับซื้อ/รับซื้อ-ipad-นครราชสีมา","รับซื้อ iPad ในนครราชสีมา","added_sidebar_link_only","Batch 11 selective hub-spoke strengthening","ADDED"
"/รับซื้อ/รับซื้อโน๊ตบุ๊ค-บึงกาฬ","","(no link)","รับซื้อ MacBook ในบึงกาฬ","/รับซื้อ/รับซื้อ-macbook-บึงกาฬ","รับซื้อ MacBook ในบึงกาฬ","added_sidebar_link_only","Batch 11 selective hub-spoke strengthening","ADDED"
"/รับซื้อ/รับซื้อโน๊ตบุ๊ค-บึงกาฬ","","(no link)","รับซื้อ คอมพิวเตอร์ ในบึงกาฬ","/รับซื้อ/รับซื้อคอมพิวเตอร์-บึงกาฬ","รับซื้อ คอมพิวเตอร์ ในบึงกาฬ","added_sidebar_link_only","Batch 11 selective hub-spoke strengthening","ADDED"
"/รับซื้อ/รับซื้อโน๊ตบุ๊ค-บึงกาฬ","","(no link)","รับซื้อ iPhone ในบึงกาฬ","/รับซื้อ/รับซื้อ-iphone-บึงกาฬ","รับซื้อ iPhone ในบึงกาฬ","added_sidebar_link_only","Batch 11 selective hub-spoke strengthening","ADDED"
"/รับซื้อ/รับซื้อโน๊ตบุ๊ค-บึงกาฬ","","(no link)","รับซื้อ iPad ในบึงกาฬ","/รับซื้อ/รับซื้อ-ipad-บึงกาฬ","รับซื้อ iPad ในบึงกาฬ","added_sidebar_link_only","Batch 11 selective hub-spoke strengthening","ADDED"
"/รับซื้อ/รับซื้อโน๊ตบุ๊ค-บุรีรัมย์","","(no link)","รับซื้อ MacBook ในบุรีรัมย์","/รับซื้อ/รับซื้อ-macbook-บุรีรัมย์","รับซื้อ MacBook ในบุรีรัมย์","added_sidebar_link_only","Batch 11 selective hub-spoke strengthening","ADDED"
"/รับซื้อ/รับซื้อโน๊ตบุ๊ค-บุรีรัมย์","","(no link)","รับซื้อ คอมพิวเตอร์ ในบุรีรัมย์","/รับซื้อ/รับซื้อคอมพิวเตอร์-บุรีรัมย์","รับซื้อ คอมพิวเตอร์ ในบุรีรัมย์","added_sidebar_link_only","Batch 11 selective hub-spoke strengthening","ADDED"
"/รับซื้อ/รับซื้อโน๊ตบุ๊ค-บุรีรัมย์","","(no link)","รับซื้อ iPhone ในบุรีรัมย์","/รับซื้อ/รับซื้อ-iphone-บุรีรัมย์","รับซื้อ iPhone ในบุรีรัมย์","added_sidebar_link_only","Batch 11 selective hub-spoke strengthening","ADDED"
"/รับซื้อ/รับซื้อโน๊ตบุ๊ค-บุรีรัมย์","","(no link)","รับซื้อ iPad ในบุรีรัมย์","/รับซื้อ/รับซื้อ-ipad-บุรีรัมย์","รับซื้อ iPad ในบุรีรัมย์","added_sidebar_link_only","Batch 11 selective hub-spoke strengthening","ADDED"
"/รับซื้อ/รับซื้อโน๊ตบุ๊ค-มหาสารคาม","","(no link)","รับซื้อ MacBook ในมหาสารคาม","/รับซื้อ/รับซื้อ-macbook-มหาสารคาม","รับซื้อ MacBook ในมหาสารคาม","added_sidebar_link_only","Batch 11 selective hub-spoke strengthening","ADDED"
"/รับซื้อ/รับซื้อโน๊ตบุ๊ค-มหาสารคาม","","(no link)","รับซื้อ คอมพิวเตอร์ ในมหาสารคาม","/รับซื้อ/รับซื้อคอมพิวเตอร์-มหาสารคาม","รับซื้อ คอมพิวเตอร์ ในมหาสารคาม","added_sidebar_link_only","Batch 11 selective hub-spoke strengthening","ADDED"
"/รับซื้อ/รับซื้อโน๊ตบุ๊ค-มหาสารคาม","","(no link)","รับซื้อ iPhone ในมหาสารคาม","/รับซื้อ/รับซื้อ-iphone-มหาสารคาม","รับซื้อ iPhone ในมหาสารคาม","added_sidebar_link_only","Batch 11 selective hub-spoke strengthening","ADDED"
"/รับซื้อ/รับซื้อโน๊ตบุ๊ค-มหาสารคาม","","(no link)","รับซื้อ iPad ในมหาสารคาม","/รับซื้อ/รับซื้อ-ipad-มหาสารคาม","รับซื้อ iPad ในมหาสารคาม","added_sidebar_link_only","Batch 11 selective hub-spoke strengthening","ADDED"
"/รับซื้อ/รับซื้อโน๊ตบุ๊ค-มุกดาหาร","","(no link)","รับซื้อ MacBook ในมุกดาหาร","/รับซื้อ/รับซื้อ-macbook-มุกดาหาร","รับซื้อ MacBook ในมุกดาหาร","added_sidebar_link_only","Batch 11 selective hub-spoke strengthening","ADDED"
"/รับซื้อ/รับซื้อโน๊ตบุ๊ค-มุกดาหาร","","(no link)","รับซื้อ คอมพิวเตอร์ ในมุกดาหาร","/รับซื้อ/รับซื้อคอมพิวเตอร์-มุกดาหาร","รับซื้อ คอมพิวเตอร์ ในมุกดาหาร","added_sidebar_link_only","Batch 11 selective hub-spoke strengthening","ADDED"
"/รับซื้อ/รับซื้อโน๊ตบุ๊ค-มุกดาหาร","","(no link)","รับซื้อ iPhone ในมุกดาหาร","/รับซื้อ/รับซื้อ-iphone-มุกดาหาร","รับซื้อ iPhone ในมุกดาหาร","added_sidebar_link_only","Batch 11 selective hub-spoke strengthening","ADDED"
"/รับซื้อ/รับซื้อโน๊ตบุ๊ค-มุกดาหาร","","(no link)","รับซื้อ iPad ในมุกดาหาร","/รับซื้อ/รับซื้อ-ipad-มุกดาหาร","รับซื้อ iPad ในมุกดาหาร","added_sidebar_link_only","Batch 11 selective hub-spoke strengthening","ADDED"
"/รับซื้อ/รับซื้อโน๊ตบุ๊ค-ยโสธร","","(no link)","รับซื้อ MacBook ในยโสธร","/รับซื้อ/รับซื้อ-macbook-ยโสธร","รับซื้อ MacBook ในยโสธร","added_sidebar_link_only","Batch 11 selective hub-spoke strengthening","ADDED"
"/รับซื้อ/รับซื้อโน๊ตบุ๊ค-ยโสธร","","(no link)","รับซื้อ คอมพิวเตอร์ ในยโสธร","/รับซื้อ/รับซื้อคอมพิวเตอร์-ยโสธร","รับซื้อ คอมพิวเตอร์ ในยโสธร","added_sidebar_link_only","Batch 11 selective hub-spoke strengthening","ADDED"
"/รับซื้อ/รับซื้อโน๊ตบุ๊ค-ยโสธร","","(no link)","รับซื้อ iPhone ในยโสธร","/รับซื้อ/รับซื้อ-iphone-ยโสธร","รับซื้อ iPhone ในยโสธร","added_sidebar_link_only","Batch 11 selective hub-spoke strengthening","ADDED"
"/รับซื้อ/รับซื้อโน๊ตบุ๊ค-ยโสธร","","(no link)","รับซื้อ iPad ในยโสธร","/รับซื้อ/รับซื้อ-ipad-ยโสธร","รับซื้อ iPad ในยโสธร","added_sidebar_link_only","Batch 11 selective hub-spoke strengthening","ADDED"
"/รับซื้อ/รับซื้อโน๊ตบุ๊ค-ร้อยเอ็ด","","(no link)","รับซื้อ MacBook ในร้อยเอ็ด","/รับซื้อ/รับซื้อ-macbook-ร้อยเอ็ด","รับซื้อ MacBook ในร้อยเอ็ด","added_sidebar_link_only","Batch 11 selective hub-spoke strengthening","ADDED"
"/รับซื้อ/รับซื้อโน๊ตบุ๊ค-ร้อยเอ็ด","","(no link)","รับซื้อ คอมพิวเตอร์ ในร้อยเอ็ด","/รับซื้อ/รับซื้อคอมพิวเตอร์-ร้อยเอ็ด","รับซื้อ คอมพิวเตอร์ ในร้อยเอ็ด","added_sidebar_link_only","Batch 11 selective hub-spoke strengthening","ADDED"
"/รับซื้อ/รับซื้อโน๊ตบุ๊ค-ร้อยเอ็ด","","(no link)","รับซื้อ iPhone ในร้อยเอ็ด","/รับซื้อ/รับซื้อ-iphone-ร้อยเอ็ด","รับซื้อ iPhone ในร้อยเอ็ด","added_sidebar_link_only","Batch 11 selective hub-spoke strengthening","ADDED"
"/รับซื้อ/รับซื้อโน๊ตบุ๊ค-ร้อยเอ็ด","","(no link)","รับซื้อ iPad ในร้อยเอ็ด","/รับซื้อ/รับซื้อ-ipad-ร้อยเอ็ด","รับซื้อ iPad ในร้อยเอ็ด","added_sidebar_link_only","Batch 11 selective hub-spoke strengthening","ADDED"
"/รับซื้อ/รับซื้อโน๊ตบุ๊ค-ศรีสะเกษ","","(no link)","รับซื้อ MacBook ในศรีสะเกษ","/รับซื้อ/รับซื้อ-macbook-ศรีสะเกษ","รับซื้อ MacBook ในศรีสะเกษ","added_sidebar_link_only","Batch 11 selective hub-spoke strengthening","ADDED"
"/รับซื้อ/รับซื้อโน๊ตบุ๊ค-ศรีสะเกษ","","(no link)","รับซื้อ คอมพิวเตอร์ ในศรีสะเกษ","/รับซื้อ/รับซื้อคอมพิวเตอร์-ศรีสะเกษ","รับซื้อ คอมพิวเตอร์ ในศรีสะเกษ","added_sidebar_link_only","Batch 11 selective hub-spoke strengthening","ADDED"
"/รับซื้อ/รับซื้อโน๊ตบุ๊ค-ศรีสะเกษ","","(no link)","รับซื้อ iPhone ในศรีสะเกษ","/รับซื้อ/รับซื้อ-iphone-ศรีสะเกษ","รับซื้อ iPhone ในศรีสะเกษ","added_sidebar_link_only","Batch 11 selective hub-spoke strengthening","ADDED"
"/รับซื้อ/รับซื้อโน๊ตบุ๊ค-ศรีสะเกษ","","(no link)","รับซื้อ iPad ในศรีสะเกษ","/รับซื้อ/รับซื้อ-ipad-ศรีสะเกษ","รับซื้อ iPad ในศรีสะเกษ","added_sidebar_link_only","Batch 11 selective hub-spoke strengthening","ADDED"
"/รับซื้อ/รับซื้อโน๊ตบุ๊ค-สกลนคร","","(no link)","รับซื้อ MacBook ในสกลนคร","/รับซื้อ/รับซื้อ-macbook-สกลนคร","รับซื้อ MacBook ในสกลนคร","added_sidebar_link_only","Batch 11 selective hub-spoke strengthening","ADDED"
"/รับซื้อ/รับซื้อโน๊ตบุ๊ค-สกลนคร","","(no link)","รับซื้อ คอมพิวเตอร์ ในสกลนคร","/รับซื้อ/รับซื้อคอมพิวเตอร์-สกลนคร","รับซื้อ คอมพิวเตอร์ ในสกลนคร","added_sidebar_link_only","Batch 11 selective hub-spoke strengthening","ADDED"
"/รับซื้อ/รับซื้อโน๊ตบุ๊ค-สกลนคร","","(no link)","รับซื้อ iPhone ในสกลนคร","/รับซื้อ/รับซื้อ-iphone-สกลนคร","รับซื้อ iPhone ในสกลนคร","added_sidebar_link_only","Batch 11 selective hub-spoke strengthening","ADDED"
"/รับซื้อ/รับซื้อโน๊ตบุ๊ค-สกลนคร","","(no link)","รับซื้อ iPad ในสกลนคร","/รับซื้อ/รับซื้อ-ipad-สกลนคร","รับซื้อ iPad ในสกลนคร","added_sidebar_link_only","Batch 11 selective hub-spoke strengthening","ADDED"
"/รับซื้อ/รับซื้อโน๊ตบุ๊ค-สุรินทร์","","(no link)","รับซื้อ MacBook ในสุรินทร์","/รับซื้อ/รับซื้อ-macbook-สุรินทร์","รับซื้อ MacBook ในสุรินทร์","added_sidebar_link_only","Batch 11 selective hub-spoke strengthening","ADDED"
"/รับซื้อ/รับซื้อโน๊ตบุ๊ค-สุรินทร์","","(no link)","รับซื้อ คอมพิวเตอร์ ในสุรินทร์","/รับซื้อ/รับซื้อคอมพิวเตอร์-สุรินทร์","รับซื้อ คอมพิวเตอร์ ในสุรินทร์","added_sidebar_link_only","Batch 11 selective hub-spoke strengthening","ADDED"
"/รับซื้อ/รับซื้อโน๊ตบุ๊ค-สุรินทร์","","(no link)","รับซื้อ iPhone ในสุรินทร์","/รับซื้อ/รับซื้อ-iphone-สุรินทร์","รับซื้อ iPhone ในสุรินทร์","added_sidebar_link_only","Batch 11 selective hub-spoke strengthening","ADDED"
"/รับซื้อ/รับซื้อโน๊ตบุ๊ค-สุรินทร์","","(no link)","รับซื้อ iPad ในสุรินทร์","/รับซื้อ/รับซื้อ-ipad-สุรินทร์","รับซื้อ iPad ในสุรินทร์","added_sidebar_link_only","Batch 11 selective hub-spoke strengthening","ADDED"
"/รับซื้อ/รับซื้อโน๊ตบุ๊ค-หนองคาย","","(no link)","รับซื้อ MacBook ในหนองคาย","/รับซื้อ/รับซื้อ-macbook-หนองคาย","รับซื้อ MacBook ในหนองคาย","added_sidebar_link_only","Batch 11 selective hub-spoke strengthening","ADDED"
"/รับซื้อ/รับซื้อโน๊ตบุ๊ค-หนองคาย","","(no link)","รับซื้อ คอมพิวเตอร์ ในหนองคาย","/รับซื้อ/รับซื้อคอมพิวเตอร์-หนองคาย","รับซื้อ คอมพิวเตอร์ ในหนองคาย","added_sidebar_link_only","Batch 11 selective hub-spoke strengthening","ADDED"
"/รับซื้อ/รับซื้อโน๊ตบุ๊ค-หนองคาย","","(no link)","รับซื้อ iPhone ในหนองคาย","/รับซื้อ/รับซื้อ-iphone-หนองคาย","รับซื้อ iPhone ในหนองคาย","added_sidebar_link_only","Batch 11 selective hub-spoke strengthening","ADDED"
"/รับซื้อ/รับซื้อโน๊ตบุ๊ค-หนองคาย","","(no link)","รับซื้อ iPad ในหนองคาย","/รับซื้อ/รับซื้อ-ipad-หนองคาย","รับซื้อ iPad ในหนองคาย","added_sidebar_link_only","Batch 11 selective hub-spoke strengthening","ADDED"
"/รับซื้อ/รับซื้อโน๊ตบุ๊ค-หนองบัวลำภู","","(no link)","รับซื้อ MacBook ในหนองบัวลำภู","/รับซื้อ/รับซื้อ-macbook-หนองบัวลำภู","รับซื้อ MacBook ในหนองบัวลำภู","added_sidebar_link_only","Batch 11 selective hub-spoke strengthening","ADDED"
"/รับซื้อ/รับซื้อโน๊ตบุ๊ค-หนองบัวลำภู","","(no link)","รับซื้อ คอมพิวเตอร์ ในหนองบัวลำภู","/รับซื้อ/รับซื้อคอมพิวเตอร์-หนองบัวลำภู","รับซื้อ คอมพิวเตอร์ ในหนองบัวลำภู","added_sidebar_link_only","Batch 11 selective hub-spoke strengthening","ADDED"
"/รับซื้อ/รับซื้อโน๊ตบุ๊ค-หนองบัวลำภู","","(no link)","รับซื้อ iPhone ในหนองบัวลำภู","/รับซื้อ/รับซื้อ-iphone-หนองบัวลำภู","รับซื้อ iPhone ในหนองบัวลำภู","added_sidebar_link_only","Batch 11 selective hub-spoke strengthening","ADDED"
"/รับซื้อ/รับซื้อโน๊ตบุ๊ค-หนองบัวลำภู","","(no link)","รับซื้อ iPad ในหนองบัวลำภู","/รับซื้อ/รับซื้อ-ipad-หนองบัวลำภู","รับซื้อ iPad ในหนองบัวลำภู","added_sidebar_link_only","Batch 11 selective hub-spoke strengthening","ADDED"
"/รับซื้อ/รับซื้อโน๊ตบุ๊ค-อำนาจเจริญ","","(no link)","รับซื้อ MacBook ในอำนาจเจริญ","/รับซื้อ/รับซื้อ-macbook-อำนาจเจริญ","รับซื้อ MacBook ในอำนาจเจริญ","added_sidebar_link_only","Batch 11 selective hub-spoke strengthening","ADDED"
"/รับซื้อ/รับซื้อโน๊ตบุ๊ค-อำนาจเจริญ","","(no link)","รับซื้อ คอมพิวเตอร์ ในอำนาจเจริญ","/รับซื้อ/รับซื้อคอมพิวเตอร์-อำนาจเจริญ","รับซื้อ คอมพิวเตอร์ ในอำนาจเจริญ","added_sidebar_link_only","Batch 11 selective hub-spoke strengthening","ADDED"
"/รับซื้อ/รับซื้อโน๊ตบุ๊ค-อำนาจเจริญ","","(no link)","รับซื้อ iPhone ในอำนาจเจริญ","/รับซื้อ/รับซื้อ-iphone-อำนาจเจริญ","รับซื้อ iPhone ในอำนาจเจริญ","added_sidebar_link_only","Batch 11 selective hub-spoke strengthening","ADDED"
"/รับซื้อ/รับซื้อโน๊ตบุ๊ค-อำนาจเจริญ","","(no link)","รับซื้อ iPad ในอำนาจเจริญ","/รับซื้อ/รับซื้อ-ipad-อำนาจเจริญ","รับซื้อ iPad ในอำนาจเจริญ","added_sidebar_link_only","Batch 11 selective hub-spoke strengthening","ADDED"
"/รับซื้อ/รับซื้อโน๊ตบุ๊ค-อุดรธานี","","(no link)","รับซื้อ MacBook ในอุดรธานี","/รับซื้อ/รับซื้อ-macbook-อุดรธานี","รับซื้อ MacBook ในอุดรธานี","added_sidebar_link_only","Batch 11 selective hub-spoke strengthening","ADDED"
"/รับซื้อ/รับซื้อโน๊ตบุ๊ค-อุดรธานี","","(no link)","รับซื้อ คอมพิวเตอร์ ในอุดรธานี","/รับซื้อ/รับซื้อคอมพิวเตอร์-อุดรธานี","รับซื้อ คอมพิวเตอร์ ในอุดรธานี","added_sidebar_link_only","Batch 11 selective hub-spoke strengthening","ADDED"
"/รับซื้อ/รับซื้อโน๊ตบุ๊ค-อุดรธานี","","(no link)","รับซื้อ iPhone ในอุดรธานี","/รับซื้อ/รับซื้อ-iphone-อุดรธานี","รับซื้อ iPhone ในอุดรธานี","added_sidebar_link_only","Batch 11 selective hub-spoke strengthening","ADDED"
"/รับซื้อ/รับซื้อโน๊ตบุ๊ค-อุดรธานี","","(no link)","รับซื้อ iPad ในอุดรธานี","/รับซื้อ/รับซื้อ-ipad-อุดรธานี","รับซื้อ iPad ในอุดรธานี","added_sidebar_link_only","Batch 11 selective hub-spoke strengthening","ADDED"
"/รับซื้อ/รับซื้อโน๊ตบุ๊ค-อุบลราชธานี","","(no link)","รับซื้อ MacBook ในอุบลราชธานี","/รับซื้อ/รับซื้อ-macbook-อุบลราชธานี","รับซื้อ MacBook ในอุบลราชธานี","added_sidebar_link_only","Batch 11 selective hub-spoke strengthening","ADDED"
"/รับซื้อ/รับซื้อโน๊ตบุ๊ค-อุบลราชธานี","","(no link)","รับซื้อคอมพิวเตอร์ ในอุบลราชธานี","/รับซื้อ/รับซื้อคอมพิวเตอร์-อุบลราชธานี","รับซื้อคอมพิวเตอร์ ในอุบลราชธานี","added_sidebar_link_only","Batch 11 selective hub-spoke strengthening","ADDED"
"/รับซื้อ/รับซื้อโน๊ตบุ๊ค-อุบลราชธานี","","(no link)","รับซื้อ iPhone ในอุบลราชธานี","/รับซื้อ/รับซื้อ-iphone-อุบลราชธานี","รับซื้อ iPhone ในอุบลราชธานี","added_sidebar_link_only","Batch 11 selective hub-spoke strengthening","ADDED"
"/รับซื้อ/รับซื้อโน๊ตบุ๊ค-อุบลราชธานี","","(no link)","รับซื้อ iPad ในอุบลราชธานี","/รับซื้อ/รับซื้อ-ipad-อุบลราชธานี","รับซื้อ iPad ในอุบลราชธานี","added_sidebar_link_only","Batch 11 selective hub-spoke strengthening","ADDED"
"/รับซื้อ/รับซื้อโน๊ตบุ๊ค-เลย","","(no link)","รับซื้อ MacBook ในเลย","/รับซื้อ/รับซื้อ-macbook-เลย","รับซื้อ MacBook ในเลย","added_sidebar_link_only","Batch 11 selective hub-spoke strengthening","ADDED"
"/รับซื้อ/รับซื้อโน๊ตบุ๊ค-เลย","","(no link)","รับซื้อ คอมพิวเตอร์ ในเลย","/รับซื้อ/รับซื้อคอมพิวเตอร์-เลย","รับซื้อ คอมพิวเตอร์ ในเลย","added_sidebar_link_only","Batch 11 selective hub-spoke strengthening","ADDED"
"/รับซื้อ/รับซื้อโน๊ตบุ๊ค-เลย","","(no link)","รับซื้อ iPhone ในเลย","/รับซื้อ/รับซื้อ-iphone-เลย","รับซื้อ iPhone ในเลย","added_sidebar_link_only","Batch 11 selective hub-spoke strengthening","ADDED"
"/รับซื้อ/รับซื้อโน๊ตบุ๊ค-เลย","","(no link)","รับซื้อ iPad ในเลย","/รับซื้อ/รับซื้อ-ipad-เลย","รับซื้อ iPad ในเลย","added_sidebar_link_only","Batch 11 selective hub-spoke strengthening","ADDED"
"/รับซื้อ/รับซื้อโน๊ตบุ๊คเกมมิ่ง-กาฬสินธุ์","","(no link)","รับซื้อ โน๊ตบุ๊ค ในกาฬสินธุ์","/รับซื้อ/รับซื้อโน๊ตบุ๊ค-กาฬสินธุ์","รับซื้อ โน๊ตบุ๊ค ในกาฬสินธุ์","added_sidebar_link_only","Batch 11 selective hub-spoke strengthening","ADDED"
"/รับซื้อ/รับซื้อโน๊ตบุ๊คเกมมิ่ง-กาฬสินธุ์","","(no link)","รับซื้อ MacBook ในกาฬสินธุ์","/รับซื้อ/รับซื้อ-macbook-กาฬสินธุ์","รับซื้อ MacBook ในกาฬสินธุ์","added_sidebar_link_only","Batch 11 selective hub-spoke strengthening","ADDED"
"/รับซื้อ/รับซื้อโน๊ตบุ๊คเกมมิ่ง-กาฬสินธุ์","","(no link)","รับซื้อ คอมพิวเตอร์ ในกาฬสินธุ์","/รับซื้อ/รับซื้อคอมพิวเตอร์-กาฬสินธุ์","รับซื้อ คอมพิวเตอร์ ในกาฬสินธุ์","added_sidebar_link_only","Batch 11 selective hub-spoke strengthening","ADDED"
"/รับซื้อ/รับซื้อโน๊ตบุ๊คเกมมิ่ง-กาฬสินธุ์","","(no link)","รับซื้อ iPhone ในกาฬสินธุ์","/รับซื้อ/รับซื้อ-iphone-กาฬสินธุ์","รับซื้อ iPhone ในกาฬสินธุ์","added_sidebar_link_only","Batch 11 selective hub-spoke strengthening","ADDED"
"/รับซื้อ/รับซื้อโน๊ตบุ๊คเกมมิ่ง-ขอนแก่น","","(no link)","รับซื้อ โน๊ตบุ๊ค ในขอนแก่น","/รับซื้อ/รับซื้อโน๊ตบุ๊ค-ขอนแก่น","รับซื้อ โน๊ตบุ๊ค ในขอนแก่น","added_sidebar_link_only","Batch 11 selective hub-spoke strengthening","ADDED"
"/รับซื้อ/รับซื้อโน๊ตบุ๊คเกมมิ่ง-ขอนแก่น","","(no link)","รับซื้อ MacBook ในขอนแก่น","/รับซื้อ/รับซื้อ-macbook-ขอนแก่น","รับซื้อ MacBook ในขอนแก่น","added_sidebar_link_only","Batch 11 selective hub-spoke strengthening","ADDED"
"/รับซื้อ/รับซื้อโน๊ตบุ๊คเกมมิ่ง-ขอนแก่น","","(no link)","รับซื้อ คอมพิวเตอร์ ในขอนแก่น","/รับซื้อ/รับซื้อคอมพิวเตอร์-ขอนแก่น","รับซื้อ คอมพิวเตอร์ ในขอนแก่น","added_sidebar_link_only","Batch 11 selective hub-spoke strengthening","ADDED"
"/รับซื้อ/รับซื้อโน๊ตบุ๊คเกมมิ่ง-ขอนแก่น","","(no link)","รับซื้อ iPhone ในขอนแก่น","/รับซื้อ/รับซื้อ-iphone-ขอนแก่น","รับซื้อ iPhone ในขอนแก่น","added_sidebar_link_only","Batch 11 selective hub-spoke strengthening","ADDED"
"/รับซื้อ/รับซื้อโน๊ตบุ๊คเกมมิ่ง-ชัยภูมิ","","(no link)","รับซื้อ โน๊ตบุ๊ค ในชัยภูมิ","/รับซื้อ/รับซื้อโน๊ตบุ๊ค-ชัยภูมิ","รับซื้อ โน๊ตบุ๊ค ในชัยภูมิ","added_sidebar_link_only","Batch 11 selective hub-spoke strengthening","ADDED"
"/รับซื้อ/รับซื้อโน๊ตบุ๊คเกมมิ่ง-ชัยภูมิ","","(no link)","รับซื้อ MacBook ในชัยภูมิ","/รับซื้อ/รับซื้อ-macbook-ชัยภูมิ","รับซื้อ MacBook ในชัยภูมิ","added_sidebar_link_only","Batch 11 selective hub-spoke strengthening","ADDED"
"/รับซื้อ/รับซื้อโน๊ตบุ๊คเกมมิ่ง-ชัยภูมิ","","(no link)","รับซื้อ คอมพิวเตอร์ ในชัยภูมิ","/รับซื้อ/รับซื้อคอมพิวเตอร์-ชัยภูมิ","รับซื้อ คอมพิวเตอร์ ในชัยภูมิ","added_sidebar_link_only","Batch 11 selective hub-spoke strengthening","ADDED"
"/รับซื้อ/รับซื้อโน๊ตบุ๊คเกมมิ่ง-ชัยภูมิ","","(no link)","รับซื้อ iPhone ในชัยภูมิ","/รับซื้อ/รับซื้อ-iphone-ชัยภูมิ","รับซื้อ iPhone ในชัยภูมิ","added_sidebar_link_only","Batch 11 selective hub-spoke strengthening","ADDED"
"/รับซื้อ/รับซื้อโน๊ตบุ๊คเกมมิ่ง-นครพนม","","(no link)","รับซื้อ โน๊ตบุ๊ค ในนครพนม","/รับซื้อ/รับซื้อโน๊ตบุ๊ค-นครพนม","รับซื้อ โน๊ตบุ๊ค ในนครพนม","added_sidebar_link_only","Batch 11 selective hub-spoke strengthening","ADDED"
"/รับซื้อ/รับซื้อโน๊ตบุ๊คเกมมิ่ง-นครพนม","","(no link)","รับซื้อ MacBook ในนครพนม","/รับซื้อ/รับซื้อ-macbook-นครพนม","รับซื้อ MacBook ในนครพนม","added_sidebar_link_only","Batch 11 selective hub-spoke strengthening","ADDED"
"/รับซื้อ/รับซื้อโน๊ตบุ๊คเกมมิ่ง-นครพนม","","(no link)","รับซื้อ คอมพิวเตอร์ ในนครพนม","/รับซื้อ/รับซื้อคอมพิวเตอร์-นครพนม","รับซื้อ คอมพิวเตอร์ ในนครพนม","added_sidebar_link_only","Batch 11 selective hub-spoke strengthening","ADDED"
"/รับซื้อ/รับซื้อโน๊ตบุ๊คเกมมิ่ง-นครพนม","","(no link)","รับซื้อ iPhone ในนครพนม","/รับซื้อ/รับซื้อ-iphone-นครพนม","รับซื้อ iPhone ในนครพนม","added_sidebar_link_only","Batch 11 selective hub-spoke strengthening","ADDED"
"/รับซื้อ/รับซื้อโน๊ตบุ๊คเกมมิ่ง-นครราชสีมา","","(no link)","รับซื้อ โน๊ตบุ๊ค ในนครราชสีมา","/รับซื้อ/รับซื้อโน๊ตบุ๊ค-นครราชสีมา","รับซื้อ โน๊ตบุ๊ค ในนครราชสีมา","added_sidebar_link_only","Batch 11 selective hub-spoke strengthening","ADDED"
"/รับซื้อ/รับซื้อโน๊ตบุ๊คเกมมิ่ง-นครราชสีมา","","(no link)","รับซื้อ MacBook ในนครราชสีมา","/รับซื้อ/รับซื้อ-macbook-นครราชสีมา","รับซื้อ MacBook ในนครราชสีมา","added_sidebar_link_only","Batch 11 selective hub-spoke strengthening","ADDED"
"/รับซื้อ/รับซื้อโน๊ตบุ๊คเกมมิ่ง-นครราชสีมา","","(no link)","รับซื้อ คอมพิวเตอร์ ในนครราชสีมา","/รับซื้อ/รับซื้อคอมพิวเตอร์-นครราชสีมา","รับซื้อ คอมพิวเตอร์ ในนครราชสีมา","added_sidebar_link_only","Batch 11 selective hub-spoke strengthening","ADDED"
"/รับซื้อ/รับซื้อโน๊ตบุ๊คเกมมิ่ง-นครราชสีมา","","(no link)","รับซื้อ iPhone ในนครราชสีมา","/รับซื้อ/รับซื้อ-iphone-นครราชสีมา","รับซื้อ iPhone ในนครราชสีมา","added_sidebar_link_only","Batch 11 selective hub-spoke strengthening","ADDED"
"/รับซื้อ/รับซื้อโน๊ตบุ๊คเกมมิ่ง-บึงกาฬ","","(no link)","รับซื้อ โน๊ตบุ๊ค ในบึงกาฬ","/รับซื้อ/รับซื้อโน๊ตบุ๊ค-บึงกาฬ","รับซื้อ โน๊ตบุ๊ค ในบึงกาฬ","added_sidebar_link_only","Batch 11 selective hub-spoke strengthening","ADDED"
"/รับซื้อ/รับซื้อโน๊ตบุ๊คเกมมิ่ง-บึงกาฬ","","(no link)","รับซื้อ MacBook ในบึงกาฬ","/รับซื้อ/รับซื้อ-macbook-บึงกาฬ","รับซื้อ MacBook ในบึงกาฬ","added_sidebar_link_only","Batch 11 selective hub-spoke strengthening","ADDED"
"/รับซื้อ/รับซื้อโน๊ตบุ๊คเกมมิ่ง-บึงกาฬ","","(no link)","รับซื้อ คอมพิวเตอร์ ในบึงกาฬ","/รับซื้อ/รับซื้อคอมพิวเตอร์-บึงกาฬ","รับซื้อ คอมพิวเตอร์ ในบึงกาฬ","added_sidebar_link_only","Batch 11 selective hub-spoke strengthening","ADDED"
"/รับซื้อ/รับซื้อโน๊ตบุ๊คเกมมิ่ง-บึงกาฬ","","(no link)","รับซื้อ iPhone ในบึงกาฬ","/รับซื้อ/รับซื้อ-iphone-บึงกาฬ","รับซื้อ iPhone ในบึงกาฬ","added_sidebar_link_only","Batch 11 selective hub-spoke strengthening","ADDED"
"/รับซื้อ/รับซื้อโน๊ตบุ๊คเกมมิ่ง-บุรีรัมย์","","(no link)","รับซื้อ โน๊ตบุ๊ค ในบุรีรัมย์","/รับซื้อ/รับซื้อโน๊ตบุ๊ค-บุรีรัมย์","รับซื้อ โน๊ตบุ๊ค ในบุรีรัมย์","added_sidebar_link_only","Batch 11 selective hub-spoke strengthening","ADDED"
"/รับซื้อ/รับซื้อโน๊ตบุ๊คเกมมิ่ง-บุรีรัมย์","","(no link)","รับซื้อ MacBook ในบุรีรัมย์","/รับซื้อ/รับซื้อ-macbook-บุรีรัมย์","รับซื้อ MacBook ในบุรีรัมย์","added_sidebar_link_only","Batch 11 selective hub-spoke strengthening","ADDED"
"/รับซื้อ/รับซื้อโน๊ตบุ๊คเกมมิ่ง-บุรีรัมย์","","(no link)","รับซื้อ คอมพิวเตอร์ ในบุรีรัมย์","/รับซื้อ/รับซื้อคอมพิวเตอร์-บุรีรัมย์","รับซื้อ คอมพิวเตอร์ ในบุรีรัมย์","added_sidebar_link_only","Batch 11 selective hub-spoke strengthening","ADDED"
"/รับซื้อ/รับซื้อโน๊ตบุ๊คเกมมิ่ง-บุรีรัมย์","","(no link)","รับซื้อ iPhone ในบุรีรัมย์","/รับซื้อ/รับซื้อ-iphone-บุรีรัมย์","รับซื้อ iPhone ในบุรีรัมย์","added_sidebar_link_only","Batch 11 selective hub-spoke strengthening","ADDED"
"/รับซื้อ/รับซื้อโน๊ตบุ๊คเกมมิ่ง-มหาสารคาม","","(no link)","รับซื้อ โน๊ตบุ๊ค ในมหาสารคาม","/รับซื้อ/รับซื้อโน๊ตบุ๊ค-มหาสารคาม","รับซื้อ โน๊ตบุ๊ค ในมหาสารคาม","added_sidebar_link_only","Batch 11 selective hub-spoke strengthening","ADDED"
"/รับซื้อ/รับซื้อโน๊ตบุ๊คเกมมิ่ง-มหาสารคาม","","(no link)","รับซื้อ MacBook ในมหาสารคาม","/รับซื้อ/รับซื้อ-macbook-มหาสารคาม","รับซื้อ MacBook ในมหาสารคาม","added_sidebar_link_only","Batch 11 selective hub-spoke strengthening","ADDED"
"/รับซื้อ/รับซื้อโน๊ตบุ๊คเกมมิ่ง-มหาสารคาม","","(no link)","รับซื้อ คอมพิวเตอร์ ในมหาสารคาม","/รับซื้อ/รับซื้อคอมพิวเตอร์-มหาสารคาม","รับซื้อ คอมพิวเตอร์ ในมหาสารคาม","added_sidebar_link_only","Batch 11 selective hub-spoke strengthening","ADDED"
"/รับซื้อ/รับซื้อโน๊ตบุ๊คเกมมิ่ง-มหาสารคาม","","(no link)","รับซื้อ iPhone ในมหาสารคาม","/รับซื้อ/รับซื้อ-iphone-มหาสารคาม","รับซื้อ iPhone ในมหาสารคาม","added_sidebar_link_only","Batch 11 selective hub-spoke strengthening","ADDED"
"/รับซื้อ/รับซื้อโน๊ตบุ๊คเกมมิ่ง-มุกดาหาร","","(no link)","รับซื้อ โน๊ตบุ๊ค ในมุกดาหาร","/รับซื้อ/รับซื้อโน๊ตบุ๊ค-มุกดาหาร","รับซื้อ โน๊ตบุ๊ค ในมุกดาหาร","added_sidebar_link_only","Batch 11 selective hub-spoke strengthening","ADDED"
"/รับซื้อ/รับซื้อโน๊ตบุ๊คเกมมิ่ง-มุกดาหาร","","(no link)","รับซื้อ MacBook ในมุกดาหาร","/รับซื้อ/รับซื้อ-macbook-มุกดาหาร","รับซื้อ MacBook ในมุกดาหาร","added_sidebar_link_only","Batch 11 selective hub-spoke strengthening","ADDED"
"/รับซื้อ/รับซื้อโน๊ตบุ๊คเกมมิ่ง-มุกดาหาร","","(no link)","รับซื้อ คอมพิวเตอร์ ในมุกดาหาร","/รับซื้อ/รับซื้อคอมพิวเตอร์-มุกดาหาร","รับซื้อ คอมพิวเตอร์ ในมุกดาหาร","added_sidebar_link_only","Batch 11 selective hub-spoke strengthening","ADDED"
"/รับซื้อ/รับซื้อโน๊ตบุ๊คเกมมิ่ง-มุกดาหาร","","(no link)","รับซื้อ iPhone ในมุกดาหาร","/รับซื้อ/รับซื้อ-iphone-มุกดาหาร","รับซื้อ iPhone ในมุกดาหาร","added_sidebar_link_only","Batch 11 selective hub-spoke strengthening","ADDED"
"/รับซื้อ/รับซื้อโน๊ตบุ๊คเกมมิ่ง-ยโสธร","","(no link)","รับซื้อ โน๊ตบุ๊ค ในยโสธร","/รับซื้อ/รับซื้อโน๊ตบุ๊ค-ยโสธร","รับซื้อ โน๊ตบุ๊ค ในยโสธร","added_sidebar_link_only","Batch 11 selective hub-spoke strengthening","ADDED"
"/รับซื้อ/รับซื้อโน๊ตบุ๊คเกมมิ่ง-ยโสธร","","(no link)","รับซื้อ MacBook ในยโสธร","/รับซื้อ/รับซื้อ-macbook-ยโสธร","รับซื้อ MacBook ในยโสธร","added_sidebar_link_only","Batch 11 selective hub-spoke strengthening","ADDED"
"/รับซื้อ/รับซื้อโน๊ตบุ๊คเกมมิ่ง-ยโสธร","","(no link)","รับซื้อ คอมพิวเตอร์ ในยโสธร","/รับซื้อ/รับซื้อคอมพิวเตอร์-ยโสธร","รับซื้อ คอมพิวเตอร์ ในยโสธร","added_sidebar_link_only","Batch 11 selective hub-spoke strengthening","ADDED"
"/รับซื้อ/รับซื้อโน๊ตบุ๊คเกมมิ่ง-ยโสธร","","(no link)","รับซื้อ iPhone ในยโสธร","/รับซื้อ/รับซื้อ-iphone-ยโสธร","รับซื้อ iPhone ในยโสธร","added_sidebar_link_only","Batch 11 selective hub-spoke strengthening","ADDED"
"/รับซื้อ/รับซื้อโน๊ตบุ๊คเกมมิ่ง-ร้อยเอ็ด","","(no link)","รับซื้อ โน๊ตบุ๊ค ในร้อยเอ็ด","/รับซื้อ/รับซื้อโน๊ตบุ๊ค-ร้อยเอ็ด","รับซื้อ โน๊ตบุ๊ค ในร้อยเอ็ด","added_sidebar_link_only","Batch 11 selective hub-spoke strengthening","ADDED"
"/รับซื้อ/รับซื้อโน๊ตบุ๊คเกมมิ่ง-ร้อยเอ็ด","","(no link)","รับซื้อ MacBook ในร้อยเอ็ด","/รับซื้อ/รับซื้อ-macbook-ร้อยเอ็ด","รับซื้อ MacBook ในร้อยเอ็ด","added_sidebar_link_only","Batch 11 selective hub-spoke strengthening","ADDED"
"/รับซื้อ/รับซื้อโน๊ตบุ๊คเกมมิ่ง-ร้อยเอ็ด","","(no link)","รับซื้อ คอมพิวเตอร์ ในร้อยเอ็ด","/รับซื้อ/รับซื้อคอมพิวเตอร์-ร้อยเอ็ด","รับซื้อ คอมพิวเตอร์ ในร้อยเอ็ด","added_sidebar_link_only","Batch 11 selective hub-spoke strengthening","ADDED"
"/รับซื้อ/รับซื้อโน๊ตบุ๊คเกมมิ่ง-ร้อยเอ็ด","","(no link)","รับซื้อ iPhone ในร้อยเอ็ด","/รับซื้อ/รับซื้อ-iphone-ร้อยเอ็ด","รับซื้อ iPhone ในร้อยเอ็ด","added_sidebar_link_only","Batch 11 selective hub-spoke strengthening","ADDED"
"/รับซื้อ/รับซื้อโน๊ตบุ๊คเกมมิ่ง-ศรีสะเกษ","","(no link)","รับซื้อ โน๊ตบุ๊ค ในศรีสะเกษ","/รับซื้อ/รับซื้อโน๊ตบุ๊ค-ศรีสะเกษ","รับซื้อ โน๊ตบุ๊ค ในศรีสะเกษ","added_sidebar_link_only","Batch 11 selective hub-spoke strengthening","ADDED"
"/รับซื้อ/รับซื้อโน๊ตบุ๊คเกมมิ่ง-ศรีสะเกษ","","(no link)","รับซื้อ MacBook ในศรีสะเกษ","/รับซื้อ/รับซื้อ-macbook-ศรีสะเกษ","รับซื้อ MacBook ในศรีสะเกษ","added_sidebar_link_only","Batch 11 selective hub-spoke strengthening","ADDED"
"/รับซื้อ/รับซื้อโน๊ตบุ๊คเกมมิ่ง-ศรีสะเกษ","","(no link)","รับซื้อ คอมพิวเตอร์ ในศรีสะเกษ","/รับซื้อ/รับซื้อคอมพิวเตอร์-ศรีสะเกษ","รับซื้อ คอมพิวเตอร์ ในศรีสะเกษ","added_sidebar_link_only","Batch 11 selective hub-spoke strengthening","ADDED"
"/รับซื้อ/รับซื้อโน๊ตบุ๊คเกมมิ่ง-ศรีสะเกษ","","(no link)","รับซื้อ iPhone ในศรีสะเกษ","/รับซื้อ/รับซื้อ-iphone-ศรีสะเกษ","รับซื้อ iPhone ในศรีสะเกษ","added_sidebar_link_only","Batch 11 selective hub-spoke strengthening","ADDED"
"/รับซื้อ/รับซื้อโน๊ตบุ๊คเกมมิ่ง-สกลนคร","","(no link)","รับซื้อ โน๊ตบุ๊ค ในสกลนคร","/รับซื้อ/รับซื้อโน๊ตบุ๊ค-สกลนคร","รับซื้อ โน๊ตบุ๊ค ในสกลนคร","added_sidebar_link_only","Batch 11 selective hub-spoke strengthening","ADDED"
"/รับซื้อ/รับซื้อโน๊ตบุ๊คเกมมิ่ง-สกลนคร","","(no link)","รับซื้อ MacBook ในสกลนคร","/รับซื้อ/รับซื้อ-macbook-สกลนคร","รับซื้อ MacBook ในสกลนคร","added_sidebar_link_only","Batch 11 selective hub-spoke strengthening","ADDED"
"/รับซื้อ/รับซื้อโน๊ตบุ๊คเกมมิ่ง-สกลนคร","","(no link)","รับซื้อ คอมพิวเตอร์ ในสกลนคร","/รับซื้อ/รับซื้อคอมพิวเตอร์-สกลนคร","รับซื้อ คอมพิวเตอร์ ในสกลนคร","added_sidebar_link_only","Batch 11 selective hub-spoke strengthening","ADDED"
"/รับซื้อ/รับซื้อโน๊ตบุ๊คเกมมิ่ง-สกลนคร","","(no link)","รับซื้อ iPhone ในสกลนคร","/รับซื้อ/รับซื้อ-iphone-สกลนคร","รับซื้อ iPhone ในสกลนคร","added_sidebar_link_only","Batch 11 selective hub-spoke strengthening","ADDED"
"/รับซื้อ/รับซื้อโน๊ตบุ๊คเกมมิ่ง-สุรินทร์","","(no link)","รับซื้อ โน๊ตบุ๊ค ในสุรินทร์","/รับซื้อ/รับซื้อโน๊ตบุ๊ค-สุรินทร์","รับซื้อ โน๊ตบุ๊ค ในสุรินทร์","added_sidebar_link_only","Batch 11 selective hub-spoke strengthening","ADDED"
"/รับซื้อ/รับซื้อโน๊ตบุ๊คเกมมิ่ง-สุรินทร์","","(no link)","รับซื้อ MacBook ในสุรินทร์","/รับซื้อ/รับซื้อ-macbook-สุรินทร์","รับซื้อ MacBook ในสุรินทร์","added_sidebar_link_only","Batch 11 selective hub-spoke strengthening","ADDED"
"/รับซื้อ/รับซื้อโน๊ตบุ๊คเกมมิ่ง-สุรินทร์","","(no link)","รับซื้อ คอมพิวเตอร์ ในสุรินทร์","/รับซื้อ/รับซื้อคอมพิวเตอร์-สุรินทร์","รับซื้อ คอมพิวเตอร์ ในสุรินทร์","added_sidebar_link_only","Batch 11 selective hub-spoke strengthening","ADDED"
"/รับซื้อ/รับซื้อโน๊ตบุ๊คเกมมิ่ง-สุรินทร์","","(no link)","รับซื้อ iPhone ในสุรินทร์","/รับซื้อ/รับซื้อ-iphone-สุรินทร์","รับซื้อ iPhone ในสุรินทร์","added_sidebar_link_only","Batch 11 selective hub-spoke strengthening","ADDED"
"/รับซื้อ/รับซื้อโน๊ตบุ๊คเกมมิ่ง-หนองคาย","","(no link)","รับซื้อ โน๊ตบุ๊ค ในหนองคาย","/รับซื้อ/รับซื้อโน๊ตบุ๊ค-หนองคาย","รับซื้อ โน๊ตบุ๊ค ในหนองคาย","added_sidebar_link_only","Batch 11 selective hub-spoke strengthening","ADDED"
"/รับซื้อ/รับซื้อโน๊ตบุ๊คเกมมิ่ง-หนองคาย","","(no link)","รับซื้อ MacBook ในหนองคาย","/รับซื้อ/รับซื้อ-macbook-หนองคาย","รับซื้อ MacBook ในหนองคาย","added_sidebar_link_only","Batch 11 selective hub-spoke strengthening","ADDED"
"/รับซื้อ/รับซื้อโน๊ตบุ๊คเกมมิ่ง-หนองคาย","","(no link)","รับซื้อ คอมพิวเตอร์ ในหนองคาย","/รับซื้อ/รับซื้อคอมพิวเตอร์-หนองคาย","รับซื้อ คอมพิวเตอร์ ในหนองคาย","added_sidebar_link_only","Batch 11 selective hub-spoke strengthening","ADDED"
"/รับซื้อ/รับซื้อโน๊ตบุ๊คเกมมิ่ง-หนองคาย","","(no link)","รับซื้อ iPhone ในหนองคาย","/รับซื้อ/รับซื้อ-iphone-หนองคาย","รับซื้อ iPhone ในหนองคาย","added_sidebar_link_only","Batch 11 selective hub-spoke strengthening","ADDED"
"/รับซื้อ/รับซื้อโน๊ตบุ๊คเกมมิ่ง-หนองบัวลำภู","","(no link)","รับซื้อ โน๊ตบุ๊ค ในหนองบัวลำภู","/รับซื้อ/รับซื้อโน๊ตบุ๊ค-หนองบัวลำภู","รับซื้อ โน๊ตบุ๊ค ในหนองบัวลำภู","added_sidebar_link_only","Batch 11 selective hub-spoke strengthening","ADDED"
"/รับซื้อ/รับซื้อโน๊ตบุ๊คเกมมิ่ง-หนองบัวลำภู","","(no link)","รับซื้อ MacBook ในหนองบัวลำภู","/รับซื้อ/รับซื้อ-macbook-หนองบัวลำภู","รับซื้อ MacBook ในหนองบัวลำภู","added_sidebar_link_only","Batch 11 selective hub-spoke strengthening","ADDED"
"/รับซื้อ/รับซื้อโน๊ตบุ๊คเกมมิ่ง-หนองบัวลำภู","","(no link)","รับซื้อ คอมพิวเตอร์ ในหนองบัวลำภู","/รับซื้อ/รับซื้อคอมพิวเตอร์-หนองบัวลำภู","รับซื้อ คอมพิวเตอร์ ในหนองบัวลำภู","added_sidebar_link_only","Batch 11 selective hub-spoke strengthening","ADDED"
"/รับซื้อ/รับซื้อโน๊ตบุ๊คเกมมิ่ง-หนองบัวลำภู","","(no link)","รับซื้อ iPhone ในหนองบัวลำภู","/รับซื้อ/รับซื้อ-iphone-หนองบัวลำภู","รับซื้อ iPhone ในหนองบัวลำภู","added_sidebar_link_only","Batch 11 selective hub-spoke strengthening","ADDED"
"/รับซื้อ/รับซื้อโน๊ตบุ๊คเกมมิ่ง-อำนาจเจริญ","","(no link)","รับซื้อ โน๊ตบุ๊ค ในอำนาจเจริญ","/รับซื้อ/รับซื้อโน๊ตบุ๊ค-อำนาจเจริญ","รับซื้อ โน๊ตบุ๊ค ในอำนาจเจริญ","added_sidebar_link_only","Batch 11 selective hub-spoke strengthening","ADDED"
"/รับซื้อ/รับซื้อโน๊ตบุ๊คเกมมิ่ง-อำนาจเจริญ","","(no link)","รับซื้อ MacBook ในอำนาจเจริญ","/รับซื้อ/รับซื้อ-macbook-อำนาจเจริญ","รับซื้อ MacBook ในอำนาจเจริญ","added_sidebar_link_only","Batch 11 selective hub-spoke strengthening","ADDED"
"/รับซื้อ/รับซื้อโน๊ตบุ๊คเกมมิ่ง-อำนาจเจริญ","","(no link)","รับซื้อ คอมพิวเตอร์ ในอำนาจเจริญ","/รับซื้อ/รับซื้อคอมพิวเตอร์-อำนาจเจริญ","รับซื้อ คอมพิวเตอร์ ในอำนาจเจริญ","added_sidebar_link_only","Batch 11 selective hub-spoke strengthening","ADDED"
"/รับซื้อ/รับซื้อโน๊ตบุ๊คเกมมิ่ง-อำนาจเจริญ","","(no link)","รับซื้อ iPhone ในอำนาจเจริญ","/รับซื้อ/รับซื้อ-iphone-อำนาจเจริญ","รับซื้อ iPhone ในอำนาจเจริญ","added_sidebar_link_only","Batch 11 selective hub-spoke strengthening","ADDED"
"/รับซื้อ/รับซื้อโน๊ตบุ๊คเกมมิ่ง-อุดรธานี","","(no link)","รับซื้อ โน๊ตบุ๊ค ในอุดรธานี","/รับซื้อ/รับซื้อโน๊ตบุ๊ค-อุดรธานี","รับซื้อ โน๊ตบุ๊ค ในอุดรธานี","added_sidebar_link_only","Batch 11 selective hub-spoke strengthening","ADDED"
"/รับซื้อ/รับซื้อโน๊ตบุ๊คเกมมิ่ง-อุดรธานี","","(no link)","รับซื้อ MacBook ในอุดรธานี","/รับซื้อ/รับซื้อ-macbook-อุดรธานี","รับซื้อ MacBook ในอุดรธานี","added_sidebar_link_only","Batch 11 selective hub-spoke strengthening","ADDED"
"/รับซื้อ/รับซื้อโน๊ตบุ๊คเกมมิ่ง-อุดรธานี","","(no link)","รับซื้อ คอมพิวเตอร์ ในอุดรธานี","/รับซื้อ/รับซื้อคอมพิวเตอร์-อุดรธานี","รับซื้อ คอมพิวเตอร์ ในอุดรธานี","added_sidebar_link_only","Batch 11 selective hub-spoke strengthening","ADDED"
"/รับซื้อ/รับซื้อโน๊ตบุ๊คเกมมิ่ง-อุดรธานี","","(no link)","รับซื้อ iPhone ในอุดรธานี","/รับซื้อ/รับซื้อ-iphone-อุดรธานี","รับซื้อ iPhone ในอุดรธานี","added_sidebar_link_only","Batch 11 selective hub-spoke strengthening","ADDED"
"/รับซื้อ/รับซื้อโน๊ตบุ๊คเกมมิ่ง-อุบลราชธานี","","(no link)","รับซื้อโน๊ตบุ๊ค ในอุบลราชธานี","/รับซื้อ/รับซื้อโน๊ตบุ๊ค-อุบลราชธานี","รับซื้อโน๊ตบุ๊ค ในอุบลราชธานี","added_sidebar_link_only","Batch 11 selective hub-spoke strengthening","ADDED"
"/รับซื้อ/รับซื้อโน๊ตบุ๊คเกมมิ่ง-อุบลราชธานี","","(no link)","รับซื้อ MacBook ในอุบลราชธานี","/รับซื้อ/รับซื้อ-macbook-อุบลราชธานี","รับซื้อ MacBook ในอุบลราชธานี","added_sidebar_link_only","Batch 11 selective hub-spoke strengthening","ADDED"
"/รับซื้อ/รับซื้อโน๊ตบุ๊คเกมมิ่ง-อุบลราชธานี","","(no link)","รับซื้อคอมพิวเตอร์ ในอุบลราชธานี","/รับซื้อ/รับซื้อคอมพิวเตอร์-อุบลราชธานี","รับซื้อคอมพิวเตอร์ ในอุบลราชธานี","added_sidebar_link_only","Batch 11 selective hub-spoke strengthening","ADDED"
"/รับซื้อ/รับซื้อโน๊ตบุ๊คเกมมิ่ง-อุบลราชธานี","","(no link)","รับซื้อ iPhone ในอุบลราชธานี","/รับซื้อ/รับซื้อ-iphone-อุบลราชธานี","รับซื้อ iPhone ในอุบลราชธานี","added_sidebar_link_only","Batch 11 selective hub-spoke strengthening","ADDED"
"/รับซื้อ/รับซื้อโน๊ตบุ๊คเกมมิ่ง-เลย","","(no link)","รับซื้อ โน๊ตบุ๊ค ในเลย","/รับซื้อ/รับซื้อโน๊ตบุ๊ค-เลย","รับซื้อ โน๊ตบุ๊ค ในเลย","added_sidebar_link_only","Batch 11 selective hub-spoke strengthening","ADDED"
"/รับซื้อ/รับซื้อโน๊ตบุ๊คเกมมิ่ง-เลย","","(no link)","รับซื้อ MacBook ในเลย","/รับซื้อ/รับซื้อ-macbook-เลย","รับซื้อ MacBook ในเลย","added_sidebar_link_only","Batch 11 selective hub-spoke strengthening","ADDED"
"/รับซื้อ/รับซื้อโน๊ตบุ๊คเกมมิ่ง-เลย","","(no link)","รับซื้อ คอมพิวเตอร์ ในเลย","/รับซื้อ/รับซื้อคอมพิวเตอร์-เลย","รับซื้อ คอมพิวเตอร์ ในเลย","added_sidebar_link_only","Batch 11 selective hub-spoke strengthening","ADDED"
"/รับซื้อ/รับซื้อโน๊ตบุ๊คเกมมิ่ง-เลย","","(no link)","รับซื้อ iPhone ในเลย","/รับซื้อ/รับซื้อ-iphone-เลย","รับซื้อ iPhone ในเลย","added_sidebar_link_only","Batch 11 selective hub-spoke strengthening","ADDED"
"/รับซื้อ/รับซื้อโน๊ตบุ๊คเสีย-กาฬสินธุ์","","(no link)","รับซื้อ โน๊ตบุ๊ค ในกาฬสินธุ์","/รับซื้อ/รับซื้อโน๊ตบุ๊ค-กาฬสินธุ์","รับซื้อ โน๊ตบุ๊ค ในกาฬสินธุ์","added_sidebar_link_only","Batch 11 selective hub-spoke strengthening","ADDED"
"/รับซื้อ/รับซื้อโน๊ตบุ๊คเสีย-กาฬสินธุ์","","(no link)","รับซื้อ MacBook ในกาฬสินธุ์","/รับซื้อ/รับซื้อ-macbook-กาฬสินธุ์","รับซื้อ MacBook ในกาฬสินธุ์","added_sidebar_link_only","Batch 11 selective hub-spoke strengthening","ADDED"
"/รับซื้อ/รับซื้อโน๊ตบุ๊คเสีย-กาฬสินธุ์","","(no link)","รับซื้อ คอมพิวเตอร์ ในกาฬสินธุ์","/รับซื้อ/รับซื้อคอมพิวเตอร์-กาฬสินธุ์","รับซื้อ คอมพิวเตอร์ ในกาฬสินธุ์","added_sidebar_link_only","Batch 11 selective hub-spoke strengthening","ADDED"
"/รับซื้อ/รับซื้อโน๊ตบุ๊คเสีย-กาฬสินธุ์","","(no link)","รับซื้อ iPhone ในกาฬสินธุ์","/รับซื้อ/รับซื้อ-iphone-กาฬสินธุ์","รับซื้อ iPhone ในกาฬสินธุ์","added_sidebar_link_only","Batch 11 selective hub-spoke strengthening","ADDED"
"/รับซื้อ/รับซื้อโน๊ตบุ๊คเสีย-ขอนแก่น","","(no link)","รับซื้อ โน๊ตบุ๊ค ในขอนแก่น","/รับซื้อ/รับซื้อโน๊ตบุ๊ค-ขอนแก่น","รับซื้อ โน๊ตบุ๊ค ในขอนแก่น","added_sidebar_link_only","Batch 11 selective hub-spoke strengthening","ADDED"
"/รับซื้อ/รับซื้อโน๊ตบุ๊คเสีย-ขอนแก่น","","(no link)","รับซื้อ MacBook ในขอนแก่น","/รับซื้อ/รับซื้อ-macbook-ขอนแก่น","รับซื้อ MacBook ในขอนแก่น","added_sidebar_link_only","Batch 11 selective hub-spoke strengthening","ADDED"
"/รับซื้อ/รับซื้อโน๊ตบุ๊คเสีย-ขอนแก่น","","(no link)","รับซื้อ คอมพิวเตอร์ ในขอนแก่น","/รับซื้อ/รับซื้อคอมพิวเตอร์-ขอนแก่น","รับซื้อ คอมพิวเตอร์ ในขอนแก่น","added_sidebar_link_only","Batch 11 selective hub-spoke strengthening","ADDED"
"/รับซื้อ/รับซื้อโน๊ตบุ๊คเสีย-ขอนแก่น","","(no link)","รับซื้อ iPhone ในขอนแก่น","/รับซื้อ/รับซื้อ-iphone-ขอนแก่น","รับซื้อ iPhone ในขอนแก่น","added_sidebar_link_only","Batch 11 selective hub-spoke strengthening","ADDED"
"/รับซื้อ/รับซื้อโน๊ตบุ๊คเสีย-ชัยภูมิ","","(no link)","รับซื้อ โน๊ตบุ๊ค ในชัยภูมิ","/รับซื้อ/รับซื้อโน๊ตบุ๊ค-ชัยภูมิ","รับซื้อ โน๊ตบุ๊ค ในชัยภูมิ","added_sidebar_link_only","Batch 11 selective hub-spoke strengthening","ADDED"
"/รับซื้อ/รับซื้อโน๊ตบุ๊คเสีย-ชัยภูมิ","","(no link)","รับซื้อ MacBook ในชัยภูมิ","/รับซื้อ/รับซื้อ-macbook-ชัยภูมิ","รับซื้อ MacBook ในชัยภูมิ","added_sidebar_link_only","Batch 11 selective hub-spoke strengthening","ADDED"
"/รับซื้อ/รับซื้อโน๊ตบุ๊คเสีย-ชัยภูมิ","","(no link)","รับซื้อ คอมพิวเตอร์ ในชัยภูมิ","/รับซื้อ/รับซื้อคอมพิวเตอร์-ชัยภูมิ","รับซื้อ คอมพิวเตอร์ ในชัยภูมิ","added_sidebar_link_only","Batch 11 selective hub-spoke strengthening","ADDED"
"/รับซื้อ/รับซื้อโน๊ตบุ๊คเสีย-ชัยภูมิ","","(no link)","รับซื้อ iPhone ในชัยภูมิ","/รับซื้อ/รับซื้อ-iphone-ชัยภูมิ","รับซื้อ iPhone ในชัยภูมิ","added_sidebar_link_only","Batch 11 selective hub-spoke strengthening","ADDED"
"/รับซื้อ/รับซื้อโน๊ตบุ๊คเสีย-นครพนม","","(no link)","รับซื้อ โน๊ตบุ๊ค ในนครพนม","/รับซื้อ/รับซื้อโน๊ตบุ๊ค-นครพนม","รับซื้อ โน๊ตบุ๊ค ในนครพนม","added_sidebar_link_only","Batch 11 selective hub-spoke strengthening","ADDED"
"/รับซื้อ/รับซื้อโน๊ตบุ๊คเสีย-นครพนม","","(no link)","รับซื้อ MacBook ในนครพนม","/รับซื้อ/รับซื้อ-macbook-นครพนม","รับซื้อ MacBook ในนครพนม","added_sidebar_link_only","Batch 11 selective hub-spoke strengthening","ADDED"
"/รับซื้อ/รับซื้อโน๊ตบุ๊คเสีย-นครพนม","","(no link)","รับซื้อ คอมพิวเตอร์ ในนครพนม","/รับซื้อ/รับซื้อคอมพิวเตอร์-นครพนม","รับซื้อ คอมพิวเตอร์ ในนครพนม","added_sidebar_link_only","Batch 11 selective hub-spoke strengthening","ADDED"
"/รับซื้อ/รับซื้อโน๊ตบุ๊คเสีย-นครพนม","","(no link)","รับซื้อ iPhone ในนครพนม","/รับซื้อ/รับซื้อ-iphone-นครพนม","รับซื้อ iPhone ในนครพนม","added_sidebar_link_only","Batch 11 selective hub-spoke strengthening","ADDED"
"/รับซื้อ/รับซื้อโน๊ตบุ๊คเสีย-นครราชสีมา","","(no link)","รับซื้อ โน๊ตบุ๊ค ในนครราชสีมา","/รับซื้อ/รับซื้อโน๊ตบุ๊ค-นครราชสีมา","รับซื้อ โน๊ตบุ๊ค ในนครราชสีมา","added_sidebar_link_only","Batch 11 selective hub-spoke strengthening","ADDED"
"/รับซื้อ/รับซื้อโน๊ตบุ๊คเสีย-นครราชสีมา","","(no link)","รับซื้อ MacBook ในนครราชสีมา","/รับซื้อ/รับซื้อ-macbook-นครราชสีมา","รับซื้อ MacBook ในนครราชสีมา","added_sidebar_link_only","Batch 11 selective hub-spoke strengthening","ADDED"
"/รับซื้อ/รับซื้อโน๊ตบุ๊คเสีย-นครราชสีมา","","(no link)","รับซื้อ คอมพิวเตอร์ ในนครราชสีมา","/รับซื้อ/รับซื้อคอมพิวเตอร์-นครราชสีมา","รับซื้อ คอมพิวเตอร์ ในนครราชสีมา","added_sidebar_link_only","Batch 11 selective hub-spoke strengthening","ADDED"
"/รับซื้อ/รับซื้อโน๊ตบุ๊คเสีย-นครราชสีมา","","(no link)","รับซื้อ iPhone ในนครราชสีมา","/รับซื้อ/รับซื้อ-iphone-นครราชสีมา","รับซื้อ iPhone ในนครราชสีมา","added_sidebar_link_only","Batch 11 selective hub-spoke strengthening","ADDED"
"/รับซื้อ/รับซื้อโน๊ตบุ๊คเสีย-บึงกาฬ","","(no link)","รับซื้อ โน๊ตบุ๊ค ในบึงกาฬ","/รับซื้อ/รับซื้อโน๊ตบุ๊ค-บึงกาฬ","รับซื้อ โน๊ตบุ๊ค ในบึงกาฬ","added_sidebar_link_only","Batch 11 selective hub-spoke strengthening","ADDED"
"/รับซื้อ/รับซื้อโน๊ตบุ๊คเสีย-บึงกาฬ","","(no link)","รับซื้อ MacBook ในบึงกาฬ","/รับซื้อ/รับซื้อ-macbook-บึงกาฬ","รับซื้อ MacBook ในบึงกาฬ","added_sidebar_link_only","Batch 11 selective hub-spoke strengthening","ADDED"
"/รับซื้อ/รับซื้อโน๊ตบุ๊คเสีย-บึงกาฬ","","(no link)","รับซื้อ คอมพิวเตอร์ ในบึงกาฬ","/รับซื้อ/รับซื้อคอมพิวเตอร์-บึงกาฬ","รับซื้อ คอมพิวเตอร์ ในบึงกาฬ","added_sidebar_link_only","Batch 11 selective hub-spoke strengthening","ADDED"
"/รับซื้อ/รับซื้อโน๊ตบุ๊คเสีย-บึงกาฬ","","(no link)","รับซื้อ iPhone ในบึงกาฬ","/รับซื้อ/รับซื้อ-iphone-บึงกาฬ","รับซื้อ iPhone ในบึงกาฬ","added_sidebar_link_only","Batch 11 selective hub-spoke strengthening","ADDED"
"/รับซื้อ/รับซื้อโน๊ตบุ๊คเสีย-บุรีรัมย์","","(no link)","รับซื้อ โน๊ตบุ๊ค ในบุรีรัมย์","/รับซื้อ/รับซื้อโน๊ตบุ๊ค-บุรีรัมย์","รับซื้อ โน๊ตบุ๊ค ในบุรีรัมย์","added_sidebar_link_only","Batch 11 selective hub-spoke strengthening","ADDED"
"/รับซื้อ/รับซื้อโน๊ตบุ๊คเสีย-บุรีรัมย์","","(no link)","รับซื้อ MacBook ในบุรีรัมย์","/รับซื้อ/รับซื้อ-macbook-บุรีรัมย์","รับซื้อ MacBook ในบุรีรัมย์","added_sidebar_link_only","Batch 11 selective hub-spoke strengthening","ADDED"
"/รับซื้อ/รับซื้อโน๊ตบุ๊คเสีย-บุรีรัมย์","","(no link)","รับซื้อ คอมพิวเตอร์ ในบุรีรัมย์","/รับซื้อ/รับซื้อคอมพิวเตอร์-บุรีรัมย์","รับซื้อ คอมพิวเตอร์ ในบุรีรัมย์","added_sidebar_link_only","Batch 11 selective hub-spoke strengthening","ADDED"
"/รับซื้อ/รับซื้อโน๊ตบุ๊คเสีย-บุรีรัมย์","","(no link)","รับซื้อ iPhone ในบุรีรัมย์","/รับซื้อ/รับซื้อ-iphone-บุรีรัมย์","รับซื้อ iPhone ในบุรีรัมย์","added_sidebar_link_only","Batch 11 selective hub-spoke strengthening","ADDED"
"/รับซื้อ/รับซื้อโน๊ตบุ๊คเสีย-มหาสารคาม","","(no link)","รับซื้อ โน๊ตบุ๊ค ในมหาสารคาม","/รับซื้อ/รับซื้อโน๊ตบุ๊ค-มหาสารคาม","รับซื้อ โน๊ตบุ๊ค ในมหาสารคาม","added_sidebar_link_only","Batch 11 selective hub-spoke strengthening","ADDED"
"/รับซื้อ/รับซื้อโน๊ตบุ๊คเสีย-มหาสารคาม","","(no link)","รับซื้อ MacBook ในมหาสารคาม","/รับซื้อ/รับซื้อ-macbook-มหาสารคาม","รับซื้อ MacBook ในมหาสารคาม","added_sidebar_link_only","Batch 11 selective hub-spoke strengthening","ADDED"
"/รับซื้อ/รับซื้อโน๊ตบุ๊คเสีย-มหาสารคาม","","(no link)","รับซื้อ คอมพิวเตอร์ ในมหาสารคาม","/รับซื้อ/รับซื้อคอมพิวเตอร์-มหาสารคาม","รับซื้อ คอมพิวเตอร์ ในมหาสารคาม","added_sidebar_link_only","Batch 11 selective hub-spoke strengthening","ADDED"
"/รับซื้อ/รับซื้อโน๊ตบุ๊คเสีย-มหาสารคาม","","(no link)","รับซื้อ iPhone ในมหาสารคาม","/รับซื้อ/รับซื้อ-iphone-มหาสารคาม","รับซื้อ iPhone ในมหาสารคาม","added_sidebar_link_only","Batch 11 selective hub-spoke strengthening","ADDED"
"/รับซื้อ/รับซื้อโน๊ตบุ๊คเสีย-มุกดาหาร","","(no link)","รับซื้อ โน๊ตบุ๊ค ในมุกดาหาร","/รับซื้อ/รับซื้อโน๊ตบุ๊ค-มุกดาหาร","รับซื้อ โน๊ตบุ๊ค ในมุกดาหาร","added_sidebar_link_only","Batch 11 selective hub-spoke strengthening","ADDED"
"/รับซื้อ/รับซื้อโน๊ตบุ๊คเสีย-มุกดาหาร","","(no link)","รับซื้อ MacBook ในมุกดาหาร","/รับซื้อ/รับซื้อ-macbook-มุกดาหาร","รับซื้อ MacBook ในมุกดาหาร","added_sidebar_link_only","Batch 11 selective hub-spoke strengthening","ADDED"
"/รับซื้อ/รับซื้อโน๊ตบุ๊คเสีย-มุกดาหาร","","(no link)","รับซื้อ คอมพิวเตอร์ ในมุกดาหาร","/รับซื้อ/รับซื้อคอมพิวเตอร์-มุกดาหาร","รับซื้อ คอมพิวเตอร์ ในมุกดาหาร","added_sidebar_link_only","Batch 11 selective hub-spoke strengthening","ADDED"
"/รับซื้อ/รับซื้อโน๊ตบุ๊คเสีย-มุกดาหาร","","(no link)","รับซื้อ iPhone ในมุกดาหาร","/รับซื้อ/รับซื้อ-iphone-มุกดาหาร","รับซื้อ iPhone ในมุกดาหาร","added_sidebar_link_only","Batch 11 selective hub-spoke strengthening","ADDED"
"/รับซื้อ/รับซื้อโน๊ตบุ๊คเสีย-ยโสธร","","(no link)","รับซื้อ โน๊ตบุ๊ค ในยโสธร","/รับซื้อ/รับซื้อโน๊ตบุ๊ค-ยโสธร","รับซื้อ โน๊ตบุ๊ค ในยโสธร","added_sidebar_link_only","Batch 11 selective hub-spoke strengthening","ADDED"
"/รับซื้อ/รับซื้อโน๊ตบุ๊คเสีย-ยโสธร","","(no link)","รับซื้อ MacBook ในยโสธร","/รับซื้อ/รับซื้อ-macbook-ยโสธร","รับซื้อ MacBook ในยโสธร","added_sidebar_link_only","Batch 11 selective hub-spoke strengthening","ADDED"
"/รับซื้อ/รับซื้อโน๊ตบุ๊คเสีย-ยโสธร","","(no link)","รับซื้อ คอมพิวเตอร์ ในยโสธร","/รับซื้อ/รับซื้อคอมพิวเตอร์-ยโสธร","รับซื้อ คอมพิวเตอร์ ในยโสธร","added_sidebar_link_only","Batch 11 selective hub-spoke strengthening","ADDED"
"/รับซื้อ/รับซื้อโน๊ตบุ๊คเสีย-ยโสธร","","(no link)","รับซื้อ iPhone ในยโสธร","/รับซื้อ/รับซื้อ-iphone-ยโสธร","รับซื้อ iPhone ในยโสธร","added_sidebar_link_only","Batch 11 selective hub-spoke strengthening","ADDED"
"/รับซื้อ/รับซื้อโน๊ตบุ๊คเสีย-ร้อยเอ็ด","","(no link)","รับซื้อ โน๊ตบุ๊ค ในร้อยเอ็ด","/รับซื้อ/รับซื้อโน๊ตบุ๊ค-ร้อยเอ็ด","รับซื้อ โน๊ตบุ๊ค ในร้อยเอ็ด","added_sidebar_link_only","Batch 11 selective hub-spoke strengthening","ADDED"
"/รับซื้อ/รับซื้อโน๊ตบุ๊คเสีย-ร้อยเอ็ด","","(no link)","รับซื้อ MacBook ในร้อยเอ็ด","/รับซื้อ/รับซื้อ-macbook-ร้อยเอ็ด","รับซื้อ MacBook ในร้อยเอ็ด","added_sidebar_link_only","Batch 11 selective hub-spoke strengthening","ADDED"
"/รับซื้อ/รับซื้อโน๊ตบุ๊คเสีย-ร้อยเอ็ด","","(no link)","รับซื้อ คอมพิวเตอร์ ในร้อยเอ็ด","/รับซื้อ/รับซื้อคอมพิวเตอร์-ร้อยเอ็ด","รับซื้อ คอมพิวเตอร์ ในร้อยเอ็ด","added_sidebar_link_only","Batch 11 selective hub-spoke strengthening","ADDED"
"/รับซื้อ/รับซื้อโน๊ตบุ๊คเสีย-ร้อยเอ็ด","","(no link)","รับซื้อ iPhone ในร้อยเอ็ด","/รับซื้อ/รับซื้อ-iphone-ร้อยเอ็ด","รับซื้อ iPhone ในร้อยเอ็ด","added_sidebar_link_only","Batch 11 selective hub-spoke strengthening","ADDED"
"/รับซื้อ/รับซื้อโน๊ตบุ๊คเสีย-ศรีสะเกษ","","(no link)","รับซื้อ โน๊ตบุ๊ค ในศรีสะเกษ","/รับซื้อ/รับซื้อโน๊ตบุ๊ค-ศรีสะเกษ","รับซื้อ โน๊ตบุ๊ค ในศรีสะเกษ","added_sidebar_link_only","Batch 11 selective hub-spoke strengthening","ADDED"
"/รับซื้อ/รับซื้อโน๊ตบุ๊คเสีย-ศรีสะเกษ","","(no link)","รับซื้อ MacBook ในศรีสะเกษ","/รับซื้อ/รับซื้อ-macbook-ศรีสะเกษ","รับซื้อ MacBook ในศรีสะเกษ","added_sidebar_link_only","Batch 11 selective hub-spoke strengthening","ADDED"
"/รับซื้อ/รับซื้อโน๊ตบุ๊คเสีย-ศรีสะเกษ","","(no link)","รับซื้อ คอมพิวเตอร์ ในศรีสะเกษ","/รับซื้อ/รับซื้อคอมพิวเตอร์-ศรีสะเกษ","รับซื้อ คอมพิวเตอร์ ในศรีสะเกษ","added_sidebar_link_only","Batch 11 selective hub-spoke strengthening","ADDED"
"/รับซื้อ/รับซื้อโน๊ตบุ๊คเสีย-ศรีสะเกษ","","(no link)","รับซื้อ iPhone ในศรีสะเกษ","/รับซื้อ/รับซื้อ-iphone-ศรีสะเกษ","รับซื้อ iPhone ในศรีสะเกษ","added_sidebar_link_only","Batch 11 selective hub-spoke strengthening","ADDED"
"/รับซื้อ/รับซื้อโน๊ตบุ๊คเสีย-สกลนคร","","(no link)","รับซื้อ โน๊ตบุ๊ค ในสกลนคร","/รับซื้อ/รับซื้อโน๊ตบุ๊ค-สกลนคร","รับซื้อ โน๊ตบุ๊ค ในสกลนคร","added_sidebar_link_only","Batch 11 selective hub-spoke strengthening","ADDED"
"/รับซื้อ/รับซื้อโน๊ตบุ๊คเสีย-สกลนคร","","(no link)","รับซื้อ MacBook ในสกลนคร","/รับซื้อ/รับซื้อ-macbook-สกลนคร","รับซื้อ MacBook ในสกลนคร","added_sidebar_link_only","Batch 11 selective hub-spoke strengthening","ADDED"
"/รับซื้อ/รับซื้อโน๊ตบุ๊คเสีย-สกลนคร","","(no link)","รับซื้อ คอมพิวเตอร์ ในสกลนคร","/รับซื้อ/รับซื้อคอมพิวเตอร์-สกลนคร","รับซื้อ คอมพิวเตอร์ ในสกลนคร","added_sidebar_link_only","Batch 11 selective hub-spoke strengthening","ADDED"
"/รับซื้อ/รับซื้อโน๊ตบุ๊คเสีย-สกลนคร","","(no link)","รับซื้อ iPhone ในสกลนคร","/รับซื้อ/รับซื้อ-iphone-สกลนคร","รับซื้อ iPhone ในสกลนคร","added_sidebar_link_only","Batch 11 selective hub-spoke strengthening","ADDED"
"/รับซื้อ/รับซื้อโน๊ตบุ๊คเสีย-สุรินทร์","","(no link)","รับซื้อ โน๊ตบุ๊ค ในสุรินทร์","/รับซื้อ/รับซื้อโน๊ตบุ๊ค-สุรินทร์","รับซื้อ โน๊ตบุ๊ค ในสุรินทร์","added_sidebar_link_only","Batch 11 selective hub-spoke strengthening","ADDED"
"/รับซื้อ/รับซื้อโน๊ตบุ๊คเสีย-สุรินทร์","","(no link)","รับซื้อ MacBook ในสุรินทร์","/รับซื้อ/รับซื้อ-macbook-สุรินทร์","รับซื้อ MacBook ในสุรินทร์","added_sidebar_link_only","Batch 11 selective hub-spoke strengthening","ADDED"
"/รับซื้อ/รับซื้อโน๊ตบุ๊คเสีย-สุรินทร์","","(no link)","รับซื้อ คอมพิวเตอร์ ในสุรินทร์","/รับซื้อ/รับซื้อคอมพิวเตอร์-สุรินทร์","รับซื้อ คอมพิวเตอร์ ในสุรินทร์","added_sidebar_link_only","Batch 11 selective hub-spoke strengthening","ADDED"
"/รับซื้อ/รับซื้อโน๊ตบุ๊คเสีย-สุรินทร์","","(no link)","รับซื้อ iPhone ในสุรินทร์","/รับซื้อ/รับซื้อ-iphone-สุรินทร์","รับซื้อ iPhone ในสุรินทร์","added_sidebar_link_only","Batch 11 selective hub-spoke strengthening","ADDED"
"/รับซื้อ/รับซื้อโน๊ตบุ๊คเสีย-หนองคาย","","(no link)","รับซื้อ โน๊ตบุ๊ค ในหนองคาย","/รับซื้อ/รับซื้อโน๊ตบุ๊ค-หนองคาย","รับซื้อ โน๊ตบุ๊ค ในหนองคาย","added_sidebar_link_only","Batch 11 selective hub-spoke strengthening","ADDED"
"/รับซื้อ/รับซื้อโน๊ตบุ๊คเสีย-หนองคาย","","(no link)","รับซื้อ MacBook ในหนองคาย","/รับซื้อ/รับซื้อ-macbook-หนองคาย","รับซื้อ MacBook ในหนองคาย","added_sidebar_link_only","Batch 11 selective hub-spoke strengthening","ADDED"
"/รับซื้อ/รับซื้อโน๊ตบุ๊คเสีย-หนองคาย","","(no link)","รับซื้อ คอมพิวเตอร์ ในหนองคาย","/รับซื้อ/รับซื้อคอมพิวเตอร์-หนองคาย","รับซื้อ คอมพิวเตอร์ ในหนองคาย","added_sidebar_link_only","Batch 11 selective hub-spoke strengthening","ADDED"
"/รับซื้อ/รับซื้อโน๊ตบุ๊คเสีย-หนองคาย","","(no link)","รับซื้อ iPhone ในหนองคาย","/รับซื้อ/รับซื้อ-iphone-หนองคาย","รับซื้อ iPhone ในหนองคาย","added_sidebar_link_only","Batch 11 selective hub-spoke strengthening","ADDED"
"/รับซื้อ/รับซื้อโน๊ตบุ๊คเสีย-หนองบัวลำภู","","(no link)","รับซื้อ โน๊ตบุ๊ค ในหนองบัวลำภู","/รับซื้อ/รับซื้อโน๊ตบุ๊ค-หนองบัวลำภู","รับซื้อ โน๊ตบุ๊ค ในหนองบัวลำภู","added_sidebar_link_only","Batch 11 selective hub-spoke strengthening","ADDED"
"/รับซื้อ/รับซื้อโน๊ตบุ๊คเสีย-หนองบัวลำภู","","(no link)","รับซื้อ MacBook ในหนองบัวลำภู","/รับซื้อ/รับซื้อ-macbook-หนองบัวลำภู","รับซื้อ MacBook ในหนองบัวลำภู","added_sidebar_link_only","Batch 11 selective hub-spoke strengthening","ADDED"
"/รับซื้อ/รับซื้อโน๊ตบุ๊คเสีย-หนองบัวลำภู","","(no link)","รับซื้อ คอมพิวเตอร์ ในหนองบัวลำภู","/รับซื้อ/รับซื้อคอมพิวเตอร์-หนองบัวลำภู","รับซื้อ คอมพิวเตอร์ ในหนองบัวลำภู","added_sidebar_link_only","Batch 11 selective hub-spoke strengthening","ADDED"
"/รับซื้อ/รับซื้อโน๊ตบุ๊คเสีย-หนองบัวลำภู","","(no link)","รับซื้อ iPhone ในหนองบัวลำภู","/รับซื้อ/รับซื้อ-iphone-หนองบัวลำภู","รับซื้อ iPhone ในหนองบัวลำภู","added_sidebar_link_only","Batch 11 selective hub-spoke strengthening","ADDED"
"/รับซื้อ/รับซื้อโน๊ตบุ๊คเสีย-อำนาจเจริญ","","(no link)","รับซื้อ โน๊ตบุ๊ค ในอำนาจเจริญ","/รับซื้อ/รับซื้อโน๊ตบุ๊ค-อำนาจเจริญ","รับซื้อ โน๊ตบุ๊ค ในอำนาจเจริญ","added_sidebar_link_only","Batch 11 selective hub-spoke strengthening","ADDED"
"/รับซื้อ/รับซื้อโน๊ตบุ๊คเสีย-อำนาจเจริญ","","(no link)","รับซื้อ MacBook ในอำนาจเจริญ","/รับซื้อ/รับซื้อ-macbook-อำนาจเจริญ","รับซื้อ MacBook ในอำนาจเจริญ","added_sidebar_link_only","Batch 11 selective hub-spoke strengthening","ADDED"
"/รับซื้อ/รับซื้อโน๊ตบุ๊คเสีย-อำนาจเจริญ","","(no link)","รับซื้อ คอมพิวเตอร์ ในอำนาจเจริญ","/รับซื้อ/รับซื้อคอมพิวเตอร์-อำนาจเจริญ","รับซื้อ คอมพิวเตอร์ ในอำนาจเจริญ","added_sidebar_link_only","Batch 11 selective hub-spoke strengthening","ADDED"
"/รับซื้อ/รับซื้อโน๊ตบุ๊คเสีย-อำนาจเจริญ","","(no link)","รับซื้อ iPhone ในอำนาจเจริญ","/รับซื้อ/รับซื้อ-iphone-อำนาจเจริญ","รับซื้อ iPhone ในอำนาจเจริญ","added_sidebar_link_only","Batch 11 selective hub-spoke strengthening","ADDED"
"/รับซื้อ/รับซื้อโน๊ตบุ๊คเสีย-อุดรธานี","","(no link)","รับซื้อ โน๊ตบุ๊ค ในอุดรธานี","/รับซื้อ/รับซื้อโน๊ตบุ๊ค-อุดรธานี","รับซื้อ โน๊ตบุ๊ค ในอุดรธานี","added_sidebar_link_only","Batch 11 selective hub-spoke strengthening","ADDED"
"/รับซื้อ/รับซื้อโน๊ตบุ๊คเสีย-อุดรธานี","","(no link)","รับซื้อ MacBook ในอุดรธานี","/รับซื้อ/รับซื้อ-macbook-อุดรธานี","รับซื้อ MacBook ในอุดรธานี","added_sidebar_link_only","Batch 11 selective hub-spoke strengthening","ADDED"
"/รับซื้อ/รับซื้อโน๊ตบุ๊คเสีย-อุดรธานี","","(no link)","รับซื้อ คอมพิวเตอร์ ในอุดรธานี","/รับซื้อ/รับซื้อคอมพิวเตอร์-อุดรธานี","รับซื้อ คอมพิวเตอร์ ในอุดรธานี","added_sidebar_link_only","Batch 11 selective hub-spoke strengthening","ADDED"
"/รับซื้อ/รับซื้อโน๊ตบุ๊คเสีย-อุดรธานี","","(no link)","รับซื้อ iPhone ในอุดรธานี","/รับซื้อ/รับซื้อ-iphone-อุดรธานี","รับซื้อ iPhone ในอุดรธานี","added_sidebar_link_only","Batch 11 selective hub-spoke strengthening","ADDED"
"/รับซื้อ/รับซื้อโน๊ตบุ๊คเสีย-อุบลราชธานี","","(no link)","รับซื้อโน๊ตบุ๊ค ในอุบลราชธานี","/รับซื้อ/รับซื้อโน๊ตบุ๊ค-อุบลราชธานี","รับซื้อโน๊ตบุ๊ค ในอุบลราชธานี","added_sidebar_link_only","Batch 11 selective hub-spoke strengthening","ADDED"
"/รับซื้อ/รับซื้อโน๊ตบุ๊คเสีย-อุบลราชธานี","","(no link)","รับซื้อ MacBook ในอุบลราชธานี","/รับซื้อ/รับซื้อ-macbook-อุบลราชธานี","รับซื้อ MacBook ในอุบลราชธานี","added_sidebar_link_only","Batch 11 selective hub-spoke strengthening","ADDED"
"/รับซื้อ/รับซื้อโน๊ตบุ๊คเสีย-อุบลราชธานี","","(no link)","รับซื้อคอมพิวเตอร์ ในอุบลราชธานี","/รับซื้อ/รับซื้อคอมพิวเตอร์-อุบลราชธานี","รับซื้อคอมพิวเตอร์ ในอุบลราชธานี","added_sidebar_link_only","Batch 11 selective hub-spoke strengthening","ADDED"
"/รับซื้อ/รับซื้อโน๊ตบุ๊คเสีย-อุบลราชธานี","","(no link)","รับซื้อ iPhone ในอุบลราชธานี","/รับซื้อ/รับซื้อ-iphone-อุบลราชธานี","รับซื้อ iPhone ในอุบลราชธานี","added_sidebar_link_only","Batch 11 selective hub-spoke strengthening","ADDED"
"/รับซื้อ/รับซื้อโน๊ตบุ๊คเสีย-เลย","","(no link)","รับซื้อ โน๊ตบุ๊ค ในเลย","/รับซื้อ/รับซื้อโน๊ตบุ๊ค-เลย","รับซื้อ โน๊ตบุ๊ค ในเลย","added_sidebar_link_only","Batch 11 selective hub-spoke strengthening","ADDED"
"/รับซื้อ/รับซื้อโน๊ตบุ๊คเสีย-เลย","","(no link)","รับซื้อ MacBook ในเลย","/รับซื้อ/รับซื้อ-macbook-เลย","รับซื้อ MacBook ในเลย","added_sidebar_link_only","Batch 11 selective hub-spoke strengthening","ADDED"
"/รับซื้อ/รับซื้อโน๊ตบุ๊คเสีย-เลย","","(no link)","รับซื้อ คอมพิวเตอร์ ในเลย","/รับซื้อ/รับซื้อคอมพิวเตอร์-เลย","รับซื้อ คอมพิวเตอร์ ในเลย","added_sidebar_link_only","Batch 11 selective hub-spoke strengthening","ADDED"
"/รับซื้อ/รับซื้อโน๊ตบุ๊คเสีย-เลย","","(no link)","รับซื้อ iPhone ในเลย","/รับซื้อ/รับซื้อ-iphone-เลย","รับซื้อ iPhone ในเลย","added_sidebar_link_only","Batch 11 selective hub-spoke strengthening","ADDED"
"/รับซื้อ/รับเหมาประมูลอุปกรณ์ไอที-กาฬสินธุ์","","(no link)","รับซื้อ โน๊ตบุ๊ค ในกาฬสินธุ์","/รับซื้อ/รับซื้อโน๊ตบุ๊ค-กาฬสินธุ์","รับซื้อ โน๊ตบุ๊ค ในกาฬสินธุ์","added_sidebar_link_only","Batch 11 selective hub-spoke strengthening","ADDED"
"/รับซื้อ/รับเหมาประมูลอุปกรณ์ไอที-กาฬสินธุ์","","(no link)","รับซื้อ MacBook ในกาฬสินธุ์","/รับซื้อ/รับซื้อ-macbook-กาฬสินธุ์","รับซื้อ MacBook ในกาฬสินธุ์","added_sidebar_link_only","Batch 11 selective hub-spoke strengthening","ADDED"
"/รับซื้อ/รับเหมาประมูลอุปกรณ์ไอที-กาฬสินธุ์","","(no link)","รับซื้อ คอมพิวเตอร์ ในกาฬสินธุ์","/รับซื้อ/รับซื้อคอมพิวเตอร์-กาฬสินธุ์","รับซื้อ คอมพิวเตอร์ ในกาฬสินธุ์","added_sidebar_link_only","Batch 11 selective hub-spoke strengthening","ADDED"
"/รับซื้อ/รับเหมาประมูลอุปกรณ์ไอที-กาฬสินธุ์","","(no link)","รับซื้อ iPhone ในกาฬสินธุ์","/รับซื้อ/รับซื้อ-iphone-กาฬสินธุ์","รับซื้อ iPhone ในกาฬสินธุ์","added_sidebar_link_only","Batch 11 selective hub-spoke strengthening","ADDED"
"/รับซื้อ/รับเหมาประมูลอุปกรณ์ไอที-ขอนแก่น","","(no link)","รับซื้อ โน๊ตบุ๊ค ในขอนแก่น","/รับซื้อ/รับซื้อโน๊ตบุ๊ค-ขอนแก่น","รับซื้อ โน๊ตบุ๊ค ในขอนแก่น","added_sidebar_link_only","Batch 11 selective hub-spoke strengthening","ADDED"
"/รับซื้อ/รับเหมาประมูลอุปกรณ์ไอที-ขอนแก่น","","(no link)","รับซื้อ MacBook ในขอนแก่น","/รับซื้อ/รับซื้อ-macbook-ขอนแก่น","รับซื้อ MacBook ในขอนแก่น","added_sidebar_link_only","Batch 11 selective hub-spoke strengthening","ADDED"
"/รับซื้อ/รับเหมาประมูลอุปกรณ์ไอที-ขอนแก่น","","(no link)","รับซื้อ คอมพิวเตอร์ ในขอนแก่น","/รับซื้อ/รับซื้อคอมพิวเตอร์-ขอนแก่น","รับซื้อ คอมพิวเตอร์ ในขอนแก่น","added_sidebar_link_only","Batch 11 selective hub-spoke strengthening","ADDED"
"/รับซื้อ/รับเหมาประมูลอุปกรณ์ไอที-ขอนแก่น","","(no link)","รับซื้อ iPhone ในขอนแก่น","/รับซื้อ/รับซื้อ-iphone-ขอนแก่น","รับซื้อ iPhone ในขอนแก่น","added_sidebar_link_only","Batch 11 selective hub-spoke strengthening","ADDED"
"/รับซื้อ/รับเหมาประมูลอุปกรณ์ไอที-ชัยภูมิ","","(no link)","รับซื้อ โน๊ตบุ๊ค ในชัยภูมิ","/รับซื้อ/รับซื้อโน๊ตบุ๊ค-ชัยภูมิ","รับซื้อ โน๊ตบุ๊ค ในชัยภูมิ","added_sidebar_link_only","Batch 11 selective hub-spoke strengthening","ADDED"
"/รับซื้อ/รับเหมาประมูลอุปกรณ์ไอที-ชัยภูมิ","","(no link)","รับซื้อ MacBook ในชัยภูมิ","/รับซื้อ/รับซื้อ-macbook-ชัยภูมิ","รับซื้อ MacBook ในชัยภูมิ","added_sidebar_link_only","Batch 11 selective hub-spoke strengthening","ADDED"
"/รับซื้อ/รับเหมาประมูลอุปกรณ์ไอที-ชัยภูมิ","","(no link)","รับซื้อ คอมพิวเตอร์ ในชัยภูมิ","/รับซื้อ/รับซื้อคอมพิวเตอร์-ชัยภูมิ","รับซื้อ คอมพิวเตอร์ ในชัยภูมิ","added_sidebar_link_only","Batch 11 selective hub-spoke strengthening","ADDED"
"/รับซื้อ/รับเหมาประมูลอุปกรณ์ไอที-ชัยภูมิ","","(no link)","รับซื้อ iPhone ในชัยภูมิ","/รับซื้อ/รับซื้อ-iphone-ชัยภูมิ","รับซื้อ iPhone ในชัยภูมิ","added_sidebar_link_only","Batch 11 selective hub-spoke strengthening","ADDED"
"/รับซื้อ/รับเหมาประมูลอุปกรณ์ไอที-นครพนม","","(no link)","รับซื้อ โน๊ตบุ๊ค ในนครพนม","/รับซื้อ/รับซื้อโน๊ตบุ๊ค-นครพนม","รับซื้อ โน๊ตบุ๊ค ในนครพนม","added_sidebar_link_only","Batch 11 selective hub-spoke strengthening","ADDED"
"/รับซื้อ/รับเหมาประมูลอุปกรณ์ไอที-นครพนม","","(no link)","รับซื้อ MacBook ในนครพนม","/รับซื้อ/รับซื้อ-macbook-นครพนม","รับซื้อ MacBook ในนครพนม","added_sidebar_link_only","Batch 11 selective hub-spoke strengthening","ADDED"
"/รับซื้อ/รับเหมาประมูลอุปกรณ์ไอที-นครพนม","","(no link)","รับซื้อ คอมพิวเตอร์ ในนครพนม","/รับซื้อ/รับซื้อคอมพิวเตอร์-นครพนม","รับซื้อ คอมพิวเตอร์ ในนครพนม","added_sidebar_link_only","Batch 11 selective hub-spoke strengthening","ADDED"
"/รับซื้อ/รับเหมาประมูลอุปกรณ์ไอที-นครพนม","","(no link)","รับซื้อ iPhone ในนครพนม","/รับซื้อ/รับซื้อ-iphone-นครพนม","รับซื้อ iPhone ในนครพนม","added_sidebar_link_only","Batch 11 selective hub-spoke strengthening","ADDED"
"/รับซื้อ/รับเหมาประมูลอุปกรณ์ไอที-นครราชสีมา","","(no link)","รับซื้อ โน๊ตบุ๊ค ในนครราชสีมา","/รับซื้อ/รับซื้อโน๊ตบุ๊ค-นครราชสีมา","รับซื้อ โน๊ตบุ๊ค ในนครราชสีมา","added_sidebar_link_only","Batch 11 selective hub-spoke strengthening","ADDED"
"/รับซื้อ/รับเหมาประมูลอุปกรณ์ไอที-นครราชสีมา","","(no link)","รับซื้อ MacBook ในนครราชสีมา","/รับซื้อ/รับซื้อ-macbook-นครราชสีมา","รับซื้อ MacBook ในนครราชสีมา","added_sidebar_link_only","Batch 11 selective hub-spoke strengthening","ADDED"
"/รับซื้อ/รับเหมาประมูลอุปกรณ์ไอที-นครราชสีมา","","(no link)","รับซื้อ คอมพิวเตอร์ ในนครราชสีมา","/รับซื้อ/รับซื้อคอมพิวเตอร์-นครราชสีมา","รับซื้อ คอมพิวเตอร์ ในนครราชสีมา","added_sidebar_link_only","Batch 11 selective hub-spoke strengthening","ADDED"
"/รับซื้อ/รับเหมาประมูลอุปกรณ์ไอที-นครราชสีมา","","(no link)","รับซื้อ iPhone ในนครราชสีมา","/รับซื้อ/รับซื้อ-iphone-นครราชสีมา","รับซื้อ iPhone ในนครราชสีมา","added_sidebar_link_only","Batch 11 selective hub-spoke strengthening","ADDED"
"/รับซื้อ/รับเหมาประมูลอุปกรณ์ไอที-บึงกาฬ","","(no link)","รับซื้อ โน๊ตบุ๊ค ในบึงกาฬ","/รับซื้อ/รับซื้อโน๊ตบุ๊ค-บึงกาฬ","รับซื้อ โน๊ตบุ๊ค ในบึงกาฬ","added_sidebar_link_only","Batch 11 selective hub-spoke strengthening","ADDED"
"/รับซื้อ/รับเหมาประมูลอุปกรณ์ไอที-บึงกาฬ","","(no link)","รับซื้อ MacBook ในบึงกาฬ","/รับซื้อ/รับซื้อ-macbook-บึงกาฬ","รับซื้อ MacBook ในบึงกาฬ","added_sidebar_link_only","Batch 11 selective hub-spoke strengthening","ADDED"
"/รับซื้อ/รับเหมาประมูลอุปกรณ์ไอที-บึงกาฬ","","(no link)","รับซื้อ คอมพิวเตอร์ ในบึงกาฬ","/รับซื้อ/รับซื้อคอมพิวเตอร์-บึงกาฬ","รับซื้อ คอมพิวเตอร์ ในบึงกาฬ","added_sidebar_link_only","Batch 11 selective hub-spoke strengthening","ADDED"
"/รับซื้อ/รับเหมาประมูลอุปกรณ์ไอที-บึงกาฬ","","(no link)","รับซื้อ iPhone ในบึงกาฬ","/รับซื้อ/รับซื้อ-iphone-บึงกาฬ","รับซื้อ iPhone ในบึงกาฬ","added_sidebar_link_only","Batch 11 selective hub-spoke strengthening","ADDED"
"/รับซื้อ/รับเหมาประมูลอุปกรณ์ไอที-บุรีรัมย์","","(no link)","รับซื้อ โน๊ตบุ๊ค ในบุรีรัมย์","/รับซื้อ/รับซื้อโน๊ตบุ๊ค-บุรีรัมย์","รับซื้อ โน๊ตบุ๊ค ในบุรีรัมย์","added_sidebar_link_only","Batch 11 selective hub-spoke strengthening","ADDED"
"/รับซื้อ/รับเหมาประมูลอุปกรณ์ไอที-บุรีรัมย์","","(no link)","รับซื้อ MacBook ในบุรีรัมย์","/รับซื้อ/รับซื้อ-macbook-บุรีรัมย์","รับซื้อ MacBook ในบุรีรัมย์","added_sidebar_link_only","Batch 11 selective hub-spoke strengthening","ADDED"
"/รับซื้อ/รับเหมาประมูลอุปกรณ์ไอที-บุรีรัมย์","","(no link)","รับซื้อ คอมพิวเตอร์ ในบุรีรัมย์","/รับซื้อ/รับซื้อคอมพิวเตอร์-บุรีรัมย์","รับซื้อ คอมพิวเตอร์ ในบุรีรัมย์","added_sidebar_link_only","Batch 11 selective hub-spoke strengthening","ADDED"
"/รับซื้อ/รับเหมาประมูลอุปกรณ์ไอที-บุรีรัมย์","","(no link)","รับซื้อ iPhone ในบุรีรัมย์","/รับซื้อ/รับซื้อ-iphone-บุรีรัมย์","รับซื้อ iPhone ในบุรีรัมย์","added_sidebar_link_only","Batch 11 selective hub-spoke strengthening","ADDED"
"/รับซื้อ/รับเหมาประมูลอุปกรณ์ไอที-มหาสารคาม","","(no link)","รับซื้อ โน๊ตบุ๊ค ในมหาสารคาม","/รับซื้อ/รับซื้อโน๊ตบุ๊ค-มหาสารคาม","รับซื้อ โน๊ตบุ๊ค ในมหาสารคาม","added_sidebar_link_only","Batch 11 selective hub-spoke strengthening","ADDED"
"/รับซื้อ/รับเหมาประมูลอุปกรณ์ไอที-มหาสารคาม","","(no link)","รับซื้อ MacBook ในมหาสารคาม","/รับซื้อ/รับซื้อ-macbook-มหาสารคาม","รับซื้อ MacBook ในมหาสารคาม","added_sidebar_link_only","Batch 11 selective hub-spoke strengthening","ADDED"
"/รับซื้อ/รับเหมาประมูลอุปกรณ์ไอที-มหาสารคาม","","(no link)","รับซื้อ คอมพิวเตอร์ ในมหาสารคาม","/รับซื้อ/รับซื้อคอมพิวเตอร์-มหาสารคาม","รับซื้อ คอมพิวเตอร์ ในมหาสารคาม","added_sidebar_link_only","Batch 11 selective hub-spoke strengthening","ADDED"
"/รับซื้อ/รับเหมาประมูลอุปกรณ์ไอที-มหาสารคาม","","(no link)","รับซื้อ iPhone ในมหาสารคาม","/รับซื้อ/รับซื้อ-iphone-มหาสารคาม","รับซื้อ iPhone ในมหาสารคาม","added_sidebar_link_only","Batch 11 selective hub-spoke strengthening","ADDED"
"/รับซื้อ/รับเหมาประมูลอุปกรณ์ไอที-มุกดาหาร","","(no link)","รับซื้อ โน๊ตบุ๊ค ในมุกดาหาร","/รับซื้อ/รับซื้อโน๊ตบุ๊ค-มุกดาหาร","รับซื้อ โน๊ตบุ๊ค ในมุกดาหาร","added_sidebar_link_only","Batch 11 selective hub-spoke strengthening","ADDED"
"/รับซื้อ/รับเหมาประมูลอุปกรณ์ไอที-มุกดาหาร","","(no link)","รับซื้อ MacBook ในมุกดาหาร","/รับซื้อ/รับซื้อ-macbook-มุกดาหาร","รับซื้อ MacBook ในมุกดาหาร","added_sidebar_link_only","Batch 11 selective hub-spoke strengthening","ADDED"
"/รับซื้อ/รับเหมาประมูลอุปกรณ์ไอที-มุกดาหาร","","(no link)","รับซื้อ คอมพิวเตอร์ ในมุกดาหาร","/รับซื้อ/รับซื้อคอมพิวเตอร์-มุกดาหาร","รับซื้อ คอมพิวเตอร์ ในมุกดาหาร","added_sidebar_link_only","Batch 11 selective hub-spoke strengthening","ADDED"
"/รับซื้อ/รับเหมาประมูลอุปกรณ์ไอที-มุกดาหาร","","(no link)","รับซื้อ iPhone ในมุกดาหาร","/รับซื้อ/รับซื้อ-iphone-มุกดาหาร","รับซื้อ iPhone ในมุกดาหาร","added_sidebar_link_only","Batch 11 selective hub-spoke strengthening","ADDED"
"/รับซื้อ/รับเหมาประมูลอุปกรณ์ไอที-ยโสธร","","(no link)","รับซื้อ โน๊ตบุ๊ค ในยโสธร","/รับซื้อ/รับซื้อโน๊ตบุ๊ค-ยโสธร","รับซื้อ โน๊ตบุ๊ค ในยโสธร","added_sidebar_link_only","Batch 11 selective hub-spoke strengthening","ADDED"
"/รับซื้อ/รับเหมาประมูลอุปกรณ์ไอที-ยโสธร","","(no link)","รับซื้อ MacBook ในยโสธร","/รับซื้อ/รับซื้อ-macbook-ยโสธร","รับซื้อ MacBook ในยโสธร","added_sidebar_link_only","Batch 11 selective hub-spoke strengthening","ADDED"
"/รับซื้อ/รับเหมาประมูลอุปกรณ์ไอที-ยโสธร","","(no link)","รับซื้อ คอมพิวเตอร์ ในยโสธร","/รับซื้อ/รับซื้อคอมพิวเตอร์-ยโสธร","รับซื้อ คอมพิวเตอร์ ในยโสธร","added_sidebar_link_only","Batch 11 selective hub-spoke strengthening","ADDED"
"/รับซื้อ/รับเหมาประมูลอุปกรณ์ไอที-ยโสธร","","(no link)","รับซื้อ iPhone ในยโสธร","/รับซื้อ/รับซื้อ-iphone-ยโสธร","รับซื้อ iPhone ในยโสธร","added_sidebar_link_only","Batch 11 selective hub-spoke strengthening","ADDED"
"/รับซื้อ/รับเหมาประมูลอุปกรณ์ไอที-ร้อยเอ็ด","","(no link)","รับซื้อ โน๊ตบุ๊ค ในร้อยเอ็ด","/รับซื้อ/รับซื้อโน๊ตบุ๊ค-ร้อยเอ็ด","รับซื้อ โน๊ตบุ๊ค ในร้อยเอ็ด","added_sidebar_link_only","Batch 11 selective hub-spoke strengthening","ADDED"
"/รับซื้อ/รับเหมาประมูลอุปกรณ์ไอที-ร้อยเอ็ด","","(no link)","รับซื้อ MacBook ในร้อยเอ็ด","/รับซื้อ/รับซื้อ-macbook-ร้อยเอ็ด","รับซื้อ MacBook ในร้อยเอ็ด","added_sidebar_link_only","Batch 11 selective hub-spoke strengthening","ADDED"
"/รับซื้อ/รับเหมาประมูลอุปกรณ์ไอที-ร้อยเอ็ด","","(no link)","รับซื้อ คอมพิวเตอร์ ในร้อยเอ็ด","/รับซื้อ/รับซื้อคอมพิวเตอร์-ร้อยเอ็ด","รับซื้อ คอมพิวเตอร์ ในร้อยเอ็ด","added_sidebar_link_only","Batch 11 selective hub-spoke strengthening","ADDED"
"/รับซื้อ/รับเหมาประมูลอุปกรณ์ไอที-ร้อยเอ็ด","","(no link)","รับซื้อ iPhone ในร้อยเอ็ด","/รับซื้อ/รับซื้อ-iphone-ร้อยเอ็ด","รับซื้อ iPhone ในร้อยเอ็ด","added_sidebar_link_only","Batch 11 selective hub-spoke strengthening","ADDED"
"/รับซื้อ/รับเหมาประมูลอุปกรณ์ไอที-ศรีสะเกษ","","(no link)","รับซื้อ โน๊ตบุ๊ค ในศรีสะเกษ","/รับซื้อ/รับซื้อโน๊ตบุ๊ค-ศรีสะเกษ","รับซื้อ โน๊ตบุ๊ค ในศรีสะเกษ","added_sidebar_link_only","Batch 11 selective hub-spoke strengthening","ADDED"
"/รับซื้อ/รับเหมาประมูลอุปกรณ์ไอที-ศรีสะเกษ","","(no link)","รับซื้อ MacBook ในศรีสะเกษ","/รับซื้อ/รับซื้อ-macbook-ศรีสะเกษ","รับซื้อ MacBook ในศรีสะเกษ","added_sidebar_link_only","Batch 11 selective hub-spoke strengthening","ADDED"
"/รับซื้อ/รับเหมาประมูลอุปกรณ์ไอที-ศรีสะเกษ","","(no link)","รับซื้อ คอมพิวเตอร์ ในศรีสะเกษ","/รับซื้อ/รับซื้อคอมพิวเตอร์-ศรีสะเกษ","รับซื้อ คอมพิวเตอร์ ในศรีสะเกษ","added_sidebar_link_only","Batch 11 selective hub-spoke strengthening","ADDED"
"/รับซื้อ/รับเหมาประมูลอุปกรณ์ไอที-ศรีสะเกษ","","(no link)","รับซื้อ iPhone ในศรีสะเกษ","/รับซื้อ/รับซื้อ-iphone-ศรีสะเกษ","รับซื้อ iPhone ในศรีสะเกษ","added_sidebar_link_only","Batch 11 selective hub-spoke strengthening","ADDED"
"/รับซื้อ/รับเหมาประมูลอุปกรณ์ไอที-สกลนคร","","(no link)","รับซื้อ โน๊ตบุ๊ค ในสกลนคร","/รับซื้อ/รับซื้อโน๊ตบุ๊ค-สกลนคร","รับซื้อ โน๊ตบุ๊ค ในสกลนคร","added_sidebar_link_only","Batch 11 selective hub-spoke strengthening","ADDED"
"/รับซื้อ/รับเหมาประมูลอุปกรณ์ไอที-สกลนคร","","(no link)","รับซื้อ MacBook ในสกลนคร","/รับซื้อ/รับซื้อ-macbook-สกลนคร","รับซื้อ MacBook ในสกลนคร","added_sidebar_link_only","Batch 11 selective hub-spoke strengthening","ADDED"
"/รับซื้อ/รับเหมาประมูลอุปกรณ์ไอที-สกลนคร","","(no link)","รับซื้อ คอมพิวเตอร์ ในสกลนคร","/รับซื้อ/รับซื้อคอมพิวเตอร์-สกลนคร","รับซื้อ คอมพิวเตอร์ ในสกลนคร","added_sidebar_link_only","Batch 11 selective hub-spoke strengthening","ADDED"
"/รับซื้อ/รับเหมาประมูลอุปกรณ์ไอที-สกลนคร","","(no link)","รับซื้อ iPhone ในสกลนคร","/รับซื้อ/รับซื้อ-iphone-สกลนคร","รับซื้อ iPhone ในสกลนคร","added_sidebar_link_only","Batch 11 selective hub-spoke strengthening","ADDED"
"/รับซื้อ/รับเหมาประมูลอุปกรณ์ไอที-สุรินทร์","","(no link)","รับซื้อ โน๊ตบุ๊ค ในสุรินทร์","/รับซื้อ/รับซื้อโน๊ตบุ๊ค-สุรินทร์","รับซื้อ โน๊ตบุ๊ค ในสุรินทร์","added_sidebar_link_only","Batch 11 selective hub-spoke strengthening","ADDED"
"/รับซื้อ/รับเหมาประมูลอุปกรณ์ไอที-สุรินทร์","","(no link)","รับซื้อ MacBook ในสุรินทร์","/รับซื้อ/รับซื้อ-macbook-สุรินทร์","รับซื้อ MacBook ในสุรินทร์","added_sidebar_link_only","Batch 11 selective hub-spoke strengthening","ADDED"
"/รับซื้อ/รับเหมาประมูลอุปกรณ์ไอที-สุรินทร์","","(no link)","รับซื้อ คอมพิวเตอร์ ในสุรินทร์","/รับซื้อ/รับซื้อคอมพิวเตอร์-สุรินทร์","รับซื้อ คอมพิวเตอร์ ในสุรินทร์","added_sidebar_link_only","Batch 11 selective hub-spoke strengthening","ADDED"
"/รับซื้อ/รับเหมาประมูลอุปกรณ์ไอที-สุรินทร์","","(no link)","รับซื้อ iPhone ในสุรินทร์","/รับซื้อ/รับซื้อ-iphone-สุรินทร์","รับซื้อ iPhone ในสุรินทร์","added_sidebar_link_only","Batch 11 selective hub-spoke strengthening","ADDED"
"/รับซื้อ/รับเหมาประมูลอุปกรณ์ไอที-หนองคาย","","(no link)","รับซื้อ โน๊ตบุ๊ค ในหนองคาย","/รับซื้อ/รับซื้อโน๊ตบุ๊ค-หนองคาย","รับซื้อ โน๊ตบุ๊ค ในหนองคาย","added_sidebar_link_only","Batch 11 selective hub-spoke strengthening","ADDED"
"/รับซื้อ/รับเหมาประมูลอุปกรณ์ไอที-หนองคาย","","(no link)","รับซื้อ MacBook ในหนองคาย","/รับซื้อ/รับซื้อ-macbook-หนองคาย","รับซื้อ MacBook ในหนองคาย","added_sidebar_link_only","Batch 11 selective hub-spoke strengthening","ADDED"
"/รับซื้อ/รับเหมาประมูลอุปกรณ์ไอที-หนองคาย","","(no link)","รับซื้อ คอมพิวเตอร์ ในหนองคาย","/รับซื้อ/รับซื้อคอมพิวเตอร์-หนองคาย","รับซื้อ คอมพิวเตอร์ ในหนองคาย","added_sidebar_link_only","Batch 11 selective hub-spoke strengthening","ADDED"
"/รับซื้อ/รับเหมาประมูลอุปกรณ์ไอที-หนองคาย","","(no link)","รับซื้อ iPhone ในหนองคาย","/รับซื้อ/รับซื้อ-iphone-หนองคาย","รับซื้อ iPhone ในหนองคาย","added_sidebar_link_only","Batch 11 selective hub-spoke strengthening","ADDED"
"/รับซื้อ/รับเหมาประมูลอุปกรณ์ไอที-หนองบัวลำภู","","(no link)","รับซื้อ โน๊ตบุ๊ค ในหนองบัวลำภู","/รับซื้อ/รับซื้อโน๊ตบุ๊ค-หนองบัวลำภู","รับซื้อ โน๊ตบุ๊ค ในหนองบัวลำภู","added_sidebar_link_only","Batch 11 selective hub-spoke strengthening","ADDED"
"/รับซื้อ/รับเหมาประมูลอุปกรณ์ไอที-หนองบัวลำภู","","(no link)","รับซื้อ MacBook ในหนองบัวลำภู","/รับซื้อ/รับซื้อ-macbook-หนองบัวลำภู","รับซื้อ MacBook ในหนองบัวลำภู","added_sidebar_link_only","Batch 11 selective hub-spoke strengthening","ADDED"
"/รับซื้อ/รับเหมาประมูลอุปกรณ์ไอที-หนองบัวลำภู","","(no link)","รับซื้อ คอมพิวเตอร์ ในหนองบัวลำภู","/รับซื้อ/รับซื้อคอมพิวเตอร์-หนองบัวลำภู","รับซื้อ คอมพิวเตอร์ ในหนองบัวลำภู","added_sidebar_link_only","Batch 11 selective hub-spoke strengthening","ADDED"
"/รับซื้อ/รับเหมาประมูลอุปกรณ์ไอที-หนองบัวลำภู","","(no link)","รับซื้อ iPhone ในหนองบัวลำภู","/รับซื้อ/รับซื้อ-iphone-หนองบัวลำภู","รับซื้อ iPhone ในหนองบัวลำภู","added_sidebar_link_only","Batch 11 selective hub-spoke strengthening","ADDED"
"/รับซื้อ/รับเหมาประมูลอุปกรณ์ไอที-อำนาจเจริญ","","(no link)","รับซื้อ โน๊ตบุ๊ค ในอำนาจเจริญ","/รับซื้อ/รับซื้อโน๊ตบุ๊ค-อำนาจเจริญ","รับซื้อ โน๊ตบุ๊ค ในอำนาจเจริญ","added_sidebar_link_only","Batch 11 selective hub-spoke strengthening","ADDED"
"/รับซื้อ/รับเหมาประมูลอุปกรณ์ไอที-อำนาจเจริญ","","(no link)","รับซื้อ MacBook ในอำนาจเจริญ","/รับซื้อ/รับซื้อ-macbook-อำนาจเจริญ","รับซื้อ MacBook ในอำนาจเจริญ","added_sidebar_link_only","Batch 11 selective hub-spoke strengthening","ADDED"
"/รับซื้อ/รับเหมาประมูลอุปกรณ์ไอที-อำนาจเจริญ","","(no link)","รับซื้อ คอมพิวเตอร์ ในอำนาจเจริญ","/รับซื้อ/รับซื้อคอมพิวเตอร์-อำนาจเจริญ","รับซื้อ คอมพิวเตอร์ ในอำนาจเจริญ","added_sidebar_link_only","Batch 11 selective hub-spoke strengthening","ADDED"
"/รับซื้อ/รับเหมาประมูลอุปกรณ์ไอที-อำนาจเจริญ","","(no link)","รับซื้อ iPhone ในอำนาจเจริญ","/รับซื้อ/รับซื้อ-iphone-อำนาจเจริญ","รับซื้อ iPhone ในอำนาจเจริญ","added_sidebar_link_only","Batch 11 selective hub-spoke strengthening","ADDED"
"/รับซื้อ/รับเหมาประมูลอุปกรณ์ไอที-อุดรธานี","","(no link)","รับซื้อ โน๊ตบุ๊ค ในอุดรธานี","/รับซื้อ/รับซื้อโน๊ตบุ๊ค-อุดรธานี","รับซื้อ โน๊ตบุ๊ค ในอุดรธานี","added_sidebar_link_only","Batch 11 selective hub-spoke strengthening","ADDED"
"/รับซื้อ/รับเหมาประมูลอุปกรณ์ไอที-อุดรธานี","","(no link)","รับซื้อ MacBook ในอุดรธานี","/รับซื้อ/รับซื้อ-macbook-อุดรธานี","รับซื้อ MacBook ในอุดรธานี","added_sidebar_link_only","Batch 11 selective hub-spoke strengthening","ADDED"
"/รับซื้อ/รับเหมาประมูลอุปกรณ์ไอที-อุดรธานี","","(no link)","รับซื้อ คอมพิวเตอร์ ในอุดรธานี","/รับซื้อ/รับซื้อคอมพิวเตอร์-อุดรธานี","รับซื้อ คอมพิวเตอร์ ในอุดรธานี","added_sidebar_link_only","Batch 11 selective hub-spoke strengthening","ADDED"
"/รับซื้อ/รับเหมาประมูลอุปกรณ์ไอที-อุดรธานี","","(no link)","รับซื้อ iPhone ในอุดรธานี","/รับซื้อ/รับซื้อ-iphone-อุดรธานี","รับซื้อ iPhone ในอุดรธานี","added_sidebar_link_only","Batch 11 selective hub-spoke strengthening","ADDED"
"/รับซื้อ/รับเหมาประมูลอุปกรณ์ไอที-อุบลราชธานี","","(no link)","รับซื้อโน๊ตบุ๊ค ในอุบลราชธานี","/รับซื้อ/รับซื้อโน๊ตบุ๊ค-อุบลราชธานี","รับซื้อโน๊ตบุ๊ค ในอุบลราชธานี","added_sidebar_link_only","Batch 11 selective hub-spoke strengthening","ADDED"
"/รับซื้อ/รับเหมาประมูลอุปกรณ์ไอที-อุบลราชธานี","","(no link)","รับซื้อ MacBook ในอุบลราชธานี","/รับซื้อ/รับซื้อ-macbook-อุบลราชธานี","รับซื้อ MacBook ในอุบลราชธานี","added_sidebar_link_only","Batch 11 selective hub-spoke strengthening","ADDED"
"/รับซื้อ/รับเหมาประมูลอุปกรณ์ไอที-อุบลราชธานี","","(no link)","รับซื้อคอมพิวเตอร์ ในอุบลราชธานี","/รับซื้อ/รับซื้อคอมพิวเตอร์-อุบลราชธานี","รับซื้อคอมพิวเตอร์ ในอุบลราชธานี","added_sidebar_link_only","Batch 11 selective hub-spoke strengthening","ADDED"
"/รับซื้อ/รับเหมาประมูลอุปกรณ์ไอที-อุบลราชธานี","","(no link)","รับซื้อ iPhone ในอุบลราชธานี","/รับซื้อ/รับซื้อ-iphone-อุบลราชธานี","รับซื้อ iPhone ในอุบลราชธานี","added_sidebar_link_only","Batch 11 selective hub-spoke strengthening","ADDED"
"/รับซื้อ/รับเหมาประมูลอุปกรณ์ไอที-เลย","","(no link)","รับซื้อ โน๊ตบุ๊ค ในเลย","/รับซื้อ/รับซื้อโน๊ตบุ๊ค-เลย","รับซื้อ โน๊ตบุ๊ค ในเลย","added_sidebar_link_only","Batch 11 selective hub-spoke strengthening","ADDED"
"/รับซื้อ/รับเหมาประมูลอุปกรณ์ไอที-เลย","","(no link)","รับซื้อ MacBook ในเลย","/รับซื้อ/รับซื้อ-macbook-เลย","รับซื้อ MacBook ในเลย","added_sidebar_link_only","Batch 11 selective hub-spoke strengthening","ADDED"
"/รับซื้อ/รับเหมาประมูลอุปกรณ์ไอที-เลย","","(no link)","รับซื้อ คอมพิวเตอร์ ในเลย","/รับซื้อ/รับซื้อคอมพิวเตอร์-เลย","รับซื้อ คอมพิวเตอร์ ในเลย","added_sidebar_link_only","Batch 11 selective hub-spoke strengthening","ADDED"
"/รับซื้อ/รับเหมาประมูลอุปกรณ์ไอที-เลย","","(no link)","รับซื้อ iPhone ในเลย","/รับซื้อ/รับซื้อ-iphone-เลย","รับซื้อ iPhone ในเลย","added_sidebar_link_only","Batch 11 selective hub-spoke strengthening","ADDED"
"/บริการ/รับซื้อ-macbook","","(no link)","วิธีล้างข้อมูล MacBook ก่อนขาย","/blog/วิธีล้างเครื่อง-macbook-ก่อนขาย","วิธีล้างข้อมูล MacBook ก่อนขาย","added_sidebar_link_only","Batch 11 selective hub-spoke strengthening","ADDED"
"/บริการ/รับซื้อ-macbook","","(no link)","ปัจจัยที่มีผลต่อราคา MacBook มือสอง","/blog/ราคา-macbook-มือสอง-2026","ปัจจัยที่มีผลต่อราคา MacBook มือสอง","added_sidebar_link_only","Batch 11 selective hub-spoke strengthening","ADDED"
"/บริการ/รับซื้อ-macbook","","(no link)","Battery Cycle มีผลต่อราคาขายอย่างไร","/blog/macbook-battery-cycle-มีผลต่อราคาขายแค่ไหน","Battery Cycle มีผลต่อราคาขายอย่างไร","added_sidebar_link_only","Batch 11 selective hub-spoke strengthening","ADDED"
"/บริการ/รับซื้อ-iphone","","(no link)","แนวโน้มราคา iPhone มือสอง","/blog/ราคา-iphone-มือสอง-2026","แนวโน้มราคา iPhone มือสอง","added_sidebar_link_only","Batch 11 selective hub-spoke strengthening","ADDED"
"/บริการ/รับซื้อ-iphone","","(no link)","วิธีเช็ก Battery Health ก่อนขาย iPhone","/blog/วิธีเช็ก-battery-health-iphone-ก่อนขาย","วิธีเช็ก Battery Health ก่อนขาย iPhone","added_sidebar_link_only","Batch 11 selective hub-spoke strengthening","ADDED"
"/บริการ/รับซื้อ-iphone","","(no link)","iPhone มีตำหนิแล้วยังประเมินได้ไหม","/blog/iphone-แบตเสื่อม-face-id-เสีย-จอแตก-ขายได้ไหม","iPhone มีตำหนิแล้วยังประเมินได้ไหม","added_sidebar_link_only","Batch 11 selective hub-spoke strengthening","ADDED"
"/บริการ/รับซื้อโน๊ตบุ๊ค","","(no link)","เช็กอะไรบ้างก่อนขายโน๊ตบุ๊ค","/blog/ขายโน๊ตบุ๊คเก่าให้ได้ราคาดี-ต้องเช็กอะไรบ้าง","เช็กอะไรบ้างก่อนขายโน๊ตบุ๊ค","added_sidebar_link_only","Batch 11 selective hub-spoke strengthening","ADDED"
"/บริการ/รับซื้อโน๊ตบุ๊ค","","(no link)","โน๊ตบุ๊คเปิดไม่ติดยังประเมินได้ไหม","/blog/โน๊ตบุ๊คเปิดไม่ติด-ขายได้ไหม","โน๊ตบุ๊คเปิดไม่ติดยังประเมินได้ไหม","added_sidebar_link_only","Batch 11 selective hub-spoke strengthening","ADDED"
"/บริการ/รับซื้อโน๊ตบุ๊ค","","(no link)","วิธีเช็กสเปกก่อนส่งประเมิน","/blog/วิธีเช็กสเปกคอมก่อนขาย","วิธีเช็กสเปกก่อนส่งประเมิน","added_sidebar_link_only","Batch 11 selective hub-spoke strengthening","ADDED"
"/บริการ/รับซื้อคอมพิวเตอร์","","(no link)","วิธีเช็กสเปกคอมก่อนขาย","/blog/วิธีเช็กสเปกคอมก่อนขาย","วิธีเช็กสเปกคอมก่อนขาย","added_sidebar_link_only","Batch 11 selective hub-spoke strengthening","ADDED"
"/บริการ/รับซื้อคอมพิวเตอร์","","(no link)","การ์ดจอมีผลต่อราคาคอมมือสองแค่ไหน","/blog/การ์ดจอมีผลต่อราคาคอมมือสองแค่ไหน","การ์ดจอมีผลต่อราคาคอมมือสองแค่ไหน","added_sidebar_link_only","Batch 11 selective hub-spoke strengthening","ADDED"
"/บริการ/รับซื้อ-ipad","","(no link)","วิธีเช็กรุ่น iPad ก่อนขาย","/blog/วิธีเช็กรุ่น-ipad-ว่าเป็น-gen-ไหน","วิธีเช็กรุ่น iPad ก่อนขาย","added_sidebar_link_only","Batch 11 selective hub-spoke strengthening","ADDED"
"/บริการ/รับซื้อ-ipad","","(no link)","แนวโน้มราคา iPad มือสอง","/blog/ราคา-ipad-มือสอง-2026","แนวโน้มราคา iPad มือสอง","added_sidebar_link_only","Batch 11 selective hub-spoke strengthening","ADDED"
"/บริการ/รับซื้อกล้อง","","(no link)","Shutter Count สูงมีผลต่อราคาอย่างไร","/blog/กล้อง-shutter-count-สูง-ขายได้ไหม","Shutter Count สูงมีผลต่อราคาอย่างไร","added_sidebar_link_only","Batch 11 selective hub-spoke strengthening","ADDED"
"/บริการ/รับซื้อกล้อง","","(no link)","จุดที่ควรเช็กก่อนขายกล้อง Sony","/blog/ขายกล้อง-sony-มือสอง-ต้องเช็กอะไรบ้าง","จุดที่ควรเช็กก่อนขายกล้อง Sony","added_sidebar_link_only","Batch 11 selective hub-spoke strengthening","ADDED"
"/บริการ/รับซื้อคอมบริษัท","","(no link)","ขายคอมบริษัทเก่ายังไงให้เคลียร์ง่าย","/blog/คอมบริษัทเก่า-ขายแบบไหนให้เคลียร์ง่าย","ขายคอมบริษัทเก่ายังไงให้เคลียร์ง่าย","added_sidebar_link_only","Batch 11 selective hub-spoke strengthening","ADDED"
