url,source_file,page_type,indexable,canonical,sitemap,inbound_links,unique_inbound_sources,outbound_links,unique_outbound_targets,click_depth,breadcrumb_links,navigation_links,footer_links,contextual_links,related_content_links,thin_content_flag,cannibalization_cluster,priority_class,status
"/about","","contact-about","yes","https://amphon.co.th/about","yes","1186","1186","","","","yes","global","global","","","no","","P1","STRENGTHEN_SELECTIVE"
"/blog/airpods-แบตเสื่อม-ข้างหนึ่งดังเบา-ขายได้ไหม","","blog-article","yes","https://amphon.co.th/blog/airpods-แบตเสื่อม-ข้างหนึ่งดังเบา-ขายได้ไหม","yes","42","42","","","","yes","global","global","","","no","","P2","STRENGTHEN_SELECTIVE"
"/blog/apple-watch-ก่อนขาย-ต้องล้างข้อมูลอะไรบ้าง","","blog-article","yes","https://amphon.co.th/blog/apple-watch-ก่อนขาย-ต้องล้างข้อมูลอะไรบ้าง","yes","42","42","","","","yes","global","global","","","no","","P2","STRENGTHEN_SELECTIVE"
"/blog/imac-mac-mini-มือสอง-ขายอย่างไรให้ประเมินง่าย","","blog-article","yes","https://amphon.co.th/blog/imac-mac-mini-มือสอง-ขายอย่างไรให้ประเมินง่าย","yes","42","42","","","","yes","global","global","","","no","","P2","STRENGTHEN_SELECTIVE"
"/blog","","blog-hub","yes","https://amphon.co.th/blog","yes","1186","1186","","","","yes","global","global","","","no","","KEEP_AS_IS","KEEP_AS_IS"
"/blog/ipad-จอแตก-เครื่องงอ-แบตเสื่อม-ขายได้ไหม","","blog-article","yes","https://amphon.co.th/blog/ipad-จอแตก-เครื่องงอ-แบตเสื่อม-ขายได้ไหม","yes","6","6","","","","yes","global","global","","","no","","P2","STRENGTHEN_SELECTIVE"
"/blog/ipad-ติด-icloud-ขายได้ไหม","","blog-article","yes","https://amphon.co.th/blog/ipad-ติด-icloud-ขายได้ไหม","yes","3","3","","","","yes","global","global","","","no","","P2","STRENGTHEN_SELECTIVE"
"/blog/iphone-ติด-icloud-ลืม-apple-id-ก่อนขาย","","blog-article","yes","https://amphon.co.th/blog/iphone-ติด-icloud-ลืม-apple-id-ก่อนขาย","yes","4","4","","","","yes","global","global","","","no","","P2","STRENGTHEN_SELECTIVE"
"/blog/iphone-แบตเสื่อม-face-id-เสีย-จอแตก-ขายได้ไหม","","blog-article","yes","https://amphon.co.th/blog/iphone-แบตเสื่อม-face-id-เสีย-จอแตก-ขายได้ไหม","yes","3","3","","","","yes","global","global","","","no","","P2","STRENGTHEN_SELECTIVE"
"/blog/mac-mini-m4-มือสอง","","blog-article","yes","https://amphon.co.th/blog/mac-mini-m4-มือสอง","yes","3","3","","","","yes","global","global","","","no","","P2","STRENGTHEN_SELECTIVE"
"/blog/macbook-battery-cycle-มีผลต่อราคาขายแค่ไหน","","blog-article","yes","https://amphon.co.th/blog/macbook-battery-cycle-มีผลต่อราคาขายแค่ไหน","yes","3","3","","","","yes","global","global","","","no","","P2","STRENGTHEN_SELECTIVE"
"/blog/macbook-ติด-apple-id-find-my-ก่อนขาย","","blog-article","yes","https://amphon.co.th/blog/macbook-ติด-apple-id-find-my-ก่อนขาย","yes","3","3","","","","yes","global","global","","","no","","P2","STRENGTHEN_SELECTIVE"
"/blog/marshall-แบตเสื่อม-เสียงแตก-ปุ่มรวน-ขายได้ไหม","","blog-article","yes","https://amphon.co.th/blog/marshall-แบตเสื่อม-เสียงแตก-ปุ่มรวน-ขายได้ไหม","yes","1","1","","","","yes","global","global","","","no","","P2","STRENGTHEN_SELECTIVE"
"/blog/ssd-สุขภาพเหลือน้อย-เขียนข้อมูลเยอะ-ขายได้ไหม","","blog-article","yes","https://amphon.co.th/blog/ssd-สุขภาพเหลือน้อย-เขียนข้อมูลเยอะ-ขายได้ไหม","yes","4","4","","","","yes","global","global","","","no","","P2","STRENGTHEN_SELECTIVE"
"/blog/surface-เปิดไม่ติด-จอแตก-คีย์บอร์ดเสีย-ขายได้ไหม","","blog-article","yes","https://amphon.co.th/blog/surface-เปิดไม่ติด-จอแตก-คีย์บอร์ดเสีย-ขายได้ไหม","yes","1","1","","","","yes","global","global","","","no","","P2","STRENGTHEN_SELECTIVE"
"/blog/กล่องใบเสร็จอุปกรณ์ครบ-มีผลต่อราคาขายไหม","","blog-article","yes","https://amphon.co.th/blog/กล่องใบเสร็จอุปกรณ์ครบ-มีผลต่อราคาขายไหม","yes","1","1","","","","yes","global","global","","","no","","P2","STRENGTHEN_SELECTIVE"
"/blog/กล้อง-fujifilm-รุ่นเก่า-ยังขายได้ไหม","","blog-article","yes","https://amphon.co.th/blog/กล้อง-fujifilm-รุ่นเก่า-ยังขายได้ไหม","yes","2","2","","","","yes","global","global","","","no","","P2","STRENGTHEN_SELECTIVE"
"/blog/กล้อง-shutter-count-สูง-ขายได้ไหม","","blog-article","yes","https://amphon.co.th/blog/กล้อง-shutter-count-สูง-ขายได้ไหม","yes","3","3","","","","yes","global","global","","","no","","P2","STRENGTHEN_SELECTIVE"
"/blog/การ์ดจอมีผลต่อราคาคอมมือสองแค่ไหน","","blog-article","yes","https://amphon.co.th/blog/การ์ดจอมีผลต่อราคาคอมมือสองแค่ไหน","yes","6","6","","","","yes","global","global","","","no","","P2","STRENGTHEN_SELECTIVE"
"/blog/การ์ดจอเคยขุด-ขายได้ไหม-เช็กอย่างไร","","blog-article","yes","https://amphon.co.th/blog/การ์ดจอเคยขุด-ขายได้ไหม-เช็กอย่างไร","yes","3","3","","","","yes","global","global","","","no","","P2","STRENGTHEN_SELECTIVE"
"/blog/ขาย-ipad-มือสอง-ต้องเช็กอะไรบ้าง","","blog-article","yes","https://amphon.co.th/blog/ขาย-ipad-มือสอง-ต้องเช็กอะไรบ้าง","yes","3","3","","","","yes","global","global","","","no","","P2","STRENGTHEN_SELECTIVE"
"/blog/ขาย-iphone-มือสอง-ต้องเตรียมอะไรบ้าง","","blog-article","yes","https://amphon.co.th/blog/ขาย-iphone-มือสอง-ต้องเตรียมอะไรบ้าง","yes","3","3","","","","yes","global","global","","","yes","","DEFER_TO_F04","DEFER_TO_F04"
"/blog/ขาย-macbook-มือสอง-อย่างไรให้ได้ราคาดี","","blog-article","yes","https://amphon.co.th/blog/ขาย-macbook-มือสอง-อย่างไรให้ได้ราคาดี","yes","4","4","","","","yes","global","global","","","no","","P2","STRENGTHEN_SELECTIVE"
"/blog/ขายกล้อง-sony-มือสอง-ต้องเช็กอะไรบ้าง","","blog-article","yes","https://amphon.co.th/blog/ขายกล้อง-sony-มือสอง-ต้องเช็กอะไรบ้าง","yes","3","3","","","","yes","global","global","","","no","","P2","STRENGTHEN_SELECTIVE"
"/blog/ขายของไอทีเสียยังไงให้ไม่ถูกกดราคา","","blog-article","yes","https://amphon.co.th/blog/ขายของไอทีเสียยังไงให้ไม่ถูกกดราคา","yes","1","1","","","","yes","global","global","","","no","","P2","STRENGTHEN_SELECTIVE"
"/blog/ขายสินค้าไอทีอย่างไรให้ปลอดภัย-ไม่โดนโกง","","blog-article","yes","https://amphon.co.th/blog/ขายสินค้าไอทีอย่างไรให้ปลอดภัย-ไม่โดนโกง","yes","1","1","","","","yes","global","global","","","no","","P2","STRENGTHEN_SELECTIVE"
"/blog/ขายโทรศัพท์มือสองใกล้ฉัน","","blog-article","yes","https://amphon.co.th/blog/ขายโทรศัพท์มือสองใกล้ฉัน","yes","3","3","","","","yes","global","global","","","no","","P2","STRENGTHEN_SELECTIVE"
"/blog/ขายโน๊ตบุ๊คเก่าให้ได้ราคาดี-ต้องเช็กอะไรบ้าง","","blog-article","yes","https://amphon.co.th/blog/ขายโน๊ตบุ๊คเก่าให้ได้ราคาดี-ต้องเช็กอะไรบ้าง","yes","3","3","","","","yes","global","global","","","no","","P2","STRENGTHEN_SELECTIVE"
"/blog/ควรขายของไอทีตอนไหน-ให้ได้ราคาดีที่สุด","","blog-article","yes","https://amphon.co.th/blog/ควรขายของไอทีตอนไหน-ให้ได้ราคาดีที่สุด","yes","1","1","","","","yes","global","global","","","no","","P2","STRENGTHEN_SELECTIVE"
"/blog/คอมบริษัทเก่า-ขายยังไง","","blog-article","yes","https://amphon.co.th/blog/คอมบริษัทเก่า-ขายยังไง","yes","1","1","","","","yes","global","global","","","yes","","DEFER_TO_F04","DEFER_TO_F04"
"/blog/คอมบริษัทเก่า-ขายแบบไหนให้เคลียร์ง่าย","","blog-article","yes","https://amphon.co.th/blog/คอมบริษัทเก่า-ขายแบบไหนให้เคลียร์ง่าย","yes","1","1","","","","yes","global","global","","","no","","P2","STRENGTHEN_SELECTIVE"
"/blog/คอมเกมมิ่งมือสอง-ขายอย่างไรให้ได้ราคาดี","","blog-article","yes","https://amphon.co.th/blog/คอมเกมมิ่งมือสอง-ขายอย่างไรให้ได้ราคาดี","yes","3","3","","","","yes","global","global","","","no","","P2","STRENGTHEN_SELECTIVE"
"/blog/จอคอมมีเส้น-จุดดำ-ภาพกระพริบ-ขายได้ไหม","","blog-article","yes","https://amphon.co.th/blog/จอคอมมีเส้น-จุดดำ-ภาพกระพริบ-ขายได้ไหม","yes","1","1","","","","yes","global","global","","","no","","P2","STRENGTHEN_SELECTIVE"
"/blog/จำนำโทรศัพท์กับขายขาดต่างกันอย่างไร","","blog-article","yes","https://amphon.co.th/blog/จำนำโทรศัพท์กับขายขาดต่างกันอย่างไร","yes","2","2","","","","yes","global","global","","","no","","P2","STRENGTHEN_SELECTIVE"
"/blog/ถ่ายรูปสินค้าไอทีให้ร้านประเมินราคาเร็ว","","blog-article","yes","https://amphon.co.th/blog/ถ่ายรูปสินค้าไอทีให้ร้านประเมินราคาเร็ว","yes","1","1","","","","yes","global","global","","","no","","P2","STRENGTHEN_SELECTIVE"
"/blog/รับซื้อสินค้าไอทีถึงที่-ปลอดภัยไหม","","blog-article","yes","https://amphon.co.th/blog/รับซื้อสินค้าไอทีถึงที่-ปลอดภัยไหม","yes","1","1","","","","yes","global","global","","","yes","","DEFER_TO_F04","DEFER_TO_F04"
"/blog/ราคา-ipad-มือสอง-2026","","blog-article","yes","https://amphon.co.th/blog/ราคา-ipad-มือสอง-2026","yes","4","4","","","","yes","global","global","","","no","","P2","STRENGTHEN_SELECTIVE"
"/blog/ราคา-iphone-มือสอง-2026","","blog-article","yes","https://amphon.co.th/blog/ราคา-iphone-มือสอง-2026","yes","4","4","","","","yes","global","global","","","no","","P2","STRENGTHEN_SELECTIVE"
"/blog/ราคา-macbook-มือสอง-2026","","blog-article","yes","https://amphon.co.th/blog/ราคา-macbook-มือสอง-2026","yes","4","4","","","","yes","global","global","","","no","","P2","STRENGTHEN_SELECTIVE"
"/blog/ร้านรับซื้อไอที-เช็กอะไรบ้างก่อนตีราคา","","blog-article","yes","https://amphon.co.th/blog/ร้านรับซื้อไอที-เช็กอะไรบ้างก่อนตีราคา","yes","1","1","","","","yes","global","global","","","no","","P2","STRENGTHEN_SELECTIVE"
"/blog/ลบข้อมูลก่อนขาย-ทำยังไงให้กู้ไม่ได้","","blog-article","yes","https://amphon.co.th/blog/ลบข้อมูลก่อนขาย-ทำยังไงให้กู้ไม่ได้","yes","1","1","","","","yes","global","global","","","no","","P2","STRENGTHEN_SELECTIVE"
"/blog/ลำโพง-jbl-ของแท้ของปลอม-เช็กก่อนขาย","","blog-article","yes","https://amphon.co.th/blog/ลำโพง-jbl-ของแท้ของปลอม-เช็กก่อนขาย","yes","2","2","","","","yes","global","global","","","no","","P2","STRENGTHEN_SELECTIVE"
"/blog/วิธีล้างเครื่อง-macbook-ก่อนขาย","","blog-article","yes","https://amphon.co.th/blog/วิธีล้างเครื่อง-macbook-ก่อนขาย","yes","2","2","","","","yes","global","global","","","no","","P2","STRENGTHEN_SELECTIVE"
"/blog/วิธีเช็ก-battery-health-iphone-ก่อนขาย","","blog-article","yes","https://amphon.co.th/blog/วิธีเช็ก-battery-health-iphone-ก่อนขาย","yes","6","6","","","","yes","global","global","","","no","","P2","STRENGTHEN_SELECTIVE"
"/blog/วิธีเช็กราคาก่อนขายโน๊ตบุ๊คมือสอง","","blog-article","yes","https://amphon.co.th/blog/วิธีเช็กราคาก่อนขายโน๊ตบุ๊คมือสอง","yes","2","2","","","","yes","global","global","","","yes","","DEFER_TO_F04","DEFER_TO_F04"
"/blog/วิธีเช็กรุ่น-ipad-ว่าเป็น-gen-ไหน","","blog-article","yes","https://amphon.co.th/blog/วิธีเช็กรุ่น-ipad-ว่าเป็น-gen-ไหน","yes","8","8","","","","yes","global","global","","","no","","P2","STRENGTHEN_SELECTIVE"
"/blog/วิธีเช็กสเปกคอมก่อนขาย","","blog-article","yes","https://amphon.co.th/blog/วิธีเช็กสเปกคอมก่อนขาย","yes","4","4","","","","yes","global","global","","","no","","P2","STRENGTHEN_SELECTIVE"
"/blog/วิธีเตรียมเครื่องก่อนขายสินค้าไอที","","blog-article","yes","https://amphon.co.th/blog/วิธีเตรียมเครื่องก่อนขายสินค้าไอที","yes","3","3","","","","yes","global","global","","","yes","","DEFER_TO_F04","DEFER_TO_F04"
"/blog/เลนส์มีฝ้า-รา-ฝุ่น-โฟกัสเสีย-ขายได้ไหม","","blog-article","yes","https://amphon.co.th/blog/เลนส์มีฝ้า-รา-ฝุ่น-โฟกัสเสีย-ขายได้ไหม","yes","2","2","","","","yes","global","global","","","no","","P2","STRENGTHEN_SELECTIVE"
"/blog/แรมมือสองขายได้เท่าไหร่","","blog-article","yes","https://amphon.co.th/blog/แรมมือสองขายได้เท่าไหร่","yes","3","3","","","","yes","global","global","","","no","","P2","STRENGTHEN_SELECTIVE"
"/blog/โน๊ตบุ๊คเปิดไม่ติด-ขายได้ไหม","","blog-article","yes","https://amphon.co.th/blog/โน๊ตบุ๊คเปิดไม่ติด-ขายได้ไหม","yes","3","3","","","","yes","global","global","","","no","","P2","STRENGTHEN_SELECTIVE"
"/blog/โน๊ตบุ๊คเสีย-ขายได้ไหม","","blog-article","yes","https://amphon.co.th/blog/โน๊ตบุ๊คเสีย-ขายได้ไหม","yes","2","2","","","","yes","global","global","","","yes","","DEFER_TO_F04","DEFER_TO_F04"
"/contact","","contact-about","yes","https://amphon.co.th/contact","yes","1186","1186","","","","yes","global","global","","","yes","","P1","STRENGTHEN_SELECTIVE"
"/","","homepage","yes","https://amphon.co.th/","yes","1186","1186","","","","yes","global","global","","","no","","P1","STRENGTHEN_SELECTIVE"
"/privacy-policy","","legal","yes","https://amphon.co.th/privacy-policy","yes","1186","1186","","","","yes","global","global","","","yes","","KEEP_AS_IS","KEEP_AS_IS"
"/บริการ/รับซื้อ-acer-aspire","","service-page","yes","https://amphon.co.th/บริการ/รับซื้อ-acer-aspire","yes","22","22","","","","yes","global","global","","","no","","P2","STRENGTHEN_SELECTIVE"
"/บริการ/รับซื้อ-acer-nitro","","service-page","yes","https://amphon.co.th/บริการ/รับซื้อ-acer-nitro","yes","27","27","","","","yes","global","global","","","no","","P2","STRENGTHEN_SELECTIVE"
"/บริการ/รับซื้อ-acer-predator","","service-page","yes","https://amphon.co.th/บริการ/รับซื้อ-acer-predator","yes","4","4","","","","yes","global","global","","","no","","P2","STRENGTHEN_SELECTIVE"
"/บริการ/รับซื้อ-airpods","","service-page","yes","https://amphon.co.th/บริการ/รับซื้อ-airpods","yes","35","35","","","","yes","global","global","","","no","","P2","STRENGTHEN_SELECTIVE"
"/บริการ/รับซื้อ-apple","","service-page","yes","https://amphon.co.th/บริการ/รับซื้อ-apple","yes","1186","1186","","","","yes","global","global","","","no","","P2","STRENGTHEN_SELECTIVE"
"/บริการ/รับซื้อ-apple-pencil","","service-page","yes","https://amphon.co.th/บริการ/รับซื้อ-apple-pencil","yes","10","10","","","","yes","global","global","","","no","","P2","STRENGTHEN_SELECTIVE"
"/บริการ/รับซื้อ-apple-watch","","service-page","yes","https://amphon.co.th/บริการ/รับซื้อ-apple-watch","yes","26","26","","","","yes","global","global","","","no","","P2","STRENGTHEN_SELECTIVE"
"/บริการ/รับซื้อ-asus-expertbook","","service-page","yes","https://amphon.co.th/บริการ/รับซื้อ-asus-expertbook","yes","5","5","","","","yes","global","global","","","no","","P2","STRENGTHEN_SELECTIVE"
"/บริการ/รับซื้อ-asus-tuf-gaming","","service-page","yes","https://amphon.co.th/บริการ/รับซื้อ-asus-tuf-gaming","yes","27","27","","","","yes","global","global","","","no","","P2","STRENGTHEN_SELECTIVE"
"/บริการ/รับซื้อ-asus-vivobook","","service-page","yes","https://amphon.co.th/บริการ/รับซื้อ-asus-vivobook","yes","22","22","","","","yes","global","global","","","no","","P2","STRENGTHEN_SELECTIVE"
"/บริการ/รับซื้อ-cpu","","service-page","yes","https://amphon.co.th/บริการ/รับซื้อ-cpu","yes","18","18","","","","yes","global","global","","","no","","P2","STRENGTHEN_SELECTIVE"
"/บริการ/รับซื้อ-dell-alienware","","service-page","yes","https://amphon.co.th/บริการ/รับซื้อ-dell-alienware","yes","15","15","","","","yes","global","global","","","no","","P2","STRENGTHEN_SELECTIVE"
"/บริการ/รับซื้อ-dell-g-series","","service-page","yes","https://amphon.co.th/บริการ/รับซื้อ-dell-g-series","yes","4","4","","","","yes","global","global","","","no","","P2","STRENGTHEN_SELECTIVE"
"/บริการ/รับซื้อ-dell-inspiron","","service-page","yes","https://amphon.co.th/บริการ/รับซื้อ-dell-inspiron","yes","3","3","","","","yes","global","global","","","no","","P2","STRENGTHEN_SELECTIVE"
"/บริการ/รับซื้อ-dell-latitude","","service-page","yes","https://amphon.co.th/บริการ/รับซื้อ-dell-latitude","yes","23","23","","","","yes","global","global","","","no","","P2","STRENGTHEN_SELECTIVE"
"/บริการ/รับซื้อ-desktop-pc","","service-page","yes","https://amphon.co.th/บริการ/รับซื้อ-desktop-pc","yes","9","9","","","","yes","global","global","","","no","","P2","STRENGTHEN_SELECTIVE"
"/บริการ/รับซื้อ-gaming-pc","","service-page","yes","https://amphon.co.th/บริการ/รับซื้อ-gaming-pc","yes","1186","1186","","","","yes","global","global","","","no","","P2","STRENGTHEN_SELECTIVE"
"/บริการ/รับซื้อ-gigabyte-aorus","","service-page","yes","https://amphon.co.th/บริการ/รับซื้อ-gigabyte-aorus","yes","27","27","","","","yes","global","global","","","no","","P2","STRENGTHEN_SELECTIVE"
"/บริการ/รับซื้อ-gigabyte-g5-g6-g7","","service-page","yes","https://amphon.co.th/บริการ/รับซื้อ-gigabyte-g5-g6-g7","yes","5","5","","","","yes","global","global","","","no","","P2","STRENGTHEN_SELECTIVE"
"/บริการ/รับซื้อ-gigabyte-gaming-notebook","","service-page","yes","https://amphon.co.th/บริการ/รับซื้อ-gigabyte-gaming-notebook","yes","31","31","","","","yes","global","global","","","no","","P2","STRENGTHEN_SELECTIVE"
"/บริการ/รับซื้อ-gopro-action-camera","","service-page","yes","https://amphon.co.th/บริการ/รับซื้อ-gopro-action-camera","yes","11","11","","","","yes","global","global","","","no","","P2","STRENGTHEN_SELECTIVE"
"/บริการ/รับซื้อ-hp-elitebook","","service-page","yes","https://amphon.co.th/บริการ/รับซื้อ-hp-elitebook","yes","23","23","","","","yes","global","global","","","no","","P2","STRENGTHEN_SELECTIVE"
"/บริการ/รับซื้อ-hp-omen","","service-page","yes","https://amphon.co.th/บริการ/รับซื้อ-hp-omen","yes","4","4","","","","yes","global","global","","","no","","P2","STRENGTHEN_SELECTIVE"
"/บริการ/รับซื้อ-hp-pavilion","","service-page","yes","https://amphon.co.th/บริการ/รับซื้อ-hp-pavilion","yes","3","3","","","","yes","global","global","","","no","","P2","STRENGTHEN_SELECTIVE"
"/บริการ/รับซื้อ-hp-victus","","service-page","yes","https://amphon.co.th/บริการ/รับซื้อ-hp-victus","yes","27","27","","","","yes","global","global","","","no","","P2","STRENGTHEN_SELECTIVE"
"/บริการ/รับซื้อ-imac","","service-page","yes","https://amphon.co.th/บริการ/รับซื้อ-imac","yes","38","38","","","","yes","global","global","","","no","","P2","STRENGTHEN_SELECTIVE"
"/บริการ/รับซื้อ-imac-mac-mini","","service-page","yes","https://amphon.co.th/บริการ/รับซื้อ-imac-mac-mini","yes","15","15","","","","yes","global","global","","","no","","P2","STRENGTHEN_SELECTIVE"
"/บริการ/รับซื้อ-ipad","","service-page","yes","https://amphon.co.th/บริการ/รับซื้อ-ipad","yes","70","70","","","","yes","global","global","","","no","","P1","STRENGTHEN_SELECTIVE"
"/บริการ/รับซื้อ-ipad-air","","service-page","yes","https://amphon.co.th/บริการ/รับซื้อ-ipad-air","yes","10","10","","","","yes","global","global","","","no","","P2","STRENGTHEN_SELECTIVE"
"/บริการ/รับซื้อ-ipad-gen","","service-page","yes","https://amphon.co.th/บริการ/รับซื้อ-ipad-gen","yes","10","10","","","","yes","global","global","","","no","","P2","STRENGTHEN_SELECTIVE"
"/บริการ/รับซื้อ-ipad-mini","","service-page","yes","https://amphon.co.th/บริการ/รับซื้อ-ipad-mini","yes","10","10","","","","yes","global","global","","","no","","P2","STRENGTHEN_SELECTIVE"
"/บริการ/รับซื้อ-ipad-pro","","service-page","yes","https://amphon.co.th/บริการ/รับซื้อ-ipad-pro","yes","10","10","","","","yes","global","global","","","no","","P2","STRENGTHEN_SELECTIVE"
"/บริการ/รับซื้อ-ipad-จอแตก","","service-page","yes","https://amphon.co.th/บริการ/รับซื้อ-ipad-จอแตก","yes","10","10","","","","yes","global","global","","","no","","P2","STRENGTHEN_SELECTIVE"
"/บริการ/รับซื้อ-ipad-เสีย","","service-page","yes","https://amphon.co.th/บริการ/รับซื้อ-ipad-เสีย","yes","10","10","","","","yes","global","global","","","no","","P2","STRENGTHEN_SELECTIVE"
"/บริการ/รับซื้อ-iphone","","service-page","yes","https://amphon.co.th/บริการ/รับซื้อ-iphone","yes","1186","1186","","","","yes","global","global","","","no","","P1","STRENGTHEN_SELECTIVE"
"/บริการ/รับซื้อ-iphone-13","","service-page","yes","https://amphon.co.th/บริการ/รับซื้อ-iphone-13","yes","11","11","","","","yes","global","global","","","no","","P1","STRENGTHEN_SELECTIVE"
"/บริการ/รับซื้อ-iphone-14","","service-page","yes","https://amphon.co.th/บริการ/รับซื้อ-iphone-14","yes","11","11","","","","yes","global","global","","","no","","P1","STRENGTHEN_SELECTIVE"
"/บริการ/รับซื้อ-iphone-15","","service-page","yes","https://amphon.co.th/บริการ/รับซื้อ-iphone-15","yes","12","12","","","","yes","global","global","","","no","","P1","STRENGTHEN_SELECTIVE"
"/บริการ/รับซื้อ-iphone-16","","service-page","yes","https://amphon.co.th/บริการ/รับซื้อ-iphone-16","yes","11","11","","","","yes","global","global","","","no","","P1","STRENGTHEN_SELECTIVE"
"/บริการ/รับซื้อ-iphone-17","","service-page","yes","https://amphon.co.th/บริการ/รับซื้อ-iphone-17","yes","11","11","","","","yes","global","global","","","no","","P1","STRENGTHEN_SELECTIVE"
"/บริการ/รับซื้อ-iphone-face-id-เสีย","","service-page","yes","https://amphon.co.th/บริการ/รับซื้อ-iphone-face-id-เสีย","yes","11","11","","","","yes","global","global","","","no","","P1","STRENGTHEN_SELECTIVE"
"/บริการ/รับซื้อ-iphone-pro-max","","service-page","yes","https://amphon.co.th/บริการ/รับซื้อ-iphone-pro-max","yes","11","11","","","","yes","global","global","","","no","","P1","STRENGTHEN_SELECTIVE"
"/บริการ/รับซื้อ-iphone-จอแตก","","service-page","yes","https://amphon.co.th/บริการ/รับซื้อ-iphone-จอแตก","yes","11","11","","","","yes","global","global","","","no","","P1","STRENGTHEN_SELECTIVE"
"/บริการ/รับซื้อ-iphone-ติด-icloud","","service-page","yes","https://amphon.co.th/บริการ/รับซื้อ-iphone-ติด-icloud","yes","11","11","","","","yes","global","global","","","no","","P1","STRENGTHEN_SELECTIVE"
"/บริการ/รับซื้อ-iphone-เครื่องนอก","","service-page","yes","https://amphon.co.th/บริการ/รับซื้อ-iphone-เครื่องนอก","yes","11","11","","","","yes","global","global","","","no","","P1","STRENGTHEN_SELECTIVE"
"/บริการ/รับซื้อ-jbl","","service-page","yes","https://amphon.co.th/บริการ/รับซื้อ-jbl","yes","32","32","","","","yes","global","global","","","no","","P2","STRENGTHEN_SELECTIVE"
"/บริการ/รับซื้อ-lenovo-ideapad","","service-page","yes","https://amphon.co.th/บริการ/รับซื้อ-lenovo-ideapad","yes","3","3","","","","yes","global","global","","","no","","P2","STRENGTHEN_SELECTIVE"
"/บริการ/รับซื้อ-lenovo-legion","","service-page","yes","https://amphon.co.th/บริการ/รับซื้อ-lenovo-legion","yes","48","48","","","","yes","global","global","","","no","","P2","STRENGTHEN_SELECTIVE"
"/บริการ/รับซื้อ-lenovo-loq","","service-page","yes","https://amphon.co.th/บริการ/รับซื้อ-lenovo-loq","yes","27","27","","","","yes","global","global","","","no","","P2","STRENGTHEN_SELECTIVE"
"/บริการ/รับซื้อ-lenovo-thinkpad","","service-page","yes","https://amphon.co.th/บริการ/รับซื้อ-lenovo-thinkpad","yes","23","23","","","","yes","global","global","","","no","","P2","STRENGTHEN_SELECTIVE"
"/บริการ/รับซื้อ-mac-mini","","service-page","yes","https://amphon.co.th/บริการ/รับซื้อ-mac-mini","yes","37","37","","","","yes","global","global","","","no","","P2","STRENGTHEN_SELECTIVE"
"/บริการ/รับซื้อ-macbook","","service-page","yes","https://amphon.co.th/บริการ/รับซื้อ-macbook","yes","1186","1186","","","","yes","global","global","","","no","","P1","STRENGTHEN_SELECTIVE"
"/บริการ/รับซื้อ-macbook-air","","service-page","yes","https://amphon.co.th/บริการ/รับซื้อ-macbook-air","yes","18","18","","","","yes","global","global","","","no","","P1","STRENGTHEN_SELECTIVE"
"/บริการ/รับซื้อ-macbook-intel","","service-page","yes","https://amphon.co.th/บริการ/รับซื้อ-macbook-intel","yes","19","19","","","","yes","global","global","","","no","","P1","STRENGTHEN_SELECTIVE"
"/บริการ/รับซื้อ-macbook-m1","","service-page","yes","https://amphon.co.th/บริการ/รับซื้อ-macbook-m1","yes","16","16","","","","yes","global","global","","","no","","P1","STRENGTHEN_SELECTIVE"
"/บริการ/รับซื้อ-macbook-m2","","service-page","yes","https://amphon.co.th/บริการ/รับซื้อ-macbook-m2","yes","17","17","","","","yes","global","global","","","no","","P1","STRENGTHEN_SELECTIVE"
"/บริการ/รับซื้อ-macbook-m3-m4","","service-page","yes","https://amphon.co.th/บริการ/รับซื้อ-macbook-m3-m4","yes","16","16","","","","yes","global","global","","","no","","P1","STRENGTHEN_SELECTIVE"
"/บริการ/รับซื้อ-macbook-pro","","service-page","yes","https://amphon.co.th/บริการ/รับซื้อ-macbook-pro","yes","17","17","","","","yes","global","global","","","no","","P1","STRENGTHEN_SELECTIVE"
"/บริการ/รับซื้อ-macbook-จอแตก","","service-page","yes","https://amphon.co.th/บริการ/รับซื้อ-macbook-จอแตก","yes","16","16","","","","yes","global","global","","","no","","P1","STRENGTHEN_SELECTIVE"
"/บริการ/รับซื้อ-macbook-เสีย","","service-page","yes","https://amphon.co.th/บริการ/รับซื้อ-macbook-เสีย","yes","18","18","","","","yes","global","global","","","no","","P1","STRENGTHEN_SELECTIVE"
"/บริการ/รับซื้อ-magic-keyboard-ipad","","service-page","yes","https://amphon.co.th/บริการ/รับซื้อ-magic-keyboard-ipad","yes","10","10","","","","yes","global","global","","","no","","P2","STRENGTHEN_SELECTIVE"
"/บริการ/รับซื้อ-marshall","","service-page","yes","https://amphon.co.th/บริการ/รับซื้อ-marshall","yes","32","32","","","","yes","global","global","","","no","","P2","STRENGTHEN_SELECTIVE"
"/บริการ/รับซื้อ-msi-cyborg","","service-page","yes","https://amphon.co.th/บริการ/รับซื้อ-msi-cyborg","yes","6","6","","","","yes","global","global","","","no","","P2","STRENGTHEN_SELECTIVE"
"/บริการ/รับซื้อ-msi-katana","","service-page","yes","https://amphon.co.th/บริการ/รับซื้อ-msi-katana","yes","7","7","","","","yes","global","global","","","no","","P2","STRENGTHEN_SELECTIVE"
"/บริการ/รับซื้อ-msi-notebook","","service-page","yes","https://amphon.co.th/บริการ/รับซื้อ-msi-notebook","yes","48","48","","","","yes","global","global","","","no","","P2","STRENGTHEN_SELECTIVE"
"/บริการ/รับซื้อ-msi-pulse-crosshair","","service-page","yes","https://amphon.co.th/บริการ/รับซื้อ-msi-pulse-crosshair","yes","4","4","","","","yes","global","global","","","no","","P2","STRENGTHEN_SELECTIVE"
"/บริการ/รับซื้อ-msi-raider","","service-page","yes","https://amphon.co.th/บริการ/รับซื้อ-msi-raider","yes","6","6","","","","yes","global","global","","","no","","P2","STRENGTHEN_SELECTIVE"
"/บริการ/รับซื้อ-msi-stealth","","service-page","yes","https://amphon.co.th/บริการ/รับซื้อ-msi-stealth","yes","7","7","","","","yes","global","global","","","no","","P2","STRENGTHEN_SELECTIVE"
"/บริการ/รับซื้อ-msi-sword","","service-page","yes","https://amphon.co.th/บริการ/รับซื้อ-msi-sword","yes","5","5","","","","yes","global","global","","","no","","P2","STRENGTHEN_SELECTIVE"
"/บริการ/รับซื้อ-msi-thin","","service-page","yes","https://amphon.co.th/บริการ/รับซื้อ-msi-thin","yes","6","6","","","","yes","global","global","","","no","","P2","STRENGTHEN_SELECTIVE"
"/บริการ/รับซื้อ-msi-titan","","service-page","yes","https://amphon.co.th/บริการ/รับซื้อ-msi-titan","yes","5","5","","","","yes","global","global","","","no","","P2","STRENGTHEN_SELECTIVE"
"/บริการ/รับซื้อ-msi-vector","","service-page","yes","https://amphon.co.th/บริการ/รับซื้อ-msi-vector","yes","7","7","","","","yes","global","global","","","no","","P2","STRENGTHEN_SELECTIVE"
"/บริการ/รับซื้อ-nas","","service-page","yes","https://amphon.co.th/บริการ/รับซื้อ-nas","yes","15","15","","","","yes","global","global","","","no","","P2","STRENGTHEN_SELECTIVE"
"/บริการ/รับซื้อ-nintendo-switch","","service-page","yes","https://amphon.co.th/บริการ/รับซื้อ-nintendo-switch","yes","24","24","","","","yes","global","global","","","no","","P2","STRENGTHEN_SELECTIVE"
"/บริการ/รับซื้อ-notebook-acer","","service-page","yes","https://amphon.co.th/บริการ/รับซื้อ-notebook-acer","yes","22","22","","","","yes","global","global","","","no","","P2","STRENGTHEN_SELECTIVE"
"/บริการ/รับซื้อ-notebook-asus","","service-page","yes","https://amphon.co.th/บริการ/รับซื้อ-notebook-asus","yes","22","22","","","","yes","global","global","","","no","","P2","STRENGTHEN_SELECTIVE"
"/บริการ/รับซื้อ-notebook-dell","","service-page","yes","https://amphon.co.th/บริการ/รับซื้อ-notebook-dell","yes","15","15","","","","yes","global","global","","","no","","P2","STRENGTHEN_SELECTIVE"
"/บริการ/รับซื้อ-notebook-hp","","service-page","yes","https://amphon.co.th/บริการ/รับซื้อ-notebook-hp","yes","22","22","","","","yes","global","global","","","no","","P2","STRENGTHEN_SELECTIVE"
"/บริการ/รับซื้อ-notebook-lenovo","","service-page","yes","https://amphon.co.th/บริการ/รับซื้อ-notebook-lenovo","yes","5","5","","","","yes","global","global","","","no","","P2","STRENGTHEN_SELECTIVE"
"/บริการ/รับซื้อ-pc-มือสอง","","service-page","yes","https://amphon.co.th/บริการ/รับซื้อ-pc-มือสอง","yes","13","13","","","","yes","global","global","","","no","","P2","STRENGTHEN_SELECTIVE"
"/บริการ/รับซื้อ-playstation","","service-page","yes","https://amphon.co.th/บริการ/รับซื้อ-playstation","yes","25","25","","","","yes","global","global","","","no","","P2","STRENGTHEN_SELECTIVE"
"/บริการ/รับซื้อ-printer","","service-page","yes","https://amphon.co.th/บริการ/รับซื้อ-printer","yes","14","14","","","","yes","global","global","","","no","","P2","STRENGTHEN_SELECTIVE"
"/บริการ/รับซื้อ-ram-ssd","","service-page","yes","https://amphon.co.th/บริการ/รับซื้อ-ram-ssd","yes","8","8","","","","yes","global","global","","","no","","P2","STRENGTHEN_SELECTIVE"
"/บริการ/รับซื้อ-rog-gaming-notebook","","service-page","yes","https://amphon.co.th/บริการ/รับซื้อ-rog-gaming-notebook","yes","48","48","","","","yes","global","global","","","no","","P2","STRENGTHEN_SELECTIVE"
"/บริการ/รับซื้อ-rog-strix","","service-page","yes","https://amphon.co.th/บริการ/รับซื้อ-rog-strix","yes","27","27","","","","yes","global","global","","","no","","P2","STRENGTHEN_SELECTIVE"
"/บริการ/รับซื้อ-rog-zephyrus","","service-page","yes","https://amphon.co.th/บริการ/รับซื้อ-rog-zephyrus","yes","27","27","","","","yes","global","global","","","no","","P2","STRENGTHEN_SELECTIVE"
"/บริการ/รับซื้อ-server","","service-page","yes","https://amphon.co.th/บริการ/รับซื้อ-server","yes","34","34","","","","yes","global","global","","","no","","P2","STRENGTHEN_SELECTIVE"
"/บริการ/รับซื้อ-server-network","","service-page","yes","https://amphon.co.th/บริการ/รับซื้อ-server-network","yes","15","15","","","","yes","global","global","","","no","","P2","STRENGTHEN_SELECTIVE"
"/บริการ/รับซื้อ-ssd","","service-page","yes","https://amphon.co.th/บริการ/รับซื้อ-ssd","yes","37","37","","","","yes","global","global","","","no","","P2","STRENGTHEN_SELECTIVE"
"/บริการ/รับซื้อ-storage-nas","","service-page","yes","https://amphon.co.th/บริการ/รับซื้อ-storage-nas","yes","0","0","","","","yes","global","global","","","no","","P2","STRENGTHEN_SELECTIVE"
"/บริการ/รับซื้อ-surface","","service-page","yes","https://amphon.co.th/บริการ/รับซื้อ-surface","yes","25","25","","","","yes","global","global","","","no","","P2","STRENGTHEN_SELECTIVE"
"/บริการ/รับซื้อ-ups","","service-page","yes","https://amphon.co.th/บริการ/รับซื้อ-ups","yes","35","35","","","","yes","global","global","","","no","","P2","STRENGTHEN_SELECTIVE"
"/บริการ/รับซื้อ-workstation","","service-page","yes","https://amphon.co.th/บริการ/รับซื้อ-workstation","yes","1186","1186","","","","yes","global","global","","","no","","P2","STRENGTHEN_SELECTIVE"
"/บริการ/รับซื้อกล้อง","","service-page","yes","https://amphon.co.th/บริการ/รับซื้อกล้อง","yes","47","47","","","","yes","global","global","","","no","","P1","STRENGTHEN_SELECTIVE"
"/บริการ/รับซื้อกล้อง-canon","","service-page","yes","https://amphon.co.th/บริการ/รับซื้อกล้อง-canon","yes","31","31","","","","yes","global","global","","","no","","P2","STRENGTHEN_SELECTIVE"
"/บริการ/รับซื้อกล้อง-fujifilm","","service-page","yes","https://amphon.co.th/บริการ/รับซื้อกล้อง-fujifilm","yes","32","32","","","","yes","global","global","","","no","","P2","STRENGTHEN_SELECTIVE"
"/บริการ/รับซื้อกล้อง-mirrorless","","service-page","yes","https://amphon.co.th/บริการ/รับซื้อกล้อง-mirrorless","yes","12","12","","","","yes","global","global","","","no","","P2","STRENGTHEN_SELECTIVE"
"/บริการ/รับซื้อกล้อง-nikon","","service-page","yes","https://amphon.co.th/บริการ/รับซื้อกล้อง-nikon","yes","11","11","","","","yes","global","global","","","no","","P2","STRENGTHEN_SELECTIVE"
"/บริการ/รับซื้อกล้อง-sony","","service-page","yes","https://amphon.co.th/บริการ/รับซื้อกล้อง-sony","yes","32","32","","","","yes","global","global","","","no","","P2","STRENGTHEN_SELECTIVE"
"/บริการ/รับซื้อกล้องฟิล์ม","","service-page","yes","https://amphon.co.th/บริการ/รับซื้อกล้องฟิล์ม","yes","21","21","","","","yes","global","global","","","no","","P2","STRENGTHEN_SELECTIVE"
"/บริการ/รับซื้อกล้องเสีย","","service-page","yes","https://amphon.co.th/บริการ/รับซื้อกล้องเสีย","yes","11","11","","","","yes","global","global","","","no","","P2","STRENGTHEN_SELECTIVE"
"/บริการ/รับซื้อการ์ดจอ","","service-page","yes","https://amphon.co.th/บริการ/รับซื้อการ์ดจอ","yes","45","45","","","","yes","global","global","","","no","","P2","STRENGTHEN_SELECTIVE"
"/บริการ/รับซื้อของสะสม","","service-page","yes","https://amphon.co.th/บริการ/รับซื้อของสะสม","yes","31","31","","","","yes","global","global","","","no","","P2","STRENGTHEN_SELECTIVE"
"/บริการ/รับซื้อของไอทีเสีย","","service-page","yes","https://amphon.co.th/บริการ/รับซื้อของไอทีเสีย","yes","39","39","","","","yes","global","global","","","no","","P2","STRENGTHEN_SELECTIVE"
"/บริการ/รับซื้อคอม-3d-render","","service-page","yes","https://amphon.co.th/บริการ/รับซื้อคอม-3d-render","yes","6","6","","","","yes","global","global","","","no","","P2","STRENGTHEN_SELECTIVE"
"/บริการ/รับซื้อคอม-ai-deep-learning","","service-page","yes","https://amphon.co.th/บริการ/รับซื้อคอม-ai-deep-learning","yes","9","9","","","","yes","global","global","","","no","","P2","STRENGTHEN_SELECTIVE"
"/บริการ/รับซื้อคอม-cad-engineer","","service-page","yes","https://amphon.co.th/บริการ/รับซื้อคอม-cad-engineer","yes","6","6","","","","yes","global","global","","","no","","P2","STRENGTHEN_SELECTIVE"
"/บริการ/รับซื้อคอมตัดต่อวิดีโอ","","service-page","yes","https://amphon.co.th/บริการ/รับซื้อคอมตัดต่อวิดีโอ","yes","8","8","","","","yes","global","global","","","no","","P2","STRENGTHEN_SELECTIVE"
"/บริการ/รับซื้อคอมทำงานกราฟิก","","service-page","yes","https://amphon.co.th/บริการ/รับซื้อคอมทำงานกราฟิก","yes","8","8","","","","yes","global","global","","","no","","P2","STRENGTHEN_SELECTIVE"
"/บริการ/รับซื้อคอมบริษัท","","service-page","yes","https://amphon.co.th/บริการ/รับซื้อคอมบริษัท","yes","1186","1186","","","","yes","global","global","","","no","","P1","STRENGTHEN_SELECTIVE"
"/บริการ/รับซื้อคอมบริษัทปิดกิจการ","","service-page","yes","https://amphon.co.th/บริการ/รับซื้อคอมบริษัทปิดกิจการ","yes","14","14","","","","yes","global","global","","","no","","P2","STRENGTHEN_SELECTIVE"
"/บริการ/รับซื้อคอมประกอบ","","service-page","yes","https://amphon.co.th/บริการ/รับซื้อคอมประกอบ","yes","37","37","","","","yes","global","global","","","no","","P2","STRENGTHEN_SELECTIVE"
"/บริการ/รับซื้อคอมพิวเตอร์","","service-page","yes","https://amphon.co.th/บริการ/รับซื้อคอมพิวเตอร์","yes","60","60","","","","yes","global","global","","","no","","P1","STRENGTHEN_SELECTIVE"
"/บริการ/รับซื้อคอมพิวเตอร์ตั้งโต๊ะ","","service-page","yes","https://amphon.co.th/บริการ/รับซื้อคอมพิวเตอร์ตั้งโต๊ะ","yes","1186","1186","","","","yes","global","global","","","no","","P2","STRENGTHEN_SELECTIVE"
"/บริการ/รับซื้อคอมยกล็อต","","service-page","yes","https://amphon.co.th/บริการ/รับซื้อคอมยกล็อต","yes","28","28","","","","yes","global","global","","","no","","P2","STRENGTHEN_SELECTIVE"
"/บริการ/รับซื้อคอมร้านเกม","","service-page","yes","https://amphon.co.th/บริการ/รับซื้อคอมร้านเกม","yes","26","26","","","","yes","global","global","","","no","","P2","STRENGTHEN_SELECTIVE"
"/บริการ/รับซื้อคอมสตรีมเกม","","service-page","yes","https://amphon.co.th/บริการ/รับซื้อคอมสตรีมเกม","yes","19","19","","","","yes","global","global","","","no","","P2","STRENGTHEN_SELECTIVE"
"/บริการ/รับซื้อคอมสำนักงาน","","service-page","yes","https://amphon.co.th/บริการ/รับซื้อคอมสำนักงาน","yes","20","20","","","","yes","global","global","","","no","","P2","STRENGTHEN_SELECTIVE"
"/บริการ/รับซื้อคอมสเปกสูง","","service-page","yes","https://amphon.co.th/บริการ/รับซื้อคอมสเปกสูง","yes","29","29","","","","yes","global","global","","","no","","P2","STRENGTHEN_SELECTIVE"
"/บริการ/รับซื้อคอมเกมมิ่ง","","service-page","yes","https://amphon.co.th/บริการ/รับซื้อคอมเกมมิ่ง","yes","87","87","","","","yes","global","global","","","no","","P2","STRENGTHEN_SELECTIVE"
"/บริการ/รับซื้อคอมเล่นเกมสเปกแรง","","service-page","yes","https://amphon.co.th/บริการ/รับซื้อคอมเล่นเกมสเปกแรง","yes","20","20","","","","yes","global","global","","","no","","P2","STRENGTHEN_SELECTIVE"
"/บริการ/รับซื้อคอมเสีย","","service-page","yes","https://amphon.co.th/บริการ/รับซื้อคอมเสีย","yes","10","10","","","","yes","global","global","","","no","","P2","STRENGTHEN_SELECTIVE"
"/บริการ/รับซื้อจอคอม","","service-page","yes","https://amphon.co.th/บริการ/รับซื้อจอคอม","yes","52","52","","","","yes","global","global","","","no","","P2","STRENGTHEN_SELECTIVE"
"/บริการ/รับซื้อจอเกมมิ่ง","","service-page","yes","https://amphon.co.th/บริการ/รับซื้อจอเกมมิ่ง","yes","24","24","","","","yes","global","global","","","no","","P2","STRENGTHEN_SELECTIVE"
"/บริการ/รับซื้อซีพียู","","service-page","yes","https://amphon.co.th/บริการ/รับซื้อซีพียู","yes","39","39","","","","yes","global","global","","","no","","P2","STRENGTHEN_SELECTIVE"
"/บริการ/รับซื้อทีวี","","service-page","yes","https://amphon.co.th/บริการ/รับซื้อทีวี","yes","31","31","","","","yes","global","global","","","no","","P2","STRENGTHEN_SELECTIVE"
"/บริการ/รับซื้อมือถือ","","service-page","yes","https://amphon.co.th/บริการ/รับซื้อมือถือ","yes","14","14","","","","yes","global","global","","","no","","P2","STRENGTHEN_SELECTIVE"
"/บริการ/รับซื้อลำโพงบลูทูธ","","service-page","yes","https://amphon.co.th/บริการ/รับซื้อลำโพงบลูทูธ","yes","31","31","","","","yes","global","global","","","no","","P2","STRENGTHEN_SELECTIVE"
"/บริการ/รับซื้อสินค้าไอทีบริษัท","","service-page","yes","https://amphon.co.th/บริการ/รับซื้อสินค้าไอทีบริษัท","yes","21","21","","","","yes","global","global","","","no","","P2","STRENGTHEN_SELECTIVE"
"/บริการ/รับซื้อหูฟัง","","service-page","yes","https://amphon.co.th/บริการ/รับซื้อหูฟัง","yes","33","33","","","","yes","global","global","","","no","","P2","STRENGTHEN_SELECTIVE"
"/บริการ/รับซื้ออุปกรณ์-network","","service-page","yes","https://amphon.co.th/บริการ/รับซื้ออุปกรณ์-network","yes","33","33","","","","yes","global","global","","","no","","P2","STRENGTHEN_SELECTIVE"
"/บริการ/รับซื้ออุปกรณ์คอมพิวเตอร์","","service-page","yes","https://amphon.co.th/บริการ/รับซื้ออุปกรณ์คอมพิวเตอร์","yes","27","27","","","","yes","global","global","","","no","","P2","STRENGTHEN_SELECTIVE"
"/บริการ/รับซื้ออุปกรณ์สำนักงานมือสอง","","service-page","yes","https://amphon.co.th/บริการ/รับซื้ออุปกรณ์สำนักงานมือสอง","yes","21","21","","","","yes","global","global","","","no","","P2","STRENGTHEN_SELECTIVE"
"/บริการ/รับซื้ออุปกรณ์ไอที","","service-page","yes","https://amphon.co.th/บริการ/รับซื้ออุปกรณ์ไอที","yes","44","44","","","","yes","global","global","","","no","","P2","STRENGTHEN_SELECTIVE"
"/บริการ/รับซื้ออุปกรณ์ไอทีบริษัท","","service-page","yes","https://amphon.co.th/บริการ/รับซื้ออุปกรณ์ไอทีบริษัท","yes","22","22","","","","yes","global","global","","","no","","P2","STRENGTHEN_SELECTIVE"
"/บริการ/รับซื้อเครื่องเกม","","service-page","yes","https://amphon.co.th/บริการ/รับซื้อเครื่องเกม","yes","28","28","","","","yes","global","global","","","no","","P2","STRENGTHEN_SELECTIVE"
"/บริการ/รับซื้อเครื่องใช้ไฟฟ้า","","service-page","yes","https://amphon.co.th/บริการ/รับซื้อเครื่องใช้ไฟฟ้า","yes","31","31","","","","yes","global","global","","","no","","P2","STRENGTHEN_SELECTIVE"
"/บริการ/รับซื้อเฟอร์นิเจอร์","","service-page","yes","https://amphon.co.th/บริการ/รับซื้อเฟอร์นิเจอร์","yes","31","31","","","","yes","global","global","","","no","","P2","STRENGTHEN_SELECTIVE"
"/บริการ/รับซื้อเมนบอร์ด","","service-page","yes","https://amphon.co.th/บริการ/รับซื้อเมนบอร์ด","yes","29","29","","","","yes","global","global","","","no","","P2","STRENGTHEN_SELECTIVE"
"/บริการ/รับซื้อเลนส์","","service-page","yes","https://amphon.co.th/บริการ/รับซื้อเลนส์","yes","0","0","","","","yes","global","global","","","no","","P2","STRENGTHEN_SELECTIVE"
"/บริการ/รับซื้อเลนส์กล้อง","","service-page","yes","https://amphon.co.th/บริการ/รับซื้อเลนส์กล้อง","yes","15","15","","","","yes","global","global","","","no","","P2","STRENGTHEN_SELECTIVE"
"/บริการ/รับซื้อแท็บเล็ต","","service-page","yes","https://amphon.co.th/บริการ/รับซื้อแท็บเล็ต","yes","31","31","","","","yes","global","global","","","no","","P2","STRENGTHEN_SELECTIVE"
"/บริการ/รับซื้อแรม","","service-page","yes","https://amphon.co.th/บริการ/รับซื้อแรม","yes","41","41","","","","yes","global","global","","","no","","P1","STRENGTHEN_SELECTIVE"
"/บริการ/รับซื้อโดรน","","service-page","yes","https://amphon.co.th/บริการ/รับซื้อโดรน","yes","30","30","","","","yes","global","global","","","no","","P2","STRENGTHEN_SELECTIVE"
"/บริการ/รับซื้อโทรศัพท์มือสอง","","service-page","yes","https://amphon.co.th/บริการ/รับซื้อโทรศัพท์มือสอง","yes","17","17","","","","yes","global","global","","","no","","P1","STRENGTHEN_SELECTIVE"
"/บริการ/รับซื้อโทรศัพท์เสีย","","service-page","yes","https://amphon.co.th/บริการ/รับซื้อโทรศัพท์เสีย","yes","5","5","","","","yes","global","global","","","no","","P2","STRENGTHEN_SELECTIVE"
"/บริการ/รับซื้อโน๊ตบุ๊ค","","service-page","yes","https://amphon.co.th/บริการ/รับซื้อโน๊ตบุ๊ค","yes","1186","1186","","","","yes","global","global","","","no","","P1","STRENGTHEN_SELECTIVE"
"/บริการ/รับซื้อโน๊ตบุ๊คจอแตก","","service-page","yes","https://amphon.co.th/บริการ/รับซื้อโน๊ตบุ๊คจอแตก","yes","49","49","","","","yes","global","global","","","no","","P2","STRENGTHEN_SELECTIVE"
"/บริการ/รับซื้อโน๊ตบุ๊คบริษัท","","service-page","yes","https://amphon.co.th/บริการ/รับซื้อโน๊ตบุ๊คบริษัท","yes","32","32","","","","yes","global","global","","","no","","P2","STRENGTHEN_SELECTIVE"
"/บริการ/รับซื้อโน๊ตบุ๊คยกล็อต","","service-page","yes","https://amphon.co.th/บริการ/รับซื้อโน๊ตบุ๊คยกล็อต","yes","18","18","","","","yes","global","global","","","no","","P2","STRENGTHEN_SELECTIVE"
"/บริการ/รับซื้อโน๊ตบุ๊คเกมมิ่ง","","service-page","yes","https://amphon.co.th/บริการ/รับซื้อโน๊ตบุ๊คเกมมิ่ง","yes","85","85","","","","yes","global","global","","","no","","P2","STRENGTHEN_SELECTIVE"
"/บริการ/รับซื้อโน๊ตบุ๊คเปิดไม่ติด","","service-page","yes","https://amphon.co.th/บริการ/รับซื้อโน๊ตบุ๊คเปิดไม่ติด","yes","49","49","","","","yes","global","global","","","no","","P2","STRENGTHEN_SELECTIVE"
"/บริการ/รับซื้อโน๊ตบุ๊คเสีย","","service-page","yes","https://amphon.co.th/บริการ/รับซื้อโน๊ตบุ๊คเสีย","yes","72","72","","","","yes","global","global","","","no","","P2","STRENGTHEN_SELECTIVE"
"/บริการ/รับซื้อโน๊ตบุ๊คไม่มี-adapter","","service-page","yes","https://amphon.co.th/บริการ/รับซื้อโน๊ตบุ๊คไม่มี-adapter","yes","18","18","","","","yes","global","global","","","no","","P2","STRENGTHEN_SELECTIVE"
"/บริการ/รับประมูลคอมพิวเตอร์มือสอง","","service-page","yes","https://amphon.co.th/บริการ/รับประมูลคอมพิวเตอร์มือสอง","yes","12","12","","","","yes","global","global","","","no","","P2","STRENGTHEN_SELECTIVE"
"/บริการ/รับเคลียร์อุปกรณ์ไอทีสำนักงาน","","service-page","yes","https://amphon.co.th/บริการ/รับเคลียร์อุปกรณ์ไอทีสำนักงาน","yes","16","16","","","","yes","global","global","","","no","","P2","STRENGTHEN_SELECTIVE"
"/บริการ/รับเหมาประมูลอุปกรณ์ไอที","","service-page","yes","https://amphon.co.th/บริการ/รับเหมาประมูลอุปกรณ์ไอที","yes","34","34","","","","yes","global","global","","","no","","P2","STRENGTHEN_SELECTIVE"
"/พื้นที่ให้บริการ","","location-hub","yes","https://amphon.co.th/พื้นที่ให้บริการ","yes","1186","1186","","","","yes","global","global","","","no","","P1","STRENGTHEN_SELECTIVE"
"/พื้นที่ให้บริการ/กาญจนบุรี","","location-page","yes","https://amphon.co.th/พื้นที่ให้บริการ/กาญจนบุรี","yes","32","32","","","","yes","global","global","","","no","","P3","KEEP_AS_IS"
"/พื้นที่ให้บริการ/กาฬสินธุ์","","location-page","yes","https://amphon.co.th/พื้นที่ให้บริการ/กาฬสินธุ์","yes","80","80","","","","yes","global","global","","","no","","P3","KEEP_AS_IS"
"/พื้นที่ให้บริการ/ขอนแก่น","","location-page","yes","https://amphon.co.th/พื้นที่ให้บริการ/ขอนแก่น","yes","1186","1186","","","","yes","global","global","","","no","","P2","STRENGTHEN_SELECTIVE"
"/พื้นที่ให้บริการ/จันทบุรี","","location-page","yes","https://amphon.co.th/พื้นที่ให้บริการ/จันทบุรี","yes","32","32","","","","yes","global","global","","","no","","P3","KEEP_AS_IS"
"/พื้นที่ให้บริการ/ชลบุรี","","location-page","yes","https://amphon.co.th/พื้นที่ให้บริการ/ชลบุรี","yes","32","32","","","","yes","global","global","","","no","","P3","KEEP_AS_IS"
"/พื้นที่ให้บริการ/ชัยภูมิ","","location-page","yes","https://amphon.co.th/พื้นที่ให้บริการ/ชัยภูมิ","yes","79","79","","","","yes","global","global","","","no","","P3","KEEP_AS_IS"
"/พื้นที่ให้บริการ/ตราด","","location-page","yes","https://amphon.co.th/พื้นที่ให้บริการ/ตราด","yes","7","7","","","","yes","global","global","","","no","","P3","KEEP_AS_IS"
"/พื้นที่ให้บริการ/ตาก","","location-page","yes","https://amphon.co.th/พื้นที่ให้บริการ/ตาก","yes","1","1","","","","yes","global","global","","","no","","P3","KEEP_AS_IS"
"/พื้นที่ให้บริการ/นครพนม","","location-page","yes","https://amphon.co.th/พื้นที่ให้บริการ/นครพนม","yes","48","48","","","","yes","global","global","","","no","","P3","KEEP_AS_IS"
"/พื้นที่ให้บริการ/นครราชสีมา","","location-page","yes","https://amphon.co.th/พื้นที่ให้บริการ/นครราชสีมา","yes","1186","1186","","","","yes","global","global","","","no","","P2","STRENGTHEN_SELECTIVE"
"/พื้นที่ให้บริการ/นครสวรรค์","","location-page","yes","https://amphon.co.th/พื้นที่ให้บริการ/นครสวรรค์","yes","1","1","","","","yes","global","global","","","no","","P3","KEEP_AS_IS"
"/พื้นที่ให้บริการ/บึงกาฬ","","location-page","yes","https://amphon.co.th/พื้นที่ให้บริการ/บึงกาฬ","yes","48","48","","","","yes","global","global","","","no","","P3","KEEP_AS_IS"
"/พื้นที่ให้บริการ/บุรีรัมย์","","location-page","yes","https://amphon.co.th/พื้นที่ให้บริการ/บุรีรัมย์","yes","49","49","","","","yes","global","global","","","no","","P2","STRENGTHEN_SELECTIVE"
"/พื้นที่ให้บริการ/พัทลุง","","location-page","yes","https://amphon.co.th/พื้นที่ให้บริการ/พัทลุง","yes","1","1","","","","yes","global","global","","","no","","P3","KEEP_AS_IS"
"/พื้นที่ให้บริการ/ภูเก็ต","","location-page","yes","https://amphon.co.th/พื้นที่ให้บริการ/ภูเก็ต","yes","1","1","","","","yes","global","global","","","no","","P3","KEEP_AS_IS"
"/พื้นที่ให้บริการ/มหาสารคาม","","location-page","yes","https://amphon.co.th/พื้นที่ให้บริการ/มหาสารคาม","yes","48","48","","","","yes","global","global","","","no","","P3","KEEP_AS_IS"
"/พื้นที่ให้บริการ/มุกดาหาร","","location-page","yes","https://amphon.co.th/พื้นที่ให้บริการ/มุกดาหาร","yes","48","48","","","","yes","global","global","","","no","","P3","KEEP_AS_IS"
"/พื้นที่ให้บริการ/ยะลา","","location-page","yes","https://amphon.co.th/พื้นที่ให้บริการ/ยะลา","yes","1","1","","","","yes","global","global","","","no","","P3","KEEP_AS_IS"
"/พื้นที่ให้บริการ/ยโสธร","","location-page","yes","https://amphon.co.th/พื้นที่ให้บริการ/ยโสธร","yes","1186","1186","","","","yes","global","global","","","no","","P3","KEEP_AS_IS"
"/พื้นที่ให้บริการ/ร้อยเอ็ด","","location-page","yes","https://amphon.co.th/พื้นที่ให้บริการ/ร้อยเอ็ด","yes","48","48","","","","yes","global","global","","","no","","P3","KEEP_AS_IS"
"/พื้นที่ให้บริการ/ศรีสะเกษ","","location-page","yes","https://amphon.co.th/พื้นที่ให้บริการ/ศรีสะเกษ","yes","1186","1186","","","","yes","global","global","","","no","","P2","STRENGTHEN_SELECTIVE"
"/พื้นที่ให้บริการ/สกลนคร","","location-page","yes","https://amphon.co.th/พื้นที่ให้บริการ/สกลนคร","yes","48","48","","","","yes","global","global","","","no","","P3","KEEP_AS_IS"
"/พื้นที่ให้บริการ/สุพรรณบุรี","","location-page","yes","https://amphon.co.th/พื้นที่ให้บริการ/สุพรรณบุรี","yes","1","1","","","","yes","global","global","","","no","","P3","KEEP_AS_IS"
"/พื้นที่ให้บริการ/สุรินทร์","","location-page","yes","https://amphon.co.th/พื้นที่ให้บริการ/สุรินทร์","yes","48","48","","","","yes","global","global","","","no","","P2","STRENGTHEN_SELECTIVE"
"/พื้นที่ให้บริการ/หนองคาย","","location-page","yes","https://amphon.co.th/พื้นที่ให้บริการ/หนองคาย","yes","48","48","","","","yes","global","global","","","no","","P3","KEEP_AS_IS"
"/พื้นที่ให้บริการ/หนองบัวลำภู","","location-page","yes","https://amphon.co.th/พื้นที่ให้บริการ/หนองบัวลำภู","yes","48","48","","","","yes","global","global","","","no","","P3","KEEP_AS_IS"
"/พื้นที่ให้บริการ/หาดใหญ่","","location-page","yes","https://amphon.co.th/พื้นที่ให้บริการ/หาดใหญ่","yes","1","1","","","","yes","global","global","","","no","","P3","KEEP_AS_IS"
"/พื้นที่ให้บริการ/อำนาจเจริญ","","location-page","yes","https://amphon.co.th/พื้นที่ให้บริการ/อำนาจเจริญ","yes","48","48","","","","yes","global","global","","","no","","P3","KEEP_AS_IS"
"/พื้นที่ให้บริการ/อุดรธานี","","location-page","yes","https://amphon.co.th/พื้นที่ให้บริการ/อุดรธานี","yes","1186","1186","","","","yes","global","global","","","no","","P2","STRENGTHEN_SELECTIVE"
"/พื้นที่ให้บริการ/อุบลราชธานี","","location-page","yes","https://amphon.co.th/พื้นที่ให้บริการ/อุบลราชธานี","yes","1186","1186","","","","yes","global","global","","","no","","P2","STRENGTHEN_SELECTIVE"
"/พื้นที่ให้บริการ/เพชรบุรี","","location-page","yes","https://amphon.co.th/พื้นที่ให้บริการ/เพชรบุรี","yes","1","1","","","","yes","global","global","","","no","","P3","KEEP_AS_IS"
"/พื้นที่ให้บริการ/เลย","","location-page","yes","https://amphon.co.th/พื้นที่ให้บริการ/เลย","yes","48","48","","","","yes","global","global","","","no","","P3","KEEP_AS_IS"
"/รับซื้อ/รับซื้อ-airpods-กาฬสินธุ์","","service-x-location","yes","https://amphon.co.th/รับซื้อ/รับซื้อ-airpods-กาฬสินธุ์","yes","2","2","","","","yes","global","global","","","no","","P3","KEEP_AS_IS"
"/รับซื้อ/รับซื้อ-airpods-ขอนแก่น","","service-x-location","yes","https://amphon.co.th/รับซื้อ/รับซื้อ-airpods-ขอนแก่น","yes","2","2","","","","yes","global","global","","","no","","P3","KEEP_AS_IS"
"/รับซื้อ/รับซื้อ-airpods-ชัยภูมิ","","service-x-location","yes","https://amphon.co.th/รับซื้อ/รับซื้อ-airpods-ชัยภูมิ","yes","2","2","","","","yes","global","global","","","no","","P3","KEEP_AS_IS"
"/รับซื้อ/รับซื้อ-airpods-นครพนม","","service-x-location","yes","https://amphon.co.th/รับซื้อ/รับซื้อ-airpods-นครพนม","yes","2","2","","","","yes","global","global","","","no","","P3","KEEP_AS_IS"
"/รับซื้อ/รับซื้อ-airpods-นครราชสีมา","","service-x-location","yes","https://amphon.co.th/รับซื้อ/รับซื้อ-airpods-นครราชสีมา","yes","2","2","","","","yes","global","global","","","no","","P3","KEEP_AS_IS"
"/รับซื้อ/รับซื้อ-airpods-บึงกาฬ","","service-x-location","yes","https://amphon.co.th/รับซื้อ/รับซื้อ-airpods-บึงกาฬ","yes","2","2","","","","yes","global","global","","","no","","P3","KEEP_AS_IS"
"/รับซื้อ/รับซื้อ-airpods-บุรีรัมย์","","service-x-location","yes","https://amphon.co.th/รับซื้อ/รับซื้อ-airpods-บุรีรัมย์","yes","2","2","","","","yes","global","global","","","no","","P3","KEEP_AS_IS"
"/รับซื้อ/รับซื้อ-airpods-มหาสารคาม","","service-x-location","yes","https://amphon.co.th/รับซื้อ/รับซื้อ-airpods-มหาสารคาม","yes","2","2","","","","yes","global","global","","","no","","P3","KEEP_AS_IS"
"/รับซื้อ/รับซื้อ-airpods-มุกดาหาร","","service-x-location","yes","https://amphon.co.th/รับซื้อ/รับซื้อ-airpods-มุกดาหาร","yes","2","2","","","","yes","global","global","","","no","","P3","KEEP_AS_IS"
"/รับซื้อ/รับซื้อ-airpods-ยโสธร","","service-x-location","yes","https://amphon.co.th/รับซื้อ/รับซื้อ-airpods-ยโสธร","yes","2","2","","","","yes","global","global","","","no","","P3","KEEP_AS_IS"
"/รับซื้อ/รับซื้อ-airpods-ร้อยเอ็ด","","service-x-location","yes","https://amphon.co.th/รับซื้อ/รับซื้อ-airpods-ร้อยเอ็ด","yes","2","2","","","","yes","global","global","","","no","","P3","KEEP_AS_IS"
"/รับซื้อ/รับซื้อ-airpods-ศรีสะเกษ","","service-x-location","yes","https://amphon.co.th/รับซื้อ/รับซื้อ-airpods-ศรีสะเกษ","yes","2","2","","","","yes","global","global","","","no","","P3","KEEP_AS_IS"
"/รับซื้อ/รับซื้อ-airpods-สกลนคร","","service-x-location","yes","https://amphon.co.th/รับซื้อ/รับซื้อ-airpods-สกลนคร","yes","2","2","","","","yes","global","global","","","no","","P3","KEEP_AS_IS"
"/รับซื้อ/รับซื้อ-airpods-สุรินทร์","","service-x-location","yes","https://amphon.co.th/รับซื้อ/รับซื้อ-airpods-สุรินทร์","yes","2","2","","","","yes","global","global","","","no","","P3","KEEP_AS_IS"
"/รับซื้อ/รับซื้อ-airpods-หนองคาย","","service-x-location","yes","https://amphon.co.th/รับซื้อ/รับซื้อ-airpods-หนองคาย","yes","2","2","","","","yes","global","global","","","no","","P3","KEEP_AS_IS"
"/รับซื้อ/รับซื้อ-airpods-หนองบัวลำภู","","service-x-location","yes","https://amphon.co.th/รับซื้อ/รับซื้อ-airpods-หนองบัวลำภู","yes","2","2","","","","yes","global","global","","","no","","P3","KEEP_AS_IS"
"/รับซื้อ/รับซื้อ-airpods-อำนาจเจริญ","","service-x-location","yes","https://amphon.co.th/รับซื้อ/รับซื้อ-airpods-อำนาจเจริญ","yes","2","2","","","","yes","global","global","","","no","","P3","KEEP_AS_IS"
"/รับซื้อ/รับซื้อ-airpods-อุดรธานี","","service-x-location","yes","https://amphon.co.th/รับซื้อ/รับซื้อ-airpods-อุดรธานี","yes","2","2","","","","yes","global","global","","","no","","P3","KEEP_AS_IS"
"/รับซื้อ/รับซื้อ-airpods-อุบลราชธานี","","service-x-location","yes","https://amphon.co.th/รับซื้อ/รับซื้อ-airpods-อุบลราชธานี","yes","2","2","","","","yes","global","global","","","no","","P3","KEEP_AS_IS"
"/รับซื้อ/รับซื้อ-airpods-เลย","","service-x-location","yes","https://amphon.co.th/รับซื้อ/รับซื้อ-airpods-เลย","yes","2","2","","","","yes","global","global","","","no","","P3","KEEP_AS_IS"
"/รับซื้อ/รับซื้อ-apple-watch-กาฬสินธุ์","","service-x-location","yes","https://amphon.co.th/รับซื้อ/รับซื้อ-apple-watch-กาฬสินธุ์","yes","2","2","","","","yes","global","global","","","no","","P3","KEEP_AS_IS"
"/รับซื้อ/รับซื้อ-apple-watch-ขอนแก่น","","service-x-location","yes","https://amphon.co.th/รับซื้อ/รับซื้อ-apple-watch-ขอนแก่น","yes","2","2","","","","yes","global","global","","","no","","P3","KEEP_AS_IS"
"/รับซื้อ/รับซื้อ-apple-watch-ชัยภูมิ","","service-x-location","yes","https://amphon.co.th/รับซื้อ/รับซื้อ-apple-watch-ชัยภูมิ","yes","2","2","","","","yes","global","global","","","no","","P3","KEEP_AS_IS"
"/รับซื้อ/รับซื้อ-apple-watch-นครพนม","","service-x-location","yes","https://amphon.co.th/รับซื้อ/รับซื้อ-apple-watch-นครพนม","yes","2","2","","","","yes","global","global","","","no","","P3","KEEP_AS_IS"
"/รับซื้อ/รับซื้อ-apple-watch-นครราชสีมา","","service-x-location","yes","https://amphon.co.th/รับซื้อ/รับซื้อ-apple-watch-นครราชสีมา","yes","2","2","","","","yes","global","global","","","no","","P3","KEEP_AS_IS"
"/รับซื้อ/รับซื้อ-apple-watch-บึงกาฬ","","service-x-location","yes","https://amphon.co.th/รับซื้อ/รับซื้อ-apple-watch-บึงกาฬ","yes","2","2","","","","yes","global","global","","","no","","P3","KEEP_AS_IS"
"/รับซื้อ/รับซื้อ-apple-watch-บุรีรัมย์","","service-x-location","yes","https://amphon.co.th/รับซื้อ/รับซื้อ-apple-watch-บุรีรัมย์","yes","2","2","","","","yes","global","global","","","no","","P3","KEEP_AS_IS"
"/รับซื้อ/รับซื้อ-apple-watch-มหาสารคาม","","service-x-location","yes","https://amphon.co.th/รับซื้อ/รับซื้อ-apple-watch-มหาสารคาม","yes","2","2","","","","yes","global","global","","","no","","P3","KEEP_AS_IS"
"/รับซื้อ/รับซื้อ-apple-watch-มุกดาหาร","","service-x-location","yes","https://amphon.co.th/รับซื้อ/รับซื้อ-apple-watch-มุกดาหาร","yes","2","2","","","","yes","global","global","","","no","","P3","KEEP_AS_IS"
"/รับซื้อ/รับซื้อ-apple-watch-ยโสธร","","service-x-location","yes","https://amphon.co.th/รับซื้อ/รับซื้อ-apple-watch-ยโสธร","yes","2","2","","","","yes","global","global","","","no","","P3","KEEP_AS_IS"
"/รับซื้อ/รับซื้อ-apple-watch-ร้อยเอ็ด","","service-x-location","yes","https://amphon.co.th/รับซื้อ/รับซื้อ-apple-watch-ร้อยเอ็ด","yes","2","2","","","","yes","global","global","","","no","","P3","KEEP_AS_IS"
"/รับซื้อ/รับซื้อ-apple-watch-ศรีสะเกษ","","service-x-location","yes","https://amphon.co.th/รับซื้อ/รับซื้อ-apple-watch-ศรีสะเกษ","yes","2","2","","","","yes","global","global","","","no","","P3","KEEP_AS_IS"
"/รับซื้อ/รับซื้อ-apple-watch-สกลนคร","","service-x-location","yes","https://amphon.co.th/รับซื้อ/รับซื้อ-apple-watch-สกลนคร","yes","2","2","","","","yes","global","global","","","no","","P3","KEEP_AS_IS"
"/รับซื้อ/รับซื้อ-apple-watch-สุรินทร์","","service-x-location","yes","https://amphon.co.th/รับซื้อ/รับซื้อ-apple-watch-สุรินทร์","yes","2","2","","","","yes","global","global","","","no","","P3","KEEP_AS_IS"
"/รับซื้อ/รับซื้อ-apple-watch-หนองคาย","","service-x-location","yes","https://amphon.co.th/รับซื้อ/รับซื้อ-apple-watch-หนองคาย","yes","2","2","","","","yes","global","global","","","no","","P3","KEEP_AS_IS"
"/รับซื้อ/รับซื้อ-apple-watch-หนองบัวลำภู","","service-x-location","yes","https://amphon.co.th/รับซื้อ/รับซื้อ-apple-watch-หนองบัวลำภู","yes","2","2","","","","yes","global","global","","","no","","P3","KEEP_AS_IS"
"/รับซื้อ/รับซื้อ-apple-watch-อำนาจเจริญ","","service-x-location","yes","https://amphon.co.th/รับซื้อ/รับซื้อ-apple-watch-อำนาจเจริญ","yes","2","2","","","","yes","global","global","","","no","","P3","KEEP_AS_IS"
"/รับซื้อ/รับซื้อ-apple-watch-อุดรธานี","","service-x-location","yes","https://amphon.co.th/รับซื้อ/รับซื้อ-apple-watch-อุดรธานี","yes","2","2","","","","yes","global","global","","","no","","P3","KEEP_AS_IS"
"/รับซื้อ/รับซื้อ-apple-watch-อุบลราชธานี","","service-x-location","yes","https://amphon.co.th/รับซื้อ/รับซื้อ-apple-watch-อุบลราชธานี","yes","2","2","","","","yes","global","global","","","no","","P3","KEEP_AS_IS"
"/รับซื้อ/รับซื้อ-apple-watch-เลย","","service-x-location","yes","https://amphon.co.th/รับซื้อ/รับซื้อ-apple-watch-เลย","yes","2","2","","","","yes","global","global","","","no","","P3","KEEP_AS_IS"
"/รับซื้อ/รับซื้อ-apple-กาฬสินธุ์","","service-x-location","yes","https://amphon.co.th/รับซื้อ/รับซื้อ-apple-กาฬสินธุ์","yes","2","2","","","","yes","global","global","","","no","","P3","KEEP_AS_IS"
"/รับซื้อ/รับซื้อ-apple-ขอนแก่น","","service-x-location","yes","https://amphon.co.th/รับซื้อ/รับซื้อ-apple-ขอนแก่น","yes","2","2","","","","yes","global","global","","","no","","P3","KEEP_AS_IS"
"/รับซื้อ/รับซื้อ-apple-ชัยภูมิ","","service-x-location","yes","https://amphon.co.th/รับซื้อ/รับซื้อ-apple-ชัยภูมิ","yes","2","2","","","","yes","global","global","","","no","","P3","KEEP_AS_IS"
"/รับซื้อ/รับซื้อ-apple-นครพนม","","service-x-location","yes","https://amphon.co.th/รับซื้อ/รับซื้อ-apple-นครพนม","yes","2","2","","","","yes","global","global","","","no","","P3","KEEP_AS_IS"
"/รับซื้อ/รับซื้อ-apple-นครราชสีมา","","service-x-location","yes","https://amphon.co.th/รับซื้อ/รับซื้อ-apple-นครราชสีมา","yes","2","2","","","","yes","global","global","","","no","","P3","KEEP_AS_IS"
"/รับซื้อ/รับซื้อ-apple-บึงกาฬ","","service-x-location","yes","https://amphon.co.th/รับซื้อ/รับซื้อ-apple-บึงกาฬ","yes","2","2","","","","yes","global","global","","","no","","P3","KEEP_AS_IS"
"/รับซื้อ/รับซื้อ-apple-บุรีรัมย์","","service-x-location","yes","https://amphon.co.th/รับซื้อ/รับซื้อ-apple-บุรีรัมย์","yes","2","2","","","","yes","global","global","","","no","","P3","KEEP_AS_IS"
"/รับซื้อ/รับซื้อ-apple-มหาสารคาม","","service-x-location","yes","https://amphon.co.th/รับซื้อ/รับซื้อ-apple-มหาสารคาม","yes","2","2","","","","yes","global","global","","","no","","P3","KEEP_AS_IS"
"/รับซื้อ/รับซื้อ-apple-มุกดาหาร","","service-x-location","yes","https://amphon.co.th/รับซื้อ/รับซื้อ-apple-มุกดาหาร","yes","2","2","","","","yes","global","global","","","no","","P3","KEEP_AS_IS"
"/รับซื้อ/รับซื้อ-apple-ยโสธร","","service-x-location","yes","https://amphon.co.th/รับซื้อ/รับซื้อ-apple-ยโสธร","yes","2","2","","","","yes","global","global","","","no","","P3","KEEP_AS_IS"
"/รับซื้อ/รับซื้อ-apple-ร้อยเอ็ด","","service-x-location","yes","https://amphon.co.th/รับซื้อ/รับซื้อ-apple-ร้อยเอ็ด","yes","2","2","","","","yes","global","global","","","no","","P3","KEEP_AS_IS"
"/รับซื้อ/รับซื้อ-apple-ศรีสะเกษ","","service-x-location","yes","https://amphon.co.th/รับซื้อ/รับซื้อ-apple-ศรีสะเกษ","yes","2","2","","","","yes","global","global","","","no","","P3","KEEP_AS_IS"
"/รับซื้อ/รับซื้อ-apple-สกลนคร","","service-x-location","yes","https://amphon.co.th/รับซื้อ/รับซื้อ-apple-สกลนคร","yes","2","2","","","","yes","global","global","","","no","","P3","KEEP_AS_IS"
"/รับซื้อ/รับซื้อ-apple-สุรินทร์","","service-x-location","yes","https://amphon.co.th/รับซื้อ/รับซื้อ-apple-สุรินทร์","yes","2","2","","","","yes","global","global","","","no","","P3","KEEP_AS_IS"
"/รับซื้อ/รับซื้อ-apple-หนองคาย","","service-x-location","yes","https://amphon.co.th/รับซื้อ/รับซื้อ-apple-หนองคาย","yes","2","2","","","","yes","global","global","","","no","","P3","KEEP_AS_IS"
"/รับซื้อ/รับซื้อ-apple-หนองบัวลำภู","","service-x-location","yes","https://amphon.co.th/รับซื้อ/รับซื้อ-apple-หนองบัวลำภู","yes","2","2","","","","yes","global","global","","","no","","P3","KEEP_AS_IS"
"/รับซื้อ/รับซื้อ-apple-อำนาจเจริญ","","service-x-location","yes","https://amphon.co.th/รับซื้อ/รับซื้อ-apple-อำนาจเจริญ","yes","2","2","","","","yes","global","global","","","no","","P3","KEEP_AS_IS"
"/รับซื้อ/รับซื้อ-apple-อุดรธานี","","service-x-location","yes","https://amphon.co.th/รับซื้อ/รับซื้อ-apple-อุดรธานี","yes","2","2","","","","yes","global","global","","","no","","P3","KEEP_AS_IS"
"/รับซื้อ/รับซื้อ-apple-อุบลราชธานี","","service-x-location","yes","https://amphon.co.th/รับซื้อ/รับซื้อ-apple-อุบลราชธานี","yes","2","2","","","","yes","global","global","","","no","","P3","KEEP_AS_IS"
"/รับซื้อ/รับซื้อ-apple-เลย","","service-x-location","yes","https://amphon.co.th/รับซื้อ/รับซื้อ-apple-เลย","yes","2","2","","","","yes","global","global","","","no","","P3","KEEP_AS_IS"
"/รับซื้อ/รับซื้อ-imac-กาฬสินธุ์","","service-x-location","yes","https://amphon.co.th/รับซื้อ/รับซื้อ-imac-กาฬสินธุ์","yes","2","2","","","","yes","global","global","","","no","","P3","KEEP_AS_IS"
"/รับซื้อ/รับซื้อ-imac-ขอนแก่น","","service-x-location","yes","https://amphon.co.th/รับซื้อ/รับซื้อ-imac-ขอนแก่น","yes","2","2","","","","yes","global","global","","","no","","P3","KEEP_AS_IS"
"/รับซื้อ/รับซื้อ-imac-ชัยภูมิ","","service-x-location","yes","https://amphon.co.th/รับซื้อ/รับซื้อ-imac-ชัยภูมิ","yes","2","2","","","","yes","global","global","","","no","","P3","KEEP_AS_IS"
"/รับซื้อ/รับซื้อ-imac-นครพนม","","service-x-location","yes","https://amphon.co.th/รับซื้อ/รับซื้อ-imac-นครพนม","yes","2","2","","","","yes","global","global","","","no","","P3","KEEP_AS_IS"
"/รับซื้อ/รับซื้อ-imac-นครราชสีมา","","service-x-location","yes","https://amphon.co.th/รับซื้อ/รับซื้อ-imac-นครราชสีมา","yes","2","2","","","","yes","global","global","","","no","","P3","KEEP_AS_IS"
"/รับซื้อ/รับซื้อ-imac-บึงกาฬ","","service-x-location","yes","https://amphon.co.th/รับซื้อ/รับซื้อ-imac-บึงกาฬ","yes","2","2","","","","yes","global","global","","","no","","P3","KEEP_AS_IS"
"/รับซื้อ/รับซื้อ-imac-บุรีรัมย์","","service-x-location","yes","https://amphon.co.th/รับซื้อ/รับซื้อ-imac-บุรีรัมย์","yes","2","2","","","","yes","global","global","","","no","","P3","KEEP_AS_IS"
"/รับซื้อ/รับซื้อ-imac-มหาสารคาม","","service-x-location","yes","https://amphon.co.th/รับซื้อ/รับซื้อ-imac-มหาสารคาม","yes","2","2","","","","yes","global","global","","","no","","P3","KEEP_AS_IS"
"/รับซื้อ/รับซื้อ-imac-มุกดาหาร","","service-x-location","yes","https://amphon.co.th/รับซื้อ/รับซื้อ-imac-มุกดาหาร","yes","2","2","","","","yes","global","global","","","no","","P3","KEEP_AS_IS"
"/รับซื้อ/รับซื้อ-imac-ยโสธร","","service-x-location","yes","https://amphon.co.th/รับซื้อ/รับซื้อ-imac-ยโสธร","yes","2","2","","","","yes","global","global","","","no","","P3","KEEP_AS_IS"
"/รับซื้อ/รับซื้อ-imac-ร้อยเอ็ด","","service-x-location","yes","https://amphon.co.th/รับซื้อ/รับซื้อ-imac-ร้อยเอ็ด","yes","2","2","","","","yes","global","global","","","no","","P3","KEEP_AS_IS"
"/รับซื้อ/รับซื้อ-imac-ศรีสะเกษ","","service-x-location","yes","https://amphon.co.th/รับซื้อ/รับซื้อ-imac-ศรีสะเกษ","yes","2","2","","","","yes","global","global","","","no","","P3","KEEP_AS_IS"
"/รับซื้อ/รับซื้อ-imac-สกลนคร","","service-x-location","yes","https://amphon.co.th/รับซื้อ/รับซื้อ-imac-สกลนคร","yes","2","2","","","","yes","global","global","","","no","","P3","KEEP_AS_IS"
"/รับซื้อ/รับซื้อ-imac-สุรินทร์","","service-x-location","yes","https://amphon.co.th/รับซื้อ/รับซื้อ-imac-สุรินทร์","yes","2","2","","","","yes","global","global","","","no","","P3","KEEP_AS_IS"
"/รับซื้อ/รับซื้อ-imac-หนองคาย","","service-x-location","yes","https://amphon.co.th/รับซื้อ/รับซื้อ-imac-หนองคาย","yes","2","2","","","","yes","global","global","","","no","","P3","KEEP_AS_IS"
"/รับซื้อ/รับซื้อ-imac-หนองบัวลำภู","","service-x-location","yes","https://amphon.co.th/รับซื้อ/รับซื้อ-imac-หนองบัวลำภู","yes","2","2","","","","yes","global","global","","","no","","P3","KEEP_AS_IS"
"/รับซื้อ/รับซื้อ-imac-อำนาจเจริญ","","service-x-location","yes","https://amphon.co.th/รับซื้อ/รับซื้อ-imac-อำนาจเจริญ","yes","2","2","","","","yes","global","global","","","no","","P3","KEEP_AS_IS"
"/รับซื้อ/รับซื้อ-imac-อุดรธานี","","service-x-location","yes","https://amphon.co.th/รับซื้อ/รับซื้อ-imac-อุดรธานี","yes","2","2","","","","yes","global","global","","","no","","P3","KEEP_AS_IS"
"/รับซื้อ/รับซื้อ-imac-อุบลราชธานี","","service-x-location","yes","https://amphon.co.th/รับซื้อ/รับซื้อ-imac-อุบลราชธานี","yes","2","2","","","","yes","global","global","","","no","","P3","KEEP_AS_IS"
"/รับซื้อ/รับซื้อ-imac-เลย","","service-x-location","yes","https://amphon.co.th/รับซื้อ/รับซื้อ-imac-เลย","yes","2","2","","","","yes","global","global","","","no","","P3","KEEP_AS_IS"
"/รับซื้อ/รับซื้อ-ipad-กาฬสินธุ์","","service-x-location","yes","https://amphon.co.th/รับซื้อ/รับซื้อ-ipad-กาฬสินธุ์","yes","2","2","","","","yes","global","global","","","no","","P3","KEEP_AS_IS"
"/รับซื้อ/รับซื้อ-ipad-ขอนแก่น","","service-x-location","yes","https://amphon.co.th/รับซื้อ/รับซื้อ-ipad-ขอนแก่น","yes","2","2","","","","yes","global","global","","","no","","P2","STRENGTHEN_SELECTIVE"
"/รับซื้อ/รับซื้อ-ipad-ชัยภูมิ","","service-x-location","yes","https://amphon.co.th/รับซื้อ/รับซื้อ-ipad-ชัยภูมิ","yes","2","2","","","","yes","global","global","","","no","","P3","KEEP_AS_IS"
"/รับซื้อ/รับซื้อ-ipad-นครพนม","","service-x-location","yes","https://amphon.co.th/รับซื้อ/รับซื้อ-ipad-นครพนม","yes","2","2","","","","yes","global","global","","","no","","P3","KEEP_AS_IS"
"/รับซื้อ/รับซื้อ-ipad-นครราชสีมา","","service-x-location","yes","https://amphon.co.th/รับซื้อ/รับซื้อ-ipad-นครราชสีมา","yes","2","2","","","","yes","global","global","","","no","","P2","STRENGTHEN_SELECTIVE"
"/รับซื้อ/รับซื้อ-ipad-บึงกาฬ","","service-x-location","yes","https://amphon.co.th/รับซื้อ/รับซื้อ-ipad-บึงกาฬ","yes","2","2","","","","yes","global","global","","","no","","P3","KEEP_AS_IS"
"/รับซื้อ/รับซื้อ-ipad-บุรีรัมย์","","service-x-location","yes","https://amphon.co.th/รับซื้อ/รับซื้อ-ipad-บุรีรัมย์","yes","2","2","","","","yes","global","global","","","no","","P2","STRENGTHEN_SELECTIVE"
"/รับซื้อ/รับซื้อ-ipad-มหาสารคาม","","service-x-location","yes","https://amphon.co.th/รับซื้อ/รับซื้อ-ipad-มหาสารคาม","yes","2","2","","","","yes","global","global","","","no","","P3","KEEP_AS_IS"
"/รับซื้อ/รับซื้อ-ipad-มุกดาหาร","","service-x-location","yes","https://amphon.co.th/รับซื้อ/รับซื้อ-ipad-มุกดาหาร","yes","2","2","","","","yes","global","global","","","no","","P3","KEEP_AS_IS"
"/รับซื้อ/รับซื้อ-ipad-ยโสธร","","service-x-location","yes","https://amphon.co.th/รับซื้อ/รับซื้อ-ipad-ยโสธร","yes","2","2","","","","yes","global","global","","","no","","P3","KEEP_AS_IS"
"/รับซื้อ/รับซื้อ-ipad-ร้อยเอ็ด","","service-x-location","yes","https://amphon.co.th/รับซื้อ/รับซื้อ-ipad-ร้อยเอ็ด","yes","2","2","","","","yes","global","global","","","no","","P3","KEEP_AS_IS"
"/รับซื้อ/รับซื้อ-ipad-ศรีสะเกษ","","service-x-location","yes","https://amphon.co.th/รับซื้อ/รับซื้อ-ipad-ศรีสะเกษ","yes","2","2","","","","yes","global","global","","","no","","P2","STRENGTHEN_SELECTIVE"
"/รับซื้อ/รับซื้อ-ipad-สกลนคร","","service-x-location","yes","https://amphon.co.th/รับซื้อ/รับซื้อ-ipad-สกลนคร","yes","2","2","","","","yes","global","global","","","no","","P3","KEEP_AS_IS"
"/รับซื้อ/รับซื้อ-ipad-สุรินทร์","","service-x-location","yes","https://amphon.co.th/รับซื้อ/รับซื้อ-ipad-สุรินทร์","yes","2","2","","","","yes","global","global","","","no","","P2","STRENGTHEN_SELECTIVE"
"/รับซื้อ/รับซื้อ-ipad-หนองคาย","","service-x-location","yes","https://amphon.co.th/รับซื้อ/รับซื้อ-ipad-หนองคาย","yes","2","2","","","","yes","global","global","","","no","","P3","KEEP_AS_IS"
"/รับซื้อ/รับซื้อ-ipad-หนองบัวลำภู","","service-x-location","yes","https://amphon.co.th/รับซื้อ/รับซื้อ-ipad-หนองบัวลำภู","yes","2","2","","","","yes","global","global","","","no","","P3","KEEP_AS_IS"
"/รับซื้อ/รับซื้อ-ipad-อำนาจเจริญ","","service-x-location","yes","https://amphon.co.th/รับซื้อ/รับซื้อ-ipad-อำนาจเจริญ","yes","2","2","","","","yes","global","global","","","no","","P3","KEEP_AS_IS"
"/รับซื้อ/รับซื้อ-ipad-อุดรธานี","","service-x-location","yes","https://amphon.co.th/รับซื้อ/รับซื้อ-ipad-อุดรธานี","yes","2","2","","","","yes","global","global","","","no","","P2","STRENGTHEN_SELECTIVE"
"/รับซื้อ/รับซื้อ-ipad-อุบลราชธานี","","service-x-location","yes","https://amphon.co.th/รับซื้อ/รับซื้อ-ipad-อุบลราชธานี","yes","2","2","","","","yes","global","global","","","no","","P2","STRENGTHEN_SELECTIVE"
"/รับซื้อ/รับซื้อ-ipad-เลย","","service-x-location","yes","https://amphon.co.th/รับซื้อ/รับซื้อ-ipad-เลย","yes","2","2","","","","yes","global","global","","","no","","P3","KEEP_AS_IS"
"/รับซื้อ/รับซื้อ-iphone-กาฬสินธุ์","","service-x-location","yes","https://amphon.co.th/รับซื้อ/รับซื้อ-iphone-กาฬสินธุ์","yes","2","2","","","","yes","global","global","","","no","","P3","KEEP_AS_IS"
"/รับซื้อ/รับซื้อ-iphone-ขอนแก่น","","service-x-location","yes","https://amphon.co.th/รับซื้อ/รับซื้อ-iphone-ขอนแก่น","yes","2","2","","","","yes","global","global","","","no","","P2","STRENGTHEN_SELECTIVE"
"/รับซื้อ/รับซื้อ-iphone-ชัยภูมิ","","service-x-location","yes","https://amphon.co.th/รับซื้อ/รับซื้อ-iphone-ชัยภูมิ","yes","2","2","","","","yes","global","global","","","no","","P3","KEEP_AS_IS"
"/รับซื้อ/รับซื้อ-iphone-นครพนม","","service-x-location","yes","https://amphon.co.th/รับซื้อ/รับซื้อ-iphone-นครพนม","yes","2","2","","","","yes","global","global","","","no","","P3","KEEP_AS_IS"
"/รับซื้อ/รับซื้อ-iphone-นครราชสีมา","","service-x-location","yes","https://amphon.co.th/รับซื้อ/รับซื้อ-iphone-นครราชสีมา","yes","2","2","","","","yes","global","global","","","no","","P2","STRENGTHEN_SELECTIVE"
"/รับซื้อ/รับซื้อ-iphone-บึงกาฬ","","service-x-location","yes","https://amphon.co.th/รับซื้อ/รับซื้อ-iphone-บึงกาฬ","yes","2","2","","","","yes","global","global","","","no","","P3","KEEP_AS_IS"
"/รับซื้อ/รับซื้อ-iphone-บุรีรัมย์","","service-x-location","yes","https://amphon.co.th/รับซื้อ/รับซื้อ-iphone-บุรีรัมย์","yes","2","2","","","","yes","global","global","","","no","","P2","STRENGTHEN_SELECTIVE"
"/รับซื้อ/รับซื้อ-iphone-มหาสารคาม","","service-x-location","yes","https://amphon.co.th/รับซื้อ/รับซื้อ-iphone-มหาสารคาม","yes","2","2","","","","yes","global","global","","","no","","P3","KEEP_AS_IS"
"/รับซื้อ/รับซื้อ-iphone-มุกดาหาร","","service-x-location","yes","https://amphon.co.th/รับซื้อ/รับซื้อ-iphone-มุกดาหาร","yes","2","2","","","","yes","global","global","","","no","","P3","KEEP_AS_IS"
"/รับซื้อ/รับซื้อ-iphone-ยโสธร","","service-x-location","yes","https://amphon.co.th/รับซื้อ/รับซื้อ-iphone-ยโสธร","yes","2","2","","","","yes","global","global","","","no","","P3","KEEP_AS_IS"
"/รับซื้อ/รับซื้อ-iphone-ร้อยเอ็ด","","service-x-location","yes","https://amphon.co.th/รับซื้อ/รับซื้อ-iphone-ร้อยเอ็ด","yes","2","2","","","","yes","global","global","","","no","","P3","KEEP_AS_IS"
"/รับซื้อ/รับซื้อ-iphone-ศรีสะเกษ","","service-x-location","yes","https://amphon.co.th/รับซื้อ/รับซื้อ-iphone-ศรีสะเกษ","yes","2","2","","","","yes","global","global","","","no","","P2","STRENGTHEN_SELECTIVE"
"/รับซื้อ/รับซื้อ-iphone-สกลนคร","","service-x-location","yes","https://amphon.co.th/รับซื้อ/รับซื้อ-iphone-สกลนคร","yes","2","2","","","","yes","global","global","","","no","","P3","KEEP_AS_IS"
"/รับซื้อ/รับซื้อ-iphone-สุรินทร์","","service-x-location","yes","https://amphon.co.th/รับซื้อ/รับซื้อ-iphone-สุรินทร์","yes","2","2","","","","yes","global","global","","","no","","P2","STRENGTHEN_SELECTIVE"
"/รับซื้อ/รับซื้อ-iphone-หนองคาย","","service-x-location","yes","https://amphon.co.th/รับซื้อ/รับซื้อ-iphone-หนองคาย","yes","2","2","","","","yes","global","global","","","no","","P3","KEEP_AS_IS"
"/รับซื้อ/รับซื้อ-iphone-หนองบัวลำภู","","service-x-location","yes","https://amphon.co.th/รับซื้อ/รับซื้อ-iphone-หนองบัวลำภู","yes","2","2","","","","yes","global","global","","","no","","P3","KEEP_AS_IS"
"/รับซื้อ/รับซื้อ-iphone-อำนาจเจริญ","","service-x-location","yes","https://amphon.co.th/รับซื้อ/รับซื้อ-iphone-อำนาจเจริญ","yes","2","2","","","","yes","global","global","","","no","","P3","KEEP_AS_IS"
"/รับซื้อ/รับซื้อ-iphone-อุดรธานี","","service-x-location","yes","https://amphon.co.th/รับซื้อ/รับซื้อ-iphone-อุดรธานี","yes","2","2","","","","yes","global","global","","","no","","P2","STRENGTHEN_SELECTIVE"
"/รับซื้อ/รับซื้อ-iphone-อุบลราชธานี","","service-x-location","yes","https://amphon.co.th/รับซื้อ/รับซื้อ-iphone-อุบลราชธานี","yes","11","11","","","","yes","global","global","","","no","","P2","STRENGTHEN_SELECTIVE"
"/รับซื้อ/รับซื้อ-iphone-เลย","","service-x-location","yes","https://amphon.co.th/รับซื้อ/รับซื้อ-iphone-เลย","yes","2","2","","","","yes","global","global","","","no","","P3","KEEP_AS_IS"
"/รับซื้อ/รับซื้อ-jbl-กาฬสินธุ์","","service-x-location","yes","https://amphon.co.th/รับซื้อ/รับซื้อ-jbl-กาฬสินธุ์","yes","2","2","","","","yes","global","global","","","no","","P3","KEEP_AS_IS"
"/รับซื้อ/รับซื้อ-jbl-ขอนแก่น","","service-x-location","yes","https://amphon.co.th/รับซื้อ/รับซื้อ-jbl-ขอนแก่น","yes","2","2","","","","yes","global","global","","","no","","P3","KEEP_AS_IS"
"/รับซื้อ/รับซื้อ-jbl-ชัยภูมิ","","service-x-location","yes","https://amphon.co.th/รับซื้อ/รับซื้อ-jbl-ชัยภูมิ","yes","2","2","","","","yes","global","global","","","no","","P3","KEEP_AS_IS"
"/รับซื้อ/รับซื้อ-jbl-นครพนม","","service-x-location","yes","https://amphon.co.th/รับซื้อ/รับซื้อ-jbl-นครพนม","yes","2","2","","","","yes","global","global","","","no","","P3","KEEP_AS_IS"
"/รับซื้อ/รับซื้อ-jbl-นครราชสีมา","","service-x-location","yes","https://amphon.co.th/รับซื้อ/รับซื้อ-jbl-นครราชสีมา","yes","2","2","","","","yes","global","global","","","no","","P3","KEEP_AS_IS"
"/รับซื้อ/รับซื้อ-jbl-บึงกาฬ","","service-x-location","yes","https://amphon.co.th/รับซื้อ/รับซื้อ-jbl-บึงกาฬ","yes","2","2","","","","yes","global","global","","","no","","P3","KEEP_AS_IS"
"/รับซื้อ/รับซื้อ-jbl-บุรีรัมย์","","service-x-location","yes","https://amphon.co.th/รับซื้อ/รับซื้อ-jbl-บุรีรัมย์","yes","2","2","","","","yes","global","global","","","no","","P3","KEEP_AS_IS"
"/รับซื้อ/รับซื้อ-jbl-มหาสารคาม","","service-x-location","yes","https://amphon.co.th/รับซื้อ/รับซื้อ-jbl-มหาสารคาม","yes","2","2","","","","yes","global","global","","","no","","P3","KEEP_AS_IS"
"/รับซื้อ/รับซื้อ-jbl-มุกดาหาร","","service-x-location","yes","https://amphon.co.th/รับซื้อ/รับซื้อ-jbl-มุกดาหาร","yes","2","2","","","","yes","global","global","","","no","","P3","KEEP_AS_IS"
"/รับซื้อ/รับซื้อ-jbl-ยโสธร","","service-x-location","yes","https://amphon.co.th/รับซื้อ/รับซื้อ-jbl-ยโสธร","yes","2","2","","","","yes","global","global","","","no","","P3","KEEP_AS_IS"
"/รับซื้อ/รับซื้อ-jbl-ร้อยเอ็ด","","service-x-location","yes","https://amphon.co.th/รับซื้อ/รับซื้อ-jbl-ร้อยเอ็ด","yes","2","2","","","","yes","global","global","","","no","","P3","KEEP_AS_IS"
"/รับซื้อ/รับซื้อ-jbl-ศรีสะเกษ","","service-x-location","yes","https://amphon.co.th/รับซื้อ/รับซื้อ-jbl-ศรีสะเกษ","yes","2","2","","","","yes","global","global","","","no","","P3","KEEP_AS_IS"
"/รับซื้อ/รับซื้อ-jbl-สกลนคร","","service-x-location","yes","https://amphon.co.th/รับซื้อ/รับซื้อ-jbl-สกลนคร","yes","2","2","","","","yes","global","global","","","no","","P3","KEEP_AS_IS"
"/รับซื้อ/รับซื้อ-jbl-สุรินทร์","","service-x-location","yes","https://amphon.co.th/รับซื้อ/รับซื้อ-jbl-สุรินทร์","yes","2","2","","","","yes","global","global","","","no","","P3","KEEP_AS_IS"
"/รับซื้อ/รับซื้อ-jbl-หนองคาย","","service-x-location","yes","https://amphon.co.th/รับซื้อ/รับซื้อ-jbl-หนองคาย","yes","2","2","","","","yes","global","global","","","no","","P3","KEEP_AS_IS"
"/รับซื้อ/รับซื้อ-jbl-หนองบัวลำภู","","service-x-location","yes","https://amphon.co.th/รับซื้อ/รับซื้อ-jbl-หนองบัวลำภู","yes","2","2","","","","yes","global","global","","","no","","P3","KEEP_AS_IS"
"/รับซื้อ/รับซื้อ-jbl-อำนาจเจริญ","","service-x-location","yes","https://amphon.co.th/รับซื้อ/รับซื้อ-jbl-อำนาจเจริญ","yes","2","2","","","","yes","global","global","","","no","","P3","KEEP_AS_IS"
"/รับซื้อ/รับซื้อ-jbl-อุดรธานี","","service-x-location","yes","https://amphon.co.th/รับซื้อ/รับซื้อ-jbl-อุดรธานี","yes","2","2","","","","yes","global","global","","","no","","P3","KEEP_AS_IS"
"/รับซื้อ/รับซื้อ-jbl-อุบลราชธานี","","service-x-location","yes","https://amphon.co.th/รับซื้อ/รับซื้อ-jbl-อุบลราชธานี","yes","2","2","","","","yes","global","global","","","no","","P3","KEEP_AS_IS"
"/รับซื้อ/รับซื้อ-jbl-เลย","","service-x-location","yes","https://amphon.co.th/รับซื้อ/รับซื้อ-jbl-เลย","yes","2","2","","","","yes","global","global","","","no","","P3","KEEP_AS_IS"
"/รับซื้อ/รับซื้อ-mac-mini-กาฬสินธุ์","","service-x-location","yes","https://amphon.co.th/รับซื้อ/รับซื้อ-mac-mini-กาฬสินธุ์","yes","2","2","","","","yes","global","global","","","no","","P3","KEEP_AS_IS"
"/รับซื้อ/รับซื้อ-mac-mini-ขอนแก่น","","service-x-location","yes","https://amphon.co.th/รับซื้อ/รับซื้อ-mac-mini-ขอนแก่น","yes","2","2","","","","yes","global","global","","","no","","P3","KEEP_AS_IS"
"/รับซื้อ/รับซื้อ-mac-mini-ชัยภูมิ","","service-x-location","yes","https://amphon.co.th/รับซื้อ/รับซื้อ-mac-mini-ชัยภูมิ","yes","2","2","","","","yes","global","global","","","no","","P3","KEEP_AS_IS"
"/รับซื้อ/รับซื้อ-mac-mini-นครพนม","","service-x-location","yes","https://amphon.co.th/รับซื้อ/รับซื้อ-mac-mini-นครพนม","yes","2","2","","","","yes","global","global","","","no","","P3","KEEP_AS_IS"
"/รับซื้อ/รับซื้อ-mac-mini-นครราชสีมา","","service-x-location","yes","https://amphon.co.th/รับซื้อ/รับซื้อ-mac-mini-นครราชสีมา","yes","2","2","","","","yes","global","global","","","no","","P3","KEEP_AS_IS"
"/รับซื้อ/รับซื้อ-mac-mini-บึงกาฬ","","service-x-location","yes","https://amphon.co.th/รับซื้อ/รับซื้อ-mac-mini-บึงกาฬ","yes","2","2","","","","yes","global","global","","","no","","P3","KEEP_AS_IS"
"/รับซื้อ/รับซื้อ-mac-mini-บุรีรัมย์","","service-x-location","yes","https://amphon.co.th/รับซื้อ/รับซื้อ-mac-mini-บุรีรัมย์","yes","2","2","","","","yes","global","global","","","no","","P3","KEEP_AS_IS"
"/รับซื้อ/รับซื้อ-mac-mini-มหาสารคาม","","service-x-location","yes","https://amphon.co.th/รับซื้อ/รับซื้อ-mac-mini-มหาสารคาม","yes","2","2","","","","yes","global","global","","","no","","P3","KEEP_AS_IS"
"/รับซื้อ/รับซื้อ-mac-mini-มุกดาหาร","","service-x-location","yes","https://amphon.co.th/รับซื้อ/รับซื้อ-mac-mini-มุกดาหาร","yes","2","2","","","","yes","global","global","","","no","","P3","KEEP_AS_IS"
"/รับซื้อ/รับซื้อ-mac-mini-ยโสธร","","service-x-location","yes","https://amphon.co.th/รับซื้อ/รับซื้อ-mac-mini-ยโสธร","yes","2","2","","","","yes","global","global","","","no","","P3","KEEP_AS_IS"
"/รับซื้อ/รับซื้อ-mac-mini-ร้อยเอ็ด","","service-x-location","yes","https://amphon.co.th/รับซื้อ/รับซื้อ-mac-mini-ร้อยเอ็ด","yes","2","2","","","","yes","global","global","","","no","","P3","KEEP_AS_IS"
"/รับซื้อ/รับซื้อ-mac-mini-ศรีสะเกษ","","service-x-location","yes","https://amphon.co.th/รับซื้อ/รับซื้อ-mac-mini-ศรีสะเกษ","yes","2","2","","","","yes","global","global","","","no","","P3","KEEP_AS_IS"
"/รับซื้อ/รับซื้อ-mac-mini-สกลนคร","","service-x-location","yes","https://amphon.co.th/รับซื้อ/รับซื้อ-mac-mini-สกลนคร","yes","2","2","","","","yes","global","global","","","no","","P3","KEEP_AS_IS"
"/รับซื้อ/รับซื้อ-mac-mini-สุรินทร์","","service-x-location","yes","https://amphon.co.th/รับซื้อ/รับซื้อ-mac-mini-สุรินทร์","yes","2","2","","","","yes","global","global","","","no","","P3","KEEP_AS_IS"
"/รับซื้อ/รับซื้อ-mac-mini-หนองคาย","","service-x-location","yes","https://amphon.co.th/รับซื้อ/รับซื้อ-mac-mini-หนองคาย","yes","2","2","","","","yes","global","global","","","no","","P3","KEEP_AS_IS"
"/รับซื้อ/รับซื้อ-mac-mini-หนองบัวลำภู","","service-x-location","yes","https://amphon.co.th/รับซื้อ/รับซื้อ-mac-mini-หนองบัวลำภู","yes","2","2","","","","yes","global","global","","","no","","P3","KEEP_AS_IS"
"/รับซื้อ/รับซื้อ-mac-mini-อำนาจเจริญ","","service-x-location","yes","https://amphon.co.th/รับซื้อ/รับซื้อ-mac-mini-อำนาจเจริญ","yes","2","2","","","","yes","global","global","","","no","","P3","KEEP_AS_IS"
"/รับซื้อ/รับซื้อ-mac-mini-อุดรธานี","","service-x-location","yes","https://amphon.co.th/รับซื้อ/รับซื้อ-mac-mini-อุดรธานี","yes","2","2","","","","yes","global","global","","","no","","P3","KEEP_AS_IS"
"/รับซื้อ/รับซื้อ-mac-mini-อุบลราชธานี","","service-x-location","yes","https://amphon.co.th/รับซื้อ/รับซื้อ-mac-mini-อุบลราชธานี","yes","2","2","","","","yes","global","global","","","no","","P3","KEEP_AS_IS"
"/รับซื้อ/รับซื้อ-mac-mini-เลย","","service-x-location","yes","https://amphon.co.th/รับซื้อ/รับซื้อ-mac-mini-เลย","yes","2","2","","","","yes","global","global","","","no","","P3","KEEP_AS_IS"
"/รับซื้อ/รับซื้อ-macbook-กาฬสินธุ์","","service-x-location","yes","https://amphon.co.th/รับซื้อ/รับซื้อ-macbook-กาฬสินธุ์","yes","2","2","","","","yes","global","global","","","no","","P3","KEEP_AS_IS"
"/รับซื้อ/รับซื้อ-macbook-ขอนแก่น","","service-x-location","yes","https://amphon.co.th/รับซื้อ/รับซื้อ-macbook-ขอนแก่น","yes","2","2","","","","yes","global","global","","","no","","P2","STRENGTHEN_SELECTIVE"
"/รับซื้อ/รับซื้อ-macbook-ชัยภูมิ","","service-x-location","yes","https://amphon.co.th/รับซื้อ/รับซื้อ-macbook-ชัยภูมิ","yes","2","2","","","","yes","global","global","","","no","","P3","KEEP_AS_IS"
"/รับซื้อ/รับซื้อ-macbook-นครพนม","","service-x-location","yes","https://amphon.co.th/รับซื้อ/รับซื้อ-macbook-นครพนม","yes","2","2","","","","yes","global","global","","","no","","P3","KEEP_AS_IS"
"/รับซื้อ/รับซื้อ-macbook-นครราชสีมา","","service-x-location","yes","https://amphon.co.th/รับซื้อ/รับซื้อ-macbook-นครราชสีมา","yes","2","2","","","","yes","global","global","","","no","","P2","STRENGTHEN_SELECTIVE"
"/รับซื้อ/รับซื้อ-macbook-บึงกาฬ","","service-x-location","yes","https://amphon.co.th/รับซื้อ/รับซื้อ-macbook-บึงกาฬ","yes","2","2","","","","yes","global","global","","","no","","P3","KEEP_AS_IS"
"/รับซื้อ/รับซื้อ-macbook-บุรีรัมย์","","service-x-location","yes","https://amphon.co.th/รับซื้อ/รับซื้อ-macbook-บุรีรัมย์","yes","2","2","","","","yes","global","global","","","no","","P2","STRENGTHEN_SELECTIVE"
"/รับซื้อ/รับซื้อ-macbook-มหาสารคาม","","service-x-location","yes","https://amphon.co.th/รับซื้อ/รับซื้อ-macbook-มหาสารคาม","yes","2","2","","","","yes","global","global","","","no","","P3","KEEP_AS_IS"
"/รับซื้อ/รับซื้อ-macbook-มุกดาหาร","","service-x-location","yes","https://amphon.co.th/รับซื้อ/รับซื้อ-macbook-มุกดาหาร","yes","2","2","","","","yes","global","global","","","no","","P3","KEEP_AS_IS"
"/รับซื้อ/รับซื้อ-macbook-ยโสธร","","service-x-location","yes","https://amphon.co.th/รับซื้อ/รับซื้อ-macbook-ยโสธร","yes","2","2","","","","yes","global","global","","","no","","P3","KEEP_AS_IS"
"/รับซื้อ/รับซื้อ-macbook-ร้อยเอ็ด","","service-x-location","yes","https://amphon.co.th/รับซื้อ/รับซื้อ-macbook-ร้อยเอ็ด","yes","2","2","","","","yes","global","global","","","no","","P3","KEEP_AS_IS"
"/รับซื้อ/รับซื้อ-macbook-ศรีสะเกษ","","service-x-location","yes","https://amphon.co.th/รับซื้อ/รับซื้อ-macbook-ศรีสะเกษ","yes","2","2","","","","yes","global","global","","","no","","P2","STRENGTHEN_SELECTIVE"
"/รับซื้อ/รับซื้อ-macbook-สกลนคร","","service-x-location","yes","https://amphon.co.th/รับซื้อ/รับซื้อ-macbook-สกลนคร","yes","2","2","","","","yes","global","global","","","no","","P3","KEEP_AS_IS"
"/รับซื้อ/รับซื้อ-macbook-สุรินทร์","","service-x-location","yes","https://amphon.co.th/รับซื้อ/รับซื้อ-macbook-สุรินทร์","yes","2","2","","","","yes","global","global","","","no","","P2","STRENGTHEN_SELECTIVE"
"/รับซื้อ/รับซื้อ-macbook-หนองคาย","","service-x-location","yes","https://amphon.co.th/รับซื้อ/รับซื้อ-macbook-หนองคาย","yes","2","2","","","","yes","global","global","","","no","","P3","KEEP_AS_IS"
"/รับซื้อ/รับซื้อ-macbook-หนองบัวลำภู","","service-x-location","yes","https://amphon.co.th/รับซื้อ/รับซื้อ-macbook-หนองบัวลำภู","yes","2","2","","","","yes","global","global","","","no","","P3","KEEP_AS_IS"
"/รับซื้อ/รับซื้อ-macbook-อำนาจเจริญ","","service-x-location","yes","https://amphon.co.th/รับซื้อ/รับซื้อ-macbook-อำนาจเจริญ","yes","2","2","","","","yes","global","global","","","no","","P3","KEEP_AS_IS"
"/รับซื้อ/รับซื้อ-macbook-อุดรธานี","","service-x-location","yes","https://amphon.co.th/รับซื้อ/รับซื้อ-macbook-อุดรธานี","yes","2","2","","","","yes","global","global","","","no","","P2","STRENGTHEN_SELECTIVE"
"/รับซื้อ/รับซื้อ-macbook-อุบลราชธานี","","service-x-location","yes","https://amphon.co.th/รับซื้อ/รับซื้อ-macbook-อุบลราชธานี","yes","2","2","","","","yes","global","global","","","no","","P2","STRENGTHEN_SELECTIVE"
"/รับซื้อ/รับซื้อ-macbook-เลย","","service-x-location","yes","https://amphon.co.th/รับซื้อ/รับซื้อ-macbook-เลย","yes","2","2","","","","yes","global","global","","","no","","P3","KEEP_AS_IS"
"/รับซื้อ/รับซื้อ-marshall-กาฬสินธุ์","","service-x-location","yes","https://amphon.co.th/รับซื้อ/รับซื้อ-marshall-กาฬสินธุ์","yes","2","2","","","","yes","global","global","","","no","","P3","KEEP_AS_IS"
"/รับซื้อ/รับซื้อ-marshall-ขอนแก่น","","service-x-location","yes","https://amphon.co.th/รับซื้อ/รับซื้อ-marshall-ขอนแก่น","yes","2","2","","","","yes","global","global","","","no","","P3","KEEP_AS_IS"
"/รับซื้อ/รับซื้อ-marshall-ชัยภูมิ","","service-x-location","yes","https://amphon.co.th/รับซื้อ/รับซื้อ-marshall-ชัยภูมิ","yes","2","2","","","","yes","global","global","","","no","","P3","KEEP_AS_IS"
"/รับซื้อ/รับซื้อ-marshall-นครพนม","","service-x-location","yes","https://amphon.co.th/รับซื้อ/รับซื้อ-marshall-นครพนม","yes","2","2","","","","yes","global","global","","","no","","P3","KEEP_AS_IS"
"/รับซื้อ/รับซื้อ-marshall-นครราชสีมา","","service-x-location","yes","https://amphon.co.th/รับซื้อ/รับซื้อ-marshall-นครราชสีมา","yes","2","2","","","","yes","global","global","","","no","","P3","KEEP_AS_IS"
"/รับซื้อ/รับซื้อ-marshall-บึงกาฬ","","service-x-location","yes","https://amphon.co.th/รับซื้อ/รับซื้อ-marshall-บึงกาฬ","yes","2","2","","","","yes","global","global","","","no","","P3","KEEP_AS_IS"
"/รับซื้อ/รับซื้อ-marshall-บุรีรัมย์","","service-x-location","yes","https://amphon.co.th/รับซื้อ/รับซื้อ-marshall-บุรีรัมย์","yes","2","2","","","","yes","global","global","","","no","","P3","KEEP_AS_IS"
"/รับซื้อ/รับซื้อ-marshall-มหาสารคาม","","service-x-location","yes","https://amphon.co.th/รับซื้อ/รับซื้อ-marshall-มหาสารคาม","yes","2","2","","","","yes","global","global","","","no","","P3","KEEP_AS_IS"
"/รับซื้อ/รับซื้อ-marshall-มุกดาหาร","","service-x-location","yes","https://amphon.co.th/รับซื้อ/รับซื้อ-marshall-มุกดาหาร","yes","2","2","","","","yes","global","global","","","no","","P3","KEEP_AS_IS"
"/รับซื้อ/รับซื้อ-marshall-ยโสธร","","service-x-location","yes","https://amphon.co.th/รับซื้อ/รับซื้อ-marshall-ยโสธร","yes","2","2","","","","yes","global","global","","","no","","P3","KEEP_AS_IS"
"/รับซื้อ/รับซื้อ-marshall-ร้อยเอ็ด","","service-x-location","yes","https://amphon.co.th/รับซื้อ/รับซื้อ-marshall-ร้อยเอ็ด","yes","2","2","","","","yes","global","global","","","no","","P3","KEEP_AS_IS"
"/รับซื้อ/รับซื้อ-marshall-ศรีสะเกษ","","service-x-location","yes","https://amphon.co.th/รับซื้อ/รับซื้อ-marshall-ศรีสะเกษ","yes","2","2","","","","yes","global","global","","","no","","P3","KEEP_AS_IS"
"/รับซื้อ/รับซื้อ-marshall-สกลนคร","","service-x-location","yes","https://amphon.co.th/รับซื้อ/รับซื้อ-marshall-สกลนคร","yes","2","2","","","","yes","global","global","","","no","","P3","KEEP_AS_IS"
"/รับซื้อ/รับซื้อ-marshall-สุรินทร์","","service-x-location","yes","https://amphon.co.th/รับซื้อ/รับซื้อ-marshall-สุรินทร์","yes","2","2","","","","yes","global","global","","","no","","P3","KEEP_AS_IS"
"/รับซื้อ/รับซื้อ-marshall-หนองคาย","","service-x-location","yes","https://amphon.co.th/รับซื้อ/รับซื้อ-marshall-หนองคาย","yes","2","2","","","","yes","global","global","","","no","","P3","KEEP_AS_IS"
"/รับซื้อ/รับซื้อ-marshall-หนองบัวลำภู","","service-x-location","yes","https://amphon.co.th/รับซื้อ/รับซื้อ-marshall-หนองบัวลำภู","yes","2","2","","","","yes","global","global","","","no","","P3","KEEP_AS_IS"
"/รับซื้อ/รับซื้อ-marshall-อำนาจเจริญ","","service-x-location","yes","https://amphon.co.th/รับซื้อ/รับซื้อ-marshall-อำนาจเจริญ","yes","2","2","","","","yes","global","global","","","no","","P3","KEEP_AS_IS"
"/รับซื้อ/รับซื้อ-marshall-อุดรธานี","","service-x-location","yes","https://amphon.co.th/รับซื้อ/รับซื้อ-marshall-อุดรธานี","yes","2","2","","","","yes","global","global","","","no","","P3","KEEP_AS_IS"
"/รับซื้อ/รับซื้อ-marshall-อุบลราชธานี","","service-x-location","yes","https://amphon.co.th/รับซื้อ/รับซื้อ-marshall-อุบลราชธานี","yes","2","2","","","","yes","global","global","","","no","","P3","KEEP_AS_IS"
"/รับซื้อ/รับซื้อ-marshall-เลย","","service-x-location","yes","https://amphon.co.th/รับซื้อ/รับซื้อ-marshall-เลย","yes","2","2","","","","yes","global","global","","","no","","P3","KEEP_AS_IS"
"/รับซื้อ/รับซื้อ-nintendo-switch-กาฬสินธุ์","","service-x-location","yes","https://amphon.co.th/รับซื้อ/รับซื้อ-nintendo-switch-กาฬสินธุ์","yes","2","2","","","","yes","global","global","","","no","","P3","KEEP_AS_IS"
"/รับซื้อ/รับซื้อ-nintendo-switch-ขอนแก่น","","service-x-location","yes","https://amphon.co.th/รับซื้อ/รับซื้อ-nintendo-switch-ขอนแก่น","yes","2","2","","","","yes","global","global","","","no","","P3","KEEP_AS_IS"
"/รับซื้อ/รับซื้อ-nintendo-switch-ชัยภูมิ","","service-x-location","yes","https://amphon.co.th/รับซื้อ/รับซื้อ-nintendo-switch-ชัยภูมิ","yes","2","2","","","","yes","global","global","","","no","","P3","KEEP_AS_IS"
"/รับซื้อ/รับซื้อ-nintendo-switch-นครพนม","","service-x-location","yes","https://amphon.co.th/รับซื้อ/รับซื้อ-nintendo-switch-นครพนม","yes","2","2","","","","yes","global","global","","","no","","P3","KEEP_AS_IS"
"/รับซื้อ/รับซื้อ-nintendo-switch-นครราชสีมา","","service-x-location","yes","https://amphon.co.th/รับซื้อ/รับซื้อ-nintendo-switch-นครราชสีมา","yes","2","2","","","","yes","global","global","","","no","","P3","KEEP_AS_IS"
"/รับซื้อ/รับซื้อ-nintendo-switch-บึงกาฬ","","service-x-location","yes","https://amphon.co.th/รับซื้อ/รับซื้อ-nintendo-switch-บึงกาฬ","yes","2","2","","","","yes","global","global","","","no","","P3","KEEP_AS_IS"
"/รับซื้อ/รับซื้อ-nintendo-switch-บุรีรัมย์","","service-x-location","yes","https://amphon.co.th/รับซื้อ/รับซื้อ-nintendo-switch-บุรีรัมย์","yes","2","2","","","","yes","global","global","","","no","","P3","KEEP_AS_IS"
"/รับซื้อ/รับซื้อ-nintendo-switch-มหาสารคาม","","service-x-location","yes","https://amphon.co.th/รับซื้อ/รับซื้อ-nintendo-switch-มหาสารคาม","yes","2","2","","","","yes","global","global","","","no","","P3","KEEP_AS_IS"
"/รับซื้อ/รับซื้อ-nintendo-switch-มุกดาหาร","","service-x-location","yes","https://amphon.co.th/รับซื้อ/รับซื้อ-nintendo-switch-มุกดาหาร","yes","2","2","","","","yes","global","global","","","no","","P3","KEEP_AS_IS"
"/รับซื้อ/รับซื้อ-nintendo-switch-ยโสธร","","service-x-location","yes","https://amphon.co.th/รับซื้อ/รับซื้อ-nintendo-switch-ยโสธร","yes","2","2","","","","yes","global","global","","","no","","P3","KEEP_AS_IS"
"/รับซื้อ/รับซื้อ-nintendo-switch-ร้อยเอ็ด","","service-x-location","yes","https://amphon.co.th/รับซื้อ/รับซื้อ-nintendo-switch-ร้อยเอ็ด","yes","2","2","","","","yes","global","global","","","no","","P3","KEEP_AS_IS"
"/รับซื้อ/รับซื้อ-nintendo-switch-ศรีสะเกษ","","service-x-location","yes","https://amphon.co.th/รับซื้อ/รับซื้อ-nintendo-switch-ศรีสะเกษ","yes","2","2","","","","yes","global","global","","","no","","P3","KEEP_AS_IS"
"/รับซื้อ/รับซื้อ-nintendo-switch-สกลนคร","","service-x-location","yes","https://amphon.co.th/รับซื้อ/รับซื้อ-nintendo-switch-สกลนคร","yes","2","2","","","","yes","global","global","","","no","","P3","KEEP_AS_IS"
"/รับซื้อ/รับซื้อ-nintendo-switch-สุรินทร์","","service-x-location","yes","https://amphon.co.th/รับซื้อ/รับซื้อ-nintendo-switch-สุรินทร์","yes","2","2","","","","yes","global","global","","","no","","P3","KEEP_AS_IS"
"/รับซื้อ/รับซื้อ-nintendo-switch-หนองคาย","","service-x-location","yes","https://amphon.co.th/รับซื้อ/รับซื้อ-nintendo-switch-หนองคาย","yes","2","2","","","","yes","global","global","","","no","","P3","KEEP_AS_IS"
"/รับซื้อ/รับซื้อ-nintendo-switch-หนองบัวลำภู","","service-x-location","yes","https://amphon.co.th/รับซื้อ/รับซื้อ-nintendo-switch-หนองบัวลำภู","yes","2","2","","","","yes","global","global","","","no","","P3","KEEP_AS_IS"
"/รับซื้อ/รับซื้อ-nintendo-switch-อำนาจเจริญ","","service-x-location","yes","https://amphon.co.th/รับซื้อ/รับซื้อ-nintendo-switch-อำนาจเจริญ","yes","2","2","","","","yes","global","global","","","no","","P3","KEEP_AS_IS"
"/รับซื้อ/รับซื้อ-nintendo-switch-อุดรธานี","","service-x-location","yes","https://amphon.co.th/รับซื้อ/รับซื้อ-nintendo-switch-อุดรธานี","yes","2","2","","","","yes","global","global","","","no","","P3","KEEP_AS_IS"
"/รับซื้อ/รับซื้อ-nintendo-switch-อุบลราชธานี","","service-x-location","yes","https://amphon.co.th/รับซื้อ/รับซื้อ-nintendo-switch-อุบลราชธานี","yes","2","2","","","","yes","global","global","","","no","","P3","KEEP_AS_IS"
"/รับซื้อ/รับซื้อ-nintendo-switch-เลย","","service-x-location","yes","https://amphon.co.th/รับซื้อ/รับซื้อ-nintendo-switch-เลย","yes","2","2","","","","yes","global","global","","","no","","P3","KEEP_AS_IS"
"/รับซื้อ/รับซื้อ-playstation-กาฬสินธุ์","","service-x-location","yes","https://amphon.co.th/รับซื้อ/รับซื้อ-playstation-กาฬสินธุ์","yes","2","2","","","","yes","global","global","","","no","","P3","KEEP_AS_IS"
"/รับซื้อ/รับซื้อ-playstation-ขอนแก่น","","service-x-location","yes","https://amphon.co.th/รับซื้อ/รับซื้อ-playstation-ขอนแก่น","yes","2","2","","","","yes","global","global","","","no","","P3","KEEP_AS_IS"
"/รับซื้อ/รับซื้อ-playstation-ชัยภูมิ","","service-x-location","yes","https://amphon.co.th/รับซื้อ/รับซื้อ-playstation-ชัยภูมิ","yes","2","2","","","","yes","global","global","","","no","","P3","KEEP_AS_IS"
"/รับซื้อ/รับซื้อ-playstation-นครพนม","","service-x-location","yes","https://amphon.co.th/รับซื้อ/รับซื้อ-playstation-นครพนม","yes","2","2","","","","yes","global","global","","","no","","P3","KEEP_AS_IS"
"/รับซื้อ/รับซื้อ-playstation-นครราชสีมา","","service-x-location","yes","https://amphon.co.th/รับซื้อ/รับซื้อ-playstation-นครราชสีมา","yes","2","2","","","","yes","global","global","","","no","","P3","KEEP_AS_IS"
"/รับซื้อ/รับซื้อ-playstation-บึงกาฬ","","service-x-location","yes","https://amphon.co.th/รับซื้อ/รับซื้อ-playstation-บึงกาฬ","yes","2","2","","","","yes","global","global","","","no","","P3","KEEP_AS_IS"
"/รับซื้อ/รับซื้อ-playstation-บุรีรัมย์","","service-x-location","yes","https://amphon.co.th/รับซื้อ/รับซื้อ-playstation-บุรีรัมย์","yes","2","2","","","","yes","global","global","","","no","","P3","KEEP_AS_IS"
"/รับซื้อ/รับซื้อ-playstation-มหาสารคาม","","service-x-location","yes","https://amphon.co.th/รับซื้อ/รับซื้อ-playstation-มหาสารคาม","yes","2","2","","","","yes","global","global","","","no","","P3","KEEP_AS_IS"
"/รับซื้อ/รับซื้อ-playstation-มุกดาหาร","","service-x-location","yes","https://amphon.co.th/รับซื้อ/รับซื้อ-playstation-มุกดาหาร","yes","2","2","","","","yes","global","global","","","no","","P3","KEEP_AS_IS"
"/รับซื้อ/รับซื้อ-playstation-ยโสธร","","service-x-location","yes","https://amphon.co.th/รับซื้อ/รับซื้อ-playstation-ยโสธร","yes","2","2","","","","yes","global","global","","","no","","P3","KEEP_AS_IS"
"/รับซื้อ/รับซื้อ-playstation-ร้อยเอ็ด","","service-x-location","yes","https://amphon.co.th/รับซื้อ/รับซื้อ-playstation-ร้อยเอ็ด","yes","2","2","","","","yes","global","global","","","no","","P3","KEEP_AS_IS"
"/รับซื้อ/รับซื้อ-playstation-ศรีสะเกษ","","service-x-location","yes","https://amphon.co.th/รับซื้อ/รับซื้อ-playstation-ศรีสะเกษ","yes","2","2","","","","yes","global","global","","","no","","P3","KEEP_AS_IS"
"/รับซื้อ/รับซื้อ-playstation-สกลนคร","","service-x-location","yes","https://amphon.co.th/รับซื้อ/รับซื้อ-playstation-สกลนคร","yes","2","2","","","","yes","global","global","","","no","","P3","KEEP_AS_IS"
"/รับซื้อ/รับซื้อ-playstation-สุรินทร์","","service-x-location","yes","https://amphon.co.th/รับซื้อ/รับซื้อ-playstation-สุรินทร์","yes","2","2","","","","yes","global","global","","","no","","P3","KEEP_AS_IS"
"/รับซื้อ/รับซื้อ-playstation-หนองคาย","","service-x-location","yes","https://amphon.co.th/รับซื้อ/รับซื้อ-playstation-หนองคาย","yes","2","2","","","","yes","global","global","","","no","","P3","KEEP_AS_IS"
"/รับซื้อ/รับซื้อ-playstation-หนองบัวลำภู","","service-x-location","yes","https://amphon.co.th/รับซื้อ/รับซื้อ-playstation-หนองบัวลำภู","yes","2","2","","","","yes","global","global","","","no","","P3","KEEP_AS_IS"
"/รับซื้อ/รับซื้อ-playstation-อำนาจเจริญ","","service-x-location","yes","https://amphon.co.th/รับซื้อ/รับซื้อ-playstation-อำนาจเจริญ","yes","2","2","","","","yes","global","global","","","no","","P3","KEEP_AS_IS"
"/รับซื้อ/รับซื้อ-playstation-อุดรธานี","","service-x-location","yes","https://amphon.co.th/รับซื้อ/รับซื้อ-playstation-อุดรธานี","yes","2","2","","","","yes","global","global","","","no","","P3","KEEP_AS_IS"
"/รับซื้อ/รับซื้อ-playstation-อุบลราชธานี","","service-x-location","yes","https://amphon.co.th/รับซื้อ/รับซื้อ-playstation-อุบลราชธานี","yes","2","2","","","","yes","global","global","","","no","","P3","KEEP_AS_IS"
"/รับซื้อ/รับซื้อ-playstation-เลย","","service-x-location","yes","https://amphon.co.th/รับซื้อ/รับซื้อ-playstation-เลย","yes","2","2","","","","yes","global","global","","","no","","P3","KEEP_AS_IS"
"/รับซื้อ/รับซื้อ-server-กาฬสินธุ์","","service-x-location","yes","https://amphon.co.th/รับซื้อ/รับซื้อ-server-กาฬสินธุ์","yes","2","2","","","","yes","global","global","","","yes","","DEFER_TO_F04","DEFER_TO_F04"
"/รับซื้อ/รับซื้อ-server-ขอนแก่น","","service-x-location","yes","https://amphon.co.th/รับซื้อ/รับซื้อ-server-ขอนแก่น","yes","2","2","","","","yes","global","global","","","yes","","DEFER_TO_F04","DEFER_TO_F04"
"/รับซื้อ/รับซื้อ-server-ชัยภูมิ","","service-x-location","yes","https://amphon.co.th/รับซื้อ/รับซื้อ-server-ชัยภูมิ","yes","2","2","","","","yes","global","global","","","yes","","DEFER_TO_F04","DEFER_TO_F04"
"/รับซื้อ/รับซื้อ-server-นครพนม","","service-x-location","yes","https://amphon.co.th/รับซื้อ/รับซื้อ-server-นครพนม","yes","2","2","","","","yes","global","global","","","yes","","DEFER_TO_F04","DEFER_TO_F04"
"/รับซื้อ/รับซื้อ-server-นครราชสีมา","","service-x-location","yes","https://amphon.co.th/รับซื้อ/รับซื้อ-server-นครราชสีมา","yes","2","2","","","","yes","global","global","","","yes","","DEFER_TO_F04","DEFER_TO_F04"
"/รับซื้อ/รับซื้อ-server-บึงกาฬ","","service-x-location","yes","https://amphon.co.th/รับซื้อ/รับซื้อ-server-บึงกาฬ","yes","2","2","","","","yes","global","global","","","yes","","DEFER_TO_F04","DEFER_TO_F04"
"/รับซื้อ/รับซื้อ-server-บุรีรัมย์","","service-x-location","yes","https://amphon.co.th/รับซื้อ/รับซื้อ-server-บุรีรัมย์","yes","2","2","","","","yes","global","global","","","yes","","DEFER_TO_F04","DEFER_TO_F04"
"/รับซื้อ/รับซื้อ-server-มหาสารคาม","","service-x-location","yes","https://amphon.co.th/รับซื้อ/รับซื้อ-server-มหาสารคาม","yes","2","2","","","","yes","global","global","","","yes","","DEFER_TO_F04","DEFER_TO_F04"
"/รับซื้อ/รับซื้อ-server-มุกดาหาร","","service-x-location","yes","https://amphon.co.th/รับซื้อ/รับซื้อ-server-มุกดาหาร","yes","2","2","","","","yes","global","global","","","yes","","DEFER_TO_F04","DEFER_TO_F04"
"/รับซื้อ/รับซื้อ-server-ยโสธร","","service-x-location","yes","https://amphon.co.th/รับซื้อ/รับซื้อ-server-ยโสธร","yes","2","2","","","","yes","global","global","","","yes","","DEFER_TO_F04","DEFER_TO_F04"
"/รับซื้อ/รับซื้อ-server-ร้อยเอ็ด","","service-x-location","yes","https://amphon.co.th/รับซื้อ/รับซื้อ-server-ร้อยเอ็ด","yes","2","2","","","","yes","global","global","","","yes","","DEFER_TO_F04","DEFER_TO_F04"
"/รับซื้อ/รับซื้อ-server-ศรีสะเกษ","","service-x-location","yes","https://amphon.co.th/รับซื้อ/รับซื้อ-server-ศรีสะเกษ","yes","2","2","","","","yes","global","global","","","yes","","DEFER_TO_F04","DEFER_TO_F04"
"/รับซื้อ/รับซื้อ-server-สกลนคร","","service-x-location","yes","https://amphon.co.th/รับซื้อ/รับซื้อ-server-สกลนคร","yes","2","2","","","","yes","global","global","","","yes","","DEFER_TO_F04","DEFER_TO_F04"
"/รับซื้อ/รับซื้อ-server-สุรินทร์","","service-x-location","yes","https://amphon.co.th/รับซื้อ/รับซื้อ-server-สุรินทร์","yes","2","2","","","","yes","global","global","","","yes","","DEFER_TO_F04","DEFER_TO_F04"
"/รับซื้อ/รับซื้อ-server-หนองคาย","","service-x-location","yes","https://amphon.co.th/รับซื้อ/รับซื้อ-server-หนองคาย","yes","2","2","","","","yes","global","global","","","yes","","DEFER_TO_F04","DEFER_TO_F04"
"/รับซื้อ/รับซื้อ-server-หนองบัวลำภู","","service-x-location","yes","https://amphon.co.th/รับซื้อ/รับซื้อ-server-หนองบัวลำภู","yes","2","2","","","","yes","global","global","","","yes","","DEFER_TO_F04","DEFER_TO_F04"
"/รับซื้อ/รับซื้อ-server-อำนาจเจริญ","","service-x-location","yes","https://amphon.co.th/รับซื้อ/รับซื้อ-server-อำนาจเจริญ","yes","2","2","","","","yes","global","global","","","yes","","DEFER_TO_F04","DEFER_TO_F04"
"/รับซื้อ/รับซื้อ-server-อุดรธานี","","service-x-location","yes","https://amphon.co.th/รับซื้อ/รับซื้อ-server-อุดรธานี","yes","2","2","","","","yes","global","global","","","yes","","DEFER_TO_F04","DEFER_TO_F04"
"/รับซื้อ/รับซื้อ-server-อุบลราชธานี","","service-x-location","yes","https://amphon.co.th/รับซื้อ/รับซื้อ-server-อุบลราชธานี","yes","2","2","","","","yes","global","global","","","yes","","DEFER_TO_F04","DEFER_TO_F04"
"/รับซื้อ/รับซื้อ-server-เลย","","service-x-location","yes","https://amphon.co.th/รับซื้อ/รับซื้อ-server-เลย","yes","2","2","","","","yes","global","global","","","yes","","DEFER_TO_F04","DEFER_TO_F04"
"/รับซื้อ/รับซื้อ-ssd-กาฬสินธุ์","","service-x-location","yes","https://amphon.co.th/รับซื้อ/รับซื้อ-ssd-กาฬสินธุ์","yes","2","2","","","","yes","global","global","","","no","","P3","KEEP_AS_IS"
"/รับซื้อ/รับซื้อ-ssd-ขอนแก่น","","service-x-location","yes","https://amphon.co.th/รับซื้อ/รับซื้อ-ssd-ขอนแก่น","yes","2","2","","","","yes","global","global","","","no","","P3","KEEP_AS_IS"
"/รับซื้อ/รับซื้อ-ssd-ชัยภูมิ","","service-x-location","yes","https://amphon.co.th/รับซื้อ/รับซื้อ-ssd-ชัยภูมิ","yes","2","2","","","","yes","global","global","","","no","","P3","KEEP_AS_IS"
"/รับซื้อ/รับซื้อ-ssd-นครพนม","","service-x-location","yes","https://amphon.co.th/รับซื้อ/รับซื้อ-ssd-นครพนม","yes","2","2","","","","yes","global","global","","","no","","P3","KEEP_AS_IS"
"/รับซื้อ/รับซื้อ-ssd-นครราชสีมา","","service-x-location","yes","https://amphon.co.th/รับซื้อ/รับซื้อ-ssd-นครราชสีมา","yes","2","2","","","","yes","global","global","","","no","","P3","KEEP_AS_IS"
"/รับซื้อ/รับซื้อ-ssd-บึงกาฬ","","service-x-location","yes","https://amphon.co.th/รับซื้อ/รับซื้อ-ssd-บึงกาฬ","yes","2","2","","","","yes","global","global","","","no","","P3","KEEP_AS_IS"
"/รับซื้อ/รับซื้อ-ssd-บุรีรัมย์","","service-x-location","yes","https://amphon.co.th/รับซื้อ/รับซื้อ-ssd-บุรีรัมย์","yes","2","2","","","","yes","global","global","","","no","","P3","KEEP_AS_IS"
"/รับซื้อ/รับซื้อ-ssd-มหาสารคาม","","service-x-location","yes","https://amphon.co.th/รับซื้อ/รับซื้อ-ssd-มหาสารคาม","yes","2","2","","","","yes","global","global","","","no","","P3","KEEP_AS_IS"
"/รับซื้อ/รับซื้อ-ssd-มุกดาหาร","","service-x-location","yes","https://amphon.co.th/รับซื้อ/รับซื้อ-ssd-มุกดาหาร","yes","2","2","","","","yes","global","global","","","no","","P3","KEEP_AS_IS"
"/รับซื้อ/รับซื้อ-ssd-ยโสธร","","service-x-location","yes","https://amphon.co.th/รับซื้อ/รับซื้อ-ssd-ยโสธร","yes","2","2","","","","yes","global","global","","","no","","P3","KEEP_AS_IS"
"/รับซื้อ/รับซื้อ-ssd-ร้อยเอ็ด","","service-x-location","yes","https://amphon.co.th/รับซื้อ/รับซื้อ-ssd-ร้อยเอ็ด","yes","2","2","","","","yes","global","global","","","no","","P3","KEEP_AS_IS"
"/รับซื้อ/รับซื้อ-ssd-ศรีสะเกษ","","service-x-location","yes","https://amphon.co.th/รับซื้อ/รับซื้อ-ssd-ศรีสะเกษ","yes","2","2","","","","yes","global","global","","","no","","P3","KEEP_AS_IS"
"/รับซื้อ/รับซื้อ-ssd-สกลนคร","","service-x-location","yes","https://amphon.co.th/รับซื้อ/รับซื้อ-ssd-สกลนคร","yes","2","2","","","","yes","global","global","","","no","","P3","KEEP_AS_IS"
"/รับซื้อ/รับซื้อ-ssd-สุรินทร์","","service-x-location","yes","https://amphon.co.th/รับซื้อ/รับซื้อ-ssd-สุรินทร์","yes","2","2","","","","yes","global","global","","","no","","P3","KEEP_AS_IS"
"/รับซื้อ/รับซื้อ-ssd-หนองคาย","","service-x-location","yes","https://amphon.co.th/รับซื้อ/รับซื้อ-ssd-หนองคาย","yes","2","2","","","","yes","global","global","","","no","","P3","KEEP_AS_IS"
"/รับซื้อ/รับซื้อ-ssd-หนองบัวลำภู","","service-x-location","yes","https://amphon.co.th/รับซื้อ/รับซื้อ-ssd-หนองบัวลำภู","yes","2","2","","","","yes","global","global","","","no","","P3","KEEP_AS_IS"
"/รับซื้อ/รับซื้อ-ssd-อำนาจเจริญ","","service-x-location","yes","https://amphon.co.th/รับซื้อ/รับซื้อ-ssd-อำนาจเจริญ","yes","2","2","","","","yes","global","global","","","no","","P3","KEEP_AS_IS"
"/รับซื้อ/รับซื้อ-ssd-อุดรธานี","","service-x-location","yes","https://amphon.co.th/รับซื้อ/รับซื้อ-ssd-อุดรธานี","yes","2","2","","","","yes","global","global","","","no","","P3","KEEP_AS_IS"
"/รับซื้อ/รับซื้อ-ssd-อุบลราชธานี","","service-x-location","yes","https://amphon.co.th/รับซื้อ/รับซื้อ-ssd-อุบลราชธานี","yes","2","2","","","","yes","global","global","","","no","","P3","KEEP_AS_IS"
"/รับซื้อ/รับซื้อ-ssd-เลย","","service-x-location","yes","https://amphon.co.th/รับซื้อ/รับซื้อ-ssd-เลย","yes","2","2","","","","yes","global","global","","","no","","P3","KEEP_AS_IS"
"/รับซื้อ/รับซื้อ-surface-กาฬสินธุ์","","service-x-location","yes","https://amphon.co.th/รับซื้อ/รับซื้อ-surface-กาฬสินธุ์","yes","2","2","","","","yes","global","global","","","no","","P3","KEEP_AS_IS"
"/รับซื้อ/รับซื้อ-surface-ขอนแก่น","","service-x-location","yes","https://amphon.co.th/รับซื้อ/รับซื้อ-surface-ขอนแก่น","yes","2","2","","","","yes","global","global","","","no","","P3","KEEP_AS_IS"
"/รับซื้อ/รับซื้อ-surface-ชัยภูมิ","","service-x-location","yes","https://amphon.co.th/รับซื้อ/รับซื้อ-surface-ชัยภูมิ","yes","2","2","","","","yes","global","global","","","no","","P3","KEEP_AS_IS"
"/รับซื้อ/รับซื้อ-surface-นครพนม","","service-x-location","yes","https://amphon.co.th/รับซื้อ/รับซื้อ-surface-นครพนม","yes","2","2","","","","yes","global","global","","","no","","P3","KEEP_AS_IS"
"/รับซื้อ/รับซื้อ-surface-นครราชสีมา","","service-x-location","yes","https://amphon.co.th/รับซื้อ/รับซื้อ-surface-นครราชสีมา","yes","2","2","","","","yes","global","global","","","no","","P3","KEEP_AS_IS"
"/รับซื้อ/รับซื้อ-surface-บึงกาฬ","","service-x-location","yes","https://amphon.co.th/รับซื้อ/รับซื้อ-surface-บึงกาฬ","yes","2","2","","","","yes","global","global","","","no","","P3","KEEP_AS_IS"
"/รับซื้อ/รับซื้อ-surface-บุรีรัมย์","","service-x-location","yes","https://amphon.co.th/รับซื้อ/รับซื้อ-surface-บุรีรัมย์","yes","2","2","","","","yes","global","global","","","no","","P3","KEEP_AS_IS"
"/รับซื้อ/รับซื้อ-surface-มหาสารคาม","","service-x-location","yes","https://amphon.co.th/รับซื้อ/รับซื้อ-surface-มหาสารคาม","yes","2","2","","","","yes","global","global","","","no","","P3","KEEP_AS_IS"
"/รับซื้อ/รับซื้อ-surface-มุกดาหาร","","service-x-location","yes","https://amphon.co.th/รับซื้อ/รับซื้อ-surface-มุกดาหาร","yes","2","2","","","","yes","global","global","","","no","","P3","KEEP_AS_IS"
"/รับซื้อ/รับซื้อ-surface-ยโสธร","","service-x-location","yes","https://amphon.co.th/รับซื้อ/รับซื้อ-surface-ยโสธร","yes","2","2","","","","yes","global","global","","","no","","P3","KEEP_AS_IS"
"/รับซื้อ/รับซื้อ-surface-ร้อยเอ็ด","","service-x-location","yes","https://amphon.co.th/รับซื้อ/รับซื้อ-surface-ร้อยเอ็ด","yes","2","2","","","","yes","global","global","","","no","","P3","KEEP_AS_IS"
"/รับซื้อ/รับซื้อ-surface-ศรีสะเกษ","","service-x-location","yes","https://amphon.co.th/รับซื้อ/รับซื้อ-surface-ศรีสะเกษ","yes","2","2","","","","yes","global","global","","","no","","P3","KEEP_AS_IS"
"/รับซื้อ/รับซื้อ-surface-สกลนคร","","service-x-location","yes","https://amphon.co.th/รับซื้อ/รับซื้อ-surface-สกลนคร","yes","2","2","","","","yes","global","global","","","no","","P3","KEEP_AS_IS"
"/รับซื้อ/รับซื้อ-surface-สุรินทร์","","service-x-location","yes","https://amphon.co.th/รับซื้อ/รับซื้อ-surface-สุรินทร์","yes","2","2","","","","yes","global","global","","","no","","P3","KEEP_AS_IS"
"/รับซื้อ/รับซื้อ-surface-หนองคาย","","service-x-location","yes","https://amphon.co.th/รับซื้อ/รับซื้อ-surface-หนองคาย","yes","2","2","","","","yes","global","global","","","no","","P3","KEEP_AS_IS"
"/รับซื้อ/รับซื้อ-surface-หนองบัวลำภู","","service-x-location","yes","https://amphon.co.th/รับซื้อ/รับซื้อ-surface-หนองบัวลำภู","yes","2","2","","","","yes","global","global","","","no","","P3","KEEP_AS_IS"
"/รับซื้อ/รับซื้อ-surface-อำนาจเจริญ","","service-x-location","yes","https://amphon.co.th/รับซื้อ/รับซื้อ-surface-อำนาจเจริญ","yes","2","2","","","","yes","global","global","","","no","","P3","KEEP_AS_IS"
"/รับซื้อ/รับซื้อ-surface-อุดรธานี","","service-x-location","yes","https://amphon.co.th/รับซื้อ/รับซื้อ-surface-อุดรธานี","yes","2","2","","","","yes","global","global","","","no","","P3","KEEP_AS_IS"
"/รับซื้อ/รับซื้อ-surface-อุบลราชธานี","","service-x-location","yes","https://amphon.co.th/รับซื้อ/รับซื้อ-surface-อุบลราชธานี","yes","2","2","","","","yes","global","global","","","no","","P3","KEEP_AS_IS"
"/รับซื้อ/รับซื้อ-surface-เลย","","service-x-location","yes","https://amphon.co.th/รับซื้อ/รับซื้อ-surface-เลย","yes","2","2","","","","yes","global","global","","","no","","P3","KEEP_AS_IS"
"/รับซื้อ/รับซื้อ-ups-กาฬสินธุ์","","service-x-location","yes","https://amphon.co.th/รับซื้อ/รับซื้อ-ups-กาฬสินธุ์","yes","2","2","","","","yes","global","global","","","yes","","DEFER_TO_F04","DEFER_TO_F04"
"/รับซื้อ/รับซื้อ-ups-ขอนแก่น","","service-x-location","yes","https://amphon.co.th/รับซื้อ/รับซื้อ-ups-ขอนแก่น","yes","2","2","","","","yes","global","global","","","yes","","DEFER_TO_F04","DEFER_TO_F04"
"/รับซื้อ/รับซื้อ-ups-ชัยภูมิ","","service-x-location","yes","https://amphon.co.th/รับซื้อ/รับซื้อ-ups-ชัยภูมิ","yes","2","2","","","","yes","global","global","","","yes","","DEFER_TO_F04","DEFER_TO_F04"
"/รับซื้อ/รับซื้อ-ups-นครพนม","","service-x-location","yes","https://amphon.co.th/รับซื้อ/รับซื้อ-ups-นครพนม","yes","2","2","","","","yes","global","global","","","yes","","DEFER_TO_F04","DEFER_TO_F04"
"/รับซื้อ/รับซื้อ-ups-นครราชสีมา","","service-x-location","yes","https://amphon.co.th/รับซื้อ/รับซื้อ-ups-นครราชสีมา","yes","2","2","","","","yes","global","global","","","yes","","DEFER_TO_F04","DEFER_TO_F04"
"/รับซื้อ/รับซื้อ-ups-บึงกาฬ","","service-x-location","yes","https://amphon.co.th/รับซื้อ/รับซื้อ-ups-บึงกาฬ","yes","2","2","","","","yes","global","global","","","yes","","DEFER_TO_F04","DEFER_TO_F04"
"/รับซื้อ/รับซื้อ-ups-บุรีรัมย์","","service-x-location","yes","https://amphon.co.th/รับซื้อ/รับซื้อ-ups-บุรีรัมย์","yes","2","2","","","","yes","global","global","","","yes","","DEFER_TO_F04","DEFER_TO_F04"
"/รับซื้อ/รับซื้อ-ups-มหาสารคาม","","service-x-location","yes","https://amphon.co.th/รับซื้อ/รับซื้อ-ups-มหาสารคาม","yes","2","2","","","","yes","global","global","","","yes","","DEFER_TO_F04","DEFER_TO_F04"
"/รับซื้อ/รับซื้อ-ups-มุกดาหาร","","service-x-location","yes","https://amphon.co.th/รับซื้อ/รับซื้อ-ups-มุกดาหาร","yes","2","2","","","","yes","global","global","","","yes","","DEFER_TO_F04","DEFER_TO_F04"
"/รับซื้อ/รับซื้อ-ups-ยโสธร","","service-x-location","yes","https://amphon.co.th/รับซื้อ/รับซื้อ-ups-ยโสธร","yes","2","2","","","","yes","global","global","","","yes","","DEFER_TO_F04","DEFER_TO_F04"
"/รับซื้อ/รับซื้อ-ups-ร้อยเอ็ด","","service-x-location","yes","https://amphon.co.th/รับซื้อ/รับซื้อ-ups-ร้อยเอ็ด","yes","2","2","","","","yes","global","global","","","yes","","DEFER_TO_F04","DEFER_TO_F04"
"/รับซื้อ/รับซื้อ-ups-ศรีสะเกษ","","service-x-location","yes","https://amphon.co.th/รับซื้อ/รับซื้อ-ups-ศรีสะเกษ","yes","2","2","","","","yes","global","global","","","yes","","DEFER_TO_F04","DEFER_TO_F04"
"/รับซื้อ/รับซื้อ-ups-สกลนคร","","service-x-location","yes","https://amphon.co.th/รับซื้อ/รับซื้อ-ups-สกลนคร","yes","2","2","","","","yes","global","global","","","yes","","DEFER_TO_F04","DEFER_TO_F04"
"/รับซื้อ/รับซื้อ-ups-สุรินทร์","","service-x-location","yes","https://amphon.co.th/รับซื้อ/รับซื้อ-ups-สุรินทร์","yes","2","2","","","","yes","global","global","","","yes","","DEFER_TO_F04","DEFER_TO_F04"
"/รับซื้อ/รับซื้อ-ups-หนองคาย","","service-x-location","yes","https://amphon.co.th/รับซื้อ/รับซื้อ-ups-หนองคาย","yes","2","2","","","","yes","global","global","","","yes","","DEFER_TO_F04","DEFER_TO_F04"
"/รับซื้อ/รับซื้อ-ups-หนองบัวลำภู","","service-x-location","yes","https://amphon.co.th/รับซื้อ/รับซื้อ-ups-หนองบัวลำภู","yes","2","2","","","","yes","global","global","","","yes","","DEFER_TO_F04","DEFER_TO_F04"
"/รับซื้อ/รับซื้อ-ups-อำนาจเจริญ","","service-x-location","yes","https://amphon.co.th/รับซื้อ/รับซื้อ-ups-อำนาจเจริญ","yes","2","2","","","","yes","global","global","","","yes","","DEFER_TO_F04","DEFER_TO_F04"
"/รับซื้อ/รับซื้อ-ups-อุดรธานี","","service-x-location","yes","https://amphon.co.th/รับซื้อ/รับซื้อ-ups-อุดรธานี","yes","2","2","","","","yes","global","global","","","yes","","DEFER_TO_F04","DEFER_TO_F04"
"/รับซื้อ/รับซื้อ-ups-อุบลราชธานี","","service-x-location","yes","https://amphon.co.th/รับซื้อ/รับซื้อ-ups-อุบลราชธานี","yes","2","2","","","","yes","global","global","","","yes","","DEFER_TO_F04","DEFER_TO_F04"
"/รับซื้อ/รับซื้อ-ups-เลย","","service-x-location","yes","https://amphon.co.th/รับซื้อ/รับซื้อ-ups-เลย","yes","2","2","","","","yes","global","global","","","yes","","DEFER_TO_F04","DEFER_TO_F04"
"/รับซื้อ/รับซื้อกล้อง-canon-กาฬสินธุ์","","service-x-location","yes","https://amphon.co.th/รับซื้อ/รับซื้อกล้อง-canon-กาฬสินธุ์","yes","2","2","","","","yes","global","global","","","no","","P3","KEEP_AS_IS"
"/รับซื้อ/รับซื้อกล้อง-canon-ขอนแก่น","","service-x-location","yes","https://amphon.co.th/รับซื้อ/รับซื้อกล้อง-canon-ขอนแก่น","yes","2","2","","","","yes","global","global","","","no","","P2","STRENGTHEN_SELECTIVE"
"/รับซื้อ/รับซื้อกล้อง-canon-ชัยภูมิ","","service-x-location","yes","https://amphon.co.th/รับซื้อ/รับซื้อกล้อง-canon-ชัยภูมิ","yes","2","2","","","","yes","global","global","","","no","","P3","KEEP_AS_IS"
"/รับซื้อ/รับซื้อกล้อง-canon-นครพนม","","service-x-location","yes","https://amphon.co.th/รับซื้อ/รับซื้อกล้อง-canon-นครพนม","yes","2","2","","","","yes","global","global","","","no","","P3","KEEP_AS_IS"
"/รับซื้อ/รับซื้อกล้อง-canon-นครราชสีมา","","service-x-location","yes","https://amphon.co.th/รับซื้อ/รับซื้อกล้อง-canon-นครราชสีมา","yes","2","2","","","","yes","global","global","","","no","","P2","STRENGTHEN_SELECTIVE"
"/รับซื้อ/รับซื้อกล้อง-canon-บึงกาฬ","","service-x-location","yes","https://amphon.co.th/รับซื้อ/รับซื้อกล้อง-canon-บึงกาฬ","yes","2","2","","","","yes","global","global","","","no","","P3","KEEP_AS_IS"
"/รับซื้อ/รับซื้อกล้อง-canon-บุรีรัมย์","","service-x-location","yes","https://amphon.co.th/รับซื้อ/รับซื้อกล้อง-canon-บุรีรัมย์","yes","2","2","","","","yes","global","global","","","no","","P2","STRENGTHEN_SELECTIVE"
"/รับซื้อ/รับซื้อกล้อง-canon-มหาสารคาม","","service-x-location","yes","https://amphon.co.th/รับซื้อ/รับซื้อกล้อง-canon-มหาสารคาม","yes","2","2","","","","yes","global","global","","","no","","P3","KEEP_AS_IS"
"/รับซื้อ/รับซื้อกล้อง-canon-มุกดาหาร","","service-x-location","yes","https://amphon.co.th/รับซื้อ/รับซื้อกล้อง-canon-มุกดาหาร","yes","2","2","","","","yes","global","global","","","no","","P3","KEEP_AS_IS"
"/รับซื้อ/รับซื้อกล้อง-canon-ยโสธร","","service-x-location","yes","https://amphon.co.th/รับซื้อ/รับซื้อกล้อง-canon-ยโสธร","yes","2","2","","","","yes","global","global","","","no","","P3","KEEP_AS_IS"
"/รับซื้อ/รับซื้อกล้อง-canon-ร้อยเอ็ด","","service-x-location","yes","https://amphon.co.th/รับซื้อ/รับซื้อกล้อง-canon-ร้อยเอ็ด","yes","2","2","","","","yes","global","global","","","no","","P3","KEEP_AS_IS"
"/รับซื้อ/รับซื้อกล้อง-canon-ศรีสะเกษ","","service-x-location","yes","https://amphon.co.th/รับซื้อ/รับซื้อกล้อง-canon-ศรีสะเกษ","yes","2","2","","","","yes","global","global","","","no","","P2","STRENGTHEN_SELECTIVE"
"/รับซื้อ/รับซื้อกล้อง-canon-สกลนคร","","service-x-location","yes","https://amphon.co.th/รับซื้อ/รับซื้อกล้อง-canon-สกลนคร","yes","2","2","","","","yes","global","global","","","no","","P3","KEEP_AS_IS"
"/รับซื้อ/รับซื้อกล้อง-canon-สุรินทร์","","service-x-location","yes","https://amphon.co.th/รับซื้อ/รับซื้อกล้อง-canon-สุรินทร์","yes","2","2","","","","yes","global","global","","","no","","P2","STRENGTHEN_SELECTIVE"
"/รับซื้อ/รับซื้อกล้อง-canon-หนองคาย","","service-x-location","yes","https://amphon.co.th/รับซื้อ/รับซื้อกล้อง-canon-หนองคาย","yes","2","2","","","","yes","global","global","","","no","","P3","KEEP_AS_IS"
"/รับซื้อ/รับซื้อกล้อง-canon-หนองบัวลำภู","","service-x-location","yes","https://amphon.co.th/รับซื้อ/รับซื้อกล้อง-canon-หนองบัวลำภู","yes","2","2","","","","yes","global","global","","","no","","P3","KEEP_AS_IS"
"/รับซื้อ/รับซื้อกล้อง-canon-อำนาจเจริญ","","service-x-location","yes","https://amphon.co.th/รับซื้อ/รับซื้อกล้อง-canon-อำนาจเจริญ","yes","2","2","","","","yes","global","global","","","no","","P3","KEEP_AS_IS"
"/รับซื้อ/รับซื้อกล้อง-canon-อุดรธานี","","service-x-location","yes","https://amphon.co.th/รับซื้อ/รับซื้อกล้อง-canon-อุดรธานี","yes","2","2","","","","yes","global","global","","","no","","P2","STRENGTHEN_SELECTIVE"
"/รับซื้อ/รับซื้อกล้อง-canon-อุบลราชธานี","","service-x-location","yes","https://amphon.co.th/รับซื้อ/รับซื้อกล้อง-canon-อุบลราชธานี","yes","2","2","","","","yes","global","global","","","no","","P2","STRENGTHEN_SELECTIVE"
"/รับซื้อ/รับซื้อกล้อง-canon-เลย","","service-x-location","yes","https://amphon.co.th/รับซื้อ/รับซื้อกล้อง-canon-เลย","yes","2","2","","","","yes","global","global","","","no","","P3","KEEP_AS_IS"
"/รับซื้อ/รับซื้อกล้อง-fujifilm-กาฬสินธุ์","","service-x-location","yes","https://amphon.co.th/รับซื้อ/รับซื้อกล้อง-fujifilm-กาฬสินธุ์","yes","2","2","","","","yes","global","global","","","no","","P3","KEEP_AS_IS"
"/รับซื้อ/รับซื้อกล้อง-fujifilm-ขอนแก่น","","service-x-location","yes","https://amphon.co.th/รับซื้อ/รับซื้อกล้อง-fujifilm-ขอนแก่น","yes","2","2","","","","yes","global","global","","","no","","P2","STRENGTHEN_SELECTIVE"
"/รับซื้อ/รับซื้อกล้อง-fujifilm-ชัยภูมิ","","service-x-location","yes","https://amphon.co.th/รับซื้อ/รับซื้อกล้อง-fujifilm-ชัยภูมิ","yes","2","2","","","","yes","global","global","","","no","","P3","KEEP_AS_IS"
"/รับซื้อ/รับซื้อกล้อง-fujifilm-นครพนม","","service-x-location","yes","https://amphon.co.th/รับซื้อ/รับซื้อกล้อง-fujifilm-นครพนม","yes","2","2","","","","yes","global","global","","","no","","P3","KEEP_AS_IS"
"/รับซื้อ/รับซื้อกล้อง-fujifilm-นครราชสีมา","","service-x-location","yes","https://amphon.co.th/รับซื้อ/รับซื้อกล้อง-fujifilm-นครราชสีมา","yes","2","2","","","","yes","global","global","","","no","","P2","STRENGTHEN_SELECTIVE"
"/รับซื้อ/รับซื้อกล้อง-fujifilm-บึงกาฬ","","service-x-location","yes","https://amphon.co.th/รับซื้อ/รับซื้อกล้อง-fujifilm-บึงกาฬ","yes","2","2","","","","yes","global","global","","","no","","P3","KEEP_AS_IS"
"/รับซื้อ/รับซื้อกล้อง-fujifilm-บุรีรัมย์","","service-x-location","yes","https://amphon.co.th/รับซื้อ/รับซื้อกล้อง-fujifilm-บุรีรัมย์","yes","2","2","","","","yes","global","global","","","no","","P2","STRENGTHEN_SELECTIVE"
"/รับซื้อ/รับซื้อกล้อง-fujifilm-มหาสารคาม","","service-x-location","yes","https://amphon.co.th/รับซื้อ/รับซื้อกล้อง-fujifilm-มหาสารคาม","yes","2","2","","","","yes","global","global","","","no","","P3","KEEP_AS_IS"
"/รับซื้อ/รับซื้อกล้อง-fujifilm-มุกดาหาร","","service-x-location","yes","https://amphon.co.th/รับซื้อ/รับซื้อกล้อง-fujifilm-มุกดาหาร","yes","2","2","","","","yes","global","global","","","no","","P3","KEEP_AS_IS"
"/รับซื้อ/รับซื้อกล้อง-fujifilm-ยโสธร","","service-x-location","yes","https://amphon.co.th/รับซื้อ/รับซื้อกล้อง-fujifilm-ยโสธร","yes","2","2","","","","yes","global","global","","","no","","P3","KEEP_AS_IS"
"/รับซื้อ/รับซื้อกล้อง-fujifilm-ร้อยเอ็ด","","service-x-location","yes","https://amphon.co.th/รับซื้อ/รับซื้อกล้อง-fujifilm-ร้อยเอ็ด","yes","2","2","","","","yes","global","global","","","no","","P3","KEEP_AS_IS"
"/รับซื้อ/รับซื้อกล้อง-fujifilm-ศรีสะเกษ","","service-x-location","yes","https://amphon.co.th/รับซื้อ/รับซื้อกล้อง-fujifilm-ศรีสะเกษ","yes","2","2","","","","yes","global","global","","","no","","P2","STRENGTHEN_SELECTIVE"
"/รับซื้อ/รับซื้อกล้อง-fujifilm-สกลนคร","","service-x-location","yes","https://amphon.co.th/รับซื้อ/รับซื้อกล้อง-fujifilm-สกลนคร","yes","2","2","","","","yes","global","global","","","no","","P3","KEEP_AS_IS"
"/รับซื้อ/รับซื้อกล้อง-fujifilm-สุรินทร์","","service-x-location","yes","https://amphon.co.th/รับซื้อ/รับซื้อกล้อง-fujifilm-สุรินทร์","yes","2","2","","","","yes","global","global","","","no","","P2","STRENGTHEN_SELECTIVE"
"/รับซื้อ/รับซื้อกล้อง-fujifilm-หนองคาย","","service-x-location","yes","https://amphon.co.th/รับซื้อ/รับซื้อกล้อง-fujifilm-หนองคาย","yes","2","2","","","","yes","global","global","","","no","","P3","KEEP_AS_IS"
"/รับซื้อ/รับซื้อกล้อง-fujifilm-หนองบัวลำภู","","service-x-location","yes","https://amphon.co.th/รับซื้อ/รับซื้อกล้อง-fujifilm-หนองบัวลำภู","yes","2","2","","","","yes","global","global","","","no","","P3","KEEP_AS_IS"
"/รับซื้อ/รับซื้อกล้อง-fujifilm-อำนาจเจริญ","","service-x-location","yes","https://amphon.co.th/รับซื้อ/รับซื้อกล้อง-fujifilm-อำนาจเจริญ","yes","2","2","","","","yes","global","global","","","no","","P3","KEEP_AS_IS"
"/รับซื้อ/รับซื้อกล้อง-fujifilm-อุดรธานี","","service-x-location","yes","https://amphon.co.th/รับซื้อ/รับซื้อกล้อง-fujifilm-อุดรธานี","yes","2","2","","","","yes","global","global","","","no","","P2","STRENGTHEN_SELECTIVE"
"/รับซื้อ/รับซื้อกล้อง-fujifilm-อุบลราชธานี","","service-x-location","yes","https://amphon.co.th/รับซื้อ/รับซื้อกล้อง-fujifilm-อุบลราชธานี","yes","2","2","","","","yes","global","global","","","no","","P2","STRENGTHEN_SELECTIVE"
"/รับซื้อ/รับซื้อกล้อง-fujifilm-เลย","","service-x-location","yes","https://amphon.co.th/รับซื้อ/รับซื้อกล้อง-fujifilm-เลย","yes","2","2","","","","yes","global","global","","","no","","P3","KEEP_AS_IS"
"/รับซื้อ/รับซื้อกล้อง-sony-กาฬสินธุ์","","service-x-location","yes","https://amphon.co.th/รับซื้อ/รับซื้อกล้อง-sony-กาฬสินธุ์","yes","2","2","","","","yes","global","global","","","no","","P3","KEEP_AS_IS"
"/รับซื้อ/รับซื้อกล้อง-sony-ขอนแก่น","","service-x-location","yes","https://amphon.co.th/รับซื้อ/รับซื้อกล้อง-sony-ขอนแก่น","yes","2","2","","","","yes","global","global","","","no","","P2","STRENGTHEN_SELECTIVE"
"/รับซื้อ/รับซื้อกล้อง-sony-ชัยภูมิ","","service-x-location","yes","https://amphon.co.th/รับซื้อ/รับซื้อกล้อง-sony-ชัยภูมิ","yes","2","2","","","","yes","global","global","","","no","","P3","KEEP_AS_IS"
"/รับซื้อ/รับซื้อกล้อง-sony-นครพนม","","service-x-location","yes","https://amphon.co.th/รับซื้อ/รับซื้อกล้อง-sony-นครพนม","yes","2","2","","","","yes","global","global","","","no","","P3","KEEP_AS_IS"
"/รับซื้อ/รับซื้อกล้อง-sony-นครราชสีมา","","service-x-location","yes","https://amphon.co.th/รับซื้อ/รับซื้อกล้อง-sony-นครราชสีมา","yes","2","2","","","","yes","global","global","","","no","","P2","STRENGTHEN_SELECTIVE"
"/รับซื้อ/รับซื้อกล้อง-sony-บึงกาฬ","","service-x-location","yes","https://amphon.co.th/รับซื้อ/รับซื้อกล้อง-sony-บึงกาฬ","yes","2","2","","","","yes","global","global","","","no","","P3","KEEP_AS_IS"
"/รับซื้อ/รับซื้อกล้อง-sony-บุรีรัมย์","","service-x-location","yes","https://amphon.co.th/รับซื้อ/รับซื้อกล้อง-sony-บุรีรัมย์","yes","2","2","","","","yes","global","global","","","no","","P2","STRENGTHEN_SELECTIVE"
"/รับซื้อ/รับซื้อกล้อง-sony-มหาสารคาม","","service-x-location","yes","https://amphon.co.th/รับซื้อ/รับซื้อกล้อง-sony-มหาสารคาม","yes","2","2","","","","yes","global","global","","","no","","P3","KEEP_AS_IS"
"/รับซื้อ/รับซื้อกล้อง-sony-มุกดาหาร","","service-x-location","yes","https://amphon.co.th/รับซื้อ/รับซื้อกล้อง-sony-มุกดาหาร","yes","2","2","","","","yes","global","global","","","no","","P3","KEEP_AS_IS"
"/รับซื้อ/รับซื้อกล้อง-sony-ยโสธร","","service-x-location","yes","https://amphon.co.th/รับซื้อ/รับซื้อกล้อง-sony-ยโสธร","yes","2","2","","","","yes","global","global","","","no","","P3","KEEP_AS_IS"
"/รับซื้อ/รับซื้อกล้อง-sony-ร้อยเอ็ด","","service-x-location","yes","https://amphon.co.th/รับซื้อ/รับซื้อกล้อง-sony-ร้อยเอ็ด","yes","2","2","","","","yes","global","global","","","no","","P3","KEEP_AS_IS"
"/รับซื้อ/รับซื้อกล้อง-sony-ศรีสะเกษ","","service-x-location","yes","https://amphon.co.th/รับซื้อ/รับซื้อกล้อง-sony-ศรีสะเกษ","yes","2","2","","","","yes","global","global","","","no","","P2","STRENGTHEN_SELECTIVE"
"/รับซื้อ/รับซื้อกล้อง-sony-สกลนคร","","service-x-location","yes","https://amphon.co.th/รับซื้อ/รับซื้อกล้อง-sony-สกลนคร","yes","2","2","","","","yes","global","global","","","no","","P3","KEEP_AS_IS"
"/รับซื้อ/รับซื้อกล้อง-sony-สุรินทร์","","service-x-location","yes","https://amphon.co.th/รับซื้อ/รับซื้อกล้อง-sony-สุรินทร์","yes","2","2","","","","yes","global","global","","","no","","P2","STRENGTHEN_SELECTIVE"
"/รับซื้อ/รับซื้อกล้อง-sony-หนองคาย","","service-x-location","yes","https://amphon.co.th/รับซื้อ/รับซื้อกล้อง-sony-หนองคาย","yes","2","2","","","","yes","global","global","","","no","","P3","KEEP_AS_IS"
"/รับซื้อ/รับซื้อกล้อง-sony-หนองบัวลำภู","","service-x-location","yes","https://amphon.co.th/รับซื้อ/รับซื้อกล้อง-sony-หนองบัวลำภู","yes","2","2","","","","yes","global","global","","","no","","P3","KEEP_AS_IS"
"/รับซื้อ/รับซื้อกล้อง-sony-อำนาจเจริญ","","service-x-location","yes","https://amphon.co.th/รับซื้อ/รับซื้อกล้อง-sony-อำนาจเจริญ","yes","2","2","","","","yes","global","global","","","no","","P3","KEEP_AS_IS"
"/รับซื้อ/รับซื้อกล้อง-sony-อุดรธานี","","service-x-location","yes","https://amphon.co.th/รับซื้อ/รับซื้อกล้อง-sony-อุดรธานี","yes","2","2","","","","yes","global","global","","","no","","P2","STRENGTHEN_SELECTIVE"
"/รับซื้อ/รับซื้อกล้อง-sony-อุบลราชธานี","","service-x-location","yes","https://amphon.co.th/รับซื้อ/รับซื้อกล้อง-sony-อุบลราชธานี","yes","2","2","","","","yes","global","global","","","no","","P2","STRENGTHEN_SELECTIVE"
"/รับซื้อ/รับซื้อกล้อง-sony-เลย","","service-x-location","yes","https://amphon.co.th/รับซื้อ/รับซื้อกล้อง-sony-เลย","yes","2","2","","","","yes","global","global","","","no","","P3","KEEP_AS_IS"
"/รับซื้อ/รับซื้อกล้อง-กาฬสินธุ์","","service-x-location","yes","https://amphon.co.th/รับซื้อ/รับซื้อกล้อง-กาฬสินธุ์","yes","2","2","","","","yes","global","global","","","no","","P3","KEEP_AS_IS"
"/รับซื้อ/รับซื้อกล้อง-ขอนแก่น","","service-x-location","yes","https://amphon.co.th/รับซื้อ/รับซื้อกล้อง-ขอนแก่น","yes","2","2","","","","yes","global","global","","","no","","P2","STRENGTHEN_SELECTIVE"
"/รับซื้อ/รับซื้อกล้อง-ชัยภูมิ","","service-x-location","yes","https://amphon.co.th/รับซื้อ/รับซื้อกล้อง-ชัยภูมิ","yes","2","2","","","","yes","global","global","","","no","","P3","KEEP_AS_IS"
"/รับซื้อ/รับซื้อกล้อง-นครพนม","","service-x-location","yes","https://amphon.co.th/รับซื้อ/รับซื้อกล้อง-นครพนม","yes","2","2","","","","yes","global","global","","","no","","P3","KEEP_AS_IS"
"/รับซื้อ/รับซื้อกล้อง-นครราชสีมา","","service-x-location","yes","https://amphon.co.th/รับซื้อ/รับซื้อกล้อง-นครราชสีมา","yes","2","2","","","","yes","global","global","","","no","","P2","STRENGTHEN_SELECTIVE"
"/รับซื้อ/รับซื้อกล้อง-บึงกาฬ","","service-x-location","yes","https://amphon.co.th/รับซื้อ/รับซื้อกล้อง-บึงกาฬ","yes","2","2","","","","yes","global","global","","","no","","P3","KEEP_AS_IS"
"/รับซื้อ/รับซื้อกล้อง-บุรีรัมย์","","service-x-location","yes","https://amphon.co.th/รับซื้อ/รับซื้อกล้อง-บุรีรัมย์","yes","2","2","","","","yes","global","global","","","no","","P2","STRENGTHEN_SELECTIVE"
"/รับซื้อ/รับซื้อกล้อง-มหาสารคาม","","service-x-location","yes","https://amphon.co.th/รับซื้อ/รับซื้อกล้อง-มหาสารคาม","yes","2","2","","","","yes","global","global","","","no","","P3","KEEP_AS_IS"
"/รับซื้อ/รับซื้อกล้อง-มุกดาหาร","","service-x-location","yes","https://amphon.co.th/รับซื้อ/รับซื้อกล้อง-มุกดาหาร","yes","2","2","","","","yes","global","global","","","no","","P3","KEEP_AS_IS"
"/รับซื้อ/รับซื้อกล้อง-ยโสธร","","service-x-location","yes","https://amphon.co.th/รับซื้อ/รับซื้อกล้อง-ยโสธร","yes","2","2","","","","yes","global","global","","","no","","P3","KEEP_AS_IS"
"/รับซื้อ/รับซื้อกล้อง-ร้อยเอ็ด","","service-x-location","yes","https://amphon.co.th/รับซื้อ/รับซื้อกล้อง-ร้อยเอ็ด","yes","2","2","","","","yes","global","global","","","no","","P3","KEEP_AS_IS"
"/รับซื้อ/รับซื้อกล้อง-ศรีสะเกษ","","service-x-location","yes","https://amphon.co.th/รับซื้อ/รับซื้อกล้อง-ศรีสะเกษ","yes","2","2","","","","yes","global","global","","","no","","P2","STRENGTHEN_SELECTIVE"
"/รับซื้อ/รับซื้อกล้อง-สกลนคร","","service-x-location","yes","https://amphon.co.th/รับซื้อ/รับซื้อกล้อง-สกลนคร","yes","2","2","","","","yes","global","global","","","no","","P3","KEEP_AS_IS"
"/รับซื้อ/รับซื้อกล้อง-สุรินทร์","","service-x-location","yes","https://amphon.co.th/รับซื้อ/รับซื้อกล้อง-สุรินทร์","yes","2","2","","","","yes","global","global","","","no","","P2","STRENGTHEN_SELECTIVE"
"/รับซื้อ/รับซื้อกล้อง-หนองคาย","","service-x-location","yes","https://amphon.co.th/รับซื้อ/รับซื้อกล้อง-หนองคาย","yes","2","2","","","","yes","global","global","","","no","","P3","KEEP_AS_IS"
"/รับซื้อ/รับซื้อกล้อง-หนองบัวลำภู","","service-x-location","yes","https://amphon.co.th/รับซื้อ/รับซื้อกล้อง-หนองบัวลำภู","yes","2","2","","","","yes","global","global","","","no","","P3","KEEP_AS_IS"
"/รับซื้อ/รับซื้อกล้อง-อำนาจเจริญ","","service-x-location","yes","https://amphon.co.th/รับซื้อ/รับซื้อกล้อง-อำนาจเจริญ","yes","2","2","","","","yes","global","global","","","no","","P3","KEEP_AS_IS"
"/รับซื้อ/รับซื้อกล้อง-อุดรธานี","","service-x-location","yes","https://amphon.co.th/รับซื้อ/รับซื้อกล้อง-อุดรธานี","yes","2","2","","","","yes","global","global","","","no","","P2","STRENGTHEN_SELECTIVE"
"/รับซื้อ/รับซื้อกล้อง-อุบลราชธานี","","service-x-location","yes","https://amphon.co.th/รับซื้อ/รับซื้อกล้อง-อุบลราชธานี","yes","11","11","","","","yes","global","global","","","no","","P2","STRENGTHEN_SELECTIVE"
"/รับซื้อ/รับซื้อกล้อง-เลย","","service-x-location","yes","https://amphon.co.th/รับซื้อ/รับซื้อกล้อง-เลย","yes","2","2","","","","yes","global","global","","","no","","P3","KEEP_AS_IS"
"/รับซื้อ/รับซื้อการ์ดจอ-กาฬสินธุ์","","service-x-location","yes","https://amphon.co.th/รับซื้อ/รับซื้อการ์ดจอ-กาฬสินธุ์","yes","2","2","","","","yes","global","global","","","no","","P3","KEEP_AS_IS"
"/รับซื้อ/รับซื้อการ์ดจอ-ขอนแก่น","","service-x-location","yes","https://amphon.co.th/รับซื้อ/รับซื้อการ์ดจอ-ขอนแก่น","yes","2","2","","","","yes","global","global","","","no","","P3","KEEP_AS_IS"
"/รับซื้อ/รับซื้อการ์ดจอ-ชัยภูมิ","","service-x-location","yes","https://amphon.co.th/รับซื้อ/รับซื้อการ์ดจอ-ชัยภูมิ","yes","2","2","","","","yes","global","global","","","no","","P3","KEEP_AS_IS"
"/รับซื้อ/รับซื้อการ์ดจอ-นครพนม","","service-x-location","yes","https://amphon.co.th/รับซื้อ/รับซื้อการ์ดจอ-นครพนม","yes","2","2","","","","yes","global","global","","","no","","P3","KEEP_AS_IS"
"/รับซื้อ/รับซื้อการ์ดจอ-นครราชสีมา","","service-x-location","yes","https://amphon.co.th/รับซื้อ/รับซื้อการ์ดจอ-นครราชสีมา","yes","2","2","","","","yes","global","global","","","no","","P3","KEEP_AS_IS"
"/รับซื้อ/รับซื้อการ์ดจอ-บึงกาฬ","","service-x-location","yes","https://amphon.co.th/รับซื้อ/รับซื้อการ์ดจอ-บึงกาฬ","yes","2","2","","","","yes","global","global","","","no","","P3","KEEP_AS_IS"
"/รับซื้อ/รับซื้อการ์ดจอ-บุรีรัมย์","","service-x-location","yes","https://amphon.co.th/รับซื้อ/รับซื้อการ์ดจอ-บุรีรัมย์","yes","2","2","","","","yes","global","global","","","no","","P3","KEEP_AS_IS"
"/รับซื้อ/รับซื้อการ์ดจอ-มหาสารคาม","","service-x-location","yes","https://amphon.co.th/รับซื้อ/รับซื้อการ์ดจอ-มหาสารคาม","yes","2","2","","","","yes","global","global","","","no","","P3","KEEP_AS_IS"
"/รับซื้อ/รับซื้อการ์ดจอ-มุกดาหาร","","service-x-location","yes","https://amphon.co.th/รับซื้อ/รับซื้อการ์ดจอ-มุกดาหาร","yes","2","2","","","","yes","global","global","","","no","","P3","KEEP_AS_IS"
"/รับซื้อ/รับซื้อการ์ดจอ-ยโสธร","","service-x-location","yes","https://amphon.co.th/รับซื้อ/รับซื้อการ์ดจอ-ยโสธร","yes","2","2","","","","yes","global","global","","","no","","P3","KEEP_AS_IS"
"/รับซื้อ/รับซื้อการ์ดจอ-ร้อยเอ็ด","","service-x-location","yes","https://amphon.co.th/รับซื้อ/รับซื้อการ์ดจอ-ร้อยเอ็ด","yes","2","2","","","","yes","global","global","","","no","","P3","KEEP_AS_IS"
"/รับซื้อ/รับซื้อการ์ดจอ-ศรีสะเกษ","","service-x-location","yes","https://amphon.co.th/รับซื้อ/รับซื้อการ์ดจอ-ศรีสะเกษ","yes","2","2","","","","yes","global","global","","","no","","P3","KEEP_AS_IS"
"/รับซื้อ/รับซื้อการ์ดจอ-สกลนคร","","service-x-location","yes","https://amphon.co.th/รับซื้อ/รับซื้อการ์ดจอ-สกลนคร","yes","2","2","","","","yes","global","global","","","no","","P3","KEEP_AS_IS"
"/รับซื้อ/รับซื้อการ์ดจอ-สุรินทร์","","service-x-location","yes","https://amphon.co.th/รับซื้อ/รับซื้อการ์ดจอ-สุรินทร์","yes","2","2","","","","yes","global","global","","","no","","P3","KEEP_AS_IS"
"/รับซื้อ/รับซื้อการ์ดจอ-หนองคาย","","service-x-location","yes","https://amphon.co.th/รับซื้อ/รับซื้อการ์ดจอ-หนองคาย","yes","2","2","","","","yes","global","global","","","no","","P3","KEEP_AS_IS"
"/รับซื้อ/รับซื้อการ์ดจอ-หนองบัวลำภู","","service-x-location","yes","https://amphon.co.th/รับซื้อ/รับซื้อการ์ดจอ-หนองบัวลำภู","yes","2","2","","","","yes","global","global","","","no","","P3","KEEP_AS_IS"
"/รับซื้อ/รับซื้อการ์ดจอ-อำนาจเจริญ","","service-x-location","yes","https://amphon.co.th/รับซื้อ/รับซื้อการ์ดจอ-อำนาจเจริญ","yes","2","2","","","","yes","global","global","","","no","","P3","KEEP_AS_IS"
"/รับซื้อ/รับซื้อการ์ดจอ-อุดรธานี","","service-x-location","yes","https://amphon.co.th/รับซื้อ/รับซื้อการ์ดจอ-อุดรธานี","yes","2","2","","","","yes","global","global","","","no","","P3","KEEP_AS_IS"
"/รับซื้อ/รับซื้อการ์ดจอ-อุบลราชธานี","","service-x-location","yes","https://amphon.co.th/รับซื้อ/รับซื้อการ์ดจอ-อุบลราชธานี","yes","2","2","","","","yes","global","global","","","no","","P3","KEEP_AS_IS"
"/รับซื้อ/รับซื้อการ์ดจอ-เลย","","service-x-location","yes","https://amphon.co.th/รับซื้อ/รับซื้อการ์ดจอ-เลย","yes","2","2","","","","yes","global","global","","","no","","P3","KEEP_AS_IS"
"/รับซื้อ/รับซื้อของสะสม-กาฬสินธุ์","","service-x-location","yes","https://amphon.co.th/รับซื้อ/รับซื้อของสะสม-กาฬสินธุ์","yes","2","2","","","","yes","global","global","","","yes","","DEFER_TO_F04","DEFER_TO_F04"
"/รับซื้อ/รับซื้อของสะสม-ขอนแก่น","","service-x-location","yes","https://amphon.co.th/รับซื้อ/รับซื้อของสะสม-ขอนแก่น","yes","2","2","","","","yes","global","global","","","yes","","DEFER_TO_F04","DEFER_TO_F04"
"/รับซื้อ/รับซื้อของสะสม-ชัยภูมิ","","service-x-location","yes","https://amphon.co.th/รับซื้อ/รับซื้อของสะสม-ชัยภูมิ","yes","2","2","","","","yes","global","global","","","yes","","DEFER_TO_F04","DEFER_TO_F04"
"/รับซื้อ/รับซื้อของสะสม-นครพนม","","service-x-location","yes","https://amphon.co.th/รับซื้อ/รับซื้อของสะสม-นครพนม","yes","2","2","","","","yes","global","global","","","yes","","DEFER_TO_F04","DEFER_TO_F04"
"/รับซื้อ/รับซื้อของสะสม-นครราชสีมา","","service-x-location","yes","https://amphon.co.th/รับซื้อ/รับซื้อของสะสม-นครราชสีมา","yes","2","2","","","","yes","global","global","","","yes","","DEFER_TO_F04","DEFER_TO_F04"
"/รับซื้อ/รับซื้อของสะสม-บึงกาฬ","","service-x-location","yes","https://amphon.co.th/รับซื้อ/รับซื้อของสะสม-บึงกาฬ","yes","2","2","","","","yes","global","global","","","yes","","DEFER_TO_F04","DEFER_TO_F04"
"/รับซื้อ/รับซื้อของสะสม-บุรีรัมย์","","service-x-location","yes","https://amphon.co.th/รับซื้อ/รับซื้อของสะสม-บุรีรัมย์","yes","2","2","","","","yes","global","global","","","yes","","DEFER_TO_F04","DEFER_TO_F04"
"/รับซื้อ/รับซื้อของสะสม-มหาสารคาม","","service-x-location","yes","https://amphon.co.th/รับซื้อ/รับซื้อของสะสม-มหาสารคาม","yes","2","2","","","","yes","global","global","","","yes","","DEFER_TO_F04","DEFER_TO_F04"
"/รับซื้อ/รับซื้อของสะสม-มุกดาหาร","","service-x-location","yes","https://amphon.co.th/รับซื้อ/รับซื้อของสะสม-มุกดาหาร","yes","2","2","","","","yes","global","global","","","yes","","DEFER_TO_F04","DEFER_TO_F04"
"/รับซื้อ/รับซื้อของสะสม-ยโสธร","","service-x-location","yes","https://amphon.co.th/รับซื้อ/รับซื้อของสะสม-ยโสธร","yes","2","2","","","","yes","global","global","","","yes","","DEFER_TO_F04","DEFER_TO_F04"
"/รับซื้อ/รับซื้อของสะสม-ร้อยเอ็ด","","service-x-location","yes","https://amphon.co.th/รับซื้อ/รับซื้อของสะสม-ร้อยเอ็ด","yes","2","2","","","","yes","global","global","","","yes","","DEFER_TO_F04","DEFER_TO_F04"
"/รับซื้อ/รับซื้อของสะสม-ศรีสะเกษ","","service-x-location","yes","https://amphon.co.th/รับซื้อ/รับซื้อของสะสม-ศรีสะเกษ","yes","2","2","","","","yes","global","global","","","yes","","DEFER_TO_F04","DEFER_TO_F04"
"/รับซื้อ/รับซื้อของสะสม-สกลนคร","","service-x-location","yes","https://amphon.co.th/รับซื้อ/รับซื้อของสะสม-สกลนคร","yes","2","2","","","","yes","global","global","","","yes","","DEFER_TO_F04","DEFER_TO_F04"
"/รับซื้อ/รับซื้อของสะสม-สุรินทร์","","service-x-location","yes","https://amphon.co.th/รับซื้อ/รับซื้อของสะสม-สุรินทร์","yes","2","2","","","","yes","global","global","","","yes","","DEFER_TO_F04","DEFER_TO_F04"
"/รับซื้อ/รับซื้อของสะสม-หนองคาย","","service-x-location","yes","https://amphon.co.th/รับซื้อ/รับซื้อของสะสม-หนองคาย","yes","2","2","","","","yes","global","global","","","yes","","DEFER_TO_F04","DEFER_TO_F04"
"/รับซื้อ/รับซื้อของสะสม-หนองบัวลำภู","","service-x-location","yes","https://amphon.co.th/รับซื้อ/รับซื้อของสะสม-หนองบัวลำภู","yes","2","2","","","","yes","global","global","","","yes","","DEFER_TO_F04","DEFER_TO_F04"
"/รับซื้อ/รับซื้อของสะสม-อำนาจเจริญ","","service-x-location","yes","https://amphon.co.th/รับซื้อ/รับซื้อของสะสม-อำนาจเจริญ","yes","2","2","","","","yes","global","global","","","yes","","DEFER_TO_F04","DEFER_TO_F04"
"/รับซื้อ/รับซื้อของสะสม-อุดรธานี","","service-x-location","yes","https://amphon.co.th/รับซื้อ/รับซื้อของสะสม-อุดรธานี","yes","2","2","","","","yes","global","global","","","yes","","DEFER_TO_F04","DEFER_TO_F04"
"/รับซื้อ/รับซื้อของสะสม-อุบลราชธานี","","service-x-location","yes","https://amphon.co.th/รับซื้อ/รับซื้อของสะสม-อุบลราชธานี","yes","2","2","","","","yes","global","global","","","yes","","DEFER_TO_F04","DEFER_TO_F04"
"/รับซื้อ/รับซื้อของสะสม-เลย","","service-x-location","yes","https://amphon.co.th/รับซื้อ/รับซื้อของสะสม-เลย","yes","2","2","","","","yes","global","global","","","yes","","DEFER_TO_F04","DEFER_TO_F04"
"/รับซื้อ/รับซื้อของไอทีเสีย-กาฬสินธุ์","","service-x-location","yes","https://amphon.co.th/รับซื้อ/รับซื้อของไอทีเสีย-กาฬสินธุ์","yes","2","2","","","","yes","global","global","","","no","","P3","KEEP_AS_IS"
"/รับซื้อ/รับซื้อของไอทีเสีย-ขอนแก่น","","service-x-location","yes","https://amphon.co.th/รับซื้อ/รับซื้อของไอทีเสีย-ขอนแก่น","yes","2","2","","","","yes","global","global","","","no","","P3","KEEP_AS_IS"
"/รับซื้อ/รับซื้อของไอทีเสีย-ชัยภูมิ","","service-x-location","yes","https://amphon.co.th/รับซื้อ/รับซื้อของไอทีเสีย-ชัยภูมิ","yes","2","2","","","","yes","global","global","","","no","","P3","KEEP_AS_IS"
"/รับซื้อ/รับซื้อของไอทีเสีย-นครพนม","","service-x-location","yes","https://amphon.co.th/รับซื้อ/รับซื้อของไอทีเสีย-นครพนม","yes","2","2","","","","yes","global","global","","","no","","P3","KEEP_AS_IS"
"/รับซื้อ/รับซื้อของไอทีเสีย-นครราชสีมา","","service-x-location","yes","https://amphon.co.th/รับซื้อ/รับซื้อของไอทีเสีย-นครราชสีมา","yes","2","2","","","","yes","global","global","","","no","","P3","KEEP_AS_IS"
"/รับซื้อ/รับซื้อของไอทีเสีย-บึงกาฬ","","service-x-location","yes","https://amphon.co.th/รับซื้อ/รับซื้อของไอทีเสีย-บึงกาฬ","yes","2","2","","","","yes","global","global","","","no","","P3","KEEP_AS_IS"
"/รับซื้อ/รับซื้อของไอทีเสีย-บุรีรัมย์","","service-x-location","yes","https://amphon.co.th/รับซื้อ/รับซื้อของไอทีเสีย-บุรีรัมย์","yes","2","2","","","","yes","global","global","","","no","","P3","KEEP_AS_IS"
"/รับซื้อ/รับซื้อของไอทีเสีย-มหาสารคาม","","service-x-location","yes","https://amphon.co.th/รับซื้อ/รับซื้อของไอทีเสีย-มหาสารคาม","yes","2","2","","","","yes","global","global","","","no","","P3","KEEP_AS_IS"
"/รับซื้อ/รับซื้อของไอทีเสีย-มุกดาหาร","","service-x-location","yes","https://amphon.co.th/รับซื้อ/รับซื้อของไอทีเสีย-มุกดาหาร","yes","2","2","","","","yes","global","global","","","no","","P3","KEEP_AS_IS"
"/รับซื้อ/รับซื้อของไอทีเสีย-ยโสธร","","service-x-location","yes","https://amphon.co.th/รับซื้อ/รับซื้อของไอทีเสีย-ยโสธร","yes","2","2","","","","yes","global","global","","","no","","P3","KEEP_AS_IS"
"/รับซื้อ/รับซื้อของไอทีเสีย-ร้อยเอ็ด","","service-x-location","yes","https://amphon.co.th/รับซื้อ/รับซื้อของไอทีเสีย-ร้อยเอ็ด","yes","2","2","","","","yes","global","global","","","no","","P3","KEEP_AS_IS"
"/รับซื้อ/รับซื้อของไอทีเสีย-ศรีสะเกษ","","service-x-location","yes","https://amphon.co.th/รับซื้อ/รับซื้อของไอทีเสีย-ศรีสะเกษ","yes","2","2","","","","yes","global","global","","","no","","P3","KEEP_AS_IS"
"/รับซื้อ/รับซื้อของไอทีเสีย-สกลนคร","","service-x-location","yes","https://amphon.co.th/รับซื้อ/รับซื้อของไอทีเสีย-สกลนคร","yes","2","2","","","","yes","global","global","","","no","","P3","KEEP_AS_IS"
"/รับซื้อ/รับซื้อของไอทีเสีย-สุรินทร์","","service-x-location","yes","https://amphon.co.th/รับซื้อ/รับซื้อของไอทีเสีย-สุรินทร์","yes","2","2","","","","yes","global","global","","","no","","P3","KEEP_AS_IS"
"/รับซื้อ/รับซื้อของไอทีเสีย-หนองคาย","","service-x-location","yes","https://amphon.co.th/รับซื้อ/รับซื้อของไอทีเสีย-หนองคาย","yes","2","2","","","","yes","global","global","","","no","","P3","KEEP_AS_IS"
"/รับซื้อ/รับซื้อของไอทีเสีย-หนองบัวลำภู","","service-x-location","yes","https://amphon.co.th/รับซื้อ/รับซื้อของไอทีเสีย-หนองบัวลำภู","yes","2","2","","","","yes","global","global","","","no","","P3","KEEP_AS_IS"
"/รับซื้อ/รับซื้อของไอทีเสีย-อำนาจเจริญ","","service-x-location","yes","https://amphon.co.th/รับซื้อ/รับซื้อของไอทีเสีย-อำนาจเจริญ","yes","2","2","","","","yes","global","global","","","no","","P3","KEEP_AS_IS"
"/รับซื้อ/รับซื้อของไอทีเสีย-อุดรธานี","","service-x-location","yes","https://amphon.co.th/รับซื้อ/รับซื้อของไอทีเสีย-อุดรธานี","yes","2","2","","","","yes","global","global","","","no","","P3","KEEP_AS_IS"
"/รับซื้อ/รับซื้อของไอทีเสีย-อุบลราชธานี","","service-x-location","yes","https://amphon.co.th/รับซื้อ/รับซื้อของไอทีเสีย-อุบลราชธานี","yes","2","2","","","","yes","global","global","","","no","","P3","KEEP_AS_IS"
"/รับซื้อ/รับซื้อของไอทีเสีย-เลย","","service-x-location","yes","https://amphon.co.th/รับซื้อ/รับซื้อของไอทีเสีย-เลย","yes","2","2","","","","yes","global","global","","","no","","P3","KEEP_AS_IS"
"/รับซื้อ/รับซื้อคอมบริษัท-กาฬสินธุ์","","service-x-location","yes","https://amphon.co.th/รับซื้อ/รับซื้อคอมบริษัท-กาฬสินธุ์","yes","2","2","","","","yes","global","global","","","no","","P3","KEEP_AS_IS"
"/รับซื้อ/รับซื้อคอมบริษัท-ขอนแก่น","","service-x-location","yes","https://amphon.co.th/รับซื้อ/รับซื้อคอมบริษัท-ขอนแก่น","yes","2","2","","","","yes","global","global","","","no","","P2","STRENGTHEN_SELECTIVE"
"/รับซื้อ/รับซื้อคอมบริษัท-ชัยภูมิ","","service-x-location","yes","https://amphon.co.th/รับซื้อ/รับซื้อคอมบริษัท-ชัยภูมิ","yes","2","2","","","","yes","global","global","","","no","","P3","KEEP_AS_IS"
"/รับซื้อ/รับซื้อคอมบริษัท-นครพนม","","service-x-location","yes","https://amphon.co.th/รับซื้อ/รับซื้อคอมบริษัท-นครพนม","yes","2","2","","","","yes","global","global","","","no","","P3","KEEP_AS_IS"
"/รับซื้อ/รับซื้อคอมบริษัท-นครราชสีมา","","service-x-location","yes","https://amphon.co.th/รับซื้อ/รับซื้อคอมบริษัท-นครราชสีมา","yes","2","2","","","","yes","global","global","","","no","","P2","STRENGTHEN_SELECTIVE"
"/รับซื้อ/รับซื้อคอมบริษัท-บึงกาฬ","","service-x-location","yes","https://amphon.co.th/รับซื้อ/รับซื้อคอมบริษัท-บึงกาฬ","yes","2","2","","","","yes","global","global","","","no","","P3","KEEP_AS_IS"
"/รับซื้อ/รับซื้อคอมบริษัท-บุรีรัมย์","","service-x-location","yes","https://amphon.co.th/รับซื้อ/รับซื้อคอมบริษัท-บุรีรัมย์","yes","2","2","","","","yes","global","global","","","no","","P2","STRENGTHEN_SELECTIVE"
"/รับซื้อ/รับซื้อคอมบริษัท-มหาสารคาม","","service-x-location","yes","https://amphon.co.th/รับซื้อ/รับซื้อคอมบริษัท-มหาสารคาม","yes","2","2","","","","yes","global","global","","","no","","P3","KEEP_AS_IS"
"/รับซื้อ/รับซื้อคอมบริษัท-มุกดาหาร","","service-x-location","yes","https://amphon.co.th/รับซื้อ/รับซื้อคอมบริษัท-มุกดาหาร","yes","2","2","","","","yes","global","global","","","no","","P3","KEEP_AS_IS"
"/รับซื้อ/รับซื้อคอมบริษัท-ยโสธร","","service-x-location","yes","https://amphon.co.th/รับซื้อ/รับซื้อคอมบริษัท-ยโสธร","yes","2","2","","","","yes","global","global","","","no","","P3","KEEP_AS_IS"
"/รับซื้อ/รับซื้อคอมบริษัท-ร้อยเอ็ด","","service-x-location","yes","https://amphon.co.th/รับซื้อ/รับซื้อคอมบริษัท-ร้อยเอ็ด","yes","2","2","","","","yes","global","global","","","no","","P3","KEEP_AS_IS"
"/รับซื้อ/รับซื้อคอมบริษัท-ศรีสะเกษ","","service-x-location","yes","https://amphon.co.th/รับซื้อ/รับซื้อคอมบริษัท-ศรีสะเกษ","yes","2","2","","","","yes","global","global","","","no","","P2","STRENGTHEN_SELECTIVE"
"/รับซื้อ/รับซื้อคอมบริษัท-สกลนคร","","service-x-location","yes","https://amphon.co.th/รับซื้อ/รับซื้อคอมบริษัท-สกลนคร","yes","2","2","","","","yes","global","global","","","no","","P3","KEEP_AS_IS"
"/รับซื้อ/รับซื้อคอมบริษัท-สุรินทร์","","service-x-location","yes","https://amphon.co.th/รับซื้อ/รับซื้อคอมบริษัท-สุรินทร์","yes","2","2","","","","yes","global","global","","","no","","P2","STRENGTHEN_SELECTIVE"
"/รับซื้อ/รับซื้อคอมบริษัท-หนองคาย","","service-x-location","yes","https://amphon.co.th/รับซื้อ/รับซื้อคอมบริษัท-หนองคาย","yes","2","2","","","","yes","global","global","","","no","","P3","KEEP_AS_IS"
"/รับซื้อ/รับซื้อคอมบริษัท-หนองบัวลำภู","","service-x-location","yes","https://amphon.co.th/รับซื้อ/รับซื้อคอมบริษัท-หนองบัวลำภู","yes","2","2","","","","yes","global","global","","","no","","P3","KEEP_AS_IS"
"/รับซื้อ/รับซื้อคอมบริษัท-อำนาจเจริญ","","service-x-location","yes","https://amphon.co.th/รับซื้อ/รับซื้อคอมบริษัท-อำนาจเจริญ","yes","2","2","","","","yes","global","global","","","no","","P3","KEEP_AS_IS"
"/รับซื้อ/รับซื้อคอมบริษัท-อุดรธานี","","service-x-location","yes","https://amphon.co.th/รับซื้อ/รับซื้อคอมบริษัท-อุดรธานี","yes","2","2","","","","yes","global","global","","","no","","P2","STRENGTHEN_SELECTIVE"
"/รับซื้อ/รับซื้อคอมบริษัท-อุบลราชธานี","","service-x-location","yes","https://amphon.co.th/รับซื้อ/รับซื้อคอมบริษัท-อุบลราชธานี","yes","3","3","","","","yes","global","global","","","no","","P2","STRENGTHEN_SELECTIVE"
"/รับซื้อ/รับซื้อคอมบริษัท-เลย","","service-x-location","yes","https://amphon.co.th/รับซื้อ/รับซื้อคอมบริษัท-เลย","yes","2","2","","","","yes","global","global","","","no","","P3","KEEP_AS_IS"
"/รับซื้อ/รับซื้อคอมพิวเตอร์-กาฬสินธุ์","","service-x-location","yes","https://amphon.co.th/รับซื้อ/รับซื้อคอมพิวเตอร์-กาฬสินธุ์","yes","2","2","","","","yes","global","global","","","no","","P3","KEEP_AS_IS"
"/รับซื้อ/รับซื้อคอมพิวเตอร์-ขอนแก่น","","service-x-location","yes","https://amphon.co.th/รับซื้อ/รับซื้อคอมพิวเตอร์-ขอนแก่น","yes","2","2","","","","yes","global","global","","","no","","P2","STRENGTHEN_SELECTIVE"
"/รับซื้อ/รับซื้อคอมพิวเตอร์-ชัยภูมิ","","service-x-location","yes","https://amphon.co.th/รับซื้อ/รับซื้อคอมพิวเตอร์-ชัยภูมิ","yes","2","2","","","","yes","global","global","","","no","","P3","KEEP_AS_IS"
"/รับซื้อ/รับซื้อคอมพิวเตอร์-นครพนม","","service-x-location","yes","https://amphon.co.th/รับซื้อ/รับซื้อคอมพิวเตอร์-นครพนม","yes","2","2","","","","yes","global","global","","","no","","P3","KEEP_AS_IS"
"/รับซื้อ/รับซื้อคอมพิวเตอร์-นครราชสีมา","","service-x-location","yes","https://amphon.co.th/รับซื้อ/รับซื้อคอมพิวเตอร์-นครราชสีมา","yes","2","2","","","","yes","global","global","","","no","","P2","STRENGTHEN_SELECTIVE"
"/รับซื้อ/รับซื้อคอมพิวเตอร์-บึงกาฬ","","service-x-location","yes","https://amphon.co.th/รับซื้อ/รับซื้อคอมพิวเตอร์-บึงกาฬ","yes","2","2","","","","yes","global","global","","","no","","P3","KEEP_AS_IS"
"/รับซื้อ/รับซื้อคอมพิวเตอร์-บุรีรัมย์","","service-x-location","yes","https://amphon.co.th/รับซื้อ/รับซื้อคอมพิวเตอร์-บุรีรัมย์","yes","2","2","","","","yes","global","global","","","no","","P2","STRENGTHEN_SELECTIVE"
"/รับซื้อ/รับซื้อคอมพิวเตอร์-มหาสารคาม","","service-x-location","yes","https://amphon.co.th/รับซื้อ/รับซื้อคอมพิวเตอร์-มหาสารคาม","yes","2","2","","","","yes","global","global","","","no","","P3","KEEP_AS_IS"
"/รับซื้อ/รับซื้อคอมพิวเตอร์-มุกดาหาร","","service-x-location","yes","https://amphon.co.th/รับซื้อ/รับซื้อคอมพิวเตอร์-มุกดาหาร","yes","2","2","","","","yes","global","global","","","no","","P3","KEEP_AS_IS"
"/รับซื้อ/รับซื้อคอมพิวเตอร์-ยโสธร","","service-x-location","yes","https://amphon.co.th/รับซื้อ/รับซื้อคอมพิวเตอร์-ยโสธร","yes","2","2","","","","yes","global","global","","","no","","P3","KEEP_AS_IS"
"/รับซื้อ/รับซื้อคอมพิวเตอร์-ร้อยเอ็ด","","service-x-location","yes","https://amphon.co.th/รับซื้อ/รับซื้อคอมพิวเตอร์-ร้อยเอ็ด","yes","2","2","","","","yes","global","global","","","no","","P3","KEEP_AS_IS"
"/รับซื้อ/รับซื้อคอมพิวเตอร์-ศรีสะเกษ","","service-x-location","yes","https://amphon.co.th/รับซื้อ/รับซื้อคอมพิวเตอร์-ศรีสะเกษ","yes","2","2","","","","yes","global","global","","","no","","P2","STRENGTHEN_SELECTIVE"
"/รับซื้อ/รับซื้อคอมพิวเตอร์-สกลนคร","","service-x-location","yes","https://amphon.co.th/รับซื้อ/รับซื้อคอมพิวเตอร์-สกลนคร","yes","2","2","","","","yes","global","global","","","no","","P3","KEEP_AS_IS"
"/รับซื้อ/รับซื้อคอมพิวเตอร์-สุรินทร์","","service-x-location","yes","https://amphon.co.th/รับซื้อ/รับซื้อคอมพิวเตอร์-สุรินทร์","yes","2","2","","","","yes","global","global","","","no","","P2","STRENGTHEN_SELECTIVE"
"/รับซื้อ/รับซื้อคอมพิวเตอร์-หนองคาย","","service-x-location","yes","https://amphon.co.th/รับซื้อ/รับซื้อคอมพิวเตอร์-หนองคาย","yes","2","2","","","","yes","global","global","","","no","","P3","KEEP_AS_IS"
"/รับซื้อ/รับซื้อคอมพิวเตอร์-หนองบัวลำภู","","service-x-location","yes","https://amphon.co.th/รับซื้อ/รับซื้อคอมพิวเตอร์-หนองบัวลำภู","yes","2","2","","","","yes","global","global","","","no","","P3","KEEP_AS_IS"
"/รับซื้อ/รับซื้อคอมพิวเตอร์-อำนาจเจริญ","","service-x-location","yes","https://amphon.co.th/รับซื้อ/รับซื้อคอมพิวเตอร์-อำนาจเจริญ","yes","2","2","","","","yes","global","global","","","no","","P3","KEEP_AS_IS"
"/รับซื้อ/รับซื้อคอมพิวเตอร์-อุดรธานี","","service-x-location","yes","https://amphon.co.th/รับซื้อ/รับซื้อคอมพิวเตอร์-อุดรธานี","yes","2","2","","","","yes","global","global","","","no","","P2","STRENGTHEN_SELECTIVE"
"/รับซื้อ/รับซื้อคอมพิวเตอร์-อุบลราชธานี","","service-x-location","yes","https://amphon.co.th/รับซื้อ/รับซื้อคอมพิวเตอร์-อุบลราชธานี","yes","2","2","","","","yes","global","global","","","no","","P2","STRENGTHEN_SELECTIVE"
"/รับซื้อ/รับซื้อคอมพิวเตอร์-เลย","","service-x-location","yes","https://amphon.co.th/รับซื้อ/รับซื้อคอมพิวเตอร์-เลย","yes","2","2","","","","yes","global","global","","","no","","P3","KEEP_AS_IS"
"/รับซื้อ/รับซื้อคอมเกมมิ่ง-กาฬสินธุ์","","service-x-location","yes","https://amphon.co.th/รับซื้อ/รับซื้อคอมเกมมิ่ง-กาฬสินธุ์","yes","2","2","","","","yes","global","global","","","no","","P3","KEEP_AS_IS"
"/รับซื้อ/รับซื้อคอมเกมมิ่ง-ขอนแก่น","","service-x-location","yes","https://amphon.co.th/รับซื้อ/รับซื้อคอมเกมมิ่ง-ขอนแก่น","yes","2","2","","","","yes","global","global","","","no","","P3","KEEP_AS_IS"
"/รับซื้อ/รับซื้อคอมเกมมิ่ง-ชัยภูมิ","","service-x-location","yes","https://amphon.co.th/รับซื้อ/รับซื้อคอมเกมมิ่ง-ชัยภูมิ","yes","2","2","","","","yes","global","global","","","no","","P3","KEEP_AS_IS"
"/รับซื้อ/รับซื้อคอมเกมมิ่ง-นครพนม","","service-x-location","yes","https://amphon.co.th/รับซื้อ/รับซื้อคอมเกมมิ่ง-นครพนม","yes","2","2","","","","yes","global","global","","","no","","P3","KEEP_AS_IS"
"/รับซื้อ/รับซื้อคอมเกมมิ่ง-นครราชสีมา","","service-x-location","yes","https://amphon.co.th/รับซื้อ/รับซื้อคอมเกมมิ่ง-นครราชสีมา","yes","2","2","","","","yes","global","global","","","no","","P3","KEEP_AS_IS"
"/รับซื้อ/รับซื้อคอมเกมมิ่ง-บึงกาฬ","","service-x-location","yes","https://amphon.co.th/รับซื้อ/รับซื้อคอมเกมมิ่ง-บึงกาฬ","yes","2","2","","","","yes","global","global","","","no","","P3","KEEP_AS_IS"
"/รับซื้อ/รับซื้อคอมเกมมิ่ง-บุรีรัมย์","","service-x-location","yes","https://amphon.co.th/รับซื้อ/รับซื้อคอมเกมมิ่ง-บุรีรัมย์","yes","2","2","","","","yes","global","global","","","no","","P3","KEEP_AS_IS"
"/รับซื้อ/รับซื้อคอมเกมมิ่ง-มหาสารคาม","","service-x-location","yes","https://amphon.co.th/รับซื้อ/รับซื้อคอมเกมมิ่ง-มหาสารคาม","yes","2","2","","","","yes","global","global","","","no","","P3","KEEP_AS_IS"
"/รับซื้อ/รับซื้อคอมเกมมิ่ง-มุกดาหาร","","service-x-location","yes","https://amphon.co.th/รับซื้อ/รับซื้อคอมเกมมิ่ง-มุกดาหาร","yes","2","2","","","","yes","global","global","","","no","","P3","KEEP_AS_IS"
"/รับซื้อ/รับซื้อคอมเกมมิ่ง-ยโสธร","","service-x-location","yes","https://amphon.co.th/รับซื้อ/รับซื้อคอมเกมมิ่ง-ยโสธร","yes","2","2","","","","yes","global","global","","","no","","P3","KEEP_AS_IS"
"/รับซื้อ/รับซื้อคอมเกมมิ่ง-ร้อยเอ็ด","","service-x-location","yes","https://amphon.co.th/รับซื้อ/รับซื้อคอมเกมมิ่ง-ร้อยเอ็ด","yes","2","2","","","","yes","global","global","","","no","","P3","KEEP_AS_IS"
"/รับซื้อ/รับซื้อคอมเกมมิ่ง-ศรีสะเกษ","","service-x-location","yes","https://amphon.co.th/รับซื้อ/รับซื้อคอมเกมมิ่ง-ศรีสะเกษ","yes","2","2","","","","yes","global","global","","","no","","P3","KEEP_AS_IS"
"/รับซื้อ/รับซื้อคอมเกมมิ่ง-สกลนคร","","service-x-location","yes","https://amphon.co.th/รับซื้อ/รับซื้อคอมเกมมิ่ง-สกลนคร","yes","2","2","","","","yes","global","global","","","no","","P3","KEEP_AS_IS"
"/รับซื้อ/รับซื้อคอมเกมมิ่ง-สุรินทร์","","service-x-location","yes","https://amphon.co.th/รับซื้อ/รับซื้อคอมเกมมิ่ง-สุรินทร์","yes","2","2","","","","yes","global","global","","","no","","P3","KEEP_AS_IS"
"/รับซื้อ/รับซื้อคอมเกมมิ่ง-หนองคาย","","service-x-location","yes","https://amphon.co.th/รับซื้อ/รับซื้อคอมเกมมิ่ง-หนองคาย","yes","2","2","","","","yes","global","global","","","no","","P3","KEEP_AS_IS"
"/รับซื้อ/รับซื้อคอมเกมมิ่ง-หนองบัวลำภู","","service-x-location","yes","https://amphon.co.th/รับซื้อ/รับซื้อคอมเกมมิ่ง-หนองบัวลำภู","yes","2","2","","","","yes","global","global","","","no","","P3","KEEP_AS_IS"
"/รับซื้อ/รับซื้อคอมเกมมิ่ง-อำนาจเจริญ","","service-x-location","yes","https://amphon.co.th/รับซื้อ/รับซื้อคอมเกมมิ่ง-อำนาจเจริญ","yes","2","2","","","","yes","global","global","","","no","","P3","KEEP_AS_IS"
"/รับซื้อ/รับซื้อคอมเกมมิ่ง-อุดรธานี","","service-x-location","yes","https://amphon.co.th/รับซื้อ/รับซื้อคอมเกมมิ่ง-อุดรธานี","yes","2","2","","","","yes","global","global","","","no","","P3","KEEP_AS_IS"
"/รับซื้อ/รับซื้อคอมเกมมิ่ง-อุบลราชธานี","","service-x-location","yes","https://amphon.co.th/รับซื้อ/รับซื้อคอมเกมมิ่ง-อุบลราชธานี","yes","2","2","","","","yes","global","global","","","no","","P3","KEEP_AS_IS"
"/รับซื้อ/รับซื้อคอมเกมมิ่ง-เลย","","service-x-location","yes","https://amphon.co.th/รับซื้อ/รับซื้อคอมเกมมิ่ง-เลย","yes","2","2","","","","yes","global","global","","","no","","P3","KEEP_AS_IS"
"/รับซื้อ/รับซื้อจอคอม-กาฬสินธุ์","","service-x-location","yes","https://amphon.co.th/รับซื้อ/รับซื้อจอคอม-กาฬสินธุ์","yes","2","2","","","","yes","global","global","","","no","","P3","KEEP_AS_IS"
"/รับซื้อ/รับซื้อจอคอม-ขอนแก่น","","service-x-location","yes","https://amphon.co.th/รับซื้อ/รับซื้อจอคอม-ขอนแก่น","yes","2","2","","","","yes","global","global","","","no","","P3","KEEP_AS_IS"
"/รับซื้อ/รับซื้อจอคอม-ชัยภูมิ","","service-x-location","yes","https://amphon.co.th/รับซื้อ/รับซื้อจอคอม-ชัยภูมิ","yes","2","2","","","","yes","global","global","","","no","","P3","KEEP_AS_IS"
"/รับซื้อ/รับซื้อจอคอม-นครพนม","","service-x-location","yes","https://amphon.co.th/รับซื้อ/รับซื้อจอคอม-นครพนม","yes","2","2","","","","yes","global","global","","","no","","P3","KEEP_AS_IS"
"/รับซื้อ/รับซื้อจอคอม-นครราชสีมา","","service-x-location","yes","https://amphon.co.th/รับซื้อ/รับซื้อจอคอม-นครราชสีมา","yes","2","2","","","","yes","global","global","","","no","","P3","KEEP_AS_IS"
"/รับซื้อ/รับซื้อจอคอม-บึงกาฬ","","service-x-location","yes","https://amphon.co.th/รับซื้อ/รับซื้อจอคอม-บึงกาฬ","yes","2","2","","","","yes","global","global","","","no","","P3","KEEP_AS_IS"
"/รับซื้อ/รับซื้อจอคอม-บุรีรัมย์","","service-x-location","yes","https://amphon.co.th/รับซื้อ/รับซื้อจอคอม-บุรีรัมย์","yes","2","2","","","","yes","global","global","","","no","","P3","KEEP_AS_IS"
"/รับซื้อ/รับซื้อจอคอม-มหาสารคาม","","service-x-location","yes","https://amphon.co.th/รับซื้อ/รับซื้อจอคอม-มหาสารคาม","yes","2","2","","","","yes","global","global","","","no","","P3","KEEP_AS_IS"
"/รับซื้อ/รับซื้อจอคอม-มุกดาหาร","","service-x-location","yes","https://amphon.co.th/รับซื้อ/รับซื้อจอคอม-มุกดาหาร","yes","2","2","","","","yes","global","global","","","no","","P3","KEEP_AS_IS"
"/รับซื้อ/รับซื้อจอคอม-ยโสธร","","service-x-location","yes","https://amphon.co.th/รับซื้อ/รับซื้อจอคอม-ยโสธร","yes","2","2","","","","yes","global","global","","","no","","P3","KEEP_AS_IS"
"/รับซื้อ/รับซื้อจอคอม-ร้อยเอ็ด","","service-x-location","yes","https://amphon.co.th/รับซื้อ/รับซื้อจอคอม-ร้อยเอ็ด","yes","2","2","","","","yes","global","global","","","no","","P3","KEEP_AS_IS"
"/รับซื้อ/รับซื้อจอคอม-ศรีสะเกษ","","service-x-location","yes","https://amphon.co.th/รับซื้อ/รับซื้อจอคอม-ศรีสะเกษ","yes","2","2","","","","yes","global","global","","","no","","P3","KEEP_AS_IS"
"/รับซื้อ/รับซื้อจอคอม-สกลนคร","","service-x-location","yes","https://amphon.co.th/รับซื้อ/รับซื้อจอคอม-สกลนคร","yes","2","2","","","","yes","global","global","","","no","","P3","KEEP_AS_IS"
"/รับซื้อ/รับซื้อจอคอม-สุรินทร์","","service-x-location","yes","https://amphon.co.th/รับซื้อ/รับซื้อจอคอม-สุรินทร์","yes","2","2","","","","yes","global","global","","","no","","P3","KEEP_AS_IS"
"/รับซื้อ/รับซื้อจอคอม-หนองคาย","","service-x-location","yes","https://amphon.co.th/รับซื้อ/รับซื้อจอคอม-หนองคาย","yes","2","2","","","","yes","global","global","","","no","","P3","KEEP_AS_IS"
"/รับซื้อ/รับซื้อจอคอม-หนองบัวลำภู","","service-x-location","yes","https://amphon.co.th/รับซื้อ/รับซื้อจอคอม-หนองบัวลำภู","yes","2","2","","","","yes","global","global","","","no","","P3","KEEP_AS_IS"
"/รับซื้อ/รับซื้อจอคอม-อำนาจเจริญ","","service-x-location","yes","https://amphon.co.th/รับซื้อ/รับซื้อจอคอม-อำนาจเจริญ","yes","2","2","","","","yes","global","global","","","no","","P3","KEEP_AS_IS"
"/รับซื้อ/รับซื้อจอคอม-อุดรธานี","","service-x-location","yes","https://amphon.co.th/รับซื้อ/รับซื้อจอคอม-อุดรธานี","yes","2","2","","","","yes","global","global","","","no","","P3","KEEP_AS_IS"
"/รับซื้อ/รับซื้อจอคอม-อุบลราชธานี","","service-x-location","yes","https://amphon.co.th/รับซื้อ/รับซื้อจอคอม-อุบลราชธานี","yes","2","2","","","","yes","global","global","","","no","","P3","KEEP_AS_IS"
"/รับซื้อ/รับซื้อจอคอม-เลย","","service-x-location","yes","https://amphon.co.th/รับซื้อ/รับซื้อจอคอม-เลย","yes","2","2","","","","yes","global","global","","","no","","P3","KEEP_AS_IS"
"/รับซื้อ/รับซื้อจอเกมมิ่ง-กาฬสินธุ์","","service-x-location","yes","https://amphon.co.th/รับซื้อ/รับซื้อจอเกมมิ่ง-กาฬสินธุ์","yes","2","2","","","","yes","global","global","","","no","","P3","KEEP_AS_IS"
"/รับซื้อ/รับซื้อจอเกมมิ่ง-ขอนแก่น","","service-x-location","yes","https://amphon.co.th/รับซื้อ/รับซื้อจอเกมมิ่ง-ขอนแก่น","yes","2","2","","","","yes","global","global","","","no","","P3","KEEP_AS_IS"
"/รับซื้อ/รับซื้อจอเกมมิ่ง-ชัยภูมิ","","service-x-location","yes","https://amphon.co.th/รับซื้อ/รับซื้อจอเกมมิ่ง-ชัยภูมิ","yes","2","2","","","","yes","global","global","","","no","","P3","KEEP_AS_IS"
"/รับซื้อ/รับซื้อจอเกมมิ่ง-นครพนม","","service-x-location","yes","https://amphon.co.th/รับซื้อ/รับซื้อจอเกมมิ่ง-นครพนม","yes","2","2","","","","yes","global","global","","","no","","P3","KEEP_AS_IS"
"/รับซื้อ/รับซื้อจอเกมมิ่ง-นครราชสีมา","","service-x-location","yes","https://amphon.co.th/รับซื้อ/รับซื้อจอเกมมิ่ง-นครราชสีมา","yes","2","2","","","","yes","global","global","","","no","","P3","KEEP_AS_IS"
"/รับซื้อ/รับซื้อจอเกมมิ่ง-บึงกาฬ","","service-x-location","yes","https://amphon.co.th/รับซื้อ/รับซื้อจอเกมมิ่ง-บึงกาฬ","yes","2","2","","","","yes","global","global","","","no","","P3","KEEP_AS_IS"
"/รับซื้อ/รับซื้อจอเกมมิ่ง-บุรีรัมย์","","service-x-location","yes","https://amphon.co.th/รับซื้อ/รับซื้อจอเกมมิ่ง-บุรีรัมย์","yes","2","2","","","","yes","global","global","","","no","","P3","KEEP_AS_IS"
"/รับซื้อ/รับซื้อจอเกมมิ่ง-มหาสารคาม","","service-x-location","yes","https://amphon.co.th/รับซื้อ/รับซื้อจอเกมมิ่ง-มหาสารคาม","yes","2","2","","","","yes","global","global","","","no","","P3","KEEP_AS_IS"
"/รับซื้อ/รับซื้อจอเกมมิ่ง-มุกดาหาร","","service-x-location","yes","https://amphon.co.th/รับซื้อ/รับซื้อจอเกมมิ่ง-มุกดาหาร","yes","2","2","","","","yes","global","global","","","no","","P3","KEEP_AS_IS"
"/รับซื้อ/รับซื้อจอเกมมิ่ง-ยโสธร","","service-x-location","yes","https://amphon.co.th/รับซื้อ/รับซื้อจอเกมมิ่ง-ยโสธร","yes","2","2","","","","yes","global","global","","","no","","P3","KEEP_AS_IS"
"/รับซื้อ/รับซื้อจอเกมมิ่ง-ร้อยเอ็ด","","service-x-location","yes","https://amphon.co.th/รับซื้อ/รับซื้อจอเกมมิ่ง-ร้อยเอ็ด","yes","2","2","","","","yes","global","global","","","no","","P3","KEEP_AS_IS"
"/รับซื้อ/รับซื้อจอเกมมิ่ง-ศรีสะเกษ","","service-x-location","yes","https://amphon.co.th/รับซื้อ/รับซื้อจอเกมมิ่ง-ศรีสะเกษ","yes","2","2","","","","yes","global","global","","","no","","P3","KEEP_AS_IS"
"/รับซื้อ/รับซื้อจอเกมมิ่ง-สกลนคร","","service-x-location","yes","https://amphon.co.th/รับซื้อ/รับซื้อจอเกมมิ่ง-สกลนคร","yes","2","2","","","","yes","global","global","","","no","","P3","KEEP_AS_IS"
"/รับซื้อ/รับซื้อจอเกมมิ่ง-สุรินทร์","","service-x-location","yes","https://amphon.co.th/รับซื้อ/รับซื้อจอเกมมิ่ง-สุรินทร์","yes","2","2","","","","yes","global","global","","","no","","P3","KEEP_AS_IS"
"/รับซื้อ/รับซื้อจอเกมมิ่ง-หนองคาย","","service-x-location","yes","https://amphon.co.th/รับซื้อ/รับซื้อจอเกมมิ่ง-หนองคาย","yes","2","2","","","","yes","global","global","","","no","","P3","KEEP_AS_IS"
"/รับซื้อ/รับซื้อจอเกมมิ่ง-หนองบัวลำภู","","service-x-location","yes","https://amphon.co.th/รับซื้อ/รับซื้อจอเกมมิ่ง-หนองบัวลำภู","yes","2","2","","","","yes","global","global","","","no","","P3","KEEP_AS_IS"
"/รับซื้อ/รับซื้อจอเกมมิ่ง-อำนาจเจริญ","","service-x-location","yes","https://amphon.co.th/รับซื้อ/รับซื้อจอเกมมิ่ง-อำนาจเจริญ","yes","2","2","","","","yes","global","global","","","no","","P3","KEEP_AS_IS"
"/รับซื้อ/รับซื้อจอเกมมิ่ง-อุดรธานี","","service-x-location","yes","https://amphon.co.th/รับซื้อ/รับซื้อจอเกมมิ่ง-อุดรธานี","yes","2","2","","","","yes","global","global","","","no","","P3","KEEP_AS_IS"
"/รับซื้อ/รับซื้อจอเกมมิ่ง-อุบลราชธานี","","service-x-location","yes","https://amphon.co.th/รับซื้อ/รับซื้อจอเกมมิ่ง-อุบลราชธานี","yes","2","2","","","","yes","global","global","","","no","","P3","KEEP_AS_IS"
"/รับซื้อ/รับซื้อจอเกมมิ่ง-เลย","","service-x-location","yes","https://amphon.co.th/รับซื้อ/รับซื้อจอเกมมิ่ง-เลย","yes","2","2","","","","yes","global","global","","","no","","P3","KEEP_AS_IS"
"/รับซื้อ/รับซื้อซีพียู-กาฬสินธุ์","","service-x-location","yes","https://amphon.co.th/รับซื้อ/รับซื้อซีพียู-กาฬสินธุ์","yes","2","2","","","","yes","global","global","","","no","","P3","KEEP_AS_IS"
"/รับซื้อ/รับซื้อซีพียู-ขอนแก่น","","service-x-location","yes","https://amphon.co.th/รับซื้อ/รับซื้อซีพียู-ขอนแก่น","yes","2","2","","","","yes","global","global","","","no","","P3","KEEP_AS_IS"
"/รับซื้อ/รับซื้อซีพียู-ชัยภูมิ","","service-x-location","yes","https://amphon.co.th/รับซื้อ/รับซื้อซีพียู-ชัยภูมิ","yes","2","2","","","","yes","global","global","","","no","","P3","KEEP_AS_IS"
"/รับซื้อ/รับซื้อซีพียู-นครพนม","","service-x-location","yes","https://amphon.co.th/รับซื้อ/รับซื้อซีพียู-นครพนม","yes","2","2","","","","yes","global","global","","","no","","P3","KEEP_AS_IS"
"/รับซื้อ/รับซื้อซีพียู-นครราชสีมา","","service-x-location","yes","https://amphon.co.th/รับซื้อ/รับซื้อซีพียู-นครราชสีมา","yes","2","2","","","","yes","global","global","","","no","","P3","KEEP_AS_IS"
"/รับซื้อ/รับซื้อซีพียู-บึงกาฬ","","service-x-location","yes","https://amphon.co.th/รับซื้อ/รับซื้อซีพียู-บึงกาฬ","yes","2","2","","","","yes","global","global","","","no","","P3","KEEP_AS_IS"
"/รับซื้อ/รับซื้อซีพียู-บุรีรัมย์","","service-x-location","yes","https://amphon.co.th/รับซื้อ/รับซื้อซีพียู-บุรีรัมย์","yes","2","2","","","","yes","global","global","","","no","","P3","KEEP_AS_IS"
"/รับซื้อ/รับซื้อซีพียู-มหาสารคาม","","service-x-location","yes","https://amphon.co.th/รับซื้อ/รับซื้อซีพียู-มหาสารคาม","yes","2","2","","","","yes","global","global","","","no","","P3","KEEP_AS_IS"
"/รับซื้อ/รับซื้อซีพียู-มุกดาหาร","","service-x-location","yes","https://amphon.co.th/รับซื้อ/รับซื้อซีพียู-มุกดาหาร","yes","2","2","","","","yes","global","global","","","no","","P3","KEEP_AS_IS"
"/รับซื้อ/รับซื้อซีพียู-ยโสธร","","service-x-location","yes","https://amphon.co.th/รับซื้อ/รับซื้อซีพียู-ยโสธร","yes","2","2","","","","yes","global","global","","","no","","P3","KEEP_AS_IS"
"/รับซื้อ/รับซื้อซีพียู-ร้อยเอ็ด","","service-x-location","yes","https://amphon.co.th/รับซื้อ/รับซื้อซีพียู-ร้อยเอ็ด","yes","2","2","","","","yes","global","global","","","no","","P3","KEEP_AS_IS"
"/รับซื้อ/รับซื้อซีพียู-ศรีสะเกษ","","service-x-location","yes","https://amphon.co.th/รับซื้อ/รับซื้อซีพียู-ศรีสะเกษ","yes","2","2","","","","yes","global","global","","","no","","P3","KEEP_AS_IS"
"/รับซื้อ/รับซื้อซีพียู-สกลนคร","","service-x-location","yes","https://amphon.co.th/รับซื้อ/รับซื้อซีพียู-สกลนคร","yes","2","2","","","","yes","global","global","","","no","","P3","KEEP_AS_IS"
"/รับซื้อ/รับซื้อซีพียู-สุรินทร์","","service-x-location","yes","https://amphon.co.th/รับซื้อ/รับซื้อซีพียู-สุรินทร์","yes","2","2","","","","yes","global","global","","","no","","P3","KEEP_AS_IS"
"/รับซื้อ/รับซื้อซีพียู-หนองคาย","","service-x-location","yes","https://amphon.co.th/รับซื้อ/รับซื้อซีพียู-หนองคาย","yes","2","2","","","","yes","global","global","","","no","","P3","KEEP_AS_IS"
"/รับซื้อ/รับซื้อซีพียู-หนองบัวลำภู","","service-x-location","yes","https://amphon.co.th/รับซื้อ/รับซื้อซีพียู-หนองบัวลำภู","yes","2","2","","","","yes","global","global","","","no","","P3","KEEP_AS_IS"
"/รับซื้อ/รับซื้อซีพียู-อำนาจเจริญ","","service-x-location","yes","https://amphon.co.th/รับซื้อ/รับซื้อซีพียู-อำนาจเจริญ","yes","2","2","","","","yes","global","global","","","no","","P3","KEEP_AS_IS"
"/รับซื้อ/รับซื้อซีพียู-อุดรธานี","","service-x-location","yes","https://amphon.co.th/รับซื้อ/รับซื้อซีพียู-อุดรธานี","yes","2","2","","","","yes","global","global","","","no","","P3","KEEP_AS_IS"
"/รับซื้อ/รับซื้อซีพียู-อุบลราชธานี","","service-x-location","yes","https://amphon.co.th/รับซื้อ/รับซื้อซีพียู-อุบลราชธานี","yes","2","2","","","","yes","global","global","","","no","","P3","KEEP_AS_IS"
"/รับซื้อ/รับซื้อซีพียู-เลย","","service-x-location","yes","https://amphon.co.th/รับซื้อ/รับซื้อซีพียู-เลย","yes","2","2","","","","yes","global","global","","","no","","P3","KEEP_AS_IS"
"/รับซื้อ/รับซื้อทีวี-กาฬสินธุ์","","service-x-location","yes","https://amphon.co.th/รับซื้อ/รับซื้อทีวี-กาฬสินธุ์","yes","2","2","","","","yes","global","global","","","yes","","DEFER_TO_F04","DEFER_TO_F04"
"/รับซื้อ/รับซื้อทีวี-ขอนแก่น","","service-x-location","yes","https://amphon.co.th/รับซื้อ/รับซื้อทีวี-ขอนแก่น","yes","2","2","","","","yes","global","global","","","yes","","DEFER_TO_F04","DEFER_TO_F04"
"/รับซื้อ/รับซื้อทีวี-ชัยภูมิ","","service-x-location","yes","https://amphon.co.th/รับซื้อ/รับซื้อทีวี-ชัยภูมิ","yes","2","2","","","","yes","global","global","","","yes","","DEFER_TO_F04","DEFER_TO_F04"
"/รับซื้อ/รับซื้อทีวี-นครพนม","","service-x-location","yes","https://amphon.co.th/รับซื้อ/รับซื้อทีวี-นครพนม","yes","2","2","","","","yes","global","global","","","yes","","DEFER_TO_F04","DEFER_TO_F04"
"/รับซื้อ/รับซื้อทีวี-นครราชสีมา","","service-x-location","yes","https://amphon.co.th/รับซื้อ/รับซื้อทีวี-นครราชสีมา","yes","2","2","","","","yes","global","global","","","yes","","DEFER_TO_F04","DEFER_TO_F04"
"/รับซื้อ/รับซื้อทีวี-บึงกาฬ","","service-x-location","yes","https://amphon.co.th/รับซื้อ/รับซื้อทีวี-บึงกาฬ","yes","2","2","","","","yes","global","global","","","yes","","DEFER_TO_F04","DEFER_TO_F04"
"/รับซื้อ/รับซื้อทีวี-บุรีรัมย์","","service-x-location","yes","https://amphon.co.th/รับซื้อ/รับซื้อทีวี-บุรีรัมย์","yes","2","2","","","","yes","global","global","","","yes","","DEFER_TO_F04","DEFER_TO_F04"
"/รับซื้อ/รับซื้อทีวี-มหาสารคาม","","service-x-location","yes","https://amphon.co.th/รับซื้อ/รับซื้อทีวี-มหาสารคาม","yes","2","2","","","","yes","global","global","","","yes","","DEFER_TO_F04","DEFER_TO_F04"
"/รับซื้อ/รับซื้อทีวี-มุกดาหาร","","service-x-location","yes","https://amphon.co.th/รับซื้อ/รับซื้อทีวี-มุกดาหาร","yes","2","2","","","","yes","global","global","","","yes","","DEFER_TO_F04","DEFER_TO_F04"
"/รับซื้อ/รับซื้อทีวี-ยโสธร","","service-x-location","yes","https://amphon.co.th/รับซื้อ/รับซื้อทีวี-ยโสธร","yes","2","2","","","","yes","global","global","","","yes","","DEFER_TO_F04","DEFER_TO_F04"
"/รับซื้อ/รับซื้อทีวี-ร้อยเอ็ด","","service-x-location","yes","https://amphon.co.th/รับซื้อ/รับซื้อทีวี-ร้อยเอ็ด","yes","2","2","","","","yes","global","global","","","yes","","DEFER_TO_F04","DEFER_TO_F04"
"/รับซื้อ/รับซื้อทีวี-ศรีสะเกษ","","service-x-location","yes","https://amphon.co.th/รับซื้อ/รับซื้อทีวี-ศรีสะเกษ","yes","2","2","","","","yes","global","global","","","yes","","DEFER_TO_F04","DEFER_TO_F04"
"/รับซื้อ/รับซื้อทีวี-สกลนคร","","service-x-location","yes","https://amphon.co.th/รับซื้อ/รับซื้อทีวี-สกลนคร","yes","2","2","","","","yes","global","global","","","yes","","DEFER_TO_F04","DEFER_TO_F04"
"/รับซื้อ/รับซื้อทีวี-สุรินทร์","","service-x-location","yes","https://amphon.co.th/รับซื้อ/รับซื้อทีวี-สุรินทร์","yes","2","2","","","","yes","global","global","","","yes","","DEFER_TO_F04","DEFER_TO_F04"
"/รับซื้อ/รับซื้อทีวี-หนองคาย","","service-x-location","yes","https://amphon.co.th/รับซื้อ/รับซื้อทีวี-หนองคาย","yes","2","2","","","","yes","global","global","","","yes","","DEFER_TO_F04","DEFER_TO_F04"
"/รับซื้อ/รับซื้อทีวี-หนองบัวลำภู","","service-x-location","yes","https://amphon.co.th/รับซื้อ/รับซื้อทีวี-หนองบัวลำภู","yes","2","2","","","","yes","global","global","","","yes","","DEFER_TO_F04","DEFER_TO_F04"
"/รับซื้อ/รับซื้อทีวี-อำนาจเจริญ","","service-x-location","yes","https://amphon.co.th/รับซื้อ/รับซื้อทีวี-อำนาจเจริญ","yes","2","2","","","","yes","global","global","","","yes","","DEFER_TO_F04","DEFER_TO_F04"
"/รับซื้อ/รับซื้อทีวี-อุดรธานี","","service-x-location","yes","https://amphon.co.th/รับซื้อ/รับซื้อทีวี-อุดรธานี","yes","2","2","","","","yes","global","global","","","yes","","DEFER_TO_F04","DEFER_TO_F04"
"/รับซื้อ/รับซื้อทีวี-อุบลราชธานี","","service-x-location","yes","https://amphon.co.th/รับซื้อ/รับซื้อทีวี-อุบลราชธานี","yes","2","2","","","","yes","global","global","","","yes","","DEFER_TO_F04","DEFER_TO_F04"
"/รับซื้อ/รับซื้อทีวี-เลย","","service-x-location","yes","https://amphon.co.th/รับซื้อ/รับซื้อทีวี-เลย","yes","2","2","","","","yes","global","global","","","yes","","DEFER_TO_F04","DEFER_TO_F04"
"/รับซื้อ/รับซื้อลำโพงบลูทูธ-กาฬสินธุ์","","service-x-location","yes","https://amphon.co.th/รับซื้อ/รับซื้อลำโพงบลูทูธ-กาฬสินธุ์","yes","2","2","","","","yes","global","global","","","no","","P3","KEEP_AS_IS"
"/รับซื้อ/รับซื้อลำโพงบลูทูธ-ขอนแก่น","","service-x-location","yes","https://amphon.co.th/รับซื้อ/รับซื้อลำโพงบลูทูธ-ขอนแก่น","yes","2","2","","","","yes","global","global","","","no","","P3","KEEP_AS_IS"
"/รับซื้อ/รับซื้อลำโพงบลูทูธ-ชัยภูมิ","","service-x-location","yes","https://amphon.co.th/รับซื้อ/รับซื้อลำโพงบลูทูธ-ชัยภูมิ","yes","2","2","","","","yes","global","global","","","no","","P3","KEEP_AS_IS"
"/รับซื้อ/รับซื้อลำโพงบลูทูธ-นครพนม","","service-x-location","yes","https://amphon.co.th/รับซื้อ/รับซื้อลำโพงบลูทูธ-นครพนม","yes","2","2","","","","yes","global","global","","","no","","P3","KEEP_AS_IS"
"/รับซื้อ/รับซื้อลำโพงบลูทูธ-นครราชสีมา","","service-x-location","yes","https://amphon.co.th/รับซื้อ/รับซื้อลำโพงบลูทูธ-นครราชสีมา","yes","2","2","","","","yes","global","global","","","no","","P3","KEEP_AS_IS"
"/รับซื้อ/รับซื้อลำโพงบลูทูธ-บึงกาฬ","","service-x-location","yes","https://amphon.co.th/รับซื้อ/รับซื้อลำโพงบลูทูธ-บึงกาฬ","yes","2","2","","","","yes","global","global","","","no","","P3","KEEP_AS_IS"
"/รับซื้อ/รับซื้อลำโพงบลูทูธ-บุรีรัมย์","","service-x-location","yes","https://amphon.co.th/รับซื้อ/รับซื้อลำโพงบลูทูธ-บุรีรัมย์","yes","2","2","","","","yes","global","global","","","no","","P3","KEEP_AS_IS"
"/รับซื้อ/รับซื้อลำโพงบลูทูธ-มหาสารคาม","","service-x-location","yes","https://amphon.co.th/รับซื้อ/รับซื้อลำโพงบลูทูธ-มหาสารคาม","yes","2","2","","","","yes","global","global","","","no","","P3","KEEP_AS_IS"
"/รับซื้อ/รับซื้อลำโพงบลูทูธ-มุกดาหาร","","service-x-location","yes","https://amphon.co.th/รับซื้อ/รับซื้อลำโพงบลูทูธ-มุกดาหาร","yes","2","2","","","","yes","global","global","","","no","","P3","KEEP_AS_IS"
"/รับซื้อ/รับซื้อลำโพงบลูทูธ-ยโสธร","","service-x-location","yes","https://amphon.co.th/รับซื้อ/รับซื้อลำโพงบลูทูธ-ยโสธร","yes","2","2","","","","yes","global","global","","","no","","P3","KEEP_AS_IS"
"/รับซื้อ/รับซื้อลำโพงบลูทูธ-ร้อยเอ็ด","","service-x-location","yes","https://amphon.co.th/รับซื้อ/รับซื้อลำโพงบลูทูธ-ร้อยเอ็ด","yes","2","2","","","","yes","global","global","","","no","","P3","KEEP_AS_IS"
"/รับซื้อ/รับซื้อลำโพงบลูทูธ-ศรีสะเกษ","","service-x-location","yes","https://amphon.co.th/รับซื้อ/รับซื้อลำโพงบลูทูธ-ศรีสะเกษ","yes","2","2","","","","yes","global","global","","","no","","P3","KEEP_AS_IS"
"/รับซื้อ/รับซื้อลำโพงบลูทูธ-สกลนคร","","service-x-location","yes","https://amphon.co.th/รับซื้อ/รับซื้อลำโพงบลูทูธ-สกลนคร","yes","2","2","","","","yes","global","global","","","no","","P3","KEEP_AS_IS"
"/รับซื้อ/รับซื้อลำโพงบลูทูธ-สุรินทร์","","service-x-location","yes","https://amphon.co.th/รับซื้อ/รับซื้อลำโพงบลูทูธ-สุรินทร์","yes","2","2","","","","yes","global","global","","","no","","P3","KEEP_AS_IS"
"/รับซื้อ/รับซื้อลำโพงบลูทูธ-หนองคาย","","service-x-location","yes","https://amphon.co.th/รับซื้อ/รับซื้อลำโพงบลูทูธ-หนองคาย","yes","2","2","","","","yes","global","global","","","no","","P3","KEEP_AS_IS"
"/รับซื้อ/รับซื้อลำโพงบลูทูธ-หนองบัวลำภู","","service-x-location","yes","https://amphon.co.th/รับซื้อ/รับซื้อลำโพงบลูทูธ-หนองบัวลำภู","yes","2","2","","","","yes","global","global","","","no","","P3","KEEP_AS_IS"
"/รับซื้อ/รับซื้อลำโพงบลูทูธ-อำนาจเจริญ","","service-x-location","yes","https://amphon.co.th/รับซื้อ/รับซื้อลำโพงบลูทูธ-อำนาจเจริญ","yes","2","2","","","","yes","global","global","","","no","","P3","KEEP_AS_IS"
"/รับซื้อ/รับซื้อลำโพงบลูทูธ-อุดรธานี","","service-x-location","yes","https://amphon.co.th/รับซื้อ/รับซื้อลำโพงบลูทูธ-อุดรธานี","yes","2","2","","","","yes","global","global","","","no","","P3","KEEP_AS_IS"
"/รับซื้อ/รับซื้อลำโพงบลูทูธ-อุบลราชธานี","","service-x-location","yes","https://amphon.co.th/รับซื้อ/รับซื้อลำโพงบลูทูธ-อุบลราชธานี","yes","2","2","","","","yes","global","global","","","no","","P3","KEEP_AS_IS"
"/รับซื้อ/รับซื้อลำโพงบลูทูธ-เลย","","service-x-location","yes","https://amphon.co.th/รับซื้อ/รับซื้อลำโพงบลูทูธ-เลย","yes","2","2","","","","yes","global","global","","","no","","P3","KEEP_AS_IS"
"/รับซื้อ/รับซื้อสินค้าไอที-กาฬสินธุ์","","service-x-location","yes","https://amphon.co.th/รับซื้อ/รับซื้อสินค้าไอที-กาฬสินธุ์","yes","1","1","","","","yes","global","global","","","no","","P3","KEEP_AS_IS"
"/รับซื้อ/รับซื้อสินค้าไอที-ขอนแก่น","","service-x-location","yes","https://amphon.co.th/รับซื้อ/รับซื้อสินค้าไอที-ขอนแก่น","yes","1","1","","","","yes","global","global","","","no","","P3","KEEP_AS_IS"
"/รับซื้อ/รับซื้อสินค้าไอที-ชัยภูมิ","","service-x-location","yes","https://amphon.co.th/รับซื้อ/รับซื้อสินค้าไอที-ชัยภูมิ","yes","1","1","","","","yes","global","global","","","no","","P3","KEEP_AS_IS"
"/รับซื้อ/รับซื้อสินค้าไอที-นครพนม","","service-x-location","yes","https://amphon.co.th/รับซื้อ/รับซื้อสินค้าไอที-นครพนม","yes","1","1","","","","yes","global","global","","","no","","P3","KEEP_AS_IS"
"/รับซื้อ/รับซื้อสินค้าไอที-นครราชสีมา","","service-x-location","yes","https://amphon.co.th/รับซื้อ/รับซื้อสินค้าไอที-นครราชสีมา","yes","1","1","","","","yes","global","global","","","no","","P3","KEEP_AS_IS"
"/รับซื้อ/รับซื้อสินค้าไอที-บึงกาฬ","","service-x-location","yes","https://amphon.co.th/รับซื้อ/รับซื้อสินค้าไอที-บึงกาฬ","yes","1","1","","","","yes","global","global","","","no","","P3","KEEP_AS_IS"
"/รับซื้อ/รับซื้อสินค้าไอที-บุรีรัมย์","","service-x-location","yes","https://amphon.co.th/รับซื้อ/รับซื้อสินค้าไอที-บุรีรัมย์","yes","1","1","","","","yes","global","global","","","no","","P3","KEEP_AS_IS"
"/รับซื้อ/รับซื้อสินค้าไอที-มหาสารคาม","","service-x-location","yes","https://amphon.co.th/รับซื้อ/รับซื้อสินค้าไอที-มหาสารคาม","yes","1","1","","","","yes","global","global","","","no","","P3","KEEP_AS_IS"
"/รับซื้อ/รับซื้อสินค้าไอที-มุกดาหาร","","service-x-location","yes","https://amphon.co.th/รับซื้อ/รับซื้อสินค้าไอที-มุกดาหาร","yes","1","1","","","","yes","global","global","","","no","","P3","KEEP_AS_IS"
"/รับซื้อ/รับซื้อสินค้าไอที-ยโสธร","","service-x-location","yes","https://amphon.co.th/รับซื้อ/รับซื้อสินค้าไอที-ยโสธร","yes","1","1","","","","yes","global","global","","","no","","P3","KEEP_AS_IS"
"/รับซื้อ/รับซื้อสินค้าไอที-ร้อยเอ็ด","","service-x-location","yes","https://amphon.co.th/รับซื้อ/รับซื้อสินค้าไอที-ร้อยเอ็ด","yes","1","1","","","","yes","global","global","","","no","","P3","KEEP_AS_IS"
"/รับซื้อ/รับซื้อสินค้าไอที-ศรีสะเกษ","","service-x-location","yes","https://amphon.co.th/รับซื้อ/รับซื้อสินค้าไอที-ศรีสะเกษ","yes","1","1","","","","yes","global","global","","","no","","P3","KEEP_AS_IS"
"/รับซื้อ/รับซื้อสินค้าไอที-สกลนคร","","service-x-location","yes","https://amphon.co.th/รับซื้อ/รับซื้อสินค้าไอที-สกลนคร","yes","1","1","","","","yes","global","global","","","no","","P3","KEEP_AS_IS"
"/รับซื้อ/รับซื้อสินค้าไอที-สุรินทร์","","service-x-location","yes","https://amphon.co.th/รับซื้อ/รับซื้อสินค้าไอที-สุรินทร์","yes","1","1","","","","yes","global","global","","","no","","P3","KEEP_AS_IS"
"/รับซื้อ/รับซื้อสินค้าไอที-หนองคาย","","service-x-location","yes","https://amphon.co.th/รับซื้อ/รับซื้อสินค้าไอที-หนองคาย","yes","1","1","","","","yes","global","global","","","no","","P3","KEEP_AS_IS"
"/รับซื้อ/รับซื้อสินค้าไอที-หนองบัวลำภู","","service-x-location","yes","https://amphon.co.th/รับซื้อ/รับซื้อสินค้าไอที-หนองบัวลำภู","yes","1","1","","","","yes","global","global","","","no","","P3","KEEP_AS_IS"
"/รับซื้อ/รับซื้อสินค้าไอที-อำนาจเจริญ","","service-x-location","yes","https://amphon.co.th/รับซื้อ/รับซื้อสินค้าไอที-อำนาจเจริญ","yes","1","1","","","","yes","global","global","","","no","","P3","KEEP_AS_IS"
"/รับซื้อ/รับซื้อสินค้าไอที-อุดรธานี","","service-x-location","yes","https://amphon.co.th/รับซื้อ/รับซื้อสินค้าไอที-อุดรธานี","yes","1","1","","","","yes","global","global","","","no","","P3","KEEP_AS_IS"
"/รับซื้อ/รับซื้อสินค้าไอที-อุบลราชธานี","","service-x-location","yes","https://amphon.co.th/รับซื้อ/รับซื้อสินค้าไอที-อุบลราชธานี","yes","1","1","","","","yes","global","global","","","no","","P3","KEEP_AS_IS"
"/รับซื้อ/รับซื้อสินค้าไอที-เลย","","service-x-location","yes","https://amphon.co.th/รับซื้อ/รับซื้อสินค้าไอที-เลย","yes","1","1","","","","yes","global","global","","","no","","P3","KEEP_AS_IS"
"/รับซื้อ/รับซื้อหูฟัง-กาฬสินธุ์","","service-x-location","yes","https://amphon.co.th/รับซื้อ/รับซื้อหูฟัง-กาฬสินธุ์","yes","2","2","","","","yes","global","global","","","no","","P3","KEEP_AS_IS"
"/รับซื้อ/รับซื้อหูฟัง-ขอนแก่น","","service-x-location","yes","https://amphon.co.th/รับซื้อ/รับซื้อหูฟัง-ขอนแก่น","yes","2","2","","","","yes","global","global","","","no","","P3","KEEP_AS_IS"
"/รับซื้อ/รับซื้อหูฟัง-ชัยภูมิ","","service-x-location","yes","https://amphon.co.th/รับซื้อ/รับซื้อหูฟัง-ชัยภูมิ","yes","2","2","","","","yes","global","global","","","no","","P3","KEEP_AS_IS"
"/รับซื้อ/รับซื้อหูฟัง-นครพนม","","service-x-location","yes","https://amphon.co.th/รับซื้อ/รับซื้อหูฟัง-นครพนม","yes","2","2","","","","yes","global","global","","","no","","P3","KEEP_AS_IS"
"/รับซื้อ/รับซื้อหูฟัง-นครราชสีมา","","service-x-location","yes","https://amphon.co.th/รับซื้อ/รับซื้อหูฟัง-นครราชสีมา","yes","2","2","","","","yes","global","global","","","no","","P3","KEEP_AS_IS"
"/รับซื้อ/รับซื้อหูฟัง-บึงกาฬ","","service-x-location","yes","https://amphon.co.th/รับซื้อ/รับซื้อหูฟัง-บึงกาฬ","yes","2","2","","","","yes","global","global","","","no","","P3","KEEP_AS_IS"
"/รับซื้อ/รับซื้อหูฟัง-บุรีรัมย์","","service-x-location","yes","https://amphon.co.th/รับซื้อ/รับซื้อหูฟัง-บุรีรัมย์","yes","2","2","","","","yes","global","global","","","no","","P3","KEEP_AS_IS"
"/รับซื้อ/รับซื้อหูฟัง-มหาสารคาม","","service-x-location","yes","https://amphon.co.th/รับซื้อ/รับซื้อหูฟัง-มหาสารคาม","yes","2","2","","","","yes","global","global","","","no","","P3","KEEP_AS_IS"
"/รับซื้อ/รับซื้อหูฟัง-มุกดาหาร","","service-x-location","yes","https://amphon.co.th/รับซื้อ/รับซื้อหูฟัง-มุกดาหาร","yes","2","2","","","","yes","global","global","","","no","","P3","KEEP_AS_IS"
"/รับซื้อ/รับซื้อหูฟัง-ยโสธร","","service-x-location","yes","https://amphon.co.th/รับซื้อ/รับซื้อหูฟัง-ยโสธร","yes","2","2","","","","yes","global","global","","","no","","P3","KEEP_AS_IS"
"/รับซื้อ/รับซื้อหูฟัง-ร้อยเอ็ด","","service-x-location","yes","https://amphon.co.th/รับซื้อ/รับซื้อหูฟัง-ร้อยเอ็ด","yes","2","2","","","","yes","global","global","","","no","","P3","KEEP_AS_IS"
"/รับซื้อ/รับซื้อหูฟัง-ศรีสะเกษ","","service-x-location","yes","https://amphon.co.th/รับซื้อ/รับซื้อหูฟัง-ศรีสะเกษ","yes","2","2","","","","yes","global","global","","","no","","P3","KEEP_AS_IS"
"/รับซื้อ/รับซื้อหูฟัง-สกลนคร","","service-x-location","yes","https://amphon.co.th/รับซื้อ/รับซื้อหูฟัง-สกลนคร","yes","2","2","","","","yes","global","global","","","no","","P3","KEEP_AS_IS"
"/รับซื้อ/รับซื้อหูฟัง-สุรินทร์","","service-x-location","yes","https://amphon.co.th/รับซื้อ/รับซื้อหูฟัง-สุรินทร์","yes","2","2","","","","yes","global","global","","","no","","P3","KEEP_AS_IS"
"/รับซื้อ/รับซื้อหูฟัง-หนองคาย","","service-x-location","yes","https://amphon.co.th/รับซื้อ/รับซื้อหูฟัง-หนองคาย","yes","2","2","","","","yes","global","global","","","no","","P3","KEEP_AS_IS"
"/รับซื้อ/รับซื้อหูฟัง-หนองบัวลำภู","","service-x-location","yes","https://amphon.co.th/รับซื้อ/รับซื้อหูฟัง-หนองบัวลำภู","yes","2","2","","","","yes","global","global","","","no","","P3","KEEP_AS_IS"
"/รับซื้อ/รับซื้อหูฟัง-อำนาจเจริญ","","service-x-location","yes","https://amphon.co.th/รับซื้อ/รับซื้อหูฟัง-อำนาจเจริญ","yes","2","2","","","","yes","global","global","","","no","","P3","KEEP_AS_IS"
"/รับซื้อ/รับซื้อหูฟัง-อุดรธานี","","service-x-location","yes","https://amphon.co.th/รับซื้อ/รับซื้อหูฟัง-อุดรธานี","yes","2","2","","","","yes","global","global","","","no","","P3","KEEP_AS_IS"
"/รับซื้อ/รับซื้อหูฟัง-อุบลราชธานี","","service-x-location","yes","https://amphon.co.th/รับซื้อ/รับซื้อหูฟัง-อุบลราชธานี","yes","2","2","","","","yes","global","global","","","no","","P3","KEEP_AS_IS"
"/รับซื้อ/รับซื้อหูฟัง-เลย","","service-x-location","yes","https://amphon.co.th/รับซื้อ/รับซื้อหูฟัง-เลย","yes","2","2","","","","yes","global","global","","","no","","P3","KEEP_AS_IS"
"/รับซื้อ/รับซื้ออุปกรณ์-network-กาฬสินธุ์","","service-x-location","yes","https://amphon.co.th/รับซื้อ/รับซื้ออุปกรณ์-network-กาฬสินธุ์","yes","2","2","","","","yes","global","global","","","yes","","DEFER_TO_F04","DEFER_TO_F04"
"/รับซื้อ/รับซื้ออุปกรณ์-network-ขอนแก่น","","service-x-location","yes","https://amphon.co.th/รับซื้อ/รับซื้ออุปกรณ์-network-ขอนแก่น","yes","2","2","","","","yes","global","global","","","yes","","DEFER_TO_F04","DEFER_TO_F04"
"/รับซื้อ/รับซื้ออุปกรณ์-network-ชัยภูมิ","","service-x-location","yes","https://amphon.co.th/รับซื้อ/รับซื้ออุปกรณ์-network-ชัยภูมิ","yes","2","2","","","","yes","global","global","","","yes","","DEFER_TO_F04","DEFER_TO_F04"
"/รับซื้อ/รับซื้ออุปกรณ์-network-นครพนม","","service-x-location","yes","https://amphon.co.th/รับซื้อ/รับซื้ออุปกรณ์-network-นครพนม","yes","2","2","","","","yes","global","global","","","yes","","DEFER_TO_F04","DEFER_TO_F04"
"/รับซื้อ/รับซื้ออุปกรณ์-network-นครราชสีมา","","service-x-location","yes","https://amphon.co.th/รับซื้อ/รับซื้ออุปกรณ์-network-นครราชสีมา","yes","2","2","","","","yes","global","global","","","yes","","DEFER_TO_F04","DEFER_TO_F04"
"/รับซื้อ/รับซื้ออุปกรณ์-network-บึงกาฬ","","service-x-location","yes","https://amphon.co.th/รับซื้อ/รับซื้ออุปกรณ์-network-บึงกาฬ","yes","2","2","","","","yes","global","global","","","yes","","DEFER_TO_F04","DEFER_TO_F04"
"/รับซื้อ/รับซื้ออุปกรณ์-network-บุรีรัมย์","","service-x-location","yes","https://amphon.co.th/รับซื้อ/รับซื้ออุปกรณ์-network-บุรีรัมย์","yes","2","2","","","","yes","global","global","","","yes","","DEFER_TO_F04","DEFER_TO_F04"
"/รับซื้อ/รับซื้ออุปกรณ์-network-มหาสารคาม","","service-x-location","yes","https://amphon.co.th/รับซื้อ/รับซื้ออุปกรณ์-network-มหาสารคาม","yes","2","2","","","","yes","global","global","","","yes","","DEFER_TO_F04","DEFER_TO_F04"
"/รับซื้อ/รับซื้ออุปกรณ์-network-มุกดาหาร","","service-x-location","yes","https://amphon.co.th/รับซื้อ/รับซื้ออุปกรณ์-network-มุกดาหาร","yes","2","2","","","","yes","global","global","","","yes","","DEFER_TO_F04","DEFER_TO_F04"
"/รับซื้อ/รับซื้ออุปกรณ์-network-ยโสธร","","service-x-location","yes","https://amphon.co.th/รับซื้อ/รับซื้ออุปกรณ์-network-ยโสธร","yes","2","2","","","","yes","global","global","","","yes","","DEFER_TO_F04","DEFER_TO_F04"
"/รับซื้อ/รับซื้ออุปกรณ์-network-ร้อยเอ็ด","","service-x-location","yes","https://amphon.co.th/รับซื้อ/รับซื้ออุปกรณ์-network-ร้อยเอ็ด","yes","2","2","","","","yes","global","global","","","yes","","DEFER_TO_F04","DEFER_TO_F04"
"/รับซื้อ/รับซื้ออุปกรณ์-network-ศรีสะเกษ","","service-x-location","yes","https://amphon.co.th/รับซื้อ/รับซื้ออุปกรณ์-network-ศรีสะเกษ","yes","2","2","","","","yes","global","global","","","yes","","DEFER_TO_F04","DEFER_TO_F04"
"/รับซื้อ/รับซื้ออุปกรณ์-network-สกลนคร","","service-x-location","yes","https://amphon.co.th/รับซื้อ/รับซื้ออุปกรณ์-network-สกลนคร","yes","2","2","","","","yes","global","global","","","yes","","DEFER_TO_F04","DEFER_TO_F04"
"/รับซื้อ/รับซื้ออุปกรณ์-network-สุรินทร์","","service-x-location","yes","https://amphon.co.th/รับซื้อ/รับซื้ออุปกรณ์-network-สุรินทร์","yes","2","2","","","","yes","global","global","","","yes","","DEFER_TO_F04","DEFER_TO_F04"
"/รับซื้อ/รับซื้ออุปกรณ์-network-หนองคาย","","service-x-location","yes","https://amphon.co.th/รับซื้อ/รับซื้ออุปกรณ์-network-หนองคาย","yes","2","2","","","","yes","global","global","","","yes","","DEFER_TO_F04","DEFER_TO_F04"
"/รับซื้อ/รับซื้ออุปกรณ์-network-หนองบัวลำภู","","service-x-location","yes","https://amphon.co.th/รับซื้อ/รับซื้ออุปกรณ์-network-หนองบัวลำภู","yes","2","2","","","","yes","global","global","","","yes","","DEFER_TO_F04","DEFER_TO_F04"
"/รับซื้อ/รับซื้ออุปกรณ์-network-อำนาจเจริญ","","service-x-location","yes","https://amphon.co.th/รับซื้อ/รับซื้ออุปกรณ์-network-อำนาจเจริญ","yes","2","2","","","","yes","global","global","","","yes","","DEFER_TO_F04","DEFER_TO_F04"
"/รับซื้อ/รับซื้ออุปกรณ์-network-อุดรธานี","","service-x-location","yes","https://amphon.co.th/รับซื้อ/รับซื้ออุปกรณ์-network-อุดรธานี","yes","2","2","","","","yes","global","global","","","yes","","DEFER_TO_F04","DEFER_TO_F04"
"/รับซื้อ/รับซื้ออุปกรณ์-network-อุบลราชธานี","","service-x-location","yes","https://amphon.co.th/รับซื้อ/รับซื้ออุปกรณ์-network-อุบลราชธานี","yes","2","2","","","","yes","global","global","","","yes","","DEFER_TO_F04","DEFER_TO_F04"
"/รับซื้อ/รับซื้ออุปกรณ์-network-เลย","","service-x-location","yes","https://amphon.co.th/รับซื้อ/รับซื้ออุปกรณ์-network-เลย","yes","2","2","","","","yes","global","global","","","yes","","DEFER_TO_F04","DEFER_TO_F04"
"/รับซื้อ/รับซื้ออุปกรณ์คอมพิวเตอร์-กาฬสินธุ์","","service-x-location","yes","https://amphon.co.th/รับซื้อ/รับซื้ออุปกรณ์คอมพิวเตอร์-กาฬสินธุ์","yes","2","2","","","","yes","global","global","","","no","","P3","KEEP_AS_IS"
"/รับซื้อ/รับซื้ออุปกรณ์คอมพิวเตอร์-ขอนแก่น","","service-x-location","yes","https://amphon.co.th/รับซื้อ/รับซื้ออุปกรณ์คอมพิวเตอร์-ขอนแก่น","yes","2","2","","","","yes","global","global","","","no","","P3","KEEP_AS_IS"
"/รับซื้อ/รับซื้ออุปกรณ์คอมพิวเตอร์-ชัยภูมิ","","service-x-location","yes","https://amphon.co.th/รับซื้อ/รับซื้ออุปกรณ์คอมพิวเตอร์-ชัยภูมิ","yes","2","2","","","","yes","global","global","","","no","","P3","KEEP_AS_IS"
"/รับซื้อ/รับซื้ออุปกรณ์คอมพิวเตอร์-นครพนม","","service-x-location","yes","https://amphon.co.th/รับซื้อ/รับซื้ออุปกรณ์คอมพิวเตอร์-นครพนม","yes","2","2","","","","yes","global","global","","","no","","P3","KEEP_AS_IS"
"/รับซื้อ/รับซื้ออุปกรณ์คอมพิวเตอร์-นครราชสีมา","","service-x-location","yes","https://amphon.co.th/รับซื้อ/รับซื้ออุปกรณ์คอมพิวเตอร์-นครราชสีมา","yes","2","2","","","","yes","global","global","","","no","","P3","KEEP_AS_IS"
"/รับซื้อ/รับซื้ออุปกรณ์คอมพิวเตอร์-บึงกาฬ","","service-x-location","yes","https://amphon.co.th/รับซื้อ/รับซื้ออุปกรณ์คอมพิวเตอร์-บึงกาฬ","yes","2","2","","","","yes","global","global","","","no","","P3","KEEP_AS_IS"
"/รับซื้อ/รับซื้ออุปกรณ์คอมพิวเตอร์-บุรีรัมย์","","service-x-location","yes","https://amphon.co.th/รับซื้อ/รับซื้ออุปกรณ์คอมพิวเตอร์-บุรีรัมย์","yes","2","2","","","","yes","global","global","","","no","","P3","KEEP_AS_IS"
"/รับซื้อ/รับซื้ออุปกรณ์คอมพิวเตอร์-มหาสารคาม","","service-x-location","yes","https://amphon.co.th/รับซื้อ/รับซื้ออุปกรณ์คอมพิวเตอร์-มหาสารคาม","yes","2","2","","","","yes","global","global","","","no","","P3","KEEP_AS_IS"
"/รับซื้อ/รับซื้ออุปกรณ์คอมพิวเตอร์-มุกดาหาร","","service-x-location","yes","https://amphon.co.th/รับซื้อ/รับซื้ออุปกรณ์คอมพิวเตอร์-มุกดาหาร","yes","2","2","","","","yes","global","global","","","no","","P3","KEEP_AS_IS"
"/รับซื้อ/รับซื้ออุปกรณ์คอมพิวเตอร์-ยโสธร","","service-x-location","yes","https://amphon.co.th/รับซื้อ/รับซื้ออุปกรณ์คอมพิวเตอร์-ยโสธร","yes","2","2","","","","yes","global","global","","","no","","P3","KEEP_AS_IS"
"/รับซื้อ/รับซื้ออุปกรณ์คอมพิวเตอร์-ร้อยเอ็ด","","service-x-location","yes","https://amphon.co.th/รับซื้อ/รับซื้ออุปกรณ์คอมพิวเตอร์-ร้อยเอ็ด","yes","2","2","","","","yes","global","global","","","no","","P3","KEEP_AS_IS"
"/รับซื้อ/รับซื้ออุปกรณ์คอมพิวเตอร์-ศรีสะเกษ","","service-x-location","yes","https://amphon.co.th/รับซื้อ/รับซื้ออุปกรณ์คอมพิวเตอร์-ศรีสะเกษ","yes","2","2","","","","yes","global","global","","","no","","P3","KEEP_AS_IS"
"/รับซื้อ/รับซื้ออุปกรณ์คอมพิวเตอร์-สกลนคร","","service-x-location","yes","https://amphon.co.th/รับซื้อ/รับซื้ออุปกรณ์คอมพิวเตอร์-สกลนคร","yes","2","2","","","","yes","global","global","","","no","","P3","KEEP_AS_IS"
"/รับซื้อ/รับซื้ออุปกรณ์คอมพิวเตอร์-สุรินทร์","","service-x-location","yes","https://amphon.co.th/รับซื้อ/รับซื้ออุปกรณ์คอมพิวเตอร์-สุรินทร์","yes","2","2","","","","yes","global","global","","","no","","P3","KEEP_AS_IS"
"/รับซื้อ/รับซื้ออุปกรณ์คอมพิวเตอร์-หนองคาย","","service-x-location","yes","https://amphon.co.th/รับซื้อ/รับซื้ออุปกรณ์คอมพิวเตอร์-หนองคาย","yes","2","2","","","","yes","global","global","","","no","","P3","KEEP_AS_IS"
"/รับซื้อ/รับซื้ออุปกรณ์คอมพิวเตอร์-หนองบัวลำภู","","service-x-location","yes","https://amphon.co.th/รับซื้อ/รับซื้ออุปกรณ์คอมพิวเตอร์-หนองบัวลำภู","yes","2","2","","","","yes","global","global","","","no","","P3","KEEP_AS_IS"
"/รับซื้อ/รับซื้ออุปกรณ์คอมพิวเตอร์-อำนาจเจริญ","","service-x-location","yes","https://amphon.co.th/รับซื้อ/รับซื้ออุปกรณ์คอมพิวเตอร์-อำนาจเจริญ","yes","2","2","","","","yes","global","global","","","no","","P3","KEEP_AS_IS"
"/รับซื้อ/รับซื้ออุปกรณ์คอมพิวเตอร์-อุดรธานี","","service-x-location","yes","https://amphon.co.th/รับซื้อ/รับซื้ออุปกรณ์คอมพิวเตอร์-อุดรธานี","yes","2","2","","","","yes","global","global","","","no","","P3","KEEP_AS_IS"
"/รับซื้อ/รับซื้ออุปกรณ์คอมพิวเตอร์-อุบลราชธานี","","service-x-location","yes","https://amphon.co.th/รับซื้อ/รับซื้ออุปกรณ์คอมพิวเตอร์-อุบลราชธานี","yes","2","2","","","","yes","global","global","","","no","","P3","KEEP_AS_IS"
"/รับซื้อ/รับซื้ออุปกรณ์คอมพิวเตอร์-เลย","","service-x-location","yes","https://amphon.co.th/รับซื้อ/รับซื้ออุปกรณ์คอมพิวเตอร์-เลย","yes","2","2","","","","yes","global","global","","","no","","P3","KEEP_AS_IS"
"/รับซื้อ/รับซื้ออุปกรณ์ไอที-กาฬสินธุ์","","service-x-location","yes","https://amphon.co.th/รับซื้อ/รับซื้ออุปกรณ์ไอที-กาฬสินธุ์","yes","2","2","","","","yes","global","global","","","no","","P3","KEEP_AS_IS"
"/รับซื้อ/รับซื้ออุปกรณ์ไอที-ขอนแก่น","","service-x-location","yes","https://amphon.co.th/รับซื้อ/รับซื้ออุปกรณ์ไอที-ขอนแก่น","yes","2","2","","","","yes","global","global","","","no","","P3","KEEP_AS_IS"
"/รับซื้อ/รับซื้ออุปกรณ์ไอที-ชัยภูมิ","","service-x-location","yes","https://amphon.co.th/รับซื้อ/รับซื้ออุปกรณ์ไอที-ชัยภูมิ","yes","2","2","","","","yes","global","global","","","no","","P3","KEEP_AS_IS"
"/รับซื้อ/รับซื้ออุปกรณ์ไอที-นครพนม","","service-x-location","yes","https://amphon.co.th/รับซื้อ/รับซื้ออุปกรณ์ไอที-นครพนม","yes","2","2","","","","yes","global","global","","","no","","P3","KEEP_AS_IS"
"/รับซื้อ/รับซื้ออุปกรณ์ไอที-นครราชสีมา","","service-x-location","yes","https://amphon.co.th/รับซื้อ/รับซื้ออุปกรณ์ไอที-นครราชสีมา","yes","2","2","","","","yes","global","global","","","no","","P3","KEEP_AS_IS"
"/รับซื้อ/รับซื้ออุปกรณ์ไอที-บึงกาฬ","","service-x-location","yes","https://amphon.co.th/รับซื้อ/รับซื้ออุปกรณ์ไอที-บึงกาฬ","yes","2","2","","","","yes","global","global","","","no","","P3","KEEP_AS_IS"
"/รับซื้อ/รับซื้ออุปกรณ์ไอที-บุรีรัมย์","","service-x-location","yes","https://amphon.co.th/รับซื้อ/รับซื้ออุปกรณ์ไอที-บุรีรัมย์","yes","2","2","","","","yes","global","global","","","no","","P3","KEEP_AS_IS"
"/รับซื้อ/รับซื้ออุปกรณ์ไอที-มหาสารคาม","","service-x-location","yes","https://amphon.co.th/รับซื้อ/รับซื้ออุปกรณ์ไอที-มหาสารคาม","yes","2","2","","","","yes","global","global","","","no","","P3","KEEP_AS_IS"
"/รับซื้อ/รับซื้ออุปกรณ์ไอที-มุกดาหาร","","service-x-location","yes","https://amphon.co.th/รับซื้อ/รับซื้ออุปกรณ์ไอที-มุกดาหาร","yes","2","2","","","","yes","global","global","","","no","","P3","KEEP_AS_IS"
"/รับซื้อ/รับซื้ออุปกรณ์ไอที-ยโสธร","","service-x-location","yes","https://amphon.co.th/รับซื้อ/รับซื้ออุปกรณ์ไอที-ยโสธร","yes","2","2","","","","yes","global","global","","","no","","P3","KEEP_AS_IS"
"/รับซื้อ/รับซื้ออุปกรณ์ไอที-ร้อยเอ็ด","","service-x-location","yes","https://amphon.co.th/รับซื้อ/รับซื้ออุปกรณ์ไอที-ร้อยเอ็ด","yes","2","2","","","","yes","global","global","","","no","","P3","KEEP_AS_IS"
"/รับซื้อ/รับซื้ออุปกรณ์ไอที-ศรีสะเกษ","","service-x-location","yes","https://amphon.co.th/รับซื้อ/รับซื้ออุปกรณ์ไอที-ศรีสะเกษ","yes","2","2","","","","yes","global","global","","","no","","P3","KEEP_AS_IS"
"/รับซื้อ/รับซื้ออุปกรณ์ไอที-สกลนคร","","service-x-location","yes","https://amphon.co.th/รับซื้อ/รับซื้ออุปกรณ์ไอที-สกลนคร","yes","2","2","","","","yes","global","global","","","no","","P3","KEEP_AS_IS"
"/รับซื้อ/รับซื้ออุปกรณ์ไอที-สุรินทร์","","service-x-location","yes","https://amphon.co.th/รับซื้อ/รับซื้ออุปกรณ์ไอที-สุรินทร์","yes","2","2","","","","yes","global","global","","","no","","P3","KEEP_AS_IS"
"/รับซื้อ/รับซื้ออุปกรณ์ไอที-หนองคาย","","service-x-location","yes","https://amphon.co.th/รับซื้อ/รับซื้ออุปกรณ์ไอที-หนองคาย","yes","2","2","","","","yes","global","global","","","no","","P3","KEEP_AS_IS"
"/รับซื้อ/รับซื้ออุปกรณ์ไอที-หนองบัวลำภู","","service-x-location","yes","https://amphon.co.th/รับซื้อ/รับซื้ออุปกรณ์ไอที-หนองบัวลำภู","yes","2","2","","","","yes","global","global","","","no","","P3","KEEP_AS_IS"
"/รับซื้อ/รับซื้ออุปกรณ์ไอที-อำนาจเจริญ","","service-x-location","yes","https://amphon.co.th/รับซื้อ/รับซื้ออุปกรณ์ไอที-อำนาจเจริญ","yes","2","2","","","","yes","global","global","","","no","","P3","KEEP_AS_IS"
"/รับซื้อ/รับซื้ออุปกรณ์ไอที-อุดรธานี","","service-x-location","yes","https://amphon.co.th/รับซื้อ/รับซื้ออุปกรณ์ไอที-อุดรธานี","yes","2","2","","","","yes","global","global","","","no","","P3","KEEP_AS_IS"
"/รับซื้อ/รับซื้ออุปกรณ์ไอที-อุบลราชธานี","","service-x-location","yes","https://amphon.co.th/รับซื้อ/รับซื้ออุปกรณ์ไอที-อุบลราชธานี","yes","2","2","","","","yes","global","global","","","no","","P3","KEEP_AS_IS"
"/รับซื้อ/รับซื้ออุปกรณ์ไอที-เลย","","service-x-location","yes","https://amphon.co.th/รับซื้อ/รับซื้ออุปกรณ์ไอที-เลย","yes","2","2","","","","yes","global","global","","","no","","P3","KEEP_AS_IS"
"/รับซื้อ/รับซื้อเครื่องเกม-กาฬสินธุ์","","service-x-location","yes","https://amphon.co.th/รับซื้อ/รับซื้อเครื่องเกม-กาฬสินธุ์","yes","2","2","","","","yes","global","global","","","no","","P3","KEEP_AS_IS"
"/รับซื้อ/รับซื้อเครื่องเกม-ขอนแก่น","","service-x-location","yes","https://amphon.co.th/รับซื้อ/รับซื้อเครื่องเกม-ขอนแก่น","yes","2","2","","","","yes","global","global","","","no","","P3","KEEP_AS_IS"
"/รับซื้อ/รับซื้อเครื่องเกม-ชัยภูมิ","","service-x-location","yes","https://amphon.co.th/รับซื้อ/รับซื้อเครื่องเกม-ชัยภูมิ","yes","2","2","","","","yes","global","global","","","no","","P3","KEEP_AS_IS"
"/รับซื้อ/รับซื้อเครื่องเกม-นครพนม","","service-x-location","yes","https://amphon.co.th/รับซื้อ/รับซื้อเครื่องเกม-นครพนม","yes","2","2","","","","yes","global","global","","","no","","P3","KEEP_AS_IS"
"/รับซื้อ/รับซื้อเครื่องเกม-นครราชสีมา","","service-x-location","yes","https://amphon.co.th/รับซื้อ/รับซื้อเครื่องเกม-นครราชสีมา","yes","2","2","","","","yes","global","global","","","no","","P3","KEEP_AS_IS"
"/รับซื้อ/รับซื้อเครื่องเกม-บึงกาฬ","","service-x-location","yes","https://amphon.co.th/รับซื้อ/รับซื้อเครื่องเกม-บึงกาฬ","yes","2","2","","","","yes","global","global","","","no","","P3","KEEP_AS_IS"
"/รับซื้อ/รับซื้อเครื่องเกม-บุรีรัมย์","","service-x-location","yes","https://amphon.co.th/รับซื้อ/รับซื้อเครื่องเกม-บุรีรัมย์","yes","2","2","","","","yes","global","global","","","no","","P3","KEEP_AS_IS"
"/รับซื้อ/รับซื้อเครื่องเกม-มหาสารคาม","","service-x-location","yes","https://amphon.co.th/รับซื้อ/รับซื้อเครื่องเกม-มหาสารคาม","yes","2","2","","","","yes","global","global","","","no","","P3","KEEP_AS_IS"
"/รับซื้อ/รับซื้อเครื่องเกม-มุกดาหาร","","service-x-location","yes","https://amphon.co.th/รับซื้อ/รับซื้อเครื่องเกม-มุกดาหาร","yes","2","2","","","","yes","global","global","","","no","","P3","KEEP_AS_IS"
"/รับซื้อ/รับซื้อเครื่องเกม-ยโสธร","","service-x-location","yes","https://amphon.co.th/รับซื้อ/รับซื้อเครื่องเกม-ยโสธร","yes","2","2","","","","yes","global","global","","","no","","P3","KEEP_AS_IS"
"/รับซื้อ/รับซื้อเครื่องเกม-ร้อยเอ็ด","","service-x-location","yes","https://amphon.co.th/รับซื้อ/รับซื้อเครื่องเกม-ร้อยเอ็ด","yes","2","2","","","","yes","global","global","","","no","","P3","KEEP_AS_IS"
"/รับซื้อ/รับซื้อเครื่องเกม-ศรีสะเกษ","","service-x-location","yes","https://amphon.co.th/รับซื้อ/รับซื้อเครื่องเกม-ศรีสะเกษ","yes","2","2","","","","yes","global","global","","","no","","P3","KEEP_AS_IS"
"/รับซื้อ/รับซื้อเครื่องเกม-สกลนคร","","service-x-location","yes","https://amphon.co.th/รับซื้อ/รับซื้อเครื่องเกม-สกลนคร","yes","2","2","","","","yes","global","global","","","no","","P3","KEEP_AS_IS"
"/รับซื้อ/รับซื้อเครื่องเกม-สุรินทร์","","service-x-location","yes","https://amphon.co.th/รับซื้อ/รับซื้อเครื่องเกม-สุรินทร์","yes","2","2","","","","yes","global","global","","","no","","P3","KEEP_AS_IS"
"/รับซื้อ/รับซื้อเครื่องเกม-หนองคาย","","service-x-location","yes","https://amphon.co.th/รับซื้อ/รับซื้อเครื่องเกม-หนองคาย","yes","2","2","","","","yes","global","global","","","no","","P3","KEEP_AS_IS"
"/รับซื้อ/รับซื้อเครื่องเกม-หนองบัวลำภู","","service-x-location","yes","https://amphon.co.th/รับซื้อ/รับซื้อเครื่องเกม-หนองบัวลำภู","yes","2","2","","","","yes","global","global","","","no","","P3","KEEP_AS_IS"
"/รับซื้อ/รับซื้อเครื่องเกม-อำนาจเจริญ","","service-x-location","yes","https://amphon.co.th/รับซื้อ/รับซื้อเครื่องเกม-อำนาจเจริญ","yes","2","2","","","","yes","global","global","","","no","","P3","KEEP_AS_IS"
"/รับซื้อ/รับซื้อเครื่องเกม-อุดรธานี","","service-x-location","yes","https://amphon.co.th/รับซื้อ/รับซื้อเครื่องเกม-อุดรธานี","yes","2","2","","","","yes","global","global","","","no","","P3","KEEP_AS_IS"
"/รับซื้อ/รับซื้อเครื่องเกม-อุบลราชธานี","","service-x-location","yes","https://amphon.co.th/รับซื้อ/รับซื้อเครื่องเกม-อุบลราชธานี","yes","2","2","","","","yes","global","global","","","no","","P3","KEEP_AS_IS"
"/รับซื้อ/รับซื้อเครื่องเกม-เลย","","service-x-location","yes","https://amphon.co.th/รับซื้อ/รับซื้อเครื่องเกม-เลย","yes","2","2","","","","yes","global","global","","","no","","P3","KEEP_AS_IS"
"/รับซื้อ/รับซื้อเครื่องใช้ไฟฟ้า-กาฬสินธุ์","","service-x-location","yes","https://amphon.co.th/รับซื้อ/รับซื้อเครื่องใช้ไฟฟ้า-กาฬสินธุ์","yes","2","2","","","","yes","global","global","","","yes","","DEFER_TO_F04","DEFER_TO_F04"
"/รับซื้อ/รับซื้อเครื่องใช้ไฟฟ้า-ขอนแก่น","","service-x-location","yes","https://amphon.co.th/รับซื้อ/รับซื้อเครื่องใช้ไฟฟ้า-ขอนแก่น","yes","2","2","","","","yes","global","global","","","yes","","DEFER_TO_F04","DEFER_TO_F04"
"/รับซื้อ/รับซื้อเครื่องใช้ไฟฟ้า-ชัยภูมิ","","service-x-location","yes","https://amphon.co.th/รับซื้อ/รับซื้อเครื่องใช้ไฟฟ้า-ชัยภูมิ","yes","2","2","","","","yes","global","global","","","yes","","DEFER_TO_F04","DEFER_TO_F04"
"/รับซื้อ/รับซื้อเครื่องใช้ไฟฟ้า-นครพนม","","service-x-location","yes","https://amphon.co.th/รับซื้อ/รับซื้อเครื่องใช้ไฟฟ้า-นครพนม","yes","2","2","","","","yes","global","global","","","yes","","DEFER_TO_F04","DEFER_TO_F04"
"/รับซื้อ/รับซื้อเครื่องใช้ไฟฟ้า-นครราชสีมา","","service-x-location","yes","https://amphon.co.th/รับซื้อ/รับซื้อเครื่องใช้ไฟฟ้า-นครราชสีมา","yes","2","2","","","","yes","global","global","","","yes","","DEFER_TO_F04","DEFER_TO_F04"
"/รับซื้อ/รับซื้อเครื่องใช้ไฟฟ้า-บึงกาฬ","","service-x-location","yes","https://amphon.co.th/รับซื้อ/รับซื้อเครื่องใช้ไฟฟ้า-บึงกาฬ","yes","2","2","","","","yes","global","global","","","yes","","DEFER_TO_F04","DEFER_TO_F04"
"/รับซื้อ/รับซื้อเครื่องใช้ไฟฟ้า-บุรีรัมย์","","service-x-location","yes","https://amphon.co.th/รับซื้อ/รับซื้อเครื่องใช้ไฟฟ้า-บุรีรัมย์","yes","2","2","","","","yes","global","global","","","yes","","DEFER_TO_F04","DEFER_TO_F04"
"/รับซื้อ/รับซื้อเครื่องใช้ไฟฟ้า-มหาสารคาม","","service-x-location","yes","https://amphon.co.th/รับซื้อ/รับซื้อเครื่องใช้ไฟฟ้า-มหาสารคาม","yes","2","2","","","","yes","global","global","","","yes","","DEFER_TO_F04","DEFER_TO_F04"
"/รับซื้อ/รับซื้อเครื่องใช้ไฟฟ้า-มุกดาหาร","","service-x-location","yes","https://amphon.co.th/รับซื้อ/รับซื้อเครื่องใช้ไฟฟ้า-มุกดาหาร","yes","2","2","","","","yes","global","global","","","yes","","DEFER_TO_F04","DEFER_TO_F04"
"/รับซื้อ/รับซื้อเครื่องใช้ไฟฟ้า-ยโสธร","","service-x-location","yes","https://amphon.co.th/รับซื้อ/รับซื้อเครื่องใช้ไฟฟ้า-ยโสธร","yes","2","2","","","","yes","global","global","","","yes","","DEFER_TO_F04","DEFER_TO_F04"
"/รับซื้อ/รับซื้อเครื่องใช้ไฟฟ้า-ร้อยเอ็ด","","service-x-location","yes","https://amphon.co.th/รับซื้อ/รับซื้อเครื่องใช้ไฟฟ้า-ร้อยเอ็ด","yes","2","2","","","","yes","global","global","","","yes","","DEFER_TO_F04","DEFER_TO_F04"
"/รับซื้อ/รับซื้อเครื่องใช้ไฟฟ้า-ศรีสะเกษ","","service-x-location","yes","https://amphon.co.th/รับซื้อ/รับซื้อเครื่องใช้ไฟฟ้า-ศรีสะเกษ","yes","2","2","","","","yes","global","global","","","yes","","DEFER_TO_F04","DEFER_TO_F04"
"/รับซื้อ/รับซื้อเครื่องใช้ไฟฟ้า-สกลนคร","","service-x-location","yes","https://amphon.co.th/รับซื้อ/รับซื้อเครื่องใช้ไฟฟ้า-สกลนคร","yes","2","2","","","","yes","global","global","","","yes","","DEFER_TO_F04","DEFER_TO_F04"
"/รับซื้อ/รับซื้อเครื่องใช้ไฟฟ้า-สุรินทร์","","service-x-location","yes","https://amphon.co.th/รับซื้อ/รับซื้อเครื่องใช้ไฟฟ้า-สุรินทร์","yes","2","2","","","","yes","global","global","","","yes","","DEFER_TO_F04","DEFER_TO_F04"
"/รับซื้อ/รับซื้อเครื่องใช้ไฟฟ้า-หนองคาย","","service-x-location","yes","https://amphon.co.th/รับซื้อ/รับซื้อเครื่องใช้ไฟฟ้า-หนองคาย","yes","2","2","","","","yes","global","global","","","yes","","DEFER_TO_F04","DEFER_TO_F04"
"/รับซื้อ/รับซื้อเครื่องใช้ไฟฟ้า-หนองบัวลำภู","","service-x-location","yes","https://amphon.co.th/รับซื้อ/รับซื้อเครื่องใช้ไฟฟ้า-หนองบัวลำภู","yes","2","2","","","","yes","global","global","","","yes","","DEFER_TO_F04","DEFER_TO_F04"
"/รับซื้อ/รับซื้อเครื่องใช้ไฟฟ้า-อำนาจเจริญ","","service-x-location","yes","https://amphon.co.th/รับซื้อ/รับซื้อเครื่องใช้ไฟฟ้า-อำนาจเจริญ","yes","2","2","","","","yes","global","global","","","yes","","DEFER_TO_F04","DEFER_TO_F04"
"/รับซื้อ/รับซื้อเครื่องใช้ไฟฟ้า-อุดรธานี","","service-x-location","yes","https://amphon.co.th/รับซื้อ/รับซื้อเครื่องใช้ไฟฟ้า-อุดรธานี","yes","2","2","","","","yes","global","global","","","yes","","DEFER_TO_F04","DEFER_TO_F04"
"/รับซื้อ/รับซื้อเครื่องใช้ไฟฟ้า-อุบลราชธานี","","service-x-location","yes","https://amphon.co.th/รับซื้อ/รับซื้อเครื่องใช้ไฟฟ้า-อุบลราชธานี","yes","2","2","","","","yes","global","global","","","yes","","DEFER_TO_F04","DEFER_TO_F04"
"/รับซื้อ/รับซื้อเครื่องใช้ไฟฟ้า-เลย","","service-x-location","yes","https://amphon.co.th/รับซื้อ/รับซื้อเครื่องใช้ไฟฟ้า-เลย","yes","2","2","","","","yes","global","global","","","yes","","DEFER_TO_F04","DEFER_TO_F04"
"/รับซื้อ/รับซื้อเฟอร์นิเจอร์-กาฬสินธุ์","","service-x-location","yes","https://amphon.co.th/รับซื้อ/รับซื้อเฟอร์นิเจอร์-กาฬสินธุ์","yes","2","2","","","","yes","global","global","","","yes","","DEFER_TO_F04","DEFER_TO_F04"
"/รับซื้อ/รับซื้อเฟอร์นิเจอร์-ขอนแก่น","","service-x-location","yes","https://amphon.co.th/รับซื้อ/รับซื้อเฟอร์นิเจอร์-ขอนแก่น","yes","2","2","","","","yes","global","global","","","yes","","DEFER_TO_F04","DEFER_TO_F04"
"/รับซื้อ/รับซื้อเฟอร์นิเจอร์-ชัยภูมิ","","service-x-location","yes","https://amphon.co.th/รับซื้อ/รับซื้อเฟอร์นิเจอร์-ชัยภูมิ","yes","2","2","","","","yes","global","global","","","yes","","DEFER_TO_F04","DEFER_TO_F04"
"/รับซื้อ/รับซื้อเฟอร์นิเจอร์-นครพนม","","service-x-location","yes","https://amphon.co.th/รับซื้อ/รับซื้อเฟอร์นิเจอร์-นครพนม","yes","2","2","","","","yes","global","global","","","yes","","DEFER_TO_F04","DEFER_TO_F04"
"/รับซื้อ/รับซื้อเฟอร์นิเจอร์-นครราชสีมา","","service-x-location","yes","https://amphon.co.th/รับซื้อ/รับซื้อเฟอร์นิเจอร์-นครราชสีมา","yes","2","2","","","","yes","global","global","","","yes","","DEFER_TO_F04","DEFER_TO_F04"
"/รับซื้อ/รับซื้อเฟอร์นิเจอร์-บึงกาฬ","","service-x-location","yes","https://amphon.co.th/รับซื้อ/รับซื้อเฟอร์นิเจอร์-บึงกาฬ","yes","2","2","","","","yes","global","global","","","yes","","DEFER_TO_F04","DEFER_TO_F04"
"/รับซื้อ/รับซื้อเฟอร์นิเจอร์-บุรีรัมย์","","service-x-location","yes","https://amphon.co.th/รับซื้อ/รับซื้อเฟอร์นิเจอร์-บุรีรัมย์","yes","2","2","","","","yes","global","global","","","yes","","DEFER_TO_F04","DEFER_TO_F04"
"/รับซื้อ/รับซื้อเฟอร์นิเจอร์-มหาสารคาม","","service-x-location","yes","https://amphon.co.th/รับซื้อ/รับซื้อเฟอร์นิเจอร์-มหาสารคาม","yes","2","2","","","","yes","global","global","","","yes","","DEFER_TO_F04","DEFER_TO_F04"
"/รับซื้อ/รับซื้อเฟอร์นิเจอร์-มุกดาหาร","","service-x-location","yes","https://amphon.co.th/รับซื้อ/รับซื้อเฟอร์นิเจอร์-มุกดาหาร","yes","2","2","","","","yes","global","global","","","yes","","DEFER_TO_F04","DEFER_TO_F04"
"/รับซื้อ/รับซื้อเฟอร์นิเจอร์-ยโสธร","","service-x-location","yes","https://amphon.co.th/รับซื้อ/รับซื้อเฟอร์นิเจอร์-ยโสธร","yes","2","2","","","","yes","global","global","","","yes","","DEFER_TO_F04","DEFER_TO_F04"
"/รับซื้อ/รับซื้อเฟอร์นิเจอร์-ร้อยเอ็ด","","service-x-location","yes","https://amphon.co.th/รับซื้อ/รับซื้อเฟอร์นิเจอร์-ร้อยเอ็ด","yes","2","2","","","","yes","global","global","","","yes","","DEFER_TO_F04","DEFER_TO_F04"
"/รับซื้อ/รับซื้อเฟอร์นิเจอร์-ศรีสะเกษ","","service-x-location","yes","https://amphon.co.th/รับซื้อ/รับซื้อเฟอร์นิเจอร์-ศรีสะเกษ","yes","2","2","","","","yes","global","global","","","yes","","DEFER_TO_F04","DEFER_TO_F04"
"/รับซื้อ/รับซื้อเฟอร์นิเจอร์-สกลนคร","","service-x-location","yes","https://amphon.co.th/รับซื้อ/รับซื้อเฟอร์นิเจอร์-สกลนคร","yes","2","2","","","","yes","global","global","","","yes","","DEFER_TO_F04","DEFER_TO_F04"
"/รับซื้อ/รับซื้อเฟอร์นิเจอร์-สุรินทร์","","service-x-location","yes","https://amphon.co.th/รับซื้อ/รับซื้อเฟอร์นิเจอร์-สุรินทร์","yes","2","2","","","","yes","global","global","","","yes","","DEFER_TO_F04","DEFER_TO_F04"
"/รับซื้อ/รับซื้อเฟอร์นิเจอร์-หนองคาย","","service-x-location","yes","https://amphon.co.th/รับซื้อ/รับซื้อเฟอร์นิเจอร์-หนองคาย","yes","2","2","","","","yes","global","global","","","yes","","DEFER_TO_F04","DEFER_TO_F04"
"/รับซื้อ/รับซื้อเฟอร์นิเจอร์-หนองบัวลำภู","","service-x-location","yes","https://amphon.co.th/รับซื้อ/รับซื้อเฟอร์นิเจอร์-หนองบัวลำภู","yes","2","2","","","","yes","global","global","","","yes","","DEFER_TO_F04","DEFER_TO_F04"
"/รับซื้อ/รับซื้อเฟอร์นิเจอร์-อำนาจเจริญ","","service-x-location","yes","https://amphon.co.th/รับซื้อ/รับซื้อเฟอร์นิเจอร์-อำนาจเจริญ","yes","2","2","","","","yes","global","global","","","yes","","DEFER_TO_F04","DEFER_TO_F04"
"/รับซื้อ/รับซื้อเฟอร์นิเจอร์-อุดรธานี","","service-x-location","yes","https://amphon.co.th/รับซื้อ/รับซื้อเฟอร์นิเจอร์-อุดรธานี","yes","2","2","","","","yes","global","global","","","yes","","DEFER_TO_F04","DEFER_TO_F04"
"/รับซื้อ/รับซื้อเฟอร์นิเจอร์-อุบลราชธานี","","service-x-location","yes","https://amphon.co.th/รับซื้อ/รับซื้อเฟอร์นิเจอร์-อุบลราชธานี","yes","2","2","","","","yes","global","global","","","yes","","DEFER_TO_F04","DEFER_TO_F04"
"/รับซื้อ/รับซื้อเฟอร์นิเจอร์-เลย","","service-x-location","yes","https://amphon.co.th/รับซื้อ/รับซื้อเฟอร์นิเจอร์-เลย","yes","2","2","","","","yes","global","global","","","yes","","DEFER_TO_F04","DEFER_TO_F04"
"/รับซื้อ/รับซื้อเมนบอร์ด-กาฬสินธุ์","","service-x-location","yes","https://amphon.co.th/รับซื้อ/รับซื้อเมนบอร์ด-กาฬสินธุ์","yes","2","2","","","","yes","global","global","","","no","","P3","KEEP_AS_IS"
"/รับซื้อ/รับซื้อเมนบอร์ด-ขอนแก่น","","service-x-location","yes","https://amphon.co.th/รับซื้อ/รับซื้อเมนบอร์ด-ขอนแก่น","yes","2","2","","","","yes","global","global","","","no","","P3","KEEP_AS_IS"
"/รับซื้อ/รับซื้อเมนบอร์ด-ชัยภูมิ","","service-x-location","yes","https://amphon.co.th/รับซื้อ/รับซื้อเมนบอร์ด-ชัยภูมิ","yes","2","2","","","","yes","global","global","","","no","","P3","KEEP_AS_IS"
"/รับซื้อ/รับซื้อเมนบอร์ด-นครพนม","","service-x-location","yes","https://amphon.co.th/รับซื้อ/รับซื้อเมนบอร์ด-นครพนม","yes","2","2","","","","yes","global","global","","","no","","P3","KEEP_AS_IS"
"/รับซื้อ/รับซื้อเมนบอร์ด-นครราชสีมา","","service-x-location","yes","https://amphon.co.th/รับซื้อ/รับซื้อเมนบอร์ด-นครราชสีมา","yes","2","2","","","","yes","global","global","","","no","","P3","KEEP_AS_IS"
"/รับซื้อ/รับซื้อเมนบอร์ด-บึงกาฬ","","service-x-location","yes","https://amphon.co.th/รับซื้อ/รับซื้อเมนบอร์ด-บึงกาฬ","yes","2","2","","","","yes","global","global","","","no","","P3","KEEP_AS_IS"
"/รับซื้อ/รับซื้อเมนบอร์ด-บุรีรัมย์","","service-x-location","yes","https://amphon.co.th/รับซื้อ/รับซื้อเมนบอร์ด-บุรีรัมย์","yes","2","2","","","","yes","global","global","","","no","","P3","KEEP_AS_IS"
"/รับซื้อ/รับซื้อเมนบอร์ด-มหาสารคาม","","service-x-location","yes","https://amphon.co.th/รับซื้อ/รับซื้อเมนบอร์ด-มหาสารคาม","yes","2","2","","","","yes","global","global","","","no","","P3","KEEP_AS_IS"
"/รับซื้อ/รับซื้อเมนบอร์ด-มุกดาหาร","","service-x-location","yes","https://amphon.co.th/รับซื้อ/รับซื้อเมนบอร์ด-มุกดาหาร","yes","2","2","","","","yes","global","global","","","no","","P3","KEEP_AS_IS"
"/รับซื้อ/รับซื้อเมนบอร์ด-ยโสธร","","service-x-location","yes","https://amphon.co.th/รับซื้อ/รับซื้อเมนบอร์ด-ยโสธร","yes","2","2","","","","yes","global","global","","","no","","P3","KEEP_AS_IS"
"/รับซื้อ/รับซื้อเมนบอร์ด-ร้อยเอ็ด","","service-x-location","yes","https://amphon.co.th/รับซื้อ/รับซื้อเมนบอร์ด-ร้อยเอ็ด","yes","2","2","","","","yes","global","global","","","no","","P3","KEEP_AS_IS"
"/รับซื้อ/รับซื้อเมนบอร์ด-ศรีสะเกษ","","service-x-location","yes","https://amphon.co.th/รับซื้อ/รับซื้อเมนบอร์ด-ศรีสะเกษ","yes","2","2","","","","yes","global","global","","","no","","P3","KEEP_AS_IS"
"/รับซื้อ/รับซื้อเมนบอร์ด-สกลนคร","","service-x-location","yes","https://amphon.co.th/รับซื้อ/รับซื้อเมนบอร์ด-สกลนคร","yes","2","2","","","","yes","global","global","","","no","","P3","KEEP_AS_IS"
"/รับซื้อ/รับซื้อเมนบอร์ด-สุรินทร์","","service-x-location","yes","https://amphon.co.th/รับซื้อ/รับซื้อเมนบอร์ด-สุรินทร์","yes","2","2","","","","yes","global","global","","","no","","P3","KEEP_AS_IS"
"/รับซื้อ/รับซื้อเมนบอร์ด-หนองคาย","","service-x-location","yes","https://amphon.co.th/รับซื้อ/รับซื้อเมนบอร์ด-หนองคาย","yes","2","2","","","","yes","global","global","","","no","","P3","KEEP_AS_IS"
"/รับซื้อ/รับซื้อเมนบอร์ด-หนองบัวลำภู","","service-x-location","yes","https://amphon.co.th/รับซื้อ/รับซื้อเมนบอร์ด-หนองบัวลำภู","yes","2","2","","","","yes","global","global","","","no","","P3","KEEP_AS_IS"
"/รับซื้อ/รับซื้อเมนบอร์ด-อำนาจเจริญ","","service-x-location","yes","https://amphon.co.th/รับซื้อ/รับซื้อเมนบอร์ด-อำนาจเจริญ","yes","2","2","","","","yes","global","global","","","no","","P3","KEEP_AS_IS"
"/รับซื้อ/รับซื้อเมนบอร์ด-อุดรธานี","","service-x-location","yes","https://amphon.co.th/รับซื้อ/รับซื้อเมนบอร์ด-อุดรธานี","yes","2","2","","","","yes","global","global","","","no","","P3","KEEP_AS_IS"
"/รับซื้อ/รับซื้อเมนบอร์ด-อุบลราชธานี","","service-x-location","yes","https://amphon.co.th/รับซื้อ/รับซื้อเมนบอร์ด-อุบลราชธานี","yes","2","2","","","","yes","global","global","","","no","","P3","KEEP_AS_IS"
"/รับซื้อ/รับซื้อเมนบอร์ด-เลย","","service-x-location","yes","https://amphon.co.th/รับซื้อ/รับซื้อเมนบอร์ด-เลย","yes","2","2","","","","yes","global","global","","","no","","P3","KEEP_AS_IS"
"/รับซื้อ/รับซื้อแท็บเล็ต-กาฬสินธุ์","","service-x-location","yes","https://amphon.co.th/รับซื้อ/รับซื้อแท็บเล็ต-กาฬสินธุ์","yes","2","2","","","","yes","global","global","","","no","","P3","KEEP_AS_IS"
"/รับซื้อ/รับซื้อแท็บเล็ต-ขอนแก่น","","service-x-location","yes","https://amphon.co.th/รับซื้อ/รับซื้อแท็บเล็ต-ขอนแก่น","yes","2","2","","","","yes","global","global","","","no","","P3","KEEP_AS_IS"
"/รับซื้อ/รับซื้อแท็บเล็ต-ชัยภูมิ","","service-x-location","yes","https://amphon.co.th/รับซื้อ/รับซื้อแท็บเล็ต-ชัยภูมิ","yes","2","2","","","","yes","global","global","","","no","","P3","KEEP_AS_IS"
"/รับซื้อ/รับซื้อแท็บเล็ต-นครพนม","","service-x-location","yes","https://amphon.co.th/รับซื้อ/รับซื้อแท็บเล็ต-นครพนม","yes","2","2","","","","yes","global","global","","","no","","P3","KEEP_AS_IS"
"/รับซื้อ/รับซื้อแท็บเล็ต-นครราชสีมา","","service-x-location","yes","https://amphon.co.th/รับซื้อ/รับซื้อแท็บเล็ต-นครราชสีมา","yes","2","2","","","","yes","global","global","","","no","","P3","KEEP_AS_IS"
"/รับซื้อ/รับซื้อแท็บเล็ต-บึงกาฬ","","service-x-location","yes","https://amphon.co.th/รับซื้อ/รับซื้อแท็บเล็ต-บึงกาฬ","yes","2","2","","","","yes","global","global","","","no","","P3","KEEP_AS_IS"
"/รับซื้อ/รับซื้อแท็บเล็ต-บุรีรัมย์","","service-x-location","yes","https://amphon.co.th/รับซื้อ/รับซื้อแท็บเล็ต-บุรีรัมย์","yes","2","2","","","","yes","global","global","","","no","","P3","KEEP_AS_IS"
"/รับซื้อ/รับซื้อแท็บเล็ต-มหาสารคาม","","service-x-location","yes","https://amphon.co.th/รับซื้อ/รับซื้อแท็บเล็ต-มหาสารคาม","yes","2","2","","","","yes","global","global","","","no","","P3","KEEP_AS_IS"
"/รับซื้อ/รับซื้อแท็บเล็ต-มุกดาหาร","","service-x-location","yes","https://amphon.co.th/รับซื้อ/รับซื้อแท็บเล็ต-มุกดาหาร","yes","2","2","","","","yes","global","global","","","no","","P3","KEEP_AS_IS"
"/รับซื้อ/รับซื้อแท็บเล็ต-ยโสธร","","service-x-location","yes","https://amphon.co.th/รับซื้อ/รับซื้อแท็บเล็ต-ยโสธร","yes","2","2","","","","yes","global","global","","","no","","P3","KEEP_AS_IS"
"/รับซื้อ/รับซื้อแท็บเล็ต-ร้อยเอ็ด","","service-x-location","yes","https://amphon.co.th/รับซื้อ/รับซื้อแท็บเล็ต-ร้อยเอ็ด","yes","2","2","","","","yes","global","global","","","no","","P3","KEEP_AS_IS"
"/รับซื้อ/รับซื้อแท็บเล็ต-ศรีสะเกษ","","service-x-location","yes","https://amphon.co.th/รับซื้อ/รับซื้อแท็บเล็ต-ศรีสะเกษ","yes","2","2","","","","yes","global","global","","","no","","P3","KEEP_AS_IS"
"/รับซื้อ/รับซื้อแท็บเล็ต-สกลนคร","","service-x-location","yes","https://amphon.co.th/รับซื้อ/รับซื้อแท็บเล็ต-สกลนคร","yes","2","2","","","","yes","global","global","","","no","","P3","KEEP_AS_IS"
"/รับซื้อ/รับซื้อแท็บเล็ต-สุรินทร์","","service-x-location","yes","https://amphon.co.th/รับซื้อ/รับซื้อแท็บเล็ต-สุรินทร์","yes","2","2","","","","yes","global","global","","","no","","P3","KEEP_AS_IS"
"/รับซื้อ/รับซื้อแท็บเล็ต-หนองคาย","","service-x-location","yes","https://amphon.co.th/รับซื้อ/รับซื้อแท็บเล็ต-หนองคาย","yes","2","2","","","","yes","global","global","","","no","","P3","KEEP_AS_IS"
"/รับซื้อ/รับซื้อแท็บเล็ต-หนองบัวลำภู","","service-x-location","yes","https://amphon.co.th/รับซื้อ/รับซื้อแท็บเล็ต-หนองบัวลำภู","yes","2","2","","","","yes","global","global","","","no","","P3","KEEP_AS_IS"
"/รับซื้อ/รับซื้อแท็บเล็ต-อำนาจเจริญ","","service-x-location","yes","https://amphon.co.th/รับซื้อ/รับซื้อแท็บเล็ต-อำนาจเจริญ","yes","2","2","","","","yes","global","global","","","no","","P3","KEEP_AS_IS"
"/รับซื้อ/รับซื้อแท็บเล็ต-อุดรธานี","","service-x-location","yes","https://amphon.co.th/รับซื้อ/รับซื้อแท็บเล็ต-อุดรธานี","yes","2","2","","","","yes","global","global","","","no","","P3","KEEP_AS_IS"
"/รับซื้อ/รับซื้อแท็บเล็ต-อุบลราชธานี","","service-x-location","yes","https://amphon.co.th/รับซื้อ/รับซื้อแท็บเล็ต-อุบลราชธานี","yes","2","2","","","","yes","global","global","","","no","","P3","KEEP_AS_IS"
"/รับซื้อ/รับซื้อแท็บเล็ต-เลย","","service-x-location","yes","https://amphon.co.th/รับซื้อ/รับซื้อแท็บเล็ต-เลย","yes","2","2","","","","yes","global","global","","","no","","P3","KEEP_AS_IS"
"/รับซื้อ/รับซื้อแรม-กาฬสินธุ์","","service-x-location","yes","https://amphon.co.th/รับซื้อ/รับซื้อแรม-กาฬสินธุ์","yes","2","2","","","","yes","global","global","","","no","","P3","KEEP_AS_IS"
"/รับซื้อ/รับซื้อแรม-ขอนแก่น","","service-x-location","yes","https://amphon.co.th/รับซื้อ/รับซื้อแรม-ขอนแก่น","yes","2","2","","","","yes","global","global","","","no","","P2","STRENGTHEN_SELECTIVE"
"/รับซื้อ/รับซื้อแรม-ชัยภูมิ","","service-x-location","yes","https://amphon.co.th/รับซื้อ/รับซื้อแรม-ชัยภูมิ","yes","2","2","","","","yes","global","global","","","no","","P3","KEEP_AS_IS"
"/รับซื้อ/รับซื้อแรม-นครพนม","","service-x-location","yes","https://amphon.co.th/รับซื้อ/รับซื้อแรม-นครพนม","yes","2","2","","","","yes","global","global","","","no","","P3","KEEP_AS_IS"
"/รับซื้อ/รับซื้อแรม-นครราชสีมา","","service-x-location","yes","https://amphon.co.th/รับซื้อ/รับซื้อแรม-นครราชสีมา","yes","2","2","","","","yes","global","global","","","no","","P2","STRENGTHEN_SELECTIVE"
"/รับซื้อ/รับซื้อแรม-บึงกาฬ","","service-x-location","yes","https://amphon.co.th/รับซื้อ/รับซื้อแรม-บึงกาฬ","yes","2","2","","","","yes","global","global","","","no","","P3","KEEP_AS_IS"
"/รับซื้อ/รับซื้อแรม-บุรีรัมย์","","service-x-location","yes","https://amphon.co.th/รับซื้อ/รับซื้อแรม-บุรีรัมย์","yes","2","2","","","","yes","global","global","","","no","","P2","STRENGTHEN_SELECTIVE"
"/รับซื้อ/รับซื้อแรม-มหาสารคาม","","service-x-location","yes","https://amphon.co.th/รับซื้อ/รับซื้อแรม-มหาสารคาม","yes","2","2","","","","yes","global","global","","","no","","P3","KEEP_AS_IS"
"/รับซื้อ/รับซื้อแรม-มุกดาหาร","","service-x-location","yes","https://amphon.co.th/รับซื้อ/รับซื้อแรม-มุกดาหาร","yes","2","2","","","","yes","global","global","","","no","","P3","KEEP_AS_IS"
"/รับซื้อ/รับซื้อแรม-ยโสธร","","service-x-location","yes","https://amphon.co.th/รับซื้อ/รับซื้อแรม-ยโสธร","yes","2","2","","","","yes","global","global","","","no","","P3","KEEP_AS_IS"
"/รับซื้อ/รับซื้อแรม-ร้อยเอ็ด","","service-x-location","yes","https://amphon.co.th/รับซื้อ/รับซื้อแรม-ร้อยเอ็ด","yes","2","2","","","","yes","global","global","","","no","","P3","KEEP_AS_IS"
"/รับซื้อ/รับซื้อแรม-ศรีสะเกษ","","service-x-location","yes","https://amphon.co.th/รับซื้อ/รับซื้อแรม-ศรีสะเกษ","yes","2","2","","","","yes","global","global","","","no","","P2","STRENGTHEN_SELECTIVE"
"/รับซื้อ/รับซื้อแรม-สกลนคร","","service-x-location","yes","https://amphon.co.th/รับซื้อ/รับซื้อแรม-สกลนคร","yes","2","2","","","","yes","global","global","","","no","","P3","KEEP_AS_IS"
"/รับซื้อ/รับซื้อแรม-สุรินทร์","","service-x-location","yes","https://amphon.co.th/รับซื้อ/รับซื้อแรม-สุรินทร์","yes","2","2","","","","yes","global","global","","","no","","P2","STRENGTHEN_SELECTIVE"
"/รับซื้อ/รับซื้อแรม-หนองคาย","","service-x-location","yes","https://amphon.co.th/รับซื้อ/รับซื้อแรม-หนองคาย","yes","2","2","","","","yes","global","global","","","no","","P3","KEEP_AS_IS"
"/รับซื้อ/รับซื้อแรม-หนองบัวลำภู","","service-x-location","yes","https://amphon.co.th/รับซื้อ/รับซื้อแรม-หนองบัวลำภู","yes","2","2","","","","yes","global","global","","","no","","P3","KEEP_AS_IS"
"/รับซื้อ/รับซื้อแรม-อำนาจเจริญ","","service-x-location","yes","https://amphon.co.th/รับซื้อ/รับซื้อแรม-อำนาจเจริญ","yes","2","2","","","","yes","global","global","","","no","","P3","KEEP_AS_IS"
"/รับซื้อ/รับซื้อแรม-อุดรธานี","","service-x-location","yes","https://amphon.co.th/รับซื้อ/รับซื้อแรม-อุดรธานี","yes","2","2","","","","yes","global","global","","","no","","P2","STRENGTHEN_SELECTIVE"
"/รับซื้อ/รับซื้อแรม-อุบลราชธานี","","service-x-location","yes","https://amphon.co.th/รับซื้อ/รับซื้อแรม-อุบลราชธานี","yes","2","2","","","","yes","global","global","","","no","","P2","STRENGTHEN_SELECTIVE"
"/รับซื้อ/รับซื้อแรม-เลย","","service-x-location","yes","https://amphon.co.th/รับซื้อ/รับซื้อแรม-เลย","yes","2","2","","","","yes","global","global","","","no","","P3","KEEP_AS_IS"
"/รับซื้อ/รับซื้อโดรน-กาฬสินธุ์","","service-x-location","yes","https://amphon.co.th/รับซื้อ/รับซื้อโดรน-กาฬสินธุ์","yes","2","2","","","","yes","global","global","","","yes","","DEFER_TO_F04","DEFER_TO_F04"
"/รับซื้อ/รับซื้อโดรน-ขอนแก่น","","service-x-location","yes","https://amphon.co.th/รับซื้อ/รับซื้อโดรน-ขอนแก่น","yes","2","2","","","","yes","global","global","","","yes","","DEFER_TO_F04","DEFER_TO_F04"
"/รับซื้อ/รับซื้อโดรน-ชัยภูมิ","","service-x-location","yes","https://amphon.co.th/รับซื้อ/รับซื้อโดรน-ชัยภูมิ","yes","2","2","","","","yes","global","global","","","yes","","DEFER_TO_F04","DEFER_TO_F04"
"/รับซื้อ/รับซื้อโดรน-นครพนม","","service-x-location","yes","https://amphon.co.th/รับซื้อ/รับซื้อโดรน-นครพนม","yes","2","2","","","","yes","global","global","","","yes","","DEFER_TO_F04","DEFER_TO_F04"
"/รับซื้อ/รับซื้อโดรน-นครราชสีมา","","service-x-location","yes","https://amphon.co.th/รับซื้อ/รับซื้อโดรน-นครราชสีมา","yes","2","2","","","","yes","global","global","","","yes","","DEFER_TO_F04","DEFER_TO_F04"
"/รับซื้อ/รับซื้อโดรน-บึงกาฬ","","service-x-location","yes","https://amphon.co.th/รับซื้อ/รับซื้อโดรน-บึงกาฬ","yes","2","2","","","","yes","global","global","","","yes","","DEFER_TO_F04","DEFER_TO_F04"
"/รับซื้อ/รับซื้อโดรน-บุรีรัมย์","","service-x-location","yes","https://amphon.co.th/รับซื้อ/รับซื้อโดรน-บุรีรัมย์","yes","2","2","","","","yes","global","global","","","yes","","DEFER_TO_F04","DEFER_TO_F04"
"/รับซื้อ/รับซื้อโดรน-มหาสารคาม","","service-x-location","yes","https://amphon.co.th/รับซื้อ/รับซื้อโดรน-มหาสารคาม","yes","2","2","","","","yes","global","global","","","yes","","DEFER_TO_F04","DEFER_TO_F04"
"/รับซื้อ/รับซื้อโดรน-มุกดาหาร","","service-x-location","yes","https://amphon.co.th/รับซื้อ/รับซื้อโดรน-มุกดาหาร","yes","2","2","","","","yes","global","global","","","yes","","DEFER_TO_F04","DEFER_TO_F04"
"/รับซื้อ/รับซื้อโดรน-ยโสธร","","service-x-location","yes","https://amphon.co.th/รับซื้อ/รับซื้อโดรน-ยโสธร","yes","2","2","","","","yes","global","global","","","yes","","DEFER_TO_F04","DEFER_TO_F04"
"/รับซื้อ/รับซื้อโดรน-ร้อยเอ็ด","","service-x-location","yes","https://amphon.co.th/รับซื้อ/รับซื้อโดรน-ร้อยเอ็ด","yes","2","2","","","","yes","global","global","","","yes","","DEFER_TO_F04","DEFER_TO_F04"
"/รับซื้อ/รับซื้อโดรน-ศรีสะเกษ","","service-x-location","yes","https://amphon.co.th/รับซื้อ/รับซื้อโดรน-ศรีสะเกษ","yes","2","2","","","","yes","global","global","","","yes","","DEFER_TO_F04","DEFER_TO_F04"
"/รับซื้อ/รับซื้อโดรน-สกลนคร","","service-x-location","yes","https://amphon.co.th/รับซื้อ/รับซื้อโดรน-สกลนคร","yes","2","2","","","","yes","global","global","","","yes","","DEFER_TO_F04","DEFER_TO_F04"
"/รับซื้อ/รับซื้อโดรน-สุรินทร์","","service-x-location","yes","https://amphon.co.th/รับซื้อ/รับซื้อโดรน-สุรินทร์","yes","2","2","","","","yes","global","global","","","yes","","DEFER_TO_F04","DEFER_TO_F04"
"/รับซื้อ/รับซื้อโดรน-หนองคาย","","service-x-location","yes","https://amphon.co.th/รับซื้อ/รับซื้อโดรน-หนองคาย","yes","2","2","","","","yes","global","global","","","yes","","DEFER_TO_F04","DEFER_TO_F04"
"/รับซื้อ/รับซื้อโดรน-หนองบัวลำภู","","service-x-location","yes","https://amphon.co.th/รับซื้อ/รับซื้อโดรน-หนองบัวลำภู","yes","2","2","","","","yes","global","global","","","yes","","DEFER_TO_F04","DEFER_TO_F04"
"/รับซื้อ/รับซื้อโดรน-อำนาจเจริญ","","service-x-location","yes","https://amphon.co.th/รับซื้อ/รับซื้อโดรน-อำนาจเจริญ","yes","2","2","","","","yes","global","global","","","yes","","DEFER_TO_F04","DEFER_TO_F04"
"/รับซื้อ/รับซื้อโดรน-อุดรธานี","","service-x-location","yes","https://amphon.co.th/รับซื้อ/รับซื้อโดรน-อุดรธานี","yes","2","2","","","","yes","global","global","","","yes","","DEFER_TO_F04","DEFER_TO_F04"
"/รับซื้อ/รับซื้อโดรน-อุบลราชธานี","","service-x-location","yes","https://amphon.co.th/รับซื้อ/รับซื้อโดรน-อุบลราชธานี","yes","2","2","","","","yes","global","global","","","yes","","DEFER_TO_F04","DEFER_TO_F04"
"/รับซื้อ/รับซื้อโดรน-เลย","","service-x-location","yes","https://amphon.co.th/รับซื้อ/รับซื้อโดรน-เลย","yes","2","2","","","","yes","global","global","","","yes","","DEFER_TO_F04","DEFER_TO_F04"
"/รับซื้อ/รับซื้อโน๊ตบุ๊ค-กาฬสินธุ์","","service-x-location","yes","https://amphon.co.th/รับซื้อ/รับซื้อโน๊ตบุ๊ค-กาฬสินธุ์","yes","2","2","","","","yes","global","global","","","no","","P3","KEEP_AS_IS"
"/รับซื้อ/รับซื้อโน๊ตบุ๊ค-ขอนแก่น","","service-x-location","yes","https://amphon.co.th/รับซื้อ/รับซื้อโน๊ตบุ๊ค-ขอนแก่น","yes","2","2","","","","yes","global","global","","","no","","P2","STRENGTHEN_SELECTIVE"
"/รับซื้อ/รับซื้อโน๊ตบุ๊ค-ชัยภูมิ","","service-x-location","yes","https://amphon.co.th/รับซื้อ/รับซื้อโน๊ตบุ๊ค-ชัยภูมิ","yes","2","2","","","","yes","global","global","","","no","","P3","KEEP_AS_IS"
"/รับซื้อ/รับซื้อโน๊ตบุ๊ค-นครพนม","","service-x-location","yes","https://amphon.co.th/รับซื้อ/รับซื้อโน๊ตบุ๊ค-นครพนม","yes","2","2","","","","yes","global","global","","","no","","P3","KEEP_AS_IS"
"/รับซื้อ/รับซื้อโน๊ตบุ๊ค-นครราชสีมา","","service-x-location","yes","https://amphon.co.th/รับซื้อ/รับซื้อโน๊ตบุ๊ค-นครราชสีมา","yes","2","2","","","","yes","global","global","","","no","","P2","STRENGTHEN_SELECTIVE"
"/รับซื้อ/รับซื้อโน๊ตบุ๊ค-บึงกาฬ","","service-x-location","yes","https://amphon.co.th/รับซื้อ/รับซื้อโน๊ตบุ๊ค-บึงกาฬ","yes","2","2","","","","yes","global","global","","","no","","P3","KEEP_AS_IS"
"/รับซื้อ/รับซื้อโน๊ตบุ๊ค-บุรีรัมย์","","service-x-location","yes","https://amphon.co.th/รับซื้อ/รับซื้อโน๊ตบุ๊ค-บุรีรัมย์","yes","2","2","","","","yes","global","global","","","no","","P2","STRENGTHEN_SELECTIVE"
"/รับซื้อ/รับซื้อโน๊ตบุ๊ค-มหาสารคาม","","service-x-location","yes","https://amphon.co.th/รับซื้อ/รับซื้อโน๊ตบุ๊ค-มหาสารคาม","yes","2","2","","","","yes","global","global","","","no","","P3","KEEP_AS_IS"
"/รับซื้อ/รับซื้อโน๊ตบุ๊ค-มุกดาหาร","","service-x-location","yes","https://amphon.co.th/รับซื้อ/รับซื้อโน๊ตบุ๊ค-มุกดาหาร","yes","2","2","","","","yes","global","global","","","no","","P3","KEEP_AS_IS"
"/รับซื้อ/รับซื้อโน๊ตบุ๊ค-ยโสธร","","service-x-location","yes","https://amphon.co.th/รับซื้อ/รับซื้อโน๊ตบุ๊ค-ยโสธร","yes","2","2","","","","yes","global","global","","","no","","P3","KEEP_AS_IS"
"/รับซื้อ/รับซื้อโน๊ตบุ๊ค-ร้อยเอ็ด","","service-x-location","yes","https://amphon.co.th/รับซื้อ/รับซื้อโน๊ตบุ๊ค-ร้อยเอ็ด","yes","2","2","","","","yes","global","global","","","no","","P3","KEEP_AS_IS"
"/รับซื้อ/รับซื้อโน๊ตบุ๊ค-ศรีสะเกษ","","service-x-location","yes","https://amphon.co.th/รับซื้อ/รับซื้อโน๊ตบุ๊ค-ศรีสะเกษ","yes","2","2","","","","yes","global","global","","","no","","P2","STRENGTHEN_SELECTIVE"
"/รับซื้อ/รับซื้อโน๊ตบุ๊ค-สกลนคร","","service-x-location","yes","https://amphon.co.th/รับซื้อ/รับซื้อโน๊ตบุ๊ค-สกลนคร","yes","2","2","","","","yes","global","global","","","no","","P3","KEEP_AS_IS"
"/รับซื้อ/รับซื้อโน๊ตบุ๊ค-สุรินทร์","","service-x-location","yes","https://amphon.co.th/รับซื้อ/รับซื้อโน๊ตบุ๊ค-สุรินทร์","yes","2","2","","","","yes","global","global","","","no","","P2","STRENGTHEN_SELECTIVE"
"/รับซื้อ/รับซื้อโน๊ตบุ๊ค-หนองคาย","","service-x-location","yes","https://amphon.co.th/รับซื้อ/รับซื้อโน๊ตบุ๊ค-หนองคาย","yes","2","2","","","","yes","global","global","","","no","","P3","KEEP_AS_IS"
"/รับซื้อ/รับซื้อโน๊ตบุ๊ค-หนองบัวลำภู","","service-x-location","yes","https://amphon.co.th/รับซื้อ/รับซื้อโน๊ตบุ๊ค-หนองบัวลำภู","yes","2","2","","","","yes","global","global","","","no","","P3","KEEP_AS_IS"
"/รับซื้อ/รับซื้อโน๊ตบุ๊ค-อำนาจเจริญ","","service-x-location","yes","https://amphon.co.th/รับซื้อ/รับซื้อโน๊ตบุ๊ค-อำนาจเจริญ","yes","2","2","","","","yes","global","global","","","no","","P3","KEEP_AS_IS"
"/รับซื้อ/รับซื้อโน๊ตบุ๊ค-อุดรธานี","","service-x-location","yes","https://amphon.co.th/รับซื้อ/รับซื้อโน๊ตบุ๊ค-อุดรธานี","yes","2","2","","","","yes","global","global","","","no","","P2","STRENGTHEN_SELECTIVE"
"/รับซื้อ/รับซื้อโน๊ตบุ๊ค-อุบลราชธานี","","service-x-location","yes","https://amphon.co.th/รับซื้อ/รับซื้อโน๊ตบุ๊ค-อุบลราชธานี","yes","3","3","","","","yes","global","global","","","no","","P2","STRENGTHEN_SELECTIVE"
"/รับซื้อ/รับซื้อโน๊ตบุ๊ค-เลย","","service-x-location","yes","https://amphon.co.th/รับซื้อ/รับซื้อโน๊ตบุ๊ค-เลย","yes","2","2","","","","yes","global","global","","","no","","P3","KEEP_AS_IS"
"/รับซื้อ/รับซื้อโน๊ตบุ๊คเกมมิ่ง-กาฬสินธุ์","","service-x-location","yes","https://amphon.co.th/รับซื้อ/รับซื้อโน๊ตบุ๊คเกมมิ่ง-กาฬสินธุ์","yes","2","2","","","","yes","global","global","","","no","","P3","KEEP_AS_IS"
"/รับซื้อ/รับซื้อโน๊ตบุ๊คเกมมิ่ง-ขอนแก่น","","service-x-location","yes","https://amphon.co.th/รับซื้อ/รับซื้อโน๊ตบุ๊คเกมมิ่ง-ขอนแก่น","yes","2","2","","","","yes","global","global","","","no","","P2","STRENGTHEN_SELECTIVE"
"/รับซื้อ/รับซื้อโน๊ตบุ๊คเกมมิ่ง-ชัยภูมิ","","service-x-location","yes","https://amphon.co.th/รับซื้อ/รับซื้อโน๊ตบุ๊คเกมมิ่ง-ชัยภูมิ","yes","2","2","","","","yes","global","global","","","no","","P3","KEEP_AS_IS"
"/รับซื้อ/รับซื้อโน๊ตบุ๊คเกมมิ่ง-นครพนม","","service-x-location","yes","https://amphon.co.th/รับซื้อ/รับซื้อโน๊ตบุ๊คเกมมิ่ง-นครพนม","yes","2","2","","","","yes","global","global","","","no","","P3","KEEP_AS_IS"
"/รับซื้อ/รับซื้อโน๊ตบุ๊คเกมมิ่ง-นครราชสีมา","","service-x-location","yes","https://amphon.co.th/รับซื้อ/รับซื้อโน๊ตบุ๊คเกมมิ่ง-นครราชสีมา","yes","2","2","","","","yes","global","global","","","no","","P2","STRENGTHEN_SELECTIVE"
"/รับซื้อ/รับซื้อโน๊ตบุ๊คเกมมิ่ง-บึงกาฬ","","service-x-location","yes","https://amphon.co.th/รับซื้อ/รับซื้อโน๊ตบุ๊คเกมมิ่ง-บึงกาฬ","yes","2","2","","","","yes","global","global","","","no","","P3","KEEP_AS_IS"
"/รับซื้อ/รับซื้อโน๊ตบุ๊คเกมมิ่ง-บุรีรัมย์","","service-x-location","yes","https://amphon.co.th/รับซื้อ/รับซื้อโน๊ตบุ๊คเกมมิ่ง-บุรีรัมย์","yes","2","2","","","","yes","global","global","","","no","","P2","STRENGTHEN_SELECTIVE"
"/รับซื้อ/รับซื้อโน๊ตบุ๊คเกมมิ่ง-มหาสารคาม","","service-x-location","yes","https://amphon.co.th/รับซื้อ/รับซื้อโน๊ตบุ๊คเกมมิ่ง-มหาสารคาม","yes","2","2","","","","yes","global","global","","","no","","P3","KEEP_AS_IS"
"/รับซื้อ/รับซื้อโน๊ตบุ๊คเกมมิ่ง-มุกดาหาร","","service-x-location","yes","https://amphon.co.th/รับซื้อ/รับซื้อโน๊ตบุ๊คเกมมิ่ง-มุกดาหาร","yes","2","2","","","","yes","global","global","","","no","","P3","KEEP_AS_IS"
"/รับซื้อ/รับซื้อโน๊ตบุ๊คเกมมิ่ง-ยโสธร","","service-x-location","yes","https://amphon.co.th/รับซื้อ/รับซื้อโน๊ตบุ๊คเกมมิ่ง-ยโสธร","yes","2","2","","","","yes","global","global","","","no","","P3","KEEP_AS_IS"
"/รับซื้อ/รับซื้อโน๊ตบุ๊คเกมมิ่ง-ร้อยเอ็ด","","service-x-location","yes","https://amphon.co.th/รับซื้อ/รับซื้อโน๊ตบุ๊คเกมมิ่ง-ร้อยเอ็ด","yes","2","2","","","","yes","global","global","","","no","","P3","KEEP_AS_IS"
"/รับซื้อ/รับซื้อโน๊ตบุ๊คเกมมิ่ง-ศรีสะเกษ","","service-x-location","yes","https://amphon.co.th/รับซื้อ/รับซื้อโน๊ตบุ๊คเกมมิ่ง-ศรีสะเกษ","yes","2","2","","","","yes","global","global","","","no","","P2","STRENGTHEN_SELECTIVE"
"/รับซื้อ/รับซื้อโน๊ตบุ๊คเกมมิ่ง-สกลนคร","","service-x-location","yes","https://amphon.co.th/รับซื้อ/รับซื้อโน๊ตบุ๊คเกมมิ่ง-สกลนคร","yes","2","2","","","","yes","global","global","","","no","","P3","KEEP_AS_IS"
"/รับซื้อ/รับซื้อโน๊ตบุ๊คเกมมิ่ง-สุรินทร์","","service-x-location","yes","https://amphon.co.th/รับซื้อ/รับซื้อโน๊ตบุ๊คเกมมิ่ง-สุรินทร์","yes","2","2","","","","yes","global","global","","","no","","P2","STRENGTHEN_SELECTIVE"
"/รับซื้อ/รับซื้อโน๊ตบุ๊คเกมมิ่ง-หนองคาย","","service-x-location","yes","https://amphon.co.th/รับซื้อ/รับซื้อโน๊ตบุ๊คเกมมิ่ง-หนองคาย","yes","2","2","","","","yes","global","global","","","no","","P3","KEEP_AS_IS"
"/รับซื้อ/รับซื้อโน๊ตบุ๊คเกมมิ่ง-หนองบัวลำภู","","service-x-location","yes","https://amphon.co.th/รับซื้อ/รับซื้อโน๊ตบุ๊คเกมมิ่ง-หนองบัวลำภู","yes","2","2","","","","yes","global","global","","","no","","P3","KEEP_AS_IS"
"/รับซื้อ/รับซื้อโน๊ตบุ๊คเกมมิ่ง-อำนาจเจริญ","","service-x-location","yes","https://amphon.co.th/รับซื้อ/รับซื้อโน๊ตบุ๊คเกมมิ่ง-อำนาจเจริญ","yes","2","2","","","","yes","global","global","","","no","","P3","KEEP_AS_IS"
"/รับซื้อ/รับซื้อโน๊ตบุ๊คเกมมิ่ง-อุดรธานี","","service-x-location","yes","https://amphon.co.th/รับซื้อ/รับซื้อโน๊ตบุ๊คเกมมิ่ง-อุดรธานี","yes","2","2","","","","yes","global","global","","","no","","P2","STRENGTHEN_SELECTIVE"
"/รับซื้อ/รับซื้อโน๊ตบุ๊คเกมมิ่ง-อุบลราชธานี","","service-x-location","yes","https://amphon.co.th/รับซื้อ/รับซื้อโน๊ตบุ๊คเกมมิ่ง-อุบลราชธานี","yes","2","2","","","","yes","global","global","","","no","","P2","STRENGTHEN_SELECTIVE"
"/รับซื้อ/รับซื้อโน๊ตบุ๊คเกมมิ่ง-เลย","","service-x-location","yes","https://amphon.co.th/รับซื้อ/รับซื้อโน๊ตบุ๊คเกมมิ่ง-เลย","yes","2","2","","","","yes","global","global","","","no","","P3","KEEP_AS_IS"
"/รับซื้อ/รับซื้อโน๊ตบุ๊คเสีย-กาฬสินธุ์","","service-x-location","yes","https://amphon.co.th/รับซื้อ/รับซื้อโน๊ตบุ๊คเสีย-กาฬสินธุ์","yes","2","2","","","","yes","global","global","","","no","","P3","KEEP_AS_IS"
"/รับซื้อ/รับซื้อโน๊ตบุ๊คเสีย-ขอนแก่น","","service-x-location","yes","https://amphon.co.th/รับซื้อ/รับซื้อโน๊ตบุ๊คเสีย-ขอนแก่น","yes","2","2","","","","yes","global","global","","","no","","P2","STRENGTHEN_SELECTIVE"
"/รับซื้อ/รับซื้อโน๊ตบุ๊คเสีย-ชัยภูมิ","","service-x-location","yes","https://amphon.co.th/รับซื้อ/รับซื้อโน๊ตบุ๊คเสีย-ชัยภูมิ","yes","2","2","","","","yes","global","global","","","no","","P3","KEEP_AS_IS"
"/รับซื้อ/รับซื้อโน๊ตบุ๊คเสีย-นครพนม","","service-x-location","yes","https://amphon.co.th/รับซื้อ/รับซื้อโน๊ตบุ๊คเสีย-นครพนม","yes","2","2","","","","yes","global","global","","","no","","P3","KEEP_AS_IS"
"/รับซื้อ/รับซื้อโน๊ตบุ๊คเสีย-นครราชสีมา","","service-x-location","yes","https://amphon.co.th/รับซื้อ/รับซื้อโน๊ตบุ๊คเสีย-นครราชสีมา","yes","2","2","","","","yes","global","global","","","no","","P2","STRENGTHEN_SELECTIVE"
"/รับซื้อ/รับซื้อโน๊ตบุ๊คเสีย-บึงกาฬ","","service-x-location","yes","https://amphon.co.th/รับซื้อ/รับซื้อโน๊ตบุ๊คเสีย-บึงกาฬ","yes","2","2","","","","yes","global","global","","","no","","P3","KEEP_AS_IS"
"/รับซื้อ/รับซื้อโน๊ตบุ๊คเสีย-บุรีรัมย์","","service-x-location","yes","https://amphon.co.th/รับซื้อ/รับซื้อโน๊ตบุ๊คเสีย-บุรีรัมย์","yes","2","2","","","","yes","global","global","","","no","","P2","STRENGTHEN_SELECTIVE"
"/รับซื้อ/รับซื้อโน๊ตบุ๊คเสีย-มหาสารคาม","","service-x-location","yes","https://amphon.co.th/รับซื้อ/รับซื้อโน๊ตบุ๊คเสีย-มหาสารคาม","yes","2","2","","","","yes","global","global","","","no","","P3","KEEP_AS_IS"
"/รับซื้อ/รับซื้อโน๊ตบุ๊คเสีย-มุกดาหาร","","service-x-location","yes","https://amphon.co.th/รับซื้อ/รับซื้อโน๊ตบุ๊คเสีย-มุกดาหาร","yes","2","2","","","","yes","global","global","","","no","","P3","KEEP_AS_IS"
"/รับซื้อ/รับซื้อโน๊ตบุ๊คเสีย-ยโสธร","","service-x-location","yes","https://amphon.co.th/รับซื้อ/รับซื้อโน๊ตบุ๊คเสีย-ยโสธร","yes","2","2","","","","yes","global","global","","","no","","P3","KEEP_AS_IS"
"/รับซื้อ/รับซื้อโน๊ตบุ๊คเสีย-ร้อยเอ็ด","","service-x-location","yes","https://amphon.co.th/รับซื้อ/รับซื้อโน๊ตบุ๊คเสีย-ร้อยเอ็ด","yes","2","2","","","","yes","global","global","","","no","","P3","KEEP_AS_IS"
"/รับซื้อ/รับซื้อโน๊ตบุ๊คเสีย-ศรีสะเกษ","","service-x-location","yes","https://amphon.co.th/รับซื้อ/รับซื้อโน๊ตบุ๊คเสีย-ศรีสะเกษ","yes","2","2","","","","yes","global","global","","","no","","P2","STRENGTHEN_SELECTIVE"
"/รับซื้อ/รับซื้อโน๊ตบุ๊คเสีย-สกลนคร","","service-x-location","yes","https://amphon.co.th/รับซื้อ/รับซื้อโน๊ตบุ๊คเสีย-สกลนคร","yes","2","2","","","","yes","global","global","","","no","","P3","KEEP_AS_IS"
"/รับซื้อ/รับซื้อโน๊ตบุ๊คเสีย-สุรินทร์","","service-x-location","yes","https://amphon.co.th/รับซื้อ/รับซื้อโน๊ตบุ๊คเสีย-สุรินทร์","yes","2","2","","","","yes","global","global","","","no","","P2","STRENGTHEN_SELECTIVE"
"/รับซื้อ/รับซื้อโน๊ตบุ๊คเสีย-หนองคาย","","service-x-location","yes","https://amphon.co.th/รับซื้อ/รับซื้อโน๊ตบุ๊คเสีย-หนองคาย","yes","2","2","","","","yes","global","global","","","no","","P3","KEEP_AS_IS"
"/รับซื้อ/รับซื้อโน๊ตบุ๊คเสีย-หนองบัวลำภู","","service-x-location","yes","https://amphon.co.th/รับซื้อ/รับซื้อโน๊ตบุ๊คเสีย-หนองบัวลำภู","yes","2","2","","","","yes","global","global","","","no","","P3","KEEP_AS_IS"
"/รับซื้อ/รับซื้อโน๊ตบุ๊คเสีย-อำนาจเจริญ","","service-x-location","yes","https://amphon.co.th/รับซื้อ/รับซื้อโน๊ตบุ๊คเสีย-อำนาจเจริญ","yes","2","2","","","","yes","global","global","","","no","","P3","KEEP_AS_IS"
"/รับซื้อ/รับซื้อโน๊ตบุ๊คเสีย-อุดรธานี","","service-x-location","yes","https://amphon.co.th/รับซื้อ/รับซื้อโน๊ตบุ๊คเสีย-อุดรธานี","yes","2","2","","","","yes","global","global","","","no","","P2","STRENGTHEN_SELECTIVE"
"/รับซื้อ/รับซื้อโน๊ตบุ๊คเสีย-อุบลราชธานี","","service-x-location","yes","https://amphon.co.th/รับซื้อ/รับซื้อโน๊ตบุ๊คเสีย-อุบลราชธานี","yes","2","2","","","","yes","global","global","","","no","","P2","STRENGTHEN_SELECTIVE"
"/รับซื้อ/รับซื้อโน๊ตบุ๊คเสีย-เลย","","service-x-location","yes","https://amphon.co.th/รับซื้อ/รับซื้อโน๊ตบุ๊คเสีย-เลย","yes","2","2","","","","yes","global","global","","","no","","P3","KEEP_AS_IS"
"/รับซื้อ/รับเหมาประมูลอุปกรณ์ไอที-กาฬสินธุ์","","service-x-location","yes","https://amphon.co.th/รับซื้อ/รับเหมาประมูลอุปกรณ์ไอที-กาฬสินธุ์","yes","2","2","","","","yes","global","global","","","yes","","DEFER_TO_F04","DEFER_TO_F04"
"/รับซื้อ/รับเหมาประมูลอุปกรณ์ไอที-ขอนแก่น","","service-x-location","yes","https://amphon.co.th/รับซื้อ/รับเหมาประมูลอุปกรณ์ไอที-ขอนแก่น","yes","2","2","","","","yes","global","global","","","yes","","DEFER_TO_F04","DEFER_TO_F04"
"/รับซื้อ/รับเหมาประมูลอุปกรณ์ไอที-ชัยภูมิ","","service-x-location","yes","https://amphon.co.th/รับซื้อ/รับเหมาประมูลอุปกรณ์ไอที-ชัยภูมิ","yes","2","2","","","","yes","global","global","","","yes","","DEFER_TO_F04","DEFER_TO_F04"
"/รับซื้อ/รับเหมาประมูลอุปกรณ์ไอที-นครพนม","","service-x-location","yes","https://amphon.co.th/รับซื้อ/รับเหมาประมูลอุปกรณ์ไอที-นครพนม","yes","2","2","","","","yes","global","global","","","yes","","DEFER_TO_F04","DEFER_TO_F04"
"/รับซื้อ/รับเหมาประมูลอุปกรณ์ไอที-นครราชสีมา","","service-x-location","yes","https://amphon.co.th/รับซื้อ/รับเหมาประมูลอุปกรณ์ไอที-นครราชสีมา","yes","2","2","","","","yes","global","global","","","yes","","DEFER_TO_F04","DEFER_TO_F04"
"/รับซื้อ/รับเหมาประมูลอุปกรณ์ไอที-บึงกาฬ","","service-x-location","yes","https://amphon.co.th/รับซื้อ/รับเหมาประมูลอุปกรณ์ไอที-บึงกาฬ","yes","2","2","","","","yes","global","global","","","yes","","DEFER_TO_F04","DEFER_TO_F04"
"/รับซื้อ/รับเหมาประมูลอุปกรณ์ไอที-บุรีรัมย์","","service-x-location","yes","https://amphon.co.th/รับซื้อ/รับเหมาประมูลอุปกรณ์ไอที-บุรีรัมย์","yes","2","2","","","","yes","global","global","","","yes","","DEFER_TO_F04","DEFER_TO_F04"
"/รับซื้อ/รับเหมาประมูลอุปกรณ์ไอที-มหาสารคาม","","service-x-location","yes","https://amphon.co.th/รับซื้อ/รับเหมาประมูลอุปกรณ์ไอที-มหาสารคาม","yes","2","2","","","","yes","global","global","","","yes","","DEFER_TO_F04","DEFER_TO_F04"
"/รับซื้อ/รับเหมาประมูลอุปกรณ์ไอที-มุกดาหาร","","service-x-location","yes","https://amphon.co.th/รับซื้อ/รับเหมาประมูลอุปกรณ์ไอที-มุกดาหาร","yes","2","2","","","","yes","global","global","","","yes","","DEFER_TO_F04","DEFER_TO_F04"
"/รับซื้อ/รับเหมาประมูลอุปกรณ์ไอที-ยโสธร","","service-x-location","yes","https://amphon.co.th/รับซื้อ/รับเหมาประมูลอุปกรณ์ไอที-ยโสธร","yes","2","2","","","","yes","global","global","","","yes","","DEFER_TO_F04","DEFER_TO_F04"
"/รับซื้อ/รับเหมาประมูลอุปกรณ์ไอที-ร้อยเอ็ด","","service-x-location","yes","https://amphon.co.th/รับซื้อ/รับเหมาประมูลอุปกรณ์ไอที-ร้อยเอ็ด","yes","2","2","","","","yes","global","global","","","yes","","DEFER_TO_F04","DEFER_TO_F04"
"/รับซื้อ/รับเหมาประมูลอุปกรณ์ไอที-ศรีสะเกษ","","service-x-location","yes","https://amphon.co.th/รับซื้อ/รับเหมาประมูลอุปกรณ์ไอที-ศรีสะเกษ","yes","2","2","","","","yes","global","global","","","yes","","DEFER_TO_F04","DEFER_TO_F04"
"/รับซื้อ/รับเหมาประมูลอุปกรณ์ไอที-สกลนคร","","service-x-location","yes","https://amphon.co.th/รับซื้อ/รับเหมาประมูลอุปกรณ์ไอที-สกลนคร","yes","2","2","","","","yes","global","global","","","yes","","DEFER_TO_F04","DEFER_TO_F04"
"/รับซื้อ/รับเหมาประมูลอุปกรณ์ไอที-สุรินทร์","","service-x-location","yes","https://amphon.co.th/รับซื้อ/รับเหมาประมูลอุปกรณ์ไอที-สุรินทร์","yes","2","2","","","","yes","global","global","","","yes","","DEFER_TO_F04","DEFER_TO_F04"
"/รับซื้อ/รับเหมาประมูลอุปกรณ์ไอที-หนองคาย","","service-x-location","yes","https://amphon.co.th/รับซื้อ/รับเหมาประมูลอุปกรณ์ไอที-หนองคาย","yes","2","2","","","","yes","global","global","","","yes","","DEFER_TO_F04","DEFER_TO_F04"
"/รับซื้อ/รับเหมาประมูลอุปกรณ์ไอที-หนองบัวลำภู","","service-x-location","yes","https://amphon.co.th/รับซื้อ/รับเหมาประมูลอุปกรณ์ไอที-หนองบัวลำภู","yes","2","2","","","","yes","global","global","","","yes","","DEFER_TO_F04","DEFER_TO_F04"
"/รับซื้อ/รับเหมาประมูลอุปกรณ์ไอที-อำนาจเจริญ","","service-x-location","yes","https://amphon.co.th/รับซื้อ/รับเหมาประมูลอุปกรณ์ไอที-อำนาจเจริญ","yes","2","2","","","","yes","global","global","","","yes","","DEFER_TO_F04","DEFER_TO_F04"
"/รับซื้อ/รับเหมาประมูลอุปกรณ์ไอที-อุดรธานี","","service-x-location","yes","https://amphon.co.th/รับซื้อ/รับเหมาประมูลอุปกรณ์ไอที-อุดรธานี","yes","2","2","","","","yes","global","global","","","yes","","DEFER_TO_F04","DEFER_TO_F04"
"/รับซื้อ/รับเหมาประมูลอุปกรณ์ไอที-อุบลราชธานี","","service-x-location","yes","https://amphon.co.th/รับซื้อ/รับเหมาประมูลอุปกรณ์ไอที-อุบลราชธานี","yes","2","2","","","","yes","global","global","","","yes","","DEFER_TO_F04","DEFER_TO_F04"
"/รับซื้อ/รับเหมาประมูลอุปกรณ์ไอที-เลย","","service-x-location","yes","https://amphon.co.th/รับซื้อ/รับเหมาประมูลอุปกรณ์ไอที-เลย","yes","2","2","","","","yes","global","global","","","yes","","DEFER_TO_F04","DEFER_TO_F04"
"/รับซื้อสินค้าไอที","","service-hub","yes","https://amphon.co.th/รับซื้อสินค้าไอที","yes","1186","1186","","","","yes","global","global","","","no","","P1","STRENGTHEN_SELECTIVE"
"/วิธีการรับซื้อ","","utility","yes","https://amphon.co.th/วิธีการรับซื้อ","yes","1186","1186","","","","yes","global","global","","","no","","P1","STRENGTHEN_SELECTIVE"
