url,page_type,source_file,generated,expected_status,indexable,canonical,sitemap,title,description,h1,schema_types,visible_words,inbound_links,outbound_links,image_count,status
/404,other,dist/client/404.html,yes,200,no,/404,no,ไม่พบหน้านี้ — 404 | Amphon.co.th,ไม่พบหน้าที่คุณกำลังมองหา กลับสู่หน้าแรก หรือติดต่อเราได้เลย,ไม่พบหน้านี้,BreadcrumbList|ContactPoint|Country|GeoCoordinates|ImageObject|LocalBusiness|OpeningHoursSpecification|Organization|PostalAddress|ProfessionalService|WebPage|WebSite,44,0,37,3,OK
/about,company,dist/client/about/index.html,yes,200,yes,/about,yes,เกี่ยวกับเรา | Amphon.co.th,อำพล เทรดดิ้ง รับซื้อสินค้าไอทีมือสองทั่วภาคอีสาน มีหน้าร้านจริง อุบลราชธานี ทีมงานมืออาชีพ ประเมินราคาโปร่งใส ชำระเงินห,เกี่ยวกับ อำพล เทรดดิ้ง,AboutPage|BreadcrumbList|ContactPoint|Country|GeoCoordinates|ImageObject|ListItem|LocalBusiness|OpeningHoursSpecification|Organization|PostalAddress|ProfessionalService|WebSite,146,1167,31,8,OK
/blog/airpods-แบตเสื่อม-ข้างหนึ่งดังเบา-ขายได้ไหม,blog,dist/client/blog/airpods-แบตเสื่อม-ข้างหนึ่งดังเบา-ขายได้ไหม/index.html,yes,200,yes,/blog/airpods-แบตเสื่อม-ข้างหนึ่งดังเบา-ขายได้ไหม,yes,AirPods แบตเสื่อม ข้างหนึ่งดังเบา หรือเคสชาร์จไม่เข้า ขายได้ไหม | Amphon.co.th,AirPods แบตเสื่อม ข้างหนึ่งดังเบา หรือเคสชาร์จไม่เข้า ขายได้ไหม อ่านง่ายสำหรับคนที่ต้องการขายสินค้าไอที ประเมินฟรี ติดต่,AirPods แบตเสื่อม ข้างหนึ่งดังเบา หรือเคสชาร์จไม่เข้า ขายได้ไหม,BlogPosting|BreadcrumbList|ContactPoint|Country|GeoCoordinates|ImageObject|ListItem|LocalBusiness|OpeningHoursSpecification|Organization|PostalAddress|ProfessionalService|WebPage|WebSite,506,42,41,4,OK
/blog/apple-watch-ก่อนขาย-ต้องล้างข้อมูลอะไรบ้าง,blog,dist/client/blog/apple-watch-ก่อนขาย-ต้องล้างข้อมูลอะไรบ้าง/index.html,yes,200,yes,/blog/apple-watch-ก่อนขาย-ต้องล้างข้อมูลอะไรบ้าง,yes,Apple Watch ก่อนขายต้องล้างข้อมูลและปลดล็อกอะไรบ้าง | Amphon.co.th,Apple Watch ก่อนขายต้องล้างข้อมูลและปลดล็อกอะไรบ้าง อ่านง่ายสำหรับคนที่ต้องการขายสินค้าไอที ประเมินฟรี ติดต่อ Line @webu,Apple Watch ก่อนขายต้องล้างข้อมูลและปลดล็อกอะไรบ้าง,BlogPosting|BreadcrumbList|ContactPoint|Country|GeoCoordinates|ImageObject|ListItem|LocalBusiness|OpeningHoursSpecification|Organization|PostalAddress|ProfessionalService|WebPage|WebSite,540,42,41,4,OK
/blog/imac-mac-mini-มือสอง-ขายอย่างไรให้ประเมินง่าย,blog,dist/client/blog/imac-mac-mini-มือสอง-ขายอย่างไรให้ประเมินง่าย/index.html,yes,200,yes,/blog/imac-mac-mini-มือสอง-ขายอย่างไรให้ประเมินง่าย,yes,iMac และ Mac mini มือสองขายอย่างไรให้ประเมินง่าย | Amphon.co.th,iMac และ Mac mini มือสองขายอย่างไรให้ประเมินง่าย อ่านง่ายสำหรับคนที่ต้องการขายสินค้าไอที ประเมินฟรี ติดต่อ Line @webuy โ,iMac และ Mac mini มือสองขายอย่างไรให้ประเมินง่าย,BlogPosting|BreadcrumbList|ContactPoint|Country|GeoCoordinates|ImageObject|ListItem|LocalBusiness|OpeningHoursSpecification|Organization|PostalAddress|ProfessionalService|WebPage|WebSite,546,42,41,4,OK
/blog,blog,dist/client/blog/index.html,yes,200,yes,/blog,yes,บทความและคำแนะนำ | Amphon.co.th,บทความคำแนะนำการขายสินค้าไอที เช็กราคา เตรียมเครื่อง และวางแผนก่อนส่งขาย,บทความและคำแนะนำ,BreadcrumbList|CollectionPage|ContactPoint|Country|GeoCoordinates|ImageObject|ItemList|ListItem|LocalBusiness|OpeningHoursSpecification|Organization|PostalAddress|ProfessionalService|WebSite,1711,1167,244,3,OK
/blog/ipad-จอแตก-เครื่องงอ-แบตเสื่อม-ขายได้ไหม,blog,dist/client/blog/ipad-จอแตก-เครื่องงอ-แบตเสื่อม-ขายได้ไหม/index.html,yes,200,yes,/blog/ipad-จอแตก-เครื่องงอ-แบตเสื่อม-ขายได้ไหม,yes,iPad จอแตก เครื่องงอ แบตเสื่อม ยังขายได้ไหม | Amphon.co.th,iPad จอแตก เครื่องงอ แบตเสื่อม ยังขายได้ไหม อ่านง่ายสำหรับคนที่ต้องการขายสินค้าไอที ประเมินฟรี ติดต่อ Line @webuy โทร 06,iPad จอแตก เครื่องงอ แบตเสื่อม ยังขายได้ไหม,BlogPosting|BreadcrumbList|ContactPoint|Country|GeoCoordinates|ImageObject|ListItem|LocalBusiness|OpeningHoursSpecification|Organization|PostalAddress|ProfessionalService|WebPage|WebSite,508,6,41,4,OK
/blog/ipad-ติด-icloud-ขายได้ไหม,blog,dist/client/blog/ipad-ติด-icloud-ขายได้ไหม/index.html,yes,200,yes,/blog/ipad-ติด-icloud-ขายได้ไหม,yes,iPad ติด iCloud ขายได้ไหม ต้องปลดอะไรให้เรียบร้อย | Amphon.co.th,iPad ที่ยังผูกบัญชี Apple หรือมี Activation Lock ต้องให้เจ้าของเดิมปิด Find My และนำเครื่องออกจากบัญชีก่อนขาย พร้อมขั้นต,iPad ติด iCloud ขายได้ไหม ต้องปลดอะไรให้เรียบร้อย,BlogPosting|BreadcrumbList|ContactPoint|Country|GeoCoordinates|ImageObject|ListItem|LocalBusiness|OpeningHoursSpecification|Organization|PostalAddress|ProfessionalService|WebPage|WebSite,276,3,40,4,OK
/blog/iphone-ติด-icloud-ลืม-apple-id-ก่อนขาย,blog,dist/client/blog/iphone-ติด-icloud-ลืม-apple-id-ก่อนขาย/index.html,yes,200,yes,/blog/iphone-ติด-icloud-ลืม-apple-id-ก่อนขาย,yes,iPhone ติด iCloud หรือลืม Apple Account (Apple ID) ก่อนขาย | Amphon.co.th,iPhone ที่ยังติด iCloud หรือ Activation Lock ต้องให้เจ้าของเดิมปิด Find My และนำเครื่องออกจากบัญชี Apple ก่อนขาย พร้อมแน,iPhone ติด iCloud หรือลืม Apple Account (Apple ID) ก่อนขาย,BlogPosting|BreadcrumbList|ContactPoint|Country|GeoCoordinates|ImageObject|ListItem|LocalBusiness|OpeningHoursSpecification|Organization|PostalAddress|ProfessionalService|WebPage|WebSite,528,4,41,4,OK
/blog/iphone-แบตเสื่อม-face-id-เสีย-จอแตก-ขายได้ไหม,blog,dist/client/blog/iphone-แบตเสื่อม-face-id-เสีย-จอแตก-ขายได้ไหม/index.html,yes,200,yes,/blog/iphone-แบตเสื่อม-face-id-เสีย-จอแตก-ขายได้ไหม,yes,iPhone แบตเสื่อม Face ID เสีย จอแตก ยังขายได้ไหม | Amphon.co.th,iPhone แบตเสื่อม Face ID เสีย จอแตก ยังขายได้ไหม อ่านง่ายสำหรับคนที่ต้องการขายสินค้าไอที ประเมินฟรี ติดต่อ Line @webuy โ,iPhone แบตเสื่อม Face ID เสีย จอแตก ยังขายได้ไหม,BlogPosting|BreadcrumbList|ContactPoint|Country|GeoCoordinates|ImageObject|ListItem|LocalBusiness|OpeningHoursSpecification|Organization|PostalAddress|ProfessionalService|WebPage|WebSite,511,3,41,4,OK
/blog/mac-mini-m4-มือสอง,blog,dist/client/blog/mac-mini-m4-มือสอง/index.html,yes,200,yes,/blog/mac-mini-m4-มือสอง,yes,Mac mini M4 มือสอง ราคาและจุดที่ต้องเช็กก่อนซื้อหรือขาย | Amphon.co.th,"Mac mini M4 มือสอง ราคาขึ้นกับชิป M4 หรือ M4 Pro, Unified Memory, SSD, ประกันและสภาพ พร้อมเช็กลิสต์พอร์ต Apple Diagnosti",Mac mini M4 มือสอง ราคาและจุดที่ต้องเช็กก่อนซื้อหรือขาย,BlogPosting|BreadcrumbList|ContactPoint|Country|GeoCoordinates|ImageObject|ListItem|LocalBusiness|OpeningHoursSpecification|Organization|PostalAddress|ProfessionalService|WebPage|WebSite,1578,3,41,4,OK
/blog/macbook-battery-cycle-มีผลต่อราคาขายแค่ไหน,blog,dist/client/blog/macbook-battery-cycle-มีผลต่อราคาขายแค่ไหน/index.html,yes,200,yes,/blog/macbook-battery-cycle-มีผลต่อราคาขายแค่ไหน,yes,MacBook Battery Cycle คืออะไร มีผลต่อราคาขายแค่ไหน | Amphon.co.th,MacBook Battery Cycle คืออะไร มีผลต่อราคาขายแค่ไหน อ่านง่ายสำหรับคนที่ต้องการขายสินค้าไอที ประเมินฟรี ติดต่อ Line @webuy,MacBook Battery Cycle คืออะไร มีผลต่อราคาขายแค่ไหน,BlogPosting|BreadcrumbList|ContactPoint|Country|GeoCoordinates|ImageObject|ListItem|LocalBusiness|OpeningHoursSpecification|Organization|PostalAddress|ProfessionalService|WebPage|WebSite,522,3,41,4,OK
/blog/macbook-ติด-apple-id-find-my-ก่อนขาย,blog,dist/client/blog/macbook-ติด-apple-id-find-my-ก่อนขาย/index.html,yes,200,yes,/blog/macbook-ติด-apple-id-find-my-ก่อนขาย,yes,MacBook ติด Apple ID หรือ Find My ต้องจัดการอย่างไรก่อนขาย | Amphon.co.th,MacBook ติด Apple ID หรือ Find My ต้องจัดการอย่างไรก่อนขาย อ่านง่ายสำหรับคนที่ต้องการขายสินค้าไอที ประเมินฟรี ติดต่อ Lin,MacBook ติด Apple ID หรือ Find My ต้องจัดการอย่างไรก่อนขาย,BlogPosting|BreadcrumbList|ContactPoint|Country|GeoCoordinates|ImageObject|ListItem|LocalBusiness|OpeningHoursSpecification|Organization|PostalAddress|ProfessionalService|WebPage|WebSite,510,3,41,4,OK
/blog/marshall-แบตเสื่อม-เสียงแตก-ปุ่มรวน-ขายได้ไหม,blog,dist/client/blog/marshall-แบตเสื่อม-เสียงแตก-ปุ่มรวน-ขายได้ไหม/index.html,yes,200,yes,/blog/marshall-แบตเสื่อม-เสียงแตก-ปุ่มรวน-ขายได้ไหม,yes,Marshall แบตเสื่อม เสียงแตก ปุ่มรวน ยังขายได้ไหม | Amphon.co.th,Marshall แบตเสื่อม เสียงแตก ปุ่มรวน ยังขายได้ไหม อ่านง่ายสำหรับคนที่ต้องการขายสินค้าไอที ประเมินฟรี ติดต่อ Line @webuy โ,Marshall แบตเสื่อม เสียงแตก ปุ่มรวน ยังขายได้ไหม,BlogPosting|BreadcrumbList|ContactPoint|Country|GeoCoordinates|ImageObject|ListItem|LocalBusiness|OpeningHoursSpecification|Organization|PostalAddress|ProfessionalService|WebPage|WebSite,501,1,41,4,OK
/blog/ssd-สุขภาพเหลือน้อย-เขียนข้อมูลเยอะ-ขายได้ไหม,blog,dist/client/blog/ssd-สุขภาพเหลือน้อย-เขียนข้อมูลเยอะ-ขายได้ไหม/index.html,yes,200,yes,/blog/ssd-สุขภาพเหลือน้อย-เขียนข้อมูลเยอะ-ขายได้ไหม,yes,SSD สุขภาพเหลือน้อยหรือเขียนข้อมูลเยอะ ยังขายได้ไหม | Amphon.co.th,SSD สุขภาพเหลือน้อยหรือเขียนข้อมูลเยอะ ยังขายได้ไหม อ่านง่ายสำหรับคนที่ต้องการขายสินค้าไอที ประเมินฟรี ติดต่อ Line @webu,SSD สุขภาพเหลือน้อยหรือเขียนข้อมูลเยอะ ยังขายได้ไหม,BlogPosting|BreadcrumbList|ContactPoint|Country|GeoCoordinates|ImageObject|ListItem|LocalBusiness|OpeningHoursSpecification|Organization|PostalAddress|ProfessionalService|WebPage|WebSite,517,4,41,4,OK
/blog/surface-เปิดไม่ติด-จอแตก-คีย์บอร์ดเสีย-ขายได้ไหม,blog,dist/client/blog/surface-เปิดไม่ติด-จอแตก-คีย์บอร์ดเสีย-ขายได้ไหม/index.html,yes,200,yes,/blog/surface-เปิดไม่ติด-จอแตก-คีย์บอร์ดเสีย-ขายได้ไหม,yes,Surface เปิดไม่ติด จอแตก หรือคีย์บอร์ดเสีย ยังขายได้ไหม | Amphon.co.th,Surface เปิดไม่ติด จอแตก หรือคีย์บอร์ดเสีย ยังขายได้ไหม อ่านง่ายสำหรับคนที่ต้องการขายสินค้าไอที ประเมินฟรี ติดต่อ Line @,Surface เปิดไม่ติด จอแตก หรือคีย์บอร์ดเสีย ยังขายได้ไหม,BlogPosting|BreadcrumbList|ContactPoint|Country|GeoCoordinates|ImageObject|ListItem|LocalBusiness|OpeningHoursSpecification|Organization|PostalAddress|ProfessionalService|WebPage|WebSite,527,1,41,4,OK
/blog/กล่องใบเสร็จอุปกรณ์ครบ-มีผลต่อราคาขายไหม,blog,dist/client/blog/กล่องใบเสร็จอุปกรณ์ครบ-มีผลต่อราคาขายไหม/index.html,yes,200,yes,/blog/กล่องใบเสร็จอุปกรณ์ครบ-มีผลต่อราคาขายไหม,yes,กล่อง ใบเสร็จ อุปกรณ์ครบ มีผลต่อราคาขายสินค้าไอทีแค่ไหน | Amphon.co.th,กล่อง ใบเสร็จ อุปกรณ์ครบ มีผลต่อราคาขายสินค้าไอทีแค่ไหน อ่านง่ายสำหรับคนที่ต้องการขายสินค้าไอที ประเมินฟรี ติดต่อ Line @,กล่อง ใบเสร็จ อุปกรณ์ครบ มีผลต่อราคาขายสินค้าไอทีแค่ไหน,BlogPosting|BreadcrumbList|ContactPoint|Country|GeoCoordinates|ImageObject|ListItem|LocalBusiness|OpeningHoursSpecification|Organization|PostalAddress|ProfessionalService|WebPage|WebSite,487,1,41,4,OK
/blog/กล้อง-fujifilm-รุ่นเก่า-ยังขายได้ไหม,blog,dist/client/blog/กล้อง-fujifilm-รุ่นเก่า-ยังขายได้ไหม/index.html,yes,200,yes,/blog/กล้อง-fujifilm-รุ่นเก่า-ยังขายได้ไหม,yes,กล้อง Fujifilm รุ่นเก่ายังขายได้ไหม จุดไหนทำให้ราคาไม่ตกมาก | Amphon.co.th,กล้อง Fujifilm รุ่นเก่ายังขายได้ไหม จุดไหนทำให้ราคาไม่ตกมาก อ่านง่ายสำหรับคนที่ต้องการขายสินค้าไอที ประเมินฟรี ติดต่อ Li,กล้อง Fujifilm รุ่นเก่ายังขายได้ไหม จุดไหนทำให้ราคาไม่ตกมาก,BlogPosting|BreadcrumbList|ContactPoint|Country|GeoCoordinates|ImageObject|ListItem|LocalBusiness|OpeningHoursSpecification|Organization|PostalAddress|ProfessionalService|WebPage|WebSite,527,2,41,4,OK
/blog/กล้อง-shutter-count-สูง-ขายได้ไหม,blog,dist/client/blog/กล้อง-shutter-count-สูง-ขายได้ไหม/index.html,yes,200,yes,/blog/กล้อง-shutter-count-สูง-ขายได้ไหม,yes,กล้อง Shutter Count สูงขายได้ไหม มีผลต่อราคามากแค่ไหน | Amphon.co.th,กล้อง Shutter Count สูงขายได้ไหม มีผลต่อราคามากแค่ไหน อ่านง่ายสำหรับคนที่ต้องการขายสินค้าไอที ประเมินฟรี ติดต่อ Line @we,กล้อง Shutter Count สูงขายได้ไหม มีผลต่อราคามากแค่ไหน,BlogPosting|BreadcrumbList|ContactPoint|Country|GeoCoordinates|ImageObject|ListItem|LocalBusiness|OpeningHoursSpecification|Organization|PostalAddress|ProfessionalService|WebPage|WebSite,510,3,41,4,OK
/blog/การ์ดจอมีผลต่อราคาคอมมือสองแค่ไหน,blog,dist/client/blog/การ์ดจอมีผลต่อราคาคอมมือสองแค่ไหน/index.html,yes,200,yes,/blog/การ์ดจอมีผลต่อราคาคอมมือสองแค่ไหน,yes,การ์ดจอมีผลต่อราคาคอมมือสองแค่ไหน ทำไมคอมเกมมิ่งบางเครื่องถึงได้ราคาดีกว่า | Amphon.co.th,การ์ดจอมีผลต่อราคาคอมมือสองมาก โดยเฉพาะคอมเกมมิ่งและคอมประกอบ ดูวิธีเช็กรุ่น GPU สภาพ และข้อมูลที่ควรส่งประเมินฟรี LINE ,การ์ดจอมีผลต่อราคาคอมมือสองแค่ไหน ทำไมคอมเกมมิ่งบางเครื่องถึงได้ราคาดีกว่า,BlogPosting|BreadcrumbList|ContactPoint|Country|GeoCoordinates|ImageObject|ListItem|LocalBusiness|OpeningHoursSpecification|Organization|PostalAddress|ProfessionalService|WebPage|WebSite,537,6,55,4,OK
/blog/การ์ดจอเคยขุด-ขายได้ไหม-เช็กอย่างไร,blog,dist/client/blog/การ์ดจอเคยขุด-ขายได้ไหม-เช็กอย่างไร/index.html,yes,200,yes,/blog/การ์ดจอเคยขุด-ขายได้ไหม-เช็กอย่างไร,yes,การ์ดจอเคยขุดหรือใช้งานหนัก ขายได้ไหม เช็กอย่างไรให้โปร่งใส | Amphon.co.th,การ์ดจอเคยขุดหรือใช้งานหนัก ขายได้ไหม เช็กอย่างไรให้โปร่งใส อ่านง่ายสำหรับคนที่ต้องการขายสินค้าไอที ประเมินฟรี ติดต่อ Li,การ์ดจอเคยขุดหรือใช้งานหนัก ขายได้ไหม เช็กอย่างไรให้โปร่งใส,BlogPosting|BreadcrumbList|ContactPoint|Country|GeoCoordinates|ImageObject|ListItem|LocalBusiness|OpeningHoursSpecification|Organization|PostalAddress|ProfessionalService|WebPage|WebSite,499,3,41,4,OK
/blog/ขาย-ipad-มือสอง-ต้องเช็กอะไรบ้าง,blog,dist/client/blog/ขาย-ipad-มือสอง-ต้องเช็กอะไรบ้าง/index.html,yes,200,yes,/blog/ขาย-ipad-มือสอง-ต้องเช็กอะไรบ้าง,yes,ขาย iPad มือสอง ต้องเช็กอะไรบ้างให้ประเมินราคาได้เร็ว | Amphon.co.th,ขาย iPad มือสอง ต้องเช็กอะไรบ้างให้ประเมินราคาได้เร็ว อ่านง่ายสำหรับคนที่ต้องการขายสินค้าไอที ประเมินฟรี ติดต่อ Line @we,ขาย iPad มือสอง ต้องเช็กอะไรบ้างให้ประเมินราคาได้เร็ว,BlogPosting|BreadcrumbList|ContactPoint|Country|GeoCoordinates|ImageObject|ListItem|LocalBusiness|OpeningHoursSpecification|Organization|PostalAddress|ProfessionalService|WebPage|WebSite,532,3,42,4,OK
/blog/ขาย-iphone-มือสอง-ต้องเตรียมอะไรบ้าง,blog,dist/client/blog/ขาย-iphone-มือสอง-ต้องเตรียมอะไรบ้าง/index.html,yes,200,yes,/blog/ขาย-iphone-มือสอง-ต้องเตรียมอะไรบ้าง,yes,ขาย iPhone มือสอง ต้องเตรียมอะไรบ้าง ก่อนรับเงิน | Amphon.co.th,เช็กลิสต์เตรียม iPhone ก่อนขาย สำรองข้อมูล ออกจาก iCloud ลบข้อมูล และสิ่งที่ต้องนำไปด้วยเพื่อให้ขายได้ราคาดี,ขาย iPhone มือสอง ต้องเตรียมอะไรบ้าง ก่อนรับเงิน,BlogPosting|BreadcrumbList|ContactPoint|Country|GeoCoordinates|ImageObject|ListItem|LocalBusiness|OpeningHoursSpecification|Organization|PostalAddress|ProfessionalService|WebPage|WebSite,193,4,41,4,OK
/blog/ขาย-macbook-มือสอง-อย่างไรให้ได้ราคาดี,blog,dist/client/blog/ขาย-macbook-มือสอง-อย่างไรให้ได้ราคาดี/index.html,yes,200,yes,/blog/ขาย-macbook-มือสอง-อย่างไรให้ได้ราคาดี,yes,คู่มือเตรียม MacBook ก่อนขาย: เช็กสเปก สภาพ และข้อมูลให้พร้อม | Amphon.co.th,คู่มือเตรียม MacBook ก่อนขาย ตั้งแต่เช็กรุ่น ชิป RAM SSD Battery Cycle สภาพเครื่อง อุปกรณ์ ไปจนถึงสำรองข้อมูลและปิด Find,คู่มือเตรียม MacBook ก่อนขาย: เช็กสเปก สภาพ และข้อมูลให้พร้อม,BlogPosting|BreadcrumbList|ContactPoint|Country|GeoCoordinates|ImageObject|ListItem|LocalBusiness|OpeningHoursSpecification|Organization|PostalAddress|ProfessionalService|WebPage|WebSite,531,4,39,4,OK
/blog/ขายกล้อง-sony-มือสอง-ต้องเช็กอะไรบ้าง,blog,dist/client/blog/ขายกล้อง-sony-มือสอง-ต้องเช็กอะไรบ้าง/index.html,yes,200,yes,/blog/ขายกล้อง-sony-มือสอง-ต้องเช็กอะไรบ้าง,yes,ขายกล้อง Sony มือสองต้องเช็กอะไรบ้าง ก่อนส่งประเมิน | Amphon.co.th,"ขายกล้อง Sony มือสองต้องเช็กอะไรบ้าง รวม Shutter Count, Sensor, Hot Pixel, EVF, จอ, Autofocus, IBIS, เมาท์ แบตเตอรี่ เลน",ขายกล้อง Sony มือสองต้องเช็กอะไรบ้าง ก่อนส่งประเมิน,BlogPosting|BreadcrumbList|ContactPoint|Country|GeoCoordinates|ImageObject|ListItem|LocalBusiness|OpeningHoursSpecification|Organization|PostalAddress|ProfessionalService|WebPage|WebSite,1160,4,43,4,OK
/blog/ขายของไอทีเสียยังไงให้ไม่ถูกกดราคา,blog,dist/client/blog/ขายของไอทีเสียยังไงให้ไม่ถูกกดราคา/index.html,yes,200,yes,/blog/ขายของไอทีเสียยังไงให้ไม่ถูกกดราคา,yes,ขายของไอทีเสียยังไงให้ไม่ถูกกดราคา เทคนิคเตรียมข้อมูลก่อนประเมิน | Amphon.co.th,ขายของไอทีเสียยังไงให้ไม่ถูกกดราคา เทคนิคเตรียมข้อมูลก่อนประเมิน อ่านง่ายสำหรับคนที่ต้องการขายสินค้าไอที ประเมินฟรี ติดต,ขายของไอทีเสียยังไงให้ไม่ถูกกดราคา เทคนิคเตรียมข้อมูลก่อนประเมิน,BlogPosting|BreadcrumbList|ContactPoint|Country|GeoCoordinates|ImageObject|ListItem|LocalBusiness|OpeningHoursSpecification|Organization|PostalAddress|ProfessionalService|WebPage|WebSite,492,1,41,4,OK
/blog/ขายสินค้าไอทีอย่างไรให้ปลอดภัย-ไม่โดนโกง,blog,dist/client/blog/ขายสินค้าไอทีอย่างไรให้ปลอดภัย-ไม่โดนโกง/index.html,yes,200,yes,/blog/ขายสินค้าไอทีอย่างไรให้ปลอดภัย-ไม่โดนโกง,yes,ขายสินค้าไอทีอย่างไรให้ปลอดภัย ไม่โดนโกง และไม่เสียข้อมูลส่วนตัว | Amphon.co.th,ขายสินค้าไอทีอย่างไรให้ปลอดภัย ไม่โดนโกง และไม่เสียข้อมูลส่วนตัว อ่านง่ายสำหรับคนที่ต้องการขายสินค้าไอที ประเมินฟรี ติดต,ขายสินค้าไอทีอย่างไรให้ปลอดภัย ไม่โดนโกง และไม่เสียข้อมูลส่วนตัว,BlogPosting|BreadcrumbList|ContactPoint|Country|GeoCoordinates|ImageObject|ListItem|LocalBusiness|OpeningHoursSpecification|Organization|PostalAddress|ProfessionalService|WebPage|WebSite,491,1,41,4,OK
/blog/ขายโทรศัพท์มือสองใกล้ฉัน,blog,dist/client/blog/ขายโทรศัพท์มือสองใกล้ฉัน/index.html,yes,200,yes,/blog/ขายโทรศัพท์มือสองใกล้ฉัน,yes,ขายโทรศัพท์มือสองใกล้ฉัน เลือกร้านและเตรียมเครื่องอย่างไร | Amphon.co.th,ขายโทรศัพท์มือสองใกล้ฉันอย่างปลอดภัย วิธีเลือกร้าน ตรวจราคา สำรองข้อมูล ออกจาก Apple Account หรือ Google Account ตรวจ IM,ขายโทรศัพท์มือสองใกล้ฉัน เลือกร้านและเตรียมเครื่องอย่างไร,BlogPosting|BreadcrumbList|ContactPoint|Country|GeoCoordinates|ImageObject|ListItem|LocalBusiness|OpeningHoursSpecification|Organization|PostalAddress|ProfessionalService|WebPage|WebSite,1073,3,43,4,OK
/blog/ขายโน๊ตบุ๊คเก่าให้ได้ราคาดี-ต้องเช็กอะไรบ้าง,blog,dist/client/blog/ขายโน๊ตบุ๊คเก่าให้ได้ราคาดี-ต้องเช็กอะไรบ้าง/index.html,yes,200,yes,/blog/ขายโน๊ตบุ๊คเก่าให้ได้ราคาดี-ต้องเช็กอะไรบ้าง,yes,ขายโน๊ตบุ๊คเก่าให้ได้ราคาดี ต้องเช็กอะไรบ้างก่อนส่งประเมิน | Amphon.co.th,ขายโน๊ตบุ๊คเก่าให้ได้ราคาดี ต้องเช็กอะไรบ้างก่อนส่งประเมิน อ่านง่ายสำหรับคนที่ต้องการขายสินค้าไอที ประเมินฟรี ติดต่อ Lin,ขายโน๊ตบุ๊คเก่าให้ได้ราคาดี ต้องเช็กอะไรบ้างก่อนส่งประเมิน,BlogPosting|BreadcrumbList|ContactPoint|Country|GeoCoordinates|ImageObject|ListItem|LocalBusiness|OpeningHoursSpecification|Organization|PostalAddress|ProfessionalService|WebPage|WebSite,510,3,41,4,OK
/blog/ควรขายของไอทีตอนไหน-ให้ได้ราคาดีที่สุด,blog,dist/client/blog/ควรขายของไอทีตอนไหน-ให้ได้ราคาดีที่สุด/index.html,yes,200,yes,/blog/ควรขายของไอทีตอนไหน-ให้ได้ราคาดีที่สุด,yes,ควรขายของไอทีตอนไหน ให้ได้ราคาคุ้มค่า? วงจรราคาที่คุณอาจไม่เคยรู้ | Amphon.co.th,เปิดเผยช่วงเวลาที่เหมาะกับการขายสมาร์ตโฟน โน๊ตบุ๊ค และคอมพิวเตอร์มือสอง เพื่อให้ประเมินราคาได้คุ้มกับรุ่นและสภาพจริง และ,ควรขายของไอทีตอนไหน ให้ได้ราคาคุ้มค่า? วงจรราคาที่คุณอาจไม่เคยรู้,BlogPosting|BreadcrumbList|ContactPoint|Country|GeoCoordinates|ImageObject|ListItem|LocalBusiness|OpeningHoursSpecification|Organization|PostalAddress|ProfessionalService|WebPage|WebSite,288,1,40,4,OK
/blog/คอมบริษัทเก่า-ขายยังไง,blog,dist/client/blog/คอมบริษัทเก่า-ขายยังไง/index.html,yes,200,yes,/blog/คอมบริษัทเก่า-ขายยังไง,yes,คอมบริษัทเก่า ขายยังไง ให้ได้ราคาและปลอดภัย | Amphon.co.th,วิธีขายคอมบริษัทเก่าและคอมองค์กรจำนวนมาก นัดสำรวจ ลบข้อมูล และเลือกผู้รับซื้อที่น่าเชื่อถือ,คอมบริษัทเก่า ขายยังไง ให้ได้ราคาและปลอดภัย,BlogPosting|BreadcrumbList|ContactPoint|Country|GeoCoordinates|ImageObject|ListItem|LocalBusiness|OpeningHoursSpecification|Organization|PostalAddress|ProfessionalService|WebPage|WebSite,156,1,41,4,OK
/blog/คอมบริษัทเก่า-ขายแบบไหนให้เคลียร์ง่าย,blog,dist/client/blog/คอมบริษัทเก่า-ขายแบบไหนให้เคลียร์ง่าย/index.html,yes,200,yes,/blog/คอมบริษัทเก่า-ขายแบบไหนให้เคลียร์ง่าย,yes,คอมบริษัทเก่าควรขายแบบไหน ให้เคลียร์ง่ายและไม่เสียเวลาทีละเครื่อง | Amphon.co.th,คอมบริษัทเก่าควรขายแบบไหน ให้เคลียร์ง่ายและไม่เสียเวลาทีละเครื่อง อ่านง่ายสำหรับคนที่ต้องการขายสินค้าไอที ประเมินฟรี ติด,คอมบริษัทเก่าควรขายแบบไหน ให้เคลียร์ง่ายและไม่เสียเวลาทีละเครื่อง,BlogPosting|BreadcrumbList|ContactPoint|Country|GeoCoordinates|ImageObject|ListItem|LocalBusiness|OpeningHoursSpecification|Organization|PostalAddress|ProfessionalService|WebPage|WebSite,503,2,41,4,OK
/blog/คอมเกมมิ่งมือสอง-ขายอย่างไรให้ได้ราคาดี,blog,dist/client/blog/คอมเกมมิ่งมือสอง-ขายอย่างไรให้ได้ราคาดี/index.html,yes,200,yes,/blog/คอมเกมมิ่งมือสอง-ขายอย่างไรให้ได้ราคาดี,yes,คอมเกมมิ่งมือสองขายอย่างไรให้ได้ราคาดี ไม่ถูกกดราคา | Amphon.co.th,คอมเกมมิ่งมือสองขายอย่างไรให้ได้ราคาดี ไม่ถูกกดราคา อ่านง่ายสำหรับคนที่ต้องการขายสินค้าไอที ประเมินฟรี ติดต่อ Line @webu,คอมเกมมิ่งมือสองขายอย่างไรให้ได้ราคาดี ไม่ถูกกดราคา,BlogPosting|BreadcrumbList|ContactPoint|Country|GeoCoordinates|ImageObject|ListItem|LocalBusiness|OpeningHoursSpecification|Organization|PostalAddress|ProfessionalService|WebPage|WebSite,504,3,41,4,OK
/blog/จอคอมมีเส้น-จุดดำ-ภาพกระพริบ-ขายได้ไหม,blog,dist/client/blog/จอคอมมีเส้น-จุดดำ-ภาพกระพริบ-ขายได้ไหม/index.html,yes,200,yes,/blog/จอคอมมีเส้น-จุดดำ-ภาพกระพริบ-ขายได้ไหม,yes,จอคอมมีเส้น จุดดำ ภาพกระพริบ ยังขายได้ไหม | Amphon.co.th,จอคอมมีเส้น จุดดำ ภาพกระพริบ ยังขายได้ไหม อ่านง่ายสำหรับคนที่ต้องการขายสินค้าไอที ประเมินฟรี ติดต่อ Line @webuy โทร 0642,จอคอมมีเส้น จุดดำ ภาพกระพริบ ยังขายได้ไหม,BlogPosting|BreadcrumbList|ContactPoint|Country|GeoCoordinates|ImageObject|ListItem|LocalBusiness|OpeningHoursSpecification|Organization|PostalAddress|ProfessionalService|WebPage|WebSite,515,1,41,4,OK
/blog/จำนำโทรศัพท์กับขายขาดต่างกันอย่างไร,blog,dist/client/blog/จำนำโทรศัพท์กับขายขาดต่างกันอย่างไร/index.html,yes,200,yes,/blog/จำนำโทรศัพท์กับขายขาดต่างกันอย่างไร,yes,จำนำโทรศัพท์กับขายขาดต่างกันอย่างไร แบบไหนเหมาะกว่า? | Amphon.co.th,เปรียบเทียบการจำนำโทรศัพท์กับการขายขาด เรื่องกรรมสิทธิ์ เงินที่ได้รับ การไถ่คืน ค่าใช้จ่าย และความเหมาะสม พร้อมแนวทางส่ง,จำนำโทรศัพท์กับขายขาดต่างกันอย่างไร แบบไหนเหมาะกว่า?,BlogPosting|BreadcrumbList|ContactPoint|Country|GeoCoordinates|ImageObject|ListItem|LocalBusiness|OpeningHoursSpecification|Organization|PostalAddress|ProfessionalService|WebPage|WebSite,361,2,41,5,OK
/blog/ถ่ายรูปสินค้าไอทีให้ร้านประเมินราคาเร็ว,blog,dist/client/blog/ถ่ายรูปสินค้าไอทีให้ร้านประเมินราคาเร็ว/index.html,yes,200,yes,/blog/ถ่ายรูปสินค้าไอทีให้ร้านประเมินราคาเร็ว,yes,ถ่ายรูปสินค้าไอทีอย่างไรให้ร้านประเมินราคาเร็วและแม่นขึ้น | Amphon.co.th,ถ่ายรูปสินค้าไอทีอย่างไรให้ร้านประเมินราคาเร็วและแม่นขึ้น อ่านง่ายสำหรับคนที่ต้องการขายสินค้าไอที ประเมินฟรี ติดต่อ Line,ถ่ายรูปสินค้าไอทีอย่างไรให้ร้านประเมินราคาเร็วและแม่นขึ้น,BlogPosting|BreadcrumbList|ContactPoint|Country|GeoCoordinates|ImageObject|ListItem|LocalBusiness|OpeningHoursSpecification|Organization|PostalAddress|ProfessionalService|WebPage|WebSite,496,1,41,4,OK
/blog/รับซื้อสินค้าไอทีถึงที่-ปลอดภัยไหม,blog,dist/client/blog/รับซื้อสินค้าไอทีถึงที่-ปลอดภัยไหม/index.html,yes,200,yes,/blog/รับซื้อสินค้าไอทีถึงที่-ปลอดภัยไหม,yes,รับซื้อสินค้าไอทีถึงที่ ปลอดภัยไหม | Amphon.co.th,บริการนัดรับสินค้าไอทีถึงที่ในภาคอีสาน ปลอดภัยแค่ไหน ขั้นตอนและข้อควรระวังเมื่อขายกับร้านรับซื้อ,รับซื้อสินค้าไอทีถึงที่ ปลอดภัยไหม,BlogPosting|BreadcrumbList|ContactPoint|Country|GeoCoordinates|ImageObject|ListItem|LocalBusiness|OpeningHoursSpecification|Organization|PostalAddress|ProfessionalService|WebPage|WebSite,146,1,42,4,OK
/blog/ราคา-ipad-มือสอง-2026,blog,dist/client/blog/ราคา-ipad-มือสอง-2026/index.html,yes,200,yes,/blog/ราคา-ipad-มือสอง-2026,yes,ราคา iPad มือสอง 2026 ทุกรุ่น iPad Air Pro Mini ราคาเท่าไหร่ | Amphon.co.th,ราคา iPad มือสอง 2026 ครบทุกรุ่น iPad Air iPad Pro M2 M4 iPad mini ปัจจัยที่มีผลต่อราคาและวิธีเตรียม iPad ก่อนขาย,ราคา iPad มือสอง 2026 ทุกรุ่น iPad Air Pro Mini ราคาเท่าไหร่,BlogPosting|BreadcrumbList|ContactPoint|Country|GeoCoordinates|ImageObject|ListItem|LocalBusiness|OpeningHoursSpecification|Organization|PostalAddress|ProfessionalService|WebPage|WebSite,536,5,41,3,OK
/blog/ราคา-iphone-มือสอง-2026,blog,dist/client/blog/ราคา-iphone-มือสอง-2026/index.html,yes,200,yes,/blog/ราคา-iphone-มือสอง-2026,yes,ราคา iPhone มือสอง 2026 แต่ละรุ่นราคาเท่าไหร่ | Amphon.co.th,ราคา iPhone มือสอง 2026 ทุกรุ่น iPhone 13 14 15 16 ปัจจัยที่มีผลต่อราคา และวิธีเช็กว่าเครื่องของคุณควรได้เท่าไหร่,ราคา iPhone มือสอง 2026 แต่ละรุ่นราคาเท่าไหร่,BlogPosting|BreadcrumbList|ContactPoint|Country|GeoCoordinates|ImageObject|ListItem|LocalBusiness|OpeningHoursSpecification|Organization|PostalAddress|ProfessionalService|WebPage|WebSite,545,5,40,3,OK
/blog/ราคา-macbook-มือสอง-2026,blog,dist/client/blog/ราคา-macbook-มือสอง-2026/index.html,yes,200,yes,/blog/ราคา-macbook-มือสอง-2026,yes,ราคา MacBook มือสอง 2026 MacBook Air M2 M3 และ Pro ราคาเท่าไหร่ | Amphon.co.th,ราคา MacBook มือสอง 2026 ครบทุกรุ่น MacBook Air M1 M2 M3 และ MacBook Pro ปัจจัยที่มีผลต่อราคา และวิธีประเมินเบื้องต้นก่อ,ราคา MacBook มือสอง 2026 MacBook Air M2 M3 และ Pro ราคาเท่าไหร่,BlogPosting|BreadcrumbList|ContactPoint|Country|GeoCoordinates|ImageObject|ListItem|LocalBusiness|OpeningHoursSpecification|Organization|PostalAddress|ProfessionalService|WebPage|WebSite,620,5,40,3,OK
/blog/ร้านรับซื้อไอที-เช็กอะไรบ้างก่อนตีราคา,blog,dist/client/blog/ร้านรับซื้อไอที-เช็กอะไรบ้างก่อนตีราคา/index.html,yes,200,yes,/blog/ร้านรับซื้อไอที-เช็กอะไรบ้างก่อนตีราคา,yes,เปิดเคล็ดลับ! ร้านรับซื้อไอที เช็กอะไรบ้างก่อนตีราคาเครื่องคุณ | Amphon.co.th,รู้ทันร้านรับซื้อ! เปิดเผย 5 จุดสำคัญที่ร้านรับซื้อโน๊ตบุ๊ค มือถือ คอมพิวเตอร์มือสอง ใช้ในการเช็กสภาพและตีราคาสินค้า เพื,เปิดเคล็ดลับ! ร้านรับซื้อไอที เช็กอะไรบ้างก่อนตีราคาเครื่องคุณ,BlogPosting|BreadcrumbList|ContactPoint|Country|GeoCoordinates|ImageObject|ListItem|LocalBusiness|OpeningHoursSpecification|Organization|PostalAddress|ProfessionalService|WebPage|WebSite,295,1,40,4,OK
/blog/ลบข้อมูลก่อนขาย-ทำยังไงให้กู้ไม่ได้,blog,dist/client/blog/ลบข้อมูลก่อนขาย-ทำยังไงให้กู้ไม่ได้/index.html,yes,200,yes,/blog/ลบข้อมูลก่อนขาย-ทำยังไงให้กู้ไม่ได้,yes,ลบข้อมูลยังไงให้กู้ไม่ได้? เคล็ดลับก่อนขายมือถือและคอมพิวเตอร์มือสอง | Amphon.co.th,วิธีล้างเครื่อง ลบข้อมูล ลบภาพถ่าย แบบถอนรากถอนโคนให้กู้ข้อมูลไม่ได้ 100% ก่อนนำมือถือ โน๊ตบุ๊ค หรือคอมพิวเตอร์ไปขายต่อ ,ลบข้อมูลยังไงให้กู้ไม่ได้? เคล็ดลับก่อนขายมือถือและคอมพิวเตอร์มือสอง,BlogPosting|BreadcrumbList|ContactPoint|Country|GeoCoordinates|ImageObject|ListItem|LocalBusiness|OpeningHoursSpecification|Organization|PostalAddress|ProfessionalService|WebPage|WebSite,403,1,40,4,OK
/blog/ลำโพง-jbl-ของแท้ของปลอม-เช็กก่อนขาย,blog,dist/client/blog/ลำโพง-jbl-ของแท้ของปลอม-เช็กก่อนขาย/index.html,yes,200,yes,/blog/ลำโพง-jbl-ของแท้ของปลอม-เช็กก่อนขาย,yes,ลำโพง JBL ของแท้ของปลอมเช็กอย่างไรก่อนขาย | Amphon.co.th,ลำโพง JBL ของแท้ของปลอมเช็กอย่างไรก่อนขาย อ่านง่ายสำหรับคนที่ต้องการขายสินค้าไอที ประเมินฟรี ติดต่อ Line @webuy โทร 0642,ลำโพง JBL ของแท้ของปลอมเช็กอย่างไรก่อนขาย,BlogPosting|BreadcrumbList|ContactPoint|Country|GeoCoordinates|ImageObject|ListItem|LocalBusiness|OpeningHoursSpecification|Organization|PostalAddress|ProfessionalService|WebPage|WebSite,507,2,41,4,OK
/blog/วิธีล้างเครื่อง-macbook-ก่อนขาย,blog,dist/client/blog/วิธีล้างเครื่อง-macbook-ก่อนขาย/index.html,yes,200,yes,/blog/วิธีล้างเครื่อง-macbook-ก่อนขาย,yes,วิธีล้างเครื่อง MacBook ก่อนขาย ปิด Find My ออกจาก Apple ID ก่อนส่งประเมิน | Amphon.co.th,วิธีล้างเครื่อง MacBook ก่อนขาย ออกจาก Apple ID ปิด Find My เช็ก Activation Lock และเตรียมข้อมูลก่อนส่งประเมินราคา LINE ,วิธีล้างเครื่อง MacBook ก่อนขาย ปิด Find My ออกจาก Apple ID ก่อนส่งประเมิน,BlogPosting|BreadcrumbList|ContactPoint|Country|GeoCoordinates|ImageObject|ListItem|LocalBusiness|OpeningHoursSpecification|Organization|PostalAddress|ProfessionalService|WebPage|WebSite,628,3,52,4,OK
/blog/วิธีเช็ก-battery-health-iphone-ก่อนขาย,blog,dist/client/blog/วิธีเช็ก-battery-health-iphone-ก่อนขาย/index.html,yes,200,yes,/blog/วิธีเช็ก-battery-health-iphone-ก่อนขาย,yes,วิธีเช็ก Battery Health iPhone ก่อนขาย ดูแบตเสื่อมก่อนส่งประเมิน | Amphon.co.th,วิธีเช็ก Battery Health iPhone ก่อนขาย ดูเปอร์เซ็นต์แบต สภาพเครื่อง Face ID และข้อมูลที่ควรส่งร้านประเมินราคา ประเมินฟรี,วิธีเช็ก Battery Health iPhone ก่อนขาย ดูแบตเสื่อมก่อนส่งประเมิน,BlogPosting|BreadcrumbList|ContactPoint|Country|GeoCoordinates|ImageObject|ListItem|LocalBusiness|OpeningHoursSpecification|Organization|PostalAddress|ProfessionalService|WebPage|WebSite,536,7,51,4,OK
/blog/วิธีเช็กราคาก่อนขายโน๊ตบุ๊คมือสอง,blog,dist/client/blog/วิธีเช็กราคาก่อนขายโน๊ตบุ๊คมือสอง/index.html,yes,200,yes,/blog/วิธีเช็กราคาก่อนขายโน๊ตบุ๊คมือสอง,yes,วิธีเช็กราคาก่อนขายโน๊ตบุ๊คมือสอง ให้ได้ราคาดี | Amphon.co.th,วิธีเช็กราคาโน๊ตบุ๊คมือสองก่อนขาย ปัจจัยที่มีผลต่อราคา และเทคนิคให้ประเมินราคาได้คุ้มกับสภาพเครื่องจากร้านรับซื้อที่เชื่,วิธีเช็กราคาก่อนขายโน๊ตบุ๊คมือสอง ให้ได้ราคาดี,BlogPosting|BreadcrumbList|ContactPoint|Country|GeoCoordinates|ImageObject|ListItem|LocalBusiness|OpeningHoursSpecification|Organization|PostalAddress|ProfessionalService|WebPage|WebSite,161,2,41,4,OK
/blog/วิธีเช็กรุ่น-ipad-ว่าเป็น-gen-ไหน,blog,dist/client/blog/วิธีเช็กรุ่น-ipad-ว่าเป็น-gen-ไหน/index.html,yes,200,yes,/blog/วิธีเช็กรุ่น-ipad-ว่าเป็น-gen-ไหน,yes,วิธีดูรุ่น iPad ว่าเป็น Gen ไหน เช็กเลขโมเดล Axxxx พร้อมตาราง | Amphon.co.th,"วิธีดูรุ่น iPad ว่าเป็น Gen ไหนจาก Settings ฝาหลัง และเลขโมเดล Axxxx พร้อมตาราง iPad, Air, mini และ Pro แยกปี ขนาดจอ ควา",วิธีดูรุ่น iPad ว่าเป็น Gen ไหน เช็กเลขโมเดล Axxxx พร้อมตาราง,BlogPosting|BreadcrumbList|ContactPoint|Country|GeoCoordinates|ImageObject|ListItem|LocalBusiness|OpeningHoursSpecification|Organization|PostalAddress|ProfessionalService|WebPage|WebSite,1903,8,58,4,OK
/blog/วิธีเช็กสเปกคอมก่อนขาย,blog,dist/client/blog/วิธีเช็กสเปกคอมก่อนขาย/index.html,yes,200,yes,/blog/วิธีเช็กสเปกคอมก่อนขาย,yes,วิธีเช็กสเปกคอมก่อนขาย ดู CPU RAM SSD การ์ดจอ ก่อนส่งประเมิน | Amphon.co.th,วิธีเช็กสเปกคอมก่อนขาย CPU RAM SSD การ์ดจอ และข้อมูลที่ควรส่งร้านประเมินราคามือสอง อ่านง่ายก่อนส่งรูป ประเมินฟรี LINE @w,วิธีเช็กสเปกคอมก่อนขาย ดู CPU RAM SSD การ์ดจอ ก่อนส่งประเมิน,BlogPosting|BreadcrumbList|ContactPoint|Country|GeoCoordinates|ImageObject|ListItem|LocalBusiness|OpeningHoursSpecification|Organization|PostalAddress|ProfessionalService|WebPage|WebSite,664,5,57,4,OK
/blog/วิธีเตรียมเครื่องก่อนขายสินค้าไอที,blog,dist/client/blog/วิธีเตรียมเครื่องก่อนขายสินค้าไอที/index.html,yes,200,yes,/blog/วิธีเตรียมเครื่องก่อนขายสินค้าไอที,yes,วิธีเตรียมเครื่องก่อนขายสินค้าไอที ครบทุกประเภท | Amphon.co.th,เช็กลิสต์เตรียมโน๊ตบุ๊ค iPhone iPad MacBook และคอม ก่อนขาย ลบข้อมูล ถ่ายรูป และได้ราคาดี,วิธีเตรียมเครื่องก่อนขายสินค้าไอที ครบทุกประเภท,BlogPosting|BreadcrumbList|ContactPoint|Country|GeoCoordinates|ImageObject|ListItem|LocalBusiness|OpeningHoursSpecification|Organization|PostalAddress|ProfessionalService|WebPage|WebSite,182,3,42,4,OK
/blog/เลนส์มีฝ้า-รา-ฝุ่น-โฟกัสเสีย-ขายได้ไหม,blog,dist/client/blog/เลนส์มีฝ้า-รา-ฝุ่น-โฟกัสเสีย-ขายได้ไหม/index.html,yes,200,yes,/blog/เลนส์มีฝ้า-รา-ฝุ่น-โฟกัสเสีย-ขายได้ไหม,yes,เลนส์มีฝ้า รา ฝุ่น หรือโฟกัสเสีย ยังขายได้ไหม | Amphon.co.th,เลนส์มีฝ้า รา ฝุ่น หรือโฟกัสเสีย ยังขายได้ไหม อ่านง่ายสำหรับคนที่ต้องการขายสินค้าไอที ประเมินฟรี ติดต่อ Line @webuy โทร ,เลนส์มีฝ้า รา ฝุ่น หรือโฟกัสเสีย ยังขายได้ไหม,BlogPosting|BreadcrumbList|ContactPoint|Country|GeoCoordinates|ImageObject|ListItem|LocalBusiness|OpeningHoursSpecification|Organization|PostalAddress|ProfessionalService|WebPage|WebSite,504,2,41,4,OK
/blog/แรมมือสองขายได้เท่าไหร่,blog,dist/client/blog/แรมมือสองขายได้เท่าไหร่/index.html,yes,200,yes,/blog/แรมมือสองขายได้เท่าไหร่,yes,แรมมือสองขายได้เท่าไหร่ ราคา RAM ขึ้นกับอะไรบ้าง | Amphon.co.th,"แรมมือสองขายได้เท่าไหร่ เช็กปัจจัยที่มีผลต่อราคา RAM ทั้ง DDR3, DDR4, DDR5, แรมโน๊ตบุ๊ค และ Server ECC RAM พร้อมวิธีดู P",แรมมือสองขายได้เท่าไหร่ ราคา RAM ขึ้นกับอะไรบ้าง,BlogPosting|BreadcrumbList|ContactPoint|Country|GeoCoordinates|ImageObject|ListItem|LocalBusiness|OpeningHoursSpecification|Organization|PostalAddress|ProfessionalService|WebPage|WebSite,1040,3,44,4,OK
/blog/โน๊ตบุ๊คเปิดไม่ติด-ขายได้ไหม,blog,dist/client/blog/โน๊ตบุ๊คเปิดไม่ติด-ขายได้ไหม/index.html,yes,200,yes,/blog/โน๊ตบุ๊คเปิดไม่ติด-ขายได้ไหม,yes,โน๊ตบุ๊คเปิดไม่ติด ขายได้ไหม วิธีประเมินก่อนตัดสินใจซ่อมหรือขาย | Amphon.co.th,โน๊ตบุ๊คเปิดไม่ติด ขายได้ไหม วิธีประเมินก่อนตัดสินใจซ่อมหรือขาย อ่านง่ายสำหรับคนที่ต้องการขายสินค้าไอที ประเมินฟรี ติดต่,โน๊ตบุ๊คเปิดไม่ติด ขายได้ไหม วิธีประเมินก่อนตัดสินใจซ่อมหรือขาย,BlogPosting|BreadcrumbList|ContactPoint|Country|GeoCoordinates|ImageObject|ListItem|LocalBusiness|OpeningHoursSpecification|Organization|PostalAddress|ProfessionalService|WebPage|WebSite,494,3,41,4,OK
/blog/โน๊ตบุ๊คเสีย-ขายได้ไหม,blog,dist/client/blog/โน๊ตบุ๊คเสีย-ขายได้ไหม/index.html,yes,200,yes,/blog/โน๊ตบุ๊คเสีย-ขายได้ไหม,yes,โน๊ตบุ๊คเสีย ขายได้ไหม ประเมินตามสภาพจริง | Amphon.co.th,โน๊ตบุ๊คเปิดไม่ติด จอแตก หรือแบตเสื่อมยังส่งประเมินได้หรือไม่ ปัจจัยราคา และข้อมูลที่ควรแจ้งร้านรับซื้อ,โน๊ตบุ๊คเสีย ขายได้ไหม ประเมินตามสภาพจริง,BlogPosting|BreadcrumbList|ContactPoint|Country|GeoCoordinates|ImageObject|ListItem|LocalBusiness|OpeningHoursSpecification|Organization|PostalAddress|ProfessionalService|WebPage|WebSite,150,2,41,4,OK
/contact,company,dist/client/contact/index.html,yes,200,yes,/contact,yes,ติดต่อเรา | Amphon.co.th,ติดต่อ Amphon รับซื้อสินค้าไอทีและอุปกรณ์มือสอง ภาคอีสาน โทร Line Facebook ประเมินราคาฟรี,ติดต่อเรา,BreadcrumbList|ContactPage|ContactPoint|Country|GeoCoordinates|ImageObject|ListItem|LocalBusiness|OpeningHoursSpecification|Organization|PostalAddress|ProfessionalService|WebSite,103,1167,31,5,OK
/,homepage,dist/client/index.html,yes,200,yes,/,yes,รับซื้อสินค้าไอทีมือสองทั่วประเทศ | AMPHON TRADING | Amphon.co.th,อำพล เทรดดิ้ง รับซื้อสินค้าไอทีมือสอง ทั้งโน๊ตบุ๊ค โทรศัพท์ iPad MacBook RAM คอมพิวเตอร์และกล้อง ส่งรูปประเมินฟรี หน้าร้,รับซื้อสินค้าไอทีมือสอง ส่งรูปประเมินราคาได้ทั่วประเทศ,BreadcrumbList|ContactPoint|Country|GeoCoordinates|ImageObject|ItemList|ListItem|LocalBusiness|Offer|OfferCatalog|OpeningHoursSpecification|Organization|PostalAddress|ProfessionalService|Service|WebPage|WebSite,646,1167,90,26,OK
/privacy-policy,other,dist/client/privacy-policy/index.html,yes,200,yes,/privacy-policy,yes,นโยบายความเป็นส่วนตัว — AMPHON TRADING | Amphon.co.th,นโยบายความเป็นส่วนตัวของ AMPHON TRADING อำพล เทรดดิ้ง การเก็บและใช้ข้อมูลส่วนบุคคลตามกฎหมาย PDPA,นโยบายความเป็นส่วนตัว,BreadcrumbList|ContactPoint|Country|GeoCoordinates|ImageObject|ListItem|LocalBusiness|OpeningHoursSpecification|Organization|PostalAddress|ProfessionalService|WebPage|WebSite,117,1167,31,3,OK
/บริการ/รับซื้อ-acer-aspire,service-hub,dist/client/บริการ/รับซื้อ-acer-aspire/index.html,yes,200,yes,/บริการ/รับซื้อ-acer-aspire,yes,รับซื้อ Acer Aspire มือสองทั่วประเทศ ส่งรูปประเมินฟรี | Amphon.co.th,รับซื้อ Acer Aspire มือสอง โน๊ตบุ๊คใช้งานทั่วไป เครื่องเรียน เครื่องทำงาน และเครื่องมีตำหนิทั่วประเทศ ส่งรูป รุ่น และสเป,รับซื้อ Acer Aspire มือสอง โน๊ตบุ๊คใช้งานทั่วไปทั่วประเทศ,Answer|BreadcrumbList|ContactPoint|Country|FAQPage|GeoCoordinates|ImageObject|ListItem|LocalBusiness|Offer|OpeningHoursSpecification|Organization|PostalAddress|ProfessionalService|Question|Service|WebPage|WebSite,801,22,68,5,OK
/บริการ/รับซื้อ-acer-nitro,service-hub,dist/client/บริการ/รับซื้อ-acer-nitro/index.html,yes,200,yes,/บริการ/รับซื้อ-acer-nitro,yes,รับซื้อ Acer Nitro มือสอง หลายรุ่น ประเมินตามสภาพจริง | Amphon.co.th,"รับซื้อ Acer Nitro มือสองหลายรุ่น Nitro 5, Nitro 16 ส่งรูปหรือสเปกประเมินฟรี รับทั้งเครื่องดีและเครื่องมีตำหนิทั่วประเทศ",รับซื้อ Acer Nitro มือสอง Nitro 5 Nitro 16 ประเมินฟรีทั่วประเทศ,Answer|BreadcrumbList|ContactPoint|Country|FAQPage|GeoCoordinates|ImageObject|ListItem|LocalBusiness|Offer|OpeningHoursSpecification|Organization|PostalAddress|ProfessionalService|Question|Service|WebPage|WebSite,913,27,63,4,OK
/บริการ/รับซื้อ-acer-predator,service-hub,dist/client/บริการ/รับซื้อ-acer-predator/index.html,yes,200,yes,/บริการ/รับซื้อ-acer-predator,yes,รับซื้อ Acer Predator มือสอง Helios Triton หลายรุ่น | Amphon.co.th,"รับซื้อ Acer Predator มือสอง Helios 300, 16, 18 และ Triton หลายรุ่น ส่งรูปหรือสเปกประเมินฟรีทั่วประเทศ",รับซื้อ Acer Predator มือสอง Helios Triton ประเมินฟรีทั่วประเทศ,Answer|BreadcrumbList|ContactPoint|Country|FAQPage|GeoCoordinates|ImageObject|ListItem|LocalBusiness|Offer|OpeningHoursSpecification|Organization|PostalAddress|ProfessionalService|Question|Service|WebPage|WebSite,974,4,63,4,OK
/บริการ/รับซื้อ-airpods,service-hub,dist/client/บริการ/รับซื้อ-airpods/index.html,yes,200,yes,/บริการ/รับซื้อ-airpods,yes,รับซื้อ AirPods มือสองทั่วประเทศ ส่งรูปประเมินฟรี | Amphon.co.th,"รับซื้อ AirPods มือสอง AirPods, AirPods Pro และ AirPods Max ทั่วประเทศ ส่งรูป รุ่น เคสชาร์จ สภาพเสียง ไมค์ และอุปกรณ์เพื",รับซื้อ AirPods มือสอง ประเมินตามรุ่นและสภาพจริงทั่วประเทศ,Answer|BreadcrumbList|ContactPoint|Country|FAQPage|GeoCoordinates|ImageObject|ListItem|LocalBusiness|Offer|OpeningHoursSpecification|Organization|PostalAddress|ProfessionalService|Question|Service|WebPage|WebSite,571,35,83,4,OK
/บริการ/รับซื้อ-apple,service-hub,dist/client/บริการ/รับซื้อ-apple/index.html,yes,200,yes,/บริการ/รับซื้อ-apple,yes,รับซื้อสินค้า Apple มือสองทั่วประเทศ ส่งรูปประเมินฟรี | Amphon.co.th,"รับซื้อสินค้า Apple มือสองหลายกลุ่ม เช่น iPhone, iPad, MacBook, iMac, Apple Watch และ AirPods ทั่วประเทศ ส่งรูป รุ่น สภา",รับซื้อสินค้า Apple มือสอง ส่งรูปประเมินเบื้องต้นทั่วประเทศ,Answer|BreadcrumbList|ContactPoint|Country|FAQPage|GeoCoordinates|ImageObject|ListItem|LocalBusiness|Offer|OpeningHoursSpecification|Organization|PostalAddress|ProfessionalService|Question|Service|WebPage|WebSite,687,1167,92,5,OK
/บริการ/รับซื้อ-apple-pencil,service-hub,dist/client/บริการ/รับซื้อ-apple-pencil/index.html,yes,200,yes,/บริการ/รับซื้อ-apple-pencil,yes,"รับซื้อ Apple Pencil มือสอง Gen 1, Gen 2, USB-C, Pro | Amphon.co.th","ต้องการขาย Apple Pencil? อำพล เทรดดิ้ง รับซื้อปากกาไอแพด Apple Pencil Gen 1, Gen 2, USB-C และรุ่น Pro ส่งรูป รุ่น สภาพ แ",รับซื้อ Apple Pencil มือสอง Gen 1 Gen 2 USB-C และ Pro,Answer|BreadcrumbList|ContactPoint|Country|FAQPage|GeoCoordinates|ImageObject|ListItem|LocalBusiness|Offer|OpeningHoursSpecification|Organization|PostalAddress|ProfessionalService|Question|Service|WebPage|WebSite,370,10,57,5,OK
/บริการ/รับซื้อ-apple-watch,service-hub,dist/client/บริการ/รับซื้อ-apple-watch/index.html,yes,200,yes,/บริการ/รับซื้อ-apple-watch,yes,รับซื้อ Apple Watch มือสองทั่วประเทศ ส่งรูปประเมินฟรี | Amphon.co.th,"รับซื้อ Apple Watch มือสอง Series, SE และ Ultra ทั่วประเทศ ส่งรูป รุ่น ขนาด สภาพหน้าจอ แบตเตอรี่ สายและอุปกรณ์เพื่อประเม",รับซื้อ Apple Watch มือสอง ประเมินตามรุ่นและสภาพจริงทั่วประเทศ,Answer|BreadcrumbList|ContactPoint|Country|FAQPage|GeoCoordinates|ImageObject|ListItem|LocalBusiness|Offer|OpeningHoursSpecification|Organization|PostalAddress|ProfessionalService|Question|Service|WebPage|WebSite,653,26,82,5,OK
/บริการ/รับซื้อ-asus-expertbook,service-hub,dist/client/บริการ/รับซื้อ-asus-expertbook/index.html,yes,200,yes,/บริการ/รับซื้อ-asus-expertbook,yes,รับซื้อ ASUS ExpertBook มือสอง โน๊ตบุ๊คบริษัททั่วประเทศ | Amphon.co.th,รับซื้อ ASUS ExpertBook มือสอง โน๊ตบุ๊คธุรกิจ เครื่องสำนักงาน และเครื่องบริษัททั่วประเทศ ส่งรูป รุ่น และสเปกเพื่อประเมิน,รับซื้อ ASUS ExpertBook มือสอง โน๊ตบุ๊คธุรกิจประเมินฟรีทั่วประเทศ,Answer|BreadcrumbList|ContactPoint|Country|FAQPage|GeoCoordinates|ImageObject|ListItem|LocalBusiness|Offer|OpeningHoursSpecification|Organization|PostalAddress|ProfessionalService|Question|Service|WebPage|WebSite,821,5,75,5,OK
/บริการ/รับซื้อ-asus-tuf-gaming,service-hub,dist/client/บริการ/รับซื้อ-asus-tuf-gaming/index.html,yes,200,yes,/บริการ/รับซื้อ-asus-tuf-gaming,yes,รับซื้อ ASUS TUF Gaming มือสอง หลายรุ่น ประเมินตามสภาพจริง | Amphon.co.th,รับซื้อ ASUS TUF Gaming มือสองหลายรุ่น ส่งรูปหรือสเปกประเมินฟรี รับทั้งเครื่องดีและเครื่องมีตำหนิ ชำระเงินหลังตรวจสอบสิน,รับซื้อ ASUS TUF Gaming มือสอง ประเมินฟรีทั่วประเทศ,Answer|BreadcrumbList|ContactPoint|Country|FAQPage|GeoCoordinates|ImageObject|ListItem|LocalBusiness|Offer|OpeningHoursSpecification|Organization|PostalAddress|ProfessionalService|Question|Service|WebPage|WebSite,950,27,65,4,OK
/บริการ/รับซื้อ-asus-vivobook,service-hub,dist/client/บริการ/รับซื้อ-asus-vivobook/index.html,yes,200,yes,/บริการ/รับซื้อ-asus-vivobook,yes,รับซื้อ ASUS VivoBook มือสองทั่วประเทศ ส่งรูปประเมินฟรี | Amphon.co.th,รับซื้อ ASUS VivoBook มือสอง โน๊ตบุ๊คบางเบา เครื่องเรียน เครื่องทำงาน และเครื่องมีตำหนิทั่วประเทศ ส่งรูป รุ่น และสเปกเพื,รับซื้อ ASUS VivoBook มือสอง โน๊ตบุ๊คบางเบาทั่วประเทศ,Answer|BreadcrumbList|ContactPoint|Country|FAQPage|GeoCoordinates|ImageObject|ListItem|LocalBusiness|Offer|OpeningHoursSpecification|Organization|PostalAddress|ProfessionalService|Question|Service|WebPage|WebSite,790,22,68,5,OK
/บริการ/รับซื้อ-cpu,service-hub,dist/client/บริการ/รับซื้อ-cpu/index.html,yes,200,yes,/บริการ/รับซื้อ-cpu,yes,"รับซื้อ CPU (ซีพียู) มือสอง Intel Core i3, i5, i7, i9 และ AMD Ryzen | Amphon.co.th","รับซื้อ CPU ซีพียูคอมพิวเตอร์มือสอง ประเมินตามสภาพจริง รับซื้อ Intel Gen 12, 13, 14, AMD Ryzen ทุกซ็อกเก็ต ประเมินราคาจา",รับซื้อ CPU Intel AMD มือสอง ประเมินตามรุ่น Gen Socket และสภาพ,Answer|BreadcrumbList|ContactPoint|Country|FAQPage|GeoCoordinates|ImageObject|ListItem|LocalBusiness|Offer|OpeningHoursSpecification|Organization|PostalAddress|ProfessionalService|Question|Service|WebPage|WebSite,365,18,60,5,OK
/บริการ/รับซื้อ-dell-alienware,service-hub,dist/client/บริการ/รับซื้อ-dell-alienware/index.html,yes,200,yes,/บริการ/รับซื้อ-dell-alienware,yes,รับซื้อ Dell Alienware มือสอง หลายรุ่น ประเมินตามสภาพจริง | Amphon.co.th,"รับซื้อ Dell Alienware มือสองหลายรุ่น m15, m16, m18, x15, x16, Area-51m ส่งรูปหรือสเปกประเมินฟรีทั่วประเทศ",รับซื้อ Dell Alienware มือสอง m15 m16 x15 Area-51m ประเมินฟรีทั่วประเทศ,Answer|BreadcrumbList|ContactPoint|Country|FAQPage|GeoCoordinates|ImageObject|ListItem|LocalBusiness|Offer|OpeningHoursSpecification|Organization|PostalAddress|ProfessionalService|Question|Service|WebPage|WebSite,1019,15,63,4,OK
/บริการ/รับซื้อ-dell-g-series,service-hub,dist/client/บริการ/รับซื้อ-dell-g-series/index.html,yes,200,yes,/บริการ/รับซื้อ-dell-g-series,yes,รับซื้อ Dell G Series มือสอง G15 G16 หลายรุ่น | Amphon.co.th,"รับซื้อ Dell G Series มือสอง G15, G16 และหลายรุ่น ส่งรูปหรือสเปกประเมินฟรีทั่วประเทศ ชำระเงินหลังตรวจสอบสินค้าและตกลงราค",รับซื้อ Dell G Series มือสอง G15 G16 ประเมินฟรีทั่วประเทศ,Answer|BreadcrumbList|ContactPoint|Country|FAQPage|GeoCoordinates|ImageObject|ListItem|LocalBusiness|Offer|OpeningHoursSpecification|Organization|PostalAddress|ProfessionalService|Question|Service|WebPage|WebSite,1006,4,63,4,OK
/บริการ/รับซื้อ-dell-inspiron,service-hub,dist/client/บริการ/รับซื้อ-dell-inspiron/index.html,yes,200,yes,/บริการ/รับซื้อ-dell-inspiron,yes,รับซื้อ Dell Inspiron มือสองทั่วประเทศ ส่งรูปประเมินฟรี | Amphon.co.th,รับซื้อ Dell Inspiron มือสอง โน๊ตบุ๊คใช้งานทั่วไป เครื่องเรียน เครื่องทำงาน และเครื่องมีตำหนิทั่วประเทศ ส่งรูป รุ่น และส,รับซื้อ Dell Inspiron มือสอง ประเมินตามสภาพจริงทั่วประเทศ,Answer|BreadcrumbList|ContactPoint|Country|FAQPage|GeoCoordinates|ImageObject|ListItem|LocalBusiness|Offer|OpeningHoursSpecification|Organization|PostalAddress|ProfessionalService|Question|Service|WebPage|WebSite,812,3,68,5,OK
/บริการ/รับซื้อ-dell-latitude,service-hub,dist/client/บริการ/รับซื้อ-dell-latitude/index.html,yes,200,yes,/บริการ/รับซื้อ-dell-latitude,yes,รับซื้อ Dell Latitude มือสอง โน๊ตบุ๊คบริษัททั่วประเทศ | Amphon.co.th,รับซื้อ Dell Latitude มือสอง โน๊ตบุ๊คบริษัท เครื่องพนักงานเก่า และโน๊ตบุ๊คองค์กรทั่วประเทศ ส่งรูป รุ่น และสเปกเพื่อประเม,รับซื้อ Dell Latitude มือสอง โน๊ตบุ๊คองค์กรประเมินฟรีทั่วประเทศ,Answer|BreadcrumbList|ContactPoint|Country|FAQPage|GeoCoordinates|ImageObject|ListItem|LocalBusiness|Offer|OpeningHoursSpecification|Organization|PostalAddress|ProfessionalService|Question|Service|WebPage|WebSite,895,23,75,5,OK
/บริการ/รับซื้อ-desktop-pc,service-hub,dist/client/บริการ/รับซื้อ-desktop-pc/index.html,yes,200,yes,/บริการ/รับซื้อ-desktop-pc,yes,รับซื้อ Desktop PC มือสองทั่วประเทศ ส่งรูปประเมินฟรี | Amphon.co.th,รับซื้อ Desktop PC มือสอง PC ตั้งโต๊ะ เครื่องแบรนด์ เครื่องประกอบ และเครื่องสำนักงานทั่วประเทศ ส่งรูป สเปก และอาการเพื่อ,รับซื้อ Desktop PC มือสอง ประเมินเบื้องต้นทั่วประเทศ,Answer|BreadcrumbList|ContactPoint|Country|FAQPage|GeoCoordinates|ImageObject|ListItem|LocalBusiness|Offer|OpeningHoursSpecification|Organization|PostalAddress|ProfessionalService|Question|Service|WebPage|WebSite,818,9,64,4,OK
/บริการ/รับซื้อ-gaming-pc,service-hub,dist/client/บริการ/รับซื้อ-gaming-pc/index.html,yes,200,yes,/บริการ/รับซื้อ-gaming-pc,yes,รับซื้อ Gaming PC มือสองทั่วประเทศ ส่งสเปกประเมินฟรี | Amphon.co.th,รับซื้อ Gaming PC มือสอง คอมเล่นเกม คอมประกอบเล่นเกม และเครื่องสเปกสูงทั่วประเทศ ส่งรูป สเปก CPU การ์ดจอ RAM SSD เพื่อปร,รับซื้อ Gaming PC มือสอง ประเมินตามสเปกจริงทั่วประเทศ,Answer|BreadcrumbList|ContactPoint|Country|FAQPage|GeoCoordinates|ImageObject|ListItem|LocalBusiness|Offer|OpeningHoursSpecification|Organization|PostalAddress|ProfessionalService|Question|Service|WebPage|WebSite,705,1167,66,4,OK
/บริการ/รับซื้อ-gigabyte-aorus,service-hub,dist/client/บริการ/รับซื้อ-gigabyte-aorus/index.html,yes,200,yes,/บริการ/รับซื้อ-gigabyte-aorus,yes,รับซื้อ Gigabyte AORUS มือสอง เกมมิ่งพรีเมียมทั่วประเทศ | Amphon.co.th,รับซื้อ Gigabyte AORUS มือสอง เกมมิ่งโน๊ตบุ๊คพรีเมียม เครื่องสเปกแรง และเครื่องมีตำหนิทั่วประเทศ ส่งรูป รุ่น การ์ดจอ และ,รับซื้อ Gigabyte AORUS มือสอง เกมมิ่งโน๊ตบุ๊คพรีเมียมประเมินฟรีทั่วประเทศ,Answer|BreadcrumbList|ContactPoint|Country|FAQPage|GeoCoordinates|ImageObject|ListItem|LocalBusiness|Offer|OpeningHoursSpecification|Organization|PostalAddress|ProfessionalService|Question|Service|WebPage|WebSite,667,27,64,4,OK
/บริการ/รับซื้อ-gigabyte-g5-g6-g7,service-hub,dist/client/บริการ/รับซื้อ-gigabyte-g5-g6-g7/index.html,yes,200,yes,/บริการ/รับซื้อ-gigabyte-g5-g6-g7,yes,รับซื้อ Gigabyte G5 G6 G7 มือสองทั่วประเทศ | Amphon.co.th,"รับซื้อ Gigabyte G5, G6, G7 มือสอง เกมมิ่งโน๊ตบุ๊คตลาดกลาง เครื่องเล่นเกม เครื่องเรียน และเครื่องมีตำหนิทั่วประเทศ ส่งรู",รับซื้อ Gigabyte G5 / G6 / G7 มือสอง เกมมิ่งโน๊ตบุ๊คประเมินฟรีทั่วประเทศ,Answer|BreadcrumbList|ContactPoint|Country|FAQPage|GeoCoordinates|ImageObject|ListItem|LocalBusiness|Offer|OpeningHoursSpecification|Organization|PostalAddress|ProfessionalService|Question|Service|WebPage|WebSite,709,5,64,4,OK
/บริการ/รับซื้อ-gigabyte-gaming-notebook,service-hub,dist/client/บริการ/รับซื้อ-gigabyte-gaming-notebook/index.html,yes,200,yes,/บริการ/รับซื้อ-gigabyte-gaming-notebook,yes,รับซื้อ Gigabyte Gaming Notebook มือสองทั่วประเทศ | Amphon.co.th,"รับซื้อ Gigabyte Gaming Notebook มือสอง ทั้ง Gigabyte G Series, AORUS และเกมมิ่งโน๊ตบุ๊ค Gigabyte ทั่วประเทศ ส่งรูป รุ่น",รับซื้อ Gigabyte Gaming Notebook มือสอง ประเมินฟรีทั่วประเทศ,Answer|BreadcrumbList|ContactPoint|Country|FAQPage|GeoCoordinates|ImageObject|ListItem|LocalBusiness|Offer|OpeningHoursSpecification|Organization|PostalAddress|ProfessionalService|Question|Service|WebPage|WebSite,754,31,72,4,OK
/บริการ/รับซื้อ-gopro-action-camera,service-hub,dist/client/บริการ/รับซื้อ-gopro-action-camera/index.html,yes,200,yes,/บริการ/รับซื้อ-gopro-action-camera,yes,รับซื้อ GoPro Action Camera DJI Osmo มือสอง | Amphon.co.th,"รับซื้อกล้อง GoPro มือสอง, DJI Osmo Action, Insta360 และ Action Camera ทุกแบรนด์ ประเมินราคาฟรี ชำระเงินหลังตรวจสอบสินค้",รับซื้อ GoPro Action Camera DJI Osmo มือสอง ประเมินฟรี,Answer|BreadcrumbList|ContactPoint|Country|FAQPage|GeoCoordinates|ImageObject|ListItem|LocalBusiness|Offer|OpeningHoursSpecification|Organization|PostalAddress|ProfessionalService|Question|Service|WebPage|WebSite,380,11,62,7,OK
/บริการ/รับซื้อ-hp-elitebook,service-hub,dist/client/บริการ/รับซื้อ-hp-elitebook/index.html,yes,200,yes,/บริการ/รับซื้อ-hp-elitebook,yes,รับซื้อ HP EliteBook มือสอง โน๊ตบุ๊คธุรกิจทั่วประเทศ | Amphon.co.th,รับซื้อ HP EliteBook มือสอง โน๊ตบุ๊คธุรกิจ เครื่องบริษัท และเครื่องพนักงานเก่าทั่วประเทศ ส่งรูป รุ่น และสเปกเพื่อประเมิน,รับซื้อ HP EliteBook มือสอง โน๊ตบุ๊คบริษัทประเมินฟรีทั่วประเทศ,Answer|BreadcrumbList|ContactPoint|Country|FAQPage|GeoCoordinates|ImageObject|ListItem|LocalBusiness|Offer|OpeningHoursSpecification|Organization|PostalAddress|ProfessionalService|Question|Service|WebPage|WebSite,830,23,75,5,OK
/บริการ/รับซื้อ-hp-omen,service-hub,dist/client/บริการ/รับซื้อ-hp-omen/index.html,yes,200,yes,/บริการ/รับซื้อ-hp-omen,yes,รับซื้อ HP OMEN มือสอง หลายรุ่น ประเมินตามสภาพจริง | Amphon.co.th,"รับซื้อ HP OMEN มือสองหลายรุ่น OMEN 15, 16, 17 ส่งรูปหรือสเปกประเมินฟรีทั่วประเทศ ชำระเงินหลังตรวจสอบสินค้าและตกลงราคาเร",รับซื้อ HP OMEN มือสอง 15 16 17 ประเมินฟรีทั่วประเทศ,Answer|BreadcrumbList|ContactPoint|Country|FAQPage|GeoCoordinates|ImageObject|ListItem|LocalBusiness|Offer|OpeningHoursSpecification|Organization|PostalAddress|ProfessionalService|Question|Service|WebPage|WebSite,992,4,63,4,OK
/บริการ/รับซื้อ-hp-pavilion,service-hub,dist/client/บริการ/รับซื้อ-hp-pavilion/index.html,yes,200,yes,/บริการ/รับซื้อ-hp-pavilion,yes,รับซื้อ HP Pavilion มือสองทั่วประเทศ ส่งรูปประเมินฟรี | Amphon.co.th,รับซื้อ HP Pavilion มือสอง โน๊ตบุ๊คใช้งานทั่วไป เครื่องเรียน เครื่องทำงาน และเครื่องมีตำหนิทั่วประเทศ ส่งรูปและสเปกเพื่อ,รับซื้อ HP Pavilion มือสอง โน๊ตบุ๊คใช้งานทั่วไปทั่วประเทศ,Answer|BreadcrumbList|ContactPoint|Country|FAQPage|GeoCoordinates|ImageObject|ListItem|LocalBusiness|Offer|OpeningHoursSpecification|Organization|PostalAddress|ProfessionalService|Question|Service|WebPage|WebSite,795,3,68,5,OK
/บริการ/รับซื้อ-hp-victus,service-hub,dist/client/บริการ/รับซื้อ-hp-victus/index.html,yes,200,yes,/บริการ/รับซื้อ-hp-victus,yes,รับซื้อ HP Victus มือสอง หลายรุ่น ประเมินตามสภาพจริง | Amphon.co.th,รับซื้อ HP Victus มือสองหลายรุ่น ส่งรูปหรือสเปกประเมินฟรี รับทั้งเครื่องดีและเครื่องมีตำหนิทั่วประเทศ,รับซื้อ HP Victus มือสอง Gaming Notebook ประเมินฟรีทั่วประเทศ,Answer|BreadcrumbList|ContactPoint|Country|FAQPage|GeoCoordinates|ImageObject|ListItem|LocalBusiness|Offer|OpeningHoursSpecification|Organization|PostalAddress|ProfessionalService|Question|Service|WebPage|WebSite,931,27,63,4,OK
/บริการ/รับซื้อ-imac,service-hub,dist/client/บริการ/รับซื้อ-imac/index.html,yes,200,yes,/บริการ/รับซื้อ-imac,yes,รับซื้อ iMac มือสองทั่วประเทศ ส่งรูปประเมินฟรี | Amphon.co.th,รับซื้อ iMac มือสอง เครื่องตั้งโต๊ะ Apple ทั้ง Intel และ Apple Silicon ทั่วประเทศ ส่งรูป รุ่น ปี สเปก และสภาพเครื่องเพื่,รับซื้อ iMac มือสอง เครื่องตั้งโต๊ะ Apple ประเมินตามสภาพจริงทั่วประเทศ,Answer|BreadcrumbList|ContactPoint|Country|FAQPage|GeoCoordinates|ImageObject|ListItem|LocalBusiness|Offer|OpeningHoursSpecification|Organization|PostalAddress|ProfessionalService|Question|Service|WebPage|WebSite,692,38,83,5,OK
/บริการ/รับซื้อ-imac-mac-mini,service-hub,dist/client/บริการ/รับซื้อ-imac-mac-mini/index.html,yes,200,yes,/บริการ/รับซื้อ-imac-mac-mini,yes,รับซื้อ iMac และ Mac mini มือสอง ทุกชิป ประเมินฟรี | Amphon.co.th,"รับซื้อ iMac 24 นิ้ว ชิป M1, M3, M4 และ Mac mini มือสอง หลายรุ่น ตีราคาตามสภาพจริง รับซื้อถึงที่ ไม่ต้องยกเครื่องมาเอง ม",รับซื้อ iMac Mac mini มือสอง เครื่องตั้งโต๊ะ Apple ประเมินฟรี,Answer|BreadcrumbList|ContactPoint|Country|FAQPage|GeoCoordinates|ImageObject|ListItem|LocalBusiness|Offer|OpeningHoursSpecification|Organization|PostalAddress|ProfessionalService|Question|Service|WebPage|WebSite,386,15,60,5,OK
/บริการ/รับซื้อ-ipad,service-hub,dist/client/บริการ/รับซื้อ-ipad/index.html,yes,200,yes,/บริการ/รับซื้อ-ipad,yes,รับซื้อ iPad มือสอง Pro / Air / mini ส่งรูปเช็กราคาได้ | Amphon.co.th,"รับซื้อ iPad มือสองทั้ง iPad Pro, iPad Air, iPad Gen และ iPad mini ส่งรูป รุ่น ความจุ อุปกรณ์ สภาพเครื่อง และอาการเพื่อป",รับซื้อ iPad มือสอง ส่งรูปเช็กราคาได้ทั่วประเทศ,Answer|BreadcrumbList|ContactPoint|Country|FAQPage|GeoCoordinates|ImageObject|ListItem|LocalBusiness|Offer|OfferCatalog|OpeningHoursSpecification|Organization|PostalAddress|ProfessionalService|Question|Service|WebPage|WebSite,935,70,99,4,OK
/บริการ/รับซื้อ-ipad-air,service-hub,dist/client/บริการ/รับซื้อ-ipad-air/index.html,yes,200,yes,/บริการ/รับซื้อ-ipad-air,yes,รับซื้อ iPad Air มือสอง ประเมินตามสภาพจริง M1 M2 M3 ทุกความจุ | Amphon.co.th,"รับซื้อ iPad Air 4, Air 5 (M1), Air M2 และ Air M3 สภาพสวย ประเมินราคาฟรีผ่าน LINE นัดรับง่าย ส่งรูปหรือข้อมูลสินค้าเพื่อ",รับซื้อ iPad Air มือสอง M1 M2 M3 ประเมินตามสภาพจริง,Answer|BreadcrumbList|ContactPoint|Country|FAQPage|GeoCoordinates|ImageObject|ListItem|LocalBusiness|Offer|OpeningHoursSpecification|Organization|PostalAddress|ProfessionalService|Question|Service|WebPage|WebSite,366,10,56,5,OK
/บริการ/รับซื้อ-ipad-gen,service-hub,dist/client/บริการ/รับซื้อ-ipad-gen/index.html,yes,200,yes,/บริการ/รับซื้อ-ipad-gen,yes,"รับซื้อ iPad Gen มือสอง รุ่นมาตรฐาน 8, 9, 10 ประเมินฟรี | Amphon.co.th","รับซื้อ iPad Gen 8, Gen 9, Gen 10 (รุ่นธรรมดา) ทุกความจุ 64GB 256GB ประเมินราคาไว ชำระเงินหลังตรวจสอบสินค้าและตกลงราคาเร",รับซื้อ iPad Gen มือสอง Gen 8 Gen 9 Gen 10 ประเมินฟรี,Answer|BreadcrumbList|ContactPoint|Country|FAQPage|GeoCoordinates|ImageObject|ListItem|LocalBusiness|Offer|OpeningHoursSpecification|Organization|PostalAddress|ProfessionalService|Question|Service|WebPage|WebSite,332,10,56,5,OK
/บริการ/รับซื้อ-ipad-mini,service-hub,dist/client/บริการ/รับซื้อ-ipad-mini/index.html,yes,200,yes,/บริการ/รับซื้อ-ipad-mini,yes,รับซื้อ iPad mini มือสอง รุ่นพกพา ประเมินฟรี | Amphon.co.th,ร้านรับซื้อ iPad mini มือสอง รวม mini 6 และ mini A17 Pro ประเมินราคาผ่านแชทได้ ราคาสุดท้ายยืนยันหลังตรวจสินค้า,รับซื้อ iPad mini มือสอง รุ่นพกพา ประเมินตามสภาพจริง ชำระเงินหลังตรวจสอบสินค้าและตกลงราคาเรียบร้อยแล้ว,Answer|BreadcrumbList|ContactPoint|Country|FAQPage|GeoCoordinates|ImageObject|ListItem|LocalBusiness|Offer|OpeningHoursSpecification|Organization|PostalAddress|ProfessionalService|Question|Service|WebPage|WebSite,350,10,57,5,OK
/บริการ/รับซื้อ-ipad-pro,service-hub,dist/client/บริการ/รับซื้อ-ipad-pro/index.html,yes,200,yes,/บริการ/รับซื้อ-ipad-pro,yes,รับซื้อ iPad Pro มือสอง ประเมินตามรุ่น ความจุ และสภาพจริง | Amphon.co.th,รับซื้อ iPad Pro มือสอง ส่งรูป รุ่น ชิป ขนาดหน้าจอ ความจุ สภาพเครื่อง แบตเตอรี่ และอุปกรณ์ เช่น Apple Pencil หรือ Magic ,รับซื้อ iPad Pro มือสอง ส่งรูปประเมินราคาเบื้องต้นได้,Answer|BreadcrumbList|ContactPoint|Country|FAQPage|GeoCoordinates|ImageObject|ListItem|LocalBusiness|Offer|OpeningHoursSpecification|Organization|PostalAddress|ProfessionalService|Question|Service|WebPage|WebSite,416,10,65,5,OK
/บริการ/รับซื้อ-ipad-จอแตก,service-hub,dist/client/บริการ/รับซื้อ-ipad-จอแตก/index.html,yes,200,yes,/บริการ/รับซื้อ-ipad-จอแตก,yes,รับซื้อ iPad จอแตก จอเป็นเส้น ทัชไม่ติด ให้ราคาแฟร์ | Amphon.co.th,รับซื้อ iPad จอแตก กระจกร้าว จอเป็นเส้น จอดำ ทัชสกรีนไม่ได้ ประเมินราคาตามค่าใช้จ่ายเปลี่ยนหน้าจอ รับซื้อหลายรุ่น Pro Ai,รับซื้อ iPad จอแตก จอเป็นเส้น ทัชไม่ติด ประเมินตามสภาพ,Answer|BreadcrumbList|ContactPoint|Country|FAQPage|GeoCoordinates|ImageObject|ListItem|LocalBusiness|Offer|OpeningHoursSpecification|Organization|PostalAddress|ProfessionalService|Question|Service|WebPage|WebSite,335,10,56,5,OK
/บริการ/รับซื้อ-ipad-เสีย,service-hub,dist/client/บริการ/รับซื้อ-ipad-เสีย/index.html,yes,200,yes,/บริการ/รับซื้อ-ipad-เสีย,yes,รับซื้อ iPad เสีย เปิดไม่ติด แบตเสื่อม ประเมินราคาซาก | Amphon.co.th,มี iPad เสีย เปิดไม่ติด ชาร์จไม่เข้า แบตเตอรี่เสื่อม หรือบอร์ดพัง อย่าเพิ่งทิ้ง! เรารับซื้อซาก iPad มือสองเพื่อนำไปเป็นอ,รับซื้อ iPad เสีย เปิดไม่ติด แบตเสื่อม ประเมินตามอะไหล่,Answer|BreadcrumbList|ContactPoint|Country|FAQPage|GeoCoordinates|ImageObject|ListItem|LocalBusiness|Offer|OpeningHoursSpecification|Organization|PostalAddress|ProfessionalService|Question|Service|WebPage|WebSite,350,10,56,5,OK
/บริการ/รับซื้อ-iphone,service-hub,dist/client/บริการ/รับซื้อ-iphone/index.html,yes,200,yes,/บริการ/รับซื้อ-iphone,yes,รับซื้อ iPhone มือสอง ส่งรูปเช็กราคาได้ทั่วประเทศ | Amphon.co.th,รับซื้อ iPhone มือสองหลายรุ่นทั่วประเทศ ส่งรูป รุ่น ความจุ Battery Health สภาพเครื่อง และอุปกรณ์เพื่อประเมินเบื้องต้นได้,รับซื้อ iPhone มือสอง ส่งรูปเช็กราคาได้ทั่วประเทศ,Answer|BreadcrumbList|ContactPoint|Country|FAQPage|GeoCoordinates|ImageObject|ListItem|LocalBusiness|Offer|OfferCatalog|OpeningHoursSpecification|Organization|PostalAddress|ProfessionalService|Question|Service|WebPage|WebSite,867,1167,100,4,OK
/บริการ/รับซื้อ-iphone-13,service-hub,dist/client/บริการ/รับซื้อ-iphone-13/index.html,yes,200,yes,/บริการ/รับซื้อ-iphone-13,yes,รับซื้อ iPhone 13 มือสอง รวม 13 Pro และ 13 Pro Max ประเมินตามสภาพจริง | Amphon.co.th,"รับซื้อ iPhone 13 มือสอง หลายรุ่น 13 mini, 13 Pro, 13 Pro Max ประเมินตามสภาพจริง ประเมินตามความจุและสภาพจริง ชำระเงินหลั",รับซื้อ iPhone 13 มือสอง 13 Pro 13 Pro Max ประเมินตามสภาพ,Answer|BreadcrumbList|ContactPoint|Country|FAQPage|GeoCoordinates|ImageObject|ListItem|LocalBusiness|Offer|OpeningHoursSpecification|Organization|PostalAddress|ProfessionalService|Question|Service|WebPage|WebSite,360,11,61,5,OK
/บริการ/รับซื้อ-iphone-14,service-hub,dist/client/บริการ/รับซื้อ-iphone-14/index.html,yes,200,yes,/บริการ/รับซื้อ-iphone-14,yes,รับซื้อ iPhone 14 มือสอง รวม 14 Pro และ 14 Pro Max | Amphon.co.th,"รับซื้อ iPhone 14 มือสอง หลายรุ่น 14 Plus, 14 Pro, 14 Pro Max ประเมินราคาฟรี ตีราคาตามสภาพจริง รับซื้อทั่วภาคอีสานและนัด",รับซื้อ iPhone 14 มือสอง 14 Pro 14 Pro Max ประเมินตามสภาพจริง,Answer|BreadcrumbList|ContactPoint|Country|FAQPage|GeoCoordinates|ImageObject|ListItem|LocalBusiness|Offer|OpeningHoursSpecification|Organization|PostalAddress|ProfessionalService|Question|Service|WebPage|WebSite,398,11,63,5,OK
/บริการ/รับซื้อ-iphone-15,service-hub,dist/client/บริการ/รับซื้อ-iphone-15/index.html,yes,200,yes,/บริการ/รับซื้อ-iphone-15,yes,รับซื้อ iPhone 15 มือสอง ประเมินตามรุ่นและสภาพจริง | Amphon.co.th,รับซื้อ iPhone 15 มือสอง ส่งรูป รุ่น ความจุ สุขภาพแบต สภาพเครื่อง และอุปกรณ์ เพื่อประเมินราคาเบื้องต้นได้,รับซื้อ iPhone 15 มือสอง ส่งรูปประเมินราคาเบื้องต้น,Answer|BreadcrumbList|ContactPoint|Country|FAQPage|GeoCoordinates|ImageObject|ListItem|LocalBusiness|Offer|OpeningHoursSpecification|Organization|PostalAddress|ProfessionalService|Question|Service|WebPage|WebSite,395,12,68,5,OK
/บริการ/รับซื้อ-iphone-16,service-hub,dist/client/บริการ/รับซื้อ-iphone-16/index.html,yes,200,yes,/บริการ/รับซื้อ-iphone-16,yes,รับซื้อ iPhone 16 มือสอง ประเมินตามรุ่นและสภาพจริง | Amphon.co.th,รับซื้อ iPhone 16 มือสองหลายรุ่น ส่งรูป รุ่น ความจุ สุขภาพแบต สภาพเครื่อง และอุปกรณ์ เพื่อประเมินราคาเบื้องต้นได้ทั่วประ,รับซื้อ iPhone 16 มือสอง ส่งรูปประเมินราคาเบื้องต้น,Answer|BreadcrumbList|ContactPoint|Country|FAQPage|GeoCoordinates|ImageObject|ListItem|LocalBusiness|Offer|OpeningHoursSpecification|Organization|PostalAddress|ProfessionalService|Question|Service|WebPage|WebSite,419,11,66,5,OK
/บริการ/รับซื้อ-iphone-17,service-hub,dist/client/บริการ/รับซื้อ-iphone-17/index.html,yes,200,yes,/บริการ/รับซื้อ-iphone-17,yes,รับซื้อ iPhone 17 มือสอง ประเมินตามสภาพจริง | Amphon.co.th,รับซื้อ iPhone 17 มือสองหลายรุ่น ส่งรูป รุ่น ความจุ สุขภาพแบต สภาพเครื่อง และอุปกรณ์ เพื่อประเมินราคาเบื้องต้นได้ทั่วประ,รับซื้อ iPhone 17 มือสอง ประเมินตามรุ่น ความจุ และสภาพจริง,Answer|BreadcrumbList|ContactPoint|Country|FAQPage|GeoCoordinates|ImageObject|ListItem|LocalBusiness|Offer|OpeningHoursSpecification|Organization|PostalAddress|ProfessionalService|Question|Service|WebPage|WebSite,413,11,69,5,OK
/บริการ/รับซื้อ-iphone-face-id-เสีย,service-hub,dist/client/บริการ/รับซื้อ-iphone-face-id-เสีย/index.html,yes,200,yes,/บริการ/รับซื้อ-iphone-face-id-เสีย,yes,รับซื้อ iPhone Face ID เสีย สแกนหน้าไม่ได้ มือสอง | Amphon.co.th,รับซื้อ iPhone Face ID เสีย สแกนหน้าไม่ได้ กล้องหน้ามีปัญหา True Tone หาย หลายรุ่น ประเมินราคาตามสภาพและค่าซ่อม รับซื้อห,รับซื้อ iPhone Face ID เสีย ประเมินราคาตามอาการจริง,Answer|BreadcrumbList|ContactPoint|Country|FAQPage|GeoCoordinates|ImageObject|ListItem|LocalBusiness|Offer|OpeningHoursSpecification|Organization|PostalAddress|ProfessionalService|Question|Service|WebPage|WebSite,370,11,62,5,OK
/บริการ/รับซื้อ-iphone-pro-max,service-hub,dist/client/บริการ/รับซื้อ-iphone-pro-max/index.html,yes,200,yes,/บริการ/รับซื้อ-iphone-pro-max,yes,รับซื้อ iPhone Pro Max มือสอง ประเมินตามรุ่น ความจุ และสภาพจริง | Amphon.co.th,รับซื้อ iPhone Pro Max มือสองหลายรุ่น ส่งรูป รุ่น ความจุ สุขภาพแบต สภาพเครื่อง และอุปกรณ์ เพื่อประเมินราคาเบื้องต้นได้,รับซื้อ iPhone Pro Max มือสองหลายรุ่น ส่งรูปประเมินเบื้องต้น,Answer|BreadcrumbList|ContactPoint|Country|FAQPage|GeoCoordinates|ImageObject|ListItem|LocalBusiness|Offer|OpeningHoursSpecification|Organization|PostalAddress|ProfessionalService|Question|Service|WebPage|WebSite,422,11,71,5,OK
/บริการ/รับซื้อ-iphone-จอแตก,service-hub,dist/client/บริการ/รับซื้อ-iphone-จอแตก/index.html,yes,200,yes,/บริการ/รับซื้อ-iphone-จอแตก,yes,รับซื้อ iPhone จอแตก จอเป็นเส้น ทัชไม่ติด มือสอง | Amphon.co.th,รับซื้อ iPhone จอแตก จอดำ จอเป็นเส้นสีเขียว ทัชสกรีนไม่ได้ มือสองหลายรุ่น ตีราคาตามสภาพและค่าซ่อม รับซื้อหน้าร้านอุบลราช,รับซื้อ iPhone จอแตก จอเป็นเส้น ทัชไม่ติด ประเมินตามสภาพ,Answer|BreadcrumbList|ContactPoint|Country|FAQPage|GeoCoordinates|ImageObject|ListItem|LocalBusiness|Offer|OpeningHoursSpecification|Organization|PostalAddress|ProfessionalService|Question|Service|WebPage|WebSite,371,11,61,5,OK
/บริการ/รับซื้อ-iphone-ติด-icloud,service-hub,dist/client/บริการ/รับซื้อ-iphone-ติด-icloud/index.html,yes,200,yes,/บริการ/รับซื้อ-iphone-ติด-icloud,yes,ประเมิน iPhone หลังปลด iCloud และ Activation Lock แล้ว | Amphon.co.th,เงื่อนไขประเมิน iPhone ที่เคยติด iCloud หลังเจ้าของเดิมลงชื่อออกจากบัญชี Apple ปิด Find My และนำ Activation Lock ออกเรีย,ประเมิน iPhone หลังเจ้าของเดิมปลดบัญชี Apple เรียบร้อย,Answer|BreadcrumbList|ContactPoint|Country|FAQPage|GeoCoordinates|ImageObject|ListItem|LocalBusiness|Offer|OpeningHoursSpecification|Organization|PostalAddress|ProfessionalService|Question|Service|WebPage|WebSite,417,11,61,5,OK
/บริการ/รับซื้อ-iphone-เครื่องนอก,service-hub,dist/client/บริการ/รับซื้อ-iphone-เครื่องนอก/index.html,yes,200,yes,/บริการ/รับซื้อ-iphone-เครื่องนอก,yes,รับซื้อ iPhone เครื่องนอก เครื่องศูนย์ต่างประเทศ | Amphon.co.th,"รับซื้อ iPhone เครื่องนอก โมเดลต่างประเทศ (LL, ZA, ZP, J) ประเมินราคาตามสถานะ SIM Lock และประกัน รับซื้อไอโฟนราคายุติธรร",รับซื้อ iPhone เครื่องนอก เครื่องศูนย์นอก ประเมินตามรุ่นและสถานะเครือข่าย,Answer|BreadcrumbList|ContactPoint|Country|FAQPage|GeoCoordinates|ImageObject|ListItem|LocalBusiness|Offer|OpeningHoursSpecification|Organization|PostalAddress|ProfessionalService|Question|Service|WebPage|WebSite,422,11,63,5,OK
/บริการ/รับซื้อ-jbl,service-hub,dist/client/บริการ/รับซื้อ-jbl/index.html,yes,200,yes,/บริการ/รับซื้อ-jbl,yes,รับซื้อลำโพง JBL บลูทูธพกพา ประเมินฟรี | Amphon.co.th,"รับซื้อลำโพง JBL มือสอง ลำโพงบลูทูธพกพา PartyBox, Charge, Flip, Boombox ประเมินตามสภาพจริง ตีราคาแฟร์ ชำระเงินหลังตรวจสอ",รับซื้อลำโพง JBL บลูทูธพกพา ประเมินฟรี,Answer|BreadcrumbList|ContactPoint|Country|FAQPage|GeoCoordinates|ImageObject|ListItem|LocalBusiness|Offer|OpeningHoursSpecification|Organization|PostalAddress|ProfessionalService|Question|Service|WebPage|WebSite,748,32,83,6,OK
/บริการ/รับซื้อ-lenovo-ideapad,service-hub,dist/client/บริการ/รับซื้อ-lenovo-ideapad/index.html,yes,200,yes,/บริการ/รับซื้อ-lenovo-ideapad,yes,รับซื้อ Lenovo IdeaPad มือสองทั่วประเทศ ส่งรูปประเมินฟรี | Amphon.co.th,รับซื้อ Lenovo IdeaPad มือสอง โน๊ตบุ๊คใช้งานทั่วไป เครื่องเรียน เครื่องทำงาน และเครื่องมีตำหนิทั่วประเทศ ส่งรูป รุ่น และ,รับซื้อ Lenovo IdeaPad มือสอง ประเมินเบื้องต้นทั่วประเทศ,Answer|BreadcrumbList|ContactPoint|Country|FAQPage|GeoCoordinates|ImageObject|ListItem|LocalBusiness|Offer|OpeningHoursSpecification|Organization|PostalAddress|ProfessionalService|Question|Service|WebPage|WebSite,793,3,68,5,OK
/บริการ/รับซื้อ-lenovo-legion,service-hub,dist/client/บริการ/รับซื้อ-lenovo-legion/index.html,yes,200,yes,/บริการ/รับซื้อ-lenovo-legion,yes,รับซื้อ Lenovo Legion มือสอง เกมมิ่งโน๊ตบุ๊คทั่วประเทศ | Amphon.co.th,รับซื้อ Lenovo Legion มือสอง เกมมิ่งโน๊ตบุ๊ค เครื่องทำงานสเปกแรง และเครื่องมีตำหนิทั่วประเทศ ส่งรูป รุ่น การ์ดจอ และสเปก,รับซื้อ Lenovo Legion มือสอง เกมมิ่งโน๊ตบุ๊คประเมินฟรีทั่วประเทศ,Answer|BreadcrumbList|ContactPoint|Country|FAQPage|GeoCoordinates|ImageObject|ListItem|LocalBusiness|Offer|OpeningHoursSpecification|Organization|PostalAddress|ProfessionalService|Question|Service|WebPage|WebSite,906,48,69,4,OK
/บริการ/รับซื้อ-lenovo-loq,service-hub,dist/client/บริการ/รับซื้อ-lenovo-loq/index.html,yes,200,yes,/บริการ/รับซื้อ-lenovo-loq,yes,รับซื้อ Lenovo LOQ มือสอง หลายรุ่น ประเมินตามสภาพจริง | Amphon.co.th,"รับซื้อ Lenovo LOQ มือสองหลายรุ่น LOQ 15, LOQ 16 ส่งรูปหรือสเปกประเมินฟรีทั่วประเทศ ชำระเงินหลังตรวจสอบสินค้าและตกลงราคา",รับซื้อ Lenovo LOQ มือสอง Gaming Notebook ประเมินฟรีทั่วประเทศ,Answer|BreadcrumbList|ContactPoint|Country|FAQPage|GeoCoordinates|ImageObject|ListItem|LocalBusiness|Offer|OpeningHoursSpecification|Organization|PostalAddress|ProfessionalService|Question|Service|WebPage|WebSite,973,27,63,4,OK
/บริการ/รับซื้อ-lenovo-thinkpad,service-hub,dist/client/บริการ/รับซื้อ-lenovo-thinkpad/index.html,yes,200,yes,/บริการ/รับซื้อ-lenovo-thinkpad,yes,รับซื้อ Lenovo ThinkPad มือสอง โน๊ตบุ๊คองค์กรทั่วประเทศ | Amphon.co.th,"รับซื้อ Lenovo ThinkPad มือสอง โน๊ตบุ๊คองค์กร X Series, T Series, E Series, P Series และเครื่องบริษัททั่วประเทศ ส่งรูปแล",รับซื้อ Lenovo ThinkPad มือสอง X T E P Series ทั่วประเทศ,Answer|BreadcrumbList|ContactPoint|Country|FAQPage|GeoCoordinates|ImageObject|ListItem|LocalBusiness|Offer|OpeningHoursSpecification|Organization|PostalAddress|ProfessionalService|Question|Service|WebPage|WebSite,907,23,75,5,OK
/บริการ/รับซื้อ-mac-mini,service-hub,dist/client/บริการ/รับซื้อ-mac-mini/index.html,yes,200,yes,/บริการ/รับซื้อ-mac-mini,yes,รับซื้อ Mac mini มือสอง M2 และ M4 ประเมินตามสภาพจริง | Amphon.co.th,รับซื้อ Mac mini มือสอง ชิป M1 ถึง M4 ประเมินตามสเปกและสภาพ ส่งข้อมูลก่อนได้ ราคาสุดท้ายยืนยันหลังตรวจสินค้า,รับซื้อ Mac mini มือสอง M2 และ M4 ประเมินตามสภาพจริง,Answer|BreadcrumbList|ContactPoint|Country|FAQPage|GeoCoordinates|ImageObject|ListItem|LocalBusiness|Offer|OpeningHoursSpecification|Organization|PostalAddress|ProfessionalService|Question|Service|WebPage|WebSite,2542,37,87,5,OK
/บริการ/รับซื้อ-macbook,service-hub,dist/client/บริการ/รับซื้อ-macbook/index.html,yes,200,yes,/บริการ/รับซื้อ-macbook,yes,รับซื้อ MacBook มือสอง Air / Pro ส่งรูปประเมินทั่วประเทศ | Amphon.co.th,"รับซื้อ MacBook มือสอง Air และ Pro ทั้ง Intel, M1, M2, M3, M4 ส่งรูป About This Mac, Battery Cycle สภาพจอและตัวเครื่องเพ",รับซื้อ MacBook มือสอง Air และ Pro ส่งรูปประเมินเบื้องต้นได้ทั่วประเทศ,Answer|BreadcrumbList|ContactPoint|Country|FAQPage|GeoCoordinates|ImageObject|ListItem|LocalBusiness|Offer|OfferCatalog|OpeningHoursSpecification|Organization|PostalAddress|ProfessionalService|Question|Service|WebPage|WebSite,1383,1167,102,4,OK
/บริการ/รับซื้อ-macbook-air,service-hub,dist/client/บริการ/รับซื้อ-macbook-air/index.html,yes,200,yes,/บริการ/รับซื้อ-macbook-air,yes,รับซื้อ MacBook Air มือสอง ประเมินตามชิปและสภาพจริง | Amphon.co.th,รับซื้อ MacBook Air มือสอง หน้าจอ 13 และ 15 นิ้ว ทุกชิปประมวลผล ส่งรูป สเปก ชิป สุขภาพแบตเตอรี่ และอุปกรณ์ เพื่อประเมินร,รับซื้อ MacBook Air มือสอง ส่งรูปและสเปกประเมินราคา,Answer|BreadcrumbList|ContactPoint|Country|FAQPage|GeoCoordinates|ImageObject|ListItem|LocalBusiness|Offer|OpeningHoursSpecification|Organization|PostalAddress|ProfessionalService|Question|Service|WebPage|WebSite,421,18,65,5,OK
/บริการ/รับซื้อ-macbook-intel,service-hub,dist/client/บริการ/รับซื้อ-macbook-intel/index.html,yes,200,yes,/บริการ/รับซื้อ-macbook-intel,yes,รับซื้อ MacBook Intel มือสอง หลายรุ่นปี 2018-2020 | Amphon.co.th,รับซื้อ MacBook Intel มือสอง รุ่นปี 2018-2020 ทั้ง MacBook Pro Touch Bar และ MacBook Air เครื่องเก่าไม่ได้ใช้ แบตเสื่อม ,รับซื้อ MacBook Intel มือสอง 2018–2020 ประเมินตามสภาพจริง,Answer|BreadcrumbList|ContactPoint|Country|FAQPage|GeoCoordinates|ImageObject|ListItem|LocalBusiness|Offer|OpeningHoursSpecification|Organization|PostalAddress|ProfessionalService|Question|Service|WebPage|WebSite,424,19,62,5,OK
/บริการ/รับซื้อ-macbook-m1,service-hub,dist/client/บริการ/รับซื้อ-macbook-m1/index.html,yes,200,yes,/บริการ/รับซื้อ-macbook-m1,yes,รับซื้อ MacBook M1 มือสอง Air และ Pro 13 นิ้ว ประเมินตามสภาพจริง | Amphon.co.th,รับซื้อ MacBook M1 รุ่นปี 2020 ทั้ง MacBook Air M1 และ MacBook Pro 13 M1 ประเมินตามสภาพจริง ประเมินราคาจาก RAM/SSD และ B,รับซื้อ MacBook M1 มือสอง MacBook Air และ MacBook Pro ประเมินตามสภาพจริง,Answer|BreadcrumbList|ContactPoint|Country|FAQPage|GeoCoordinates|ImageObject|ListItem|LocalBusiness|Offer|OpeningHoursSpecification|Organization|PostalAddress|ProfessionalService|Question|Service|WebPage|WebSite,416,16,63,5,OK
/บริการ/รับซื้อ-macbook-m2,service-hub,dist/client/บริการ/รับซื้อ-macbook-m2/index.html,yes,200,yes,/บริการ/รับซื้อ-macbook-m2,yes,รับซื้อ MacBook M2 มือสอง รุ่นมีรอยบาก ประเมินฟรี | Amphon.co.th,รับซื้อ MacBook M2 มือสอง ทั้ง MacBook Air M2 13/15 นิ้ว และ MacBook Pro 13 M2 ประเมินราคาฟรี ประเมินฟรี รุ่นดีไซน์ใหม่ ,รับซื้อ MacBook M2 มือสอง ประเมินตามสภาพและ Battery Cycle,Answer|BreadcrumbList|ContactPoint|Country|FAQPage|GeoCoordinates|ImageObject|ListItem|LocalBusiness|Offer|OpeningHoursSpecification|Organization|PostalAddress|ProfessionalService|Question|Service|WebPage|WebSite,417,17,64,5,OK
/บริการ/รับซื้อ-macbook-m3-m4,service-hub,dist/client/บริการ/รับซื้อ-macbook-m3-m4/index.html,yes,200,yes,/บริการ/รับซื้อ-macbook-m3-m4,yes,รับซื้อ MacBook M3 / M4 รุ่นใหม่ล่าสุด ประเมินตามสภาพจริง | Amphon.co.th,รับซื้อ MacBook M3 และ M4 มือสอง รุ่นใหม่ล่าสุด ทั้ง MacBook Air และ Pro ประเมินตามสภาพจริง ประเมินจากสภาพ กล่อง อุปกรณ์,รับซื้อ MacBook M3 M4 มือสอง รุ่นใหม่ ประเมินตามสภาพจริง ชำระเงินหลังตรวจสอบสินค้าและตกลงราคาเรียบร้อยแล้ว,Answer|BreadcrumbList|ContactPoint|Country|FAQPage|GeoCoordinates|ImageObject|ListItem|LocalBusiness|Offer|OpeningHoursSpecification|Organization|PostalAddress|ProfessionalService|Question|Service|WebPage|WebSite,433,16,63,5,OK
/บริการ/รับซื้อ-macbook-pro,service-hub,dist/client/บริการ/รับซื้อ-macbook-pro/index.html,yes,200,yes,/บริการ/รับซื้อ-macbook-pro,yes,รับซื้อ MacBook Pro มือสอง ประเมินตามรุ่นและสเปกจริง | Amphon.co.th,"รับซื้อ MacBook Pro มือสอง หน้าจอ 13, 14, 16 นิ้ว ทุกชิปประมวลผล ส่งรูป สเปก ชิป สุขภาพแบตเตอรี่ และอุปกรณ์ เพื่อประเมิน",รับซื้อ MacBook Pro มือสอง ส่งรูปและสเปกประเมินราคา,Answer|BreadcrumbList|ContactPoint|Country|FAQPage|GeoCoordinates|ImageObject|ListItem|LocalBusiness|Offer|OpeningHoursSpecification|Organization|PostalAddress|ProfessionalService|Question|Service|WebPage|WebSite,467,17,65,5,OK
/บริการ/รับซื้อ-macbook-จอแตก,service-hub,dist/client/บริการ/รับซื้อ-macbook-จอแตก/index.html,yes,200,yes,/บริการ/รับซื้อ-macbook-จอแตก,yes,รับซื้อ MacBook จอแตก จอลาย จอดำ ให้ราคาแฟร์ | Amphon.co.th,รับซื้อ MacBook จอแตก หน้าจอเป็นเส้น จอดำ จอลอก (Staingate) สายแพจอพับแล้วดับ (Flexgate) ตีราคาตามสภาพบอดี้และบอร์ด ประเ,รับซื้อ MacBook จอแตก จอเป็นเส้น จอดำ ประเมินตามสภาพ,Answer|BreadcrumbList|ContactPoint|Country|FAQPage|GeoCoordinates|ImageObject|ListItem|LocalBusiness|Offer|OpeningHoursSpecification|Organization|PostalAddress|ProfessionalService|Question|Service|WebPage|WebSite,383,16,61,5,OK
/บริการ/รับซื้อ-macbook-เสีย,service-hub,dist/client/บริการ/รับซื้อ-macbook-เสีย/index.html,yes,200,yes,/บริการ/รับซื้อ-macbook-เสีย,yes,รับซื้อ MacBook เสีย เปิดไม่ติด โดนน้ำ ซ่อมไม่คุ้ม | Amphon.co.th,รับซื้อ MacBook เสีย เปิดไม่ติด บอร์ดพัง โดนน้ำ แบตเตอรี่บวม ซ่อมไม่คุ้ม รับซื้อเป็นซากเพื่อนำไปทำอะไหล่ ตีราคาแฟร์ ประเ,รับซื้อ MacBook เสีย เปิดไม่ติด น้ำเข้า แบตเสื่อม ประเมินตามอะไหล่,Answer|BreadcrumbList|ContactPoint|Country|FAQPage|GeoCoordinates|ImageObject|ListItem|LocalBusiness|Offer|OpeningHoursSpecification|Organization|PostalAddress|ProfessionalService|Question|Service|WebPage|WebSite,384,18,60,5,OK
/บริการ/รับซื้อ-magic-keyboard-ipad,service-hub,dist/client/บริการ/รับซื้อ-magic-keyboard-ipad/index.html,yes,200,yes,/บริการ/รับซื้อ-magic-keyboard-ipad,yes,รับซื้อ Magic Keyboard iPad มือสอง Smart Keyboard หลายรุ่น | Amphon.co.th,"อำพล เทรดดิ้ง รับซื้อคีย์บอร์ดไอแพด Magic Keyboard, Smart Keyboard Folio มือสอง สำหรับ iPad Pro, iPad Air ประเมินฟรี",รับซื้อ Magic Keyboard iPad มือสอง ประเมินตามรุ่นและสภาพ,Answer|BreadcrumbList|ContactPoint|Country|FAQPage|GeoCoordinates|ImageObject|ListItem|LocalBusiness|Offer|OpeningHoursSpecification|Organization|PostalAddress|ProfessionalService|Question|Service|WebPage|WebSite,375,10,57,5,OK
/บริการ/รับซื้อ-marshall,service-hub,dist/client/บริการ/รับซื้อ-marshall/index.html,yes,200,yes,/บริการ/รับซื้อ-marshall,yes,รับซื้อลำโพง Marshall หลายรุ่น ตีราคาแฟร์ | Amphon.co.th,"รับซื้อลำโพง Marshall มือสอง ของแท้ รุ่น Stanmore, Kilburn, Emberton, Woburn, Acton ประเมินราคาฟรี ชำระเงินหลังตรวจสอบสิ",รับซื้อลำโพง Marshall หลายรุ่น ตีราคาแฟร์,Answer|BreadcrumbList|ContactPoint|Country|FAQPage|GeoCoordinates|ImageObject|ListItem|LocalBusiness|Offer|OpeningHoursSpecification|Organization|PostalAddress|ProfessionalService|Question|Service|WebPage|WebSite,727,32,82,6,OK
/บริการ/รับซื้อ-msi-cyborg,service-hub,dist/client/บริการ/รับซื้อ-msi-cyborg/index.html,yes,200,yes,/บริการ/รับซื้อ-msi-cyborg,yes,รับซื้อ MSI Cyborg มือสอง หลายรุ่น ประเมินตามสภาพจริง | Amphon.co.th,"รับซื้อ MSI Cyborg มือสองหลายรุ่น Cyborg 14, 15 ส่งรูปหรือสเปกประเมินฟรีทั่วประเทศ รับทั้งเครื่องดีและเครื่องมีตำหนิ",รับซื้อ MSI Cyborg มือสอง Cyborg 14 15 ประเมินฟรีทั่วประเทศ,Answer|BreadcrumbList|ContactPoint|Country|FAQPage|GeoCoordinates|ImageObject|ListItem|LocalBusiness|Offer|OpeningHoursSpecification|Organization|PostalAddress|ProfessionalService|Question|Service|WebPage|WebSite,899,6,65,4,OK
/บริการ/รับซื้อ-msi-katana,service-hub,dist/client/บริการ/รับซื้อ-msi-katana/index.html,yes,200,yes,/บริการ/รับซื้อ-msi-katana,yes,รับซื้อ MSI Katana มือสอง หลายรุ่น ประเมินตามสภาพจริง | Amphon.co.th,"รับซื้อ MSI Katana มือสองหลายรุ่น Katana 15, 17 ส่งรูปหรือสเปกประเมินฟรีทั่วประเทศ รับทั้งเครื่องดีและเครื่องมีตำหนิ",รับซื้อ MSI Katana มือสอง Katana 15 17 ประเมินฟรีทั่วประเทศ,Answer|BreadcrumbList|ContactPoint|Country|FAQPage|GeoCoordinates|ImageObject|ListItem|LocalBusiness|Offer|OpeningHoursSpecification|Organization|PostalAddress|ProfessionalService|Question|Service|WebPage|WebSite,927,7,67,4,OK
/บริการ/รับซื้อ-msi-notebook,service-hub,dist/client/บริการ/รับซื้อ-msi-notebook/index.html,yes,200,yes,/บริการ/รับซื้อ-msi-notebook,yes,รับซื้อ MSI Notebook มือสอง เกมมิ่งโน๊ตบุ๊คทั่วประเทศ | Amphon.co.th,รับซื้อ MSI Notebook มือสอง เกมมิ่งโน๊ตบุ๊ค เครื่องทำงานกราฟิก และเครื่องมีตำหนิทั่วประเทศ ส่งรูป รุ่น การ์ดจอ และสเปกเพ,รับซื้อ MSI Notebook มือสอง เกมมิ่งและเครื่องทำงานสเปกแรงทั่วประเทศ,Answer|BreadcrumbList|ContactPoint|Country|FAQPage|GeoCoordinates|ImageObject|ListItem|LocalBusiness|Offer|OpeningHoursSpecification|Organization|PostalAddress|ProfessionalService|Question|Service|WebPage|WebSite,958,48,88,4,OK
/บริการ/รับซื้อ-msi-pulse-crosshair,service-hub,dist/client/บริการ/รับซื้อ-msi-pulse-crosshair/index.html,yes,200,yes,/บริการ/รับซื้อ-msi-pulse-crosshair,yes,รับซื้อ MSI Pulse และ Crosshair มือสอง หลายรุ่น | Amphon.co.th,"รับซื้อ MSI Pulse, GL66, GL76 และ Crosshair มือสองหลายรุ่น ส่งรูปหรือสเปกประเมินฟรีทั่วประเทศ ชำระเงินหลังตรวจสอบสินค้าแ",รับซื้อ MSI Pulse GL GL66 Crosshair มือสอง ประเมินฟรีทั่วประเทศ,Answer|BreadcrumbList|ContactPoint|Country|FAQPage|GeoCoordinates|ImageObject|ListItem|LocalBusiness|Offer|OpeningHoursSpecification|Organization|PostalAddress|ProfessionalService|Question|Service|WebPage|WebSite,975,4,66,4,OK
/บริการ/รับซื้อ-msi-raider,service-hub,dist/client/บริการ/รับซื้อ-msi-raider/index.html,yes,200,yes,/บริการ/รับซื้อ-msi-raider,yes,รับซื้อ MSI Raider มือสอง GE Series หลายรุ่น | Amphon.co.th,"รับซื้อ MSI Raider มือสอง GE66, GE76, GE77HX หลายรุ่น ส่งรูปหรือสเปกประเมินฟรีทั่วประเทศ ชำระเงินหลังตรวจสอบสินค้าและตกล",รับซื้อ MSI Raider มือสอง GE66 GE76 GE77 ประเมินฟรีทั่วประเทศ,Answer|BreadcrumbList|ContactPoint|Country|FAQPage|GeoCoordinates|ImageObject|ListItem|LocalBusiness|Offer|OpeningHoursSpecification|Organization|PostalAddress|ProfessionalService|Question|Service|WebPage|WebSite,989,6,66,4,OK
/บริการ/รับซื้อ-msi-stealth,service-hub,dist/client/บริการ/รับซื้อ-msi-stealth/index.html,yes,200,yes,/บริการ/รับซื้อ-msi-stealth,yes,รับซื้อ MSI Stealth มือสอง GS Series หลายรุ่น | Amphon.co.th,"รับซื้อ MSI Stealth มือสอง GS66, GS76, Stealth 14, 16 หลายรุ่น ส่งรูปหรือสเปกประเมินฟรีทั่วประเทศ",รับซื้อ MSI Stealth มือสอง GS66 GS76 Stealth 14 16 ประเมินฟรีทั่วประเทศ,Answer|BreadcrumbList|ContactPoint|Country|FAQPage|GeoCoordinates|ImageObject|ListItem|LocalBusiness|Offer|OpeningHoursSpecification|Organization|PostalAddress|ProfessionalService|Question|Service|WebPage|WebSite,945,7,66,4,OK
/บริการ/รับซื้อ-msi-sword,service-hub,dist/client/บริการ/รับซื้อ-msi-sword/index.html,yes,200,yes,/บริการ/รับซื้อ-msi-sword,yes,รับซื้อ MSI Sword มือสอง เกมมิ่งโน๊ตบุ๊คทั่วประเทศ | Amphon.co.th,รับซื้อ MSI Sword มือสอง เกมมิ่งโน๊ตบุ๊คตลาดกลาง เครื่องเล่นเกม เครื่องเรียน และเครื่องทำงานทั่วประเทศ ส่งรูป รุ่น การ์ด,รับซื้อ MSI Sword มือสอง เกมมิ่งโน๊ตบุ๊คประเมินฟรีทั่วประเทศ,Answer|BreadcrumbList|ContactPoint|Country|FAQPage|GeoCoordinates|ImageObject|ListItem|LocalBusiness|Offer|OpeningHoursSpecification|Organization|PostalAddress|ProfessionalService|Question|Service|WebPage|WebSite,688,5,66,4,OK
/บริการ/รับซื้อ-msi-thin,service-hub,dist/client/บริการ/รับซื้อ-msi-thin/index.html,yes,200,yes,/บริการ/รับซื้อ-msi-thin,yes,รับซื้อ MSI Thin มือสอง GF Thin หลายรุ่น | Amphon.co.th,"รับซื้อ MSI Thin มือสอง GF63, GF65 และ MSI Thin หลายรุ่น ส่งรูปหรือสเปกประเมินฟรีทั่วประเทศ",รับซื้อ MSI Thin GF63 GF65 มือสอง ประเมินฟรีทั่วประเทศ,Answer|BreadcrumbList|ContactPoint|Country|FAQPage|GeoCoordinates|ImageObject|ListItem|LocalBusiness|Offer|OpeningHoursSpecification|Organization|PostalAddress|ProfessionalService|Question|Service|WebPage|WebSite,936,6,66,4,OK
/บริการ/รับซื้อ-msi-titan,service-hub,dist/client/บริการ/รับซื้อ-msi-titan/index.html,yes,200,yes,/บริการ/รับซื้อ-msi-titan,yes,รับซื้อ MSI Titan มือสอง เกมมิ่งโน๊ตบุ๊คเรือธงทั่วประเทศ | Amphon.co.th,รับซื้อ MSI Titan มือสอง เกมมิ่งโน๊ตบุ๊คสเปกพรีเมียม เครื่องหนัก เครื่องแรง และเครื่องมีตำหนิทั่วประเทศ ส่งรูป รุ่น การ์,รับซื้อ MSI Titan มือสอง เครื่องเกมมิ่งสเปกพรีเมียมประเมินฟรีทั่วประเทศ,Answer|BreadcrumbList|ContactPoint|Country|FAQPage|GeoCoordinates|ImageObject|ListItem|LocalBusiness|Offer|OpeningHoursSpecification|Organization|PostalAddress|ProfessionalService|Question|Service|WebPage|WebSite,781,5,66,4,OK
/บริการ/รับซื้อ-msi-vector,service-hub,dist/client/บริการ/รับซื้อ-msi-vector/index.html,yes,200,yes,/บริการ/รับซื้อ-msi-vector,yes,รับซื้อ MSI Vector มือสอง GP Series หลายรุ่น | Amphon.co.th,"รับซื้อ MSI Vector มือสอง GP66, GP76 และ Vector GP หลายรุ่น ส่งรูปหรือสเปกประเมินฟรีทั่วประเทศ",รับซื้อ MSI Vector มือสอง GP66 GP76 Vector GP ประเมินฟรีทั่วประเทศ,Answer|BreadcrumbList|ContactPoint|Country|FAQPage|GeoCoordinates|ImageObject|ListItem|LocalBusiness|Offer|OpeningHoursSpecification|Organization|PostalAddress|ProfessionalService|Question|Service|WebPage|WebSite,977,7,66,4,OK
/บริการ/รับซื้อ-nas,service-hub,dist/client/บริการ/รับซื้อ-nas/index.html,yes,200,yes,/บริการ/รับซื้อ-nas,yes,รับซื้อ NAS มือสอง Synology QNAP และ Storage องค์กร | Amphon.co.th,"รับซื้อ NAS มือสอง และอุปกรณ์สตอเรจเก็บข้อมูล เช่น Synology, QNAP ส่งสเปก จำนวน Bay ความจุฮาร์ดดิสก์ และสภาพอุปกรณ์เพื่อ",รับซื้อ NAS มือสองและระบบ Storage องค์กร ส่งสเปกเพื่อประเมินราคา,Answer|BreadcrumbList|ContactPoint|Country|FAQPage|GeoCoordinates|ImageObject|ListItem|LocalBusiness|Offer|OpeningHoursSpecification|Organization|PostalAddress|ProfessionalService|Question|Service|WebPage|WebSite,1349,15,63,4,OK
/บริการ/รับซื้อ-nintendo-switch,service-hub,dist/client/บริการ/รับซื้อ-nintendo-switch/index.html,yes,200,yes,/บริการ/รับซื้อ-nintendo-switch,yes,"รับซื้อ Nintendo Switch มือสอง รุ่น OLED, V2, Lite ประเมินฟรี | Amphon.co.th","รับซื้อ Nintendo Switch มือสอง (นินเทนโดสวิตช์) ประเมินฟรี รับซื้อรุ่น OLED, V2, Lite ทั้งเครื่องเล่นแท้และเครื่องแปลง (","รับซื้อ Nintendo Switch มือสอง รุ่น OLED, V2, Lite ประเมินฟรี",Answer|BreadcrumbList|ContactPoint|Country|FAQPage|GeoCoordinates|ImageObject|ListItem|LocalBusiness|Offer|OpeningHoursSpecification|Organization|PostalAddress|ProfessionalService|Question|Service|WebPage|WebSite,677,24,82,5,OK
/บริการ/รับซื้อ-notebook-acer,service-hub,dist/client/บริการ/รับซื้อ-notebook-acer/index.html,yes,200,yes,/บริการ/รับซื้อ-notebook-acer,yes,รับซื้อ Notebook Acer มือสอง หลายรุ่น ประเมินตามสภาพจริง | Amphon.co.th,"รับซื้อโน๊ตบุ๊ค Acer มือสองหลายรุ่น Aspire, Swift, Nitro 5, Predator Helios ประเมินราคาฟรี ชำระเงินหลังตรวจสอบสินค้าและต",รับซื้อ Notebook Acer มือสอง Aspire Swift Nitro Predator ประเมินราคาเบื้องต้นฟรี,Answer|BreadcrumbList|ContactPoint|Country|FAQPage|GeoCoordinates|ImageObject|ListItem|LocalBusiness|Offer|OpeningHoursSpecification|Organization|PostalAddress|ProfessionalService|Question|Service|WebPage|WebSite,500,22,63,5,OK
/บริการ/รับซื้อ-notebook-asus,service-hub,dist/client/บริการ/รับซื้อ-notebook-asus/index.html,yes,200,yes,/บริการ/รับซื้อ-notebook-asus,yes,รับซื้อ Notebook Asus มือสอง หลายรุ่น ประเมินตามสภาพจริง | Amphon.co.th,"รับซื้อโน๊ตบุ๊ค Asus มือสองหลายรุ่น VivoBook, ZenBook, TUF Gaming, ROG Strix, ROG Zephyrus ประเมินราคาฟรี ชำระเงินหลังตร",รับซื้อ Notebook Asus มือสอง VivoBook ZenBook ROG TUF ประเมินราคาเบื้องต้นฟรี,Answer|BreadcrumbList|ContactPoint|Country|FAQPage|GeoCoordinates|ImageObject|ListItem|LocalBusiness|Offer|OpeningHoursSpecification|Organization|PostalAddress|ProfessionalService|Question|Service|WebPage|WebSite,492,22,63,5,OK
/บริการ/รับซื้อ-notebook-dell,service-hub,dist/client/บริการ/รับซื้อ-notebook-dell/index.html,yes,200,yes,/บริการ/รับซื้อ-notebook-dell,yes,รับซื้อ Notebook Dell มือสอง หลายรุ่น ประเมินตามสภาพจริง | Amphon.co.th,"รับซื้อโน๊ตบุ๊ค Dell มือสองหลายรุ่น Inspiron, XPS, Latitude, Vostro, Alienware ประเมินราคาฟรี ชำระเงินหลังตรวจสอบสินค้าแ",รับซื้อ Notebook Dell มือสอง Inspiron XPS Latitude Alienware ประเมินราคาเบื้องต้นฟรี,Answer|BreadcrumbList|ContactPoint|Country|FAQPage|GeoCoordinates|ImageObject|ListItem|LocalBusiness|Offer|OpeningHoursSpecification|Organization|PostalAddress|ProfessionalService|Question|Service|WebPage|WebSite,457,15,64,5,OK
/บริการ/รับซื้อ-notebook-hp,service-hub,dist/client/บริการ/รับซื้อ-notebook-hp/index.html,yes,200,yes,/บริการ/รับซื้อ-notebook-hp,yes,รับซื้อ Notebook HP มือสอง หลายรุ่น ประเมินตามสภาพจริง | Amphon.co.th,"รับซื้อโน๊ตบุ๊ค HP มือสองหลายรุ่น Pavilion, Envy, Spectre, Omen, Victus, ProBook ประเมินราคาฟรี ชำระเงินหลังตรวจสอบสินค้",รับซื้อ Notebook HP มือสอง Pavilion Envy Omen Victus ProBook ประเมินราคาเบื้องต้นฟรี,Answer|BreadcrumbList|ContactPoint|Country|FAQPage|GeoCoordinates|ImageObject|ListItem|LocalBusiness|Offer|OpeningHoursSpecification|Organization|PostalAddress|ProfessionalService|Question|Service|WebPage|WebSite,455,22,64,5,OK
/บริการ/รับซื้อ-notebook-lenovo,service-hub,dist/client/บริการ/รับซื้อ-notebook-lenovo/index.html,yes,200,yes,/บริการ/รับซื้อ-notebook-lenovo,yes,รับซื้อ Notebook Lenovo มือสอง หลายรุ่น ประเมินตามสภาพจริง | Amphon.co.th,"รับซื้อโน๊ตบุ๊ค Lenovo มือสองหลายรุ่น IdeaPad, ThinkPad, Yoga, Legion, LOQ ประเมินราคาฟรี ชำระเงินหลังตรวจสอบสินค้าและตก",รับซื้อ Notebook Lenovo มือสอง IdeaPad ThinkPad Legion ประเมินราคาเบื้องต้นฟรี,Answer|BreadcrumbList|ContactPoint|Country|FAQPage|GeoCoordinates|ImageObject|ListItem|LocalBusiness|Offer|OpeningHoursSpecification|Organization|PostalAddress|ProfessionalService|Question|Service|WebPage|WebSite,465,5,64,5,OK
/บริการ/รับซื้อ-pc-มือสอง,service-hub,dist/client/บริการ/รับซื้อ-pc-มือสอง/index.html,yes,200,yes,/บริการ/รับซื้อ-pc-มือสอง,yes,รับซื้อ PC มือสองทั่วประเทศ ส่งรูปประเมินฟรี | Amphon.co.th,รับซื้อ PC มือสอง คอมตั้งโต๊ะ คอมประกอบ PC แบรนด์ คอมสำนักงาน และเครื่องมีตำหนิทั่วประเทศ ส่งรูปและสเปกเพื่อประเมินเบื้อ,รับซื้อ PC มือสอง คอมบ้าน คอมประกอบ คอมสำนักงานทั่วประเทศ,Answer|BreadcrumbList|ContactPoint|Country|FAQPage|GeoCoordinates|ImageObject|ListItem|LocalBusiness|Offer|OpeningHoursSpecification|Organization|PostalAddress|ProfessionalService|Question|Service|WebPage|WebSite,726,13,65,4,OK
/บริการ/รับซื้อ-playstation,service-hub,dist/client/บริการ/รับซื้อ-playstation/index.html,yes,200,yes,/บริการ/รับซื้อ-playstation,yes,"รับซื้อเครื่องเกม PS5, PS4, Nintendo Switch ประเมินฟรี | Amphon.co.th","รับซื้อ PS5 (PlayStation 5), PS4, Nintendo Switch และแผ่นเกมมือสอง รับเหมาเครื่องเกม ชำระเงินหลังตรวจสอบสินค้าและตกลงราค","รับซื้อเครื่องเกม PS5, PS4, Nintendo Switch ประเมินฟรี",Answer|BreadcrumbList|ContactPoint|Country|FAQPage|GeoCoordinates|ImageObject|ListItem|LocalBusiness|Offer|OpeningHoursSpecification|Organization|PostalAddress|ProfessionalService|Question|Service|WebPage|WebSite,849,25,82,6,OK
/บริการ/รับซื้อ-printer,service-hub,dist/client/บริการ/รับซื้อ-printer/index.html,yes,200,yes,/บริการ/รับซื้อ-printer,yes,รับซื้อ Printer สำนักงาน เครื่องพิมพ์มือสองทั่วประเทศ | Amphon.co.th,รับซื้อ Printer สำนักงาน เครื่องพิมพ์บริษัท Laser Inkjet และ Multifunction ทั่วประเทศ ส่งรูป รุ่น และสภาพเครื่องเพื่อประ,รับซื้อ Printer สำนักงาน เครื่องพิมพ์บริษัทมือสองทั่วประเทศ,Answer|BreadcrumbList|ContactPoint|Country|FAQPage|GeoCoordinates|ImageObject|ListItem|LocalBusiness|Offer|OpeningHoursSpecification|Organization|PostalAddress|ProfessionalService|Question|Service|WebPage|WebSite,1030,14,62,4,OK
/บริการ/รับซื้อ-ram-ssd,service-hub,dist/client/บริการ/รับซื้อ-ram-ssd/index.html,yes,200,yes,/บริการ/รับซื้อ-ram-ssd,yes,รับซื้อ RAM และ SSD มือสอง DDR4 DDR5 NVMe | Amphon.co.th,รับซื้อ RAM และ SSD มือสอง ประเมินฟรี รับซื้อแรม DDR4 DDR5 บัสสูง รับซื้อ M.2 NVMe SSD ตีราคาตามความจุและสเปก อัปเกรดคอม,รับซื้อ RAM SSD มือสอง DDR4 DDR5 NVMe SATA ประเมินฟรี,Answer|BreadcrumbList|ContactPoint|Country|FAQPage|GeoCoordinates|ImageObject|ListItem|LocalBusiness|Offer|OpeningHoursSpecification|Organization|PostalAddress|ProfessionalService|Question|Service|WebPage|WebSite,363,8,60,5,OK
/บริการ/รับซื้อ-rog-gaming-notebook,service-hub,dist/client/บริการ/รับซื้อ-rog-gaming-notebook/index.html,yes,200,yes,/บริการ/รับซื้อ-rog-gaming-notebook,yes,รับซื้อ ROG Gaming Notebook มือสองทั่วประเทศ ส่งรูปประเมินฟรี | Amphon.co.th,"รับซื้อ ROG Gaming Notebook มือสอง ASUS ROG Strix, Zephyrus และเกมมิ่งโน๊ตบุ๊ค ROG ทั่วประเทศ ส่งรูป รุ่น การ์ดจอ และสเป",รับซื้อ ROG Gaming Notebook มือสอง ASUS ROG ประเมินฟรีทั่วประเทศ,Answer|BreadcrumbList|ContactPoint|Country|FAQPage|GeoCoordinates|ImageObject|ListItem|LocalBusiness|Offer|OpeningHoursSpecification|Organization|PostalAddress|ProfessionalService|Question|Service|WebPage|WebSite,822,48,78,4,OK
/บริการ/รับซื้อ-rog-strix,service-hub,dist/client/บริการ/รับซื้อ-rog-strix/index.html,yes,200,yes,/บริการ/รับซื้อ-rog-strix,yes,รับซื้อ ROG Strix มือสอง หลายรุ่น ประเมินตามสภาพจริง | Amphon.co.th,"รับซื้อ ROG Strix มือสองหลายรุ่น ทั้ง SCAR, Hero, Advantage และ G รับเครื่องดีและเครื่องมีตำหนิ ส่งรูปประเมินฟรีทั่วประเ",รับซื้อ ROG Strix มือสอง SCAR Hero Advantage ประเมินฟรีทั่วประเทศ,Answer|BreadcrumbList|ContactPoint|Country|FAQPage|GeoCoordinates|ImageObject|ListItem|LocalBusiness|Offer|OpeningHoursSpecification|Organization|PostalAddress|ProfessionalService|Question|Service|WebPage|WebSite,968,27,65,4,OK
/บริการ/รับซื้อ-rog-zephyrus,service-hub,dist/client/บริการ/รับซื้อ-rog-zephyrus/index.html,yes,200,yes,/บริการ/รับซื้อ-rog-zephyrus,yes,รับซื้อ ROG Zephyrus มือสอง G14 G15 M16 หลายรุ่น | Amphon.co.th,"รับซื้อ ROG Zephyrus มือสอง G14, G15, G16, M16 และหลายรุ่นในซีรีส์ ส่งรูปหรือสเปกประเมินฟรีทั่วประเทศ ชำระเงินหลังตรวจสอ",รับซื้อ ROG Zephyrus มือสอง G14 G15 G16 M16 ประเมินฟรีทั่วประเทศ,Answer|BreadcrumbList|ContactPoint|Country|FAQPage|GeoCoordinates|ImageObject|ListItem|LocalBusiness|Offer|OpeningHoursSpecification|Organization|PostalAddress|ProfessionalService|Question|Service|WebPage|WebSite,938,27,65,4,OK
/บริการ/รับซื้อ-server,service-hub,dist/client/บริการ/รับซื้อ-server/index.html,yes,200,yes,/บริการ/รับซื้อ-server,yes,รับซื้อ Server มือสอง แร็คเซิร์ฟเวอร์ และอุปกรณ์ปลดระวาง | Amphon.co.th,รับซื้อ Server มือสอง ทั้งแบบ Rack Server และ Tower Server หลายรุ่น ส่งสเปก CPU RAM สตอเรจ แหล่งจ่ายไฟ และแผ่นยึดรางเพื่,รับซื้อ Server มือสองและแร็คเซิร์ฟเวอร์ ส่งสเปกเพื่อประเมินราคา,Answer|BreadcrumbList|ContactPoint|Country|FAQPage|GeoCoordinates|ImageObject|ListItem|LocalBusiness|Offer|OpeningHoursSpecification|Organization|PostalAddress|ProfessionalService|Question|Service|WebPage|WebSite,1369,34,84,4,OK
/บริการ/รับซื้อ-server-network,service-hub,dist/client/บริการ/รับซื้อ-server-network/index.html,yes,200,yes,/บริการ/รับซื้อ-server-network,yes,รับซื้อ Server Network และอุปกรณ์โครงสร้างพื้นฐานไอทีบริษัท | Amphon.co.th,"รับซื้ออุปกรณ์โครงสร้างพื้นฐานไอทีบริษัท เช่น Server, NAS, UPS, Router, Switch และ Firewall ส่งรายการ รุ่น จำนวน สภาพ แล",รับซื้อ Server Network NAS UPS และอุปกรณ์โครงสร้างพื้นฐานไอที,Answer|BreadcrumbList|ContactPoint|Country|FAQPage|GeoCoordinates|ImageObject|ListItem|LocalBusiness|Offer|OpeningHoursSpecification|Organization|PostalAddress|ProfessionalService|Question|Service|WebPage|WebSite,321,15,63,4,OK
/บริการ/รับซื้อ-ssd,service-hub,dist/client/บริการ/รับซื้อ-ssd/index.html,yes,200,yes,/บริการ/รับซื้อ-ssd,yes,"รับซื้อ SSD, HDD และ External Drive มือสอง เช็ค S.M.A.R.T. โปร่งใส ประเมินฟรี | Amphon.co.th","รับซื้อ SSD มือสอง M.2 NVMe Gen3/4, SATA SSD, Enterprise SSD, HDD SATA/SAS และ External SSD/HDD ทุกยี่ห้อ เช็ค S.M.A.R.T","รับซื้อ SSD, HDD และ External Drive มือสอง เช็ค S.M.A.R.T. โปร่งใส ประเมินฟรี",Answer|BreadcrumbList|ContactPoint|Country|FAQPage|GeoCoordinates|ImageObject|ListItem|LocalBusiness|Offer|OpeningHoursSpecification|Organization|PostalAddress|ProfessionalService|Question|Service|WebPage|WebSite,1135,37,82,5,OK
/บริการ/รับซื้อ-storage-nas,service-hub,dist/client/บริการ/รับซื้อ-storage-nas/index.html,yes,200,no,/บริการ/รับซื้อ-nas,no,รับซื้อ NAS มือสอง | Amphon Trading,กำลังนำท่านไปยังหน้ารับซื้อ NAS และอุปกรณ์จัดเก็บข้อมูลมือสอง เพื่อประเมินตามสภาพจริง,กำลังเปลี่ยนเส้นทาง...,,15,0,1,0,OK
/บริการ/รับซื้อ-surface,service-hub,dist/client/บริการ/รับซื้อ-surface/index.html,yes,200,yes,/บริการ/รับซื้อ-surface,yes,รับซื้อ Surface มือสอง Surface Pro Laptop Go ทั่วประเทศ | Amphon.co.th,"รับซื้อ Surface มือสอง Surface Pro, Surface Laptop, Surface Go และ Microsoft Surface จากลูกค้าทั่วประเทศ ส่งรูป รุ่น และ",รับซื้อ Surface มือสอง Microsoft Surface ประเมินฟรีทั่วประเทศ,Answer|BreadcrumbList|ContactPoint|Country|FAQPage|GeoCoordinates|ImageObject|ListItem|LocalBusiness|Offer|OpeningHoursSpecification|Organization|PostalAddress|ProfessionalService|Question|Service|WebPage|WebSite,1011,25,95,5,OK
/บริการ/รับซื้อ-ups,service-hub,dist/client/บริการ/รับซื้อ-ups/index.html,yes,200,yes,/บริการ/รับซื้อ-ups,yes,รับซื้อ UPS มือสอง เครื่องสำรองไฟสำนักงานและ Server | Amphon.co.th,รับซื้อ UPS มือสอง เครื่องสำรองไฟสำนักงาน ตู้แร็คไอที และระบบสำรองพลังงานขององค์กร ส่งแบรนด์ รุ่น ขนาด VA และสภาพแบตเตอร,รับซื้อ UPS มือสองและเครื่องสำรองไฟสำนักงาน ส่งสเปกเพื่อประเมินราคา,Answer|BreadcrumbList|ContactPoint|Country|FAQPage|GeoCoordinates|ImageObject|ListItem|LocalBusiness|Offer|OpeningHoursSpecification|Organization|PostalAddress|ProfessionalService|Question|Service|WebPage|WebSite,1164,35,83,4,OK
/บริการ/รับซื้อ-workstation,service-hub,dist/client/บริการ/รับซื้อ-workstation/index.html,yes,200,yes,/บริการ/รับซื้อ-workstation,yes,รับซื้อ Workstation มือสองทั่วประเทศ ส่งสเปกประเมินฟรี | Amphon.co.th,รับซื้อ Workstation มือสอง เครื่องทำงานกราฟิก ตัดต่อ 3D CAD และ AI ทั่วประเทศ ส่งสเปก CPU การ์ดจอ RAM SSD เพื่อประเมินเบ,รับซื้อ Workstation มือสอง เครื่องทำงานสเปกสูงประเมินฟรีทั่วประเทศ,Answer|BreadcrumbList|ContactPoint|Country|FAQPage|GeoCoordinates|ImageObject|ListItem|LocalBusiness|Offer|OpeningHoursSpecification|Organization|PostalAddress|ProfessionalService|Question|Service|WebPage|WebSite,767,1167,69,4,OK
/บริการ/รับซื้อกล้อง,service-hub,dist/client/บริการ/รับซื้อกล้อง/index.html,yes,200,yes,/บริการ/รับซื้อกล้อง,yes,รับซื้อกล้องมือสอง เลนส์ ประเมินฟรี | Amphon.co.th,รับซื้อกล้องมือสอง Mirrorless DSLR และเลนส์กล้องหลายแบรนด์ เช่น Sony Canon Nikon Fujifilm ส่งรูป รุ่น และ Shutter Count ,รับซื้อกล้องมือสองทั่วประเทศ ส่งรูปประเมินราคาเบื้องต้นได้,Answer|BreadcrumbList|ContactPoint|Country|FAQPage|GeoCoordinates|ImageObject|ListItem|LocalBusiness|Offer|OfferCatalog|OpeningHoursSpecification|Organization|PostalAddress|ProfessionalService|Question|Service|WebPage|WebSite,897,47,103,7,OK
/บริการ/รับซื้อกล้อง-canon,service-hub,dist/client/บริการ/รับซื้อกล้อง-canon/index.html,yes,200,yes,/บริการ/รับซื้อกล้อง-canon,yes,รับซื้อกล้องและเลนส์ Canon มือสอง ประเมินตามสภาพจริง | Amphon.co.th,"รับซื้อกล้อง Canon มือสอง ซีรีส์ EOS R, R50, R6, RP, DSLR และรับซื้อเลนส์ RF/EF Mount ทุกระยะ ประเมินราคาตามชัตเตอร์และส",รับซื้อกล้อง Canon มือสอง DSLR Mirrorless และเลนส์ Canon ประเมินตามสภาพจริง,Answer|BreadcrumbList|ContactPoint|Country|FAQPage|GeoCoordinates|ImageObject|ListItem|LocalBusiness|Offer|OpeningHoursSpecification|Organization|PostalAddress|ProfessionalService|Question|Service|WebPage|WebSite,521,31,82,7,OK
/บริการ/รับซื้อกล้อง-fujifilm,service-hub,dist/client/บริการ/รับซื้อกล้อง-fujifilm/index.html,yes,200,yes,/บริการ/รับซื้อกล้อง-fujifilm,yes,รับซื้อกล้องและเลนส์ Fujifilm X-Series มือสอง | Amphon.co.th,"รับซื้อกล้อง Fujifilm มือสอง ซีรีส์ X-T, X-E, X-S, X100, X-Pro และเลนส์ Fuji XF, XC ทุกระยะ ประเมินตามสภาพจริง ประเมินตา",รับซื้อกล้อง Fujifilm มือสอง Fuji X-Series ประเมินฟรี,Answer|BreadcrumbList|ContactPoint|Country|FAQPage|GeoCoordinates|ImageObject|ListItem|LocalBusiness|Offer|OpeningHoursSpecification|Organization|PostalAddress|ProfessionalService|Question|Service|WebPage|WebSite,522,32,82,7,OK
/บริการ/รับซื้อกล้อง-mirrorless,service-hub,dist/client/บริการ/รับซื้อกล้อง-mirrorless/index.html,yes,200,yes,/บริการ/รับซื้อกล้อง-mirrorless,yes,รับซื้อกล้อง Mirrorless มือสอง ทุกค่ายประเมินฟรี | Amphon.co.th,"รับซื้อกล้อง Mirrorless มือสอง ทั้งเซ็นเซอร์ Full Frame, APS-C และ Micro Four Thirds ทุกค่าย ประเมินไวตามสภาพ EVF, IBIS ",รับซื้อกล้อง Mirrorless มือสอง Full Frame APS-C ประเมินตามสภาพจริง,Answer|BreadcrumbList|ContactPoint|Country|FAQPage|GeoCoordinates|ImageObject|ListItem|LocalBusiness|Offer|OpeningHoursSpecification|Organization|PostalAddress|ProfessionalService|Question|Service|WebPage|WebSite,387,12,66,7,OK
/บริการ/รับซื้อกล้อง-nikon,service-hub,dist/client/บริการ/รับซื้อกล้อง-nikon/index.html,yes,200,yes,/บริการ/รับซื้อกล้อง-nikon,yes,รับซื้อกล้อง Nikon มือสอง DSLR Mirrorless Z Series | Amphon.co.th,"รับซื้อกล้อง Nikon มือสอง สาย DSLR (D750, D850) และ Mirrorless ตระกูล Z (Z5, Z6, Z7, Z50) พร้อมรับซื้อเลนส์ Z Mount และ ",รับซื้อกล้อง Nikon มือสอง DSLR Mirrorless Nikon Z ประเมินตามสภาพ,Answer|BreadcrumbList|ContactPoint|Country|FAQPage|GeoCoordinates|ImageObject|ListItem|LocalBusiness|Offer|OpeningHoursSpecification|Organization|PostalAddress|ProfessionalService|Question|Service|WebPage|WebSite,396,11,62,7,OK
/บริการ/รับซื้อกล้อง-sony,service-hub,dist/client/บริการ/รับซื้อกล้อง-sony/index.html,yes,200,yes,/บริการ/รับซื้อกล้อง-sony,yes,รับซื้อกล้องและเลนส์ Sony Alpha มือสอง ประเมินตามสภาพจริง | Amphon.co.th,"รับซื้อกล้อง Sony มือสอง ตระกูล Alpha (A7III, A7IV), A6400, A6600, ZV-E10 และรับซื้อเลนส์ FE/E Mount ประเมินราคาตามสภาพ ",รับซื้อกล้อง Sony มือสอง Alpha Full Frame APS-C และเลนส์ Sony,Answer|BreadcrumbList|ContactPoint|Country|FAQPage|GeoCoordinates|ImageObject|ListItem|LocalBusiness|Offer|OpeningHoursSpecification|Organization|PostalAddress|ProfessionalService|Question|Service|WebPage|WebSite,532,32,83,7,OK
/บริการ/รับซื้อกล้องฟิล์ม,service-hub,dist/client/บริการ/รับซื้อกล้องฟิล์ม/index.html,yes,200,yes,/บริการ/รับซื้อกล้องฟิล์ม,yes,รับซื้อกล้องฟิล์มและเลนส์วินเทจ ของสะสม | Amphon.co.th,รับซื้อกล้องฟิล์มมือสอง ทุกแบรนด์ กล้องสะสม SLR Rangefinder Compact และรับซื้อเลนส์มือหมุนวินเทจ ประเมินราคาตามสภาพกลไกแ,รับซื้อกล้องฟิล์มมือสอง กล้องสะสม และเลนส์วินเทจ,Answer|BreadcrumbList|ContactPoint|Country|FAQPage|GeoCoordinates|ImageObject|ListItem|LocalBusiness|Offer|OpeningHoursSpecification|Organization|PostalAddress|ProfessionalService|Question|Service|WebPage|WebSite,365,21,62,4,OK
/บริการ/รับซื้อกล้องเสีย,service-hub,dist/client/บริการ/รับซื้อกล้องเสีย/index.html,yes,200,yes,/บริการ/รับซื้อกล้องเสีย,yes,รับซื้อกล้องเสีย กล้องเปิดไม่ติด จอแตก ตกกระแทก | Amphon.co.th,รับซื้อกล้องเสีย กล้องเปิดไม่ติด จอแตก ตกน้ำ เลนส์พัง ประเมินราคาตามสภาพอะไหล่ที่ยังใช้งานได้จริง เปลี่ยนซากกล้องให้เป็น,รับซื้อกล้องเสีย เปิดไม่ติด ตกกระแทก จอแตก ประเมินตามอะไหล่,Answer|BreadcrumbList|ContactPoint|Country|FAQPage|GeoCoordinates|ImageObject|ListItem|LocalBusiness|Offer|OpeningHoursSpecification|Organization|PostalAddress|ProfessionalService|Question|Service|WebPage|WebSite,331,11,65,7,OK
/บริการ/รับซื้อการ์ดจอ,service-hub,dist/client/บริการ/รับซื้อการ์ดจอ/index.html,yes,200,yes,/บริการ/รับซื้อการ์ดจอ,yes,"รับซื้อการ์ดจอ (VGA / GPU) มือสอง RTX, GTX, RX ประเมินฟรี | Amphon.co.th","รับซื้อการ์ดจอมือสอง ประเมินฟรี รับประเมินการ์ดจอเล่นเกม การ์ดจอขุดเหรียญ NVIDIA RTX, GTX, AMD RX Series เช็คราคาฟรี ชำร",รับซื้อการ์ดจอ RTX GTX RX มือสอง ประเมินราคาตามรุ่นและสภาพ,Answer|BreadcrumbList|ContactPoint|Country|FAQPage|GeoCoordinates|ImageObject|ListItem|LocalBusiness|Offer|OpeningHoursSpecification|Organization|PostalAddress|ProfessionalService|Question|Service|WebPage|WebSite,451,45,86,5,OK
/บริการ/รับซื้อของสะสม,service-hub,dist/client/บริการ/รับซื้อของสะสม/index.html,yes,200,yes,/บริการ/รับซื้อของสะสม,yes,รับซื้อของสะสม ของเล่น โมเดล Art Toy เครื่องดนตรี ประเมินตามสภาพจริง | Amphon.co.th,"รับซื้อของสะสมมือสอง โมเดล ฟิกเกอร์ Art Toy (Pop Mart), เลโก้ (Lego), กันพลา (Gundam) และรับซื้อเครื่องดนตรี กีต้าร์ เปี",รับซื้อของสะสม ของเล่น โมเดล Art Toy เครื่องดนตรี ประเมินตามสภาพจริง,Answer|BreadcrumbList|ContactPoint|Country|FAQPage|GeoCoordinates|ImageObject|ListItem|LocalBusiness|Offer|OpeningHoursSpecification|Organization|PostalAddress|ProfessionalService|Question|Service|WebPage|WebSite,731,12,63,5,OK
/บริการ/รับซื้อของไอทีเสีย,service-hub,dist/client/บริการ/รับซื้อของไอทีเสีย/index.html,yes,200,yes,/บริการ/รับซื้อของไอทีเสีย,yes,รับซื้อของไอทีเสีย ซากคอม ซากมือถือ อะไหล่เสีย ตีราคาเป็นซาก | Amphon.co.th,รับซื้อของไอทีเสีย ซากอิเล็กทรอนิกส์ (E-Waste) ซากคอมพิวเตอร์ เมนบอร์ดเสีย โทรศัพท์พัง ซากโน๊ตบุ๊ค รับประมูลขยะอิเล็กทรอ,รับซื้อของไอทีเสียและอุปกรณ์มีปัญหา ส่งรูปประเมินเบื้องต้นได้,Answer|BreadcrumbList|ContactPoint|Country|FAQPage|GeoCoordinates|ImageObject|ListItem|LocalBusiness|Offer|OpeningHoursSpecification|Organization|PostalAddress|ProfessionalService|Question|Service|WebPage|WebSite,743,39,83,5,OK
/บริการ/รับซื้อคอม-3d-render,service-hub,dist/client/บริการ/รับซื้อคอม-3d-render/index.html,yes,200,yes,/บริการ/รับซื้อคอม-3d-render,yes,รับซื้อคอม 3D Render มือสองทั่วประเทศ | Amphon.co.th,รับซื้อคอม 3D Render มือสอง เครื่องทำงาน Blender Maya 3ds Max Cinema 4D และงานเรนเดอร์ทั่วประเทศ ส่งสเปก CPU GPU RAM เพื,รับซื้อคอม 3D Render มือสอง เครื่องเรนเดอร์ประเมินฟรีทั่วประเทศ,Answer|BreadcrumbList|ContactPoint|Country|FAQPage|GeoCoordinates|ImageObject|ListItem|LocalBusiness|Offer|OpeningHoursSpecification|Organization|PostalAddress|ProfessionalService|Question|Service|WebPage|WebSite,743,6,64,4,OK
/บริการ/รับซื้อคอม-ai-deep-learning,service-hub,dist/client/บริการ/รับซื้อคอม-ai-deep-learning/index.html,yes,200,yes,/บริการ/รับซื้อคอม-ai-deep-learning,yes,รับซื้อคอม AI Deep Learning มือสองทั่วประเทศ | Amphon.co.th,"รับซื้อคอม AI Deep Learning มือสอง เครื่อง GPU, AI Workstation, Local AI และ Deep Learning Rig ทั่วประเทศ ส่งสเปกการ์ดจอ",รับซื้อคอม AI Deep Learning มือสอง เครื่อง GPU ประเมินฟรีทั่วประเทศ,Answer|BreadcrumbList|ContactPoint|Country|FAQPage|GeoCoordinates|ImageObject|ListItem|LocalBusiness|Offer|OpeningHoursSpecification|Organization|PostalAddress|ProfessionalService|Question|Service|WebPage|WebSite,789,9,66,4,OK
/บริการ/รับซื้อคอม-cad-engineer,service-hub,dist/client/บริการ/รับซื้อคอม-cad-engineer/index.html,yes,200,yes,/บริการ/รับซื้อคอม-cad-engineer,yes,รับซื้อคอม CAD Engineer มือสองทั่วประเทศ | Amphon.co.th,รับซื้อคอม CAD Engineer มือสอง เครื่องทำงาน AutoCAD SolidWorks Revit SketchUp และงานวิศวกรรมทั่วประเทศ ส่งสเปกเพื่อประเม,รับซื้อคอม CAD Engineer มือสอง Workstation งานออกแบบวิศวกรรมทั่วประเทศ,Answer|BreadcrumbList|ContactPoint|Country|FAQPage|GeoCoordinates|ImageObject|ListItem|LocalBusiness|Offer|OpeningHoursSpecification|Organization|PostalAddress|ProfessionalService|Question|Service|WebPage|WebSite,718,6,66,4,OK
/บริการ/รับซื้อคอมตัดต่อวิดีโอ,service-hub,dist/client/บริการ/รับซื้อคอมตัดต่อวิดีโอ/index.html,yes,200,yes,/บริการ/รับซื้อคอมตัดต่อวิดีโอ,yes,รับซื้อคอมตัดต่อวิดีโอมือสองทั่วประเทศ | Amphon.co.th,รับซื้อคอมตัดต่อวิดีโอมือสอง เครื่องตัดต่อ Premiere Pro DaVinci Resolve และงานวิดีโอทั่วประเทศ ส่งสเปก CPU GPU RAM SSD เ,รับซื้อคอมตัดต่อวิดีโอมือสอง เครื่องตัดต่อประเมินฟรีทั่วประเทศ,Answer|BreadcrumbList|ContactPoint|Country|FAQPage|GeoCoordinates|ImageObject|ListItem|LocalBusiness|Offer|OpeningHoursSpecification|Organization|PostalAddress|ProfessionalService|Question|Service|WebPage|WebSite,712,8,64,4,OK
/บริการ/รับซื้อคอมทำงานกราฟิก,service-hub,dist/client/บริการ/รับซื้อคอมทำงานกราฟิก/index.html,yes,200,yes,/บริการ/รับซื้อคอมทำงานกราฟิก,yes,รับซื้อคอมทำงานกราฟิกมือสองทั่วประเทศ | Amphon.co.th,รับซื้อคอมทำงานกราฟิกมือสอง เครื่องออกแบบ งานภาพ Adobe Photoshop Illustrator และกราฟิกทั่วไปทั่วประเทศ ส่งรูปและสเปกเพื่,รับซื้อคอมทำงานกราฟิกมือสอง ประเมินตามสเปกจริงทั่วประเทศ,Answer|BreadcrumbList|ContactPoint|Country|FAQPage|GeoCoordinates|ImageObject|ListItem|LocalBusiness|Offer|OpeningHoursSpecification|Organization|PostalAddress|ProfessionalService|Question|Service|WebPage|WebSite,682,8,63,4,OK
/บริการ/รับซื้อคอมบริษัท,service-hub,dist/client/บริการ/รับซื้อคอมบริษัท/index.html,yes,200,yes,/บริการ/รับซื้อคอมบริษัท,yes,รับซื้อคอมบริษัท โน้ตบุ๊กพนักงาน และเครื่ององค์กรปลดระวาง | Amphon.co.th,รับซื้อคอมบริษัทและโน้ตบุ๊กพนักงานเก่า บริษัทส่งรายการรุ่น จำนวน สเปก สภาพเครื่อง และสถานที่ตั้ง เพื่อประเมินราคาเบื้องต,รับซื้อคอมบริษัทและโน้ตบุ๊กพนักงานเก่า ส่งรายการประเมินเบื้องต้น,Answer|BreadcrumbList|ContactPoint|Country|FAQPage|GeoCoordinates|ImageObject|ListItem|LocalBusiness|Offer|OfferCatalog|OpeningHoursSpecification|Organization|PostalAddress|ProfessionalService|Question|Service|WebPage|WebSite,973,1167,98,5,OK
/บริการ/รับซื้อคอมบริษัทปิดกิจการ,service-hub,dist/client/บริการ/รับซื้อคอมบริษัทปิดกิจการ/index.html,yes,200,yes,/บริการ/รับซื้อคอมบริษัทปิดกิจการ,yes,รับซื้อคอมบริษัทปิดกิจการ เคลียร์ออฟฟิศทั่วประเทศ | Amphon.co.th,รับซื้อคอมบริษัทปิดกิจการ ปิดสาขา ย้ายออฟฟิศ หรือเคลียร์ทรัพย์สินไอทีทั่วประเทศ ส่งรูปหรือรายการเครื่องเพื่อประเมินราคาเ,รับซื้อคอมบริษัทปิดกิจการ เคลียร์คอมและอุปกรณ์ไอทีทั่วประเทศ,Answer|BreadcrumbList|ContactPoint|Country|FAQPage|GeoCoordinates|ImageObject|ListItem|LocalBusiness|Offer|OpeningHoursSpecification|Organization|PostalAddress|ProfessionalService|Question|Service|WebPage|WebSite,664,14,66,6,OK
/บริการ/รับซื้อคอมประกอบ,service-hub,dist/client/บริการ/รับซื้อคอมประกอบ/index.html,yes,200,yes,/บริการ/รับซื้อคอมประกอบ,yes,รับซื้อคอมประกอบมือสองทั่วประเทศ ส่งสเปกประเมินฟรี | Amphon.co.th,รับซื้อคอมประกอบมือสอง เครื่องประกอบเอง เครื่องร้านประกอบ คอมเล่นเกม คอมทำงาน และเครื่องมีตำหนิทั่วประเทศ ส่งสเปก CPU กา,รับซื้อคอมประกอบมือสอง ประเมินตามสเปกจริงทั่วประเทศ,Answer|BreadcrumbList|ContactPoint|Country|FAQPage|GeoCoordinates|ImageObject|ListItem|LocalBusiness|Offer|OpeningHoursSpecification|Organization|PostalAddress|ProfessionalService|Question|Service|WebPage|WebSite,782,37,65,4,OK
/บริการ/รับซื้อคอมพิวเตอร์,service-hub,dist/client/บริการ/รับซื้อคอมพิวเตอร์/index.html,yes,200,yes,/บริการ/รับซื้อคอมพิวเตอร์,yes,รับซื้อคอม รับซื้อคอมพิวเตอร์ PC คอมประกอบ ประเมินฟรี | Amphon.co.th,รับซื้อคอมและรับซื้อคอมพิวเตอร์มือสอง ทั้ง PC คอมตั้งโต๊ะ คอมประกอบ Gaming PC และคอมบริษัท ส่งรูปพร้อมสเปกประเมินฟรี มีห,รับซื้อคอม รับซื้อคอมพิวเตอร์ PC และคอมประกอบ ประเมินตามสเปกจริง,Answer|BreadcrumbList|ContactPoint|Country|FAQPage|GeoCoordinates|ImageObject|ListItem|LocalBusiness|Offer|OfferCatalog|OpeningHoursSpecification|Organization|PostalAddress|ProfessionalService|Question|Service|WebPage|WebSite,1076,60,121,5,OK
/บริการ/รับซื้อคอมพิวเตอร์ตั้งโต๊ะ,service-hub,dist/client/บริการ/รับซื้อคอมพิวเตอร์ตั้งโต๊ะ/index.html,yes,200,yes,/บริการ/รับซื้อคอมพิวเตอร์ตั้งโต๊ะ,yes,รับซื้อคอมพิวเตอร์ตั้งโต๊ะ PC แบรนด์ และ All-in-One มือสอง | Amphon.co.th,"รับซื้อคอมพิวเตอร์ตั้งโต๊ะ Desktop PC, PC แบรนด์ และ All-in-One ส่งสเปก สภาพเครื่อง อุปกรณ์ และรูปสินค้า เพื่อประเมินราค",รับซื้อคอมพิวเตอร์ตั้งโต๊ะ PC แบรนด์ และ All-in-One มือสอง,Answer|BreadcrumbList|ContactPoint|Country|FAQPage|GeoCoordinates|ImageObject|ListItem|LocalBusiness|Offer|OpeningHoursSpecification|Organization|PostalAddress|ProfessionalService|Question|Service|WebPage|WebSite,763,1167,69,4,OK
/บริการ/รับซื้อคอมยกล็อต,service-hub,dist/client/บริการ/รับซื้อคอมยกล็อต/index.html,yes,200,yes,/บริการ/รับซื้อคอมยกล็อต,yes,รับซื้อคอมยกล็อต เหมาคอมพิวเตอร์และสินค้าไอทีหลายเครื่อง | Amphon.co.th,รับซื้อคอมยกล็อตและสินค้าไอทีหลายเครื่อง บริษัทหรือร้านค้าส่ง Inventory List รุ่น จำนวน สภาพ และสถานที่ตั้ง เพื่อประเมิน,รับซื้อคอมยกล็อต ส่ง Inventory List เพื่อประเมินราคาเบื้องต้น,Answer|BreadcrumbList|ContactPoint|Country|FAQPage|GeoCoordinates|ImageObject|ListItem|LocalBusiness|Offer|OpeningHoursSpecification|Organization|PostalAddress|ProfessionalService|Question|Service|WebPage|WebSite,664,28,73,6,OK
/บริการ/รับซื้อคอมร้านเกม,service-hub,dist/client/บริการ/รับซื้อคอมร้านเกม/index.html,yes,200,yes,/บริการ/รับซื้อคอมร้านเกม,yes,รับซื้อคอมร้านเกมมือสอง ยกล็อตทั่วประเทศ | Amphon.co.th,รับซื้อคอมร้านเกมมือสอง เครื่องร้านเกมปิดกิจการ อัปเกรดเครื่อง หรือขายยกล็อตทั่วประเทศ ส่ง Inventory List จำนวนเครื่อง แ,รับซื้อคอมร้านเกมมือสอง ยกล็อต ประเมินตามรายการเครื่องทั่วประเทศ,Answer|BreadcrumbList|ContactPoint|Country|FAQPage|GeoCoordinates|ImageObject|ListItem|LocalBusiness|Offer|OpeningHoursSpecification|Organization|PostalAddress|ProfessionalService|Question|Service|WebPage|WebSite,623,26,65,4,OK
/บริการ/รับซื้อคอมสตรีมเกม,service-hub,dist/client/บริการ/รับซื้อคอมสตรีมเกม/index.html,yes,200,yes,/บริการ/รับซื้อคอมสตรีมเกม,yes,รับซื้อคอมสตรีมเกมมือสองทั่วประเทศ ส่งสเปกประเมินฟรี | Amphon.co.th,รับซื้อคอมสตรีมเกมมือสอง คอมเล่นเกมพร้อมสตรีม เครื่อง creator และชุดอุปกรณ์ที่เกี่ยวข้องทั่วประเทศ ส่งรูป สเปก และรายการ,รับซื้อคอมสตรีมเกมมือสอง ชุดเล่นเกมและสตรีมประเมินฟรีทั่วประเทศ,Answer|BreadcrumbList|ContactPoint|Country|FAQPage|GeoCoordinates|ImageObject|ListItem|LocalBusiness|Offer|OpeningHoursSpecification|Organization|PostalAddress|ProfessionalService|Question|Service|WebPage|WebSite,657,19,64,4,OK
/บริการ/รับซื้อคอมสำนักงาน,service-hub,dist/client/บริการ/รับซื้อคอมสำนักงาน/index.html,yes,200,yes,/บริการ/รับซื้อคอมสำนักงาน,yes,รับซื้อคอมสำนักงาน คอมออฟฟิศและอุปกรณ์ไอทีสำนักงาน | Amphon.co.th,รับซื้อคอมสำนักงาน PC ออฟฟิศ จอคอม UPS และอุปกรณ์ไอทีสำนักงาน ส่งรายการ รุ่น จำนวน สภาพ และสถานที่ตั้ง เพื่อประเมินราคาเ,รับซื้อคอมสำนักงานและอุปกรณ์ไอทีออฟฟิศ ส่งรายการประเมินเบื้องต้น,Answer|BreadcrumbList|ContactPoint|Country|FAQPage|GeoCoordinates|ImageObject|ListItem|LocalBusiness|Offer|OpeningHoursSpecification|Organization|PostalAddress|ProfessionalService|Question|Service|WebPage|WebSite,712,20,74,6,OK
/บริการ/รับซื้อคอมสเปกสูง,service-hub,dist/client/บริการ/รับซื้อคอมสเปกสูง/index.html,yes,200,yes,/บริการ/รับซื้อคอมสเปกสูง,yes,รับซื้อคอมสเปกสูงมือสองทั่วประเทศ ส่งสเปกประเมินฟรี | Amphon.co.th,รับซื้อคอมสเปกสูงมือสอง เครื่องเล่นเกม เครื่องตัดต่อ เครื่องทำงานกราฟิก และ PC ประกอบทั่วประเทศ ส่งสเปก CPU การ์ดจอ RAM ,รับซื้อคอมสเปกสูงมือสอง เครื่องเล่นเกม ทำงานกราฟิก และตัดต่อทั่วประเทศ,Answer|BreadcrumbList|ContactPoint|Country|FAQPage|GeoCoordinates|ImageObject|ListItem|LocalBusiness|Offer|OpeningHoursSpecification|Organization|PostalAddress|ProfessionalService|Question|Service|WebPage|WebSite,883,29,66,4,OK
/บริการ/รับซื้อคอมเกมมิ่ง,service-hub,dist/client/บริการ/รับซื้อคอมเกมมิ่ง/index.html,yes,200,yes,/บริการ/รับซื้อคอมเกมมิ่ง,yes,รับซื้อคอมเกมมิ่งมือสอง เช็กสเปกก่อนประเมินราคา | Amphon.co.th,รับซื้อคอมเกมมิ่งมือสองและคอมประกอบสำหรับเล่นเกม ส่งสเปก CPU การ์ดจอ RAM SSD สภาพเครื่อง และอุปกรณ์ เพื่อประเมินราคาเบื้,รับซื้อคอมเกมมิ่งมือสอง ส่งสเปกและรูปเครื่องเพื่อประเมินเบื้องต้น,Answer|BreadcrumbList|ContactPoint|Country|FAQPage|GeoCoordinates|ImageObject|ListItem|LocalBusiness|Offer|OpeningHoursSpecification|Organization|PostalAddress|ProfessionalService|Question|Service|WebPage|WebSite,428,87,85,4,OK
/บริการ/รับซื้อคอมเล่นเกมสเปกแรง,service-hub,dist/client/บริการ/รับซื้อคอมเล่นเกมสเปกแรง/index.html,yes,200,yes,/บริการ/รับซื้อคอมเล่นเกมสเปกแรง,yes,รับซื้อคอมเล่นเกมสเปกแรงมือสองทั่วประเทศ | Amphon.co.th,รับซื้อคอมเล่นเกมสเปกแรงมือสอง เครื่องมีการ์ดจอ RTX/Radeon CPU รุ่นสูง RAM และ SSD สำหรับเล่นเกมทั่วประเทศ ส่งสเปกเพื่อป,รับซื้อคอมเล่นเกมสเปกแรงมือสอง ประเมินตามสเปกจริงทั่วประเทศ,Answer|BreadcrumbList|ContactPoint|Country|FAQPage|GeoCoordinates|ImageObject|ListItem|LocalBusiness|Offer|OpeningHoursSpecification|Organization|PostalAddress|ProfessionalService|Question|Service|WebPage|WebSite,675,20,64,4,OK
/บริการ/รับซื้อคอมเสีย,service-hub,dist/client/บริการ/รับซื้อคอมเสีย/index.html,yes,200,yes,/บริการ/รับซื้อคอมเสีย,yes,รับซื้อคอมเสีย ซากคอมพิวเตอร์ เปิดไม่ติด | Amphon.co.th,รับซื้อคอมเสีย ซากคอม เปิดไม่ติด ตีราคาแยกชิ้นส่วนที่ยังใช้งานได้ บอร์ดเสีย จอแตก HDD พัง เราประเมินให้อย่างยุติธรรม เปล,รับซื้อคอมเสีย เปิดไม่ติด ซากคอม อะไหล่คอม ประเมินตามสภาพ,Answer|BreadcrumbList|ContactPoint|Country|FAQPage|GeoCoordinates|ImageObject|ListItem|LocalBusiness|Offer|OpeningHoursSpecification|Organization|PostalAddress|ProfessionalService|Question|Service|WebPage|WebSite,262,10,62,7,OK
/บริการ/รับซื้อจอคอม,service-hub,dist/client/บริการ/รับซื้อจอคอม/index.html,yes,200,yes,/บริการ/รับซื้อจอคอม,yes,รับซื้อจอคอมสำนักงาน Monitor มือสองทั่วประเทศ | Amphon.co.th,รับซื้อจอคอมสำนักงาน Monitor มือสอง จอคอมบริษัท และจอคอมยกล็อตทั่วประเทศ ส่งรูป รุ่น ขนาดจอ และสภาพเพื่อประเมินได้,รับซื้อจอคอมสำนักงาน Monitor มือสอง รับยกล็อตทั่วประเทศ,Answer|BreadcrumbList|ContactPoint|Country|FAQPage|GeoCoordinates|ImageObject|ListItem|LocalBusiness|Offer|OpeningHoursSpecification|Organization|PostalAddress|ProfessionalService|Question|Service|WebPage|WebSite,970,52,84,6,OK
/บริการ/รับซื้อจอเกมมิ่ง,service-hub,dist/client/บริการ/รับซื้อจอเกมมิ่ง/index.html,yes,200,yes,/บริการ/รับซื้อจอเกมมิ่ง,yes,"รับซื้อจอเกมมิ่ง มือสอง จอ 144Hz, 240Hz, จอโค้ง ประเมินฟรี | Amphon.co.th","รับซื้อจอเกมมิ่งมือสอง (Gaming Monitor) 144Hz, 240Hz, 360Hz จอโค้ง จอ Ultrawide แบรนด์ ASUS ROG, ZOWIE, Alienware, AOC, ","รับซื้อจอเกมมิ่ง มือสอง จอ 144Hz, 240Hz, จอโค้ง ประเมินฟรี",Answer|BreadcrumbList|ContactPoint|Country|FAQPage|GeoCoordinates|ImageObject|ListItem|LocalBusiness|Offer|OpeningHoursSpecification|Organization|PostalAddress|ProfessionalService|Question|Service|WebPage|WebSite,605,24,82,5,OK
/บริการ/รับซื้อซีพียู,service-hub,dist/client/บริการ/รับซื้อซีพียู/index.html,yes,200,yes,/บริการ/รับซื้อซีพียู,yes,"รับซื้อ CPU มือสอง ซีพียู Intel Core i9, i7, i5 และ AMD Ryzen | Amphon.co.th","รับซื้อ CPU มือสอง รับซื้อซีพียู Intel Core Gen 14, 13, 12 และ AMD Ryzen 9, 7, 5 ประเมินราคาตามรุ่น บริการนัดรับหรือประส","รับซื้อ CPU มือสอง ซีพียู Intel Core i9, i7, i5 และ AMD Ryzen",Answer|BreadcrumbList|ContactPoint|Country|FAQPage|GeoCoordinates|ImageObject|ListItem|LocalBusiness|Offer|OpeningHoursSpecification|Organization|PostalAddress|ProfessionalService|Question|Service|WebPage|WebSite,910,39,82,5,OK
/บริการ/รับซื้อทีวี,service-hub,dist/client/บริการ/รับซื้อทีวี/index.html,yes,200,yes,/บริการ/รับซื้อทีวี,yes,รับซื้อทีวีมือสอง จอใหญ่ขนยาก เราไปรับถึงที่ ประเมินฟรี | Amphon.co.th,"รับซื้อทีวีมือสอง Smart TV, OLED, 4K ทุกขนาด 32-85 นิ้วขึ้นไป Samsung, Sony, LG ประเมินฟรี มีบริการไปนัดรับหรือประสานขนส",รับซื้อทีวีมือสอง จอใหญ่ขนยาก เราไปรับถึงที่ ประเมินฟรี,Answer|BreadcrumbList|ContactPoint|Country|FAQPage|GeoCoordinates|ImageObject|ListItem|LocalBusiness|Offer|OpeningHoursSpecification|Organization|PostalAddress|ProfessionalService|Question|Service|WebPage|WebSite,815,31,82,5,OK
/บริการ/รับซื้อมือถือ,service-hub,dist/client/บริการ/รับซื้อมือถือ/index.html,yes,200,yes,/บริการ/รับซื้อมือถือ,yes,รับซื้อมือถือมือสองหลายแบรนด์ทั่วประเทศ ส่งรูปประเมินฟรี | Amphon.co.th,"รับซื้อมือถือมือสองหลายแบรนด์ เช่น Samsung, OPPO, vivo, Xiaomi, realme และ Android รุ่นต่าง ๆ ทั่วประเทศ ส่งรูป รุ่น ควา",รับซื้อมือถือมือสองหลายแบรนด์ ประเมินตามสภาพจริงทั่วประเทศ,Answer|BreadcrumbList|ContactPoint|Country|FAQPage|GeoCoordinates|ImageObject|ListItem|LocalBusiness|Offer|OpeningHoursSpecification|Organization|PostalAddress|ProfessionalService|Question|Service|WebPage|WebSite,464,14,51,5,OK
/บริการ/รับซื้อลำโพงบลูทูธ,service-hub,dist/client/บริการ/รับซื้อลำโพงบลูทูธ/index.html,yes,200,yes,/บริการ/รับซื้อลำโพงบลูทูธ,yes,รับซื้อลำโพงบลูทูธ มือสอง ลำโพงพกพา ลำโพงบ้าน ประเมินฟรี | Amphon.co.th,"รับซื้อลำโพงบลูทูธมือสอง (Bluetooth Speaker) ทุกแบรนด์ JBL, Marshall, Harman Kardon, Bose, Sony ประเมินราคาฟรี บริการนัด",รับซื้อลำโพงบลูทูธ มือสอง ลำโพงพกพา ลำโพงบ้าน ประเมินฟรี,Answer|BreadcrumbList|ContactPoint|Country|FAQPage|GeoCoordinates|ImageObject|ListItem|LocalBusiness|Offer|OpeningHoursSpecification|Organization|PostalAddress|ProfessionalService|Question|Service|WebPage|WebSite,597,31,82,5,OK
/บริการ/รับซื้อสินค้าไอทีบริษัท,service-hub,dist/client/บริการ/รับซื้อสินค้าไอทีบริษัท/index.html,yes,200,yes,/บริการ/รับซื้อสินค้าไอทีบริษัท,yes,รับซื้อสินค้าไอทีบริษัททั่วประเทศ ส่งรายการประเมินราคาเบื้องต้น | Amphon.co.th,รับซื้อสินค้าไอทีบริษัทและองค์กร เช่น คอม โน้ตบุ๊ก จอ Printer UPS Network Server NAS มือถือ แท็บเล็ต และอุปกรณ์สำนักงานไ,รับซื้อสินค้าไอทีบริษัท หลายประเภทในล็อตเดียว ส่งรายการประเมินได้ทั่วประเทศ,Answer|BreadcrumbList|ContactPoint|Country|FAQPage|GeoCoordinates|ImageObject|ListItem|LocalBusiness|Offer|OpeningHoursSpecification|Organization|PostalAddress|ProfessionalService|Question|Service|WebPage|WebSite,660,21,69,4,OK
/บริการ/รับซื้อหูฟัง,service-hub,dist/client/บริการ/รับซื้อหูฟัง/index.html,yes,200,yes,/บริการ/รับซื้อหูฟัง,yes,รับซื้อหูฟังมือสอง หูฟังบลูทูธ หูฟังเกมมิ่ง ประเมินฟรี | Amphon.co.th,"รับซื้อหูฟังมือสอง AirPods, Sony, Marshall, หูฟังเกมมิ่ง ประเมินฟรี ตีราคาตามสภาพ และส่งรูปเช็กรายละเอียดเบื้องต้นได้",รับซื้อหูฟังมือสองหลายประเภท ส่งรูปประเมินราคาเบื้องต้นได้,Answer|BreadcrumbList|ContactPoint|Country|FAQPage|GeoCoordinates|ImageObject|ListItem|LocalBusiness|Offer|OpeningHoursSpecification|Organization|PostalAddress|ProfessionalService|Question|Service|WebPage|WebSite,1493,33,83,5,OK
/บริการ/รับซื้ออุปกรณ์-network,service-hub,dist/client/บริการ/รับซื้ออุปกรณ์-network/index.html,yes,200,yes,/บริการ/รับซื้ออุปกรณ์-network,yes,รับซื้ออุปกรณ์ Network มือสอง สวิตช์และเร้าเตอร์ระดับองค์กร | Amphon.co.th,"รับซื้ออุปกรณ์ Network มือสอง เช่น Router, Switch, Access Point และ Firewall สำหรับสำนักงานและองค์กร ส่งแบรนด์ รุ่น และจ",รับซื้ออุปกรณ์ Network มือสอง สวิตช์และเร้าเตอร์ ส่งสเปกเพื่อประเมินราคา,Answer|BreadcrumbList|ContactPoint|Country|FAQPage|GeoCoordinates|ImageObject|ListItem|LocalBusiness|Offer|OpeningHoursSpecification|Organization|PostalAddress|ProfessionalService|Question|Service|WebPage|WebSite,1467,33,84,4,OK
/บริการ/รับซื้ออุปกรณ์คอมพิวเตอร์,service-hub,dist/client/บริการ/รับซื้ออุปกรณ์คอมพิวเตอร์/index.html,yes,200,yes,/บริการ/รับซื้ออุปกรณ์คอมพิวเตอร์,yes,รับซื้ออุปกรณ์คอมพิวเตอร์ การ์ดจอ ซีพียู จอคอม ประเมินฟรี | Amphon.co.th,"รับซื้ออุปกรณ์คอมพิวเตอร์มือสอง รับซื้อการ์ดจอ (VGA), CPU, เมนบอร์ด, RAM, จอคอมพิวเตอร์ ประเมินฟรี ตีราคาไว ชำระเงินหลัง",รับซื้ออุปกรณ์คอมพิวเตอร์ การ์ดจอ ซีพียู จอคอม ประเมินฟรี,Answer|BreadcrumbList|ContactPoint|Country|FAQPage|GeoCoordinates|ImageObject|ListItem|LocalBusiness|Offer|OpeningHoursSpecification|Organization|PostalAddress|ProfessionalService|Question|Service|WebPage|WebSite,1682,27,91,5,OK
/บริการ/รับซื้ออุปกรณ์สำนักงานมือสอง,service-hub,dist/client/บริการ/รับซื้ออุปกรณ์สำนักงานมือสอง/index.html,yes,200,yes,/บริการ/รับซื้ออุปกรณ์สำนักงานมือสอง,yes,รับซื้ออุปกรณ์สำนักงานมือสอง คอมพิวเตอร์ จอ เครื่องปริ้น UPS ประเมินตามสภาพจริง | Amphon.co.th,รับซื้ออุปกรณ์สำนักงานมือสอง ด้านไอที เครื่องปริ้นเตอร์ UPS จอคอมพิวเตอร์ สแกนเนอร์ เครื่อง POS บาร์โค้ด ตีราคารับซื้อถึ,รับซื้ออุปกรณ์สำนักงานมือสอง คอม จอ Printer UPS และอุปกรณ์ไอที,Answer|BreadcrumbList|ContactPoint|Country|FAQPage|GeoCoordinates|ImageObject|ListItem|LocalBusiness|Offer|OpeningHoursSpecification|Organization|PostalAddress|ProfessionalService|Question|Service|WebPage|WebSite,326,21,59,4,OK
/บริการ/รับซื้ออุปกรณ์ไอที,service-hub,dist/client/บริการ/รับซื้ออุปกรณ์ไอที/index.html,yes,200,yes,/บริการ/รับซื้ออุปกรณ์ไอที,yes,รับซื้ออุปกรณ์ไอที มือสอง แกดเจ็ต Smart Home อุปกรณ์เน็ตเวิร์ค | Amphon.co.th,รับซื้ออุปกรณ์ไอทีมือสอง Gadget อุปกรณ์เสริมคอมพิวเตอร์ อุปกรณ์ Smart Home เมาส์ คีย์บอร์ด รูทเตอร์ (Router) ประเมินราคา,รับซื้ออุปกรณ์ไอทีมือสองหลายประเภท ประเมินตามสภาพจริง,Answer|BreadcrumbList|ContactPoint|Country|FAQPage|GeoCoordinates|ImageObject|ListItem|LocalBusiness|Offer|OpeningHoursSpecification|Organization|PostalAddress|ProfessionalService|Question|Service|WebPage|WebSite,654,44,82,5,OK
/บริการ/รับซื้ออุปกรณ์ไอทีบริษัท,service-hub,dist/client/บริการ/รับซื้ออุปกรณ์ไอทีบริษัท/index.html,yes,200,yes,/บริการ/รับซื้ออุปกรณ์ไอทีบริษัท,yes,รับซื้ออุปกรณ์ไอทีบริษัท จอ UPS Network และอุปกรณ์สำนักงาน | Amphon.co.th,รับซื้ออุปกรณ์ไอทีบริษัท เช่น จอคอม UPS อุปกรณ์ Network NAS และอุปกรณ์สำนักงานไอที ส่งรายการ รุ่น จำนวน สภาพ และสถานที่ต,รับซื้ออุปกรณ์ไอทีบริษัท ส่งรายการอุปกรณ์เพื่อประเมินเบื้องต้น,Answer|BreadcrumbList|ContactPoint|Country|FAQPage|GeoCoordinates|ImageObject|ListItem|LocalBusiness|Offer|OpeningHoursSpecification|Organization|PostalAddress|ProfessionalService|Question|Service|WebPage|WebSite,404,22,68,4,OK
/บริการ/รับซื้อเครื่องเกม,service-hub,dist/client/บริการ/รับซื้อเครื่องเกม/index.html,yes,200,yes,/บริการ/รับซื้อเครื่องเกม,yes,"รับซื้อเครื่องเกม (Console) มือสอง PS5, Nintendo Switch | Amphon.co.th","รับซื้อเครื่องเกมมือสอง (Console) ประเมินตามสภาพจริง รับซื้อ PS5, PS4, Nintendo Switch OLED, Xbox, Steam Deck ประเมินราค","รับซื้อเครื่องเกม (Console) มือสอง PS5, Nintendo Switch",Answer|BreadcrumbList|ContactPoint|Country|FAQPage|GeoCoordinates|ImageObject|ListItem|LocalBusiness|Offer|OpeningHoursSpecification|Organization|PostalAddress|ProfessionalService|Question|Service|WebPage|WebSite,645,28,84,5,OK
/บริการ/รับซื้อเครื่องใช้ไฟฟ้า,service-hub,dist/client/บริการ/รับซื้อเครื่องใช้ไฟฟ้า/index.html,yes,200,yes,/บริการ/รับซื้อเครื่องใช้ไฟฟ้า,yes,รับซื้อเครื่องใช้ไฟฟ้ามือสอง แอร์ ตู้เย็น เครื่องซักผ้า ประเมินก่อนนัดรับ | Amphon.co.th,รับซื้อเครื่องใช้ไฟฟ้ามือสอง เช่น แอร์ ตู้เย็น เครื่องซักผ้า และของใช้ในบ้าน ส่งรูปประเมินเบื้องต้น ราคาสุดท้ายยืนยันหลั,รับซื้อเครื่องใช้ไฟฟ้ามือสอง แอร์ ตู้เย็น เครื่องซักผ้า ประเมินก่อนนัดรับ,Answer|BreadcrumbList|ContactPoint|Country|FAQPage|GeoCoordinates|ImageObject|ListItem|LocalBusiness|Offer|OpeningHoursSpecification|Organization|PostalAddress|ProfessionalService|Question|Service|WebPage|WebSite,749,31,82,5,OK
/บริการ/รับซื้อเฟอร์นิเจอร์,service-hub,dist/client/บริการ/รับซื้อเฟอร์นิเจอร์/index.html,yes,200,yes,/บริการ/รับซื้อเฟอร์นิเจอร์,yes,รับซื้อเฟอร์นิเจอร์มือสอง ประเมินฟรี อุบลราชธานี | Amphon.co.th,รับซื้อเฟอร์นิเจอร์มือสอง ทั้งโต๊ะ เก้าอี้ ตู้ โซฟา และรับเหมาเฟอร์นิเจอร์ออฟฟิศหรือร้านปิดกิจการ ส่งรูปประเมินฟรี ราคาส,รับซื้อเฟอร์นิเจอร์มือสอง ประเมินฟรี อุบลราชธานี,Answer|BreadcrumbList|ContactPoint|Country|FAQPage|GeoCoordinates|ImageObject|ListItem|LocalBusiness|Offer|OpeningHoursSpecification|Organization|PostalAddress|ProfessionalService|Question|Service|WebPage|WebSite,897,31,81,5,OK
/บริการ/รับซื้อเมนบอร์ด,service-hub,dist/client/บริการ/รับซื้อเมนบอร์ด/index.html,yes,200,yes,/บริการ/รับซื้อเมนบอร์ด,yes,รับซื้อเมนบอร์ดมือสอง (Mainboard/Motherboard) ทุกชิปเซ็ต | Amphon.co.th,"รับซื้อเมนบอร์ดมือสอง ประเมินฟรี รับซื้อ Mainboard Intel (Z790, B760) และ AMD (X670, B650) ทุกแบรนด์ ASUS, Gigabyte, MSI",รับซื้อเมนบอร์ดมือสอง (Mainboard/Motherboard) ทุกชิปเซ็ต,Answer|BreadcrumbList|ContactPoint|Country|FAQPage|GeoCoordinates|ImageObject|ListItem|LocalBusiness|Offer|OpeningHoursSpecification|Organization|PostalAddress|ProfessionalService|Question|Service|WebPage|WebSite,883,29,82,5,OK
/บริการ/รับซื้อเลนส์,service-hub,dist/client/บริการ/รับซื้อเลนส์/index.html,yes,200,no,/บริการ/รับซื้อเลนส์กล้อง,no,รับซื้อเลนส์กล้องมือสอง | Amphon Trading,กำลังนำท่านไปยังหน้ารับซื้อเลนส์กล้องมือสอง เพื่อประเมินตามสภาพจริง,กำลังเปลี่ยนเส้นทาง...,,11,0,1,0,OK
/บริการ/รับซื้อเลนส์กล้อง,service-hub,dist/client/บริการ/รับซื้อเลนส์กล้อง/index.html,yes,200,yes,/บริการ/รับซื้อเลนส์กล้อง,yes,รับซื้อเลนส์กล้องมือสอง Canon Sony Fuji Nikon | Amphon.co.th,รับซื้อเลนส์กล้องมือสองทุกระยะ เลนส์ค่ายและเลนส์อิสระ Sigma Tamron ประเมินตามสภาพชิ้นแก้ว ฝ้า รา ฝุ่น รูรับแสง และระบบ A,รับซื้อเลนส์กล้องมือสอง Canon Sony Fuji Nikon Sigma Tamron,Answer|BreadcrumbList|ContactPoint|Country|FAQPage|GeoCoordinates|ImageObject|ListItem|LocalBusiness|Offer|OpeningHoursSpecification|Organization|PostalAddress|ProfessionalService|Question|Service|WebPage|WebSite,356,15,66,7,OK
/บริการ/รับซื้อแท็บเล็ต,service-hub,dist/client/บริการ/รับซื้อแท็บเล็ต/index.html,yes,200,yes,/บริการ/รับซื้อแท็บเล็ต,yes,รับซื้อแท็บเล็ตมือสอง Samsung Xiaomi Huawei Lenovo | Amphon.co.th,"รับซื้อแท็บเล็ตมือสอง Samsung Galaxy Tab, Xiaomi Pad, Huawei MatePad, Lenovo Tab, HONOR Pad และ Windows Tablet ส่งรุ่น ค",รับซื้อแท็บเล็ตมือสอง Android และ Windows Tablet,Answer|BreadcrumbList|ContactPoint|Country|FAQPage|GeoCoordinates|ImageObject|ListItem|LocalBusiness|Offer|OpeningHoursSpecification|Organization|PostalAddress|ProfessionalService|Question|Service|WebPage|WebSite,686,31,61,6,OK
/บริการ/รับซื้อแรม,service-hub,dist/client/บริการ/รับซื้อแรม/index.html,yes,200,yes,/บริการ/รับซื้อแรม,yes,รับซื้อแรม RAM มือสอง DDR3 DDR4 DDR5 ส่งรูปเช็กราคาได้ | Amphon.co.th,"รับซื้อแรมมือสองทั้ง DDR3 DDR4 DDR5 สำหรับ Notebook, PC และ Server RAM ส่งรูปสติกเกอร์สเปกและจำนวนแผงเพื่อประเมินเบื้องต",รับซื้อแรม RAM มือสอง DDR3 DDR4 DDR5 ส่งรูปเช็กราคาได้,Answer|BreadcrumbList|ContactPoint|Country|FAQPage|GeoCoordinates|ImageObject|ListItem|LocalBusiness|Offer|OpeningHoursSpecification|Organization|PostalAddress|ProfessionalService|Question|Service|WebPage|WebSite,844,41,87,5,OK
/บริการ/รับซื้อโดรน,service-hub,dist/client/บริการ/รับซื้อโดรน/index.html,yes,200,yes,/บริการ/รับซื้อโดรน,yes,รับซื้อโดรนมือสอง DJI หลายรุ่น เช็ค Cycle แบตประเมินฟรี | Amphon.co.th,"รับซื้อโดรน DJI มือสอง รับซื้อ drone ถ่ายภาพมุมสูง Mavic, Mini, Air หลายซีรีส์ ประเมินตามรอบชาร์จแบตเตอรี่ ลูกค้าทั่วประ",รับซื้อโดรนมือสองและอุปกรณ์ถ่ายภาพ ส่งรูปประเมินเบื้องต้นได้,Answer|BreadcrumbList|ContactPoint|Country|FAQPage|GeoCoordinates|ImageObject|ListItem|LocalBusiness|Offer|OpeningHoursSpecification|Organization|PostalAddress|ProfessionalService|Question|Service|WebPage|WebSite,907,30,84,8,OK
/บริการ/รับซื้อโทรศัพท์มือสอง,service-hub,dist/client/บริการ/รับซื้อโทรศัพท์มือสอง/index.html,yes,200,yes,/บริการ/รับซื้อโทรศัพท์มือสอง,yes,รับซื้อโทรศัพท์มือสองทุกยี่ห้อ Samsung OPPO vivo Xiaomi | Amphon.co.th,รับซื้อโทรศัพท์มือสอง iPhone Samsung OPPO vivo Xiaomi realme Huawei และมือถือหลายยี่ห้อ ส่งรุ่น ความจุ และรูปสภาพผ่าน LI,รับซื้อโทรศัพท์มือสองทุกยี่ห้อ ส่งรูปประเมินออนไลน์,Answer|BreadcrumbList|ContactPoint|Country|FAQPage|GeoCoordinates|ImageObject|ListItem|LocalBusiness|Offer|OpeningHoursSpecification|Organization|PostalAddress|ProfessionalService|Question|Service|WebPage|WebSite,580,17,50,6,OK
/บริการ/รับซื้อโทรศัพท์เสีย,service-hub,dist/client/บริการ/รับซื้อโทรศัพท์เสีย/index.html,yes,200,yes,/บริการ/รับซื้อโทรศัพท์เสีย,yes,รับซื้อโทรศัพท์เสีย จอแตก เปิดไม่ติด บอร์ดเสีย | Amphon.co.th,รับประเมินโทรศัพท์เสีย จอแตก เปิดไม่ติด ชาร์จไม่เข้า โดนน้ำ แบตเสื่อม กล้องหรือบอร์ดมีปัญหา ส่งรูป รุ่น และอาการผ่าน LIN,รับซื้อโทรศัพท์เสีย จอแตก เปิดไม่ติด และเครื่องมีปัญหา,Answer|BreadcrumbList|ContactPoint|Country|FAQPage|GeoCoordinates|ImageObject|ListItem|LocalBusiness|Offer|OpeningHoursSpecification|Organization|PostalAddress|ProfessionalService|Question|Service|WebPage|WebSite,449,5,47,6,OK
/บริการ/รับซื้อโน๊ตบุ๊ค,service-hub,dist/client/บริการ/รับซื้อโน๊ตบุ๊ค/index.html,yes,200,yes,/บริการ/รับซื้อโน๊ตบุ๊ค,yes,รับซื้อโน๊ตบุ๊คมือสอง เช็กราคาฟรี เครื่องดี-เสียก็ประเมินได้ | Amphon.co.th,รับซื้อโน๊ตบุ๊คมือสอง เครื่องใช้งานได้ เครื่องเสีย เกมมิ่ง และโน๊ตบุ๊คบริษัท ส่งรูป รุ่น สเปก แบตเตอรี่ และตำหนิเพื่อเช็,รับซื้อโน๊ตบุ๊คมือสอง เช็กราคาฟรี ส่งรูปประเมินได้ทั่วประเทศ,Answer|BreadcrumbList|ContactPoint|Country|FAQPage|GeoCoordinates|ImageObject|ListItem|LocalBusiness|Offer|OpeningHoursSpecification|Organization|PostalAddress|ProfessionalService|Question|Service|WebPage|WebSite,1124,1167,137,5,OK
/บริการ/รับซื้อโน๊ตบุ๊คจอแตก,service-hub,dist/client/บริการ/รับซื้อโน๊ตบุ๊คจอแตก/index.html,yes,200,yes,/บริการ/รับซื้อโน๊ตบุ๊คจอแตก,yes,รับซื้อโน๊ตบุ๊คจอแตก จอเสีย จอเป็นเส้นทั่วประเทศ | Amphon.co.th,รับซื้อโน๊ตบุ๊คจอแตก จอเสีย จอเป็นเส้น จอดำ หรือหน้าจอมีตำหนิทั่วประเทศ ส่งรูปอาการและสเปกเพื่อประเมินเบื้องต้นได้,รับซื้อโน๊ตบุ๊คจอแตก จอเสีย ประเมินตามสภาพจริงทั่วประเทศ,Answer|BreadcrumbList|ContactPoint|Country|FAQPage|GeoCoordinates|ImageObject|ListItem|LocalBusiness|Offer|OpeningHoursSpecification|Organization|PostalAddress|ProfessionalService|Question|Service|WebPage|WebSite,585,49,72,5,OK
/บริการ/รับซื้อโน๊ตบุ๊คบริษัท,service-hub,dist/client/บริการ/รับซื้อโน๊ตบุ๊คบริษัท/index.html,yes,200,yes,/บริการ/รับซื้อโน๊ตบุ๊คบริษัท,yes,รับซื้อโน๊ตบุ๊คบริษัท เครื่องพนักงานเก่าทั่วประเทศ | Amphon.co.th,รับซื้อโน๊ตบุ๊คบริษัท เครื่องพนักงานเก่า โน๊ตบุ๊คองค์กร และโน๊ตบุ๊คสำนักงานทั่วประเทศ ส่งรูปหรือ Inventory List เพื่อประ,รับซื้อโน๊ตบุ๊คบริษัท เครื่องพนักงานเก่า ประเมินเบื้องต้นทั่วประเทศ,Answer|BreadcrumbList|ContactPoint|Country|FAQPage|GeoCoordinates|ImageObject|ListItem|LocalBusiness|Offer|OpeningHoursSpecification|Organization|PostalAddress|ProfessionalService|Question|Service|WebPage|WebSite,596,32,73,6,OK
/บริการ/รับซื้อโน๊ตบุ๊คยกล็อต,service-hub,dist/client/บริการ/รับซื้อโน๊ตบุ๊คยกล็อต/index.html,yes,200,yes,/บริการ/รับซื้อโน๊ตบุ๊คยกล็อต,yes,รับซื้อโน๊ตบุ๊คยกล็อต หลายเครื่องทั่วประเทศ | Amphon.co.th,รับซื้อโน๊ตบุ๊คยกล็อต โน๊ตบุ๊คหลายเครื่อง เครื่องบริษัท โรงเรียน ร้านค้า และหน่วยงานทั่วประเทศ ส่งรายการเครื่องประเมินเบ,รับซื้อโน๊ตบุ๊คยกล็อต หลายเครื่อง ประเมินเบื้องต้นทั่วประเทศ,Answer|BreadcrumbList|ContactPoint|Country|FAQPage|GeoCoordinates|ImageObject|ListItem|LocalBusiness|Offer|OpeningHoursSpecification|Organization|PostalAddress|ProfessionalService|Question|Service|WebPage|WebSite,575,18,69,5,OK
/บริการ/รับซื้อโน๊ตบุ๊คเกมมิ่ง,service-hub,dist/client/บริการ/รับซื้อโน๊ตบุ๊คเกมมิ่ง/index.html,yes,200,yes,/บริการ/รับซื้อโน๊ตบุ๊คเกมมิ่ง,yes,รับซื้อโน๊ตบุ๊คเกมมิ่ง Gaming Notebook มือสองทั่วประเทศ ประเมินฟรี | Amphon.co.th,รับซื้อโน๊ตบุ๊คเกมมิ่งมือสอง Gaming Notebook หลายแบรนด์ทั่วประเทศ ส่งรูป รุ่น การ์ดจอ และสเปกเพื่อประเมินเบื้องต้นได้ LI,รับซื้อโน๊ตบุ๊คเกมมิ่งมือสอง Gaming Notebook ประเมินฟรีทั่วประเทศ,Answer|BreadcrumbList|ContactPoint|Country|FAQPage|GeoCoordinates|ImageObject|ListItem|LocalBusiness|Offer|OpeningHoursSpecification|Organization|PostalAddress|ProfessionalService|Question|Service|WebPage|WebSite,885,85,121,5,OK
/บริการ/รับซื้อโน๊ตบุ๊คเปิดไม่ติด,service-hub,dist/client/บริการ/รับซื้อโน๊ตบุ๊คเปิดไม่ติด/index.html,yes,200,yes,/บริการ/รับซื้อโน๊ตบุ๊คเปิดไม่ติด,yes,รับซื้อโน๊ตบุ๊คเปิดไม่ติด ประเมินอาการทั่วประเทศ | Amphon.co.th,รับซื้อโน๊ตบุ๊คเปิดไม่ติด ชาร์จเข้าไม่ขึ้นภาพ ไฟติดแต่จอดำ หรือเครื่องไม่บูตทั่วประเทศ ส่งรูปและอาการเพื่อประเมินเบื้องต,รับซื้อโน๊ตบุ๊คเปิดไม่ติด ชาร์จเข้าไม่ขึ้นภาพ ประเมินเบื้องต้นทั่วประเทศ,Answer|BreadcrumbList|ContactPoint|Country|FAQPage|GeoCoordinates|ImageObject|ListItem|LocalBusiness|Offer|OpeningHoursSpecification|Organization|PostalAddress|ProfessionalService|Question|Service|WebPage|WebSite,600,50,72,5,OK
/บริการ/รับซื้อโน๊ตบุ๊คเสีย,service-hub,dist/client/บริการ/รับซื้อโน๊ตบุ๊คเสีย/index.html,yes,200,yes,/บริการ/รับซื้อโน๊ตบุ๊คเสีย,yes,รับซื้อโน๊ตบุ๊คเสีย เปิดติดไม่ติด มีตำหนิทั่วประเทศ | Amphon.co.th,รับซื้อโน๊ตบุ๊คเสีย เปิดไม่ติด จอเสีย แบตเสื่อม คีย์บอร์ดเสีย หรือมีตำหนิทั่วประเทศ ส่งรูปและอาการเพื่อประเมินเบื้องต้นไ,รับซื้อโน๊ตบุ๊คเสีย มีตำหนิ ประเมินตามสภาพจริงทั่วประเทศ,Answer|BreadcrumbList|ContactPoint|Country|FAQPage|GeoCoordinates|ImageObject|ListItem|LocalBusiness|Offer|OpeningHoursSpecification|Organization|PostalAddress|ProfessionalService|Question|Service|WebPage|WebSite,689,72,91,5,OK
/บริการ/รับซื้อโน๊ตบุ๊คไม่มี-adapter,service-hub,dist/client/บริการ/รับซื้อโน๊ตบุ๊คไม่มี-adapter/index.html,yes,200,yes,/บริการ/รับซื้อโน๊ตบุ๊คไม่มี-adapter,yes,รับซื้อโน๊ตบุ๊คไม่มี Adapter ไม่มีที่ชาร์จทั่วประเทศ | Amphon.co.th,รับซื้อโน๊ตบุ๊คไม่มี Adapter ไม่มีที่ชาร์จ อุปกรณ์ไม่ครบ หรือเครื่องบริษัทขาดสายชาร์จทั่วประเทศ ส่งรูปและรุ่นประเมินเบื้,รับซื้อโน๊ตบุ๊คไม่มี Adapter ไม่มีที่ชาร์จ ประเมินได้ทั่วประเทศ,Answer|BreadcrumbList|ContactPoint|Country|FAQPage|GeoCoordinates|ImageObject|ListItem|LocalBusiness|Offer|OpeningHoursSpecification|Organization|PostalAddress|ProfessionalService|Question|Service|WebPage|WebSite,589,18,68,5,OK
/บริการ/รับประมูลคอมพิวเตอร์มือสอง,service-hub,dist/client/บริการ/รับประมูลคอมพิวเตอร์มือสอง/index.html,yes,200,yes,/บริการ/รับประมูลคอมพิวเตอร์มือสอง,yes,รับประมูลคอมพิวเตอร์มือสอง อุปกรณ์ไอทียกล็อตทั่วประเทศ | Amphon.co.th,รับประมูลคอมพิวเตอร์มือสอง ครุภัณฑ์คอมพิวเตอร์ ซากอุปกรณ์ไอที และสินค้าไอทียกล็อตทั่วประเทศ ส่งรายการประเมินเบื้องต้นได้,รับประมูลคอมพิวเตอร์มือสอง ครุภัณฑ์และอุปกรณ์ไอทียกล็อต,Answer|BreadcrumbList|ContactPoint|Country|FAQPage|GeoCoordinates|ImageObject|ListItem|LocalBusiness|Offer|OpeningHoursSpecification|Organization|PostalAddress|ProfessionalService|Question|Service|WebPage|WebSite,623,12,69,6,OK
/บริการ/รับเคลียร์อุปกรณ์ไอทีสำนักงาน,service-hub,dist/client/บริการ/รับเคลียร์อุปกรณ์ไอทีสำนักงาน/index.html,yes,200,yes,/บริการ/รับเคลียร์อุปกรณ์ไอทีสำนักงาน,yes,รับเคลียร์อุปกรณ์ไอทีสำนักงานทั่วประเทศ ประเมินฟรี | Amphon.co.th,รับเคลียร์อุปกรณ์ไอทีสำนักงาน คอม จอ UPS Printer Server และอุปกรณ์ Network ทั่วประเทศ ส่งรูปหรือรายการสินค้าเพื่อประเมิน,รับเคลียร์อุปกรณ์ไอทีสำนักงาน คอม จอ UPS Server ทั่วประเทศ,Answer|BreadcrumbList|ContactPoint|Country|FAQPage|GeoCoordinates|ImageObject|ListItem|LocalBusiness|Offer|OpeningHoursSpecification|Organization|PostalAddress|ProfessionalService|Question|Service|WebPage|WebSite,911,16,67,4,OK
/บริการ/รับเหมาประมูลอุปกรณ์ไอที,service-hub,dist/client/บริการ/รับเหมาประมูลอุปกรณ์ไอที/index.html,yes,200,yes,/บริการ/รับเหมาประมูลอุปกรณ์ไอที,yes,รับเหมาประมูลอุปกรณ์ไอที (IT Bidding) คอมพิวเตอร์องค์กร | Amphon.co.th,รับเหมาประมูลอุปกรณ์ไอที B2B โละคอมพิวเตอร์องค์กร เซิร์ฟเวอร์ เน็ตเวิร์ค ประเมินตามสภาพจริง ประเมินเบื้องต้นได้ พร้อมบริ,รับเหมาประมูลอุปกรณ์ไอทีและทรัพย์สินสำนักงานมือสอง,Answer|BreadcrumbList|ContactPoint|Country|FAQPage|GeoCoordinates|ImageObject|ListItem|LocalBusiness|Offer|OpeningHoursSpecification|Organization|PostalAddress|ProfessionalService|Question|Service|WebPage|WebSite,991,34,85,5,OK
/พื้นที่ให้บริการ,other,dist/client/พื้นที่ให้บริการ/index.html,yes,200,yes,/พื้นที่ให้บริการ,yes,พื้นที่ให้บริการ ภาคอีสาน | Amphon.co.th,Amphon ให้บริการรับซื้อสินค้าไอทีหลายประเภททั่วภาคอีสาน 20 จังหวัด นัดรับหรือประสานขนส่งตามข้อตกลง ประเมินราคาฟรี,พื้นที่ให้บริการรับซื้อสินค้าไอที,BreadcrumbList|CollectionPage|ContactPoint|Country|GeoCoordinates|ImageObject|ItemList|ListItem|LocalBusiness|OpeningHoursSpecification|Organization|PostalAddress|ProfessionalService|WebSite,606,1167,63,3,OK
/พื้นที่ให้บริการ/กาญจนบุรี,province,dist/client/พื้นที่ให้บริการ/กาญจนบุรี/index.html,yes,200,yes,/พื้นที่ให้บริการ/กาญจนบุรี,yes,รับซื้อคอม โน๊ตบุ๊ค กาญจนบุรี | ประเมินราคาและนัดรับ | Amphon.co.th,รับซื้อคอม โน๊ตบุ๊ค MacBook iPhone iPad กล้อง และอุปกรณ์ไอทีในกาญจนบุรี ส่งรูปประเมินฟรี ประสานทีมงานนัดตรวจและรับสินค้า,รับซื้อคอม โน๊ตบุ๊ค กาญจนบุรี | ประเมินราคาและนัดรับ,AdministrativeArea|Answer|BreadcrumbList|ContactPoint|Country|FAQPage|GeoCoordinates|ImageObject|ListItem|LocalBusiness|OpeningHoursSpecification|Organization|Place|PostalAddress|ProfessionalService|Question|WebPage|WebSite,1353,32,46,3,OK
/พื้นที่ให้บริการ/กาฬสินธุ์,province,dist/client/พื้นที่ให้บริการ/กาฬสินธุ์/index.html,yes,200,yes,/พื้นที่ให้บริการ/กาฬสินธุ์,yes,รับซื้อสินค้าไอที กาฬสินธุ์ นัดรับถึงพื้นที่ จ่ายเงินหน้างาน | Amphon.co.th,รับซื้อสินค้าไอที กาฬสินธุ์ ทั้งโน๊ตบุ๊ค iPhone iPad MacBook คอมพิวเตอร์และกล้อง ส่งรูปประเมินฟรี มีทีมงานนัดรับ ตรวจสิน,รับซื้อสินค้าไอที กาฬสินธุ์ นัดรับถึงพื้นที่ จ่ายเงินหน้างาน,AdministrativeArea|Answer|BreadcrumbList|ContactPoint|Country|FAQPage|GeoCoordinates|ImageObject|ListItem|LocalBusiness|OpeningHoursSpecification|Organization|Place|PostalAddress|ProfessionalService|Question|WebPage|WebSite,1311,79,118,11,OK
/พื้นที่ให้บริการ/ขอนแก่น,province,dist/client/พื้นที่ให้บริการ/ขอนแก่น/index.html,yes,200,yes,/พื้นที่ให้บริการ/ขอนแก่น,yes,รับซื้อคอม ขอนแก่น โน๊ตบุ๊คและอุปกรณ์ไอที นัดรับถึงพื้นที่ | Amphon.co.th,รับซื้อคอม ขอนแก่น พร้อมโน๊ตบุ๊ค MacBook iPhone iPad กล้อง และอุปกรณ์ไอที ส่งรูปประเมินฟรี มีทีมงานนัดรับ ตรวจสินค้า และ,รับซื้อคอม ขอนแก่น โน๊ตบุ๊คและอุปกรณ์ไอที นัดรับถึงพื้นที่,AdministrativeArea|Answer|BreadcrumbList|ContactPoint|Country|FAQPage|GeoCoordinates|ImageObject|ListItem|LocalBusiness|OpeningHoursSpecification|Organization|Place|PostalAddress|ProfessionalService|Question|WebPage|WebSite,1486,1167,118,11,OK
/พื้นที่ให้บริการ/จันทบุรี,province,dist/client/พื้นที่ให้บริการ/จันทบุรี/index.html,yes,200,yes,/พื้นที่ให้บริการ/จันทบุรี,yes,รับซื้อคอม โน๊ตบุ๊ค จันทบุรี | ประเมินฟรี นัดรับตามพื้นที่ | Amphon.co.th,รับซื้อคอม โน๊ตบุ๊ค MacBook iPhone iPad กล้อง และอุปกรณ์ไอทีในจันทบุรี ส่งรูปประเมินฟรี มีทีมงานประสานนัดตรวจและรับสินค้,รับซื้อคอม โน๊ตบุ๊ค จันทบุรี | ประเมินฟรี นัดรับตามพื้นที่,AdministrativeArea|Answer|BreadcrumbList|ContactPoint|Country|FAQPage|GeoCoordinates|ImageObject|ListItem|LocalBusiness|OpeningHoursSpecification|Organization|Place|PostalAddress|ProfessionalService|Question|WebPage|WebSite,1370,32,46,3,OK
/พื้นที่ให้บริการ/ชลบุรี,province,dist/client/พื้นที่ให้บริการ/ชลบุรี/index.html,yes,200,yes,/พื้นที่ให้บริการ/ชลบุรี,yes,รับซื้อคอม โน๊ตบุ๊ค ชลบุรี | ประเมินฟรี นัดรับตามพื้นที่ | Amphon.co.th,รับซื้อคอม โน๊ตบุ๊ค MacBook iPhone iPad กล้อง และอุปกรณ์ไอทีในชลบุรี ส่งรูปประเมินฟรี ประสานทีมงานนัดตรวจและรับสินค้าตาม,รับซื้อคอม โน๊ตบุ๊ค ชลบุรี | ประเมินฟรี นัดรับตามพื้นที่,AdministrativeArea|Answer|BreadcrumbList|ContactPoint|Country|FAQPage|GeoCoordinates|ImageObject|ListItem|LocalBusiness|OpeningHoursSpecification|Organization|Place|PostalAddress|ProfessionalService|Question|WebPage|WebSite,1671,32,46,3,OK
/พื้นที่ให้บริการ/ชัยภูมิ,province,dist/client/พื้นที่ให้บริการ/ชัยภูมิ/index.html,yes,200,yes,/พื้นที่ให้บริการ/ชัยภูมิ,yes,รับซื้อคอม โน๊ตบุ๊ค ชัยภูมิ | ประเมินฟรี นัดรับตามเงื่อนไข | Amphon.co.th,รับซื้อสินค้าไอทีในชัยภูมิ ทั้งคอม โน๊ตบุ๊ค MacBook iPhone iPad กล้อง และอุปกรณ์สำนักงาน ส่งรูปประเมินฟรี ประสานนัดรับหร,รับซื้อคอม โน๊ตบุ๊ค ชัยภูมิ | ประเมินฟรี นัดรับตามเงื่อนไข,AdministrativeArea|Answer|BreadcrumbList|ContactPoint|Country|FAQPage|GeoCoordinates|ImageObject|ListItem|LocalBusiness|OpeningHoursSpecification|Organization|Place|PostalAddress|ProfessionalService|Question|WebPage|WebSite,2047,78,113,11,OK
/พื้นที่ให้บริการ/ตราด,province,dist/client/พื้นที่ให้บริการ/ตราด/index.html,yes,200,yes,/พื้นที่ให้บริการ/ตราด,yes,รับซื้อคอม โน๊ตบุ๊ค ตราด | ประเมินฟรี นัดรับตามเงื่อนไข | Amphon.co.th,รับซื้อคอม โน๊ตบุ๊ค MacBook iPhone iPad กล้อง และอุปกรณ์ไอทีในตราด ส่งรูปประเมินฟรี ประสานทีมงานนัดตรวจรับหรือจัดส่งตามส,รับซื้อคอม โน๊ตบุ๊ค ตราด | ประเมินฟรี นัดรับตามเงื่อนไข,AdministrativeArea|Answer|BreadcrumbList|ContactPoint|Country|FAQPage|GeoCoordinates|ImageObject|ListItem|LocalBusiness|OpeningHoursSpecification|Organization|Place|PostalAddress|ProfessionalService|Question|WebPage|WebSite,1683,7,46,3,OK
/พื้นที่ให้บริการ/ตาก,province,dist/client/พื้นที่ให้บริการ/ตาก/index.html,yes,200,yes,/พื้นที่ให้บริการ/ตาก,yes,รับซื้อคอม โน๊ตบุ๊ค ตาก | ประเมินฟรี นัดรับตามเงื่อนไข | Amphon.co.th,รับซื้อคอม โน๊ตบุ๊ค MacBook iPhone iPad กล้อง และอุปกรณ์ไอทีในตาก ส่งรูปประเมินฟรี ประสานทีมงานนัดตรวจรับหรือจัดส่งตามสิ,รับซื้อคอม โน๊ตบุ๊ค ตาก | ประเมินฟรี นัดรับตามเงื่อนไข,AdministrativeArea|Answer|BreadcrumbList|ContactPoint|Country|FAQPage|GeoCoordinates|ImageObject|ListItem|LocalBusiness|OpeningHoursSpecification|Organization|Place|PostalAddress|ProfessionalService|Question|WebPage|WebSite,1707,1,46,3,OK
/พื้นที่ให้บริการ/นครพนม,province,dist/client/พื้นที่ให้บริการ/นครพนม/index.html,yes,200,yes,/พื้นที่ให้บริการ/นครพนม,yes,รับซื้อคอม โน๊ตบุ๊ค นครพนม | ประเมินฟรี นัดรับตามเงื่อนไข | Amphon.co.th,รับซื้อสินค้าไอทีในนครพนม ทั้งคอม โน๊ตบุ๊ค MacBook iPhone iPad กล้อง และอุปกรณ์สำนักงาน ส่งรูปประเมินฟรี ประสานนัดรับหรื,รับซื้อคอม โน๊ตบุ๊ค นครพนม | ประเมินฟรี นัดรับตามเงื่อนไข,AdministrativeArea|Answer|BreadcrumbList|ContactPoint|Country|FAQPage|GeoCoordinates|ImageObject|ListItem|LocalBusiness|OpeningHoursSpecification|Organization|Place|PostalAddress|ProfessionalService|Question|WebPage|WebSite,2043,47,113,11,OK
/พื้นที่ให้บริการ/นครราชสีมา,province,dist/client/พื้นที่ให้บริการ/นครราชสีมา/index.html,yes,200,yes,/พื้นที่ให้บริการ/นครราชสีมา,yes,รับซื้อสินค้าไอที โคราช นครราชสีมา นัดรับ จ่ายเงินหน้างาน | Amphon.co.th,รับซื้อสินค้าไอทีโคราชและนครราชสีมา ทั้งโน๊ตบุ๊ค iPhone iPad MacBook Gaming PC คอมบริษัทและกล้อง ส่งรูปประเมินฟรี มีทีมง,รับซื้อสินค้าไอที โคราช นครราชสีมา นัดรับ จ่ายเงินหน้างาน,AdministrativeArea|Answer|BreadcrumbList|ContactPoint|Country|FAQPage|GeoCoordinates|ImageObject|ListItem|LocalBusiness|OpeningHoursSpecification|Organization|Place|PostalAddress|ProfessionalService|Question|WebPage|WebSite,1527,1167,118,11,OK
/พื้นที่ให้บริการ/นครสวรรค์,province,dist/client/พื้นที่ให้บริการ/นครสวรรค์/index.html,yes,200,yes,/พื้นที่ให้บริการ/นครสวรรค์,yes,รับซื้อคอม โน๊ตบุ๊ค นครสวรรค์ | ประเมินฟรี นัดรับตามเงื่อนไข | Amphon.co.th,รับซื้อคอม โน๊ตบุ๊ค MacBook iPhone iPad กล้อง และอุปกรณ์ไอทีในนครสวรรค์ ส่งรูปประเมินฟรี ประสานทีมงานนัดตรวจรับหรือจัดส่,รับซื้อคอม โน๊ตบุ๊ค นครสวรรค์ | ประเมินฟรี นัดรับตามเงื่อนไข,AdministrativeArea|Answer|BreadcrumbList|ContactPoint|Country|FAQPage|GeoCoordinates|ImageObject|ListItem|LocalBusiness|OpeningHoursSpecification|Organization|Place|PostalAddress|ProfessionalService|Question|WebPage|WebSite,1707,1,46,3,OK
/พื้นที่ให้บริการ/บึงกาฬ,province,dist/client/พื้นที่ให้บริการ/บึงกาฬ/index.html,yes,200,yes,/พื้นที่ให้บริการ/บึงกาฬ,yes,รับซื้อสินค้าไอที บึงกาฬ | ประเมินฟรี นัดรับตามเงื่อนไข | Amphon.co.th,รับซื้อสินค้าไอทีในบึงกาฬ ทั้งโน๊ตบุ๊ค คอม MacBook iPhone iPad กล้อง และอุปกรณ์สำนักงาน ส่งรูปประเมินฟรี ประสานนัดรับหรื,รับซื้อสินค้าไอที บึงกาฬ | ประเมินฟรี นัดรับตามเงื่อนไข,AdministrativeArea|Answer|BreadcrumbList|ContactPoint|Country|FAQPage|GeoCoordinates|ImageObject|ListItem|LocalBusiness|OpeningHoursSpecification|Organization|Place|PostalAddress|ProfessionalService|Question|WebPage|WebSite,2039,47,113,11,OK
/พื้นที่ให้บริการ/บุรีรัมย์,province,dist/client/พื้นที่ให้บริการ/บุรีรัมย์/index.html,yes,200,yes,/พื้นที่ให้บริการ/บุรีรัมย์,yes,รับซื้อสินค้าไอที บุรีรัมย์ นัดรับถึงพื้นที่ จ่ายเงินหน้างาน | Amphon.co.th,รับซื้อสินค้าไอที บุรีรัมย์ ทั้งโน๊ตบุ๊ค iPhone iPad MacBook คอมพิวเตอร์และกล้อง ส่งรูปประเมินฟรี มีทีมงานนัดรับ ตรวจสิน,รับซื้อสินค้าไอที บุรีรัมย์ นัดรับถึงพื้นที่ จ่ายเงินหน้างาน,AdministrativeArea|Answer|BreadcrumbList|ContactPoint|Country|FAQPage|GeoCoordinates|ImageObject|ListItem|LocalBusiness|OpeningHoursSpecification|Organization|Place|PostalAddress|ProfessionalService|Question|WebPage|WebSite,1395,48,118,11,OK
/พื้นที่ให้บริการ/พัทลุง,province,dist/client/พื้นที่ให้บริการ/พัทลุง/index.html,yes,200,yes,/พื้นที่ให้บริการ/พัทลุง,yes,รับซื้อคอม โน๊ตบุ๊ค พัทลุง | ประเมินฟรี นัดรับตามเงื่อนไข | Amphon.co.th,รับซื้อคอม โน๊ตบุ๊ค MacBook iPhone iPad กล้อง และอุปกรณ์ไอทีในพัทลุง ส่งรูปประเมินฟรี ประสานทีมงานนัดตรวจรับหรือจัดส่งตา,รับซื้อคอม โน๊ตบุ๊ค พัทลุง | ประเมินฟรี นัดรับตามเงื่อนไข,AdministrativeArea|Answer|BreadcrumbList|ContactPoint|Country|FAQPage|GeoCoordinates|ImageObject|ListItem|LocalBusiness|OpeningHoursSpecification|Organization|Place|PostalAddress|ProfessionalService|Question|WebPage|WebSite,1784,1,46,3,OK
/พื้นที่ให้บริการ/ภูเก็ต,province,dist/client/พื้นที่ให้บริการ/ภูเก็ต/index.html,yes,200,yes,/พื้นที่ให้บริการ/ภูเก็ต,yes,รับซื้อคอม โน๊ตบุ๊ค ภูเก็ต | ประเมินฟรี นัดรับตามเงื่อนไข | Amphon.co.th,รับซื้อคอม โน๊ตบุ๊ค MacBook iPhone iPad กล้อง และอุปกรณ์ไอทีในภูเก็ต ส่งรูปประเมินฟรี ประสานทีมงานนัดตรวจรับหรือจัดส่งตา,รับซื้อคอม โน๊ตบุ๊ค ภูเก็ต | ประเมินฟรี นัดรับตามเงื่อนไข,AdministrativeArea|Answer|BreadcrumbList|ContactPoint|Country|FAQPage|GeoCoordinates|ImageObject|ListItem|LocalBusiness|OpeningHoursSpecification|Organization|Place|PostalAddress|ProfessionalService|Question|WebPage|WebSite,1673,1,46,3,OK
/พื้นที่ให้บริการ/มหาสารคาม,province,dist/client/พื้นที่ให้บริการ/มหาสารคาม/index.html,yes,200,yes,/พื้นที่ให้บริการ/มหาสารคาม,yes,รับซื้อคอม โน๊ตบุ๊ค มหาสารคาม | ประเมินฟรี นัดรับตามเงื่อนไข | Amphon.co.th,รับซื้อสินค้าไอทีในมหาสารคาม ทั้งคอม โน๊ตบุ๊ค MacBook iPhone iPad กล้อง และอุปกรณ์สำนักงาน ส่งรูปประเมินฟรี ประสานนัดรับ,รับซื้อคอม โน๊ตบุ๊ค มหาสารคาม | ประเมินฟรี นัดรับตามเงื่อนไข,AdministrativeArea|Answer|BreadcrumbList|ContactPoint|Country|FAQPage|GeoCoordinates|ImageObject|ListItem|LocalBusiness|OpeningHoursSpecification|Organization|Place|PostalAddress|ProfessionalService|Question|WebPage|WebSite,2064,47,113,11,OK
/พื้นที่ให้บริการ/มุกดาหาร,province,dist/client/พื้นที่ให้บริการ/มุกดาหาร/index.html,yes,200,yes,/พื้นที่ให้บริการ/มุกดาหาร,yes,รับซื้อสินค้าไอที มุกดาหาร | ประเมินฟรี นัดรับตามเงื่อนไข | Amphon.co.th,รับซื้อสินค้าไอทีในมุกดาหาร ทั้งโน๊ตบุ๊ค คอม MacBook iPhone iPad กล้อง และอุปกรณ์สำนักงาน ส่งรูปประเมินฟรี ประสานนัดรับห,รับซื้อสินค้าไอที มุกดาหาร | ประเมินฟรี นัดรับตามเงื่อนไข,AdministrativeArea|Answer|BreadcrumbList|ContactPoint|Country|FAQPage|GeoCoordinates|ImageObject|ListItem|LocalBusiness|OpeningHoursSpecification|Organization|Place|PostalAddress|ProfessionalService|Question|WebPage|WebSite,2067,47,113,11,OK
/พื้นที่ให้บริการ/ยะลา,province,dist/client/พื้นที่ให้บริการ/ยะลา/index.html,yes,200,yes,/พื้นที่ให้บริการ/ยะลา,yes,รับซื้อคอม โน๊ตบุ๊ค ยะลา | ประเมินฟรี นัดรับตามเงื่อนไข | Amphon.co.th,รับซื้อคอม โน๊ตบุ๊ค MacBook iPhone iPad กล้อง และอุปกรณ์ไอทีในยะลา ส่งรูปประเมินฟรี ประสานทีมงานนัดตรวจรับหรือจัดส่งตามส,รับซื้อคอม โน๊ตบุ๊ค ยะลา | ประเมินฟรี นัดรับตามเงื่อนไข,AdministrativeArea|Answer|BreadcrumbList|ContactPoint|Country|FAQPage|GeoCoordinates|ImageObject|ListItem|LocalBusiness|OpeningHoursSpecification|Organization|Place|PostalAddress|ProfessionalService|Question|WebPage|WebSite,1809,1,46,3,OK
/พื้นที่ให้บริการ/ยโสธร,province,dist/client/พื้นที่ให้บริการ/ยโสธร/index.html,yes,200,yes,/พื้นที่ให้บริการ/ยโสธร,yes,รับซื้อสินค้าไอที ยโสธร | ประเมินฟรี นัดรับตามเงื่อนไข | Amphon.co.th,รับซื้อสินค้าไอทีในยโสธร ทั้งโน๊ตบุ๊ค คอม MacBook iPhone iPad กล้อง และอุปกรณ์สำนักงาน ส่งรูปประเมินฟรี ประสานนัดรับหรือ,รับซื้อสินค้าไอที ยโสธร | ประเมินฟรี นัดรับตามเงื่อนไข,AdministrativeArea|Answer|BreadcrumbList|ContactPoint|Country|FAQPage|GeoCoordinates|ImageObject|ListItem|LocalBusiness|OpeningHoursSpecification|Organization|Place|PostalAddress|ProfessionalService|Question|WebPage|WebSite,2168,1167,113,11,OK
/พื้นที่ให้บริการ/ร้อยเอ็ด,province,dist/client/พื้นที่ให้บริการ/ร้อยเอ็ด/index.html,yes,200,yes,/พื้นที่ให้บริการ/ร้อยเอ็ด,yes,รับซื้อคอม โน๊ตบุ๊ค ร้อยเอ็ด | ประเมินฟรี นัดรับตามเงื่อนไข | Amphon.co.th,รับซื้อสินค้าไอทีในร้อยเอ็ด ทั้งคอม โน๊ตบุ๊ค MacBook iPhone iPad กล้อง และอุปกรณ์สำนักงาน ส่งรูปประเมินฟรี ประสานนัดรับห,รับซื้อคอม โน๊ตบุ๊ค ร้อยเอ็ด | ประเมินฟรี นัดรับตามเงื่อนไข,AdministrativeArea|Answer|BreadcrumbList|ContactPoint|Country|FAQPage|GeoCoordinates|ImageObject|ListItem|LocalBusiness|OpeningHoursSpecification|Organization|Place|PostalAddress|ProfessionalService|Question|WebPage|WebSite,2174,47,113,11,OK
/พื้นที่ให้บริการ/ศรีสะเกษ,province,dist/client/พื้นที่ให้บริการ/ศรีสะเกษ/index.html,yes,200,yes,/พื้นที่ให้บริการ/ศรีสะเกษ,yes,รับซื้อคอม โน๊ตบุ๊ค ศรีสะเกษ | ประเมินฟรี นัดรับตามเงื่อนไข | Amphon.co.th,รับซื้อสินค้าไอทีในศรีสะเกษ ทั้งคอม โน๊ตบุ๊ค MacBook iPhone iPad กล้อง และอุปกรณ์สำนักงาน ส่งรูปประเมินฟรี ประสานนัดรับต,รับซื้อคอม โน๊ตบุ๊ค ศรีสะเกษ | ประเมินฟรี นัดรับตามเงื่อนไข,AdministrativeArea|Answer|BreadcrumbList|ContactPoint|Country|FAQPage|GeoCoordinates|ImageObject|ListItem|LocalBusiness|OpeningHoursSpecification|Organization|Place|PostalAddress|ProfessionalService|Question|WebPage|WebSite,2023,1167,113,11,OK
/พื้นที่ให้บริการ/สกลนคร,province,dist/client/พื้นที่ให้บริการ/สกลนคร/index.html,yes,200,yes,/พื้นที่ให้บริการ/สกลนคร,yes,รับซื้อคอม โน๊ตบุ๊ค สกลนคร | ประเมินฟรี นัดรับตามเงื่อนไข | Amphon.co.th,รับซื้อสินค้าไอทีในสกลนคร ทั้งคอม โน๊ตบุ๊ค MacBook iPhone iPad กล้อง และอุปกรณ์สำนักงาน ส่งรูปประเมินฟรี ประสานนัดรับตาม,รับซื้อคอม โน๊ตบุ๊ค สกลนคร | ประเมินฟรี นัดรับตามเงื่อนไข,AdministrativeArea|Answer|BreadcrumbList|ContactPoint|Country|FAQPage|GeoCoordinates|ImageObject|ListItem|LocalBusiness|OpeningHoursSpecification|Organization|Place|PostalAddress|ProfessionalService|Question|WebPage|WebSite,2005,47,113,11,OK
/พื้นที่ให้บริการ/สุพรรณบุรี,province,dist/client/พื้นที่ให้บริการ/สุพรรณบุรี/index.html,yes,200,yes,/พื้นที่ให้บริการ/สุพรรณบุรี,yes,รับซื้อคอม โน๊ตบุ๊ค สุพรรณบุรี | ประเมินฟรี นัดรับตามพื้นที่ | Amphon.co.th,รับซื้อคอม โน๊ตบุ๊ค MacBook iPhone iPad กล้อง และอุปกรณ์ไอทีในสุพรรณบุรี ส่งรูปประเมินฟรี ประสานทีมงานนัดตรวจและรับสินค้,รับซื้อคอม โน๊ตบุ๊ค สุพรรณบุรี | ประเมินฟรี นัดรับตามพื้นที่,AdministrativeArea|Answer|BreadcrumbList|ContactPoint|Country|FAQPage|GeoCoordinates|ImageObject|ListItem|LocalBusiness|OpeningHoursSpecification|Organization|Place|PostalAddress|ProfessionalService|Question|WebPage|WebSite,1673,1,46,3,OK
/พื้นที่ให้บริการ/สุรินทร์,province,dist/client/พื้นที่ให้บริการ/สุรินทร์/index.html,yes,200,yes,/พื้นที่ให้บริการ/สุรินทร์,yes,รับซื้อสินค้าไอที สุรินทร์ ประเมินฟรี | Amphon.co.th,รับซื้อสินค้าไอทีในสุรินทร์ โน๊ตบุ๊ค iPhone iPad MacBook คอมพิวเตอร์ กล้อง ประเมินฟรี นัดรับตามเงื่อนไข,รับซื้อสินค้าไอที สุรินทร์ ประเมินฟรี,AdministrativeArea|Answer|BreadcrumbList|ContactPoint|Country|FAQPage|GeoCoordinates|ImageObject|ListItem|LocalBusiness|OpeningHoursSpecification|Organization|Place|PostalAddress|ProfessionalService|Question|WebPage|WebSite,1300,47,112,11,OK
/พื้นที่ให้บริการ/หนองคาย,province,dist/client/พื้นที่ให้บริการ/หนองคาย/index.html,yes,200,yes,/พื้นที่ให้บริการ/หนองคาย,yes,รับซื้อคอม โน๊ตบุ๊ค หนองคาย | ประเมินฟรี นัดรับตามเงื่อนไข | Amphon.co.th,รับซื้อสินค้าไอทีในหนองคาย ทั้งคอม โน๊ตบุ๊ค MacBook iPhone iPad กล้อง และอุปกรณ์สำนักงาน ส่งรูปประเมินฟรี ประสานนัดรับหร,รับซื้อคอม โน๊ตบุ๊ค หนองคาย | ประเมินฟรี นัดรับตามเงื่อนไข,AdministrativeArea|Answer|BreadcrumbList|ContactPoint|Country|FAQPage|GeoCoordinates|ImageObject|ListItem|LocalBusiness|OpeningHoursSpecification|Organization|Place|PostalAddress|ProfessionalService|Question|WebPage|WebSite,2113,47,113,11,OK
/พื้นที่ให้บริการ/หนองบัวลำภู,province,dist/client/พื้นที่ให้บริการ/หนองบัวลำภู/index.html,yes,200,yes,/พื้นที่ให้บริการ/หนองบัวลำภู,yes,รับซื้อสินค้าไอที หนองบัวลำภู ประเมินราคาเบื้องต้น | Amphon.co.th,รับซื้อสินค้าไอทีในหนองบัวลำภู โน๊ตบุ๊ค iPhone iPad MacBook คอมพิวเตอร์ กล้อง ประเมินฟรี ส่งรูปเช็กราคาได้,รับซื้อสินค้าไอที หนองบัวลำภู ประเมินราคาเบื้องต้น,AdministrativeArea|Answer|BreadcrumbList|ContactPoint|Country|FAQPage|GeoCoordinates|ImageObject|ListItem|LocalBusiness|OpeningHoursSpecification|Organization|Place|PostalAddress|ProfessionalService|Question|WebPage|WebSite,1283,47,112,11,OK
/พื้นที่ให้บริการ/หาดใหญ่,province,dist/client/พื้นที่ให้บริการ/หาดใหญ่/index.html,yes,200,yes,/พื้นที่ให้บริการ/หาดใหญ่,yes,รับซื้อคอม โน๊ตบุ๊ค หาดใหญ่ | ประเมินฟรี นัดรับตามพื้นที่ | Amphon.co.th,รับซื้อคอม โน๊ตบุ๊ค MacBook iPhone iPad กล้อง และอุปกรณ์ไอทีในหาดใหญ่ ส่งรูปประเมินฟรี ประสานทีมงานนัดตรวจและรับสินค้าตา,รับซื้อคอม โน๊ตบุ๊ค หาดใหญ่ | ประเมินฟรี นัดรับตามพื้นที่,AdministrativeArea|Answer|BreadcrumbList|ContactPoint|Country|FAQPage|GeoCoordinates|ImageObject|ListItem|LocalBusiness|OpeningHoursSpecification|Organization|Place|PostalAddress|ProfessionalService|Question|WebPage|WebSite,1628,1,46,3,OK
/พื้นที่ให้บริการ/อำนาจเจริญ,province,dist/client/พื้นที่ให้บริการ/อำนาจเจริญ/index.html,yes,200,yes,/พื้นที่ให้บริการ/อำนาจเจริญ,yes,รับซื้อสินค้าไอที อำนาจเจริญ ใกล้อุบล | Amphon.co.th,รับซื้อสินค้าไอทีในอำนาจเจริญ โน๊ตบุ๊ค iPhone iPad MacBook คอมพิวเตอร์ กล้อง ประเมินฟรี ใกล้หน้าร้านอุบล,รับซื้อสินค้าไอที อำนาจเจริญ ใกล้อุบล,AdministrativeArea|Answer|BreadcrumbList|ContactPoint|Country|FAQPage|GeoCoordinates|ImageObject|ListItem|LocalBusiness|OpeningHoursSpecification|Organization|Place|PostalAddress|ProfessionalService|Question|WebPage|WebSite,1285,47,112,11,OK
/พื้นที่ให้บริการ/อุดรธานี,province,dist/client/พื้นที่ให้บริการ/อุดรธานี/index.html,yes,200,yes,/พื้นที่ให้บริการ/อุดรธานี,yes,รับซื้อสินค้าไอที อุดรธานี นัดรับถึงพื้นที่ จ่ายเงินหน้างาน | Amphon.co.th,รับซื้อสินค้าไอที อุดรธานี ทั้งโน๊ตบุ๊ค iPhone iPad MacBook คอมบริษัท Gaming PC และกล้อง ส่งรูปประเมินฟรี มีทีมงานนัดรับ,รับซื้อสินค้าไอที อุดรธานี นัดรับถึงพื้นที่ จ่ายเงินหน้างาน,AdministrativeArea|Answer|BreadcrumbList|ContactPoint|Country|FAQPage|GeoCoordinates|ImageObject|ListItem|LocalBusiness|OpeningHoursSpecification|Organization|Place|PostalAddress|ProfessionalService|Question|WebPage|WebSite,1427,1167,120,11,OK
/พื้นที่ให้บริการ/อุบลราชธานี,province,dist/client/พื้นที่ให้บริการ/อุบลราชธานี/index.html,yes,200,yes,/พื้นที่ให้บริการ/อุบลราชธานี,yes,รับซื้อสินค้าไอที อุบลราชธานี ประเมินราคาเบื้องต้น | Amphon.co.th,รับซื้อสินค้าไอทีในอุบลราชธานี โน๊ตบุ๊ค iPhone MacBook คอม กล้อง นัดรับหรือประสานขนส่งตามพื้นที่ ประเภทสินค้า และจำนวนที,รับซื้อสินค้าไอที อุบลราชธานี ประเมินราคาเบื้องต้น,AdministrativeArea|Answer|BreadcrumbList|ContactPoint|Country|FAQPage|GeoCoordinates|ImageObject|ListItem|LocalBusiness|OpeningHoursSpecification|Organization|Place|PostalAddress|ProfessionalService|Question|WebPage|WebSite,1339,1167,121,11,OK
/พื้นที่ให้บริการ/เพชรบุรี,province,dist/client/พื้นที่ให้บริการ/เพชรบุรี/index.html,yes,200,yes,/พื้นที่ให้บริการ/เพชรบุรี,yes,รับซื้อคอม โน๊ตบุ๊ค เพชรบุรี | ประเมินฟรี นัดรับตามเงื่อนไข | Amphon.co.th,รับซื้อคอม โน๊ตบุ๊ค MacBook iPhone iPad กล้อง และอุปกรณ์ไอทีในเพชรบุรี ส่งรูปประเมินฟรี ประสานทีมงานนัดตรวจรับหรือจัดส่ง,รับซื้อคอม โน๊ตบุ๊ค เพชรบุรี | ประเมินฟรี นัดรับตามเงื่อนไข,AdministrativeArea|Answer|BreadcrumbList|ContactPoint|Country|FAQPage|GeoCoordinates|ImageObject|ListItem|LocalBusiness|OpeningHoursSpecification|Organization|Place|PostalAddress|ProfessionalService|Question|WebPage|WebSite,1676,1,46,3,OK
/พื้นที่ให้บริการ/เลย,province,dist/client/พื้นที่ให้บริการ/เลย/index.html,yes,200,yes,/พื้นที่ให้บริการ/เลย,yes,รับซื้อสินค้าไอที เลย ประเมินฟรี | Amphon.co.th,รับซื้อสินค้าไอทีในเลย โน๊ตบุ๊ค iPhone iPad MacBook คอมพิวเตอร์ กล้อง ประเมินฟรี ส่งรูปเช็กราคาได้,รับซื้อสินค้าไอที เลย ประเมินฟรี,AdministrativeArea|Answer|BreadcrumbList|ContactPoint|Country|FAQPage|GeoCoordinates|ImageObject|ListItem|LocalBusiness|OpeningHoursSpecification|Organization|Place|PostalAddress|ProfessionalService|Question|WebPage|WebSite,1296,47,112,11,OK
/รับซื้อ/รับซื้อ-airpods-กาฬสินธุ์,service-x-location,dist/client/รับซื้อ/รับซื้อ-airpods-กาฬสินธุ์/index.html,yes,200,yes,/รับซื้อ/รับซื้อ-airpods-กาฬสินธุ์,yes,รับซื้อ AirPods กาฬสินธุ์ ประเมินราคาเบื้องต้น | Amphon.co.th,รับซื้อ AirPods ในกาฬสินธุ์ ประเมินราคาฟรี ส่งรูปเช็กราคาได้ ชำระเงินหลังตรวจสอบสินค้าและตกลงราคาเรียบร้อยแล้ว ติดต่อ Li,รับซื้อ AirPods กาฬสินธุ์ ประเมินราคาเบื้องต้น,Answer|BreadcrumbList|ContactPoint|Country|FAQPage|GeoCoordinates|ImageObject|ListItem|LocalBusiness|Offer|OpeningHoursSpecification|Organization|PostalAddress|ProfessionalService|Question|Service|WebPage|WebSite,320,2,44,4,OK
/รับซื้อ/รับซื้อ-airpods-ขอนแก่น,service-x-location,dist/client/รับซื้อ/รับซื้อ-airpods-ขอนแก่น/index.html,yes,200,yes,/รับซื้อ/รับซื้อ-airpods-ขอนแก่น,yes,รับซื้อ AirPods ขอนแก่น ประเมินราคาเบื้องต้น | Amphon.co.th,รับซื้อ AirPods ในขอนแก่น ประเมินราคาฟรี ส่งรูปเช็กราคาได้ ชำระเงินหลังตรวจสอบสินค้าและตกลงราคาเรียบร้อยแล้ว ติดต่อ Line,รับซื้อ AirPods ขอนแก่น ประเมินราคาเบื้องต้น,Answer|BreadcrumbList|ContactPoint|Country|FAQPage|GeoCoordinates|ImageObject|ListItem|LocalBusiness|Offer|OpeningHoursSpecification|Organization|PostalAddress|ProfessionalService|Question|Service|WebPage|WebSite,331,2,44,4,OK
/รับซื้อ/รับซื้อ-airpods-ชัยภูมิ,service-x-location,dist/client/รับซื้อ/รับซื้อ-airpods-ชัยภูมิ/index.html,yes,200,yes,/รับซื้อ/รับซื้อ-airpods-ชัยภูมิ,yes,รับซื้อ AirPods ชัยภูมิ ประเมินราคาเบื้องต้น | Amphon.co.th,รับซื้อ AirPods ในชัยภูมิ ประเมินราคาฟรี ส่งรูปเช็กราคาได้ ชำระเงินหลังตรวจสอบสินค้าและตกลงราคาเรียบร้อยแล้ว ติดต่อ Line,รับซื้อ AirPods ชัยภูมิ ประเมินราคาเบื้องต้น,Answer|BreadcrumbList|ContactPoint|Country|FAQPage|GeoCoordinates|ImageObject|ListItem|LocalBusiness|Offer|OpeningHoursSpecification|Organization|PostalAddress|ProfessionalService|Question|Service|WebPage|WebSite,319,2,44,4,OK
/รับซื้อ/รับซื้อ-airpods-นครพนม,service-x-location,dist/client/รับซื้อ/รับซื้อ-airpods-นครพนม/index.html,yes,200,yes,/รับซื้อ/รับซื้อ-airpods-นครพนม,yes,รับซื้อ AirPods นครพนม ประเมินราคาเบื้องต้น | Amphon.co.th,รับซื้อ AirPods ในนครพนม ประเมินราคาฟรี ส่งรูปเช็กราคาได้ ชำระเงินหลังตรวจสอบสินค้าและตกลงราคาเรียบร้อยแล้ว ติดต่อ Line ,รับซื้อ AirPods นครพนม ประเมินราคาเบื้องต้น,Answer|BreadcrumbList|ContactPoint|Country|FAQPage|GeoCoordinates|ImageObject|ListItem|LocalBusiness|Offer|OpeningHoursSpecification|Organization|PostalAddress|ProfessionalService|Question|Service|WebPage|WebSite,316,2,44,4,OK
/รับซื้อ/รับซื้อ-airpods-นครราชสีมา,service-x-location,dist/client/รับซื้อ/รับซื้อ-airpods-นครราชสีมา/index.html,yes,200,yes,/รับซื้อ/รับซื้อ-airpods-นครราชสีมา,yes,รับซื้อ AirPods นครราชสีมา ประเมินราคาเบื้องต้น | Amphon.co.th,รับซื้อ AirPods ในนครราชสีมา ประเมินราคาฟรี ส่งรูปเช็กราคาได้ ชำระเงินหลังตรวจสอบสินค้าและตกลงราคาเรียบร้อยแล้ว ติดต่อ L,รับซื้อ AirPods นครราชสีมา ประเมินราคาเบื้องต้น,Answer|BreadcrumbList|ContactPoint|Country|FAQPage|GeoCoordinates|ImageObject|ListItem|LocalBusiness|Offer|OpeningHoursSpecification|Organization|PostalAddress|ProfessionalService|Question|Service|WebPage|WebSite,338,2,44,4,OK
/รับซื้อ/รับซื้อ-airpods-บึงกาฬ,service-x-location,dist/client/รับซื้อ/รับซื้อ-airpods-บึงกาฬ/index.html,yes,200,yes,/รับซื้อ/รับซื้อ-airpods-บึงกาฬ,yes,รับซื้อ AirPods บึงกาฬ ประเมินราคาเบื้องต้น | Amphon.co.th,รับซื้อ AirPods ในบึงกาฬ ประเมินราคาฟรี ส่งรูปเช็กราคาได้ ชำระเงินหลังตรวจสอบสินค้าและตกลงราคาเรียบร้อยแล้ว ติดต่อ Line ,รับซื้อ AirPods บึงกาฬ ประเมินราคาเบื้องต้น,Answer|BreadcrumbList|ContactPoint|Country|FAQPage|GeoCoordinates|ImageObject|ListItem|LocalBusiness|Offer|OpeningHoursSpecification|Organization|PostalAddress|ProfessionalService|Question|Service|WebPage|WebSite,308,2,44,4,OK
/รับซื้อ/รับซื้อ-airpods-บุรีรัมย์,service-x-location,dist/client/รับซื้อ/รับซื้อ-airpods-บุรีรัมย์/index.html,yes,200,yes,/รับซื้อ/รับซื้อ-airpods-บุรีรัมย์,yes,รับซื้อ AirPods บุรีรัมย์ ประเมินราคาเบื้องต้น | Amphon.co.th,รับซื้อ AirPods ในบุรีรัมย์ ประเมินราคาฟรี ส่งรูปเช็กราคาได้ ชำระเงินหลังตรวจสอบสินค้าและตกลงราคาเรียบร้อยแล้ว ติดต่อ Li,รับซื้อ AirPods บุรีรัมย์ ประเมินราคาเบื้องต้น,Answer|BreadcrumbList|ContactPoint|Country|FAQPage|GeoCoordinates|ImageObject|ListItem|LocalBusiness|Offer|OpeningHoursSpecification|Organization|PostalAddress|ProfessionalService|Question|Service|WebPage|WebSite,312,2,44,4,OK
/รับซื้อ/รับซื้อ-airpods-มหาสารคาม,service-x-location,dist/client/รับซื้อ/รับซื้อ-airpods-มหาสารคาม/index.html,yes,200,yes,/รับซื้อ/รับซื้อ-airpods-มหาสารคาม,yes,รับซื้อ AirPods มหาสารคาม ประเมินราคาเบื้องต้น | Amphon.co.th,รับซื้อ AirPods ในมหาสารคาม ประเมินราคาฟรี ส่งรูปเช็กราคาได้ ชำระเงินหลังตรวจสอบสินค้าและตกลงราคาเรียบร้อยแล้ว ติดต่อ Li,รับซื้อ AirPods มหาสารคาม ประเมินราคาเบื้องต้น,Answer|BreadcrumbList|ContactPoint|Country|FAQPage|GeoCoordinates|ImageObject|ListItem|LocalBusiness|Offer|OpeningHoursSpecification|Organization|PostalAddress|ProfessionalService|Question|Service|WebPage|WebSite,312,2,44,4,OK
/รับซื้อ/รับซื้อ-airpods-มุกดาหาร,service-x-location,dist/client/รับซื้อ/รับซื้อ-airpods-มุกดาหาร/index.html,yes,200,yes,/รับซื้อ/รับซื้อ-airpods-มุกดาหาร,yes,รับซื้อ AirPods มุกดาหาร ประเมินราคาเบื้องต้น | Amphon.co.th,รับซื้อ AirPods ในมุกดาหาร ประเมินราคาฟรี ส่งรูปเช็กราคาได้ ชำระเงินหลังตรวจสอบสินค้าและตกลงราคาเรียบร้อยแล้ว ติดต่อ Lin,รับซื้อ AirPods มุกดาหาร ประเมินราคาเบื้องต้น,Answer|BreadcrumbList|ContactPoint|Country|FAQPage|GeoCoordinates|ImageObject|ListItem|LocalBusiness|Offer|OpeningHoursSpecification|Organization|PostalAddress|ProfessionalService|Question|Service|WebPage|WebSite,305,2,44,4,OK
/รับซื้อ/รับซื้อ-airpods-ยโสธร,service-x-location,dist/client/รับซื้อ/รับซื้อ-airpods-ยโสธร/index.html,yes,200,yes,/รับซื้อ/รับซื้อ-airpods-ยโสธร,yes,รับซื้อ AirPods ยโสธร ประเมินราคาเบื้องต้น | Amphon.co.th,รับซื้อ AirPods ในยโสธร ประเมินราคาฟรี ส่งรูปเช็กราคาได้ ชำระเงินหลังตรวจสอบสินค้าและตกลงราคาเรียบร้อยแล้ว ติดต่อ Line @,รับซื้อ AirPods ยโสธร ประเมินราคาเบื้องต้น,Answer|BreadcrumbList|ContactPoint|Country|FAQPage|GeoCoordinates|ImageObject|ListItem|LocalBusiness|Offer|OpeningHoursSpecification|Organization|PostalAddress|ProfessionalService|Question|Service|WebPage|WebSite,309,2,44,4,OK
/รับซื้อ/รับซื้อ-airpods-ร้อยเอ็ด,service-x-location,dist/client/รับซื้อ/รับซื้อ-airpods-ร้อยเอ็ด/index.html,yes,200,yes,/รับซื้อ/รับซื้อ-airpods-ร้อยเอ็ด,yes,รับซื้อ AirPods ร้อยเอ็ด ประเมินราคาเบื้องต้น | Amphon.co.th,รับซื้อ AirPods ในร้อยเอ็ด ประเมินราคาฟรี ส่งรูปเช็กราคาได้ ชำระเงินหลังตรวจสอบสินค้าและตกลงราคาเรียบร้อยแล้ว ติดต่อ Lin,รับซื้อ AirPods ร้อยเอ็ด ประเมินราคาเบื้องต้น,Answer|BreadcrumbList|ContactPoint|Country|FAQPage|GeoCoordinates|ImageObject|ListItem|LocalBusiness|Offer|OpeningHoursSpecification|Organization|PostalAddress|ProfessionalService|Question|Service|WebPage|WebSite,323,2,44,4,OK
/รับซื้อ/รับซื้อ-airpods-ศรีสะเกษ,service-x-location,dist/client/รับซื้อ/รับซื้อ-airpods-ศรีสะเกษ/index.html,yes,200,yes,/รับซื้อ/รับซื้อ-airpods-ศรีสะเกษ,yes,รับซื้อ AirPods ศรีสะเกษ ประเมินราคาเบื้องต้น | Amphon.co.th,รับซื้อ AirPods ในศรีสะเกษ ประเมินราคาฟรี ส่งรูปเช็กราคาได้ ชำระเงินหลังตรวจสอบสินค้าและตกลงราคาเรียบร้อยแล้ว ติดต่อ Lin,รับซื้อ AirPods ศรีสะเกษ ประเมินราคาเบื้องต้น,Answer|BreadcrumbList|ContactPoint|Country|FAQPage|GeoCoordinates|ImageObject|ListItem|LocalBusiness|Offer|OpeningHoursSpecification|Organization|PostalAddress|ProfessionalService|Question|Service|WebPage|WebSite,310,2,44,4,OK
/รับซื้อ/รับซื้อ-airpods-สกลนคร,service-x-location,dist/client/รับซื้อ/รับซื้อ-airpods-สกลนคร/index.html,yes,200,yes,/รับซื้อ/รับซื้อ-airpods-สกลนคร,yes,รับซื้อ AirPods สกลนคร ประเมินราคาเบื้องต้น | Amphon.co.th,รับซื้อ AirPods ในสกลนคร ประเมินราคาฟรี ส่งรูปเช็กราคาได้ ชำระเงินหลังตรวจสอบสินค้าและตกลงราคาเรียบร้อยแล้ว ติดต่อ Line ,รับซื้อ AirPods สกลนคร ประเมินราคาเบื้องต้น,Answer|BreadcrumbList|ContactPoint|Country|FAQPage|GeoCoordinates|ImageObject|ListItem|LocalBusiness|Offer|OpeningHoursSpecification|Organization|PostalAddress|ProfessionalService|Question|Service|WebPage|WebSite,324,2,44,4,OK
/รับซื้อ/รับซื้อ-airpods-สุรินทร์,service-x-location,dist/client/รับซื้อ/รับซื้อ-airpods-สุรินทร์/index.html,yes,200,yes,/รับซื้อ/รับซื้อ-airpods-สุรินทร์,yes,รับซื้อ AirPods สุรินทร์ ประเมินราคาเบื้องต้น | Amphon.co.th,รับซื้อ AirPods ในสุรินทร์ ประเมินราคาฟรี ส่งรูปเช็กราคาได้ ชำระเงินหลังตรวจสอบสินค้าและตกลงราคาเรียบร้อยแล้ว ติดต่อ Lin,รับซื้อ AirPods สุรินทร์ ประเมินราคาเบื้องต้น,Answer|BreadcrumbList|ContactPoint|Country|FAQPage|GeoCoordinates|ImageObject|ListItem|LocalBusiness|Offer|OpeningHoursSpecification|Organization|PostalAddress|ProfessionalService|Question|Service|WebPage|WebSite,309,2,44,4,OK
/รับซื้อ/รับซื้อ-airpods-หนองคาย,service-x-location,dist/client/รับซื้อ/รับซื้อ-airpods-หนองคาย/index.html,yes,200,yes,/รับซื้อ/รับซื้อ-airpods-หนองคาย,yes,รับซื้อ AirPods หนองคาย ประเมินราคาเบื้องต้น | Amphon.co.th,รับซื้อ AirPods ในหนองคาย ประเมินราคาฟรี ส่งรูปเช็กราคาได้ ชำระเงินหลังตรวจสอบสินค้าและตกลงราคาเรียบร้อยแล้ว ติดต่อ Line,รับซื้อ AirPods หนองคาย ประเมินราคาเบื้องต้น,Answer|BreadcrumbList|ContactPoint|Country|FAQPage|GeoCoordinates|ImageObject|ListItem|LocalBusiness|Offer|OpeningHoursSpecification|Organization|PostalAddress|ProfessionalService|Question|Service|WebPage|WebSite,309,2,44,4,OK
/รับซื้อ/รับซื้อ-airpods-หนองบัวลำภู,service-x-location,dist/client/รับซื้อ/รับซื้อ-airpods-หนองบัวลำภู/index.html,yes,200,yes,/รับซื้อ/รับซื้อ-airpods-หนองบัวลำภู,yes,รับซื้อ AirPods หนองบัวลำภู ประเมินราคาเบื้องต้น | Amphon.co.th,รับซื้อ AirPods ในหนองบัวลำภู ประเมินราคาฟรี ส่งรูปเช็กราคาได้ ชำระเงินหลังตรวจสอบสินค้าและตกลงราคาเรียบร้อยแล้ว ติดต่อ ,รับซื้อ AirPods หนองบัวลำภู ประเมินราคาเบื้องต้น,Answer|BreadcrumbList|ContactPoint|Country|FAQPage|GeoCoordinates|ImageObject|ListItem|LocalBusiness|Offer|OpeningHoursSpecification|Organization|PostalAddress|ProfessionalService|Question|Service|WebPage|WebSite,301,2,44,4,OK
/รับซื้อ/รับซื้อ-airpods-อำนาจเจริญ,service-x-location,dist/client/รับซื้อ/รับซื้อ-airpods-อำนาจเจริญ/index.html,yes,200,yes,/รับซื้อ/รับซื้อ-airpods-อำนาจเจริญ,yes,รับซื้อ AirPods อำนาจเจริญ ประเมินราคาเบื้องต้น | Amphon.co.th,รับซื้อ AirPods ในอำนาจเจริญ ประเมินราคาฟรี ส่งรูปเช็กราคาได้ ชำระเงินหลังตรวจสอบสินค้าและตกลงราคาเรียบร้อยแล้ว ติดต่อ L,รับซื้อ AirPods อำนาจเจริญ ประเมินราคาเบื้องต้น,Answer|BreadcrumbList|ContactPoint|Country|FAQPage|GeoCoordinates|ImageObject|ListItem|LocalBusiness|Offer|OpeningHoursSpecification|Organization|PostalAddress|ProfessionalService|Question|Service|WebPage|WebSite,304,2,44,4,OK
/รับซื้อ/รับซื้อ-airpods-อุดรธานี,service-x-location,dist/client/รับซื้อ/รับซื้อ-airpods-อุดรธานี/index.html,yes,200,yes,/รับซื้อ/รับซื้อ-airpods-อุดรธานี,yes,รับซื้อ AirPods อุดรธานี ประเมินราคาเบื้องต้น | Amphon.co.th,รับซื้อ AirPods ในอุดรธานี ประเมินราคาฟรี ส่งรูปเช็กราคาได้ ชำระเงินหลังตรวจสอบสินค้าและตกลงราคาเรียบร้อยแล้ว ติดต่อ Lin,รับซื้อ AirPods อุดรธานี ประเมินราคาเบื้องต้น,Answer|BreadcrumbList|ContactPoint|Country|FAQPage|GeoCoordinates|ImageObject|ListItem|LocalBusiness|Offer|OpeningHoursSpecification|Organization|PostalAddress|ProfessionalService|Question|Service|WebPage|WebSite,311,2,44,4,OK
/รับซื้อ/รับซื้อ-airpods-อุบลราชธานี,service-x-location,dist/client/รับซื้อ/รับซื้อ-airpods-อุบลราชธานี/index.html,yes,200,yes,/รับซื้อ/รับซื้อ-airpods-อุบลราชธานี,yes,รับซื้อ AirPods อุบลราชธานี ประเมินราคาเบื้องต้น | Amphon.co.th,รับซื้อ AirPods ในอุบลราชธานี ประเมินราคาฟรี ส่งรูปเช็กราคาได้ ชำระเงินหลังตรวจสอบสินค้าและตกลงราคาเรียบร้อยแล้ว ติดต่อ ,รับซื้อ AirPods อุบลราชธานี ประเมินราคาเบื้องต้น,Answer|BreadcrumbList|ContactPoint|Country|FAQPage|GeoCoordinates|ImageObject|ListItem|LocalBusiness|Offer|OpeningHoursSpecification|Organization|PostalAddress|ProfessionalService|Question|Service|WebPage|WebSite,305,2,44,4,OK
/รับซื้อ/รับซื้อ-airpods-เลย,service-x-location,dist/client/รับซื้อ/รับซื้อ-airpods-เลย/index.html,yes,200,yes,/รับซื้อ/รับซื้อ-airpods-เลย,yes,รับซื้อ AirPods เลย ประเมินราคาเบื้องต้น | Amphon.co.th,รับซื้อ AirPods ในเลย ประเมินราคาฟรี ส่งรูปเช็กราคาได้ ชำระเงินหลังตรวจสอบสินค้าและตกลงราคาเรียบร้อยแล้ว ติดต่อ Line @we,รับซื้อ AirPods เลย ประเมินราคาเบื้องต้น,Answer|BreadcrumbList|ContactPoint|Country|FAQPage|GeoCoordinates|ImageObject|ListItem|LocalBusiness|Offer|OpeningHoursSpecification|Organization|PostalAddress|ProfessionalService|Question|Service|WebPage|WebSite,317,2,44,4,OK
/รับซื้อ/รับซื้อ-apple-watch-กาฬสินธุ์,service-x-location,dist/client/รับซื้อ/รับซื้อ-apple-watch-กาฬสินธุ์/index.html,yes,200,yes,/รับซื้อ/รับซื้อ-apple-watch-กาฬสินธุ์,yes,รับซื้อ Apple Watch กาฬสินธุ์ ประเมินราคาเบื้องต้น | Amphon.co.th,รับซื้อ Apple Watch ในกาฬสินธุ์ ประเมินราคาฟรี ส่งรูปเช็กราคาได้ ชำระเงินหลังตรวจสอบสินค้าและตกลงราคาเรียบร้อยแล้ว ติดต่,รับซื้อ Apple Watch กาฬสินธุ์ ประเมินราคาเบื้องต้น,Answer|BreadcrumbList|ContactPoint|Country|FAQPage|GeoCoordinates|ImageObject|ListItem|LocalBusiness|Offer|OpeningHoursSpecification|Organization|PostalAddress|ProfessionalService|Question|Service|WebPage|WebSite,333,2,44,4,OK
/รับซื้อ/รับซื้อ-apple-watch-ขอนแก่น,service-x-location,dist/client/รับซื้อ/รับซื้อ-apple-watch-ขอนแก่น/index.html,yes,200,yes,/รับซื้อ/รับซื้อ-apple-watch-ขอนแก่น,yes,รับซื้อ Apple Watch ขอนแก่น ประเมินราคาเบื้องต้น | Amphon.co.th,รับซื้อ Apple Watch ในขอนแก่น ประเมินราคาฟรี ส่งรูปเช็กราคาได้ ชำระเงินหลังตรวจสอบสินค้าและตกลงราคาเรียบร้อยแล้ว ติดต่อ ,รับซื้อ Apple Watch ขอนแก่น ประเมินราคาเบื้องต้น,Answer|BreadcrumbList|ContactPoint|Country|FAQPage|GeoCoordinates|ImageObject|ListItem|LocalBusiness|Offer|OpeningHoursSpecification|Organization|PostalAddress|ProfessionalService|Question|Service|WebPage|WebSite,344,2,44,4,OK
/รับซื้อ/รับซื้อ-apple-watch-ชัยภูมิ,service-x-location,dist/client/รับซื้อ/รับซื้อ-apple-watch-ชัยภูมิ/index.html,yes,200,yes,/รับซื้อ/รับซื้อ-apple-watch-ชัยภูมิ,yes,รับซื้อ Apple Watch ชัยภูมิ ประเมินราคาเบื้องต้น | Amphon.co.th,รับซื้อ Apple Watch ในชัยภูมิ ประเมินราคาฟรี ส่งรูปเช็กราคาได้ ชำระเงินหลังตรวจสอบสินค้าและตกลงราคาเรียบร้อยแล้ว ติดต่อ ,รับซื้อ Apple Watch ชัยภูมิ ประเมินราคาเบื้องต้น,Answer|BreadcrumbList|ContactPoint|Country|FAQPage|GeoCoordinates|ImageObject|ListItem|LocalBusiness|Offer|OpeningHoursSpecification|Organization|PostalAddress|ProfessionalService|Question|Service|WebPage|WebSite,332,2,44,4,OK
/รับซื้อ/รับซื้อ-apple-watch-นครพนม,service-x-location,dist/client/รับซื้อ/รับซื้อ-apple-watch-นครพนม/index.html,yes,200,yes,/รับซื้อ/รับซื้อ-apple-watch-นครพนม,yes,รับซื้อ Apple Watch นครพนม ประเมินราคาเบื้องต้น | Amphon.co.th,รับซื้อ Apple Watch ในนครพนม ประเมินราคาฟรี ส่งรูปเช็กราคาได้ ชำระเงินหลังตรวจสอบสินค้าและตกลงราคาเรียบร้อยแล้ว ติดต่อ L,รับซื้อ Apple Watch นครพนม ประเมินราคาเบื้องต้น,Answer|BreadcrumbList|ContactPoint|Country|FAQPage|GeoCoordinates|ImageObject|ListItem|LocalBusiness|Offer|OpeningHoursSpecification|Organization|PostalAddress|ProfessionalService|Question|Service|WebPage|WebSite,329,2,44,4,OK
/รับซื้อ/รับซื้อ-apple-watch-นครราชสีมา,service-x-location,dist/client/รับซื้อ/รับซื้อ-apple-watch-นครราชสีมา/index.html,yes,200,yes,/รับซื้อ/รับซื้อ-apple-watch-นครราชสีมา,yes,รับซื้อ Apple Watch นครราชสีมา ประเมินราคาเบื้องต้น | Amphon.co.th,รับซื้อ Apple Watch ในนครราชสีมา ประเมินราคาฟรี ส่งรูปเช็กราคาได้ ชำระเงินหลังตรวจสอบสินค้าและตกลงราคาเรียบร้อยแล้ว ติดต,รับซื้อ Apple Watch นครราชสีมา ประเมินราคาเบื้องต้น,Answer|BreadcrumbList|ContactPoint|Country|FAQPage|GeoCoordinates|ImageObject|ListItem|LocalBusiness|Offer|OpeningHoursSpecification|Organization|PostalAddress|ProfessionalService|Question|Service|WebPage|WebSite,351,2,44,4,OK
/รับซื้อ/รับซื้อ-apple-watch-บึงกาฬ,service-x-location,dist/client/รับซื้อ/รับซื้อ-apple-watch-บึงกาฬ/index.html,yes,200,yes,/รับซื้อ/รับซื้อ-apple-watch-บึงกาฬ,yes,รับซื้อ Apple Watch บึงกาฬ ประเมินราคาเบื้องต้น | Amphon.co.th,รับซื้อ Apple Watch ในบึงกาฬ ประเมินราคาฟรี ส่งรูปเช็กราคาได้ ชำระเงินหลังตรวจสอบสินค้าและตกลงราคาเรียบร้อยแล้ว ติดต่อ L,รับซื้อ Apple Watch บึงกาฬ ประเมินราคาเบื้องต้น,Answer|BreadcrumbList|ContactPoint|Country|FAQPage|GeoCoordinates|ImageObject|ListItem|LocalBusiness|Offer|OpeningHoursSpecification|Organization|PostalAddress|ProfessionalService|Question|Service|WebPage|WebSite,321,2,44,4,OK
/รับซื้อ/รับซื้อ-apple-watch-บุรีรัมย์,service-x-location,dist/client/รับซื้อ/รับซื้อ-apple-watch-บุรีรัมย์/index.html,yes,200,yes,/รับซื้อ/รับซื้อ-apple-watch-บุรีรัมย์,yes,รับซื้อ Apple Watch บุรีรัมย์ ประเมินราคาเบื้องต้น | Amphon.co.th,รับซื้อ Apple Watch ในบุรีรัมย์ ประเมินราคาฟรี ส่งรูปเช็กราคาได้ ชำระเงินหลังตรวจสอบสินค้าและตกลงราคาเรียบร้อยแล้ว ติดต่,รับซื้อ Apple Watch บุรีรัมย์ ประเมินราคาเบื้องต้น,Answer|BreadcrumbList|ContactPoint|Country|FAQPage|GeoCoordinates|ImageObject|ListItem|LocalBusiness|Offer|OpeningHoursSpecification|Organization|PostalAddress|ProfessionalService|Question|Service|WebPage|WebSite,325,2,44,4,OK
/รับซื้อ/รับซื้อ-apple-watch-มหาสารคาม,service-x-location,dist/client/รับซื้อ/รับซื้อ-apple-watch-มหาสารคาม/index.html,yes,200,yes,/รับซื้อ/รับซื้อ-apple-watch-มหาสารคาม,yes,รับซื้อ Apple Watch มหาสารคาม ประเมินราคาเบื้องต้น | Amphon.co.th,รับซื้อ Apple Watch ในมหาสารคาม ประเมินราคาฟรี ส่งรูปเช็กราคาได้ ชำระเงินหลังตรวจสอบสินค้าและตกลงราคาเรียบร้อยแล้ว ติดต่,รับซื้อ Apple Watch มหาสารคาม ประเมินราคาเบื้องต้น,Answer|BreadcrumbList|ContactPoint|Country|FAQPage|GeoCoordinates|ImageObject|ListItem|LocalBusiness|Offer|OpeningHoursSpecification|Organization|PostalAddress|ProfessionalService|Question|Service|WebPage|WebSite,325,2,44,4,OK
/รับซื้อ/รับซื้อ-apple-watch-มุกดาหาร,service-x-location,dist/client/รับซื้อ/รับซื้อ-apple-watch-มุกดาหาร/index.html,yes,200,yes,/รับซื้อ/รับซื้อ-apple-watch-มุกดาหาร,yes,รับซื้อ Apple Watch มุกดาหาร ประเมินราคาเบื้องต้น | Amphon.co.th,รับซื้อ Apple Watch ในมุกดาหาร ประเมินราคาฟรี ส่งรูปเช็กราคาได้ ชำระเงินหลังตรวจสอบสินค้าและตกลงราคาเรียบร้อยแล้ว ติดต่อ,รับซื้อ Apple Watch มุกดาหาร ประเมินราคาเบื้องต้น,Answer|BreadcrumbList|ContactPoint|Country|FAQPage|GeoCoordinates|ImageObject|ListItem|LocalBusiness|Offer|OpeningHoursSpecification|Organization|PostalAddress|ProfessionalService|Question|Service|WebPage|WebSite,318,2,44,4,OK
/รับซื้อ/รับซื้อ-apple-watch-ยโสธร,service-x-location,dist/client/รับซื้อ/รับซื้อ-apple-watch-ยโสธร/index.html,yes,200,yes,/รับซื้อ/รับซื้อ-apple-watch-ยโสธร,yes,รับซื้อ Apple Watch ยโสธร ประเมินราคาเบื้องต้น | Amphon.co.th,รับซื้อ Apple Watch ในยโสธร ประเมินราคาฟรี ส่งรูปเช็กราคาได้ ชำระเงินหลังตรวจสอบสินค้าและตกลงราคาเรียบร้อยแล้ว ติดต่อ Li,รับซื้อ Apple Watch ยโสธร ประเมินราคาเบื้องต้น,Answer|BreadcrumbList|ContactPoint|Country|FAQPage|GeoCoordinates|ImageObject|ListItem|LocalBusiness|Offer|OpeningHoursSpecification|Organization|PostalAddress|ProfessionalService|Question|Service|WebPage|WebSite,322,2,44,4,OK
/รับซื้อ/รับซื้อ-apple-watch-ร้อยเอ็ด,service-x-location,dist/client/รับซื้อ/รับซื้อ-apple-watch-ร้อยเอ็ด/index.html,yes,200,yes,/รับซื้อ/รับซื้อ-apple-watch-ร้อยเอ็ด,yes,รับซื้อ Apple Watch ร้อยเอ็ด ประเมินราคาเบื้องต้น | Amphon.co.th,รับซื้อ Apple Watch ในร้อยเอ็ด ประเมินราคาฟรี ส่งรูปเช็กราคาได้ ชำระเงินหลังตรวจสอบสินค้าและตกลงราคาเรียบร้อยแล้ว ติดต่อ,รับซื้อ Apple Watch ร้อยเอ็ด ประเมินราคาเบื้องต้น,Answer|BreadcrumbList|ContactPoint|Country|FAQPage|GeoCoordinates|ImageObject|ListItem|LocalBusiness|Offer|OpeningHoursSpecification|Organization|PostalAddress|ProfessionalService|Question|Service|WebPage|WebSite,336,2,44,4,OK
/รับซื้อ/รับซื้อ-apple-watch-ศรีสะเกษ,service-x-location,dist/client/รับซื้อ/รับซื้อ-apple-watch-ศรีสะเกษ/index.html,yes,200,yes,/รับซื้อ/รับซื้อ-apple-watch-ศรีสะเกษ,yes,รับซื้อ Apple Watch ศรีสะเกษ ประเมินราคาเบื้องต้น | Amphon.co.th,รับซื้อ Apple Watch ในศรีสะเกษ ประเมินราคาฟรี ส่งรูปเช็กราคาได้ ชำระเงินหลังตรวจสอบสินค้าและตกลงราคาเรียบร้อยแล้ว ติดต่อ,รับซื้อ Apple Watch ศรีสะเกษ ประเมินราคาเบื้องต้น,Answer|BreadcrumbList|ContactPoint|Country|FAQPage|GeoCoordinates|ImageObject|ListItem|LocalBusiness|Offer|OpeningHoursSpecification|Organization|PostalAddress|ProfessionalService|Question|Service|WebPage|WebSite,323,2,44,4,OK
/รับซื้อ/รับซื้อ-apple-watch-สกลนคร,service-x-location,dist/client/รับซื้อ/รับซื้อ-apple-watch-สกลนคร/index.html,yes,200,yes,/รับซื้อ/รับซื้อ-apple-watch-สกลนคร,yes,รับซื้อ Apple Watch สกลนคร ประเมินราคาเบื้องต้น | Amphon.co.th,รับซื้อ Apple Watch ในสกลนคร ประเมินราคาฟรี ส่งรูปเช็กราคาได้ ชำระเงินหลังตรวจสอบสินค้าและตกลงราคาเรียบร้อยแล้ว ติดต่อ L,รับซื้อ Apple Watch สกลนคร ประเมินราคาเบื้องต้น,Answer|BreadcrumbList|ContactPoint|Country|FAQPage|GeoCoordinates|ImageObject|ListItem|LocalBusiness|Offer|OpeningHoursSpecification|Organization|PostalAddress|ProfessionalService|Question|Service|WebPage|WebSite,337,2,44,4,OK
/รับซื้อ/รับซื้อ-apple-watch-สุรินทร์,service-x-location,dist/client/รับซื้อ/รับซื้อ-apple-watch-สุรินทร์/index.html,yes,200,yes,/รับซื้อ/รับซื้อ-apple-watch-สุรินทร์,yes,รับซื้อ Apple Watch สุรินทร์ ประเมินราคาเบื้องต้น | Amphon.co.th,รับซื้อ Apple Watch ในสุรินทร์ ประเมินราคาฟรี ส่งรูปเช็กราคาได้ ชำระเงินหลังตรวจสอบสินค้าและตกลงราคาเรียบร้อยแล้ว ติดต่อ,รับซื้อ Apple Watch สุรินทร์ ประเมินราคาเบื้องต้น,Answer|BreadcrumbList|ContactPoint|Country|FAQPage|GeoCoordinates|ImageObject|ListItem|LocalBusiness|Offer|OpeningHoursSpecification|Organization|PostalAddress|ProfessionalService|Question|Service|WebPage|WebSite,322,2,44,4,OK
/รับซื้อ/รับซื้อ-apple-watch-หนองคาย,service-x-location,dist/client/รับซื้อ/รับซื้อ-apple-watch-หนองคาย/index.html,yes,200,yes,/รับซื้อ/รับซื้อ-apple-watch-หนองคาย,yes,รับซื้อ Apple Watch หนองคาย ประเมินราคาเบื้องต้น | Amphon.co.th,รับซื้อ Apple Watch ในหนองคาย ประเมินราคาฟรี ส่งรูปเช็กราคาได้ ชำระเงินหลังตรวจสอบสินค้าและตกลงราคาเรียบร้อยแล้ว ติดต่อ ,รับซื้อ Apple Watch หนองคาย ประเมินราคาเบื้องต้น,Answer|BreadcrumbList|ContactPoint|Country|FAQPage|GeoCoordinates|ImageObject|ListItem|LocalBusiness|Offer|OpeningHoursSpecification|Organization|PostalAddress|ProfessionalService|Question|Service|WebPage|WebSite,322,2,44,4,OK
/รับซื้อ/รับซื้อ-apple-watch-หนองบัวลำภู,service-x-location,dist/client/รับซื้อ/รับซื้อ-apple-watch-หนองบัวลำภู/index.html,yes,200,yes,/รับซื้อ/รับซื้อ-apple-watch-หนองบัวลำภู,yes,รับซื้อ Apple Watch หนองบัวลำภู ประเมินราคาเบื้องต้น | Amphon.co.th,รับซื้อ Apple Watch ในหนองบัวลำภู ประเมินราคาฟรี ส่งรูปเช็กราคาได้ ชำระเงินหลังตรวจสอบสินค้าและตกลงราคาเรียบร้อยแล้ว ติด,รับซื้อ Apple Watch หนองบัวลำภู ประเมินราคาเบื้องต้น,Answer|BreadcrumbList|ContactPoint|Country|FAQPage|GeoCoordinates|ImageObject|ListItem|LocalBusiness|Offer|OpeningHoursSpecification|Organization|PostalAddress|ProfessionalService|Question|Service|WebPage|WebSite,314,2,44,4,OK
/รับซื้อ/รับซื้อ-apple-watch-อำนาจเจริญ,service-x-location,dist/client/รับซื้อ/รับซื้อ-apple-watch-อำนาจเจริญ/index.html,yes,200,yes,/รับซื้อ/รับซื้อ-apple-watch-อำนาจเจริญ,yes,รับซื้อ Apple Watch อำนาจเจริญ ประเมินราคาเบื้องต้น | Amphon.co.th,รับซื้อ Apple Watch ในอำนาจเจริญ ประเมินราคาฟรี ส่งรูปเช็กราคาได้ ชำระเงินหลังตรวจสอบสินค้าและตกลงราคาเรียบร้อยแล้ว ติดต,รับซื้อ Apple Watch อำนาจเจริญ ประเมินราคาเบื้องต้น,Answer|BreadcrumbList|ContactPoint|Country|FAQPage|GeoCoordinates|ImageObject|ListItem|LocalBusiness|Offer|OpeningHoursSpecification|Organization|PostalAddress|ProfessionalService|Question|Service|WebPage|WebSite,317,2,44,4,OK
/รับซื้อ/รับซื้อ-apple-watch-อุดรธานี,service-x-location,dist/client/รับซื้อ/รับซื้อ-apple-watch-อุดรธานี/index.html,yes,200,yes,/รับซื้อ/รับซื้อ-apple-watch-อุดรธานี,yes,รับซื้อ Apple Watch อุดรธานี ประเมินราคาเบื้องต้น | Amphon.co.th,รับซื้อ Apple Watch ในอุดรธานี ประเมินราคาฟรี ส่งรูปเช็กราคาได้ ชำระเงินหลังตรวจสอบสินค้าและตกลงราคาเรียบร้อยแล้ว ติดต่อ,รับซื้อ Apple Watch อุดรธานี ประเมินราคาเบื้องต้น,Answer|BreadcrumbList|ContactPoint|Country|FAQPage|GeoCoordinates|ImageObject|ListItem|LocalBusiness|Offer|OpeningHoursSpecification|Organization|PostalAddress|ProfessionalService|Question|Service|WebPage|WebSite,324,2,44,4,OK
/รับซื้อ/รับซื้อ-apple-watch-อุบลราชธานี,service-x-location,dist/client/รับซื้อ/รับซื้อ-apple-watch-อุบลราชธานี/index.html,yes,200,yes,/รับซื้อ/รับซื้อ-apple-watch-อุบลราชธานี,yes,รับซื้อ Apple Watch อุบลราชธานี ประเมินราคาเบื้องต้น | Amphon.co.th,รับซื้อ Apple Watch ในอุบลราชธานี ประเมินราคาฟรี ส่งรูปเช็กราคาได้ ชำระเงินหลังตรวจสอบสินค้าและตกลงราคาเรียบร้อยแล้ว ติด,รับซื้อ Apple Watch อุบลราชธานี ประเมินราคาเบื้องต้น,Answer|BreadcrumbList|ContactPoint|Country|FAQPage|GeoCoordinates|ImageObject|ListItem|LocalBusiness|Offer|OpeningHoursSpecification|Organization|PostalAddress|ProfessionalService|Question|Service|WebPage|WebSite,318,2,44,4,OK
/รับซื้อ/รับซื้อ-apple-watch-เลย,service-x-location,dist/client/รับซื้อ/รับซื้อ-apple-watch-เลย/index.html,yes,200,yes,/รับซื้อ/รับซื้อ-apple-watch-เลย,yes,รับซื้อ Apple Watch เลย ประเมินราคาเบื้องต้น | Amphon.co.th,รับซื้อ Apple Watch ในเลย ประเมินราคาฟรี ส่งรูปเช็กราคาได้ ชำระเงินหลังตรวจสอบสินค้าและตกลงราคาเรียบร้อยแล้ว ติดต่อ Line,รับซื้อ Apple Watch เลย ประเมินราคาเบื้องต้น,Answer|BreadcrumbList|ContactPoint|Country|FAQPage|GeoCoordinates|ImageObject|ListItem|LocalBusiness|Offer|OpeningHoursSpecification|Organization|PostalAddress|ProfessionalService|Question|Service|WebPage|WebSite,330,2,44,4,OK
/รับซื้อ/รับซื้อ-apple-กาฬสินธุ์,service-x-location,dist/client/รับซื้อ/รับซื้อ-apple-กาฬสินธุ์/index.html,yes,200,yes,/รับซื้อ/รับซื้อ-apple-กาฬสินธุ์,yes,รับซื้อ สินค้า Apple กาฬสินธุ์ ประเมินราคาเบื้องต้น | Amphon.co.th,รับซื้อ สินค้า Apple ในกาฬสินธุ์ ประเมินราคาฟรี ส่งรูปเช็กราคาได้ ชำระเงินหลังตรวจสอบสินค้าและตกลงราคาเรียบร้อยแล้ว ติดต,รับซื้อ สินค้า Apple กาฬสินธุ์ ประเมินราคาเบื้องต้น,Answer|BreadcrumbList|ContactPoint|Country|FAQPage|GeoCoordinates|ImageObject|ListItem|LocalBusiness|Offer|OpeningHoursSpecification|Organization|PostalAddress|ProfessionalService|Question|Service|WebPage|WebSite,332,2,44,4,OK
/รับซื้อ/รับซื้อ-apple-ขอนแก่น,service-x-location,dist/client/รับซื้อ/รับซื้อ-apple-ขอนแก่น/index.html,yes,200,yes,/รับซื้อ/รับซื้อ-apple-ขอนแก่น,yes,รับซื้อ สินค้า Apple ขอนแก่น ประเมินราคาเบื้องต้น | Amphon.co.th,รับซื้อ สินค้า Apple ในขอนแก่น ประเมินราคาฟรี ส่งรูปเช็กราคาได้ ชำระเงินหลังตรวจสอบสินค้าและตกลงราคาเรียบร้อยแล้ว ติดต่อ,รับซื้อ สินค้า Apple ขอนแก่น ประเมินราคาเบื้องต้น,Answer|BreadcrumbList|ContactPoint|Country|FAQPage|GeoCoordinates|ImageObject|ListItem|LocalBusiness|Offer|OpeningHoursSpecification|Organization|PostalAddress|ProfessionalService|Question|Service|WebPage|WebSite,343,2,44,4,OK
/รับซื้อ/รับซื้อ-apple-ชัยภูมิ,service-x-location,dist/client/รับซื้อ/รับซื้อ-apple-ชัยภูมิ/index.html,yes,200,yes,/รับซื้อ/รับซื้อ-apple-ชัยภูมิ,yes,รับซื้อ สินค้า Apple ชัยภูมิ ประเมินราคาเบื้องต้น | Amphon.co.th,รับซื้อ สินค้า Apple ในชัยภูมิ ประเมินราคาฟรี ส่งรูปเช็กราคาได้ ชำระเงินหลังตรวจสอบสินค้าและตกลงราคาเรียบร้อยแล้ว ติดต่อ,รับซื้อ สินค้า Apple ชัยภูมิ ประเมินราคาเบื้องต้น,Answer|BreadcrumbList|ContactPoint|Country|FAQPage|GeoCoordinates|ImageObject|ListItem|LocalBusiness|Offer|OpeningHoursSpecification|Organization|PostalAddress|ProfessionalService|Question|Service|WebPage|WebSite,331,2,44,4,OK
/รับซื้อ/รับซื้อ-apple-นครพนม,service-x-location,dist/client/รับซื้อ/รับซื้อ-apple-นครพนม/index.html,yes,200,yes,/รับซื้อ/รับซื้อ-apple-นครพนม,yes,รับซื้อ สินค้า Apple นครพนม ประเมินราคาเบื้องต้น | Amphon.co.th,รับซื้อ สินค้า Apple ในนครพนม ประเมินราคาฟรี ส่งรูปเช็กราคาได้ ชำระเงินหลังตรวจสอบสินค้าและตกลงราคาเรียบร้อยแล้ว ติดต่อ ,รับซื้อ สินค้า Apple นครพนม ประเมินราคาเบื้องต้น,Answer|BreadcrumbList|ContactPoint|Country|FAQPage|GeoCoordinates|ImageObject|ListItem|LocalBusiness|Offer|OpeningHoursSpecification|Organization|PostalAddress|ProfessionalService|Question|Service|WebPage|WebSite,328,2,44,4,OK
/รับซื้อ/รับซื้อ-apple-นครราชสีมา,service-x-location,dist/client/รับซื้อ/รับซื้อ-apple-นครราชสีมา/index.html,yes,200,yes,/รับซื้อ/รับซื้อ-apple-นครราชสีมา,yes,รับซื้อ สินค้า Apple นครราชสีมา ประเมินราคาเบื้องต้น | Amphon.co.th,รับซื้อ สินค้า Apple ในนครราชสีมา ประเมินราคาฟรี ส่งรูปเช็กราคาได้ ชำระเงินหลังตรวจสอบสินค้าและตกลงราคาเรียบร้อยแล้ว ติด,รับซื้อ สินค้า Apple นครราชสีมา ประเมินราคาเบื้องต้น,Answer|BreadcrumbList|ContactPoint|Country|FAQPage|GeoCoordinates|ImageObject|ListItem|LocalBusiness|Offer|OpeningHoursSpecification|Organization|PostalAddress|ProfessionalService|Question|Service|WebPage|WebSite,350,2,44,4,OK
/รับซื้อ/รับซื้อ-apple-บึงกาฬ,service-x-location,dist/client/รับซื้อ/รับซื้อ-apple-บึงกาฬ/index.html,yes,200,yes,/รับซื้อ/รับซื้อ-apple-บึงกาฬ,yes,รับซื้อ สินค้า Apple บึงกาฬ ประเมินราคาเบื้องต้น | Amphon.co.th,รับซื้อ สินค้า Apple ในบึงกาฬ ประเมินราคาฟรี ส่งรูปเช็กราคาได้ ชำระเงินหลังตรวจสอบสินค้าและตกลงราคาเรียบร้อยแล้ว ติดต่อ ,รับซื้อ สินค้า Apple บึงกาฬ ประเมินราคาเบื้องต้น,Answer|BreadcrumbList|ContactPoint|Country|FAQPage|GeoCoordinates|ImageObject|ListItem|LocalBusiness|Offer|OpeningHoursSpecification|Organization|PostalAddress|ProfessionalService|Question|Service|WebPage|WebSite,320,2,44,4,OK
/รับซื้อ/รับซื้อ-apple-บุรีรัมย์,service-x-location,dist/client/รับซื้อ/รับซื้อ-apple-บุรีรัมย์/index.html,yes,200,yes,/รับซื้อ/รับซื้อ-apple-บุรีรัมย์,yes,รับซื้อ สินค้า Apple บุรีรัมย์ ประเมินราคาเบื้องต้น | Amphon.co.th,รับซื้อ สินค้า Apple ในบุรีรัมย์ ประเมินราคาฟรี ส่งรูปเช็กราคาได้ ชำระเงินหลังตรวจสอบสินค้าและตกลงราคาเรียบร้อยแล้ว ติดต,รับซื้อ สินค้า Apple บุรีรัมย์ ประเมินราคาเบื้องต้น,Answer|BreadcrumbList|ContactPoint|Country|FAQPage|GeoCoordinates|ImageObject|ListItem|LocalBusiness|Offer|OpeningHoursSpecification|Organization|PostalAddress|ProfessionalService|Question|Service|WebPage|WebSite,324,2,44,4,OK
/รับซื้อ/รับซื้อ-apple-มหาสารคาม,service-x-location,dist/client/รับซื้อ/รับซื้อ-apple-มหาสารคาม/index.html,yes,200,yes,/รับซื้อ/รับซื้อ-apple-มหาสารคาม,yes,รับซื้อ สินค้า Apple มหาสารคาม ประเมินราคาเบื้องต้น | Amphon.co.th,รับซื้อ สินค้า Apple ในมหาสารคาม ประเมินราคาฟรี ส่งรูปเช็กราคาได้ ชำระเงินหลังตรวจสอบสินค้าและตกลงราคาเรียบร้อยแล้ว ติดต,รับซื้อ สินค้า Apple มหาสารคาม ประเมินราคาเบื้องต้น,Answer|BreadcrumbList|ContactPoint|Country|FAQPage|GeoCoordinates|ImageObject|ListItem|LocalBusiness|Offer|OpeningHoursSpecification|Organization|PostalAddress|ProfessionalService|Question|Service|WebPage|WebSite,324,2,44,4,OK
/รับซื้อ/รับซื้อ-apple-มุกดาหาร,service-x-location,dist/client/รับซื้อ/รับซื้อ-apple-มุกดาหาร/index.html,yes,200,yes,/รับซื้อ/รับซื้อ-apple-มุกดาหาร,yes,รับซื้อ สินค้า Apple มุกดาหาร ประเมินราคาเบื้องต้น | Amphon.co.th,รับซื้อ สินค้า Apple ในมุกดาหาร ประเมินราคาฟรี ส่งรูปเช็กราคาได้ ชำระเงินหลังตรวจสอบสินค้าและตกลงราคาเรียบร้อยแล้ว ติดต่,รับซื้อ สินค้า Apple มุกดาหาร ประเมินราคาเบื้องต้น,Answer|BreadcrumbList|ContactPoint|Country|FAQPage|GeoCoordinates|ImageObject|ListItem|LocalBusiness|Offer|OpeningHoursSpecification|Organization|PostalAddress|ProfessionalService|Question|Service|WebPage|WebSite,317,2,44,4,OK
/รับซื้อ/รับซื้อ-apple-ยโสธร,service-x-location,dist/client/รับซื้อ/รับซื้อ-apple-ยโสธร/index.html,yes,200,yes,/รับซื้อ/รับซื้อ-apple-ยโสธร,yes,รับซื้อ สินค้า Apple ยโสธร ประเมินราคาเบื้องต้น | Amphon.co.th,รับซื้อ สินค้า Apple ในยโสธร ประเมินราคาฟรี ส่งรูปเช็กราคาได้ ชำระเงินหลังตรวจสอบสินค้าและตกลงราคาเรียบร้อยแล้ว ติดต่อ L,รับซื้อ สินค้า Apple ยโสธร ประเมินราคาเบื้องต้น,Answer|BreadcrumbList|ContactPoint|Country|FAQPage|GeoCoordinates|ImageObject|ListItem|LocalBusiness|Offer|OpeningHoursSpecification|Organization|PostalAddress|ProfessionalService|Question|Service|WebPage|WebSite,321,2,44,4,OK
/รับซื้อ/รับซื้อ-apple-ร้อยเอ็ด,service-x-location,dist/client/รับซื้อ/รับซื้อ-apple-ร้อยเอ็ด/index.html,yes,200,yes,/รับซื้อ/รับซื้อ-apple-ร้อยเอ็ด,yes,รับซื้อ สินค้า Apple ร้อยเอ็ด ประเมินราคาเบื้องต้น | Amphon.co.th,รับซื้อ สินค้า Apple ในร้อยเอ็ด ประเมินราคาฟรี ส่งรูปเช็กราคาได้ ชำระเงินหลังตรวจสอบสินค้าและตกลงราคาเรียบร้อยแล้ว ติดต่,รับซื้อ สินค้า Apple ร้อยเอ็ด ประเมินราคาเบื้องต้น,Answer|BreadcrumbList|ContactPoint|Country|FAQPage|GeoCoordinates|ImageObject|ListItem|LocalBusiness|Offer|OpeningHoursSpecification|Organization|PostalAddress|ProfessionalService|Question|Service|WebPage|WebSite,335,2,44,4,OK
/รับซื้อ/รับซื้อ-apple-ศรีสะเกษ,service-x-location,dist/client/รับซื้อ/รับซื้อ-apple-ศรีสะเกษ/index.html,yes,200,yes,/รับซื้อ/รับซื้อ-apple-ศรีสะเกษ,yes,รับซื้อ สินค้า Apple ศรีสะเกษ ประเมินราคาเบื้องต้น | Amphon.co.th,รับซื้อ สินค้า Apple ในศรีสะเกษ ประเมินราคาฟรี ส่งรูปเช็กราคาได้ ชำระเงินหลังตรวจสอบสินค้าและตกลงราคาเรียบร้อยแล้ว ติดต่,รับซื้อ สินค้า Apple ศรีสะเกษ ประเมินราคาเบื้องต้น,Answer|BreadcrumbList|ContactPoint|Country|FAQPage|GeoCoordinates|ImageObject|ListItem|LocalBusiness|Offer|OpeningHoursSpecification|Organization|PostalAddress|ProfessionalService|Question|Service|WebPage|WebSite,322,2,44,4,OK
/รับซื้อ/รับซื้อ-apple-สกลนคร,service-x-location,dist/client/รับซื้อ/รับซื้อ-apple-สกลนคร/index.html,yes,200,yes,/รับซื้อ/รับซื้อ-apple-สกลนคร,yes,รับซื้อ สินค้า Apple สกลนคร ประเมินราคาเบื้องต้น | Amphon.co.th,รับซื้อ สินค้า Apple ในสกลนคร ประเมินราคาฟรี ส่งรูปเช็กราคาได้ ชำระเงินหลังตรวจสอบสินค้าและตกลงราคาเรียบร้อยแล้ว ติดต่อ ,รับซื้อ สินค้า Apple สกลนคร ประเมินราคาเบื้องต้น,Answer|BreadcrumbList|ContactPoint|Country|FAQPage|GeoCoordinates|ImageObject|ListItem|LocalBusiness|Offer|OpeningHoursSpecification|Organization|PostalAddress|ProfessionalService|Question|Service|WebPage|WebSite,336,2,44,4,OK
/รับซื้อ/รับซื้อ-apple-สุรินทร์,service-x-location,dist/client/รับซื้อ/รับซื้อ-apple-สุรินทร์/index.html,yes,200,yes,/รับซื้อ/รับซื้อ-apple-สุรินทร์,yes,รับซื้อ สินค้า Apple สุรินทร์ ประเมินราคาเบื้องต้น | Amphon.co.th,รับซื้อ สินค้า Apple ในสุรินทร์ ประเมินราคาฟรี ส่งรูปเช็กราคาได้ ชำระเงินหลังตรวจสอบสินค้าและตกลงราคาเรียบร้อยแล้ว ติดต่,รับซื้อ สินค้า Apple สุรินทร์ ประเมินราคาเบื้องต้น,Answer|BreadcrumbList|ContactPoint|Country|FAQPage|GeoCoordinates|ImageObject|ListItem|LocalBusiness|Offer|OpeningHoursSpecification|Organization|PostalAddress|ProfessionalService|Question|Service|WebPage|WebSite,321,2,44,4,OK
/รับซื้อ/รับซื้อ-apple-หนองคาย,service-x-location,dist/client/รับซื้อ/รับซื้อ-apple-หนองคาย/index.html,yes,200,yes,/รับซื้อ/รับซื้อ-apple-หนองคาย,yes,รับซื้อ สินค้า Apple หนองคาย ประเมินราคาเบื้องต้น | Amphon.co.th,รับซื้อ สินค้า Apple ในหนองคาย ประเมินราคาฟรี ส่งรูปเช็กราคาได้ ชำระเงินหลังตรวจสอบสินค้าและตกลงราคาเรียบร้อยแล้ว ติดต่อ,รับซื้อ สินค้า Apple หนองคาย ประเมินราคาเบื้องต้น,Answer|BreadcrumbList|ContactPoint|Country|FAQPage|GeoCoordinates|ImageObject|ListItem|LocalBusiness|Offer|OpeningHoursSpecification|Organization|PostalAddress|ProfessionalService|Question|Service|WebPage|WebSite,321,2,44,4,OK
/รับซื้อ/รับซื้อ-apple-หนองบัวลำภู,service-x-location,dist/client/รับซื้อ/รับซื้อ-apple-หนองบัวลำภู/index.html,yes,200,yes,/รับซื้อ/รับซื้อ-apple-หนองบัวลำภู,yes,รับซื้อ สินค้า Apple หนองบัวลำภู ประเมินราคาเบื้องต้น | Amphon.co.th,รับซื้อ สินค้า Apple ในหนองบัวลำภู ประเมินราคาฟรี ส่งรูปเช็กราคาได้ ชำระเงินหลังตรวจสอบสินค้าและตกลงราคาเรียบร้อยแล้ว ติ,รับซื้อ สินค้า Apple หนองบัวลำภู ประเมินราคาเบื้องต้น,Answer|BreadcrumbList|ContactPoint|Country|FAQPage|GeoCoordinates|ImageObject|ListItem|LocalBusiness|Offer|OpeningHoursSpecification|Organization|PostalAddress|ProfessionalService|Question|Service|WebPage|WebSite,313,2,44,4,OK
/รับซื้อ/รับซื้อ-apple-อำนาจเจริญ,service-x-location,dist/client/รับซื้อ/รับซื้อ-apple-อำนาจเจริญ/index.html,yes,200,yes,/รับซื้อ/รับซื้อ-apple-อำนาจเจริญ,yes,รับซื้อ สินค้า Apple อำนาจเจริญ ประเมินราคาเบื้องต้น | Amphon.co.th,รับซื้อ สินค้า Apple ในอำนาจเจริญ ประเมินราคาฟรี ส่งรูปเช็กราคาได้ ชำระเงินหลังตรวจสอบสินค้าและตกลงราคาเรียบร้อยแล้ว ติด,รับซื้อ สินค้า Apple อำนาจเจริญ ประเมินราคาเบื้องต้น,Answer|BreadcrumbList|ContactPoint|Country|FAQPage|GeoCoordinates|ImageObject|ListItem|LocalBusiness|Offer|OpeningHoursSpecification|Organization|PostalAddress|ProfessionalService|Question|Service|WebPage|WebSite,316,2,44,4,OK
/รับซื้อ/รับซื้อ-apple-อุดรธานี,service-x-location,dist/client/รับซื้อ/รับซื้อ-apple-อุดรธานี/index.html,yes,200,yes,/รับซื้อ/รับซื้อ-apple-อุดรธานี,yes,รับซื้อ สินค้า Apple อุดรธานี ประเมินราคาเบื้องต้น | Amphon.co.th,รับซื้อ สินค้า Apple ในอุดรธานี ประเมินราคาฟรี ส่งรูปเช็กราคาได้ ชำระเงินหลังตรวจสอบสินค้าและตกลงราคาเรียบร้อยแล้ว ติดต่,รับซื้อ สินค้า Apple อุดรธานี ประเมินราคาเบื้องต้น,Answer|BreadcrumbList|ContactPoint|Country|FAQPage|GeoCoordinates|ImageObject|ListItem|LocalBusiness|Offer|OpeningHoursSpecification|Organization|PostalAddress|ProfessionalService|Question|Service|WebPage|WebSite,323,2,44,4,OK
/รับซื้อ/รับซื้อ-apple-อุบลราชธานี,service-x-location,dist/client/รับซื้อ/รับซื้อ-apple-อุบลราชธานี/index.html,yes,200,yes,/รับซื้อ/รับซื้อ-apple-อุบลราชธานี,yes,รับซื้อ สินค้า Apple อุบลราชธานี ประเมินราคาเบื้องต้น | Amphon.co.th,รับซื้อ สินค้า Apple ในอุบลราชธานี ประเมินราคาฟรี ส่งรูปเช็กราคาได้ ชำระเงินหลังตรวจสอบสินค้าและตกลงราคาเรียบร้อยแล้ว ติ,รับซื้อ สินค้า Apple อุบลราชธานี ประเมินราคาเบื้องต้น,Answer|BreadcrumbList|ContactPoint|Country|FAQPage|GeoCoordinates|ImageObject|ListItem|LocalBusiness|Offer|OpeningHoursSpecification|Organization|PostalAddress|ProfessionalService|Question|Service|WebPage|WebSite,317,2,44,4,OK
/รับซื้อ/รับซื้อ-apple-เลย,service-x-location,dist/client/รับซื้อ/รับซื้อ-apple-เลย/index.html,yes,200,yes,/รับซื้อ/รับซื้อ-apple-เลย,yes,รับซื้อ สินค้า Apple เลย ประเมินราคาเบื้องต้น | Amphon.co.th,รับซื้อ สินค้า Apple ในเลย ประเมินราคาฟรี ส่งรูปเช็กราคาได้ ชำระเงินหลังตรวจสอบสินค้าและตกลงราคาเรียบร้อยแล้ว ติดต่อ Lin,รับซื้อ สินค้า Apple เลย ประเมินราคาเบื้องต้น,Answer|BreadcrumbList|ContactPoint|Country|FAQPage|GeoCoordinates|ImageObject|ListItem|LocalBusiness|Offer|OpeningHoursSpecification|Organization|PostalAddress|ProfessionalService|Question|Service|WebPage|WebSite,329,2,44,4,OK
/รับซื้อ/รับซื้อ-imac-กาฬสินธุ์,service-x-location,dist/client/รับซื้อ/รับซื้อ-imac-กาฬสินธุ์/index.html,yes,200,yes,/รับซื้อ/รับซื้อ-imac-กาฬสินธุ์,yes,รับซื้อ iMac กาฬสินธุ์ ประเมินราคาเบื้องต้น | Amphon.co.th,รับซื้อ iMac ในกาฬสินธุ์ ประเมินราคาฟรี ส่งรูปเช็กราคาได้ ชำระเงินหลังตรวจสอบสินค้าและตกลงราคาเรียบร้อยแล้ว ติดต่อ Line ,รับซื้อ iMac กาฬสินธุ์ ประเมินราคาเบื้องต้น,Answer|BreadcrumbList|ContactPoint|Country|FAQPage|GeoCoordinates|ImageObject|ListItem|LocalBusiness|Offer|OpeningHoursSpecification|Organization|PostalAddress|ProfessionalService|Question|Service|WebPage|WebSite,320,2,44,4,OK
/รับซื้อ/รับซื้อ-imac-ขอนแก่น,service-x-location,dist/client/รับซื้อ/รับซื้อ-imac-ขอนแก่น/index.html,yes,200,yes,/รับซื้อ/รับซื้อ-imac-ขอนแก่น,yes,รับซื้อ iMac ขอนแก่น ประเมินราคาเบื้องต้น | Amphon.co.th,รับซื้อ iMac ในขอนแก่น ประเมินราคาฟรี ส่งรูปเช็กราคาได้ ชำระเงินหลังตรวจสอบสินค้าและตกลงราคาเรียบร้อยแล้ว ติดต่อ Line @w,รับซื้อ iMac ขอนแก่น ประเมินราคาเบื้องต้น,Answer|BreadcrumbList|ContactPoint|Country|FAQPage|GeoCoordinates|ImageObject|ListItem|LocalBusiness|Offer|OpeningHoursSpecification|Organization|PostalAddress|ProfessionalService|Question|Service|WebPage|WebSite,331,2,44,4,OK
/รับซื้อ/รับซื้อ-imac-ชัยภูมิ,service-x-location,dist/client/รับซื้อ/รับซื้อ-imac-ชัยภูมิ/index.html,yes,200,yes,/รับซื้อ/รับซื้อ-imac-ชัยภูมิ,yes,รับซื้อ iMac ชัยภูมิ ประเมินราคาเบื้องต้น | Amphon.co.th,รับซื้อ iMac ในชัยภูมิ ประเมินราคาฟรี ส่งรูปเช็กราคาได้ ชำระเงินหลังตรวจสอบสินค้าและตกลงราคาเรียบร้อยแล้ว ติดต่อ Line @w,รับซื้อ iMac ชัยภูมิ ประเมินราคาเบื้องต้น,Answer|BreadcrumbList|ContactPoint|Country|FAQPage|GeoCoordinates|ImageObject|ListItem|LocalBusiness|Offer|OpeningHoursSpecification|Organization|PostalAddress|ProfessionalService|Question|Service|WebPage|WebSite,319,2,44,4,OK
/รับซื้อ/รับซื้อ-imac-นครพนม,service-x-location,dist/client/รับซื้อ/รับซื้อ-imac-นครพนม/index.html,yes,200,yes,/รับซื้อ/รับซื้อ-imac-นครพนม,yes,รับซื้อ iMac นครพนม ประเมินราคาเบื้องต้น | Amphon.co.th,รับซื้อ iMac ในนครพนม ประเมินราคาฟรี ส่งรูปเช็กราคาได้ ชำระเงินหลังตรวจสอบสินค้าและตกลงราคาเรียบร้อยแล้ว ติดต่อ Line @we,รับซื้อ iMac นครพนม ประเมินราคาเบื้องต้น,Answer|BreadcrumbList|ContactPoint|Country|FAQPage|GeoCoordinates|ImageObject|ListItem|LocalBusiness|Offer|OpeningHoursSpecification|Organization|PostalAddress|ProfessionalService|Question|Service|WebPage|WebSite,316,2,44,4,OK
/รับซื้อ/รับซื้อ-imac-นครราชสีมา,service-x-location,dist/client/รับซื้อ/รับซื้อ-imac-นครราชสีมา/index.html,yes,200,yes,/รับซื้อ/รับซื้อ-imac-นครราชสีมา,yes,รับซื้อ iMac นครราชสีมา ประเมินราคาเบื้องต้น | Amphon.co.th,รับซื้อ iMac ในนครราชสีมา ประเมินราคาฟรี ส่งรูปเช็กราคาได้ ชำระเงินหลังตรวจสอบสินค้าและตกลงราคาเรียบร้อยแล้ว ติดต่อ Line,รับซื้อ iMac นครราชสีมา ประเมินราคาเบื้องต้น,Answer|BreadcrumbList|ContactPoint|Country|FAQPage|GeoCoordinates|ImageObject|ListItem|LocalBusiness|Offer|OpeningHoursSpecification|Organization|PostalAddress|ProfessionalService|Question|Service|WebPage|WebSite,338,2,44,4,OK
/รับซื้อ/รับซื้อ-imac-บึงกาฬ,service-x-location,dist/client/รับซื้อ/รับซื้อ-imac-บึงกาฬ/index.html,yes,200,yes,/รับซื้อ/รับซื้อ-imac-บึงกาฬ,yes,รับซื้อ iMac บึงกาฬ ประเมินราคาเบื้องต้น | Amphon.co.th,รับซื้อ iMac ในบึงกาฬ ประเมินราคาฟรี ส่งรูปเช็กราคาได้ ชำระเงินหลังตรวจสอบสินค้าและตกลงราคาเรียบร้อยแล้ว ติดต่อ Line @we,รับซื้อ iMac บึงกาฬ ประเมินราคาเบื้องต้น,Answer|BreadcrumbList|ContactPoint|Country|FAQPage|GeoCoordinates|ImageObject|ListItem|LocalBusiness|Offer|OpeningHoursSpecification|Organization|PostalAddress|ProfessionalService|Question|Service|WebPage|WebSite,308,2,44,4,OK
/รับซื้อ/รับซื้อ-imac-บุรีรัมย์,service-x-location,dist/client/รับซื้อ/รับซื้อ-imac-บุรีรัมย์/index.html,yes,200,yes,/รับซื้อ/รับซื้อ-imac-บุรีรัมย์,yes,รับซื้อ iMac บุรีรัมย์ ประเมินราคาเบื้องต้น | Amphon.co.th,รับซื้อ iMac ในบุรีรัมย์ ประเมินราคาฟรี ส่งรูปเช็กราคาได้ ชำระเงินหลังตรวจสอบสินค้าและตกลงราคาเรียบร้อยแล้ว ติดต่อ Line ,รับซื้อ iMac บุรีรัมย์ ประเมินราคาเบื้องต้น,Answer|BreadcrumbList|ContactPoint|Country|FAQPage|GeoCoordinates|ImageObject|ListItem|LocalBusiness|Offer|OpeningHoursSpecification|Organization|PostalAddress|ProfessionalService|Question|Service|WebPage|WebSite,312,2,44,4,OK
/รับซื้อ/รับซื้อ-imac-มหาสารคาม,service-x-location,dist/client/รับซื้อ/รับซื้อ-imac-มหาสารคาม/index.html,yes,200,yes,/รับซื้อ/รับซื้อ-imac-มหาสารคาม,yes,รับซื้อ iMac มหาสารคาม ประเมินราคาเบื้องต้น | Amphon.co.th,รับซื้อ iMac ในมหาสารคาม ประเมินราคาฟรี ส่งรูปเช็กราคาได้ ชำระเงินหลังตรวจสอบสินค้าและตกลงราคาเรียบร้อยแล้ว ติดต่อ Line ,รับซื้อ iMac มหาสารคาม ประเมินราคาเบื้องต้น,Answer|BreadcrumbList|ContactPoint|Country|FAQPage|GeoCoordinates|ImageObject|ListItem|LocalBusiness|Offer|OpeningHoursSpecification|Organization|PostalAddress|ProfessionalService|Question|Service|WebPage|WebSite,312,2,44,4,OK
/รับซื้อ/รับซื้อ-imac-มุกดาหาร,service-x-location,dist/client/รับซื้อ/รับซื้อ-imac-มุกดาหาร/index.html,yes,200,yes,/รับซื้อ/รับซื้อ-imac-มุกดาหาร,yes,รับซื้อ iMac มุกดาหาร ประเมินราคาเบื้องต้น | Amphon.co.th,รับซื้อ iMac ในมุกดาหาร ประเมินราคาฟรี ส่งรูปเช็กราคาได้ ชำระเงินหลังตรวจสอบสินค้าและตกลงราคาเรียบร้อยแล้ว ติดต่อ Line @,รับซื้อ iMac มุกดาหาร ประเมินราคาเบื้องต้น,Answer|BreadcrumbList|ContactPoint|Country|FAQPage|GeoCoordinates|ImageObject|ListItem|LocalBusiness|Offer|OpeningHoursSpecification|Organization|PostalAddress|ProfessionalService|Question|Service|WebPage|WebSite,305,2,44,4,OK
/รับซื้อ/รับซื้อ-imac-ยโสธร,service-x-location,dist/client/รับซื้อ/รับซื้อ-imac-ยโสธร/index.html,yes,200,yes,/รับซื้อ/รับซื้อ-imac-ยโสธร,yes,รับซื้อ iMac ยโสธร ประเมินราคาเบื้องต้น | Amphon.co.th,รับซื้อ iMac ในยโสธร ประเมินราคาฟรี ส่งรูปเช็กราคาได้ ชำระเงินหลังตรวจสอบสินค้าและตกลงราคาเรียบร้อยแล้ว ติดต่อ Line @web,รับซื้อ iMac ยโสธร ประเมินราคาเบื้องต้น,Answer|BreadcrumbList|ContactPoint|Country|FAQPage|GeoCoordinates|ImageObject|ListItem|LocalBusiness|Offer|OpeningHoursSpecification|Organization|PostalAddress|ProfessionalService|Question|Service|WebPage|WebSite,309,2,44,4,OK
/รับซื้อ/รับซื้อ-imac-ร้อยเอ็ด,service-x-location,dist/client/รับซื้อ/รับซื้อ-imac-ร้อยเอ็ด/index.html,yes,200,yes,/รับซื้อ/รับซื้อ-imac-ร้อยเอ็ด,yes,รับซื้อ iMac ร้อยเอ็ด ประเมินราคาเบื้องต้น | Amphon.co.th,รับซื้อ iMac ในร้อยเอ็ด ประเมินราคาฟรี ส่งรูปเช็กราคาได้ ชำระเงินหลังตรวจสอบสินค้าและตกลงราคาเรียบร้อยแล้ว ติดต่อ Line @,รับซื้อ iMac ร้อยเอ็ด ประเมินราคาเบื้องต้น,Answer|BreadcrumbList|ContactPoint|Country|FAQPage|GeoCoordinates|ImageObject|ListItem|LocalBusiness|Offer|OpeningHoursSpecification|Organization|PostalAddress|ProfessionalService|Question|Service|WebPage|WebSite,323,2,44,4,OK
/รับซื้อ/รับซื้อ-imac-ศรีสะเกษ,service-x-location,dist/client/รับซื้อ/รับซื้อ-imac-ศรีสะเกษ/index.html,yes,200,yes,/รับซื้อ/รับซื้อ-imac-ศรีสะเกษ,yes,รับซื้อ iMac ศรีสะเกษ ประเมินราคาเบื้องต้น | Amphon.co.th,รับซื้อ iMac ในศรีสะเกษ ประเมินราคาฟรี ส่งรูปเช็กราคาได้ ชำระเงินหลังตรวจสอบสินค้าและตกลงราคาเรียบร้อยแล้ว ติดต่อ Line @,รับซื้อ iMac ศรีสะเกษ ประเมินราคาเบื้องต้น,Answer|BreadcrumbList|ContactPoint|Country|FAQPage|GeoCoordinates|ImageObject|ListItem|LocalBusiness|Offer|OpeningHoursSpecification|Organization|PostalAddress|ProfessionalService|Question|Service|WebPage|WebSite,310,2,44,4,OK
/รับซื้อ/รับซื้อ-imac-สกลนคร,service-x-location,dist/client/รับซื้อ/รับซื้อ-imac-สกลนคร/index.html,yes,200,yes,/รับซื้อ/รับซื้อ-imac-สกลนคร,yes,รับซื้อ iMac สกลนคร ประเมินราคาเบื้องต้น | Amphon.co.th,รับซื้อ iMac ในสกลนคร ประเมินราคาฟรี ส่งรูปเช็กราคาได้ ชำระเงินหลังตรวจสอบสินค้าและตกลงราคาเรียบร้อยแล้ว ติดต่อ Line @we,รับซื้อ iMac สกลนคร ประเมินราคาเบื้องต้น,Answer|BreadcrumbList|ContactPoint|Country|FAQPage|GeoCoordinates|ImageObject|ListItem|LocalBusiness|Offer|OpeningHoursSpecification|Organization|PostalAddress|ProfessionalService|Question|Service|WebPage|WebSite,324,2,44,4,OK
/รับซื้อ/รับซื้อ-imac-สุรินทร์,service-x-location,dist/client/รับซื้อ/รับซื้อ-imac-สุรินทร์/index.html,yes,200,yes,/รับซื้อ/รับซื้อ-imac-สุรินทร์,yes,รับซื้อ iMac สุรินทร์ ประเมินราคาเบื้องต้น | Amphon.co.th,รับซื้อ iMac ในสุรินทร์ ประเมินราคาฟรี ส่งรูปเช็กราคาได้ ชำระเงินหลังตรวจสอบสินค้าและตกลงราคาเรียบร้อยแล้ว ติดต่อ Line @,รับซื้อ iMac สุรินทร์ ประเมินราคาเบื้องต้น,Answer|BreadcrumbList|ContactPoint|Country|FAQPage|GeoCoordinates|ImageObject|ListItem|LocalBusiness|Offer|OpeningHoursSpecification|Organization|PostalAddress|ProfessionalService|Question|Service|WebPage|WebSite,309,2,44,4,OK
/รับซื้อ/รับซื้อ-imac-หนองคาย,service-x-location,dist/client/รับซื้อ/รับซื้อ-imac-หนองคาย/index.html,yes,200,yes,/รับซื้อ/รับซื้อ-imac-หนองคาย,yes,รับซื้อ iMac หนองคาย ประเมินราคาเบื้องต้น | Amphon.co.th,รับซื้อ iMac ในหนองคาย ประเมินราคาฟรี ส่งรูปเช็กราคาได้ ชำระเงินหลังตรวจสอบสินค้าและตกลงราคาเรียบร้อยแล้ว ติดต่อ Line @w,รับซื้อ iMac หนองคาย ประเมินราคาเบื้องต้น,Answer|BreadcrumbList|ContactPoint|Country|FAQPage|GeoCoordinates|ImageObject|ListItem|LocalBusiness|Offer|OpeningHoursSpecification|Organization|PostalAddress|ProfessionalService|Question|Service|WebPage|WebSite,309,2,44,4,OK
/รับซื้อ/รับซื้อ-imac-หนองบัวลำภู,service-x-location,dist/client/รับซื้อ/รับซื้อ-imac-หนองบัวลำภู/index.html,yes,200,yes,/รับซื้อ/รับซื้อ-imac-หนองบัวลำภู,yes,รับซื้อ iMac หนองบัวลำภู ประเมินราคาเบื้องต้น | Amphon.co.th,รับซื้อ iMac ในหนองบัวลำภู ประเมินราคาฟรี ส่งรูปเช็กราคาได้ ชำระเงินหลังตรวจสอบสินค้าและตกลงราคาเรียบร้อยแล้ว ติดต่อ Lin,รับซื้อ iMac หนองบัวลำภู ประเมินราคาเบื้องต้น,Answer|BreadcrumbList|ContactPoint|Country|FAQPage|GeoCoordinates|ImageObject|ListItem|LocalBusiness|Offer|OpeningHoursSpecification|Organization|PostalAddress|ProfessionalService|Question|Service|WebPage|WebSite,301,2,44,4,OK
/รับซื้อ/รับซื้อ-imac-อำนาจเจริญ,service-x-location,dist/client/รับซื้อ/รับซื้อ-imac-อำนาจเจริญ/index.html,yes,200,yes,/รับซื้อ/รับซื้อ-imac-อำนาจเจริญ,yes,รับซื้อ iMac อำนาจเจริญ ประเมินราคาเบื้องต้น | Amphon.co.th,รับซื้อ iMac ในอำนาจเจริญ ประเมินราคาฟรี ส่งรูปเช็กราคาได้ ชำระเงินหลังตรวจสอบสินค้าและตกลงราคาเรียบร้อยแล้ว ติดต่อ Line,รับซื้อ iMac อำนาจเจริญ ประเมินราคาเบื้องต้น,Answer|BreadcrumbList|ContactPoint|Country|FAQPage|GeoCoordinates|ImageObject|ListItem|LocalBusiness|Offer|OpeningHoursSpecification|Organization|PostalAddress|ProfessionalService|Question|Service|WebPage|WebSite,304,2,44,4,OK
/รับซื้อ/รับซื้อ-imac-อุดรธานี,service-x-location,dist/client/รับซื้อ/รับซื้อ-imac-อุดรธานี/index.html,yes,200,yes,/รับซื้อ/รับซื้อ-imac-อุดรธานี,yes,รับซื้อ iMac อุดรธานี ประเมินราคาเบื้องต้น | Amphon.co.th,รับซื้อ iMac ในอุดรธานี ประเมินราคาฟรี ส่งรูปเช็กราคาได้ ชำระเงินหลังตรวจสอบสินค้าและตกลงราคาเรียบร้อยแล้ว ติดต่อ Line @,รับซื้อ iMac อุดรธานี ประเมินราคาเบื้องต้น,Answer|BreadcrumbList|ContactPoint|Country|FAQPage|GeoCoordinates|ImageObject|ListItem|LocalBusiness|Offer|OpeningHoursSpecification|Organization|PostalAddress|ProfessionalService|Question|Service|WebPage|WebSite,311,2,44,4,OK
/รับซื้อ/รับซื้อ-imac-อุบลราชธานี,service-x-location,dist/client/รับซื้อ/รับซื้อ-imac-อุบลราชธานี/index.html,yes,200,yes,/รับซื้อ/รับซื้อ-imac-อุบลราชธานี,yes,รับซื้อ iMac อุบลราชธานี ประเมินราคาเบื้องต้น | Amphon.co.th,รับซื้อ iMac ในอุบลราชธานี ประเมินราคาฟรี ส่งรูปเช็กราคาได้ ชำระเงินหลังตรวจสอบสินค้าและตกลงราคาเรียบร้อยแล้ว ติดต่อ Lin,รับซื้อ iMac อุบลราชธานี ประเมินราคาเบื้องต้น,Answer|BreadcrumbList|ContactPoint|Country|FAQPage|GeoCoordinates|ImageObject|ListItem|LocalBusiness|Offer|OpeningHoursSpecification|Organization|PostalAddress|ProfessionalService|Question|Service|WebPage|WebSite,305,2,44,4,OK
/รับซื้อ/รับซื้อ-imac-เลย,service-x-location,dist/client/รับซื้อ/รับซื้อ-imac-เลย/index.html,yes,200,yes,/รับซื้อ/รับซื้อ-imac-เลย,yes,รับซื้อ iMac เลย ประเมินราคาเบื้องต้น | Amphon.co.th,รับซื้อ iMac ในเลย ประเมินราคาฟรี ส่งรูปเช็กราคาได้ ชำระเงินหลังตรวจสอบสินค้าและตกลงราคาเรียบร้อยแล้ว ติดต่อ Line @webuy,รับซื้อ iMac เลย ประเมินราคาเบื้องต้น,Answer|BreadcrumbList|ContactPoint|Country|FAQPage|GeoCoordinates|ImageObject|ListItem|LocalBusiness|Offer|OpeningHoursSpecification|Organization|PostalAddress|ProfessionalService|Question|Service|WebPage|WebSite,317,2,44,4,OK
/รับซื้อ/รับซื้อ-ipad-กาฬสินธุ์,service-x-location,dist/client/รับซื้อ/รับซื้อ-ipad-กาฬสินธุ์/index.html,yes,200,yes,/รับซื้อ/รับซื้อ-ipad-กาฬสินธุ์,yes,รับซื้อ iPad กาฬสินธุ์ ประเมินราคาเบื้องต้น | Amphon.co.th,รับซื้อ iPad ในกาฬสินธุ์ ประเมินราคาฟรี ส่งรูปเช็กราคาได้ ชำระเงินหลังตรวจสอบสินค้าและตกลงราคาเรียบร้อยแล้ว ติดต่อ Line ,รับซื้อ iPad กาฬสินธุ์ ประเมินราคาเบื้องต้น,Answer|BreadcrumbList|ContactPoint|Country|FAQPage|GeoCoordinates|ImageObject|ListItem|LocalBusiness|Offer|OpeningHoursSpecification|Organization|PostalAddress|ProfessionalService|Question|Service|WebPage|WebSite,323,6,44,4,OK
/รับซื้อ/รับซื้อ-ipad-ขอนแก่น,service-x-location,dist/client/รับซื้อ/รับซื้อ-ipad-ขอนแก่น/index.html,yes,200,yes,/รับซื้อ/รับซื้อ-ipad-ขอนแก่น,yes,รับซื้อ iPad ขอนแก่น ประเมินราคาเบื้องต้น | Amphon.co.th,รับซื้อ iPad ในขอนแก่น ประเมินราคาฟรี ส่งรูปเช็กราคาได้ ชำระเงินหลังตรวจสอบสินค้าและตกลงราคาเรียบร้อยแล้ว ติดต่อ Line @w,รับซื้อ iPad ขอนแก่น ประเมินราคาเบื้องต้น,Answer|BreadcrumbList|ContactPoint|Country|FAQPage|GeoCoordinates|ImageObject|ListItem|LocalBusiness|Offer|OpeningHoursSpecification|Organization|PostalAddress|ProfessionalService|Question|Service|WebPage|WebSite,334,6,44,4,OK
/รับซื้อ/รับซื้อ-ipad-ชัยภูมิ,service-x-location,dist/client/รับซื้อ/รับซื้อ-ipad-ชัยภูมิ/index.html,yes,200,yes,/รับซื้อ/รับซื้อ-ipad-ชัยภูมิ,yes,รับซื้อ iPad ชัยภูมิ ประเมินราคาเบื้องต้น | Amphon.co.th,รับซื้อ iPad ในชัยภูมิ ประเมินราคาฟรี ส่งรูปเช็กราคาได้ ชำระเงินหลังตรวจสอบสินค้าและตกลงราคาเรียบร้อยแล้ว ติดต่อ Line @w,รับซื้อ iPad ชัยภูมิ ประเมินราคาเบื้องต้น,Answer|BreadcrumbList|ContactPoint|Country|FAQPage|GeoCoordinates|ImageObject|ListItem|LocalBusiness|Offer|OpeningHoursSpecification|Organization|PostalAddress|ProfessionalService|Question|Service|WebPage|WebSite,322,6,44,4,OK
/รับซื้อ/รับซื้อ-ipad-นครพนม,service-x-location,dist/client/รับซื้อ/รับซื้อ-ipad-นครพนม/index.html,yes,200,yes,/รับซื้อ/รับซื้อ-ipad-นครพนม,yes,รับซื้อ iPad นครพนม ประเมินราคาเบื้องต้น | Amphon.co.th,รับซื้อ iPad ในนครพนม ประเมินราคาฟรี ส่งรูปเช็กราคาได้ ชำระเงินหลังตรวจสอบสินค้าและตกลงราคาเรียบร้อยแล้ว ติดต่อ Line @we,รับซื้อ iPad นครพนม ประเมินราคาเบื้องต้น,Answer|BreadcrumbList|ContactPoint|Country|FAQPage|GeoCoordinates|ImageObject|ListItem|LocalBusiness|Offer|OpeningHoursSpecification|Organization|PostalAddress|ProfessionalService|Question|Service|WebPage|WebSite,319,6,44,4,OK
/รับซื้อ/รับซื้อ-ipad-นครราชสีมา,service-x-location,dist/client/รับซื้อ/รับซื้อ-ipad-นครราชสีมา/index.html,yes,200,yes,/รับซื้อ/รับซื้อ-ipad-นครราชสีมา,yes,รับซื้อ iPad นครราชสีมา ประเมินราคาเบื้องต้น | Amphon.co.th,รับซื้อ iPad ในนครราชสีมา ประเมินราคาฟรี ส่งรูปเช็กราคาได้ ชำระเงินหลังตรวจสอบสินค้าและตกลงราคาเรียบร้อยแล้ว ติดต่อ Line,รับซื้อ iPad นครราชสีมา ประเมินราคาเบื้องต้น,Answer|BreadcrumbList|ContactPoint|Country|FAQPage|GeoCoordinates|ImageObject|ListItem|LocalBusiness|Offer|OpeningHoursSpecification|Organization|PostalAddress|ProfessionalService|Question|Service|WebPage|WebSite,341,6,44,4,OK
/รับซื้อ/รับซื้อ-ipad-บึงกาฬ,service-x-location,dist/client/รับซื้อ/รับซื้อ-ipad-บึงกาฬ/index.html,yes,200,yes,/รับซื้อ/รับซื้อ-ipad-บึงกาฬ,yes,รับซื้อ iPad บึงกาฬ ประเมินราคาเบื้องต้น | Amphon.co.th,รับซื้อ iPad ในบึงกาฬ ประเมินราคาฟรี ส่งรูปเช็กราคาได้ ชำระเงินหลังตรวจสอบสินค้าและตกลงราคาเรียบร้อยแล้ว ติดต่อ Line @we,รับซื้อ iPad บึงกาฬ ประเมินราคาเบื้องต้น,Answer|BreadcrumbList|ContactPoint|Country|FAQPage|GeoCoordinates|ImageObject|ListItem|LocalBusiness|Offer|OpeningHoursSpecification|Organization|PostalAddress|ProfessionalService|Question|Service|WebPage|WebSite,311,6,44,4,OK
/รับซื้อ/รับซื้อ-ipad-บุรีรัมย์,service-x-location,dist/client/รับซื้อ/รับซื้อ-ipad-บุรีรัมย์/index.html,yes,200,yes,/รับซื้อ/รับซื้อ-ipad-บุรีรัมย์,yes,รับซื้อ iPad บุรีรัมย์ ประเมินราคาเบื้องต้น | Amphon.co.th,รับซื้อ iPad ในบุรีรัมย์ ประเมินราคาฟรี ส่งรูปเช็กราคาได้ ชำระเงินหลังตรวจสอบสินค้าและตกลงราคาเรียบร้อยแล้ว ติดต่อ Line ,รับซื้อ iPad บุรีรัมย์ ประเมินราคาเบื้องต้น,Answer|BreadcrumbList|ContactPoint|Country|FAQPage|GeoCoordinates|ImageObject|ListItem|LocalBusiness|Offer|OpeningHoursSpecification|Organization|PostalAddress|ProfessionalService|Question|Service|WebPage|WebSite,315,6,44,4,OK
/รับซื้อ/รับซื้อ-ipad-มหาสารคาม,service-x-location,dist/client/รับซื้อ/รับซื้อ-ipad-มหาสารคาม/index.html,yes,200,yes,/รับซื้อ/รับซื้อ-ipad-มหาสารคาม,yes,รับซื้อ iPad มหาสารคาม ประเมินราคาเบื้องต้น | Amphon.co.th,รับซื้อ iPad ในมหาสารคาม ประเมินราคาฟรี ส่งรูปเช็กราคาได้ ชำระเงินหลังตรวจสอบสินค้าและตกลงราคาเรียบร้อยแล้ว ติดต่อ Line ,รับซื้อ iPad มหาสารคาม ประเมินราคาเบื้องต้น,Answer|BreadcrumbList|ContactPoint|Country|FAQPage|GeoCoordinates|ImageObject|ListItem|LocalBusiness|Offer|OpeningHoursSpecification|Organization|PostalAddress|ProfessionalService|Question|Service|WebPage|WebSite,315,6,44,4,OK
/รับซื้อ/รับซื้อ-ipad-มุกดาหาร,service-x-location,dist/client/รับซื้อ/รับซื้อ-ipad-มุกดาหาร/index.html,yes,200,yes,/รับซื้อ/รับซื้อ-ipad-มุกดาหาร,yes,รับซื้อ iPad มุกดาหาร ประเมินราคาเบื้องต้น | Amphon.co.th,รับซื้อ iPad ในมุกดาหาร ประเมินราคาฟรี ส่งรูปเช็กราคาได้ ชำระเงินหลังตรวจสอบสินค้าและตกลงราคาเรียบร้อยแล้ว ติดต่อ Line @,รับซื้อ iPad มุกดาหาร ประเมินราคาเบื้องต้น,Answer|BreadcrumbList|ContactPoint|Country|FAQPage|GeoCoordinates|ImageObject|ListItem|LocalBusiness|Offer|OpeningHoursSpecification|Organization|PostalAddress|ProfessionalService|Question|Service|WebPage|WebSite,308,6,44,4,OK
/รับซื้อ/รับซื้อ-ipad-ยโสธร,service-x-location,dist/client/รับซื้อ/รับซื้อ-ipad-ยโสธร/index.html,yes,200,yes,/รับซื้อ/รับซื้อ-ipad-ยโสธร,yes,รับซื้อ iPad ยโสธร ประเมินราคาเบื้องต้น | Amphon.co.th,รับซื้อ iPad ในยโสธร ประเมินราคาฟรี ส่งรูปเช็กราคาได้ ชำระเงินหลังตรวจสอบสินค้าและตกลงราคาเรียบร้อยแล้ว ติดต่อ Line @web,รับซื้อ iPad ยโสธร ประเมินราคาเบื้องต้น,Answer|BreadcrumbList|ContactPoint|Country|FAQPage|GeoCoordinates|ImageObject|ListItem|LocalBusiness|Offer|OpeningHoursSpecification|Organization|PostalAddress|ProfessionalService|Question|Service|WebPage|WebSite,312,6,44,4,OK
/รับซื้อ/รับซื้อ-ipad-ร้อยเอ็ด,service-x-location,dist/client/รับซื้อ/รับซื้อ-ipad-ร้อยเอ็ด/index.html,yes,200,yes,/รับซื้อ/รับซื้อ-ipad-ร้อยเอ็ด,yes,รับซื้อ iPad ร้อยเอ็ด ประเมินราคาเบื้องต้น | Amphon.co.th,รับซื้อ iPad ในร้อยเอ็ด ประเมินราคาฟรี ส่งรูปเช็กราคาได้ ชำระเงินหลังตรวจสอบสินค้าและตกลงราคาเรียบร้อยแล้ว ติดต่อ Line @,รับซื้อ iPad ร้อยเอ็ด ประเมินราคาเบื้องต้น,Answer|BreadcrumbList|ContactPoint|Country|FAQPage|GeoCoordinates|ImageObject|ListItem|LocalBusiness|Offer|OpeningHoursSpecification|Organization|PostalAddress|ProfessionalService|Question|Service|WebPage|WebSite,326,6,44,4,OK
/รับซื้อ/รับซื้อ-ipad-ศรีสะเกษ,service-x-location,dist/client/รับซื้อ/รับซื้อ-ipad-ศรีสะเกษ/index.html,yes,200,yes,/รับซื้อ/รับซื้อ-ipad-ศรีสะเกษ,yes,รับซื้อ iPad ศรีสะเกษ ประเมินราคาเบื้องต้น | Amphon.co.th,รับซื้อ iPad ในศรีสะเกษ ประเมินราคาฟรี ส่งรูปเช็กราคาได้ ชำระเงินหลังตรวจสอบสินค้าและตกลงราคาเรียบร้อยแล้ว ติดต่อ Line @,รับซื้อ iPad ศรีสะเกษ ประเมินราคาเบื้องต้น,Answer|BreadcrumbList|ContactPoint|Country|FAQPage|GeoCoordinates|ImageObject|ListItem|LocalBusiness|Offer|OpeningHoursSpecification|Organization|PostalAddress|ProfessionalService|Question|Service|WebPage|WebSite,313,6,44,4,OK
/รับซื้อ/รับซื้อ-ipad-สกลนคร,service-x-location,dist/client/รับซื้อ/รับซื้อ-ipad-สกลนคร/index.html,yes,200,yes,/รับซื้อ/รับซื้อ-ipad-สกลนคร,yes,รับซื้อ iPad สกลนคร ประเมินราคาเบื้องต้น | Amphon.co.th,รับซื้อ iPad ในสกลนคร ประเมินราคาฟรี ส่งรูปเช็กราคาได้ ชำระเงินหลังตรวจสอบสินค้าและตกลงราคาเรียบร้อยแล้ว ติดต่อ Line @we,รับซื้อ iPad สกลนคร ประเมินราคาเบื้องต้น,Answer|BreadcrumbList|ContactPoint|Country|FAQPage|GeoCoordinates|ImageObject|ListItem|LocalBusiness|Offer|OpeningHoursSpecification|Organization|PostalAddress|ProfessionalService|Question|Service|WebPage|WebSite,327,6,44,4,OK
/รับซื้อ/รับซื้อ-ipad-สุรินทร์,service-x-location,dist/client/รับซื้อ/รับซื้อ-ipad-สุรินทร์/index.html,yes,200,yes,/รับซื้อ/รับซื้อ-ipad-สุรินทร์,yes,รับซื้อ iPad สุรินทร์ ประเมินราคาเบื้องต้น | Amphon.co.th,รับซื้อ iPad ในสุรินทร์ ประเมินราคาฟรี ส่งรูปเช็กราคาได้ ชำระเงินหลังตรวจสอบสินค้าและตกลงราคาเรียบร้อยแล้ว ติดต่อ Line @,รับซื้อ iPad สุรินทร์ ประเมินราคาเบื้องต้น,Answer|BreadcrumbList|ContactPoint|Country|FAQPage|GeoCoordinates|ImageObject|ListItem|LocalBusiness|Offer|OpeningHoursSpecification|Organization|PostalAddress|ProfessionalService|Question|Service|WebPage|WebSite,312,6,44,4,OK
/รับซื้อ/รับซื้อ-ipad-หนองคาย,service-x-location,dist/client/รับซื้อ/รับซื้อ-ipad-หนองคาย/index.html,yes,200,yes,/รับซื้อ/รับซื้อ-ipad-หนองคาย,yes,รับซื้อ iPad หนองคาย ประเมินราคาเบื้องต้น | Amphon.co.th,รับซื้อ iPad ในหนองคาย ประเมินราคาฟรี ส่งรูปเช็กราคาได้ ชำระเงินหลังตรวจสอบสินค้าและตกลงราคาเรียบร้อยแล้ว ติดต่อ Line @w,รับซื้อ iPad หนองคาย ประเมินราคาเบื้องต้น,Answer|BreadcrumbList|ContactPoint|Country|FAQPage|GeoCoordinates|ImageObject|ListItem|LocalBusiness|Offer|OpeningHoursSpecification|Organization|PostalAddress|ProfessionalService|Question|Service|WebPage|WebSite,312,6,44,4,OK
/รับซื้อ/รับซื้อ-ipad-หนองบัวลำภู,service-x-location,dist/client/รับซื้อ/รับซื้อ-ipad-หนองบัวลำภู/index.html,yes,200,yes,/รับซื้อ/รับซื้อ-ipad-หนองบัวลำภู,yes,รับซื้อ iPad หนองบัวลำภู ประเมินราคาเบื้องต้น | Amphon.co.th,รับซื้อ iPad ในหนองบัวลำภู ประเมินราคาฟรี ส่งรูปเช็กราคาได้ ชำระเงินหลังตรวจสอบสินค้าและตกลงราคาเรียบร้อยแล้ว ติดต่อ Lin,รับซื้อ iPad หนองบัวลำภู ประเมินราคาเบื้องต้น,Answer|BreadcrumbList|ContactPoint|Country|FAQPage|GeoCoordinates|ImageObject|ListItem|LocalBusiness|Offer|OpeningHoursSpecification|Organization|PostalAddress|ProfessionalService|Question|Service|WebPage|WebSite,304,6,44,4,OK
/รับซื้อ/รับซื้อ-ipad-อำนาจเจริญ,service-x-location,dist/client/รับซื้อ/รับซื้อ-ipad-อำนาจเจริญ/index.html,yes,200,yes,/รับซื้อ/รับซื้อ-ipad-อำนาจเจริญ,yes,รับซื้อ iPad อำนาจเจริญ ประเมินราคาเบื้องต้น | Amphon.co.th,รับซื้อ iPad ในอำนาจเจริญ ประเมินราคาฟรี ส่งรูปเช็กราคาได้ ชำระเงินหลังตรวจสอบสินค้าและตกลงราคาเรียบร้อยแล้ว ติดต่อ Line,รับซื้อ iPad อำนาจเจริญ ประเมินราคาเบื้องต้น,Answer|BreadcrumbList|ContactPoint|Country|FAQPage|GeoCoordinates|ImageObject|ListItem|LocalBusiness|Offer|OpeningHoursSpecification|Organization|PostalAddress|ProfessionalService|Question|Service|WebPage|WebSite,307,6,44,4,OK
/รับซื้อ/รับซื้อ-ipad-อุดรธานี,service-x-location,dist/client/รับซื้อ/รับซื้อ-ipad-อุดรธานี/index.html,yes,200,yes,/รับซื้อ/รับซื้อ-ipad-อุดรธานี,yes,รับซื้อ iPad อุดรธานี ประเมินราคาเบื้องต้น | Amphon.co.th,รับซื้อ iPad ในอุดรธานี ประเมินราคาฟรี ส่งรูปเช็กราคาได้ ชำระเงินหลังตรวจสอบสินค้าและตกลงราคาเรียบร้อยแล้ว ติดต่อ Line @,รับซื้อ iPad อุดรธานี ประเมินราคาเบื้องต้น,Answer|BreadcrumbList|ContactPoint|Country|FAQPage|GeoCoordinates|ImageObject|ListItem|LocalBusiness|Offer|OpeningHoursSpecification|Organization|PostalAddress|ProfessionalService|Question|Service|WebPage|WebSite,314,6,44,4,OK
/รับซื้อ/รับซื้อ-ipad-อุบลราชธานี,service-x-location,dist/client/รับซื้อ/รับซื้อ-ipad-อุบลราชธานี/index.html,yes,200,yes,/รับซื้อ/รับซื้อ-ipad-อุบลราชธานี,yes,รับซื้อ iPad อุบลราชธานี ประเมินราคาเบื้องต้น | Amphon.co.th,รับซื้อ iPad ในอุบลราชธานี ประเมินราคาฟรี ส่งรูปเช็กราคาได้ ชำระเงินหลังตรวจสอบสินค้าและตกลงราคาเรียบร้อยแล้ว ติดต่อ Lin,รับซื้อ iPad อุบลราชธานี ประเมินราคาเบื้องต้น,Answer|BreadcrumbList|ContactPoint|Country|FAQPage|GeoCoordinates|ImageObject|ListItem|LocalBusiness|Offer|OpeningHoursSpecification|Organization|PostalAddress|ProfessionalService|Question|Service|WebPage|WebSite,308,6,44,4,OK
/รับซื้อ/รับซื้อ-ipad-เลย,service-x-location,dist/client/รับซื้อ/รับซื้อ-ipad-เลย/index.html,yes,200,yes,/รับซื้อ/รับซื้อ-ipad-เลย,yes,รับซื้อ iPad เลย ประเมินราคาเบื้องต้น | Amphon.co.th,รับซื้อ iPad ในเลย ประเมินราคาฟรี ส่งรูปเช็กราคาได้ ชำระเงินหลังตรวจสอบสินค้าและตกลงราคาเรียบร้อยแล้ว ติดต่อ Line @webuy,รับซื้อ iPad เลย ประเมินราคาเบื้องต้น,Answer|BreadcrumbList|ContactPoint|Country|FAQPage|GeoCoordinates|ImageObject|ListItem|LocalBusiness|Offer|OpeningHoursSpecification|Organization|PostalAddress|ProfessionalService|Question|Service|WebPage|WebSite,320,6,44,4,OK
/รับซื้อ/รับซื้อ-iphone-กาฬสินธุ์,service-x-location,dist/client/รับซื้อ/รับซื้อ-iphone-กาฬสินธุ์/index.html,yes,200,yes,/รับซื้อ/รับซื้อ-iphone-กาฬสินธุ์,yes,รับซื้อ iPhone กาฬสินธุ์ ประเมินราคาเบื้องต้น | Amphon.co.th,รับซื้อ iPhone ในกาฬสินธุ์ ประเมินราคาฟรี ส่งรูปเช็กราคาได้ ชำระเงินหลังตรวจสอบสินค้าและตกลงราคาเรียบร้อยแล้ว ติดต่อ Lin,รับซื้อ iPhone กาฬสินธุ์ ประเมินราคาเบื้องต้น,Answer|BreadcrumbList|ContactPoint|Country|FAQPage|GeoCoordinates|ImageObject|ListItem|LocalBusiness|Offer|OpeningHoursSpecification|Organization|PostalAddress|ProfessionalService|Question|Service|WebPage|WebSite,320,47,44,4,OK
/รับซื้อ/รับซื้อ-iphone-ขอนแก่น,service-x-location,dist/client/รับซื้อ/รับซื้อ-iphone-ขอนแก่น/index.html,yes,200,yes,/รับซื้อ/รับซื้อ-iphone-ขอนแก่น,yes,รับซื้อ iPhone ขอนแก่น ประเมินราคาเบื้องต้น | Amphon.co.th,รับซื้อ iPhone ในขอนแก่น ประเมินราคาฟรี ส่งรูปเช็กราคาได้ ชำระเงินหลังตรวจสอบสินค้าและตกลงราคาเรียบร้อยแล้ว ติดต่อ Line ,รับซื้อ iPhone ขอนแก่น ประเมินราคาเบื้องต้น,Answer|BreadcrumbList|ContactPoint|Country|FAQPage|GeoCoordinates|ImageObject|ListItem|LocalBusiness|Offer|OpeningHoursSpecification|Organization|PostalAddress|ProfessionalService|Question|Service|WebPage|WebSite,331,47,44,4,OK
/รับซื้อ/รับซื้อ-iphone-ชัยภูมิ,service-x-location,dist/client/รับซื้อ/รับซื้อ-iphone-ชัยภูมิ/index.html,yes,200,yes,/รับซื้อ/รับซื้อ-iphone-ชัยภูมิ,yes,รับซื้อ iPhone ชัยภูมิ ประเมินราคาเบื้องต้น | Amphon.co.th,รับซื้อ iPhone ในชัยภูมิ ประเมินราคาฟรี ส่งรูปเช็กราคาได้ ชำระเงินหลังตรวจสอบสินค้าและตกลงราคาเรียบร้อยแล้ว ติดต่อ Line ,รับซื้อ iPhone ชัยภูมิ ประเมินราคาเบื้องต้น,Answer|BreadcrumbList|ContactPoint|Country|FAQPage|GeoCoordinates|ImageObject|ListItem|LocalBusiness|Offer|OpeningHoursSpecification|Organization|PostalAddress|ProfessionalService|Question|Service|WebPage|WebSite,319,47,44,4,OK
/รับซื้อ/รับซื้อ-iphone-นครพนม,service-x-location,dist/client/รับซื้อ/รับซื้อ-iphone-นครพนม/index.html,yes,200,yes,/รับซื้อ/รับซื้อ-iphone-นครพนม,yes,รับซื้อ iPhone นครพนม ประเมินราคาเบื้องต้น | Amphon.co.th,รับซื้อ iPhone ในนครพนม ประเมินราคาฟรี ส่งรูปเช็กราคาได้ ชำระเงินหลังตรวจสอบสินค้าและตกลงราคาเรียบร้อยแล้ว ติดต่อ Line @,รับซื้อ iPhone นครพนม ประเมินราคาเบื้องต้น,Answer|BreadcrumbList|ContactPoint|Country|FAQPage|GeoCoordinates|ImageObject|ListItem|LocalBusiness|Offer|OpeningHoursSpecification|Organization|PostalAddress|ProfessionalService|Question|Service|WebPage|WebSite,316,47,44,4,OK
/รับซื้อ/รับซื้อ-iphone-นครราชสีมา,service-x-location,dist/client/รับซื้อ/รับซื้อ-iphone-นครราชสีมา/index.html,yes,200,yes,/รับซื้อ/รับซื้อ-iphone-นครราชสีมา,yes,รับซื้อ iPhone นครราชสีมา ประเมินราคาเบื้องต้น | Amphon.co.th,รับซื้อ iPhone ในนครราชสีมา ประเมินราคาฟรี ส่งรูปเช็กราคาได้ ชำระเงินหลังตรวจสอบสินค้าและตกลงราคาเรียบร้อยแล้ว ติดต่อ Li,รับซื้อ iPhone นครราชสีมา ประเมินราคาเบื้องต้น,Answer|BreadcrumbList|ContactPoint|Country|FAQPage|GeoCoordinates|ImageObject|ListItem|LocalBusiness|Offer|OpeningHoursSpecification|Organization|PostalAddress|ProfessionalService|Question|Service|WebPage|WebSite,338,47,44,4,OK
/รับซื้อ/รับซื้อ-iphone-บึงกาฬ,service-x-location,dist/client/รับซื้อ/รับซื้อ-iphone-บึงกาฬ/index.html,yes,200,yes,/รับซื้อ/รับซื้อ-iphone-บึงกาฬ,yes,รับซื้อ iPhone บึงกาฬ ประเมินราคาเบื้องต้น | Amphon.co.th,รับซื้อ iPhone ในบึงกาฬ ประเมินราคาฟรี ส่งรูปเช็กราคาได้ ชำระเงินหลังตรวจสอบสินค้าและตกลงราคาเรียบร้อยแล้ว ติดต่อ Line @,รับซื้อ iPhone บึงกาฬ ประเมินราคาเบื้องต้น,Answer|BreadcrumbList|ContactPoint|Country|FAQPage|GeoCoordinates|ImageObject|ListItem|LocalBusiness|Offer|OpeningHoursSpecification|Organization|PostalAddress|ProfessionalService|Question|Service|WebPage|WebSite,308,47,44,4,OK
/รับซื้อ/รับซื้อ-iphone-บุรีรัมย์,service-x-location,dist/client/รับซื้อ/รับซื้อ-iphone-บุรีรัมย์/index.html,yes,200,yes,/รับซื้อ/รับซื้อ-iphone-บุรีรัมย์,yes,รับซื้อ iPhone บุรีรัมย์ ประเมินราคาเบื้องต้น | Amphon.co.th,รับซื้อ iPhone ในบุรีรัมย์ ประเมินราคาฟรี ส่งรูปเช็กราคาได้ ชำระเงินหลังตรวจสอบสินค้าและตกลงราคาเรียบร้อยแล้ว ติดต่อ Lin,รับซื้อ iPhone บุรีรัมย์ ประเมินราคาเบื้องต้น,Answer|BreadcrumbList|ContactPoint|Country|FAQPage|GeoCoordinates|ImageObject|ListItem|LocalBusiness|Offer|OpeningHoursSpecification|Organization|PostalAddress|ProfessionalService|Question|Service|WebPage|WebSite,312,47,44,4,OK
/รับซื้อ/รับซื้อ-iphone-มหาสารคาม,service-x-location,dist/client/รับซื้อ/รับซื้อ-iphone-มหาสารคาม/index.html,yes,200,yes,/รับซื้อ/รับซื้อ-iphone-มหาสารคาม,yes,รับซื้อ iPhone มหาสารคาม ประเมินราคาเบื้องต้น | Amphon.co.th,รับซื้อ iPhone ในมหาสารคาม ประเมินราคาฟรี ส่งรูปเช็กราคาได้ ชำระเงินหลังตรวจสอบสินค้าและตกลงราคาเรียบร้อยแล้ว ติดต่อ Lin,รับซื้อ iPhone มหาสารคาม ประเมินราคาเบื้องต้น,Answer|BreadcrumbList|ContactPoint|Country|FAQPage|GeoCoordinates|ImageObject|ListItem|LocalBusiness|Offer|OpeningHoursSpecification|Organization|PostalAddress|ProfessionalService|Question|Service|WebPage|WebSite,312,47,44,4,OK
/รับซื้อ/รับซื้อ-iphone-มุกดาหาร,service-x-location,dist/client/รับซื้อ/รับซื้อ-iphone-มุกดาหาร/index.html,yes,200,yes,/รับซื้อ/รับซื้อ-iphone-มุกดาหาร,yes,รับซื้อ iPhone มุกดาหาร ประเมินราคาเบื้องต้น | Amphon.co.th,รับซื้อ iPhone ในมุกดาหาร ประเมินราคาฟรี ส่งรูปเช็กราคาได้ ชำระเงินหลังตรวจสอบสินค้าและตกลงราคาเรียบร้อยแล้ว ติดต่อ Line,รับซื้อ iPhone มุกดาหาร ประเมินราคาเบื้องต้น,Answer|BreadcrumbList|ContactPoint|Country|FAQPage|GeoCoordinates|ImageObject|ListItem|LocalBusiness|Offer|OpeningHoursSpecification|Organization|PostalAddress|ProfessionalService|Question|Service|WebPage|WebSite,305,47,44,4,OK
/รับซื้อ/รับซื้อ-iphone-ยโสธร,service-x-location,dist/client/รับซื้อ/รับซื้อ-iphone-ยโสธร/index.html,yes,200,yes,/รับซื้อ/รับซื้อ-iphone-ยโสธร,yes,รับซื้อ iPhone ยโสธร ประเมินราคาเบื้องต้น | Amphon.co.th,รับซื้อ iPhone ในยโสธร ประเมินราคาฟรี ส่งรูปเช็กราคาได้ ชำระเงินหลังตรวจสอบสินค้าและตกลงราคาเรียบร้อยแล้ว ติดต่อ Line @w,รับซื้อ iPhone ยโสธร ประเมินราคาเบื้องต้น,Answer|BreadcrumbList|ContactPoint|Country|FAQPage|GeoCoordinates|ImageObject|ListItem|LocalBusiness|Offer|OpeningHoursSpecification|Organization|PostalAddress|ProfessionalService|Question|Service|WebPage|WebSite,309,47,44,4,OK
/รับซื้อ/รับซื้อ-iphone-ร้อยเอ็ด,service-x-location,dist/client/รับซื้อ/รับซื้อ-iphone-ร้อยเอ็ด/index.html,yes,200,yes,/รับซื้อ/รับซื้อ-iphone-ร้อยเอ็ด,yes,รับซื้อ iPhone ร้อยเอ็ด ประเมินราคาเบื้องต้น | Amphon.co.th,รับซื้อ iPhone ในร้อยเอ็ด ประเมินราคาฟรี ส่งรูปเช็กราคาได้ ชำระเงินหลังตรวจสอบสินค้าและตกลงราคาเรียบร้อยแล้ว ติดต่อ Line,รับซื้อ iPhone ร้อยเอ็ด ประเมินราคาเบื้องต้น,Answer|BreadcrumbList|ContactPoint|Country|FAQPage|GeoCoordinates|ImageObject|ListItem|LocalBusiness|Offer|OpeningHoursSpecification|Organization|PostalAddress|ProfessionalService|Question|Service|WebPage|WebSite,323,47,44,4,OK
/รับซื้อ/รับซื้อ-iphone-ศรีสะเกษ,service-x-location,dist/client/รับซื้อ/รับซื้อ-iphone-ศรีสะเกษ/index.html,yes,200,yes,/รับซื้อ/รับซื้อ-iphone-ศรีสะเกษ,yes,รับซื้อ iPhone ศรีสะเกษ ประเมินราคาเบื้องต้น | Amphon.co.th,รับซื้อ iPhone ในศรีสะเกษ ประเมินราคาฟรี ส่งรูปเช็กราคาได้ ชำระเงินหลังตรวจสอบสินค้าและตกลงราคาเรียบร้อยแล้ว ติดต่อ Line,รับซื้อ iPhone ศรีสะเกษ ประเมินราคาเบื้องต้น,Answer|BreadcrumbList|ContactPoint|Country|FAQPage|GeoCoordinates|ImageObject|ListItem|LocalBusiness|Offer|OpeningHoursSpecification|Organization|PostalAddress|ProfessionalService|Question|Service|WebPage|WebSite,310,47,44,4,OK
/รับซื้อ/รับซื้อ-iphone-สกลนคร,service-x-location,dist/client/รับซื้อ/รับซื้อ-iphone-สกลนคร/index.html,yes,200,yes,/รับซื้อ/รับซื้อ-iphone-สกลนคร,yes,รับซื้อ iPhone สกลนคร ประเมินราคาเบื้องต้น | Amphon.co.th,รับซื้อ iPhone ในสกลนคร ประเมินราคาฟรี ส่งรูปเช็กราคาได้ ชำระเงินหลังตรวจสอบสินค้าและตกลงราคาเรียบร้อยแล้ว ติดต่อ Line @,รับซื้อ iPhone สกลนคร ประเมินราคาเบื้องต้น,Answer|BreadcrumbList|ContactPoint|Country|FAQPage|GeoCoordinates|ImageObject|ListItem|LocalBusiness|Offer|OpeningHoursSpecification|Organization|PostalAddress|ProfessionalService|Question|Service|WebPage|WebSite,324,47,44,4,OK
/รับซื้อ/รับซื้อ-iphone-สุรินทร์,service-x-location,dist/client/รับซื้อ/รับซื้อ-iphone-สุรินทร์/index.html,yes,200,yes,/รับซื้อ/รับซื้อ-iphone-สุรินทร์,yes,รับซื้อ iPhone สุรินทร์ ประเมินราคาเบื้องต้น | Amphon.co.th,รับซื้อ iPhone ในสุรินทร์ ประเมินราคาฟรี ส่งรูปเช็กราคาได้ ชำระเงินหลังตรวจสอบสินค้าและตกลงราคาเรียบร้อยแล้ว ติดต่อ Line,รับซื้อ iPhone สุรินทร์ ประเมินราคาเบื้องต้น,Answer|BreadcrumbList|ContactPoint|Country|FAQPage|GeoCoordinates|ImageObject|ListItem|LocalBusiness|Offer|OpeningHoursSpecification|Organization|PostalAddress|ProfessionalService|Question|Service|WebPage|WebSite,309,47,44,4,OK
/รับซื้อ/รับซื้อ-iphone-หนองคาย,service-x-location,dist/client/รับซื้อ/รับซื้อ-iphone-หนองคาย/index.html,yes,200,yes,/รับซื้อ/รับซื้อ-iphone-หนองคาย,yes,รับซื้อ iPhone หนองคาย ประเมินราคาเบื้องต้น | Amphon.co.th,รับซื้อ iPhone ในหนองคาย ประเมินราคาฟรี ส่งรูปเช็กราคาได้ ชำระเงินหลังตรวจสอบสินค้าและตกลงราคาเรียบร้อยแล้ว ติดต่อ Line ,รับซื้อ iPhone หนองคาย ประเมินราคาเบื้องต้น,Answer|BreadcrumbList|ContactPoint|Country|FAQPage|GeoCoordinates|ImageObject|ListItem|LocalBusiness|Offer|OpeningHoursSpecification|Organization|PostalAddress|ProfessionalService|Question|Service|WebPage|WebSite,309,47,44,4,OK
/รับซื้อ/รับซื้อ-iphone-หนองบัวลำภู,service-x-location,dist/client/รับซื้อ/รับซื้อ-iphone-หนองบัวลำภู/index.html,yes,200,yes,/รับซื้อ/รับซื้อ-iphone-หนองบัวลำภู,yes,รับซื้อ iPhone หนองบัวลำภู ประเมินราคาเบื้องต้น | Amphon.co.th,รับซื้อ iPhone ในหนองบัวลำภู ประเมินราคาฟรี ส่งรูปเช็กราคาได้ ชำระเงินหลังตรวจสอบสินค้าและตกลงราคาเรียบร้อยแล้ว ติดต่อ L,รับซื้อ iPhone หนองบัวลำภู ประเมินราคาเบื้องต้น,Answer|BreadcrumbList|ContactPoint|Country|FAQPage|GeoCoordinates|ImageObject|ListItem|LocalBusiness|Offer|OpeningHoursSpecification|Organization|PostalAddress|ProfessionalService|Question|Service|WebPage|WebSite,301,47,44,4,OK
/รับซื้อ/รับซื้อ-iphone-อำนาจเจริญ,service-x-location,dist/client/รับซื้อ/รับซื้อ-iphone-อำนาจเจริญ/index.html,yes,200,yes,/รับซื้อ/รับซื้อ-iphone-อำนาจเจริญ,yes,รับซื้อ iPhone อำนาจเจริญ ประเมินราคาเบื้องต้น | Amphon.co.th,รับซื้อ iPhone ในอำนาจเจริญ ประเมินราคาฟรี ส่งรูปเช็กราคาได้ ชำระเงินหลังตรวจสอบสินค้าและตกลงราคาเรียบร้อยแล้ว ติดต่อ Li,รับซื้อ iPhone อำนาจเจริญ ประเมินราคาเบื้องต้น,Answer|BreadcrumbList|ContactPoint|Country|FAQPage|GeoCoordinates|ImageObject|ListItem|LocalBusiness|Offer|OpeningHoursSpecification|Organization|PostalAddress|ProfessionalService|Question|Service|WebPage|WebSite,304,47,44,4,OK
/รับซื้อ/รับซื้อ-iphone-อุดรธานี,service-x-location,dist/client/รับซื้อ/รับซื้อ-iphone-อุดรธานี/index.html,yes,200,yes,/รับซื้อ/รับซื้อ-iphone-อุดรธานี,yes,รับซื้อ iPhone อุดรธานี ประเมินราคาเบื้องต้น | Amphon.co.th,รับซื้อ iPhone ในอุดรธานี ประเมินราคาฟรี ส่งรูปเช็กราคาได้ ชำระเงินหลังตรวจสอบสินค้าและตกลงราคาเรียบร้อยแล้ว ติดต่อ Line,รับซื้อ iPhone อุดรธานี ประเมินราคาเบื้องต้น,Answer|BreadcrumbList|ContactPoint|Country|FAQPage|GeoCoordinates|ImageObject|ListItem|LocalBusiness|Offer|OpeningHoursSpecification|Organization|PostalAddress|ProfessionalService|Question|Service|WebPage|WebSite,311,47,44,4,OK
/รับซื้อ/รับซื้อ-iphone-อุบลราชธานี,service-x-location,dist/client/รับซื้อ/รับซื้อ-iphone-อุบลราชธานี/index.html,yes,200,yes,/รับซื้อ/รับซื้อ-iphone-อุบลราชธานี,yes,รับซื้อ iPhone อุบลราชธานี ประเมินราคาเบื้องต้น | Amphon.co.th,รับซื้อ iPhone ในอุบลราชธานี ประเมินราคาฟรี ส่งรูปเช็กราคาได้ ชำระเงินหลังตรวจสอบสินค้าและตกลงราคาเรียบร้อยแล้ว ติดต่อ L,รับซื้อ iPhone อุบลราชธานี ประเมินราคาเบื้องต้น,Answer|BreadcrumbList|ContactPoint|Country|FAQPage|GeoCoordinates|ImageObject|ListItem|LocalBusiness|Offer|OpeningHoursSpecification|Organization|PostalAddress|ProfessionalService|Question|Service|WebPage|WebSite,305,57,44,4,OK
/รับซื้อ/รับซื้อ-iphone-เลย,service-x-location,dist/client/รับซื้อ/รับซื้อ-iphone-เลย/index.html,yes,200,yes,/รับซื้อ/รับซื้อ-iphone-เลย,yes,รับซื้อ iPhone เลย ประเมินราคาเบื้องต้น | Amphon.co.th,รับซื้อ iPhone ในเลย ประเมินราคาฟรี ส่งรูปเช็กราคาได้ ชำระเงินหลังตรวจสอบสินค้าและตกลงราคาเรียบร้อยแล้ว ติดต่อ Line @web,รับซื้อ iPhone เลย ประเมินราคาเบื้องต้น,Answer|BreadcrumbList|ContactPoint|Country|FAQPage|GeoCoordinates|ImageObject|ListItem|LocalBusiness|Offer|OpeningHoursSpecification|Organization|PostalAddress|ProfessionalService|Question|Service|WebPage|WebSite,317,47,44,4,OK
/รับซื้อ/รับซื้อ-jbl-กาฬสินธุ์,service-x-location,dist/client/รับซื้อ/รับซื้อ-jbl-กาฬสินธุ์/index.html,yes,200,yes,/รับซื้อ/รับซื้อ-jbl-กาฬสินธุ์,yes,รับซื้อ JBL กาฬสินธุ์ ประเมินราคาเบื้องต้น | Amphon.co.th,รับซื้อ JBL ในกาฬสินธุ์ ประเมินราคาฟรี ส่งรูปเช็กราคาได้ ชำระเงินหลังตรวจสอบสินค้าและตกลงราคาเรียบร้อยแล้ว ติดต่อ Line @,รับซื้อ JBL กาฬสินธุ์ ประเมินราคาเบื้องต้น,Answer|BreadcrumbList|ContactPoint|Country|FAQPage|GeoCoordinates|ImageObject|ListItem|LocalBusiness|Offer|OpeningHoursSpecification|Organization|PostalAddress|ProfessionalService|Question|Service|WebPage|WebSite,304,2,44,4,OK
/รับซื้อ/รับซื้อ-jbl-ขอนแก่น,service-x-location,dist/client/รับซื้อ/รับซื้อ-jbl-ขอนแก่น/index.html,yes,200,yes,/รับซื้อ/รับซื้อ-jbl-ขอนแก่น,yes,รับซื้อ JBL ขอนแก่น ประเมินราคาเบื้องต้น | Amphon.co.th,รับซื้อ JBL ในขอนแก่น ประเมินราคาฟรี ส่งรูปเช็กราคาได้ ชำระเงินหลังตรวจสอบสินค้าและตกลงราคาเรียบร้อยแล้ว ติดต่อ Line @we,รับซื้อ JBL ขอนแก่น ประเมินราคาเบื้องต้น,Answer|BreadcrumbList|ContactPoint|Country|FAQPage|GeoCoordinates|ImageObject|ListItem|LocalBusiness|Offer|OpeningHoursSpecification|Organization|PostalAddress|ProfessionalService|Question|Service|WebPage|WebSite,315,2,44,4,OK
/รับซื้อ/รับซื้อ-jbl-ชัยภูมิ,service-x-location,dist/client/รับซื้อ/รับซื้อ-jbl-ชัยภูมิ/index.html,yes,200,yes,/รับซื้อ/รับซื้อ-jbl-ชัยภูมิ,yes,รับซื้อ JBL ชัยภูมิ ประเมินราคาเบื้องต้น | Amphon.co.th,รับซื้อ JBL ในชัยภูมิ ประเมินราคาฟรี ส่งรูปเช็กราคาได้ ชำระเงินหลังตรวจสอบสินค้าและตกลงราคาเรียบร้อยแล้ว ติดต่อ Line @we,รับซื้อ JBL ชัยภูมิ ประเมินราคาเบื้องต้น,Answer|BreadcrumbList|ContactPoint|Country|FAQPage|GeoCoordinates|ImageObject|ListItem|LocalBusiness|Offer|OpeningHoursSpecification|Organization|PostalAddress|ProfessionalService|Question|Service|WebPage|WebSite,303,2,44,4,OK
/รับซื้อ/รับซื้อ-jbl-นครพนม,service-x-location,dist/client/รับซื้อ/รับซื้อ-jbl-นครพนม/index.html,yes,200,yes,/รับซื้อ/รับซื้อ-jbl-นครพนม,yes,รับซื้อ JBL นครพนม ประเมินราคาเบื้องต้น | Amphon.co.th,รับซื้อ JBL ในนครพนม ประเมินราคาฟรี ส่งรูปเช็กราคาได้ ชำระเงินหลังตรวจสอบสินค้าและตกลงราคาเรียบร้อยแล้ว ติดต่อ Line @web,รับซื้อ JBL นครพนม ประเมินราคาเบื้องต้น,Answer|BreadcrumbList|ContactPoint|Country|FAQPage|GeoCoordinates|ImageObject|ListItem|LocalBusiness|Offer|OpeningHoursSpecification|Organization|PostalAddress|ProfessionalService|Question|Service|WebPage|WebSite,300,2,44,4,OK
/รับซื้อ/รับซื้อ-jbl-นครราชสีมา,service-x-location,dist/client/รับซื้อ/รับซื้อ-jbl-นครราชสีมา/index.html,yes,200,yes,/รับซื้อ/รับซื้อ-jbl-นครราชสีมา,yes,รับซื้อ JBL นครราชสีมา ประเมินราคาเบื้องต้น | Amphon.co.th,รับซื้อ JBL ในนครราชสีมา ประเมินราคาฟรี ส่งรูปเช็กราคาได้ ชำระเงินหลังตรวจสอบสินค้าและตกลงราคาเรียบร้อยแล้ว ติดต่อ Line ,รับซื้อ JBL นครราชสีมา ประเมินราคาเบื้องต้น,Answer|BreadcrumbList|ContactPoint|Country|FAQPage|GeoCoordinates|ImageObject|ListItem|LocalBusiness|Offer|OpeningHoursSpecification|Organization|PostalAddress|ProfessionalService|Question|Service|WebPage|WebSite,322,2,44,4,OK
/รับซื้อ/รับซื้อ-jbl-บึงกาฬ,service-x-location,dist/client/รับซื้อ/รับซื้อ-jbl-บึงกาฬ/index.html,yes,200,yes,/รับซื้อ/รับซื้อ-jbl-บึงกาฬ,yes,รับซื้อ JBL บึงกาฬ ประเมินราคาเบื้องต้น | Amphon.co.th,รับซื้อ JBL ในบึงกาฬ ประเมินราคาฟรี ส่งรูปเช็กราคาได้ ชำระเงินหลังตรวจสอบสินค้าและตกลงราคาเรียบร้อยแล้ว ติดต่อ Line @web,รับซื้อ JBL บึงกาฬ ประเมินราคาเบื้องต้น,Answer|BreadcrumbList|ContactPoint|Country|FAQPage|GeoCoordinates|ImageObject|ListItem|LocalBusiness|Offer|OpeningHoursSpecification|Organization|PostalAddress|ProfessionalService|Question|Service|WebPage|WebSite,292,2,44,4,OK
/รับซื้อ/รับซื้อ-jbl-บุรีรัมย์,service-x-location,dist/client/รับซื้อ/รับซื้อ-jbl-บุรีรัมย์/index.html,yes,200,yes,/รับซื้อ/รับซื้อ-jbl-บุรีรัมย์,yes,รับซื้อ JBL บุรีรัมย์ ประเมินราคาเบื้องต้น | Amphon.co.th,รับซื้อ JBL ในบุรีรัมย์ ประเมินราคาฟรี ส่งรูปเช็กราคาได้ ชำระเงินหลังตรวจสอบสินค้าและตกลงราคาเรียบร้อยแล้ว ติดต่อ Line @,รับซื้อ JBL บุรีรัมย์ ประเมินราคาเบื้องต้น,Answer|BreadcrumbList|ContactPoint|Country|FAQPage|GeoCoordinates|ImageObject|ListItem|LocalBusiness|Offer|OpeningHoursSpecification|Organization|PostalAddress|ProfessionalService|Question|Service|WebPage|WebSite,296,2,44,4,OK
/รับซื้อ/รับซื้อ-jbl-มหาสารคาม,service-x-location,dist/client/รับซื้อ/รับซื้อ-jbl-มหาสารคาม/index.html,yes,200,yes,/รับซื้อ/รับซื้อ-jbl-มหาสารคาม,yes,รับซื้อ JBL มหาสารคาม ประเมินราคาเบื้องต้น | Amphon.co.th,รับซื้อ JBL ในมหาสารคาม ประเมินราคาฟรี ส่งรูปเช็กราคาได้ ชำระเงินหลังตรวจสอบสินค้าและตกลงราคาเรียบร้อยแล้ว ติดต่อ Line @,รับซื้อ JBL มหาสารคาม ประเมินราคาเบื้องต้น,Answer|BreadcrumbList|ContactPoint|Country|FAQPage|GeoCoordinates|ImageObject|ListItem|LocalBusiness|Offer|OpeningHoursSpecification|Organization|PostalAddress|ProfessionalService|Question|Service|WebPage|WebSite,296,2,44,4,OK
/รับซื้อ/รับซื้อ-jbl-มุกดาหาร,service-x-location,dist/client/รับซื้อ/รับซื้อ-jbl-มุกดาหาร/index.html,yes,200,yes,/รับซื้อ/รับซื้อ-jbl-มุกดาหาร,yes,รับซื้อ JBL มุกดาหาร ประเมินราคาเบื้องต้น | Amphon.co.th,รับซื้อ JBL ในมุกดาหาร ประเมินราคาฟรี ส่งรูปเช็กราคาได้ ชำระเงินหลังตรวจสอบสินค้าและตกลงราคาเรียบร้อยแล้ว ติดต่อ Line @w,รับซื้อ JBL มุกดาหาร ประเมินราคาเบื้องต้น,Answer|BreadcrumbList|ContactPoint|Country|FAQPage|GeoCoordinates|ImageObject|ListItem|LocalBusiness|Offer|OpeningHoursSpecification|Organization|PostalAddress|ProfessionalService|Question|Service|WebPage|WebSite,289,2,44,4,OK
/รับซื้อ/รับซื้อ-jbl-ยโสธร,service-x-location,dist/client/รับซื้อ/รับซื้อ-jbl-ยโสธร/index.html,yes,200,yes,/รับซื้อ/รับซื้อ-jbl-ยโสธร,yes,รับซื้อ JBL ยโสธร ประเมินราคาเบื้องต้น | Amphon.co.th,รับซื้อ JBL ในยโสธร ประเมินราคาฟรี ส่งรูปเช็กราคาได้ ชำระเงินหลังตรวจสอบสินค้าและตกลงราคาเรียบร้อยแล้ว ติดต่อ Line @webu,รับซื้อ JBL ยโสธร ประเมินราคาเบื้องต้น,Answer|BreadcrumbList|ContactPoint|Country|FAQPage|GeoCoordinates|ImageObject|ListItem|LocalBusiness|Offer|OpeningHoursSpecification|Organization|PostalAddress|ProfessionalService|Question|Service|WebPage|WebSite,293,2,44,4,OK
/รับซื้อ/รับซื้อ-jbl-ร้อยเอ็ด,service-x-location,dist/client/รับซื้อ/รับซื้อ-jbl-ร้อยเอ็ด/index.html,yes,200,yes,/รับซื้อ/รับซื้อ-jbl-ร้อยเอ็ด,yes,รับซื้อ JBL ร้อยเอ็ด ประเมินราคาเบื้องต้น | Amphon.co.th,รับซื้อ JBL ในร้อยเอ็ด ประเมินราคาฟรี ส่งรูปเช็กราคาได้ ชำระเงินหลังตรวจสอบสินค้าและตกลงราคาเรียบร้อยแล้ว ติดต่อ Line @w,รับซื้อ JBL ร้อยเอ็ด ประเมินราคาเบื้องต้น,Answer|BreadcrumbList|ContactPoint|Country|FAQPage|GeoCoordinates|ImageObject|ListItem|LocalBusiness|Offer|OpeningHoursSpecification|Organization|PostalAddress|ProfessionalService|Question|Service|WebPage|WebSite,307,2,44,4,OK
/รับซื้อ/รับซื้อ-jbl-ศรีสะเกษ,service-x-location,dist/client/รับซื้อ/รับซื้อ-jbl-ศรีสะเกษ/index.html,yes,200,yes,/รับซื้อ/รับซื้อ-jbl-ศรีสะเกษ,yes,รับซื้อ JBL ศรีสะเกษ ประเมินราคาเบื้องต้น | Amphon.co.th,รับซื้อ JBL ในศรีสะเกษ ประเมินราคาฟรี ส่งรูปเช็กราคาได้ ชำระเงินหลังตรวจสอบสินค้าและตกลงราคาเรียบร้อยแล้ว ติดต่อ Line @w,รับซื้อ JBL ศรีสะเกษ ประเมินราคาเบื้องต้น,Answer|BreadcrumbList|ContactPoint|Country|FAQPage|GeoCoordinates|ImageObject|ListItem|LocalBusiness|Offer|OpeningHoursSpecification|Organization|PostalAddress|ProfessionalService|Question|Service|WebPage|WebSite,294,2,44,4,OK
/รับซื้อ/รับซื้อ-jbl-สกลนคร,service-x-location,dist/client/รับซื้อ/รับซื้อ-jbl-สกลนคร/index.html,yes,200,yes,/รับซื้อ/รับซื้อ-jbl-สกลนคร,yes,รับซื้อ JBL สกลนคร ประเมินราคาเบื้องต้น | Amphon.co.th,รับซื้อ JBL ในสกลนคร ประเมินราคาฟรี ส่งรูปเช็กราคาได้ ชำระเงินหลังตรวจสอบสินค้าและตกลงราคาเรียบร้อยแล้ว ติดต่อ Line @web,รับซื้อ JBL สกลนคร ประเมินราคาเบื้องต้น,Answer|BreadcrumbList|ContactPoint|Country|FAQPage|GeoCoordinates|ImageObject|ListItem|LocalBusiness|Offer|OpeningHoursSpecification|Organization|PostalAddress|ProfessionalService|Question|Service|WebPage|WebSite,308,2,44,4,OK
/รับซื้อ/รับซื้อ-jbl-สุรินทร์,service-x-location,dist/client/รับซื้อ/รับซื้อ-jbl-สุรินทร์/index.html,yes,200,yes,/รับซื้อ/รับซื้อ-jbl-สุรินทร์,yes,รับซื้อ JBL สุรินทร์ ประเมินราคาเบื้องต้น | Amphon.co.th,รับซื้อ JBL ในสุรินทร์ ประเมินราคาฟรี ส่งรูปเช็กราคาได้ ชำระเงินหลังตรวจสอบสินค้าและตกลงราคาเรียบร้อยแล้ว ติดต่อ Line @w,รับซื้อ JBL สุรินทร์ ประเมินราคาเบื้องต้น,Answer|BreadcrumbList|ContactPoint|Country|FAQPage|GeoCoordinates|ImageObject|ListItem|LocalBusiness|Offer|OpeningHoursSpecification|Organization|PostalAddress|ProfessionalService|Question|Service|WebPage|WebSite,293,2,44,4,OK
/รับซื้อ/รับซื้อ-jbl-หนองคาย,service-x-location,dist/client/รับซื้อ/รับซื้อ-jbl-หนองคาย/index.html,yes,200,yes,/รับซื้อ/รับซื้อ-jbl-หนองคาย,yes,รับซื้อ JBL หนองคาย ประเมินราคาเบื้องต้น | Amphon.co.th,รับซื้อ JBL ในหนองคาย ประเมินราคาฟรี ส่งรูปเช็กราคาได้ ชำระเงินหลังตรวจสอบสินค้าและตกลงราคาเรียบร้อยแล้ว ติดต่อ Line @we,รับซื้อ JBL หนองคาย ประเมินราคาเบื้องต้น,Answer|BreadcrumbList|ContactPoint|Country|FAQPage|GeoCoordinates|ImageObject|ListItem|LocalBusiness|Offer|OpeningHoursSpecification|Organization|PostalAddress|ProfessionalService|Question|Service|WebPage|WebSite,293,2,44,4,OK
/รับซื้อ/รับซื้อ-jbl-หนองบัวลำภู,service-x-location,dist/client/รับซื้อ/รับซื้อ-jbl-หนองบัวลำภู/index.html,yes,200,yes,/รับซื้อ/รับซื้อ-jbl-หนองบัวลำภู,yes,รับซื้อ JBL หนองบัวลำภู ประเมินราคาเบื้องต้น | Amphon.co.th,รับซื้อ JBL ในหนองบัวลำภู ประเมินราคาฟรี ส่งรูปเช็กราคาได้ ชำระเงินหลังตรวจสอบสินค้าและตกลงราคาเรียบร้อยแล้ว ติดต่อ Line,รับซื้อ JBL หนองบัวลำภู ประเมินราคาเบื้องต้น,Answer|BreadcrumbList|ContactPoint|Country|FAQPage|GeoCoordinates|ImageObject|ListItem|LocalBusiness|Offer|OpeningHoursSpecification|Organization|PostalAddress|ProfessionalService|Question|Service|WebPage|WebSite,285,2,44,4,OK
/รับซื้อ/รับซื้อ-jbl-อำนาจเจริญ,service-x-location,dist/client/รับซื้อ/รับซื้อ-jbl-อำนาจเจริญ/index.html,yes,200,yes,/รับซื้อ/รับซื้อ-jbl-อำนาจเจริญ,yes,รับซื้อ JBL อำนาจเจริญ ประเมินราคาเบื้องต้น | Amphon.co.th,รับซื้อ JBL ในอำนาจเจริญ ประเมินราคาฟรี ส่งรูปเช็กราคาได้ ชำระเงินหลังตรวจสอบสินค้าและตกลงราคาเรียบร้อยแล้ว ติดต่อ Line ,รับซื้อ JBL อำนาจเจริญ ประเมินราคาเบื้องต้น,Answer|BreadcrumbList|ContactPoint|Country|FAQPage|GeoCoordinates|ImageObject|ListItem|LocalBusiness|Offer|OpeningHoursSpecification|Organization|PostalAddress|ProfessionalService|Question|Service|WebPage|WebSite,288,2,44,4,OK
/รับซื้อ/รับซื้อ-jbl-อุดรธานี,service-x-location,dist/client/รับซื้อ/รับซื้อ-jbl-อุดรธานี/index.html,yes,200,yes,/รับซื้อ/รับซื้อ-jbl-อุดรธานี,yes,รับซื้อ JBL อุดรธานี ประเมินราคาเบื้องต้น | Amphon.co.th,รับซื้อ JBL ในอุดรธานี ประเมินราคาฟรี ส่งรูปเช็กราคาได้ ชำระเงินหลังตรวจสอบสินค้าและตกลงราคาเรียบร้อยแล้ว ติดต่อ Line @w,รับซื้อ JBL อุดรธานี ประเมินราคาเบื้องต้น,Answer|BreadcrumbList|ContactPoint|Country|FAQPage|GeoCoordinates|ImageObject|ListItem|LocalBusiness|Offer|OpeningHoursSpecification|Organization|PostalAddress|ProfessionalService|Question|Service|WebPage|WebSite,295,2,44,4,OK
/รับซื้อ/รับซื้อ-jbl-อุบลราชธานี,service-x-location,dist/client/รับซื้อ/รับซื้อ-jbl-อุบลราชธานี/index.html,yes,200,yes,/รับซื้อ/รับซื้อ-jbl-อุบลราชธานี,yes,รับซื้อ JBL อุบลราชธานี ประเมินราคาเบื้องต้น | Amphon.co.th,รับซื้อ JBL ในอุบลราชธานี ประเมินราคาฟรี ส่งรูปเช็กราคาได้ ชำระเงินหลังตรวจสอบสินค้าและตกลงราคาเรียบร้อยแล้ว ติดต่อ Line,รับซื้อ JBL อุบลราชธานี ประเมินราคาเบื้องต้น,Answer|BreadcrumbList|ContactPoint|Country|FAQPage|GeoCoordinates|ImageObject|ListItem|LocalBusiness|Offer|OpeningHoursSpecification|Organization|PostalAddress|ProfessionalService|Question|Service|WebPage|WebSite,289,2,44,4,OK
/รับซื้อ/รับซื้อ-jbl-เลย,service-x-location,dist/client/รับซื้อ/รับซื้อ-jbl-เลย/index.html,yes,200,yes,/รับซื้อ/รับซื้อ-jbl-เลย,yes,รับซื้อ JBL เลย ประเมินราคาเบื้องต้น | Amphon.co.th,รับซื้อ JBL ในเลย ประเมินราคาฟรี ส่งรูปเช็กราคาได้ ชำระเงินหลังตรวจสอบสินค้าและตกลงราคาเรียบร้อยแล้ว ติดต่อ Line @webuy ,รับซื้อ JBL เลย ประเมินราคาเบื้องต้น,Answer|BreadcrumbList|ContactPoint|Country|FAQPage|GeoCoordinates|ImageObject|ListItem|LocalBusiness|Offer|OpeningHoursSpecification|Organization|PostalAddress|ProfessionalService|Question|Service|WebPage|WebSite,301,2,44,4,OK
/รับซื้อ/รับซื้อ-mac-mini-กาฬสินธุ์,service-x-location,dist/client/รับซื้อ/รับซื้อ-mac-mini-กาฬสินธุ์/index.html,yes,200,yes,/รับซื้อ/รับซื้อ-mac-mini-กาฬสินธุ์,yes,รับซื้อ Mac mini กาฬสินธุ์ ประเมินราคาเบื้องต้น | Amphon.co.th,รับซื้อ Mac mini ในกาฬสินธุ์ ประเมินราคาฟรี ส่งรูปเช็กราคาได้ ชำระเงินหลังตรวจสอบสินค้าและตกลงราคาเรียบร้อยแล้ว ติดต่อ L,รับซื้อ Mac mini กาฬสินธุ์ ประเมินราคาเบื้องต้น,Answer|BreadcrumbList|ContactPoint|Country|FAQPage|GeoCoordinates|ImageObject|ListItem|LocalBusiness|Offer|OpeningHoursSpecification|Organization|PostalAddress|ProfessionalService|Question|Service|WebPage|WebSite,336,2,44,4,OK
/รับซื้อ/รับซื้อ-mac-mini-ขอนแก่น,service-x-location,dist/client/รับซื้อ/รับซื้อ-mac-mini-ขอนแก่น/index.html,yes,200,yes,/รับซื้อ/รับซื้อ-mac-mini-ขอนแก่น,yes,รับซื้อ Mac mini ขอนแก่น ประเมินราคาเบื้องต้น | Amphon.co.th,รับซื้อ Mac mini ในขอนแก่น ประเมินราคาฟรี ส่งรูปเช็กราคาได้ ชำระเงินหลังตรวจสอบสินค้าและตกลงราคาเรียบร้อยแล้ว ติดต่อ Lin,รับซื้อ Mac mini ขอนแก่น ประเมินราคาเบื้องต้น,Answer|BreadcrumbList|ContactPoint|Country|FAQPage|GeoCoordinates|ImageObject|ListItem|LocalBusiness|Offer|OpeningHoursSpecification|Organization|PostalAddress|ProfessionalService|Question|Service|WebPage|WebSite,347,2,44,4,OK
/รับซื้อ/รับซื้อ-mac-mini-ชัยภูมิ,service-x-location,dist/client/รับซื้อ/รับซื้อ-mac-mini-ชัยภูมิ/index.html,yes,200,yes,/รับซื้อ/รับซื้อ-mac-mini-ชัยภูมิ,yes,รับซื้อ Mac mini ชัยภูมิ ประเมินราคาเบื้องต้น | Amphon.co.th,รับซื้อ Mac mini ในชัยภูมิ ประเมินราคาฟรี ส่งรูปเช็กราคาได้ ชำระเงินหลังตรวจสอบสินค้าและตกลงราคาเรียบร้อยแล้ว ติดต่อ Lin,รับซื้อ Mac mini ชัยภูมิ ประเมินราคาเบื้องต้น,Answer|BreadcrumbList|ContactPoint|Country|FAQPage|GeoCoordinates|ImageObject|ListItem|LocalBusiness|Offer|OpeningHoursSpecification|Organization|PostalAddress|ProfessionalService|Question|Service|WebPage|WebSite,335,2,44,4,OK
/รับซื้อ/รับซื้อ-mac-mini-นครพนม,service-x-location,dist/client/รับซื้อ/รับซื้อ-mac-mini-นครพนม/index.html,yes,200,yes,/รับซื้อ/รับซื้อ-mac-mini-นครพนม,yes,รับซื้อ Mac mini นครพนม ประเมินราคาเบื้องต้น | Amphon.co.th,รับซื้อ Mac mini ในนครพนม ประเมินราคาฟรี ส่งรูปเช็กราคาได้ ชำระเงินหลังตรวจสอบสินค้าและตกลงราคาเรียบร้อยแล้ว ติดต่อ Line,รับซื้อ Mac mini นครพนม ประเมินราคาเบื้องต้น,Answer|BreadcrumbList|ContactPoint|Country|FAQPage|GeoCoordinates|ImageObject|ListItem|LocalBusiness|Offer|OpeningHoursSpecification|Organization|PostalAddress|ProfessionalService|Question|Service|WebPage|WebSite,332,2,44,4,OK
/รับซื้อ/รับซื้อ-mac-mini-นครราชสีมา,service-x-location,dist/client/รับซื้อ/รับซื้อ-mac-mini-นครราชสีมา/index.html,yes,200,yes,/รับซื้อ/รับซื้อ-mac-mini-นครราชสีมา,yes,รับซื้อ Mac mini นครราชสีมา ประเมินราคาเบื้องต้น | Amphon.co.th,รับซื้อ Mac mini ในนครราชสีมา ประเมินราคาฟรี ส่งรูปเช็กราคาได้ ชำระเงินหลังตรวจสอบสินค้าและตกลงราคาเรียบร้อยแล้ว ติดต่อ ,รับซื้อ Mac mini นครราชสีมา ประเมินราคาเบื้องต้น,Answer|BreadcrumbList|ContactPoint|Country|FAQPage|GeoCoordinates|ImageObject|ListItem|LocalBusiness|Offer|OpeningHoursSpecification|Organization|PostalAddress|ProfessionalService|Question|Service|WebPage|WebSite,354,2,44,4,OK
/รับซื้อ/รับซื้อ-mac-mini-บึงกาฬ,service-x-location,dist/client/รับซื้อ/รับซื้อ-mac-mini-บึงกาฬ/index.html,yes,200,yes,/รับซื้อ/รับซื้อ-mac-mini-บึงกาฬ,yes,รับซื้อ Mac mini บึงกาฬ ประเมินราคาเบื้องต้น | Amphon.co.th,รับซื้อ Mac mini ในบึงกาฬ ประเมินราคาฟรี ส่งรูปเช็กราคาได้ ชำระเงินหลังตรวจสอบสินค้าและตกลงราคาเรียบร้อยแล้ว ติดต่อ Line,รับซื้อ Mac mini บึงกาฬ ประเมินราคาเบื้องต้น,Answer|BreadcrumbList|ContactPoint|Country|FAQPage|GeoCoordinates|ImageObject|ListItem|LocalBusiness|Offer|OpeningHoursSpecification|Organization|PostalAddress|ProfessionalService|Question|Service|WebPage|WebSite,324,2,44,4,OK
/รับซื้อ/รับซื้อ-mac-mini-บุรีรัมย์,service-x-location,dist/client/รับซื้อ/รับซื้อ-mac-mini-บุรีรัมย์/index.html,yes,200,yes,/รับซื้อ/รับซื้อ-mac-mini-บุรีรัมย์,yes,รับซื้อ Mac mini บุรีรัมย์ ประเมินราคาเบื้องต้น | Amphon.co.th,รับซื้อ Mac mini ในบุรีรัมย์ ประเมินราคาฟรี ส่งรูปเช็กราคาได้ ชำระเงินหลังตรวจสอบสินค้าและตกลงราคาเรียบร้อยแล้ว ติดต่อ L,รับซื้อ Mac mini บุรีรัมย์ ประเมินราคาเบื้องต้น,Answer|BreadcrumbList|ContactPoint|Country|FAQPage|GeoCoordinates|ImageObject|ListItem|LocalBusiness|Offer|OpeningHoursSpecification|Organization|PostalAddress|ProfessionalService|Question|Service|WebPage|WebSite,328,2,44,4,OK
/รับซื้อ/รับซื้อ-mac-mini-มหาสารคาม,service-x-location,dist/client/รับซื้อ/รับซื้อ-mac-mini-มหาสารคาม/index.html,yes,200,yes,/รับซื้อ/รับซื้อ-mac-mini-มหาสารคาม,yes,รับซื้อ Mac mini มหาสารคาม ประเมินราคาเบื้องต้น | Amphon.co.th,รับซื้อ Mac mini ในมหาสารคาม ประเมินราคาฟรี ส่งรูปเช็กราคาได้ ชำระเงินหลังตรวจสอบสินค้าและตกลงราคาเรียบร้อยแล้ว ติดต่อ L,รับซื้อ Mac mini มหาสารคาม ประเมินราคาเบื้องต้น,Answer|BreadcrumbList|ContactPoint|Country|FAQPage|GeoCoordinates|ImageObject|ListItem|LocalBusiness|Offer|OpeningHoursSpecification|Organization|PostalAddress|ProfessionalService|Question|Service|WebPage|WebSite,328,2,44,4,OK
/รับซื้อ/รับซื้อ-mac-mini-มุกดาหาร,service-x-location,dist/client/รับซื้อ/รับซื้อ-mac-mini-มุกดาหาร/index.html,yes,200,yes,/รับซื้อ/รับซื้อ-mac-mini-มุกดาหาร,yes,รับซื้อ Mac mini มุกดาหาร ประเมินราคาเบื้องต้น | Amphon.co.th,รับซื้อ Mac mini ในมุกดาหาร ประเมินราคาฟรี ส่งรูปเช็กราคาได้ ชำระเงินหลังตรวจสอบสินค้าและตกลงราคาเรียบร้อยแล้ว ติดต่อ Li,รับซื้อ Mac mini มุกดาหาร ประเมินราคาเบื้องต้น,Answer|BreadcrumbList|ContactPoint|Country|FAQPage|GeoCoordinates|ImageObject|ListItem|LocalBusiness|Offer|OpeningHoursSpecification|Organization|PostalAddress|ProfessionalService|Question|Service|WebPage|WebSite,321,2,44,4,OK
/รับซื้อ/รับซื้อ-mac-mini-ยโสธร,service-x-location,dist/client/รับซื้อ/รับซื้อ-mac-mini-ยโสธร/index.html,yes,200,yes,/รับซื้อ/รับซื้อ-mac-mini-ยโสธร,yes,รับซื้อ Mac mini ยโสธร ประเมินราคาเบื้องต้น | Amphon.co.th,รับซื้อ Mac mini ในยโสธร ประเมินราคาฟรี ส่งรูปเช็กราคาได้ ชำระเงินหลังตรวจสอบสินค้าและตกลงราคาเรียบร้อยแล้ว ติดต่อ Line ,รับซื้อ Mac mini ยโสธร ประเมินราคาเบื้องต้น,Answer|BreadcrumbList|ContactPoint|Country|FAQPage|GeoCoordinates|ImageObject|ListItem|LocalBusiness|Offer|OpeningHoursSpecification|Organization|PostalAddress|ProfessionalService|Question|Service|WebPage|WebSite,325,2,44,4,OK
/รับซื้อ/รับซื้อ-mac-mini-ร้อยเอ็ด,service-x-location,dist/client/รับซื้อ/รับซื้อ-mac-mini-ร้อยเอ็ด/index.html,yes,200,yes,/รับซื้อ/รับซื้อ-mac-mini-ร้อยเอ็ด,yes,รับซื้อ Mac mini ร้อยเอ็ด ประเมินราคาเบื้องต้น | Amphon.co.th,รับซื้อ Mac mini ในร้อยเอ็ด ประเมินราคาฟรี ส่งรูปเช็กราคาได้ ชำระเงินหลังตรวจสอบสินค้าและตกลงราคาเรียบร้อยแล้ว ติดต่อ Li,รับซื้อ Mac mini ร้อยเอ็ด ประเมินราคาเบื้องต้น,Answer|BreadcrumbList|ContactPoint|Country|FAQPage|GeoCoordinates|ImageObject|ListItem|LocalBusiness|Offer|OpeningHoursSpecification|Organization|PostalAddress|ProfessionalService|Question|Service|WebPage|WebSite,339,2,44,4,OK
/รับซื้อ/รับซื้อ-mac-mini-ศรีสะเกษ,service-x-location,dist/client/รับซื้อ/รับซื้อ-mac-mini-ศรีสะเกษ/index.html,yes,200,yes,/รับซื้อ/รับซื้อ-mac-mini-ศรีสะเกษ,yes,รับซื้อ Mac mini ศรีสะเกษ ประเมินราคาเบื้องต้น | Amphon.co.th,รับซื้อ Mac mini ในศรีสะเกษ ประเมินราคาฟรี ส่งรูปเช็กราคาได้ ชำระเงินหลังตรวจสอบสินค้าและตกลงราคาเรียบร้อยแล้ว ติดต่อ Li,รับซื้อ Mac mini ศรีสะเกษ ประเมินราคาเบื้องต้น,Answer|BreadcrumbList|ContactPoint|Country|FAQPage|GeoCoordinates|ImageObject|ListItem|LocalBusiness|Offer|OpeningHoursSpecification|Organization|PostalAddress|ProfessionalService|Question|Service|WebPage|WebSite,326,2,44,4,OK
/รับซื้อ/รับซื้อ-mac-mini-สกลนคร,service-x-location,dist/client/รับซื้อ/รับซื้อ-mac-mini-สกลนคร/index.html,yes,200,yes,/รับซื้อ/รับซื้อ-mac-mini-สกลนคร,yes,รับซื้อ Mac mini สกลนคร ประเมินราคาเบื้องต้น | Amphon.co.th,รับซื้อ Mac mini ในสกลนคร ประเมินราคาฟรี ส่งรูปเช็กราคาได้ ชำระเงินหลังตรวจสอบสินค้าและตกลงราคาเรียบร้อยแล้ว ติดต่อ Line,รับซื้อ Mac mini สกลนคร ประเมินราคาเบื้องต้น,Answer|BreadcrumbList|ContactPoint|Country|FAQPage|GeoCoordinates|ImageObject|ListItem|LocalBusiness|Offer|OpeningHoursSpecification|Organization|PostalAddress|ProfessionalService|Question|Service|WebPage|WebSite,340,2,44,4,OK
/รับซื้อ/รับซื้อ-mac-mini-สุรินทร์,service-x-location,dist/client/รับซื้อ/รับซื้อ-mac-mini-สุรินทร์/index.html,yes,200,yes,/รับซื้อ/รับซื้อ-mac-mini-สุรินทร์,yes,รับซื้อ Mac mini สุรินทร์ ประเมินราคาเบื้องต้น | Amphon.co.th,รับซื้อ Mac mini ในสุรินทร์ ประเมินราคาฟรี ส่งรูปเช็กราคาได้ ชำระเงินหลังตรวจสอบสินค้าและตกลงราคาเรียบร้อยแล้ว ติดต่อ Li,รับซื้อ Mac mini สุรินทร์ ประเมินราคาเบื้องต้น,Answer|BreadcrumbList|ContactPoint|Country|FAQPage|GeoCoordinates|ImageObject|ListItem|LocalBusiness|Offer|OpeningHoursSpecification|Organization|PostalAddress|ProfessionalService|Question|Service|WebPage|WebSite,325,2,44,4,OK
/รับซื้อ/รับซื้อ-mac-mini-หนองคาย,service-x-location,dist/client/รับซื้อ/รับซื้อ-mac-mini-หนองคาย/index.html,yes,200,yes,/รับซื้อ/รับซื้อ-mac-mini-หนองคาย,yes,รับซื้อ Mac mini หนองคาย ประเมินราคาเบื้องต้น | Amphon.co.th,รับซื้อ Mac mini ในหนองคาย ประเมินราคาฟรี ส่งรูปเช็กราคาได้ ชำระเงินหลังตรวจสอบสินค้าและตกลงราคาเรียบร้อยแล้ว ติดต่อ Lin,รับซื้อ Mac mini หนองคาย ประเมินราคาเบื้องต้น,Answer|BreadcrumbList|ContactPoint|Country|FAQPage|GeoCoordinates|ImageObject|ListItem|LocalBusiness|Offer|OpeningHoursSpecification|Organization|PostalAddress|ProfessionalService|Question|Service|WebPage|WebSite,325,2,44,4,OK
/รับซื้อ/รับซื้อ-mac-mini-หนองบัวลำภู,service-x-location,dist/client/รับซื้อ/รับซื้อ-mac-mini-หนองบัวลำภู/index.html,yes,200,yes,/รับซื้อ/รับซื้อ-mac-mini-หนองบัวลำภู,yes,รับซื้อ Mac mini หนองบัวลำภู ประเมินราคาเบื้องต้น | Amphon.co.th,รับซื้อ Mac mini ในหนองบัวลำภู ประเมินราคาฟรี ส่งรูปเช็กราคาได้ ชำระเงินหลังตรวจสอบสินค้าและตกลงราคาเรียบร้อยแล้ว ติดต่อ,รับซื้อ Mac mini หนองบัวลำภู ประเมินราคาเบื้องต้น,Answer|BreadcrumbList|ContactPoint|Country|FAQPage|GeoCoordinates|ImageObject|ListItem|LocalBusiness|Offer|OpeningHoursSpecification|Organization|PostalAddress|ProfessionalService|Question|Service|WebPage|WebSite,317,2,44,4,OK
/รับซื้อ/รับซื้อ-mac-mini-อำนาจเจริญ,service-x-location,dist/client/รับซื้อ/รับซื้อ-mac-mini-อำนาจเจริญ/index.html,yes,200,yes,/รับซื้อ/รับซื้อ-mac-mini-อำนาจเจริญ,yes,รับซื้อ Mac mini อำนาจเจริญ ประเมินราคาเบื้องต้น | Amphon.co.th,รับซื้อ Mac mini ในอำนาจเจริญ ประเมินราคาฟรี ส่งรูปเช็กราคาได้ ชำระเงินหลังตรวจสอบสินค้าและตกลงราคาเรียบร้อยแล้ว ติดต่อ ,รับซื้อ Mac mini อำนาจเจริญ ประเมินราคาเบื้องต้น,Answer|BreadcrumbList|ContactPoint|Country|FAQPage|GeoCoordinates|ImageObject|ListItem|LocalBusiness|Offer|OpeningHoursSpecification|Organization|PostalAddress|ProfessionalService|Question|Service|WebPage|WebSite,320,2,44,4,OK
/รับซื้อ/รับซื้อ-mac-mini-อุดรธานี,service-x-location,dist/client/รับซื้อ/รับซื้อ-mac-mini-อุดรธานี/index.html,yes,200,yes,/รับซื้อ/รับซื้อ-mac-mini-อุดรธานี,yes,รับซื้อ Mac mini อุดรธานี ประเมินราคาเบื้องต้น | Amphon.co.th,รับซื้อ Mac mini ในอุดรธานี ประเมินราคาฟรี ส่งรูปเช็กราคาได้ ชำระเงินหลังตรวจสอบสินค้าและตกลงราคาเรียบร้อยแล้ว ติดต่อ Li,รับซื้อ Mac mini อุดรธานี ประเมินราคาเบื้องต้น,Answer|BreadcrumbList|ContactPoint|Country|FAQPage|GeoCoordinates|ImageObject|ListItem|LocalBusiness|Offer|OpeningHoursSpecification|Organization|PostalAddress|ProfessionalService|Question|Service|WebPage|WebSite,327,2,44,4,OK
/รับซื้อ/รับซื้อ-mac-mini-อุบลราชธานี,service-x-location,dist/client/รับซื้อ/รับซื้อ-mac-mini-อุบลราชธานี/index.html,yes,200,yes,/รับซื้อ/รับซื้อ-mac-mini-อุบลราชธานี,yes,รับซื้อ Mac mini อุบลราชธานี ประเมินราคาเบื้องต้น | Amphon.co.th,รับซื้อ Mac mini ในอุบลราชธานี ประเมินราคาฟรี ส่งรูปเช็กราคาได้ ชำระเงินหลังตรวจสอบสินค้าและตกลงราคาเรียบร้อยแล้ว ติดต่อ,รับซื้อ Mac mini อุบลราชธานี ประเมินราคาเบื้องต้น,Answer|BreadcrumbList|ContactPoint|Country|FAQPage|GeoCoordinates|ImageObject|ListItem|LocalBusiness|Offer|OpeningHoursSpecification|Organization|PostalAddress|ProfessionalService|Question|Service|WebPage|WebSite,321,2,44,4,OK
/รับซื้อ/รับซื้อ-mac-mini-เลย,service-x-location,dist/client/รับซื้อ/รับซื้อ-mac-mini-เลย/index.html,yes,200,yes,/รับซื้อ/รับซื้อ-mac-mini-เลย,yes,รับซื้อ Mac mini เลย ประเมินราคาเบื้องต้น | Amphon.co.th,รับซื้อ Mac mini ในเลย ประเมินราคาฟรี ส่งรูปเช็กราคาได้ ชำระเงินหลังตรวจสอบสินค้าและตกลงราคาเรียบร้อยแล้ว ติดต่อ Line @w,รับซื้อ Mac mini เลย ประเมินราคาเบื้องต้น,Answer|BreadcrumbList|ContactPoint|Country|FAQPage|GeoCoordinates|ImageObject|ListItem|LocalBusiness|Offer|OpeningHoursSpecification|Organization|PostalAddress|ProfessionalService|Question|Service|WebPage|WebSite,333,2,44,4,OK
/รับซื้อ/รับซื้อ-macbook-กาฬสินธุ์,service-x-location,dist/client/รับซื้อ/รับซื้อ-macbook-กาฬสินธุ์/index.html,yes,200,yes,/รับซื้อ/รับซื้อ-macbook-กาฬสินธุ์,yes,รับซื้อ MacBook กาฬสินธุ์ เช็กราคาก่อนส่ง | Amphon.co.th,เช็กราคา MacBook จากกาฬสินธุ์ด้วยรูป รุ่น และสภาพก่อนจัดส่ง วางแผนแพ็กเครื่องตามระยะทาง โดยร้านจริงอยู่ที่อุบลราชธานี,รับซื้อ MacBook ในกาฬสินธุ์ เช็กราคาและวางแผนส่งมอบ,Answer|BreadcrumbList|ContactPoint|Country|FAQPage|GeoCoordinates|ImageObject|ListItem|LocalBusiness|Offer|OpeningHoursSpecification|Organization|PostalAddress|ProfessionalService|Question|Service|WebPage|WebSite,223,47,43,4,OK
/รับซื้อ/รับซื้อ-macbook-ขอนแก่น,service-x-location,dist/client/รับซื้อ/รับซื้อ-macbook-ขอนแก่น/index.html,yes,200,yes,/รับซื้อ/รับซื้อ-macbook-ขอนแก่น,yes,รับซื้อ MacBook ขอนแก่น เช็กราคาก่อนส่ง | Amphon.co.th,รับประเมิน MacBook จากขอนแก่นผ่านรูปและข้อมูลเครื่องก่อนจัดส่ง ไม่มีการอ้างว่ามีสาขาในจังหวัด และตรวจราคาสุดท้ายเมื่อได้,รับซื้อ MacBook ในขอนแก่น เช็กราคาและวางแผนส่งมอบ,Answer|BreadcrumbList|ContactPoint|Country|FAQPage|GeoCoordinates|ImageObject|ListItem|LocalBusiness|Offer|OpeningHoursSpecification|Organization|PostalAddress|ProfessionalService|Question|Service|WebPage|WebSite,241,47,43,4,OK
/รับซื้อ/รับซื้อ-macbook-ชัยภูมิ,service-x-location,dist/client/รับซื้อ/รับซื้อ-macbook-ชัยภูมิ/index.html,yes,200,yes,/รับซื้อ/รับซื้อ-macbook-ชัยภูมิ,yes,รับซื้อ MacBook ชัยภูมิ เช็กราคาก่อนส่ง | Amphon.co.th,ขาย MacBook จากชัยภูมิโดยเช็กสเปกและตำหนิก่อนเดินทางหรือส่ง ระบุอำเภอเพื่อวางแผน ไม่มีจุดรับประจำจังหวัด,รับซื้อ MacBook ในชัยภูมิ เช็กราคาและวางแผนส่งมอบ,Answer|BreadcrumbList|ContactPoint|Country|FAQPage|GeoCoordinates|ImageObject|ListItem|LocalBusiness|Offer|OpeningHoursSpecification|Organization|PostalAddress|ProfessionalService|Question|Service|WebPage|WebSite,214,47,43,4,OK
/รับซื้อ/รับซื้อ-macbook-นครพนม,service-x-location,dist/client/รับซื้อ/รับซื้อ-macbook-นครพนม/index.html,yes,200,yes,/รับซื้อ/รับซื้อ-macbook-นครพนม,yes,รับซื้อ MacBook นครพนม เช็กราคาก่อนส่ง | Amphon.co.th,เช็กราคา MacBook จากนครพนมผ่านรูปก่อนเดินทางหรือจัดส่ง เน้นข้อมูลแบตเตอรี่ จอ และสภาพเครื่อง โดยไม่มีสาขาประจำจังหวัด,รับซื้อ MacBook ในนครพนม เช็กราคาและวางแผนส่งมอบ,Answer|BreadcrumbList|ContactPoint|Country|FAQPage|GeoCoordinates|ImageObject|ListItem|LocalBusiness|Offer|OpeningHoursSpecification|Organization|PostalAddress|ProfessionalService|Question|Service|WebPage|WebSite,216,47,43,4,OK
/รับซื้อ/รับซื้อ-macbook-นครราชสีมา,service-x-location,dist/client/รับซื้อ/รับซื้อ-macbook-นครราชสีมา/index.html,yes,200,yes,/รับซื้อ/รับซื้อ-macbook-นครราชสีมา,yes,รับซื้อ MacBook นครราชสีมา เช็กราคาก่อนส่ง | Amphon.co.th,ประเมิน MacBook จากนครราชสีมาก่อนส่งจริง ระบุอำเภอ รุ่น สภาพ และความสะดวกด้านขนส่ง โดยไม่มีการอ้างสาขาหรือทีมประจำในโครา,รับซื้อ MacBook ในนครราชสีมา เช็กราคาและวางแผนส่งมอบ,Answer|BreadcrumbList|ContactPoint|Country|FAQPage|GeoCoordinates|ImageObject|ListItem|LocalBusiness|Offer|OpeningHoursSpecification|Organization|PostalAddress|ProfessionalService|Question|Service|WebPage|WebSite,208,47,43,4,OK
/รับซื้อ/รับซื้อ-macbook-บึงกาฬ,service-x-location,dist/client/รับซื้อ/รับซื้อ-macbook-บึงกาฬ/index.html,yes,200,yes,/รับซื้อ/รับซื้อ-macbook-บึงกาฬ,yes,รับซื้อ MacBook บึงกาฬ เช็กราคาก่อนส่ง | Amphon.co.th,ประเมิน MacBook จากบึงกาฬก่อนส่งระยะไกล เน้นความชื้น สภาพแบตเตอรี่ และบรรจุภัณฑ์ ไม่มีสาขาหรือทีมประจำจังหวัด,รับซื้อ MacBook ในบึงกาฬ เช็กราคาและวางแผนส่งมอบ,Answer|BreadcrumbList|ContactPoint|Country|FAQPage|GeoCoordinates|ImageObject|ListItem|LocalBusiness|Offer|OpeningHoursSpecification|Organization|PostalAddress|ProfessionalService|Question|Service|WebPage|WebSite,207,47,43,4,OK
/รับซื้อ/รับซื้อ-macbook-บุรีรัมย์,service-x-location,dist/client/รับซื้อ/รับซื้อ-macbook-บุรีรัมย์/index.html,yes,200,yes,/รับซื้อ/รับซื้อ-macbook-บุรีรัมย์,yes,รับซื้อ MacBook บุรีรัมย์ เช็กราคาก่อนส่ง | Amphon.co.th,ประเมิน MacBook จากบุรีรัมย์ด้วยข้อมูลรุ่น สภาพ และอุปกรณ์ก่อนส่งมอบ ร้านจริงอยู่ที่อุบลราชธานีและไม่มีจุดรับประจำในบุรี,รับซื้อ MacBook ในบุรีรัมย์ เช็กราคาและวางแผนส่งมอบ,Answer|BreadcrumbList|ContactPoint|Country|FAQPage|GeoCoordinates|ImageObject|ListItem|LocalBusiness|Offer|OpeningHoursSpecification|Organization|PostalAddress|ProfessionalService|Question|Service|WebPage|WebSite,216,47,43,4,OK
/รับซื้อ/รับซื้อ-macbook-มหาสารคาม,service-x-location,dist/client/รับซื้อ/รับซื้อ-macbook-มหาสารคาม/index.html,yes,200,yes,/รับซื้อ/รับซื้อ-macbook-มหาสารคาม,yes,รับซื้อ MacBook มหาสารคาม เช็กราคาก่อนส่ง | Amphon.co.th,ขาย MacBook จากมหาสารคามด้วยข้อมูลรุ่น แบตเตอรี่ และสภาพใช้งานเรียนก่อนส่ง ไม่มีการอ้างหน้าร้านในจังหวัด,รับซื้อ MacBook ในมหาสารคาม เช็กราคาและวางแผนส่งมอบ,Answer|BreadcrumbList|ContactPoint|Country|FAQPage|GeoCoordinates|ImageObject|ListItem|LocalBusiness|Offer|OpeningHoursSpecification|Organization|PostalAddress|ProfessionalService|Question|Service|WebPage|WebSite,213,47,43,4,OK
/รับซื้อ/รับซื้อ-macbook-มุกดาหาร,service-x-location,dist/client/รับซื้อ/รับซื้อ-macbook-มุกดาหาร/index.html,yes,200,yes,/รับซื้อ/รับซื้อ-macbook-มุกดาหาร,yes,รับซื้อ MacBook มุกดาหาร เช็กราคาก่อนส่ง | Amphon.co.th,ประเมิน MacBook จากมุกดาหารก่อนเลือกเส้นทางส่ง ตรวจพอร์ต ความชื้น และบัญชีผู้ใช้ ร้านจริงอยู่ที่อุบลราชธานี,รับซื้อ MacBook ในมุกดาหาร เช็กราคาและวางแผนส่งมอบ,Answer|BreadcrumbList|ContactPoint|Country|FAQPage|GeoCoordinates|ImageObject|ListItem|LocalBusiness|Offer|OpeningHoursSpecification|Organization|PostalAddress|ProfessionalService|Question|Service|WebPage|WebSite,213,47,43,4,OK
/รับซื้อ/รับซื้อ-macbook-ยโสธร,service-x-location,dist/client/รับซื้อ/รับซื้อ-macbook-ยโสธร/index.html,yes,200,yes,/รับซื้อ/รับซื้อ-macbook-ยโสธร,yes,รับซื้อ MacBook ยโสธร เช็กราคาก่อนส่ง | Amphon.co.th,ขอประเมิน MacBook จากยโสธรก่อนส่งมอบ ตรวจรุ่น สภาพ และอุปกรณ์ให้ครบ ร้านจริงอยู่ที่อุบลราชธานี ไม่มีทีมประจำยโสธร,รับซื้อ MacBook ในยโสธร เช็กราคาและวางแผนส่งมอบ,Answer|BreadcrumbList|ContactPoint|Country|FAQPage|GeoCoordinates|ImageObject|ListItem|LocalBusiness|Offer|OpeningHoursSpecification|Organization|PostalAddress|ProfessionalService|Question|Service|WebPage|WebSite,203,47,43,4,OK
/รับซื้อ/รับซื้อ-macbook-ร้อยเอ็ด,service-x-location,dist/client/รับซื้อ/รับซื้อ-macbook-ร้อยเอ็ด/index.html,yes,200,yes,/รับซื้อ/รับซื้อ-macbook-ร้อยเอ็ด,yes,รับซื้อ MacBook ร้อยเอ็ด เช็กราคาก่อนส่ง | Amphon.co.th,ขอราคาประเมิน MacBook จากร้อยเอ็ดก่อนส่งมอบ แยกข้อมูลเครื่องใช้งานทั่วไปและเครื่องมีตำหนิ ไม่มีสาขาประจำจังหวัด,รับซื้อ MacBook ในร้อยเอ็ด เช็กราคาและวางแผนส่งมอบ,Answer|BreadcrumbList|ContactPoint|Country|FAQPage|GeoCoordinates|ImageObject|ListItem|LocalBusiness|Offer|OpeningHoursSpecification|Organization|PostalAddress|ProfessionalService|Question|Service|WebPage|WebSite,217,47,43,4,OK
/รับซื้อ/รับซื้อ-macbook-ศรีสะเกษ,service-x-location,dist/client/รับซื้อ/รับซื้อ-macbook-ศรีสะเกษ/index.html,yes,200,yes,/รับซื้อ/รับซื้อ-macbook-ศรีสะเกษ,yes,รับซื้อ MacBook ศรีสะเกษ เช็กราคาก่อนส่ง | Amphon.co.th,ขาย MacBook จากศรีสะเกษโดยประเมินออนไลน์ก่อน เลือกการส่งมอบตามระยะและสภาพ ร้านจริงอยู่จังหวัดอุบลราชธานี,รับซื้อ MacBook ในศรีสะเกษ เช็กราคาและวางแผนส่งมอบ,Answer|BreadcrumbList|ContactPoint|Country|FAQPage|GeoCoordinates|ImageObject|ListItem|LocalBusiness|Offer|OpeningHoursSpecification|Organization|PostalAddress|ProfessionalService|Question|Service|WebPage|WebSite,214,47,43,4,OK
/รับซื้อ/รับซื้อ-macbook-สกลนคร,service-x-location,dist/client/รับซื้อ/รับซื้อ-macbook-สกลนคร/index.html,yes,200,yes,/รับซื้อ/รับซื้อ-macbook-สกลนคร,yes,รับซื้อ MacBook สกลนคร เช็กราคาก่อนส่ง | Amphon.co.th,แนวทางขาย MacBook จากสกลนคร เน้นระบุรุ่นจริง ตรวจแบตเตอรี่ และแพ็กสำหรับระยะทางก่อนส่งไปตรวจที่ร้านอุบลราชธานี,รับซื้อ MacBook ในสกลนคร เช็กราคาและวางแผนส่งมอบ,Answer|BreadcrumbList|ContactPoint|Country|FAQPage|GeoCoordinates|ImageObject|ListItem|LocalBusiness|Offer|OpeningHoursSpecification|Organization|PostalAddress|ProfessionalService|Question|Service|WebPage|WebSite,224,47,43,4,OK
/รับซื้อ/รับซื้อ-macbook-สุรินทร์,service-x-location,dist/client/รับซื้อ/รับซื้อ-macbook-สุรินทร์/index.html,yes,200,yes,/รับซื้อ/รับซื้อ-macbook-สุรินทร์,yes,รับซื้อ MacBook สุรินทร์ เช็กราคาก่อนส่ง | Amphon.co.th,ขาย MacBook จากสุรินทร์โดยส่งรายละเอียดประเมินก่อน ไม่ต้องเดินทางโดยยังไม่รู้กรอบราคา และไม่มีการอ้างสาขาหรือทีมประจำจัง,รับซื้อ MacBook ในสุรินทร์ เช็กราคาและวางแผนส่งมอบ,Answer|BreadcrumbList|ContactPoint|Country|FAQPage|GeoCoordinates|ImageObject|ListItem|LocalBusiness|Offer|OpeningHoursSpecification|Organization|PostalAddress|ProfessionalService|Question|Service|WebPage|WebSite,232,47,43,4,OK
/รับซื้อ/รับซื้อ-macbook-หนองคาย,service-x-location,dist/client/รับซื้อ/รับซื้อ-macbook-หนองคาย/index.html,yes,200,yes,/รับซื้อ/รับซื้อ-macbook-หนองคาย,yes,รับซื้อ MacBook หนองคาย เช็กราคาก่อนส่ง | Amphon.co.th,ประเมิน MacBook จากหนองคายและพื้นที่ริมโขงก่อนส่ง ระบุสภาพ ความชื้น และประวัติซ่อม ร้านจริงอยู่ที่อุบลราชธานี,รับซื้อ MacBook ในหนองคาย เช็กราคาและวางแผนส่งมอบ,Answer|BreadcrumbList|ContactPoint|Country|FAQPage|GeoCoordinates|ImageObject|ListItem|LocalBusiness|Offer|OpeningHoursSpecification|Organization|PostalAddress|ProfessionalService|Question|Service|WebPage|WebSite,203,47,43,4,OK
/รับซื้อ/รับซื้อ-macbook-หนองบัวลำภู,service-x-location,dist/client/รับซื้อ/รับซื้อ-macbook-หนองบัวลำภู/index.html,yes,200,yes,/รับซื้อ/รับซื้อ-macbook-หนองบัวลำภู,yes,รับซื้อ MacBook หนองบัวลำภู เช็กราคาก่อนส่ง | Amphon.co.th,ประเมิน MacBook จากหนองบัวลำภูด้วยข้อมูลรุ่น อาการ และการเข้าถึงขนส่งก่อนส่ง ไม่มีสาขาหรือทีมประจำพื้นที่,รับซื้อ MacBook ในหนองบัวลำภู เช็กราคาและวางแผนส่งมอบ,Answer|BreadcrumbList|ContactPoint|Country|FAQPage|GeoCoordinates|ImageObject|ListItem|LocalBusiness|Offer|OpeningHoursSpecification|Organization|PostalAddress|ProfessionalService|Question|Service|WebPage|WebSite,216,47,43,4,OK
/รับซื้อ/รับซื้อ-macbook-อำนาจเจริญ,service-x-location,dist/client/รับซื้อ/รับซื้อ-macbook-อำนาจเจริญ/index.html,yes,200,yes,/รับซื้อ/รับซื้อ-macbook-อำนาจเจริญ,yes,รับซื้อ MacBook อำนาจเจริญ เช็กราคาก่อนส่ง | Amphon.co.th,ขาย MacBook จากอำนาจเจริญโดยประเมินก่อนเดินทาง ระยะใกล้อุบลฯ แต่ยังต้องนัดหมายและตรวจเครื่องจริง ไม่มีสาขาในจังหวัด,รับซื้อ MacBook ในอำนาจเจริญ เช็กราคาและวางแผนส่งมอบ,Answer|BreadcrumbList|ContactPoint|Country|FAQPage|GeoCoordinates|ImageObject|ListItem|LocalBusiness|Offer|OpeningHoursSpecification|Organization|PostalAddress|ProfessionalService|Question|Service|WebPage|WebSite,214,47,43,4,OK
/รับซื้อ/รับซื้อ-macbook-อุดรธานี,service-x-location,dist/client/รับซื้อ/รับซื้อ-macbook-อุดรธานี/index.html,yes,200,yes,/รับซื้อ/รับซื้อ-macbook-อุดรธานี,yes,รับซื้อ MacBook อุดรธานี เช็กราคาก่อนส่ง | Amphon.co.th,ขาย MacBook จากอุดรธานีด้วยการคัดรุ่นและตรวจสภาพเบื้องต้นผ่านรูปก่อน คุยการส่งมอบตามอำเภอ ไม่มีสาขาหรือทีมรับประจำจังหวั,รับซื้อ MacBook ในอุดรธานี เช็กราคาและวางแผนส่งมอบ,Answer|BreadcrumbList|ContactPoint|Country|FAQPage|GeoCoordinates|ImageObject|ListItem|LocalBusiness|Offer|OpeningHoursSpecification|Organization|PostalAddress|ProfessionalService|Question|Service|WebPage|WebSite,221,47,43,4,OK
/รับซื้อ/รับซื้อ-macbook-อุบลราชธานี,service-x-location,dist/client/รับซื้อ/รับซื้อ-macbook-อุบลราชธานี/index.html,yes,200,yes,/รับซื้อ/รับซื้อ-macbook-อุบลราชธานี,yes,รับซื้อ MacBook อุบลราชธานี เช็กราคาก่อนส่ง | Amphon.co.th,ขาย MacBook ในอุบลราชธานี เริ่มจากส่งรูปและข้อมูลรุ่นเพื่อประเมินเบื้องต้น เลือกนำเครื่องเข้าร้านจริงที่อุบลฯ หรือนัดหมา,รับซื้อ MacBook ในอุบลราชธานี เช็กราคาและวางแผนส่งมอบ,Answer|BreadcrumbList|ContactPoint|Country|FAQPage|GeoCoordinates|ImageObject|ListItem|LocalBusiness|Offer|OpeningHoursSpecification|Organization|PostalAddress|ProfessionalService|Question|Service|WebPage|WebSite,238,48,43,4,OK
/รับซื้อ/รับซื้อ-macbook-เลย,service-x-location,dist/client/รับซื้อ/รับซื้อ-macbook-เลย/index.html,yes,200,yes,/รับซื้อ/รับซื้อ-macbook-เลย,yes,รับซื้อ MacBook เลย เช็กราคาก่อนส่ง | Amphon.co.th,แนวทางขาย MacBook จากเลยและพื้นที่ภูเขา เน้นการเปลี่ยนอุณหภูมิ ความชื้น และการแพ็กระยะไกลก่อนส่งตรวจ,รับซื้อ MacBook ในเลย เช็กราคาและวางแผนส่งมอบ,Answer|BreadcrumbList|ContactPoint|Country|FAQPage|GeoCoordinates|ImageObject|ListItem|LocalBusiness|Offer|OpeningHoursSpecification|Organization|PostalAddress|ProfessionalService|Question|Service|WebPage|WebSite,203,47,43,4,OK
/รับซื้อ/รับซื้อ-marshall-กาฬสินธุ์,service-x-location,dist/client/รับซื้อ/รับซื้อ-marshall-กาฬสินธุ์/index.html,yes,200,yes,/รับซื้อ/รับซื้อ-marshall-กาฬสินธุ์,yes,รับซื้อ Marshall กาฬสินธุ์ ประเมินราคาเบื้องต้น | Amphon.co.th,รับซื้อ Marshall ในกาฬสินธุ์ ประเมินราคาฟรี ส่งรูปเช็กราคาได้ ชำระเงินหลังตรวจสอบสินค้าและตกลงราคาเรียบร้อยแล้ว ติดต่อ L,รับซื้อ Marshall กาฬสินธุ์ ประเมินราคาเบื้องต้น,Answer|BreadcrumbList|ContactPoint|Country|FAQPage|GeoCoordinates|ImageObject|ListItem|LocalBusiness|Offer|OpeningHoursSpecification|Organization|PostalAddress|ProfessionalService|Question|Service|WebPage|WebSite,304,2,44,4,OK
/รับซื้อ/รับซื้อ-marshall-ขอนแก่น,service-x-location,dist/client/รับซื้อ/รับซื้อ-marshall-ขอนแก่น/index.html,yes,200,yes,/รับซื้อ/รับซื้อ-marshall-ขอนแก่น,yes,รับซื้อ Marshall ขอนแก่น ประเมินราคาเบื้องต้น | Amphon.co.th,รับซื้อ Marshall ในขอนแก่น ประเมินราคาฟรี ส่งรูปเช็กราคาได้ ชำระเงินหลังตรวจสอบสินค้าและตกลงราคาเรียบร้อยแล้ว ติดต่อ Lin,รับซื้อ Marshall ขอนแก่น ประเมินราคาเบื้องต้น,Answer|BreadcrumbList|ContactPoint|Country|FAQPage|GeoCoordinates|ImageObject|ListItem|LocalBusiness|Offer|OpeningHoursSpecification|Organization|PostalAddress|ProfessionalService|Question|Service|WebPage|WebSite,315,2,44,4,OK
/รับซื้อ/รับซื้อ-marshall-ชัยภูมิ,service-x-location,dist/client/รับซื้อ/รับซื้อ-marshall-ชัยภูมิ/index.html,yes,200,yes,/รับซื้อ/รับซื้อ-marshall-ชัยภูมิ,yes,รับซื้อ Marshall ชัยภูมิ ประเมินราคาเบื้องต้น | Amphon.co.th,รับซื้อ Marshall ในชัยภูมิ ประเมินราคาฟรี ส่งรูปเช็กราคาได้ ชำระเงินหลังตรวจสอบสินค้าและตกลงราคาเรียบร้อยแล้ว ติดต่อ Lin,รับซื้อ Marshall ชัยภูมิ ประเมินราคาเบื้องต้น,Answer|BreadcrumbList|ContactPoint|Country|FAQPage|GeoCoordinates|ImageObject|ListItem|LocalBusiness|Offer|OpeningHoursSpecification|Organization|PostalAddress|ProfessionalService|Question|Service|WebPage|WebSite,303,2,44,4,OK
/รับซื้อ/รับซื้อ-marshall-นครพนม,service-x-location,dist/client/รับซื้อ/รับซื้อ-marshall-นครพนม/index.html,yes,200,yes,/รับซื้อ/รับซื้อ-marshall-นครพนม,yes,รับซื้อ Marshall นครพนม ประเมินราคาเบื้องต้น | Amphon.co.th,รับซื้อ Marshall ในนครพนม ประเมินราคาฟรี ส่งรูปเช็กราคาได้ ชำระเงินหลังตรวจสอบสินค้าและตกลงราคาเรียบร้อยแล้ว ติดต่อ Line,รับซื้อ Marshall นครพนม ประเมินราคาเบื้องต้น,Answer|BreadcrumbList|ContactPoint|Country|FAQPage|GeoCoordinates|ImageObject|ListItem|LocalBusiness|Offer|OpeningHoursSpecification|Organization|PostalAddress|ProfessionalService|Question|Service|WebPage|WebSite,300,2,44,4,OK
/รับซื้อ/รับซื้อ-marshall-นครราชสีมา,service-x-location,dist/client/รับซื้อ/รับซื้อ-marshall-นครราชสีมา/index.html,yes,200,yes,/รับซื้อ/รับซื้อ-marshall-นครราชสีมา,yes,รับซื้อ Marshall นครราชสีมา ประเมินราคาเบื้องต้น | Amphon.co.th,รับซื้อ Marshall ในนครราชสีมา ประเมินราคาฟรี ส่งรูปเช็กราคาได้ ชำระเงินหลังตรวจสอบสินค้าและตกลงราคาเรียบร้อยแล้ว ติดต่อ ,รับซื้อ Marshall นครราชสีมา ประเมินราคาเบื้องต้น,Answer|BreadcrumbList|ContactPoint|Country|FAQPage|GeoCoordinates|ImageObject|ListItem|LocalBusiness|Offer|OpeningHoursSpecification|Organization|PostalAddress|ProfessionalService|Question|Service|WebPage|WebSite,322,2,44,4,OK
/รับซื้อ/รับซื้อ-marshall-บึงกาฬ,service-x-location,dist/client/รับซื้อ/รับซื้อ-marshall-บึงกาฬ/index.html,yes,200,yes,/รับซื้อ/รับซื้อ-marshall-บึงกาฬ,yes,รับซื้อ Marshall บึงกาฬ ประเมินราคาเบื้องต้น | Amphon.co.th,รับซื้อ Marshall ในบึงกาฬ ประเมินราคาฟรี ส่งรูปเช็กราคาได้ ชำระเงินหลังตรวจสอบสินค้าและตกลงราคาเรียบร้อยแล้ว ติดต่อ Line,รับซื้อ Marshall บึงกาฬ ประเมินราคาเบื้องต้น,Answer|BreadcrumbList|ContactPoint|Country|FAQPage|GeoCoordinates|ImageObject|ListItem|LocalBusiness|Offer|OpeningHoursSpecification|Organization|PostalAddress|ProfessionalService|Question|Service|WebPage|WebSite,292,2,44,4,OK
/รับซื้อ/รับซื้อ-marshall-บุรีรัมย์,service-x-location,dist/client/รับซื้อ/รับซื้อ-marshall-บุรีรัมย์/index.html,yes,200,yes,/รับซื้อ/รับซื้อ-marshall-บุรีรัมย์,yes,รับซื้อ Marshall บุรีรัมย์ ประเมินราคาเบื้องต้น | Amphon.co.th,รับซื้อ Marshall ในบุรีรัมย์ ประเมินราคาฟรี ส่งรูปเช็กราคาได้ ชำระเงินหลังตรวจสอบสินค้าและตกลงราคาเรียบร้อยแล้ว ติดต่อ L,รับซื้อ Marshall บุรีรัมย์ ประเมินราคาเบื้องต้น,Answer|BreadcrumbList|ContactPoint|Country|FAQPage|GeoCoordinates|ImageObject|ListItem|LocalBusiness|Offer|OpeningHoursSpecification|Organization|PostalAddress|ProfessionalService|Question|Service|WebPage|WebSite,296,2,44,4,OK
/รับซื้อ/รับซื้อ-marshall-มหาสารคาม,service-x-location,dist/client/รับซื้อ/รับซื้อ-marshall-มหาสารคาม/index.html,yes,200,yes,/รับซื้อ/รับซื้อ-marshall-มหาสารคาม,yes,รับซื้อ Marshall มหาสารคาม ประเมินราคาเบื้องต้น | Amphon.co.th,รับซื้อ Marshall ในมหาสารคาม ประเมินราคาฟรี ส่งรูปเช็กราคาได้ ชำระเงินหลังตรวจสอบสินค้าและตกลงราคาเรียบร้อยแล้ว ติดต่อ L,รับซื้อ Marshall มหาสารคาม ประเมินราคาเบื้องต้น,Answer|BreadcrumbList|ContactPoint|Country|FAQPage|GeoCoordinates|ImageObject|ListItem|LocalBusiness|Offer|OpeningHoursSpecification|Organization|PostalAddress|ProfessionalService|Question|Service|WebPage|WebSite,296,2,44,4,OK
/รับซื้อ/รับซื้อ-marshall-มุกดาหาร,service-x-location,dist/client/รับซื้อ/รับซื้อ-marshall-มุกดาหาร/index.html,yes,200,yes,/รับซื้อ/รับซื้อ-marshall-มุกดาหาร,yes,รับซื้อ Marshall มุกดาหาร ประเมินราคาเบื้องต้น | Amphon.co.th,รับซื้อ Marshall ในมุกดาหาร ประเมินราคาฟรี ส่งรูปเช็กราคาได้ ชำระเงินหลังตรวจสอบสินค้าและตกลงราคาเรียบร้อยแล้ว ติดต่อ Li,รับซื้อ Marshall มุกดาหาร ประเมินราคาเบื้องต้น,Answer|BreadcrumbList|ContactPoint|Country|FAQPage|GeoCoordinates|ImageObject|ListItem|LocalBusiness|Offer|OpeningHoursSpecification|Organization|PostalAddress|ProfessionalService|Question|Service|WebPage|WebSite,289,2,44,4,OK
/รับซื้อ/รับซื้อ-marshall-ยโสธร,service-x-location,dist/client/รับซื้อ/รับซื้อ-marshall-ยโสธร/index.html,yes,200,yes,/รับซื้อ/รับซื้อ-marshall-ยโสธร,yes,รับซื้อ Marshall ยโสธร ประเมินราคาเบื้องต้น | Amphon.co.th,รับซื้อ Marshall ในยโสธร ประเมินราคาฟรี ส่งรูปเช็กราคาได้ ชำระเงินหลังตรวจสอบสินค้าและตกลงราคาเรียบร้อยแล้ว ติดต่อ Line ,รับซื้อ Marshall ยโสธร ประเมินราคาเบื้องต้น,Answer|BreadcrumbList|ContactPoint|Country|FAQPage|GeoCoordinates|ImageObject|ListItem|LocalBusiness|Offer|OpeningHoursSpecification|Organization|PostalAddress|ProfessionalService|Question|Service|WebPage|WebSite,293,2,44,4,OK
/รับซื้อ/รับซื้อ-marshall-ร้อยเอ็ด,service-x-location,dist/client/รับซื้อ/รับซื้อ-marshall-ร้อยเอ็ด/index.html,yes,200,yes,/รับซื้อ/รับซื้อ-marshall-ร้อยเอ็ด,yes,รับซื้อ Marshall ร้อยเอ็ด ประเมินราคาเบื้องต้น | Amphon.co.th,รับซื้อ Marshall ในร้อยเอ็ด ประเมินราคาฟรี ส่งรูปเช็กราคาได้ ชำระเงินหลังตรวจสอบสินค้าและตกลงราคาเรียบร้อยแล้ว ติดต่อ Li,รับซื้อ Marshall ร้อยเอ็ด ประเมินราคาเบื้องต้น,Answer|BreadcrumbList|ContactPoint|Country|FAQPage|GeoCoordinates|ImageObject|ListItem|LocalBusiness|Offer|OpeningHoursSpecification|Organization|PostalAddress|ProfessionalService|Question|Service|WebPage|WebSite,307,2,44,4,OK
/รับซื้อ/รับซื้อ-marshall-ศรีสะเกษ,service-x-location,dist/client/รับซื้อ/รับซื้อ-marshall-ศรีสะเกษ/index.html,yes,200,yes,/รับซื้อ/รับซื้อ-marshall-ศรีสะเกษ,yes,รับซื้อ Marshall ศรีสะเกษ ประเมินราคาเบื้องต้น | Amphon.co.th,รับซื้อ Marshall ในศรีสะเกษ ประเมินราคาฟรี ส่งรูปเช็กราคาได้ ชำระเงินหลังตรวจสอบสินค้าและตกลงราคาเรียบร้อยแล้ว ติดต่อ Li,รับซื้อ Marshall ศรีสะเกษ ประเมินราคาเบื้องต้น,Answer|BreadcrumbList|ContactPoint|Country|FAQPage|GeoCoordinates|ImageObject|ListItem|LocalBusiness|Offer|OpeningHoursSpecification|Organization|PostalAddress|ProfessionalService|Question|Service|WebPage|WebSite,294,2,44,4,OK
/รับซื้อ/รับซื้อ-marshall-สกลนคร,service-x-location,dist/client/รับซื้อ/รับซื้อ-marshall-สกลนคร/index.html,yes,200,yes,/รับซื้อ/รับซื้อ-marshall-สกลนคร,yes,รับซื้อ Marshall สกลนคร ประเมินราคาเบื้องต้น | Amphon.co.th,รับซื้อ Marshall ในสกลนคร ประเมินราคาฟรี ส่งรูปเช็กราคาได้ ชำระเงินหลังตรวจสอบสินค้าและตกลงราคาเรียบร้อยแล้ว ติดต่อ Line,รับซื้อ Marshall สกลนคร ประเมินราคาเบื้องต้น,Answer|BreadcrumbList|ContactPoint|Country|FAQPage|GeoCoordinates|ImageObject|ListItem|LocalBusiness|Offer|OpeningHoursSpecification|Organization|PostalAddress|ProfessionalService|Question|Service|WebPage|WebSite,308,2,44,4,OK
/รับซื้อ/รับซื้อ-marshall-สุรินทร์,service-x-location,dist/client/รับซื้อ/รับซื้อ-marshall-สุรินทร์/index.html,yes,200,yes,/รับซื้อ/รับซื้อ-marshall-สุรินทร์,yes,รับซื้อ Marshall สุรินทร์ ประเมินราคาเบื้องต้น | Amphon.co.th,รับซื้อ Marshall ในสุรินทร์ ประเมินราคาฟรี ส่งรูปเช็กราคาได้ ชำระเงินหลังตรวจสอบสินค้าและตกลงราคาเรียบร้อยแล้ว ติดต่อ Li,รับซื้อ Marshall สุรินทร์ ประเมินราคาเบื้องต้น,Answer|BreadcrumbList|ContactPoint|Country|FAQPage|GeoCoordinates|ImageObject|ListItem|LocalBusiness|Offer|OpeningHoursSpecification|Organization|PostalAddress|ProfessionalService|Question|Service|WebPage|WebSite,293,2,44,4,OK
/รับซื้อ/รับซื้อ-marshall-หนองคาย,service-x-location,dist/client/รับซื้อ/รับซื้อ-marshall-หนองคาย/index.html,yes,200,yes,/รับซื้อ/รับซื้อ-marshall-หนองคาย,yes,รับซื้อ Marshall หนองคาย ประเมินราคาเบื้องต้น | Amphon.co.th,รับซื้อ Marshall ในหนองคาย ประเมินราคาฟรี ส่งรูปเช็กราคาได้ ชำระเงินหลังตรวจสอบสินค้าและตกลงราคาเรียบร้อยแล้ว ติดต่อ Lin,รับซื้อ Marshall หนองคาย ประเมินราคาเบื้องต้น,Answer|BreadcrumbList|ContactPoint|Country|FAQPage|GeoCoordinates|ImageObject|ListItem|LocalBusiness|Offer|OpeningHoursSpecification|Organization|PostalAddress|ProfessionalService|Question|Service|WebPage|WebSite,293,2,44,4,OK
/รับซื้อ/รับซื้อ-marshall-หนองบัวลำภู,service-x-location,dist/client/รับซื้อ/รับซื้อ-marshall-หนองบัวลำภู/index.html,yes,200,yes,/รับซื้อ/รับซื้อ-marshall-หนองบัวลำภู,yes,รับซื้อ Marshall หนองบัวลำภู ประเมินราคาเบื้องต้น | Amphon.co.th,รับซื้อ Marshall ในหนองบัวลำภู ประเมินราคาฟรี ส่งรูปเช็กราคาได้ ชำระเงินหลังตรวจสอบสินค้าและตกลงราคาเรียบร้อยแล้ว ติดต่อ,รับซื้อ Marshall หนองบัวลำภู ประเมินราคาเบื้องต้น,Answer|BreadcrumbList|ContactPoint|Country|FAQPage|GeoCoordinates|ImageObject|ListItem|LocalBusiness|Offer|OpeningHoursSpecification|Organization|PostalAddress|ProfessionalService|Question|Service|WebPage|WebSite,285,2,44,4,OK
/รับซื้อ/รับซื้อ-marshall-อำนาจเจริญ,service-x-location,dist/client/รับซื้อ/รับซื้อ-marshall-อำนาจเจริญ/index.html,yes,200,yes,/รับซื้อ/รับซื้อ-marshall-อำนาจเจริญ,yes,รับซื้อ Marshall อำนาจเจริญ ประเมินราคาเบื้องต้น | Amphon.co.th,รับซื้อ Marshall ในอำนาจเจริญ ประเมินราคาฟรี ส่งรูปเช็กราคาได้ ชำระเงินหลังตรวจสอบสินค้าและตกลงราคาเรียบร้อยแล้ว ติดต่อ ,รับซื้อ Marshall อำนาจเจริญ ประเมินราคาเบื้องต้น,Answer|BreadcrumbList|ContactPoint|Country|FAQPage|GeoCoordinates|ImageObject|ListItem|LocalBusiness|Offer|OpeningHoursSpecification|Organization|PostalAddress|ProfessionalService|Question|Service|WebPage|WebSite,288,2,44,4,OK
/รับซื้อ/รับซื้อ-marshall-อุดรธานี,service-x-location,dist/client/รับซื้อ/รับซื้อ-marshall-อุดรธานี/index.html,yes,200,yes,/รับซื้อ/รับซื้อ-marshall-อุดรธานี,yes,รับซื้อ Marshall อุดรธานี ประเมินราคาเบื้องต้น | Amphon.co.th,รับซื้อ Marshall ในอุดรธานี ประเมินราคาฟรี ส่งรูปเช็กราคาได้ ชำระเงินหลังตรวจสอบสินค้าและตกลงราคาเรียบร้อยแล้ว ติดต่อ Li,รับซื้อ Marshall อุดรธานี ประเมินราคาเบื้องต้น,Answer|BreadcrumbList|ContactPoint|Country|FAQPage|GeoCoordinates|ImageObject|ListItem|LocalBusiness|Offer|OpeningHoursSpecification|Organization|PostalAddress|ProfessionalService|Question|Service|WebPage|WebSite,295,2,44,4,OK
/รับซื้อ/รับซื้อ-marshall-อุบลราชธานี,service-x-location,dist/client/รับซื้อ/รับซื้อ-marshall-อุบลราชธานี/index.html,yes,200,yes,/รับซื้อ/รับซื้อ-marshall-อุบลราชธานี,yes,รับซื้อ Marshall อุบลราชธานี ประเมินราคาเบื้องต้น | Amphon.co.th,รับซื้อ Marshall ในอุบลราชธานี ประเมินราคาฟรี ส่งรูปเช็กราคาได้ ชำระเงินหลังตรวจสอบสินค้าและตกลงราคาเรียบร้อยแล้ว ติดต่อ,รับซื้อ Marshall อุบลราชธานี ประเมินราคาเบื้องต้น,Answer|BreadcrumbList|ContactPoint|Country|FAQPage|GeoCoordinates|ImageObject|ListItem|LocalBusiness|Offer|OpeningHoursSpecification|Organization|PostalAddress|ProfessionalService|Question|Service|WebPage|WebSite,289,2,44,4,OK
/รับซื้อ/รับซื้อ-marshall-เลย,service-x-location,dist/client/รับซื้อ/รับซื้อ-marshall-เลย/index.html,yes,200,yes,/รับซื้อ/รับซื้อ-marshall-เลย,yes,รับซื้อ Marshall เลย ประเมินราคาเบื้องต้น | Amphon.co.th,รับซื้อ Marshall ในเลย ประเมินราคาฟรี ส่งรูปเช็กราคาได้ ชำระเงินหลังตรวจสอบสินค้าและตกลงราคาเรียบร้อยแล้ว ติดต่อ Line @w,รับซื้อ Marshall เลย ประเมินราคาเบื้องต้น,Answer|BreadcrumbList|ContactPoint|Country|FAQPage|GeoCoordinates|ImageObject|ListItem|LocalBusiness|Offer|OpeningHoursSpecification|Organization|PostalAddress|ProfessionalService|Question|Service|WebPage|WebSite,301,2,44,4,OK
/รับซื้อ/รับซื้อ-nintendo-switch-กาฬสินธุ์,service-x-location,dist/client/รับซื้อ/รับซื้อ-nintendo-switch-กาฬสินธุ์/index.html,yes,200,yes,/รับซื้อ/รับซื้อ-nintendo-switch-กาฬสินธุ์,yes,รับซื้อ Nintendo Switch กาฬสินธุ์ ประเมินราคาเบื้องต้น | Amphon.co.th,รับซื้อ Nintendo Switch ในกาฬสินธุ์ ประเมินราคาฟรี ส่งรูปเช็กราคาได้ ชำระเงินหลังตรวจสอบสินค้าและตกลงราคาเรียบร้อยแล้ว ต,รับซื้อ Nintendo Switch กาฬสินธุ์ ประเมินราคาเบื้องต้น,Answer|BreadcrumbList|ContactPoint|Country|FAQPage|GeoCoordinates|ImageObject|ListItem|LocalBusiness|Offer|OpeningHoursSpecification|Organization|PostalAddress|ProfessionalService|Question|Service|WebPage|WebSite,322,2,44,4,OK
/รับซื้อ/รับซื้อ-nintendo-switch-ขอนแก่น,service-x-location,dist/client/รับซื้อ/รับซื้อ-nintendo-switch-ขอนแก่น/index.html,yes,200,yes,/รับซื้อ/รับซื้อ-nintendo-switch-ขอนแก่น,yes,รับซื้อ Nintendo Switch ขอนแก่น ประเมินราคาเบื้องต้น | Amphon.co.th,รับซื้อ Nintendo Switch ในขอนแก่น ประเมินราคาฟรี ส่งรูปเช็กราคาได้ ชำระเงินหลังตรวจสอบสินค้าและตกลงราคาเรียบร้อยแล้ว ติด,รับซื้อ Nintendo Switch ขอนแก่น ประเมินราคาเบื้องต้น,Answer|BreadcrumbList|ContactPoint|Country|FAQPage|GeoCoordinates|ImageObject|ListItem|LocalBusiness|Offer|OpeningHoursSpecification|Organization|PostalAddress|ProfessionalService|Question|Service|WebPage|WebSite,333,2,44,4,OK
/รับซื้อ/รับซื้อ-nintendo-switch-ชัยภูมิ,service-x-location,dist/client/รับซื้อ/รับซื้อ-nintendo-switch-ชัยภูมิ/index.html,yes,200,yes,/รับซื้อ/รับซื้อ-nintendo-switch-ชัยภูมิ,yes,รับซื้อ Nintendo Switch ชัยภูมิ ประเมินราคาเบื้องต้น | Amphon.co.th,รับซื้อ Nintendo Switch ในชัยภูมิ ประเมินราคาฟรี ส่งรูปเช็กราคาได้ ชำระเงินหลังตรวจสอบสินค้าและตกลงราคาเรียบร้อยแล้ว ติด,รับซื้อ Nintendo Switch ชัยภูมิ ประเมินราคาเบื้องต้น,Answer|BreadcrumbList|ContactPoint|Country|FAQPage|GeoCoordinates|ImageObject|ListItem|LocalBusiness|Offer|OpeningHoursSpecification|Organization|PostalAddress|ProfessionalService|Question|Service|WebPage|WebSite,321,2,44,4,OK
/รับซื้อ/รับซื้อ-nintendo-switch-นครพนม,service-x-location,dist/client/รับซื้อ/รับซื้อ-nintendo-switch-นครพนม/index.html,yes,200,yes,/รับซื้อ/รับซื้อ-nintendo-switch-นครพนม,yes,รับซื้อ Nintendo Switch นครพนม ประเมินราคาเบื้องต้น | Amphon.co.th,รับซื้อ Nintendo Switch ในนครพนม ประเมินราคาฟรี ส่งรูปเช็กราคาได้ ชำระเงินหลังตรวจสอบสินค้าและตกลงราคาเรียบร้อยแล้ว ติดต,รับซื้อ Nintendo Switch นครพนม ประเมินราคาเบื้องต้น,Answer|BreadcrumbList|ContactPoint|Country|FAQPage|GeoCoordinates|ImageObject|ListItem|LocalBusiness|Offer|OpeningHoursSpecification|Organization|PostalAddress|ProfessionalService|Question|Service|WebPage|WebSite,318,2,44,4,OK
/รับซื้อ/รับซื้อ-nintendo-switch-นครราชสีมา,service-x-location,dist/client/รับซื้อ/รับซื้อ-nintendo-switch-นครราชสีมา/index.html,yes,200,yes,/รับซื้อ/รับซื้อ-nintendo-switch-นครราชสีมา,yes,รับซื้อ Nintendo Switch นครราชสีมา ประเมินราคาเบื้องต้น | Amphon.co.th,รับซื้อ Nintendo Switch ในนครราชสีมา ประเมินราคาฟรี ส่งรูปเช็กราคาได้ ชำระเงินหลังตรวจสอบสินค้าและตกลงราคาเรียบร้อยแล้ว ,รับซื้อ Nintendo Switch นครราชสีมา ประเมินราคาเบื้องต้น,Answer|BreadcrumbList|ContactPoint|Country|FAQPage|GeoCoordinates|ImageObject|ListItem|LocalBusiness|Offer|OpeningHoursSpecification|Organization|PostalAddress|ProfessionalService|Question|Service|WebPage|WebSite,340,2,44,4,OK
/รับซื้อ/รับซื้อ-nintendo-switch-บึงกาฬ,service-x-location,dist/client/รับซื้อ/รับซื้อ-nintendo-switch-บึงกาฬ/index.html,yes,200,yes,/รับซื้อ/รับซื้อ-nintendo-switch-บึงกาฬ,yes,รับซื้อ Nintendo Switch บึงกาฬ ประเมินราคาเบื้องต้น | Amphon.co.th,รับซื้อ Nintendo Switch ในบึงกาฬ ประเมินราคาฟรี ส่งรูปเช็กราคาได้ ชำระเงินหลังตรวจสอบสินค้าและตกลงราคาเรียบร้อยแล้ว ติดต,รับซื้อ Nintendo Switch บึงกาฬ ประเมินราคาเบื้องต้น,Answer|BreadcrumbList|ContactPoint|Country|FAQPage|GeoCoordinates|ImageObject|ListItem|LocalBusiness|Offer|OpeningHoursSpecification|Organization|PostalAddress|ProfessionalService|Question|Service|WebPage|WebSite,310,2,44,4,OK
/รับซื้อ/รับซื้อ-nintendo-switch-บุรีรัมย์,service-x-location,dist/client/รับซื้อ/รับซื้อ-nintendo-switch-บุรีรัมย์/index.html,yes,200,yes,/รับซื้อ/รับซื้อ-nintendo-switch-บุรีรัมย์,yes,รับซื้อ Nintendo Switch บุรีรัมย์ ประเมินราคาเบื้องต้น | Amphon.co.th,รับซื้อ Nintendo Switch ในบุรีรัมย์ ประเมินราคาฟรี ส่งรูปเช็กราคาได้ ชำระเงินหลังตรวจสอบสินค้าและตกลงราคาเรียบร้อยแล้ว ต,รับซื้อ Nintendo Switch บุรีรัมย์ ประเมินราคาเบื้องต้น,Answer|BreadcrumbList|ContactPoint|Country|FAQPage|GeoCoordinates|ImageObject|ListItem|LocalBusiness|Offer|OpeningHoursSpecification|Organization|PostalAddress|ProfessionalService|Question|Service|WebPage|WebSite,314,2,44,4,OK
/รับซื้อ/รับซื้อ-nintendo-switch-มหาสารคาม,service-x-location,dist/client/รับซื้อ/รับซื้อ-nintendo-switch-มหาสารคาม/index.html,yes,200,yes,/รับซื้อ/รับซื้อ-nintendo-switch-มหาสารคาม,yes,รับซื้อ Nintendo Switch มหาสารคาม ประเมินราคาเบื้องต้น | Amphon.co.th,รับซื้อ Nintendo Switch ในมหาสารคาม ประเมินราคาฟรี ส่งรูปเช็กราคาได้ ชำระเงินหลังตรวจสอบสินค้าและตกลงราคาเรียบร้อยแล้ว ต,รับซื้อ Nintendo Switch มหาสารคาม ประเมินราคาเบื้องต้น,Answer|BreadcrumbList|ContactPoint|Country|FAQPage|GeoCoordinates|ImageObject|ListItem|LocalBusiness|Offer|OpeningHoursSpecification|Organization|PostalAddress|ProfessionalService|Question|Service|WebPage|WebSite,314,2,44,4,OK
/รับซื้อ/รับซื้อ-nintendo-switch-มุกดาหาร,service-x-location,dist/client/รับซื้อ/รับซื้อ-nintendo-switch-มุกดาหาร/index.html,yes,200,yes,/รับซื้อ/รับซื้อ-nintendo-switch-มุกดาหาร,yes,รับซื้อ Nintendo Switch มุกดาหาร ประเมินราคาเบื้องต้น | Amphon.co.th,รับซื้อ Nintendo Switch ในมุกดาหาร ประเมินราคาฟรี ส่งรูปเช็กราคาได้ ชำระเงินหลังตรวจสอบสินค้าและตกลงราคาเรียบร้อยแล้ว ติ,รับซื้อ Nintendo Switch มุกดาหาร ประเมินราคาเบื้องต้น,Answer|BreadcrumbList|ContactPoint|Country|FAQPage|GeoCoordinates|ImageObject|ListItem|LocalBusiness|Offer|OpeningHoursSpecification|Organization|PostalAddress|ProfessionalService|Question|Service|WebPage|WebSite,307,2,44,4,OK
/รับซื้อ/รับซื้อ-nintendo-switch-ยโสธร,service-x-location,dist/client/รับซื้อ/รับซื้อ-nintendo-switch-ยโสธร/index.html,yes,200,yes,/รับซื้อ/รับซื้อ-nintendo-switch-ยโสธร,yes,รับซื้อ Nintendo Switch ยโสธร ประเมินราคาเบื้องต้น | Amphon.co.th,รับซื้อ Nintendo Switch ในยโสธร ประเมินราคาฟรี ส่งรูปเช็กราคาได้ ชำระเงินหลังตรวจสอบสินค้าและตกลงราคาเรียบร้อยแล้ว ติดต่,รับซื้อ Nintendo Switch ยโสธร ประเมินราคาเบื้องต้น,Answer|BreadcrumbList|ContactPoint|Country|FAQPage|GeoCoordinates|ImageObject|ListItem|LocalBusiness|Offer|OpeningHoursSpecification|Organization|PostalAddress|ProfessionalService|Question|Service|WebPage|WebSite,311,2,44,4,OK
/รับซื้อ/รับซื้อ-nintendo-switch-ร้อยเอ็ด,service-x-location,dist/client/รับซื้อ/รับซื้อ-nintendo-switch-ร้อยเอ็ด/index.html,yes,200,yes,/รับซื้อ/รับซื้อ-nintendo-switch-ร้อยเอ็ด,yes,รับซื้อ Nintendo Switch ร้อยเอ็ด ประเมินราคาเบื้องต้น | Amphon.co.th,รับซื้อ Nintendo Switch ในร้อยเอ็ด ประเมินราคาฟรี ส่งรูปเช็กราคาได้ ชำระเงินหลังตรวจสอบสินค้าและตกลงราคาเรียบร้อยแล้ว ติ,รับซื้อ Nintendo Switch ร้อยเอ็ด ประเมินราคาเบื้องต้น,Answer|BreadcrumbList|ContactPoint|Country|FAQPage|GeoCoordinates|ImageObject|ListItem|LocalBusiness|Offer|OpeningHoursSpecification|Organization|PostalAddress|ProfessionalService|Question|Service|WebPage|WebSite,325,2,44,4,OK
/รับซื้อ/รับซื้อ-nintendo-switch-ศรีสะเกษ,service-x-location,dist/client/รับซื้อ/รับซื้อ-nintendo-switch-ศรีสะเกษ/index.html,yes,200,yes,/รับซื้อ/รับซื้อ-nintendo-switch-ศรีสะเกษ,yes,รับซื้อ Nintendo Switch ศรีสะเกษ ประเมินราคาเบื้องต้น | Amphon.co.th,รับซื้อ Nintendo Switch ในศรีสะเกษ ประเมินราคาฟรี ส่งรูปเช็กราคาได้ ชำระเงินหลังตรวจสอบสินค้าและตกลงราคาเรียบร้อยแล้ว ติ,รับซื้อ Nintendo Switch ศรีสะเกษ ประเมินราคาเบื้องต้น,Answer|BreadcrumbList|ContactPoint|Country|FAQPage|GeoCoordinates|ImageObject|ListItem|LocalBusiness|Offer|OpeningHoursSpecification|Organization|PostalAddress|ProfessionalService|Question|Service|WebPage|WebSite,312,2,44,4,OK
/รับซื้อ/รับซื้อ-nintendo-switch-สกลนคร,service-x-location,dist/client/รับซื้อ/รับซื้อ-nintendo-switch-สกลนคร/index.html,yes,200,yes,/รับซื้อ/รับซื้อ-nintendo-switch-สกลนคร,yes,รับซื้อ Nintendo Switch สกลนคร ประเมินราคาเบื้องต้น | Amphon.co.th,รับซื้อ Nintendo Switch ในสกลนคร ประเมินราคาฟรี ส่งรูปเช็กราคาได้ ชำระเงินหลังตรวจสอบสินค้าและตกลงราคาเรียบร้อยแล้ว ติดต,รับซื้อ Nintendo Switch สกลนคร ประเมินราคาเบื้องต้น,Answer|BreadcrumbList|ContactPoint|Country|FAQPage|GeoCoordinates|ImageObject|ListItem|LocalBusiness|Offer|OpeningHoursSpecification|Organization|PostalAddress|ProfessionalService|Question|Service|WebPage|WebSite,326,2,44,4,OK
/รับซื้อ/รับซื้อ-nintendo-switch-สุรินทร์,service-x-location,dist/client/รับซื้อ/รับซื้อ-nintendo-switch-สุรินทร์/index.html,yes,200,yes,/รับซื้อ/รับซื้อ-nintendo-switch-สุรินทร์,yes,รับซื้อ Nintendo Switch สุรินทร์ ประเมินราคาเบื้องต้น | Amphon.co.th,รับซื้อ Nintendo Switch ในสุรินทร์ ประเมินราคาฟรี ส่งรูปเช็กราคาได้ ชำระเงินหลังตรวจสอบสินค้าและตกลงราคาเรียบร้อยแล้ว ติ,รับซื้อ Nintendo Switch สุรินทร์ ประเมินราคาเบื้องต้น,Answer|BreadcrumbList|ContactPoint|Country|FAQPage|GeoCoordinates|ImageObject|ListItem|LocalBusiness|Offer|OpeningHoursSpecification|Organization|PostalAddress|ProfessionalService|Question|Service|WebPage|WebSite,311,2,44,4,OK
/รับซื้อ/รับซื้อ-nintendo-switch-หนองคาย,service-x-location,dist/client/รับซื้อ/รับซื้อ-nintendo-switch-หนองคาย/index.html,yes,200,yes,/รับซื้อ/รับซื้อ-nintendo-switch-หนองคาย,yes,รับซื้อ Nintendo Switch หนองคาย ประเมินราคาเบื้องต้น | Amphon.co.th,รับซื้อ Nintendo Switch ในหนองคาย ประเมินราคาฟรี ส่งรูปเช็กราคาได้ ชำระเงินหลังตรวจสอบสินค้าและตกลงราคาเรียบร้อยแล้ว ติด,รับซื้อ Nintendo Switch หนองคาย ประเมินราคาเบื้องต้น,Answer|BreadcrumbList|ContactPoint|Country|FAQPage|GeoCoordinates|ImageObject|ListItem|LocalBusiness|Offer|OpeningHoursSpecification|Organization|PostalAddress|ProfessionalService|Question|Service|WebPage|WebSite,311,2,44,4,OK
/รับซื้อ/รับซื้อ-nintendo-switch-หนองบัวลำภู,service-x-location,dist/client/รับซื้อ/รับซื้อ-nintendo-switch-หนองบัวลำภู/index.html,yes,200,yes,/รับซื้อ/รับซื้อ-nintendo-switch-หนองบัวลำภู,yes,รับซื้อ Nintendo Switch หนองบัวลำภู ประเมินราคาเบื้องต้น | Amphon.co.th,รับซื้อ Nintendo Switch ในหนองบัวลำภู ประเมินราคาฟรี ส่งรูปเช็กราคาได้ ชำระเงินหลังตรวจสอบสินค้าและตกลงราคาเรียบร้อยแล้ว,รับซื้อ Nintendo Switch หนองบัวลำภู ประเมินราคาเบื้องต้น,Answer|BreadcrumbList|ContactPoint|Country|FAQPage|GeoCoordinates|ImageObject|ListItem|LocalBusiness|Offer|OpeningHoursSpecification|Organization|PostalAddress|ProfessionalService|Question|Service|WebPage|WebSite,303,2,44,4,OK
/รับซื้อ/รับซื้อ-nintendo-switch-อำนาจเจริญ,service-x-location,dist/client/รับซื้อ/รับซื้อ-nintendo-switch-อำนาจเจริญ/index.html,yes,200,yes,/รับซื้อ/รับซื้อ-nintendo-switch-อำนาจเจริญ,yes,รับซื้อ Nintendo Switch อำนาจเจริญ ประเมินราคาเบื้องต้น | Amphon.co.th,รับซื้อ Nintendo Switch ในอำนาจเจริญ ประเมินราคาฟรี ส่งรูปเช็กราคาได้ ชำระเงินหลังตรวจสอบสินค้าและตกลงราคาเรียบร้อยแล้ว ,รับซื้อ Nintendo Switch อำนาจเจริญ ประเมินราคาเบื้องต้น,Answer|BreadcrumbList|ContactPoint|Country|FAQPage|GeoCoordinates|ImageObject|ListItem|LocalBusiness|Offer|OpeningHoursSpecification|Organization|PostalAddress|ProfessionalService|Question|Service|WebPage|WebSite,306,2,44,4,OK
/รับซื้อ/รับซื้อ-nintendo-switch-อุดรธานี,service-x-location,dist/client/รับซื้อ/รับซื้อ-nintendo-switch-อุดรธานี/index.html,yes,200,yes,/รับซื้อ/รับซื้อ-nintendo-switch-อุดรธานี,yes,รับซื้อ Nintendo Switch อุดรธานี ประเมินราคาเบื้องต้น | Amphon.co.th,รับซื้อ Nintendo Switch ในอุดรธานี ประเมินราคาฟรี ส่งรูปเช็กราคาได้ ชำระเงินหลังตรวจสอบสินค้าและตกลงราคาเรียบร้อยแล้ว ติ,รับซื้อ Nintendo Switch อุดรธานี ประเมินราคาเบื้องต้น,Answer|BreadcrumbList|ContactPoint|Country|FAQPage|GeoCoordinates|ImageObject|ListItem|LocalBusiness|Offer|OpeningHoursSpecification|Organization|PostalAddress|ProfessionalService|Question|Service|WebPage|WebSite,313,2,44,4,OK
/รับซื้อ/รับซื้อ-nintendo-switch-อุบลราชธานี,service-x-location,dist/client/รับซื้อ/รับซื้อ-nintendo-switch-อุบลราชธานี/index.html,yes,200,yes,/รับซื้อ/รับซื้อ-nintendo-switch-อุบลราชธานี,yes,รับซื้อ Nintendo Switch อุบลราชธานี ประเมินราคาเบื้องต้น | Amphon.co.th,รับซื้อ Nintendo Switch ในอุบลราชธานี ประเมินราคาฟรี ส่งรูปเช็กราคาได้ ชำระเงินหลังตรวจสอบสินค้าและตกลงราคาเรียบร้อยแล้ว,รับซื้อ Nintendo Switch อุบลราชธานี ประเมินราคาเบื้องต้น,Answer|BreadcrumbList|ContactPoint|Country|FAQPage|GeoCoordinates|ImageObject|ListItem|LocalBusiness|Offer|OpeningHoursSpecification|Organization|PostalAddress|ProfessionalService|Question|Service|WebPage|WebSite,307,2,44,4,OK
/รับซื้อ/รับซื้อ-nintendo-switch-เลย,service-x-location,dist/client/รับซื้อ/รับซื้อ-nintendo-switch-เลย/index.html,yes,200,yes,/รับซื้อ/รับซื้อ-nintendo-switch-เลย,yes,รับซื้อ Nintendo Switch เลย ประเมินราคาเบื้องต้น | Amphon.co.th,รับซื้อ Nintendo Switch ในเลย ประเมินราคาฟรี ส่งรูปเช็กราคาได้ ชำระเงินหลังตรวจสอบสินค้าและตกลงราคาเรียบร้อยแล้ว ติดต่อ ,รับซื้อ Nintendo Switch เลย ประเมินราคาเบื้องต้น,Answer|BreadcrumbList|ContactPoint|Country|FAQPage|GeoCoordinates|ImageObject|ListItem|LocalBusiness|Offer|OpeningHoursSpecification|Organization|PostalAddress|ProfessionalService|Question|Service|WebPage|WebSite,319,2,44,4,OK
/รับซื้อ/รับซื้อ-playstation-กาฬสินธุ์,service-x-location,dist/client/รับซื้อ/รับซื้อ-playstation-กาฬสินธุ์/index.html,yes,200,yes,/รับซื้อ/รับซื้อ-playstation-กาฬสินธุ์,yes,รับซื้อ PlayStation กาฬสินธุ์ ประเมินราคาเบื้องต้น | Amphon.co.th,รับซื้อ PlayStation ในกาฬสินธุ์ ประเมินราคาฟรี ส่งรูปเช็กราคาได้ ชำระเงินหลังตรวจสอบสินค้าและตกลงราคาเรียบร้อยแล้ว ติดต่,รับซื้อ PlayStation กาฬสินธุ์ ประเมินราคาเบื้องต้น,Answer|BreadcrumbList|ContactPoint|Country|FAQPage|GeoCoordinates|ImageObject|ListItem|LocalBusiness|Offer|OpeningHoursSpecification|Organization|PostalAddress|ProfessionalService|Question|Service|WebPage|WebSite,306,2,44,4,OK
/รับซื้อ/รับซื้อ-playstation-ขอนแก่น,service-x-location,dist/client/รับซื้อ/รับซื้อ-playstation-ขอนแก่น/index.html,yes,200,yes,/รับซื้อ/รับซื้อ-playstation-ขอนแก่น,yes,รับซื้อ PlayStation ขอนแก่น ประเมินราคาเบื้องต้น | Amphon.co.th,รับซื้อ PlayStation ในขอนแก่น ประเมินราคาฟรี ส่งรูปเช็กราคาได้ ชำระเงินหลังตรวจสอบสินค้าและตกลงราคาเรียบร้อยแล้ว ติดต่อ ,รับซื้อ PlayStation ขอนแก่น ประเมินราคาเบื้องต้น,Answer|BreadcrumbList|ContactPoint|Country|FAQPage|GeoCoordinates|ImageObject|ListItem|LocalBusiness|Offer|OpeningHoursSpecification|Organization|PostalAddress|ProfessionalService|Question|Service|WebPage|WebSite,317,2,44,4,OK
/รับซื้อ/รับซื้อ-playstation-ชัยภูมิ,service-x-location,dist/client/รับซื้อ/รับซื้อ-playstation-ชัยภูมิ/index.html,yes,200,yes,/รับซื้อ/รับซื้อ-playstation-ชัยภูมิ,yes,รับซื้อ PlayStation ชัยภูมิ ประเมินราคาเบื้องต้น | Amphon.co.th,รับซื้อ PlayStation ในชัยภูมิ ประเมินราคาฟรี ส่งรูปเช็กราคาได้ ชำระเงินหลังตรวจสอบสินค้าและตกลงราคาเรียบร้อยแล้ว ติดต่อ ,รับซื้อ PlayStation ชัยภูมิ ประเมินราคาเบื้องต้น,Answer|BreadcrumbList|ContactPoint|Country|FAQPage|GeoCoordinates|ImageObject|ListItem|LocalBusiness|Offer|OpeningHoursSpecification|Organization|PostalAddress|ProfessionalService|Question|Service|WebPage|WebSite,305,2,44,4,OK
/รับซื้อ/รับซื้อ-playstation-นครพนม,service-x-location,dist/client/รับซื้อ/รับซื้อ-playstation-นครพนม/index.html,yes,200,yes,/รับซื้อ/รับซื้อ-playstation-นครพนม,yes,รับซื้อ PlayStation นครพนม ประเมินราคาเบื้องต้น | Amphon.co.th,รับซื้อ PlayStation ในนครพนม ประเมินราคาฟรี ส่งรูปเช็กราคาได้ ชำระเงินหลังตรวจสอบสินค้าและตกลงราคาเรียบร้อยแล้ว ติดต่อ L,รับซื้อ PlayStation นครพนม ประเมินราคาเบื้องต้น,Answer|BreadcrumbList|ContactPoint|Country|FAQPage|GeoCoordinates|ImageObject|ListItem|LocalBusiness|Offer|OpeningHoursSpecification|Organization|PostalAddress|ProfessionalService|Question|Service|WebPage|WebSite,302,2,44,4,OK
/รับซื้อ/รับซื้อ-playstation-นครราชสีมา,service-x-location,dist/client/รับซื้อ/รับซื้อ-playstation-นครราชสีมา/index.html,yes,200,yes,/รับซื้อ/รับซื้อ-playstation-นครราชสีมา,yes,รับซื้อ PlayStation นครราชสีมา ประเมินราคาเบื้องต้น | Amphon.co.th,รับซื้อ PlayStation ในนครราชสีมา ประเมินราคาฟรี ส่งรูปเช็กราคาได้ ชำระเงินหลังตรวจสอบสินค้าและตกลงราคาเรียบร้อยแล้ว ติดต,รับซื้อ PlayStation นครราชสีมา ประเมินราคาเบื้องต้น,Answer|BreadcrumbList|ContactPoint|Country|FAQPage|GeoCoordinates|ImageObject|ListItem|LocalBusiness|Offer|OpeningHoursSpecification|Organization|PostalAddress|ProfessionalService|Question|Service|WebPage|WebSite,324,2,44,4,OK
/รับซื้อ/รับซื้อ-playstation-บึงกาฬ,service-x-location,dist/client/รับซื้อ/รับซื้อ-playstation-บึงกาฬ/index.html,yes,200,yes,/รับซื้อ/รับซื้อ-playstation-บึงกาฬ,yes,รับซื้อ PlayStation บึงกาฬ ประเมินราคาเบื้องต้น | Amphon.co.th,รับซื้อ PlayStation ในบึงกาฬ ประเมินราคาฟรี ส่งรูปเช็กราคาได้ ชำระเงินหลังตรวจสอบสินค้าและตกลงราคาเรียบร้อยแล้ว ติดต่อ L,รับซื้อ PlayStation บึงกาฬ ประเมินราคาเบื้องต้น,Answer|BreadcrumbList|ContactPoint|Country|FAQPage|GeoCoordinates|ImageObject|ListItem|LocalBusiness|Offer|OpeningHoursSpecification|Organization|PostalAddress|ProfessionalService|Question|Service|WebPage|WebSite,294,2,44,4,OK
/รับซื้อ/รับซื้อ-playstation-บุรีรัมย์,service-x-location,dist/client/รับซื้อ/รับซื้อ-playstation-บุรีรัมย์/index.html,yes,200,yes,/รับซื้อ/รับซื้อ-playstation-บุรีรัมย์,yes,รับซื้อ PlayStation บุรีรัมย์ ประเมินราคาเบื้องต้น | Amphon.co.th,รับซื้อ PlayStation ในบุรีรัมย์ ประเมินราคาฟรี ส่งรูปเช็กราคาได้ ชำระเงินหลังตรวจสอบสินค้าและตกลงราคาเรียบร้อยแล้ว ติดต่,รับซื้อ PlayStation บุรีรัมย์ ประเมินราคาเบื้องต้น,Answer|BreadcrumbList|ContactPoint|Country|FAQPage|GeoCoordinates|ImageObject|ListItem|LocalBusiness|Offer|OpeningHoursSpecification|Organization|PostalAddress|ProfessionalService|Question|Service|WebPage|WebSite,298,2,44,4,OK
/รับซื้อ/รับซื้อ-playstation-มหาสารคาม,service-x-location,dist/client/รับซื้อ/รับซื้อ-playstation-มหาสารคาม/index.html,yes,200,yes,/รับซื้อ/รับซื้อ-playstation-มหาสารคาม,yes,รับซื้อ PlayStation มหาสารคาม ประเมินราคาเบื้องต้น | Amphon.co.th,รับซื้อ PlayStation ในมหาสารคาม ประเมินราคาฟรี ส่งรูปเช็กราคาได้ ชำระเงินหลังตรวจสอบสินค้าและตกลงราคาเรียบร้อยแล้ว ติดต่,รับซื้อ PlayStation มหาสารคาม ประเมินราคาเบื้องต้น,Answer|BreadcrumbList|ContactPoint|Country|FAQPage|GeoCoordinates|ImageObject|ListItem|LocalBusiness|Offer|OpeningHoursSpecification|Organization|PostalAddress|ProfessionalService|Question|Service|WebPage|WebSite,298,2,44,4,OK
/รับซื้อ/รับซื้อ-playstation-มุกดาหาร,service-x-location,dist/client/รับซื้อ/รับซื้อ-playstation-มุกดาหาร/index.html,yes,200,yes,/รับซื้อ/รับซื้อ-playstation-มุกดาหาร,yes,รับซื้อ PlayStation มุกดาหาร ประเมินราคาเบื้องต้น | Amphon.co.th,รับซื้อ PlayStation ในมุกดาหาร ประเมินราคาฟรี ส่งรูปเช็กราคาได้ ชำระเงินหลังตรวจสอบสินค้าและตกลงราคาเรียบร้อยแล้ว ติดต่อ,รับซื้อ PlayStation มุกดาหาร ประเมินราคาเบื้องต้น,Answer|BreadcrumbList|ContactPoint|Country|FAQPage|GeoCoordinates|ImageObject|ListItem|LocalBusiness|Offer|OpeningHoursSpecification|Organization|PostalAddress|ProfessionalService|Question|Service|WebPage|WebSite,291,2,44,4,OK
/รับซื้อ/รับซื้อ-playstation-ยโสธร,service-x-location,dist/client/รับซื้อ/รับซื้อ-playstation-ยโสธร/index.html,yes,200,yes,/รับซื้อ/รับซื้อ-playstation-ยโสธร,yes,รับซื้อ PlayStation ยโสธร ประเมินราคาเบื้องต้น | Amphon.co.th,รับซื้อ PlayStation ในยโสธร ประเมินราคาฟรี ส่งรูปเช็กราคาได้ ชำระเงินหลังตรวจสอบสินค้าและตกลงราคาเรียบร้อยแล้ว ติดต่อ Li,รับซื้อ PlayStation ยโสธร ประเมินราคาเบื้องต้น,Answer|BreadcrumbList|ContactPoint|Country|FAQPage|GeoCoordinates|ImageObject|ListItem|LocalBusiness|Offer|OpeningHoursSpecification|Organization|PostalAddress|ProfessionalService|Question|Service|WebPage|WebSite,295,2,44,4,OK
/รับซื้อ/รับซื้อ-playstation-ร้อยเอ็ด,service-x-location,dist/client/รับซื้อ/รับซื้อ-playstation-ร้อยเอ็ด/index.html,yes,200,yes,/รับซื้อ/รับซื้อ-playstation-ร้อยเอ็ด,yes,รับซื้อ PlayStation ร้อยเอ็ด ประเมินราคาเบื้องต้น | Amphon.co.th,รับซื้อ PlayStation ในร้อยเอ็ด ประเมินราคาฟรี ส่งรูปเช็กราคาได้ ชำระเงินหลังตรวจสอบสินค้าและตกลงราคาเรียบร้อยแล้ว ติดต่อ,รับซื้อ PlayStation ร้อยเอ็ด ประเมินราคาเบื้องต้น,Answer|BreadcrumbList|ContactPoint|Country|FAQPage|GeoCoordinates|ImageObject|ListItem|LocalBusiness|Offer|OpeningHoursSpecification|Organization|PostalAddress|ProfessionalService|Question|Service|WebPage|WebSite,309,2,44,4,OK
/รับซื้อ/รับซื้อ-playstation-ศรีสะเกษ,service-x-location,dist/client/รับซื้อ/รับซื้อ-playstation-ศรีสะเกษ/index.html,yes,200,yes,/รับซื้อ/รับซื้อ-playstation-ศรีสะเกษ,yes,รับซื้อ PlayStation ศรีสะเกษ ประเมินราคาเบื้องต้น | Amphon.co.th,รับซื้อ PlayStation ในศรีสะเกษ ประเมินราคาฟรี ส่งรูปเช็กราคาได้ ชำระเงินหลังตรวจสอบสินค้าและตกลงราคาเรียบร้อยแล้ว ติดต่อ,รับซื้อ PlayStation ศรีสะเกษ ประเมินราคาเบื้องต้น,Answer|BreadcrumbList|ContactPoint|Country|FAQPage|GeoCoordinates|ImageObject|ListItem|LocalBusiness|Offer|OpeningHoursSpecification|Organization|PostalAddress|ProfessionalService|Question|Service|WebPage|WebSite,296,2,44,4,OK
/รับซื้อ/รับซื้อ-playstation-สกลนคร,service-x-location,dist/client/รับซื้อ/รับซื้อ-playstation-สกลนคร/index.html,yes,200,yes,/รับซื้อ/รับซื้อ-playstation-สกลนคร,yes,รับซื้อ PlayStation สกลนคร ประเมินราคาเบื้องต้น | Amphon.co.th,รับซื้อ PlayStation ในสกลนคร ประเมินราคาฟรี ส่งรูปเช็กราคาได้ ชำระเงินหลังตรวจสอบสินค้าและตกลงราคาเรียบร้อยแล้ว ติดต่อ L,รับซื้อ PlayStation สกลนคร ประเมินราคาเบื้องต้น,Answer|BreadcrumbList|ContactPoint|Country|FAQPage|GeoCoordinates|ImageObject|ListItem|LocalBusiness|Offer|OpeningHoursSpecification|Organization|PostalAddress|ProfessionalService|Question|Service|WebPage|WebSite,310,2,44,4,OK
/รับซื้อ/รับซื้อ-playstation-สุรินทร์,service-x-location,dist/client/รับซื้อ/รับซื้อ-playstation-สุรินทร์/index.html,yes,200,yes,/รับซื้อ/รับซื้อ-playstation-สุรินทร์,yes,รับซื้อ PlayStation สุรินทร์ ประเมินราคาเบื้องต้น | Amphon.co.th,รับซื้อ PlayStation ในสุรินทร์ ประเมินราคาฟรี ส่งรูปเช็กราคาได้ ชำระเงินหลังตรวจสอบสินค้าและตกลงราคาเรียบร้อยแล้ว ติดต่อ,รับซื้อ PlayStation สุรินทร์ ประเมินราคาเบื้องต้น,Answer|BreadcrumbList|ContactPoint|Country|FAQPage|GeoCoordinates|ImageObject|ListItem|LocalBusiness|Offer|OpeningHoursSpecification|Organization|PostalAddress|ProfessionalService|Question|Service|WebPage|WebSite,295,2,44,4,OK
/รับซื้อ/รับซื้อ-playstation-หนองคาย,service-x-location,dist/client/รับซื้อ/รับซื้อ-playstation-หนองคาย/index.html,yes,200,yes,/รับซื้อ/รับซื้อ-playstation-หนองคาย,yes,รับซื้อ PlayStation หนองคาย ประเมินราคาเบื้องต้น | Amphon.co.th,รับซื้อ PlayStation ในหนองคาย ประเมินราคาฟรี ส่งรูปเช็กราคาได้ ชำระเงินหลังตรวจสอบสินค้าและตกลงราคาเรียบร้อยแล้ว ติดต่อ ,รับซื้อ PlayStation หนองคาย ประเมินราคาเบื้องต้น,Answer|BreadcrumbList|ContactPoint|Country|FAQPage|GeoCoordinates|ImageObject|ListItem|LocalBusiness|Offer|OpeningHoursSpecification|Organization|PostalAddress|ProfessionalService|Question|Service|WebPage|WebSite,295,2,44,4,OK
/รับซื้อ/รับซื้อ-playstation-หนองบัวลำภู,service-x-location,dist/client/รับซื้อ/รับซื้อ-playstation-หนองบัวลำภู/index.html,yes,200,yes,/รับซื้อ/รับซื้อ-playstation-หนองบัวลำภู,yes,รับซื้อ PlayStation หนองบัวลำภู ประเมินราคาเบื้องต้น | Amphon.co.th,รับซื้อ PlayStation ในหนองบัวลำภู ประเมินราคาฟรี ส่งรูปเช็กราคาได้ ชำระเงินหลังตรวจสอบสินค้าและตกลงราคาเรียบร้อยแล้ว ติด,รับซื้อ PlayStation หนองบัวลำภู ประเมินราคาเบื้องต้น,Answer|BreadcrumbList|ContactPoint|Country|FAQPage|GeoCoordinates|ImageObject|ListItem|LocalBusiness|Offer|OpeningHoursSpecification|Organization|PostalAddress|ProfessionalService|Question|Service|WebPage|WebSite,287,2,44,4,OK
/รับซื้อ/รับซื้อ-playstation-อำนาจเจริญ,service-x-location,dist/client/รับซื้อ/รับซื้อ-playstation-อำนาจเจริญ/index.html,yes,200,yes,/รับซื้อ/รับซื้อ-playstation-อำนาจเจริญ,yes,รับซื้อ PlayStation อำนาจเจริญ ประเมินราคาเบื้องต้น | Amphon.co.th,รับซื้อ PlayStation ในอำนาจเจริญ ประเมินราคาฟรี ส่งรูปเช็กราคาได้ ชำระเงินหลังตรวจสอบสินค้าและตกลงราคาเรียบร้อยแล้ว ติดต,รับซื้อ PlayStation อำนาจเจริญ ประเมินราคาเบื้องต้น,Answer|BreadcrumbList|ContactPoint|Country|FAQPage|GeoCoordinates|ImageObject|ListItem|LocalBusiness|Offer|OpeningHoursSpecification|Organization|PostalAddress|ProfessionalService|Question|Service|WebPage|WebSite,290,2,44,4,OK
/รับซื้อ/รับซื้อ-playstation-อุดรธานี,service-x-location,dist/client/รับซื้อ/รับซื้อ-playstation-อุดรธานี/index.html,yes,200,yes,/รับซื้อ/รับซื้อ-playstation-อุดรธานี,yes,รับซื้อ PlayStation อุดรธานี ประเมินราคาเบื้องต้น | Amphon.co.th,รับซื้อ PlayStation ในอุดรธานี ประเมินราคาฟรี ส่งรูปเช็กราคาได้ ชำระเงินหลังตรวจสอบสินค้าและตกลงราคาเรียบร้อยแล้ว ติดต่อ,รับซื้อ PlayStation อุดรธานี ประเมินราคาเบื้องต้น,Answer|BreadcrumbList|ContactPoint|Country|FAQPage|GeoCoordinates|ImageObject|ListItem|LocalBusiness|Offer|OpeningHoursSpecification|Organization|PostalAddress|ProfessionalService|Question|Service|WebPage|WebSite,297,2,44,4,OK
/รับซื้อ/รับซื้อ-playstation-อุบลราชธานี,service-x-location,dist/client/รับซื้อ/รับซื้อ-playstation-อุบลราชธานี/index.html,yes,200,yes,/รับซื้อ/รับซื้อ-playstation-อุบลราชธานี,yes,รับซื้อ PlayStation อุบลราชธานี ประเมินราคาเบื้องต้น | Amphon.co.th,รับซื้อ PlayStation ในอุบลราชธานี ประเมินราคาฟรี ส่งรูปเช็กราคาได้ ชำระเงินหลังตรวจสอบสินค้าและตกลงราคาเรียบร้อยแล้ว ติด,รับซื้อ PlayStation อุบลราชธานี ประเมินราคาเบื้องต้น,Answer|BreadcrumbList|ContactPoint|Country|FAQPage|GeoCoordinates|ImageObject|ListItem|LocalBusiness|Offer|OpeningHoursSpecification|Organization|PostalAddress|ProfessionalService|Question|Service|WebPage|WebSite,291,2,44,4,OK
/รับซื้อ/รับซื้อ-playstation-เลย,service-x-location,dist/client/รับซื้อ/รับซื้อ-playstation-เลย/index.html,yes,200,yes,/รับซื้อ/รับซื้อ-playstation-เลย,yes,รับซื้อ PlayStation เลย ประเมินราคาเบื้องต้น | Amphon.co.th,รับซื้อ PlayStation ในเลย ประเมินราคาฟรี ส่งรูปเช็กราคาได้ ชำระเงินหลังตรวจสอบสินค้าและตกลงราคาเรียบร้อยแล้ว ติดต่อ Line,รับซื้อ PlayStation เลย ประเมินราคาเบื้องต้น,Answer|BreadcrumbList|ContactPoint|Country|FAQPage|GeoCoordinates|ImageObject|ListItem|LocalBusiness|Offer|OpeningHoursSpecification|Organization|PostalAddress|ProfessionalService|Question|Service|WebPage|WebSite,303,2,44,4,OK
/รับซื้อ/รับซื้อ-server-กาฬสินธุ์,service-x-location,dist/client/รับซื้อ/รับซื้อ-server-กาฬสินธุ์/index.html,yes,200,yes,/รับซื้อ/รับซื้อ-server-กาฬสินธุ์,yes,รับซื้อ Server และตู้ Rack กาฬสินธุ์ ประเมินราคาฟรี นัดรับหรือประสานขนส่งตามข้อตกลง | Amphon.co.th,รับซื้อ Server และตู้ Rack ใน กาฬสินธุ์ ประเมินราคาตามประเภท รุ่น สเปก สภาพ จำนวน และความต้องการตลาด ประเมินราคาฟรีผ่าน ,รับซื้อ Server และตู้ Rack กาฬสินธุ์ ประเมินราคาฟรี นัดรับหรือประสานขนส่งตามข้อตกลง,BreadcrumbList|ContactPoint|Country|GeoCoordinates|ImageObject|ListItem|LocalBusiness|Offer|OpeningHoursSpecification|Organization|PostalAddress|ProfessionalService|Service|WebPage|WebSite,133,2,44,4,OK
/รับซื้อ/รับซื้อ-server-ขอนแก่น,service-x-location,dist/client/รับซื้อ/รับซื้อ-server-ขอนแก่น/index.html,yes,200,yes,/รับซื้อ/รับซื้อ-server-ขอนแก่น,yes,รับซื้อ Server และตู้ Rack ขอนแก่น ประเมินราคาฟรี นัดรับหรือประสานขนส่งตามข้อตกลง | Amphon.co.th,รับซื้อ Server และตู้ Rack ใน ขอนแก่น ประเมินราคาตามประเภท รุ่น สเปก สภาพ จำนวน และความต้องการตลาด ประเมินราคาฟรีผ่าน Li,รับซื้อ Server และตู้ Rack ขอนแก่น ประเมินราคาฟรี นัดรับหรือประสานขนส่งตามข้อตกลง,BreadcrumbList|ContactPoint|Country|GeoCoordinates|ImageObject|ListItem|LocalBusiness|Offer|OpeningHoursSpecification|Organization|PostalAddress|ProfessionalService|Service|WebPage|WebSite,133,2,44,4,OK
/รับซื้อ/รับซื้อ-server-ชัยภูมิ,service-x-location,dist/client/รับซื้อ/รับซื้อ-server-ชัยภูมิ/index.html,yes,200,yes,/รับซื้อ/รับซื้อ-server-ชัยภูมิ,yes,รับซื้อ Server และตู้ Rack ชัยภูมิ ประเมินราคาฟรี นัดรับหรือประสานขนส่งตามข้อตกลง | Amphon.co.th,รับซื้อ Server และตู้ Rack ใน ชัยภูมิ ประเมินราคาตามประเภท รุ่น สเปก สภาพ จำนวน และความต้องการตลาด ประเมินราคาฟรีผ่าน Li,รับซื้อ Server และตู้ Rack ชัยภูมิ ประเมินราคาฟรี นัดรับหรือประสานขนส่งตามข้อตกลง,BreadcrumbList|ContactPoint|Country|GeoCoordinates|ImageObject|ListItem|LocalBusiness|Offer|OpeningHoursSpecification|Organization|PostalAddress|ProfessionalService|Service|WebPage|WebSite,134,2,44,4,OK
/รับซื้อ/รับซื้อ-server-นครพนม,service-x-location,dist/client/รับซื้อ/รับซื้อ-server-นครพนม/index.html,yes,200,yes,/รับซื้อ/รับซื้อ-server-นครพนม,yes,รับซื้อ Server และตู้ Rack นครพนม ประเมินราคาฟรี นัดรับหรือประสานขนส่งตามข้อตกลง | Amphon.co.th,รับซื้อ Server และตู้ Rack ใน นครพนม ประเมินราคาตามประเภท รุ่น สเปก สภาพ จำนวน และความต้องการตลาด ประเมินราคาฟรีผ่าน Lin,รับซื้อ Server และตู้ Rack นครพนม ประเมินราคาฟรี นัดรับหรือประสานขนส่งตามข้อตกลง,BreadcrumbList|ContactPoint|Country|GeoCoordinates|ImageObject|ListItem|LocalBusiness|Offer|OpeningHoursSpecification|Organization|PostalAddress|ProfessionalService|Service|WebPage|WebSite,134,2,44,4,OK
/รับซื้อ/รับซื้อ-server-นครราชสีมา,service-x-location,dist/client/รับซื้อ/รับซื้อ-server-นครราชสีมา/index.html,yes,200,yes,/รับซื้อ/รับซื้อ-server-นครราชสีมา,yes,รับซื้อ Server และตู้ Rack นครราชสีมา ประเมินราคาฟรี นัดรับหรือประสานขนส่งตามข้อตกลง | Amphon.co.th,รับซื้อ Server และตู้ Rack ใน นครราชสีมา ประเมินราคาตามประเภท รุ่น สเปก สภาพ จำนวน และความต้องการตลาด ประเมินราคาฟรีผ่าน,รับซื้อ Server และตู้ Rack นครราชสีมา ประเมินราคาฟรี นัดรับหรือประสานขนส่งตามข้อตกลง,BreadcrumbList|ContactPoint|Country|GeoCoordinates|ImageObject|ListItem|LocalBusiness|Offer|OpeningHoursSpecification|Organization|PostalAddress|ProfessionalService|Service|WebPage|WebSite,134,2,44,4,OK
/รับซื้อ/รับซื้อ-server-บึงกาฬ,service-x-location,dist/client/รับซื้อ/รับซื้อ-server-บึงกาฬ/index.html,yes,200,yes,/รับซื้อ/รับซื้อ-server-บึงกาฬ,yes,รับซื้อ Server และตู้ Rack บึงกาฬ ประเมินราคาฟรี นัดรับหรือประสานขนส่งตามข้อตกลง | Amphon.co.th,รับซื้อ Server และตู้ Rack ใน บึงกาฬ ประเมินราคาตามประเภท รุ่น สเปก สภาพ จำนวน และความต้องการตลาด ประเมินราคาฟรีผ่าน Lin,รับซื้อ Server และตู้ Rack บึงกาฬ ประเมินราคาฟรี นัดรับหรือประสานขนส่งตามข้อตกลง,BreadcrumbList|ContactPoint|Country|GeoCoordinates|ImageObject|ListItem|LocalBusiness|Offer|OpeningHoursSpecification|Organization|PostalAddress|ProfessionalService|Service|WebPage|WebSite,133,2,44,4,OK
/รับซื้อ/รับซื้อ-server-บุรีรัมย์,service-x-location,dist/client/รับซื้อ/รับซื้อ-server-บุรีรัมย์/index.html,yes,200,yes,/รับซื้อ/รับซื้อ-server-บุรีรัมย์,yes,รับซื้อ Server และตู้ Rack บุรีรัมย์ ประเมินราคาฟรี นัดรับหรือประสานขนส่งตามข้อตกลง | Amphon.co.th,รับซื้อ Server และตู้ Rack ใน บุรีรัมย์ ประเมินราคาตามประเภท รุ่น สเปก สภาพ จำนวน และความต้องการตลาด ประเมินราคาฟรีผ่าน ,รับซื้อ Server และตู้ Rack บุรีรัมย์ ประเมินราคาฟรี นัดรับหรือประสานขนส่งตามข้อตกลง,BreadcrumbList|ContactPoint|Country|GeoCoordinates|ImageObject|ListItem|LocalBusiness|Offer|OpeningHoursSpecification|Organization|PostalAddress|ProfessionalService|Service|WebPage|WebSite,133,2,44,4,OK
/รับซื้อ/รับซื้อ-server-มหาสารคาม,service-x-location,dist/client/รับซื้อ/รับซื้อ-server-มหาสารคาม/index.html,yes,200,yes,/รับซื้อ/รับซื้อ-server-มหาสารคาม,yes,รับซื้อ Server และตู้ Rack มหาสารคาม ประเมินราคาฟรี นัดรับหรือประสานขนส่งตามข้อตกลง | Amphon.co.th,รับซื้อ Server และตู้ Rack ใน มหาสารคาม ประเมินราคาตามประเภท รุ่น สเปก สภาพ จำนวน และความต้องการตลาด ประเมินราคาฟรีผ่าน ,รับซื้อ Server และตู้ Rack มหาสารคาม ประเมินราคาฟรี นัดรับหรือประสานขนส่งตามข้อตกลง,BreadcrumbList|ContactPoint|Country|GeoCoordinates|ImageObject|ListItem|LocalBusiness|Offer|OpeningHoursSpecification|Organization|PostalAddress|ProfessionalService|Service|WebPage|WebSite,134,2,44,4,OK
/รับซื้อ/รับซื้อ-server-มุกดาหาร,service-x-location,dist/client/รับซื้อ/รับซื้อ-server-มุกดาหาร/index.html,yes,200,yes,/รับซื้อ/รับซื้อ-server-มุกดาหาร,yes,รับซื้อ Server และตู้ Rack มุกดาหาร ประเมินราคาฟรี นัดรับหรือประสานขนส่งตามข้อตกลง | Amphon.co.th,รับซื้อ Server และตู้ Rack ใน มุกดาหาร ประเมินราคาตามประเภท รุ่น สเปก สภาพ จำนวน และความต้องการตลาด ประเมินราคาฟรีผ่าน L,รับซื้อ Server และตู้ Rack มุกดาหาร ประเมินราคาฟรี นัดรับหรือประสานขนส่งตามข้อตกลง,BreadcrumbList|ContactPoint|Country|GeoCoordinates|ImageObject|ListItem|LocalBusiness|Offer|OpeningHoursSpecification|Organization|PostalAddress|ProfessionalService|Service|WebPage|WebSite,133,2,44,4,OK
/รับซื้อ/รับซื้อ-server-ยโสธร,service-x-location,dist/client/รับซื้อ/รับซื้อ-server-ยโสธร/index.html,yes,200,yes,/รับซื้อ/รับซื้อ-server-ยโสธร,yes,รับซื้อ Server และตู้ Rack ยโสธร ประเมินราคาฟรี นัดรับหรือประสานขนส่งตามข้อตกลง | Amphon.co.th,รับซื้อ Server และตู้ Rack ใน ยโสธร ประเมินราคาตามประเภท รุ่น สเปก สภาพ จำนวน และความต้องการตลาด ประเมินราคาฟรีผ่าน Line,รับซื้อ Server และตู้ Rack ยโสธร ประเมินราคาฟรี นัดรับหรือประสานขนส่งตามข้อตกลง,BreadcrumbList|ContactPoint|Country|GeoCoordinates|ImageObject|ListItem|LocalBusiness|Offer|OpeningHoursSpecification|Organization|PostalAddress|ProfessionalService|Service|WebPage|WebSite,133,2,44,4,OK
/รับซื้อ/รับซื้อ-server-ร้อยเอ็ด,service-x-location,dist/client/รับซื้อ/รับซื้อ-server-ร้อยเอ็ด/index.html,yes,200,yes,/รับซื้อ/รับซื้อ-server-ร้อยเอ็ด,yes,รับซื้อ Server และตู้ Rack ร้อยเอ็ด ประเมินราคาฟรี นัดรับหรือประสานขนส่งตามข้อตกลง | Amphon.co.th,รับซื้อ Server และตู้ Rack ใน ร้อยเอ็ด ประเมินราคาตามประเภท รุ่น สเปก สภาพ จำนวน และความต้องการตลาด ประเมินราคาฟรีผ่าน L,รับซื้อ Server และตู้ Rack ร้อยเอ็ด ประเมินราคาฟรี นัดรับหรือประสานขนส่งตามข้อตกลง,BreadcrumbList|ContactPoint|Country|GeoCoordinates|ImageObject|ListItem|LocalBusiness|Offer|OpeningHoursSpecification|Organization|PostalAddress|ProfessionalService|Service|WebPage|WebSite,134,2,44,4,OK
/รับซื้อ/รับซื้อ-server-ศรีสะเกษ,service-x-location,dist/client/รับซื้อ/รับซื้อ-server-ศรีสะเกษ/index.html,yes,200,yes,/รับซื้อ/รับซื้อ-server-ศรีสะเกษ,yes,รับซื้อ Server และตู้ Rack ศรีสะเกษ ประเมินราคาฟรี นัดรับหรือประสานขนส่งตามข้อตกลง | Amphon.co.th,รับซื้อ Server และตู้ Rack ใน ศรีสะเกษ ประเมินราคาตามประเภท รุ่น สเปก สภาพ จำนวน และความต้องการตลาด ประเมินราคาฟรีผ่าน L,รับซื้อ Server และตู้ Rack ศรีสะเกษ ประเมินราคาฟรี นัดรับหรือประสานขนส่งตามข้อตกลง,BreadcrumbList|ContactPoint|Country|GeoCoordinates|ImageObject|ListItem|LocalBusiness|Offer|OpeningHoursSpecification|Organization|PostalAddress|ProfessionalService|Service|WebPage|WebSite,134,2,44,4,OK
/รับซื้อ/รับซื้อ-server-สกลนคร,service-x-location,dist/client/รับซื้อ/รับซื้อ-server-สกลนคร/index.html,yes,200,yes,/รับซื้อ/รับซื้อ-server-สกลนคร,yes,รับซื้อ Server และตู้ Rack สกลนคร ประเมินราคาฟรี นัดรับหรือประสานขนส่งตามข้อตกลง | Amphon.co.th,รับซื้อ Server และตู้ Rack ใน สกลนคร ประเมินราคาตามประเภท รุ่น สเปก สภาพ จำนวน และความต้องการตลาด ประเมินราคาฟรีผ่าน Lin,รับซื้อ Server และตู้ Rack สกลนคร ประเมินราคาฟรี นัดรับหรือประสานขนส่งตามข้อตกลง,BreadcrumbList|ContactPoint|Country|GeoCoordinates|ImageObject|ListItem|LocalBusiness|Offer|OpeningHoursSpecification|Organization|PostalAddress|ProfessionalService|Service|WebPage|WebSite,134,2,44,4,OK
/รับซื้อ/รับซื้อ-server-สุรินทร์,service-x-location,dist/client/รับซื้อ/รับซื้อ-server-สุรินทร์/index.html,yes,200,yes,/รับซื้อ/รับซื้อ-server-สุรินทร์,yes,รับซื้อ Server และตู้ Rack สุรินทร์ ประเมินราคาฟรี นัดรับหรือประสานขนส่งตามข้อตกลง | Amphon.co.th,รับซื้อ Server และตู้ Rack ใน สุรินทร์ ประเมินราคาตามประเภท รุ่น สเปก สภาพ จำนวน และความต้องการตลาด ประเมินราคาฟรีผ่าน L,รับซื้อ Server และตู้ Rack สุรินทร์ ประเมินราคาฟรี นัดรับหรือประสานขนส่งตามข้อตกลง,BreadcrumbList|ContactPoint|Country|GeoCoordinates|ImageObject|ListItem|LocalBusiness|Offer|OpeningHoursSpecification|Organization|PostalAddress|ProfessionalService|Service|WebPage|WebSite,132,2,44,4,OK
/รับซื้อ/รับซื้อ-server-หนองคาย,service-x-location,dist/client/รับซื้อ/รับซื้อ-server-หนองคาย/index.html,yes,200,yes,/รับซื้อ/รับซื้อ-server-หนองคาย,yes,รับซื้อ Server และตู้ Rack หนองคาย ประเมินราคาฟรี นัดรับหรือประสานขนส่งตามข้อตกลง | Amphon.co.th,รับซื้อ Server และตู้ Rack ใน หนองคาย ประเมินราคาตามประเภท รุ่น สเปก สภาพ จำนวน และความต้องการตลาด ประเมินราคาฟรีผ่าน Li,รับซื้อ Server และตู้ Rack หนองคาย ประเมินราคาฟรี นัดรับหรือประสานขนส่งตามข้อตกลง,BreadcrumbList|ContactPoint|Country|GeoCoordinates|ImageObject|ListItem|LocalBusiness|Offer|OpeningHoursSpecification|Organization|PostalAddress|ProfessionalService|Service|WebPage|WebSite,134,2,44,4,OK
/รับซื้อ/รับซื้อ-server-หนองบัวลำภู,service-x-location,dist/client/รับซื้อ/รับซื้อ-server-หนองบัวลำภู/index.html,yes,200,yes,/รับซื้อ/รับซื้อ-server-หนองบัวลำภู,yes,รับซื้อ Server และตู้ Rack หนองบัวลำภู ประเมินราคาฟรี นัดรับหรือประสานขนส่งตามข้อตกลง | Amphon.co.th,รับซื้อ Server และตู้ Rack ใน หนองบัวลำภู ประเมินราคาตามประเภท รุ่น สเปก สภาพ จำนวน และความต้องการตลาด ประเมินราคาฟรีผ่า,รับซื้อ Server และตู้ Rack หนองบัวลำภู ประเมินราคาฟรี นัดรับหรือประสานขนส่งตามข้อตกลง,BreadcrumbList|ContactPoint|Country|GeoCoordinates|ImageObject|ListItem|LocalBusiness|Offer|OpeningHoursSpecification|Organization|PostalAddress|ProfessionalService|Service|WebPage|WebSite,132,2,44,4,OK
/รับซื้อ/รับซื้อ-server-อำนาจเจริญ,service-x-location,dist/client/รับซื้อ/รับซื้อ-server-อำนาจเจริญ/index.html,yes,200,yes,/รับซื้อ/รับซื้อ-server-อำนาจเจริญ,yes,รับซื้อ Server และตู้ Rack อำนาจเจริญ ประเมินราคาฟรี นัดรับหรือประสานขนส่งตามข้อตกลง | Amphon.co.th,รับซื้อ Server และตู้ Rack ใน อำนาจเจริญ ประเมินราคาตามประเภท รุ่น สเปก สภาพ จำนวน และความต้องการตลาด ประเมินราคาฟรีผ่าน,รับซื้อ Server และตู้ Rack อำนาจเจริญ ประเมินราคาฟรี นัดรับหรือประสานขนส่งตามข้อตกลง,BreadcrumbList|ContactPoint|Country|GeoCoordinates|ImageObject|ListItem|LocalBusiness|Offer|OpeningHoursSpecification|Organization|PostalAddress|ProfessionalService|Service|WebPage|WebSite,132,2,44,4,OK
/รับซื้อ/รับซื้อ-server-อุดรธานี,service-x-location,dist/client/รับซื้อ/รับซื้อ-server-อุดรธานี/index.html,yes,200,yes,/รับซื้อ/รับซื้อ-server-อุดรธานี,yes,รับซื้อ Server และตู้ Rack อุดรธานี ประเมินราคาฟรี นัดรับหรือประสานขนส่งตามข้อตกลง | Amphon.co.th,รับซื้อ Server และตู้ Rack ใน อุดรธานี ประเมินราคาตามประเภท รุ่น สเปก สภาพ จำนวน และความต้องการตลาด ประเมินราคาฟรีผ่าน L,รับซื้อ Server และตู้ Rack อุดรธานี ประเมินราคาฟรี นัดรับหรือประสานขนส่งตามข้อตกลง,BreadcrumbList|ContactPoint|Country|GeoCoordinates|ImageObject|ListItem|LocalBusiness|Offer|OpeningHoursSpecification|Organization|PostalAddress|ProfessionalService|Service|WebPage|WebSite,133,2,44,4,OK
/รับซื้อ/รับซื้อ-server-อุบลราชธานี,service-x-location,dist/client/รับซื้อ/รับซื้อ-server-อุบลราชธานี/index.html,yes,200,yes,/รับซื้อ/รับซื้อ-server-อุบลราชธานี,yes,รับซื้อ Server และตู้ Rack อุบลราชธานี ประเมินราคาฟรี นัดรับหรือประสานขนส่งตามข้อตกลง | Amphon.co.th,รับซื้อ Server และตู้ Rack ใน อุบลราชธานี ประเมินราคาตามประเภท รุ่น สเปก สภาพ จำนวน และความต้องการตลาด ประเมินราคาฟรีผ่า,รับซื้อ Server และตู้ Rack อุบลราชธานี ประเมินราคาฟรี นัดรับหรือประสานขนส่งตามข้อตกลง,Answer|BreadcrumbList|ContactPoint|Country|FAQPage|GeoCoordinates|ImageObject|ListItem|LocalBusiness|Offer|OpeningHoursSpecification|Organization|PostalAddress|ProfessionalService|Question|Service|WebPage|WebSite,216,2,44,4,OK
/รับซื้อ/รับซื้อ-server-เลย,service-x-location,dist/client/รับซื้อ/รับซื้อ-server-เลย/index.html,yes,200,yes,/รับซื้อ/รับซื้อ-server-เลย,yes,รับซื้อ Server และตู้ Rack เลย ประเมินราคาฟรี นัดรับหรือประสานขนส่งตามข้อตกลง | Amphon.co.th,รับซื้อ Server และตู้ Rack ใน เลย ประเมินราคาตามประเภท รุ่น สเปก สภาพ จำนวน และความต้องการตลาด ประเมินราคาฟรีผ่าน Line ช,รับซื้อ Server และตู้ Rack เลย ประเมินราคาฟรี นัดรับหรือประสานขนส่งตามข้อตกลง,BreadcrumbList|ContactPoint|Country|GeoCoordinates|ImageObject|ListItem|LocalBusiness|Offer|OpeningHoursSpecification|Organization|PostalAddress|ProfessionalService|Service|WebPage|WebSite,132,2,44,4,OK
/รับซื้อ/รับซื้อ-ssd-กาฬสินธุ์,service-x-location,dist/client/รับซื้อ/รับซื้อ-ssd-กาฬสินธุ์/index.html,yes,200,yes,/รับซื้อ/รับซื้อ-ssd-กาฬสินธุ์,yes,รับซื้อ SSD กาฬสินธุ์ ประเมินราคาเบื้องต้น | Amphon.co.th,รับซื้อ SSD ในกาฬสินธุ์ ประเมินราคาฟรี ส่งรูปเช็กราคาได้ ชำระเงินหลังตรวจสอบสินค้าและตกลงราคาเรียบร้อยแล้ว ติดต่อ Line @,รับซื้อ SSD กาฬสินธุ์ ประเมินราคาเบื้องต้น,Answer|BreadcrumbList|ContactPoint|Country|FAQPage|GeoCoordinates|ImageObject|ListItem|LocalBusiness|Offer|OpeningHoursSpecification|Organization|PostalAddress|ProfessionalService|Question|Service|WebPage|WebSite,315,2,44,4,OK
/รับซื้อ/รับซื้อ-ssd-ขอนแก่น,service-x-location,dist/client/รับซื้อ/รับซื้อ-ssd-ขอนแก่น/index.html,yes,200,yes,/รับซื้อ/รับซื้อ-ssd-ขอนแก่น,yes,รับซื้อ SSD ขอนแก่น ประเมินราคาเบื้องต้น | Amphon.co.th,รับซื้อ SSD ในขอนแก่น ประเมินราคาฟรี ส่งรูปเช็กราคาได้ ชำระเงินหลังตรวจสอบสินค้าและตกลงราคาเรียบร้อยแล้ว ติดต่อ Line @we,รับซื้อ SSD ขอนแก่น ประเมินราคาเบื้องต้น,Answer|BreadcrumbList|ContactPoint|Country|FAQPage|GeoCoordinates|ImageObject|ListItem|LocalBusiness|Offer|OpeningHoursSpecification|Organization|PostalAddress|ProfessionalService|Question|Service|WebPage|WebSite,326,2,44,4,OK
/รับซื้อ/รับซื้อ-ssd-ชัยภูมิ,service-x-location,dist/client/รับซื้อ/รับซื้อ-ssd-ชัยภูมิ/index.html,yes,200,yes,/รับซื้อ/รับซื้อ-ssd-ชัยภูมิ,yes,รับซื้อ SSD ชัยภูมิ ประเมินราคาเบื้องต้น | Amphon.co.th,รับซื้อ SSD ในชัยภูมิ ประเมินราคาฟรี ส่งรูปเช็กราคาได้ ชำระเงินหลังตรวจสอบสินค้าและตกลงราคาเรียบร้อยแล้ว ติดต่อ Line @we,รับซื้อ SSD ชัยภูมิ ประเมินราคาเบื้องต้น,Answer|BreadcrumbList|ContactPoint|Country|FAQPage|GeoCoordinates|ImageObject|ListItem|LocalBusiness|Offer|OpeningHoursSpecification|Organization|PostalAddress|ProfessionalService|Question|Service|WebPage|WebSite,314,2,44,4,OK
/รับซื้อ/รับซื้อ-ssd-นครพนม,service-x-location,dist/client/รับซื้อ/รับซื้อ-ssd-นครพนม/index.html,yes,200,yes,/รับซื้อ/รับซื้อ-ssd-นครพนม,yes,รับซื้อ SSD นครพนม ประเมินราคาเบื้องต้น | Amphon.co.th,รับซื้อ SSD ในนครพนม ประเมินราคาฟรี ส่งรูปเช็กราคาได้ ชำระเงินหลังตรวจสอบสินค้าและตกลงราคาเรียบร้อยแล้ว ติดต่อ Line @web,รับซื้อ SSD นครพนม ประเมินราคาเบื้องต้น,Answer|BreadcrumbList|ContactPoint|Country|FAQPage|GeoCoordinates|ImageObject|ListItem|LocalBusiness|Offer|OpeningHoursSpecification|Organization|PostalAddress|ProfessionalService|Question|Service|WebPage|WebSite,311,2,44,4,OK
/รับซื้อ/รับซื้อ-ssd-นครราชสีมา,service-x-location,dist/client/รับซื้อ/รับซื้อ-ssd-นครราชสีมา/index.html,yes,200,yes,/รับซื้อ/รับซื้อ-ssd-นครราชสีมา,yes,รับซื้อ SSD นครราชสีมา ประเมินราคาเบื้องต้น | Amphon.co.th,รับซื้อ SSD ในนครราชสีมา ประเมินราคาฟรี ส่งรูปเช็กราคาได้ ชำระเงินหลังตรวจสอบสินค้าและตกลงราคาเรียบร้อยแล้ว ติดต่อ Line ,รับซื้อ SSD นครราชสีมา ประเมินราคาเบื้องต้น,Answer|BreadcrumbList|ContactPoint|Country|FAQPage|GeoCoordinates|ImageObject|ListItem|LocalBusiness|Offer|OpeningHoursSpecification|Organization|PostalAddress|ProfessionalService|Question|Service|WebPage|WebSite,333,2,44,4,OK
/รับซื้อ/รับซื้อ-ssd-บึงกาฬ,service-x-location,dist/client/รับซื้อ/รับซื้อ-ssd-บึงกาฬ/index.html,yes,200,yes,/รับซื้อ/รับซื้อ-ssd-บึงกาฬ,yes,รับซื้อ SSD บึงกาฬ ประเมินราคาเบื้องต้น | Amphon.co.th,รับซื้อ SSD ในบึงกาฬ ประเมินราคาฟรี ส่งรูปเช็กราคาได้ ชำระเงินหลังตรวจสอบสินค้าและตกลงราคาเรียบร้อยแล้ว ติดต่อ Line @web,รับซื้อ SSD บึงกาฬ ประเมินราคาเบื้องต้น,Answer|BreadcrumbList|ContactPoint|Country|FAQPage|GeoCoordinates|ImageObject|ListItem|LocalBusiness|Offer|OpeningHoursSpecification|Organization|PostalAddress|ProfessionalService|Question|Service|WebPage|WebSite,303,2,44,4,OK
/รับซื้อ/รับซื้อ-ssd-บุรีรัมย์,service-x-location,dist/client/รับซื้อ/รับซื้อ-ssd-บุรีรัมย์/index.html,yes,200,yes,/รับซื้อ/รับซื้อ-ssd-บุรีรัมย์,yes,รับซื้อ SSD บุรีรัมย์ ประเมินราคาเบื้องต้น | Amphon.co.th,รับซื้อ SSD ในบุรีรัมย์ ประเมินราคาฟรี ส่งรูปเช็กราคาได้ ชำระเงินหลังตรวจสอบสินค้าและตกลงราคาเรียบร้อยแล้ว ติดต่อ Line @,รับซื้อ SSD บุรีรัมย์ ประเมินราคาเบื้องต้น,Answer|BreadcrumbList|ContactPoint|Country|FAQPage|GeoCoordinates|ImageObject|ListItem|LocalBusiness|Offer|OpeningHoursSpecification|Organization|PostalAddress|ProfessionalService|Question|Service|WebPage|WebSite,307,2,44,4,OK
/รับซื้อ/รับซื้อ-ssd-มหาสารคาม,service-x-location,dist/client/รับซื้อ/รับซื้อ-ssd-มหาสารคาม/index.html,yes,200,yes,/รับซื้อ/รับซื้อ-ssd-มหาสารคาม,yes,รับซื้อ SSD มหาสารคาม ประเมินราคาเบื้องต้น | Amphon.co.th,รับซื้อ SSD ในมหาสารคาม ประเมินราคาฟรี ส่งรูปเช็กราคาได้ ชำระเงินหลังตรวจสอบสินค้าและตกลงราคาเรียบร้อยแล้ว ติดต่อ Line @,รับซื้อ SSD มหาสารคาม ประเมินราคาเบื้องต้น,Answer|BreadcrumbList|ContactPoint|Country|FAQPage|GeoCoordinates|ImageObject|ListItem|LocalBusiness|Offer|OpeningHoursSpecification|Organization|PostalAddress|ProfessionalService|Question|Service|WebPage|WebSite,307,2,44,4,OK
/รับซื้อ/รับซื้อ-ssd-มุกดาหาร,service-x-location,dist/client/รับซื้อ/รับซื้อ-ssd-มุกดาหาร/index.html,yes,200,yes,/รับซื้อ/รับซื้อ-ssd-มุกดาหาร,yes,รับซื้อ SSD มุกดาหาร ประเมินราคาเบื้องต้น | Amphon.co.th,รับซื้อ SSD ในมุกดาหาร ประเมินราคาฟรี ส่งรูปเช็กราคาได้ ชำระเงินหลังตรวจสอบสินค้าและตกลงราคาเรียบร้อยแล้ว ติดต่อ Line @w,รับซื้อ SSD มุกดาหาร ประเมินราคาเบื้องต้น,Answer|BreadcrumbList|ContactPoint|Country|FAQPage|GeoCoordinates|ImageObject|ListItem|LocalBusiness|Offer|OpeningHoursSpecification|Organization|PostalAddress|ProfessionalService|Question|Service|WebPage|WebSite,300,2,44,4,OK
/รับซื้อ/รับซื้อ-ssd-ยโสธร,service-x-location,dist/client/รับซื้อ/รับซื้อ-ssd-ยโสธร/index.html,yes,200,yes,/รับซื้อ/รับซื้อ-ssd-ยโสธร,yes,รับซื้อ SSD ยโสธร ประเมินราคาเบื้องต้น | Amphon.co.th,รับซื้อ SSD ในยโสธร ประเมินราคาฟรี ส่งรูปเช็กราคาได้ ชำระเงินหลังตรวจสอบสินค้าและตกลงราคาเรียบร้อยแล้ว ติดต่อ Line @webu,รับซื้อ SSD ยโสธร ประเมินราคาเบื้องต้น,Answer|BreadcrumbList|ContactPoint|Country|FAQPage|GeoCoordinates|ImageObject|ListItem|LocalBusiness|Offer|OpeningHoursSpecification|Organization|PostalAddress|ProfessionalService|Question|Service|WebPage|WebSite,304,2,44,4,OK
/รับซื้อ/รับซื้อ-ssd-ร้อยเอ็ด,service-x-location,dist/client/รับซื้อ/รับซื้อ-ssd-ร้อยเอ็ด/index.html,yes,200,yes,/รับซื้อ/รับซื้อ-ssd-ร้อยเอ็ด,yes,รับซื้อ SSD ร้อยเอ็ด ประเมินราคาเบื้องต้น | Amphon.co.th,รับซื้อ SSD ในร้อยเอ็ด ประเมินราคาฟรี ส่งรูปเช็กราคาได้ ชำระเงินหลังตรวจสอบสินค้าและตกลงราคาเรียบร้อยแล้ว ติดต่อ Line @w,รับซื้อ SSD ร้อยเอ็ด ประเมินราคาเบื้องต้น,Answer|BreadcrumbList|ContactPoint|Country|FAQPage|GeoCoordinates|ImageObject|ListItem|LocalBusiness|Offer|OpeningHoursSpecification|Organization|PostalAddress|ProfessionalService|Question|Service|WebPage|WebSite,318,2,44,4,OK
/รับซื้อ/รับซื้อ-ssd-ศรีสะเกษ,service-x-location,dist/client/รับซื้อ/รับซื้อ-ssd-ศรีสะเกษ/index.html,yes,200,yes,/รับซื้อ/รับซื้อ-ssd-ศรีสะเกษ,yes,รับซื้อ SSD ศรีสะเกษ ประเมินราคาเบื้องต้น | Amphon.co.th,รับซื้อ SSD ในศรีสะเกษ ประเมินราคาฟรี ส่งรูปเช็กราคาได้ ชำระเงินหลังตรวจสอบสินค้าและตกลงราคาเรียบร้อยแล้ว ติดต่อ Line @w,รับซื้อ SSD ศรีสะเกษ ประเมินราคาเบื้องต้น,Answer|BreadcrumbList|ContactPoint|Country|FAQPage|GeoCoordinates|ImageObject|ListItem|LocalBusiness|Offer|OpeningHoursSpecification|Organization|PostalAddress|ProfessionalService|Question|Service|WebPage|WebSite,305,2,44,4,OK
/รับซื้อ/รับซื้อ-ssd-สกลนคร,service-x-location,dist/client/รับซื้อ/รับซื้อ-ssd-สกลนคร/index.html,yes,200,yes,/รับซื้อ/รับซื้อ-ssd-สกลนคร,yes,รับซื้อ SSD สกลนคร ประเมินราคาเบื้องต้น | Amphon.co.th,รับซื้อ SSD ในสกลนคร ประเมินราคาฟรี ส่งรูปเช็กราคาได้ ชำระเงินหลังตรวจสอบสินค้าและตกลงราคาเรียบร้อยแล้ว ติดต่อ Line @web,รับซื้อ SSD สกลนคร ประเมินราคาเบื้องต้น,Answer|BreadcrumbList|ContactPoint|Country|FAQPage|GeoCoordinates|ImageObject|ListItem|LocalBusiness|Offer|OpeningHoursSpecification|Organization|PostalAddress|ProfessionalService|Question|Service|WebPage|WebSite,319,2,44,4,OK
/รับซื้อ/รับซื้อ-ssd-สุรินทร์,service-x-location,dist/client/รับซื้อ/รับซื้อ-ssd-สุรินทร์/index.html,yes,200,yes,/รับซื้อ/รับซื้อ-ssd-สุรินทร์,yes,รับซื้อ SSD สุรินทร์ ประเมินราคาเบื้องต้น | Amphon.co.th,รับซื้อ SSD ในสุรินทร์ ประเมินราคาฟรี ส่งรูปเช็กราคาได้ ชำระเงินหลังตรวจสอบสินค้าและตกลงราคาเรียบร้อยแล้ว ติดต่อ Line @w,รับซื้อ SSD สุรินทร์ ประเมินราคาเบื้องต้น,Answer|BreadcrumbList|ContactPoint|Country|FAQPage|GeoCoordinates|ImageObject|ListItem|LocalBusiness|Offer|OpeningHoursSpecification|Organization|PostalAddress|ProfessionalService|Question|Service|WebPage|WebSite,304,2,44,4,OK
/รับซื้อ/รับซื้อ-ssd-หนองคาย,service-x-location,dist/client/รับซื้อ/รับซื้อ-ssd-หนองคาย/index.html,yes,200,yes,/รับซื้อ/รับซื้อ-ssd-หนองคาย,yes,รับซื้อ SSD หนองคาย ประเมินราคาเบื้องต้น | Amphon.co.th,รับซื้อ SSD ในหนองคาย ประเมินราคาฟรี ส่งรูปเช็กราคาได้ ชำระเงินหลังตรวจสอบสินค้าและตกลงราคาเรียบร้อยแล้ว ติดต่อ Line @we,รับซื้อ SSD หนองคาย ประเมินราคาเบื้องต้น,Answer|BreadcrumbList|ContactPoint|Country|FAQPage|GeoCoordinates|ImageObject|ListItem|LocalBusiness|Offer|OpeningHoursSpecification|Organization|PostalAddress|ProfessionalService|Question|Service|WebPage|WebSite,304,2,44,4,OK
/รับซื้อ/รับซื้อ-ssd-หนองบัวลำภู,service-x-location,dist/client/รับซื้อ/รับซื้อ-ssd-หนองบัวลำภู/index.html,yes,200,yes,/รับซื้อ/รับซื้อ-ssd-หนองบัวลำภู,yes,รับซื้อ SSD หนองบัวลำภู ประเมินราคาเบื้องต้น | Amphon.co.th,รับซื้อ SSD ในหนองบัวลำภู ประเมินราคาฟรี ส่งรูปเช็กราคาได้ ชำระเงินหลังตรวจสอบสินค้าและตกลงราคาเรียบร้อยแล้ว ติดต่อ Line,รับซื้อ SSD หนองบัวลำภู ประเมินราคาเบื้องต้น,Answer|BreadcrumbList|ContactPoint|Country|FAQPage|GeoCoordinates|ImageObject|ListItem|LocalBusiness|Offer|OpeningHoursSpecification|Organization|PostalAddress|ProfessionalService|Question|Service|WebPage|WebSite,296,2,44,4,OK
/รับซื้อ/รับซื้อ-ssd-อำนาจเจริญ,service-x-location,dist/client/รับซื้อ/รับซื้อ-ssd-อำนาจเจริญ/index.html,yes,200,yes,/รับซื้อ/รับซื้อ-ssd-อำนาจเจริญ,yes,รับซื้อ SSD อำนาจเจริญ ประเมินราคาเบื้องต้น | Amphon.co.th,รับซื้อ SSD ในอำนาจเจริญ ประเมินราคาฟรี ส่งรูปเช็กราคาได้ ชำระเงินหลังตรวจสอบสินค้าและตกลงราคาเรียบร้อยแล้ว ติดต่อ Line ,รับซื้อ SSD อำนาจเจริญ ประเมินราคาเบื้องต้น,Answer|BreadcrumbList|ContactPoint|Country|FAQPage|GeoCoordinates|ImageObject|ListItem|LocalBusiness|Offer|OpeningHoursSpecification|Organization|PostalAddress|ProfessionalService|Question|Service|WebPage|WebSite,299,2,44,4,OK
/รับซื้อ/รับซื้อ-ssd-อุดรธานี,service-x-location,dist/client/รับซื้อ/รับซื้อ-ssd-อุดรธานี/index.html,yes,200,yes,/รับซื้อ/รับซื้อ-ssd-อุดรธานี,yes,รับซื้อ SSD อุดรธานี ประเมินราคาเบื้องต้น | Amphon.co.th,รับซื้อ SSD ในอุดรธานี ประเมินราคาฟรี ส่งรูปเช็กราคาได้ ชำระเงินหลังตรวจสอบสินค้าและตกลงราคาเรียบร้อยแล้ว ติดต่อ Line @w,รับซื้อ SSD อุดรธานี ประเมินราคาเบื้องต้น,Answer|BreadcrumbList|ContactPoint|Country|FAQPage|GeoCoordinates|ImageObject|ListItem|LocalBusiness|Offer|OpeningHoursSpecification|Organization|PostalAddress|ProfessionalService|Question|Service|WebPage|WebSite,306,2,44,4,OK
/รับซื้อ/รับซื้อ-ssd-อุบลราชธานี,service-x-location,dist/client/รับซื้อ/รับซื้อ-ssd-อุบลราชธานี/index.html,yes,200,yes,/รับซื้อ/รับซื้อ-ssd-อุบลราชธานี,yes,รับซื้อ SSD อุบลราชธานี ประเมินราคาเบื้องต้น | Amphon.co.th,รับซื้อ SSD ในอุบลราชธานี ประเมินราคาฟรี ส่งรูปเช็กราคาได้ ชำระเงินหลังตรวจสอบสินค้าและตกลงราคาเรียบร้อยแล้ว ติดต่อ Line,รับซื้อ SSD อุบลราชธานี ประเมินราคาเบื้องต้น,Answer|BreadcrumbList|ContactPoint|Country|FAQPage|GeoCoordinates|ImageObject|ListItem|LocalBusiness|Offer|OpeningHoursSpecification|Organization|PostalAddress|ProfessionalService|Question|Service|WebPage|WebSite,300,2,44,4,OK
/รับซื้อ/รับซื้อ-ssd-เลย,service-x-location,dist/client/รับซื้อ/รับซื้อ-ssd-เลย/index.html,yes,200,yes,/รับซื้อ/รับซื้อ-ssd-เลย,yes,รับซื้อ SSD เลย ประเมินราคาเบื้องต้น | Amphon.co.th,รับซื้อ SSD ในเลย ประเมินราคาฟรี ส่งรูปเช็กราคาได้ ชำระเงินหลังตรวจสอบสินค้าและตกลงราคาเรียบร้อยแล้ว ติดต่อ Line @webuy ,รับซื้อ SSD เลย ประเมินราคาเบื้องต้น,Answer|BreadcrumbList|ContactPoint|Country|FAQPage|GeoCoordinates|ImageObject|ListItem|LocalBusiness|Offer|OpeningHoursSpecification|Organization|PostalAddress|ProfessionalService|Question|Service|WebPage|WebSite,312,2,44,4,OK
/รับซื้อ/รับซื้อ-surface-กาฬสินธุ์,service-x-location,dist/client/รับซื้อ/รับซื้อ-surface-กาฬสินธุ์/index.html,yes,200,yes,/รับซื้อ/รับซื้อ-surface-กาฬสินธุ์,yes,รับซื้อ Surface กาฬสินธุ์ ประเมินราคาเบื้องต้น | Amphon.co.th,รับซื้อ Surface ในกาฬสินธุ์ ประเมินราคาฟรี ส่งรูปเช็กราคาได้ ชำระเงินหลังตรวจสอบสินค้าและตกลงราคาเรียบร้อยแล้ว ติดต่อ Li,รับซื้อ Surface กาฬสินธุ์ ประเมินราคาเบื้องต้น,Answer|BreadcrumbList|ContactPoint|Country|FAQPage|GeoCoordinates|ImageObject|ListItem|LocalBusiness|Offer|OpeningHoursSpecification|Organization|PostalAddress|ProfessionalService|Question|Service|WebPage|WebSite,313,2,44,4,OK
/รับซื้อ/รับซื้อ-surface-ขอนแก่น,service-x-location,dist/client/รับซื้อ/รับซื้อ-surface-ขอนแก่น/index.html,yes,200,yes,/รับซื้อ/รับซื้อ-surface-ขอนแก่น,yes,รับซื้อ Surface ขอนแก่น ประเมินราคาเบื้องต้น | Amphon.co.th,รับซื้อ Surface ในขอนแก่น ประเมินราคาฟรี ส่งรูปเช็กราคาได้ ชำระเงินหลังตรวจสอบสินค้าและตกลงราคาเรียบร้อยแล้ว ติดต่อ Line,รับซื้อ Surface ขอนแก่น ประเมินราคาเบื้องต้น,Answer|BreadcrumbList|ContactPoint|Country|FAQPage|GeoCoordinates|ImageObject|ListItem|LocalBusiness|Offer|OpeningHoursSpecification|Organization|PostalAddress|ProfessionalService|Question|Service|WebPage|WebSite,324,2,44,4,OK
/รับซื้อ/รับซื้อ-surface-ชัยภูมิ,service-x-location,dist/client/รับซื้อ/รับซื้อ-surface-ชัยภูมิ/index.html,yes,200,yes,/รับซื้อ/รับซื้อ-surface-ชัยภูมิ,yes,รับซื้อ Surface ชัยภูมิ ประเมินราคาเบื้องต้น | Amphon.co.th,รับซื้อ Surface ในชัยภูมิ ประเมินราคาฟรี ส่งรูปเช็กราคาได้ ชำระเงินหลังตรวจสอบสินค้าและตกลงราคาเรียบร้อยแล้ว ติดต่อ Line,รับซื้อ Surface ชัยภูมิ ประเมินราคาเบื้องต้น,Answer|BreadcrumbList|ContactPoint|Country|FAQPage|GeoCoordinates|ImageObject|ListItem|LocalBusiness|Offer|OpeningHoursSpecification|Organization|PostalAddress|ProfessionalService|Question|Service|WebPage|WebSite,312,2,44,4,OK
/รับซื้อ/รับซื้อ-surface-นครพนม,service-x-location,dist/client/รับซื้อ/รับซื้อ-surface-นครพนม/index.html,yes,200,yes,/รับซื้อ/รับซื้อ-surface-นครพนม,yes,รับซื้อ Surface นครพนม ประเมินราคาเบื้องต้น | Amphon.co.th,รับซื้อ Surface ในนครพนม ประเมินราคาฟรี ส่งรูปเช็กราคาได้ ชำระเงินหลังตรวจสอบสินค้าและตกลงราคาเรียบร้อยแล้ว ติดต่อ Line ,รับซื้อ Surface นครพนม ประเมินราคาเบื้องต้น,Answer|BreadcrumbList|ContactPoint|Country|FAQPage|GeoCoordinates|ImageObject|ListItem|LocalBusiness|Offer|OpeningHoursSpecification|Organization|PostalAddress|ProfessionalService|Question|Service|WebPage|WebSite,309,2,44,4,OK
/รับซื้อ/รับซื้อ-surface-นครราชสีมา,service-x-location,dist/client/รับซื้อ/รับซื้อ-surface-นครราชสีมา/index.html,yes,200,yes,/รับซื้อ/รับซื้อ-surface-นครราชสีมา,yes,รับซื้อ Surface นครราชสีมา ประเมินราคาเบื้องต้น | Amphon.co.th,รับซื้อ Surface ในนครราชสีมา ประเมินราคาฟรี ส่งรูปเช็กราคาได้ ชำระเงินหลังตรวจสอบสินค้าและตกลงราคาเรียบร้อยแล้ว ติดต่อ L,รับซื้อ Surface นครราชสีมา ประเมินราคาเบื้องต้น,Answer|BreadcrumbList|ContactPoint|Country|FAQPage|GeoCoordinates|ImageObject|ListItem|LocalBusiness|Offer|OpeningHoursSpecification|Organization|PostalAddress|ProfessionalService|Question|Service|WebPage|WebSite,331,2,44,4,OK
/รับซื้อ/รับซื้อ-surface-บึงกาฬ,service-x-location,dist/client/รับซื้อ/รับซื้อ-surface-บึงกาฬ/index.html,yes,200,yes,/รับซื้อ/รับซื้อ-surface-บึงกาฬ,yes,รับซื้อ Surface บึงกาฬ ประเมินราคาเบื้องต้น | Amphon.co.th,รับซื้อ Surface ในบึงกาฬ ประเมินราคาฟรี ส่งรูปเช็กราคาได้ ชำระเงินหลังตรวจสอบสินค้าและตกลงราคาเรียบร้อยแล้ว ติดต่อ Line ,รับซื้อ Surface บึงกาฬ ประเมินราคาเบื้องต้น,Answer|BreadcrumbList|ContactPoint|Country|FAQPage|GeoCoordinates|ImageObject|ListItem|LocalBusiness|Offer|OpeningHoursSpecification|Organization|PostalAddress|ProfessionalService|Question|Service|WebPage|WebSite,301,2,44,4,OK
/รับซื้อ/รับซื้อ-surface-บุรีรัมย์,service-x-location,dist/client/รับซื้อ/รับซื้อ-surface-บุรีรัมย์/index.html,yes,200,yes,/รับซื้อ/รับซื้อ-surface-บุรีรัมย์,yes,รับซื้อ Surface บุรีรัมย์ ประเมินราคาเบื้องต้น | Amphon.co.th,รับซื้อ Surface ในบุรีรัมย์ ประเมินราคาฟรี ส่งรูปเช็กราคาได้ ชำระเงินหลังตรวจสอบสินค้าและตกลงราคาเรียบร้อยแล้ว ติดต่อ Li,รับซื้อ Surface บุรีรัมย์ ประเมินราคาเบื้องต้น,Answer|BreadcrumbList|ContactPoint|Country|FAQPage|GeoCoordinates|ImageObject|ListItem|LocalBusiness|Offer|OpeningHoursSpecification|Organization|PostalAddress|ProfessionalService|Question|Service|WebPage|WebSite,305,2,44,4,OK
/รับซื้อ/รับซื้อ-surface-มหาสารคาม,service-x-location,dist/client/รับซื้อ/รับซื้อ-surface-มหาสารคาม/index.html,yes,200,yes,/รับซื้อ/รับซื้อ-surface-มหาสารคาม,yes,รับซื้อ Surface มหาสารคาม ประเมินราคาเบื้องต้น | Amphon.co.th,รับซื้อ Surface ในมหาสารคาม ประเมินราคาฟรี ส่งรูปเช็กราคาได้ ชำระเงินหลังตรวจสอบสินค้าและตกลงราคาเรียบร้อยแล้ว ติดต่อ Li,รับซื้อ Surface มหาสารคาม ประเมินราคาเบื้องต้น,Answer|BreadcrumbList|ContactPoint|Country|FAQPage|GeoCoordinates|ImageObject|ListItem|LocalBusiness|Offer|OpeningHoursSpecification|Organization|PostalAddress|ProfessionalService|Question|Service|WebPage|WebSite,305,2,44,4,OK
/รับซื้อ/รับซื้อ-surface-มุกดาหาร,service-x-location,dist/client/รับซื้อ/รับซื้อ-surface-มุกดาหาร/index.html,yes,200,yes,/รับซื้อ/รับซื้อ-surface-มุกดาหาร,yes,รับซื้อ Surface มุกดาหาร ประเมินราคาเบื้องต้น | Amphon.co.th,รับซื้อ Surface ในมุกดาหาร ประเมินราคาฟรี ส่งรูปเช็กราคาได้ ชำระเงินหลังตรวจสอบสินค้าและตกลงราคาเรียบร้อยแล้ว ติดต่อ Lin,รับซื้อ Surface มุกดาหาร ประเมินราคาเบื้องต้น,Answer|BreadcrumbList|ContactPoint|Country|FAQPage|GeoCoordinates|ImageObject|ListItem|LocalBusiness|Offer|OpeningHoursSpecification|Organization|PostalAddress|ProfessionalService|Question|Service|WebPage|WebSite,298,2,44,4,OK
/รับซื้อ/รับซื้อ-surface-ยโสธร,service-x-location,dist/client/รับซื้อ/รับซื้อ-surface-ยโสธร/index.html,yes,200,yes,/รับซื้อ/รับซื้อ-surface-ยโสธร,yes,รับซื้อ Surface ยโสธร ประเมินราคาเบื้องต้น | Amphon.co.th,รับซื้อ Surface ในยโสธร ประเมินราคาฟรี ส่งรูปเช็กราคาได้ ชำระเงินหลังตรวจสอบสินค้าและตกลงราคาเรียบร้อยแล้ว ติดต่อ Line @,รับซื้อ Surface ยโสธร ประเมินราคาเบื้องต้น,Answer|BreadcrumbList|ContactPoint|Country|FAQPage|GeoCoordinates|ImageObject|ListItem|LocalBusiness|Offer|OpeningHoursSpecification|Organization|PostalAddress|ProfessionalService|Question|Service|WebPage|WebSite,302,2,44,4,OK
/รับซื้อ/รับซื้อ-surface-ร้อยเอ็ด,service-x-location,dist/client/รับซื้อ/รับซื้อ-surface-ร้อยเอ็ด/index.html,yes,200,yes,/รับซื้อ/รับซื้อ-surface-ร้อยเอ็ด,yes,รับซื้อ Surface ร้อยเอ็ด ประเมินราคาเบื้องต้น | Amphon.co.th,รับซื้อ Surface ในร้อยเอ็ด ประเมินราคาฟรี ส่งรูปเช็กราคาได้ ชำระเงินหลังตรวจสอบสินค้าและตกลงราคาเรียบร้อยแล้ว ติดต่อ Lin,รับซื้อ Surface ร้อยเอ็ด ประเมินราคาเบื้องต้น,Answer|BreadcrumbList|ContactPoint|Country|FAQPage|GeoCoordinates|ImageObject|ListItem|LocalBusiness|Offer|OpeningHoursSpecification|Organization|PostalAddress|ProfessionalService|Question|Service|WebPage|WebSite,316,2,44,4,OK
/รับซื้อ/รับซื้อ-surface-ศรีสะเกษ,service-x-location,dist/client/รับซื้อ/รับซื้อ-surface-ศรีสะเกษ/index.html,yes,200,yes,/รับซื้อ/รับซื้อ-surface-ศรีสะเกษ,yes,รับซื้อ Surface ศรีสะเกษ ประเมินราคาเบื้องต้น | Amphon.co.th,รับซื้อ Surface ในศรีสะเกษ ประเมินราคาฟรี ส่งรูปเช็กราคาได้ ชำระเงินหลังตรวจสอบสินค้าและตกลงราคาเรียบร้อยแล้ว ติดต่อ Lin,รับซื้อ Surface ศรีสะเกษ ประเมินราคาเบื้องต้น,Answer|BreadcrumbList|ContactPoint|Country|FAQPage|GeoCoordinates|ImageObject|ListItem|LocalBusiness|Offer|OpeningHoursSpecification|Organization|PostalAddress|ProfessionalService|Question|Service|WebPage|WebSite,303,2,44,4,OK
/รับซื้อ/รับซื้อ-surface-สกลนคร,service-x-location,dist/client/รับซื้อ/รับซื้อ-surface-สกลนคร/index.html,yes,200,yes,/รับซื้อ/รับซื้อ-surface-สกลนคร,yes,รับซื้อ Surface สกลนคร ประเมินราคาเบื้องต้น | Amphon.co.th,รับซื้อ Surface ในสกลนคร ประเมินราคาฟรี ส่งรูปเช็กราคาได้ ชำระเงินหลังตรวจสอบสินค้าและตกลงราคาเรียบร้อยแล้ว ติดต่อ Line ,รับซื้อ Surface สกลนคร ประเมินราคาเบื้องต้น,Answer|BreadcrumbList|ContactPoint|Country|FAQPage|GeoCoordinates|ImageObject|ListItem|LocalBusiness|Offer|OpeningHoursSpecification|Organization|PostalAddress|ProfessionalService|Question|Service|WebPage|WebSite,317,2,44,4,OK
/รับซื้อ/รับซื้อ-surface-สุรินทร์,service-x-location,dist/client/รับซื้อ/รับซื้อ-surface-สุรินทร์/index.html,yes,200,yes,/รับซื้อ/รับซื้อ-surface-สุรินทร์,yes,รับซื้อ Surface สุรินทร์ ประเมินราคาเบื้องต้น | Amphon.co.th,รับซื้อ Surface ในสุรินทร์ ประเมินราคาฟรี ส่งรูปเช็กราคาได้ ชำระเงินหลังตรวจสอบสินค้าและตกลงราคาเรียบร้อยแล้ว ติดต่อ Lin,รับซื้อ Surface สุรินทร์ ประเมินราคาเบื้องต้น,Answer|BreadcrumbList|ContactPoint|Country|FAQPage|GeoCoordinates|ImageObject|ListItem|LocalBusiness|Offer|OpeningHoursSpecification|Organization|PostalAddress|ProfessionalService|Question|Service|WebPage|WebSite,302,2,44,4,OK
/รับซื้อ/รับซื้อ-surface-หนองคาย,service-x-location,dist/client/รับซื้อ/รับซื้อ-surface-หนองคาย/index.html,yes,200,yes,/รับซื้อ/รับซื้อ-surface-หนองคาย,yes,รับซื้อ Surface หนองคาย ประเมินราคาเบื้องต้น | Amphon.co.th,รับซื้อ Surface ในหนองคาย ประเมินราคาฟรี ส่งรูปเช็กราคาได้ ชำระเงินหลังตรวจสอบสินค้าและตกลงราคาเรียบร้อยแล้ว ติดต่อ Line,รับซื้อ Surface หนองคาย ประเมินราคาเบื้องต้น,Answer|BreadcrumbList|ContactPoint|Country|FAQPage|GeoCoordinates|ImageObject|ListItem|LocalBusiness|Offer|OpeningHoursSpecification|Organization|PostalAddress|ProfessionalService|Question|Service|WebPage|WebSite,302,2,44,4,OK
/รับซื้อ/รับซื้อ-surface-หนองบัวลำภู,service-x-location,dist/client/รับซื้อ/รับซื้อ-surface-หนองบัวลำภู/index.html,yes,200,yes,/รับซื้อ/รับซื้อ-surface-หนองบัวลำภู,yes,รับซื้อ Surface หนองบัวลำภู ประเมินราคาเบื้องต้น | Amphon.co.th,รับซื้อ Surface ในหนองบัวลำภู ประเมินราคาฟรี ส่งรูปเช็กราคาได้ ชำระเงินหลังตรวจสอบสินค้าและตกลงราคาเรียบร้อยแล้ว ติดต่อ ,รับซื้อ Surface หนองบัวลำภู ประเมินราคาเบื้องต้น,Answer|BreadcrumbList|ContactPoint|Country|FAQPage|GeoCoordinates|ImageObject|ListItem|LocalBusiness|Offer|OpeningHoursSpecification|Organization|PostalAddress|ProfessionalService|Question|Service|WebPage|WebSite,294,2,44,4,OK
/รับซื้อ/รับซื้อ-surface-อำนาจเจริญ,service-x-location,dist/client/รับซื้อ/รับซื้อ-surface-อำนาจเจริญ/index.html,yes,200,yes,/รับซื้อ/รับซื้อ-surface-อำนาจเจริญ,yes,รับซื้อ Surface อำนาจเจริญ ประเมินราคาเบื้องต้น | Amphon.co.th,รับซื้อ Surface ในอำนาจเจริญ ประเมินราคาฟรี ส่งรูปเช็กราคาได้ ชำระเงินหลังตรวจสอบสินค้าและตกลงราคาเรียบร้อยแล้ว ติดต่อ L,รับซื้อ Surface อำนาจเจริญ ประเมินราคาเบื้องต้น,Answer|BreadcrumbList|ContactPoint|Country|FAQPage|GeoCoordinates|ImageObject|ListItem|LocalBusiness|Offer|OpeningHoursSpecification|Organization|PostalAddress|ProfessionalService|Question|Service|WebPage|WebSite,297,2,44,4,OK
/รับซื้อ/รับซื้อ-surface-อุดรธานี,service-x-location,dist/client/รับซื้อ/รับซื้อ-surface-อุดรธานี/index.html,yes,200,yes,/รับซื้อ/รับซื้อ-surface-อุดรธานี,yes,รับซื้อ Surface อุดรธานี ประเมินราคาเบื้องต้น | Amphon.co.th,รับซื้อ Surface ในอุดรธานี ประเมินราคาฟรี ส่งรูปเช็กราคาได้ ชำระเงินหลังตรวจสอบสินค้าและตกลงราคาเรียบร้อยแล้ว ติดต่อ Lin,รับซื้อ Surface อุดรธานี ประเมินราคาเบื้องต้น,Answer|BreadcrumbList|ContactPoint|Country|FAQPage|GeoCoordinates|ImageObject|ListItem|LocalBusiness|Offer|OpeningHoursSpecification|Organization|PostalAddress|ProfessionalService|Question|Service|WebPage|WebSite,304,2,44,4,OK
/รับซื้อ/รับซื้อ-surface-อุบลราชธานี,service-x-location,dist/client/รับซื้อ/รับซื้อ-surface-อุบลราชธานี/index.html,yes,200,yes,/รับซื้อ/รับซื้อ-surface-อุบลราชธานี,yes,รับซื้อ Surface อุบลราชธานี ประเมินราคาเบื้องต้น | Amphon.co.th,รับซื้อ Surface ในอุบลราชธานี ประเมินราคาฟรี ส่งรูปเช็กราคาได้ ชำระเงินหลังตรวจสอบสินค้าและตกลงราคาเรียบร้อยแล้ว ติดต่อ ,รับซื้อ Surface อุบลราชธานี ประเมินราคาเบื้องต้น,Answer|BreadcrumbList|ContactPoint|Country|FAQPage|GeoCoordinates|ImageObject|ListItem|LocalBusiness|Offer|OpeningHoursSpecification|Organization|PostalAddress|ProfessionalService|Question|Service|WebPage|WebSite,298,2,44,4,OK
/รับซื้อ/รับซื้อ-surface-เลย,service-x-location,dist/client/รับซื้อ/รับซื้อ-surface-เลย/index.html,yes,200,yes,/รับซื้อ/รับซื้อ-surface-เลย,yes,รับซื้อ Surface เลย ประเมินราคาเบื้องต้น | Amphon.co.th,รับซื้อ Surface ในเลย ประเมินราคาฟรี ส่งรูปเช็กราคาได้ ชำระเงินหลังตรวจสอบสินค้าและตกลงราคาเรียบร้อยแล้ว ติดต่อ Line @we,รับซื้อ Surface เลย ประเมินราคาเบื้องต้น,Answer|BreadcrumbList|ContactPoint|Country|FAQPage|GeoCoordinates|ImageObject|ListItem|LocalBusiness|Offer|OpeningHoursSpecification|Organization|PostalAddress|ProfessionalService|Question|Service|WebPage|WebSite,310,2,44,4,OK
/รับซื้อ/รับซื้อ-ups-กาฬสินธุ์,service-x-location,dist/client/รับซื้อ/รับซื้อ-ups-กาฬสินธุ์/index.html,yes,200,yes,/รับซื้อ/รับซื้อ-ups-กาฬสินธุ์,yes,รับซื้อ UPS และเครื่องสำรองไฟ กาฬสินธุ์ ประเมินราคาฟรี นัดรับหรือประสานขนส่งตามข้อตกลง | Amphon.co.th,รับซื้อ UPS และเครื่องสำรองไฟ ใน กาฬสินธุ์ ประเมินราคาตามประเภท รุ่น สเปก สภาพ จำนวน และความต้องการตลาด ประเมินราคาฟรีผ่,รับซื้อ UPS และเครื่องสำรองไฟ กาฬสินธุ์ ประเมินราคาฟรี นัดรับหรือประสานขนส่งตามข้อตกลง,BreadcrumbList|ContactPoint|Country|GeoCoordinates|ImageObject|ListItem|LocalBusiness|Offer|OpeningHoursSpecification|Organization|PostalAddress|ProfessionalService|Service|WebPage|WebSite,128,2,44,4,OK
/รับซื้อ/รับซื้อ-ups-ขอนแก่น,service-x-location,dist/client/รับซื้อ/รับซื้อ-ups-ขอนแก่น/index.html,yes,200,yes,/รับซื้อ/รับซื้อ-ups-ขอนแก่น,yes,รับซื้อ UPS และเครื่องสำรองไฟ ขอนแก่น ประเมินราคาฟรี นัดรับหรือประสานขนส่งตามข้อตกลง | Amphon.co.th,รับซื้อ UPS และเครื่องสำรองไฟ ใน ขอนแก่น ประเมินราคาตามประเภท รุ่น สเปก สภาพ จำนวน และความต้องการตลาด ประเมินราคาฟรีผ่าน,รับซื้อ UPS และเครื่องสำรองไฟ ขอนแก่น ประเมินราคาฟรี นัดรับหรือประสานขนส่งตามข้อตกลง,BreadcrumbList|ContactPoint|Country|GeoCoordinates|ImageObject|ListItem|LocalBusiness|Offer|OpeningHoursSpecification|Organization|PostalAddress|ProfessionalService|Service|WebPage|WebSite,128,2,44,4,OK
/รับซื้อ/รับซื้อ-ups-ชัยภูมิ,service-x-location,dist/client/รับซื้อ/รับซื้อ-ups-ชัยภูมิ/index.html,yes,200,yes,/รับซื้อ/รับซื้อ-ups-ชัยภูมิ,yes,รับซื้อ UPS และเครื่องสำรองไฟ ชัยภูมิ ประเมินราคาฟรี นัดรับหรือประสานขนส่งตามข้อตกลง | Amphon.co.th,รับซื้อ UPS และเครื่องสำรองไฟ ใน ชัยภูมิ ประเมินราคาตามประเภท รุ่น สเปก สภาพ จำนวน และความต้องการตลาด ประเมินราคาฟรีผ่าน,รับซื้อ UPS และเครื่องสำรองไฟ ชัยภูมิ ประเมินราคาฟรี นัดรับหรือประสานขนส่งตามข้อตกลง,BreadcrumbList|ContactPoint|Country|GeoCoordinates|ImageObject|ListItem|LocalBusiness|Offer|OpeningHoursSpecification|Organization|PostalAddress|ProfessionalService|Service|WebPage|WebSite,129,2,44,4,OK
/รับซื้อ/รับซื้อ-ups-นครพนม,service-x-location,dist/client/รับซื้อ/รับซื้อ-ups-นครพนม/index.html,yes,200,yes,/รับซื้อ/รับซื้อ-ups-นครพนม,yes,รับซื้อ UPS และเครื่องสำรองไฟ นครพนม ประเมินราคาฟรี นัดรับหรือประสานขนส่งตามข้อตกลง | Amphon.co.th,รับซื้อ UPS และเครื่องสำรองไฟ ใน นครพนม ประเมินราคาตามประเภท รุ่น สเปก สภาพ จำนวน และความต้องการตลาด ประเมินราคาฟรีผ่าน ,รับซื้อ UPS และเครื่องสำรองไฟ นครพนม ประเมินราคาฟรี นัดรับหรือประสานขนส่งตามข้อตกลง,BreadcrumbList|ContactPoint|Country|GeoCoordinates|ImageObject|ListItem|LocalBusiness|Offer|OpeningHoursSpecification|Organization|PostalAddress|ProfessionalService|Service|WebPage|WebSite,129,2,44,4,OK
/รับซื้อ/รับซื้อ-ups-นครราชสีมา,service-x-location,dist/client/รับซื้อ/รับซื้อ-ups-นครราชสีมา/index.html,yes,200,yes,/รับซื้อ/รับซื้อ-ups-นครราชสีมา,yes,รับซื้อ UPS และเครื่องสำรองไฟ นครราชสีมา ประเมินราคาฟรี นัดรับหรือประสานขนส่งตามข้อตกลง | Amphon.co.th,รับซื้อ UPS และเครื่องสำรองไฟ ใน นครราชสีมา ประเมินราคาตามประเภท รุ่น สเปก สภาพ จำนวน และความต้องการตลาด ประเมินราคาฟรีผ,รับซื้อ UPS และเครื่องสำรองไฟ นครราชสีมา ประเมินราคาฟรี นัดรับหรือประสานขนส่งตามข้อตกลง,BreadcrumbList|ContactPoint|Country|GeoCoordinates|ImageObject|ListItem|LocalBusiness|Offer|OpeningHoursSpecification|Organization|PostalAddress|ProfessionalService|Service|WebPage|WebSite,129,2,44,4,OK
/รับซื้อ/รับซื้อ-ups-บึงกาฬ,service-x-location,dist/client/รับซื้อ/รับซื้อ-ups-บึงกาฬ/index.html,yes,200,yes,/รับซื้อ/รับซื้อ-ups-บึงกาฬ,yes,รับซื้อ UPS และเครื่องสำรองไฟ บึงกาฬ ประเมินราคาฟรี นัดรับหรือประสานขนส่งตามข้อตกลง | Amphon.co.th,รับซื้อ UPS และเครื่องสำรองไฟ ใน บึงกาฬ ประเมินราคาตามประเภท รุ่น สเปก สภาพ จำนวน และความต้องการตลาด ประเมินราคาฟรีผ่าน ,รับซื้อ UPS และเครื่องสำรองไฟ บึงกาฬ ประเมินราคาฟรี นัดรับหรือประสานขนส่งตามข้อตกลง,BreadcrumbList|ContactPoint|Country|GeoCoordinates|ImageObject|ListItem|LocalBusiness|Offer|OpeningHoursSpecification|Organization|PostalAddress|ProfessionalService|Service|WebPage|WebSite,128,2,44,4,OK
/รับซื้อ/รับซื้อ-ups-บุรีรัมย์,service-x-location,dist/client/รับซื้อ/รับซื้อ-ups-บุรีรัมย์/index.html,yes,200,yes,/รับซื้อ/รับซื้อ-ups-บุรีรัมย์,yes,รับซื้อ UPS และเครื่องสำรองไฟ บุรีรัมย์ ประเมินราคาฟรี นัดรับหรือประสานขนส่งตามข้อตกลง | Amphon.co.th,รับซื้อ UPS และเครื่องสำรองไฟ ใน บุรีรัมย์ ประเมินราคาตามประเภท รุ่น สเปก สภาพ จำนวน และความต้องการตลาด ประเมินราคาฟรีผ่,รับซื้อ UPS และเครื่องสำรองไฟ บุรีรัมย์ ประเมินราคาฟรี นัดรับหรือประสานขนส่งตามข้อตกลง,BreadcrumbList|ContactPoint|Country|GeoCoordinates|ImageObject|ListItem|LocalBusiness|Offer|OpeningHoursSpecification|Organization|PostalAddress|ProfessionalService|Service|WebPage|WebSite,128,2,44,4,OK
/รับซื้อ/รับซื้อ-ups-มหาสารคาม,service-x-location,dist/client/รับซื้อ/รับซื้อ-ups-มหาสารคาม/index.html,yes,200,yes,/รับซื้อ/รับซื้อ-ups-มหาสารคาม,yes,รับซื้อ UPS และเครื่องสำรองไฟ มหาสารคาม ประเมินราคาฟรี นัดรับหรือประสานขนส่งตามข้อตกลง | Amphon.co.th,รับซื้อ UPS และเครื่องสำรองไฟ ใน มหาสารคาม ประเมินราคาตามประเภท รุ่น สเปก สภาพ จำนวน และความต้องการตลาด ประเมินราคาฟรีผ่,รับซื้อ UPS และเครื่องสำรองไฟ มหาสารคาม ประเมินราคาฟรี นัดรับหรือประสานขนส่งตามข้อตกลง,BreadcrumbList|ContactPoint|Country|GeoCoordinates|ImageObject|ListItem|LocalBusiness|Offer|OpeningHoursSpecification|Organization|PostalAddress|ProfessionalService|Service|WebPage|WebSite,129,2,44,4,OK
/รับซื้อ/รับซื้อ-ups-มุกดาหาร,service-x-location,dist/client/รับซื้อ/รับซื้อ-ups-มุกดาหาร/index.html,yes,200,yes,/รับซื้อ/รับซื้อ-ups-มุกดาหาร,yes,รับซื้อ UPS และเครื่องสำรองไฟ มุกดาหาร ประเมินราคาฟรี นัดรับหรือประสานขนส่งตามข้อตกลง | Amphon.co.th,รับซื้อ UPS และเครื่องสำรองไฟ ใน มุกดาหาร ประเมินราคาตามประเภท รุ่น สเปก สภาพ จำนวน และความต้องการตลาด ประเมินราคาฟรีผ่า,รับซื้อ UPS และเครื่องสำรองไฟ มุกดาหาร ประเมินราคาฟรี นัดรับหรือประสานขนส่งตามข้อตกลง,BreadcrumbList|ContactPoint|Country|GeoCoordinates|ImageObject|ListItem|LocalBusiness|Offer|OpeningHoursSpecification|Organization|PostalAddress|ProfessionalService|Service|WebPage|WebSite,128,2,44,4,OK
/รับซื้อ/รับซื้อ-ups-ยโสธร,service-x-location,dist/client/รับซื้อ/รับซื้อ-ups-ยโสธร/index.html,yes,200,yes,/รับซื้อ/รับซื้อ-ups-ยโสธร,yes,รับซื้อ UPS และเครื่องสำรองไฟ ยโสธร ประเมินราคาฟรี นัดรับหรือประสานขนส่งตามข้อตกลง | Amphon.co.th,รับซื้อ UPS และเครื่องสำรองไฟ ใน ยโสธร ประเมินราคาตามประเภท รุ่น สเปก สภาพ จำนวน และความต้องการตลาด ประเมินราคาฟรีผ่าน L,รับซื้อ UPS และเครื่องสำรองไฟ ยโสธร ประเมินราคาฟรี นัดรับหรือประสานขนส่งตามข้อตกลง,BreadcrumbList|ContactPoint|Country|GeoCoordinates|ImageObject|ListItem|LocalBusiness|Offer|OpeningHoursSpecification|Organization|PostalAddress|ProfessionalService|Service|WebPage|WebSite,128,2,44,4,OK
/รับซื้อ/รับซื้อ-ups-ร้อยเอ็ด,service-x-location,dist/client/รับซื้อ/รับซื้อ-ups-ร้อยเอ็ด/index.html,yes,200,yes,/รับซื้อ/รับซื้อ-ups-ร้อยเอ็ด,yes,รับซื้อ UPS และเครื่องสำรองไฟ ร้อยเอ็ด ประเมินราคาฟรี นัดรับหรือประสานขนส่งตามข้อตกลง | Amphon.co.th,รับซื้อ UPS และเครื่องสำรองไฟ ใน ร้อยเอ็ด ประเมินราคาตามประเภท รุ่น สเปก สภาพ จำนวน และความต้องการตลาด ประเมินราคาฟรีผ่า,รับซื้อ UPS และเครื่องสำรองไฟ ร้อยเอ็ด ประเมินราคาฟรี นัดรับหรือประสานขนส่งตามข้อตกลง,BreadcrumbList|ContactPoint|Country|GeoCoordinates|ImageObject|ListItem|LocalBusiness|Offer|OpeningHoursSpecification|Organization|PostalAddress|ProfessionalService|Service|WebPage|WebSite,129,2,44,4,OK
/รับซื้อ/รับซื้อ-ups-ศรีสะเกษ,service-x-location,dist/client/รับซื้อ/รับซื้อ-ups-ศรีสะเกษ/index.html,yes,200,yes,/รับซื้อ/รับซื้อ-ups-ศรีสะเกษ,yes,รับซื้อ UPS และเครื่องสำรองไฟ ศรีสะเกษ ประเมินราคาฟรี นัดรับหรือประสานขนส่งตามข้อตกลง | Amphon.co.th,รับซื้อ UPS และเครื่องสำรองไฟ ใน ศรีสะเกษ ประเมินราคาตามประเภท รุ่น สเปก สภาพ จำนวน และความต้องการตลาด ประเมินราคาฟรีผ่า,รับซื้อ UPS และเครื่องสำรองไฟ ศรีสะเกษ ประเมินราคาฟรี นัดรับหรือประสานขนส่งตามข้อตกลง,BreadcrumbList|ContactPoint|Country|GeoCoordinates|ImageObject|ListItem|LocalBusiness|Offer|OpeningHoursSpecification|Organization|PostalAddress|ProfessionalService|Service|WebPage|WebSite,129,2,44,4,OK
/รับซื้อ/รับซื้อ-ups-สกลนคร,service-x-location,dist/client/รับซื้อ/รับซื้อ-ups-สกลนคร/index.html,yes,200,yes,/รับซื้อ/รับซื้อ-ups-สกลนคร,yes,รับซื้อ UPS และเครื่องสำรองไฟ สกลนคร ประเมินราคาฟรี นัดรับหรือประสานขนส่งตามข้อตกลง | Amphon.co.th,รับซื้อ UPS และเครื่องสำรองไฟ ใน สกลนคร ประเมินราคาตามประเภท รุ่น สเปก สภาพ จำนวน และความต้องการตลาด ประเมินราคาฟรีผ่าน ,รับซื้อ UPS และเครื่องสำรองไฟ สกลนคร ประเมินราคาฟรี นัดรับหรือประสานขนส่งตามข้อตกลง,BreadcrumbList|ContactPoint|Country|GeoCoordinates|ImageObject|ListItem|LocalBusiness|Offer|OpeningHoursSpecification|Organization|PostalAddress|ProfessionalService|Service|WebPage|WebSite,129,2,44,4,OK
/รับซื้อ/รับซื้อ-ups-สุรินทร์,service-x-location,dist/client/รับซื้อ/รับซื้อ-ups-สุรินทร์/index.html,yes,200,yes,/รับซื้อ/รับซื้อ-ups-สุรินทร์,yes,รับซื้อ UPS และเครื่องสำรองไฟ สุรินทร์ ประเมินราคาฟรี นัดรับหรือประสานขนส่งตามข้อตกลง | Amphon.co.th,รับซื้อ UPS และเครื่องสำรองไฟ ใน สุรินทร์ ประเมินราคาตามประเภท รุ่น สเปก สภาพ จำนวน และความต้องการตลาด ประเมินราคาฟรีผ่า,รับซื้อ UPS และเครื่องสำรองไฟ สุรินทร์ ประเมินราคาฟรี นัดรับหรือประสานขนส่งตามข้อตกลง,BreadcrumbList|ContactPoint|Country|GeoCoordinates|ImageObject|ListItem|LocalBusiness|Offer|OpeningHoursSpecification|Organization|PostalAddress|ProfessionalService|Service|WebPage|WebSite,127,2,44,4,OK
/รับซื้อ/รับซื้อ-ups-หนองคาย,service-x-location,dist/client/รับซื้อ/รับซื้อ-ups-หนองคาย/index.html,yes,200,yes,/รับซื้อ/รับซื้อ-ups-หนองคาย,yes,รับซื้อ UPS และเครื่องสำรองไฟ หนองคาย ประเมินราคาฟรี นัดรับหรือประสานขนส่งตามข้อตกลง | Amphon.co.th,รับซื้อ UPS และเครื่องสำรองไฟ ใน หนองคาย ประเมินราคาตามประเภท รุ่น สเปก สภาพ จำนวน และความต้องการตลาด ประเมินราคาฟรีผ่าน,รับซื้อ UPS และเครื่องสำรองไฟ หนองคาย ประเมินราคาฟรี นัดรับหรือประสานขนส่งตามข้อตกลง,BreadcrumbList|ContactPoint|Country|GeoCoordinates|ImageObject|ListItem|LocalBusiness|Offer|OpeningHoursSpecification|Organization|PostalAddress|ProfessionalService|Service|WebPage|WebSite,129,2,44,4,OK
/รับซื้อ/รับซื้อ-ups-หนองบัวลำภู,service-x-location,dist/client/รับซื้อ/รับซื้อ-ups-หนองบัวลำภู/index.html,yes,200,yes,/รับซื้อ/รับซื้อ-ups-หนองบัวลำภู,yes,รับซื้อ UPS และเครื่องสำรองไฟ หนองบัวลำภู ประเมินราคาฟรี นัดรับหรือประสานขนส่งตามข้อตกลง | Amphon.co.th,รับซื้อ UPS และเครื่องสำรองไฟ ใน หนองบัวลำภู ประเมินราคาตามประเภท รุ่น สเปก สภาพ จำนวน และความต้องการตลาด ประเมินราคาฟรี,รับซื้อ UPS และเครื่องสำรองไฟ หนองบัวลำภู ประเมินราคาฟรี นัดรับหรือประสานขนส่งตามข้อตกลง,BreadcrumbList|ContactPoint|Country|GeoCoordinates|ImageObject|ListItem|LocalBusiness|Offer|OpeningHoursSpecification|Organization|PostalAddress|ProfessionalService|Service|WebPage|WebSite,127,2,44,4,OK
/รับซื้อ/รับซื้อ-ups-อำนาจเจริญ,service-x-location,dist/client/รับซื้อ/รับซื้อ-ups-อำนาจเจริญ/index.html,yes,200,yes,/รับซื้อ/รับซื้อ-ups-อำนาจเจริญ,yes,รับซื้อ UPS และเครื่องสำรองไฟ อำนาจเจริญ ประเมินราคาฟรี นัดรับหรือประสานขนส่งตามข้อตกลง | Amphon.co.th,รับซื้อ UPS และเครื่องสำรองไฟ ใน อำนาจเจริญ ประเมินราคาตามประเภท รุ่น สเปก สภาพ จำนวน และความต้องการตลาด ประเมินราคาฟรีผ,รับซื้อ UPS และเครื่องสำรองไฟ อำนาจเจริญ ประเมินราคาฟรี นัดรับหรือประสานขนส่งตามข้อตกลง,BreadcrumbList|ContactPoint|Country|GeoCoordinates|ImageObject|ListItem|LocalBusiness|Offer|OpeningHoursSpecification|Organization|PostalAddress|ProfessionalService|Service|WebPage|WebSite,127,2,44,4,OK
/รับซื้อ/รับซื้อ-ups-อุดรธานี,service-x-location,dist/client/รับซื้อ/รับซื้อ-ups-อุดรธานี/index.html,yes,200,yes,/รับซื้อ/รับซื้อ-ups-อุดรธานี,yes,รับซื้อ UPS และเครื่องสำรองไฟ อุดรธานี ประเมินราคาฟรี นัดรับหรือประสานขนส่งตามข้อตกลง | Amphon.co.th,รับซื้อ UPS และเครื่องสำรองไฟ ใน อุดรธานี ประเมินราคาตามประเภท รุ่น สเปก สภาพ จำนวน และความต้องการตลาด ประเมินราคาฟรีผ่า,รับซื้อ UPS และเครื่องสำรองไฟ อุดรธานี ประเมินราคาฟรี นัดรับหรือประสานขนส่งตามข้อตกลง,BreadcrumbList|ContactPoint|Country|GeoCoordinates|ImageObject|ListItem|LocalBusiness|Offer|OpeningHoursSpecification|Organization|PostalAddress|ProfessionalService|Service|WebPage|WebSite,128,2,44,4,OK
/รับซื้อ/รับซื้อ-ups-อุบลราชธานี,service-x-location,dist/client/รับซื้อ/รับซื้อ-ups-อุบลราชธานี/index.html,yes,200,yes,/รับซื้อ/รับซื้อ-ups-อุบลราชธานี,yes,รับซื้อ UPS และเครื่องสำรองไฟ อุบลราชธานี ประเมินราคาฟรี นัดรับหรือประสานขนส่งตามข้อตกลง | Amphon.co.th,รับซื้อ UPS และเครื่องสำรองไฟ ใน อุบลราชธานี ประเมินราคาตามประเภท รุ่น สเปก สภาพ จำนวน และความต้องการตลาด ประเมินราคาฟรี,รับซื้อ UPS และเครื่องสำรองไฟ อุบลราชธานี ประเมินราคาฟรี นัดรับหรือประสานขนส่งตามข้อตกลง,Answer|BreadcrumbList|ContactPoint|Country|FAQPage|GeoCoordinates|ImageObject|ListItem|LocalBusiness|Offer|OpeningHoursSpecification|Organization|PostalAddress|ProfessionalService|Question|Service|WebPage|WebSite,194,2,44,4,OK
/รับซื้อ/รับซื้อ-ups-เลย,service-x-location,dist/client/รับซื้อ/รับซื้อ-ups-เลย/index.html,yes,200,yes,/รับซื้อ/รับซื้อ-ups-เลย,yes,รับซื้อ UPS และเครื่องสำรองไฟ เลย ประเมินราคาฟรี นัดรับหรือประสานขนส่งตามข้อตกลง | Amphon.co.th,รับซื้อ UPS และเครื่องสำรองไฟ ใน เลย ประเมินราคาตามประเภท รุ่น สเปก สภาพ จำนวน และความต้องการตลาด ประเมินราคาฟรีผ่าน Lin,รับซื้อ UPS และเครื่องสำรองไฟ เลย ประเมินราคาฟรี นัดรับหรือประสานขนส่งตามข้อตกลง,BreadcrumbList|ContactPoint|Country|GeoCoordinates|ImageObject|ListItem|LocalBusiness|Offer|OpeningHoursSpecification|Organization|PostalAddress|ProfessionalService|Service|WebPage|WebSite,127,2,44,4,OK
/รับซื้อ/รับซื้อกล้อง-canon-กาฬสินธุ์,service-x-location,dist/client/รับซื้อ/รับซื้อกล้อง-canon-กาฬสินธุ์/index.html,yes,200,yes,/รับซื้อ/รับซื้อกล้อง-canon-กาฬสินธุ์,yes,รับซื้อ กล้อง Canon กาฬสินธุ์ ประเมินราคาเบื้องต้น | Amphon.co.th,รับซื้อ กล้อง Canon ในกาฬสินธุ์ ประเมินราคาฟรี ส่งรูปเช็กราคาได้ ชำระเงินหลังตรวจสอบสินค้าและตกลงราคาเรียบร้อยแล้ว ติดต่,รับซื้อ กล้อง Canon กาฬสินธุ์ ประเมินราคาเบื้องต้น,Answer|BreadcrumbList|ContactPoint|Country|FAQPage|GeoCoordinates|ImageObject|ListItem|LocalBusiness|Offer|OpeningHoursSpecification|Organization|PostalAddress|ProfessionalService|Question|Service|WebPage|WebSite,319,2,44,4,OK
/รับซื้อ/รับซื้อกล้อง-canon-ขอนแก่น,service-x-location,dist/client/รับซื้อ/รับซื้อกล้อง-canon-ขอนแก่น/index.html,yes,200,yes,/รับซื้อ/รับซื้อกล้อง-canon-ขอนแก่น,yes,รับซื้อ กล้อง Canon ขอนแก่น ประเมินราคาเบื้องต้น | Amphon.co.th,รับซื้อ กล้อง Canon ในขอนแก่น ประเมินราคาฟรี ส่งรูปเช็กราคาได้ ชำระเงินหลังตรวจสอบสินค้าและตกลงราคาเรียบร้อยแล้ว ติดต่อ ,รับซื้อ กล้อง Canon ขอนแก่น ประเมินราคาเบื้องต้น,Answer|BreadcrumbList|ContactPoint|Country|FAQPage|GeoCoordinates|ImageObject|ListItem|LocalBusiness|Offer|OpeningHoursSpecification|Organization|PostalAddress|ProfessionalService|Question|Service|WebPage|WebSite,330,2,44,4,OK
/รับซื้อ/รับซื้อกล้อง-canon-ชัยภูมิ,service-x-location,dist/client/รับซื้อ/รับซื้อกล้อง-canon-ชัยภูมิ/index.html,yes,200,yes,/รับซื้อ/รับซื้อกล้อง-canon-ชัยภูมิ,yes,รับซื้อ กล้อง Canon ชัยภูมิ ประเมินราคาเบื้องต้น | Amphon.co.th,รับซื้อ กล้อง Canon ในชัยภูมิ ประเมินราคาฟรี ส่งรูปเช็กราคาได้ ชำระเงินหลังตรวจสอบสินค้าและตกลงราคาเรียบร้อยแล้ว ติดต่อ ,รับซื้อ กล้อง Canon ชัยภูมิ ประเมินราคาเบื้องต้น,Answer|BreadcrumbList|ContactPoint|Country|FAQPage|GeoCoordinates|ImageObject|ListItem|LocalBusiness|Offer|OpeningHoursSpecification|Organization|PostalAddress|ProfessionalService|Question|Service|WebPage|WebSite,318,2,44,4,OK
/รับซื้อ/รับซื้อกล้อง-canon-นครพนม,service-x-location,dist/client/รับซื้อ/รับซื้อกล้อง-canon-นครพนม/index.html,yes,200,yes,/รับซื้อ/รับซื้อกล้อง-canon-นครพนม,yes,รับซื้อ กล้อง Canon นครพนม ประเมินราคาเบื้องต้น | Amphon.co.th,รับซื้อ กล้อง Canon ในนครพนม ประเมินราคาฟรี ส่งรูปเช็กราคาได้ ชำระเงินหลังตรวจสอบสินค้าและตกลงราคาเรียบร้อยแล้ว ติดต่อ L,รับซื้อ กล้อง Canon นครพนม ประเมินราคาเบื้องต้น,Answer|BreadcrumbList|ContactPoint|Country|FAQPage|GeoCoordinates|ImageObject|ListItem|LocalBusiness|Offer|OpeningHoursSpecification|Organization|PostalAddress|ProfessionalService|Question|Service|WebPage|WebSite,315,2,44,4,OK
/รับซื้อ/รับซื้อกล้อง-canon-นครราชสีมา,service-x-location,dist/client/รับซื้อ/รับซื้อกล้อง-canon-นครราชสีมา/index.html,yes,200,yes,/รับซื้อ/รับซื้อกล้อง-canon-นครราชสีมา,yes,รับซื้อ กล้อง Canon นครราชสีมา ประเมินราคาเบื้องต้น | Amphon.co.th,รับซื้อ กล้อง Canon ในนครราชสีมา ประเมินราคาฟรี ส่งรูปเช็กราคาได้ ชำระเงินหลังตรวจสอบสินค้าและตกลงราคาเรียบร้อยแล้ว ติดต,รับซื้อ กล้อง Canon นครราชสีมา ประเมินราคาเบื้องต้น,Answer|BreadcrumbList|ContactPoint|Country|FAQPage|GeoCoordinates|ImageObject|ListItem|LocalBusiness|Offer|OpeningHoursSpecification|Organization|PostalAddress|ProfessionalService|Question|Service|WebPage|WebSite,337,2,44,4,OK
/รับซื้อ/รับซื้อกล้อง-canon-บึงกาฬ,service-x-location,dist/client/รับซื้อ/รับซื้อกล้อง-canon-บึงกาฬ/index.html,yes,200,yes,/รับซื้อ/รับซื้อกล้อง-canon-บึงกาฬ,yes,รับซื้อ กล้อง Canon บึงกาฬ ประเมินราคาเบื้องต้น | Amphon.co.th,รับซื้อ กล้อง Canon ในบึงกาฬ ประเมินราคาฟรี ส่งรูปเช็กราคาได้ ชำระเงินหลังตรวจสอบสินค้าและตกลงราคาเรียบร้อยแล้ว ติดต่อ L,รับซื้อ กล้อง Canon บึงกาฬ ประเมินราคาเบื้องต้น,Answer|BreadcrumbList|ContactPoint|Country|FAQPage|GeoCoordinates|ImageObject|ListItem|LocalBusiness|Offer|OpeningHoursSpecification|Organization|PostalAddress|ProfessionalService|Question|Service|WebPage|WebSite,307,2,44,4,OK
/รับซื้อ/รับซื้อกล้อง-canon-บุรีรัมย์,service-x-location,dist/client/รับซื้อ/รับซื้อกล้อง-canon-บุรีรัมย์/index.html,yes,200,yes,/รับซื้อ/รับซื้อกล้อง-canon-บุรีรัมย์,yes,รับซื้อ กล้อง Canon บุรีรัมย์ ประเมินราคาเบื้องต้น | Amphon.co.th,รับซื้อ กล้อง Canon ในบุรีรัมย์ ประเมินราคาฟรี ส่งรูปเช็กราคาได้ ชำระเงินหลังตรวจสอบสินค้าและตกลงราคาเรียบร้อยแล้ว ติดต่,รับซื้อ กล้อง Canon บุรีรัมย์ ประเมินราคาเบื้องต้น,Answer|BreadcrumbList|ContactPoint|Country|FAQPage|GeoCoordinates|ImageObject|ListItem|LocalBusiness|Offer|OpeningHoursSpecification|Organization|PostalAddress|ProfessionalService|Question|Service|WebPage|WebSite,311,2,44,4,OK
/รับซื้อ/รับซื้อกล้อง-canon-มหาสารคาม,service-x-location,dist/client/รับซื้อ/รับซื้อกล้อง-canon-มหาสารคาม/index.html,yes,200,yes,/รับซื้อ/รับซื้อกล้อง-canon-มหาสารคาม,yes,รับซื้อ กล้อง Canon มหาสารคาม ประเมินราคาเบื้องต้น | Amphon.co.th,รับซื้อ กล้อง Canon ในมหาสารคาม ประเมินราคาฟรี ส่งรูปเช็กราคาได้ ชำระเงินหลังตรวจสอบสินค้าและตกลงราคาเรียบร้อยแล้ว ติดต่,รับซื้อ กล้อง Canon มหาสารคาม ประเมินราคาเบื้องต้น,Answer|BreadcrumbList|ContactPoint|Country|FAQPage|GeoCoordinates|ImageObject|ListItem|LocalBusiness|Offer|OpeningHoursSpecification|Organization|PostalAddress|ProfessionalService|Question|Service|WebPage|WebSite,311,2,44,4,OK
/รับซื้อ/รับซื้อกล้อง-canon-มุกดาหาร,service-x-location,dist/client/รับซื้อ/รับซื้อกล้อง-canon-มุกดาหาร/index.html,yes,200,yes,/รับซื้อ/รับซื้อกล้อง-canon-มุกดาหาร,yes,รับซื้อ กล้อง Canon มุกดาหาร ประเมินราคาเบื้องต้น | Amphon.co.th,รับซื้อ กล้อง Canon ในมุกดาหาร ประเมินราคาฟรี ส่งรูปเช็กราคาได้ ชำระเงินหลังตรวจสอบสินค้าและตกลงราคาเรียบร้อยแล้ว ติดต่อ,รับซื้อ กล้อง Canon มุกดาหาร ประเมินราคาเบื้องต้น,Answer|BreadcrumbList|ContactPoint|Country|FAQPage|GeoCoordinates|ImageObject|ListItem|LocalBusiness|Offer|OpeningHoursSpecification|Organization|PostalAddress|ProfessionalService|Question|Service|WebPage|WebSite,304,2,44,4,OK
/รับซื้อ/รับซื้อกล้อง-canon-ยโสธร,service-x-location,dist/client/รับซื้อ/รับซื้อกล้อง-canon-ยโสธร/index.html,yes,200,yes,/รับซื้อ/รับซื้อกล้อง-canon-ยโสธร,yes,รับซื้อ กล้อง Canon ยโสธร ประเมินราคาเบื้องต้น | Amphon.co.th,รับซื้อ กล้อง Canon ในยโสธร ประเมินราคาฟรี ส่งรูปเช็กราคาได้ ชำระเงินหลังตรวจสอบสินค้าและตกลงราคาเรียบร้อยแล้ว ติดต่อ Li,รับซื้อ กล้อง Canon ยโสธร ประเมินราคาเบื้องต้น,Answer|BreadcrumbList|ContactPoint|Country|FAQPage|GeoCoordinates|ImageObject|ListItem|LocalBusiness|Offer|OpeningHoursSpecification|Organization|PostalAddress|ProfessionalService|Question|Service|WebPage|WebSite,308,2,44,4,OK
/รับซื้อ/รับซื้อกล้อง-canon-ร้อยเอ็ด,service-x-location,dist/client/รับซื้อ/รับซื้อกล้อง-canon-ร้อยเอ็ด/index.html,yes,200,yes,/รับซื้อ/รับซื้อกล้อง-canon-ร้อยเอ็ด,yes,รับซื้อ กล้อง Canon ร้อยเอ็ด ประเมินราคาเบื้องต้น | Amphon.co.th,รับซื้อ กล้อง Canon ในร้อยเอ็ด ประเมินราคาฟรี ส่งรูปเช็กราคาได้ ชำระเงินหลังตรวจสอบสินค้าและตกลงราคาเรียบร้อยแล้ว ติดต่อ,รับซื้อ กล้อง Canon ร้อยเอ็ด ประเมินราคาเบื้องต้น,Answer|BreadcrumbList|ContactPoint|Country|FAQPage|GeoCoordinates|ImageObject|ListItem|LocalBusiness|Offer|OpeningHoursSpecification|Organization|PostalAddress|ProfessionalService|Question|Service|WebPage|WebSite,322,2,44,4,OK
/รับซื้อ/รับซื้อกล้อง-canon-ศรีสะเกษ,service-x-location,dist/client/รับซื้อ/รับซื้อกล้อง-canon-ศรีสะเกษ/index.html,yes,200,yes,/รับซื้อ/รับซื้อกล้อง-canon-ศรีสะเกษ,yes,รับซื้อ กล้อง Canon ศรีสะเกษ ประเมินราคาเบื้องต้น | Amphon.co.th,รับซื้อ กล้อง Canon ในศรีสะเกษ ประเมินราคาฟรี ส่งรูปเช็กราคาได้ ชำระเงินหลังตรวจสอบสินค้าและตกลงราคาเรียบร้อยแล้ว ติดต่อ,รับซื้อ กล้อง Canon ศรีสะเกษ ประเมินราคาเบื้องต้น,Answer|BreadcrumbList|ContactPoint|Country|FAQPage|GeoCoordinates|ImageObject|ListItem|LocalBusiness|Offer|OpeningHoursSpecification|Organization|PostalAddress|ProfessionalService|Question|Service|WebPage|WebSite,309,2,44,4,OK
/รับซื้อ/รับซื้อกล้อง-canon-สกลนคร,service-x-location,dist/client/รับซื้อ/รับซื้อกล้อง-canon-สกลนคร/index.html,yes,200,yes,/รับซื้อ/รับซื้อกล้อง-canon-สกลนคร,yes,รับซื้อ กล้อง Canon สกลนคร ประเมินราคาเบื้องต้น | Amphon.co.th,รับซื้อ กล้อง Canon ในสกลนคร ประเมินราคาฟรี ส่งรูปเช็กราคาได้ ชำระเงินหลังตรวจสอบสินค้าและตกลงราคาเรียบร้อยแล้ว ติดต่อ L,รับซื้อ กล้อง Canon สกลนคร ประเมินราคาเบื้องต้น,Answer|BreadcrumbList|ContactPoint|Country|FAQPage|GeoCoordinates|ImageObject|ListItem|LocalBusiness|Offer|OpeningHoursSpecification|Organization|PostalAddress|ProfessionalService|Question|Service|WebPage|WebSite,323,2,44,4,OK
/รับซื้อ/รับซื้อกล้อง-canon-สุรินทร์,service-x-location,dist/client/รับซื้อ/รับซื้อกล้อง-canon-สุรินทร์/index.html,yes,200,yes,/รับซื้อ/รับซื้อกล้อง-canon-สุรินทร์,yes,รับซื้อ กล้อง Canon สุรินทร์ ประเมินราคาเบื้องต้น | Amphon.co.th,รับซื้อ กล้อง Canon ในสุรินทร์ ประเมินราคาฟรี ส่งรูปเช็กราคาได้ ชำระเงินหลังตรวจสอบสินค้าและตกลงราคาเรียบร้อยแล้ว ติดต่อ,รับซื้อ กล้อง Canon สุรินทร์ ประเมินราคาเบื้องต้น,Answer|BreadcrumbList|ContactPoint|Country|FAQPage|GeoCoordinates|ImageObject|ListItem|LocalBusiness|Offer|OpeningHoursSpecification|Organization|PostalAddress|ProfessionalService|Question|Service|WebPage|WebSite,308,2,44,4,OK
/รับซื้อ/รับซื้อกล้อง-canon-หนองคาย,service-x-location,dist/client/รับซื้อ/รับซื้อกล้อง-canon-หนองคาย/index.html,yes,200,yes,/รับซื้อ/รับซื้อกล้อง-canon-หนองคาย,yes,รับซื้อ กล้อง Canon หนองคาย ประเมินราคาเบื้องต้น | Amphon.co.th,รับซื้อ กล้อง Canon ในหนองคาย ประเมินราคาฟรี ส่งรูปเช็กราคาได้ ชำระเงินหลังตรวจสอบสินค้าและตกลงราคาเรียบร้อยแล้ว ติดต่อ ,รับซื้อ กล้อง Canon หนองคาย ประเมินราคาเบื้องต้น,Answer|BreadcrumbList|ContactPoint|Country|FAQPage|GeoCoordinates|ImageObject|ListItem|LocalBusiness|Offer|OpeningHoursSpecification|Organization|PostalAddress|ProfessionalService|Question|Service|WebPage|WebSite,308,2,44,4,OK
/รับซื้อ/รับซื้อกล้อง-canon-หนองบัวลำภู,service-x-location,dist/client/รับซื้อ/รับซื้อกล้อง-canon-หนองบัวลำภู/index.html,yes,200,yes,/รับซื้อ/รับซื้อกล้อง-canon-หนองบัวลำภู,yes,รับซื้อ กล้อง Canon หนองบัวลำภู ประเมินราคาเบื้องต้น | Amphon.co.th,รับซื้อ กล้อง Canon ในหนองบัวลำภู ประเมินราคาฟรี ส่งรูปเช็กราคาได้ ชำระเงินหลังตรวจสอบสินค้าและตกลงราคาเรียบร้อยแล้ว ติด,รับซื้อ กล้อง Canon หนองบัวลำภู ประเมินราคาเบื้องต้น,Answer|BreadcrumbList|ContactPoint|Country|FAQPage|GeoCoordinates|ImageObject|ListItem|LocalBusiness|Offer|OpeningHoursSpecification|Organization|PostalAddress|ProfessionalService|Question|Service|WebPage|WebSite,300,2,44,4,OK
/รับซื้อ/รับซื้อกล้อง-canon-อำนาจเจริญ,service-x-location,dist/client/รับซื้อ/รับซื้อกล้อง-canon-อำนาจเจริญ/index.html,yes,200,yes,/รับซื้อ/รับซื้อกล้อง-canon-อำนาจเจริญ,yes,รับซื้อ กล้อง Canon อำนาจเจริญ ประเมินราคาเบื้องต้น | Amphon.co.th,รับซื้อ กล้อง Canon ในอำนาจเจริญ ประเมินราคาฟรี ส่งรูปเช็กราคาได้ ชำระเงินหลังตรวจสอบสินค้าและตกลงราคาเรียบร้อยแล้ว ติดต,รับซื้อ กล้อง Canon อำนาจเจริญ ประเมินราคาเบื้องต้น,Answer|BreadcrumbList|ContactPoint|Country|FAQPage|GeoCoordinates|ImageObject|ListItem|LocalBusiness|Offer|OpeningHoursSpecification|Organization|PostalAddress|ProfessionalService|Question|Service|WebPage|WebSite,303,2,44,4,OK
/รับซื้อ/รับซื้อกล้อง-canon-อุดรธานี,service-x-location,dist/client/รับซื้อ/รับซื้อกล้อง-canon-อุดรธานี/index.html,yes,200,yes,/รับซื้อ/รับซื้อกล้อง-canon-อุดรธานี,yes,รับซื้อ กล้อง Canon อุดรธานี ประเมินราคาเบื้องต้น | Amphon.co.th,รับซื้อ กล้อง Canon ในอุดรธานี ประเมินราคาฟรี ส่งรูปเช็กราคาได้ ชำระเงินหลังตรวจสอบสินค้าและตกลงราคาเรียบร้อยแล้ว ติดต่อ,รับซื้อ กล้อง Canon อุดรธานี ประเมินราคาเบื้องต้น,Answer|BreadcrumbList|ContactPoint|Country|FAQPage|GeoCoordinates|ImageObject|ListItem|LocalBusiness|Offer|OpeningHoursSpecification|Organization|PostalAddress|ProfessionalService|Question|Service|WebPage|WebSite,310,2,44,4,OK
/รับซื้อ/รับซื้อกล้อง-canon-อุบลราชธานี,service-x-location,dist/client/รับซื้อ/รับซื้อกล้อง-canon-อุบลราชธานี/index.html,yes,200,yes,/รับซื้อ/รับซื้อกล้อง-canon-อุบลราชธานี,yes,รับซื้อ กล้อง Canon อุบลราชธานี ประเมินราคาเบื้องต้น | Amphon.co.th,รับซื้อ กล้อง Canon ในอุบลราชธานี ประเมินราคาฟรี ส่งรูปเช็กราคาได้ ชำระเงินหลังตรวจสอบสินค้าและตกลงราคาเรียบร้อยแล้ว ติด,รับซื้อ กล้อง Canon อุบลราชธานี ประเมินราคาเบื้องต้น,Answer|BreadcrumbList|ContactPoint|Country|FAQPage|GeoCoordinates|ImageObject|ListItem|LocalBusiness|Offer|OpeningHoursSpecification|Organization|PostalAddress|ProfessionalService|Question|Service|WebPage|WebSite,304,2,44,4,OK
/รับซื้อ/รับซื้อกล้อง-canon-เลย,service-x-location,dist/client/รับซื้อ/รับซื้อกล้อง-canon-เลย/index.html,yes,200,yes,/รับซื้อ/รับซื้อกล้อง-canon-เลย,yes,รับซื้อ กล้อง Canon เลย ประเมินราคาเบื้องต้น | Amphon.co.th,รับซื้อ กล้อง Canon ในเลย ประเมินราคาฟรี ส่งรูปเช็กราคาได้ ชำระเงินหลังตรวจสอบสินค้าและตกลงราคาเรียบร้อยแล้ว ติดต่อ Line,รับซื้อ กล้อง Canon เลย ประเมินราคาเบื้องต้น,Answer|BreadcrumbList|ContactPoint|Country|FAQPage|GeoCoordinates|ImageObject|ListItem|LocalBusiness|Offer|OpeningHoursSpecification|Organization|PostalAddress|ProfessionalService|Question|Service|WebPage|WebSite,316,2,44,4,OK
/รับซื้อ/รับซื้อกล้อง-fujifilm-กาฬสินธุ์,service-x-location,dist/client/รับซื้อ/รับซื้อกล้อง-fujifilm-กาฬสินธุ์/index.html,yes,200,yes,/รับซื้อ/รับซื้อกล้อง-fujifilm-กาฬสินธุ์,yes,รับซื้อ กล้อง Fujifilm กาฬสินธุ์ ประเมินราคาเบื้องต้น | Amphon.co.th,รับซื้อ กล้อง Fujifilm ในกาฬสินธุ์ ประเมินราคาฟรี ส่งรูปเช็กราคาได้ ชำระเงินหลังตรวจสอบสินค้าและตกลงราคาเรียบร้อยแล้ว ติ,รับซื้อ กล้อง Fujifilm กาฬสินธุ์ ประเมินราคาเบื้องต้น,Answer|BreadcrumbList|ContactPoint|Country|FAQPage|GeoCoordinates|ImageObject|ListItem|LocalBusiness|Offer|OpeningHoursSpecification|Organization|PostalAddress|ProfessionalService|Question|Service|WebPage|WebSite,320,2,44,4,OK
/รับซื้อ/รับซื้อกล้อง-fujifilm-ขอนแก่น,service-x-location,dist/client/รับซื้อ/รับซื้อกล้อง-fujifilm-ขอนแก่น/index.html,yes,200,yes,/รับซื้อ/รับซื้อกล้อง-fujifilm-ขอนแก่น,yes,รับซื้อ กล้อง Fujifilm ขอนแก่น ประเมินราคาเบื้องต้น | Amphon.co.th,รับซื้อ กล้อง Fujifilm ในขอนแก่น ประเมินราคาฟรี ส่งรูปเช็กราคาได้ ชำระเงินหลังตรวจสอบสินค้าและตกลงราคาเรียบร้อยแล้ว ติดต,รับซื้อ กล้อง Fujifilm ขอนแก่น ประเมินราคาเบื้องต้น,Answer|BreadcrumbList|ContactPoint|Country|FAQPage|GeoCoordinates|ImageObject|ListItem|LocalBusiness|Offer|OpeningHoursSpecification|Organization|PostalAddress|ProfessionalService|Question|Service|WebPage|WebSite,331,2,44,4,OK
/รับซื้อ/รับซื้อกล้อง-fujifilm-ชัยภูมิ,service-x-location,dist/client/รับซื้อ/รับซื้อกล้อง-fujifilm-ชัยภูมิ/index.html,yes,200,yes,/รับซื้อ/รับซื้อกล้อง-fujifilm-ชัยภูมิ,yes,รับซื้อ กล้อง Fujifilm ชัยภูมิ ประเมินราคาเบื้องต้น | Amphon.co.th,รับซื้อ กล้อง Fujifilm ในชัยภูมิ ประเมินราคาฟรี ส่งรูปเช็กราคาได้ ชำระเงินหลังตรวจสอบสินค้าและตกลงราคาเรียบร้อยแล้ว ติดต,รับซื้อ กล้อง Fujifilm ชัยภูมิ ประเมินราคาเบื้องต้น,Answer|BreadcrumbList|ContactPoint|Country|FAQPage|GeoCoordinates|ImageObject|ListItem|LocalBusiness|Offer|OpeningHoursSpecification|Organization|PostalAddress|ProfessionalService|Question|Service|WebPage|WebSite,319,2,44,4,OK
/รับซื้อ/รับซื้อกล้อง-fujifilm-นครพนม,service-x-location,dist/client/รับซื้อ/รับซื้อกล้อง-fujifilm-นครพนม/index.html,yes,200,yes,/รับซื้อ/รับซื้อกล้อง-fujifilm-นครพนม,yes,รับซื้อ กล้อง Fujifilm นครพนม ประเมินราคาเบื้องต้น | Amphon.co.th,รับซื้อ กล้อง Fujifilm ในนครพนม ประเมินราคาฟรี ส่งรูปเช็กราคาได้ ชำระเงินหลังตรวจสอบสินค้าและตกลงราคาเรียบร้อยแล้ว ติดต่,รับซื้อ กล้อง Fujifilm นครพนม ประเมินราคาเบื้องต้น,Answer|BreadcrumbList|ContactPoint|Country|FAQPage|GeoCoordinates|ImageObject|ListItem|LocalBusiness|Offer|OpeningHoursSpecification|Organization|PostalAddress|ProfessionalService|Question|Service|WebPage|WebSite,316,2,44,4,OK
/รับซื้อ/รับซื้อกล้อง-fujifilm-นครราชสีมา,service-x-location,dist/client/รับซื้อ/รับซื้อกล้อง-fujifilm-นครราชสีมา/index.html,yes,200,yes,/รับซื้อ/รับซื้อกล้อง-fujifilm-นครราชสีมา,yes,รับซื้อ กล้อง Fujifilm นครราชสีมา ประเมินราคาเบื้องต้น | Amphon.co.th,รับซื้อ กล้อง Fujifilm ในนครราชสีมา ประเมินราคาฟรี ส่งรูปเช็กราคาได้ ชำระเงินหลังตรวจสอบสินค้าและตกลงราคาเรียบร้อยแล้ว ต,รับซื้อ กล้อง Fujifilm นครราชสีมา ประเมินราคาเบื้องต้น,Answer|BreadcrumbList|ContactPoint|Country|FAQPage|GeoCoordinates|ImageObject|ListItem|LocalBusiness|Offer|OpeningHoursSpecification|Organization|PostalAddress|ProfessionalService|Question|Service|WebPage|WebSite,338,2,44,4,OK
/รับซื้อ/รับซื้อกล้อง-fujifilm-บึงกาฬ,service-x-location,dist/client/รับซื้อ/รับซื้อกล้อง-fujifilm-บึงกาฬ/index.html,yes,200,yes,/รับซื้อ/รับซื้อกล้อง-fujifilm-บึงกาฬ,yes,รับซื้อ กล้อง Fujifilm บึงกาฬ ประเมินราคาเบื้องต้น | Amphon.co.th,รับซื้อ กล้อง Fujifilm ในบึงกาฬ ประเมินราคาฟรี ส่งรูปเช็กราคาได้ ชำระเงินหลังตรวจสอบสินค้าและตกลงราคาเรียบร้อยแล้ว ติดต่,รับซื้อ กล้อง Fujifilm บึงกาฬ ประเมินราคาเบื้องต้น,Answer|BreadcrumbList|ContactPoint|Country|FAQPage|GeoCoordinates|ImageObject|ListItem|LocalBusiness|Offer|OpeningHoursSpecification|Organization|PostalAddress|ProfessionalService|Question|Service|WebPage|WebSite,308,2,44,4,OK
/รับซื้อ/รับซื้อกล้อง-fujifilm-บุรีรัมย์,service-x-location,dist/client/รับซื้อ/รับซื้อกล้อง-fujifilm-บุรีรัมย์/index.html,yes,200,yes,/รับซื้อ/รับซื้อกล้อง-fujifilm-บุรีรัมย์,yes,รับซื้อ กล้อง Fujifilm บุรีรัมย์ ประเมินราคาเบื้องต้น | Amphon.co.th,รับซื้อ กล้อง Fujifilm ในบุรีรัมย์ ประเมินราคาฟรี ส่งรูปเช็กราคาได้ ชำระเงินหลังตรวจสอบสินค้าและตกลงราคาเรียบร้อยแล้ว ติ,รับซื้อ กล้อง Fujifilm บุรีรัมย์ ประเมินราคาเบื้องต้น,Answer|BreadcrumbList|ContactPoint|Country|FAQPage|GeoCoordinates|ImageObject|ListItem|LocalBusiness|Offer|OpeningHoursSpecification|Organization|PostalAddress|ProfessionalService|Question|Service|WebPage|WebSite,312,2,44,4,OK
/รับซื้อ/รับซื้อกล้อง-fujifilm-มหาสารคาม,service-x-location,dist/client/รับซื้อ/รับซื้อกล้อง-fujifilm-มหาสารคาม/index.html,yes,200,yes,/รับซื้อ/รับซื้อกล้อง-fujifilm-มหาสารคาม,yes,รับซื้อ กล้อง Fujifilm มหาสารคาม ประเมินราคาเบื้องต้น | Amphon.co.th,รับซื้อ กล้อง Fujifilm ในมหาสารคาม ประเมินราคาฟรี ส่งรูปเช็กราคาได้ ชำระเงินหลังตรวจสอบสินค้าและตกลงราคาเรียบร้อยแล้ว ติ,รับซื้อ กล้อง Fujifilm มหาสารคาม ประเมินราคาเบื้องต้น,Answer|BreadcrumbList|ContactPoint|Country|FAQPage|GeoCoordinates|ImageObject|ListItem|LocalBusiness|Offer|OpeningHoursSpecification|Organization|PostalAddress|ProfessionalService|Question|Service|WebPage|WebSite,312,2,44,4,OK
/รับซื้อ/รับซื้อกล้อง-fujifilm-มุกดาหาร,service-x-location,dist/client/รับซื้อ/รับซื้อกล้อง-fujifilm-มุกดาหาร/index.html,yes,200,yes,/รับซื้อ/รับซื้อกล้อง-fujifilm-มุกดาหาร,yes,รับซื้อ กล้อง Fujifilm มุกดาหาร ประเมินราคาเบื้องต้น | Amphon.co.th,รับซื้อ กล้อง Fujifilm ในมุกดาหาร ประเมินราคาฟรี ส่งรูปเช็กราคาได้ ชำระเงินหลังตรวจสอบสินค้าและตกลงราคาเรียบร้อยแล้ว ติด,รับซื้อ กล้อง Fujifilm มุกดาหาร ประเมินราคาเบื้องต้น,Answer|BreadcrumbList|ContactPoint|Country|FAQPage|GeoCoordinates|ImageObject|ListItem|LocalBusiness|Offer|OpeningHoursSpecification|Organization|PostalAddress|ProfessionalService|Question|Service|WebPage|WebSite,305,2,44,4,OK
/รับซื้อ/รับซื้อกล้อง-fujifilm-ยโสธร,service-x-location,dist/client/รับซื้อ/รับซื้อกล้อง-fujifilm-ยโสธร/index.html,yes,200,yes,/รับซื้อ/รับซื้อกล้อง-fujifilm-ยโสธร,yes,รับซื้อ กล้อง Fujifilm ยโสธร ประเมินราคาเบื้องต้น | Amphon.co.th,รับซื้อ กล้อง Fujifilm ในยโสธร ประเมินราคาฟรี ส่งรูปเช็กราคาได้ ชำระเงินหลังตรวจสอบสินค้าและตกลงราคาเรียบร้อยแล้ว ติดต่อ,รับซื้อ กล้อง Fujifilm ยโสธร ประเมินราคาเบื้องต้น,Answer|BreadcrumbList|ContactPoint|Country|FAQPage|GeoCoordinates|ImageObject|ListItem|LocalBusiness|Offer|OpeningHoursSpecification|Organization|PostalAddress|ProfessionalService|Question|Service|WebPage|WebSite,309,2,44,4,OK
/รับซื้อ/รับซื้อกล้อง-fujifilm-ร้อยเอ็ด,service-x-location,dist/client/รับซื้อ/รับซื้อกล้อง-fujifilm-ร้อยเอ็ด/index.html,yes,200,yes,/รับซื้อ/รับซื้อกล้อง-fujifilm-ร้อยเอ็ด,yes,รับซื้อ กล้อง Fujifilm ร้อยเอ็ด ประเมินราคาเบื้องต้น | Amphon.co.th,รับซื้อ กล้อง Fujifilm ในร้อยเอ็ด ประเมินราคาฟรี ส่งรูปเช็กราคาได้ ชำระเงินหลังตรวจสอบสินค้าและตกลงราคาเรียบร้อยแล้ว ติด,รับซื้อ กล้อง Fujifilm ร้อยเอ็ด ประเมินราคาเบื้องต้น,Answer|BreadcrumbList|ContactPoint|Country|FAQPage|GeoCoordinates|ImageObject|ListItem|LocalBusiness|Offer|OpeningHoursSpecification|Organization|PostalAddress|ProfessionalService|Question|Service|WebPage|WebSite,323,2,44,4,OK
/รับซื้อ/รับซื้อกล้อง-fujifilm-ศรีสะเกษ,service-x-location,dist/client/รับซื้อ/รับซื้อกล้อง-fujifilm-ศรีสะเกษ/index.html,yes,200,yes,/รับซื้อ/รับซื้อกล้อง-fujifilm-ศรีสะเกษ,yes,รับซื้อ กล้อง Fujifilm ศรีสะเกษ ประเมินราคาเบื้องต้น | Amphon.co.th,รับซื้อ กล้อง Fujifilm ในศรีสะเกษ ประเมินราคาฟรี ส่งรูปเช็กราคาได้ ชำระเงินหลังตรวจสอบสินค้าและตกลงราคาเรียบร้อยแล้ว ติด,รับซื้อ กล้อง Fujifilm ศรีสะเกษ ประเมินราคาเบื้องต้น,Answer|BreadcrumbList|ContactPoint|Country|FAQPage|GeoCoordinates|ImageObject|ListItem|LocalBusiness|Offer|OpeningHoursSpecification|Organization|PostalAddress|ProfessionalService|Question|Service|WebPage|WebSite,310,2,44,4,OK
/รับซื้อ/รับซื้อกล้อง-fujifilm-สกลนคร,service-x-location,dist/client/รับซื้อ/รับซื้อกล้อง-fujifilm-สกลนคร/index.html,yes,200,yes,/รับซื้อ/รับซื้อกล้อง-fujifilm-สกลนคร,yes,รับซื้อ กล้อง Fujifilm สกลนคร ประเมินราคาเบื้องต้น | Amphon.co.th,รับซื้อ กล้อง Fujifilm ในสกลนคร ประเมินราคาฟรี ส่งรูปเช็กราคาได้ ชำระเงินหลังตรวจสอบสินค้าและตกลงราคาเรียบร้อยแล้ว ติดต่,รับซื้อ กล้อง Fujifilm สกลนคร ประเมินราคาเบื้องต้น,Answer|BreadcrumbList|ContactPoint|Country|FAQPage|GeoCoordinates|ImageObject|ListItem|LocalBusiness|Offer|OpeningHoursSpecification|Organization|PostalAddress|ProfessionalService|Question|Service|WebPage|WebSite,324,2,44,4,OK
/รับซื้อ/รับซื้อกล้อง-fujifilm-สุรินทร์,service-x-location,dist/client/รับซื้อ/รับซื้อกล้อง-fujifilm-สุรินทร์/index.html,yes,200,yes,/รับซื้อ/รับซื้อกล้อง-fujifilm-สุรินทร์,yes,รับซื้อ กล้อง Fujifilm สุรินทร์ ประเมินราคาเบื้องต้น | Amphon.co.th,รับซื้อ กล้อง Fujifilm ในสุรินทร์ ประเมินราคาฟรี ส่งรูปเช็กราคาได้ ชำระเงินหลังตรวจสอบสินค้าและตกลงราคาเรียบร้อยแล้ว ติด,รับซื้อ กล้อง Fujifilm สุรินทร์ ประเมินราคาเบื้องต้น,Answer|BreadcrumbList|ContactPoint|Country|FAQPage|GeoCoordinates|ImageObject|ListItem|LocalBusiness|Offer|OpeningHoursSpecification|Organization|PostalAddress|ProfessionalService|Question|Service|WebPage|WebSite,309,2,44,4,OK
/รับซื้อ/รับซื้อกล้อง-fujifilm-หนองคาย,service-x-location,dist/client/รับซื้อ/รับซื้อกล้อง-fujifilm-หนองคาย/index.html,yes,200,yes,/รับซื้อ/รับซื้อกล้อง-fujifilm-หนองคาย,yes,รับซื้อ กล้อง Fujifilm หนองคาย ประเมินราคาเบื้องต้น | Amphon.co.th,รับซื้อ กล้อง Fujifilm ในหนองคาย ประเมินราคาฟรี ส่งรูปเช็กราคาได้ ชำระเงินหลังตรวจสอบสินค้าและตกลงราคาเรียบร้อยแล้ว ติดต,รับซื้อ กล้อง Fujifilm หนองคาย ประเมินราคาเบื้องต้น,Answer|BreadcrumbList|ContactPoint|Country|FAQPage|GeoCoordinates|ImageObject|ListItem|LocalBusiness|Offer|OpeningHoursSpecification|Organization|PostalAddress|ProfessionalService|Question|Service|WebPage|WebSite,309,2,44,4,OK
/รับซื้อ/รับซื้อกล้อง-fujifilm-หนองบัวลำภู,service-x-location,dist/client/รับซื้อ/รับซื้อกล้อง-fujifilm-หนองบัวลำภู/index.html,yes,200,yes,/รับซื้อ/รับซื้อกล้อง-fujifilm-หนองบัวลำภู,yes,รับซื้อ กล้อง Fujifilm หนองบัวลำภู ประเมินราคาเบื้องต้น | Amphon.co.th,รับซื้อ กล้อง Fujifilm ในหนองบัวลำภู ประเมินราคาฟรี ส่งรูปเช็กราคาได้ ชำระเงินหลังตรวจสอบสินค้าและตกลงราคาเรียบร้อยแล้ว ,รับซื้อ กล้อง Fujifilm หนองบัวลำภู ประเมินราคาเบื้องต้น,Answer|BreadcrumbList|ContactPoint|Country|FAQPage|GeoCoordinates|ImageObject|ListItem|LocalBusiness|Offer|OpeningHoursSpecification|Organization|PostalAddress|ProfessionalService|Question|Service|WebPage|WebSite,301,2,44,4,OK
/รับซื้อ/รับซื้อกล้อง-fujifilm-อำนาจเจริญ,service-x-location,dist/client/รับซื้อ/รับซื้อกล้อง-fujifilm-อำนาจเจริญ/index.html,yes,200,yes,/รับซื้อ/รับซื้อกล้อง-fujifilm-อำนาจเจริญ,yes,รับซื้อ กล้อง Fujifilm อำนาจเจริญ ประเมินราคาเบื้องต้น | Amphon.co.th,รับซื้อ กล้อง Fujifilm ในอำนาจเจริญ ประเมินราคาฟรี ส่งรูปเช็กราคาได้ ชำระเงินหลังตรวจสอบสินค้าและตกลงราคาเรียบร้อยแล้ว ต,รับซื้อ กล้อง Fujifilm อำนาจเจริญ ประเมินราคาเบื้องต้น,Answer|BreadcrumbList|ContactPoint|Country|FAQPage|GeoCoordinates|ImageObject|ListItem|LocalBusiness|Offer|OpeningHoursSpecification|Organization|PostalAddress|ProfessionalService|Question|Service|WebPage|WebSite,304,2,44,4,OK
/รับซื้อ/รับซื้อกล้อง-fujifilm-อุดรธานี,service-x-location,dist/client/รับซื้อ/รับซื้อกล้อง-fujifilm-อุดรธานี/index.html,yes,200,yes,/รับซื้อ/รับซื้อกล้อง-fujifilm-อุดรธานี,yes,รับซื้อ กล้อง Fujifilm อุดรธานี ประเมินราคาเบื้องต้น | Amphon.co.th,รับซื้อ กล้อง Fujifilm ในอุดรธานี ประเมินราคาฟรี ส่งรูปเช็กราคาได้ ชำระเงินหลังตรวจสอบสินค้าและตกลงราคาเรียบร้อยแล้ว ติด,รับซื้อ กล้อง Fujifilm อุดรธานี ประเมินราคาเบื้องต้น,Answer|BreadcrumbList|ContactPoint|Country|FAQPage|GeoCoordinates|ImageObject|ListItem|LocalBusiness|Offer|OpeningHoursSpecification|Organization|PostalAddress|ProfessionalService|Question|Service|WebPage|WebSite,311,2,44,4,OK
/รับซื้อ/รับซื้อกล้อง-fujifilm-อุบลราชธานี,service-x-location,dist/client/รับซื้อ/รับซื้อกล้อง-fujifilm-อุบลราชธานี/index.html,yes,200,yes,/รับซื้อ/รับซื้อกล้อง-fujifilm-อุบลราชธานี,yes,รับซื้อ กล้อง Fujifilm อุบลราชธานี ประเมินราคาเบื้องต้น | Amphon.co.th,รับซื้อ กล้อง Fujifilm ในอุบลราชธานี ประเมินราคาฟรี ส่งรูปเช็กราคาได้ ชำระเงินหลังตรวจสอบสินค้าและตกลงราคาเรียบร้อยแล้ว ,รับซื้อ กล้อง Fujifilm อุบลราชธานี ประเมินราคาเบื้องต้น,Answer|BreadcrumbList|ContactPoint|Country|FAQPage|GeoCoordinates|ImageObject|ListItem|LocalBusiness|Offer|OpeningHoursSpecification|Organization|PostalAddress|ProfessionalService|Question|Service|WebPage|WebSite,305,2,44,4,OK
/รับซื้อ/รับซื้อกล้อง-fujifilm-เลย,service-x-location,dist/client/รับซื้อ/รับซื้อกล้อง-fujifilm-เลย/index.html,yes,200,yes,/รับซื้อ/รับซื้อกล้อง-fujifilm-เลย,yes,รับซื้อ กล้อง Fujifilm เลย ประเมินราคาเบื้องต้น | Amphon.co.th,รับซื้อ กล้อง Fujifilm ในเลย ประเมินราคาฟรี ส่งรูปเช็กราคาได้ ชำระเงินหลังตรวจสอบสินค้าและตกลงราคาเรียบร้อยแล้ว ติดต่อ L,รับซื้อ กล้อง Fujifilm เลย ประเมินราคาเบื้องต้น,Answer|BreadcrumbList|ContactPoint|Country|FAQPage|GeoCoordinates|ImageObject|ListItem|LocalBusiness|Offer|OpeningHoursSpecification|Organization|PostalAddress|ProfessionalService|Question|Service|WebPage|WebSite,317,2,44,4,OK
/รับซื้อ/รับซื้อกล้อง-sony-กาฬสินธุ์,service-x-location,dist/client/รับซื้อ/รับซื้อกล้อง-sony-กาฬสินธุ์/index.html,yes,200,yes,/รับซื้อ/รับซื้อกล้อง-sony-กาฬสินธุ์,yes,รับซื้อ กล้อง Sony กาฬสินธุ์ ประเมินราคาเบื้องต้น | Amphon.co.th,รับซื้อ กล้อง Sony ในกาฬสินธุ์ ประเมินราคาฟรี ส่งรูปเช็กราคาได้ ชำระเงินหลังตรวจสอบสินค้าและตกลงราคาเรียบร้อยแล้ว ติดต่อ,รับซื้อ กล้อง Sony กาฬสินธุ์ ประเมินราคาเบื้องต้น,Answer|BreadcrumbList|ContactPoint|Country|FAQPage|GeoCoordinates|ImageObject|ListItem|LocalBusiness|Offer|OpeningHoursSpecification|Organization|PostalAddress|ProfessionalService|Question|Service|WebPage|WebSite,320,2,44,4,OK
/รับซื้อ/รับซื้อกล้อง-sony-ขอนแก่น,service-x-location,dist/client/รับซื้อ/รับซื้อกล้อง-sony-ขอนแก่น/index.html,yes,200,yes,/รับซื้อ/รับซื้อกล้อง-sony-ขอนแก่น,yes,รับซื้อ กล้อง Sony ขอนแก่น ประเมินราคาเบื้องต้น | Amphon.co.th,รับซื้อ กล้อง Sony ในขอนแก่น ประเมินราคาฟรี ส่งรูปเช็กราคาได้ ชำระเงินหลังตรวจสอบสินค้าและตกลงราคาเรียบร้อยแล้ว ติดต่อ L,รับซื้อ กล้อง Sony ขอนแก่น ประเมินราคาเบื้องต้น,Answer|BreadcrumbList|ContactPoint|Country|FAQPage|GeoCoordinates|ImageObject|ListItem|LocalBusiness|Offer|OpeningHoursSpecification|Organization|PostalAddress|ProfessionalService|Question|Service|WebPage|WebSite,331,2,44,4,OK
/รับซื้อ/รับซื้อกล้อง-sony-ชัยภูมิ,service-x-location,dist/client/รับซื้อ/รับซื้อกล้อง-sony-ชัยภูมิ/index.html,yes,200,yes,/รับซื้อ/รับซื้อกล้อง-sony-ชัยภูมิ,yes,รับซื้อ กล้อง Sony ชัยภูมิ ประเมินราคาเบื้องต้น | Amphon.co.th,รับซื้อ กล้อง Sony ในชัยภูมิ ประเมินราคาฟรี ส่งรูปเช็กราคาได้ ชำระเงินหลังตรวจสอบสินค้าและตกลงราคาเรียบร้อยแล้ว ติดต่อ L,รับซื้อ กล้อง Sony ชัยภูมิ ประเมินราคาเบื้องต้น,Answer|BreadcrumbList|ContactPoint|Country|FAQPage|GeoCoordinates|ImageObject|ListItem|LocalBusiness|Offer|OpeningHoursSpecification|Organization|PostalAddress|ProfessionalService|Question|Service|WebPage|WebSite,319,2,44,4,OK
/รับซื้อ/รับซื้อกล้อง-sony-นครพนม,service-x-location,dist/client/รับซื้อ/รับซื้อกล้อง-sony-นครพนม/index.html,yes,200,yes,/รับซื้อ/รับซื้อกล้อง-sony-นครพนม,yes,รับซื้อ กล้อง Sony นครพนม ประเมินราคาเบื้องต้น | Amphon.co.th,รับซื้อ กล้อง Sony ในนครพนม ประเมินราคาฟรี ส่งรูปเช็กราคาได้ ชำระเงินหลังตรวจสอบสินค้าและตกลงราคาเรียบร้อยแล้ว ติดต่อ Li,รับซื้อ กล้อง Sony นครพนม ประเมินราคาเบื้องต้น,Answer|BreadcrumbList|ContactPoint|Country|FAQPage|GeoCoordinates|ImageObject|ListItem|LocalBusiness|Offer|OpeningHoursSpecification|Organization|PostalAddress|ProfessionalService|Question|Service|WebPage|WebSite,316,2,44,4,OK
/รับซื้อ/รับซื้อกล้อง-sony-นครราชสีมา,service-x-location,dist/client/รับซื้อ/รับซื้อกล้อง-sony-นครราชสีมา/index.html,yes,200,yes,/รับซื้อ/รับซื้อกล้อง-sony-นครราชสีมา,yes,รับซื้อ กล้อง Sony นครราชสีมา ประเมินราคาเบื้องต้น | Amphon.co.th,รับซื้อ กล้อง Sony ในนครราชสีมา ประเมินราคาฟรี ส่งรูปเช็กราคาได้ ชำระเงินหลังตรวจสอบสินค้าและตกลงราคาเรียบร้อยแล้ว ติดต่,รับซื้อ กล้อง Sony นครราชสีมา ประเมินราคาเบื้องต้น,Answer|BreadcrumbList|ContactPoint|Country|FAQPage|GeoCoordinates|ImageObject|ListItem|LocalBusiness|Offer|OpeningHoursSpecification|Organization|PostalAddress|ProfessionalService|Question|Service|WebPage|WebSite,338,2,44,4,OK
/รับซื้อ/รับซื้อกล้อง-sony-บึงกาฬ,service-x-location,dist/client/รับซื้อ/รับซื้อกล้อง-sony-บึงกาฬ/index.html,yes,200,yes,/รับซื้อ/รับซื้อกล้อง-sony-บึงกาฬ,yes,รับซื้อ กล้อง Sony บึงกาฬ ประเมินราคาเบื้องต้น | Amphon.co.th,รับซื้อ กล้อง Sony ในบึงกาฬ ประเมินราคาฟรี ส่งรูปเช็กราคาได้ ชำระเงินหลังตรวจสอบสินค้าและตกลงราคาเรียบร้อยแล้ว ติดต่อ Li,รับซื้อ กล้อง Sony บึงกาฬ ประเมินราคาเบื้องต้น,Answer|BreadcrumbList|ContactPoint|Country|FAQPage|GeoCoordinates|ImageObject|ListItem|LocalBusiness|Offer|OpeningHoursSpecification|Organization|PostalAddress|ProfessionalService|Question|Service|WebPage|WebSite,308,2,44,4,OK
/รับซื้อ/รับซื้อกล้อง-sony-บุรีรัมย์,service-x-location,dist/client/รับซื้อ/รับซื้อกล้อง-sony-บุรีรัมย์/index.html,yes,200,yes,/รับซื้อ/รับซื้อกล้อง-sony-บุรีรัมย์,yes,รับซื้อ กล้อง Sony บุรีรัมย์ ประเมินราคาเบื้องต้น | Amphon.co.th,รับซื้อ กล้อง Sony ในบุรีรัมย์ ประเมินราคาฟรี ส่งรูปเช็กราคาได้ ชำระเงินหลังตรวจสอบสินค้าและตกลงราคาเรียบร้อยแล้ว ติดต่อ,รับซื้อ กล้อง Sony บุรีรัมย์ ประเมินราคาเบื้องต้น,Answer|BreadcrumbList|ContactPoint|Country|FAQPage|GeoCoordinates|ImageObject|ListItem|LocalBusiness|Offer|OpeningHoursSpecification|Organization|PostalAddress|ProfessionalService|Question|Service|WebPage|WebSite,312,2,44,4,OK
/รับซื้อ/รับซื้อกล้อง-sony-มหาสารคาม,service-x-location,dist/client/รับซื้อ/รับซื้อกล้อง-sony-มหาสารคาม/index.html,yes,200,yes,/รับซื้อ/รับซื้อกล้อง-sony-มหาสารคาม,yes,รับซื้อ กล้อง Sony มหาสารคาม ประเมินราคาเบื้องต้น | Amphon.co.th,รับซื้อ กล้อง Sony ในมหาสารคาม ประเมินราคาฟรี ส่งรูปเช็กราคาได้ ชำระเงินหลังตรวจสอบสินค้าและตกลงราคาเรียบร้อยแล้ว ติดต่อ,รับซื้อ กล้อง Sony มหาสารคาม ประเมินราคาเบื้องต้น,Answer|BreadcrumbList|ContactPoint|Country|FAQPage|GeoCoordinates|ImageObject|ListItem|LocalBusiness|Offer|OpeningHoursSpecification|Organization|PostalAddress|ProfessionalService|Question|Service|WebPage|WebSite,312,2,44,4,OK
/รับซื้อ/รับซื้อกล้อง-sony-มุกดาหาร,service-x-location,dist/client/รับซื้อ/รับซื้อกล้อง-sony-มุกดาหาร/index.html,yes,200,yes,/รับซื้อ/รับซื้อกล้อง-sony-มุกดาหาร,yes,รับซื้อ กล้อง Sony มุกดาหาร ประเมินราคาเบื้องต้น | Amphon.co.th,รับซื้อ กล้อง Sony ในมุกดาหาร ประเมินราคาฟรี ส่งรูปเช็กราคาได้ ชำระเงินหลังตรวจสอบสินค้าและตกลงราคาเรียบร้อยแล้ว ติดต่อ ,รับซื้อ กล้อง Sony มุกดาหาร ประเมินราคาเบื้องต้น,Answer|BreadcrumbList|ContactPoint|Country|FAQPage|GeoCoordinates|ImageObject|ListItem|LocalBusiness|Offer|OpeningHoursSpecification|Organization|PostalAddress|ProfessionalService|Question|Service|WebPage|WebSite,305,2,44,4,OK
/รับซื้อ/รับซื้อกล้อง-sony-ยโสธร,service-x-location,dist/client/รับซื้อ/รับซื้อกล้อง-sony-ยโสธร/index.html,yes,200,yes,/รับซื้อ/รับซื้อกล้อง-sony-ยโสธร,yes,รับซื้อ กล้อง Sony ยโสธร ประเมินราคาเบื้องต้น | Amphon.co.th,รับซื้อ กล้อง Sony ในยโสธร ประเมินราคาฟรี ส่งรูปเช็กราคาได้ ชำระเงินหลังตรวจสอบสินค้าและตกลงราคาเรียบร้อยแล้ว ติดต่อ Lin,รับซื้อ กล้อง Sony ยโสธร ประเมินราคาเบื้องต้น,Answer|BreadcrumbList|ContactPoint|Country|FAQPage|GeoCoordinates|ImageObject|ListItem|LocalBusiness|Offer|OpeningHoursSpecification|Organization|PostalAddress|ProfessionalService|Question|Service|WebPage|WebSite,309,2,44,4,OK
/รับซื้อ/รับซื้อกล้อง-sony-ร้อยเอ็ด,service-x-location,dist/client/รับซื้อ/รับซื้อกล้อง-sony-ร้อยเอ็ด/index.html,yes,200,yes,/รับซื้อ/รับซื้อกล้อง-sony-ร้อยเอ็ด,yes,รับซื้อ กล้อง Sony ร้อยเอ็ด ประเมินราคาเบื้องต้น | Amphon.co.th,รับซื้อ กล้อง Sony ในร้อยเอ็ด ประเมินราคาฟรี ส่งรูปเช็กราคาได้ ชำระเงินหลังตรวจสอบสินค้าและตกลงราคาเรียบร้อยแล้ว ติดต่อ ,รับซื้อ กล้อง Sony ร้อยเอ็ด ประเมินราคาเบื้องต้น,Answer|BreadcrumbList|ContactPoint|Country|FAQPage|GeoCoordinates|ImageObject|ListItem|LocalBusiness|Offer|OpeningHoursSpecification|Organization|PostalAddress|ProfessionalService|Question|Service|WebPage|WebSite,323,2,44,4,OK
/รับซื้อ/รับซื้อกล้อง-sony-ศรีสะเกษ,service-x-location,dist/client/รับซื้อ/รับซื้อกล้อง-sony-ศรีสะเกษ/index.html,yes,200,yes,/รับซื้อ/รับซื้อกล้อง-sony-ศรีสะเกษ,yes,รับซื้อ กล้อง Sony ศรีสะเกษ ประเมินราคาเบื้องต้น | Amphon.co.th,รับซื้อ กล้อง Sony ในศรีสะเกษ ประเมินราคาฟรี ส่งรูปเช็กราคาได้ ชำระเงินหลังตรวจสอบสินค้าและตกลงราคาเรียบร้อยแล้ว ติดต่อ ,รับซื้อ กล้อง Sony ศรีสะเกษ ประเมินราคาเบื้องต้น,Answer|BreadcrumbList|ContactPoint|Country|FAQPage|GeoCoordinates|ImageObject|ListItem|LocalBusiness|Offer|OpeningHoursSpecification|Organization|PostalAddress|ProfessionalService|Question|Service|WebPage|WebSite,310,2,44,4,OK
/รับซื้อ/รับซื้อกล้อง-sony-สกลนคร,service-x-location,dist/client/รับซื้อ/รับซื้อกล้อง-sony-สกลนคร/index.html,yes,200,yes,/รับซื้อ/รับซื้อกล้อง-sony-สกลนคร,yes,รับซื้อ กล้อง Sony สกลนคร ประเมินราคาเบื้องต้น | Amphon.co.th,รับซื้อ กล้อง Sony ในสกลนคร ประเมินราคาฟรี ส่งรูปเช็กราคาได้ ชำระเงินหลังตรวจสอบสินค้าและตกลงราคาเรียบร้อยแล้ว ติดต่อ Li,รับซื้อ กล้อง Sony สกลนคร ประเมินราคาเบื้องต้น,Answer|BreadcrumbList|ContactPoint|Country|FAQPage|GeoCoordinates|ImageObject|ListItem|LocalBusiness|Offer|OpeningHoursSpecification|Organization|PostalAddress|ProfessionalService|Question|Service|WebPage|WebSite,324,2,44,4,OK
/รับซื้อ/รับซื้อกล้อง-sony-สุรินทร์,service-x-location,dist/client/รับซื้อ/รับซื้อกล้อง-sony-สุรินทร์/index.html,yes,200,yes,/รับซื้อ/รับซื้อกล้อง-sony-สุรินทร์,yes,รับซื้อ กล้อง Sony สุรินทร์ ประเมินราคาเบื้องต้น | Amphon.co.th,รับซื้อ กล้อง Sony ในสุรินทร์ ประเมินราคาฟรี ส่งรูปเช็กราคาได้ ชำระเงินหลังตรวจสอบสินค้าและตกลงราคาเรียบร้อยแล้ว ติดต่อ ,รับซื้อ กล้อง Sony สุรินทร์ ประเมินราคาเบื้องต้น,Answer|BreadcrumbList|ContactPoint|Country|FAQPage|GeoCoordinates|ImageObject|ListItem|LocalBusiness|Offer|OpeningHoursSpecification|Organization|PostalAddress|ProfessionalService|Question|Service|WebPage|WebSite,309,2,44,4,OK
/รับซื้อ/รับซื้อกล้อง-sony-หนองคาย,service-x-location,dist/client/รับซื้อ/รับซื้อกล้อง-sony-หนองคาย/index.html,yes,200,yes,/รับซื้อ/รับซื้อกล้อง-sony-หนองคาย,yes,รับซื้อ กล้อง Sony หนองคาย ประเมินราคาเบื้องต้น | Amphon.co.th,รับซื้อ กล้อง Sony ในหนองคาย ประเมินราคาฟรี ส่งรูปเช็กราคาได้ ชำระเงินหลังตรวจสอบสินค้าและตกลงราคาเรียบร้อยแล้ว ติดต่อ L,รับซื้อ กล้อง Sony หนองคาย ประเมินราคาเบื้องต้น,Answer|BreadcrumbList|ContactPoint|Country|FAQPage|GeoCoordinates|ImageObject|ListItem|LocalBusiness|Offer|OpeningHoursSpecification|Organization|PostalAddress|ProfessionalService|Question|Service|WebPage|WebSite,309,2,44,4,OK
/รับซื้อ/รับซื้อกล้อง-sony-หนองบัวลำภู,service-x-location,dist/client/รับซื้อ/รับซื้อกล้อง-sony-หนองบัวลำภู/index.html,yes,200,yes,/รับซื้อ/รับซื้อกล้อง-sony-หนองบัวลำภู,yes,รับซื้อ กล้อง Sony หนองบัวลำภู ประเมินราคาเบื้องต้น | Amphon.co.th,รับซื้อ กล้อง Sony ในหนองบัวลำภู ประเมินราคาฟรี ส่งรูปเช็กราคาได้ ชำระเงินหลังตรวจสอบสินค้าและตกลงราคาเรียบร้อยแล้ว ติดต,รับซื้อ กล้อง Sony หนองบัวลำภู ประเมินราคาเบื้องต้น,Answer|BreadcrumbList|ContactPoint|Country|FAQPage|GeoCoordinates|ImageObject|ListItem|LocalBusiness|Offer|OpeningHoursSpecification|Organization|PostalAddress|ProfessionalService|Question|Service|WebPage|WebSite,301,2,44,4,OK
/รับซื้อ/รับซื้อกล้อง-sony-อำนาจเจริญ,service-x-location,dist/client/รับซื้อ/รับซื้อกล้อง-sony-อำนาจเจริญ/index.html,yes,200,yes,/รับซื้อ/รับซื้อกล้อง-sony-อำนาจเจริญ,yes,รับซื้อ กล้อง Sony อำนาจเจริญ ประเมินราคาเบื้องต้น | Amphon.co.th,รับซื้อ กล้อง Sony ในอำนาจเจริญ ประเมินราคาฟรี ส่งรูปเช็กราคาได้ ชำระเงินหลังตรวจสอบสินค้าและตกลงราคาเรียบร้อยแล้ว ติดต่,รับซื้อ กล้อง Sony อำนาจเจริญ ประเมินราคาเบื้องต้น,Answer|BreadcrumbList|ContactPoint|Country|FAQPage|GeoCoordinates|ImageObject|ListItem|LocalBusiness|Offer|OpeningHoursSpecification|Organization|PostalAddress|ProfessionalService|Question|Service|WebPage|WebSite,304,2,44,4,OK
/รับซื้อ/รับซื้อกล้อง-sony-อุดรธานี,service-x-location,dist/client/รับซื้อ/รับซื้อกล้อง-sony-อุดรธานี/index.html,yes,200,yes,/รับซื้อ/รับซื้อกล้อง-sony-อุดรธานี,yes,รับซื้อ กล้อง Sony อุดรธานี ประเมินราคาเบื้องต้น | Amphon.co.th,รับซื้อ กล้อง Sony ในอุดรธานี ประเมินราคาฟรี ส่งรูปเช็กราคาได้ ชำระเงินหลังตรวจสอบสินค้าและตกลงราคาเรียบร้อยแล้ว ติดต่อ ,รับซื้อ กล้อง Sony อุดรธานี ประเมินราคาเบื้องต้น,Answer|BreadcrumbList|ContactPoint|Country|FAQPage|GeoCoordinates|ImageObject|ListItem|LocalBusiness|Offer|OpeningHoursSpecification|Organization|PostalAddress|ProfessionalService|Question|Service|WebPage|WebSite,311,2,44,4,OK
/รับซื้อ/รับซื้อกล้อง-sony-อุบลราชธานี,service-x-location,dist/client/รับซื้อ/รับซื้อกล้อง-sony-อุบลราชธานี/index.html,yes,200,yes,/รับซื้อ/รับซื้อกล้อง-sony-อุบลราชธานี,yes,รับซื้อ กล้อง Sony อุบลราชธานี ประเมินราคาเบื้องต้น | Amphon.co.th,รับซื้อ กล้อง Sony ในอุบลราชธานี ประเมินราคาฟรี ส่งรูปเช็กราคาได้ ชำระเงินหลังตรวจสอบสินค้าและตกลงราคาเรียบร้อยแล้ว ติดต,รับซื้อ กล้อง Sony อุบลราชธานี ประเมินราคาเบื้องต้น,Answer|BreadcrumbList|ContactPoint|Country|FAQPage|GeoCoordinates|ImageObject|ListItem|LocalBusiness|Offer|OpeningHoursSpecification|Organization|PostalAddress|ProfessionalService|Question|Service|WebPage|WebSite,305,2,44,4,OK
/รับซื้อ/รับซื้อกล้อง-sony-เลย,service-x-location,dist/client/รับซื้อ/รับซื้อกล้อง-sony-เลย/index.html,yes,200,yes,/รับซื้อ/รับซื้อกล้อง-sony-เลย,yes,รับซื้อ กล้อง Sony เลย ประเมินราคาเบื้องต้น | Amphon.co.th,รับซื้อ กล้อง Sony ในเลย ประเมินราคาฟรี ส่งรูปเช็กราคาได้ ชำระเงินหลังตรวจสอบสินค้าและตกลงราคาเรียบร้อยแล้ว ติดต่อ Line ,รับซื้อ กล้อง Sony เลย ประเมินราคาเบื้องต้น,Answer|BreadcrumbList|ContactPoint|Country|FAQPage|GeoCoordinates|ImageObject|ListItem|LocalBusiness|Offer|OpeningHoursSpecification|Organization|PostalAddress|ProfessionalService|Question|Service|WebPage|WebSite,317,2,44,4,OK
/รับซื้อ/รับซื้อกล้อง-กาฬสินธุ์,service-x-location,dist/client/รับซื้อ/รับซื้อกล้อง-กาฬสินธุ์/index.html,yes,200,yes,/รับซื้อ/รับซื้อกล้อง-กาฬสินธุ์,yes,รับซื้อ กล้อง กาฬสินธุ์ ประเมินราคาเบื้องต้น | Amphon.co.th,รับซื้อ กล้อง ในกาฬสินธุ์ ประเมินราคาฟรี ส่งรูปเช็กราคาได้ ชำระเงินหลังตรวจสอบสินค้าและตกลงราคาเรียบร้อยแล้ว ติดต่อ Line,รับซื้อ กล้อง กาฬสินธุ์ ประเมินราคาเบื้องต้น,Answer|BreadcrumbList|ContactPoint|Country|FAQPage|GeoCoordinates|ImageObject|ListItem|LocalBusiness|Offer|OpeningHoursSpecification|Organization|PostalAddress|ProfessionalService|Question|Service|WebPage|WebSite,306,2,44,4,OK
/รับซื้อ/รับซื้อกล้อง-ขอนแก่น,service-x-location,dist/client/รับซื้อ/รับซื้อกล้อง-ขอนแก่น/index.html,yes,200,yes,/รับซื้อ/รับซื้อกล้อง-ขอนแก่น,yes,รับซื้อ กล้อง ขอนแก่น ประเมินราคาเบื้องต้น | Amphon.co.th,รับซื้อ กล้อง ในขอนแก่น ประเมินราคาฟรี ส่งรูปเช็กราคาได้ ชำระเงินหลังตรวจสอบสินค้าและตกลงราคาเรียบร้อยแล้ว ติดต่อ Line @,รับซื้อ กล้อง ขอนแก่น ประเมินราคาเบื้องต้น,Answer|BreadcrumbList|ContactPoint|Country|FAQPage|GeoCoordinates|ImageObject|ListItem|LocalBusiness|Offer|OpeningHoursSpecification|Organization|PostalAddress|ProfessionalService|Question|Service|WebPage|WebSite,317,2,44,4,OK
/รับซื้อ/รับซื้อกล้อง-ชัยภูมิ,service-x-location,dist/client/รับซื้อ/รับซื้อกล้อง-ชัยภูมิ/index.html,yes,200,yes,/รับซื้อ/รับซื้อกล้อง-ชัยภูมิ,yes,รับซื้อ กล้อง ชัยภูมิ ประเมินราคาเบื้องต้น | Amphon.co.th,รับซื้อ กล้อง ในชัยภูมิ ประเมินราคาฟรี ส่งรูปเช็กราคาได้ ชำระเงินหลังตรวจสอบสินค้าและตกลงราคาเรียบร้อยแล้ว ติดต่อ Line @,รับซื้อ กล้อง ชัยภูมิ ประเมินราคาเบื้องต้น,Answer|BreadcrumbList|ContactPoint|Country|FAQPage|GeoCoordinates|ImageObject|ListItem|LocalBusiness|Offer|OpeningHoursSpecification|Organization|PostalAddress|ProfessionalService|Question|Service|WebPage|WebSite,305,2,44,4,OK
/รับซื้อ/รับซื้อกล้อง-นครพนม,service-x-location,dist/client/รับซื้อ/รับซื้อกล้อง-นครพนม/index.html,yes,200,yes,/รับซื้อ/รับซื้อกล้อง-นครพนม,yes,รับซื้อ กล้อง นครพนม ประเมินราคาเบื้องต้น | Amphon.co.th,รับซื้อ กล้อง ในนครพนม ประเมินราคาฟรี ส่งรูปเช็กราคาได้ ชำระเงินหลังตรวจสอบสินค้าและตกลงราคาเรียบร้อยแล้ว ติดต่อ Line @w,รับซื้อ กล้อง นครพนม ประเมินราคาเบื้องต้น,Answer|BreadcrumbList|ContactPoint|Country|FAQPage|GeoCoordinates|ImageObject|ListItem|LocalBusiness|Offer|OpeningHoursSpecification|Organization|PostalAddress|ProfessionalService|Question|Service|WebPage|WebSite,302,2,44,4,OK
/รับซื้อ/รับซื้อกล้อง-นครราชสีมา,service-x-location,dist/client/รับซื้อ/รับซื้อกล้อง-นครราชสีมา/index.html,yes,200,yes,/รับซื้อ/รับซื้อกล้อง-นครราชสีมา,yes,รับซื้อ กล้อง นครราชสีมา ประเมินราคาเบื้องต้น | Amphon.co.th,รับซื้อ กล้อง ในนครราชสีมา ประเมินราคาฟรี ส่งรูปเช็กราคาได้ ชำระเงินหลังตรวจสอบสินค้าและตกลงราคาเรียบร้อยแล้ว ติดต่อ Lin,รับซื้อ กล้อง นครราชสีมา ประเมินราคาเบื้องต้น,Answer|BreadcrumbList|ContactPoint|Country|FAQPage|GeoCoordinates|ImageObject|ListItem|LocalBusiness|Offer|OpeningHoursSpecification|Organization|PostalAddress|ProfessionalService|Question|Service|WebPage|WebSite,324,2,44,4,OK
/รับซื้อ/รับซื้อกล้อง-บึงกาฬ,service-x-location,dist/client/รับซื้อ/รับซื้อกล้อง-บึงกาฬ/index.html,yes,200,yes,/รับซื้อ/รับซื้อกล้อง-บึงกาฬ,yes,รับซื้อ กล้อง บึงกาฬ ประเมินราคาเบื้องต้น | Amphon.co.th,รับซื้อ กล้อง ในบึงกาฬ ประเมินราคาฟรี ส่งรูปเช็กราคาได้ ชำระเงินหลังตรวจสอบสินค้าและตกลงราคาเรียบร้อยแล้ว ติดต่อ Line @w,รับซื้อ กล้อง บึงกาฬ ประเมินราคาเบื้องต้น,Answer|BreadcrumbList|ContactPoint|Country|FAQPage|GeoCoordinates|ImageObject|ListItem|LocalBusiness|Offer|OpeningHoursSpecification|Organization|PostalAddress|ProfessionalService|Question|Service|WebPage|WebSite,294,2,44,4,OK
/รับซื้อ/รับซื้อกล้อง-บุรีรัมย์,service-x-location,dist/client/รับซื้อ/รับซื้อกล้อง-บุรีรัมย์/index.html,yes,200,yes,/รับซื้อ/รับซื้อกล้อง-บุรีรัมย์,yes,รับซื้อ กล้อง บุรีรัมย์ ประเมินราคาเบื้องต้น | Amphon.co.th,รับซื้อ กล้อง ในบุรีรัมย์ ประเมินราคาฟรี ส่งรูปเช็กราคาได้ ชำระเงินหลังตรวจสอบสินค้าและตกลงราคาเรียบร้อยแล้ว ติดต่อ Line,รับซื้อ กล้อง บุรีรัมย์ ประเมินราคาเบื้องต้น,Answer|BreadcrumbList|ContactPoint|Country|FAQPage|GeoCoordinates|ImageObject|ListItem|LocalBusiness|Offer|OpeningHoursSpecification|Organization|PostalAddress|ProfessionalService|Question|Service|WebPage|WebSite,298,2,44,4,OK
/รับซื้อ/รับซื้อกล้อง-มหาสารคาม,service-x-location,dist/client/รับซื้อ/รับซื้อกล้อง-มหาสารคาม/index.html,yes,200,yes,/รับซื้อ/รับซื้อกล้อง-มหาสารคาม,yes,รับซื้อ กล้อง มหาสารคาม ประเมินราคาเบื้องต้น | Amphon.co.th,รับซื้อ กล้อง ในมหาสารคาม ประเมินราคาฟรี ส่งรูปเช็กราคาได้ ชำระเงินหลังตรวจสอบสินค้าและตกลงราคาเรียบร้อยแล้ว ติดต่อ Line,รับซื้อ กล้อง มหาสารคาม ประเมินราคาเบื้องต้น,Answer|BreadcrumbList|ContactPoint|Country|FAQPage|GeoCoordinates|ImageObject|ListItem|LocalBusiness|Offer|OpeningHoursSpecification|Organization|PostalAddress|ProfessionalService|Question|Service|WebPage|WebSite,298,2,44,4,OK
/รับซื้อ/รับซื้อกล้อง-มุกดาหาร,service-x-location,dist/client/รับซื้อ/รับซื้อกล้อง-มุกดาหาร/index.html,yes,200,yes,/รับซื้อ/รับซื้อกล้อง-มุกดาหาร,yes,รับซื้อ กล้อง มุกดาหาร ประเมินราคาเบื้องต้น | Amphon.co.th,รับซื้อ กล้อง ในมุกดาหาร ประเมินราคาฟรี ส่งรูปเช็กราคาได้ ชำระเงินหลังตรวจสอบสินค้าและตกลงราคาเรียบร้อยแล้ว ติดต่อ Line ,รับซื้อ กล้อง มุกดาหาร ประเมินราคาเบื้องต้น,Answer|BreadcrumbList|ContactPoint|Country|FAQPage|GeoCoordinates|ImageObject|ListItem|LocalBusiness|Offer|OpeningHoursSpecification|Organization|PostalAddress|ProfessionalService|Question|Service|WebPage|WebSite,291,2,44,4,OK
/รับซื้อ/รับซื้อกล้อง-ยโสธร,service-x-location,dist/client/รับซื้อ/รับซื้อกล้อง-ยโสธร/index.html,yes,200,yes,/รับซื้อ/รับซื้อกล้อง-ยโสธร,yes,รับซื้อ กล้อง ยโสธร ประเมินราคาเบื้องต้น | Amphon.co.th,รับซื้อ กล้อง ในยโสธร ประเมินราคาฟรี ส่งรูปเช็กราคาได้ ชำระเงินหลังตรวจสอบสินค้าและตกลงราคาเรียบร้อยแล้ว ติดต่อ Line @we,รับซื้อ กล้อง ยโสธร ประเมินราคาเบื้องต้น,Answer|BreadcrumbList|ContactPoint|Country|FAQPage|GeoCoordinates|ImageObject|ListItem|LocalBusiness|Offer|OpeningHoursSpecification|Organization|PostalAddress|ProfessionalService|Question|Service|WebPage|WebSite,295,2,44,4,OK
/รับซื้อ/รับซื้อกล้อง-ร้อยเอ็ด,service-x-location,dist/client/รับซื้อ/รับซื้อกล้อง-ร้อยเอ็ด/index.html,yes,200,yes,/รับซื้อ/รับซื้อกล้อง-ร้อยเอ็ด,yes,รับซื้อ กล้อง ร้อยเอ็ด ประเมินราคาเบื้องต้น | Amphon.co.th,รับซื้อ กล้อง ในร้อยเอ็ด ประเมินราคาฟรี ส่งรูปเช็กราคาได้ ชำระเงินหลังตรวจสอบสินค้าและตกลงราคาเรียบร้อยแล้ว ติดต่อ Line ,รับซื้อ กล้อง ร้อยเอ็ด ประเมินราคาเบื้องต้น,Answer|BreadcrumbList|ContactPoint|Country|FAQPage|GeoCoordinates|ImageObject|ListItem|LocalBusiness|Offer|OpeningHoursSpecification|Organization|PostalAddress|ProfessionalService|Question|Service|WebPage|WebSite,309,2,44,4,OK
/รับซื้อ/รับซื้อกล้อง-ศรีสะเกษ,service-x-location,dist/client/รับซื้อ/รับซื้อกล้อง-ศรีสะเกษ/index.html,yes,200,yes,/รับซื้อ/รับซื้อกล้อง-ศรีสะเกษ,yes,รับซื้อ กล้อง ศรีสะเกษ ประเมินราคาเบื้องต้น | Amphon.co.th,รับซื้อ กล้อง ในศรีสะเกษ ประเมินราคาฟรี ส่งรูปเช็กราคาได้ ชำระเงินหลังตรวจสอบสินค้าและตกลงราคาเรียบร้อยแล้ว ติดต่อ Line ,รับซื้อ กล้อง ศรีสะเกษ ประเมินราคาเบื้องต้น,Answer|BreadcrumbList|ContactPoint|Country|FAQPage|GeoCoordinates|ImageObject|ListItem|LocalBusiness|Offer|OpeningHoursSpecification|Organization|PostalAddress|ProfessionalService|Question|Service|WebPage|WebSite,296,2,44,4,OK
/รับซื้อ/รับซื้อกล้อง-สกลนคร,service-x-location,dist/client/รับซื้อ/รับซื้อกล้อง-สกลนคร/index.html,yes,200,yes,/รับซื้อ/รับซื้อกล้อง-สกลนคร,yes,รับซื้อ กล้อง สกลนคร ประเมินราคาเบื้องต้น | Amphon.co.th,รับซื้อ กล้อง ในสกลนคร ประเมินราคาฟรี ส่งรูปเช็กราคาได้ ชำระเงินหลังตรวจสอบสินค้าและตกลงราคาเรียบร้อยแล้ว ติดต่อ Line @w,รับซื้อ กล้อง สกลนคร ประเมินราคาเบื้องต้น,Answer|BreadcrumbList|ContactPoint|Country|FAQPage|GeoCoordinates|ImageObject|ListItem|LocalBusiness|Offer|OpeningHoursSpecification|Organization|PostalAddress|ProfessionalService|Question|Service|WebPage|WebSite,310,2,44,4,OK
/รับซื้อ/รับซื้อกล้อง-สุรินทร์,service-x-location,dist/client/รับซื้อ/รับซื้อกล้อง-สุรินทร์/index.html,yes,200,yes,/รับซื้อ/รับซื้อกล้อง-สุรินทร์,yes,รับซื้อ กล้อง สุรินทร์ ประเมินราคาเบื้องต้น | Amphon.co.th,รับซื้อ กล้อง ในสุรินทร์ ประเมินราคาฟรี ส่งรูปเช็กราคาได้ ชำระเงินหลังตรวจสอบสินค้าและตกลงราคาเรียบร้อยแล้ว ติดต่อ Line ,รับซื้อ กล้อง สุรินทร์ ประเมินราคาเบื้องต้น,Answer|BreadcrumbList|ContactPoint|Country|FAQPage|GeoCoordinates|ImageObject|ListItem|LocalBusiness|Offer|OpeningHoursSpecification|Organization|PostalAddress|ProfessionalService|Question|Service|WebPage|WebSite,295,2,44,4,OK
/รับซื้อ/รับซื้อกล้อง-หนองคาย,service-x-location,dist/client/รับซื้อ/รับซื้อกล้อง-หนองคาย/index.html,yes,200,yes,/รับซื้อ/รับซื้อกล้อง-หนองคาย,yes,รับซื้อ กล้อง หนองคาย ประเมินราคาเบื้องต้น | Amphon.co.th,รับซื้อ กล้อง ในหนองคาย ประเมินราคาฟรี ส่งรูปเช็กราคาได้ ชำระเงินหลังตรวจสอบสินค้าและตกลงราคาเรียบร้อยแล้ว ติดต่อ Line @,รับซื้อ กล้อง หนองคาย ประเมินราคาเบื้องต้น,Answer|BreadcrumbList|ContactPoint|Country|FAQPage|GeoCoordinates|ImageObject|ListItem|LocalBusiness|Offer|OpeningHoursSpecification|Organization|PostalAddress|ProfessionalService|Question|Service|WebPage|WebSite,295,2,44,4,OK
/รับซื้อ/รับซื้อกล้อง-หนองบัวลำภู,service-x-location,dist/client/รับซื้อ/รับซื้อกล้อง-หนองบัวลำภู/index.html,yes,200,yes,/รับซื้อ/รับซื้อกล้อง-หนองบัวลำภู,yes,รับซื้อ กล้อง หนองบัวลำภู ประเมินราคาเบื้องต้น | Amphon.co.th,รับซื้อ กล้อง ในหนองบัวลำภู ประเมินราคาฟรี ส่งรูปเช็กราคาได้ ชำระเงินหลังตรวจสอบสินค้าและตกลงราคาเรียบร้อยแล้ว ติดต่อ Li,รับซื้อ กล้อง หนองบัวลำภู ประเมินราคาเบื้องต้น,Answer|BreadcrumbList|ContactPoint|Country|FAQPage|GeoCoordinates|ImageObject|ListItem|LocalBusiness|Offer|OpeningHoursSpecification|Organization|PostalAddress|ProfessionalService|Question|Service|WebPage|WebSite,287,2,44,4,OK
/รับซื้อ/รับซื้อกล้อง-อำนาจเจริญ,service-x-location,dist/client/รับซื้อ/รับซื้อกล้อง-อำนาจเจริญ/index.html,yes,200,yes,/รับซื้อ/รับซื้อกล้อง-อำนาจเจริญ,yes,รับซื้อ กล้อง อำนาจเจริญ ประเมินราคาเบื้องต้น | Amphon.co.th,รับซื้อ กล้อง ในอำนาจเจริญ ประเมินราคาฟรี ส่งรูปเช็กราคาได้ ชำระเงินหลังตรวจสอบสินค้าและตกลงราคาเรียบร้อยแล้ว ติดต่อ Lin,รับซื้อ กล้อง อำนาจเจริญ ประเมินราคาเบื้องต้น,Answer|BreadcrumbList|ContactPoint|Country|FAQPage|GeoCoordinates|ImageObject|ListItem|LocalBusiness|Offer|OpeningHoursSpecification|Organization|PostalAddress|ProfessionalService|Question|Service|WebPage|WebSite,290,2,44,4,OK
/รับซื้อ/รับซื้อกล้อง-อุดรธานี,service-x-location,dist/client/รับซื้อ/รับซื้อกล้อง-อุดรธานี/index.html,yes,200,yes,/รับซื้อ/รับซื้อกล้อง-อุดรธานี,yes,รับซื้อ กล้อง อุดรธานี ประเมินราคาเบื้องต้น | Amphon.co.th,รับซื้อ กล้อง ในอุดรธานี ประเมินราคาฟรี ส่งรูปเช็กราคาได้ ชำระเงินหลังตรวจสอบสินค้าและตกลงราคาเรียบร้อยแล้ว ติดต่อ Line ,รับซื้อ กล้อง อุดรธานี ประเมินราคาเบื้องต้น,Answer|BreadcrumbList|ContactPoint|Country|FAQPage|GeoCoordinates|ImageObject|ListItem|LocalBusiness|Offer|OpeningHoursSpecification|Organization|PostalAddress|ProfessionalService|Question|Service|WebPage|WebSite,297,2,44,4,OK
/รับซื้อ/รับซื้อกล้อง-อุบลราชธานี,service-x-location,dist/client/รับซื้อ/รับซื้อกล้อง-อุบลราชธานี/index.html,yes,200,yes,/รับซื้อ/รับซื้อกล้อง-อุบลราชธานี,yes,รับซื้อ กล้อง อุบลราชธานี ประเมินราคาเบื้องต้น | Amphon.co.th,รับซื้อ กล้อง ในอุบลราชธานี ประเมินราคาฟรี ส่งรูปเช็กราคาได้ ชำระเงินหลังตรวจสอบสินค้าและตกลงราคาเรียบร้อยแล้ว ติดต่อ Li,รับซื้อ กล้อง อุบลราชธานี ประเมินราคาเบื้องต้น,Answer|BreadcrumbList|ContactPoint|Country|FAQPage|GeoCoordinates|ImageObject|ListItem|LocalBusiness|Offer|OpeningHoursSpecification|Organization|PostalAddress|ProfessionalService|Question|Service|WebPage|WebSite,291,11,44,4,OK
/รับซื้อ/รับซื้อกล้อง-เลย,service-x-location,dist/client/รับซื้อ/รับซื้อกล้อง-เลย/index.html,yes,200,yes,/รับซื้อ/รับซื้อกล้อง-เลย,yes,รับซื้อ กล้อง เลย ประเมินราคาเบื้องต้น | Amphon.co.th,รับซื้อ กล้อง ในเลย ประเมินราคาฟรี ส่งรูปเช็กราคาได้ ชำระเงินหลังตรวจสอบสินค้าและตกลงราคาเรียบร้อยแล้ว ติดต่อ Line @webu,รับซื้อ กล้อง เลย ประเมินราคาเบื้องต้น,Answer|BreadcrumbList|ContactPoint|Country|FAQPage|GeoCoordinates|ImageObject|ListItem|LocalBusiness|Offer|OpeningHoursSpecification|Organization|PostalAddress|ProfessionalService|Question|Service|WebPage|WebSite,303,2,44,4,OK
/รับซื้อ/รับซื้อการ์ดจอ-กาฬสินธุ์,service-x-location,dist/client/รับซื้อ/รับซื้อการ์ดจอ-กาฬสินธุ์/index.html,yes,200,yes,/รับซื้อ/รับซื้อการ์ดจอ-กาฬสินธุ์,yes,รับซื้อ การ์ดจอ กาฬสินธุ์ ประเมินราคาเบื้องต้น | Amphon.co.th,รับซื้อ การ์ดจอ ในกาฬสินธุ์ ประเมินราคาฟรี ส่งรูปเช็กราคาได้ ชำระเงินหลังตรวจสอบสินค้าและตกลงราคาเรียบร้อยแล้ว ติดต่อ Li,รับซื้อ การ์ดจอ กาฬสินธุ์ ประเมินราคาเบื้องต้น,Answer|BreadcrumbList|ContactPoint|Country|FAQPage|GeoCoordinates|ImageObject|ListItem|LocalBusiness|Offer|OpeningHoursSpecification|Organization|PostalAddress|ProfessionalService|Question|Service|WebPage|WebSite,308,2,44,4,OK
/รับซื้อ/รับซื้อการ์ดจอ-ขอนแก่น,service-x-location,dist/client/รับซื้อ/รับซื้อการ์ดจอ-ขอนแก่น/index.html,yes,200,yes,/รับซื้อ/รับซื้อการ์ดจอ-ขอนแก่น,yes,รับซื้อ การ์ดจอ ขอนแก่น ประเมินราคาเบื้องต้น | Amphon.co.th,รับซื้อ การ์ดจอ ในขอนแก่น ประเมินราคาฟรี ส่งรูปเช็กราคาได้ ชำระเงินหลังตรวจสอบสินค้าและตกลงราคาเรียบร้อยแล้ว ติดต่อ Line,รับซื้อ การ์ดจอ ขอนแก่น ประเมินราคาเบื้องต้น,Answer|BreadcrumbList|ContactPoint|Country|FAQPage|GeoCoordinates|ImageObject|ListItem|LocalBusiness|Offer|OpeningHoursSpecification|Organization|PostalAddress|ProfessionalService|Question|Service|WebPage|WebSite,319,2,44,4,OK
/รับซื้อ/รับซื้อการ์ดจอ-ชัยภูมิ,service-x-location,dist/client/รับซื้อ/รับซื้อการ์ดจอ-ชัยภูมิ/index.html,yes,200,yes,/รับซื้อ/รับซื้อการ์ดจอ-ชัยภูมิ,yes,รับซื้อ การ์ดจอ ชัยภูมิ ประเมินราคาเบื้องต้น | Amphon.co.th,รับซื้อ การ์ดจอ ในชัยภูมิ ประเมินราคาฟรี ส่งรูปเช็กราคาได้ ชำระเงินหลังตรวจสอบสินค้าและตกลงราคาเรียบร้อยแล้ว ติดต่อ Line,รับซื้อ การ์ดจอ ชัยภูมิ ประเมินราคาเบื้องต้น,Answer|BreadcrumbList|ContactPoint|Country|FAQPage|GeoCoordinates|ImageObject|ListItem|LocalBusiness|Offer|OpeningHoursSpecification|Organization|PostalAddress|ProfessionalService|Question|Service|WebPage|WebSite,307,2,44,4,OK
/รับซื้อ/รับซื้อการ์ดจอ-นครพนม,service-x-location,dist/client/รับซื้อ/รับซื้อการ์ดจอ-นครพนม/index.html,yes,200,yes,/รับซื้อ/รับซื้อการ์ดจอ-นครพนม,yes,รับซื้อ การ์ดจอ นครพนม ประเมินราคาเบื้องต้น | Amphon.co.th,รับซื้อ การ์ดจอ ในนครพนม ประเมินราคาฟรี ส่งรูปเช็กราคาได้ ชำระเงินหลังตรวจสอบสินค้าและตกลงราคาเรียบร้อยแล้ว ติดต่อ Line ,รับซื้อ การ์ดจอ นครพนม ประเมินราคาเบื้องต้น,Answer|BreadcrumbList|ContactPoint|Country|FAQPage|GeoCoordinates|ImageObject|ListItem|LocalBusiness|Offer|OpeningHoursSpecification|Organization|PostalAddress|ProfessionalService|Question|Service|WebPage|WebSite,304,2,44,4,OK
/รับซื้อ/รับซื้อการ์ดจอ-นครราชสีมา,service-x-location,dist/client/รับซื้อ/รับซื้อการ์ดจอ-นครราชสีมา/index.html,yes,200,yes,/รับซื้อ/รับซื้อการ์ดจอ-นครราชสีมา,yes,รับซื้อ การ์ดจอ นครราชสีมา ประเมินราคาเบื้องต้น | Amphon.co.th,รับซื้อ การ์ดจอ ในนครราชสีมา ประเมินราคาฟรี ส่งรูปเช็กราคาได้ ชำระเงินหลังตรวจสอบสินค้าและตกลงราคาเรียบร้อยแล้ว ติดต่อ L,รับซื้อ การ์ดจอ นครราชสีมา ประเมินราคาเบื้องต้น,Answer|BreadcrumbList|ContactPoint|Country|FAQPage|GeoCoordinates|ImageObject|ListItem|LocalBusiness|Offer|OpeningHoursSpecification|Organization|PostalAddress|ProfessionalService|Question|Service|WebPage|WebSite,326,2,44,4,OK
/รับซื้อ/รับซื้อการ์ดจอ-บึงกาฬ,service-x-location,dist/client/รับซื้อ/รับซื้อการ์ดจอ-บึงกาฬ/index.html,yes,200,yes,/รับซื้อ/รับซื้อการ์ดจอ-บึงกาฬ,yes,รับซื้อ การ์ดจอ บึงกาฬ ประเมินราคาเบื้องต้น | Amphon.co.th,รับซื้อ การ์ดจอ ในบึงกาฬ ประเมินราคาฟรี ส่งรูปเช็กราคาได้ ชำระเงินหลังตรวจสอบสินค้าและตกลงราคาเรียบร้อยแล้ว ติดต่อ Line ,รับซื้อ การ์ดจอ บึงกาฬ ประเมินราคาเบื้องต้น,Answer|BreadcrumbList|ContactPoint|Country|FAQPage|GeoCoordinates|ImageObject|ListItem|LocalBusiness|Offer|OpeningHoursSpecification|Organization|PostalAddress|ProfessionalService|Question|Service|WebPage|WebSite,296,2,44,4,OK
/รับซื้อ/รับซื้อการ์ดจอ-บุรีรัมย์,service-x-location,dist/client/รับซื้อ/รับซื้อการ์ดจอ-บุรีรัมย์/index.html,yes,200,yes,/รับซื้อ/รับซื้อการ์ดจอ-บุรีรัมย์,yes,รับซื้อ การ์ดจอ บุรีรัมย์ ประเมินราคาเบื้องต้น | Amphon.co.th,รับซื้อ การ์ดจอ ในบุรีรัมย์ ประเมินราคาฟรี ส่งรูปเช็กราคาได้ ชำระเงินหลังตรวจสอบสินค้าและตกลงราคาเรียบร้อยแล้ว ติดต่อ Li,รับซื้อ การ์ดจอ บุรีรัมย์ ประเมินราคาเบื้องต้น,Answer|BreadcrumbList|ContactPoint|Country|FAQPage|GeoCoordinates|ImageObject|ListItem|LocalBusiness|Offer|OpeningHoursSpecification|Organization|PostalAddress|ProfessionalService|Question|Service|WebPage|WebSite,300,2,44,4,OK
/รับซื้อ/รับซื้อการ์ดจอ-มหาสารคาม,service-x-location,dist/client/รับซื้อ/รับซื้อการ์ดจอ-มหาสารคาม/index.html,yes,200,yes,/รับซื้อ/รับซื้อการ์ดจอ-มหาสารคาม,yes,รับซื้อ การ์ดจอ มหาสารคาม ประเมินราคาเบื้องต้น | Amphon.co.th,รับซื้อ การ์ดจอ ในมหาสารคาม ประเมินราคาฟรี ส่งรูปเช็กราคาได้ ชำระเงินหลังตรวจสอบสินค้าและตกลงราคาเรียบร้อยแล้ว ติดต่อ Li,รับซื้อ การ์ดจอ มหาสารคาม ประเมินราคาเบื้องต้น,Answer|BreadcrumbList|ContactPoint|Country|FAQPage|GeoCoordinates|ImageObject|ListItem|LocalBusiness|Offer|OpeningHoursSpecification|Organization|PostalAddress|ProfessionalService|Question|Service|WebPage|WebSite,300,2,44,4,OK
/รับซื้อ/รับซื้อการ์ดจอ-มุกดาหาร,service-x-location,dist/client/รับซื้อ/รับซื้อการ์ดจอ-มุกดาหาร/index.html,yes,200,yes,/รับซื้อ/รับซื้อการ์ดจอ-มุกดาหาร,yes,รับซื้อ การ์ดจอ มุกดาหาร ประเมินราคาเบื้องต้น | Amphon.co.th,รับซื้อ การ์ดจอ ในมุกดาหาร ประเมินราคาฟรี ส่งรูปเช็กราคาได้ ชำระเงินหลังตรวจสอบสินค้าและตกลงราคาเรียบร้อยแล้ว ติดต่อ Lin,รับซื้อ การ์ดจอ มุกดาหาร ประเมินราคาเบื้องต้น,Answer|BreadcrumbList|ContactPoint|Country|FAQPage|GeoCoordinates|ImageObject|ListItem|LocalBusiness|Offer|OpeningHoursSpecification|Organization|PostalAddress|ProfessionalService|Question|Service|WebPage|WebSite,293,2,44,4,OK
/รับซื้อ/รับซื้อการ์ดจอ-ยโสธร,service-x-location,dist/client/รับซื้อ/รับซื้อการ์ดจอ-ยโสธร/index.html,yes,200,yes,/รับซื้อ/รับซื้อการ์ดจอ-ยโสธร,yes,รับซื้อ การ์ดจอ ยโสธร ประเมินราคาเบื้องต้น | Amphon.co.th,รับซื้อ การ์ดจอ ในยโสธร ประเมินราคาฟรี ส่งรูปเช็กราคาได้ ชำระเงินหลังตรวจสอบสินค้าและตกลงราคาเรียบร้อยแล้ว ติดต่อ Line @,รับซื้อ การ์ดจอ ยโสธร ประเมินราคาเบื้องต้น,Answer|BreadcrumbList|ContactPoint|Country|FAQPage|GeoCoordinates|ImageObject|ListItem|LocalBusiness|Offer|OpeningHoursSpecification|Organization|PostalAddress|ProfessionalService|Question|Service|WebPage|WebSite,297,2,44,4,OK
/รับซื้อ/รับซื้อการ์ดจอ-ร้อยเอ็ด,service-x-location,dist/client/รับซื้อ/รับซื้อการ์ดจอ-ร้อยเอ็ด/index.html,yes,200,yes,/รับซื้อ/รับซื้อการ์ดจอ-ร้อยเอ็ด,yes,รับซื้อ การ์ดจอ ร้อยเอ็ด ประเมินราคาเบื้องต้น | Amphon.co.th,รับซื้อ การ์ดจอ ในร้อยเอ็ด ประเมินราคาฟรี ส่งรูปเช็กราคาได้ ชำระเงินหลังตรวจสอบสินค้าและตกลงราคาเรียบร้อยแล้ว ติดต่อ Lin,รับซื้อ การ์ดจอ ร้อยเอ็ด ประเมินราคาเบื้องต้น,Answer|BreadcrumbList|ContactPoint|Country|FAQPage|GeoCoordinates|ImageObject|ListItem|LocalBusiness|Offer|OpeningHoursSpecification|Organization|PostalAddress|ProfessionalService|Question|Service|WebPage|WebSite,311,2,44,4,OK
/รับซื้อ/รับซื้อการ์ดจอ-ศรีสะเกษ,service-x-location,dist/client/รับซื้อ/รับซื้อการ์ดจอ-ศรีสะเกษ/index.html,yes,200,yes,/รับซื้อ/รับซื้อการ์ดจอ-ศรีสะเกษ,yes,รับซื้อ การ์ดจอ ศรีสะเกษ ประเมินราคาเบื้องต้น | Amphon.co.th,รับซื้อ การ์ดจอ ในศรีสะเกษ ประเมินราคาฟรี ส่งรูปเช็กราคาได้ ชำระเงินหลังตรวจสอบสินค้าและตกลงราคาเรียบร้อยแล้ว ติดต่อ Lin,รับซื้อ การ์ดจอ ศรีสะเกษ ประเมินราคาเบื้องต้น,Answer|BreadcrumbList|ContactPoint|Country|FAQPage|GeoCoordinates|ImageObject|ListItem|LocalBusiness|Offer|OpeningHoursSpecification|Organization|PostalAddress|ProfessionalService|Question|Service|WebPage|WebSite,298,2,44,4,OK
/รับซื้อ/รับซื้อการ์ดจอ-สกลนคร,service-x-location,dist/client/รับซื้อ/รับซื้อการ์ดจอ-สกลนคร/index.html,yes,200,yes,/รับซื้อ/รับซื้อการ์ดจอ-สกลนคร,yes,รับซื้อ การ์ดจอ สกลนคร ประเมินราคาเบื้องต้น | Amphon.co.th,รับซื้อ การ์ดจอ ในสกลนคร ประเมินราคาฟรี ส่งรูปเช็กราคาได้ ชำระเงินหลังตรวจสอบสินค้าและตกลงราคาเรียบร้อยแล้ว ติดต่อ Line ,รับซื้อ การ์ดจอ สกลนคร ประเมินราคาเบื้องต้น,Answer|BreadcrumbList|ContactPoint|Country|FAQPage|GeoCoordinates|ImageObject|ListItem|LocalBusiness|Offer|OpeningHoursSpecification|Organization|PostalAddress|ProfessionalService|Question|Service|WebPage|WebSite,312,2,44,4,OK
/รับซื้อ/รับซื้อการ์ดจอ-สุรินทร์,service-x-location,dist/client/รับซื้อ/รับซื้อการ์ดจอ-สุรินทร์/index.html,yes,200,yes,/รับซื้อ/รับซื้อการ์ดจอ-สุรินทร์,yes,รับซื้อ การ์ดจอ สุรินทร์ ประเมินราคาเบื้องต้น | Amphon.co.th,รับซื้อ การ์ดจอ ในสุรินทร์ ประเมินราคาฟรี ส่งรูปเช็กราคาได้ ชำระเงินหลังตรวจสอบสินค้าและตกลงราคาเรียบร้อยแล้ว ติดต่อ Lin,รับซื้อ การ์ดจอ สุรินทร์ ประเมินราคาเบื้องต้น,Answer|BreadcrumbList|ContactPoint|Country|FAQPage|GeoCoordinates|ImageObject|ListItem|LocalBusiness|Offer|OpeningHoursSpecification|Organization|PostalAddress|ProfessionalService|Question|Service|WebPage|WebSite,297,2,44,4,OK
/รับซื้อ/รับซื้อการ์ดจอ-หนองคาย,service-x-location,dist/client/รับซื้อ/รับซื้อการ์ดจอ-หนองคาย/index.html,yes,200,yes,/รับซื้อ/รับซื้อการ์ดจอ-หนองคาย,yes,รับซื้อ การ์ดจอ หนองคาย ประเมินราคาเบื้องต้น | Amphon.co.th,รับซื้อ การ์ดจอ ในหนองคาย ประเมินราคาฟรี ส่งรูปเช็กราคาได้ ชำระเงินหลังตรวจสอบสินค้าและตกลงราคาเรียบร้อยแล้ว ติดต่อ Line,รับซื้อ การ์ดจอ หนองคาย ประเมินราคาเบื้องต้น,Answer|BreadcrumbList|ContactPoint|Country|FAQPage|GeoCoordinates|ImageObject|ListItem|LocalBusiness|Offer|OpeningHoursSpecification|Organization|PostalAddress|ProfessionalService|Question|Service|WebPage|WebSite,297,2,44,4,OK
/รับซื้อ/รับซื้อการ์ดจอ-หนองบัวลำภู,service-x-location,dist/client/รับซื้อ/รับซื้อการ์ดจอ-หนองบัวลำภู/index.html,yes,200,yes,/รับซื้อ/รับซื้อการ์ดจอ-หนองบัวลำภู,yes,รับซื้อ การ์ดจอ หนองบัวลำภู ประเมินราคาเบื้องต้น | Amphon.co.th,รับซื้อ การ์ดจอ ในหนองบัวลำภู ประเมินราคาฟรี ส่งรูปเช็กราคาได้ ชำระเงินหลังตรวจสอบสินค้าและตกลงราคาเรียบร้อยแล้ว ติดต่อ ,รับซื้อ การ์ดจอ หนองบัวลำภู ประเมินราคาเบื้องต้น,Answer|BreadcrumbList|ContactPoint|Country|FAQPage|GeoCoordinates|ImageObject|ListItem|LocalBusiness|Offer|OpeningHoursSpecification|Organization|PostalAddress|ProfessionalService|Question|Service|WebPage|WebSite,289,2,44,4,OK
/รับซื้อ/รับซื้อการ์ดจอ-อำนาจเจริญ,service-x-location,dist/client/รับซื้อ/รับซื้อการ์ดจอ-อำนาจเจริญ/index.html,yes,200,yes,/รับซื้อ/รับซื้อการ์ดจอ-อำนาจเจริญ,yes,รับซื้อ การ์ดจอ อำนาจเจริญ ประเมินราคาเบื้องต้น | Amphon.co.th,รับซื้อ การ์ดจอ ในอำนาจเจริญ ประเมินราคาฟรี ส่งรูปเช็กราคาได้ ชำระเงินหลังตรวจสอบสินค้าและตกลงราคาเรียบร้อยแล้ว ติดต่อ L,รับซื้อ การ์ดจอ อำนาจเจริญ ประเมินราคาเบื้องต้น,Answer|BreadcrumbList|ContactPoint|Country|FAQPage|GeoCoordinates|ImageObject|ListItem|LocalBusiness|Offer|OpeningHoursSpecification|Organization|PostalAddress|ProfessionalService|Question|Service|WebPage|WebSite,292,2,44,4,OK
/รับซื้อ/รับซื้อการ์ดจอ-อุดรธานี,service-x-location,dist/client/รับซื้อ/รับซื้อการ์ดจอ-อุดรธานี/index.html,yes,200,yes,/รับซื้อ/รับซื้อการ์ดจอ-อุดรธานี,yes,รับซื้อ การ์ดจอ อุดรธานี ประเมินราคาเบื้องต้น | Amphon.co.th,รับซื้อ การ์ดจอ ในอุดรธานี ประเมินราคาฟรี ส่งรูปเช็กราคาได้ ชำระเงินหลังตรวจสอบสินค้าและตกลงราคาเรียบร้อยแล้ว ติดต่อ Lin,รับซื้อ การ์ดจอ อุดรธานี ประเมินราคาเบื้องต้น,Answer|BreadcrumbList|ContactPoint|Country|FAQPage|GeoCoordinates|ImageObject|ListItem|LocalBusiness|Offer|OpeningHoursSpecification|Organization|PostalAddress|ProfessionalService|Question|Service|WebPage|WebSite,299,2,44,4,OK
/รับซื้อ/รับซื้อการ์ดจอ-อุบลราชธานี,service-x-location,dist/client/รับซื้อ/รับซื้อการ์ดจอ-อุบลราชธานี/index.html,yes,200,yes,/รับซื้อ/รับซื้อการ์ดจอ-อุบลราชธานี,yes,รับซื้อ การ์ดจอ อุบลราชธานี ประเมินราคาเบื้องต้น | Amphon.co.th,รับซื้อ การ์ดจอ ในอุบลราชธานี ประเมินราคาฟรี ส่งรูปเช็กราคาได้ ชำระเงินหลังตรวจสอบสินค้าและตกลงราคาเรียบร้อยแล้ว ติดต่อ ,รับซื้อ การ์ดจอ อุบลราชธานี ประเมินราคาเบื้องต้น,Answer|BreadcrumbList|ContactPoint|Country|FAQPage|GeoCoordinates|ImageObject|ListItem|LocalBusiness|Offer|OpeningHoursSpecification|Organization|PostalAddress|ProfessionalService|Question|Service|WebPage|WebSite,293,2,44,4,OK
/รับซื้อ/รับซื้อการ์ดจอ-เลย,service-x-location,dist/client/รับซื้อ/รับซื้อการ์ดจอ-เลย/index.html,yes,200,yes,/รับซื้อ/รับซื้อการ์ดจอ-เลย,yes,รับซื้อ การ์ดจอ เลย ประเมินราคาเบื้องต้น | Amphon.co.th,รับซื้อ การ์ดจอ ในเลย ประเมินราคาฟรี ส่งรูปเช็กราคาได้ ชำระเงินหลังตรวจสอบสินค้าและตกลงราคาเรียบร้อยแล้ว ติดต่อ Line @we,รับซื้อ การ์ดจอ เลย ประเมินราคาเบื้องต้น,Answer|BreadcrumbList|ContactPoint|Country|FAQPage|GeoCoordinates|ImageObject|ListItem|LocalBusiness|Offer|OpeningHoursSpecification|Organization|PostalAddress|ProfessionalService|Question|Service|WebPage|WebSite,305,2,44,4,OK
/รับซื้อ/รับซื้อของสะสม-อุบลราชธานี,service-x-location,dist/client/รับซื้อ/รับซื้อของสะสม-อุบลราชธานี/index.html,yes,200,yes,/รับซื้อ/รับซื้อของสะสม-อุบลราชธานี,yes,รับซื้อ ของสะสมและเครื่องดนตรี อุบลราชธานี ประเมินราคาฟรี นัดรับหรือประสานขนส่งตามข้อตกลง | Amphon.co.th,รับซื้อ ของสะสมและเครื่องดนตรี ใน อุบลราชธานี ประเมินราคาตามประเภท รุ่น สเปก สภาพ จำนวน และความต้องการตลาด ประเมินราคาฟร,รับซื้อ ของสะสมและเครื่องดนตรี อุบลราชธานี ประเมินราคาฟรี นัดรับหรือประสานขนส่งตามข้อตกลง,Answer|BreadcrumbList|ContactPoint|Country|FAQPage|GeoCoordinates|ImageObject|ListItem|LocalBusiness|Offer|OpeningHoursSpecification|Organization|PostalAddress|ProfessionalService|Question|Service|WebPage|WebSite,194,2,44,4,OK
/รับซื้อ/รับซื้อของไอทีเสีย-กาฬสินธุ์,service-x-location,dist/client/รับซื้อ/รับซื้อของไอทีเสีย-กาฬสินธุ์/index.html,yes,200,yes,/รับซื้อ/รับซื้อของไอทีเสีย-กาฬสินธุ์,yes,รับซื้อ ของไอทีเสีย กาฬสินธุ์ ประเมินราคาเบื้องต้น | Amphon.co.th,รับซื้อ ของไอทีเสีย ในกาฬสินธุ์ ประเมินราคาฟรี ส่งรูปเช็กราคาได้ ชำระเงินหลังตรวจสอบสินค้าและตกลงราคาเรียบร้อยแล้ว ติดต่,รับซื้อ ของไอทีเสีย กาฬสินธุ์ ประเมินราคาเบื้องต้น,Answer|BreadcrumbList|ContactPoint|Country|FAQPage|GeoCoordinates|ImageObject|ListItem|LocalBusiness|Offer|OpeningHoursSpecification|Organization|PostalAddress|ProfessionalService|Question|Service|WebPage|WebSite,305,2,44,4,OK
/รับซื้อ/รับซื้อของไอทีเสีย-ขอนแก่น,service-x-location,dist/client/รับซื้อ/รับซื้อของไอทีเสีย-ขอนแก่น/index.html,yes,200,yes,/รับซื้อ/รับซื้อของไอทีเสีย-ขอนแก่น,yes,รับซื้อ ของไอทีเสีย ขอนแก่น ประเมินราคาเบื้องต้น | Amphon.co.th,รับซื้อ ของไอทีเสีย ในขอนแก่น ประเมินราคาฟรี ส่งรูปเช็กราคาได้ ชำระเงินหลังตรวจสอบสินค้าและตกลงราคาเรียบร้อยแล้ว ติดต่อ ,รับซื้อ ของไอทีเสีย ขอนแก่น ประเมินราคาเบื้องต้น,Answer|BreadcrumbList|ContactPoint|Country|FAQPage|GeoCoordinates|ImageObject|ListItem|LocalBusiness|Offer|OpeningHoursSpecification|Organization|PostalAddress|ProfessionalService|Question|Service|WebPage|WebSite,316,2,44,4,OK
/รับซื้อ/รับซื้อของไอทีเสีย-ชัยภูมิ,service-x-location,dist/client/รับซื้อ/รับซื้อของไอทีเสีย-ชัยภูมิ/index.html,yes,200,yes,/รับซื้อ/รับซื้อของไอทีเสีย-ชัยภูมิ,yes,รับซื้อ ของไอทีเสีย ชัยภูมิ ประเมินราคาเบื้องต้น | Amphon.co.th,รับซื้อ ของไอทีเสีย ในชัยภูมิ ประเมินราคาฟรี ส่งรูปเช็กราคาได้ ชำระเงินหลังตรวจสอบสินค้าและตกลงราคาเรียบร้อยแล้ว ติดต่อ ,รับซื้อ ของไอทีเสีย ชัยภูมิ ประเมินราคาเบื้องต้น,Answer|BreadcrumbList|ContactPoint|Country|FAQPage|GeoCoordinates|ImageObject|ListItem|LocalBusiness|Offer|OpeningHoursSpecification|Organization|PostalAddress|ProfessionalService|Question|Service|WebPage|WebSite,304,2,44,4,OK
/รับซื้อ/รับซื้อของไอทีเสีย-นครพนม,service-x-location,dist/client/รับซื้อ/รับซื้อของไอทีเสีย-นครพนม/index.html,yes,200,yes,/รับซื้อ/รับซื้อของไอทีเสีย-นครพนม,yes,รับซื้อ ของไอทีเสีย นครพนม ประเมินราคาเบื้องต้น | Amphon.co.th,รับซื้อ ของไอทีเสีย ในนครพนม ประเมินราคาฟรี ส่งรูปเช็กราคาได้ ชำระเงินหลังตรวจสอบสินค้าและตกลงราคาเรียบร้อยแล้ว ติดต่อ L,รับซื้อ ของไอทีเสีย นครพนม ประเมินราคาเบื้องต้น,Answer|BreadcrumbList|ContactPoint|Country|FAQPage|GeoCoordinates|ImageObject|ListItem|LocalBusiness|Offer|OpeningHoursSpecification|Organization|PostalAddress|ProfessionalService|Question|Service|WebPage|WebSite,301,2,44,4,OK
/รับซื้อ/รับซื้อของไอทีเสีย-นครราชสีมา,service-x-location,dist/client/รับซื้อ/รับซื้อของไอทีเสีย-นครราชสีมา/index.html,yes,200,yes,/รับซื้อ/รับซื้อของไอทีเสีย-นครราชสีมา,yes,รับซื้อ ของไอทีเสีย นครราชสีมา ประเมินราคาเบื้องต้น | Amphon.co.th,รับซื้อ ของไอทีเสีย ในนครราชสีมา ประเมินราคาฟรี ส่งรูปเช็กราคาได้ ชำระเงินหลังตรวจสอบสินค้าและตกลงราคาเรียบร้อยแล้ว ติดต,รับซื้อ ของไอทีเสีย นครราชสีมา ประเมินราคาเบื้องต้น,Answer|BreadcrumbList|ContactPoint|Country|FAQPage|GeoCoordinates|ImageObject|ListItem|LocalBusiness|Offer|OpeningHoursSpecification|Organization|PostalAddress|ProfessionalService|Question|Service|WebPage|WebSite,323,2,44,4,OK
/รับซื้อ/รับซื้อของไอทีเสีย-บึงกาฬ,service-x-location,dist/client/รับซื้อ/รับซื้อของไอทีเสีย-บึงกาฬ/index.html,yes,200,yes,/รับซื้อ/รับซื้อของไอทีเสีย-บึงกาฬ,yes,รับซื้อ ของไอทีเสีย บึงกาฬ ประเมินราคาเบื้องต้น | Amphon.co.th,รับซื้อ ของไอทีเสีย ในบึงกาฬ ประเมินราคาฟรี ส่งรูปเช็กราคาได้ ชำระเงินหลังตรวจสอบสินค้าและตกลงราคาเรียบร้อยแล้ว ติดต่อ L,รับซื้อ ของไอทีเสีย บึงกาฬ ประเมินราคาเบื้องต้น,Answer|BreadcrumbList|ContactPoint|Country|FAQPage|GeoCoordinates|ImageObject|ListItem|LocalBusiness|Offer|OpeningHoursSpecification|Organization|PostalAddress|ProfessionalService|Question|Service|WebPage|WebSite,293,2,44,4,OK
/รับซื้อ/รับซื้อของไอทีเสีย-บุรีรัมย์,service-x-location,dist/client/รับซื้อ/รับซื้อของไอทีเสีย-บุรีรัมย์/index.html,yes,200,yes,/รับซื้อ/รับซื้อของไอทีเสีย-บุรีรัมย์,yes,รับซื้อ ของไอทีเสีย บุรีรัมย์ ประเมินราคาเบื้องต้น | Amphon.co.th,รับซื้อ ของไอทีเสีย ในบุรีรัมย์ ประเมินราคาฟรี ส่งรูปเช็กราคาได้ ชำระเงินหลังตรวจสอบสินค้าและตกลงราคาเรียบร้อยแล้ว ติดต่,รับซื้อ ของไอทีเสีย บุรีรัมย์ ประเมินราคาเบื้องต้น,Answer|BreadcrumbList|ContactPoint|Country|FAQPage|GeoCoordinates|ImageObject|ListItem|LocalBusiness|Offer|OpeningHoursSpecification|Organization|PostalAddress|ProfessionalService|Question|Service|WebPage|WebSite,297,2,44,4,OK
/รับซื้อ/รับซื้อของไอทีเสีย-มหาสารคาม,service-x-location,dist/client/รับซื้อ/รับซื้อของไอทีเสีย-มหาสารคาม/index.html,yes,200,yes,/รับซื้อ/รับซื้อของไอทีเสีย-มหาสารคาม,yes,รับซื้อ ของไอทีเสีย มหาสารคาม ประเมินราคาเบื้องต้น | Amphon.co.th,รับซื้อ ของไอทีเสีย ในมหาสารคาม ประเมินราคาฟรี ส่งรูปเช็กราคาได้ ชำระเงินหลังตรวจสอบสินค้าและตกลงราคาเรียบร้อยแล้ว ติดต่,รับซื้อ ของไอทีเสีย มหาสารคาม ประเมินราคาเบื้องต้น,Answer|BreadcrumbList|ContactPoint|Country|FAQPage|GeoCoordinates|ImageObject|ListItem|LocalBusiness|Offer|OpeningHoursSpecification|Organization|PostalAddress|ProfessionalService|Question|Service|WebPage|WebSite,297,2,44,4,OK
/รับซื้อ/รับซื้อของไอทีเสีย-มุกดาหาร,service-x-location,dist/client/รับซื้อ/รับซื้อของไอทีเสีย-มุกดาหาร/index.html,yes,200,yes,/รับซื้อ/รับซื้อของไอทีเสีย-มุกดาหาร,yes,รับซื้อ ของไอทีเสีย มุกดาหาร ประเมินราคาเบื้องต้น | Amphon.co.th,รับซื้อ ของไอทีเสีย ในมุกดาหาร ประเมินราคาฟรี ส่งรูปเช็กราคาได้ ชำระเงินหลังตรวจสอบสินค้าและตกลงราคาเรียบร้อยแล้ว ติดต่อ,รับซื้อ ของไอทีเสีย มุกดาหาร ประเมินราคาเบื้องต้น,Answer|BreadcrumbList|ContactPoint|Country|FAQPage|GeoCoordinates|ImageObject|ListItem|LocalBusiness|Offer|OpeningHoursSpecification|Organization|PostalAddress|ProfessionalService|Question|Service|WebPage|WebSite,290,2,44,4,OK
/รับซื้อ/รับซื้อของไอทีเสีย-ยโสธร,service-x-location,dist/client/รับซื้อ/รับซื้อของไอทีเสีย-ยโสธร/index.html,yes,200,yes,/รับซื้อ/รับซื้อของไอทีเสีย-ยโสธร,yes,รับซื้อ ของไอทีเสีย ยโสธร ประเมินราคาเบื้องต้น | Amphon.co.th,รับซื้อ ของไอทีเสีย ในยโสธร ประเมินราคาฟรี ส่งรูปเช็กราคาได้ ชำระเงินหลังตรวจสอบสินค้าและตกลงราคาเรียบร้อยแล้ว ติดต่อ Li,รับซื้อ ของไอทีเสีย ยโสธร ประเมินราคาเบื้องต้น,Answer|BreadcrumbList|ContactPoint|Country|FAQPage|GeoCoordinates|ImageObject|ListItem|LocalBusiness|Offer|OpeningHoursSpecification|Organization|PostalAddress|ProfessionalService|Question|Service|WebPage|WebSite,294,2,44,4,OK
/รับซื้อ/รับซื้อของไอทีเสีย-ร้อยเอ็ด,service-x-location,dist/client/รับซื้อ/รับซื้อของไอทีเสีย-ร้อยเอ็ด/index.html,yes,200,yes,/รับซื้อ/รับซื้อของไอทีเสีย-ร้อยเอ็ด,yes,รับซื้อ ของไอทีเสีย ร้อยเอ็ด ประเมินราคาเบื้องต้น | Amphon.co.th,รับซื้อ ของไอทีเสีย ในร้อยเอ็ด ประเมินราคาฟรี ส่งรูปเช็กราคาได้ ชำระเงินหลังตรวจสอบสินค้าและตกลงราคาเรียบร้อยแล้ว ติดต่อ,รับซื้อ ของไอทีเสีย ร้อยเอ็ด ประเมินราคาเบื้องต้น,Answer|BreadcrumbList|ContactPoint|Country|FAQPage|GeoCoordinates|ImageObject|ListItem|LocalBusiness|Offer|OpeningHoursSpecification|Organization|PostalAddress|ProfessionalService|Question|Service|WebPage|WebSite,308,2,44,4,OK
/รับซื้อ/รับซื้อของไอทีเสีย-ศรีสะเกษ,service-x-location,dist/client/รับซื้อ/รับซื้อของไอทีเสีย-ศรีสะเกษ/index.html,yes,200,yes,/รับซื้อ/รับซื้อของไอทีเสีย-ศรีสะเกษ,yes,รับซื้อ ของไอทีเสีย ศรีสะเกษ ประเมินราคาเบื้องต้น | Amphon.co.th,รับซื้อ ของไอทีเสีย ในศรีสะเกษ ประเมินราคาฟรี ส่งรูปเช็กราคาได้ ชำระเงินหลังตรวจสอบสินค้าและตกลงราคาเรียบร้อยแล้ว ติดต่อ,รับซื้อ ของไอทีเสีย ศรีสะเกษ ประเมินราคาเบื้องต้น,Answer|BreadcrumbList|ContactPoint|Country|FAQPage|GeoCoordinates|ImageObject|ListItem|LocalBusiness|Offer|OpeningHoursSpecification|Organization|PostalAddress|ProfessionalService|Question|Service|WebPage|WebSite,295,2,44,4,OK
/รับซื้อ/รับซื้อของไอทีเสีย-สกลนคร,service-x-location,dist/client/รับซื้อ/รับซื้อของไอทีเสีย-สกลนคร/index.html,yes,200,yes,/รับซื้อ/รับซื้อของไอทีเสีย-สกลนคร,yes,รับซื้อ ของไอทีเสีย สกลนคร ประเมินราคาเบื้องต้น | Amphon.co.th,รับซื้อ ของไอทีเสีย ในสกลนคร ประเมินราคาฟรี ส่งรูปเช็กราคาได้ ชำระเงินหลังตรวจสอบสินค้าและตกลงราคาเรียบร้อยแล้ว ติดต่อ L,รับซื้อ ของไอทีเสีย สกลนคร ประเมินราคาเบื้องต้น,Answer|BreadcrumbList|ContactPoint|Country|FAQPage|GeoCoordinates|ImageObject|ListItem|LocalBusiness|Offer|OpeningHoursSpecification|Organization|PostalAddress|ProfessionalService|Question|Service|WebPage|WebSite,309,2,44,4,OK
/รับซื้อ/รับซื้อของไอทีเสีย-สุรินทร์,service-x-location,dist/client/รับซื้อ/รับซื้อของไอทีเสีย-สุรินทร์/index.html,yes,200,yes,/รับซื้อ/รับซื้อของไอทีเสีย-สุรินทร์,yes,รับซื้อ ของไอทีเสีย สุรินทร์ ประเมินราคาเบื้องต้น | Amphon.co.th,รับซื้อ ของไอทีเสีย ในสุรินทร์ ประเมินราคาฟรี ส่งรูปเช็กราคาได้ ชำระเงินหลังตรวจสอบสินค้าและตกลงราคาเรียบร้อยแล้ว ติดต่อ,รับซื้อ ของไอทีเสีย สุรินทร์ ประเมินราคาเบื้องต้น,Answer|BreadcrumbList|ContactPoint|Country|FAQPage|GeoCoordinates|ImageObject|ListItem|LocalBusiness|Offer|OpeningHoursSpecification|Organization|PostalAddress|ProfessionalService|Question|Service|WebPage|WebSite,294,2,44,4,OK
/รับซื้อ/รับซื้อของไอทีเสีย-หนองคาย,service-x-location,dist/client/รับซื้อ/รับซื้อของไอทีเสีย-หนองคาย/index.html,yes,200,yes,/รับซื้อ/รับซื้อของไอทีเสีย-หนองคาย,yes,รับซื้อ ของไอทีเสีย หนองคาย ประเมินราคาเบื้องต้น | Amphon.co.th,รับซื้อ ของไอทีเสีย ในหนองคาย ประเมินราคาฟรี ส่งรูปเช็กราคาได้ ชำระเงินหลังตรวจสอบสินค้าและตกลงราคาเรียบร้อยแล้ว ติดต่อ ,รับซื้อ ของไอทีเสีย หนองคาย ประเมินราคาเบื้องต้น,Answer|BreadcrumbList|ContactPoint|Country|FAQPage|GeoCoordinates|ImageObject|ListItem|LocalBusiness|Offer|OpeningHoursSpecification|Organization|PostalAddress|ProfessionalService|Question|Service|WebPage|WebSite,294,2,44,4,OK
/รับซื้อ/รับซื้อของไอทีเสีย-หนองบัวลำภู,service-x-location,dist/client/รับซื้อ/รับซื้อของไอทีเสีย-หนองบัวลำภู/index.html,yes,200,yes,/รับซื้อ/รับซื้อของไอทีเสีย-หนองบัวลำภู,yes,รับซื้อ ของไอทีเสีย หนองบัวลำภู ประเมินราคาเบื้องต้น | Amphon.co.th,รับซื้อ ของไอทีเสีย ในหนองบัวลำภู ประเมินราคาฟรี ส่งรูปเช็กราคาได้ ชำระเงินหลังตรวจสอบสินค้าและตกลงราคาเรียบร้อยแล้ว ติด,รับซื้อ ของไอทีเสีย หนองบัวลำภู ประเมินราคาเบื้องต้น,Answer|BreadcrumbList|ContactPoint|Country|FAQPage|GeoCoordinates|ImageObject|ListItem|LocalBusiness|Offer|OpeningHoursSpecification|Organization|PostalAddress|ProfessionalService|Question|Service|WebPage|WebSite,286,2,44,4,OK
/รับซื้อ/รับซื้อของไอทีเสีย-อำนาจเจริญ,service-x-location,dist/client/รับซื้อ/รับซื้อของไอทีเสีย-อำนาจเจริญ/index.html,yes,200,yes,/รับซื้อ/รับซื้อของไอทีเสีย-อำนาจเจริญ,yes,รับซื้อ ของไอทีเสีย อำนาจเจริญ ประเมินราคาเบื้องต้น | Amphon.co.th,รับซื้อ ของไอทีเสีย ในอำนาจเจริญ ประเมินราคาฟรี ส่งรูปเช็กราคาได้ ชำระเงินหลังตรวจสอบสินค้าและตกลงราคาเรียบร้อยแล้ว ติดต,รับซื้อ ของไอทีเสีย อำนาจเจริญ ประเมินราคาเบื้องต้น,Answer|BreadcrumbList|ContactPoint|Country|FAQPage|GeoCoordinates|ImageObject|ListItem|LocalBusiness|Offer|OpeningHoursSpecification|Organization|PostalAddress|ProfessionalService|Question|Service|WebPage|WebSite,289,2,44,4,OK
/รับซื้อ/รับซื้อของไอทีเสีย-อุดรธานี,service-x-location,dist/client/รับซื้อ/รับซื้อของไอทีเสีย-อุดรธานี/index.html,yes,200,yes,/รับซื้อ/รับซื้อของไอทีเสีย-อุดรธานี,yes,รับซื้อ ของไอทีเสีย อุดรธานี ประเมินราคาเบื้องต้น | Amphon.co.th,รับซื้อ ของไอทีเสีย ในอุดรธานี ประเมินราคาฟรี ส่งรูปเช็กราคาได้ ชำระเงินหลังตรวจสอบสินค้าและตกลงราคาเรียบร้อยแล้ว ติดต่อ,รับซื้อ ของไอทีเสีย อุดรธานี ประเมินราคาเบื้องต้น,Answer|BreadcrumbList|ContactPoint|Country|FAQPage|GeoCoordinates|ImageObject|ListItem|LocalBusiness|Offer|OpeningHoursSpecification|Organization|PostalAddress|ProfessionalService|Question|Service|WebPage|WebSite,296,2,44,4,OK
/รับซื้อ/รับซื้อของไอทีเสีย-อุบลราชธานี,service-x-location,dist/client/รับซื้อ/รับซื้อของไอทีเสีย-อุบลราชธานี/index.html,yes,200,yes,/รับซื้อ/รับซื้อของไอทีเสีย-อุบลราชธานี,yes,รับซื้อ ของไอทีเสีย อุบลราชธานี ประเมินราคาเบื้องต้น | Amphon.co.th,รับซื้อ ของไอทีเสีย ในอุบลราชธานี ประเมินราคาฟรี ส่งรูปเช็กราคาได้ ชำระเงินหลังตรวจสอบสินค้าและตกลงราคาเรียบร้อยแล้ว ติด,รับซื้อ ของไอทีเสีย อุบลราชธานี ประเมินราคาเบื้องต้น,Answer|BreadcrumbList|ContactPoint|Country|FAQPage|GeoCoordinates|ImageObject|ListItem|LocalBusiness|Offer|OpeningHoursSpecification|Organization|PostalAddress|ProfessionalService|Question|Service|WebPage|WebSite,290,2,44,4,OK
/รับซื้อ/รับซื้อของไอทีเสีย-เลย,service-x-location,dist/client/รับซื้อ/รับซื้อของไอทีเสีย-เลย/index.html,yes,200,yes,/รับซื้อ/รับซื้อของไอทีเสีย-เลย,yes,รับซื้อ ของไอทีเสีย เลย ประเมินราคาเบื้องต้น | Amphon.co.th,รับซื้อ ของไอทีเสีย ในเลย ประเมินราคาฟรี ส่งรูปเช็กราคาได้ ชำระเงินหลังตรวจสอบสินค้าและตกลงราคาเรียบร้อยแล้ว ติดต่อ Line,รับซื้อ ของไอทีเสีย เลย ประเมินราคาเบื้องต้น,Answer|BreadcrumbList|ContactPoint|Country|FAQPage|GeoCoordinates|ImageObject|ListItem|LocalBusiness|Offer|OpeningHoursSpecification|Organization|PostalAddress|ProfessionalService|Question|Service|WebPage|WebSite,302,2,44,4,OK
/รับซื้อ/รับซื้อคอมบริษัท-กาฬสินธุ์,service-x-location,dist/client/รับซื้อ/รับซื้อคอมบริษัท-กาฬสินธุ์/index.html,yes,200,yes,/รับซื้อ/รับซื้อคอมบริษัท-กาฬสินธุ์,yes,รับซื้อ คอมบริษัท กาฬสินธุ์ ประเมินราคาเบื้องต้น | Amphon.co.th,รับซื้อ คอมบริษัท ในกาฬสินธุ์ ประเมินราคาฟรี ส่งรูปเช็กราคาได้ ชำระเงินหลังตรวจสอบสินค้าและตกลงราคาเรียบร้อยแล้ว ติดต่อ ,รับซื้อ คอมบริษัท กาฬสินธุ์ ประเมินราคาเบื้องต้น,Answer|BreadcrumbList|ContactPoint|Country|FAQPage|GeoCoordinates|ImageObject|ListItem|LocalBusiness|Offer|OpeningHoursSpecification|Organization|PostalAddress|ProfessionalService|Question|Service|WebPage|WebSite,303,2,44,4,OK
/รับซื้อ/รับซื้อคอมบริษัท-ขอนแก่น,service-x-location,dist/client/รับซื้อ/รับซื้อคอมบริษัท-ขอนแก่น/index.html,yes,200,yes,/รับซื้อ/รับซื้อคอมบริษัท-ขอนแก่น,yes,รับซื้อ คอมบริษัท ขอนแก่น ประเมินราคาเบื้องต้น | Amphon.co.th,รับซื้อ คอมบริษัท ในขอนแก่น ประเมินราคาฟรี ส่งรูปเช็กราคาได้ ชำระเงินหลังตรวจสอบสินค้าและตกลงราคาเรียบร้อยแล้ว ติดต่อ Li,รับซื้อ คอมบริษัท ขอนแก่น ประเมินราคาเบื้องต้น,Answer|BreadcrumbList|ContactPoint|Country|FAQPage|GeoCoordinates|ImageObject|ListItem|LocalBusiness|Offer|OpeningHoursSpecification|Organization|PostalAddress|ProfessionalService|Question|Service|WebPage|WebSite,314,2,44,4,OK
/รับซื้อ/รับซื้อคอมบริษัท-ชัยภูมิ,service-x-location,dist/client/รับซื้อ/รับซื้อคอมบริษัท-ชัยภูมิ/index.html,yes,200,yes,/รับซื้อ/รับซื้อคอมบริษัท-ชัยภูมิ,yes,รับซื้อ คอมบริษัท ชัยภูมิ ประเมินราคาเบื้องต้น | Amphon.co.th,รับซื้อ คอมบริษัท ในชัยภูมิ ประเมินราคาฟรี ส่งรูปเช็กราคาได้ ชำระเงินหลังตรวจสอบสินค้าและตกลงราคาเรียบร้อยแล้ว ติดต่อ Li,รับซื้อ คอมบริษัท ชัยภูมิ ประเมินราคาเบื้องต้น,Answer|BreadcrumbList|ContactPoint|Country|FAQPage|GeoCoordinates|ImageObject|ListItem|LocalBusiness|Offer|OpeningHoursSpecification|Organization|PostalAddress|ProfessionalService|Question|Service|WebPage|WebSite,302,2,44,4,OK
/รับซื้อ/รับซื้อคอมบริษัท-นครพนม,service-x-location,dist/client/รับซื้อ/รับซื้อคอมบริษัท-นครพนม/index.html,yes,200,yes,/รับซื้อ/รับซื้อคอมบริษัท-นครพนม,yes,รับซื้อ คอมบริษัท นครพนม ประเมินราคาเบื้องต้น | Amphon.co.th,รับซื้อ คอมบริษัท ในนครพนม ประเมินราคาฟรี ส่งรูปเช็กราคาได้ ชำระเงินหลังตรวจสอบสินค้าและตกลงราคาเรียบร้อยแล้ว ติดต่อ Lin,รับซื้อ คอมบริษัท นครพนม ประเมินราคาเบื้องต้น,Answer|BreadcrumbList|ContactPoint|Country|FAQPage|GeoCoordinates|ImageObject|ListItem|LocalBusiness|Offer|OpeningHoursSpecification|Organization|PostalAddress|ProfessionalService|Question|Service|WebPage|WebSite,299,2,44,4,OK
/รับซื้อ/รับซื้อคอมบริษัท-นครราชสีมา,service-x-location,dist/client/รับซื้อ/รับซื้อคอมบริษัท-นครราชสีมา/index.html,yes,200,yes,/รับซื้อ/รับซื้อคอมบริษัท-นครราชสีมา,yes,รับซื้อ คอมบริษัท นครราชสีมา ประเมินราคาเบื้องต้น | Amphon.co.th,รับซื้อ คอมบริษัท ในนครราชสีมา ประเมินราคาฟรี ส่งรูปเช็กราคาได้ ชำระเงินหลังตรวจสอบสินค้าและตกลงราคาเรียบร้อยแล้ว ติดต่อ,รับซื้อ คอมบริษัท นครราชสีมา ประเมินราคาเบื้องต้น,Answer|BreadcrumbList|ContactPoint|Country|FAQPage|GeoCoordinates|ImageObject|ListItem|LocalBusiness|Offer|OpeningHoursSpecification|Organization|PostalAddress|ProfessionalService|Question|Service|WebPage|WebSite,321,2,44,4,OK
/รับซื้อ/รับซื้อคอมบริษัท-บึงกาฬ,service-x-location,dist/client/รับซื้อ/รับซื้อคอมบริษัท-บึงกาฬ/index.html,yes,200,yes,/รับซื้อ/รับซื้อคอมบริษัท-บึงกาฬ,yes,รับซื้อ คอมบริษัท บึงกาฬ ประเมินราคาเบื้องต้น | Amphon.co.th,รับซื้อ คอมบริษัท ในบึงกาฬ ประเมินราคาฟรี ส่งรูปเช็กราคาได้ ชำระเงินหลังตรวจสอบสินค้าและตกลงราคาเรียบร้อยแล้ว ติดต่อ Lin,รับซื้อ คอมบริษัท บึงกาฬ ประเมินราคาเบื้องต้น,Answer|BreadcrumbList|ContactPoint|Country|FAQPage|GeoCoordinates|ImageObject|ListItem|LocalBusiness|Offer|OpeningHoursSpecification|Organization|PostalAddress|ProfessionalService|Question|Service|WebPage|WebSite,291,2,44,4,OK
/รับซื้อ/รับซื้อคอมบริษัท-บุรีรัมย์,service-x-location,dist/client/รับซื้อ/รับซื้อคอมบริษัท-บุรีรัมย์/index.html,yes,200,yes,/รับซื้อ/รับซื้อคอมบริษัท-บุรีรัมย์,yes,รับซื้อ คอมบริษัท บุรีรัมย์ ประเมินราคาเบื้องต้น | Amphon.co.th,รับซื้อ คอมบริษัท ในบุรีรัมย์ ประเมินราคาฟรี ส่งรูปเช็กราคาได้ ชำระเงินหลังตรวจสอบสินค้าและตกลงราคาเรียบร้อยแล้ว ติดต่อ ,รับซื้อ คอมบริษัท บุรีรัมย์ ประเมินราคาเบื้องต้น,Answer|BreadcrumbList|ContactPoint|Country|FAQPage|GeoCoordinates|ImageObject|ListItem|LocalBusiness|Offer|OpeningHoursSpecification|Organization|PostalAddress|ProfessionalService|Question|Service|WebPage|WebSite,295,2,44,4,OK
/รับซื้อ/รับซื้อคอมบริษัท-มหาสารคาม,service-x-location,dist/client/รับซื้อ/รับซื้อคอมบริษัท-มหาสารคาม/index.html,yes,200,yes,/รับซื้อ/รับซื้อคอมบริษัท-มหาสารคาม,yes,รับซื้อ คอมบริษัท มหาสารคาม ประเมินราคาเบื้องต้น | Amphon.co.th,รับซื้อ คอมบริษัท ในมหาสารคาม ประเมินราคาฟรี ส่งรูปเช็กราคาได้ ชำระเงินหลังตรวจสอบสินค้าและตกลงราคาเรียบร้อยแล้ว ติดต่อ ,รับซื้อ คอมบริษัท มหาสารคาม ประเมินราคาเบื้องต้น,Answer|BreadcrumbList|ContactPoint|Country|FAQPage|GeoCoordinates|ImageObject|ListItem|LocalBusiness|Offer|OpeningHoursSpecification|Organization|PostalAddress|ProfessionalService|Question|Service|WebPage|WebSite,295,2,44,4,OK
/รับซื้อ/รับซื้อคอมบริษัท-มุกดาหาร,service-x-location,dist/client/รับซื้อ/รับซื้อคอมบริษัท-มุกดาหาร/index.html,yes,200,yes,/รับซื้อ/รับซื้อคอมบริษัท-มุกดาหาร,yes,รับซื้อ คอมบริษัท มุกดาหาร ประเมินราคาเบื้องต้น | Amphon.co.th,รับซื้อ คอมบริษัท ในมุกดาหาร ประเมินราคาฟรี ส่งรูปเช็กราคาได้ ชำระเงินหลังตรวจสอบสินค้าและตกลงราคาเรียบร้อยแล้ว ติดต่อ L,รับซื้อ คอมบริษัท มุกดาหาร ประเมินราคาเบื้องต้น,Answer|BreadcrumbList|ContactPoint|Country|FAQPage|GeoCoordinates|ImageObject|ListItem|LocalBusiness|Offer|OpeningHoursSpecification|Organization|PostalAddress|ProfessionalService|Question|Service|WebPage|WebSite,288,2,44,4,OK
/รับซื้อ/รับซื้อคอมบริษัท-ยโสธร,service-x-location,dist/client/รับซื้อ/รับซื้อคอมบริษัท-ยโสธร/index.html,yes,200,yes,/รับซื้อ/รับซื้อคอมบริษัท-ยโสธร,yes,รับซื้อ คอมบริษัท ยโสธร ประเมินราคาเบื้องต้น | Amphon.co.th,รับซื้อ คอมบริษัท ในยโสธร ประเมินราคาฟรี ส่งรูปเช็กราคาได้ ชำระเงินหลังตรวจสอบสินค้าและตกลงราคาเรียบร้อยแล้ว ติดต่อ Line,รับซื้อ คอมบริษัท ยโสธร ประเมินราคาเบื้องต้น,Answer|BreadcrumbList|ContactPoint|Country|FAQPage|GeoCoordinates|ImageObject|ListItem|LocalBusiness|Offer|OpeningHoursSpecification|Organization|PostalAddress|ProfessionalService|Question|Service|WebPage|WebSite,292,2,44,4,OK
/รับซื้อ/รับซื้อคอมบริษัท-ร้อยเอ็ด,service-x-location,dist/client/รับซื้อ/รับซื้อคอมบริษัท-ร้อยเอ็ด/index.html,yes,200,yes,/รับซื้อ/รับซื้อคอมบริษัท-ร้อยเอ็ด,yes,รับซื้อ คอมบริษัท ร้อยเอ็ด ประเมินราคาเบื้องต้น | Amphon.co.th,รับซื้อ คอมบริษัท ในร้อยเอ็ด ประเมินราคาฟรี ส่งรูปเช็กราคาได้ ชำระเงินหลังตรวจสอบสินค้าและตกลงราคาเรียบร้อยแล้ว ติดต่อ L,รับซื้อ คอมบริษัท ร้อยเอ็ด ประเมินราคาเบื้องต้น,Answer|BreadcrumbList|ContactPoint|Country|FAQPage|GeoCoordinates|ImageObject|ListItem|LocalBusiness|Offer|OpeningHoursSpecification|Organization|PostalAddress|ProfessionalService|Question|Service|WebPage|WebSite,306,2,44,4,OK
/รับซื้อ/รับซื้อคอมบริษัท-ศรีสะเกษ,service-x-location,dist/client/รับซื้อ/รับซื้อคอมบริษัท-ศรีสะเกษ/index.html,yes,200,yes,/รับซื้อ/รับซื้อคอมบริษัท-ศรีสะเกษ,yes,รับซื้อ คอมบริษัท ศรีสะเกษ ประเมินราคาเบื้องต้น | Amphon.co.th,รับซื้อ คอมบริษัท ในศรีสะเกษ ประเมินราคาฟรี ส่งรูปเช็กราคาได้ ชำระเงินหลังตรวจสอบสินค้าและตกลงราคาเรียบร้อยแล้ว ติดต่อ L,รับซื้อ คอมบริษัท ศรีสะเกษ ประเมินราคาเบื้องต้น,Answer|BreadcrumbList|ContactPoint|Country|FAQPage|GeoCoordinates|ImageObject|ListItem|LocalBusiness|Offer|OpeningHoursSpecification|Organization|PostalAddress|ProfessionalService|Question|Service|WebPage|WebSite,293,2,44,4,OK
/รับซื้อ/รับซื้อคอมบริษัท-สกลนคร,service-x-location,dist/client/รับซื้อ/รับซื้อคอมบริษัท-สกลนคร/index.html,yes,200,yes,/รับซื้อ/รับซื้อคอมบริษัท-สกลนคร,yes,รับซื้อ คอมบริษัท สกลนคร ประเมินราคาเบื้องต้น | Amphon.co.th,รับซื้อ คอมบริษัท ในสกลนคร ประเมินราคาฟรี ส่งรูปเช็กราคาได้ ชำระเงินหลังตรวจสอบสินค้าและตกลงราคาเรียบร้อยแล้ว ติดต่อ Lin,รับซื้อ คอมบริษัท สกลนคร ประเมินราคาเบื้องต้น,Answer|BreadcrumbList|ContactPoint|Country|FAQPage|GeoCoordinates|ImageObject|ListItem|LocalBusiness|Offer|OpeningHoursSpecification|Organization|PostalAddress|ProfessionalService|Question|Service|WebPage|WebSite,307,2,44,4,OK
/รับซื้อ/รับซื้อคอมบริษัท-สุรินทร์,service-x-location,dist/client/รับซื้อ/รับซื้อคอมบริษัท-สุรินทร์/index.html,yes,200,yes,/รับซื้อ/รับซื้อคอมบริษัท-สุรินทร์,yes,รับซื้อ คอมบริษัท สุรินทร์ ประเมินราคาเบื้องต้น | Amphon.co.th,รับซื้อ คอมบริษัท ในสุรินทร์ ประเมินราคาฟรี ส่งรูปเช็กราคาได้ ชำระเงินหลังตรวจสอบสินค้าและตกลงราคาเรียบร้อยแล้ว ติดต่อ L,รับซื้อ คอมบริษัท สุรินทร์ ประเมินราคาเบื้องต้น,Answer|BreadcrumbList|ContactPoint|Country|FAQPage|GeoCoordinates|ImageObject|ListItem|LocalBusiness|Offer|OpeningHoursSpecification|Organization|PostalAddress|ProfessionalService|Question|Service|WebPage|WebSite,292,2,44,4,OK
/รับซื้อ/รับซื้อคอมบริษัท-หนองคาย,service-x-location,dist/client/รับซื้อ/รับซื้อคอมบริษัท-หนองคาย/index.html,yes,200,yes,/รับซื้อ/รับซื้อคอมบริษัท-หนองคาย,yes,รับซื้อ คอมบริษัท หนองคาย ประเมินราคาเบื้องต้น | Amphon.co.th,รับซื้อ คอมบริษัท ในหนองคาย ประเมินราคาฟรี ส่งรูปเช็กราคาได้ ชำระเงินหลังตรวจสอบสินค้าและตกลงราคาเรียบร้อยแล้ว ติดต่อ Li,รับซื้อ คอมบริษัท หนองคาย ประเมินราคาเบื้องต้น,Answer|BreadcrumbList|ContactPoint|Country|FAQPage|GeoCoordinates|ImageObject|ListItem|LocalBusiness|Offer|OpeningHoursSpecification|Organization|PostalAddress|ProfessionalService|Question|Service|WebPage|WebSite,292,2,44,4,OK
/รับซื้อ/รับซื้อคอมบริษัท-หนองบัวลำภู,service-x-location,dist/client/รับซื้อ/รับซื้อคอมบริษัท-หนองบัวลำภู/index.html,yes,200,yes,/รับซื้อ/รับซื้อคอมบริษัท-หนองบัวลำภู,yes,รับซื้อ คอมบริษัท หนองบัวลำภู ประเมินราคาเบื้องต้น | Amphon.co.th,รับซื้อ คอมบริษัท ในหนองบัวลำภู ประเมินราคาฟรี ส่งรูปเช็กราคาได้ ชำระเงินหลังตรวจสอบสินค้าและตกลงราคาเรียบร้อยแล้ว ติดต่,รับซื้อ คอมบริษัท หนองบัวลำภู ประเมินราคาเบื้องต้น,Answer|BreadcrumbList|ContactPoint|Country|FAQPage|GeoCoordinates|ImageObject|ListItem|LocalBusiness|Offer|OpeningHoursSpecification|Organization|PostalAddress|ProfessionalService|Question|Service|WebPage|WebSite,284,2,44,4,OK
/รับซื้อ/รับซื้อคอมบริษัท-อำนาจเจริญ,service-x-location,dist/client/รับซื้อ/รับซื้อคอมบริษัท-อำนาจเจริญ/index.html,yes,200,yes,/รับซื้อ/รับซื้อคอมบริษัท-อำนาจเจริญ,yes,รับซื้อ คอมบริษัท อำนาจเจริญ ประเมินราคาเบื้องต้น | Amphon.co.th,รับซื้อ คอมบริษัท ในอำนาจเจริญ ประเมินราคาฟรี ส่งรูปเช็กราคาได้ ชำระเงินหลังตรวจสอบสินค้าและตกลงราคาเรียบร้อยแล้ว ติดต่อ,รับซื้อ คอมบริษัท อำนาจเจริญ ประเมินราคาเบื้องต้น,Answer|BreadcrumbList|ContactPoint|Country|FAQPage|GeoCoordinates|ImageObject|ListItem|LocalBusiness|Offer|OpeningHoursSpecification|Organization|PostalAddress|ProfessionalService|Question|Service|WebPage|WebSite,287,2,44,4,OK
/รับซื้อ/รับซื้อคอมบริษัท-อุดรธานี,service-x-location,dist/client/รับซื้อ/รับซื้อคอมบริษัท-อุดรธานี/index.html,yes,200,yes,/รับซื้อ/รับซื้อคอมบริษัท-อุดรธานี,yes,รับซื้อ คอมบริษัท อุดรธานี ประเมินราคาเบื้องต้น | Amphon.co.th,รับซื้อ คอมบริษัท ในอุดรธานี ประเมินราคาฟรี ส่งรูปเช็กราคาได้ ชำระเงินหลังตรวจสอบสินค้าและตกลงราคาเรียบร้อยแล้ว ติดต่อ L,รับซื้อ คอมบริษัท อุดรธานี ประเมินราคาเบื้องต้น,Answer|BreadcrumbList|ContactPoint|Country|FAQPage|GeoCoordinates|ImageObject|ListItem|LocalBusiness|Offer|OpeningHoursSpecification|Organization|PostalAddress|ProfessionalService|Question|Service|WebPage|WebSite,294,2,44,4,OK
/รับซื้อ/รับซื้อคอมบริษัท-อุบลราชธานี,service-x-location,dist/client/รับซื้อ/รับซื้อคอมบริษัท-อุบลราชธานี/index.html,yes,200,yes,/รับซื้อ/รับซื้อคอมบริษัท-อุบลราชธานี,yes,รับซื้อ คอมบริษัท อุบลราชธานี ประเมินราคาเบื้องต้น | Amphon.co.th,รับซื้อ คอมบริษัท ในอุบลราชธานี ประเมินราคาฟรี ส่งรูปเช็กราคาได้ ชำระเงินหลังตรวจสอบสินค้าและตกลงราคาเรียบร้อยแล้ว ติดต่,รับซื้อ คอมบริษัท อุบลราชธานี ประเมินราคาเบื้องต้น,Answer|BreadcrumbList|ContactPoint|Country|FAQPage|GeoCoordinates|ImageObject|ListItem|LocalBusiness|Offer|OpeningHoursSpecification|Organization|PostalAddress|ProfessionalService|Question|Service|WebPage|WebSite,288,3,44,4,OK
/รับซื้อ/รับซื้อคอมบริษัท-เลย,service-x-location,dist/client/รับซื้อ/รับซื้อคอมบริษัท-เลย/index.html,yes,200,yes,/รับซื้อ/รับซื้อคอมบริษัท-เลย,yes,รับซื้อ คอมบริษัท เลย ประเมินราคาเบื้องต้น | Amphon.co.th,รับซื้อ คอมบริษัท ในเลย ประเมินราคาฟรี ส่งรูปเช็กราคาได้ ชำระเงินหลังตรวจสอบสินค้าและตกลงราคาเรียบร้อยแล้ว ติดต่อ Line @,รับซื้อ คอมบริษัท เลย ประเมินราคาเบื้องต้น,Answer|BreadcrumbList|ContactPoint|Country|FAQPage|GeoCoordinates|ImageObject|ListItem|LocalBusiness|Offer|OpeningHoursSpecification|Organization|PostalAddress|ProfessionalService|Question|Service|WebPage|WebSite,300,2,44,4,OK
/รับซื้อ/รับซื้อคอมพิวเตอร์-กาฬสินธุ์,service-x-location,dist/client/รับซื้อ/รับซื้อคอมพิวเตอร์-กาฬสินธุ์/index.html,yes,200,yes,/รับซื้อ/รับซื้อคอมพิวเตอร์-กาฬสินธุ์,yes,รับซื้อ คอมพิวเตอร์ กาฬสินธุ์ ประเมินราคาเบื้องต้น | Amphon.co.th,รับซื้อ คอมพิวเตอร์ ในกาฬสินธุ์ ประเมินราคาฟรี ส่งรูปเช็กราคาได้ ชำระเงินหลังตรวจสอบสินค้าและตกลงราคาเรียบร้อยแล้ว ติดต่,รับซื้อ คอมพิวเตอร์ กาฬสินธุ์ ประเมินราคาเบื้องต้น,Answer|BreadcrumbList|ContactPoint|Country|FAQPage|GeoCoordinates|ImageObject|ListItem|LocalBusiness|Offer|OpeningHoursSpecification|Organization|PostalAddress|ProfessionalService|Question|Service|WebPage|WebSite,310,47,44,4,OK
/รับซื้อ/รับซื้อคอมพิวเตอร์-ขอนแก่น,service-x-location,dist/client/รับซื้อ/รับซื้อคอมพิวเตอร์-ขอนแก่น/index.html,yes,200,yes,/รับซื้อ/รับซื้อคอมพิวเตอร์-ขอนแก่น,yes,รับซื้อ คอมพิวเตอร์ ขอนแก่น ประเมินราคาเบื้องต้น | Amphon.co.th,รับซื้อ คอมพิวเตอร์ ในขอนแก่น ประเมินราคาฟรี ส่งรูปเช็กราคาได้ ชำระเงินหลังตรวจสอบสินค้าและตกลงราคาเรียบร้อยแล้ว ติดต่อ ,รับซื้อ คอมพิวเตอร์ ขอนแก่น ประเมินราคาเบื้องต้น,Answer|BreadcrumbList|ContactPoint|Country|FAQPage|GeoCoordinates|ImageObject|ListItem|LocalBusiness|Offer|OpeningHoursSpecification|Organization|PostalAddress|ProfessionalService|Question|Service|WebPage|WebSite,321,47,44,4,OK
/รับซื้อ/รับซื้อคอมพิวเตอร์-ชัยภูมิ,service-x-location,dist/client/รับซื้อ/รับซื้อคอมพิวเตอร์-ชัยภูมิ/index.html,yes,200,yes,/รับซื้อ/รับซื้อคอมพิวเตอร์-ชัยภูมิ,yes,รับซื้อ คอมพิวเตอร์ ชัยภูมิ ประเมินราคาเบื้องต้น | Amphon.co.th,รับซื้อ คอมพิวเตอร์ ในชัยภูมิ ประเมินราคาฟรี ส่งรูปเช็กราคาได้ ชำระเงินหลังตรวจสอบสินค้าและตกลงราคาเรียบร้อยแล้ว ติดต่อ ,รับซื้อ คอมพิวเตอร์ ชัยภูมิ ประเมินราคาเบื้องต้น,Answer|BreadcrumbList|ContactPoint|Country|FAQPage|GeoCoordinates|ImageObject|ListItem|LocalBusiness|Offer|OpeningHoursSpecification|Organization|PostalAddress|ProfessionalService|Question|Service|WebPage|WebSite,309,47,44,4,OK
/รับซื้อ/รับซื้อคอมพิวเตอร์-นครพนม,service-x-location,dist/client/รับซื้อ/รับซื้อคอมพิวเตอร์-นครพนม/index.html,yes,200,yes,/รับซื้อ/รับซื้อคอมพิวเตอร์-นครพนม,yes,รับซื้อ คอมพิวเตอร์ นครพนม ประเมินราคาเบื้องต้น | Amphon.co.th,รับซื้อ คอมพิวเตอร์ ในนครพนม ประเมินราคาฟรี ส่งรูปเช็กราคาได้ ชำระเงินหลังตรวจสอบสินค้าและตกลงราคาเรียบร้อยแล้ว ติดต่อ L,รับซื้อ คอมพิวเตอร์ นครพนม ประเมินราคาเบื้องต้น,Answer|BreadcrumbList|ContactPoint|Country|FAQPage|GeoCoordinates|ImageObject|ListItem|LocalBusiness|Offer|OpeningHoursSpecification|Organization|PostalAddress|ProfessionalService|Question|Service|WebPage|WebSite,306,47,44,4,OK
/รับซื้อ/รับซื้อคอมพิวเตอร์-นครราชสีมา,service-x-location,dist/client/รับซื้อ/รับซื้อคอมพิวเตอร์-นครราชสีมา/index.html,yes,200,yes,/รับซื้อ/รับซื้อคอมพิวเตอร์-นครราชสีมา,yes,รับซื้อ คอมพิวเตอร์ นครราชสีมา ประเมินราคาเบื้องต้น | Amphon.co.th,รับซื้อ คอมพิวเตอร์ ในนครราชสีมา ประเมินราคาฟรี ส่งรูปเช็กราคาได้ ชำระเงินหลังตรวจสอบสินค้าและตกลงราคาเรียบร้อยแล้ว ติดต,รับซื้อ คอมพิวเตอร์ นครราชสีมา ประเมินราคาเบื้องต้น,Answer|BreadcrumbList|ContactPoint|Country|FAQPage|GeoCoordinates|ImageObject|ListItem|LocalBusiness|Offer|OpeningHoursSpecification|Organization|PostalAddress|ProfessionalService|Question|Service|WebPage|WebSite,328,47,44,4,OK
/รับซื้อ/รับซื้อคอมพิวเตอร์-บึงกาฬ,service-x-location,dist/client/รับซื้อ/รับซื้อคอมพิวเตอร์-บึงกาฬ/index.html,yes,200,yes,/รับซื้อ/รับซื้อคอมพิวเตอร์-บึงกาฬ,yes,รับซื้อ คอมพิวเตอร์ บึงกาฬ ประเมินราคาเบื้องต้น | Amphon.co.th,รับซื้อ คอมพิวเตอร์ ในบึงกาฬ ประเมินราคาฟรี ส่งรูปเช็กราคาได้ ชำระเงินหลังตรวจสอบสินค้าและตกลงราคาเรียบร้อยแล้ว ติดต่อ L,รับซื้อ คอมพิวเตอร์ บึงกาฬ ประเมินราคาเบื้องต้น,Answer|BreadcrumbList|ContactPoint|Country|FAQPage|GeoCoordinates|ImageObject|ListItem|LocalBusiness|Offer|OpeningHoursSpecification|Organization|PostalAddress|ProfessionalService|Question|Service|WebPage|WebSite,298,47,44,4,OK
/รับซื้อ/รับซื้อคอมพิวเตอร์-บุรีรัมย์,service-x-location,dist/client/รับซื้อ/รับซื้อคอมพิวเตอร์-บุรีรัมย์/index.html,yes,200,yes,/รับซื้อ/รับซื้อคอมพิวเตอร์-บุรีรัมย์,yes,รับซื้อ คอมพิวเตอร์ บุรีรัมย์ ประเมินราคาเบื้องต้น | Amphon.co.th,รับซื้อ คอมพิวเตอร์ ในบุรีรัมย์ ประเมินราคาฟรี ส่งรูปเช็กราคาได้ ชำระเงินหลังตรวจสอบสินค้าและตกลงราคาเรียบร้อยแล้ว ติดต่,รับซื้อ คอมพิวเตอร์ บุรีรัมย์ ประเมินราคาเบื้องต้น,Answer|BreadcrumbList|ContactPoint|Country|FAQPage|GeoCoordinates|ImageObject|ListItem|LocalBusiness|Offer|OpeningHoursSpecification|Organization|PostalAddress|ProfessionalService|Question|Service|WebPage|WebSite,302,47,44,4,OK
/รับซื้อ/รับซื้อคอมพิวเตอร์-มหาสารคาม,service-x-location,dist/client/รับซื้อ/รับซื้อคอมพิวเตอร์-มหาสารคาม/index.html,yes,200,yes,/รับซื้อ/รับซื้อคอมพิวเตอร์-มหาสารคาม,yes,รับซื้อ คอมพิวเตอร์ มหาสารคาม ประเมินราคาเบื้องต้น | Amphon.co.th,รับซื้อ คอมพิวเตอร์ ในมหาสารคาม ประเมินราคาฟรี ส่งรูปเช็กราคาได้ ชำระเงินหลังตรวจสอบสินค้าและตกลงราคาเรียบร้อยแล้ว ติดต่,รับซื้อ คอมพิวเตอร์ มหาสารคาม ประเมินราคาเบื้องต้น,Answer|BreadcrumbList|ContactPoint|Country|FAQPage|GeoCoordinates|ImageObject|ListItem|LocalBusiness|Offer|OpeningHoursSpecification|Organization|PostalAddress|ProfessionalService|Question|Service|WebPage|WebSite,302,47,44,4,OK
/รับซื้อ/รับซื้อคอมพิวเตอร์-มุกดาหาร,service-x-location,dist/client/รับซื้อ/รับซื้อคอมพิวเตอร์-มุกดาหาร/index.html,yes,200,yes,/รับซื้อ/รับซื้อคอมพิวเตอร์-มุกดาหาร,yes,รับซื้อ คอมพิวเตอร์ มุกดาหาร ประเมินราคาเบื้องต้น | Amphon.co.th,รับซื้อ คอมพิวเตอร์ ในมุกดาหาร ประเมินราคาฟรี ส่งรูปเช็กราคาได้ ชำระเงินหลังตรวจสอบสินค้าและตกลงราคาเรียบร้อยแล้ว ติดต่อ,รับซื้อ คอมพิวเตอร์ มุกดาหาร ประเมินราคาเบื้องต้น,Answer|BreadcrumbList|ContactPoint|Country|FAQPage|GeoCoordinates|ImageObject|ListItem|LocalBusiness|Offer|OpeningHoursSpecification|Organization|PostalAddress|ProfessionalService|Question|Service|WebPage|WebSite,295,47,44,4,OK
/รับซื้อ/รับซื้อคอมพิวเตอร์-ยโสธร,service-x-location,dist/client/รับซื้อ/รับซื้อคอมพิวเตอร์-ยโสธร/index.html,yes,200,yes,/รับซื้อ/รับซื้อคอมพิวเตอร์-ยโสธร,yes,รับซื้อ คอมพิวเตอร์ ยโสธร ประเมินราคาเบื้องต้น | Amphon.co.th,รับซื้อ คอมพิวเตอร์ ในยโสธร ประเมินราคาฟรี ส่งรูปเช็กราคาได้ ชำระเงินหลังตรวจสอบสินค้าและตกลงราคาเรียบร้อยแล้ว ติดต่อ Li,รับซื้อ คอมพิวเตอร์ ยโสธร ประเมินราคาเบื้องต้น,Answer|BreadcrumbList|ContactPoint|Country|FAQPage|GeoCoordinates|ImageObject|ListItem|LocalBusiness|Offer|OpeningHoursSpecification|Organization|PostalAddress|ProfessionalService|Question|Service|WebPage|WebSite,299,47,44,4,OK
/รับซื้อ/รับซื้อคอมพิวเตอร์-ร้อยเอ็ด,service-x-location,dist/client/รับซื้อ/รับซื้อคอมพิวเตอร์-ร้อยเอ็ด/index.html,yes,200,yes,/รับซื้อ/รับซื้อคอมพิวเตอร์-ร้อยเอ็ด,yes,รับซื้อ คอมพิวเตอร์ ร้อยเอ็ด ประเมินราคาเบื้องต้น | Amphon.co.th,รับซื้อ คอมพิวเตอร์ ในร้อยเอ็ด ประเมินราคาฟรี ส่งรูปเช็กราคาได้ ชำระเงินหลังตรวจสอบสินค้าและตกลงราคาเรียบร้อยแล้ว ติดต่อ,รับซื้อ คอมพิวเตอร์ ร้อยเอ็ด ประเมินราคาเบื้องต้น,Answer|BreadcrumbList|ContactPoint|Country|FAQPage|GeoCoordinates|ImageObject|ListItem|LocalBusiness|Offer|OpeningHoursSpecification|Organization|PostalAddress|ProfessionalService|Question|Service|WebPage|WebSite,313,47,44,4,OK
/รับซื้อ/รับซื้อคอมพิวเตอร์-ศรีสะเกษ,service-x-location,dist/client/รับซื้อ/รับซื้อคอมพิวเตอร์-ศรีสะเกษ/index.html,yes,200,yes,/รับซื้อ/รับซื้อคอมพิวเตอร์-ศรีสะเกษ,yes,รับซื้อ คอมพิวเตอร์ ศรีสะเกษ ประเมินราคาเบื้องต้น | Amphon.co.th,รับซื้อ คอมพิวเตอร์ ในศรีสะเกษ ประเมินราคาฟรี ส่งรูปเช็กราคาได้ ชำระเงินหลังตรวจสอบสินค้าและตกลงราคาเรียบร้อยแล้ว ติดต่อ,รับซื้อ คอมพิวเตอร์ ศรีสะเกษ ประเมินราคาเบื้องต้น,Answer|BreadcrumbList|ContactPoint|Country|FAQPage|GeoCoordinates|ImageObject|ListItem|LocalBusiness|Offer|OpeningHoursSpecification|Organization|PostalAddress|ProfessionalService|Question|Service|WebPage|WebSite,300,47,44,4,OK
/รับซื้อ/รับซื้อคอมพิวเตอร์-สกลนคร,service-x-location,dist/client/รับซื้อ/รับซื้อคอมพิวเตอร์-สกลนคร/index.html,yes,200,yes,/รับซื้อ/รับซื้อคอมพิวเตอร์-สกลนคร,yes,รับซื้อ คอมพิวเตอร์ สกลนคร ประเมินราคาเบื้องต้น | Amphon.co.th,รับซื้อ คอมพิวเตอร์ ในสกลนคร ประเมินราคาฟรี ส่งรูปเช็กราคาได้ ชำระเงินหลังตรวจสอบสินค้าและตกลงราคาเรียบร้อยแล้ว ติดต่อ L,รับซื้อ คอมพิวเตอร์ สกลนคร ประเมินราคาเบื้องต้น,Answer|BreadcrumbList|ContactPoint|Country|FAQPage|GeoCoordinates|ImageObject|ListItem|LocalBusiness|Offer|OpeningHoursSpecification|Organization|PostalAddress|ProfessionalService|Question|Service|WebPage|WebSite,314,47,44,4,OK
/รับซื้อ/รับซื้อคอมพิวเตอร์-สุรินทร์,service-x-location,dist/client/รับซื้อ/รับซื้อคอมพิวเตอร์-สุรินทร์/index.html,yes,200,yes,/รับซื้อ/รับซื้อคอมพิวเตอร์-สุรินทร์,yes,รับซื้อ คอมพิวเตอร์ สุรินทร์ ประเมินราคาเบื้องต้น | Amphon.co.th,รับซื้อ คอมพิวเตอร์ ในสุรินทร์ ประเมินราคาฟรี ส่งรูปเช็กราคาได้ ชำระเงินหลังตรวจสอบสินค้าและตกลงราคาเรียบร้อยแล้ว ติดต่อ,รับซื้อ คอมพิวเตอร์ สุรินทร์ ประเมินราคาเบื้องต้น,Answer|BreadcrumbList|ContactPoint|Country|FAQPage|GeoCoordinates|ImageObject|ListItem|LocalBusiness|Offer|OpeningHoursSpecification|Organization|PostalAddress|ProfessionalService|Question|Service|WebPage|WebSite,299,47,44,4,OK
/รับซื้อ/รับซื้อคอมพิวเตอร์-หนองคาย,service-x-location,dist/client/รับซื้อ/รับซื้อคอมพิวเตอร์-หนองคาย/index.html,yes,200,yes,/รับซื้อ/รับซื้อคอมพิวเตอร์-หนองคาย,yes,รับซื้อ คอมพิวเตอร์ หนองคาย ประเมินราคาเบื้องต้น | Amphon.co.th,รับซื้อ คอมพิวเตอร์ ในหนองคาย ประเมินราคาฟรี ส่งรูปเช็กราคาได้ ชำระเงินหลังตรวจสอบสินค้าและตกลงราคาเรียบร้อยแล้ว ติดต่อ ,รับซื้อ คอมพิวเตอร์ หนองคาย ประเมินราคาเบื้องต้น,Answer|BreadcrumbList|ContactPoint|Country|FAQPage|GeoCoordinates|ImageObject|ListItem|LocalBusiness|Offer|OpeningHoursSpecification|Organization|PostalAddress|ProfessionalService|Question|Service|WebPage|WebSite,299,47,44,4,OK
/รับซื้อ/รับซื้อคอมพิวเตอร์-หนองบัวลำภู,service-x-location,dist/client/รับซื้อ/รับซื้อคอมพิวเตอร์-หนองบัวลำภู/index.html,yes,200,yes,/รับซื้อ/รับซื้อคอมพิวเตอร์-หนองบัวลำภู,yes,รับซื้อ คอมพิวเตอร์ หนองบัวลำภู ประเมินราคาเบื้องต้น | Amphon.co.th,รับซื้อ คอมพิวเตอร์ ในหนองบัวลำภู ประเมินราคาฟรี ส่งรูปเช็กราคาได้ ชำระเงินหลังตรวจสอบสินค้าและตกลงราคาเรียบร้อยแล้ว ติด,รับซื้อ คอมพิวเตอร์ หนองบัวลำภู ประเมินราคาเบื้องต้น,Answer|BreadcrumbList|ContactPoint|Country|FAQPage|GeoCoordinates|ImageObject|ListItem|LocalBusiness|Offer|OpeningHoursSpecification|Organization|PostalAddress|ProfessionalService|Question|Service|WebPage|WebSite,291,47,44,4,OK
/รับซื้อ/รับซื้อคอมพิวเตอร์-อำนาจเจริญ,service-x-location,dist/client/รับซื้อ/รับซื้อคอมพิวเตอร์-อำนาจเจริญ/index.html,yes,200,yes,/รับซื้อ/รับซื้อคอมพิวเตอร์-อำนาจเจริญ,yes,รับซื้อ คอมพิวเตอร์ อำนาจเจริญ ประเมินราคาเบื้องต้น | Amphon.co.th,รับซื้อ คอมพิวเตอร์ ในอำนาจเจริญ ประเมินราคาฟรี ส่งรูปเช็กราคาได้ ชำระเงินหลังตรวจสอบสินค้าและตกลงราคาเรียบร้อยแล้ว ติดต,รับซื้อ คอมพิวเตอร์ อำนาจเจริญ ประเมินราคาเบื้องต้น,Answer|BreadcrumbList|ContactPoint|Country|FAQPage|GeoCoordinates|ImageObject|ListItem|LocalBusiness|Offer|OpeningHoursSpecification|Organization|PostalAddress|ProfessionalService|Question|Service|WebPage|WebSite,294,47,44,4,OK
/รับซื้อ/รับซื้อคอมพิวเตอร์-อุดรธานี,service-x-location,dist/client/รับซื้อ/รับซื้อคอมพิวเตอร์-อุดรธานี/index.html,yes,200,yes,/รับซื้อ/รับซื้อคอมพิวเตอร์-อุดรธานี,yes,รับซื้อ คอมพิวเตอร์ อุดรธานี ประเมินราคาเบื้องต้น | Amphon.co.th,รับซื้อ คอมพิวเตอร์ ในอุดรธานี ประเมินราคาฟรี ส่งรูปเช็กราคาได้ ชำระเงินหลังตรวจสอบสินค้าและตกลงราคาเรียบร้อยแล้ว ติดต่อ,รับซื้อ คอมพิวเตอร์ อุดรธานี ประเมินราคาเบื้องต้น,Answer|BreadcrumbList|ContactPoint|Country|FAQPage|GeoCoordinates|ImageObject|ListItem|LocalBusiness|Offer|OpeningHoursSpecification|Organization|PostalAddress|ProfessionalService|Question|Service|WebPage|WebSite,301,47,44,4,OK
/รับซื้อ/รับซื้อคอมพิวเตอร์-อุบลราชธานี,service-x-location,dist/client/รับซื้อ/รับซื้อคอมพิวเตอร์-อุบลราชธานี/index.html,yes,200,yes,/รับซื้อ/รับซื้อคอมพิวเตอร์-อุบลราชธานี,yes,รับซื้อคอมพิวเตอร์ มือสอง อุบลราชธานี ประเมินราคาเบื้องต้น | Amphon.co.th,รับซื้อคอมพิวเตอร์ ในอุบลราชธานี ประเมินราคาฟรี ส่งรูปเช็กราคาได้ ชำระเงินหลังตรวจสอบสินค้าและตกลงราคาเรียบร้อยแล้ว รับซ,รับซื้อคอมพิวเตอร์ อุบลราชธานี คอมประกอบ Gaming PC ประเมินราคาเบื้องต้น,Answer|BreadcrumbList|ContactPoint|Country|FAQPage|GeoCoordinates|ImageObject|ListItem|LocalBusiness|Offer|OpeningHoursSpecification|Organization|PostalAddress|ProfessionalService|Question|Service|WebPage|WebSite,213,48,42,5,OK
/รับซื้อ/รับซื้อคอมพิวเตอร์-เลย,service-x-location,dist/client/รับซื้อ/รับซื้อคอมพิวเตอร์-เลย/index.html,yes,200,yes,/รับซื้อ/รับซื้อคอมพิวเตอร์-เลย,yes,รับซื้อ คอมพิวเตอร์ เลย ประเมินราคาเบื้องต้น | Amphon.co.th,รับซื้อ คอมพิวเตอร์ ในเลย ประเมินราคาฟรี ส่งรูปเช็กราคาได้ ชำระเงินหลังตรวจสอบสินค้าและตกลงราคาเรียบร้อยแล้ว ติดต่อ Line,รับซื้อ คอมพิวเตอร์ เลย ประเมินราคาเบื้องต้น,Answer|BreadcrumbList|ContactPoint|Country|FAQPage|GeoCoordinates|ImageObject|ListItem|LocalBusiness|Offer|OpeningHoursSpecification|Organization|PostalAddress|ProfessionalService|Question|Service|WebPage|WebSite,307,47,44,4,OK
/รับซื้อ/รับซื้อคอมเกมมิ่ง-กาฬสินธุ์,service-x-location,dist/client/รับซื้อ/รับซื้อคอมเกมมิ่ง-กาฬสินธุ์/index.html,yes,200,yes,/รับซื้อ/รับซื้อคอมเกมมิ่ง-กาฬสินธุ์,yes,รับซื้อ คอมเกมมิ่ง กาฬสินธุ์ ประเมินราคาเบื้องต้น | Amphon.co.th,รับซื้อ คอมเกมมิ่ง ในกาฬสินธุ์ ประเมินราคาฟรี ส่งรูปเช็กราคาได้ ชำระเงินหลังตรวจสอบสินค้าและตกลงราคาเรียบร้อยแล้ว ติดต่อ,รับซื้อ คอมเกมมิ่ง กาฬสินธุ์ ประเมินราคาเบื้องต้น,Answer|BreadcrumbList|ContactPoint|Country|FAQPage|GeoCoordinates|ImageObject|ListItem|LocalBusiness|Offer|OpeningHoursSpecification|Organization|PostalAddress|ProfessionalService|Question|Service|WebPage|WebSite,302,2,44,4,OK
/รับซื้อ/รับซื้อคอมเกมมิ่ง-ขอนแก่น,service-x-location,dist/client/รับซื้อ/รับซื้อคอมเกมมิ่ง-ขอนแก่น/index.html,yes,200,yes,/รับซื้อ/รับซื้อคอมเกมมิ่ง-ขอนแก่น,yes,รับซื้อ คอมเกมมิ่ง ขอนแก่น ประเมินราคาเบื้องต้น | Amphon.co.th,รับซื้อ คอมเกมมิ่ง ในขอนแก่น ประเมินราคาฟรี ส่งรูปเช็กราคาได้ ชำระเงินหลังตรวจสอบสินค้าและตกลงราคาเรียบร้อยแล้ว ติดต่อ L,รับซื้อ คอมเกมมิ่ง ขอนแก่น ประเมินราคาเบื้องต้น,Answer|BreadcrumbList|ContactPoint|Country|FAQPage|GeoCoordinates|ImageObject|ListItem|LocalBusiness|Offer|OpeningHoursSpecification|Organization|PostalAddress|ProfessionalService|Question|Service|WebPage|WebSite,313,2,44,4,OK
/รับซื้อ/รับซื้อคอมเกมมิ่ง-ชัยภูมิ,service-x-location,dist/client/รับซื้อ/รับซื้อคอมเกมมิ่ง-ชัยภูมิ/index.html,yes,200,yes,/รับซื้อ/รับซื้อคอมเกมมิ่ง-ชัยภูมิ,yes,รับซื้อ คอมเกมมิ่ง ชัยภูมิ ประเมินราคาเบื้องต้น | Amphon.co.th,รับซื้อ คอมเกมมิ่ง ในชัยภูมิ ประเมินราคาฟรี ส่งรูปเช็กราคาได้ ชำระเงินหลังตรวจสอบสินค้าและตกลงราคาเรียบร้อยแล้ว ติดต่อ L,รับซื้อ คอมเกมมิ่ง ชัยภูมิ ประเมินราคาเบื้องต้น,Answer|BreadcrumbList|ContactPoint|Country|FAQPage|GeoCoordinates|ImageObject|ListItem|LocalBusiness|Offer|OpeningHoursSpecification|Organization|PostalAddress|ProfessionalService|Question|Service|WebPage|WebSite,301,2,44,4,OK
/รับซื้อ/รับซื้อคอมเกมมิ่ง-นครพนม,service-x-location,dist/client/รับซื้อ/รับซื้อคอมเกมมิ่ง-นครพนม/index.html,yes,200,yes,/รับซื้อ/รับซื้อคอมเกมมิ่ง-นครพนม,yes,รับซื้อ คอมเกมมิ่ง นครพนม ประเมินราคาเบื้องต้น | Amphon.co.th,รับซื้อ คอมเกมมิ่ง ในนครพนม ประเมินราคาฟรี ส่งรูปเช็กราคาได้ ชำระเงินหลังตรวจสอบสินค้าและตกลงราคาเรียบร้อยแล้ว ติดต่อ Li,รับซื้อ คอมเกมมิ่ง นครพนม ประเมินราคาเบื้องต้น,Answer|BreadcrumbList|ContactPoint|Country|FAQPage|GeoCoordinates|ImageObject|ListItem|LocalBusiness|Offer|OpeningHoursSpecification|Organization|PostalAddress|ProfessionalService|Question|Service|WebPage|WebSite,298,2,44,4,OK
/รับซื้อ/รับซื้อคอมเกมมิ่ง-นครราชสีมา,service-x-location,dist/client/รับซื้อ/รับซื้อคอมเกมมิ่ง-นครราชสีมา/index.html,yes,200,yes,/รับซื้อ/รับซื้อคอมเกมมิ่ง-นครราชสีมา,yes,รับซื้อ คอมเกมมิ่ง นครราชสีมา ประเมินราคาเบื้องต้น | Amphon.co.th,รับซื้อ คอมเกมมิ่ง ในนครราชสีมา ประเมินราคาฟรี ส่งรูปเช็กราคาได้ ชำระเงินหลังตรวจสอบสินค้าและตกลงราคาเรียบร้อยแล้ว ติดต่,รับซื้อ คอมเกมมิ่ง นครราชสีมา ประเมินราคาเบื้องต้น,Answer|BreadcrumbList|ContactPoint|Country|FAQPage|GeoCoordinates|ImageObject|ListItem|LocalBusiness|Offer|OpeningHoursSpecification|Organization|PostalAddress|ProfessionalService|Question|Service|WebPage|WebSite,320,2,44,4,OK
/รับซื้อ/รับซื้อคอมเกมมิ่ง-บึงกาฬ,service-x-location,dist/client/รับซื้อ/รับซื้อคอมเกมมิ่ง-บึงกาฬ/index.html,yes,200,yes,/รับซื้อ/รับซื้อคอมเกมมิ่ง-บึงกาฬ,yes,รับซื้อ คอมเกมมิ่ง บึงกาฬ ประเมินราคาเบื้องต้น | Amphon.co.th,รับซื้อ คอมเกมมิ่ง ในบึงกาฬ ประเมินราคาฟรี ส่งรูปเช็กราคาได้ ชำระเงินหลังตรวจสอบสินค้าและตกลงราคาเรียบร้อยแล้ว ติดต่อ Li,รับซื้อ คอมเกมมิ่ง บึงกาฬ ประเมินราคาเบื้องต้น,Answer|BreadcrumbList|ContactPoint|Country|FAQPage|GeoCoordinates|ImageObject|ListItem|LocalBusiness|Offer|OpeningHoursSpecification|Organization|PostalAddress|ProfessionalService|Question|Service|WebPage|WebSite,290,2,44,4,OK
/รับซื้อ/รับซื้อคอมเกมมิ่ง-บุรีรัมย์,service-x-location,dist/client/รับซื้อ/รับซื้อคอมเกมมิ่ง-บุรีรัมย์/index.html,yes,200,yes,/รับซื้อ/รับซื้อคอมเกมมิ่ง-บุรีรัมย์,yes,รับซื้อ คอมเกมมิ่ง บุรีรัมย์ ประเมินราคาเบื้องต้น | Amphon.co.th,รับซื้อ คอมเกมมิ่ง ในบุรีรัมย์ ประเมินราคาฟรี ส่งรูปเช็กราคาได้ ชำระเงินหลังตรวจสอบสินค้าและตกลงราคาเรียบร้อยแล้ว ติดต่อ,รับซื้อ คอมเกมมิ่ง บุรีรัมย์ ประเมินราคาเบื้องต้น,Answer|BreadcrumbList|ContactPoint|Country|FAQPage|GeoCoordinates|ImageObject|ListItem|LocalBusiness|Offer|OpeningHoursSpecification|Organization|PostalAddress|ProfessionalService|Question|Service|WebPage|WebSite,294,2,44,4,OK
/รับซื้อ/รับซื้อคอมเกมมิ่ง-มหาสารคาม,service-x-location,dist/client/รับซื้อ/รับซื้อคอมเกมมิ่ง-มหาสารคาม/index.html,yes,200,yes,/รับซื้อ/รับซื้อคอมเกมมิ่ง-มหาสารคาม,yes,รับซื้อ คอมเกมมิ่ง มหาสารคาม ประเมินราคาเบื้องต้น | Amphon.co.th,รับซื้อ คอมเกมมิ่ง ในมหาสารคาม ประเมินราคาฟรี ส่งรูปเช็กราคาได้ ชำระเงินหลังตรวจสอบสินค้าและตกลงราคาเรียบร้อยแล้ว ติดต่อ,รับซื้อ คอมเกมมิ่ง มหาสารคาม ประเมินราคาเบื้องต้น,Answer|BreadcrumbList|ContactPoint|Country|FAQPage|GeoCoordinates|ImageObject|ListItem|LocalBusiness|Offer|OpeningHoursSpecification|Organization|PostalAddress|ProfessionalService|Question|Service|WebPage|WebSite,294,2,44,4,OK
/รับซื้อ/รับซื้อคอมเกมมิ่ง-มุกดาหาร,service-x-location,dist/client/รับซื้อ/รับซื้อคอมเกมมิ่ง-มุกดาหาร/index.html,yes,200,yes,/รับซื้อ/รับซื้อคอมเกมมิ่ง-มุกดาหาร,yes,รับซื้อ คอมเกมมิ่ง มุกดาหาร ประเมินราคาเบื้องต้น | Amphon.co.th,รับซื้อ คอมเกมมิ่ง ในมุกดาหาร ประเมินราคาฟรี ส่งรูปเช็กราคาได้ ชำระเงินหลังตรวจสอบสินค้าและตกลงราคาเรียบร้อยแล้ว ติดต่อ ,รับซื้อ คอมเกมมิ่ง มุกดาหาร ประเมินราคาเบื้องต้น,Answer|BreadcrumbList|ContactPoint|Country|FAQPage|GeoCoordinates|ImageObject|ListItem|LocalBusiness|Offer|OpeningHoursSpecification|Organization|PostalAddress|ProfessionalService|Question|Service|WebPage|WebSite,287,2,44,4,OK
/รับซื้อ/รับซื้อคอมเกมมิ่ง-ยโสธร,service-x-location,dist/client/รับซื้อ/รับซื้อคอมเกมมิ่ง-ยโสธร/index.html,yes,200,yes,/รับซื้อ/รับซื้อคอมเกมมิ่ง-ยโสธร,yes,รับซื้อ คอมเกมมิ่ง ยโสธร ประเมินราคาเบื้องต้น | Amphon.co.th,รับซื้อ คอมเกมมิ่ง ในยโสธร ประเมินราคาฟรี ส่งรูปเช็กราคาได้ ชำระเงินหลังตรวจสอบสินค้าและตกลงราคาเรียบร้อยแล้ว ติดต่อ Lin,รับซื้อ คอมเกมมิ่ง ยโสธร ประเมินราคาเบื้องต้น,Answer|BreadcrumbList|ContactPoint|Country|FAQPage|GeoCoordinates|ImageObject|ListItem|LocalBusiness|Offer|OpeningHoursSpecification|Organization|PostalAddress|ProfessionalService|Question|Service|WebPage|WebSite,291,2,44,4,OK
/รับซื้อ/รับซื้อคอมเกมมิ่ง-ร้อยเอ็ด,service-x-location,dist/client/รับซื้อ/รับซื้อคอมเกมมิ่ง-ร้อยเอ็ด/index.html,yes,200,yes,/รับซื้อ/รับซื้อคอมเกมมิ่ง-ร้อยเอ็ด,yes,รับซื้อ คอมเกมมิ่ง ร้อยเอ็ด ประเมินราคาเบื้องต้น | Amphon.co.th,รับซื้อ คอมเกมมิ่ง ในร้อยเอ็ด ประเมินราคาฟรี ส่งรูปเช็กราคาได้ ชำระเงินหลังตรวจสอบสินค้าและตกลงราคาเรียบร้อยแล้ว ติดต่อ ,รับซื้อ คอมเกมมิ่ง ร้อยเอ็ด ประเมินราคาเบื้องต้น,Answer|BreadcrumbList|ContactPoint|Country|FAQPage|GeoCoordinates|ImageObject|ListItem|LocalBusiness|Offer|OpeningHoursSpecification|Organization|PostalAddress|ProfessionalService|Question|Service|WebPage|WebSite,305,2,44,4,OK
/รับซื้อ/รับซื้อคอมเกมมิ่ง-ศรีสะเกษ,service-x-location,dist/client/รับซื้อ/รับซื้อคอมเกมมิ่ง-ศรีสะเกษ/index.html,yes,200,yes,/รับซื้อ/รับซื้อคอมเกมมิ่ง-ศรีสะเกษ,yes,รับซื้อ คอมเกมมิ่ง ศรีสะเกษ ประเมินราคาเบื้องต้น | Amphon.co.th,รับซื้อ คอมเกมมิ่ง ในศรีสะเกษ ประเมินราคาฟรี ส่งรูปเช็กราคาได้ ชำระเงินหลังตรวจสอบสินค้าและตกลงราคาเรียบร้อยแล้ว ติดต่อ ,รับซื้อ คอมเกมมิ่ง ศรีสะเกษ ประเมินราคาเบื้องต้น,Answer|BreadcrumbList|ContactPoint|Country|FAQPage|GeoCoordinates|ImageObject|ListItem|LocalBusiness|Offer|OpeningHoursSpecification|Organization|PostalAddress|ProfessionalService|Question|Service|WebPage|WebSite,292,2,44,4,OK
/รับซื้อ/รับซื้อคอมเกมมิ่ง-สกลนคร,service-x-location,dist/client/รับซื้อ/รับซื้อคอมเกมมิ่ง-สกลนคร/index.html,yes,200,yes,/รับซื้อ/รับซื้อคอมเกมมิ่ง-สกลนคร,yes,รับซื้อ คอมเกมมิ่ง สกลนคร ประเมินราคาเบื้องต้น | Amphon.co.th,รับซื้อ คอมเกมมิ่ง ในสกลนคร ประเมินราคาฟรี ส่งรูปเช็กราคาได้ ชำระเงินหลังตรวจสอบสินค้าและตกลงราคาเรียบร้อยแล้ว ติดต่อ Li,รับซื้อ คอมเกมมิ่ง สกลนคร ประเมินราคาเบื้องต้น,Answer|BreadcrumbList|ContactPoint|Country|FAQPage|GeoCoordinates|ImageObject|ListItem|LocalBusiness|Offer|OpeningHoursSpecification|Organization|PostalAddress|ProfessionalService|Question|Service|WebPage|WebSite,306,2,44,4,OK
/รับซื้อ/รับซื้อคอมเกมมิ่ง-สุรินทร์,service-x-location,dist/client/รับซื้อ/รับซื้อคอมเกมมิ่ง-สุรินทร์/index.html,yes,200,yes,/รับซื้อ/รับซื้อคอมเกมมิ่ง-สุรินทร์,yes,รับซื้อ คอมเกมมิ่ง สุรินทร์ ประเมินราคาเบื้องต้น | Amphon.co.th,รับซื้อ คอมเกมมิ่ง ในสุรินทร์ ประเมินราคาฟรี ส่งรูปเช็กราคาได้ ชำระเงินหลังตรวจสอบสินค้าและตกลงราคาเรียบร้อยแล้ว ติดต่อ ,รับซื้อ คอมเกมมิ่ง สุรินทร์ ประเมินราคาเบื้องต้น,Answer|BreadcrumbList|ContactPoint|Country|FAQPage|GeoCoordinates|ImageObject|ListItem|LocalBusiness|Offer|OpeningHoursSpecification|Organization|PostalAddress|ProfessionalService|Question|Service|WebPage|WebSite,291,2,44,4,OK
/รับซื้อ/รับซื้อคอมเกมมิ่ง-หนองคาย,service-x-location,dist/client/รับซื้อ/รับซื้อคอมเกมมิ่ง-หนองคาย/index.html,yes,200,yes,/รับซื้อ/รับซื้อคอมเกมมิ่ง-หนองคาย,yes,รับซื้อ คอมเกมมิ่ง หนองคาย ประเมินราคาเบื้องต้น | Amphon.co.th,รับซื้อ คอมเกมมิ่ง ในหนองคาย ประเมินราคาฟรี ส่งรูปเช็กราคาได้ ชำระเงินหลังตรวจสอบสินค้าและตกลงราคาเรียบร้อยแล้ว ติดต่อ L,รับซื้อ คอมเกมมิ่ง หนองคาย ประเมินราคาเบื้องต้น,Answer|BreadcrumbList|ContactPoint|Country|FAQPage|GeoCoordinates|ImageObject|ListItem|LocalBusiness|Offer|OpeningHoursSpecification|Organization|PostalAddress|ProfessionalService|Question|Service|WebPage|WebSite,291,2,44,4,OK
/รับซื้อ/รับซื้อคอมเกมมิ่ง-หนองบัวลำภู,service-x-location,dist/client/รับซื้อ/รับซื้อคอมเกมมิ่ง-หนองบัวลำภู/index.html,yes,200,yes,/รับซื้อ/รับซื้อคอมเกมมิ่ง-หนองบัวลำภู,yes,รับซื้อ คอมเกมมิ่ง หนองบัวลำภู ประเมินราคาเบื้องต้น | Amphon.co.th,รับซื้อ คอมเกมมิ่ง ในหนองบัวลำภู ประเมินราคาฟรี ส่งรูปเช็กราคาได้ ชำระเงินหลังตรวจสอบสินค้าและตกลงราคาเรียบร้อยแล้ว ติดต,รับซื้อ คอมเกมมิ่ง หนองบัวลำภู ประเมินราคาเบื้องต้น,Answer|BreadcrumbList|ContactPoint|Country|FAQPage|GeoCoordinates|ImageObject|ListItem|LocalBusiness|Offer|OpeningHoursSpecification|Organization|PostalAddress|ProfessionalService|Question|Service|WebPage|WebSite,283,2,44,4,OK
/รับซื้อ/รับซื้อคอมเกมมิ่ง-อำนาจเจริญ,service-x-location,dist/client/รับซื้อ/รับซื้อคอมเกมมิ่ง-อำนาจเจริญ/index.html,yes,200,yes,/รับซื้อ/รับซื้อคอมเกมมิ่ง-อำนาจเจริญ,yes,รับซื้อ คอมเกมมิ่ง อำนาจเจริญ ประเมินราคาเบื้องต้น | Amphon.co.th,รับซื้อ คอมเกมมิ่ง ในอำนาจเจริญ ประเมินราคาฟรี ส่งรูปเช็กราคาได้ ชำระเงินหลังตรวจสอบสินค้าและตกลงราคาเรียบร้อยแล้ว ติดต่,รับซื้อ คอมเกมมิ่ง อำนาจเจริญ ประเมินราคาเบื้องต้น,Answer|BreadcrumbList|ContactPoint|Country|FAQPage|GeoCoordinates|ImageObject|ListItem|LocalBusiness|Offer|OpeningHoursSpecification|Organization|PostalAddress|ProfessionalService|Question|Service|WebPage|WebSite,286,2,44,4,OK
/รับซื้อ/รับซื้อคอมเกมมิ่ง-อุดรธานี,service-x-location,dist/client/รับซื้อ/รับซื้อคอมเกมมิ่ง-อุดรธานี/index.html,yes,200,yes,/รับซื้อ/รับซื้อคอมเกมมิ่ง-อุดรธานี,yes,รับซื้อ คอมเกมมิ่ง อุดรธานี ประเมินราคาเบื้องต้น | Amphon.co.th,รับซื้อ คอมเกมมิ่ง ในอุดรธานี ประเมินราคาฟรี ส่งรูปเช็กราคาได้ ชำระเงินหลังตรวจสอบสินค้าและตกลงราคาเรียบร้อยแล้ว ติดต่อ ,รับซื้อ คอมเกมมิ่ง อุดรธานี ประเมินราคาเบื้องต้น,Answer|BreadcrumbList|ContactPoint|Country|FAQPage|GeoCoordinates|ImageObject|ListItem|LocalBusiness|Offer|OpeningHoursSpecification|Organization|PostalAddress|ProfessionalService|Question|Service|WebPage|WebSite,293,2,44,4,OK
/รับซื้อ/รับซื้อคอมเกมมิ่ง-อุบลราชธานี,service-x-location,dist/client/รับซื้อ/รับซื้อคอมเกมมิ่ง-อุบลราชธานี/index.html,yes,200,yes,/รับซื้อ/รับซื้อคอมเกมมิ่ง-อุบลราชธานี,yes,รับซื้อ คอมเกมมิ่ง อุบลราชธานี ประเมินราคาเบื้องต้น | Amphon.co.th,รับซื้อ คอมเกมมิ่ง ในอุบลราชธานี ประเมินราคาฟรี ส่งรูปเช็กราคาได้ ชำระเงินหลังตรวจสอบสินค้าและตกลงราคาเรียบร้อยแล้ว ติดต,รับซื้อ คอมเกมมิ่ง อุบลราชธานี ประเมินราคาเบื้องต้น,Answer|BreadcrumbList|ContactPoint|Country|FAQPage|GeoCoordinates|ImageObject|ListItem|LocalBusiness|Offer|OpeningHoursSpecification|Organization|PostalAddress|ProfessionalService|Question|Service|WebPage|WebSite,287,2,44,4,OK
/รับซื้อ/รับซื้อคอมเกมมิ่ง-เลย,service-x-location,dist/client/รับซื้อ/รับซื้อคอมเกมมิ่ง-เลย/index.html,yes,200,yes,/รับซื้อ/รับซื้อคอมเกมมิ่ง-เลย,yes,รับซื้อ คอมเกมมิ่ง เลย ประเมินราคาเบื้องต้น | Amphon.co.th,รับซื้อ คอมเกมมิ่ง ในเลย ประเมินราคาฟรี ส่งรูปเช็กราคาได้ ชำระเงินหลังตรวจสอบสินค้าและตกลงราคาเรียบร้อยแล้ว ติดต่อ Line ,รับซื้อ คอมเกมมิ่ง เลย ประเมินราคาเบื้องต้น,Answer|BreadcrumbList|ContactPoint|Country|FAQPage|GeoCoordinates|ImageObject|ListItem|LocalBusiness|Offer|OpeningHoursSpecification|Organization|PostalAddress|ProfessionalService|Question|Service|WebPage|WebSite,299,2,44,4,OK
/รับซื้อ/รับซื้อจอคอม-กาฬสินธุ์,service-x-location,dist/client/รับซื้อ/รับซื้อจอคอม-กาฬสินธุ์/index.html,yes,200,yes,/รับซื้อ/รับซื้อจอคอม-กาฬสินธุ์,yes,รับซื้อ จอคอม กาฬสินธุ์ ประเมินราคาเบื้องต้น | Amphon.co.th,รับซื้อ จอคอม ในกาฬสินธุ์ ประเมินราคาฟรี ส่งรูปเช็กราคาได้ ชำระเงินหลังตรวจสอบสินค้าและตกลงราคาเรียบร้อยแล้ว ติดต่อ Line,รับซื้อ จอคอม กาฬสินธุ์ ประเมินราคาเบื้องต้น,Answer|BreadcrumbList|ContactPoint|Country|FAQPage|GeoCoordinates|ImageObject|ListItem|LocalBusiness|Offer|OpeningHoursSpecification|Organization|PostalAddress|ProfessionalService|Question|Service|WebPage|WebSite,303,2,44,4,OK
/รับซื้อ/รับซื้อจอคอม-ขอนแก่น,service-x-location,dist/client/รับซื้อ/รับซื้อจอคอม-ขอนแก่น/index.html,yes,200,yes,/รับซื้อ/รับซื้อจอคอม-ขอนแก่น,yes,รับซื้อ จอคอม ขอนแก่น ประเมินราคาเบื้องต้น | Amphon.co.th,รับซื้อ จอคอม ในขอนแก่น ประเมินราคาฟรี ส่งรูปเช็กราคาได้ ชำระเงินหลังตรวจสอบสินค้าและตกลงราคาเรียบร้อยแล้ว ติดต่อ Line @,รับซื้อ จอคอม ขอนแก่น ประเมินราคาเบื้องต้น,Answer|BreadcrumbList|ContactPoint|Country|FAQPage|GeoCoordinates|ImageObject|ListItem|LocalBusiness|Offer|OpeningHoursSpecification|Organization|PostalAddress|ProfessionalService|Question|Service|WebPage|WebSite,314,2,44,4,OK
/รับซื้อ/รับซื้อจอคอม-ชัยภูมิ,service-x-location,dist/client/รับซื้อ/รับซื้อจอคอม-ชัยภูมิ/index.html,yes,200,yes,/รับซื้อ/รับซื้อจอคอม-ชัยภูมิ,yes,รับซื้อ จอคอม ชัยภูมิ ประเมินราคาเบื้องต้น | Amphon.co.th,รับซื้อ จอคอม ในชัยภูมิ ประเมินราคาฟรี ส่งรูปเช็กราคาได้ ชำระเงินหลังตรวจสอบสินค้าและตกลงราคาเรียบร้อยแล้ว ติดต่อ Line @,รับซื้อ จอคอม ชัยภูมิ ประเมินราคาเบื้องต้น,Answer|BreadcrumbList|ContactPoint|Country|FAQPage|GeoCoordinates|ImageObject|ListItem|LocalBusiness|Offer|OpeningHoursSpecification|Organization|PostalAddress|ProfessionalService|Question|Service|WebPage|WebSite,302,2,44,4,OK
/รับซื้อ/รับซื้อจอคอม-นครพนม,service-x-location,dist/client/รับซื้อ/รับซื้อจอคอม-นครพนม/index.html,yes,200,yes,/รับซื้อ/รับซื้อจอคอม-นครพนม,yes,รับซื้อ จอคอม นครพนม ประเมินราคาเบื้องต้น | Amphon.co.th,รับซื้อ จอคอม ในนครพนม ประเมินราคาฟรี ส่งรูปเช็กราคาได้ ชำระเงินหลังตรวจสอบสินค้าและตกลงราคาเรียบร้อยแล้ว ติดต่อ Line @w,รับซื้อ จอคอม นครพนม ประเมินราคาเบื้องต้น,Answer|BreadcrumbList|ContactPoint|Country|FAQPage|GeoCoordinates|ImageObject|ListItem|LocalBusiness|Offer|OpeningHoursSpecification|Organization|PostalAddress|ProfessionalService|Question|Service|WebPage|WebSite,299,2,44,4,OK
/รับซื้อ/รับซื้อจอคอม-นครราชสีมา,service-x-location,dist/client/รับซื้อ/รับซื้อจอคอม-นครราชสีมา/index.html,yes,200,yes,/รับซื้อ/รับซื้อจอคอม-นครราชสีมา,yes,รับซื้อ จอคอม นครราชสีมา ประเมินราคาเบื้องต้น | Amphon.co.th,รับซื้อ จอคอม ในนครราชสีมา ประเมินราคาฟรี ส่งรูปเช็กราคาได้ ชำระเงินหลังตรวจสอบสินค้าและตกลงราคาเรียบร้อยแล้ว ติดต่อ Lin,รับซื้อ จอคอม นครราชสีมา ประเมินราคาเบื้องต้น,Answer|BreadcrumbList|ContactPoint|Country|FAQPage|GeoCoordinates|ImageObject|ListItem|LocalBusiness|Offer|OpeningHoursSpecification|Organization|PostalAddress|ProfessionalService|Question|Service|WebPage|WebSite,321,2,44,4,OK
/รับซื้อ/รับซื้อจอคอม-บึงกาฬ,service-x-location,dist/client/รับซื้อ/รับซื้อจอคอม-บึงกาฬ/index.html,yes,200,yes,/รับซื้อ/รับซื้อจอคอม-บึงกาฬ,yes,รับซื้อ จอคอม บึงกาฬ ประเมินราคาเบื้องต้น | Amphon.co.th,รับซื้อ จอคอม ในบึงกาฬ ประเมินราคาฟรี ส่งรูปเช็กราคาได้ ชำระเงินหลังตรวจสอบสินค้าและตกลงราคาเรียบร้อยแล้ว ติดต่อ Line @w,รับซื้อ จอคอม บึงกาฬ ประเมินราคาเบื้องต้น,Answer|BreadcrumbList|ContactPoint|Country|FAQPage|GeoCoordinates|ImageObject|ListItem|LocalBusiness|Offer|OpeningHoursSpecification|Organization|PostalAddress|ProfessionalService|Question|Service|WebPage|WebSite,291,2,44,4,OK
/รับซื้อ/รับซื้อจอคอม-บุรีรัมย์,service-x-location,dist/client/รับซื้อ/รับซื้อจอคอม-บุรีรัมย์/index.html,yes,200,yes,/รับซื้อ/รับซื้อจอคอม-บุรีรัมย์,yes,รับซื้อ จอคอม บุรีรัมย์ ประเมินราคาเบื้องต้น | Amphon.co.th,รับซื้อ จอคอม ในบุรีรัมย์ ประเมินราคาฟรี ส่งรูปเช็กราคาได้ ชำระเงินหลังตรวจสอบสินค้าและตกลงราคาเรียบร้อยแล้ว ติดต่อ Line,รับซื้อ จอคอม บุรีรัมย์ ประเมินราคาเบื้องต้น,Answer|BreadcrumbList|ContactPoint|Country|FAQPage|GeoCoordinates|ImageObject|ListItem|LocalBusiness|Offer|OpeningHoursSpecification|Organization|PostalAddress|ProfessionalService|Question|Service|WebPage|WebSite,295,2,44,4,OK
/รับซื้อ/รับซื้อจอคอม-มหาสารคาม,service-x-location,dist/client/รับซื้อ/รับซื้อจอคอม-มหาสารคาม/index.html,yes,200,yes,/รับซื้อ/รับซื้อจอคอม-มหาสารคาม,yes,รับซื้อ จอคอม มหาสารคาม ประเมินราคาเบื้องต้น | Amphon.co.th,รับซื้อ จอคอม ในมหาสารคาม ประเมินราคาฟรี ส่งรูปเช็กราคาได้ ชำระเงินหลังตรวจสอบสินค้าและตกลงราคาเรียบร้อยแล้ว ติดต่อ Line,รับซื้อ จอคอม มหาสารคาม ประเมินราคาเบื้องต้น,Answer|BreadcrumbList|ContactPoint|Country|FAQPage|GeoCoordinates|ImageObject|ListItem|LocalBusiness|Offer|OpeningHoursSpecification|Organization|PostalAddress|ProfessionalService|Question|Service|WebPage|WebSite,295,2,44,4,OK
/รับซื้อ/รับซื้อจอคอม-มุกดาหาร,service-x-location,dist/client/รับซื้อ/รับซื้อจอคอม-มุกดาหาร/index.html,yes,200,yes,/รับซื้อ/รับซื้อจอคอม-มุกดาหาร,yes,รับซื้อ จอคอม มุกดาหาร ประเมินราคาเบื้องต้น | Amphon.co.th,รับซื้อ จอคอม ในมุกดาหาร ประเมินราคาฟรี ส่งรูปเช็กราคาได้ ชำระเงินหลังตรวจสอบสินค้าและตกลงราคาเรียบร้อยแล้ว ติดต่อ Line ,รับซื้อ จอคอม มุกดาหาร ประเมินราคาเบื้องต้น,Answer|BreadcrumbList|ContactPoint|Country|FAQPage|GeoCoordinates|ImageObject|ListItem|LocalBusiness|Offer|OpeningHoursSpecification|Organization|PostalAddress|ProfessionalService|Question|Service|WebPage|WebSite,288,2,44,4,OK
/รับซื้อ/รับซื้อจอคอม-ยโสธร,service-x-location,dist/client/รับซื้อ/รับซื้อจอคอม-ยโสธร/index.html,yes,200,yes,/รับซื้อ/รับซื้อจอคอม-ยโสธร,yes,รับซื้อ จอคอม ยโสธร ประเมินราคาเบื้องต้น | Amphon.co.th,รับซื้อ จอคอม ในยโสธร ประเมินราคาฟรี ส่งรูปเช็กราคาได้ ชำระเงินหลังตรวจสอบสินค้าและตกลงราคาเรียบร้อยแล้ว ติดต่อ Line @we,รับซื้อ จอคอม ยโสธร ประเมินราคาเบื้องต้น,Answer|BreadcrumbList|ContactPoint|Country|FAQPage|GeoCoordinates|ImageObject|ListItem|LocalBusiness|Offer|OpeningHoursSpecification|Organization|PostalAddress|ProfessionalService|Question|Service|WebPage|WebSite,292,2,44,4,OK
/รับซื้อ/รับซื้อจอคอม-ร้อยเอ็ด,service-x-location,dist/client/รับซื้อ/รับซื้อจอคอม-ร้อยเอ็ด/index.html,yes,200,yes,/รับซื้อ/รับซื้อจอคอม-ร้อยเอ็ด,yes,รับซื้อ จอคอม ร้อยเอ็ด ประเมินราคาเบื้องต้น | Amphon.co.th,รับซื้อ จอคอม ในร้อยเอ็ด ประเมินราคาฟรี ส่งรูปเช็กราคาได้ ชำระเงินหลังตรวจสอบสินค้าและตกลงราคาเรียบร้อยแล้ว ติดต่อ Line ,รับซื้อ จอคอม ร้อยเอ็ด ประเมินราคาเบื้องต้น,Answer|BreadcrumbList|ContactPoint|Country|FAQPage|GeoCoordinates|ImageObject|ListItem|LocalBusiness|Offer|OpeningHoursSpecification|Organization|PostalAddress|ProfessionalService|Question|Service|WebPage|WebSite,306,2,44,4,OK
/รับซื้อ/รับซื้อจอคอม-ศรีสะเกษ,service-x-location,dist/client/รับซื้อ/รับซื้อจอคอม-ศรีสะเกษ/index.html,yes,200,yes,/รับซื้อ/รับซื้อจอคอม-ศรีสะเกษ,yes,รับซื้อ จอคอม ศรีสะเกษ ประเมินราคาเบื้องต้น | Amphon.co.th,รับซื้อ จอคอม ในศรีสะเกษ ประเมินราคาฟรี ส่งรูปเช็กราคาได้ ชำระเงินหลังตรวจสอบสินค้าและตกลงราคาเรียบร้อยแล้ว ติดต่อ Line ,รับซื้อ จอคอม ศรีสะเกษ ประเมินราคาเบื้องต้น,Answer|BreadcrumbList|ContactPoint|Country|FAQPage|GeoCoordinates|ImageObject|ListItem|LocalBusiness|Offer|OpeningHoursSpecification|Organization|PostalAddress|ProfessionalService|Question|Service|WebPage|WebSite,293,2,44,4,OK
/รับซื้อ/รับซื้อจอคอม-สกลนคร,service-x-location,dist/client/รับซื้อ/รับซื้อจอคอม-สกลนคร/index.html,yes,200,yes,/รับซื้อ/รับซื้อจอคอม-สกลนคร,yes,รับซื้อ จอคอม สกลนคร ประเมินราคาเบื้องต้น | Amphon.co.th,รับซื้อ จอคอม ในสกลนคร ประเมินราคาฟรี ส่งรูปเช็กราคาได้ ชำระเงินหลังตรวจสอบสินค้าและตกลงราคาเรียบร้อยแล้ว ติดต่อ Line @w,รับซื้อ จอคอม สกลนคร ประเมินราคาเบื้องต้น,Answer|BreadcrumbList|ContactPoint|Country|FAQPage|GeoCoordinates|ImageObject|ListItem|LocalBusiness|Offer|OpeningHoursSpecification|Organization|PostalAddress|ProfessionalService|Question|Service|WebPage|WebSite,307,2,44,4,OK
/รับซื้อ/รับซื้อจอคอม-สุรินทร์,service-x-location,dist/client/รับซื้อ/รับซื้อจอคอม-สุรินทร์/index.html,yes,200,yes,/รับซื้อ/รับซื้อจอคอม-สุรินทร์,yes,รับซื้อ จอคอม สุรินทร์ ประเมินราคาเบื้องต้น | Amphon.co.th,รับซื้อ จอคอม ในสุรินทร์ ประเมินราคาฟรี ส่งรูปเช็กราคาได้ ชำระเงินหลังตรวจสอบสินค้าและตกลงราคาเรียบร้อยแล้ว ติดต่อ Line ,รับซื้อ จอคอม สุรินทร์ ประเมินราคาเบื้องต้น,Answer|BreadcrumbList|ContactPoint|Country|FAQPage|GeoCoordinates|ImageObject|ListItem|LocalBusiness|Offer|OpeningHoursSpecification|Organization|PostalAddress|ProfessionalService|Question|Service|WebPage|WebSite,292,2,44,4,OK
/รับซื้อ/รับซื้อจอคอม-หนองคาย,service-x-location,dist/client/รับซื้อ/รับซื้อจอคอม-หนองคาย/index.html,yes,200,yes,/รับซื้อ/รับซื้อจอคอม-หนองคาย,yes,รับซื้อ จอคอม หนองคาย ประเมินราคาเบื้องต้น | Amphon.co.th,รับซื้อ จอคอม ในหนองคาย ประเมินราคาฟรี ส่งรูปเช็กราคาได้ ชำระเงินหลังตรวจสอบสินค้าและตกลงราคาเรียบร้อยแล้ว ติดต่อ Line @,รับซื้อ จอคอม หนองคาย ประเมินราคาเบื้องต้น,Answer|BreadcrumbList|ContactPoint|Country|FAQPage|GeoCoordinates|ImageObject|ListItem|LocalBusiness|Offer|OpeningHoursSpecification|Organization|PostalAddress|ProfessionalService|Question|Service|WebPage|WebSite,292,2,44,4,OK
/รับซื้อ/รับซื้อจอคอม-หนองบัวลำภู,service-x-location,dist/client/รับซื้อ/รับซื้อจอคอม-หนองบัวลำภู/index.html,yes,200,yes,/รับซื้อ/รับซื้อจอคอม-หนองบัวลำภู,yes,รับซื้อ จอคอม หนองบัวลำภู ประเมินราคาเบื้องต้น | Amphon.co.th,รับซื้อ จอคอม ในหนองบัวลำภู ประเมินราคาฟรี ส่งรูปเช็กราคาได้ ชำระเงินหลังตรวจสอบสินค้าและตกลงราคาเรียบร้อยแล้ว ติดต่อ Li,รับซื้อ จอคอม หนองบัวลำภู ประเมินราคาเบื้องต้น,Answer|BreadcrumbList|ContactPoint|Country|FAQPage|GeoCoordinates|ImageObject|ListItem|LocalBusiness|Offer|OpeningHoursSpecification|Organization|PostalAddress|ProfessionalService|Question|Service|WebPage|WebSite,284,2,44,4,OK
/รับซื้อ/รับซื้อจอคอม-อำนาจเจริญ,service-x-location,dist/client/รับซื้อ/รับซื้อจอคอม-อำนาจเจริญ/index.html,yes,200,yes,/รับซื้อ/รับซื้อจอคอม-อำนาจเจริญ,yes,รับซื้อ จอคอม อำนาจเจริญ ประเมินราคาเบื้องต้น | Amphon.co.th,รับซื้อ จอคอม ในอำนาจเจริญ ประเมินราคาฟรี ส่งรูปเช็กราคาได้ ชำระเงินหลังตรวจสอบสินค้าและตกลงราคาเรียบร้อยแล้ว ติดต่อ Lin,รับซื้อ จอคอม อำนาจเจริญ ประเมินราคาเบื้องต้น,Answer|BreadcrumbList|ContactPoint|Country|FAQPage|GeoCoordinates|ImageObject|ListItem|LocalBusiness|Offer|OpeningHoursSpecification|Organization|PostalAddress|ProfessionalService|Question|Service|WebPage|WebSite,287,2,44,4,OK
/รับซื้อ/รับซื้อจอคอม-อุดรธานี,service-x-location,dist/client/รับซื้อ/รับซื้อจอคอม-อุดรธานี/index.html,yes,200,yes,/รับซื้อ/รับซื้อจอคอม-อุดรธานี,yes,รับซื้อ จอคอม อุดรธานี ประเมินราคาเบื้องต้น | Amphon.co.th,รับซื้อ จอคอม ในอุดรธานี ประเมินราคาฟรี ส่งรูปเช็กราคาได้ ชำระเงินหลังตรวจสอบสินค้าและตกลงราคาเรียบร้อยแล้ว ติดต่อ Line ,รับซื้อ จอคอม อุดรธานี ประเมินราคาเบื้องต้น,Answer|BreadcrumbList|ContactPoint|Country|FAQPage|GeoCoordinates|ImageObject|ListItem|LocalBusiness|Offer|OpeningHoursSpecification|Organization|PostalAddress|ProfessionalService|Question|Service|WebPage|WebSite,294,2,44,4,OK
/รับซื้อ/รับซื้อจอคอม-อุบลราชธานี,service-x-location,dist/client/รับซื้อ/รับซื้อจอคอม-อุบลราชธานี/index.html,yes,200,yes,/รับซื้อ/รับซื้อจอคอม-อุบลราชธานี,yes,รับซื้อ จอคอม อุบลราชธานี ประเมินราคาเบื้องต้น | Amphon.co.th,รับซื้อ จอคอม ในอุบลราชธานี ประเมินราคาฟรี ส่งรูปเช็กราคาได้ ชำระเงินหลังตรวจสอบสินค้าและตกลงราคาเรียบร้อยแล้ว ติดต่อ Li,รับซื้อ จอคอม อุบลราชธานี ประเมินราคาเบื้องต้น,Answer|BreadcrumbList|ContactPoint|Country|FAQPage|GeoCoordinates|ImageObject|ListItem|LocalBusiness|Offer|OpeningHoursSpecification|Organization|PostalAddress|ProfessionalService|Question|Service|WebPage|WebSite,288,2,44,4,OK
/รับซื้อ/รับซื้อจอคอม-เลย,service-x-location,dist/client/รับซื้อ/รับซื้อจอคอม-เลย/index.html,yes,200,yes,/รับซื้อ/รับซื้อจอคอม-เลย,yes,รับซื้อ จอคอม เลย ประเมินราคาเบื้องต้น | Amphon.co.th,รับซื้อ จอคอม ในเลย ประเมินราคาฟรี ส่งรูปเช็กราคาได้ ชำระเงินหลังตรวจสอบสินค้าและตกลงราคาเรียบร้อยแล้ว ติดต่อ Line @webu,รับซื้อ จอคอม เลย ประเมินราคาเบื้องต้น,Answer|BreadcrumbList|ContactPoint|Country|FAQPage|GeoCoordinates|ImageObject|ListItem|LocalBusiness|Offer|OpeningHoursSpecification|Organization|PostalAddress|ProfessionalService|Question|Service|WebPage|WebSite,300,2,44,4,OK
/รับซื้อ/รับซื้อจอเกมมิ่ง-กาฬสินธุ์,service-x-location,dist/client/รับซื้อ/รับซื้อจอเกมมิ่ง-กาฬสินธุ์/index.html,yes,200,yes,/รับซื้อ/รับซื้อจอเกมมิ่ง-กาฬสินธุ์,yes,รับซื้อ จอเกมมิ่ง กาฬสินธุ์ ประเมินราคาเบื้องต้น | Amphon.co.th,รับซื้อ จอเกมมิ่ง ในกาฬสินธุ์ ประเมินราคาฟรี ส่งรูปเช็กราคาได้ ชำระเงินหลังตรวจสอบสินค้าและตกลงราคาเรียบร้อยแล้ว ติดต่อ ,รับซื้อ จอเกมมิ่ง กาฬสินธุ์ ประเมินราคาเบื้องต้น,Answer|BreadcrumbList|ContactPoint|Country|FAQPage|GeoCoordinates|ImageObject|ListItem|LocalBusiness|Offer|OpeningHoursSpecification|Organization|PostalAddress|ProfessionalService|Question|Service|WebPage|WebSite,307,2,44,4,OK
/รับซื้อ/รับซื้อจอเกมมิ่ง-ขอนแก่น,service-x-location,dist/client/รับซื้อ/รับซื้อจอเกมมิ่ง-ขอนแก่น/index.html,yes,200,yes,/รับซื้อ/รับซื้อจอเกมมิ่ง-ขอนแก่น,yes,รับซื้อ จอเกมมิ่ง ขอนแก่น ประเมินราคาเบื้องต้น | Amphon.co.th,รับซื้อ จอเกมมิ่ง ในขอนแก่น ประเมินราคาฟรี ส่งรูปเช็กราคาได้ ชำระเงินหลังตรวจสอบสินค้าและตกลงราคาเรียบร้อยแล้ว ติดต่อ Li,รับซื้อ จอเกมมิ่ง ขอนแก่น ประเมินราคาเบื้องต้น,Answer|BreadcrumbList|ContactPoint|Country|FAQPage|GeoCoordinates|ImageObject|ListItem|LocalBusiness|Offer|OpeningHoursSpecification|Organization|PostalAddress|ProfessionalService|Question|Service|WebPage|WebSite,318,2,44,4,OK
/รับซื้อ/รับซื้อจอเกมมิ่ง-ชัยภูมิ,service-x-location,dist/client/รับซื้อ/รับซื้อจอเกมมิ่ง-ชัยภูมิ/index.html,yes,200,yes,/รับซื้อ/รับซื้อจอเกมมิ่ง-ชัยภูมิ,yes,รับซื้อ จอเกมมิ่ง ชัยภูมิ ประเมินราคาเบื้องต้น | Amphon.co.th,รับซื้อ จอเกมมิ่ง ในชัยภูมิ ประเมินราคาฟรี ส่งรูปเช็กราคาได้ ชำระเงินหลังตรวจสอบสินค้าและตกลงราคาเรียบร้อยแล้ว ติดต่อ Li,รับซื้อ จอเกมมิ่ง ชัยภูมิ ประเมินราคาเบื้องต้น,Answer|BreadcrumbList|ContactPoint|Country|FAQPage|GeoCoordinates|ImageObject|ListItem|LocalBusiness|Offer|OpeningHoursSpecification|Organization|PostalAddress|ProfessionalService|Question|Service|WebPage|WebSite,306,2,44,4,OK
/รับซื้อ/รับซื้อจอเกมมิ่ง-นครพนม,service-x-location,dist/client/รับซื้อ/รับซื้อจอเกมมิ่ง-นครพนม/index.html,yes,200,yes,/รับซื้อ/รับซื้อจอเกมมิ่ง-นครพนม,yes,รับซื้อ จอเกมมิ่ง นครพนม ประเมินราคาเบื้องต้น | Amphon.co.th,รับซื้อ จอเกมมิ่ง ในนครพนม ประเมินราคาฟรี ส่งรูปเช็กราคาได้ ชำระเงินหลังตรวจสอบสินค้าและตกลงราคาเรียบร้อยแล้ว ติดต่อ Lin,รับซื้อ จอเกมมิ่ง นครพนม ประเมินราคาเบื้องต้น,Answer|BreadcrumbList|ContactPoint|Country|FAQPage|GeoCoordinates|ImageObject|ListItem|LocalBusiness|Offer|OpeningHoursSpecification|Organization|PostalAddress|ProfessionalService|Question|Service|WebPage|WebSite,303,2,44,4,OK
/รับซื้อ/รับซื้อจอเกมมิ่ง-นครราชสีมา,service-x-location,dist/client/รับซื้อ/รับซื้อจอเกมมิ่ง-นครราชสีมา/index.html,yes,200,yes,/รับซื้อ/รับซื้อจอเกมมิ่ง-นครราชสีมา,yes,รับซื้อ จอเกมมิ่ง นครราชสีมา ประเมินราคาเบื้องต้น | Amphon.co.th,รับซื้อ จอเกมมิ่ง ในนครราชสีมา ประเมินราคาฟรี ส่งรูปเช็กราคาได้ ชำระเงินหลังตรวจสอบสินค้าและตกลงราคาเรียบร้อยแล้ว ติดต่อ,รับซื้อ จอเกมมิ่ง นครราชสีมา ประเมินราคาเบื้องต้น,Answer|BreadcrumbList|ContactPoint|Country|FAQPage|GeoCoordinates|ImageObject|ListItem|LocalBusiness|Offer|OpeningHoursSpecification|Organization|PostalAddress|ProfessionalService|Question|Service|WebPage|WebSite,325,2,44,4,OK
/รับซื้อ/รับซื้อจอเกมมิ่ง-บึงกาฬ,service-x-location,dist/client/รับซื้อ/รับซื้อจอเกมมิ่ง-บึงกาฬ/index.html,yes,200,yes,/รับซื้อ/รับซื้อจอเกมมิ่ง-บึงกาฬ,yes,รับซื้อ จอเกมมิ่ง บึงกาฬ ประเมินราคาเบื้องต้น | Amphon.co.th,รับซื้อ จอเกมมิ่ง ในบึงกาฬ ประเมินราคาฟรี ส่งรูปเช็กราคาได้ ชำระเงินหลังตรวจสอบสินค้าและตกลงราคาเรียบร้อยแล้ว ติดต่อ Lin,รับซื้อ จอเกมมิ่ง บึงกาฬ ประเมินราคาเบื้องต้น,Answer|BreadcrumbList|ContactPoint|Country|FAQPage|GeoCoordinates|ImageObject|ListItem|LocalBusiness|Offer|OpeningHoursSpecification|Organization|PostalAddress|ProfessionalService|Question|Service|WebPage|WebSite,295,2,44,4,OK
/รับซื้อ/รับซื้อจอเกมมิ่ง-บุรีรัมย์,service-x-location,dist/client/รับซื้อ/รับซื้อจอเกมมิ่ง-บุรีรัมย์/index.html,yes,200,yes,/รับซื้อ/รับซื้อจอเกมมิ่ง-บุรีรัมย์,yes,รับซื้อ จอเกมมิ่ง บุรีรัมย์ ประเมินราคาเบื้องต้น | Amphon.co.th,รับซื้อ จอเกมมิ่ง ในบุรีรัมย์ ประเมินราคาฟรี ส่งรูปเช็กราคาได้ ชำระเงินหลังตรวจสอบสินค้าและตกลงราคาเรียบร้อยแล้ว ติดต่อ ,รับซื้อ จอเกมมิ่ง บุรีรัมย์ ประเมินราคาเบื้องต้น,Answer|BreadcrumbList|ContactPoint|Country|FAQPage|GeoCoordinates|ImageObject|ListItem|LocalBusiness|Offer|OpeningHoursSpecification|Organization|PostalAddress|ProfessionalService|Question|Service|WebPage|WebSite,299,2,44,4,OK
/รับซื้อ/รับซื้อจอเกมมิ่ง-มหาสารคาม,service-x-location,dist/client/รับซื้อ/รับซื้อจอเกมมิ่ง-มหาสารคาม/index.html,yes,200,yes,/รับซื้อ/รับซื้อจอเกมมิ่ง-มหาสารคาม,yes,รับซื้อ จอเกมมิ่ง มหาสารคาม ประเมินราคาเบื้องต้น | Amphon.co.th,รับซื้อ จอเกมมิ่ง ในมหาสารคาม ประเมินราคาฟรี ส่งรูปเช็กราคาได้ ชำระเงินหลังตรวจสอบสินค้าและตกลงราคาเรียบร้อยแล้ว ติดต่อ ,รับซื้อ จอเกมมิ่ง มหาสารคาม ประเมินราคาเบื้องต้น,Answer|BreadcrumbList|ContactPoint|Country|FAQPage|GeoCoordinates|ImageObject|ListItem|LocalBusiness|Offer|OpeningHoursSpecification|Organization|PostalAddress|ProfessionalService|Question|Service|WebPage|WebSite,299,2,44,4,OK
/รับซื้อ/รับซื้อจอเกมมิ่ง-มุกดาหาร,service-x-location,dist/client/รับซื้อ/รับซื้อจอเกมมิ่ง-มุกดาหาร/index.html,yes,200,yes,/รับซื้อ/รับซื้อจอเกมมิ่ง-มุกดาหาร,yes,รับซื้อ จอเกมมิ่ง มุกดาหาร ประเมินราคาเบื้องต้น | Amphon.co.th,รับซื้อ จอเกมมิ่ง ในมุกดาหาร ประเมินราคาฟรี ส่งรูปเช็กราคาได้ ชำระเงินหลังตรวจสอบสินค้าและตกลงราคาเรียบร้อยแล้ว ติดต่อ L,รับซื้อ จอเกมมิ่ง มุกดาหาร ประเมินราคาเบื้องต้น,Answer|BreadcrumbList|ContactPoint|Country|FAQPage|GeoCoordinates|ImageObject|ListItem|LocalBusiness|Offer|OpeningHoursSpecification|Organization|PostalAddress|ProfessionalService|Question|Service|WebPage|WebSite,292,2,44,4,OK
/รับซื้อ/รับซื้อจอเกมมิ่ง-ยโสธร,service-x-location,dist/client/รับซื้อ/รับซื้อจอเกมมิ่ง-ยโสธร/index.html,yes,200,yes,/รับซื้อ/รับซื้อจอเกมมิ่ง-ยโสธร,yes,รับซื้อ จอเกมมิ่ง ยโสธร ประเมินราคาเบื้องต้น | Amphon.co.th,รับซื้อ จอเกมมิ่ง ในยโสธร ประเมินราคาฟรี ส่งรูปเช็กราคาได้ ชำระเงินหลังตรวจสอบสินค้าและตกลงราคาเรียบร้อยแล้ว ติดต่อ Line,รับซื้อ จอเกมมิ่ง ยโสธร ประเมินราคาเบื้องต้น,Answer|BreadcrumbList|ContactPoint|Country|FAQPage|GeoCoordinates|ImageObject|ListItem|LocalBusiness|Offer|OpeningHoursSpecification|Organization|PostalAddress|ProfessionalService|Question|Service|WebPage|WebSite,296,2,44,4,OK
/รับซื้อ/รับซื้อจอเกมมิ่ง-ร้อยเอ็ด,service-x-location,dist/client/รับซื้อ/รับซื้อจอเกมมิ่ง-ร้อยเอ็ด/index.html,yes,200,yes,/รับซื้อ/รับซื้อจอเกมมิ่ง-ร้อยเอ็ด,yes,รับซื้อ จอเกมมิ่ง ร้อยเอ็ด ประเมินราคาเบื้องต้น | Amphon.co.th,รับซื้อ จอเกมมิ่ง ในร้อยเอ็ด ประเมินราคาฟรี ส่งรูปเช็กราคาได้ ชำระเงินหลังตรวจสอบสินค้าและตกลงราคาเรียบร้อยแล้ว ติดต่อ L,รับซื้อ จอเกมมิ่ง ร้อยเอ็ด ประเมินราคาเบื้องต้น,Answer|BreadcrumbList|ContactPoint|Country|FAQPage|GeoCoordinates|ImageObject|ListItem|LocalBusiness|Offer|OpeningHoursSpecification|Organization|PostalAddress|ProfessionalService|Question|Service|WebPage|WebSite,310,2,44,4,OK
/รับซื้อ/รับซื้อจอเกมมิ่ง-ศรีสะเกษ,service-x-location,dist/client/รับซื้อ/รับซื้อจอเกมมิ่ง-ศรีสะเกษ/index.html,yes,200,yes,/รับซื้อ/รับซื้อจอเกมมิ่ง-ศรีสะเกษ,yes,รับซื้อ จอเกมมิ่ง ศรีสะเกษ ประเมินราคาเบื้องต้น | Amphon.co.th,รับซื้อ จอเกมมิ่ง ในศรีสะเกษ ประเมินราคาฟรี ส่งรูปเช็กราคาได้ ชำระเงินหลังตรวจสอบสินค้าและตกลงราคาเรียบร้อยแล้ว ติดต่อ L,รับซื้อ จอเกมมิ่ง ศรีสะเกษ ประเมินราคาเบื้องต้น,Answer|BreadcrumbList|ContactPoint|Country|FAQPage|GeoCoordinates|ImageObject|ListItem|LocalBusiness|Offer|OpeningHoursSpecification|Organization|PostalAddress|ProfessionalService|Question|Service|WebPage|WebSite,297,2,44,4,OK
/รับซื้อ/รับซื้อจอเกมมิ่ง-สกลนคร,service-x-location,dist/client/รับซื้อ/รับซื้อจอเกมมิ่ง-สกลนคร/index.html,yes,200,yes,/รับซื้อ/รับซื้อจอเกมมิ่ง-สกลนคร,yes,รับซื้อ จอเกมมิ่ง สกลนคร ประเมินราคาเบื้องต้น | Amphon.co.th,รับซื้อ จอเกมมิ่ง ในสกลนคร ประเมินราคาฟรี ส่งรูปเช็กราคาได้ ชำระเงินหลังตรวจสอบสินค้าและตกลงราคาเรียบร้อยแล้ว ติดต่อ Lin,รับซื้อ จอเกมมิ่ง สกลนคร ประเมินราคาเบื้องต้น,Answer|BreadcrumbList|ContactPoint|Country|FAQPage|GeoCoordinates|ImageObject|ListItem|LocalBusiness|Offer|OpeningHoursSpecification|Organization|PostalAddress|ProfessionalService|Question|Service|WebPage|WebSite,311,2,44,4,OK
/รับซื้อ/รับซื้อจอเกมมิ่ง-สุรินทร์,service-x-location,dist/client/รับซื้อ/รับซื้อจอเกมมิ่ง-สุรินทร์/index.html,yes,200,yes,/รับซื้อ/รับซื้อจอเกมมิ่ง-สุรินทร์,yes,รับซื้อ จอเกมมิ่ง สุรินทร์ ประเมินราคาเบื้องต้น | Amphon.co.th,รับซื้อ จอเกมมิ่ง ในสุรินทร์ ประเมินราคาฟรี ส่งรูปเช็กราคาได้ ชำระเงินหลังตรวจสอบสินค้าและตกลงราคาเรียบร้อยแล้ว ติดต่อ L,รับซื้อ จอเกมมิ่ง สุรินทร์ ประเมินราคาเบื้องต้น,Answer|BreadcrumbList|ContactPoint|Country|FAQPage|GeoCoordinates|ImageObject|ListItem|LocalBusiness|Offer|OpeningHoursSpecification|Organization|PostalAddress|ProfessionalService|Question|Service|WebPage|WebSite,296,2,44,4,OK
/รับซื้อ/รับซื้อจอเกมมิ่ง-หนองคาย,service-x-location,dist/client/รับซื้อ/รับซื้อจอเกมมิ่ง-หนองคาย/index.html,yes,200,yes,/รับซื้อ/รับซื้อจอเกมมิ่ง-หนองคาย,yes,รับซื้อ จอเกมมิ่ง หนองคาย ประเมินราคาเบื้องต้น | Amphon.co.th,รับซื้อ จอเกมมิ่ง ในหนองคาย ประเมินราคาฟรี ส่งรูปเช็กราคาได้ ชำระเงินหลังตรวจสอบสินค้าและตกลงราคาเรียบร้อยแล้ว ติดต่อ Li,รับซื้อ จอเกมมิ่ง หนองคาย ประเมินราคาเบื้องต้น,Answer|BreadcrumbList|ContactPoint|Country|FAQPage|GeoCoordinates|ImageObject|ListItem|LocalBusiness|Offer|OpeningHoursSpecification|Organization|PostalAddress|ProfessionalService|Question|Service|WebPage|WebSite,296,2,44,4,OK
/รับซื้อ/รับซื้อจอเกมมิ่ง-หนองบัวลำภู,service-x-location,dist/client/รับซื้อ/รับซื้อจอเกมมิ่ง-หนองบัวลำภู/index.html,yes,200,yes,/รับซื้อ/รับซื้อจอเกมมิ่ง-หนองบัวลำภู,yes,รับซื้อ จอเกมมิ่ง หนองบัวลำภู ประเมินราคาเบื้องต้น | Amphon.co.th,รับซื้อ จอเกมมิ่ง ในหนองบัวลำภู ประเมินราคาฟรี ส่งรูปเช็กราคาได้ ชำระเงินหลังตรวจสอบสินค้าและตกลงราคาเรียบร้อยแล้ว ติดต่,รับซื้อ จอเกมมิ่ง หนองบัวลำภู ประเมินราคาเบื้องต้น,Answer|BreadcrumbList|ContactPoint|Country|FAQPage|GeoCoordinates|ImageObject|ListItem|LocalBusiness|Offer|OpeningHoursSpecification|Organization|PostalAddress|ProfessionalService|Question|Service|WebPage|WebSite,288,2,44,4,OK
/รับซื้อ/รับซื้อจอเกมมิ่ง-อำนาจเจริญ,service-x-location,dist/client/รับซื้อ/รับซื้อจอเกมมิ่ง-อำนาจเจริญ/index.html,yes,200,yes,/รับซื้อ/รับซื้อจอเกมมิ่ง-อำนาจเจริญ,yes,รับซื้อ จอเกมมิ่ง อำนาจเจริญ ประเมินราคาเบื้องต้น | Amphon.co.th,รับซื้อ จอเกมมิ่ง ในอำนาจเจริญ ประเมินราคาฟรี ส่งรูปเช็กราคาได้ ชำระเงินหลังตรวจสอบสินค้าและตกลงราคาเรียบร้อยแล้ว ติดต่อ,รับซื้อ จอเกมมิ่ง อำนาจเจริญ ประเมินราคาเบื้องต้น,Answer|BreadcrumbList|ContactPoint|Country|FAQPage|GeoCoordinates|ImageObject|ListItem|LocalBusiness|Offer|OpeningHoursSpecification|Organization|PostalAddress|ProfessionalService|Question|Service|WebPage|WebSite,291,2,44,4,OK
/รับซื้อ/รับซื้อจอเกมมิ่ง-อุดรธานี,service-x-location,dist/client/รับซื้อ/รับซื้อจอเกมมิ่ง-อุดรธานี/index.html,yes,200,yes,/รับซื้อ/รับซื้อจอเกมมิ่ง-อุดรธานี,yes,รับซื้อ จอเกมมิ่ง อุดรธานี ประเมินราคาเบื้องต้น | Amphon.co.th,รับซื้อ จอเกมมิ่ง ในอุดรธานี ประเมินราคาฟรี ส่งรูปเช็กราคาได้ ชำระเงินหลังตรวจสอบสินค้าและตกลงราคาเรียบร้อยแล้ว ติดต่อ L,รับซื้อ จอเกมมิ่ง อุดรธานี ประเมินราคาเบื้องต้น,Answer|BreadcrumbList|ContactPoint|Country|FAQPage|GeoCoordinates|ImageObject|ListItem|LocalBusiness|Offer|OpeningHoursSpecification|Organization|PostalAddress|ProfessionalService|Question|Service|WebPage|WebSite,298,2,44,4,OK
/รับซื้อ/รับซื้อจอเกมมิ่ง-อุบลราชธานี,service-x-location,dist/client/รับซื้อ/รับซื้อจอเกมมิ่ง-อุบลราชธานี/index.html,yes,200,yes,/รับซื้อ/รับซื้อจอเกมมิ่ง-อุบลราชธานี,yes,รับซื้อ จอเกมมิ่ง อุบลราชธานี ประเมินราคาเบื้องต้น | Amphon.co.th,รับซื้อ จอเกมมิ่ง ในอุบลราชธานี ประเมินราคาฟรี ส่งรูปเช็กราคาได้ ชำระเงินหลังตรวจสอบสินค้าและตกลงราคาเรียบร้อยแล้ว ติดต่,รับซื้อ จอเกมมิ่ง อุบลราชธานี ประเมินราคาเบื้องต้น,Answer|BreadcrumbList|ContactPoint|Country|FAQPage|GeoCoordinates|ImageObject|ListItem|LocalBusiness|Offer|OpeningHoursSpecification|Organization|PostalAddress|ProfessionalService|Question|Service|WebPage|WebSite,292,2,44,4,OK
/รับซื้อ/รับซื้อจอเกมมิ่ง-เลย,service-x-location,dist/client/รับซื้อ/รับซื้อจอเกมมิ่ง-เลย/index.html,yes,200,yes,/รับซื้อ/รับซื้อจอเกมมิ่ง-เลย,yes,รับซื้อ จอเกมมิ่ง เลย ประเมินราคาเบื้องต้น | Amphon.co.th,รับซื้อ จอเกมมิ่ง ในเลย ประเมินราคาฟรี ส่งรูปเช็กราคาได้ ชำระเงินหลังตรวจสอบสินค้าและตกลงราคาเรียบร้อยแล้ว ติดต่อ Line @,รับซื้อ จอเกมมิ่ง เลย ประเมินราคาเบื้องต้น,Answer|BreadcrumbList|ContactPoint|Country|FAQPage|GeoCoordinates|ImageObject|ListItem|LocalBusiness|Offer|OpeningHoursSpecification|Organization|PostalAddress|ProfessionalService|Question|Service|WebPage|WebSite,304,2,44,4,OK
/รับซื้อ/รับซื้อซีพียู-กาฬสินธุ์,service-x-location,dist/client/รับซื้อ/รับซื้อซีพียู-กาฬสินธุ์/index.html,yes,200,yes,/รับซื้อ/รับซื้อซีพียู-กาฬสินธุ์,yes,รับซื้อ ซีพียู กาฬสินธุ์ ประเมินราคาเบื้องต้น | Amphon.co.th,รับซื้อ ซีพียู ในกาฬสินธุ์ ประเมินราคาฟรี ส่งรูปเช็กราคาได้ ชำระเงินหลังตรวจสอบสินค้าและตกลงราคาเรียบร้อยแล้ว ติดต่อ Lin,รับซื้อ ซีพียู กาฬสินธุ์ ประเมินราคาเบื้องต้น,Answer|BreadcrumbList|ContactPoint|Country|FAQPage|GeoCoordinates|ImageObject|ListItem|LocalBusiness|Offer|OpeningHoursSpecification|Organization|PostalAddress|ProfessionalService|Question|Service|WebPage|WebSite,312,2,44,4,OK
/รับซื้อ/รับซื้อซีพียู-ขอนแก่น,service-x-location,dist/client/รับซื้อ/รับซื้อซีพียู-ขอนแก่น/index.html,yes,200,yes,/รับซื้อ/รับซื้อซีพียู-ขอนแก่น,yes,รับซื้อ ซีพียู ขอนแก่น ประเมินราคาเบื้องต้น | Amphon.co.th,รับซื้อ ซีพียู ในขอนแก่น ประเมินราคาฟรี ส่งรูปเช็กราคาได้ ชำระเงินหลังตรวจสอบสินค้าและตกลงราคาเรียบร้อยแล้ว ติดต่อ Line ,รับซื้อ ซีพียู ขอนแก่น ประเมินราคาเบื้องต้น,Answer|BreadcrumbList|ContactPoint|Country|FAQPage|GeoCoordinates|ImageObject|ListItem|LocalBusiness|Offer|OpeningHoursSpecification|Organization|PostalAddress|ProfessionalService|Question|Service|WebPage|WebSite,323,2,44,4,OK
/รับซื้อ/รับซื้อซีพียู-ชัยภูมิ,service-x-location,dist/client/รับซื้อ/รับซื้อซีพียู-ชัยภูมิ/index.html,yes,200,yes,/รับซื้อ/รับซื้อซีพียู-ชัยภูมิ,yes,รับซื้อ ซีพียู ชัยภูมิ ประเมินราคาเบื้องต้น | Amphon.co.th,รับซื้อ ซีพียู ในชัยภูมิ ประเมินราคาฟรี ส่งรูปเช็กราคาได้ ชำระเงินหลังตรวจสอบสินค้าและตกลงราคาเรียบร้อยแล้ว ติดต่อ Line ,รับซื้อ ซีพียู ชัยภูมิ ประเมินราคาเบื้องต้น,Answer|BreadcrumbList|ContactPoint|Country|FAQPage|GeoCoordinates|ImageObject|ListItem|LocalBusiness|Offer|OpeningHoursSpecification|Organization|PostalAddress|ProfessionalService|Question|Service|WebPage|WebSite,311,2,44,4,OK
/รับซื้อ/รับซื้อซีพียู-นครพนม,service-x-location,dist/client/รับซื้อ/รับซื้อซีพียู-นครพนม/index.html,yes,200,yes,/รับซื้อ/รับซื้อซีพียู-นครพนม,yes,รับซื้อ ซีพียู นครพนม ประเมินราคาเบื้องต้น | Amphon.co.th,รับซื้อ ซีพียู ในนครพนม ประเมินราคาฟรี ส่งรูปเช็กราคาได้ ชำระเงินหลังตรวจสอบสินค้าและตกลงราคาเรียบร้อยแล้ว ติดต่อ Line @,รับซื้อ ซีพียู นครพนม ประเมินราคาเบื้องต้น,Answer|BreadcrumbList|ContactPoint|Country|FAQPage|GeoCoordinates|ImageObject|ListItem|LocalBusiness|Offer|OpeningHoursSpecification|Organization|PostalAddress|ProfessionalService|Question|Service|WebPage|WebSite,308,2,44,4,OK
/รับซื้อ/รับซื้อซีพียู-นครราชสีมา,service-x-location,dist/client/รับซื้อ/รับซื้อซีพียู-นครราชสีมา/index.html,yes,200,yes,/รับซื้อ/รับซื้อซีพียู-นครราชสีมา,yes,รับซื้อ ซีพียู นครราชสีมา ประเมินราคาเบื้องต้น | Amphon.co.th,รับซื้อ ซีพียู ในนครราชสีมา ประเมินราคาฟรี ส่งรูปเช็กราคาได้ ชำระเงินหลังตรวจสอบสินค้าและตกลงราคาเรียบร้อยแล้ว ติดต่อ Li,รับซื้อ ซีพียู นครราชสีมา ประเมินราคาเบื้องต้น,Answer|BreadcrumbList|ContactPoint|Country|FAQPage|GeoCoordinates|ImageObject|ListItem|LocalBusiness|Offer|OpeningHoursSpecification|Organization|PostalAddress|ProfessionalService|Question|Service|WebPage|WebSite,330,2,44,4,OK
/รับซื้อ/รับซื้อซีพียู-บึงกาฬ,service-x-location,dist/client/รับซื้อ/รับซื้อซีพียู-บึงกาฬ/index.html,yes,200,yes,/รับซื้อ/รับซื้อซีพียู-บึงกาฬ,yes,รับซื้อ ซีพียู บึงกาฬ ประเมินราคาเบื้องต้น | Amphon.co.th,รับซื้อ ซีพียู ในบึงกาฬ ประเมินราคาฟรี ส่งรูปเช็กราคาได้ ชำระเงินหลังตรวจสอบสินค้าและตกลงราคาเรียบร้อยแล้ว ติดต่อ Line @,รับซื้อ ซีพียู บึงกาฬ ประเมินราคาเบื้องต้น,Answer|BreadcrumbList|ContactPoint|Country|FAQPage|GeoCoordinates|ImageObject|ListItem|LocalBusiness|Offer|OpeningHoursSpecification|Organization|PostalAddress|ProfessionalService|Question|Service|WebPage|WebSite,300,2,44,4,OK
/รับซื้อ/รับซื้อซีพียู-บุรีรัมย์,service-x-location,dist/client/รับซื้อ/รับซื้อซีพียู-บุรีรัมย์/index.html,yes,200,yes,/รับซื้อ/รับซื้อซีพียู-บุรีรัมย์,yes,รับซื้อ ซีพียู บุรีรัมย์ ประเมินราคาเบื้องต้น | Amphon.co.th,รับซื้อ ซีพียู ในบุรีรัมย์ ประเมินราคาฟรี ส่งรูปเช็กราคาได้ ชำระเงินหลังตรวจสอบสินค้าและตกลงราคาเรียบร้อยแล้ว ติดต่อ Lin,รับซื้อ ซีพียู บุรีรัมย์ ประเมินราคาเบื้องต้น,Answer|BreadcrumbList|ContactPoint|Country|FAQPage|GeoCoordinates|ImageObject|ListItem|LocalBusiness|Offer|OpeningHoursSpecification|Organization|PostalAddress|ProfessionalService|Question|Service|WebPage|WebSite,304,2,44,4,OK
/รับซื้อ/รับซื้อซีพียู-มหาสารคาม,service-x-location,dist/client/รับซื้อ/รับซื้อซีพียู-มหาสารคาม/index.html,yes,200,yes,/รับซื้อ/รับซื้อซีพียู-มหาสารคาม,yes,รับซื้อ ซีพียู มหาสารคาม ประเมินราคาเบื้องต้น | Amphon.co.th,รับซื้อ ซีพียู ในมหาสารคาม ประเมินราคาฟรี ส่งรูปเช็กราคาได้ ชำระเงินหลังตรวจสอบสินค้าและตกลงราคาเรียบร้อยแล้ว ติดต่อ Lin,รับซื้อ ซีพียู มหาสารคาม ประเมินราคาเบื้องต้น,Answer|BreadcrumbList|ContactPoint|Country|FAQPage|GeoCoordinates|ImageObject|ListItem|LocalBusiness|Offer|OpeningHoursSpecification|Organization|PostalAddress|ProfessionalService|Question|Service|WebPage|WebSite,304,2,44,4,OK
/รับซื้อ/รับซื้อซีพียู-มุกดาหาร,service-x-location,dist/client/รับซื้อ/รับซื้อซีพียู-มุกดาหาร/index.html,yes,200,yes,/รับซื้อ/รับซื้อซีพียู-มุกดาหาร,yes,รับซื้อ ซีพียู มุกดาหาร ประเมินราคาเบื้องต้น | Amphon.co.th,รับซื้อ ซีพียู ในมุกดาหาร ประเมินราคาฟรี ส่งรูปเช็กราคาได้ ชำระเงินหลังตรวจสอบสินค้าและตกลงราคาเรียบร้อยแล้ว ติดต่อ Line,รับซื้อ ซีพียู มุกดาหาร ประเมินราคาเบื้องต้น,Answer|BreadcrumbList|ContactPoint|Country|FAQPage|GeoCoordinates|ImageObject|ListItem|LocalBusiness|Offer|OpeningHoursSpecification|Organization|PostalAddress|ProfessionalService|Question|Service|WebPage|WebSite,297,2,44,4,OK
/รับซื้อ/รับซื้อซีพียู-ยโสธร,service-x-location,dist/client/รับซื้อ/รับซื้อซีพียู-ยโสธร/index.html,yes,200,yes,/รับซื้อ/รับซื้อซีพียู-ยโสธร,yes,รับซื้อ ซีพียู ยโสธร ประเมินราคาเบื้องต้น | Amphon.co.th,รับซื้อ ซีพียู ในยโสธร ประเมินราคาฟรี ส่งรูปเช็กราคาได้ ชำระเงินหลังตรวจสอบสินค้าและตกลงราคาเรียบร้อยแล้ว ติดต่อ Line @w,รับซื้อ ซีพียู ยโสธร ประเมินราคาเบื้องต้น,Answer|BreadcrumbList|ContactPoint|Country|FAQPage|GeoCoordinates|ImageObject|ListItem|LocalBusiness|Offer|OpeningHoursSpecification|Organization|PostalAddress|ProfessionalService|Question|Service|WebPage|WebSite,301,2,44,4,OK
/รับซื้อ/รับซื้อซีพียู-ร้อยเอ็ด,service-x-location,dist/client/รับซื้อ/รับซื้อซีพียู-ร้อยเอ็ด/index.html,yes,200,yes,/รับซื้อ/รับซื้อซีพียู-ร้อยเอ็ด,yes,รับซื้อ ซีพียู ร้อยเอ็ด ประเมินราคาเบื้องต้น | Amphon.co.th,รับซื้อ ซีพียู ในร้อยเอ็ด ประเมินราคาฟรี ส่งรูปเช็กราคาได้ ชำระเงินหลังตรวจสอบสินค้าและตกลงราคาเรียบร้อยแล้ว ติดต่อ Line,รับซื้อ ซีพียู ร้อยเอ็ด ประเมินราคาเบื้องต้น,Answer|BreadcrumbList|ContactPoint|Country|FAQPage|GeoCoordinates|ImageObject|ListItem|LocalBusiness|Offer|OpeningHoursSpecification|Organization|PostalAddress|ProfessionalService|Question|Service|WebPage|WebSite,315,2,44,4,OK
/รับซื้อ/รับซื้อซีพียู-ศรีสะเกษ,service-x-location,dist/client/รับซื้อ/รับซื้อซีพียู-ศรีสะเกษ/index.html,yes,200,yes,/รับซื้อ/รับซื้อซีพียู-ศรีสะเกษ,yes,รับซื้อ ซีพียู ศรีสะเกษ ประเมินราคาเบื้องต้น | Amphon.co.th,รับซื้อ ซีพียู ในศรีสะเกษ ประเมินราคาฟรี ส่งรูปเช็กราคาได้ ชำระเงินหลังตรวจสอบสินค้าและตกลงราคาเรียบร้อยแล้ว ติดต่อ Line,รับซื้อ ซีพียู ศรีสะเกษ ประเมินราคาเบื้องต้น,Answer|BreadcrumbList|ContactPoint|Country|FAQPage|GeoCoordinates|ImageObject|ListItem|LocalBusiness|Offer|OpeningHoursSpecification|Organization|PostalAddress|ProfessionalService|Question|Service|WebPage|WebSite,302,2,44,4,OK
/รับซื้อ/รับซื้อซีพียู-สกลนคร,service-x-location,dist/client/รับซื้อ/รับซื้อซีพียู-สกลนคร/index.html,yes,200,yes,/รับซื้อ/รับซื้อซีพียู-สกลนคร,yes,รับซื้อ ซีพียู สกลนคร ประเมินราคาเบื้องต้น | Amphon.co.th,รับซื้อ ซีพียู ในสกลนคร ประเมินราคาฟรี ส่งรูปเช็กราคาได้ ชำระเงินหลังตรวจสอบสินค้าและตกลงราคาเรียบร้อยแล้ว ติดต่อ Line @,รับซื้อ ซีพียู สกลนคร ประเมินราคาเบื้องต้น,Answer|BreadcrumbList|ContactPoint|Country|FAQPage|GeoCoordinates|ImageObject|ListItem|LocalBusiness|Offer|OpeningHoursSpecification|Organization|PostalAddress|ProfessionalService|Question|Service|WebPage|WebSite,316,2,44,4,OK
/รับซื้อ/รับซื้อซีพียู-สุรินทร์,service-x-location,dist/client/รับซื้อ/รับซื้อซีพียู-สุรินทร์/index.html,yes,200,yes,/รับซื้อ/รับซื้อซีพียู-สุรินทร์,yes,รับซื้อ ซีพียู สุรินทร์ ประเมินราคาเบื้องต้น | Amphon.co.th,รับซื้อ ซีพียู ในสุรินทร์ ประเมินราคาฟรี ส่งรูปเช็กราคาได้ ชำระเงินหลังตรวจสอบสินค้าและตกลงราคาเรียบร้อยแล้ว ติดต่อ Line,รับซื้อ ซีพียู สุรินทร์ ประเมินราคาเบื้องต้น,Answer|BreadcrumbList|ContactPoint|Country|FAQPage|GeoCoordinates|ImageObject|ListItem|LocalBusiness|Offer|OpeningHoursSpecification|Organization|PostalAddress|ProfessionalService|Question|Service|WebPage|WebSite,301,2,44,4,OK
/รับซื้อ/รับซื้อซีพียู-หนองคาย,service-x-location,dist/client/รับซื้อ/รับซื้อซีพียู-หนองคาย/index.html,yes,200,yes,/รับซื้อ/รับซื้อซีพียู-หนองคาย,yes,รับซื้อ ซีพียู หนองคาย ประเมินราคาเบื้องต้น | Amphon.co.th,รับซื้อ ซีพียู ในหนองคาย ประเมินราคาฟรี ส่งรูปเช็กราคาได้ ชำระเงินหลังตรวจสอบสินค้าและตกลงราคาเรียบร้อยแล้ว ติดต่อ Line ,รับซื้อ ซีพียู หนองคาย ประเมินราคาเบื้องต้น,Answer|BreadcrumbList|ContactPoint|Country|FAQPage|GeoCoordinates|ImageObject|ListItem|LocalBusiness|Offer|OpeningHoursSpecification|Organization|PostalAddress|ProfessionalService|Question|Service|WebPage|WebSite,301,2,44,4,OK
/รับซื้อ/รับซื้อซีพียู-หนองบัวลำภู,service-x-location,dist/client/รับซื้อ/รับซื้อซีพียู-หนองบัวลำภู/index.html,yes,200,yes,/รับซื้อ/รับซื้อซีพียู-หนองบัวลำภู,yes,รับซื้อ ซีพียู หนองบัวลำภู ประเมินราคาเบื้องต้น | Amphon.co.th,รับซื้อ ซีพียู ในหนองบัวลำภู ประเมินราคาฟรี ส่งรูปเช็กราคาได้ ชำระเงินหลังตรวจสอบสินค้าและตกลงราคาเรียบร้อยแล้ว ติดต่อ L,รับซื้อ ซีพียู หนองบัวลำภู ประเมินราคาเบื้องต้น,Answer|BreadcrumbList|ContactPoint|Country|FAQPage|GeoCoordinates|ImageObject|ListItem|LocalBusiness|Offer|OpeningHoursSpecification|Organization|PostalAddress|ProfessionalService|Question|Service|WebPage|WebSite,293,2,44,4,OK
/รับซื้อ/รับซื้อซีพียู-อำนาจเจริญ,service-x-location,dist/client/รับซื้อ/รับซื้อซีพียู-อำนาจเจริญ/index.html,yes,200,yes,/รับซื้อ/รับซื้อซีพียู-อำนาจเจริญ,yes,รับซื้อ ซีพียู อำนาจเจริญ ประเมินราคาเบื้องต้น | Amphon.co.th,รับซื้อ ซีพียู ในอำนาจเจริญ ประเมินราคาฟรี ส่งรูปเช็กราคาได้ ชำระเงินหลังตรวจสอบสินค้าและตกลงราคาเรียบร้อยแล้ว ติดต่อ Li,รับซื้อ ซีพียู อำนาจเจริญ ประเมินราคาเบื้องต้น,Answer|BreadcrumbList|ContactPoint|Country|FAQPage|GeoCoordinates|ImageObject|ListItem|LocalBusiness|Offer|OpeningHoursSpecification|Organization|PostalAddress|ProfessionalService|Question|Service|WebPage|WebSite,296,2,44,4,OK
/รับซื้อ/รับซื้อซีพียู-อุดรธานี,service-x-location,dist/client/รับซื้อ/รับซื้อซีพียู-อุดรธานี/index.html,yes,200,yes,/รับซื้อ/รับซื้อซีพียู-อุดรธานี,yes,รับซื้อ ซีพียู อุดรธานี ประเมินราคาเบื้องต้น | Amphon.co.th,รับซื้อ ซีพียู ในอุดรธานี ประเมินราคาฟรี ส่งรูปเช็กราคาได้ ชำระเงินหลังตรวจสอบสินค้าและตกลงราคาเรียบร้อยแล้ว ติดต่อ Line,รับซื้อ ซีพียู อุดรธานี ประเมินราคาเบื้องต้น,Answer|BreadcrumbList|ContactPoint|Country|FAQPage|GeoCoordinates|ImageObject|ListItem|LocalBusiness|Offer|OpeningHoursSpecification|Organization|PostalAddress|ProfessionalService|Question|Service|WebPage|WebSite,303,2,44,4,OK
/รับซื้อ/รับซื้อซีพียู-อุบลราชธานี,service-x-location,dist/client/รับซื้อ/รับซื้อซีพียู-อุบลราชธานี/index.html,yes,200,yes,/รับซื้อ/รับซื้อซีพียู-อุบลราชธานี,yes,รับซื้อ ซีพียู อุบลราชธานี ประเมินราคาเบื้องต้น | Amphon.co.th,รับซื้อ ซีพียู ในอุบลราชธานี ประเมินราคาฟรี ส่งรูปเช็กราคาได้ ชำระเงินหลังตรวจสอบสินค้าและตกลงราคาเรียบร้อยแล้ว ติดต่อ L,รับซื้อ ซีพียู อุบลราชธานี ประเมินราคาเบื้องต้น,Answer|BreadcrumbList|ContactPoint|Country|FAQPage|GeoCoordinates|ImageObject|ListItem|LocalBusiness|Offer|OpeningHoursSpecification|Organization|PostalAddress|ProfessionalService|Question|Service|WebPage|WebSite,297,2,44,4,OK
/รับซื้อ/รับซื้อซีพียู-เลย,service-x-location,dist/client/รับซื้อ/รับซื้อซีพียู-เลย/index.html,yes,200,yes,/รับซื้อ/รับซื้อซีพียู-เลย,yes,รับซื้อ ซีพียู เลย ประเมินราคาเบื้องต้น | Amphon.co.th,รับซื้อ ซีพียู ในเลย ประเมินราคาฟรี ส่งรูปเช็กราคาได้ ชำระเงินหลังตรวจสอบสินค้าและตกลงราคาเรียบร้อยแล้ว ติดต่อ Line @web,รับซื้อ ซีพียู เลย ประเมินราคาเบื้องต้น,Answer|BreadcrumbList|ContactPoint|Country|FAQPage|GeoCoordinates|ImageObject|ListItem|LocalBusiness|Offer|OpeningHoursSpecification|Organization|PostalAddress|ProfessionalService|Question|Service|WebPage|WebSite,309,2,44,4,OK
/รับซื้อ/รับซื้อทีวี-กาฬสินธุ์,service-x-location,dist/client/รับซื้อ/รับซื้อทีวี-กาฬสินธุ์/index.html,yes,200,yes,/รับซื้อ/รับซื้อทีวี-กาฬสินธุ์,yes,รับซื้อ ทีวีและโทรทัศน์ กาฬสินธุ์ ประเมินราคาฟรี นัดรับหรือประสานขนส่งตามข้อตกลง | Amphon.co.th,รับซื้อ ทีวีและโทรทัศน์ ใน กาฬสินธุ์ ประเมินราคาตามประเภท รุ่น สเปก สภาพ จำนวน และความต้องการตลาด ประเมินราคาฟรีผ่าน Lin,รับซื้อ ทีวีและโทรทัศน์ กาฬสินธุ์ ประเมินราคาฟรี นัดรับหรือประสานขนส่งตามข้อตกลง,BreadcrumbList|ContactPoint|Country|GeoCoordinates|ImageObject|ListItem|LocalBusiness|Offer|OpeningHoursSpecification|Organization|PostalAddress|ProfessionalService|Service|WebPage|WebSite,122,2,44,4,OK
/รับซื้อ/รับซื้อทีวี-ขอนแก่น,service-x-location,dist/client/รับซื้อ/รับซื้อทีวี-ขอนแก่น/index.html,yes,200,yes,/รับซื้อ/รับซื้อทีวี-ขอนแก่น,yes,รับซื้อ ทีวีและโทรทัศน์ ขอนแก่น ประเมินราคาฟรี นัดรับหรือประสานขนส่งตามข้อตกลง | Amphon.co.th,รับซื้อ ทีวีและโทรทัศน์ ใน ขอนแก่น ประเมินราคาตามประเภท รุ่น สเปก สภาพ จำนวน และความต้องการตลาด ประเมินราคาฟรีผ่าน Line ,รับซื้อ ทีวีและโทรทัศน์ ขอนแก่น ประเมินราคาฟรี นัดรับหรือประสานขนส่งตามข้อตกลง,BreadcrumbList|ContactPoint|Country|GeoCoordinates|ImageObject|ListItem|LocalBusiness|Offer|OpeningHoursSpecification|Organization|PostalAddress|ProfessionalService|Service|WebPage|WebSite,122,2,44,4,OK
/รับซื้อ/รับซื้อทีวี-ชัยภูมิ,service-x-location,dist/client/รับซื้อ/รับซื้อทีวี-ชัยภูมิ/index.html,yes,200,yes,/รับซื้อ/รับซื้อทีวี-ชัยภูมิ,yes,รับซื้อ ทีวีและโทรทัศน์ ชัยภูมิ ประเมินราคาฟรี นัดรับหรือประสานขนส่งตามข้อตกลง | Amphon.co.th,รับซื้อ ทีวีและโทรทัศน์ ใน ชัยภูมิ ประเมินราคาตามประเภท รุ่น สเปก สภาพ จำนวน และความต้องการตลาด ประเมินราคาฟรีผ่าน Line ,รับซื้อ ทีวีและโทรทัศน์ ชัยภูมิ ประเมินราคาฟรี นัดรับหรือประสานขนส่งตามข้อตกลง,BreadcrumbList|ContactPoint|Country|GeoCoordinates|ImageObject|ListItem|LocalBusiness|Offer|OpeningHoursSpecification|Organization|PostalAddress|ProfessionalService|Service|WebPage|WebSite,123,2,44,4,OK
/รับซื้อ/รับซื้อทีวี-นครพนม,service-x-location,dist/client/รับซื้อ/รับซื้อทีวี-นครพนม/index.html,yes,200,yes,/รับซื้อ/รับซื้อทีวี-นครพนม,yes,รับซื้อ ทีวีและโทรทัศน์ นครพนม ประเมินราคาฟรี นัดรับหรือประสานขนส่งตามข้อตกลง | Amphon.co.th,รับซื้อ ทีวีและโทรทัศน์ ใน นครพนม ประเมินราคาตามประเภท รุ่น สเปก สภาพ จำนวน และความต้องการตลาด ประเมินราคาฟรีผ่าน Line ช,รับซื้อ ทีวีและโทรทัศน์ นครพนม ประเมินราคาฟรี นัดรับหรือประสานขนส่งตามข้อตกลง,BreadcrumbList|ContactPoint|Country|GeoCoordinates|ImageObject|ListItem|LocalBusiness|Offer|OpeningHoursSpecification|Organization|PostalAddress|ProfessionalService|Service|WebPage|WebSite,123,2,44,4,OK
/รับซื้อ/รับซื้อทีวี-นครราชสีมา,service-x-location,dist/client/รับซื้อ/รับซื้อทีวี-นครราชสีมา/index.html,yes,200,yes,/รับซื้อ/รับซื้อทีวี-นครราชสีมา,yes,รับซื้อ ทีวีและโทรทัศน์ นครราชสีมา ประเมินราคาฟรี นัดรับหรือประสานขนส่งตามข้อตกลง | Amphon.co.th,รับซื้อ ทีวีและโทรทัศน์ ใน นครราชสีมา ประเมินราคาตามประเภท รุ่น สเปก สภาพ จำนวน และความต้องการตลาด ประเมินราคาฟรีผ่าน Li,รับซื้อ ทีวีและโทรทัศน์ นครราชสีมา ประเมินราคาฟรี นัดรับหรือประสานขนส่งตามข้อตกลง,BreadcrumbList|ContactPoint|Country|GeoCoordinates|ImageObject|ListItem|LocalBusiness|Offer|OpeningHoursSpecification|Organization|PostalAddress|ProfessionalService|Service|WebPage|WebSite,123,2,44,4,OK
/รับซื้อ/รับซื้อทีวี-บึงกาฬ,service-x-location,dist/client/รับซื้อ/รับซื้อทีวี-บึงกาฬ/index.html,yes,200,yes,/รับซื้อ/รับซื้อทีวี-บึงกาฬ,yes,รับซื้อ ทีวีและโทรทัศน์ บึงกาฬ ประเมินราคาฟรี นัดรับหรือประสานขนส่งตามข้อตกลง | Amphon.co.th,รับซื้อ ทีวีและโทรทัศน์ ใน บึงกาฬ ประเมินราคาตามประเภท รุ่น สเปก สภาพ จำนวน และความต้องการตลาด ประเมินราคาฟรีผ่าน Line ช,รับซื้อ ทีวีและโทรทัศน์ บึงกาฬ ประเมินราคาฟรี นัดรับหรือประสานขนส่งตามข้อตกลง,BreadcrumbList|ContactPoint|Country|GeoCoordinates|ImageObject|ListItem|LocalBusiness|Offer|OpeningHoursSpecification|Organization|PostalAddress|ProfessionalService|Service|WebPage|WebSite,122,2,44,4,OK
/รับซื้อ/รับซื้อทีวี-บุรีรัมย์,service-x-location,dist/client/รับซื้อ/รับซื้อทีวี-บุรีรัมย์/index.html,yes,200,yes,/รับซื้อ/รับซื้อทีวี-บุรีรัมย์,yes,รับซื้อ ทีวีและโทรทัศน์ บุรีรัมย์ ประเมินราคาฟรี นัดรับหรือประสานขนส่งตามข้อตกลง | Amphon.co.th,รับซื้อ ทีวีและโทรทัศน์ ใน บุรีรัมย์ ประเมินราคาตามประเภท รุ่น สเปก สภาพ จำนวน และความต้องการตลาด ประเมินราคาฟรีผ่าน Lin,รับซื้อ ทีวีและโทรทัศน์ บุรีรัมย์ ประเมินราคาฟรี นัดรับหรือประสานขนส่งตามข้อตกลง,BreadcrumbList|ContactPoint|Country|GeoCoordinates|ImageObject|ListItem|LocalBusiness|Offer|OpeningHoursSpecification|Organization|PostalAddress|ProfessionalService|Service|WebPage|WebSite,122,2,44,4,OK
/รับซื้อ/รับซื้อทีวี-มหาสารคาม,service-x-location,dist/client/รับซื้อ/รับซื้อทีวี-มหาสารคาม/index.html,yes,200,yes,/รับซื้อ/รับซื้อทีวี-มหาสารคาม,yes,รับซื้อ ทีวีและโทรทัศน์ มหาสารคาม ประเมินราคาฟรี นัดรับหรือประสานขนส่งตามข้อตกลง | Amphon.co.th,รับซื้อ ทีวีและโทรทัศน์ ใน มหาสารคาม ประเมินราคาตามประเภท รุ่น สเปก สภาพ จำนวน และความต้องการตลาด ประเมินราคาฟรีผ่าน Lin,รับซื้อ ทีวีและโทรทัศน์ มหาสารคาม ประเมินราคาฟรี นัดรับหรือประสานขนส่งตามข้อตกลง,BreadcrumbList|ContactPoint|Country|GeoCoordinates|ImageObject|ListItem|LocalBusiness|Offer|OpeningHoursSpecification|Organization|PostalAddress|ProfessionalService|Service|WebPage|WebSite,123,2,44,4,OK
/รับซื้อ/รับซื้อทีวี-มุกดาหาร,service-x-location,dist/client/รับซื้อ/รับซื้อทีวี-มุกดาหาร/index.html,yes,200,yes,/รับซื้อ/รับซื้อทีวี-มุกดาหาร,yes,รับซื้อ ทีวีและโทรทัศน์ มุกดาหาร ประเมินราคาฟรี นัดรับหรือประสานขนส่งตามข้อตกลง | Amphon.co.th,รับซื้อ ทีวีและโทรทัศน์ ใน มุกดาหาร ประเมินราคาตามประเภท รุ่น สเปก สภาพ จำนวน และความต้องการตลาด ประเมินราคาฟรีผ่าน Line,รับซื้อ ทีวีและโทรทัศน์ มุกดาหาร ประเมินราคาฟรี นัดรับหรือประสานขนส่งตามข้อตกลง,BreadcrumbList|ContactPoint|Country|GeoCoordinates|ImageObject|ListItem|LocalBusiness|Offer|OpeningHoursSpecification|Organization|PostalAddress|ProfessionalService|Service|WebPage|WebSite,122,2,44,4,OK
/รับซื้อ/รับซื้อทีวี-ยโสธร,service-x-location,dist/client/รับซื้อ/รับซื้อทีวี-ยโสธร/index.html,yes,200,yes,/รับซื้อ/รับซื้อทีวี-ยโสธร,yes,รับซื้อ ทีวีและโทรทัศน์ ยโสธร ประเมินราคาฟรี นัดรับหรือประสานขนส่งตามข้อตกลง | Amphon.co.th,รับซื้อ ทีวีและโทรทัศน์ ใน ยโสธร ประเมินราคาตามประเภท รุ่น สเปก สภาพ จำนวน และความต้องการตลาด ประเมินราคาฟรีผ่าน Line ชำ,รับซื้อ ทีวีและโทรทัศน์ ยโสธร ประเมินราคาฟรี นัดรับหรือประสานขนส่งตามข้อตกลง,BreadcrumbList|ContactPoint|Country|GeoCoordinates|ImageObject|ListItem|LocalBusiness|Offer|OpeningHoursSpecification|Organization|PostalAddress|ProfessionalService|Service|WebPage|WebSite,122,2,44,4,OK
/รับซื้อ/รับซื้อทีวี-ร้อยเอ็ด,service-x-location,dist/client/รับซื้อ/รับซื้อทีวี-ร้อยเอ็ด/index.html,yes,200,yes,/รับซื้อ/รับซื้อทีวี-ร้อยเอ็ด,yes,รับซื้อ ทีวีและโทรทัศน์ ร้อยเอ็ด ประเมินราคาฟรี นัดรับหรือประสานขนส่งตามข้อตกลง | Amphon.co.th,รับซื้อ ทีวีและโทรทัศน์ ใน ร้อยเอ็ด ประเมินราคาตามประเภท รุ่น สเปก สภาพ จำนวน และความต้องการตลาด ประเมินราคาฟรีผ่าน Line,รับซื้อ ทีวีและโทรทัศน์ ร้อยเอ็ด ประเมินราคาฟรี นัดรับหรือประสานขนส่งตามข้อตกลง,BreadcrumbList|ContactPoint|Country|GeoCoordinates|ImageObject|ListItem|LocalBusiness|Offer|OpeningHoursSpecification|Organization|PostalAddress|ProfessionalService|Service|WebPage|WebSite,123,2,44,4,OK
/รับซื้อ/รับซื้อทีวี-ศรีสะเกษ,service-x-location,dist/client/รับซื้อ/รับซื้อทีวี-ศรีสะเกษ/index.html,yes,200,yes,/รับซื้อ/รับซื้อทีวี-ศรีสะเกษ,yes,รับซื้อ ทีวีและโทรทัศน์ ศรีสะเกษ ประเมินราคาฟรี นัดรับหรือประสานขนส่งตามข้อตกลง | Amphon.co.th,รับซื้อ ทีวีและโทรทัศน์ ใน ศรีสะเกษ ประเมินราคาตามประเภท รุ่น สเปก สภาพ จำนวน และความต้องการตลาด ประเมินราคาฟรีผ่าน Line,รับซื้อ ทีวีและโทรทัศน์ ศรีสะเกษ ประเมินราคาฟรี นัดรับหรือประสานขนส่งตามข้อตกลง,BreadcrumbList|ContactPoint|Country|GeoCoordinates|ImageObject|ListItem|LocalBusiness|Offer|OpeningHoursSpecification|Organization|PostalAddress|ProfessionalService|Service|WebPage|WebSite,123,2,44,4,OK
/รับซื้อ/รับซื้อทีวี-สกลนคร,service-x-location,dist/client/รับซื้อ/รับซื้อทีวี-สกลนคร/index.html,yes,200,yes,/รับซื้อ/รับซื้อทีวี-สกลนคร,yes,รับซื้อ ทีวีและโทรทัศน์ สกลนคร ประเมินราคาฟรี นัดรับหรือประสานขนส่งตามข้อตกลง | Amphon.co.th,รับซื้อ ทีวีและโทรทัศน์ ใน สกลนคร ประเมินราคาตามประเภท รุ่น สเปก สภาพ จำนวน และความต้องการตลาด ประเมินราคาฟรีผ่าน Line ช,รับซื้อ ทีวีและโทรทัศน์ สกลนคร ประเมินราคาฟรี นัดรับหรือประสานขนส่งตามข้อตกลง,BreadcrumbList|ContactPoint|Country|GeoCoordinates|ImageObject|ListItem|LocalBusiness|Offer|OpeningHoursSpecification|Organization|PostalAddress|ProfessionalService|Service|WebPage|WebSite,123,2,44,4,OK
/รับซื้อ/รับซื้อทีวี-สุรินทร์,service-x-location,dist/client/รับซื้อ/รับซื้อทีวี-สุรินทร์/index.html,yes,200,yes,/รับซื้อ/รับซื้อทีวี-สุรินทร์,yes,รับซื้อ ทีวีและโทรทัศน์ สุรินทร์ ประเมินราคาฟรี นัดรับหรือประสานขนส่งตามข้อตกลง | Amphon.co.th,รับซื้อ ทีวีและโทรทัศน์ ใน สุรินทร์ ประเมินราคาตามประเภท รุ่น สเปก สภาพ จำนวน และความต้องการตลาด ประเมินราคาฟรีผ่าน Line,รับซื้อ ทีวีและโทรทัศน์ สุรินทร์ ประเมินราคาฟรี นัดรับหรือประสานขนส่งตามข้อตกลง,BreadcrumbList|ContactPoint|Country|GeoCoordinates|ImageObject|ListItem|LocalBusiness|Offer|OpeningHoursSpecification|Organization|PostalAddress|ProfessionalService|Service|WebPage|WebSite,121,2,44,4,OK
/รับซื้อ/รับซื้อทีวี-หนองคาย,service-x-location,dist/client/รับซื้อ/รับซื้อทีวี-หนองคาย/index.html,yes,200,yes,/รับซื้อ/รับซื้อทีวี-หนองคาย,yes,รับซื้อ ทีวีและโทรทัศน์ หนองคาย ประเมินราคาฟรี นัดรับหรือประสานขนส่งตามข้อตกลง | Amphon.co.th,รับซื้อ ทีวีและโทรทัศน์ ใน หนองคาย ประเมินราคาตามประเภท รุ่น สเปก สภาพ จำนวน และความต้องการตลาด ประเมินราคาฟรีผ่าน Line ,รับซื้อ ทีวีและโทรทัศน์ หนองคาย ประเมินราคาฟรี นัดรับหรือประสานขนส่งตามข้อตกลง,BreadcrumbList|ContactPoint|Country|GeoCoordinates|ImageObject|ListItem|LocalBusiness|Offer|OpeningHoursSpecification|Organization|PostalAddress|ProfessionalService|Service|WebPage|WebSite,123,2,44,4,OK
/รับซื้อ/รับซื้อทีวี-หนองบัวลำภู,service-x-location,dist/client/รับซื้อ/รับซื้อทีวี-หนองบัวลำภู/index.html,yes,200,yes,/รับซื้อ/รับซื้อทีวี-หนองบัวลำภู,yes,รับซื้อ ทีวีและโทรทัศน์ หนองบัวลำภู ประเมินราคาฟรี นัดรับหรือประสานขนส่งตามข้อตกลง | Amphon.co.th,รับซื้อ ทีวีและโทรทัศน์ ใน หนองบัวลำภู ประเมินราคาตามประเภท รุ่น สเปก สภาพ จำนวน และความต้องการตลาด ประเมินราคาฟรีผ่าน L,รับซื้อ ทีวีและโทรทัศน์ หนองบัวลำภู ประเมินราคาฟรี นัดรับหรือประสานขนส่งตามข้อตกลง,BreadcrumbList|ContactPoint|Country|GeoCoordinates|ImageObject|ListItem|LocalBusiness|Offer|OpeningHoursSpecification|Organization|PostalAddress|ProfessionalService|Service|WebPage|WebSite,121,2,44,4,OK
/รับซื้อ/รับซื้อทีวี-อำนาจเจริญ,service-x-location,dist/client/รับซื้อ/รับซื้อทีวี-อำนาจเจริญ/index.html,yes,200,yes,/รับซื้อ/รับซื้อทีวี-อำนาจเจริญ,yes,รับซื้อ ทีวีและโทรทัศน์ อำนาจเจริญ ประเมินราคาฟรี นัดรับหรือประสานขนส่งตามข้อตกลง | Amphon.co.th,รับซื้อ ทีวีและโทรทัศน์ ใน อำนาจเจริญ ประเมินราคาตามประเภท รุ่น สเปก สภาพ จำนวน และความต้องการตลาด ประเมินราคาฟรีผ่าน Li,รับซื้อ ทีวีและโทรทัศน์ อำนาจเจริญ ประเมินราคาฟรี นัดรับหรือประสานขนส่งตามข้อตกลง,BreadcrumbList|ContactPoint|Country|GeoCoordinates|ImageObject|ListItem|LocalBusiness|Offer|OpeningHoursSpecification|Organization|PostalAddress|ProfessionalService|Service|WebPage|WebSite,121,2,44,4,OK
/รับซื้อ/รับซื้อทีวี-อุดรธานี,service-x-location,dist/client/รับซื้อ/รับซื้อทีวี-อุดรธานี/index.html,yes,200,yes,/รับซื้อ/รับซื้อทีวี-อุดรธานี,yes,รับซื้อ ทีวีและโทรทัศน์ อุดรธานี ประเมินราคาฟรี นัดรับหรือประสานขนส่งตามข้อตกลง | Amphon.co.th,รับซื้อ ทีวีและโทรทัศน์ ใน อุดรธานี ประเมินราคาตามประเภท รุ่น สเปก สภาพ จำนวน และความต้องการตลาด ประเมินราคาฟรีผ่าน Line,รับซื้อ ทีวีและโทรทัศน์ อุดรธานี ประเมินราคาฟรี นัดรับหรือประสานขนส่งตามข้อตกลง,BreadcrumbList|ContactPoint|Country|GeoCoordinates|ImageObject|ListItem|LocalBusiness|Offer|OpeningHoursSpecification|Organization|PostalAddress|ProfessionalService|Service|WebPage|WebSite,122,2,44,4,OK
/รับซื้อ/รับซื้อทีวี-อุบลราชธานี,service-x-location,dist/client/รับซื้อ/รับซื้อทีวี-อุบลราชธานี/index.html,yes,200,yes,/รับซื้อ/รับซื้อทีวี-อุบลราชธานี,yes,รับซื้อ ทีวีและโทรทัศน์ อุบลราชธานี ประเมินราคาฟรี นัดรับหรือประสานขนส่งตามข้อตกลง | Amphon.co.th,รับซื้อ ทีวีและโทรทัศน์ ใน อุบลราชธานี ประเมินราคาตามประเภท รุ่น สเปก สภาพ จำนวน และความต้องการตลาด ประเมินราคาฟรีผ่าน L,รับซื้อ ทีวีและโทรทัศน์ อุบลราชธานี ประเมินราคาฟรี นัดรับหรือประสานขนส่งตามข้อตกลง,Answer|BreadcrumbList|ContactPoint|Country|FAQPage|GeoCoordinates|ImageObject|ListItem|LocalBusiness|Offer|OpeningHoursSpecification|Organization|PostalAddress|ProfessionalService|Question|Service|WebPage|WebSite,174,2,44,4,OK
/รับซื้อ/รับซื้อทีวี-เลย,service-x-location,dist/client/รับซื้อ/รับซื้อทีวี-เลย/index.html,yes,200,yes,/รับซื้อ/รับซื้อทีวี-เลย,yes,รับซื้อ ทีวีและโทรทัศน์ เลย ประเมินราคาฟรี นัดรับหรือประสานขนส่งตามข้อตกลง | Amphon.co.th,รับซื้อ ทีวีและโทรทัศน์ ใน เลย ประเมินราคาตามประเภท รุ่น สเปก สภาพ จำนวน และความต้องการตลาด ประเมินราคาฟรีผ่าน Line ชำระ,รับซื้อ ทีวีและโทรทัศน์ เลย ประเมินราคาฟรี นัดรับหรือประสานขนส่งตามข้อตกลง,BreadcrumbList|ContactPoint|Country|GeoCoordinates|ImageObject|ListItem|LocalBusiness|Offer|OpeningHoursSpecification|Organization|PostalAddress|ProfessionalService|Service|WebPage|WebSite,121,2,44,4,OK
/รับซื้อ/รับซื้อลำโพงบลูทูธ-กาฬสินธุ์,service-x-location,dist/client/รับซื้อ/รับซื้อลำโพงบลูทูธ-กาฬสินธุ์/index.html,yes,200,yes,/รับซื้อ/รับซื้อลำโพงบลูทูธ-กาฬสินธุ์,yes,รับซื้อ ลำโพงบลูทูธ กาฬสินธุ์ ประเมินราคาเบื้องต้น | Amphon.co.th,รับซื้อ ลำโพงบลูทูธ ในกาฬสินธุ์ ประเมินราคาฟรี ส่งรูปเช็กราคาได้ ชำระเงินหลังตรวจสอบสินค้าและตกลงราคาเรียบร้อยแล้ว ติดต่,รับซื้อ ลำโพงบลูทูธ กาฬสินธุ์ ประเมินราคาเบื้องต้น,Answer|BreadcrumbList|ContactPoint|Country|FAQPage|GeoCoordinates|ImageObject|ListItem|LocalBusiness|Offer|OpeningHoursSpecification|Organization|PostalAddress|ProfessionalService|Question|Service|WebPage|WebSite,305,2,44,4,OK
/รับซื้อ/รับซื้อลำโพงบลูทูธ-ขอนแก่น,service-x-location,dist/client/รับซื้อ/รับซื้อลำโพงบลูทูธ-ขอนแก่น/index.html,yes,200,yes,/รับซื้อ/รับซื้อลำโพงบลูทูธ-ขอนแก่น,yes,รับซื้อ ลำโพงบลูทูธ ขอนแก่น ประเมินราคาเบื้องต้น | Amphon.co.th,รับซื้อ ลำโพงบลูทูธ ในขอนแก่น ประเมินราคาฟรี ส่งรูปเช็กราคาได้ ชำระเงินหลังตรวจสอบสินค้าและตกลงราคาเรียบร้อยแล้ว ติดต่อ ,รับซื้อ ลำโพงบลูทูธ ขอนแก่น ประเมินราคาเบื้องต้น,Answer|BreadcrumbList|ContactPoint|Country|FAQPage|GeoCoordinates|ImageObject|ListItem|LocalBusiness|Offer|OpeningHoursSpecification|Organization|PostalAddress|ProfessionalService|Question|Service|WebPage|WebSite,316,2,44,4,OK
/รับซื้อ/รับซื้อลำโพงบลูทูธ-ชัยภูมิ,service-x-location,dist/client/รับซื้อ/รับซื้อลำโพงบลูทูธ-ชัยภูมิ/index.html,yes,200,yes,/รับซื้อ/รับซื้อลำโพงบลูทูธ-ชัยภูมิ,yes,รับซื้อ ลำโพงบลูทูธ ชัยภูมิ ประเมินราคาเบื้องต้น | Amphon.co.th,รับซื้อ ลำโพงบลูทูธ ในชัยภูมิ ประเมินราคาฟรี ส่งรูปเช็กราคาได้ ชำระเงินหลังตรวจสอบสินค้าและตกลงราคาเรียบร้อยแล้ว ติดต่อ ,รับซื้อ ลำโพงบลูทูธ ชัยภูมิ ประเมินราคาเบื้องต้น,Answer|BreadcrumbList|ContactPoint|Country|FAQPage|GeoCoordinates|ImageObject|ListItem|LocalBusiness|Offer|OpeningHoursSpecification|Organization|PostalAddress|ProfessionalService|Question|Service|WebPage|WebSite,304,2,44,4,OK
/รับซื้อ/รับซื้อลำโพงบลูทูธ-นครพนม,service-x-location,dist/client/รับซื้อ/รับซื้อลำโพงบลูทูธ-นครพนม/index.html,yes,200,yes,/รับซื้อ/รับซื้อลำโพงบลูทูธ-นครพนม,yes,รับซื้อ ลำโพงบลูทูธ นครพนม ประเมินราคาเบื้องต้น | Amphon.co.th,รับซื้อ ลำโพงบลูทูธ ในนครพนม ประเมินราคาฟรี ส่งรูปเช็กราคาได้ ชำระเงินหลังตรวจสอบสินค้าและตกลงราคาเรียบร้อยแล้ว ติดต่อ L,รับซื้อ ลำโพงบลูทูธ นครพนม ประเมินราคาเบื้องต้น,Answer|BreadcrumbList|ContactPoint|Country|FAQPage|GeoCoordinates|ImageObject|ListItem|LocalBusiness|Offer|OpeningHoursSpecification|Organization|PostalAddress|ProfessionalService|Question|Service|WebPage|WebSite,301,2,44,4,OK
/รับซื้อ/รับซื้อลำโพงบลูทูธ-นครราชสีมา,service-x-location,dist/client/รับซื้อ/รับซื้อลำโพงบลูทูธ-นครราชสีมา/index.html,yes,200,yes,/รับซื้อ/รับซื้อลำโพงบลูทูธ-นครราชสีมา,yes,รับซื้อ ลำโพงบลูทูธ นครราชสีมา ประเมินราคาเบื้องต้น | Amphon.co.th,รับซื้อ ลำโพงบลูทูธ ในนครราชสีมา ประเมินราคาฟรี ส่งรูปเช็กราคาได้ ชำระเงินหลังตรวจสอบสินค้าและตกลงราคาเรียบร้อยแล้ว ติดต,รับซื้อ ลำโพงบลูทูธ นครราชสีมา ประเมินราคาเบื้องต้น,Answer|BreadcrumbList|ContactPoint|Country|FAQPage|GeoCoordinates|ImageObject|ListItem|LocalBusiness|Offer|OpeningHoursSpecification|Organization|PostalAddress|ProfessionalService|Question|Service|WebPage|WebSite,323,2,44,4,OK
/รับซื้อ/รับซื้อลำโพงบลูทูธ-บึงกาฬ,service-x-location,dist/client/รับซื้อ/รับซื้อลำโพงบลูทูธ-บึงกาฬ/index.html,yes,200,yes,/รับซื้อ/รับซื้อลำโพงบลูทูธ-บึงกาฬ,yes,รับซื้อ ลำโพงบลูทูธ บึงกาฬ ประเมินราคาเบื้องต้น | Amphon.co.th,รับซื้อ ลำโพงบลูทูธ ในบึงกาฬ ประเมินราคาฟรี ส่งรูปเช็กราคาได้ ชำระเงินหลังตรวจสอบสินค้าและตกลงราคาเรียบร้อยแล้ว ติดต่อ L,รับซื้อ ลำโพงบลูทูธ บึงกาฬ ประเมินราคาเบื้องต้น,Answer|BreadcrumbList|ContactPoint|Country|FAQPage|GeoCoordinates|ImageObject|ListItem|LocalBusiness|Offer|OpeningHoursSpecification|Organization|PostalAddress|ProfessionalService|Question|Service|WebPage|WebSite,293,2,44,4,OK
/รับซื้อ/รับซื้อลำโพงบลูทูธ-บุรีรัมย์,service-x-location,dist/client/รับซื้อ/รับซื้อลำโพงบลูทูธ-บุรีรัมย์/index.html,yes,200,yes,/รับซื้อ/รับซื้อลำโพงบลูทูธ-บุรีรัมย์,yes,รับซื้อ ลำโพงบลูทูธ บุรีรัมย์ ประเมินราคาเบื้องต้น | Amphon.co.th,รับซื้อ ลำโพงบลูทูธ ในบุรีรัมย์ ประเมินราคาฟรี ส่งรูปเช็กราคาได้ ชำระเงินหลังตรวจสอบสินค้าและตกลงราคาเรียบร้อยแล้ว ติดต่,รับซื้อ ลำโพงบลูทูธ บุรีรัมย์ ประเมินราคาเบื้องต้น,Answer|BreadcrumbList|ContactPoint|Country|FAQPage|GeoCoordinates|ImageObject|ListItem|LocalBusiness|Offer|OpeningHoursSpecification|Organization|PostalAddress|ProfessionalService|Question|Service|WebPage|WebSite,297,2,44,4,OK
/รับซื้อ/รับซื้อลำโพงบลูทูธ-มหาสารคาม,service-x-location,dist/client/รับซื้อ/รับซื้อลำโพงบลูทูธ-มหาสารคาม/index.html,yes,200,yes,/รับซื้อ/รับซื้อลำโพงบลูทูธ-มหาสารคาม,yes,รับซื้อ ลำโพงบลูทูธ มหาสารคาม ประเมินราคาเบื้องต้น | Amphon.co.th,รับซื้อ ลำโพงบลูทูธ ในมหาสารคาม ประเมินราคาฟรี ส่งรูปเช็กราคาได้ ชำระเงินหลังตรวจสอบสินค้าและตกลงราคาเรียบร้อยแล้ว ติดต่,รับซื้อ ลำโพงบลูทูธ มหาสารคาม ประเมินราคาเบื้องต้น,Answer|BreadcrumbList|ContactPoint|Country|FAQPage|GeoCoordinates|ImageObject|ListItem|LocalBusiness|Offer|OpeningHoursSpecification|Organization|PostalAddress|ProfessionalService|Question|Service|WebPage|WebSite,297,2,44,4,OK
/รับซื้อ/รับซื้อลำโพงบลูทูธ-มุกดาหาร,service-x-location,dist/client/รับซื้อ/รับซื้อลำโพงบลูทูธ-มุกดาหาร/index.html,yes,200,yes,/รับซื้อ/รับซื้อลำโพงบลูทูธ-มุกดาหาร,yes,รับซื้อ ลำโพงบลูทูธ มุกดาหาร ประเมินราคาเบื้องต้น | Amphon.co.th,รับซื้อ ลำโพงบลูทูธ ในมุกดาหาร ประเมินราคาฟรี ส่งรูปเช็กราคาได้ ชำระเงินหลังตรวจสอบสินค้าและตกลงราคาเรียบร้อยแล้ว ติดต่อ,รับซื้อ ลำโพงบลูทูธ มุกดาหาร ประเมินราคาเบื้องต้น,Answer|BreadcrumbList|ContactPoint|Country|FAQPage|GeoCoordinates|ImageObject|ListItem|LocalBusiness|Offer|OpeningHoursSpecification|Organization|PostalAddress|ProfessionalService|Question|Service|WebPage|WebSite,290,2,44,4,OK
/รับซื้อ/รับซื้อลำโพงบลูทูธ-ยโสธร,service-x-location,dist/client/รับซื้อ/รับซื้อลำโพงบลูทูธ-ยโสธร/index.html,yes,200,yes,/รับซื้อ/รับซื้อลำโพงบลูทูธ-ยโสธร,yes,รับซื้อ ลำโพงบลูทูธ ยโสธร ประเมินราคาเบื้องต้น | Amphon.co.th,รับซื้อ ลำโพงบลูทูธ ในยโสธร ประเมินราคาฟรี ส่งรูปเช็กราคาได้ ชำระเงินหลังตรวจสอบสินค้าและตกลงราคาเรียบร้อยแล้ว ติดต่อ Li,รับซื้อ ลำโพงบลูทูธ ยโสธร ประเมินราคาเบื้องต้น,Answer|BreadcrumbList|ContactPoint|Country|FAQPage|GeoCoordinates|ImageObject|ListItem|LocalBusiness|Offer|OpeningHoursSpecification|Organization|PostalAddress|ProfessionalService|Question|Service|WebPage|WebSite,294,2,44,4,OK
/รับซื้อ/รับซื้อลำโพงบลูทูธ-ร้อยเอ็ด,service-x-location,dist/client/รับซื้อ/รับซื้อลำโพงบลูทูธ-ร้อยเอ็ด/index.html,yes,200,yes,/รับซื้อ/รับซื้อลำโพงบลูทูธ-ร้อยเอ็ด,yes,รับซื้อ ลำโพงบลูทูธ ร้อยเอ็ด ประเมินราคาเบื้องต้น | Amphon.co.th,รับซื้อ ลำโพงบลูทูธ ในร้อยเอ็ด ประเมินราคาฟรี ส่งรูปเช็กราคาได้ ชำระเงินหลังตรวจสอบสินค้าและตกลงราคาเรียบร้อยแล้ว ติดต่อ,รับซื้อ ลำโพงบลูทูธ ร้อยเอ็ด ประเมินราคาเบื้องต้น,Answer|BreadcrumbList|ContactPoint|Country|FAQPage|GeoCoordinates|ImageObject|ListItem|LocalBusiness|Offer|OpeningHoursSpecification|Organization|PostalAddress|ProfessionalService|Question|Service|WebPage|WebSite,308,2,44,4,OK
/รับซื้อ/รับซื้อลำโพงบลูทูธ-ศรีสะเกษ,service-x-location,dist/client/รับซื้อ/รับซื้อลำโพงบลูทูธ-ศรีสะเกษ/index.html,yes,200,yes,/รับซื้อ/รับซื้อลำโพงบลูทูธ-ศรีสะเกษ,yes,รับซื้อ ลำโพงบลูทูธ ศรีสะเกษ ประเมินราคาเบื้องต้น | Amphon.co.th,รับซื้อ ลำโพงบลูทูธ ในศรีสะเกษ ประเมินราคาฟรี ส่งรูปเช็กราคาได้ ชำระเงินหลังตรวจสอบสินค้าและตกลงราคาเรียบร้อยแล้ว ติดต่อ,รับซื้อ ลำโพงบลูทูธ ศรีสะเกษ ประเมินราคาเบื้องต้น,Answer|BreadcrumbList|ContactPoint|Country|FAQPage|GeoCoordinates|ImageObject|ListItem|LocalBusiness|Offer|OpeningHoursSpecification|Organization|PostalAddress|ProfessionalService|Question|Service|WebPage|WebSite,295,2,44,4,OK
/รับซื้อ/รับซื้อลำโพงบลูทูธ-สกลนคร,service-x-location,dist/client/รับซื้อ/รับซื้อลำโพงบลูทูธ-สกลนคร/index.html,yes,200,yes,/รับซื้อ/รับซื้อลำโพงบลูทูธ-สกลนคร,yes,รับซื้อ ลำโพงบลูทูธ สกลนคร ประเมินราคาเบื้องต้น | Amphon.co.th,รับซื้อ ลำโพงบลูทูธ ในสกลนคร ประเมินราคาฟรี ส่งรูปเช็กราคาได้ ชำระเงินหลังตรวจสอบสินค้าและตกลงราคาเรียบร้อยแล้ว ติดต่อ L,รับซื้อ ลำโพงบลูทูธ สกลนคร ประเมินราคาเบื้องต้น,Answer|BreadcrumbList|ContactPoint|Country|FAQPage|GeoCoordinates|ImageObject|ListItem|LocalBusiness|Offer|OpeningHoursSpecification|Organization|PostalAddress|ProfessionalService|Question|Service|WebPage|WebSite,309,2,44,4,OK
/รับซื้อ/รับซื้อลำโพงบลูทูธ-สุรินทร์,service-x-location,dist/client/รับซื้อ/รับซื้อลำโพงบลูทูธ-สุรินทร์/index.html,yes,200,yes,/รับซื้อ/รับซื้อลำโพงบลูทูธ-สุรินทร์,yes,รับซื้อ ลำโพงบลูทูธ สุรินทร์ ประเมินราคาเบื้องต้น | Amphon.co.th,รับซื้อ ลำโพงบลูทูธ ในสุรินทร์ ประเมินราคาฟรี ส่งรูปเช็กราคาได้ ชำระเงินหลังตรวจสอบสินค้าและตกลงราคาเรียบร้อยแล้ว ติดต่อ,รับซื้อ ลำโพงบลูทูธ สุรินทร์ ประเมินราคาเบื้องต้น,Answer|BreadcrumbList|ContactPoint|Country|FAQPage|GeoCoordinates|ImageObject|ListItem|LocalBusiness|Offer|OpeningHoursSpecification|Organization|PostalAddress|ProfessionalService|Question|Service|WebPage|WebSite,294,2,44,4,OK
/รับซื้อ/รับซื้อลำโพงบลูทูธ-หนองคาย,service-x-location,dist/client/รับซื้อ/รับซื้อลำโพงบลูทูธ-หนองคาย/index.html,yes,200,yes,/รับซื้อ/รับซื้อลำโพงบลูทูธ-หนองคาย,yes,รับซื้อ ลำโพงบลูทูธ หนองคาย ประเมินราคาเบื้องต้น | Amphon.co.th,รับซื้อ ลำโพงบลูทูธ ในหนองคาย ประเมินราคาฟรี ส่งรูปเช็กราคาได้ ชำระเงินหลังตรวจสอบสินค้าและตกลงราคาเรียบร้อยแล้ว ติดต่อ ,รับซื้อ ลำโพงบลูทูธ หนองคาย ประเมินราคาเบื้องต้น,Answer|BreadcrumbList|ContactPoint|Country|FAQPage|GeoCoordinates|ImageObject|ListItem|LocalBusiness|Offer|OpeningHoursSpecification|Organization|PostalAddress|ProfessionalService|Question|Service|WebPage|WebSite,294,2,44,4,OK
/รับซื้อ/รับซื้อลำโพงบลูทูธ-หนองบัวลำภู,service-x-location,dist/client/รับซื้อ/รับซื้อลำโพงบลูทูธ-หนองบัวลำภู/index.html,yes,200,yes,/รับซื้อ/รับซื้อลำโพงบลูทูธ-หนองบัวลำภู,yes,รับซื้อ ลำโพงบลูทูธ หนองบัวลำภู ประเมินราคาเบื้องต้น | Amphon.co.th,รับซื้อ ลำโพงบลูทูธ ในหนองบัวลำภู ประเมินราคาฟรี ส่งรูปเช็กราคาได้ ชำระเงินหลังตรวจสอบสินค้าและตกลงราคาเรียบร้อยแล้ว ติด,รับซื้อ ลำโพงบลูทูธ หนองบัวลำภู ประเมินราคาเบื้องต้น,Answer|BreadcrumbList|ContactPoint|Country|FAQPage|GeoCoordinates|ImageObject|ListItem|LocalBusiness|Offer|OpeningHoursSpecification|Organization|PostalAddress|ProfessionalService|Question|Service|WebPage|WebSite,286,2,44,4,OK
/รับซื้อ/รับซื้อลำโพงบลูทูธ-อำนาจเจริญ,service-x-location,dist/client/รับซื้อ/รับซื้อลำโพงบลูทูธ-อำนาจเจริญ/index.html,yes,200,yes,/รับซื้อ/รับซื้อลำโพงบลูทูธ-อำนาจเจริญ,yes,รับซื้อ ลำโพงบลูทูธ อำนาจเจริญ ประเมินราคาเบื้องต้น | Amphon.co.th,รับซื้อ ลำโพงบลูทูธ ในอำนาจเจริญ ประเมินราคาฟรี ส่งรูปเช็กราคาได้ ชำระเงินหลังตรวจสอบสินค้าและตกลงราคาเรียบร้อยแล้ว ติดต,รับซื้อ ลำโพงบลูทูธ อำนาจเจริญ ประเมินราคาเบื้องต้น,Answer|BreadcrumbList|ContactPoint|Country|FAQPage|GeoCoordinates|ImageObject|ListItem|LocalBusiness|Offer|OpeningHoursSpecification|Organization|PostalAddress|ProfessionalService|Question|Service|WebPage|WebSite,289,2,44,4,OK
/รับซื้อ/รับซื้อลำโพงบลูทูธ-อุดรธานี,service-x-location,dist/client/รับซื้อ/รับซื้อลำโพงบลูทูธ-อุดรธานี/index.html,yes,200,yes,/รับซื้อ/รับซื้อลำโพงบลูทูธ-อุดรธานี,yes,รับซื้อ ลำโพงบลูทูธ อุดรธานี ประเมินราคาเบื้องต้น | Amphon.co.th,รับซื้อ ลำโพงบลูทูธ ในอุดรธานี ประเมินราคาฟรี ส่งรูปเช็กราคาได้ ชำระเงินหลังตรวจสอบสินค้าและตกลงราคาเรียบร้อยแล้ว ติดต่อ,รับซื้อ ลำโพงบลูทูธ อุดรธานี ประเมินราคาเบื้องต้น,Answer|BreadcrumbList|ContactPoint|Country|FAQPage|GeoCoordinates|ImageObject|ListItem|LocalBusiness|Offer|OpeningHoursSpecification|Organization|PostalAddress|ProfessionalService|Question|Service|WebPage|WebSite,296,2,44,4,OK
/รับซื้อ/รับซื้อลำโพงบลูทูธ-อุบลราชธานี,service-x-location,dist/client/รับซื้อ/รับซื้อลำโพงบลูทูธ-อุบลราชธานี/index.html,yes,200,yes,/รับซื้อ/รับซื้อลำโพงบลูทูธ-อุบลราชธานี,yes,รับซื้อ ลำโพงบลูทูธ อุบลราชธานี ประเมินราคาเบื้องต้น | Amphon.co.th,รับซื้อ ลำโพงบลูทูธ ในอุบลราชธานี ประเมินราคาฟรี ส่งรูปเช็กราคาได้ ชำระเงินหลังตรวจสอบสินค้าและตกลงราคาเรียบร้อยแล้ว ติด,รับซื้อ ลำโพงบลูทูธ อุบลราชธานี ประเมินราคาเบื้องต้น,Answer|BreadcrumbList|ContactPoint|Country|FAQPage|GeoCoordinates|ImageObject|ListItem|LocalBusiness|Offer|OpeningHoursSpecification|Organization|PostalAddress|ProfessionalService|Question|Service|WebPage|WebSite,290,2,44,4,OK
/รับซื้อ/รับซื้อลำโพงบลูทูธ-เลย,service-x-location,dist/client/รับซื้อ/รับซื้อลำโพงบลูทูธ-เลย/index.html,yes,200,yes,/รับซื้อ/รับซื้อลำโพงบลูทูธ-เลย,yes,รับซื้อ ลำโพงบลูทูธ เลย ประเมินราคาเบื้องต้น | Amphon.co.th,รับซื้อ ลำโพงบลูทูธ ในเลย ประเมินราคาฟรี ส่งรูปเช็กราคาได้ ชำระเงินหลังตรวจสอบสินค้าและตกลงราคาเรียบร้อยแล้ว ติดต่อ Line,รับซื้อ ลำโพงบลูทูธ เลย ประเมินราคาเบื้องต้น,Answer|BreadcrumbList|ContactPoint|Country|FAQPage|GeoCoordinates|ImageObject|ListItem|LocalBusiness|Offer|OpeningHoursSpecification|Organization|PostalAddress|ProfessionalService|Question|Service|WebPage|WebSite,302,2,44,4,OK
/รับซื้อ/รับซื้อสินค้าไอที-กาฬสินธุ์,service-x-location,dist/client/รับซื้อ/รับซื้อสินค้าไอที-กาฬสินธุ์/index.html,yes,200,yes,/รับซื้อ/รับซื้อสินค้าไอที-กาฬสินธุ์,yes,รับซื้อ สินค้าไอที กาฬสินธุ์ ประเมินราคาเบื้องต้น | Amphon.co.th,รับซื้อ สินค้าไอที ในกาฬสินธุ์ ประเมินราคาฟรี ส่งรูปเช็กราคาได้ ชำระเงินหลังตรวจสอบสินค้าและตกลงราคาเรียบร้อยแล้ว ติดต่อ,รับซื้อ สินค้าไอที กาฬสินธุ์ ประเมินราคาเบื้องต้น,Answer|BreadcrumbList|ContactPoint|Country|FAQPage|GeoCoordinates|ImageObject|ListItem|LocalBusiness|Offer|OpeningHoursSpecification|Organization|PostalAddress|ProfessionalService|Question|Service|WebPage|WebSite,304,1,44,4,OK
/รับซื้อ/รับซื้อสินค้าไอที-ขอนแก่น,service-x-location,dist/client/รับซื้อ/รับซื้อสินค้าไอที-ขอนแก่น/index.html,yes,200,yes,/รับซื้อ/รับซื้อสินค้าไอที-ขอนแก่น,yes,รับซื้อ สินค้าไอที ขอนแก่น ประเมินราคาเบื้องต้น | Amphon.co.th,รับซื้อ สินค้าไอที ในขอนแก่น ประเมินราคาฟรี ส่งรูปเช็กราคาได้ ชำระเงินหลังตรวจสอบสินค้าและตกลงราคาเรียบร้อยแล้ว ติดต่อ L,รับซื้อ สินค้าไอที ขอนแก่น ประเมินราคาเบื้องต้น,Answer|BreadcrumbList|ContactPoint|Country|FAQPage|GeoCoordinates|ImageObject|ListItem|LocalBusiness|Offer|OpeningHoursSpecification|Organization|PostalAddress|ProfessionalService|Question|Service|WebPage|WebSite,315,1,44,4,OK
/รับซื้อ/รับซื้อสินค้าไอที-ชัยภูมิ,service-x-location,dist/client/รับซื้อ/รับซื้อสินค้าไอที-ชัยภูมิ/index.html,yes,200,yes,/รับซื้อ/รับซื้อสินค้าไอที-ชัยภูมิ,yes,รับซื้อ สินค้าไอที ชัยภูมิ ประเมินราคาเบื้องต้น | Amphon.co.th,รับซื้อ สินค้าไอที ในชัยภูมิ ประเมินราคาฟรี ส่งรูปเช็กราคาได้ ชำระเงินหลังตรวจสอบสินค้าและตกลงราคาเรียบร้อยแล้ว ติดต่อ L,รับซื้อ สินค้าไอที ชัยภูมิ ประเมินราคาเบื้องต้น,Answer|BreadcrumbList|ContactPoint|Country|FAQPage|GeoCoordinates|ImageObject|ListItem|LocalBusiness|Offer|OpeningHoursSpecification|Organization|PostalAddress|ProfessionalService|Question|Service|WebPage|WebSite,303,1,44,4,OK
/รับซื้อ/รับซื้อสินค้าไอที-นครพนม,service-x-location,dist/client/รับซื้อ/รับซื้อสินค้าไอที-นครพนม/index.html,yes,200,yes,/รับซื้อ/รับซื้อสินค้าไอที-นครพนม,yes,รับซื้อ สินค้าไอที นครพนม ประเมินราคาเบื้องต้น | Amphon.co.th,รับซื้อ สินค้าไอที ในนครพนม ประเมินราคาฟรี ส่งรูปเช็กราคาได้ ชำระเงินหลังตรวจสอบสินค้าและตกลงราคาเรียบร้อยแล้ว ติดต่อ Li,รับซื้อ สินค้าไอที นครพนม ประเมินราคาเบื้องต้น,Answer|BreadcrumbList|ContactPoint|Country|FAQPage|GeoCoordinates|ImageObject|ListItem|LocalBusiness|Offer|OpeningHoursSpecification|Organization|PostalAddress|ProfessionalService|Question|Service|WebPage|WebSite,300,1,44,4,OK
/รับซื้อ/รับซื้อสินค้าไอที-นครราชสีมา,service-x-location,dist/client/รับซื้อ/รับซื้อสินค้าไอที-นครราชสีมา/index.html,yes,200,yes,/รับซื้อ/รับซื้อสินค้าไอที-นครราชสีมา,yes,รับซื้อ สินค้าไอที นครราชสีมา ประเมินราคาเบื้องต้น | Amphon.co.th,รับซื้อ สินค้าไอที ในนครราชสีมา ประเมินราคาฟรี ส่งรูปเช็กราคาได้ ชำระเงินหลังตรวจสอบสินค้าและตกลงราคาเรียบร้อยแล้ว ติดต่,รับซื้อ สินค้าไอที นครราชสีมา ประเมินราคาเบื้องต้น,Answer|BreadcrumbList|ContactPoint|Country|FAQPage|GeoCoordinates|ImageObject|ListItem|LocalBusiness|Offer|OpeningHoursSpecification|Organization|PostalAddress|ProfessionalService|Question|Service|WebPage|WebSite,322,1,44,4,OK
/รับซื้อ/รับซื้อสินค้าไอที-บึงกาฬ,service-x-location,dist/client/รับซื้อ/รับซื้อสินค้าไอที-บึงกาฬ/index.html,yes,200,yes,/รับซื้อ/รับซื้อสินค้าไอที-บึงกาฬ,yes,รับซื้อ สินค้าไอที บึงกาฬ ประเมินราคาเบื้องต้น | Amphon.co.th,รับซื้อ สินค้าไอที ในบึงกาฬ ประเมินราคาฟรี ส่งรูปเช็กราคาได้ ชำระเงินหลังตรวจสอบสินค้าและตกลงราคาเรียบร้อยแล้ว ติดต่อ Li,รับซื้อ สินค้าไอที บึงกาฬ ประเมินราคาเบื้องต้น,Answer|BreadcrumbList|ContactPoint|Country|FAQPage|GeoCoordinates|ImageObject|ListItem|LocalBusiness|Offer|OpeningHoursSpecification|Organization|PostalAddress|ProfessionalService|Question|Service|WebPage|WebSite,292,1,44,4,OK
/รับซื้อ/รับซื้อสินค้าไอที-บุรีรัมย์,service-x-location,dist/client/รับซื้อ/รับซื้อสินค้าไอที-บุรีรัมย์/index.html,yes,200,yes,/รับซื้อ/รับซื้อสินค้าไอที-บุรีรัมย์,yes,รับซื้อ สินค้าไอที บุรีรัมย์ ประเมินราคาเบื้องต้น | Amphon.co.th,รับซื้อ สินค้าไอที ในบุรีรัมย์ ประเมินราคาฟรี ส่งรูปเช็กราคาได้ ชำระเงินหลังตรวจสอบสินค้าและตกลงราคาเรียบร้อยแล้ว ติดต่อ,รับซื้อ สินค้าไอที บุรีรัมย์ ประเมินราคาเบื้องต้น,Answer|BreadcrumbList|ContactPoint|Country|FAQPage|GeoCoordinates|ImageObject|ListItem|LocalBusiness|Offer|OpeningHoursSpecification|Organization|PostalAddress|ProfessionalService|Question|Service|WebPage|WebSite,296,1,44,4,OK
/รับซื้อ/รับซื้อสินค้าไอที-มหาสารคาม,service-x-location,dist/client/รับซื้อ/รับซื้อสินค้าไอที-มหาสารคาม/index.html,yes,200,yes,/รับซื้อ/รับซื้อสินค้าไอที-มหาสารคาม,yes,รับซื้อ สินค้าไอที มหาสารคาม ประเมินราคาเบื้องต้น | Amphon.co.th,รับซื้อ สินค้าไอที ในมหาสารคาม ประเมินราคาฟรี ส่งรูปเช็กราคาได้ ชำระเงินหลังตรวจสอบสินค้าและตกลงราคาเรียบร้อยแล้ว ติดต่อ,รับซื้อ สินค้าไอที มหาสารคาม ประเมินราคาเบื้องต้น,Answer|BreadcrumbList|ContactPoint|Country|FAQPage|GeoCoordinates|ImageObject|ListItem|LocalBusiness|Offer|OpeningHoursSpecification|Organization|PostalAddress|ProfessionalService|Question|Service|WebPage|WebSite,296,1,44,4,OK
/รับซื้อ/รับซื้อสินค้าไอที-มุกดาหาร,service-x-location,dist/client/รับซื้อ/รับซื้อสินค้าไอที-มุกดาหาร/index.html,yes,200,yes,/รับซื้อ/รับซื้อสินค้าไอที-มุกดาหาร,yes,รับซื้อ สินค้าไอที มุกดาหาร ประเมินราคาเบื้องต้น | Amphon.co.th,รับซื้อ สินค้าไอที ในมุกดาหาร ประเมินราคาฟรี ส่งรูปเช็กราคาได้ ชำระเงินหลังตรวจสอบสินค้าและตกลงราคาเรียบร้อยแล้ว ติดต่อ ,รับซื้อ สินค้าไอที มุกดาหาร ประเมินราคาเบื้องต้น,Answer|BreadcrumbList|ContactPoint|Country|FAQPage|GeoCoordinates|ImageObject|ListItem|LocalBusiness|Offer|OpeningHoursSpecification|Organization|PostalAddress|ProfessionalService|Question|Service|WebPage|WebSite,289,1,44,4,OK
/รับซื้อ/รับซื้อสินค้าไอที-ยโสธร,service-x-location,dist/client/รับซื้อ/รับซื้อสินค้าไอที-ยโสธร/index.html,yes,200,yes,/รับซื้อ/รับซื้อสินค้าไอที-ยโสธร,yes,รับซื้อ สินค้าไอที ยโสธร ประเมินราคาเบื้องต้น | Amphon.co.th,รับซื้อ สินค้าไอที ในยโสธร ประเมินราคาฟรี ส่งรูปเช็กราคาได้ ชำระเงินหลังตรวจสอบสินค้าและตกลงราคาเรียบร้อยแล้ว ติดต่อ Lin,รับซื้อ สินค้าไอที ยโสธร ประเมินราคาเบื้องต้น,Answer|BreadcrumbList|ContactPoint|Country|FAQPage|GeoCoordinates|ImageObject|ListItem|LocalBusiness|Offer|OpeningHoursSpecification|Organization|PostalAddress|ProfessionalService|Question|Service|WebPage|WebSite,293,1,44,4,OK
/รับซื้อ/รับซื้อสินค้าไอที-ร้อยเอ็ด,service-x-location,dist/client/รับซื้อ/รับซื้อสินค้าไอที-ร้อยเอ็ด/index.html,yes,200,yes,/รับซื้อ/รับซื้อสินค้าไอที-ร้อยเอ็ด,yes,รับซื้อ สินค้าไอที ร้อยเอ็ด ประเมินราคาเบื้องต้น | Amphon.co.th,รับซื้อ สินค้าไอที ในร้อยเอ็ด ประเมินราคาฟรี ส่งรูปเช็กราคาได้ ชำระเงินหลังตรวจสอบสินค้าและตกลงราคาเรียบร้อยแล้ว ติดต่อ ,รับซื้อ สินค้าไอที ร้อยเอ็ด ประเมินราคาเบื้องต้น,Answer|BreadcrumbList|ContactPoint|Country|FAQPage|GeoCoordinates|ImageObject|ListItem|LocalBusiness|Offer|OpeningHoursSpecification|Organization|PostalAddress|ProfessionalService|Question|Service|WebPage|WebSite,307,1,44,4,OK
/รับซื้อ/รับซื้อสินค้าไอที-ศรีสะเกษ,service-x-location,dist/client/รับซื้อ/รับซื้อสินค้าไอที-ศรีสะเกษ/index.html,yes,200,yes,/รับซื้อ/รับซื้อสินค้าไอที-ศรีสะเกษ,yes,รับซื้อ สินค้าไอที ศรีสะเกษ ประเมินราคาเบื้องต้น | Amphon.co.th,รับซื้อ สินค้าไอที ในศรีสะเกษ ประเมินราคาฟรี ส่งรูปเช็กราคาได้ ชำระเงินหลังตรวจสอบสินค้าและตกลงราคาเรียบร้อยแล้ว ติดต่อ ,รับซื้อ สินค้าไอที ศรีสะเกษ ประเมินราคาเบื้องต้น,Answer|BreadcrumbList|ContactPoint|Country|FAQPage|GeoCoordinates|ImageObject|ListItem|LocalBusiness|Offer|OpeningHoursSpecification|Organization|PostalAddress|ProfessionalService|Question|Service|WebPage|WebSite,294,1,44,4,OK
/รับซื้อ/รับซื้อสินค้าไอที-สกลนคร,service-x-location,dist/client/รับซื้อ/รับซื้อสินค้าไอที-สกลนคร/index.html,yes,200,yes,/รับซื้อ/รับซื้อสินค้าไอที-สกลนคร,yes,รับซื้อ สินค้าไอที สกลนคร ประเมินราคาเบื้องต้น | Amphon.co.th,รับซื้อ สินค้าไอที ในสกลนคร ประเมินราคาฟรี ส่งรูปเช็กราคาได้ ชำระเงินหลังตรวจสอบสินค้าและตกลงราคาเรียบร้อยแล้ว ติดต่อ Li,รับซื้อ สินค้าไอที สกลนคร ประเมินราคาเบื้องต้น,Answer|BreadcrumbList|ContactPoint|Country|FAQPage|GeoCoordinates|ImageObject|ListItem|LocalBusiness|Offer|OpeningHoursSpecification|Organization|PostalAddress|ProfessionalService|Question|Service|WebPage|WebSite,308,1,44,4,OK
/รับซื้อ/รับซื้อสินค้าไอที-สุรินทร์,service-x-location,dist/client/รับซื้อ/รับซื้อสินค้าไอที-สุรินทร์/index.html,yes,200,yes,/รับซื้อ/รับซื้อสินค้าไอที-สุรินทร์,yes,รับซื้อ สินค้าไอที สุรินทร์ ประเมินราคาเบื้องต้น | Amphon.co.th,รับซื้อ สินค้าไอที ในสุรินทร์ ประเมินราคาฟรี ส่งรูปเช็กราคาได้ ชำระเงินหลังตรวจสอบสินค้าและตกลงราคาเรียบร้อยแล้ว ติดต่อ ,รับซื้อ สินค้าไอที สุรินทร์ ประเมินราคาเบื้องต้น,Answer|BreadcrumbList|ContactPoint|Country|FAQPage|GeoCoordinates|ImageObject|ListItem|LocalBusiness|Offer|OpeningHoursSpecification|Organization|PostalAddress|ProfessionalService|Question|Service|WebPage|WebSite,293,1,44,4,OK
/รับซื้อ/รับซื้อสินค้าไอที-หนองคาย,service-x-location,dist/client/รับซื้อ/รับซื้อสินค้าไอที-หนองคาย/index.html,yes,200,yes,/รับซื้อ/รับซื้อสินค้าไอที-หนองคาย,yes,รับซื้อ สินค้าไอที หนองคาย ประเมินราคาเบื้องต้น | Amphon.co.th,รับซื้อ สินค้าไอที ในหนองคาย ประเมินราคาฟรี ส่งรูปเช็กราคาได้ ชำระเงินหลังตรวจสอบสินค้าและตกลงราคาเรียบร้อยแล้ว ติดต่อ L,รับซื้อ สินค้าไอที หนองคาย ประเมินราคาเบื้องต้น,Answer|BreadcrumbList|ContactPoint|Country|FAQPage|GeoCoordinates|ImageObject|ListItem|LocalBusiness|Offer|OpeningHoursSpecification|Organization|PostalAddress|ProfessionalService|Question|Service|WebPage|WebSite,293,1,44,4,OK
/รับซื้อ/รับซื้อสินค้าไอที-หนองบัวลำภู,service-x-location,dist/client/รับซื้อ/รับซื้อสินค้าไอที-หนองบัวลำภู/index.html,yes,200,yes,/รับซื้อ/รับซื้อสินค้าไอที-หนองบัวลำภู,yes,รับซื้อ สินค้าไอที หนองบัวลำภู ประเมินราคาเบื้องต้น | Amphon.co.th,รับซื้อ สินค้าไอที ในหนองบัวลำภู ประเมินราคาฟรี ส่งรูปเช็กราคาได้ ชำระเงินหลังตรวจสอบสินค้าและตกลงราคาเรียบร้อยแล้ว ติดต,รับซื้อ สินค้าไอที หนองบัวลำภู ประเมินราคาเบื้องต้น,Answer|BreadcrumbList|ContactPoint|Country|FAQPage|GeoCoordinates|ImageObject|ListItem|LocalBusiness|Offer|OpeningHoursSpecification|Organization|PostalAddress|ProfessionalService|Question|Service|WebPage|WebSite,285,1,44,4,OK
/รับซื้อ/รับซื้อสินค้าไอที-อำนาจเจริญ,service-x-location,dist/client/รับซื้อ/รับซื้อสินค้าไอที-อำนาจเจริญ/index.html,yes,200,yes,/รับซื้อ/รับซื้อสินค้าไอที-อำนาจเจริญ,yes,รับซื้อ สินค้าไอที อำนาจเจริญ ประเมินราคาเบื้องต้น | Amphon.co.th,รับซื้อ สินค้าไอที ในอำนาจเจริญ ประเมินราคาฟรี ส่งรูปเช็กราคาได้ ชำระเงินหลังตรวจสอบสินค้าและตกลงราคาเรียบร้อยแล้ว ติดต่,รับซื้อ สินค้าไอที อำนาจเจริญ ประเมินราคาเบื้องต้น,Answer|BreadcrumbList|ContactPoint|Country|FAQPage|GeoCoordinates|ImageObject|ListItem|LocalBusiness|Offer|OpeningHoursSpecification|Organization|PostalAddress|ProfessionalService|Question|Service|WebPage|WebSite,288,1,44,4,OK
/รับซื้อ/รับซื้อสินค้าไอที-อุดรธานี,service-x-location,dist/client/รับซื้อ/รับซื้อสินค้าไอที-อุดรธานี/index.html,yes,200,yes,/รับซื้อ/รับซื้อสินค้าไอที-อุดรธานี,yes,รับซื้อ สินค้าไอที อุดรธานี ประเมินราคาเบื้องต้น | Amphon.co.th,รับซื้อ สินค้าไอที ในอุดรธานี ประเมินราคาฟรี ส่งรูปเช็กราคาได้ ชำระเงินหลังตรวจสอบสินค้าและตกลงราคาเรียบร้อยแล้ว ติดต่อ ,รับซื้อ สินค้าไอที อุดรธานี ประเมินราคาเบื้องต้น,Answer|BreadcrumbList|ContactPoint|Country|FAQPage|GeoCoordinates|ImageObject|ListItem|LocalBusiness|Offer|OpeningHoursSpecification|Organization|PostalAddress|ProfessionalService|Question|Service|WebPage|WebSite,295,1,44,4,OK
/รับซื้อ/รับซื้อสินค้าไอที-อุบลราชธานี,service-x-location,dist/client/รับซื้อ/รับซื้อสินค้าไอที-อุบลราชธานี/index.html,yes,200,yes,/รับซื้อ/รับซื้อสินค้าไอที-อุบลราชธานี,yes,รับซื้อ สินค้าไอที อุบลราชธานี ประเมินราคาเบื้องต้น | Amphon.co.th,รับซื้อ สินค้าไอที ในอุบลราชธานี ประเมินราคาฟรี ส่งรูปเช็กราคาได้ ชำระเงินหลังตรวจสอบสินค้าและตกลงราคาเรียบร้อยแล้ว ติดต,รับซื้อ สินค้าไอที อุบลราชธานี ประเมินราคาเบื้องต้น,Answer|BreadcrumbList|ContactPoint|Country|FAQPage|GeoCoordinates|ImageObject|ListItem|LocalBusiness|Offer|OpeningHoursSpecification|Organization|PostalAddress|ProfessionalService|Question|Service|WebPage|WebSite,289,1,44,4,OK
/รับซื้อ/รับซื้อสินค้าไอที-เลย,service-x-location,dist/client/รับซื้อ/รับซื้อสินค้าไอที-เลย/index.html,yes,200,yes,/รับซื้อ/รับซื้อสินค้าไอที-เลย,yes,รับซื้อ สินค้าไอที เลย ประเมินราคาเบื้องต้น | Amphon.co.th,รับซื้อ สินค้าไอที ในเลย ประเมินราคาฟรี ส่งรูปเช็กราคาได้ ชำระเงินหลังตรวจสอบสินค้าและตกลงราคาเรียบร้อยแล้ว ติดต่อ Line ,รับซื้อ สินค้าไอที เลย ประเมินราคาเบื้องต้น,Answer|BreadcrumbList|ContactPoint|Country|FAQPage|GeoCoordinates|ImageObject|ListItem|LocalBusiness|Offer|OpeningHoursSpecification|Organization|PostalAddress|ProfessionalService|Question|Service|WebPage|WebSite,301,1,44,4,OK
/รับซื้อ/รับซื้อหูฟัง-กาฬสินธุ์,service-x-location,dist/client/รับซื้อ/รับซื้อหูฟัง-กาฬสินธุ์/index.html,yes,200,yes,/รับซื้อ/รับซื้อหูฟัง-กาฬสินธุ์,yes,รับซื้อ หูฟัง กาฬสินธุ์ ประเมินราคาเบื้องต้น | Amphon.co.th,รับซื้อ หูฟัง ในกาฬสินธุ์ ประเมินราคาฟรี ส่งรูปเช็กราคาได้ ชำระเงินหลังตรวจสอบสินค้าและตกลงราคาเรียบร้อยแล้ว ติดต่อ Line,รับซื้อ หูฟัง กาฬสินธุ์ ประเมินราคาเบื้องต้น,Answer|BreadcrumbList|ContactPoint|Country|FAQPage|GeoCoordinates|ImageObject|ListItem|LocalBusiness|Offer|OpeningHoursSpecification|Organization|PostalAddress|ProfessionalService|Question|Service|WebPage|WebSite,304,2,44,4,OK
/รับซื้อ/รับซื้อหูฟัง-ขอนแก่น,service-x-location,dist/client/รับซื้อ/รับซื้อหูฟัง-ขอนแก่น/index.html,yes,200,yes,/รับซื้อ/รับซื้อหูฟัง-ขอนแก่น,yes,รับซื้อ หูฟัง ขอนแก่น ประเมินราคาเบื้องต้น | Amphon.co.th,รับซื้อ หูฟัง ในขอนแก่น ประเมินราคาฟรี ส่งรูปเช็กราคาได้ ชำระเงินหลังตรวจสอบสินค้าและตกลงราคาเรียบร้อยแล้ว ติดต่อ Line @,รับซื้อ หูฟัง ขอนแก่น ประเมินราคาเบื้องต้น,Answer|BreadcrumbList|ContactPoint|Country|FAQPage|GeoCoordinates|ImageObject|ListItem|LocalBusiness|Offer|OpeningHoursSpecification|Organization|PostalAddress|ProfessionalService|Question|Service|WebPage|WebSite,315,2,44,4,OK
/รับซื้อ/รับซื้อหูฟัง-ชัยภูมิ,service-x-location,dist/client/รับซื้อ/รับซื้อหูฟัง-ชัยภูมิ/index.html,yes,200,yes,/รับซื้อ/รับซื้อหูฟัง-ชัยภูมิ,yes,รับซื้อ หูฟัง ชัยภูมิ ประเมินราคาเบื้องต้น | Amphon.co.th,รับซื้อ หูฟัง ในชัยภูมิ ประเมินราคาฟรี ส่งรูปเช็กราคาได้ ชำระเงินหลังตรวจสอบสินค้าและตกลงราคาเรียบร้อยแล้ว ติดต่อ Line @,รับซื้อ หูฟัง ชัยภูมิ ประเมินราคาเบื้องต้น,Answer|BreadcrumbList|ContactPoint|Country|FAQPage|GeoCoordinates|ImageObject|ListItem|LocalBusiness|Offer|OpeningHoursSpecification|Organization|PostalAddress|ProfessionalService|Question|Service|WebPage|WebSite,303,2,44,4,OK
/รับซื้อ/รับซื้อหูฟัง-นครพนม,service-x-location,dist/client/รับซื้อ/รับซื้อหูฟัง-นครพนม/index.html,yes,200,yes,/รับซื้อ/รับซื้อหูฟัง-นครพนม,yes,รับซื้อ หูฟัง นครพนม ประเมินราคาเบื้องต้น | Amphon.co.th,รับซื้อ หูฟัง ในนครพนม ประเมินราคาฟรี ส่งรูปเช็กราคาได้ ชำระเงินหลังตรวจสอบสินค้าและตกลงราคาเรียบร้อยแล้ว ติดต่อ Line @w,รับซื้อ หูฟัง นครพนม ประเมินราคาเบื้องต้น,Answer|BreadcrumbList|ContactPoint|Country|FAQPage|GeoCoordinates|ImageObject|ListItem|LocalBusiness|Offer|OpeningHoursSpecification|Organization|PostalAddress|ProfessionalService|Question|Service|WebPage|WebSite,300,2,44,4,OK
/รับซื้อ/รับซื้อหูฟัง-นครราชสีมา,service-x-location,dist/client/รับซื้อ/รับซื้อหูฟัง-นครราชสีมา/index.html,yes,200,yes,/รับซื้อ/รับซื้อหูฟัง-นครราชสีมา,yes,รับซื้อ หูฟัง นครราชสีมา ประเมินราคาเบื้องต้น | Amphon.co.th,รับซื้อ หูฟัง ในนครราชสีมา ประเมินราคาฟรี ส่งรูปเช็กราคาได้ ชำระเงินหลังตรวจสอบสินค้าและตกลงราคาเรียบร้อยแล้ว ติดต่อ Lin,รับซื้อ หูฟัง นครราชสีมา ประเมินราคาเบื้องต้น,Answer|BreadcrumbList|ContactPoint|Country|FAQPage|GeoCoordinates|ImageObject|ListItem|LocalBusiness|Offer|OpeningHoursSpecification|Organization|PostalAddress|ProfessionalService|Question|Service|WebPage|WebSite,322,2,44,4,OK
/รับซื้อ/รับซื้อหูฟัง-บึงกาฬ,service-x-location,dist/client/รับซื้อ/รับซื้อหูฟัง-บึงกาฬ/index.html,yes,200,yes,/รับซื้อ/รับซื้อหูฟัง-บึงกาฬ,yes,รับซื้อ หูฟัง บึงกาฬ ประเมินราคาเบื้องต้น | Amphon.co.th,รับซื้อ หูฟัง ในบึงกาฬ ประเมินราคาฟรี ส่งรูปเช็กราคาได้ ชำระเงินหลังตรวจสอบสินค้าและตกลงราคาเรียบร้อยแล้ว ติดต่อ Line @w,รับซื้อ หูฟัง บึงกาฬ ประเมินราคาเบื้องต้น,Answer|BreadcrumbList|ContactPoint|Country|FAQPage|GeoCoordinates|ImageObject|ListItem|LocalBusiness|Offer|OpeningHoursSpecification|Organization|PostalAddress|ProfessionalService|Question|Service|WebPage|WebSite,292,2,44,4,OK
/รับซื้อ/รับซื้อหูฟัง-บุรีรัมย์,service-x-location,dist/client/รับซื้อ/รับซื้อหูฟัง-บุรีรัมย์/index.html,yes,200,yes,/รับซื้อ/รับซื้อหูฟัง-บุรีรัมย์,yes,รับซื้อ หูฟัง บุรีรัมย์ ประเมินราคาเบื้องต้น | Amphon.co.th,รับซื้อ หูฟัง ในบุรีรัมย์ ประเมินราคาฟรี ส่งรูปเช็กราคาได้ ชำระเงินหลังตรวจสอบสินค้าและตกลงราคาเรียบร้อยแล้ว ติดต่อ Line,รับซื้อ หูฟัง บุรีรัมย์ ประเมินราคาเบื้องต้น,Answer|BreadcrumbList|ContactPoint|Country|FAQPage|GeoCoordinates|ImageObject|ListItem|LocalBusiness|Offer|OpeningHoursSpecification|Organization|PostalAddress|ProfessionalService|Question|Service|WebPage|WebSite,296,2,44,4,OK
/รับซื้อ/รับซื้อหูฟัง-มหาสารคาม,service-x-location,dist/client/รับซื้อ/รับซื้อหูฟัง-มหาสารคาม/index.html,yes,200,yes,/รับซื้อ/รับซื้อหูฟัง-มหาสารคาม,yes,รับซื้อ หูฟัง มหาสารคาม ประเมินราคาเบื้องต้น | Amphon.co.th,รับซื้อ หูฟัง ในมหาสารคาม ประเมินราคาฟรี ส่งรูปเช็กราคาได้ ชำระเงินหลังตรวจสอบสินค้าและตกลงราคาเรียบร้อยแล้ว ติดต่อ Line,รับซื้อ หูฟัง มหาสารคาม ประเมินราคาเบื้องต้น,Answer|BreadcrumbList|ContactPoint|Country|FAQPage|GeoCoordinates|ImageObject|ListItem|LocalBusiness|Offer|OpeningHoursSpecification|Organization|PostalAddress|ProfessionalService|Question|Service|WebPage|WebSite,296,2,44,4,OK
/รับซื้อ/รับซื้อหูฟัง-มุกดาหาร,service-x-location,dist/client/รับซื้อ/รับซื้อหูฟัง-มุกดาหาร/index.html,yes,200,yes,/รับซื้อ/รับซื้อหูฟัง-มุกดาหาร,yes,รับซื้อ หูฟัง มุกดาหาร ประเมินราคาเบื้องต้น | Amphon.co.th,รับซื้อ หูฟัง ในมุกดาหาร ประเมินราคาฟรี ส่งรูปเช็กราคาได้ ชำระเงินหลังตรวจสอบสินค้าและตกลงราคาเรียบร้อยแล้ว ติดต่อ Line ,รับซื้อ หูฟัง มุกดาหาร ประเมินราคาเบื้องต้น,Answer|BreadcrumbList|ContactPoint|Country|FAQPage|GeoCoordinates|ImageObject|ListItem|LocalBusiness|Offer|OpeningHoursSpecification|Organization|PostalAddress|ProfessionalService|Question|Service|WebPage|WebSite,289,2,44,4,OK
/รับซื้อ/รับซื้อหูฟัง-ยโสธร,service-x-location,dist/client/รับซื้อ/รับซื้อหูฟัง-ยโสธร/index.html,yes,200,yes,/รับซื้อ/รับซื้อหูฟัง-ยโสธร,yes,รับซื้อ หูฟัง ยโสธร ประเมินราคาเบื้องต้น | Amphon.co.th,รับซื้อ หูฟัง ในยโสธร ประเมินราคาฟรี ส่งรูปเช็กราคาได้ ชำระเงินหลังตรวจสอบสินค้าและตกลงราคาเรียบร้อยแล้ว ติดต่อ Line @we,รับซื้อ หูฟัง ยโสธร ประเมินราคาเบื้องต้น,Answer|BreadcrumbList|ContactPoint|Country|FAQPage|GeoCoordinates|ImageObject|ListItem|LocalBusiness|Offer|OpeningHoursSpecification|Organization|PostalAddress|ProfessionalService|Question|Service|WebPage|WebSite,293,2,44,4,OK
/รับซื้อ/รับซื้อหูฟัง-ร้อยเอ็ด,service-x-location,dist/client/รับซื้อ/รับซื้อหูฟัง-ร้อยเอ็ด/index.html,yes,200,yes,/รับซื้อ/รับซื้อหูฟัง-ร้อยเอ็ด,yes,รับซื้อ หูฟัง ร้อยเอ็ด ประเมินราคาเบื้องต้น | Amphon.co.th,รับซื้อ หูฟัง ในร้อยเอ็ด ประเมินราคาฟรี ส่งรูปเช็กราคาได้ ชำระเงินหลังตรวจสอบสินค้าและตกลงราคาเรียบร้อยแล้ว ติดต่อ Line ,รับซื้อ หูฟัง ร้อยเอ็ด ประเมินราคาเบื้องต้น,Answer|BreadcrumbList|ContactPoint|Country|FAQPage|GeoCoordinates|ImageObject|ListItem|LocalBusiness|Offer|OpeningHoursSpecification|Organization|PostalAddress|ProfessionalService|Question|Service|WebPage|WebSite,307,2,44,4,OK
/รับซื้อ/รับซื้อหูฟัง-ศรีสะเกษ,service-x-location,dist/client/รับซื้อ/รับซื้อหูฟัง-ศรีสะเกษ/index.html,yes,200,yes,/รับซื้อ/รับซื้อหูฟัง-ศรีสะเกษ,yes,รับซื้อ หูฟัง ศรีสะเกษ ประเมินราคาเบื้องต้น | Amphon.co.th,รับซื้อ หูฟัง ในศรีสะเกษ ประเมินราคาฟรี ส่งรูปเช็กราคาได้ ชำระเงินหลังตรวจสอบสินค้าและตกลงราคาเรียบร้อยแล้ว ติดต่อ Line ,รับซื้อ หูฟัง ศรีสะเกษ ประเมินราคาเบื้องต้น,Answer|BreadcrumbList|ContactPoint|Country|FAQPage|GeoCoordinates|ImageObject|ListItem|LocalBusiness|Offer|OpeningHoursSpecification|Organization|PostalAddress|ProfessionalService|Question|Service|WebPage|WebSite,294,2,44,4,OK
/รับซื้อ/รับซื้อหูฟัง-สกลนคร,service-x-location,dist/client/รับซื้อ/รับซื้อหูฟัง-สกลนคร/index.html,yes,200,yes,/รับซื้อ/รับซื้อหูฟัง-สกลนคร,yes,รับซื้อ หูฟัง สกลนคร ประเมินราคาเบื้องต้น | Amphon.co.th,รับซื้อ หูฟัง ในสกลนคร ประเมินราคาฟรี ส่งรูปเช็กราคาได้ ชำระเงินหลังตรวจสอบสินค้าและตกลงราคาเรียบร้อยแล้ว ติดต่อ Line @w,รับซื้อ หูฟัง สกลนคร ประเมินราคาเบื้องต้น,Answer|BreadcrumbList|ContactPoint|Country|FAQPage|GeoCoordinates|ImageObject|ListItem|LocalBusiness|Offer|OpeningHoursSpecification|Organization|PostalAddress|ProfessionalService|Question|Service|WebPage|WebSite,308,2,44,4,OK
/รับซื้อ/รับซื้อหูฟัง-สุรินทร์,service-x-location,dist/client/รับซื้อ/รับซื้อหูฟัง-สุรินทร์/index.html,yes,200,yes,/รับซื้อ/รับซื้อหูฟัง-สุรินทร์,yes,รับซื้อ หูฟัง สุรินทร์ ประเมินราคาเบื้องต้น | Amphon.co.th,รับซื้อ หูฟัง ในสุรินทร์ ประเมินราคาฟรี ส่งรูปเช็กราคาได้ ชำระเงินหลังตรวจสอบสินค้าและตกลงราคาเรียบร้อยแล้ว ติดต่อ Line ,รับซื้อ หูฟัง สุรินทร์ ประเมินราคาเบื้องต้น,Answer|BreadcrumbList|ContactPoint|Country|FAQPage|GeoCoordinates|ImageObject|ListItem|LocalBusiness|Offer|OpeningHoursSpecification|Organization|PostalAddress|ProfessionalService|Question|Service|WebPage|WebSite,293,2,44,4,OK
/รับซื้อ/รับซื้อหูฟัง-หนองคาย,service-x-location,dist/client/รับซื้อ/รับซื้อหูฟัง-หนองคาย/index.html,yes,200,yes,/รับซื้อ/รับซื้อหูฟัง-หนองคาย,yes,รับซื้อ หูฟัง หนองคาย ประเมินราคาเบื้องต้น | Amphon.co.th,รับซื้อ หูฟัง ในหนองคาย ประเมินราคาฟรี ส่งรูปเช็กราคาได้ ชำระเงินหลังตรวจสอบสินค้าและตกลงราคาเรียบร้อยแล้ว ติดต่อ Line @,รับซื้อ หูฟัง หนองคาย ประเมินราคาเบื้องต้น,Answer|BreadcrumbList|ContactPoint|Country|FAQPage|GeoCoordinates|ImageObject|ListItem|LocalBusiness|Offer|OpeningHoursSpecification|Organization|PostalAddress|ProfessionalService|Question|Service|WebPage|WebSite,293,2,44,4,OK
/รับซื้อ/รับซื้อหูฟัง-หนองบัวลำภู,service-x-location,dist/client/รับซื้อ/รับซื้อหูฟัง-หนองบัวลำภู/index.html,yes,200,yes,/รับซื้อ/รับซื้อหูฟัง-หนองบัวลำภู,yes,รับซื้อ หูฟัง หนองบัวลำภู ประเมินราคาเบื้องต้น | Amphon.co.th,รับซื้อ หูฟัง ในหนองบัวลำภู ประเมินราคาฟรี ส่งรูปเช็กราคาได้ ชำระเงินหลังตรวจสอบสินค้าและตกลงราคาเรียบร้อยแล้ว ติดต่อ Li,รับซื้อ หูฟัง หนองบัวลำภู ประเมินราคาเบื้องต้น,Answer|BreadcrumbList|ContactPoint|Country|FAQPage|GeoCoordinates|ImageObject|ListItem|LocalBusiness|Offer|OpeningHoursSpecification|Organization|PostalAddress|ProfessionalService|Question|Service|WebPage|WebSite,285,2,44,4,OK
/รับซื้อ/รับซื้อหูฟัง-อำนาจเจริญ,service-x-location,dist/client/รับซื้อ/รับซื้อหูฟัง-อำนาจเจริญ/index.html,yes,200,yes,/รับซื้อ/รับซื้อหูฟัง-อำนาจเจริญ,yes,รับซื้อ หูฟัง อำนาจเจริญ ประเมินราคาเบื้องต้น | Amphon.co.th,รับซื้อ หูฟัง ในอำนาจเจริญ ประเมินราคาฟรี ส่งรูปเช็กราคาได้ ชำระเงินหลังตรวจสอบสินค้าและตกลงราคาเรียบร้อยแล้ว ติดต่อ Lin,รับซื้อ หูฟัง อำนาจเจริญ ประเมินราคาเบื้องต้น,Answer|BreadcrumbList|ContactPoint|Country|FAQPage|GeoCoordinates|ImageObject|ListItem|LocalBusiness|Offer|OpeningHoursSpecification|Organization|PostalAddress|ProfessionalService|Question|Service|WebPage|WebSite,288,2,44,4,OK
/รับซื้อ/รับซื้อหูฟัง-อุดรธานี,service-x-location,dist/client/รับซื้อ/รับซื้อหูฟัง-อุดรธานี/index.html,yes,200,yes,/รับซื้อ/รับซื้อหูฟัง-อุดรธานี,yes,รับซื้อ หูฟัง อุดรธานี ประเมินราคาเบื้องต้น | Amphon.co.th,รับซื้อ หูฟัง ในอุดรธานี ประเมินราคาฟรี ส่งรูปเช็กราคาได้ ชำระเงินหลังตรวจสอบสินค้าและตกลงราคาเรียบร้อยแล้ว ติดต่อ Line ,รับซื้อ หูฟัง อุดรธานี ประเมินราคาเบื้องต้น,Answer|BreadcrumbList|ContactPoint|Country|FAQPage|GeoCoordinates|ImageObject|ListItem|LocalBusiness|Offer|OpeningHoursSpecification|Organization|PostalAddress|ProfessionalService|Question|Service|WebPage|WebSite,295,2,44,4,OK
/รับซื้อ/รับซื้อหูฟัง-อุบลราชธานี,service-x-location,dist/client/รับซื้อ/รับซื้อหูฟัง-อุบลราชธานี/index.html,yes,200,yes,/รับซื้อ/รับซื้อหูฟัง-อุบลราชธานี,yes,รับซื้อ หูฟัง อุบลราชธานี ประเมินราคาเบื้องต้น | Amphon.co.th,รับซื้อ หูฟัง ในอุบลราชธานี ประเมินราคาฟรี ส่งรูปเช็กราคาได้ ชำระเงินหลังตรวจสอบสินค้าและตกลงราคาเรียบร้อยแล้ว ติดต่อ Li,รับซื้อ หูฟัง อุบลราชธานี ประเมินราคาเบื้องต้น,Answer|BreadcrumbList|ContactPoint|Country|FAQPage|GeoCoordinates|ImageObject|ListItem|LocalBusiness|Offer|OpeningHoursSpecification|Organization|PostalAddress|ProfessionalService|Question|Service|WebPage|WebSite,289,2,44,4,OK
/รับซื้อ/รับซื้อหูฟัง-เลย,service-x-location,dist/client/รับซื้อ/รับซื้อหูฟัง-เลย/index.html,yes,200,yes,/รับซื้อ/รับซื้อหูฟัง-เลย,yes,รับซื้อ หูฟัง เลย ประเมินราคาเบื้องต้น | Amphon.co.th,รับซื้อ หูฟัง ในเลย ประเมินราคาฟรี ส่งรูปเช็กราคาได้ ชำระเงินหลังตรวจสอบสินค้าและตกลงราคาเรียบร้อยแล้ว ติดต่อ Line @webu,รับซื้อ หูฟัง เลย ประเมินราคาเบื้องต้น,Answer|BreadcrumbList|ContactPoint|Country|FAQPage|GeoCoordinates|ImageObject|ListItem|LocalBusiness|Offer|OpeningHoursSpecification|Organization|PostalAddress|ProfessionalService|Question|Service|WebPage|WebSite,301,2,44,4,OK
/รับซื้อ/รับซื้ออุปกรณ์-network-กาฬสินธุ์,service-x-location,dist/client/รับซื้อ/รับซื้ออุปกรณ์-network-กาฬสินธุ์/index.html,yes,200,yes,/รับซื้อ/รับซื้ออุปกรณ์-network-กาฬสินธุ์,yes,รับซื้อ อุปกรณ์ Network และ Switch กาฬสินธุ์ ประเมินราคาฟรี นัดรับหรือประสานขนส่งตามข้อตกลง | Amphon.co.th,รับซื้อ อุปกรณ์ Network และ Switch ใน กาฬสินธุ์ ประเมินราคาตามประเภท รุ่น สเปก สภาพ จำนวน และความต้องการตลาด ประเมินราคา,รับซื้อ อุปกรณ์ Network และ Switch กาฬสินธุ์ ประเมินราคาฟรี นัดรับหรือประสานขนส่งตามข้อตกลง,BreadcrumbList|ContactPoint|Country|GeoCoordinates|ImageObject|ListItem|LocalBusiness|Offer|OpeningHoursSpecification|Organization|PostalAddress|ProfessionalService|Service|WebPage|WebSite,137,2,44,4,OK
/รับซื้อ/รับซื้ออุปกรณ์-network-ขอนแก่น,service-x-location,dist/client/รับซื้อ/รับซื้ออุปกรณ์-network-ขอนแก่น/index.html,yes,200,yes,/รับซื้อ/รับซื้ออุปกรณ์-network-ขอนแก่น,yes,รับซื้อ อุปกรณ์ Network และ Switch ขอนแก่น ประเมินราคาฟรี นัดรับหรือประสานขนส่งตามข้อตกลง | Amphon.co.th,รับซื้อ อุปกรณ์ Network และ Switch ใน ขอนแก่น ประเมินราคาตามประเภท รุ่น สเปก สภาพ จำนวน และความต้องการตลาด ประเมินราคาฟร,รับซื้อ อุปกรณ์ Network และ Switch ขอนแก่น ประเมินราคาฟรี นัดรับหรือประสานขนส่งตามข้อตกลง,BreadcrumbList|ContactPoint|Country|GeoCoordinates|ImageObject|ListItem|LocalBusiness|Offer|OpeningHoursSpecification|Organization|PostalAddress|ProfessionalService|Service|WebPage|WebSite,137,2,44,4,OK
/รับซื้อ/รับซื้ออุปกรณ์-network-ชัยภูมิ,service-x-location,dist/client/รับซื้อ/รับซื้ออุปกรณ์-network-ชัยภูมิ/index.html,yes,200,yes,/รับซื้อ/รับซื้ออุปกรณ์-network-ชัยภูมิ,yes,รับซื้อ อุปกรณ์ Network และ Switch ชัยภูมิ ประเมินราคาฟรี นัดรับหรือประสานขนส่งตามข้อตกลง | Amphon.co.th,รับซื้อ อุปกรณ์ Network และ Switch ใน ชัยภูมิ ประเมินราคาตามประเภท รุ่น สเปก สภาพ จำนวน และความต้องการตลาด ประเมินราคาฟร,รับซื้อ อุปกรณ์ Network และ Switch ชัยภูมิ ประเมินราคาฟรี นัดรับหรือประสานขนส่งตามข้อตกลง,BreadcrumbList|ContactPoint|Country|GeoCoordinates|ImageObject|ListItem|LocalBusiness|Offer|OpeningHoursSpecification|Organization|PostalAddress|ProfessionalService|Service|WebPage|WebSite,138,2,44,4,OK
/รับซื้อ/รับซื้ออุปกรณ์-network-นครพนม,service-x-location,dist/client/รับซื้อ/รับซื้ออุปกรณ์-network-นครพนม/index.html,yes,200,yes,/รับซื้อ/รับซื้ออุปกรณ์-network-นครพนม,yes,รับซื้อ อุปกรณ์ Network และ Switch นครพนม ประเมินราคาฟรี นัดรับหรือประสานขนส่งตามข้อตกลง | Amphon.co.th,รับซื้อ อุปกรณ์ Network และ Switch ใน นครพนม ประเมินราคาตามประเภท รุ่น สเปก สภาพ จำนวน และความต้องการตลาด ประเมินราคาฟรี,รับซื้อ อุปกรณ์ Network และ Switch นครพนม ประเมินราคาฟรี นัดรับหรือประสานขนส่งตามข้อตกลง,BreadcrumbList|ContactPoint|Country|GeoCoordinates|ImageObject|ListItem|LocalBusiness|Offer|OpeningHoursSpecification|Organization|PostalAddress|ProfessionalService|Service|WebPage|WebSite,138,2,44,4,OK
/รับซื้อ/รับซื้ออุปกรณ์-network-นครราชสีมา,service-x-location,dist/client/รับซื้อ/รับซื้ออุปกรณ์-network-นครราชสีมา/index.html,yes,200,yes,/รับซื้อ/รับซื้ออุปกรณ์-network-นครราชสีมา,yes,รับซื้อ อุปกรณ์ Network และ Switch นครราชสีมา ประเมินราคาฟรี นัดรับหรือประสานขนส่งตามข้อตกลง | Amphon.co.th,รับซื้อ อุปกรณ์ Network และ Switch ใน นครราชสีมา ประเมินราคาตามประเภท รุ่น สเปก สภาพ จำนวน และความต้องการตลาด ประเมินราค,รับซื้อ อุปกรณ์ Network และ Switch นครราชสีมา ประเมินราคาฟรี นัดรับหรือประสานขนส่งตามข้อตกลง,BreadcrumbList|ContactPoint|Country|GeoCoordinates|ImageObject|ListItem|LocalBusiness|Offer|OpeningHoursSpecification|Organization|PostalAddress|ProfessionalService|Service|WebPage|WebSite,138,2,44,4,OK
/รับซื้อ/รับซื้ออุปกรณ์-network-บึงกาฬ,service-x-location,dist/client/รับซื้อ/รับซื้ออุปกรณ์-network-บึงกาฬ/index.html,yes,200,yes,/รับซื้อ/รับซื้ออุปกรณ์-network-บึงกาฬ,yes,รับซื้อ อุปกรณ์ Network และ Switch บึงกาฬ ประเมินราคาฟรี นัดรับหรือประสานขนส่งตามข้อตกลง | Amphon.co.th,รับซื้อ อุปกรณ์ Network และ Switch ใน บึงกาฬ ประเมินราคาตามประเภท รุ่น สเปก สภาพ จำนวน และความต้องการตลาด ประเมินราคาฟรี,รับซื้อ อุปกรณ์ Network และ Switch บึงกาฬ ประเมินราคาฟรี นัดรับหรือประสานขนส่งตามข้อตกลง,BreadcrumbList|ContactPoint|Country|GeoCoordinates|ImageObject|ListItem|LocalBusiness|Offer|OpeningHoursSpecification|Organization|PostalAddress|ProfessionalService|Service|WebPage|WebSite,137,2,44,4,OK
/รับซื้อ/รับซื้ออุปกรณ์-network-บุรีรัมย์,service-x-location,dist/client/รับซื้อ/รับซื้ออุปกรณ์-network-บุรีรัมย์/index.html,yes,200,yes,/รับซื้อ/รับซื้ออุปกรณ์-network-บุรีรัมย์,yes,รับซื้อ อุปกรณ์ Network และ Switch บุรีรัมย์ ประเมินราคาฟรี นัดรับหรือประสานขนส่งตามข้อตกลง | Amphon.co.th,รับซื้อ อุปกรณ์ Network และ Switch ใน บุรีรัมย์ ประเมินราคาตามประเภท รุ่น สเปก สภาพ จำนวน และความต้องการตลาด ประเมินราคา,รับซื้อ อุปกรณ์ Network และ Switch บุรีรัมย์ ประเมินราคาฟรี นัดรับหรือประสานขนส่งตามข้อตกลง,BreadcrumbList|ContactPoint|Country|GeoCoordinates|ImageObject|ListItem|LocalBusiness|Offer|OpeningHoursSpecification|Organization|PostalAddress|ProfessionalService|Service|WebPage|WebSite,137,2,44,4,OK
/รับซื้อ/รับซื้ออุปกรณ์-network-มหาสารคาม,service-x-location,dist/client/รับซื้อ/รับซื้ออุปกรณ์-network-มหาสารคาม/index.html,yes,200,yes,/รับซื้อ/รับซื้ออุปกรณ์-network-มหาสารคาม,yes,รับซื้อ อุปกรณ์ Network และ Switch มหาสารคาม ประเมินราคาฟรี นัดรับหรือประสานขนส่งตามข้อตกลง | Amphon.co.th,รับซื้อ อุปกรณ์ Network และ Switch ใน มหาสารคาม ประเมินราคาตามประเภท รุ่น สเปก สภาพ จำนวน และความต้องการตลาด ประเมินราคา,รับซื้อ อุปกรณ์ Network และ Switch มหาสารคาม ประเมินราคาฟรี นัดรับหรือประสานขนส่งตามข้อตกลง,BreadcrumbList|ContactPoint|Country|GeoCoordinates|ImageObject|ListItem|LocalBusiness|Offer|OpeningHoursSpecification|Organization|PostalAddress|ProfessionalService|Service|WebPage|WebSite,138,2,44,4,OK
/รับซื้อ/รับซื้ออุปกรณ์-network-มุกดาหาร,service-x-location,dist/client/รับซื้อ/รับซื้ออุปกรณ์-network-มุกดาหาร/index.html,yes,200,yes,/รับซื้อ/รับซื้ออุปกรณ์-network-มุกดาหาร,yes,รับซื้อ อุปกรณ์ Network และ Switch มุกดาหาร ประเมินราคาฟรี นัดรับหรือประสานขนส่งตามข้อตกลง | Amphon.co.th,รับซื้อ อุปกรณ์ Network และ Switch ใน มุกดาหาร ประเมินราคาตามประเภท รุ่น สเปก สภาพ จำนวน และความต้องการตลาด ประเมินราคาฟ,รับซื้อ อุปกรณ์ Network และ Switch มุกดาหาร ประเมินราคาฟรี นัดรับหรือประสานขนส่งตามข้อตกลง,BreadcrumbList|ContactPoint|Country|GeoCoordinates|ImageObject|ListItem|LocalBusiness|Offer|OpeningHoursSpecification|Organization|PostalAddress|ProfessionalService|Service|WebPage|WebSite,137,2,44,4,OK
/รับซื้อ/รับซื้ออุปกรณ์-network-ยโสธร,service-x-location,dist/client/รับซื้อ/รับซื้ออุปกรณ์-network-ยโสธร/index.html,yes,200,yes,/รับซื้อ/รับซื้ออุปกรณ์-network-ยโสธร,yes,รับซื้อ อุปกรณ์ Network และ Switch ยโสธร ประเมินราคาฟรี นัดรับหรือประสานขนส่งตามข้อตกลง | Amphon.co.th,รับซื้อ อุปกรณ์ Network และ Switch ใน ยโสธร ประเมินราคาตามประเภท รุ่น สเปก สภาพ จำนวน และความต้องการตลาด ประเมินราคาฟรีผ,รับซื้อ อุปกรณ์ Network และ Switch ยโสธร ประเมินราคาฟรี นัดรับหรือประสานขนส่งตามข้อตกลง,BreadcrumbList|ContactPoint|Country|GeoCoordinates|ImageObject|ListItem|LocalBusiness|Offer|OpeningHoursSpecification|Organization|PostalAddress|ProfessionalService|Service|WebPage|WebSite,137,2,44,4,OK
/รับซื้อ/รับซื้ออุปกรณ์-network-ร้อยเอ็ด,service-x-location,dist/client/รับซื้อ/รับซื้ออุปกรณ์-network-ร้อยเอ็ด/index.html,yes,200,yes,/รับซื้อ/รับซื้ออุปกรณ์-network-ร้อยเอ็ด,yes,รับซื้อ อุปกรณ์ Network และ Switch ร้อยเอ็ด ประเมินราคาฟรี นัดรับหรือประสานขนส่งตามข้อตกลง | Amphon.co.th,รับซื้อ อุปกรณ์ Network และ Switch ใน ร้อยเอ็ด ประเมินราคาตามประเภท รุ่น สเปก สภาพ จำนวน และความต้องการตลาด ประเมินราคาฟ,รับซื้อ อุปกรณ์ Network และ Switch ร้อยเอ็ด ประเมินราคาฟรี นัดรับหรือประสานขนส่งตามข้อตกลง,BreadcrumbList|ContactPoint|Country|GeoCoordinates|ImageObject|ListItem|LocalBusiness|Offer|OpeningHoursSpecification|Organization|PostalAddress|ProfessionalService|Service|WebPage|WebSite,138,2,44,4,OK
/รับซื้อ/รับซื้ออุปกรณ์-network-ศรีสะเกษ,service-x-location,dist/client/รับซื้อ/รับซื้ออุปกรณ์-network-ศรีสะเกษ/index.html,yes,200,yes,/รับซื้อ/รับซื้ออุปกรณ์-network-ศรีสะเกษ,yes,รับซื้อ อุปกรณ์ Network และ Switch ศรีสะเกษ ประเมินราคาฟรี นัดรับหรือประสานขนส่งตามข้อตกลง | Amphon.co.th,รับซื้อ อุปกรณ์ Network และ Switch ใน ศรีสะเกษ ประเมินราคาตามประเภท รุ่น สเปก สภาพ จำนวน และความต้องการตลาด ประเมินราคาฟ,รับซื้อ อุปกรณ์ Network และ Switch ศรีสะเกษ ประเมินราคาฟรี นัดรับหรือประสานขนส่งตามข้อตกลง,BreadcrumbList|ContactPoint|Country|GeoCoordinates|ImageObject|ListItem|LocalBusiness|Offer|OpeningHoursSpecification|Organization|PostalAddress|ProfessionalService|Service|WebPage|WebSite,138,2,44,4,OK
/รับซื้อ/รับซื้ออุปกรณ์-network-สกลนคร,service-x-location,dist/client/รับซื้อ/รับซื้ออุปกรณ์-network-สกลนคร/index.html,yes,200,yes,/รับซื้อ/รับซื้ออุปกรณ์-network-สกลนคร,yes,รับซื้อ อุปกรณ์ Network และ Switch สกลนคร ประเมินราคาฟรี นัดรับหรือประสานขนส่งตามข้อตกลง | Amphon.co.th,รับซื้อ อุปกรณ์ Network และ Switch ใน สกลนคร ประเมินราคาตามประเภท รุ่น สเปก สภาพ จำนวน และความต้องการตลาด ประเมินราคาฟรี,รับซื้อ อุปกรณ์ Network และ Switch สกลนคร ประเมินราคาฟรี นัดรับหรือประสานขนส่งตามข้อตกลง,BreadcrumbList|ContactPoint|Country|GeoCoordinates|ImageObject|ListItem|LocalBusiness|Offer|OpeningHoursSpecification|Organization|PostalAddress|ProfessionalService|Service|WebPage|WebSite,138,2,44,4,OK
/รับซื้อ/รับซื้ออุปกรณ์-network-สุรินทร์,service-x-location,dist/client/รับซื้อ/รับซื้ออุปกรณ์-network-สุรินทร์/index.html,yes,200,yes,/รับซื้อ/รับซื้ออุปกรณ์-network-สุรินทร์,yes,รับซื้อ อุปกรณ์ Network และ Switch สุรินทร์ ประเมินราคาฟรี นัดรับหรือประสานขนส่งตามข้อตกลง | Amphon.co.th,รับซื้อ อุปกรณ์ Network และ Switch ใน สุรินทร์ ประเมินราคาตามประเภท รุ่น สเปก สภาพ จำนวน และความต้องการตลาด ประเมินราคาฟ,รับซื้อ อุปกรณ์ Network และ Switch สุรินทร์ ประเมินราคาฟรี นัดรับหรือประสานขนส่งตามข้อตกลง,BreadcrumbList|ContactPoint|Country|GeoCoordinates|ImageObject|ListItem|LocalBusiness|Offer|OpeningHoursSpecification|Organization|PostalAddress|ProfessionalService|Service|WebPage|WebSite,136,2,44,4,OK
/รับซื้อ/รับซื้ออุปกรณ์-network-หนองคาย,service-x-location,dist/client/รับซื้อ/รับซื้ออุปกรณ์-network-หนองคาย/index.html,yes,200,yes,/รับซื้อ/รับซื้ออุปกรณ์-network-หนองคาย,yes,รับซื้อ อุปกรณ์ Network และ Switch หนองคาย ประเมินราคาฟรี นัดรับหรือประสานขนส่งตามข้อตกลง | Amphon.co.th,รับซื้อ อุปกรณ์ Network และ Switch ใน หนองคาย ประเมินราคาตามประเภท รุ่น สเปก สภาพ จำนวน และความต้องการตลาด ประเมินราคาฟร,รับซื้อ อุปกรณ์ Network และ Switch หนองคาย ประเมินราคาฟรี นัดรับหรือประสานขนส่งตามข้อตกลง,BreadcrumbList|ContactPoint|Country|GeoCoordinates|ImageObject|ListItem|LocalBusiness|Offer|OpeningHoursSpecification|Organization|PostalAddress|ProfessionalService|Service|WebPage|WebSite,138,2,44,4,OK
/รับซื้อ/รับซื้ออุปกรณ์-network-หนองบัวลำภู,service-x-location,dist/client/รับซื้อ/รับซื้ออุปกรณ์-network-หนองบัวลำภู/index.html,yes,200,yes,/รับซื้อ/รับซื้ออุปกรณ์-network-หนองบัวลำภู,yes,รับซื้อ อุปกรณ์ Network และ Switch หนองบัวลำภู ประเมินราคาฟรี นัดรับหรือประสานขนส่งตามข้อตกลง | Amphon.co.th,รับซื้อ อุปกรณ์ Network และ Switch ใน หนองบัวลำภู ประเมินราคาตามประเภท รุ่น สเปก สภาพ จำนวน และความต้องการตลาด ประเมินรา,รับซื้อ อุปกรณ์ Network และ Switch หนองบัวลำภู ประเมินราคาฟรี นัดรับหรือประสานขนส่งตามข้อตกลง,BreadcrumbList|ContactPoint|Country|GeoCoordinates|ImageObject|ListItem|LocalBusiness|Offer|OpeningHoursSpecification|Organization|PostalAddress|ProfessionalService|Service|WebPage|WebSite,136,2,44,4,OK
/รับซื้อ/รับซื้ออุปกรณ์-network-อำนาจเจริญ,service-x-location,dist/client/รับซื้อ/รับซื้ออุปกรณ์-network-อำนาจเจริญ/index.html,yes,200,yes,/รับซื้อ/รับซื้ออุปกรณ์-network-อำนาจเจริญ,yes,รับซื้อ อุปกรณ์ Network และ Switch อำนาจเจริญ ประเมินราคาฟรี นัดรับหรือประสานขนส่งตามข้อตกลง | Amphon.co.th,รับซื้อ อุปกรณ์ Network และ Switch ใน อำนาจเจริญ ประเมินราคาตามประเภท รุ่น สเปก สภาพ จำนวน และความต้องการตลาด ประเมินราค,รับซื้อ อุปกรณ์ Network และ Switch อำนาจเจริญ ประเมินราคาฟรี นัดรับหรือประสานขนส่งตามข้อตกลง,BreadcrumbList|ContactPoint|Country|GeoCoordinates|ImageObject|ListItem|LocalBusiness|Offer|OpeningHoursSpecification|Organization|PostalAddress|ProfessionalService|Service|WebPage|WebSite,136,2,44,4,OK
/รับซื้อ/รับซื้ออุปกรณ์-network-อุดรธานี,service-x-location,dist/client/รับซื้อ/รับซื้ออุปกรณ์-network-อุดรธานี/index.html,yes,200,yes,/รับซื้อ/รับซื้ออุปกรณ์-network-อุดรธานี,yes,รับซื้อ อุปกรณ์ Network และ Switch อุดรธานี ประเมินราคาฟรี นัดรับหรือประสานขนส่งตามข้อตกลง | Amphon.co.th,รับซื้อ อุปกรณ์ Network และ Switch ใน อุดรธานี ประเมินราคาตามประเภท รุ่น สเปก สภาพ จำนวน และความต้องการตลาด ประเมินราคาฟ,รับซื้อ อุปกรณ์ Network และ Switch อุดรธานี ประเมินราคาฟรี นัดรับหรือประสานขนส่งตามข้อตกลง,BreadcrumbList|ContactPoint|Country|GeoCoordinates|ImageObject|ListItem|LocalBusiness|Offer|OpeningHoursSpecification|Organization|PostalAddress|ProfessionalService|Service|WebPage|WebSite,137,2,44,4,OK
/รับซื้อ/รับซื้ออุปกรณ์-network-อุบลราชธานี,service-x-location,dist/client/รับซื้อ/รับซื้ออุปกรณ์-network-อุบลราชธานี/index.html,yes,200,yes,/รับซื้อ/รับซื้ออุปกรณ์-network-อุบลราชธานี,yes,รับซื้อ อุปกรณ์ Network มือสอง อุบลราชธานี ประเมินราคาฟรี นัดรับหรือประสานขนส่งตามข้อตกลง | Amphon.co.th,รับซื้อ อุปกรณ์ Network มือสอง ใน อุบลราชธานี ประเมินราคาตามประเภท รุ่น สเปก สภาพ จำนวน และความต้องการตลาด ประเมินราคาฟร,รับซื้อ อุปกรณ์ Network มือสอง อุบลราชธานี ประเมินราคาฟรี นัดรับหรือประสานขนส่งตามข้อตกลง,Answer|BreadcrumbList|ContactPoint|Country|FAQPage|GeoCoordinates|ImageObject|ListItem|LocalBusiness|Offer|OpeningHoursSpecification|Organization|PostalAddress|ProfessionalService|Question|Service|WebPage|WebSite,207,2,44,4,OK
/รับซื้อ/รับซื้ออุปกรณ์-network-เลย,service-x-location,dist/client/รับซื้อ/รับซื้ออุปกรณ์-network-เลย/index.html,yes,200,yes,/รับซื้อ/รับซื้ออุปกรณ์-network-เลย,yes,รับซื้อ อุปกรณ์ Network และ Switch เลย ประเมินราคาฟรี นัดรับหรือประสานขนส่งตามข้อตกลง | Amphon.co.th,รับซื้อ อุปกรณ์ Network และ Switch ใน เลย ประเมินราคาตามประเภท รุ่น สเปก สภาพ จำนวน และความต้องการตลาด ประเมินราคาฟรีผ่า,รับซื้อ อุปกรณ์ Network และ Switch เลย ประเมินราคาฟรี นัดรับหรือประสานขนส่งตามข้อตกลง,BreadcrumbList|ContactPoint|Country|GeoCoordinates|ImageObject|ListItem|LocalBusiness|Offer|OpeningHoursSpecification|Organization|PostalAddress|ProfessionalService|Service|WebPage|WebSite,136,2,44,4,OK
/รับซื้อ/รับซื้ออุปกรณ์คอมพิวเตอร์-กาฬสินธุ์,service-x-location,dist/client/รับซื้อ/รับซื้ออุปกรณ์คอมพิวเตอร์-กาฬสินธุ์/index.html,yes,200,yes,/รับซื้อ/รับซื้ออุปกรณ์คอมพิวเตอร์-กาฬสินธุ์,yes,รับซื้อ อุปกรณ์คอมพิวเตอร์ กาฬสินธุ์ ประเมินราคาเบื้องต้น | Amphon.co.th,รับซื้อ อุปกรณ์คอมพิวเตอร์ ในกาฬสินธุ์ ประเมินราคาฟรี ส่งรูปเช็กราคาได้ ชำระเงินหลังตรวจสอบสินค้าและตกลงราคาเรียบร้อยแล้,รับซื้อ อุปกรณ์คอมพิวเตอร์ กาฬสินธุ์ ประเมินราคาเบื้องต้น,Answer|BreadcrumbList|ContactPoint|Country|FAQPage|GeoCoordinates|ImageObject|ListItem|LocalBusiness|Offer|OpeningHoursSpecification|Organization|PostalAddress|ProfessionalService|Question|Service|WebPage|WebSite,310,2,44,4,OK
/รับซื้อ/รับซื้ออุปกรณ์คอมพิวเตอร์-ขอนแก่น,service-x-location,dist/client/รับซื้อ/รับซื้ออุปกรณ์คอมพิวเตอร์-ขอนแก่น/index.html,yes,200,yes,/รับซื้อ/รับซื้ออุปกรณ์คอมพิวเตอร์-ขอนแก่น,yes,รับซื้อ อุปกรณ์คอมพิวเตอร์ ขอนแก่น ประเมินราคาเบื้องต้น | Amphon.co.th,รับซื้อ อุปกรณ์คอมพิวเตอร์ ในขอนแก่น ประเมินราคาฟรี ส่งรูปเช็กราคาได้ ชำระเงินหลังตรวจสอบสินค้าและตกลงราคาเรียบร้อยแล้ว ,รับซื้อ อุปกรณ์คอมพิวเตอร์ ขอนแก่น ประเมินราคาเบื้องต้น,Answer|BreadcrumbList|ContactPoint|Country|FAQPage|GeoCoordinates|ImageObject|ListItem|LocalBusiness|Offer|OpeningHoursSpecification|Organization|PostalAddress|ProfessionalService|Question|Service|WebPage|WebSite,321,2,44,4,OK
/รับซื้อ/รับซื้ออุปกรณ์คอมพิวเตอร์-ชัยภูมิ,service-x-location,dist/client/รับซื้อ/รับซื้ออุปกรณ์คอมพิวเตอร์-ชัยภูมิ/index.html,yes,200,yes,/รับซื้อ/รับซื้ออุปกรณ์คอมพิวเตอร์-ชัยภูมิ,yes,รับซื้อ อุปกรณ์คอมพิวเตอร์ ชัยภูมิ ประเมินราคาเบื้องต้น | Amphon.co.th,รับซื้อ อุปกรณ์คอมพิวเตอร์ ในชัยภูมิ ประเมินราคาฟรี ส่งรูปเช็กราคาได้ ชำระเงินหลังตรวจสอบสินค้าและตกลงราคาเรียบร้อยแล้ว ,รับซื้อ อุปกรณ์คอมพิวเตอร์ ชัยภูมิ ประเมินราคาเบื้องต้น,Answer|BreadcrumbList|ContactPoint|Country|FAQPage|GeoCoordinates|ImageObject|ListItem|LocalBusiness|Offer|OpeningHoursSpecification|Organization|PostalAddress|ProfessionalService|Question|Service|WebPage|WebSite,309,2,44,4,OK
/รับซื้อ/รับซื้ออุปกรณ์คอมพิวเตอร์-นครพนม,service-x-location,dist/client/รับซื้อ/รับซื้ออุปกรณ์คอมพิวเตอร์-นครพนม/index.html,yes,200,yes,/รับซื้อ/รับซื้ออุปกรณ์คอมพิวเตอร์-นครพนม,yes,รับซื้อ อุปกรณ์คอมพิวเตอร์ นครพนม ประเมินราคาเบื้องต้น | Amphon.co.th,รับซื้อ อุปกรณ์คอมพิวเตอร์ ในนครพนม ประเมินราคาฟรี ส่งรูปเช็กราคาได้ ชำระเงินหลังตรวจสอบสินค้าและตกลงราคาเรียบร้อยแล้ว ต,รับซื้อ อุปกรณ์คอมพิวเตอร์ นครพนม ประเมินราคาเบื้องต้น,Answer|BreadcrumbList|ContactPoint|Country|FAQPage|GeoCoordinates|ImageObject|ListItem|LocalBusiness|Offer|OpeningHoursSpecification|Organization|PostalAddress|ProfessionalService|Question|Service|WebPage|WebSite,306,2,44,4,OK
/รับซื้อ/รับซื้ออุปกรณ์คอมพิวเตอร์-นครราชสีมา,service-x-location,dist/client/รับซื้อ/รับซื้ออุปกรณ์คอมพิวเตอร์-นครราชสีมา/index.html,yes,200,yes,/รับซื้อ/รับซื้ออุปกรณ์คอมพิวเตอร์-นครราชสีมา,yes,รับซื้อ อุปกรณ์คอมพิวเตอร์ นครราชสีมา ประเมินราคาเบื้องต้น | Amphon.co.th,รับซื้อ อุปกรณ์คอมพิวเตอร์ ในนครราชสีมา ประเมินราคาฟรี ส่งรูปเช็กราคาได้ ชำระเงินหลังตรวจสอบสินค้าและตกลงราคาเรียบร้อยแล,รับซื้อ อุปกรณ์คอมพิวเตอร์ นครราชสีมา ประเมินราคาเบื้องต้น,Answer|BreadcrumbList|ContactPoint|Country|FAQPage|GeoCoordinates|ImageObject|ListItem|LocalBusiness|Offer|OpeningHoursSpecification|Organization|PostalAddress|ProfessionalService|Question|Service|WebPage|WebSite,328,2,44,4,OK
/รับซื้อ/รับซื้ออุปกรณ์คอมพิวเตอร์-บึงกาฬ,service-x-location,dist/client/รับซื้อ/รับซื้ออุปกรณ์คอมพิวเตอร์-บึงกาฬ/index.html,yes,200,yes,/รับซื้อ/รับซื้ออุปกรณ์คอมพิวเตอร์-บึงกาฬ,yes,รับซื้อ อุปกรณ์คอมพิวเตอร์ บึงกาฬ ประเมินราคาเบื้องต้น | Amphon.co.th,รับซื้อ อุปกรณ์คอมพิวเตอร์ ในบึงกาฬ ประเมินราคาฟรี ส่งรูปเช็กราคาได้ ชำระเงินหลังตรวจสอบสินค้าและตกลงราคาเรียบร้อยแล้ว ต,รับซื้อ อุปกรณ์คอมพิวเตอร์ บึงกาฬ ประเมินราคาเบื้องต้น,Answer|BreadcrumbList|ContactPoint|Country|FAQPage|GeoCoordinates|ImageObject|ListItem|LocalBusiness|Offer|OpeningHoursSpecification|Organization|PostalAddress|ProfessionalService|Question|Service|WebPage|WebSite,298,2,44,4,OK
/รับซื้อ/รับซื้ออุปกรณ์คอมพิวเตอร์-บุรีรัมย์,service-x-location,dist/client/รับซื้อ/รับซื้ออุปกรณ์คอมพิวเตอร์-บุรีรัมย์/index.html,yes,200,yes,/รับซื้อ/รับซื้ออุปกรณ์คอมพิวเตอร์-บุรีรัมย์,yes,รับซื้อ อุปกรณ์คอมพิวเตอร์ บุรีรัมย์ ประเมินราคาเบื้องต้น | Amphon.co.th,รับซื้อ อุปกรณ์คอมพิวเตอร์ ในบุรีรัมย์ ประเมินราคาฟรี ส่งรูปเช็กราคาได้ ชำระเงินหลังตรวจสอบสินค้าและตกลงราคาเรียบร้อยแล้,รับซื้อ อุปกรณ์คอมพิวเตอร์ บุรีรัมย์ ประเมินราคาเบื้องต้น,Answer|BreadcrumbList|ContactPoint|Country|FAQPage|GeoCoordinates|ImageObject|ListItem|LocalBusiness|Offer|OpeningHoursSpecification|Organization|PostalAddress|ProfessionalService|Question|Service|WebPage|WebSite,302,2,44,4,OK
/รับซื้อ/รับซื้ออุปกรณ์คอมพิวเตอร์-มหาสารคาม,service-x-location,dist/client/รับซื้อ/รับซื้ออุปกรณ์คอมพิวเตอร์-มหาสารคาม/index.html,yes,200,yes,/รับซื้อ/รับซื้ออุปกรณ์คอมพิวเตอร์-มหาสารคาม,yes,รับซื้อ อุปกรณ์คอมพิวเตอร์ มหาสารคาม ประเมินราคาเบื้องต้น | Amphon.co.th,รับซื้อ อุปกรณ์คอมพิวเตอร์ ในมหาสารคาม ประเมินราคาฟรี ส่งรูปเช็กราคาได้ ชำระเงินหลังตรวจสอบสินค้าและตกลงราคาเรียบร้อยแล้,รับซื้อ อุปกรณ์คอมพิวเตอร์ มหาสารคาม ประเมินราคาเบื้องต้น,Answer|BreadcrumbList|ContactPoint|Country|FAQPage|GeoCoordinates|ImageObject|ListItem|LocalBusiness|Offer|OpeningHoursSpecification|Organization|PostalAddress|ProfessionalService|Question|Service|WebPage|WebSite,302,2,44,4,OK
/รับซื้อ/รับซื้ออุปกรณ์คอมพิวเตอร์-มุกดาหาร,service-x-location,dist/client/รับซื้อ/รับซื้ออุปกรณ์คอมพิวเตอร์-มุกดาหาร/index.html,yes,200,yes,/รับซื้อ/รับซื้ออุปกรณ์คอมพิวเตอร์-มุกดาหาร,yes,รับซื้อ อุปกรณ์คอมพิวเตอร์ มุกดาหาร ประเมินราคาเบื้องต้น | Amphon.co.th,รับซื้อ อุปกรณ์คอมพิวเตอร์ ในมุกดาหาร ประเมินราคาฟรี ส่งรูปเช็กราคาได้ ชำระเงินหลังตรวจสอบสินค้าและตกลงราคาเรียบร้อยแล้ว,รับซื้อ อุปกรณ์คอมพิวเตอร์ มุกดาหาร ประเมินราคาเบื้องต้น,Answer|BreadcrumbList|ContactPoint|Country|FAQPage|GeoCoordinates|ImageObject|ListItem|LocalBusiness|Offer|OpeningHoursSpecification|Organization|PostalAddress|ProfessionalService|Question|Service|WebPage|WebSite,295,2,44,4,OK
/รับซื้อ/รับซื้ออุปกรณ์คอมพิวเตอร์-ยโสธร,service-x-location,dist/client/รับซื้อ/รับซื้ออุปกรณ์คอมพิวเตอร์-ยโสธร/index.html,yes,200,yes,/รับซื้อ/รับซื้ออุปกรณ์คอมพิวเตอร์-ยโสธร,yes,รับซื้อ อุปกรณ์คอมพิวเตอร์ ยโสธร ประเมินราคาเบื้องต้น | Amphon.co.th,รับซื้อ อุปกรณ์คอมพิวเตอร์ ในยโสธร ประเมินราคาฟรี ส่งรูปเช็กราคาได้ ชำระเงินหลังตรวจสอบสินค้าและตกลงราคาเรียบร้อยแล้ว ติ,รับซื้อ อุปกรณ์คอมพิวเตอร์ ยโสธร ประเมินราคาเบื้องต้น,Answer|BreadcrumbList|ContactPoint|Country|FAQPage|GeoCoordinates|ImageObject|ListItem|LocalBusiness|Offer|OpeningHoursSpecification|Organization|PostalAddress|ProfessionalService|Question|Service|WebPage|WebSite,299,2,44,4,OK
/รับซื้อ/รับซื้ออุปกรณ์คอมพิวเตอร์-ร้อยเอ็ด,service-x-location,dist/client/รับซื้อ/รับซื้ออุปกรณ์คอมพิวเตอร์-ร้อยเอ็ด/index.html,yes,200,yes,/รับซื้อ/รับซื้ออุปกรณ์คอมพิวเตอร์-ร้อยเอ็ด,yes,รับซื้อ อุปกรณ์คอมพิวเตอร์ ร้อยเอ็ด ประเมินราคาเบื้องต้น | Amphon.co.th,รับซื้อ อุปกรณ์คอมพิวเตอร์ ในร้อยเอ็ด ประเมินราคาฟรี ส่งรูปเช็กราคาได้ ชำระเงินหลังตรวจสอบสินค้าและตกลงราคาเรียบร้อยแล้ว,รับซื้อ อุปกรณ์คอมพิวเตอร์ ร้อยเอ็ด ประเมินราคาเบื้องต้น,Answer|BreadcrumbList|ContactPoint|Country|FAQPage|GeoCoordinates|ImageObject|ListItem|LocalBusiness|Offer|OpeningHoursSpecification|Organization|PostalAddress|ProfessionalService|Question|Service|WebPage|WebSite,313,2,44,4,OK
/รับซื้อ/รับซื้ออุปกรณ์คอมพิวเตอร์-ศรีสะเกษ,service-x-location,dist/client/รับซื้อ/รับซื้ออุปกรณ์คอมพิวเตอร์-ศรีสะเกษ/index.html,yes,200,yes,/รับซื้อ/รับซื้ออุปกรณ์คอมพิวเตอร์-ศรีสะเกษ,yes,รับซื้อ อุปกรณ์คอมพิวเตอร์ ศรีสะเกษ ประเมินราคาเบื้องต้น | Amphon.co.th,รับซื้อ อุปกรณ์คอมพิวเตอร์ ในศรีสะเกษ ประเมินราคาฟรี ส่งรูปเช็กราคาได้ ชำระเงินหลังตรวจสอบสินค้าและตกลงราคาเรียบร้อยแล้ว,รับซื้อ อุปกรณ์คอมพิวเตอร์ ศรีสะเกษ ประเมินราคาเบื้องต้น,Answer|BreadcrumbList|ContactPoint|Country|FAQPage|GeoCoordinates|ImageObject|ListItem|LocalBusiness|Offer|OpeningHoursSpecification|Organization|PostalAddress|ProfessionalService|Question|Service|WebPage|WebSite,300,2,44,4,OK
/รับซื้อ/รับซื้ออุปกรณ์คอมพิวเตอร์-สกลนคร,service-x-location,dist/client/รับซื้อ/รับซื้ออุปกรณ์คอมพิวเตอร์-สกลนคร/index.html,yes,200,yes,/รับซื้อ/รับซื้ออุปกรณ์คอมพิวเตอร์-สกลนคร,yes,รับซื้อ อุปกรณ์คอมพิวเตอร์ สกลนคร ประเมินราคาเบื้องต้น | Amphon.co.th,รับซื้อ อุปกรณ์คอมพิวเตอร์ ในสกลนคร ประเมินราคาฟรี ส่งรูปเช็กราคาได้ ชำระเงินหลังตรวจสอบสินค้าและตกลงราคาเรียบร้อยแล้ว ต,รับซื้อ อุปกรณ์คอมพิวเตอร์ สกลนคร ประเมินราคาเบื้องต้น,Answer|BreadcrumbList|ContactPoint|Country|FAQPage|GeoCoordinates|ImageObject|ListItem|LocalBusiness|Offer|OpeningHoursSpecification|Organization|PostalAddress|ProfessionalService|Question|Service|WebPage|WebSite,314,2,44,4,OK
/รับซื้อ/รับซื้ออุปกรณ์คอมพิวเตอร์-สุรินทร์,service-x-location,dist/client/รับซื้อ/รับซื้ออุปกรณ์คอมพิวเตอร์-สุรินทร์/index.html,yes,200,yes,/รับซื้อ/รับซื้ออุปกรณ์คอมพิวเตอร์-สุรินทร์,yes,รับซื้อ อุปกรณ์คอมพิวเตอร์ สุรินทร์ ประเมินราคาเบื้องต้น | Amphon.co.th,รับซื้อ อุปกรณ์คอมพิวเตอร์ ในสุรินทร์ ประเมินราคาฟรี ส่งรูปเช็กราคาได้ ชำระเงินหลังตรวจสอบสินค้าและตกลงราคาเรียบร้อยแล้ว,รับซื้อ อุปกรณ์คอมพิวเตอร์ สุรินทร์ ประเมินราคาเบื้องต้น,Answer|BreadcrumbList|ContactPoint|Country|FAQPage|GeoCoordinates|ImageObject|ListItem|LocalBusiness|Offer|OpeningHoursSpecification|Organization|PostalAddress|ProfessionalService|Question|Service|WebPage|WebSite,299,2,44,4,OK
/รับซื้อ/รับซื้ออุปกรณ์คอมพิวเตอร์-หนองคาย,service-x-location,dist/client/รับซื้อ/รับซื้ออุปกรณ์คอมพิวเตอร์-หนองคาย/index.html,yes,200,yes,/รับซื้อ/รับซื้ออุปกรณ์คอมพิวเตอร์-หนองคาย,yes,รับซื้อ อุปกรณ์คอมพิวเตอร์ หนองคาย ประเมินราคาเบื้องต้น | Amphon.co.th,รับซื้อ อุปกรณ์คอมพิวเตอร์ ในหนองคาย ประเมินราคาฟรี ส่งรูปเช็กราคาได้ ชำระเงินหลังตรวจสอบสินค้าและตกลงราคาเรียบร้อยแล้ว ,รับซื้อ อุปกรณ์คอมพิวเตอร์ หนองคาย ประเมินราคาเบื้องต้น,Answer|BreadcrumbList|ContactPoint|Country|FAQPage|GeoCoordinates|ImageObject|ListItem|LocalBusiness|Offer|OpeningHoursSpecification|Organization|PostalAddress|ProfessionalService|Question|Service|WebPage|WebSite,299,2,44,4,OK
/รับซื้อ/รับซื้ออุปกรณ์คอมพิวเตอร์-หนองบัวลำภู,service-x-location,dist/client/รับซื้อ/รับซื้ออุปกรณ์คอมพิวเตอร์-หนองบัวลำภู/index.html,yes,200,yes,/รับซื้อ/รับซื้ออุปกรณ์คอมพิวเตอร์-หนองบัวลำภู,yes,รับซื้อ อุปกรณ์คอมพิวเตอร์ หนองบัวลำภู ประเมินราคาเบื้องต้น | Amphon.co.th,รับซื้อ อุปกรณ์คอมพิวเตอร์ ในหนองบัวลำภู ประเมินราคาฟรี ส่งรูปเช็กราคาได้ ชำระเงินหลังตรวจสอบสินค้าและตกลงราคาเรียบร้อยแ,รับซื้อ อุปกรณ์คอมพิวเตอร์ หนองบัวลำภู ประเมินราคาเบื้องต้น,Answer|BreadcrumbList|ContactPoint|Country|FAQPage|GeoCoordinates|ImageObject|ListItem|LocalBusiness|Offer|OpeningHoursSpecification|Organization|PostalAddress|ProfessionalService|Question|Service|WebPage|WebSite,291,2,44,4,OK
/รับซื้อ/รับซื้ออุปกรณ์คอมพิวเตอร์-อำนาจเจริญ,service-x-location,dist/client/รับซื้อ/รับซื้ออุปกรณ์คอมพิวเตอร์-อำนาจเจริญ/index.html,yes,200,yes,/รับซื้อ/รับซื้ออุปกรณ์คอมพิวเตอร์-อำนาจเจริญ,yes,รับซื้อ อุปกรณ์คอมพิวเตอร์ อำนาจเจริญ ประเมินราคาเบื้องต้น | Amphon.co.th,รับซื้อ อุปกรณ์คอมพิวเตอร์ ในอำนาจเจริญ ประเมินราคาฟรี ส่งรูปเช็กราคาได้ ชำระเงินหลังตรวจสอบสินค้าและตกลงราคาเรียบร้อยแล,รับซื้อ อุปกรณ์คอมพิวเตอร์ อำนาจเจริญ ประเมินราคาเบื้องต้น,Answer|BreadcrumbList|ContactPoint|Country|FAQPage|GeoCoordinates|ImageObject|ListItem|LocalBusiness|Offer|OpeningHoursSpecification|Organization|PostalAddress|ProfessionalService|Question|Service|WebPage|WebSite,294,2,44,4,OK
/รับซื้อ/รับซื้ออุปกรณ์คอมพิวเตอร์-อุดรธานี,service-x-location,dist/client/รับซื้อ/รับซื้ออุปกรณ์คอมพิวเตอร์-อุดรธานี/index.html,yes,200,yes,/รับซื้อ/รับซื้ออุปกรณ์คอมพิวเตอร์-อุดรธานี,yes,รับซื้อ อุปกรณ์คอมพิวเตอร์ อุดรธานี ประเมินราคาเบื้องต้น | Amphon.co.th,รับซื้อ อุปกรณ์คอมพิวเตอร์ ในอุดรธานี ประเมินราคาฟรี ส่งรูปเช็กราคาได้ ชำระเงินหลังตรวจสอบสินค้าและตกลงราคาเรียบร้อยแล้ว,รับซื้อ อุปกรณ์คอมพิวเตอร์ อุดรธานี ประเมินราคาเบื้องต้น,Answer|BreadcrumbList|ContactPoint|Country|FAQPage|GeoCoordinates|ImageObject|ListItem|LocalBusiness|Offer|OpeningHoursSpecification|Organization|PostalAddress|ProfessionalService|Question|Service|WebPage|WebSite,301,2,44,4,OK
/รับซื้อ/รับซื้ออุปกรณ์คอมพิวเตอร์-อุบลราชธานี,service-x-location,dist/client/รับซื้อ/รับซื้ออุปกรณ์คอมพิวเตอร์-อุบลราชธานี/index.html,yes,200,yes,/รับซื้อ/รับซื้ออุปกรณ์คอมพิวเตอร์-อุบลราชธานี,yes,รับซื้อ อุปกรณ์คอมพิวเตอร์ อุบลราชธานี ประเมินราคาเบื้องต้น | Amphon.co.th,รับซื้อ อุปกรณ์คอมพิวเตอร์ ในอุบลราชธานี ประเมินราคาฟรี ส่งรูปเช็กราคาได้ ชำระเงินหลังตรวจสอบสินค้าและตกลงราคาเรียบร้อยแ,รับซื้อ อุปกรณ์คอมพิวเตอร์ อุบลราชธานี ประเมินราคาเบื้องต้น,Answer|BreadcrumbList|ContactPoint|Country|FAQPage|GeoCoordinates|ImageObject|ListItem|LocalBusiness|Offer|OpeningHoursSpecification|Organization|PostalAddress|ProfessionalService|Question|Service|WebPage|WebSite,295,2,44,4,OK
/รับซื้อ/รับซื้ออุปกรณ์คอมพิวเตอร์-เลย,service-x-location,dist/client/รับซื้อ/รับซื้ออุปกรณ์คอมพิวเตอร์-เลย/index.html,yes,200,yes,/รับซื้อ/รับซื้ออุปกรณ์คอมพิวเตอร์-เลย,yes,รับซื้อ อุปกรณ์คอมพิวเตอร์ เลย ประเมินราคาเบื้องต้น | Amphon.co.th,รับซื้อ อุปกรณ์คอมพิวเตอร์ ในเลย ประเมินราคาฟรี ส่งรูปเช็กราคาได้ ชำระเงินหลังตรวจสอบสินค้าและตกลงราคาเรียบร้อยแล้ว ติดต,รับซื้อ อุปกรณ์คอมพิวเตอร์ เลย ประเมินราคาเบื้องต้น,Answer|BreadcrumbList|ContactPoint|Country|FAQPage|GeoCoordinates|ImageObject|ListItem|LocalBusiness|Offer|OpeningHoursSpecification|Organization|PostalAddress|ProfessionalService|Question|Service|WebPage|WebSite,307,2,44,4,OK
/รับซื้อ/รับซื้ออุปกรณ์ไอที-กาฬสินธุ์,service-x-location,dist/client/รับซื้อ/รับซื้ออุปกรณ์ไอที-กาฬสินธุ์/index.html,yes,200,yes,/รับซื้อ/รับซื้ออุปกรณ์ไอที-กาฬสินธุ์,yes,รับซื้อ อุปกรณ์ไอที กาฬสินธุ์ ประเมินราคาเบื้องต้น | Amphon.co.th,รับซื้อ อุปกรณ์ไอที ในกาฬสินธุ์ ประเมินราคาฟรี ส่งรูปเช็กราคาได้ ชำระเงินหลังตรวจสอบสินค้าและตกลงราคาเรียบร้อยแล้ว ติดต่,รับซื้อ อุปกรณ์ไอที กาฬสินธุ์ ประเมินราคาเบื้องต้น,Answer|BreadcrumbList|ContactPoint|Country|FAQPage|GeoCoordinates|ImageObject|ListItem|LocalBusiness|Offer|OpeningHoursSpecification|Organization|PostalAddress|ProfessionalService|Question|Service|WebPage|WebSite,306,2,44,4,OK
/รับซื้อ/รับซื้ออุปกรณ์ไอที-ขอนแก่น,service-x-location,dist/client/รับซื้อ/รับซื้ออุปกรณ์ไอที-ขอนแก่น/index.html,yes,200,yes,/รับซื้อ/รับซื้ออุปกรณ์ไอที-ขอนแก่น,yes,รับซื้อ อุปกรณ์ไอที ขอนแก่น ประเมินราคาเบื้องต้น | Amphon.co.th,รับซื้อ อุปกรณ์ไอที ในขอนแก่น ประเมินราคาฟรี ส่งรูปเช็กราคาได้ ชำระเงินหลังตรวจสอบสินค้าและตกลงราคาเรียบร้อยแล้ว ติดต่อ ,รับซื้อ อุปกรณ์ไอที ขอนแก่น ประเมินราคาเบื้องต้น,Answer|BreadcrumbList|ContactPoint|Country|FAQPage|GeoCoordinates|ImageObject|ListItem|LocalBusiness|Offer|OpeningHoursSpecification|Organization|PostalAddress|ProfessionalService|Question|Service|WebPage|WebSite,317,2,44,4,OK
/รับซื้อ/รับซื้ออุปกรณ์ไอที-ชัยภูมิ,service-x-location,dist/client/รับซื้อ/รับซื้ออุปกรณ์ไอที-ชัยภูมิ/index.html,yes,200,yes,/รับซื้อ/รับซื้ออุปกรณ์ไอที-ชัยภูมิ,yes,รับซื้อ อุปกรณ์ไอที ชัยภูมิ ประเมินราคาเบื้องต้น | Amphon.co.th,รับซื้อ อุปกรณ์ไอที ในชัยภูมิ ประเมินราคาฟรี ส่งรูปเช็กราคาได้ ชำระเงินหลังตรวจสอบสินค้าและตกลงราคาเรียบร้อยแล้ว ติดต่อ ,รับซื้อ อุปกรณ์ไอที ชัยภูมิ ประเมินราคาเบื้องต้น,Answer|BreadcrumbList|ContactPoint|Country|FAQPage|GeoCoordinates|ImageObject|ListItem|LocalBusiness|Offer|OpeningHoursSpecification|Organization|PostalAddress|ProfessionalService|Question|Service|WebPage|WebSite,305,2,44,4,OK
/รับซื้อ/รับซื้ออุปกรณ์ไอที-นครพนม,service-x-location,dist/client/รับซื้อ/รับซื้ออุปกรณ์ไอที-นครพนม/index.html,yes,200,yes,/รับซื้อ/รับซื้ออุปกรณ์ไอที-นครพนม,yes,รับซื้อ อุปกรณ์ไอที นครพนม ประเมินราคาเบื้องต้น | Amphon.co.th,รับซื้อ อุปกรณ์ไอที ในนครพนม ประเมินราคาฟรี ส่งรูปเช็กราคาได้ ชำระเงินหลังตรวจสอบสินค้าและตกลงราคาเรียบร้อยแล้ว ติดต่อ L,รับซื้อ อุปกรณ์ไอที นครพนม ประเมินราคาเบื้องต้น,Answer|BreadcrumbList|ContactPoint|Country|FAQPage|GeoCoordinates|ImageObject|ListItem|LocalBusiness|Offer|OpeningHoursSpecification|Organization|PostalAddress|ProfessionalService|Question|Service|WebPage|WebSite,302,2,44,4,OK
/รับซื้อ/รับซื้ออุปกรณ์ไอที-นครราชสีมา,service-x-location,dist/client/รับซื้อ/รับซื้ออุปกรณ์ไอที-นครราชสีมา/index.html,yes,200,yes,/รับซื้อ/รับซื้ออุปกรณ์ไอที-นครราชสีมา,yes,รับซื้อ อุปกรณ์ไอที นครราชสีมา ประเมินราคาเบื้องต้น | Amphon.co.th,รับซื้อ อุปกรณ์ไอที ในนครราชสีมา ประเมินราคาฟรี ส่งรูปเช็กราคาได้ ชำระเงินหลังตรวจสอบสินค้าและตกลงราคาเรียบร้อยแล้ว ติดต,รับซื้อ อุปกรณ์ไอที นครราชสีมา ประเมินราคาเบื้องต้น,Answer|BreadcrumbList|ContactPoint|Country|FAQPage|GeoCoordinates|ImageObject|ListItem|LocalBusiness|Offer|OpeningHoursSpecification|Organization|PostalAddress|ProfessionalService|Question|Service|WebPage|WebSite,324,2,44,4,OK
/รับซื้อ/รับซื้ออุปกรณ์ไอที-บึงกาฬ,service-x-location,dist/client/รับซื้อ/รับซื้ออุปกรณ์ไอที-บึงกาฬ/index.html,yes,200,yes,/รับซื้อ/รับซื้ออุปกรณ์ไอที-บึงกาฬ,yes,รับซื้อ อุปกรณ์ไอที บึงกาฬ ประเมินราคาเบื้องต้น | Amphon.co.th,รับซื้อ อุปกรณ์ไอที ในบึงกาฬ ประเมินราคาฟรี ส่งรูปเช็กราคาได้ ชำระเงินหลังตรวจสอบสินค้าและตกลงราคาเรียบร้อยแล้ว ติดต่อ L,รับซื้อ อุปกรณ์ไอที บึงกาฬ ประเมินราคาเบื้องต้น,Answer|BreadcrumbList|ContactPoint|Country|FAQPage|GeoCoordinates|ImageObject|ListItem|LocalBusiness|Offer|OpeningHoursSpecification|Organization|PostalAddress|ProfessionalService|Question|Service|WebPage|WebSite,294,2,44,4,OK
/รับซื้อ/รับซื้ออุปกรณ์ไอที-บุรีรัมย์,service-x-location,dist/client/รับซื้อ/รับซื้ออุปกรณ์ไอที-บุรีรัมย์/index.html,yes,200,yes,/รับซื้อ/รับซื้ออุปกรณ์ไอที-บุรีรัมย์,yes,รับซื้อ อุปกรณ์ไอที บุรีรัมย์ ประเมินราคาเบื้องต้น | Amphon.co.th,รับซื้อ อุปกรณ์ไอที ในบุรีรัมย์ ประเมินราคาฟรี ส่งรูปเช็กราคาได้ ชำระเงินหลังตรวจสอบสินค้าและตกลงราคาเรียบร้อยแล้ว ติดต่,รับซื้อ อุปกรณ์ไอที บุรีรัมย์ ประเมินราคาเบื้องต้น,Answer|BreadcrumbList|ContactPoint|Country|FAQPage|GeoCoordinates|ImageObject|ListItem|LocalBusiness|Offer|OpeningHoursSpecification|Organization|PostalAddress|ProfessionalService|Question|Service|WebPage|WebSite,298,2,44,4,OK
/รับซื้อ/รับซื้ออุปกรณ์ไอที-มหาสารคาม,service-x-location,dist/client/รับซื้อ/รับซื้ออุปกรณ์ไอที-มหาสารคาม/index.html,yes,200,yes,/รับซื้อ/รับซื้ออุปกรณ์ไอที-มหาสารคาม,yes,รับซื้อ อุปกรณ์ไอที มหาสารคาม ประเมินราคาเบื้องต้น | Amphon.co.th,รับซื้อ อุปกรณ์ไอที ในมหาสารคาม ประเมินราคาฟรี ส่งรูปเช็กราคาได้ ชำระเงินหลังตรวจสอบสินค้าและตกลงราคาเรียบร้อยแล้ว ติดต่,รับซื้อ อุปกรณ์ไอที มหาสารคาม ประเมินราคาเบื้องต้น,Answer|BreadcrumbList|ContactPoint|Country|FAQPage|GeoCoordinates|ImageObject|ListItem|LocalBusiness|Offer|OpeningHoursSpecification|Organization|PostalAddress|ProfessionalService|Question|Service|WebPage|WebSite,298,2,44,4,OK
/รับซื้อ/รับซื้ออุปกรณ์ไอที-มุกดาหาร,service-x-location,dist/client/รับซื้อ/รับซื้ออุปกรณ์ไอที-มุกดาหาร/index.html,yes,200,yes,/รับซื้อ/รับซื้ออุปกรณ์ไอที-มุกดาหาร,yes,รับซื้อ อุปกรณ์ไอที มุกดาหาร ประเมินราคาเบื้องต้น | Amphon.co.th,รับซื้อ อุปกรณ์ไอที ในมุกดาหาร ประเมินราคาฟรี ส่งรูปเช็กราคาได้ ชำระเงินหลังตรวจสอบสินค้าและตกลงราคาเรียบร้อยแล้ว ติดต่อ,รับซื้อ อุปกรณ์ไอที มุกดาหาร ประเมินราคาเบื้องต้น,Answer|BreadcrumbList|ContactPoint|Country|FAQPage|GeoCoordinates|ImageObject|ListItem|LocalBusiness|Offer|OpeningHoursSpecification|Organization|PostalAddress|ProfessionalService|Question|Service|WebPage|WebSite,291,2,44,4,OK
/รับซื้อ/รับซื้ออุปกรณ์ไอที-ยโสธร,service-x-location,dist/client/รับซื้อ/รับซื้ออุปกรณ์ไอที-ยโสธร/index.html,yes,200,yes,/รับซื้อ/รับซื้ออุปกรณ์ไอที-ยโสธร,yes,รับซื้อ อุปกรณ์ไอที ยโสธร ประเมินราคาเบื้องต้น | Amphon.co.th,รับซื้อ อุปกรณ์ไอที ในยโสธร ประเมินราคาฟรี ส่งรูปเช็กราคาได้ ชำระเงินหลังตรวจสอบสินค้าและตกลงราคาเรียบร้อยแล้ว ติดต่อ Li,รับซื้อ อุปกรณ์ไอที ยโสธร ประเมินราคาเบื้องต้น,Answer|BreadcrumbList|ContactPoint|Country|FAQPage|GeoCoordinates|ImageObject|ListItem|LocalBusiness|Offer|OpeningHoursSpecification|Organization|PostalAddress|ProfessionalService|Question|Service|WebPage|WebSite,295,2,44,4,OK
/รับซื้อ/รับซื้ออุปกรณ์ไอที-ร้อยเอ็ด,service-x-location,dist/client/รับซื้อ/รับซื้ออุปกรณ์ไอที-ร้อยเอ็ด/index.html,yes,200,yes,/รับซื้อ/รับซื้ออุปกรณ์ไอที-ร้อยเอ็ด,yes,รับซื้อ อุปกรณ์ไอที ร้อยเอ็ด ประเมินราคาเบื้องต้น | Amphon.co.th,รับซื้อ อุปกรณ์ไอที ในร้อยเอ็ด ประเมินราคาฟรี ส่งรูปเช็กราคาได้ ชำระเงินหลังตรวจสอบสินค้าและตกลงราคาเรียบร้อยแล้ว ติดต่อ,รับซื้อ อุปกรณ์ไอที ร้อยเอ็ด ประเมินราคาเบื้องต้น,Answer|BreadcrumbList|ContactPoint|Country|FAQPage|GeoCoordinates|ImageObject|ListItem|LocalBusiness|Offer|OpeningHoursSpecification|Organization|PostalAddress|ProfessionalService|Question|Service|WebPage|WebSite,309,2,44,4,OK
/รับซื้อ/รับซื้ออุปกรณ์ไอที-ศรีสะเกษ,service-x-location,dist/client/รับซื้อ/รับซื้ออุปกรณ์ไอที-ศรีสะเกษ/index.html,yes,200,yes,/รับซื้อ/รับซื้ออุปกรณ์ไอที-ศรีสะเกษ,yes,รับซื้อ อุปกรณ์ไอที ศรีสะเกษ ประเมินราคาเบื้องต้น | Amphon.co.th,รับซื้อ อุปกรณ์ไอที ในศรีสะเกษ ประเมินราคาฟรี ส่งรูปเช็กราคาได้ ชำระเงินหลังตรวจสอบสินค้าและตกลงราคาเรียบร้อยแล้ว ติดต่อ,รับซื้อ อุปกรณ์ไอที ศรีสะเกษ ประเมินราคาเบื้องต้น,Answer|BreadcrumbList|ContactPoint|Country|FAQPage|GeoCoordinates|ImageObject|ListItem|LocalBusiness|Offer|OpeningHoursSpecification|Organization|PostalAddress|ProfessionalService|Question|Service|WebPage|WebSite,296,2,44,4,OK
/รับซื้อ/รับซื้ออุปกรณ์ไอที-สกลนคร,service-x-location,dist/client/รับซื้อ/รับซื้ออุปกรณ์ไอที-สกลนคร/index.html,yes,200,yes,/รับซื้อ/รับซื้ออุปกรณ์ไอที-สกลนคร,yes,รับซื้อ อุปกรณ์ไอที สกลนคร ประเมินราคาเบื้องต้น | Amphon.co.th,รับซื้อ อุปกรณ์ไอที ในสกลนคร ประเมินราคาฟรี ส่งรูปเช็กราคาได้ ชำระเงินหลังตรวจสอบสินค้าและตกลงราคาเรียบร้อยแล้ว ติดต่อ L,รับซื้อ อุปกรณ์ไอที สกลนคร ประเมินราคาเบื้องต้น,Answer|BreadcrumbList|ContactPoint|Country|FAQPage|GeoCoordinates|ImageObject|ListItem|LocalBusiness|Offer|OpeningHoursSpecification|Organization|PostalAddress|ProfessionalService|Question|Service|WebPage|WebSite,310,2,44,4,OK
/รับซื้อ/รับซื้ออุปกรณ์ไอที-สุรินทร์,service-x-location,dist/client/รับซื้อ/รับซื้ออุปกรณ์ไอที-สุรินทร์/index.html,yes,200,yes,/รับซื้อ/รับซื้ออุปกรณ์ไอที-สุรินทร์,yes,รับซื้อ อุปกรณ์ไอที สุรินทร์ ประเมินราคาเบื้องต้น | Amphon.co.th,รับซื้อ อุปกรณ์ไอที ในสุรินทร์ ประเมินราคาฟรี ส่งรูปเช็กราคาได้ ชำระเงินหลังตรวจสอบสินค้าและตกลงราคาเรียบร้อยแล้ว ติดต่อ,รับซื้อ อุปกรณ์ไอที สุรินทร์ ประเมินราคาเบื้องต้น,Answer|BreadcrumbList|ContactPoint|Country|FAQPage|GeoCoordinates|ImageObject|ListItem|LocalBusiness|Offer|OpeningHoursSpecification|Organization|PostalAddress|ProfessionalService|Question|Service|WebPage|WebSite,295,2,44,4,OK
/รับซื้อ/รับซื้ออุปกรณ์ไอที-หนองคาย,service-x-location,dist/client/รับซื้อ/รับซื้ออุปกรณ์ไอที-หนองคาย/index.html,yes,200,yes,/รับซื้อ/รับซื้ออุปกรณ์ไอที-หนองคาย,yes,รับซื้อ อุปกรณ์ไอที หนองคาย ประเมินราคาเบื้องต้น | Amphon.co.th,รับซื้อ อุปกรณ์ไอที ในหนองคาย ประเมินราคาฟรี ส่งรูปเช็กราคาได้ ชำระเงินหลังตรวจสอบสินค้าและตกลงราคาเรียบร้อยแล้ว ติดต่อ ,รับซื้อ อุปกรณ์ไอที หนองคาย ประเมินราคาเบื้องต้น,Answer|BreadcrumbList|ContactPoint|Country|FAQPage|GeoCoordinates|ImageObject|ListItem|LocalBusiness|Offer|OpeningHoursSpecification|Organization|PostalAddress|ProfessionalService|Question|Service|WebPage|WebSite,295,2,44,4,OK
/รับซื้อ/รับซื้ออุปกรณ์ไอที-หนองบัวลำภู,service-x-location,dist/client/รับซื้อ/รับซื้ออุปกรณ์ไอที-หนองบัวลำภู/index.html,yes,200,yes,/รับซื้อ/รับซื้ออุปกรณ์ไอที-หนองบัวลำภู,yes,รับซื้อ อุปกรณ์ไอที หนองบัวลำภู ประเมินราคาเบื้องต้น | Amphon.co.th,รับซื้อ อุปกรณ์ไอที ในหนองบัวลำภู ประเมินราคาฟรี ส่งรูปเช็กราคาได้ ชำระเงินหลังตรวจสอบสินค้าและตกลงราคาเรียบร้อยแล้ว ติด,รับซื้อ อุปกรณ์ไอที หนองบัวลำภู ประเมินราคาเบื้องต้น,Answer|BreadcrumbList|ContactPoint|Country|FAQPage|GeoCoordinates|ImageObject|ListItem|LocalBusiness|Offer|OpeningHoursSpecification|Organization|PostalAddress|ProfessionalService|Question|Service|WebPage|WebSite,287,2,44,4,OK
/รับซื้อ/รับซื้ออุปกรณ์ไอที-อำนาจเจริญ,service-x-location,dist/client/รับซื้อ/รับซื้ออุปกรณ์ไอที-อำนาจเจริญ/index.html,yes,200,yes,/รับซื้อ/รับซื้ออุปกรณ์ไอที-อำนาจเจริญ,yes,รับซื้อ อุปกรณ์ไอที อำนาจเจริญ ประเมินราคาเบื้องต้น | Amphon.co.th,รับซื้อ อุปกรณ์ไอที ในอำนาจเจริญ ประเมินราคาฟรี ส่งรูปเช็กราคาได้ ชำระเงินหลังตรวจสอบสินค้าและตกลงราคาเรียบร้อยแล้ว ติดต,รับซื้อ อุปกรณ์ไอที อำนาจเจริญ ประเมินราคาเบื้องต้น,Answer|BreadcrumbList|ContactPoint|Country|FAQPage|GeoCoordinates|ImageObject|ListItem|LocalBusiness|Offer|OpeningHoursSpecification|Organization|PostalAddress|ProfessionalService|Question|Service|WebPage|WebSite,290,2,44,4,OK
/รับซื้อ/รับซื้ออุปกรณ์ไอที-อุดรธานี,service-x-location,dist/client/รับซื้อ/รับซื้ออุปกรณ์ไอที-อุดรธานี/index.html,yes,200,yes,/รับซื้อ/รับซื้ออุปกรณ์ไอที-อุดรธานี,yes,รับซื้อ อุปกรณ์ไอที อุดรธานี ประเมินราคาเบื้องต้น | Amphon.co.th,รับซื้อ อุปกรณ์ไอที ในอุดรธานี ประเมินราคาฟรี ส่งรูปเช็กราคาได้ ชำระเงินหลังตรวจสอบสินค้าและตกลงราคาเรียบร้อยแล้ว ติดต่อ,รับซื้อ อุปกรณ์ไอที อุดรธานี ประเมินราคาเบื้องต้น,Answer|BreadcrumbList|ContactPoint|Country|FAQPage|GeoCoordinates|ImageObject|ListItem|LocalBusiness|Offer|OpeningHoursSpecification|Organization|PostalAddress|ProfessionalService|Question|Service|WebPage|WebSite,297,2,44,4,OK
/รับซื้อ/รับซื้ออุปกรณ์ไอที-อุบลราชธานี,service-x-location,dist/client/รับซื้อ/รับซื้ออุปกรณ์ไอที-อุบลราชธานี/index.html,yes,200,yes,/รับซื้อ/รับซื้ออุปกรณ์ไอที-อุบลราชธานี,yes,รับซื้อ อุปกรณ์ไอที อุบลราชธานี ประเมินราคาเบื้องต้น | Amphon.co.th,รับซื้อ อุปกรณ์ไอที ในอุบลราชธานี ประเมินราคาฟรี ส่งรูปเช็กราคาได้ ชำระเงินหลังตรวจสอบสินค้าและตกลงราคาเรียบร้อยแล้ว ติด,รับซื้อ อุปกรณ์ไอที อุบลราชธานี ประเมินราคาเบื้องต้น,Answer|BreadcrumbList|ContactPoint|Country|FAQPage|GeoCoordinates|ImageObject|ListItem|LocalBusiness|Offer|OpeningHoursSpecification|Organization|PostalAddress|ProfessionalService|Question|Service|WebPage|WebSite,291,2,44,4,OK
/รับซื้อ/รับซื้ออุปกรณ์ไอที-เลย,service-x-location,dist/client/รับซื้อ/รับซื้ออุปกรณ์ไอที-เลย/index.html,yes,200,yes,/รับซื้อ/รับซื้ออุปกรณ์ไอที-เลย,yes,รับซื้อ อุปกรณ์ไอที เลย ประเมินราคาเบื้องต้น | Amphon.co.th,รับซื้อ อุปกรณ์ไอที ในเลย ประเมินราคาฟรี ส่งรูปเช็กราคาได้ ชำระเงินหลังตรวจสอบสินค้าและตกลงราคาเรียบร้อยแล้ว ติดต่อ Line,รับซื้อ อุปกรณ์ไอที เลย ประเมินราคาเบื้องต้น,Answer|BreadcrumbList|ContactPoint|Country|FAQPage|GeoCoordinates|ImageObject|ListItem|LocalBusiness|Offer|OpeningHoursSpecification|Organization|PostalAddress|ProfessionalService|Question|Service|WebPage|WebSite,303,2,44,4,OK
/รับซื้อ/รับซื้อเครื่องเกม-กาฬสินธุ์,service-x-location,dist/client/รับซื้อ/รับซื้อเครื่องเกม-กาฬสินธุ์/index.html,yes,200,yes,/รับซื้อ/รับซื้อเครื่องเกม-กาฬสินธุ์,yes,รับซื้อ เครื่องเกม กาฬสินธุ์ ประเมินราคาเบื้องต้น | Amphon.co.th,รับซื้อ เครื่องเกม ในกาฬสินธุ์ ประเมินราคาฟรี ส่งรูปเช็กราคาได้ ชำระเงินหลังตรวจสอบสินค้าและตกลงราคาเรียบร้อยแล้ว ติดต่อ,รับซื้อ เครื่องเกม กาฬสินธุ์ ประเมินราคาเบื้องต้น,Answer|BreadcrumbList|ContactPoint|Country|FAQPage|GeoCoordinates|ImageObject|ListItem|LocalBusiness|Offer|OpeningHoursSpecification|Organization|PostalAddress|ProfessionalService|Question|Service|WebPage|WebSite,306,2,44,4,OK
/รับซื้อ/รับซื้อเครื่องเกม-ขอนแก่น,service-x-location,dist/client/รับซื้อ/รับซื้อเครื่องเกม-ขอนแก่น/index.html,yes,200,yes,/รับซื้อ/รับซื้อเครื่องเกม-ขอนแก่น,yes,รับซื้อ เครื่องเกม ขอนแก่น ประเมินราคาเบื้องต้น | Amphon.co.th,รับซื้อ เครื่องเกม ในขอนแก่น ประเมินราคาฟรี ส่งรูปเช็กราคาได้ ชำระเงินหลังตรวจสอบสินค้าและตกลงราคาเรียบร้อยแล้ว ติดต่อ L,รับซื้อ เครื่องเกม ขอนแก่น ประเมินราคาเบื้องต้น,Answer|BreadcrumbList|ContactPoint|Country|FAQPage|GeoCoordinates|ImageObject|ListItem|LocalBusiness|Offer|OpeningHoursSpecification|Organization|PostalAddress|ProfessionalService|Question|Service|WebPage|WebSite,317,2,44,4,OK
/รับซื้อ/รับซื้อเครื่องเกม-ชัยภูมิ,service-x-location,dist/client/รับซื้อ/รับซื้อเครื่องเกม-ชัยภูมิ/index.html,yes,200,yes,/รับซื้อ/รับซื้อเครื่องเกม-ชัยภูมิ,yes,รับซื้อ เครื่องเกม ชัยภูมิ ประเมินราคาเบื้องต้น | Amphon.co.th,รับซื้อ เครื่องเกม ในชัยภูมิ ประเมินราคาฟรี ส่งรูปเช็กราคาได้ ชำระเงินหลังตรวจสอบสินค้าและตกลงราคาเรียบร้อยแล้ว ติดต่อ L,รับซื้อ เครื่องเกม ชัยภูมิ ประเมินราคาเบื้องต้น,Answer|BreadcrumbList|ContactPoint|Country|FAQPage|GeoCoordinates|ImageObject|ListItem|LocalBusiness|Offer|OpeningHoursSpecification|Organization|PostalAddress|ProfessionalService|Question|Service|WebPage|WebSite,305,2,44,4,OK
/รับซื้อ/รับซื้อเครื่องเกม-นครพนม,service-x-location,dist/client/รับซื้อ/รับซื้อเครื่องเกม-นครพนม/index.html,yes,200,yes,/รับซื้อ/รับซื้อเครื่องเกม-นครพนม,yes,รับซื้อ เครื่องเกม นครพนม ประเมินราคาเบื้องต้น | Amphon.co.th,รับซื้อ เครื่องเกม ในนครพนม ประเมินราคาฟรี ส่งรูปเช็กราคาได้ ชำระเงินหลังตรวจสอบสินค้าและตกลงราคาเรียบร้อยแล้ว ติดต่อ Li,รับซื้อ เครื่องเกม นครพนม ประเมินราคาเบื้องต้น,Answer|BreadcrumbList|ContactPoint|Country|FAQPage|GeoCoordinates|ImageObject|ListItem|LocalBusiness|Offer|OpeningHoursSpecification|Organization|PostalAddress|ProfessionalService|Question|Service|WebPage|WebSite,302,2,44,4,OK
/รับซื้อ/รับซื้อเครื่องเกม-นครราชสีมา,service-x-location,dist/client/รับซื้อ/รับซื้อเครื่องเกม-นครราชสีมา/index.html,yes,200,yes,/รับซื้อ/รับซื้อเครื่องเกม-นครราชสีมา,yes,รับซื้อ เครื่องเกม นครราชสีมา ประเมินราคาเบื้องต้น | Amphon.co.th,รับซื้อ เครื่องเกม ในนครราชสีมา ประเมินราคาฟรี ส่งรูปเช็กราคาได้ ชำระเงินหลังตรวจสอบสินค้าและตกลงราคาเรียบร้อยแล้ว ติดต่,รับซื้อ เครื่องเกม นครราชสีมา ประเมินราคาเบื้องต้น,Answer|BreadcrumbList|ContactPoint|Country|FAQPage|GeoCoordinates|ImageObject|ListItem|LocalBusiness|Offer|OpeningHoursSpecification|Organization|PostalAddress|ProfessionalService|Question|Service|WebPage|WebSite,324,2,44,4,OK
/รับซื้อ/รับซื้อเครื่องเกม-บึงกาฬ,service-x-location,dist/client/รับซื้อ/รับซื้อเครื่องเกม-บึงกาฬ/index.html,yes,200,yes,/รับซื้อ/รับซื้อเครื่องเกม-บึงกาฬ,yes,รับซื้อ เครื่องเกม บึงกาฬ ประเมินราคาเบื้องต้น | Amphon.co.th,รับซื้อ เครื่องเกม ในบึงกาฬ ประเมินราคาฟรี ส่งรูปเช็กราคาได้ ชำระเงินหลังตรวจสอบสินค้าและตกลงราคาเรียบร้อยแล้ว ติดต่อ Li,รับซื้อ เครื่องเกม บึงกาฬ ประเมินราคาเบื้องต้น,Answer|BreadcrumbList|ContactPoint|Country|FAQPage|GeoCoordinates|ImageObject|ListItem|LocalBusiness|Offer|OpeningHoursSpecification|Organization|PostalAddress|ProfessionalService|Question|Service|WebPage|WebSite,294,2,44,4,OK
/รับซื้อ/รับซื้อเครื่องเกม-บุรีรัมย์,service-x-location,dist/client/รับซื้อ/รับซื้อเครื่องเกม-บุรีรัมย์/index.html,yes,200,yes,/รับซื้อ/รับซื้อเครื่องเกม-บุรีรัมย์,yes,รับซื้อ เครื่องเกม บุรีรัมย์ ประเมินราคาเบื้องต้น | Amphon.co.th,รับซื้อ เครื่องเกม ในบุรีรัมย์ ประเมินราคาฟรี ส่งรูปเช็กราคาได้ ชำระเงินหลังตรวจสอบสินค้าและตกลงราคาเรียบร้อยแล้ว ติดต่อ,รับซื้อ เครื่องเกม บุรีรัมย์ ประเมินราคาเบื้องต้น,Answer|BreadcrumbList|ContactPoint|Country|FAQPage|GeoCoordinates|ImageObject|ListItem|LocalBusiness|Offer|OpeningHoursSpecification|Organization|PostalAddress|ProfessionalService|Question|Service|WebPage|WebSite,298,2,44,4,OK
/รับซื้อ/รับซื้อเครื่องเกม-มหาสารคาม,service-x-location,dist/client/รับซื้อ/รับซื้อเครื่องเกม-มหาสารคาม/index.html,yes,200,yes,/รับซื้อ/รับซื้อเครื่องเกม-มหาสารคาม,yes,รับซื้อ เครื่องเกม มหาสารคาม ประเมินราคาเบื้องต้น | Amphon.co.th,รับซื้อ เครื่องเกม ในมหาสารคาม ประเมินราคาฟรี ส่งรูปเช็กราคาได้ ชำระเงินหลังตรวจสอบสินค้าและตกลงราคาเรียบร้อยแล้ว ติดต่อ,รับซื้อ เครื่องเกม มหาสารคาม ประเมินราคาเบื้องต้น,Answer|BreadcrumbList|ContactPoint|Country|FAQPage|GeoCoordinates|ImageObject|ListItem|LocalBusiness|Offer|OpeningHoursSpecification|Organization|PostalAddress|ProfessionalService|Question|Service|WebPage|WebSite,298,2,44,4,OK
/รับซื้อ/รับซื้อเครื่องเกม-มุกดาหาร,service-x-location,dist/client/รับซื้อ/รับซื้อเครื่องเกม-มุกดาหาร/index.html,yes,200,yes,/รับซื้อ/รับซื้อเครื่องเกม-มุกดาหาร,yes,รับซื้อ เครื่องเกม มุกดาหาร ประเมินราคาเบื้องต้น | Amphon.co.th,รับซื้อ เครื่องเกม ในมุกดาหาร ประเมินราคาฟรี ส่งรูปเช็กราคาได้ ชำระเงินหลังตรวจสอบสินค้าและตกลงราคาเรียบร้อยแล้ว ติดต่อ ,รับซื้อ เครื่องเกม มุกดาหาร ประเมินราคาเบื้องต้น,Answer|BreadcrumbList|ContactPoint|Country|FAQPage|GeoCoordinates|ImageObject|ListItem|LocalBusiness|Offer|OpeningHoursSpecification|Organization|PostalAddress|ProfessionalService|Question|Service|WebPage|WebSite,291,2,44,4,OK
/รับซื้อ/รับซื้อเครื่องเกม-ยโสธร,service-x-location,dist/client/รับซื้อ/รับซื้อเครื่องเกม-ยโสธร/index.html,yes,200,yes,/รับซื้อ/รับซื้อเครื่องเกม-ยโสธร,yes,รับซื้อ เครื่องเกม ยโสธร ประเมินราคาเบื้องต้น | Amphon.co.th,รับซื้อ เครื่องเกม ในยโสธร ประเมินราคาฟรี ส่งรูปเช็กราคาได้ ชำระเงินหลังตรวจสอบสินค้าและตกลงราคาเรียบร้อยแล้ว ติดต่อ Lin,รับซื้อ เครื่องเกม ยโสธร ประเมินราคาเบื้องต้น,Answer|BreadcrumbList|ContactPoint|Country|FAQPage|GeoCoordinates|ImageObject|ListItem|LocalBusiness|Offer|OpeningHoursSpecification|Organization|PostalAddress|ProfessionalService|Question|Service|WebPage|WebSite,295,2,44,4,OK
/รับซื้อ/รับซื้อเครื่องเกม-ร้อยเอ็ด,service-x-location,dist/client/รับซื้อ/รับซื้อเครื่องเกม-ร้อยเอ็ด/index.html,yes,200,yes,/รับซื้อ/รับซื้อเครื่องเกม-ร้อยเอ็ด,yes,รับซื้อ เครื่องเกม ร้อยเอ็ด ประเมินราคาเบื้องต้น | Amphon.co.th,รับซื้อ เครื่องเกม ในร้อยเอ็ด ประเมินราคาฟรี ส่งรูปเช็กราคาได้ ชำระเงินหลังตรวจสอบสินค้าและตกลงราคาเรียบร้อยแล้ว ติดต่อ ,รับซื้อ เครื่องเกม ร้อยเอ็ด ประเมินราคาเบื้องต้น,Answer|BreadcrumbList|ContactPoint|Country|FAQPage|GeoCoordinates|ImageObject|ListItem|LocalBusiness|Offer|OpeningHoursSpecification|Organization|PostalAddress|ProfessionalService|Question|Service|WebPage|WebSite,309,2,44,4,OK
/รับซื้อ/รับซื้อเครื่องเกม-ศรีสะเกษ,service-x-location,dist/client/รับซื้อ/รับซื้อเครื่องเกม-ศรีสะเกษ/index.html,yes,200,yes,/รับซื้อ/รับซื้อเครื่องเกม-ศรีสะเกษ,yes,รับซื้อ เครื่องเกม ศรีสะเกษ ประเมินราคาเบื้องต้น | Amphon.co.th,รับซื้อ เครื่องเกม ในศรีสะเกษ ประเมินราคาฟรี ส่งรูปเช็กราคาได้ ชำระเงินหลังตรวจสอบสินค้าและตกลงราคาเรียบร้อยแล้ว ติดต่อ ,รับซื้อ เครื่องเกม ศรีสะเกษ ประเมินราคาเบื้องต้น,Answer|BreadcrumbList|ContactPoint|Country|FAQPage|GeoCoordinates|ImageObject|ListItem|LocalBusiness|Offer|OpeningHoursSpecification|Organization|PostalAddress|ProfessionalService|Question|Service|WebPage|WebSite,296,2,44,4,OK
/รับซื้อ/รับซื้อเครื่องเกม-สกลนคร,service-x-location,dist/client/รับซื้อ/รับซื้อเครื่องเกม-สกลนคร/index.html,yes,200,yes,/รับซื้อ/รับซื้อเครื่องเกม-สกลนคร,yes,รับซื้อ เครื่องเกม สกลนคร ประเมินราคาเบื้องต้น | Amphon.co.th,รับซื้อ เครื่องเกม ในสกลนคร ประเมินราคาฟรี ส่งรูปเช็กราคาได้ ชำระเงินหลังตรวจสอบสินค้าและตกลงราคาเรียบร้อยแล้ว ติดต่อ Li,รับซื้อ เครื่องเกม สกลนคร ประเมินราคาเบื้องต้น,Answer|BreadcrumbList|ContactPoint|Country|FAQPage|GeoCoordinates|ImageObject|ListItem|LocalBusiness|Offer|OpeningHoursSpecification|Organization|PostalAddress|ProfessionalService|Question|Service|WebPage|WebSite,310,2,44,4,OK
/รับซื้อ/รับซื้อเครื่องเกม-สุรินทร์,service-x-location,dist/client/รับซื้อ/รับซื้อเครื่องเกม-สุรินทร์/index.html,yes,200,yes,/รับซื้อ/รับซื้อเครื่องเกม-สุรินทร์,yes,รับซื้อ เครื่องเกม สุรินทร์ ประเมินราคาเบื้องต้น | Amphon.co.th,รับซื้อ เครื่องเกม ในสุรินทร์ ประเมินราคาฟรี ส่งรูปเช็กราคาได้ ชำระเงินหลังตรวจสอบสินค้าและตกลงราคาเรียบร้อยแล้ว ติดต่อ ,รับซื้อ เครื่องเกม สุรินทร์ ประเมินราคาเบื้องต้น,Answer|BreadcrumbList|ContactPoint|Country|FAQPage|GeoCoordinates|ImageObject|ListItem|LocalBusiness|Offer|OpeningHoursSpecification|Organization|PostalAddress|ProfessionalService|Question|Service|WebPage|WebSite,295,2,44,4,OK
/รับซื้อ/รับซื้อเครื่องเกม-หนองคาย,service-x-location,dist/client/รับซื้อ/รับซื้อเครื่องเกม-หนองคาย/index.html,yes,200,yes,/รับซื้อ/รับซื้อเครื่องเกม-หนองคาย,yes,รับซื้อ เครื่องเกม หนองคาย ประเมินราคาเบื้องต้น | Amphon.co.th,รับซื้อ เครื่องเกม ในหนองคาย ประเมินราคาฟรี ส่งรูปเช็กราคาได้ ชำระเงินหลังตรวจสอบสินค้าและตกลงราคาเรียบร้อยแล้ว ติดต่อ L,รับซื้อ เครื่องเกม หนองคาย ประเมินราคาเบื้องต้น,Answer|BreadcrumbList|ContactPoint|Country|FAQPage|GeoCoordinates|ImageObject|ListItem|LocalBusiness|Offer|OpeningHoursSpecification|Organization|PostalAddress|ProfessionalService|Question|Service|WebPage|WebSite,295,2,44,4,OK
/รับซื้อ/รับซื้อเครื่องเกม-หนองบัวลำภู,service-x-location,dist/client/รับซื้อ/รับซื้อเครื่องเกม-หนองบัวลำภู/index.html,yes,200,yes,/รับซื้อ/รับซื้อเครื่องเกม-หนองบัวลำภู,yes,รับซื้อ เครื่องเกม หนองบัวลำภู ประเมินราคาเบื้องต้น | Amphon.co.th,รับซื้อ เครื่องเกม ในหนองบัวลำภู ประเมินราคาฟรี ส่งรูปเช็กราคาได้ ชำระเงินหลังตรวจสอบสินค้าและตกลงราคาเรียบร้อยแล้ว ติดต,รับซื้อ เครื่องเกม หนองบัวลำภู ประเมินราคาเบื้องต้น,Answer|BreadcrumbList|ContactPoint|Country|FAQPage|GeoCoordinates|ImageObject|ListItem|LocalBusiness|Offer|OpeningHoursSpecification|Organization|PostalAddress|ProfessionalService|Question|Service|WebPage|WebSite,287,2,44,4,OK
/รับซื้อ/รับซื้อเครื่องเกม-อำนาจเจริญ,service-x-location,dist/client/รับซื้อ/รับซื้อเครื่องเกม-อำนาจเจริญ/index.html,yes,200,yes,/รับซื้อ/รับซื้อเครื่องเกม-อำนาจเจริญ,yes,รับซื้อ เครื่องเกม อำนาจเจริญ ประเมินราคาเบื้องต้น | Amphon.co.th,รับซื้อ เครื่องเกม ในอำนาจเจริญ ประเมินราคาฟรี ส่งรูปเช็กราคาได้ ชำระเงินหลังตรวจสอบสินค้าและตกลงราคาเรียบร้อยแล้ว ติดต่,รับซื้อ เครื่องเกม อำนาจเจริญ ประเมินราคาเบื้องต้น,Answer|BreadcrumbList|ContactPoint|Country|FAQPage|GeoCoordinates|ImageObject|ListItem|LocalBusiness|Offer|OpeningHoursSpecification|Organization|PostalAddress|ProfessionalService|Question|Service|WebPage|WebSite,290,2,44,4,OK
/รับซื้อ/รับซื้อเครื่องเกม-อุดรธานี,service-x-location,dist/client/รับซื้อ/รับซื้อเครื่องเกม-อุดรธานี/index.html,yes,200,yes,/รับซื้อ/รับซื้อเครื่องเกม-อุดรธานี,yes,รับซื้อ เครื่องเกม อุดรธานี ประเมินราคาเบื้องต้น | Amphon.co.th,รับซื้อ เครื่องเกม ในอุดรธานี ประเมินราคาฟรี ส่งรูปเช็กราคาได้ ชำระเงินหลังตรวจสอบสินค้าและตกลงราคาเรียบร้อยแล้ว ติดต่อ ,รับซื้อ เครื่องเกม อุดรธานี ประเมินราคาเบื้องต้น,Answer|BreadcrumbList|ContactPoint|Country|FAQPage|GeoCoordinates|ImageObject|ListItem|LocalBusiness|Offer|OpeningHoursSpecification|Organization|PostalAddress|ProfessionalService|Question|Service|WebPage|WebSite,297,2,44,4,OK
/รับซื้อ/รับซื้อเครื่องเกม-อุบลราชธานี,service-x-location,dist/client/รับซื้อ/รับซื้อเครื่องเกม-อุบลราชธานี/index.html,yes,200,yes,/รับซื้อ/รับซื้อเครื่องเกม-อุบลราชธานี,yes,รับซื้อ เครื่องเกม อุบลราชธานี ประเมินราคาเบื้องต้น | Amphon.co.th,รับซื้อ เครื่องเกม ในอุบลราชธานี ประเมินราคาฟรี ส่งรูปเช็กราคาได้ ชำระเงินหลังตรวจสอบสินค้าและตกลงราคาเรียบร้อยแล้ว ติดต,รับซื้อ เครื่องเกม อุบลราชธานี ประเมินราคาเบื้องต้น,Answer|BreadcrumbList|ContactPoint|Country|FAQPage|GeoCoordinates|ImageObject|ListItem|LocalBusiness|Offer|OpeningHoursSpecification|Organization|PostalAddress|ProfessionalService|Question|Service|WebPage|WebSite,291,2,44,4,OK
/รับซื้อ/รับซื้อเครื่องเกม-เลย,service-x-location,dist/client/รับซื้อ/รับซื้อเครื่องเกม-เลย/index.html,yes,200,yes,/รับซื้อ/รับซื้อเครื่องเกม-เลย,yes,รับซื้อ เครื่องเกม เลย ประเมินราคาเบื้องต้น | Amphon.co.th,รับซื้อ เครื่องเกม ในเลย ประเมินราคาฟรี ส่งรูปเช็กราคาได้ ชำระเงินหลังตรวจสอบสินค้าและตกลงราคาเรียบร้อยแล้ว ติดต่อ Line ,รับซื้อ เครื่องเกม เลย ประเมินราคาเบื้องต้น,Answer|BreadcrumbList|ContactPoint|Country|FAQPage|GeoCoordinates|ImageObject|ListItem|LocalBusiness|Offer|OpeningHoursSpecification|Organization|PostalAddress|ProfessionalService|Question|Service|WebPage|WebSite,303,2,44,4,OK
/รับซื้อ/รับซื้อเครื่องใช้ไฟฟ้า-กาฬสินธุ์,service-x-location,dist/client/รับซื้อ/รับซื้อเครื่องใช้ไฟฟ้า-กาฬสินธุ์/index.html,yes,200,yes,/รับซื้อ/รับซื้อเครื่องใช้ไฟฟ้า-กาฬสินธุ์,yes,รับซื้อ เครื่องใช้ไฟฟ้ามือสอง กาฬสินธุ์ ประเมินราคาฟรี นัดรับหรือประสานขนส่งตามข้อตกลง | Amphon.co.th,รับซื้อ เครื่องใช้ไฟฟ้ามือสอง ใน กาฬสินธุ์ ประเมินราคาตามประเภท รุ่น สเปก สภาพ จำนวน และความต้องการตลาด ประเมินราคาฟรีผ่,รับซื้อ เครื่องใช้ไฟฟ้ามือสอง กาฬสินธุ์ ประเมินราคาฟรี นัดรับหรือประสานขนส่งตามข้อตกลง,Answer|BreadcrumbList|ContactPoint|Country|FAQPage|GeoCoordinates|ImageObject|ListItem|LocalBusiness|Offer|OpeningHoursSpecification|Organization|PostalAddress|ProfessionalService|Question|Service|WebPage|WebSite,223,2,44,4,OK
/รับซื้อ/รับซื้อเครื่องใช้ไฟฟ้า-ขอนแก่น,service-x-location,dist/client/รับซื้อ/รับซื้อเครื่องใช้ไฟฟ้า-ขอนแก่น/index.html,yes,200,yes,/รับซื้อ/รับซื้อเครื่องใช้ไฟฟ้า-ขอนแก่น,yes,รับซื้อ เครื่องใช้ไฟฟ้ามือสอง ขอนแก่น ประเมินราคาฟรี นัดรับหรือประสานขนส่งตามข้อตกลง | Amphon.co.th,รับซื้อ เครื่องใช้ไฟฟ้ามือสอง ใน ขอนแก่น ประเมินราคาตามประเภท รุ่น สเปก สภาพ จำนวน และความต้องการตลาด ประเมินราคาฟรีผ่าน,รับซื้อ เครื่องใช้ไฟฟ้ามือสอง ขอนแก่น ประเมินราคาฟรี นัดรับหรือประสานขนส่งตามข้อตกลง,Answer|BreadcrumbList|ContactPoint|Country|FAQPage|GeoCoordinates|ImageObject|ListItem|LocalBusiness|Offer|OpeningHoursSpecification|Organization|PostalAddress|ProfessionalService|Question|Service|WebPage|WebSite,189,2,44,4,OK
/รับซื้อ/รับซื้อเครื่องใช้ไฟฟ้า-ชัยภูมิ,service-x-location,dist/client/รับซื้อ/รับซื้อเครื่องใช้ไฟฟ้า-ชัยภูมิ/index.html,yes,200,yes,/รับซื้อ/รับซื้อเครื่องใช้ไฟฟ้า-ชัยภูมิ,yes,รับซื้อ เครื่องใช้ไฟฟ้ามือสอง ชัยภูมิ ประเมินราคาฟรี นัดรับหรือประสานขนส่งตามข้อตกลง | Amphon.co.th,รับซื้อ เครื่องใช้ไฟฟ้ามือสอง ใน ชัยภูมิ ประเมินราคาตามประเภท รุ่น สเปก สภาพ จำนวน และความต้องการตลาด ประเมินราคาฟรีผ่าน,รับซื้อ เครื่องใช้ไฟฟ้ามือสอง ชัยภูมิ ประเมินราคาฟรี นัดรับหรือประสานขนส่งตามข้อตกลง,Answer|BreadcrumbList|ContactPoint|Country|FAQPage|GeoCoordinates|ImageObject|ListItem|LocalBusiness|Offer|OpeningHoursSpecification|Organization|PostalAddress|ProfessionalService|Question|Service|WebPage|WebSite,190,2,44,4,OK
/รับซื้อ/รับซื้อเครื่องใช้ไฟฟ้า-นครพนม,service-x-location,dist/client/รับซื้อ/รับซื้อเครื่องใช้ไฟฟ้า-นครพนม/index.html,yes,200,yes,/รับซื้อ/รับซื้อเครื่องใช้ไฟฟ้า-นครพนม,yes,รับซื้อ เครื่องใช้ไฟฟ้ามือสอง นครพนม ประเมินราคาฟรี นัดรับหรือประสานขนส่งตามข้อตกลง | Amphon.co.th,รับซื้อ เครื่องใช้ไฟฟ้ามือสอง ใน นครพนม ประเมินราคาตามประเภท รุ่น สเปก สภาพ จำนวน และความต้องการตลาด ประเมินราคาฟรีผ่าน ,รับซื้อ เครื่องใช้ไฟฟ้ามือสอง นครพนม ประเมินราคาฟรี นัดรับหรือประสานขนส่งตามข้อตกลง,Answer|BreadcrumbList|ContactPoint|Country|FAQPage|GeoCoordinates|ImageObject|ListItem|LocalBusiness|Offer|OpeningHoursSpecification|Organization|PostalAddress|ProfessionalService|Question|Service|WebPage|WebSite,218,2,44,4,OK
/รับซื้อ/รับซื้อเครื่องใช้ไฟฟ้า-นครราชสีมา,service-x-location,dist/client/รับซื้อ/รับซื้อเครื่องใช้ไฟฟ้า-นครราชสีมา/index.html,yes,200,yes,/รับซื้อ/รับซื้อเครื่องใช้ไฟฟ้า-นครราชสีมา,yes,รับซื้อ เครื่องใช้ไฟฟ้ามือสอง นครราชสีมา ประเมินราคาฟรี นัดรับหรือประสานขนส่งตามข้อตกลง | Amphon.co.th,รับซื้อ เครื่องใช้ไฟฟ้ามือสอง ใน นครราชสีมา ประเมินราคาตามประเภท รุ่น สเปก สภาพ จำนวน และความต้องการตลาด ประเมินราคาฟรีผ,รับซื้อ เครื่องใช้ไฟฟ้ามือสอง นครราชสีมา ประเมินราคาฟรี นัดรับหรือประสานขนส่งตามข้อตกลง,Answer|BreadcrumbList|ContactPoint|Country|FAQPage|GeoCoordinates|ImageObject|ListItem|LocalBusiness|Offer|OpeningHoursSpecification|Organization|PostalAddress|ProfessionalService|Question|Service|WebPage|WebSite,193,2,44,4,OK
/รับซื้อ/รับซื้อเครื่องใช้ไฟฟ้า-บึงกาฬ,service-x-location,dist/client/รับซื้อ/รับซื้อเครื่องใช้ไฟฟ้า-บึงกาฬ/index.html,yes,200,yes,/รับซื้อ/รับซื้อเครื่องใช้ไฟฟ้า-บึงกาฬ,yes,รับซื้อ เครื่องใช้ไฟฟ้ามือสอง บึงกาฬ ประเมินราคาฟรี นัดรับหรือประสานขนส่งตามข้อตกลง | Amphon.co.th,รับซื้อ เครื่องใช้ไฟฟ้ามือสอง ใน บึงกาฬ ประเมินราคาตามประเภท รุ่น สเปก สภาพ จำนวน และความต้องการตลาด ประเมินราคาฟรีผ่าน ,รับซื้อ เครื่องใช้ไฟฟ้ามือสอง บึงกาฬ ประเมินราคาฟรี นัดรับหรือประสานขนส่งตามข้อตกลง,Answer|BreadcrumbList|ContactPoint|Country|FAQPage|GeoCoordinates|ImageObject|ListItem|LocalBusiness|Offer|OpeningHoursSpecification|Organization|PostalAddress|ProfessionalService|Question|Service|WebPage|WebSite,197,2,44,4,OK
/รับซื้อ/รับซื้อเครื่องใช้ไฟฟ้า-บุรีรัมย์,service-x-location,dist/client/รับซื้อ/รับซื้อเครื่องใช้ไฟฟ้า-บุรีรัมย์/index.html,yes,200,yes,/รับซื้อ/รับซื้อเครื่องใช้ไฟฟ้า-บุรีรัมย์,yes,รับซื้อ เครื่องใช้ไฟฟ้ามือสอง บุรีรัมย์ ประเมินราคาฟรี นัดรับหรือประสานขนส่งตามข้อตกลง | Amphon.co.th,รับซื้อ เครื่องใช้ไฟฟ้ามือสอง ใน บุรีรัมย์ ประเมินราคาตามประเภท รุ่น สเปก สภาพ จำนวน และความต้องการตลาด ประเมินราคาฟรีผ่,รับซื้อ เครื่องใช้ไฟฟ้ามือสอง บุรีรัมย์ ประเมินราคาฟรี นัดรับหรือประสานขนส่งตามข้อตกลง,Answer|BreadcrumbList|ContactPoint|Country|FAQPage|GeoCoordinates|ImageObject|ListItem|LocalBusiness|Offer|OpeningHoursSpecification|Organization|PostalAddress|ProfessionalService|Question|Service|WebPage|WebSite,226,2,44,4,OK
/รับซื้อ/รับซื้อเครื่องใช้ไฟฟ้า-มหาสารคาม,service-x-location,dist/client/รับซื้อ/รับซื้อเครื่องใช้ไฟฟ้า-มหาสารคาม/index.html,yes,200,yes,/รับซื้อ/รับซื้อเครื่องใช้ไฟฟ้า-มหาสารคาม,yes,รับซื้อ เครื่องใช้ไฟฟ้ามือสอง มหาสารคาม ประเมินราคาฟรี นัดรับหรือประสานขนส่งตามข้อตกลง | Amphon.co.th,รับซื้อ เครื่องใช้ไฟฟ้ามือสอง ใน มหาสารคาม ประเมินราคาตามประเภท รุ่น สเปก สภาพ จำนวน และความต้องการตลาด ประเมินราคาฟรีผ่,รับซื้อ เครื่องใช้ไฟฟ้ามือสอง มหาสารคาม ประเมินราคาฟรี นัดรับหรือประสานขนส่งตามข้อตกลง,Answer|BreadcrumbList|ContactPoint|Country|FAQPage|GeoCoordinates|ImageObject|ListItem|LocalBusiness|Offer|OpeningHoursSpecification|Organization|PostalAddress|ProfessionalService|Question|Service|WebPage|WebSite,183,2,44,4,OK
/รับซื้อ/รับซื้อเครื่องใช้ไฟฟ้า-มุกดาหาร,service-x-location,dist/client/รับซื้อ/รับซื้อเครื่องใช้ไฟฟ้า-มุกดาหาร/index.html,yes,200,yes,/รับซื้อ/รับซื้อเครื่องใช้ไฟฟ้า-มุกดาหาร,yes,รับซื้อ เครื่องใช้ไฟฟ้ามือสอง มุกดาหาร ประเมินราคาฟรี นัดรับหรือประสานขนส่งตามข้อตกลง | Amphon.co.th,รับซื้อ เครื่องใช้ไฟฟ้ามือสอง ใน มุกดาหาร ประเมินราคาตามประเภท รุ่น สเปก สภาพ จำนวน และความต้องการตลาด ประเมินราคาฟรีผ่า,รับซื้อ เครื่องใช้ไฟฟ้ามือสอง มุกดาหาร ประเมินราคาฟรี นัดรับหรือประสานขนส่งตามข้อตกลง,Answer|BreadcrumbList|ContactPoint|Country|FAQPage|GeoCoordinates|ImageObject|ListItem|LocalBusiness|Offer|OpeningHoursSpecification|Organization|PostalAddress|ProfessionalService|Question|Service|WebPage|WebSite,198,2,44,4,OK
/รับซื้อ/รับซื้อเครื่องใช้ไฟฟ้า-ยโสธร,service-x-location,dist/client/รับซื้อ/รับซื้อเครื่องใช้ไฟฟ้า-ยโสธร/index.html,yes,200,yes,/รับซื้อ/รับซื้อเครื่องใช้ไฟฟ้า-ยโสธร,yes,รับซื้อ เครื่องใช้ไฟฟ้ามือสอง ยโสธร ประเมินราคาฟรี นัดรับหรือประสานขนส่งตามข้อตกลง | Amphon.co.th,รับซื้อ เครื่องใช้ไฟฟ้ามือสอง ใน ยโสธร ประเมินราคาตามประเภท รุ่น สเปก สภาพ จำนวน และความต้องการตลาด ประเมินราคาฟรีผ่าน L,รับซื้อ เครื่องใช้ไฟฟ้ามือสอง ยโสธร ประเมินราคาฟรี นัดรับหรือประสานขนส่งตามข้อตกลง,Answer|BreadcrumbList|ContactPoint|Country|FAQPage|GeoCoordinates|ImageObject|ListItem|LocalBusiness|Offer|OpeningHoursSpecification|Organization|PostalAddress|ProfessionalService|Question|Service|WebPage|WebSite,221,2,44,4,OK
/รับซื้อ/รับซื้อเครื่องใช้ไฟฟ้า-ร้อยเอ็ด,service-x-location,dist/client/รับซื้อ/รับซื้อเครื่องใช้ไฟฟ้า-ร้อยเอ็ด/index.html,yes,200,yes,/รับซื้อ/รับซื้อเครื่องใช้ไฟฟ้า-ร้อยเอ็ด,yes,รับซื้อ เครื่องใช้ไฟฟ้ามือสอง ร้อยเอ็ด ประเมินราคาฟรี นัดรับหรือประสานขนส่งตามข้อตกลง | Amphon.co.th,รับซื้อ เครื่องใช้ไฟฟ้ามือสอง ใน ร้อยเอ็ด ประเมินราคาตามประเภท รุ่น สเปก สภาพ จำนวน และความต้องการตลาด ประเมินราคาฟรีผ่า,รับซื้อ เครื่องใช้ไฟฟ้ามือสอง ร้อยเอ็ด ประเมินราคาฟรี นัดรับหรือประสานขนส่งตามข้อตกลง,Answer|BreadcrumbList|ContactPoint|Country|FAQPage|GeoCoordinates|ImageObject|ListItem|LocalBusiness|Offer|OpeningHoursSpecification|Organization|PostalAddress|ProfessionalService|Question|Service|WebPage|WebSite,189,2,44,4,OK
/รับซื้อ/รับซื้อเครื่องใช้ไฟฟ้า-ศรีสะเกษ,service-x-location,dist/client/รับซื้อ/รับซื้อเครื่องใช้ไฟฟ้า-ศรีสะเกษ/index.html,yes,200,yes,/รับซื้อ/รับซื้อเครื่องใช้ไฟฟ้า-ศรีสะเกษ,yes,รับซื้อ เครื่องใช้ไฟฟ้ามือสอง ศรีสะเกษ ประเมินราคาฟรี นัดรับหรือประสานขนส่งตามข้อตกลง | Amphon.co.th,รับซื้อ เครื่องใช้ไฟฟ้ามือสอง ใน ศรีสะเกษ ประเมินราคาตามประเภท รุ่น สเปก สภาพ จำนวน และความต้องการตลาด ประเมินราคาฟรีผ่า,รับซื้อ เครื่องใช้ไฟฟ้ามือสอง ศรีสะเกษ ประเมินราคาฟรี นัดรับหรือประสานขนส่งตามข้อตกลง,Answer|BreadcrumbList|ContactPoint|Country|FAQPage|GeoCoordinates|ImageObject|ListItem|LocalBusiness|Offer|OpeningHoursSpecification|Organization|PostalAddress|ProfessionalService|Question|Service|WebPage|WebSite,221,2,44,4,OK
/รับซื้อ/รับซื้อเครื่องใช้ไฟฟ้า-สกลนคร,service-x-location,dist/client/รับซื้อ/รับซื้อเครื่องใช้ไฟฟ้า-สกลนคร/index.html,yes,200,yes,/รับซื้อ/รับซื้อเครื่องใช้ไฟฟ้า-สกลนคร,yes,รับซื้อ เครื่องใช้ไฟฟ้ามือสอง สกลนคร ประเมินราคาฟรี นัดรับหรือประสานขนส่งตามข้อตกลง | Amphon.co.th,รับซื้อ เครื่องใช้ไฟฟ้ามือสอง ใน สกลนคร ประเมินราคาตามประเภท รุ่น สเปก สภาพ จำนวน และความต้องการตลาด ประเมินราคาฟรีผ่าน ,รับซื้อ เครื่องใช้ไฟฟ้ามือสอง สกลนคร ประเมินราคาฟรี นัดรับหรือประสานขนส่งตามข้อตกลง,Answer|BreadcrumbList|ContactPoint|Country|FAQPage|GeoCoordinates|ImageObject|ListItem|LocalBusiness|Offer|OpeningHoursSpecification|Organization|PostalAddress|ProfessionalService|Question|Service|WebPage|WebSite,187,2,44,4,OK
/รับซื้อ/รับซื้อเครื่องใช้ไฟฟ้า-สุรินทร์,service-x-location,dist/client/รับซื้อ/รับซื้อเครื่องใช้ไฟฟ้า-สุรินทร์/index.html,yes,200,yes,/รับซื้อ/รับซื้อเครื่องใช้ไฟฟ้า-สุรินทร์,yes,รับซื้อ เครื่องใช้ไฟฟ้ามือสอง สุรินทร์ ประเมินราคาฟรี นัดรับหรือประสานขนส่งตามข้อตกลง | Amphon.co.th,รับซื้อ เครื่องใช้ไฟฟ้ามือสอง ใน สุรินทร์ ประเมินราคาตามประเภท รุ่น สเปก สภาพ จำนวน และความต้องการตลาด ประเมินราคาฟรีผ่า,รับซื้อ เครื่องใช้ไฟฟ้ามือสอง สุรินทร์ ประเมินราคาฟรี นัดรับหรือประสานขนส่งตามข้อตกลง,Answer|BreadcrumbList|ContactPoint|Country|FAQPage|GeoCoordinates|ImageObject|ListItem|LocalBusiness|Offer|OpeningHoursSpecification|Organization|PostalAddress|ProfessionalService|Question|Service|WebPage|WebSite,197,2,44,4,OK
/รับซื้อ/รับซื้อเครื่องใช้ไฟฟ้า-หนองคาย,service-x-location,dist/client/รับซื้อ/รับซื้อเครื่องใช้ไฟฟ้า-หนองคาย/index.html,yes,200,yes,/รับซื้อ/รับซื้อเครื่องใช้ไฟฟ้า-หนองคาย,yes,รับซื้อ เครื่องใช้ไฟฟ้ามือสอง หนองคาย ประเมินราคาฟรี นัดรับหรือประสานขนส่งตามข้อตกลง | Amphon.co.th,รับซื้อ เครื่องใช้ไฟฟ้ามือสอง ใน หนองคาย ประเมินราคาตามประเภท รุ่น สเปก สภาพ จำนวน และความต้องการตลาด ประเมินราคาฟรีผ่าน,รับซื้อ เครื่องใช้ไฟฟ้ามือสอง หนองคาย ประเมินราคาฟรี นัดรับหรือประสานขนส่งตามข้อตกลง,Answer|BreadcrumbList|ContactPoint|Country|FAQPage|GeoCoordinates|ImageObject|ListItem|LocalBusiness|Offer|OpeningHoursSpecification|Organization|PostalAddress|ProfessionalService|Question|Service|WebPage|WebSite,223,2,44,4,OK
/รับซื้อ/รับซื้อเครื่องใช้ไฟฟ้า-หนองบัวลำภู,service-x-location,dist/client/รับซื้อ/รับซื้อเครื่องใช้ไฟฟ้า-หนองบัวลำภู/index.html,yes,200,yes,/รับซื้อ/รับซื้อเครื่องใช้ไฟฟ้า-หนองบัวลำภู,yes,รับซื้อ เครื่องใช้ไฟฟ้ามือสอง หนองบัวลำภู ประเมินราคาฟรี นัดรับหรือประสานขนส่งตามข้อตกลง | Amphon.co.th,รับซื้อ เครื่องใช้ไฟฟ้ามือสอง ใน หนองบัวลำภู ประเมินราคาตามประเภท รุ่น สเปก สภาพ จำนวน และความต้องการตลาด ประเมินราคาฟรี,รับซื้อ เครื่องใช้ไฟฟ้ามือสอง หนองบัวลำภู ประเมินราคาฟรี นัดรับหรือประสานขนส่งตามข้อตกลง,Answer|BreadcrumbList|ContactPoint|Country|FAQPage|GeoCoordinates|ImageObject|ListItem|LocalBusiness|Offer|OpeningHoursSpecification|Organization|PostalAddress|ProfessionalService|Question|Service|WebPage|WebSite,181,2,44,4,OK
/รับซื้อ/รับซื้อเครื่องใช้ไฟฟ้า-อำนาจเจริญ,service-x-location,dist/client/รับซื้อ/รับซื้อเครื่องใช้ไฟฟ้า-อำนาจเจริญ/index.html,yes,200,yes,/รับซื้อ/รับซื้อเครื่องใช้ไฟฟ้า-อำนาจเจริญ,yes,รับซื้อ เครื่องใช้ไฟฟ้ามือสอง อำนาจเจริญ ประเมินราคาฟรี นัดรับหรือประสานขนส่งตามข้อตกลง | Amphon.co.th,รับซื้อ เครื่องใช้ไฟฟ้ามือสอง ใน อำนาจเจริญ ประเมินราคาตามประเภท รุ่น สเปก สภาพ จำนวน และความต้องการตลาด ประเมินราคาฟรีผ,รับซื้อ เครื่องใช้ไฟฟ้ามือสอง อำนาจเจริญ ประเมินราคาฟรี นัดรับหรือประสานขนส่งตามข้อตกลง,Answer|BreadcrumbList|ContactPoint|Country|FAQPage|GeoCoordinates|ImageObject|ListItem|LocalBusiness|Offer|OpeningHoursSpecification|Organization|PostalAddress|ProfessionalService|Question|Service|WebPage|WebSite,182,2,44,4,OK
/รับซื้อ/รับซื้อเครื่องใช้ไฟฟ้า-อุดรธานี,service-x-location,dist/client/รับซื้อ/รับซื้อเครื่องใช้ไฟฟ้า-อุดรธานี/index.html,yes,200,yes,/รับซื้อ/รับซื้อเครื่องใช้ไฟฟ้า-อุดรธานี,yes,รับซื้อ เครื่องใช้ไฟฟ้ามือสอง อุดรธานี ประเมินราคาฟรี นัดรับหรือประสานขนส่งตามข้อตกลง | Amphon.co.th,รับซื้อ เครื่องใช้ไฟฟ้ามือสอง ใน อุดรธานี ประเมินราคาตามประเภท รุ่น สเปก สภาพ จำนวน และความต้องการตลาด ประเมินราคาฟรีผ่า,รับซื้อ เครื่องใช้ไฟฟ้ามือสอง อุดรธานี ประเมินราคาฟรี นัดรับหรือประสานขนส่งตามข้อตกลง,Answer|BreadcrumbList|ContactPoint|Country|FAQPage|GeoCoordinates|ImageObject|ListItem|LocalBusiness|Offer|OpeningHoursSpecification|Organization|PostalAddress|ProfessionalService|Question|Service|WebPage|WebSite,221,2,44,4,OK
/รับซื้อ/รับซื้อเครื่องใช้ไฟฟ้า-อุบลราชธานี,service-x-location,dist/client/รับซื้อ/รับซื้อเครื่องใช้ไฟฟ้า-อุบลราชธานี/index.html,yes,200,yes,/รับซื้อ/รับซื้อเครื่องใช้ไฟฟ้า-อุบลราชธานี,yes,รับซื้อ เครื่องใช้ไฟฟ้ามือสอง อุบลราชธานี ประเมินราคาฟรี นัดรับหรือประสานขนส่งตามข้อตกลง | Amphon.co.th,รับซื้อ เครื่องใช้ไฟฟ้ามือสอง ใน อุบลราชธานี ประเมินราคาตามประเภท รุ่น สเปก สภาพ จำนวน และความต้องการตลาด ประเมินราคาฟรี,รับซื้อ เครื่องใช้ไฟฟ้ามือสอง อุบลราชธานี ประเมินราคาฟรี นัดรับหรือประสานขนส่งตามข้อตกลง,Answer|BreadcrumbList|ContactPoint|Country|FAQPage|GeoCoordinates|ImageObject|ListItem|LocalBusiness|Offer|OpeningHoursSpecification|Organization|PostalAddress|ProfessionalService|Question|Service|WebPage|WebSite,181,2,44,4,OK
/รับซื้อ/รับซื้อเครื่องใช้ไฟฟ้า-เลย,service-x-location,dist/client/รับซื้อ/รับซื้อเครื่องใช้ไฟฟ้า-เลย/index.html,yes,200,yes,/รับซื้อ/รับซื้อเครื่องใช้ไฟฟ้า-เลย,yes,รับซื้อ เครื่องใช้ไฟฟ้ามือสอง เลย ประเมินราคาฟรี นัดรับหรือประสานขนส่งตามข้อตกลง | Amphon.co.th,รับซื้อ เครื่องใช้ไฟฟ้ามือสอง ใน เลย ประเมินราคาตามประเภท รุ่น สเปก สภาพ จำนวน และความต้องการตลาด ประเมินราคาฟรีผ่าน Lin,รับซื้อ เครื่องใช้ไฟฟ้ามือสอง เลย ประเมินราคาฟรี นัดรับหรือประสานขนส่งตามข้อตกลง,Answer|BreadcrumbList|ContactPoint|Country|FAQPage|GeoCoordinates|ImageObject|ListItem|LocalBusiness|Offer|OpeningHoursSpecification|Organization|PostalAddress|ProfessionalService|Question|Service|WebPage|WebSite,188,2,44,4,OK
/รับซื้อ/รับซื้อเฟอร์นิเจอร์-กาฬสินธุ์,service-x-location,dist/client/รับซื้อ/รับซื้อเฟอร์นิเจอร์-กาฬสินธุ์/index.html,yes,200,yes,/รับซื้อ/รับซื้อเฟอร์นิเจอร์-กาฬสินธุ์,yes,รับซื้อ เฟอร์นิเจอร์และของย้ายบ้าน กาฬสินธุ์ ประเมินราคาฟรี นัดรับหรือประสานขนส่งตามข้อตกลง | Amphon.co.th,รับซื้อ เฟอร์นิเจอร์และของย้ายบ้าน ใน กาฬสินธุ์ ประเมินราคาตามประเภท รุ่น สเปก สภาพ จำนวน และความต้องการตลาด ประเมินราคา,รับซื้อ เฟอร์นิเจอร์และของย้ายบ้าน กาฬสินธุ์ ประเมินราคาฟรี นัดรับหรือประสานขนส่งตามข้อตกลง,BreadcrumbList|ContactPoint|Country|GeoCoordinates|ImageObject|ListItem|LocalBusiness|Offer|OpeningHoursSpecification|Organization|PostalAddress|ProfessionalService|Service|WebPage|WebSite,121,2,44,4,OK
/รับซื้อ/รับซื้อเฟอร์นิเจอร์-ขอนแก่น,service-x-location,dist/client/รับซื้อ/รับซื้อเฟอร์นิเจอร์-ขอนแก่น/index.html,yes,200,yes,/รับซื้อ/รับซื้อเฟอร์นิเจอร์-ขอนแก่น,yes,รับซื้อ เฟอร์นิเจอร์และของย้ายบ้าน ขอนแก่น ประเมินราคาฟรี นัดรับหรือประสานขนส่งตามข้อตกลง | Amphon.co.th,รับซื้อ เฟอร์นิเจอร์และของย้ายบ้าน ใน ขอนแก่น ประเมินราคาตามประเภท รุ่น สเปก สภาพ จำนวน และความต้องการตลาด ประเมินราคาฟร,รับซื้อ เฟอร์นิเจอร์และของย้ายบ้าน ขอนแก่น ประเมินราคาฟรี นัดรับหรือประสานขนส่งตามข้อตกลง,BreadcrumbList|ContactPoint|Country|GeoCoordinates|ImageObject|ListItem|LocalBusiness|Offer|OpeningHoursSpecification|Organization|PostalAddress|ProfessionalService|Service|WebPage|WebSite,121,2,44,4,OK
/รับซื้อ/รับซื้อเฟอร์นิเจอร์-ชัยภูมิ,service-x-location,dist/client/รับซื้อ/รับซื้อเฟอร์นิเจอร์-ชัยภูมิ/index.html,yes,200,yes,/รับซื้อ/รับซื้อเฟอร์นิเจอร์-ชัยภูมิ,yes,รับซื้อ เฟอร์นิเจอร์และของย้ายบ้าน ชัยภูมิ ประเมินราคาฟรี นัดรับหรือประสานขนส่งตามข้อตกลง | Amphon.co.th,รับซื้อ เฟอร์นิเจอร์และของย้ายบ้าน ใน ชัยภูมิ ประเมินราคาตามประเภท รุ่น สเปก สภาพ จำนวน และความต้องการตลาด ประเมินราคาฟร,รับซื้อ เฟอร์นิเจอร์และของย้ายบ้าน ชัยภูมิ ประเมินราคาฟรี นัดรับหรือประสานขนส่งตามข้อตกลง,BreadcrumbList|ContactPoint|Country|GeoCoordinates|ImageObject|ListItem|LocalBusiness|Offer|OpeningHoursSpecification|Organization|PostalAddress|ProfessionalService|Service|WebPage|WebSite,122,2,44,4,OK
/รับซื้อ/รับซื้อเฟอร์นิเจอร์-นครพนม,service-x-location,dist/client/รับซื้อ/รับซื้อเฟอร์นิเจอร์-นครพนม/index.html,yes,200,yes,/รับซื้อ/รับซื้อเฟอร์นิเจอร์-นครพนม,yes,รับซื้อ เฟอร์นิเจอร์และของย้ายบ้าน นครพนม ประเมินราคาฟรี นัดรับหรือประสานขนส่งตามข้อตกลง | Amphon.co.th,รับซื้อ เฟอร์นิเจอร์และของย้ายบ้าน ใน นครพนม ประเมินราคาตามประเภท รุ่น สเปก สภาพ จำนวน และความต้องการตลาด ประเมินราคาฟรี,รับซื้อ เฟอร์นิเจอร์และของย้ายบ้าน นครพนม ประเมินราคาฟรี นัดรับหรือประสานขนส่งตามข้อตกลง,BreadcrumbList|ContactPoint|Country|GeoCoordinates|ImageObject|ListItem|LocalBusiness|Offer|OpeningHoursSpecification|Organization|PostalAddress|ProfessionalService|Service|WebPage|WebSite,122,2,44,4,OK
/รับซื้อ/รับซื้อเฟอร์นิเจอร์-นครราชสีมา,service-x-location,dist/client/รับซื้อ/รับซื้อเฟอร์นิเจอร์-นครราชสีมา/index.html,yes,200,yes,/รับซื้อ/รับซื้อเฟอร์นิเจอร์-นครราชสีมา,yes,รับซื้อ เฟอร์นิเจอร์และของย้ายบ้าน นครราชสีมา ประเมินราคาฟรี นัดรับหรือประสานขนส่งตามข้อตกลง | Amphon.co.th,รับซื้อ เฟอร์นิเจอร์และของย้ายบ้าน ใน นครราชสีมา ประเมินราคาตามประเภท รุ่น สเปก สภาพ จำนวน และความต้องการตลาด ประเมินราค,รับซื้อ เฟอร์นิเจอร์และของย้ายบ้าน นครราชสีมา ประเมินราคาฟรี นัดรับหรือประสานขนส่งตามข้อตกลง,BreadcrumbList|ContactPoint|Country|GeoCoordinates|ImageObject|ListItem|LocalBusiness|Offer|OpeningHoursSpecification|Organization|PostalAddress|ProfessionalService|Service|WebPage|WebSite,122,2,44,4,OK
/รับซื้อ/รับซื้อเฟอร์นิเจอร์-บึงกาฬ,service-x-location,dist/client/รับซื้อ/รับซื้อเฟอร์นิเจอร์-บึงกาฬ/index.html,yes,200,yes,/รับซื้อ/รับซื้อเฟอร์นิเจอร์-บึงกาฬ,yes,รับซื้อ เฟอร์นิเจอร์และของย้ายบ้าน บึงกาฬ ประเมินราคาฟรี นัดรับหรือประสานขนส่งตามข้อตกลง | Amphon.co.th,รับซื้อ เฟอร์นิเจอร์และของย้ายบ้าน ใน บึงกาฬ ประเมินราคาตามประเภท รุ่น สเปก สภาพ จำนวน และความต้องการตลาด ประเมินราคาฟรี,รับซื้อ เฟอร์นิเจอร์และของย้ายบ้าน บึงกาฬ ประเมินราคาฟรี นัดรับหรือประสานขนส่งตามข้อตกลง,BreadcrumbList|ContactPoint|Country|GeoCoordinates|ImageObject|ListItem|LocalBusiness|Offer|OpeningHoursSpecification|Organization|PostalAddress|ProfessionalService|Service|WebPage|WebSite,121,2,44,4,OK
/รับซื้อ/รับซื้อเฟอร์นิเจอร์-บุรีรัมย์,service-x-location,dist/client/รับซื้อ/รับซื้อเฟอร์นิเจอร์-บุรีรัมย์/index.html,yes,200,yes,/รับซื้อ/รับซื้อเฟอร์นิเจอร์-บุรีรัมย์,yes,รับซื้อ เฟอร์นิเจอร์และของย้ายบ้าน บุรีรัมย์ ประเมินราคาฟรี นัดรับหรือประสานขนส่งตามข้อตกลง | Amphon.co.th,รับซื้อ เฟอร์นิเจอร์และของย้ายบ้าน ใน บุรีรัมย์ ประเมินราคาตามประเภท รุ่น สเปก สภาพ จำนวน และความต้องการตลาด ประเมินราคา,รับซื้อ เฟอร์นิเจอร์และของย้ายบ้าน บุรีรัมย์ ประเมินราคาฟรี นัดรับหรือประสานขนส่งตามข้อตกลง,BreadcrumbList|ContactPoint|Country|GeoCoordinates|ImageObject|ListItem|LocalBusiness|Offer|OpeningHoursSpecification|Organization|PostalAddress|ProfessionalService|Service|WebPage|WebSite,121,2,44,4,OK
/รับซื้อ/รับซื้อเฟอร์นิเจอร์-มหาสารคาม,service-x-location,dist/client/รับซื้อ/รับซื้อเฟอร์นิเจอร์-มหาสารคาม/index.html,yes,200,yes,/รับซื้อ/รับซื้อเฟอร์นิเจอร์-มหาสารคาม,yes,รับซื้อ เฟอร์นิเจอร์และของย้ายบ้าน มหาสารคาม ประเมินราคาฟรี นัดรับหรือประสานขนส่งตามข้อตกลง | Amphon.co.th,รับซื้อ เฟอร์นิเจอร์และของย้ายบ้าน ใน มหาสารคาม ประเมินราคาตามประเภท รุ่น สเปก สภาพ จำนวน และความต้องการตลาด ประเมินราคา,รับซื้อ เฟอร์นิเจอร์และของย้ายบ้าน มหาสารคาม ประเมินราคาฟรี นัดรับหรือประสานขนส่งตามข้อตกลง,BreadcrumbList|ContactPoint|Country|GeoCoordinates|ImageObject|ListItem|LocalBusiness|Offer|OpeningHoursSpecification|Organization|PostalAddress|ProfessionalService|Service|WebPage|WebSite,122,2,44,4,OK
/รับซื้อ/รับซื้อเฟอร์นิเจอร์-มุกดาหาร,service-x-location,dist/client/รับซื้อ/รับซื้อเฟอร์นิเจอร์-มุกดาหาร/index.html,yes,200,yes,/รับซื้อ/รับซื้อเฟอร์นิเจอร์-มุกดาหาร,yes,รับซื้อ เฟอร์นิเจอร์และของย้ายบ้าน มุกดาหาร ประเมินราคาฟรี นัดรับหรือประสานขนส่งตามข้อตกลง | Amphon.co.th,รับซื้อ เฟอร์นิเจอร์และของย้ายบ้าน ใน มุกดาหาร ประเมินราคาตามประเภท รุ่น สเปก สภาพ จำนวน และความต้องการตลาด ประเมินราคาฟ,รับซื้อ เฟอร์นิเจอร์และของย้ายบ้าน มุกดาหาร ประเมินราคาฟรี นัดรับหรือประสานขนส่งตามข้อตกลง,BreadcrumbList|ContactPoint|Country|GeoCoordinates|ImageObject|ListItem|LocalBusiness|Offer|OpeningHoursSpecification|Organization|PostalAddress|ProfessionalService|Service|WebPage|WebSite,121,2,44,4,OK
/รับซื้อ/รับซื้อเฟอร์นิเจอร์-ยโสธร,service-x-location,dist/client/รับซื้อ/รับซื้อเฟอร์นิเจอร์-ยโสธร/index.html,yes,200,yes,/รับซื้อ/รับซื้อเฟอร์นิเจอร์-ยโสธร,yes,รับซื้อ เฟอร์นิเจอร์และของย้ายบ้าน ยโสธร ประเมินราคาฟรี นัดรับหรือประสานขนส่งตามข้อตกลง | Amphon.co.th,รับซื้อ เฟอร์นิเจอร์และของย้ายบ้าน ใน ยโสธร ประเมินราคาตามประเภท รุ่น สเปก สภาพ จำนวน และความต้องการตลาด ประเมินราคาฟรีผ,รับซื้อ เฟอร์นิเจอร์และของย้ายบ้าน ยโสธร ประเมินราคาฟรี นัดรับหรือประสานขนส่งตามข้อตกลง,BreadcrumbList|ContactPoint|Country|GeoCoordinates|ImageObject|ListItem|LocalBusiness|Offer|OpeningHoursSpecification|Organization|PostalAddress|ProfessionalService|Service|WebPage|WebSite,121,2,44,4,OK
/รับซื้อ/รับซื้อเฟอร์นิเจอร์-ร้อยเอ็ด,service-x-location,dist/client/รับซื้อ/รับซื้อเฟอร์นิเจอร์-ร้อยเอ็ด/index.html,yes,200,yes,/รับซื้อ/รับซื้อเฟอร์นิเจอร์-ร้อยเอ็ด,yes,รับซื้อ เฟอร์นิเจอร์และของย้ายบ้าน ร้อยเอ็ด ประเมินราคาฟรี นัดรับหรือประสานขนส่งตามข้อตกลง | Amphon.co.th,รับซื้อ เฟอร์นิเจอร์และของย้ายบ้าน ใน ร้อยเอ็ด ประเมินราคาตามประเภท รุ่น สเปก สภาพ จำนวน และความต้องการตลาด ประเมินราคาฟ,รับซื้อ เฟอร์นิเจอร์และของย้ายบ้าน ร้อยเอ็ด ประเมินราคาฟรี นัดรับหรือประสานขนส่งตามข้อตกลง,BreadcrumbList|ContactPoint|Country|GeoCoordinates|ImageObject|ListItem|LocalBusiness|Offer|OpeningHoursSpecification|Organization|PostalAddress|ProfessionalService|Service|WebPage|WebSite,122,2,44,4,OK
/รับซื้อ/รับซื้อเฟอร์นิเจอร์-ศรีสะเกษ,service-x-location,dist/client/รับซื้อ/รับซื้อเฟอร์นิเจอร์-ศรีสะเกษ/index.html,yes,200,yes,/รับซื้อ/รับซื้อเฟอร์นิเจอร์-ศรีสะเกษ,yes,รับซื้อ เฟอร์นิเจอร์และของย้ายบ้าน ศรีสะเกษ ประเมินราคาฟรี นัดรับหรือประสานขนส่งตามข้อตกลง | Amphon.co.th,รับซื้อ เฟอร์นิเจอร์และของย้ายบ้าน ใน ศรีสะเกษ ประเมินราคาตามประเภท รุ่น สเปก สภาพ จำนวน และความต้องการตลาด ประเมินราคาฟ,รับซื้อ เฟอร์นิเจอร์และของย้ายบ้าน ศรีสะเกษ ประเมินราคาฟรี นัดรับหรือประสานขนส่งตามข้อตกลง,BreadcrumbList|ContactPoint|Country|GeoCoordinates|ImageObject|ListItem|LocalBusiness|Offer|OpeningHoursSpecification|Organization|PostalAddress|ProfessionalService|Service|WebPage|WebSite,122,2,44,4,OK
/รับซื้อ/รับซื้อเฟอร์นิเจอร์-สกลนคร,service-x-location,dist/client/รับซื้อ/รับซื้อเฟอร์นิเจอร์-สกลนคร/index.html,yes,200,yes,/รับซื้อ/รับซื้อเฟอร์นิเจอร์-สกลนคร,yes,รับซื้อ เฟอร์นิเจอร์และของย้ายบ้าน สกลนคร ประเมินราคาฟรี นัดรับหรือประสานขนส่งตามข้อตกลง | Amphon.co.th,รับซื้อ เฟอร์นิเจอร์และของย้ายบ้าน ใน สกลนคร ประเมินราคาตามประเภท รุ่น สเปก สภาพ จำนวน และความต้องการตลาด ประเมินราคาฟรี,รับซื้อ เฟอร์นิเจอร์และของย้ายบ้าน สกลนคร ประเมินราคาฟรี นัดรับหรือประสานขนส่งตามข้อตกลง,BreadcrumbList|ContactPoint|Country|GeoCoordinates|ImageObject|ListItem|LocalBusiness|Offer|OpeningHoursSpecification|Organization|PostalAddress|ProfessionalService|Service|WebPage|WebSite,122,2,44,4,OK
/รับซื้อ/รับซื้อเฟอร์นิเจอร์-สุรินทร์,service-x-location,dist/client/รับซื้อ/รับซื้อเฟอร์นิเจอร์-สุรินทร์/index.html,yes,200,yes,/รับซื้อ/รับซื้อเฟอร์นิเจอร์-สุรินทร์,yes,รับซื้อ เฟอร์นิเจอร์และของย้ายบ้าน สุรินทร์ ประเมินราคาฟรี นัดรับหรือประสานขนส่งตามข้อตกลง | Amphon.co.th,รับซื้อ เฟอร์นิเจอร์และของย้ายบ้าน ใน สุรินทร์ ประเมินราคาตามประเภท รุ่น สเปก สภาพ จำนวน และความต้องการตลาด ประเมินราคาฟ,รับซื้อ เฟอร์นิเจอร์และของย้ายบ้าน สุรินทร์ ประเมินราคาฟรี นัดรับหรือประสานขนส่งตามข้อตกลง,BreadcrumbList|ContactPoint|Country|GeoCoordinates|ImageObject|ListItem|LocalBusiness|Offer|OpeningHoursSpecification|Organization|PostalAddress|ProfessionalService|Service|WebPage|WebSite,120,2,44,4,OK
/รับซื้อ/รับซื้อเฟอร์นิเจอร์-หนองคาย,service-x-location,dist/client/รับซื้อ/รับซื้อเฟอร์นิเจอร์-หนองคาย/index.html,yes,200,yes,/รับซื้อ/รับซื้อเฟอร์นิเจอร์-หนองคาย,yes,รับซื้อ เฟอร์นิเจอร์และของย้ายบ้าน หนองคาย ประเมินราคาฟรี นัดรับหรือประสานขนส่งตามข้อตกลง | Amphon.co.th,รับซื้อ เฟอร์นิเจอร์และของย้ายบ้าน ใน หนองคาย ประเมินราคาตามประเภท รุ่น สเปก สภาพ จำนวน และความต้องการตลาด ประเมินราคาฟร,รับซื้อ เฟอร์นิเจอร์และของย้ายบ้าน หนองคาย ประเมินราคาฟรี นัดรับหรือประสานขนส่งตามข้อตกลง,BreadcrumbList|ContactPoint|Country|GeoCoordinates|ImageObject|ListItem|LocalBusiness|Offer|OpeningHoursSpecification|Organization|PostalAddress|ProfessionalService|Service|WebPage|WebSite,122,2,44,4,OK
/รับซื้อ/รับซื้อเฟอร์นิเจอร์-หนองบัวลำภู,service-x-location,dist/client/รับซื้อ/รับซื้อเฟอร์นิเจอร์-หนองบัวลำภู/index.html,yes,200,yes,/รับซื้อ/รับซื้อเฟอร์นิเจอร์-หนองบัวลำภู,yes,รับซื้อ เฟอร์นิเจอร์และของย้ายบ้าน หนองบัวลำภู ประเมินราคาฟรี นัดรับหรือประสานขนส่งตามข้อตกลง | Amphon.co.th,รับซื้อ เฟอร์นิเจอร์และของย้ายบ้าน ใน หนองบัวลำภู ประเมินราคาตามประเภท รุ่น สเปก สภาพ จำนวน และความต้องการตลาด ประเมินรา,รับซื้อ เฟอร์นิเจอร์และของย้ายบ้าน หนองบัวลำภู ประเมินราคาฟรี นัดรับหรือประสานขนส่งตามข้อตกลง,BreadcrumbList|ContactPoint|Country|GeoCoordinates|ImageObject|ListItem|LocalBusiness|Offer|OpeningHoursSpecification|Organization|PostalAddress|ProfessionalService|Service|WebPage|WebSite,120,2,44,4,OK
/รับซื้อ/รับซื้อเฟอร์นิเจอร์-อำนาจเจริญ,service-x-location,dist/client/รับซื้อ/รับซื้อเฟอร์นิเจอร์-อำนาจเจริญ/index.html,yes,200,yes,/รับซื้อ/รับซื้อเฟอร์นิเจอร์-อำนาจเจริญ,yes,รับซื้อ เฟอร์นิเจอร์และของย้ายบ้าน อำนาจเจริญ ประเมินราคาฟรี นัดรับหรือประสานขนส่งตามข้อตกลง | Amphon.co.th,รับซื้อ เฟอร์นิเจอร์และของย้ายบ้าน ใน อำนาจเจริญ ประเมินราคาตามประเภท รุ่น สเปก สภาพ จำนวน และความต้องการตลาด ประเมินราค,รับซื้อ เฟอร์นิเจอร์และของย้ายบ้าน อำนาจเจริญ ประเมินราคาฟรี นัดรับหรือประสานขนส่งตามข้อตกลง,BreadcrumbList|ContactPoint|Country|GeoCoordinates|ImageObject|ListItem|LocalBusiness|Offer|OpeningHoursSpecification|Organization|PostalAddress|ProfessionalService|Service|WebPage|WebSite,120,2,44,4,OK
/รับซื้อ/รับซื้อเฟอร์นิเจอร์-อุดรธานี,service-x-location,dist/client/รับซื้อ/รับซื้อเฟอร์นิเจอร์-อุดรธานี/index.html,yes,200,yes,/รับซื้อ/รับซื้อเฟอร์นิเจอร์-อุดรธานี,yes,รับซื้อ เฟอร์นิเจอร์และของย้ายบ้าน อุดรธานี ประเมินราคาฟรี นัดรับหรือประสานขนส่งตามข้อตกลง | Amphon.co.th,รับซื้อ เฟอร์นิเจอร์และของย้ายบ้าน ใน อุดรธานี ประเมินราคาตามประเภท รุ่น สเปก สภาพ จำนวน และความต้องการตลาด ประเมินราคาฟ,รับซื้อ เฟอร์นิเจอร์และของย้ายบ้าน อุดรธานี ประเมินราคาฟรี นัดรับหรือประสานขนส่งตามข้อตกลง,BreadcrumbList|ContactPoint|Country|GeoCoordinates|ImageObject|ListItem|LocalBusiness|Offer|OpeningHoursSpecification|Organization|PostalAddress|ProfessionalService|Service|WebPage|WebSite,121,2,44,4,OK
/รับซื้อ/รับซื้อเฟอร์นิเจอร์-อุบลราชธานี,service-x-location,dist/client/รับซื้อ/รับซื้อเฟอร์นิเจอร์-อุบลราชธานี/index.html,yes,200,yes,/รับซื้อ/รับซื้อเฟอร์นิเจอร์-อุบลราชธานี,yes,รับซื้อ เฟอร์นิเจอร์มือสอง อุบลราชธานี ประเมินราคาฟรี นัดรับหรือประสานขนส่งตามข้อตกลง | Amphon.co.th,รับซื้อ เฟอร์นิเจอร์มือสอง ใน อุบลราชธานี ประเมินราคาตามประเภท รุ่น สเปก สภาพ จำนวน และความต้องการตลาด ประเมินราคาฟรีผ่า,รับซื้อ เฟอร์นิเจอร์มือสอง อุบลราชธานี ประเมินราคาฟรี นัดรับหรือประสานขนส่งตามข้อตกลง,Answer|BreadcrumbList|ContactPoint|Country|FAQPage|GeoCoordinates|ImageObject|ListItem|LocalBusiness|Offer|OpeningHoursSpecification|Organization|PostalAddress|ProfessionalService|Question|Service|WebPage|WebSite,176,2,44,4,OK
/รับซื้อ/รับซื้อเฟอร์นิเจอร์-เลย,service-x-location,dist/client/รับซื้อ/รับซื้อเฟอร์นิเจอร์-เลย/index.html,yes,200,yes,/รับซื้อ/รับซื้อเฟอร์นิเจอร์-เลย,yes,รับซื้อ เฟอร์นิเจอร์และของย้ายบ้าน เลย ประเมินราคาฟรี นัดรับหรือประสานขนส่งตามข้อตกลง | Amphon.co.th,รับซื้อ เฟอร์นิเจอร์และของย้ายบ้าน ใน เลย ประเมินราคาตามประเภท รุ่น สเปก สภาพ จำนวน และความต้องการตลาด ประเมินราคาฟรีผ่า,รับซื้อ เฟอร์นิเจอร์และของย้ายบ้าน เลย ประเมินราคาฟรี นัดรับหรือประสานขนส่งตามข้อตกลง,BreadcrumbList|ContactPoint|Country|GeoCoordinates|ImageObject|ListItem|LocalBusiness|Offer|OpeningHoursSpecification|Organization|PostalAddress|ProfessionalService|Service|WebPage|WebSite,120,2,44,4,OK
/รับซื้อ/รับซื้อเมนบอร์ด-กาฬสินธุ์,service-x-location,dist/client/รับซื้อ/รับซื้อเมนบอร์ด-กาฬสินธุ์/index.html,yes,200,yes,/รับซื้อ/รับซื้อเมนบอร์ด-กาฬสินธุ์,yes,รับซื้อ เมนบอร์ด กาฬสินธุ์ ประเมินราคาเบื้องต้น | Amphon.co.th,รับซื้อ เมนบอร์ด ในกาฬสินธุ์ ประเมินราคาฟรี ส่งรูปเช็กราคาได้ ชำระเงินหลังตรวจสอบสินค้าและตกลงราคาเรียบร้อยแล้ว ติดต่อ L,รับซื้อ เมนบอร์ด กาฬสินธุ์ ประเมินราคาเบื้องต้น,Answer|BreadcrumbList|ContactPoint|Country|FAQPage|GeoCoordinates|ImageObject|ListItem|LocalBusiness|Offer|OpeningHoursSpecification|Organization|PostalAddress|ProfessionalService|Question|Service|WebPage|WebSite,304,2,44,4,OK
/รับซื้อ/รับซื้อเมนบอร์ด-ขอนแก่น,service-x-location,dist/client/รับซื้อ/รับซื้อเมนบอร์ด-ขอนแก่น/index.html,yes,200,yes,/รับซื้อ/รับซื้อเมนบอร์ด-ขอนแก่น,yes,รับซื้อ เมนบอร์ด ขอนแก่น ประเมินราคาเบื้องต้น | Amphon.co.th,รับซื้อ เมนบอร์ด ในขอนแก่น ประเมินราคาฟรี ส่งรูปเช็กราคาได้ ชำระเงินหลังตรวจสอบสินค้าและตกลงราคาเรียบร้อยแล้ว ติดต่อ Lin,รับซื้อ เมนบอร์ด ขอนแก่น ประเมินราคาเบื้องต้น,Answer|BreadcrumbList|ContactPoint|Country|FAQPage|GeoCoordinates|ImageObject|ListItem|LocalBusiness|Offer|OpeningHoursSpecification|Organization|PostalAddress|ProfessionalService|Question|Service|WebPage|WebSite,315,2,44,4,OK
/รับซื้อ/รับซื้อเมนบอร์ด-ชัยภูมิ,service-x-location,dist/client/รับซื้อ/รับซื้อเมนบอร์ด-ชัยภูมิ/index.html,yes,200,yes,/รับซื้อ/รับซื้อเมนบอร์ด-ชัยภูมิ,yes,รับซื้อ เมนบอร์ด ชัยภูมิ ประเมินราคาเบื้องต้น | Amphon.co.th,รับซื้อ เมนบอร์ด ในชัยภูมิ ประเมินราคาฟรี ส่งรูปเช็กราคาได้ ชำระเงินหลังตรวจสอบสินค้าและตกลงราคาเรียบร้อยแล้ว ติดต่อ Lin,รับซื้อ เมนบอร์ด ชัยภูมิ ประเมินราคาเบื้องต้น,Answer|BreadcrumbList|ContactPoint|Country|FAQPage|GeoCoordinates|ImageObject|ListItem|LocalBusiness|Offer|OpeningHoursSpecification|Organization|PostalAddress|ProfessionalService|Question|Service|WebPage|WebSite,303,2,44,4,OK
/รับซื้อ/รับซื้อเมนบอร์ด-นครพนม,service-x-location,dist/client/รับซื้อ/รับซื้อเมนบอร์ด-นครพนม/index.html,yes,200,yes,/รับซื้อ/รับซื้อเมนบอร์ด-นครพนม,yes,รับซื้อ เมนบอร์ด นครพนม ประเมินราคาเบื้องต้น | Amphon.co.th,รับซื้อ เมนบอร์ด ในนครพนม ประเมินราคาฟรี ส่งรูปเช็กราคาได้ ชำระเงินหลังตรวจสอบสินค้าและตกลงราคาเรียบร้อยแล้ว ติดต่อ Line,รับซื้อ เมนบอร์ด นครพนม ประเมินราคาเบื้องต้น,Answer|BreadcrumbList|ContactPoint|Country|FAQPage|GeoCoordinates|ImageObject|ListItem|LocalBusiness|Offer|OpeningHoursSpecification|Organization|PostalAddress|ProfessionalService|Question|Service|WebPage|WebSite,300,2,44,4,OK
/รับซื้อ/รับซื้อเมนบอร์ด-นครราชสีมา,service-x-location,dist/client/รับซื้อ/รับซื้อเมนบอร์ด-นครราชสีมา/index.html,yes,200,yes,/รับซื้อ/รับซื้อเมนบอร์ด-นครราชสีมา,yes,รับซื้อ เมนบอร์ด นครราชสีมา ประเมินราคาเบื้องต้น | Amphon.co.th,รับซื้อ เมนบอร์ด ในนครราชสีมา ประเมินราคาฟรี ส่งรูปเช็กราคาได้ ชำระเงินหลังตรวจสอบสินค้าและตกลงราคาเรียบร้อยแล้ว ติดต่อ ,รับซื้อ เมนบอร์ด นครราชสีมา ประเมินราคาเบื้องต้น,Answer|BreadcrumbList|ContactPoint|Country|FAQPage|GeoCoordinates|ImageObject|ListItem|LocalBusiness|Offer|OpeningHoursSpecification|Organization|PostalAddress|ProfessionalService|Question|Service|WebPage|WebSite,322,2,44,4,OK
/รับซื้อ/รับซื้อเมนบอร์ด-บึงกาฬ,service-x-location,dist/client/รับซื้อ/รับซื้อเมนบอร์ด-บึงกาฬ/index.html,yes,200,yes,/รับซื้อ/รับซื้อเมนบอร์ด-บึงกาฬ,yes,รับซื้อ เมนบอร์ด บึงกาฬ ประเมินราคาเบื้องต้น | Amphon.co.th,รับซื้อ เมนบอร์ด ในบึงกาฬ ประเมินราคาฟรี ส่งรูปเช็กราคาได้ ชำระเงินหลังตรวจสอบสินค้าและตกลงราคาเรียบร้อยแล้ว ติดต่อ Line,รับซื้อ เมนบอร์ด บึงกาฬ ประเมินราคาเบื้องต้น,Answer|BreadcrumbList|ContactPoint|Country|FAQPage|GeoCoordinates|ImageObject|ListItem|LocalBusiness|Offer|OpeningHoursSpecification|Organization|PostalAddress|ProfessionalService|Question|Service|WebPage|WebSite,292,2,44,4,OK
/รับซื้อ/รับซื้อเมนบอร์ด-บุรีรัมย์,service-x-location,dist/client/รับซื้อ/รับซื้อเมนบอร์ด-บุรีรัมย์/index.html,yes,200,yes,/รับซื้อ/รับซื้อเมนบอร์ด-บุรีรัมย์,yes,รับซื้อ เมนบอร์ด บุรีรัมย์ ประเมินราคาเบื้องต้น | Amphon.co.th,รับซื้อ เมนบอร์ด ในบุรีรัมย์ ประเมินราคาฟรี ส่งรูปเช็กราคาได้ ชำระเงินหลังตรวจสอบสินค้าและตกลงราคาเรียบร้อยแล้ว ติดต่อ L,รับซื้อ เมนบอร์ด บุรีรัมย์ ประเมินราคาเบื้องต้น,Answer|BreadcrumbList|ContactPoint|Country|FAQPage|GeoCoordinates|ImageObject|ListItem|LocalBusiness|Offer|OpeningHoursSpecification|Organization|PostalAddress|ProfessionalService|Question|Service|WebPage|WebSite,296,2,44,4,OK
/รับซื้อ/รับซื้อเมนบอร์ด-มหาสารคาม,service-x-location,dist/client/รับซื้อ/รับซื้อเมนบอร์ด-มหาสารคาม/index.html,yes,200,yes,/รับซื้อ/รับซื้อเมนบอร์ด-มหาสารคาม,yes,รับซื้อ เมนบอร์ด มหาสารคาม ประเมินราคาเบื้องต้น | Amphon.co.th,รับซื้อ เมนบอร์ด ในมหาสารคาม ประเมินราคาฟรี ส่งรูปเช็กราคาได้ ชำระเงินหลังตรวจสอบสินค้าและตกลงราคาเรียบร้อยแล้ว ติดต่อ L,รับซื้อ เมนบอร์ด มหาสารคาม ประเมินราคาเบื้องต้น,Answer|BreadcrumbList|ContactPoint|Country|FAQPage|GeoCoordinates|ImageObject|ListItem|LocalBusiness|Offer|OpeningHoursSpecification|Organization|PostalAddress|ProfessionalService|Question|Service|WebPage|WebSite,296,2,44,4,OK
/รับซื้อ/รับซื้อเมนบอร์ด-มุกดาหาร,service-x-location,dist/client/รับซื้อ/รับซื้อเมนบอร์ด-มุกดาหาร/index.html,yes,200,yes,/รับซื้อ/รับซื้อเมนบอร์ด-มุกดาหาร,yes,รับซื้อ เมนบอร์ด มุกดาหาร ประเมินราคาเบื้องต้น | Amphon.co.th,รับซื้อ เมนบอร์ด ในมุกดาหาร ประเมินราคาฟรี ส่งรูปเช็กราคาได้ ชำระเงินหลังตรวจสอบสินค้าและตกลงราคาเรียบร้อยแล้ว ติดต่อ Li,รับซื้อ เมนบอร์ด มุกดาหาร ประเมินราคาเบื้องต้น,Answer|BreadcrumbList|ContactPoint|Country|FAQPage|GeoCoordinates|ImageObject|ListItem|LocalBusiness|Offer|OpeningHoursSpecification|Organization|PostalAddress|ProfessionalService|Question|Service|WebPage|WebSite,289,2,44,4,OK
/รับซื้อ/รับซื้อเมนบอร์ด-ยโสธร,service-x-location,dist/client/รับซื้อ/รับซื้อเมนบอร์ด-ยโสธร/index.html,yes,200,yes,/รับซื้อ/รับซื้อเมนบอร์ด-ยโสธร,yes,รับซื้อ เมนบอร์ด ยโสธร ประเมินราคาเบื้องต้น | Amphon.co.th,รับซื้อ เมนบอร์ด ในยโสธร ประเมินราคาฟรี ส่งรูปเช็กราคาได้ ชำระเงินหลังตรวจสอบสินค้าและตกลงราคาเรียบร้อยแล้ว ติดต่อ Line ,รับซื้อ เมนบอร์ด ยโสธร ประเมินราคาเบื้องต้น,Answer|BreadcrumbList|ContactPoint|Country|FAQPage|GeoCoordinates|ImageObject|ListItem|LocalBusiness|Offer|OpeningHoursSpecification|Organization|PostalAddress|ProfessionalService|Question|Service|WebPage|WebSite,293,2,44,4,OK
/รับซื้อ/รับซื้อเมนบอร์ด-ร้อยเอ็ด,service-x-location,dist/client/รับซื้อ/รับซื้อเมนบอร์ด-ร้อยเอ็ด/index.html,yes,200,yes,/รับซื้อ/รับซื้อเมนบอร์ด-ร้อยเอ็ด,yes,รับซื้อ เมนบอร์ด ร้อยเอ็ด ประเมินราคาเบื้องต้น | Amphon.co.th,รับซื้อ เมนบอร์ด ในร้อยเอ็ด ประเมินราคาฟรี ส่งรูปเช็กราคาได้ ชำระเงินหลังตรวจสอบสินค้าและตกลงราคาเรียบร้อยแล้ว ติดต่อ Li,รับซื้อ เมนบอร์ด ร้อยเอ็ด ประเมินราคาเบื้องต้น,Answer|BreadcrumbList|ContactPoint|Country|FAQPage|GeoCoordinates|ImageObject|ListItem|LocalBusiness|Offer|OpeningHoursSpecification|Organization|PostalAddress|ProfessionalService|Question|Service|WebPage|WebSite,307,2,44,4,OK
/รับซื้อ/รับซื้อเมนบอร์ด-ศรีสะเกษ,service-x-location,dist/client/รับซื้อ/รับซื้อเมนบอร์ด-ศรีสะเกษ/index.html,yes,200,yes,/รับซื้อ/รับซื้อเมนบอร์ด-ศรีสะเกษ,yes,รับซื้อ เมนบอร์ด ศรีสะเกษ ประเมินราคาเบื้องต้น | Amphon.co.th,รับซื้อ เมนบอร์ด ในศรีสะเกษ ประเมินราคาฟรี ส่งรูปเช็กราคาได้ ชำระเงินหลังตรวจสอบสินค้าและตกลงราคาเรียบร้อยแล้ว ติดต่อ Li,รับซื้อ เมนบอร์ด ศรีสะเกษ ประเมินราคาเบื้องต้น,Answer|BreadcrumbList|ContactPoint|Country|FAQPage|GeoCoordinates|ImageObject|ListItem|LocalBusiness|Offer|OpeningHoursSpecification|Organization|PostalAddress|ProfessionalService|Question|Service|WebPage|WebSite,294,2,44,4,OK
/รับซื้อ/รับซื้อเมนบอร์ด-สกลนคร,service-x-location,dist/client/รับซื้อ/รับซื้อเมนบอร์ด-สกลนคร/index.html,yes,200,yes,/รับซื้อ/รับซื้อเมนบอร์ด-สกลนคร,yes,รับซื้อ เมนบอร์ด สกลนคร ประเมินราคาเบื้องต้น | Amphon.co.th,รับซื้อ เมนบอร์ด ในสกลนคร ประเมินราคาฟรี ส่งรูปเช็กราคาได้ ชำระเงินหลังตรวจสอบสินค้าและตกลงราคาเรียบร้อยแล้ว ติดต่อ Line,รับซื้อ เมนบอร์ด สกลนคร ประเมินราคาเบื้องต้น,Answer|BreadcrumbList|ContactPoint|Country|FAQPage|GeoCoordinates|ImageObject|ListItem|LocalBusiness|Offer|OpeningHoursSpecification|Organization|PostalAddress|ProfessionalService|Question|Service|WebPage|WebSite,308,2,44,4,OK
/รับซื้อ/รับซื้อเมนบอร์ด-สุรินทร์,service-x-location,dist/client/รับซื้อ/รับซื้อเมนบอร์ด-สุรินทร์/index.html,yes,200,yes,/รับซื้อ/รับซื้อเมนบอร์ด-สุรินทร์,yes,รับซื้อ เมนบอร์ด สุรินทร์ ประเมินราคาเบื้องต้น | Amphon.co.th,รับซื้อ เมนบอร์ด ในสุรินทร์ ประเมินราคาฟรี ส่งรูปเช็กราคาได้ ชำระเงินหลังตรวจสอบสินค้าและตกลงราคาเรียบร้อยแล้ว ติดต่อ Li,รับซื้อ เมนบอร์ด สุรินทร์ ประเมินราคาเบื้องต้น,Answer|BreadcrumbList|ContactPoint|Country|FAQPage|GeoCoordinates|ImageObject|ListItem|LocalBusiness|Offer|OpeningHoursSpecification|Organization|PostalAddress|ProfessionalService|Question|Service|WebPage|WebSite,293,2,44,4,OK
/รับซื้อ/รับซื้อเมนบอร์ด-หนองคาย,service-x-location,dist/client/รับซื้อ/รับซื้อเมนบอร์ด-หนองคาย/index.html,yes,200,yes,/รับซื้อ/รับซื้อเมนบอร์ด-หนองคาย,yes,รับซื้อ เมนบอร์ด หนองคาย ประเมินราคาเบื้องต้น | Amphon.co.th,รับซื้อ เมนบอร์ด ในหนองคาย ประเมินราคาฟรี ส่งรูปเช็กราคาได้ ชำระเงินหลังตรวจสอบสินค้าและตกลงราคาเรียบร้อยแล้ว ติดต่อ Lin,รับซื้อ เมนบอร์ด หนองคาย ประเมินราคาเบื้องต้น,Answer|BreadcrumbList|ContactPoint|Country|FAQPage|GeoCoordinates|ImageObject|ListItem|LocalBusiness|Offer|OpeningHoursSpecification|Organization|PostalAddress|ProfessionalService|Question|Service|WebPage|WebSite,293,2,44,4,OK
/รับซื้อ/รับซื้อเมนบอร์ด-หนองบัวลำภู,service-x-location,dist/client/รับซื้อ/รับซื้อเมนบอร์ด-หนองบัวลำภู/index.html,yes,200,yes,/รับซื้อ/รับซื้อเมนบอร์ด-หนองบัวลำภู,yes,รับซื้อ เมนบอร์ด หนองบัวลำภู ประเมินราคาเบื้องต้น | Amphon.co.th,รับซื้อ เมนบอร์ด ในหนองบัวลำภู ประเมินราคาฟรี ส่งรูปเช็กราคาได้ ชำระเงินหลังตรวจสอบสินค้าและตกลงราคาเรียบร้อยแล้ว ติดต่อ,รับซื้อ เมนบอร์ด หนองบัวลำภู ประเมินราคาเบื้องต้น,Answer|BreadcrumbList|ContactPoint|Country|FAQPage|GeoCoordinates|ImageObject|ListItem|LocalBusiness|Offer|OpeningHoursSpecification|Organization|PostalAddress|ProfessionalService|Question|Service|WebPage|WebSite,285,2,44,4,OK
/รับซื้อ/รับซื้อเมนบอร์ด-อำนาจเจริญ,service-x-location,dist/client/รับซื้อ/รับซื้อเมนบอร์ด-อำนาจเจริญ/index.html,yes,200,yes,/รับซื้อ/รับซื้อเมนบอร์ด-อำนาจเจริญ,yes,รับซื้อ เมนบอร์ด อำนาจเจริญ ประเมินราคาเบื้องต้น | Amphon.co.th,รับซื้อ เมนบอร์ด ในอำนาจเจริญ ประเมินราคาฟรี ส่งรูปเช็กราคาได้ ชำระเงินหลังตรวจสอบสินค้าและตกลงราคาเรียบร้อยแล้ว ติดต่อ ,รับซื้อ เมนบอร์ด อำนาจเจริญ ประเมินราคาเบื้องต้น,Answer|BreadcrumbList|ContactPoint|Country|FAQPage|GeoCoordinates|ImageObject|ListItem|LocalBusiness|Offer|OpeningHoursSpecification|Organization|PostalAddress|ProfessionalService|Question|Service|WebPage|WebSite,288,2,44,4,OK
/รับซื้อ/รับซื้อเมนบอร์ด-อุดรธานี,service-x-location,dist/client/รับซื้อ/รับซื้อเมนบอร์ด-อุดรธานี/index.html,yes,200,yes,/รับซื้อ/รับซื้อเมนบอร์ด-อุดรธานี,yes,รับซื้อ เมนบอร์ด อุดรธานี ประเมินราคาเบื้องต้น | Amphon.co.th,รับซื้อ เมนบอร์ด ในอุดรธานี ประเมินราคาฟรี ส่งรูปเช็กราคาได้ ชำระเงินหลังตรวจสอบสินค้าและตกลงราคาเรียบร้อยแล้ว ติดต่อ Li,รับซื้อ เมนบอร์ด อุดรธานี ประเมินราคาเบื้องต้น,Answer|BreadcrumbList|ContactPoint|Country|FAQPage|GeoCoordinates|ImageObject|ListItem|LocalBusiness|Offer|OpeningHoursSpecification|Organization|PostalAddress|ProfessionalService|Question|Service|WebPage|WebSite,295,2,44,4,OK
/รับซื้อ/รับซื้อเมนบอร์ด-อุบลราชธานี,service-x-location,dist/client/รับซื้อ/รับซื้อเมนบอร์ด-อุบลราชธานี/index.html,yes,200,yes,/รับซื้อ/รับซื้อเมนบอร์ด-อุบลราชธานี,yes,รับซื้อ เมนบอร์ด อุบลราชธานี ประเมินราคาเบื้องต้น | Amphon.co.th,รับซื้อ เมนบอร์ด ในอุบลราชธานี ประเมินราคาฟรี ส่งรูปเช็กราคาได้ ชำระเงินหลังตรวจสอบสินค้าและตกลงราคาเรียบร้อยแล้ว ติดต่อ,รับซื้อ เมนบอร์ด อุบลราชธานี ประเมินราคาเบื้องต้น,Answer|BreadcrumbList|ContactPoint|Country|FAQPage|GeoCoordinates|ImageObject|ListItem|LocalBusiness|Offer|OpeningHoursSpecification|Organization|PostalAddress|ProfessionalService|Question|Service|WebPage|WebSite,289,2,44,4,OK
/รับซื้อ/รับซื้อเมนบอร์ด-เลย,service-x-location,dist/client/รับซื้อ/รับซื้อเมนบอร์ด-เลย/index.html,yes,200,yes,/รับซื้อ/รับซื้อเมนบอร์ด-เลย,yes,รับซื้อ เมนบอร์ด เลย ประเมินราคาเบื้องต้น | Amphon.co.th,รับซื้อ เมนบอร์ด ในเลย ประเมินราคาฟรี ส่งรูปเช็กราคาได้ ชำระเงินหลังตรวจสอบสินค้าและตกลงราคาเรียบร้อยแล้ว ติดต่อ Line @w,รับซื้อ เมนบอร์ด เลย ประเมินราคาเบื้องต้น,Answer|BreadcrumbList|ContactPoint|Country|FAQPage|GeoCoordinates|ImageObject|ListItem|LocalBusiness|Offer|OpeningHoursSpecification|Organization|PostalAddress|ProfessionalService|Question|Service|WebPage|WebSite,301,2,44,4,OK
/รับซื้อ/รับซื้อแท็บเล็ต-กาฬสินธุ์,service-x-location,dist/client/รับซื้อ/รับซื้อแท็บเล็ต-กาฬสินธุ์/index.html,yes,200,yes,/รับซื้อ/รับซื้อแท็บเล็ต-กาฬสินธุ์,yes,รับซื้อ แท็บเล็ต กาฬสินธุ์ ประเมินราคาเบื้องต้น | Amphon.co.th,รับซื้อ แท็บเล็ต ในกาฬสินธุ์ ประเมินราคาฟรี ส่งรูปเช็กราคาได้ ชำระเงินหลังตรวจสอบสินค้าและตกลงราคาเรียบร้อยแล้ว ติดต่อ L,รับซื้อ แท็บเล็ต กาฬสินธุ์ ประเมินราคาเบื้องต้น,Answer|BreadcrumbList|ContactPoint|Country|FAQPage|GeoCoordinates|ImageObject|ListItem|LocalBusiness|Offer|OpeningHoursSpecification|Organization|PostalAddress|ProfessionalService|Question|Service|WebPage|WebSite,305,2,44,4,OK
/รับซื้อ/รับซื้อแท็บเล็ต-ขอนแก่น,service-x-location,dist/client/รับซื้อ/รับซื้อแท็บเล็ต-ขอนแก่น/index.html,yes,200,yes,/รับซื้อ/รับซื้อแท็บเล็ต-ขอนแก่น,yes,รับซื้อ แท็บเล็ต ขอนแก่น ประเมินราคาเบื้องต้น | Amphon.co.th,รับซื้อ แท็บเล็ต ในขอนแก่น ประเมินราคาฟรี ส่งรูปเช็กราคาได้ ชำระเงินหลังตรวจสอบสินค้าและตกลงราคาเรียบร้อยแล้ว ติดต่อ Lin,รับซื้อ แท็บเล็ต ขอนแก่น ประเมินราคาเบื้องต้น,Answer|BreadcrumbList|ContactPoint|Country|FAQPage|GeoCoordinates|ImageObject|ListItem|LocalBusiness|Offer|OpeningHoursSpecification|Organization|PostalAddress|ProfessionalService|Question|Service|WebPage|WebSite,316,2,44,4,OK
/รับซื้อ/รับซื้อแท็บเล็ต-ชัยภูมิ,service-x-location,dist/client/รับซื้อ/รับซื้อแท็บเล็ต-ชัยภูมิ/index.html,yes,200,yes,/รับซื้อ/รับซื้อแท็บเล็ต-ชัยภูมิ,yes,รับซื้อ แท็บเล็ต ชัยภูมิ ประเมินราคาเบื้องต้น | Amphon.co.th,รับซื้อ แท็บเล็ต ในชัยภูมิ ประเมินราคาฟรี ส่งรูปเช็กราคาได้ ชำระเงินหลังตรวจสอบสินค้าและตกลงราคาเรียบร้อยแล้ว ติดต่อ Lin,รับซื้อ แท็บเล็ต ชัยภูมิ ประเมินราคาเบื้องต้น,Answer|BreadcrumbList|ContactPoint|Country|FAQPage|GeoCoordinates|ImageObject|ListItem|LocalBusiness|Offer|OpeningHoursSpecification|Organization|PostalAddress|ProfessionalService|Question|Service|WebPage|WebSite,304,2,44,4,OK
/รับซื้อ/รับซื้อแท็บเล็ต-นครพนม,service-x-location,dist/client/รับซื้อ/รับซื้อแท็บเล็ต-นครพนม/index.html,yes,200,yes,/รับซื้อ/รับซื้อแท็บเล็ต-นครพนม,yes,รับซื้อ แท็บเล็ต นครพนม ประเมินราคาเบื้องต้น | Amphon.co.th,รับซื้อ แท็บเล็ต ในนครพนม ประเมินราคาฟรี ส่งรูปเช็กราคาได้ ชำระเงินหลังตรวจสอบสินค้าและตกลงราคาเรียบร้อยแล้ว ติดต่อ Line,รับซื้อ แท็บเล็ต นครพนม ประเมินราคาเบื้องต้น,Answer|BreadcrumbList|ContactPoint|Country|FAQPage|GeoCoordinates|ImageObject|ListItem|LocalBusiness|Offer|OpeningHoursSpecification|Organization|PostalAddress|ProfessionalService|Question|Service|WebPage|WebSite,301,2,44,4,OK
/รับซื้อ/รับซื้อแท็บเล็ต-นครราชสีมา,service-x-location,dist/client/รับซื้อ/รับซื้อแท็บเล็ต-นครราชสีมา/index.html,yes,200,yes,/รับซื้อ/รับซื้อแท็บเล็ต-นครราชสีมา,yes,รับซื้อ แท็บเล็ต นครราชสีมา ประเมินราคาเบื้องต้น | Amphon.co.th,รับซื้อ แท็บเล็ต ในนครราชสีมา ประเมินราคาฟรี ส่งรูปเช็กราคาได้ ชำระเงินหลังตรวจสอบสินค้าและตกลงราคาเรียบร้อยแล้ว ติดต่อ ,รับซื้อ แท็บเล็ต นครราชสีมา ประเมินราคาเบื้องต้น,Answer|BreadcrumbList|ContactPoint|Country|FAQPage|GeoCoordinates|ImageObject|ListItem|LocalBusiness|Offer|OpeningHoursSpecification|Organization|PostalAddress|ProfessionalService|Question|Service|WebPage|WebSite,323,2,44,4,OK
/รับซื้อ/รับซื้อแท็บเล็ต-บึงกาฬ,service-x-location,dist/client/รับซื้อ/รับซื้อแท็บเล็ต-บึงกาฬ/index.html,yes,200,yes,/รับซื้อ/รับซื้อแท็บเล็ต-บึงกาฬ,yes,รับซื้อ แท็บเล็ต บึงกาฬ ประเมินราคาเบื้องต้น | Amphon.co.th,รับซื้อ แท็บเล็ต ในบึงกาฬ ประเมินราคาฟรี ส่งรูปเช็กราคาได้ ชำระเงินหลังตรวจสอบสินค้าและตกลงราคาเรียบร้อยแล้ว ติดต่อ Line,รับซื้อ แท็บเล็ต บึงกาฬ ประเมินราคาเบื้องต้น,Answer|BreadcrumbList|ContactPoint|Country|FAQPage|GeoCoordinates|ImageObject|ListItem|LocalBusiness|Offer|OpeningHoursSpecification|Organization|PostalAddress|ProfessionalService|Question|Service|WebPage|WebSite,293,2,44,4,OK
/รับซื้อ/รับซื้อแท็บเล็ต-บุรีรัมย์,service-x-location,dist/client/รับซื้อ/รับซื้อแท็บเล็ต-บุรีรัมย์/index.html,yes,200,yes,/รับซื้อ/รับซื้อแท็บเล็ต-บุรีรัมย์,yes,รับซื้อ แท็บเล็ต บุรีรัมย์ ประเมินราคาเบื้องต้น | Amphon.co.th,รับซื้อ แท็บเล็ต ในบุรีรัมย์ ประเมินราคาฟรี ส่งรูปเช็กราคาได้ ชำระเงินหลังตรวจสอบสินค้าและตกลงราคาเรียบร้อยแล้ว ติดต่อ L,รับซื้อ แท็บเล็ต บุรีรัมย์ ประเมินราคาเบื้องต้น,Answer|BreadcrumbList|ContactPoint|Country|FAQPage|GeoCoordinates|ImageObject|ListItem|LocalBusiness|Offer|OpeningHoursSpecification|Organization|PostalAddress|ProfessionalService|Question|Service|WebPage|WebSite,297,2,44,4,OK
/รับซื้อ/รับซื้อแท็บเล็ต-มหาสารคาม,service-x-location,dist/client/รับซื้อ/รับซื้อแท็บเล็ต-มหาสารคาม/index.html,yes,200,yes,/รับซื้อ/รับซื้อแท็บเล็ต-มหาสารคาม,yes,รับซื้อ แท็บเล็ต มหาสารคาม ประเมินราคาเบื้องต้น | Amphon.co.th,รับซื้อ แท็บเล็ต ในมหาสารคาม ประเมินราคาฟรี ส่งรูปเช็กราคาได้ ชำระเงินหลังตรวจสอบสินค้าและตกลงราคาเรียบร้อยแล้ว ติดต่อ L,รับซื้อ แท็บเล็ต มหาสารคาม ประเมินราคาเบื้องต้น,Answer|BreadcrumbList|ContactPoint|Country|FAQPage|GeoCoordinates|ImageObject|ListItem|LocalBusiness|Offer|OpeningHoursSpecification|Organization|PostalAddress|ProfessionalService|Question|Service|WebPage|WebSite,297,2,44,4,OK
/รับซื้อ/รับซื้อแท็บเล็ต-มุกดาหาร,service-x-location,dist/client/รับซื้อ/รับซื้อแท็บเล็ต-มุกดาหาร/index.html,yes,200,yes,/รับซื้อ/รับซื้อแท็บเล็ต-มุกดาหาร,yes,รับซื้อ แท็บเล็ต มุกดาหาร ประเมินราคาเบื้องต้น | Amphon.co.th,รับซื้อ แท็บเล็ต ในมุกดาหาร ประเมินราคาฟรี ส่งรูปเช็กราคาได้ ชำระเงินหลังตรวจสอบสินค้าและตกลงราคาเรียบร้อยแล้ว ติดต่อ Li,รับซื้อ แท็บเล็ต มุกดาหาร ประเมินราคาเบื้องต้น,Answer|BreadcrumbList|ContactPoint|Country|FAQPage|GeoCoordinates|ImageObject|ListItem|LocalBusiness|Offer|OpeningHoursSpecification|Organization|PostalAddress|ProfessionalService|Question|Service|WebPage|WebSite,290,2,44,4,OK
/รับซื้อ/รับซื้อแท็บเล็ต-ยโสธร,service-x-location,dist/client/รับซื้อ/รับซื้อแท็บเล็ต-ยโสธร/index.html,yes,200,yes,/รับซื้อ/รับซื้อแท็บเล็ต-ยโสธร,yes,รับซื้อ แท็บเล็ต ยโสธร ประเมินราคาเบื้องต้น | Amphon.co.th,รับซื้อ แท็บเล็ต ในยโสธร ประเมินราคาฟรี ส่งรูปเช็กราคาได้ ชำระเงินหลังตรวจสอบสินค้าและตกลงราคาเรียบร้อยแล้ว ติดต่อ Line ,รับซื้อ แท็บเล็ต ยโสธร ประเมินราคาเบื้องต้น,Answer|BreadcrumbList|ContactPoint|Country|FAQPage|GeoCoordinates|ImageObject|ListItem|LocalBusiness|Offer|OpeningHoursSpecification|Organization|PostalAddress|ProfessionalService|Question|Service|WebPage|WebSite,294,2,44,4,OK
/รับซื้อ/รับซื้อแท็บเล็ต-ร้อยเอ็ด,service-x-location,dist/client/รับซื้อ/รับซื้อแท็บเล็ต-ร้อยเอ็ด/index.html,yes,200,yes,/รับซื้อ/รับซื้อแท็บเล็ต-ร้อยเอ็ด,yes,รับซื้อ แท็บเล็ต ร้อยเอ็ด ประเมินราคาเบื้องต้น | Amphon.co.th,รับซื้อ แท็บเล็ต ในร้อยเอ็ด ประเมินราคาฟรี ส่งรูปเช็กราคาได้ ชำระเงินหลังตรวจสอบสินค้าและตกลงราคาเรียบร้อยแล้ว ติดต่อ Li,รับซื้อ แท็บเล็ต ร้อยเอ็ด ประเมินราคาเบื้องต้น,Answer|BreadcrumbList|ContactPoint|Country|FAQPage|GeoCoordinates|ImageObject|ListItem|LocalBusiness|Offer|OpeningHoursSpecification|Organization|PostalAddress|ProfessionalService|Question|Service|WebPage|WebSite,308,2,44,4,OK
/รับซื้อ/รับซื้อแท็บเล็ต-ศรีสะเกษ,service-x-location,dist/client/รับซื้อ/รับซื้อแท็บเล็ต-ศรีสะเกษ/index.html,yes,200,yes,/รับซื้อ/รับซื้อแท็บเล็ต-ศรีสะเกษ,yes,รับซื้อ แท็บเล็ต ศรีสะเกษ ประเมินราคาเบื้องต้น | Amphon.co.th,รับซื้อ แท็บเล็ต ในศรีสะเกษ ประเมินราคาฟรี ส่งรูปเช็กราคาได้ ชำระเงินหลังตรวจสอบสินค้าและตกลงราคาเรียบร้อยแล้ว ติดต่อ Li,รับซื้อ แท็บเล็ต ศรีสะเกษ ประเมินราคาเบื้องต้น,Answer|BreadcrumbList|ContactPoint|Country|FAQPage|GeoCoordinates|ImageObject|ListItem|LocalBusiness|Offer|OpeningHoursSpecification|Organization|PostalAddress|ProfessionalService|Question|Service|WebPage|WebSite,295,2,44,4,OK
/รับซื้อ/รับซื้อแท็บเล็ต-สกลนคร,service-x-location,dist/client/รับซื้อ/รับซื้อแท็บเล็ต-สกลนคร/index.html,yes,200,yes,/รับซื้อ/รับซื้อแท็บเล็ต-สกลนคร,yes,รับซื้อ แท็บเล็ต สกลนคร ประเมินราคาเบื้องต้น | Amphon.co.th,รับซื้อ แท็บเล็ต ในสกลนคร ประเมินราคาฟรี ส่งรูปเช็กราคาได้ ชำระเงินหลังตรวจสอบสินค้าและตกลงราคาเรียบร้อยแล้ว ติดต่อ Line,รับซื้อ แท็บเล็ต สกลนคร ประเมินราคาเบื้องต้น,Answer|BreadcrumbList|ContactPoint|Country|FAQPage|GeoCoordinates|ImageObject|ListItem|LocalBusiness|Offer|OpeningHoursSpecification|Organization|PostalAddress|ProfessionalService|Question|Service|WebPage|WebSite,309,2,44,4,OK
/รับซื้อ/รับซื้อแท็บเล็ต-สุรินทร์,service-x-location,dist/client/รับซื้อ/รับซื้อแท็บเล็ต-สุรินทร์/index.html,yes,200,yes,/รับซื้อ/รับซื้อแท็บเล็ต-สุรินทร์,yes,รับซื้อ แท็บเล็ต สุรินทร์ ประเมินราคาเบื้องต้น | Amphon.co.th,รับซื้อ แท็บเล็ต ในสุรินทร์ ประเมินราคาฟรี ส่งรูปเช็กราคาได้ ชำระเงินหลังตรวจสอบสินค้าและตกลงราคาเรียบร้อยแล้ว ติดต่อ Li,รับซื้อ แท็บเล็ต สุรินทร์ ประเมินราคาเบื้องต้น,Answer|BreadcrumbList|ContactPoint|Country|FAQPage|GeoCoordinates|ImageObject|ListItem|LocalBusiness|Offer|OpeningHoursSpecification|Organization|PostalAddress|ProfessionalService|Question|Service|WebPage|WebSite,294,2,44,4,OK
/รับซื้อ/รับซื้อแท็บเล็ต-หนองคาย,service-x-location,dist/client/รับซื้อ/รับซื้อแท็บเล็ต-หนองคาย/index.html,yes,200,yes,/รับซื้อ/รับซื้อแท็บเล็ต-หนองคาย,yes,รับซื้อ แท็บเล็ต หนองคาย ประเมินราคาเบื้องต้น | Amphon.co.th,รับซื้อ แท็บเล็ต ในหนองคาย ประเมินราคาฟรี ส่งรูปเช็กราคาได้ ชำระเงินหลังตรวจสอบสินค้าและตกลงราคาเรียบร้อยแล้ว ติดต่อ Lin,รับซื้อ แท็บเล็ต หนองคาย ประเมินราคาเบื้องต้น,Answer|BreadcrumbList|ContactPoint|Country|FAQPage|GeoCoordinates|ImageObject|ListItem|LocalBusiness|Offer|OpeningHoursSpecification|Organization|PostalAddress|ProfessionalService|Question|Service|WebPage|WebSite,294,2,44,4,OK
/รับซื้อ/รับซื้อแท็บเล็ต-หนองบัวลำภู,service-x-location,dist/client/รับซื้อ/รับซื้อแท็บเล็ต-หนองบัวลำภู/index.html,yes,200,yes,/รับซื้อ/รับซื้อแท็บเล็ต-หนองบัวลำภู,yes,รับซื้อ แท็บเล็ต หนองบัวลำภู ประเมินราคาเบื้องต้น | Amphon.co.th,รับซื้อ แท็บเล็ต ในหนองบัวลำภู ประเมินราคาฟรี ส่งรูปเช็กราคาได้ ชำระเงินหลังตรวจสอบสินค้าและตกลงราคาเรียบร้อยแล้ว ติดต่อ,รับซื้อ แท็บเล็ต หนองบัวลำภู ประเมินราคาเบื้องต้น,Answer|BreadcrumbList|ContactPoint|Country|FAQPage|GeoCoordinates|ImageObject|ListItem|LocalBusiness|Offer|OpeningHoursSpecification|Organization|PostalAddress|ProfessionalService|Question|Service|WebPage|WebSite,286,2,44,4,OK
/รับซื้อ/รับซื้อแท็บเล็ต-อำนาจเจริญ,service-x-location,dist/client/รับซื้อ/รับซื้อแท็บเล็ต-อำนาจเจริญ/index.html,yes,200,yes,/รับซื้อ/รับซื้อแท็บเล็ต-อำนาจเจริญ,yes,รับซื้อ แท็บเล็ต อำนาจเจริญ ประเมินราคาเบื้องต้น | Amphon.co.th,รับซื้อ แท็บเล็ต ในอำนาจเจริญ ประเมินราคาฟรี ส่งรูปเช็กราคาได้ ชำระเงินหลังตรวจสอบสินค้าและตกลงราคาเรียบร้อยแล้ว ติดต่อ ,รับซื้อ แท็บเล็ต อำนาจเจริญ ประเมินราคาเบื้องต้น,Answer|BreadcrumbList|ContactPoint|Country|FAQPage|GeoCoordinates|ImageObject|ListItem|LocalBusiness|Offer|OpeningHoursSpecification|Organization|PostalAddress|ProfessionalService|Question|Service|WebPage|WebSite,289,2,44,4,OK
/รับซื้อ/รับซื้อแท็บเล็ต-อุดรธานี,service-x-location,dist/client/รับซื้อ/รับซื้อแท็บเล็ต-อุดรธานี/index.html,yes,200,yes,/รับซื้อ/รับซื้อแท็บเล็ต-อุดรธานี,yes,รับซื้อ แท็บเล็ต อุดรธานี ประเมินราคาเบื้องต้น | Amphon.co.th,รับซื้อ แท็บเล็ต ในอุดรธานี ประเมินราคาฟรี ส่งรูปเช็กราคาได้ ชำระเงินหลังตรวจสอบสินค้าและตกลงราคาเรียบร้อยแล้ว ติดต่อ Li,รับซื้อ แท็บเล็ต อุดรธานี ประเมินราคาเบื้องต้น,Answer|BreadcrumbList|ContactPoint|Country|FAQPage|GeoCoordinates|ImageObject|ListItem|LocalBusiness|Offer|OpeningHoursSpecification|Organization|PostalAddress|ProfessionalService|Question|Service|WebPage|WebSite,296,2,44,4,OK
/รับซื้อ/รับซื้อแท็บเล็ต-อุบลราชธานี,service-x-location,dist/client/รับซื้อ/รับซื้อแท็บเล็ต-อุบลราชธานี/index.html,yes,200,yes,/รับซื้อ/รับซื้อแท็บเล็ต-อุบลราชธานี,yes,รับซื้อ แท็บเล็ต อุบลราชธานี ประเมินราคาเบื้องต้น | Amphon.co.th,รับซื้อ แท็บเล็ต ในอุบลราชธานี ประเมินราคาฟรี ส่งรูปเช็กราคาได้ ชำระเงินหลังตรวจสอบสินค้าและตกลงราคาเรียบร้อยแล้ว ติดต่อ,รับซื้อ แท็บเล็ต อุบลราชธานี ประเมินราคาเบื้องต้น,Answer|BreadcrumbList|ContactPoint|Country|FAQPage|GeoCoordinates|ImageObject|ListItem|LocalBusiness|Offer|OpeningHoursSpecification|Organization|PostalAddress|ProfessionalService|Question|Service|WebPage|WebSite,290,2,44,4,OK
/รับซื้อ/รับซื้อแท็บเล็ต-เลย,service-x-location,dist/client/รับซื้อ/รับซื้อแท็บเล็ต-เลย/index.html,yes,200,yes,/รับซื้อ/รับซื้อแท็บเล็ต-เลย,yes,รับซื้อ แท็บเล็ต เลย ประเมินราคาเบื้องต้น | Amphon.co.th,รับซื้อ แท็บเล็ต ในเลย ประเมินราคาฟรี ส่งรูปเช็กราคาได้ ชำระเงินหลังตรวจสอบสินค้าและตกลงราคาเรียบร้อยแล้ว ติดต่อ Line @w,รับซื้อ แท็บเล็ต เลย ประเมินราคาเบื้องต้น,Answer|BreadcrumbList|ContactPoint|Country|FAQPage|GeoCoordinates|ImageObject|ListItem|LocalBusiness|Offer|OpeningHoursSpecification|Organization|PostalAddress|ProfessionalService|Question|Service|WebPage|WebSite,302,2,44,4,OK
/รับซื้อ/รับซื้อแรม-กาฬสินธุ์,service-x-location,dist/client/รับซื้อ/รับซื้อแรม-กาฬสินธุ์/index.html,yes,200,yes,/รับซื้อ/รับซื้อแรม-กาฬสินธุ์,yes,รับซื้อ แรม กาฬสินธุ์ ประเมินราคาเบื้องต้น | Amphon.co.th,รับซื้อ แรม ในกาฬสินธุ์ ประเมินราคาฟรี ส่งรูปเช็กราคาได้ ชำระเงินหลังตรวจสอบสินค้าและตกลงราคาเรียบร้อยแล้ว ติดต่อ Line @,รับซื้อ แรม กาฬสินธุ์ ประเมินราคาเบื้องต้น,Answer|BreadcrumbList|ContactPoint|Country|FAQPage|GeoCoordinates|ImageObject|ListItem|LocalBusiness|Offer|OpeningHoursSpecification|Organization|PostalAddress|ProfessionalService|Question|Service|WebPage|WebSite,307,2,44,4,OK
/รับซื้อ/รับซื้อแรม-ขอนแก่น,service-x-location,dist/client/รับซื้อ/รับซื้อแรม-ขอนแก่น/index.html,yes,200,yes,/รับซื้อ/รับซื้อแรม-ขอนแก่น,yes,รับซื้อ แรม ขอนแก่น ประเมินราคาเบื้องต้น | Amphon.co.th,รับซื้อ แรม ในขอนแก่น ประเมินราคาฟรี ส่งรูปเช็กราคาได้ ชำระเงินหลังตรวจสอบสินค้าและตกลงราคาเรียบร้อยแล้ว ติดต่อ Line @we,รับซื้อ แรม ขอนแก่น ประเมินราคาเบื้องต้น,Answer|BreadcrumbList|ContactPoint|Country|FAQPage|GeoCoordinates|ImageObject|ListItem|LocalBusiness|Offer|OpeningHoursSpecification|Organization|PostalAddress|ProfessionalService|Question|Service|WebPage|WebSite,318,2,44,4,OK
/รับซื้อ/รับซื้อแรม-ชัยภูมิ,service-x-location,dist/client/รับซื้อ/รับซื้อแรม-ชัยภูมิ/index.html,yes,200,yes,/รับซื้อ/รับซื้อแรม-ชัยภูมิ,yes,รับซื้อ แรม ชัยภูมิ ประเมินราคาเบื้องต้น | Amphon.co.th,รับซื้อ แรม ในชัยภูมิ ประเมินราคาฟรี ส่งรูปเช็กราคาได้ ชำระเงินหลังตรวจสอบสินค้าและตกลงราคาเรียบร้อยแล้ว ติดต่อ Line @we,รับซื้อ แรม ชัยภูมิ ประเมินราคาเบื้องต้น,Answer|BreadcrumbList|ContactPoint|Country|FAQPage|GeoCoordinates|ImageObject|ListItem|LocalBusiness|Offer|OpeningHoursSpecification|Organization|PostalAddress|ProfessionalService|Question|Service|WebPage|WebSite,306,2,44,4,OK
/รับซื้อ/รับซื้อแรม-นครพนม,service-x-location,dist/client/รับซื้อ/รับซื้อแรม-นครพนม/index.html,yes,200,yes,/รับซื้อ/รับซื้อแรม-นครพนม,yes,รับซื้อ แรม นครพนม ประเมินราคาเบื้องต้น | Amphon.co.th,รับซื้อ แรม ในนครพนม ประเมินราคาฟรี ส่งรูปเช็กราคาได้ ชำระเงินหลังตรวจสอบสินค้าและตกลงราคาเรียบร้อยแล้ว ติดต่อ Line @web,รับซื้อ แรม นครพนม ประเมินราคาเบื้องต้น,Answer|BreadcrumbList|ContactPoint|Country|FAQPage|GeoCoordinates|ImageObject|ListItem|LocalBusiness|Offer|OpeningHoursSpecification|Organization|PostalAddress|ProfessionalService|Question|Service|WebPage|WebSite,303,2,44,4,OK
/รับซื้อ/รับซื้อแรม-นครราชสีมา,service-x-location,dist/client/รับซื้อ/รับซื้อแรม-นครราชสีมา/index.html,yes,200,yes,/รับซื้อ/รับซื้อแรม-นครราชสีมา,yes,รับซื้อ แรม นครราชสีมา ประเมินราคาเบื้องต้น | Amphon.co.th,รับซื้อ แรม ในนครราชสีมา ประเมินราคาฟรี ส่งรูปเช็กราคาได้ ชำระเงินหลังตรวจสอบสินค้าและตกลงราคาเรียบร้อยแล้ว ติดต่อ Line ,รับซื้อ แรม นครราชสีมา ประเมินราคาเบื้องต้น,Answer|BreadcrumbList|ContactPoint|Country|FAQPage|GeoCoordinates|ImageObject|ListItem|LocalBusiness|Offer|OpeningHoursSpecification|Organization|PostalAddress|ProfessionalService|Question|Service|WebPage|WebSite,325,2,44,4,OK
/รับซื้อ/รับซื้อแรม-บึงกาฬ,service-x-location,dist/client/รับซื้อ/รับซื้อแรม-บึงกาฬ/index.html,yes,200,yes,/รับซื้อ/รับซื้อแรม-บึงกาฬ,yes,รับซื้อ แรม บึงกาฬ ประเมินราคาเบื้องต้น | Amphon.co.th,รับซื้อ แรม ในบึงกาฬ ประเมินราคาฟรี ส่งรูปเช็กราคาได้ ชำระเงินหลังตรวจสอบสินค้าและตกลงราคาเรียบร้อยแล้ว ติดต่อ Line @web,รับซื้อ แรม บึงกาฬ ประเมินราคาเบื้องต้น,Answer|BreadcrumbList|ContactPoint|Country|FAQPage|GeoCoordinates|ImageObject|ListItem|LocalBusiness|Offer|OpeningHoursSpecification|Organization|PostalAddress|ProfessionalService|Question|Service|WebPage|WebSite,295,2,44,4,OK
/รับซื้อ/รับซื้อแรม-บุรีรัมย์,service-x-location,dist/client/รับซื้อ/รับซื้อแรม-บุรีรัมย์/index.html,yes,200,yes,/รับซื้อ/รับซื้อแรม-บุรีรัมย์,yes,รับซื้อ แรม บุรีรัมย์ ประเมินราคาเบื้องต้น | Amphon.co.th,รับซื้อ แรม ในบุรีรัมย์ ประเมินราคาฟรี ส่งรูปเช็กราคาได้ ชำระเงินหลังตรวจสอบสินค้าและตกลงราคาเรียบร้อยแล้ว ติดต่อ Line @,รับซื้อ แรม บุรีรัมย์ ประเมินราคาเบื้องต้น,Answer|BreadcrumbList|ContactPoint|Country|FAQPage|GeoCoordinates|ImageObject|ListItem|LocalBusiness|Offer|OpeningHoursSpecification|Organization|PostalAddress|ProfessionalService|Question|Service|WebPage|WebSite,299,2,44,4,OK
/รับซื้อ/รับซื้อแรม-มหาสารคาม,service-x-location,dist/client/รับซื้อ/รับซื้อแรม-มหาสารคาม/index.html,yes,200,yes,/รับซื้อ/รับซื้อแรม-มหาสารคาม,yes,รับซื้อ แรม มหาสารคาม ประเมินราคาเบื้องต้น | Amphon.co.th,รับซื้อ แรม ในมหาสารคาม ประเมินราคาฟรี ส่งรูปเช็กราคาได้ ชำระเงินหลังตรวจสอบสินค้าและตกลงราคาเรียบร้อยแล้ว ติดต่อ Line @,รับซื้อ แรม มหาสารคาม ประเมินราคาเบื้องต้น,Answer|BreadcrumbList|ContactPoint|Country|FAQPage|GeoCoordinates|ImageObject|ListItem|LocalBusiness|Offer|OpeningHoursSpecification|Organization|PostalAddress|ProfessionalService|Question|Service|WebPage|WebSite,299,2,44,4,OK
/รับซื้อ/รับซื้อแรม-มุกดาหาร,service-x-location,dist/client/รับซื้อ/รับซื้อแรม-มุกดาหาร/index.html,yes,200,yes,/รับซื้อ/รับซื้อแรม-มุกดาหาร,yes,รับซื้อ แรม มุกดาหาร ประเมินราคาเบื้องต้น | Amphon.co.th,รับซื้อ แรม ในมุกดาหาร ประเมินราคาฟรี ส่งรูปเช็กราคาได้ ชำระเงินหลังตรวจสอบสินค้าและตกลงราคาเรียบร้อยแล้ว ติดต่อ Line @w,รับซื้อ แรม มุกดาหาร ประเมินราคาเบื้องต้น,Answer|BreadcrumbList|ContactPoint|Country|FAQPage|GeoCoordinates|ImageObject|ListItem|LocalBusiness|Offer|OpeningHoursSpecification|Organization|PostalAddress|ProfessionalService|Question|Service|WebPage|WebSite,292,2,44,4,OK
/รับซื้อ/รับซื้อแรม-ยโสธร,service-x-location,dist/client/รับซื้อ/รับซื้อแรม-ยโสธร/index.html,yes,200,yes,/รับซื้อ/รับซื้อแรม-ยโสธร,yes,รับซื้อ แรม ยโสธร ประเมินราคาเบื้องต้น | Amphon.co.th,รับซื้อ แรม ในยโสธร ประเมินราคาฟรี ส่งรูปเช็กราคาได้ ชำระเงินหลังตรวจสอบสินค้าและตกลงราคาเรียบร้อยแล้ว ติดต่อ Line @webu,รับซื้อ แรม ยโสธร ประเมินราคาเบื้องต้น,Answer|BreadcrumbList|ContactPoint|Country|FAQPage|GeoCoordinates|ImageObject|ListItem|LocalBusiness|Offer|OpeningHoursSpecification|Organization|PostalAddress|ProfessionalService|Question|Service|WebPage|WebSite,296,2,44,4,OK
/รับซื้อ/รับซื้อแรม-ร้อยเอ็ด,service-x-location,dist/client/รับซื้อ/รับซื้อแรม-ร้อยเอ็ด/index.html,yes,200,yes,/รับซื้อ/รับซื้อแรม-ร้อยเอ็ด,yes,รับซื้อ แรม ร้อยเอ็ด ประเมินราคาเบื้องต้น | Amphon.co.th,รับซื้อ แรม ในร้อยเอ็ด ประเมินราคาฟรี ส่งรูปเช็กราคาได้ ชำระเงินหลังตรวจสอบสินค้าและตกลงราคาเรียบร้อยแล้ว ติดต่อ Line @w,รับซื้อ แรม ร้อยเอ็ด ประเมินราคาเบื้องต้น,Answer|BreadcrumbList|ContactPoint|Country|FAQPage|GeoCoordinates|ImageObject|ListItem|LocalBusiness|Offer|OpeningHoursSpecification|Organization|PostalAddress|ProfessionalService|Question|Service|WebPage|WebSite,310,2,44,4,OK
/รับซื้อ/รับซื้อแรม-ศรีสะเกษ,service-x-location,dist/client/รับซื้อ/รับซื้อแรม-ศรีสะเกษ/index.html,yes,200,yes,/รับซื้อ/รับซื้อแรม-ศรีสะเกษ,yes,รับซื้อ แรม ศรีสะเกษ ประเมินราคาเบื้องต้น | Amphon.co.th,รับซื้อ แรม ในศรีสะเกษ ประเมินราคาฟรี ส่งรูปเช็กราคาได้ ชำระเงินหลังตรวจสอบสินค้าและตกลงราคาเรียบร้อยแล้ว ติดต่อ Line @w,รับซื้อ แรม ศรีสะเกษ ประเมินราคาเบื้องต้น,Answer|BreadcrumbList|ContactPoint|Country|FAQPage|GeoCoordinates|ImageObject|ListItem|LocalBusiness|Offer|OpeningHoursSpecification|Organization|PostalAddress|ProfessionalService|Question|Service|WebPage|WebSite,297,2,44,4,OK
/รับซื้อ/รับซื้อแรม-สกลนคร,service-x-location,dist/client/รับซื้อ/รับซื้อแรม-สกลนคร/index.html,yes,200,yes,/รับซื้อ/รับซื้อแรม-สกลนคร,yes,รับซื้อ แรม สกลนคร ประเมินราคาเบื้องต้น | Amphon.co.th,รับซื้อ แรม ในสกลนคร ประเมินราคาฟรี ส่งรูปเช็กราคาได้ ชำระเงินหลังตรวจสอบสินค้าและตกลงราคาเรียบร้อยแล้ว ติดต่อ Line @web,รับซื้อ แรม สกลนคร ประเมินราคาเบื้องต้น,Answer|BreadcrumbList|ContactPoint|Country|FAQPage|GeoCoordinates|ImageObject|ListItem|LocalBusiness|Offer|OpeningHoursSpecification|Organization|PostalAddress|ProfessionalService|Question|Service|WebPage|WebSite,311,2,44,4,OK
/รับซื้อ/รับซื้อแรม-สุรินทร์,service-x-location,dist/client/รับซื้อ/รับซื้อแรม-สุรินทร์/index.html,yes,200,yes,/รับซื้อ/รับซื้อแรม-สุรินทร์,yes,รับซื้อ แรม สุรินทร์ ประเมินราคาเบื้องต้น | Amphon.co.th,รับซื้อ แรม ในสุรินทร์ ประเมินราคาฟรี ส่งรูปเช็กราคาได้ ชำระเงินหลังตรวจสอบสินค้าและตกลงราคาเรียบร้อยแล้ว ติดต่อ Line @w,รับซื้อ แรม สุรินทร์ ประเมินราคาเบื้องต้น,Answer|BreadcrumbList|ContactPoint|Country|FAQPage|GeoCoordinates|ImageObject|ListItem|LocalBusiness|Offer|OpeningHoursSpecification|Organization|PostalAddress|ProfessionalService|Question|Service|WebPage|WebSite,296,2,44,4,OK
/รับซื้อ/รับซื้อแรม-หนองคาย,service-x-location,dist/client/รับซื้อ/รับซื้อแรม-หนองคาย/index.html,yes,200,yes,/รับซื้อ/รับซื้อแรม-หนองคาย,yes,รับซื้อ แรม หนองคาย ประเมินราคาเบื้องต้น | Amphon.co.th,รับซื้อ แรม ในหนองคาย ประเมินราคาฟรี ส่งรูปเช็กราคาได้ ชำระเงินหลังตรวจสอบสินค้าและตกลงราคาเรียบร้อยแล้ว ติดต่อ Line @we,รับซื้อ แรม หนองคาย ประเมินราคาเบื้องต้น,Answer|BreadcrumbList|ContactPoint|Country|FAQPage|GeoCoordinates|ImageObject|ListItem|LocalBusiness|Offer|OpeningHoursSpecification|Organization|PostalAddress|ProfessionalService|Question|Service|WebPage|WebSite,296,2,44,4,OK
/รับซื้อ/รับซื้อแรม-หนองบัวลำภู,service-x-location,dist/client/รับซื้อ/รับซื้อแรม-หนองบัวลำภู/index.html,yes,200,yes,/รับซื้อ/รับซื้อแรม-หนองบัวลำภู,yes,รับซื้อ แรม หนองบัวลำภู ประเมินราคาเบื้องต้น | Amphon.co.th,รับซื้อ แรม ในหนองบัวลำภู ประเมินราคาฟรี ส่งรูปเช็กราคาได้ ชำระเงินหลังตรวจสอบสินค้าและตกลงราคาเรียบร้อยแล้ว ติดต่อ Line,รับซื้อ แรม หนองบัวลำภู ประเมินราคาเบื้องต้น,Answer|BreadcrumbList|ContactPoint|Country|FAQPage|GeoCoordinates|ImageObject|ListItem|LocalBusiness|Offer|OpeningHoursSpecification|Organization|PostalAddress|ProfessionalService|Question|Service|WebPage|WebSite,288,2,44,4,OK
/รับซื้อ/รับซื้อแรม-อำนาจเจริญ,service-x-location,dist/client/รับซื้อ/รับซื้อแรม-อำนาจเจริญ/index.html,yes,200,yes,/รับซื้อ/รับซื้อแรม-อำนาจเจริญ,yes,รับซื้อ แรม อำนาจเจริญ ประเมินราคาเบื้องต้น | Amphon.co.th,รับซื้อ แรม ในอำนาจเจริญ ประเมินราคาฟรี ส่งรูปเช็กราคาได้ ชำระเงินหลังตรวจสอบสินค้าและตกลงราคาเรียบร้อยแล้ว ติดต่อ Line ,รับซื้อ แรม อำนาจเจริญ ประเมินราคาเบื้องต้น,Answer|BreadcrumbList|ContactPoint|Country|FAQPage|GeoCoordinates|ImageObject|ListItem|LocalBusiness|Offer|OpeningHoursSpecification|Organization|PostalAddress|ProfessionalService|Question|Service|WebPage|WebSite,291,2,44,4,OK
/รับซื้อ/รับซื้อแรม-อุดรธานี,service-x-location,dist/client/รับซื้อ/รับซื้อแรม-อุดรธานี/index.html,yes,200,yes,/รับซื้อ/รับซื้อแรม-อุดรธานี,yes,รับซื้อ แรม อุดรธานี ประเมินราคาเบื้องต้น | Amphon.co.th,รับซื้อ แรม ในอุดรธานี ประเมินราคาฟรี ส่งรูปเช็กราคาได้ ชำระเงินหลังตรวจสอบสินค้าและตกลงราคาเรียบร้อยแล้ว ติดต่อ Line @w,รับซื้อ แรม อุดรธานี ประเมินราคาเบื้องต้น,Answer|BreadcrumbList|ContactPoint|Country|FAQPage|GeoCoordinates|ImageObject|ListItem|LocalBusiness|Offer|OpeningHoursSpecification|Organization|PostalAddress|ProfessionalService|Question|Service|WebPage|WebSite,298,2,44,4,OK
/รับซื้อ/รับซื้อแรม-อุบลราชธานี,service-x-location,dist/client/รับซื้อ/รับซื้อแรม-อุบลราชธานี/index.html,yes,200,yes,/รับซื้อ/รับซื้อแรม-อุบลราชธานี,yes,รับซื้อ แรม อุบลราชธานี ประเมินราคาเบื้องต้น | Amphon.co.th,รับซื้อ แรม ในอุบลราชธานี ประเมินราคาฟรี ส่งรูปเช็กราคาได้ ชำระเงินหลังตรวจสอบสินค้าและตกลงราคาเรียบร้อยแล้ว ติดต่อ Line,รับซื้อ แรม อุบลราชธานี ประเมินราคาเบื้องต้น,Answer|BreadcrumbList|ContactPoint|Country|FAQPage|GeoCoordinates|ImageObject|ListItem|LocalBusiness|Offer|OpeningHoursSpecification|Organization|PostalAddress|ProfessionalService|Question|Service|WebPage|WebSite,292,2,44,4,OK
/รับซื้อ/รับซื้อแรม-เลย,service-x-location,dist/client/รับซื้อ/รับซื้อแรม-เลย/index.html,yes,200,yes,/รับซื้อ/รับซื้อแรม-เลย,yes,รับซื้อ แรม เลย ประเมินราคาเบื้องต้น | Amphon.co.th,รับซื้อ แรม ในเลย ประเมินราคาฟรี ส่งรูปเช็กราคาได้ ชำระเงินหลังตรวจสอบสินค้าและตกลงราคาเรียบร้อยแล้ว ติดต่อ Line @webuy ,รับซื้อ แรม เลย ประเมินราคาเบื้องต้น,Answer|BreadcrumbList|ContactPoint|Country|FAQPage|GeoCoordinates|ImageObject|ListItem|LocalBusiness|Offer|OpeningHoursSpecification|Organization|PostalAddress|ProfessionalService|Question|Service|WebPage|WebSite,304,2,44,4,OK
/รับซื้อ/รับซื้อโดรน-กาฬสินธุ์,service-x-location,dist/client/รับซื้อ/รับซื้อโดรน-กาฬสินธุ์/index.html,yes,200,yes,/รับซื้อ/รับซื้อโดรน-กาฬสินธุ์,yes,รับซื้อ โดรนและกล้อง Action Cam กาฬสินธุ์ ประเมินราคาฟรี นัดรับหรือประสานขนส่งตามข้อตกลง | Amphon.co.th,รับซื้อ โดรนและกล้อง Action Cam ใน กาฬสินธุ์ ประเมินราคาตามประเภท รุ่น สเปก สภาพ จำนวน และความต้องการตลาด ประเมินราคาฟรี,รับซื้อ โดรนและกล้อง Action Cam กาฬสินธุ์ ประเมินราคาฟรี นัดรับหรือประสานขนส่งตามข้อตกลง,BreadcrumbList|ContactPoint|Country|GeoCoordinates|ImageObject|ListItem|LocalBusiness|Offer|OpeningHoursSpecification|Organization|PostalAddress|ProfessionalService|Service|WebPage|WebSite,134,2,44,4,OK
/รับซื้อ/รับซื้อโดรน-ขอนแก่น,service-x-location,dist/client/รับซื้อ/รับซื้อโดรน-ขอนแก่น/index.html,yes,200,yes,/รับซื้อ/รับซื้อโดรน-ขอนแก่น,yes,รับซื้อ โดรนและกล้อง Action Cam ขอนแก่น ประเมินราคาฟรี นัดรับหรือประสานขนส่งตามข้อตกลง | Amphon.co.th,รับซื้อ โดรนและกล้อง Action Cam ใน ขอนแก่น ประเมินราคาตามประเภท รุ่น สเปก สภาพ จำนวน และความต้องการตลาด ประเมินราคาฟรีผ่,รับซื้อ โดรนและกล้อง Action Cam ขอนแก่น ประเมินราคาฟรี นัดรับหรือประสานขนส่งตามข้อตกลง,BreadcrumbList|ContactPoint|Country|GeoCoordinates|ImageObject|ListItem|LocalBusiness|Offer|OpeningHoursSpecification|Organization|PostalAddress|ProfessionalService|Service|WebPage|WebSite,134,2,44,4,OK
/รับซื้อ/รับซื้อโดรน-ชัยภูมิ,service-x-location,dist/client/รับซื้อ/รับซื้อโดรน-ชัยภูมิ/index.html,yes,200,yes,/รับซื้อ/รับซื้อโดรน-ชัยภูมิ,yes,รับซื้อ โดรนและกล้อง Action Cam ชัยภูมิ ประเมินราคาฟรี นัดรับหรือประสานขนส่งตามข้อตกลง | Amphon.co.th,รับซื้อ โดรนและกล้อง Action Cam ใน ชัยภูมิ ประเมินราคาตามประเภท รุ่น สเปก สภาพ จำนวน และความต้องการตลาด ประเมินราคาฟรีผ่,รับซื้อ โดรนและกล้อง Action Cam ชัยภูมิ ประเมินราคาฟรี นัดรับหรือประสานขนส่งตามข้อตกลง,BreadcrumbList|ContactPoint|Country|GeoCoordinates|ImageObject|ListItem|LocalBusiness|Offer|OpeningHoursSpecification|Organization|PostalAddress|ProfessionalService|Service|WebPage|WebSite,135,2,44,4,OK
/รับซื้อ/รับซื้อโดรน-นครพนม,service-x-location,dist/client/รับซื้อ/รับซื้อโดรน-นครพนม/index.html,yes,200,yes,/รับซื้อ/รับซื้อโดรน-นครพนม,yes,รับซื้อ โดรนและกล้อง Action Cam นครพนม ประเมินราคาฟรี นัดรับหรือประสานขนส่งตามข้อตกลง | Amphon.co.th,รับซื้อ โดรนและกล้อง Action Cam ใน นครพนม ประเมินราคาตามประเภท รุ่น สเปก สภาพ จำนวน และความต้องการตลาด ประเมินราคาฟรีผ่า,รับซื้อ โดรนและกล้อง Action Cam นครพนม ประเมินราคาฟรี นัดรับหรือประสานขนส่งตามข้อตกลง,BreadcrumbList|ContactPoint|Country|GeoCoordinates|ImageObject|ListItem|LocalBusiness|Offer|OpeningHoursSpecification|Organization|PostalAddress|ProfessionalService|Service|WebPage|WebSite,135,2,44,4,OK
/รับซื้อ/รับซื้อโดรน-นครราชสีมา,service-x-location,dist/client/รับซื้อ/รับซื้อโดรน-นครราชสีมา/index.html,yes,200,yes,/รับซื้อ/รับซื้อโดรน-นครราชสีมา,yes,รับซื้อ โดรนและกล้อง Action Cam นครราชสีมา ประเมินราคาฟรี นัดรับหรือประสานขนส่งตามข้อตกลง | Amphon.co.th,รับซื้อ โดรนและกล้อง Action Cam ใน นครราชสีมา ประเมินราคาตามประเภท รุ่น สเปก สภาพ จำนวน และความต้องการตลาด ประเมินราคาฟร,รับซื้อ โดรนและกล้อง Action Cam นครราชสีมา ประเมินราคาฟรี นัดรับหรือประสานขนส่งตามข้อตกลง,BreadcrumbList|ContactPoint|Country|GeoCoordinates|ImageObject|ListItem|LocalBusiness|Offer|OpeningHoursSpecification|Organization|PostalAddress|ProfessionalService|Service|WebPage|WebSite,135,2,44,4,OK
/รับซื้อ/รับซื้อโดรน-บึงกาฬ,service-x-location,dist/client/รับซื้อ/รับซื้อโดรน-บึงกาฬ/index.html,yes,200,yes,/รับซื้อ/รับซื้อโดรน-บึงกาฬ,yes,รับซื้อ โดรนและกล้อง Action Cam บึงกาฬ ประเมินราคาฟรี นัดรับหรือประสานขนส่งตามข้อตกลง | Amphon.co.th,รับซื้อ โดรนและกล้อง Action Cam ใน บึงกาฬ ประเมินราคาตามประเภท รุ่น สเปก สภาพ จำนวน และความต้องการตลาด ประเมินราคาฟรีผ่า,รับซื้อ โดรนและกล้อง Action Cam บึงกาฬ ประเมินราคาฟรี นัดรับหรือประสานขนส่งตามข้อตกลง,BreadcrumbList|ContactPoint|Country|GeoCoordinates|ImageObject|ListItem|LocalBusiness|Offer|OpeningHoursSpecification|Organization|PostalAddress|ProfessionalService|Service|WebPage|WebSite,134,2,44,4,OK
/รับซื้อ/รับซื้อโดรน-บุรีรัมย์,service-x-location,dist/client/รับซื้อ/รับซื้อโดรน-บุรีรัมย์/index.html,yes,200,yes,/รับซื้อ/รับซื้อโดรน-บุรีรัมย์,yes,รับซื้อ โดรนและกล้อง Action Cam บุรีรัมย์ ประเมินราคาฟรี นัดรับหรือประสานขนส่งตามข้อตกลง | Amphon.co.th,รับซื้อ โดรนและกล้อง Action Cam ใน บุรีรัมย์ ประเมินราคาตามประเภท รุ่น สเปก สภาพ จำนวน และความต้องการตลาด ประเมินราคาฟรี,รับซื้อ โดรนและกล้อง Action Cam บุรีรัมย์ ประเมินราคาฟรี นัดรับหรือประสานขนส่งตามข้อตกลง,BreadcrumbList|ContactPoint|Country|GeoCoordinates|ImageObject|ListItem|LocalBusiness|Offer|OpeningHoursSpecification|Organization|PostalAddress|ProfessionalService|Service|WebPage|WebSite,134,2,44,4,OK
/รับซื้อ/รับซื้อโดรน-มหาสารคาม,service-x-location,dist/client/รับซื้อ/รับซื้อโดรน-มหาสารคาม/index.html,yes,200,yes,/รับซื้อ/รับซื้อโดรน-มหาสารคาม,yes,รับซื้อ โดรนและกล้อง Action Cam มหาสารคาม ประเมินราคาฟรี นัดรับหรือประสานขนส่งตามข้อตกลง | Amphon.co.th,รับซื้อ โดรนและกล้อง Action Cam ใน มหาสารคาม ประเมินราคาตามประเภท รุ่น สเปก สภาพ จำนวน และความต้องการตลาด ประเมินราคาฟรี,รับซื้อ โดรนและกล้อง Action Cam มหาสารคาม ประเมินราคาฟรี นัดรับหรือประสานขนส่งตามข้อตกลง,BreadcrumbList|ContactPoint|Country|GeoCoordinates|ImageObject|ListItem|LocalBusiness|Offer|OpeningHoursSpecification|Organization|PostalAddress|ProfessionalService|Service|WebPage|WebSite,135,2,44,4,OK
/รับซื้อ/รับซื้อโดรน-มุกดาหาร,service-x-location,dist/client/รับซื้อ/รับซื้อโดรน-มุกดาหาร/index.html,yes,200,yes,/รับซื้อ/รับซื้อโดรน-มุกดาหาร,yes,รับซื้อ โดรนและกล้อง Action Cam มุกดาหาร ประเมินราคาฟรี นัดรับหรือประสานขนส่งตามข้อตกลง | Amphon.co.th,รับซื้อ โดรนและกล้อง Action Cam ใน มุกดาหาร ประเมินราคาตามประเภท รุ่น สเปก สภาพ จำนวน และความต้องการตลาด ประเมินราคาฟรีผ,รับซื้อ โดรนและกล้อง Action Cam มุกดาหาร ประเมินราคาฟรี นัดรับหรือประสานขนส่งตามข้อตกลง,BreadcrumbList|ContactPoint|Country|GeoCoordinates|ImageObject|ListItem|LocalBusiness|Offer|OpeningHoursSpecification|Organization|PostalAddress|ProfessionalService|Service|WebPage|WebSite,134,2,44,4,OK
/รับซื้อ/รับซื้อโดรน-ยโสธร,service-x-location,dist/client/รับซื้อ/รับซื้อโดรน-ยโสธร/index.html,yes,200,yes,/รับซื้อ/รับซื้อโดรน-ยโสธร,yes,รับซื้อ โดรนและกล้อง Action Cam ยโสธร ประเมินราคาฟรี นัดรับหรือประสานขนส่งตามข้อตกลง | Amphon.co.th,รับซื้อ โดรนและกล้อง Action Cam ใน ยโสธร ประเมินราคาตามประเภท รุ่น สเปก สภาพ จำนวน และความต้องการตลาด ประเมินราคาฟรีผ่าน,รับซื้อ โดรนและกล้อง Action Cam ยโสธร ประเมินราคาฟรี นัดรับหรือประสานขนส่งตามข้อตกลง,BreadcrumbList|ContactPoint|Country|GeoCoordinates|ImageObject|ListItem|LocalBusiness|Offer|OpeningHoursSpecification|Organization|PostalAddress|ProfessionalService|Service|WebPage|WebSite,134,2,44,4,OK
/รับซื้อ/รับซื้อโดรน-ร้อยเอ็ด,service-x-location,dist/client/รับซื้อ/รับซื้อโดรน-ร้อยเอ็ด/index.html,yes,200,yes,/รับซื้อ/รับซื้อโดรน-ร้อยเอ็ด,yes,รับซื้อ โดรนและกล้อง Action Cam ร้อยเอ็ด ประเมินราคาฟรี นัดรับหรือประสานขนส่งตามข้อตกลง | Amphon.co.th,รับซื้อ โดรนและกล้อง Action Cam ใน ร้อยเอ็ด ประเมินราคาตามประเภท รุ่น สเปก สภาพ จำนวน และความต้องการตลาด ประเมินราคาฟรีผ,รับซื้อ โดรนและกล้อง Action Cam ร้อยเอ็ด ประเมินราคาฟรี นัดรับหรือประสานขนส่งตามข้อตกลง,BreadcrumbList|ContactPoint|Country|GeoCoordinates|ImageObject|ListItem|LocalBusiness|Offer|OpeningHoursSpecification|Organization|PostalAddress|ProfessionalService|Service|WebPage|WebSite,135,2,44,4,OK
/รับซื้อ/รับซื้อโดรน-ศรีสะเกษ,service-x-location,dist/client/รับซื้อ/รับซื้อโดรน-ศรีสะเกษ/index.html,yes,200,yes,/รับซื้อ/รับซื้อโดรน-ศรีสะเกษ,yes,รับซื้อ โดรนและกล้อง Action Cam ศรีสะเกษ ประเมินราคาฟรี นัดรับหรือประสานขนส่งตามข้อตกลง | Amphon.co.th,รับซื้อ โดรนและกล้อง Action Cam ใน ศรีสะเกษ ประเมินราคาตามประเภท รุ่น สเปก สภาพ จำนวน และความต้องการตลาด ประเมินราคาฟรีผ,รับซื้อ โดรนและกล้อง Action Cam ศรีสะเกษ ประเมินราคาฟรี นัดรับหรือประสานขนส่งตามข้อตกลง,BreadcrumbList|ContactPoint|Country|GeoCoordinates|ImageObject|ListItem|LocalBusiness|Offer|OpeningHoursSpecification|Organization|PostalAddress|ProfessionalService|Service|WebPage|WebSite,135,2,44,4,OK
/รับซื้อ/รับซื้อโดรน-สกลนคร,service-x-location,dist/client/รับซื้อ/รับซื้อโดรน-สกลนคร/index.html,yes,200,yes,/รับซื้อ/รับซื้อโดรน-สกลนคร,yes,รับซื้อ โดรนและกล้อง Action Cam สกลนคร ประเมินราคาฟรี นัดรับหรือประสานขนส่งตามข้อตกลง | Amphon.co.th,รับซื้อ โดรนและกล้อง Action Cam ใน สกลนคร ประเมินราคาตามประเภท รุ่น สเปก สภาพ จำนวน และความต้องการตลาด ประเมินราคาฟรีผ่า,รับซื้อ โดรนและกล้อง Action Cam สกลนคร ประเมินราคาฟรี นัดรับหรือประสานขนส่งตามข้อตกลง,BreadcrumbList|ContactPoint|Country|GeoCoordinates|ImageObject|ListItem|LocalBusiness|Offer|OpeningHoursSpecification|Organization|PostalAddress|ProfessionalService|Service|WebPage|WebSite,135,2,44,4,OK
/รับซื้อ/รับซื้อโดรน-สุรินทร์,service-x-location,dist/client/รับซื้อ/รับซื้อโดรน-สุรินทร์/index.html,yes,200,yes,/รับซื้อ/รับซื้อโดรน-สุรินทร์,yes,รับซื้อ โดรนและกล้อง Action Cam สุรินทร์ ประเมินราคาฟรี นัดรับหรือประสานขนส่งตามข้อตกลง | Amphon.co.th,รับซื้อ โดรนและกล้อง Action Cam ใน สุรินทร์ ประเมินราคาตามประเภท รุ่น สเปก สภาพ จำนวน และความต้องการตลาด ประเมินราคาฟรีผ,รับซื้อ โดรนและกล้อง Action Cam สุรินทร์ ประเมินราคาฟรี นัดรับหรือประสานขนส่งตามข้อตกลง,BreadcrumbList|ContactPoint|Country|GeoCoordinates|ImageObject|ListItem|LocalBusiness|Offer|OpeningHoursSpecification|Organization|PostalAddress|ProfessionalService|Service|WebPage|WebSite,133,2,44,4,OK
/รับซื้อ/รับซื้อโดรน-หนองคาย,service-x-location,dist/client/รับซื้อ/รับซื้อโดรน-หนองคาย/index.html,yes,200,yes,/รับซื้อ/รับซื้อโดรน-หนองคาย,yes,รับซื้อ โดรนและกล้อง Action Cam หนองคาย ประเมินราคาฟรี นัดรับหรือประสานขนส่งตามข้อตกลง | Amphon.co.th,รับซื้อ โดรนและกล้อง Action Cam ใน หนองคาย ประเมินราคาตามประเภท รุ่น สเปก สภาพ จำนวน และความต้องการตลาด ประเมินราคาฟรีผ่,รับซื้อ โดรนและกล้อง Action Cam หนองคาย ประเมินราคาฟรี นัดรับหรือประสานขนส่งตามข้อตกลง,BreadcrumbList|ContactPoint|Country|GeoCoordinates|ImageObject|ListItem|LocalBusiness|Offer|OpeningHoursSpecification|Organization|PostalAddress|ProfessionalService|Service|WebPage|WebSite,135,2,44,4,OK
/รับซื้อ/รับซื้อโดรน-หนองบัวลำภู,service-x-location,dist/client/รับซื้อ/รับซื้อโดรน-หนองบัวลำภู/index.html,yes,200,yes,/รับซื้อ/รับซื้อโดรน-หนองบัวลำภู,yes,รับซื้อ โดรนและกล้อง Action Cam หนองบัวลำภู ประเมินราคาฟรี นัดรับหรือประสานขนส่งตามข้อตกลง | Amphon.co.th,รับซื้อ โดรนและกล้อง Action Cam ใน หนองบัวลำภู ประเมินราคาตามประเภท รุ่น สเปก สภาพ จำนวน และความต้องการตลาด ประเมินราคาฟ,รับซื้อ โดรนและกล้อง Action Cam หนองบัวลำภู ประเมินราคาฟรี นัดรับหรือประสานขนส่งตามข้อตกลง,BreadcrumbList|ContactPoint|Country|GeoCoordinates|ImageObject|ListItem|LocalBusiness|Offer|OpeningHoursSpecification|Organization|PostalAddress|ProfessionalService|Service|WebPage|WebSite,133,2,44,4,OK
/รับซื้อ/รับซื้อโดรน-อำนาจเจริญ,service-x-location,dist/client/รับซื้อ/รับซื้อโดรน-อำนาจเจริญ/index.html,yes,200,yes,/รับซื้อ/รับซื้อโดรน-อำนาจเจริญ,yes,รับซื้อ โดรนและกล้อง Action Cam อำนาจเจริญ ประเมินราคาฟรี นัดรับหรือประสานขนส่งตามข้อตกลง | Amphon.co.th,รับซื้อ โดรนและกล้อง Action Cam ใน อำนาจเจริญ ประเมินราคาตามประเภท รุ่น สเปก สภาพ จำนวน และความต้องการตลาด ประเมินราคาฟร,รับซื้อ โดรนและกล้อง Action Cam อำนาจเจริญ ประเมินราคาฟรี นัดรับหรือประสานขนส่งตามข้อตกลง,BreadcrumbList|ContactPoint|Country|GeoCoordinates|ImageObject|ListItem|LocalBusiness|Offer|OpeningHoursSpecification|Organization|PostalAddress|ProfessionalService|Service|WebPage|WebSite,133,2,44,4,OK
/รับซื้อ/รับซื้อโดรน-อุดรธานี,service-x-location,dist/client/รับซื้อ/รับซื้อโดรน-อุดรธานี/index.html,yes,200,yes,/รับซื้อ/รับซื้อโดรน-อุดรธานี,yes,รับซื้อ โดรนและกล้อง Action Cam อุดรธานี ประเมินราคาฟรี นัดรับหรือประสานขนส่งตามข้อตกลง | Amphon.co.th,รับซื้อ โดรนและกล้อง Action Cam ใน อุดรธานี ประเมินราคาตามประเภท รุ่น สเปก สภาพ จำนวน และความต้องการตลาด ประเมินราคาฟรีผ,รับซื้อ โดรนและกล้อง Action Cam อุดรธานี ประเมินราคาฟรี นัดรับหรือประสานขนส่งตามข้อตกลง,BreadcrumbList|ContactPoint|Country|GeoCoordinates|ImageObject|ListItem|LocalBusiness|Offer|OpeningHoursSpecification|Organization|PostalAddress|ProfessionalService|Service|WebPage|WebSite,134,2,44,4,OK
/รับซื้อ/รับซื้อโดรน-อุบลราชธานี,service-x-location,dist/client/รับซื้อ/รับซื้อโดรน-อุบลราชธานี/index.html,yes,200,yes,/รับซื้อ/รับซื้อโดรน-อุบลราชธานี,yes,รับซื้อ โดรนและกล้อง Action Cam อุบลราชธานี ประเมินราคาฟรี นัดรับหรือประสานขนส่งตามข้อตกลง | Amphon.co.th,รับซื้อ โดรนและกล้อง Action Cam ใน อุบลราชธานี ประเมินราคาตามประเภท รุ่น สเปก สภาพ จำนวน และความต้องการตลาด ประเมินราคาฟ,รับซื้อ โดรนและกล้อง Action Cam อุบลราชธานี ประเมินราคาฟรี นัดรับหรือประสานขนส่งตามข้อตกลง,Answer|BreadcrumbList|ContactPoint|Country|FAQPage|GeoCoordinates|ImageObject|ListItem|LocalBusiness|Offer|OpeningHoursSpecification|Organization|PostalAddress|ProfessionalService|Question|Service|WebPage|WebSite,170,2,44,4,OK
/รับซื้อ/รับซื้อโดรน-เลย,service-x-location,dist/client/รับซื้อ/รับซื้อโดรน-เลย/index.html,yes,200,yes,/รับซื้อ/รับซื้อโดรน-เลย,yes,รับซื้อ โดรนและกล้อง Action Cam เลย ประเมินราคาฟรี นัดรับหรือประสานขนส่งตามข้อตกลง | Amphon.co.th,รับซื้อ โดรนและกล้อง Action Cam ใน เลย ประเมินราคาตามประเภท รุ่น สเปก สภาพ จำนวน และความต้องการตลาด ประเมินราคาฟรีผ่าน L,รับซื้อ โดรนและกล้อง Action Cam เลย ประเมินราคาฟรี นัดรับหรือประสานขนส่งตามข้อตกลง,BreadcrumbList|ContactPoint|Country|GeoCoordinates|ImageObject|ListItem|LocalBusiness|Offer|OpeningHoursSpecification|Organization|PostalAddress|ProfessionalService|Service|WebPage|WebSite,133,2,44,4,OK
/รับซื้อ/รับซื้อโน๊ตบุ๊ค-กาฬสินธุ์,service-x-location,dist/client/รับซื้อ/รับซื้อโน๊ตบุ๊ค-กาฬสินธุ์/index.html,yes,200,yes,/รับซื้อ/รับซื้อโน๊ตบุ๊ค-กาฬสินธุ์,yes,รับซื้อ โน๊ตบุ๊ค กาฬสินธุ์ ประเมินราคาเบื้องต้น | Amphon.co.th,รับซื้อ โน๊ตบุ๊ค ในกาฬสินธุ์ ประเมินราคาฟรี ส่งรูปเช็กราคาได้ ชำระเงินหลังตรวจสอบสินค้าและตกลงราคาเรียบร้อยแล้ว ติดต่อ L,รับซื้อ โน๊ตบุ๊ค กาฬสินธุ์ ประเมินราคาเบื้องต้น,Answer|BreadcrumbList|ContactPoint|Country|FAQPage|GeoCoordinates|ImageObject|ListItem|LocalBusiness|Offer|OpeningHoursSpecification|Organization|PostalAddress|ProfessionalService|Question|Service|WebPage|WebSite,309,47,44,4,OK
/รับซื้อ/รับซื้อโน๊ตบุ๊ค-ขอนแก่น,service-x-location,dist/client/รับซื้อ/รับซื้อโน๊ตบุ๊ค-ขอนแก่น/index.html,yes,200,yes,/รับซื้อ/รับซื้อโน๊ตบุ๊ค-ขอนแก่น,yes,รับซื้อ โน๊ตบุ๊ค ขอนแก่น ประเมินราคาเบื้องต้น | Amphon.co.th,รับซื้อ โน๊ตบุ๊ค ในขอนแก่น ประเมินราคาฟรี ส่งรูปเช็กราคาได้ ชำระเงินหลังตรวจสอบสินค้าและตกลงราคาเรียบร้อยแล้ว ติดต่อ Lin,รับซื้อ โน๊ตบุ๊ค ขอนแก่น ประเมินราคาเบื้องต้น,Answer|BreadcrumbList|ContactPoint|Country|FAQPage|GeoCoordinates|ImageObject|ListItem|LocalBusiness|Offer|OpeningHoursSpecification|Organization|PostalAddress|ProfessionalService|Question|Service|WebPage|WebSite,320,47,44,4,OK
/รับซื้อ/รับซื้อโน๊ตบุ๊ค-ชัยภูมิ,service-x-location,dist/client/รับซื้อ/รับซื้อโน๊ตบุ๊ค-ชัยภูมิ/index.html,yes,200,yes,/รับซื้อ/รับซื้อโน๊ตบุ๊ค-ชัยภูมิ,yes,รับซื้อ โน๊ตบุ๊ค ชัยภูมิ ประเมินราคาเบื้องต้น | Amphon.co.th,รับซื้อ โน๊ตบุ๊ค ในชัยภูมิ ประเมินราคาฟรี ส่งรูปเช็กราคาได้ ชำระเงินหลังตรวจสอบสินค้าและตกลงราคาเรียบร้อยแล้ว ติดต่อ Lin,รับซื้อ โน๊ตบุ๊ค ชัยภูมิ ประเมินราคาเบื้องต้น,Answer|BreadcrumbList|ContactPoint|Country|FAQPage|GeoCoordinates|ImageObject|ListItem|LocalBusiness|Offer|OpeningHoursSpecification|Organization|PostalAddress|ProfessionalService|Question|Service|WebPage|WebSite,308,47,44,4,OK
/รับซื้อ/รับซื้อโน๊ตบุ๊ค-นครพนม,service-x-location,dist/client/รับซื้อ/รับซื้อโน๊ตบุ๊ค-นครพนม/index.html,yes,200,yes,/รับซื้อ/รับซื้อโน๊ตบุ๊ค-นครพนม,yes,รับซื้อ โน๊ตบุ๊ค นครพนม ประเมินราคาเบื้องต้น | Amphon.co.th,รับซื้อ โน๊ตบุ๊ค ในนครพนม ประเมินราคาฟรี ส่งรูปเช็กราคาได้ ชำระเงินหลังตรวจสอบสินค้าและตกลงราคาเรียบร้อยแล้ว ติดต่อ Line,รับซื้อ โน๊ตบุ๊ค นครพนม ประเมินราคาเบื้องต้น,Answer|BreadcrumbList|ContactPoint|Country|FAQPage|GeoCoordinates|ImageObject|ListItem|LocalBusiness|Offer|OpeningHoursSpecification|Organization|PostalAddress|ProfessionalService|Question|Service|WebPage|WebSite,305,47,44,4,OK
/รับซื้อ/รับซื้อโน๊ตบุ๊ค-นครราชสีมา,service-x-location,dist/client/รับซื้อ/รับซื้อโน๊ตบุ๊ค-นครราชสีมา/index.html,yes,200,yes,/รับซื้อ/รับซื้อโน๊ตบุ๊ค-นครราชสีมา,yes,รับซื้อ โน๊ตบุ๊ค นครราชสีมา ประเมินราคาเบื้องต้น | Amphon.co.th,รับซื้อ โน๊ตบุ๊ค ในนครราชสีมา ประเมินราคาฟรี ส่งรูปเช็กราคาได้ ชำระเงินหลังตรวจสอบสินค้าและตกลงราคาเรียบร้อยแล้ว ติดต่อ ,รับซื้อ โน๊ตบุ๊ค นครราชสีมา ประเมินราคาเบื้องต้น,Answer|BreadcrumbList|ContactPoint|Country|FAQPage|GeoCoordinates|ImageObject|ListItem|LocalBusiness|Offer|OpeningHoursSpecification|Organization|PostalAddress|ProfessionalService|Question|Service|WebPage|WebSite,327,47,44,4,OK
/รับซื้อ/รับซื้อโน๊ตบุ๊ค-บึงกาฬ,service-x-location,dist/client/รับซื้อ/รับซื้อโน๊ตบุ๊ค-บึงกาฬ/index.html,yes,200,yes,/รับซื้อ/รับซื้อโน๊ตบุ๊ค-บึงกาฬ,yes,รับซื้อ โน๊ตบุ๊ค บึงกาฬ ประเมินราคาเบื้องต้น | Amphon.co.th,รับซื้อ โน๊ตบุ๊ค ในบึงกาฬ ประเมินราคาฟรี ส่งรูปเช็กราคาได้ ชำระเงินหลังตรวจสอบสินค้าและตกลงราคาเรียบร้อยแล้ว ติดต่อ Line,รับซื้อ โน๊ตบุ๊ค บึงกาฬ ประเมินราคาเบื้องต้น,Answer|BreadcrumbList|ContactPoint|Country|FAQPage|GeoCoordinates|ImageObject|ListItem|LocalBusiness|Offer|OpeningHoursSpecification|Organization|PostalAddress|ProfessionalService|Question|Service|WebPage|WebSite,297,47,44,4,OK
/รับซื้อ/รับซื้อโน๊ตบุ๊ค-บุรีรัมย์,service-x-location,dist/client/รับซื้อ/รับซื้อโน๊ตบุ๊ค-บุรีรัมย์/index.html,yes,200,yes,/รับซื้อ/รับซื้อโน๊ตบุ๊ค-บุรีรัมย์,yes,รับซื้อ โน๊ตบุ๊ค บุรีรัมย์ ประเมินราคาเบื้องต้น | Amphon.co.th,รับซื้อ โน๊ตบุ๊ค ในบุรีรัมย์ ประเมินราคาฟรี ส่งรูปเช็กราคาได้ ชำระเงินหลังตรวจสอบสินค้าและตกลงราคาเรียบร้อยแล้ว ติดต่อ L,รับซื้อ โน๊ตบุ๊ค บุรีรัมย์ ประเมินราคาเบื้องต้น,Answer|BreadcrumbList|ContactPoint|Country|FAQPage|GeoCoordinates|ImageObject|ListItem|LocalBusiness|Offer|OpeningHoursSpecification|Organization|PostalAddress|ProfessionalService|Question|Service|WebPage|WebSite,301,47,44,4,OK
/รับซื้อ/รับซื้อโน๊ตบุ๊ค-มหาสารคาม,service-x-location,dist/client/รับซื้อ/รับซื้อโน๊ตบุ๊ค-มหาสารคาม/index.html,yes,200,yes,/รับซื้อ/รับซื้อโน๊ตบุ๊ค-มหาสารคาม,yes,รับซื้อ โน๊ตบุ๊ค มหาสารคาม ประเมินราคาเบื้องต้น | Amphon.co.th,รับซื้อ โน๊ตบุ๊ค ในมหาสารคาม ประเมินราคาฟรี ส่งรูปเช็กราคาได้ ชำระเงินหลังตรวจสอบสินค้าและตกลงราคาเรียบร้อยแล้ว ติดต่อ L,รับซื้อ โน๊ตบุ๊ค มหาสารคาม ประเมินราคาเบื้องต้น,Answer|BreadcrumbList|ContactPoint|Country|FAQPage|GeoCoordinates|ImageObject|ListItem|LocalBusiness|Offer|OpeningHoursSpecification|Organization|PostalAddress|ProfessionalService|Question|Service|WebPage|WebSite,301,47,44,4,OK
/รับซื้อ/รับซื้อโน๊ตบุ๊ค-มุกดาหาร,service-x-location,dist/client/รับซื้อ/รับซื้อโน๊ตบุ๊ค-มุกดาหาร/index.html,yes,200,yes,/รับซื้อ/รับซื้อโน๊ตบุ๊ค-มุกดาหาร,yes,รับซื้อ โน๊ตบุ๊ค มุกดาหาร ประเมินราคาเบื้องต้น | Amphon.co.th,รับซื้อ โน๊ตบุ๊ค ในมุกดาหาร ประเมินราคาฟรี ส่งรูปเช็กราคาได้ ชำระเงินหลังตรวจสอบสินค้าและตกลงราคาเรียบร้อยแล้ว ติดต่อ Li,รับซื้อ โน๊ตบุ๊ค มุกดาหาร ประเมินราคาเบื้องต้น,Answer|BreadcrumbList|ContactPoint|Country|FAQPage|GeoCoordinates|ImageObject|ListItem|LocalBusiness|Offer|OpeningHoursSpecification|Organization|PostalAddress|ProfessionalService|Question|Service|WebPage|WebSite,294,47,44,4,OK
/รับซื้อ/รับซื้อโน๊ตบุ๊ค-ยโสธร,service-x-location,dist/client/รับซื้อ/รับซื้อโน๊ตบุ๊ค-ยโสธร/index.html,yes,200,yes,/รับซื้อ/รับซื้อโน๊ตบุ๊ค-ยโสธร,yes,รับซื้อ โน๊ตบุ๊ค ยโสธร ประเมินราคาเบื้องต้น | Amphon.co.th,รับซื้อ โน๊ตบุ๊ค ในยโสธร ประเมินราคาฟรี ส่งรูปเช็กราคาได้ ชำระเงินหลังตรวจสอบสินค้าและตกลงราคาเรียบร้อยแล้ว ติดต่อ Line ,รับซื้อ โน๊ตบุ๊ค ยโสธร ประเมินราคาเบื้องต้น,Answer|BreadcrumbList|ContactPoint|Country|FAQPage|GeoCoordinates|ImageObject|ListItem|LocalBusiness|Offer|OpeningHoursSpecification|Organization|PostalAddress|ProfessionalService|Question|Service|WebPage|WebSite,298,47,44,4,OK
/รับซื้อ/รับซื้อโน๊ตบุ๊ค-ร้อยเอ็ด,service-x-location,dist/client/รับซื้อ/รับซื้อโน๊ตบุ๊ค-ร้อยเอ็ด/index.html,yes,200,yes,/รับซื้อ/รับซื้อโน๊ตบุ๊ค-ร้อยเอ็ด,yes,รับซื้อ โน๊ตบุ๊ค ร้อยเอ็ด ประเมินราคาเบื้องต้น | Amphon.co.th,รับซื้อ โน๊ตบุ๊ค ในร้อยเอ็ด ประเมินราคาฟรี ส่งรูปเช็กราคาได้ ชำระเงินหลังตรวจสอบสินค้าและตกลงราคาเรียบร้อยแล้ว ติดต่อ Li,รับซื้อ โน๊ตบุ๊ค ร้อยเอ็ด ประเมินราคาเบื้องต้น,Answer|BreadcrumbList|ContactPoint|Country|FAQPage|GeoCoordinates|ImageObject|ListItem|LocalBusiness|Offer|OpeningHoursSpecification|Organization|PostalAddress|ProfessionalService|Question|Service|WebPage|WebSite,312,47,44,4,OK
/รับซื้อ/รับซื้อโน๊ตบุ๊ค-ศรีสะเกษ,service-x-location,dist/client/รับซื้อ/รับซื้อโน๊ตบุ๊ค-ศรีสะเกษ/index.html,yes,200,yes,/รับซื้อ/รับซื้อโน๊ตบุ๊ค-ศรีสะเกษ,yes,รับซื้อ โน๊ตบุ๊ค ศรีสะเกษ ประเมินราคาเบื้องต้น | Amphon.co.th,รับซื้อ โน๊ตบุ๊ค ในศรีสะเกษ ประเมินราคาฟรี ส่งรูปเช็กราคาได้ ชำระเงินหลังตรวจสอบสินค้าและตกลงราคาเรียบร้อยแล้ว ติดต่อ Li,รับซื้อ โน๊ตบุ๊ค ศรีสะเกษ ประเมินราคาเบื้องต้น,Answer|BreadcrumbList|ContactPoint|Country|FAQPage|GeoCoordinates|ImageObject|ListItem|LocalBusiness|Offer|OpeningHoursSpecification|Organization|PostalAddress|ProfessionalService|Question|Service|WebPage|WebSite,299,47,44,4,OK
/รับซื้อ/รับซื้อโน๊ตบุ๊ค-สกลนคร,service-x-location,dist/client/รับซื้อ/รับซื้อโน๊ตบุ๊ค-สกลนคร/index.html,yes,200,yes,/รับซื้อ/รับซื้อโน๊ตบุ๊ค-สกลนคร,yes,รับซื้อ โน๊ตบุ๊ค สกลนคร ประเมินราคาเบื้องต้น | Amphon.co.th,รับซื้อ โน๊ตบุ๊ค ในสกลนคร ประเมินราคาฟรี ส่งรูปเช็กราคาได้ ชำระเงินหลังตรวจสอบสินค้าและตกลงราคาเรียบร้อยแล้ว ติดต่อ Line,รับซื้อ โน๊ตบุ๊ค สกลนคร ประเมินราคาเบื้องต้น,Answer|BreadcrumbList|ContactPoint|Country|FAQPage|GeoCoordinates|ImageObject|ListItem|LocalBusiness|Offer|OpeningHoursSpecification|Organization|PostalAddress|ProfessionalService|Question|Service|WebPage|WebSite,313,47,44,4,OK
/รับซื้อ/รับซื้อโน๊ตบุ๊ค-สุรินทร์,service-x-location,dist/client/รับซื้อ/รับซื้อโน๊ตบุ๊ค-สุรินทร์/index.html,yes,200,yes,/รับซื้อ/รับซื้อโน๊ตบุ๊ค-สุรินทร์,yes,รับซื้อ โน๊ตบุ๊ค สุรินทร์ ประเมินราคาเบื้องต้น | Amphon.co.th,รับซื้อ โน๊ตบุ๊ค ในสุรินทร์ ประเมินราคาฟรี ส่งรูปเช็กราคาได้ ชำระเงินหลังตรวจสอบสินค้าและตกลงราคาเรียบร้อยแล้ว ติดต่อ Li,รับซื้อ โน๊ตบุ๊ค สุรินทร์ ประเมินราคาเบื้องต้น,Answer|BreadcrumbList|ContactPoint|Country|FAQPage|GeoCoordinates|ImageObject|ListItem|LocalBusiness|Offer|OpeningHoursSpecification|Organization|PostalAddress|ProfessionalService|Question|Service|WebPage|WebSite,298,47,44,4,OK
/รับซื้อ/รับซื้อโน๊ตบุ๊ค-หนองคาย,service-x-location,dist/client/รับซื้อ/รับซื้อโน๊ตบุ๊ค-หนองคาย/index.html,yes,200,yes,/รับซื้อ/รับซื้อโน๊ตบุ๊ค-หนองคาย,yes,รับซื้อ โน๊ตบุ๊ค หนองคาย ประเมินราคาเบื้องต้น | Amphon.co.th,รับซื้อ โน๊ตบุ๊ค ในหนองคาย ประเมินราคาฟรี ส่งรูปเช็กราคาได้ ชำระเงินหลังตรวจสอบสินค้าและตกลงราคาเรียบร้อยแล้ว ติดต่อ Lin,รับซื้อ โน๊ตบุ๊ค หนองคาย ประเมินราคาเบื้องต้น,Answer|BreadcrumbList|ContactPoint|Country|FAQPage|GeoCoordinates|ImageObject|ListItem|LocalBusiness|Offer|OpeningHoursSpecification|Organization|PostalAddress|ProfessionalService|Question|Service|WebPage|WebSite,298,47,44,4,OK
/รับซื้อ/รับซื้อโน๊ตบุ๊ค-หนองบัวลำภู,service-x-location,dist/client/รับซื้อ/รับซื้อโน๊ตบุ๊ค-หนองบัวลำภู/index.html,yes,200,yes,/รับซื้อ/รับซื้อโน๊ตบุ๊ค-หนองบัวลำภู,yes,รับซื้อ โน๊ตบุ๊ค หนองบัวลำภู ประเมินราคาเบื้องต้น | Amphon.co.th,รับซื้อ โน๊ตบุ๊ค ในหนองบัวลำภู ประเมินราคาฟรี ส่งรูปเช็กราคาได้ ชำระเงินหลังตรวจสอบสินค้าและตกลงราคาเรียบร้อยแล้ว ติดต่อ,รับซื้อ โน๊ตบุ๊ค หนองบัวลำภู ประเมินราคาเบื้องต้น,Answer|BreadcrumbList|ContactPoint|Country|FAQPage|GeoCoordinates|ImageObject|ListItem|LocalBusiness|Offer|OpeningHoursSpecification|Organization|PostalAddress|ProfessionalService|Question|Service|WebPage|WebSite,290,47,44,4,OK
/รับซื้อ/รับซื้อโน๊ตบุ๊ค-อำนาจเจริญ,service-x-location,dist/client/รับซื้อ/รับซื้อโน๊ตบุ๊ค-อำนาจเจริญ/index.html,yes,200,yes,/รับซื้อ/รับซื้อโน๊ตบุ๊ค-อำนาจเจริญ,yes,รับซื้อ โน๊ตบุ๊ค อำนาจเจริญ ประเมินราคาเบื้องต้น | Amphon.co.th,รับซื้อ โน๊ตบุ๊ค ในอำนาจเจริญ ประเมินราคาฟรี ส่งรูปเช็กราคาได้ ชำระเงินหลังตรวจสอบสินค้าและตกลงราคาเรียบร้อยแล้ว ติดต่อ ,รับซื้อ โน๊ตบุ๊ค อำนาจเจริญ ประเมินราคาเบื้องต้น,Answer|BreadcrumbList|ContactPoint|Country|FAQPage|GeoCoordinates|ImageObject|ListItem|LocalBusiness|Offer|OpeningHoursSpecification|Organization|PostalAddress|ProfessionalService|Question|Service|WebPage|WebSite,293,47,44,4,OK
/รับซื้อ/รับซื้อโน๊ตบุ๊ค-อุดรธานี,service-x-location,dist/client/รับซื้อ/รับซื้อโน๊ตบุ๊ค-อุดรธานี/index.html,yes,200,yes,/รับซื้อ/รับซื้อโน๊ตบุ๊ค-อุดรธานี,yes,รับซื้อ โน๊ตบุ๊ค อุดรธานี ประเมินราคาเบื้องต้น | Amphon.co.th,รับซื้อ โน๊ตบุ๊ค ในอุดรธานี ประเมินราคาฟรี ส่งรูปเช็กราคาได้ ชำระเงินหลังตรวจสอบสินค้าและตกลงราคาเรียบร้อยแล้ว ติดต่อ Li,รับซื้อ โน๊ตบุ๊ค อุดรธานี ประเมินราคาเบื้องต้น,Answer|BreadcrumbList|ContactPoint|Country|FAQPage|GeoCoordinates|ImageObject|ListItem|LocalBusiness|Offer|OpeningHoursSpecification|Organization|PostalAddress|ProfessionalService|Question|Service|WebPage|WebSite,300,47,44,4,OK
/รับซื้อ/รับซื้อโน๊ตบุ๊ค-อุบลราชธานี,service-x-location,dist/client/รับซื้อ/รับซื้อโน๊ตบุ๊ค-อุบลราชธานี/index.html,yes,200,yes,/รับซื้อ/รับซื้อโน๊ตบุ๊ค-อุบลราชธานี,yes,รับซื้อโน๊ตบุ๊ค อุบลราชธานี ประเมินฟรี มีหน้าร้านจริง | Amphon.co.th,รับซื้อโน๊ตบุ๊คในอุบลราชธานี มีหน้าร้านจริง ประเมินราคาฟรี ส่งรูปเช็กราคาได้ ชำระเงินหลังตรวจสอบสินค้าและตกลงราคา,รับซื้อโน๊ตบุ๊ค อุบลราชธานี ชำระเงินหลังตรวจสอบสินค้าและตกลงราคาเรียบร้อยแล้ว ประเมินราคาฟรีออนไลน์,Answer|BreadcrumbList|ContactPoint|Country|FAQPage|GeoCoordinates|ImageObject|ListItem|LocalBusiness|Offer|OpeningHoursSpecification|Organization|PostalAddress|ProfessionalService|Question|Service|WebPage|WebSite,261,49,50,4,OK
/รับซื้อ/รับซื้อโน๊ตบุ๊ค-เลย,service-x-location,dist/client/รับซื้อ/รับซื้อโน๊ตบุ๊ค-เลย/index.html,yes,200,yes,/รับซื้อ/รับซื้อโน๊ตบุ๊ค-เลย,yes,รับซื้อ โน๊ตบุ๊ค เลย ประเมินราคาเบื้องต้น | Amphon.co.th,รับซื้อ โน๊ตบุ๊ค ในเลย ประเมินราคาฟรี ส่งรูปเช็กราคาได้ ชำระเงินหลังตรวจสอบสินค้าและตกลงราคาเรียบร้อยแล้ว ติดต่อ Line @w,รับซื้อ โน๊ตบุ๊ค เลย ประเมินราคาเบื้องต้น,Answer|BreadcrumbList|ContactPoint|Country|FAQPage|GeoCoordinates|ImageObject|ListItem|LocalBusiness|Offer|OpeningHoursSpecification|Organization|PostalAddress|ProfessionalService|Question|Service|WebPage|WebSite,306,47,44,4,OK
/รับซื้อ/รับซื้อโน๊ตบุ๊คเกมมิ่ง-กาฬสินธุ์,service-x-location,dist/client/รับซื้อ/รับซื้อโน๊ตบุ๊คเกมมิ่ง-กาฬสินธุ์/index.html,yes,200,yes,/รับซื้อ/รับซื้อโน๊ตบุ๊คเกมมิ่ง-กาฬสินธุ์,yes,รับซื้อ โน๊ตบุ๊คเกมมิ่ง กาฬสินธุ์ ประเมินราคาเบื้องต้น | Amphon.co.th,รับซื้อ โน๊ตบุ๊คเกมมิ่ง ในกาฬสินธุ์ ประเมินราคาฟรี ส่งรูปเช็กราคาได้ ชำระเงินหลังตรวจสอบสินค้าและตกลงราคาเรียบร้อยแล้ว ต,รับซื้อ โน๊ตบุ๊คเกมมิ่ง กาฬสินธุ์ ประเมินราคาเบื้องต้น,Answer|BreadcrumbList|ContactPoint|Country|FAQPage|GeoCoordinates|ImageObject|ListItem|LocalBusiness|Offer|OpeningHoursSpecification|Organization|PostalAddress|ProfessionalService|Question|Service|WebPage|WebSite,310,2,44,4,OK
/รับซื้อ/รับซื้อโน๊ตบุ๊คเกมมิ่ง-ขอนแก่น,service-x-location,dist/client/รับซื้อ/รับซื้อโน๊ตบุ๊คเกมมิ่ง-ขอนแก่น/index.html,yes,200,yes,/รับซื้อ/รับซื้อโน๊ตบุ๊คเกมมิ่ง-ขอนแก่น,yes,รับซื้อ โน๊ตบุ๊คเกมมิ่ง ขอนแก่น ประเมินราคาเบื้องต้น | Amphon.co.th,รับซื้อ โน๊ตบุ๊คเกมมิ่ง ในขอนแก่น ประเมินราคาฟรี ส่งรูปเช็กราคาได้ ชำระเงินหลังตรวจสอบสินค้าและตกลงราคาเรียบร้อยแล้ว ติด,รับซื้อ โน๊ตบุ๊คเกมมิ่ง ขอนแก่น ประเมินราคาเบื้องต้น,Answer|BreadcrumbList|ContactPoint|Country|FAQPage|GeoCoordinates|ImageObject|ListItem|LocalBusiness|Offer|OpeningHoursSpecification|Organization|PostalAddress|ProfessionalService|Question|Service|WebPage|WebSite,321,2,44,4,OK
/รับซื้อ/รับซื้อโน๊ตบุ๊คเกมมิ่ง-ชัยภูมิ,service-x-location,dist/client/รับซื้อ/รับซื้อโน๊ตบุ๊คเกมมิ่ง-ชัยภูมิ/index.html,yes,200,yes,/รับซื้อ/รับซื้อโน๊ตบุ๊คเกมมิ่ง-ชัยภูมิ,yes,รับซื้อ โน๊ตบุ๊คเกมมิ่ง ชัยภูมิ ประเมินราคาเบื้องต้น | Amphon.co.th,รับซื้อ โน๊ตบุ๊คเกมมิ่ง ในชัยภูมิ ประเมินราคาฟรี ส่งรูปเช็กราคาได้ ชำระเงินหลังตรวจสอบสินค้าและตกลงราคาเรียบร้อยแล้ว ติด,รับซื้อ โน๊ตบุ๊คเกมมิ่ง ชัยภูมิ ประเมินราคาเบื้องต้น,Answer|BreadcrumbList|ContactPoint|Country|FAQPage|GeoCoordinates|ImageObject|ListItem|LocalBusiness|Offer|OpeningHoursSpecification|Organization|PostalAddress|ProfessionalService|Question|Service|WebPage|WebSite,309,2,44,4,OK
/รับซื้อ/รับซื้อโน๊ตบุ๊คเกมมิ่ง-นครพนม,service-x-location,dist/client/รับซื้อ/รับซื้อโน๊ตบุ๊คเกมมิ่ง-นครพนม/index.html,yes,200,yes,/รับซื้อ/รับซื้อโน๊ตบุ๊คเกมมิ่ง-นครพนม,yes,รับซื้อ โน๊ตบุ๊คเกมมิ่ง นครพนม ประเมินราคาเบื้องต้น | Amphon.co.th,รับซื้อ โน๊ตบุ๊คเกมมิ่ง ในนครพนม ประเมินราคาฟรี ส่งรูปเช็กราคาได้ ชำระเงินหลังตรวจสอบสินค้าและตกลงราคาเรียบร้อยแล้ว ติดต,รับซื้อ โน๊ตบุ๊คเกมมิ่ง นครพนม ประเมินราคาเบื้องต้น,Answer|BreadcrumbList|ContactPoint|Country|FAQPage|GeoCoordinates|ImageObject|ListItem|LocalBusiness|Offer|OpeningHoursSpecification|Organization|PostalAddress|ProfessionalService|Question|Service|WebPage|WebSite,306,2,44,4,OK
/รับซื้อ/รับซื้อโน๊ตบุ๊คเกมมิ่ง-นครราชสีมา,service-x-location,dist/client/รับซื้อ/รับซื้อโน๊ตบุ๊คเกมมิ่ง-นครราชสีมา/index.html,yes,200,yes,/รับซื้อ/รับซื้อโน๊ตบุ๊คเกมมิ่ง-นครราชสีมา,yes,รับซื้อ โน๊ตบุ๊คเกมมิ่ง นครราชสีมา ประเมินราคาเบื้องต้น | Amphon.co.th,รับซื้อ โน๊ตบุ๊คเกมมิ่ง ในนครราชสีมา ประเมินราคาฟรี ส่งรูปเช็กราคาได้ ชำระเงินหลังตรวจสอบสินค้าและตกลงราคาเรียบร้อยแล้ว ,รับซื้อ โน๊ตบุ๊คเกมมิ่ง นครราชสีมา ประเมินราคาเบื้องต้น,Answer|BreadcrumbList|ContactPoint|Country|FAQPage|GeoCoordinates|ImageObject|ListItem|LocalBusiness|Offer|OpeningHoursSpecification|Organization|PostalAddress|ProfessionalService|Question|Service|WebPage|WebSite,328,2,44,4,OK
/รับซื้อ/รับซื้อโน๊ตบุ๊คเกมมิ่ง-บึงกาฬ,service-x-location,dist/client/รับซื้อ/รับซื้อโน๊ตบุ๊คเกมมิ่ง-บึงกาฬ/index.html,yes,200,yes,/รับซื้อ/รับซื้อโน๊ตบุ๊คเกมมิ่ง-บึงกาฬ,yes,รับซื้อ โน๊ตบุ๊คเกมมิ่ง บึงกาฬ ประเมินราคาเบื้องต้น | Amphon.co.th,รับซื้อ โน๊ตบุ๊คเกมมิ่ง ในบึงกาฬ ประเมินราคาฟรี ส่งรูปเช็กราคาได้ ชำระเงินหลังตรวจสอบสินค้าและตกลงราคาเรียบร้อยแล้ว ติดต,รับซื้อ โน๊ตบุ๊คเกมมิ่ง บึงกาฬ ประเมินราคาเบื้องต้น,Answer|BreadcrumbList|ContactPoint|Country|FAQPage|GeoCoordinates|ImageObject|ListItem|LocalBusiness|Offer|OpeningHoursSpecification|Organization|PostalAddress|ProfessionalService|Question|Service|WebPage|WebSite,298,2,44,4,OK
/รับซื้อ/รับซื้อโน๊ตบุ๊คเกมมิ่ง-บุรีรัมย์,service-x-location,dist/client/รับซื้อ/รับซื้อโน๊ตบุ๊คเกมมิ่ง-บุรีรัมย์/index.html,yes,200,yes,/รับซื้อ/รับซื้อโน๊ตบุ๊คเกมมิ่ง-บุรีรัมย์,yes,รับซื้อ โน๊ตบุ๊คเกมมิ่ง บุรีรัมย์ ประเมินราคาเบื้องต้น | Amphon.co.th,รับซื้อ โน๊ตบุ๊คเกมมิ่ง ในบุรีรัมย์ ประเมินราคาฟรี ส่งรูปเช็กราคาได้ ชำระเงินหลังตรวจสอบสินค้าและตกลงราคาเรียบร้อยแล้ว ต,รับซื้อ โน๊ตบุ๊คเกมมิ่ง บุรีรัมย์ ประเมินราคาเบื้องต้น,Answer|BreadcrumbList|ContactPoint|Country|FAQPage|GeoCoordinates|ImageObject|ListItem|LocalBusiness|Offer|OpeningHoursSpecification|Organization|PostalAddress|ProfessionalService|Question|Service|WebPage|WebSite,302,2,44,4,OK
/รับซื้อ/รับซื้อโน๊ตบุ๊คเกมมิ่ง-มหาสารคาม,service-x-location,dist/client/รับซื้อ/รับซื้อโน๊ตบุ๊คเกมมิ่ง-มหาสารคาม/index.html,yes,200,yes,/รับซื้อ/รับซื้อโน๊ตบุ๊คเกมมิ่ง-มหาสารคาม,yes,รับซื้อ โน๊ตบุ๊คเกมมิ่ง มหาสารคาม ประเมินราคาเบื้องต้น | Amphon.co.th,รับซื้อ โน๊ตบุ๊คเกมมิ่ง ในมหาสารคาม ประเมินราคาฟรี ส่งรูปเช็กราคาได้ ชำระเงินหลังตรวจสอบสินค้าและตกลงราคาเรียบร้อยแล้ว ต,รับซื้อ โน๊ตบุ๊คเกมมิ่ง มหาสารคาม ประเมินราคาเบื้องต้น,Answer|BreadcrumbList|ContactPoint|Country|FAQPage|GeoCoordinates|ImageObject|ListItem|LocalBusiness|Offer|OpeningHoursSpecification|Organization|PostalAddress|ProfessionalService|Question|Service|WebPage|WebSite,302,2,44,4,OK
/รับซื้อ/รับซื้อโน๊ตบุ๊คเกมมิ่ง-มุกดาหาร,service-x-location,dist/client/รับซื้อ/รับซื้อโน๊ตบุ๊คเกมมิ่ง-มุกดาหาร/index.html,yes,200,yes,/รับซื้อ/รับซื้อโน๊ตบุ๊คเกมมิ่ง-มุกดาหาร,yes,รับซื้อ โน๊ตบุ๊คเกมมิ่ง มุกดาหาร ประเมินราคาเบื้องต้น | Amphon.co.th,รับซื้อ โน๊ตบุ๊คเกมมิ่ง ในมุกดาหาร ประเมินราคาฟรี ส่งรูปเช็กราคาได้ ชำระเงินหลังตรวจสอบสินค้าและตกลงราคาเรียบร้อยแล้ว ติ,รับซื้อ โน๊ตบุ๊คเกมมิ่ง มุกดาหาร ประเมินราคาเบื้องต้น,Answer|BreadcrumbList|ContactPoint|Country|FAQPage|GeoCoordinates|ImageObject|ListItem|LocalBusiness|Offer|OpeningHoursSpecification|Organization|PostalAddress|ProfessionalService|Question|Service|WebPage|WebSite,295,2,44,4,OK
/รับซื้อ/รับซื้อโน๊ตบุ๊คเกมมิ่ง-ยโสธร,service-x-location,dist/client/รับซื้อ/รับซื้อโน๊ตบุ๊คเกมมิ่ง-ยโสธร/index.html,yes,200,yes,/รับซื้อ/รับซื้อโน๊ตบุ๊คเกมมิ่ง-ยโสธร,yes,รับซื้อ โน๊ตบุ๊คเกมมิ่ง ยโสธร ประเมินราคาเบื้องต้น | Amphon.co.th,รับซื้อ โน๊ตบุ๊คเกมมิ่ง ในยโสธร ประเมินราคาฟรี ส่งรูปเช็กราคาได้ ชำระเงินหลังตรวจสอบสินค้าและตกลงราคาเรียบร้อยแล้ว ติดต่,รับซื้อ โน๊ตบุ๊คเกมมิ่ง ยโสธร ประเมินราคาเบื้องต้น,Answer|BreadcrumbList|ContactPoint|Country|FAQPage|GeoCoordinates|ImageObject|ListItem|LocalBusiness|Offer|OpeningHoursSpecification|Organization|PostalAddress|ProfessionalService|Question|Service|WebPage|WebSite,299,2,44,4,OK
/รับซื้อ/รับซื้อโน๊ตบุ๊คเกมมิ่ง-ร้อยเอ็ด,service-x-location,dist/client/รับซื้อ/รับซื้อโน๊ตบุ๊คเกมมิ่ง-ร้อยเอ็ด/index.html,yes,200,yes,/รับซื้อ/รับซื้อโน๊ตบุ๊คเกมมิ่ง-ร้อยเอ็ด,yes,รับซื้อ โน๊ตบุ๊คเกมมิ่ง ร้อยเอ็ด ประเมินราคาเบื้องต้น | Amphon.co.th,รับซื้อ โน๊ตบุ๊คเกมมิ่ง ในร้อยเอ็ด ประเมินราคาฟรี ส่งรูปเช็กราคาได้ ชำระเงินหลังตรวจสอบสินค้าและตกลงราคาเรียบร้อยแล้ว ติ,รับซื้อ โน๊ตบุ๊คเกมมิ่ง ร้อยเอ็ด ประเมินราคาเบื้องต้น,Answer|BreadcrumbList|ContactPoint|Country|FAQPage|GeoCoordinates|ImageObject|ListItem|LocalBusiness|Offer|OpeningHoursSpecification|Organization|PostalAddress|ProfessionalService|Question|Service|WebPage|WebSite,313,2,44,4,OK
/รับซื้อ/รับซื้อโน๊ตบุ๊คเกมมิ่ง-ศรีสะเกษ,service-x-location,dist/client/รับซื้อ/รับซื้อโน๊ตบุ๊คเกมมิ่ง-ศรีสะเกษ/index.html,yes,200,yes,/รับซื้อ/รับซื้อโน๊ตบุ๊คเกมมิ่ง-ศรีสะเกษ,yes,รับซื้อ โน๊ตบุ๊คเกมมิ่ง ศรีสะเกษ ประเมินราคาเบื้องต้น | Amphon.co.th,รับซื้อ โน๊ตบุ๊คเกมมิ่ง ในศรีสะเกษ ประเมินราคาฟรี ส่งรูปเช็กราคาได้ ชำระเงินหลังตรวจสอบสินค้าและตกลงราคาเรียบร้อยแล้ว ติ,รับซื้อ โน๊ตบุ๊คเกมมิ่ง ศรีสะเกษ ประเมินราคาเบื้องต้น,Answer|BreadcrumbList|ContactPoint|Country|FAQPage|GeoCoordinates|ImageObject|ListItem|LocalBusiness|Offer|OpeningHoursSpecification|Organization|PostalAddress|ProfessionalService|Question|Service|WebPage|WebSite,300,2,44,4,OK
/รับซื้อ/รับซื้อโน๊ตบุ๊คเกมมิ่ง-สกลนคร,service-x-location,dist/client/รับซื้อ/รับซื้อโน๊ตบุ๊คเกมมิ่ง-สกลนคร/index.html,yes,200,yes,/รับซื้อ/รับซื้อโน๊ตบุ๊คเกมมิ่ง-สกลนคร,yes,รับซื้อ โน๊ตบุ๊คเกมมิ่ง สกลนคร ประเมินราคาเบื้องต้น | Amphon.co.th,รับซื้อ โน๊ตบุ๊คเกมมิ่ง ในสกลนคร ประเมินราคาฟรี ส่งรูปเช็กราคาได้ ชำระเงินหลังตรวจสอบสินค้าและตกลงราคาเรียบร้อยแล้ว ติดต,รับซื้อ โน๊ตบุ๊คเกมมิ่ง สกลนคร ประเมินราคาเบื้องต้น,Answer|BreadcrumbList|ContactPoint|Country|FAQPage|GeoCoordinates|ImageObject|ListItem|LocalBusiness|Offer|OpeningHoursSpecification|Organization|PostalAddress|ProfessionalService|Question|Service|WebPage|WebSite,314,2,44,4,OK
/รับซื้อ/รับซื้อโน๊ตบุ๊คเกมมิ่ง-สุรินทร์,service-x-location,dist/client/รับซื้อ/รับซื้อโน๊ตบุ๊คเกมมิ่ง-สุรินทร์/index.html,yes,200,yes,/รับซื้อ/รับซื้อโน๊ตบุ๊คเกมมิ่ง-สุรินทร์,yes,รับซื้อ โน๊ตบุ๊คเกมมิ่ง สุรินทร์ ประเมินราคาเบื้องต้น | Amphon.co.th,รับซื้อ โน๊ตบุ๊คเกมมิ่ง ในสุรินทร์ ประเมินราคาฟรี ส่งรูปเช็กราคาได้ ชำระเงินหลังตรวจสอบสินค้าและตกลงราคาเรียบร้อยแล้ว ติ,รับซื้อ โน๊ตบุ๊คเกมมิ่ง สุรินทร์ ประเมินราคาเบื้องต้น,Answer|BreadcrumbList|ContactPoint|Country|FAQPage|GeoCoordinates|ImageObject|ListItem|LocalBusiness|Offer|OpeningHoursSpecification|Organization|PostalAddress|ProfessionalService|Question|Service|WebPage|WebSite,299,2,44,4,OK
/รับซื้อ/รับซื้อโน๊ตบุ๊คเกมมิ่ง-หนองคาย,service-x-location,dist/client/รับซื้อ/รับซื้อโน๊ตบุ๊คเกมมิ่ง-หนองคาย/index.html,yes,200,yes,/รับซื้อ/รับซื้อโน๊ตบุ๊คเกมมิ่ง-หนองคาย,yes,รับซื้อ โน๊ตบุ๊คเกมมิ่ง หนองคาย ประเมินราคาเบื้องต้น | Amphon.co.th,รับซื้อ โน๊ตบุ๊คเกมมิ่ง ในหนองคาย ประเมินราคาฟรี ส่งรูปเช็กราคาได้ ชำระเงินหลังตรวจสอบสินค้าและตกลงราคาเรียบร้อยแล้ว ติด,รับซื้อ โน๊ตบุ๊คเกมมิ่ง หนองคาย ประเมินราคาเบื้องต้น,Answer|BreadcrumbList|ContactPoint|Country|FAQPage|GeoCoordinates|ImageObject|ListItem|LocalBusiness|Offer|OpeningHoursSpecification|Organization|PostalAddress|ProfessionalService|Question|Service|WebPage|WebSite,299,2,44,4,OK
/รับซื้อ/รับซื้อโน๊ตบุ๊คเกมมิ่ง-หนองบัวลำภู,service-x-location,dist/client/รับซื้อ/รับซื้อโน๊ตบุ๊คเกมมิ่ง-หนองบัวลำภู/index.html,yes,200,yes,/รับซื้อ/รับซื้อโน๊ตบุ๊คเกมมิ่ง-หนองบัวลำภู,yes,รับซื้อ โน๊ตบุ๊คเกมมิ่ง หนองบัวลำภู ประเมินราคาเบื้องต้น | Amphon.co.th,รับซื้อ โน๊ตบุ๊คเกมมิ่ง ในหนองบัวลำภู ประเมินราคาฟรี ส่งรูปเช็กราคาได้ ชำระเงินหลังตรวจสอบสินค้าและตกลงราคาเรียบร้อยแล้ว,รับซื้อ โน๊ตบุ๊คเกมมิ่ง หนองบัวลำภู ประเมินราคาเบื้องต้น,Answer|BreadcrumbList|ContactPoint|Country|FAQPage|GeoCoordinates|ImageObject|ListItem|LocalBusiness|Offer|OpeningHoursSpecification|Organization|PostalAddress|ProfessionalService|Question|Service|WebPage|WebSite,291,2,44,4,OK
/รับซื้อ/รับซื้อโน๊ตบุ๊คเกมมิ่ง-อำนาจเจริญ,service-x-location,dist/client/รับซื้อ/รับซื้อโน๊ตบุ๊คเกมมิ่ง-อำนาจเจริญ/index.html,yes,200,yes,/รับซื้อ/รับซื้อโน๊ตบุ๊คเกมมิ่ง-อำนาจเจริญ,yes,รับซื้อ โน๊ตบุ๊คเกมมิ่ง อำนาจเจริญ ประเมินราคาเบื้องต้น | Amphon.co.th,รับซื้อ โน๊ตบุ๊คเกมมิ่ง ในอำนาจเจริญ ประเมินราคาฟรี ส่งรูปเช็กราคาได้ ชำระเงินหลังตรวจสอบสินค้าและตกลงราคาเรียบร้อยแล้ว ,รับซื้อ โน๊ตบุ๊คเกมมิ่ง อำนาจเจริญ ประเมินราคาเบื้องต้น,Answer|BreadcrumbList|ContactPoint|Country|FAQPage|GeoCoordinates|ImageObject|ListItem|LocalBusiness|Offer|OpeningHoursSpecification|Organization|PostalAddress|ProfessionalService|Question|Service|WebPage|WebSite,294,2,44,4,OK
/รับซื้อ/รับซื้อโน๊ตบุ๊คเกมมิ่ง-อุดรธานี,service-x-location,dist/client/รับซื้อ/รับซื้อโน๊ตบุ๊คเกมมิ่ง-อุดรธานี/index.html,yes,200,yes,/รับซื้อ/รับซื้อโน๊ตบุ๊คเกมมิ่ง-อุดรธานี,yes,รับซื้อ โน๊ตบุ๊คเกมมิ่ง อุดรธานี ประเมินราคาเบื้องต้น | Amphon.co.th,รับซื้อ โน๊ตบุ๊คเกมมิ่ง ในอุดรธานี ประเมินราคาฟรี ส่งรูปเช็กราคาได้ ชำระเงินหลังตรวจสอบสินค้าและตกลงราคาเรียบร้อยแล้ว ติ,รับซื้อ โน๊ตบุ๊คเกมมิ่ง อุดรธานี ประเมินราคาเบื้องต้น,Answer|BreadcrumbList|ContactPoint|Country|FAQPage|GeoCoordinates|ImageObject|ListItem|LocalBusiness|Offer|OpeningHoursSpecification|Organization|PostalAddress|ProfessionalService|Question|Service|WebPage|WebSite,301,2,44,4,OK
/รับซื้อ/รับซื้อโน๊ตบุ๊คเกมมิ่ง-อุบลราชธานี,service-x-location,dist/client/รับซื้อ/รับซื้อโน๊ตบุ๊คเกมมิ่ง-อุบลราชธานี/index.html,yes,200,yes,/รับซื้อ/รับซื้อโน๊ตบุ๊คเกมมิ่ง-อุบลราชธานี,yes,รับซื้อ โน๊ตบุ๊คเกมมิ่ง อุบลราชธานี ประเมินราคาเบื้องต้น | Amphon.co.th,รับซื้อ โน๊ตบุ๊คเกมมิ่ง ในอุบลราชธานี ประเมินราคาฟรี ส่งรูปเช็กราคาได้ ชำระเงินหลังตรวจสอบสินค้าและตกลงราคาเรียบร้อยแล้ว,รับซื้อ โน๊ตบุ๊คเกมมิ่ง อุบลราชธานี ประเมินราคาเบื้องต้น,Answer|BreadcrumbList|ContactPoint|Country|FAQPage|GeoCoordinates|ImageObject|ListItem|LocalBusiness|Offer|OpeningHoursSpecification|Organization|PostalAddress|ProfessionalService|Question|Service|WebPage|WebSite,295,2,44,4,OK
/รับซื้อ/รับซื้อโน๊ตบุ๊คเกมมิ่ง-เลย,service-x-location,dist/client/รับซื้อ/รับซื้อโน๊ตบุ๊คเกมมิ่ง-เลย/index.html,yes,200,yes,/รับซื้อ/รับซื้อโน๊ตบุ๊คเกมมิ่ง-เลย,yes,รับซื้อ โน๊ตบุ๊คเกมมิ่ง เลย ประเมินราคาเบื้องต้น | Amphon.co.th,รับซื้อ โน๊ตบุ๊คเกมมิ่ง ในเลย ประเมินราคาฟรี ส่งรูปเช็กราคาได้ ชำระเงินหลังตรวจสอบสินค้าและตกลงราคาเรียบร้อยแล้ว ติดต่อ ,รับซื้อ โน๊ตบุ๊คเกมมิ่ง เลย ประเมินราคาเบื้องต้น,Answer|BreadcrumbList|ContactPoint|Country|FAQPage|GeoCoordinates|ImageObject|ListItem|LocalBusiness|Offer|OpeningHoursSpecification|Organization|PostalAddress|ProfessionalService|Question|Service|WebPage|WebSite,307,2,44,4,OK
/รับซื้อ/รับซื้อโน๊ตบุ๊คเสีย-กาฬสินธุ์,service-x-location,dist/client/รับซื้อ/รับซื้อโน๊ตบุ๊คเสีย-กาฬสินธุ์/index.html,yes,200,yes,/รับซื้อ/รับซื้อโน๊ตบุ๊คเสีย-กาฬสินธุ์,yes,รับซื้อ โน๊ตบุ๊คเสีย กาฬสินธุ์ ประเมินราคาเบื้องต้น | Amphon.co.th,รับซื้อ โน๊ตบุ๊คเสีย ในกาฬสินธุ์ ประเมินราคาฟรี ส่งรูปเช็กราคาได้ ชำระเงินหลังตรวจสอบสินค้าและตกลงราคาเรียบร้อยแล้ว ติดต,รับซื้อ โน๊ตบุ๊คเสีย กาฬสินธุ์ ประเมินราคาเบื้องต้น,Answer|BreadcrumbList|ContactPoint|Country|FAQPage|GeoCoordinates|ImageObject|ListItem|LocalBusiness|Offer|OpeningHoursSpecification|Organization|PostalAddress|ProfessionalService|Question|Service|WebPage|WebSite,308,2,44,4,OK
/รับซื้อ/รับซื้อโน๊ตบุ๊คเสีย-ขอนแก่น,service-x-location,dist/client/รับซื้อ/รับซื้อโน๊ตบุ๊คเสีย-ขอนแก่น/index.html,yes,200,yes,/รับซื้อ/รับซื้อโน๊ตบุ๊คเสีย-ขอนแก่น,yes,รับซื้อ โน๊ตบุ๊คเสีย ขอนแก่น ประเมินราคาเบื้องต้น | Amphon.co.th,รับซื้อ โน๊ตบุ๊คเสีย ในขอนแก่น ประเมินราคาฟรี ส่งรูปเช็กราคาได้ ชำระเงินหลังตรวจสอบสินค้าและตกลงราคาเรียบร้อยแล้ว ติดต่อ,รับซื้อ โน๊ตบุ๊คเสีย ขอนแก่น ประเมินราคาเบื้องต้น,Answer|BreadcrumbList|ContactPoint|Country|FAQPage|GeoCoordinates|ImageObject|ListItem|LocalBusiness|Offer|OpeningHoursSpecification|Organization|PostalAddress|ProfessionalService|Question|Service|WebPage|WebSite,319,2,44,4,OK
/รับซื้อ/รับซื้อโน๊ตบุ๊คเสีย-ชัยภูมิ,service-x-location,dist/client/รับซื้อ/รับซื้อโน๊ตบุ๊คเสีย-ชัยภูมิ/index.html,yes,200,yes,/รับซื้อ/รับซื้อโน๊ตบุ๊คเสีย-ชัยภูมิ,yes,รับซื้อ โน๊ตบุ๊คเสีย ชัยภูมิ ประเมินราคาเบื้องต้น | Amphon.co.th,รับซื้อ โน๊ตบุ๊คเสีย ในชัยภูมิ ประเมินราคาฟรี ส่งรูปเช็กราคาได้ ชำระเงินหลังตรวจสอบสินค้าและตกลงราคาเรียบร้อยแล้ว ติดต่อ,รับซื้อ โน๊ตบุ๊คเสีย ชัยภูมิ ประเมินราคาเบื้องต้น,Answer|BreadcrumbList|ContactPoint|Country|FAQPage|GeoCoordinates|ImageObject|ListItem|LocalBusiness|Offer|OpeningHoursSpecification|Organization|PostalAddress|ProfessionalService|Question|Service|WebPage|WebSite,307,2,44,4,OK
/รับซื้อ/รับซื้อโน๊ตบุ๊คเสีย-นครพนม,service-x-location,dist/client/รับซื้อ/รับซื้อโน๊ตบุ๊คเสีย-นครพนม/index.html,yes,200,yes,/รับซื้อ/รับซื้อโน๊ตบุ๊คเสีย-นครพนม,yes,รับซื้อ โน๊ตบุ๊คเสีย นครพนม ประเมินราคาเบื้องต้น | Amphon.co.th,รับซื้อ โน๊ตบุ๊คเสีย ในนครพนม ประเมินราคาฟรี ส่งรูปเช็กราคาได้ ชำระเงินหลังตรวจสอบสินค้าและตกลงราคาเรียบร้อยแล้ว ติดต่อ ,รับซื้อ โน๊ตบุ๊คเสีย นครพนม ประเมินราคาเบื้องต้น,Answer|BreadcrumbList|ContactPoint|Country|FAQPage|GeoCoordinates|ImageObject|ListItem|LocalBusiness|Offer|OpeningHoursSpecification|Organization|PostalAddress|ProfessionalService|Question|Service|WebPage|WebSite,304,2,44,4,OK
/รับซื้อ/รับซื้อโน๊ตบุ๊คเสีย-นครราชสีมา,service-x-location,dist/client/รับซื้อ/รับซื้อโน๊ตบุ๊คเสีย-นครราชสีมา/index.html,yes,200,yes,/รับซื้อ/รับซื้อโน๊ตบุ๊คเสีย-นครราชสีมา,yes,รับซื้อ โน๊ตบุ๊คเสีย นครราชสีมา ประเมินราคาเบื้องต้น | Amphon.co.th,รับซื้อ โน๊ตบุ๊คเสีย ในนครราชสีมา ประเมินราคาฟรี ส่งรูปเช็กราคาได้ ชำระเงินหลังตรวจสอบสินค้าและตกลงราคาเรียบร้อยแล้ว ติด,รับซื้อ โน๊ตบุ๊คเสีย นครราชสีมา ประเมินราคาเบื้องต้น,Answer|BreadcrumbList|ContactPoint|Country|FAQPage|GeoCoordinates|ImageObject|ListItem|LocalBusiness|Offer|OpeningHoursSpecification|Organization|PostalAddress|ProfessionalService|Question|Service|WebPage|WebSite,326,2,44,4,OK
/รับซื้อ/รับซื้อโน๊ตบุ๊คเสีย-บึงกาฬ,service-x-location,dist/client/รับซื้อ/รับซื้อโน๊ตบุ๊คเสีย-บึงกาฬ/index.html,yes,200,yes,/รับซื้อ/รับซื้อโน๊ตบุ๊คเสีย-บึงกาฬ,yes,รับซื้อ โน๊ตบุ๊คเสีย บึงกาฬ ประเมินราคาเบื้องต้น | Amphon.co.th,รับซื้อ โน๊ตบุ๊คเสีย ในบึงกาฬ ประเมินราคาฟรี ส่งรูปเช็กราคาได้ ชำระเงินหลังตรวจสอบสินค้าและตกลงราคาเรียบร้อยแล้ว ติดต่อ ,รับซื้อ โน๊ตบุ๊คเสีย บึงกาฬ ประเมินราคาเบื้องต้น,Answer|BreadcrumbList|ContactPoint|Country|FAQPage|GeoCoordinates|ImageObject|ListItem|LocalBusiness|Offer|OpeningHoursSpecification|Organization|PostalAddress|ProfessionalService|Question|Service|WebPage|WebSite,296,2,44,4,OK
/รับซื้อ/รับซื้อโน๊ตบุ๊คเสีย-บุรีรัมย์,service-x-location,dist/client/รับซื้อ/รับซื้อโน๊ตบุ๊คเสีย-บุรีรัมย์/index.html,yes,200,yes,/รับซื้อ/รับซื้อโน๊ตบุ๊คเสีย-บุรีรัมย์,yes,รับซื้อ โน๊ตบุ๊คเสีย บุรีรัมย์ ประเมินราคาเบื้องต้น | Amphon.co.th,รับซื้อ โน๊ตบุ๊คเสีย ในบุรีรัมย์ ประเมินราคาฟรี ส่งรูปเช็กราคาได้ ชำระเงินหลังตรวจสอบสินค้าและตกลงราคาเรียบร้อยแล้ว ติดต,รับซื้อ โน๊ตบุ๊คเสีย บุรีรัมย์ ประเมินราคาเบื้องต้น,Answer|BreadcrumbList|ContactPoint|Country|FAQPage|GeoCoordinates|ImageObject|ListItem|LocalBusiness|Offer|OpeningHoursSpecification|Organization|PostalAddress|ProfessionalService|Question|Service|WebPage|WebSite,300,2,44,4,OK
/รับซื้อ/รับซื้อโน๊ตบุ๊คเสีย-มหาสารคาม,service-x-location,dist/client/รับซื้อ/รับซื้อโน๊ตบุ๊คเสีย-มหาสารคาม/index.html,yes,200,yes,/รับซื้อ/รับซื้อโน๊ตบุ๊คเสีย-มหาสารคาม,yes,รับซื้อ โน๊ตบุ๊คเสีย มหาสารคาม ประเมินราคาเบื้องต้น | Amphon.co.th,รับซื้อ โน๊ตบุ๊คเสีย ในมหาสารคาม ประเมินราคาฟรี ส่งรูปเช็กราคาได้ ชำระเงินหลังตรวจสอบสินค้าและตกลงราคาเรียบร้อยแล้ว ติดต,รับซื้อ โน๊ตบุ๊คเสีย มหาสารคาม ประเมินราคาเบื้องต้น,Answer|BreadcrumbList|ContactPoint|Country|FAQPage|GeoCoordinates|ImageObject|ListItem|LocalBusiness|Offer|OpeningHoursSpecification|Organization|PostalAddress|ProfessionalService|Question|Service|WebPage|WebSite,300,2,44,4,OK
/รับซื้อ/รับซื้อโน๊ตบุ๊คเสีย-มุกดาหาร,service-x-location,dist/client/รับซื้อ/รับซื้อโน๊ตบุ๊คเสีย-มุกดาหาร/index.html,yes,200,yes,/รับซื้อ/รับซื้อโน๊ตบุ๊คเสีย-มุกดาหาร,yes,รับซื้อ โน๊ตบุ๊คเสีย มุกดาหาร ประเมินราคาเบื้องต้น | Amphon.co.th,รับซื้อ โน๊ตบุ๊คเสีย ในมุกดาหาร ประเมินราคาฟรี ส่งรูปเช็กราคาได้ ชำระเงินหลังตรวจสอบสินค้าและตกลงราคาเรียบร้อยแล้ว ติดต่,รับซื้อ โน๊ตบุ๊คเสีย มุกดาหาร ประเมินราคาเบื้องต้น,Answer|BreadcrumbList|ContactPoint|Country|FAQPage|GeoCoordinates|ImageObject|ListItem|LocalBusiness|Offer|OpeningHoursSpecification|Organization|PostalAddress|ProfessionalService|Question|Service|WebPage|WebSite,293,2,44,4,OK
/รับซื้อ/รับซื้อโน๊ตบุ๊คเสีย-ยโสธร,service-x-location,dist/client/รับซื้อ/รับซื้อโน๊ตบุ๊คเสีย-ยโสธร/index.html,yes,200,yes,/รับซื้อ/รับซื้อโน๊ตบุ๊คเสีย-ยโสธร,yes,รับซื้อ โน๊ตบุ๊คเสีย ยโสธร ประเมินราคาเบื้องต้น | Amphon.co.th,รับซื้อ โน๊ตบุ๊คเสีย ในยโสธร ประเมินราคาฟรี ส่งรูปเช็กราคาได้ ชำระเงินหลังตรวจสอบสินค้าและตกลงราคาเรียบร้อยแล้ว ติดต่อ L,รับซื้อ โน๊ตบุ๊คเสีย ยโสธร ประเมินราคาเบื้องต้น,Answer|BreadcrumbList|ContactPoint|Country|FAQPage|GeoCoordinates|ImageObject|ListItem|LocalBusiness|Offer|OpeningHoursSpecification|Organization|PostalAddress|ProfessionalService|Question|Service|WebPage|WebSite,297,2,44,4,OK
/รับซื้อ/รับซื้อโน๊ตบุ๊คเสีย-ร้อยเอ็ด,service-x-location,dist/client/รับซื้อ/รับซื้อโน๊ตบุ๊คเสีย-ร้อยเอ็ด/index.html,yes,200,yes,/รับซื้อ/รับซื้อโน๊ตบุ๊คเสีย-ร้อยเอ็ด,yes,รับซื้อ โน๊ตบุ๊คเสีย ร้อยเอ็ด ประเมินราคาเบื้องต้น | Amphon.co.th,รับซื้อ โน๊ตบุ๊คเสีย ในร้อยเอ็ด ประเมินราคาฟรี ส่งรูปเช็กราคาได้ ชำระเงินหลังตรวจสอบสินค้าและตกลงราคาเรียบร้อยแล้ว ติดต่,รับซื้อ โน๊ตบุ๊คเสีย ร้อยเอ็ด ประเมินราคาเบื้องต้น,Answer|BreadcrumbList|ContactPoint|Country|FAQPage|GeoCoordinates|ImageObject|ListItem|LocalBusiness|Offer|OpeningHoursSpecification|Organization|PostalAddress|ProfessionalService|Question|Service|WebPage|WebSite,311,2,44,4,OK
/รับซื้อ/รับซื้อโน๊ตบุ๊คเสีย-ศรีสะเกษ,service-x-location,dist/client/รับซื้อ/รับซื้อโน๊ตบุ๊คเสีย-ศรีสะเกษ/index.html,yes,200,yes,/รับซื้อ/รับซื้อโน๊ตบุ๊คเสีย-ศรีสะเกษ,yes,รับซื้อ โน๊ตบุ๊คเสีย ศรีสะเกษ ประเมินราคาเบื้องต้น | Amphon.co.th,รับซื้อ โน๊ตบุ๊คเสีย ในศรีสะเกษ ประเมินราคาฟรี ส่งรูปเช็กราคาได้ ชำระเงินหลังตรวจสอบสินค้าและตกลงราคาเรียบร้อยแล้ว ติดต่,รับซื้อ โน๊ตบุ๊คเสีย ศรีสะเกษ ประเมินราคาเบื้องต้น,Answer|BreadcrumbList|ContactPoint|Country|FAQPage|GeoCoordinates|ImageObject|ListItem|LocalBusiness|Offer|OpeningHoursSpecification|Organization|PostalAddress|ProfessionalService|Question|Service|WebPage|WebSite,298,2,44,4,OK
/รับซื้อ/รับซื้อโน๊ตบุ๊คเสีย-สกลนคร,service-x-location,dist/client/รับซื้อ/รับซื้อโน๊ตบุ๊คเสีย-สกลนคร/index.html,yes,200,yes,/รับซื้อ/รับซื้อโน๊ตบุ๊คเสีย-สกลนคร,yes,รับซื้อ โน๊ตบุ๊คเสีย สกลนคร ประเมินราคาเบื้องต้น | Amphon.co.th,รับซื้อ โน๊ตบุ๊คเสีย ในสกลนคร ประเมินราคาฟรี ส่งรูปเช็กราคาได้ ชำระเงินหลังตรวจสอบสินค้าและตกลงราคาเรียบร้อยแล้ว ติดต่อ ,รับซื้อ โน๊ตบุ๊คเสีย สกลนคร ประเมินราคาเบื้องต้น,Answer|BreadcrumbList|ContactPoint|Country|FAQPage|GeoCoordinates|ImageObject|ListItem|LocalBusiness|Offer|OpeningHoursSpecification|Organization|PostalAddress|ProfessionalService|Question|Service|WebPage|WebSite,312,2,44,4,OK
/รับซื้อ/รับซื้อโน๊ตบุ๊คเสีย-สุรินทร์,service-x-location,dist/client/รับซื้อ/รับซื้อโน๊ตบุ๊คเสีย-สุรินทร์/index.html,yes,200,yes,/รับซื้อ/รับซื้อโน๊ตบุ๊คเสีย-สุรินทร์,yes,รับซื้อ โน๊ตบุ๊คเสีย สุรินทร์ ประเมินราคาเบื้องต้น | Amphon.co.th,รับซื้อ โน๊ตบุ๊คเสีย ในสุรินทร์ ประเมินราคาฟรี ส่งรูปเช็กราคาได้ ชำระเงินหลังตรวจสอบสินค้าและตกลงราคาเรียบร้อยแล้ว ติดต่,รับซื้อ โน๊ตบุ๊คเสีย สุรินทร์ ประเมินราคาเบื้องต้น,Answer|BreadcrumbList|ContactPoint|Country|FAQPage|GeoCoordinates|ImageObject|ListItem|LocalBusiness|Offer|OpeningHoursSpecification|Organization|PostalAddress|ProfessionalService|Question|Service|WebPage|WebSite,297,2,44,4,OK
/รับซื้อ/รับซื้อโน๊ตบุ๊คเสีย-หนองคาย,service-x-location,dist/client/รับซื้อ/รับซื้อโน๊ตบุ๊คเสีย-หนองคาย/index.html,yes,200,yes,/รับซื้อ/รับซื้อโน๊ตบุ๊คเสีย-หนองคาย,yes,รับซื้อ โน๊ตบุ๊คเสีย หนองคาย ประเมินราคาเบื้องต้น | Amphon.co.th,รับซื้อ โน๊ตบุ๊คเสีย ในหนองคาย ประเมินราคาฟรี ส่งรูปเช็กราคาได้ ชำระเงินหลังตรวจสอบสินค้าและตกลงราคาเรียบร้อยแล้ว ติดต่อ,รับซื้อ โน๊ตบุ๊คเสีย หนองคาย ประเมินราคาเบื้องต้น,Answer|BreadcrumbList|ContactPoint|Country|FAQPage|GeoCoordinates|ImageObject|ListItem|LocalBusiness|Offer|OpeningHoursSpecification|Organization|PostalAddress|ProfessionalService|Question|Service|WebPage|WebSite,297,2,44,4,OK
/รับซื้อ/รับซื้อโน๊ตบุ๊คเสีย-หนองบัวลำภู,service-x-location,dist/client/รับซื้อ/รับซื้อโน๊ตบุ๊คเสีย-หนองบัวลำภู/index.html,yes,200,yes,/รับซื้อ/รับซื้อโน๊ตบุ๊คเสีย-หนองบัวลำภู,yes,รับซื้อ โน๊ตบุ๊คเสีย หนองบัวลำภู ประเมินราคาเบื้องต้น | Amphon.co.th,รับซื้อ โน๊ตบุ๊คเสีย ในหนองบัวลำภู ประเมินราคาฟรี ส่งรูปเช็กราคาได้ ชำระเงินหลังตรวจสอบสินค้าและตกลงราคาเรียบร้อยแล้ว ติ,รับซื้อ โน๊ตบุ๊คเสีย หนองบัวลำภู ประเมินราคาเบื้องต้น,Answer|BreadcrumbList|ContactPoint|Country|FAQPage|GeoCoordinates|ImageObject|ListItem|LocalBusiness|Offer|OpeningHoursSpecification|Organization|PostalAddress|ProfessionalService|Question|Service|WebPage|WebSite,289,2,44,4,OK
/รับซื้อ/รับซื้อโน๊ตบุ๊คเสีย-อำนาจเจริญ,service-x-location,dist/client/รับซื้อ/รับซื้อโน๊ตบุ๊คเสีย-อำนาจเจริญ/index.html,yes,200,yes,/รับซื้อ/รับซื้อโน๊ตบุ๊คเสีย-อำนาจเจริญ,yes,รับซื้อ โน๊ตบุ๊คเสีย อำนาจเจริญ ประเมินราคาเบื้องต้น | Amphon.co.th,รับซื้อ โน๊ตบุ๊คเสีย ในอำนาจเจริญ ประเมินราคาฟรี ส่งรูปเช็กราคาได้ ชำระเงินหลังตรวจสอบสินค้าและตกลงราคาเรียบร้อยแล้ว ติด,รับซื้อ โน๊ตบุ๊คเสีย อำนาจเจริญ ประเมินราคาเบื้องต้น,Answer|BreadcrumbList|ContactPoint|Country|FAQPage|GeoCoordinates|ImageObject|ListItem|LocalBusiness|Offer|OpeningHoursSpecification|Organization|PostalAddress|ProfessionalService|Question|Service|WebPage|WebSite,292,2,44,4,OK
/รับซื้อ/รับซื้อโน๊ตบุ๊คเสีย-อุดรธานี,service-x-location,dist/client/รับซื้อ/รับซื้อโน๊ตบุ๊คเสีย-อุดรธานี/index.html,yes,200,yes,/รับซื้อ/รับซื้อโน๊ตบุ๊คเสีย-อุดรธานี,yes,รับซื้อ โน๊ตบุ๊คเสีย อุดรธานี ประเมินราคาเบื้องต้น | Amphon.co.th,รับซื้อ โน๊ตบุ๊คเสีย ในอุดรธานี ประเมินราคาฟรี ส่งรูปเช็กราคาได้ ชำระเงินหลังตรวจสอบสินค้าและตกลงราคาเรียบร้อยแล้ว ติดต่,รับซื้อ โน๊ตบุ๊คเสีย อุดรธานี ประเมินราคาเบื้องต้น,Answer|BreadcrumbList|ContactPoint|Country|FAQPage|GeoCoordinates|ImageObject|ListItem|LocalBusiness|Offer|OpeningHoursSpecification|Organization|PostalAddress|ProfessionalService|Question|Service|WebPage|WebSite,299,2,44,4,OK
/รับซื้อ/รับซื้อโน๊ตบุ๊คเสีย-อุบลราชธานี,service-x-location,dist/client/รับซื้อ/รับซื้อโน๊ตบุ๊คเสีย-อุบลราชธานี/index.html,yes,200,yes,/รับซื้อ/รับซื้อโน๊ตบุ๊คเสีย-อุบลราชธานี,yes,รับซื้อ โน๊ตบุ๊คเสีย อุบลราชธานี ประเมินราคาเบื้องต้น | Amphon.co.th,รับซื้อ โน๊ตบุ๊คเสีย ในอุบลราชธานี ประเมินราคาฟรี ส่งรูปเช็กราคาได้ ชำระเงินหลังตรวจสอบสินค้าและตกลงราคาเรียบร้อยแล้ว ติ,รับซื้อ โน๊ตบุ๊คเสีย อุบลราชธานี ประเมินราคาเบื้องต้น,Answer|BreadcrumbList|ContactPoint|Country|FAQPage|GeoCoordinates|ImageObject|ListItem|LocalBusiness|Offer|OpeningHoursSpecification|Organization|PostalAddress|ProfessionalService|Question|Service|WebPage|WebSite,293,2,44,4,OK
/รับซื้อ/รับซื้อโน๊ตบุ๊คเสีย-เลย,service-x-location,dist/client/รับซื้อ/รับซื้อโน๊ตบุ๊คเสีย-เลย/index.html,yes,200,yes,/รับซื้อ/รับซื้อโน๊ตบุ๊คเสีย-เลย,yes,รับซื้อ โน๊ตบุ๊คเสีย เลย ประเมินราคาเบื้องต้น | Amphon.co.th,รับซื้อ โน๊ตบุ๊คเสีย ในเลย ประเมินราคาฟรี ส่งรูปเช็กราคาได้ ชำระเงินหลังตรวจสอบสินค้าและตกลงราคาเรียบร้อยแล้ว ติดต่อ Lin,รับซื้อ โน๊ตบุ๊คเสีย เลย ประเมินราคาเบื้องต้น,Answer|BreadcrumbList|ContactPoint|Country|FAQPage|GeoCoordinates|ImageObject|ListItem|LocalBusiness|Offer|OpeningHoursSpecification|Organization|PostalAddress|ProfessionalService|Question|Service|WebPage|WebSite,305,2,44,4,OK
/รับซื้อ/รับเหมาประมูลอุปกรณ์ไอที-กาฬสินธุ์,service-x-location,dist/client/รับซื้อ/รับเหมาประมูลอุปกรณ์ไอที-กาฬสินธุ์/index.html,yes,200,yes,/รับซื้อ/รับเหมาประมูลอุปกรณ์ไอที-กาฬสินธุ์,yes,รับซื้อ อุปกรณ์ไอทีบริษัทและประมูล กาฬสินธุ์ ประเมินราคาฟรี นัดรับหรือประสานขนส่งตามข้อตกลง | Amphon.co.th,รับซื้อ อุปกรณ์ไอทีบริษัทและประมูล ใน กาฬสินธุ์ ประเมินราคาตามประเภท รุ่น สเปก สภาพ จำนวน และความต้องการตลาด ประเมินราคา,รับซื้อ อุปกรณ์ไอทีบริษัทและประมูล กาฬสินธุ์ ประเมินราคาฟรี นัดรับหรือประสานขนส่งตามข้อตกลง,BreadcrumbList|ContactPoint|Country|GeoCoordinates|ImageObject|ListItem|LocalBusiness|Offer|OpeningHoursSpecification|Organization|PostalAddress|ProfessionalService|Service|WebPage|WebSite,122,2,44,4,OK
/รับซื้อ/รับเหมาประมูลอุปกรณ์ไอที-ขอนแก่น,service-x-location,dist/client/รับซื้อ/รับเหมาประมูลอุปกรณ์ไอที-ขอนแก่น/index.html,yes,200,yes,/รับซื้อ/รับเหมาประมูลอุปกรณ์ไอที-ขอนแก่น,yes,รับซื้อ อุปกรณ์ไอทีบริษัทและประมูล ขอนแก่น ประเมินราคาฟรี นัดรับหรือประสานขนส่งตามข้อตกลง | Amphon.co.th,รับซื้อ อุปกรณ์ไอทีบริษัทและประมูล ใน ขอนแก่น ประเมินราคาตามประเภท รุ่น สเปก สภาพ จำนวน และความต้องการตลาด ประเมินราคาฟร,รับซื้อ อุปกรณ์ไอทีบริษัทและประมูล ขอนแก่น ประเมินราคาฟรี นัดรับหรือประสานขนส่งตามข้อตกลง,BreadcrumbList|ContactPoint|Country|GeoCoordinates|ImageObject|ListItem|LocalBusiness|Offer|OpeningHoursSpecification|Organization|PostalAddress|ProfessionalService|Service|WebPage|WebSite,122,2,44,4,OK
/รับซื้อ/รับเหมาประมูลอุปกรณ์ไอที-ชัยภูมิ,service-x-location,dist/client/รับซื้อ/รับเหมาประมูลอุปกรณ์ไอที-ชัยภูมิ/index.html,yes,200,yes,/รับซื้อ/รับเหมาประมูลอุปกรณ์ไอที-ชัยภูมิ,yes,รับซื้อ อุปกรณ์ไอทีบริษัทและประมูล ชัยภูมิ ประเมินราคาฟรี นัดรับหรือประสานขนส่งตามข้อตกลง | Amphon.co.th,รับซื้อ อุปกรณ์ไอทีบริษัทและประมูล ใน ชัยภูมิ ประเมินราคาตามประเภท รุ่น สเปก สภาพ จำนวน และความต้องการตลาด ประเมินราคาฟร,รับซื้อ อุปกรณ์ไอทีบริษัทและประมูล ชัยภูมิ ประเมินราคาฟรี นัดรับหรือประสานขนส่งตามข้อตกลง,BreadcrumbList|ContactPoint|Country|GeoCoordinates|ImageObject|ListItem|LocalBusiness|Offer|OpeningHoursSpecification|Organization|PostalAddress|ProfessionalService|Service|WebPage|WebSite,123,2,44,4,OK
/รับซื้อ/รับเหมาประมูลอุปกรณ์ไอที-นครพนม,service-x-location,dist/client/รับซื้อ/รับเหมาประมูลอุปกรณ์ไอที-นครพนม/index.html,yes,200,yes,/รับซื้อ/รับเหมาประมูลอุปกรณ์ไอที-นครพนม,yes,รับซื้อ อุปกรณ์ไอทีบริษัทและประมูล นครพนม ประเมินราคาฟรี นัดรับหรือประสานขนส่งตามข้อตกลง | Amphon.co.th,รับซื้อ อุปกรณ์ไอทีบริษัทและประมูล ใน นครพนม ประเมินราคาตามประเภท รุ่น สเปก สภาพ จำนวน และความต้องการตลาด ประเมินราคาฟรี,รับซื้อ อุปกรณ์ไอทีบริษัทและประมูล นครพนม ประเมินราคาฟรี นัดรับหรือประสานขนส่งตามข้อตกลง,BreadcrumbList|ContactPoint|Country|GeoCoordinates|ImageObject|ListItem|LocalBusiness|Offer|OpeningHoursSpecification|Organization|PostalAddress|ProfessionalService|Service|WebPage|WebSite,123,2,44,4,OK
/รับซื้อ/รับเหมาประมูลอุปกรณ์ไอที-นครราชสีมา,service-x-location,dist/client/รับซื้อ/รับเหมาประมูลอุปกรณ์ไอที-นครราชสีมา/index.html,yes,200,yes,/รับซื้อ/รับเหมาประมูลอุปกรณ์ไอที-นครราชสีมา,yes,รับซื้อ อุปกรณ์ไอทีบริษัทและประมูล นครราชสีมา ประเมินราคาฟรี นัดรับหรือประสานขนส่งตามข้อตกลง | Amphon.co.th,รับซื้อ อุปกรณ์ไอทีบริษัทและประมูล ใน นครราชสีมา ประเมินราคาตามประเภท รุ่น สเปก สภาพ จำนวน และความต้องการตลาด ประเมินราค,รับซื้อ อุปกรณ์ไอทีบริษัทและประมูล นครราชสีมา ประเมินราคาฟรี นัดรับหรือประสานขนส่งตามข้อตกลง,BreadcrumbList|ContactPoint|Country|GeoCoordinates|ImageObject|ListItem|LocalBusiness|Offer|OpeningHoursSpecification|Organization|PostalAddress|ProfessionalService|Service|WebPage|WebSite,123,2,44,4,OK
/รับซื้อ/รับเหมาประมูลอุปกรณ์ไอที-บึงกาฬ,service-x-location,dist/client/รับซื้อ/รับเหมาประมูลอุปกรณ์ไอที-บึงกาฬ/index.html,yes,200,yes,/รับซื้อ/รับเหมาประมูลอุปกรณ์ไอที-บึงกาฬ,yes,รับซื้อ อุปกรณ์ไอทีบริษัทและประมูล บึงกาฬ ประเมินราคาฟรี นัดรับหรือประสานขนส่งตามข้อตกลง | Amphon.co.th,รับซื้อ อุปกรณ์ไอทีบริษัทและประมูล ใน บึงกาฬ ประเมินราคาตามประเภท รุ่น สเปก สภาพ จำนวน และความต้องการตลาด ประเมินราคาฟรี,รับซื้อ อุปกรณ์ไอทีบริษัทและประมูล บึงกาฬ ประเมินราคาฟรี นัดรับหรือประสานขนส่งตามข้อตกลง,BreadcrumbList|ContactPoint|Country|GeoCoordinates|ImageObject|ListItem|LocalBusiness|Offer|OpeningHoursSpecification|Organization|PostalAddress|ProfessionalService|Service|WebPage|WebSite,122,2,44,4,OK
/รับซื้อ/รับเหมาประมูลอุปกรณ์ไอที-บุรีรัมย์,service-x-location,dist/client/รับซื้อ/รับเหมาประมูลอุปกรณ์ไอที-บุรีรัมย์/index.html,yes,200,yes,/รับซื้อ/รับเหมาประมูลอุปกรณ์ไอที-บุรีรัมย์,yes,รับซื้อ อุปกรณ์ไอทีบริษัทและประมูล บุรีรัมย์ ประเมินราคาฟรี นัดรับหรือประสานขนส่งตามข้อตกลง | Amphon.co.th,รับซื้อ อุปกรณ์ไอทีบริษัทและประมูล ใน บุรีรัมย์ ประเมินราคาตามประเภท รุ่น สเปก สภาพ จำนวน และความต้องการตลาด ประเมินราคา,รับซื้อ อุปกรณ์ไอทีบริษัทและประมูล บุรีรัมย์ ประเมินราคาฟรี นัดรับหรือประสานขนส่งตามข้อตกลง,BreadcrumbList|ContactPoint|Country|GeoCoordinates|ImageObject|ListItem|LocalBusiness|Offer|OpeningHoursSpecification|Organization|PostalAddress|ProfessionalService|Service|WebPage|WebSite,122,2,44,4,OK
/รับซื้อ/รับเหมาประมูลอุปกรณ์ไอที-มหาสารคาม,service-x-location,dist/client/รับซื้อ/รับเหมาประมูลอุปกรณ์ไอที-มหาสารคาม/index.html,yes,200,yes,/รับซื้อ/รับเหมาประมูลอุปกรณ์ไอที-มหาสารคาม,yes,รับซื้อ อุปกรณ์ไอทีบริษัทและประมูล มหาสารคาม ประเมินราคาฟรี นัดรับหรือประสานขนส่งตามข้อตกลง | Amphon.co.th,รับซื้อ อุปกรณ์ไอทีบริษัทและประมูล ใน มหาสารคาม ประเมินราคาตามประเภท รุ่น สเปก สภาพ จำนวน และความต้องการตลาด ประเมินราคา,รับซื้อ อุปกรณ์ไอทีบริษัทและประมูล มหาสารคาม ประเมินราคาฟรี นัดรับหรือประสานขนส่งตามข้อตกลง,BreadcrumbList|ContactPoint|Country|GeoCoordinates|ImageObject|ListItem|LocalBusiness|Offer|OpeningHoursSpecification|Organization|PostalAddress|ProfessionalService|Service|WebPage|WebSite,123,2,44,4,OK
/รับซื้อ/รับเหมาประมูลอุปกรณ์ไอที-มุกดาหาร,service-x-location,dist/client/รับซื้อ/รับเหมาประมูลอุปกรณ์ไอที-มุกดาหาร/index.html,yes,200,yes,/รับซื้อ/รับเหมาประมูลอุปกรณ์ไอที-มุกดาหาร,yes,รับซื้อ อุปกรณ์ไอทีบริษัทและประมูล มุกดาหาร ประเมินราคาฟรี นัดรับหรือประสานขนส่งตามข้อตกลง | Amphon.co.th,รับซื้อ อุปกรณ์ไอทีบริษัทและประมูล ใน มุกดาหาร ประเมินราคาตามประเภท รุ่น สเปก สภาพ จำนวน และความต้องการตลาด ประเมินราคาฟ,รับซื้อ อุปกรณ์ไอทีบริษัทและประมูล มุกดาหาร ประเมินราคาฟรี นัดรับหรือประสานขนส่งตามข้อตกลง,BreadcrumbList|ContactPoint|Country|GeoCoordinates|ImageObject|ListItem|LocalBusiness|Offer|OpeningHoursSpecification|Organization|PostalAddress|ProfessionalService|Service|WebPage|WebSite,122,2,44,4,OK
/รับซื้อ/รับเหมาประมูลอุปกรณ์ไอที-ยโสธร,service-x-location,dist/client/รับซื้อ/รับเหมาประมูลอุปกรณ์ไอที-ยโสธร/index.html,yes,200,yes,/รับซื้อ/รับเหมาประมูลอุปกรณ์ไอที-ยโสธร,yes,รับซื้อ อุปกรณ์ไอทีบริษัทและประมูล ยโสธร ประเมินราคาฟรี นัดรับหรือประสานขนส่งตามข้อตกลง | Amphon.co.th,รับซื้อ อุปกรณ์ไอทีบริษัทและประมูล ใน ยโสธร ประเมินราคาตามประเภท รุ่น สเปก สภาพ จำนวน และความต้องการตลาด ประเมินราคาฟรีผ,รับซื้อ อุปกรณ์ไอทีบริษัทและประมูล ยโสธร ประเมินราคาฟรี นัดรับหรือประสานขนส่งตามข้อตกลง,BreadcrumbList|ContactPoint|Country|GeoCoordinates|ImageObject|ListItem|LocalBusiness|Offer|OpeningHoursSpecification|Organization|PostalAddress|ProfessionalService|Service|WebPage|WebSite,122,2,44,4,OK
/รับซื้อ/รับเหมาประมูลอุปกรณ์ไอที-ร้อยเอ็ด,service-x-location,dist/client/รับซื้อ/รับเหมาประมูลอุปกรณ์ไอที-ร้อยเอ็ด/index.html,yes,200,yes,/รับซื้อ/รับเหมาประมูลอุปกรณ์ไอที-ร้อยเอ็ด,yes,รับซื้อ อุปกรณ์ไอทีบริษัทและประมูล ร้อยเอ็ด ประเมินราคาฟรี นัดรับหรือประสานขนส่งตามข้อตกลง | Amphon.co.th,รับซื้อ อุปกรณ์ไอทีบริษัทและประมูล ใน ร้อยเอ็ด ประเมินราคาตามประเภท รุ่น สเปก สภาพ จำนวน และความต้องการตลาด ประเมินราคาฟ,รับซื้อ อุปกรณ์ไอทีบริษัทและประมูล ร้อยเอ็ด ประเมินราคาฟรี นัดรับหรือประสานขนส่งตามข้อตกลง,BreadcrumbList|ContactPoint|Country|GeoCoordinates|ImageObject|ListItem|LocalBusiness|Offer|OpeningHoursSpecification|Organization|PostalAddress|ProfessionalService|Service|WebPage|WebSite,123,2,44,4,OK
/รับซื้อ/รับเหมาประมูลอุปกรณ์ไอที-ศรีสะเกษ,service-x-location,dist/client/รับซื้อ/รับเหมาประมูลอุปกรณ์ไอที-ศรีสะเกษ/index.html,yes,200,yes,/รับซื้อ/รับเหมาประมูลอุปกรณ์ไอที-ศรีสะเกษ,yes,รับซื้อ อุปกรณ์ไอทีบริษัทและประมูล ศรีสะเกษ ประเมินราคาฟรี นัดรับหรือประสานขนส่งตามข้อตกลง | Amphon.co.th,รับซื้อ อุปกรณ์ไอทีบริษัทและประมูล ใน ศรีสะเกษ ประเมินราคาตามประเภท รุ่น สเปก สภาพ จำนวน และความต้องการตลาด ประเมินราคาฟ,รับซื้อ อุปกรณ์ไอทีบริษัทและประมูล ศรีสะเกษ ประเมินราคาฟรี นัดรับหรือประสานขนส่งตามข้อตกลง,BreadcrumbList|ContactPoint|Country|GeoCoordinates|ImageObject|ListItem|LocalBusiness|Offer|OpeningHoursSpecification|Organization|PostalAddress|ProfessionalService|Service|WebPage|WebSite,123,2,44,4,OK
/รับซื้อ/รับเหมาประมูลอุปกรณ์ไอที-สกลนคร,service-x-location,dist/client/รับซื้อ/รับเหมาประมูลอุปกรณ์ไอที-สกลนคร/index.html,yes,200,yes,/รับซื้อ/รับเหมาประมูลอุปกรณ์ไอที-สกลนคร,yes,รับซื้อ อุปกรณ์ไอทีบริษัทและประมูล สกลนคร ประเมินราคาฟรี นัดรับหรือประสานขนส่งตามข้อตกลง | Amphon.co.th,รับซื้อ อุปกรณ์ไอทีบริษัทและประมูล ใน สกลนคร ประเมินราคาตามประเภท รุ่น สเปก สภาพ จำนวน และความต้องการตลาด ประเมินราคาฟรี,รับซื้อ อุปกรณ์ไอทีบริษัทและประมูล สกลนคร ประเมินราคาฟรี นัดรับหรือประสานขนส่งตามข้อตกลง,BreadcrumbList|ContactPoint|Country|GeoCoordinates|ImageObject|ListItem|LocalBusiness|Offer|OpeningHoursSpecification|Organization|PostalAddress|ProfessionalService|Service|WebPage|WebSite,123,2,44,4,OK
/รับซื้อ/รับเหมาประมูลอุปกรณ์ไอที-สุรินทร์,service-x-location,dist/client/รับซื้อ/รับเหมาประมูลอุปกรณ์ไอที-สุรินทร์/index.html,yes,200,yes,/รับซื้อ/รับเหมาประมูลอุปกรณ์ไอที-สุรินทร์,yes,รับซื้อ อุปกรณ์ไอทีบริษัทและประมูล สุรินทร์ ประเมินราคาฟรี นัดรับหรือประสานขนส่งตามข้อตกลง | Amphon.co.th,รับซื้อ อุปกรณ์ไอทีบริษัทและประมูล ใน สุรินทร์ ประเมินราคาตามประเภท รุ่น สเปก สภาพ จำนวน และความต้องการตลาด ประเมินราคาฟ,รับซื้อ อุปกรณ์ไอทีบริษัทและประมูล สุรินทร์ ประเมินราคาฟรี นัดรับหรือประสานขนส่งตามข้อตกลง,BreadcrumbList|ContactPoint|Country|GeoCoordinates|ImageObject|ListItem|LocalBusiness|Offer|OpeningHoursSpecification|Organization|PostalAddress|ProfessionalService|Service|WebPage|WebSite,121,2,44,4,OK
/รับซื้อ/รับเหมาประมูลอุปกรณ์ไอที-หนองคาย,service-x-location,dist/client/รับซื้อ/รับเหมาประมูลอุปกรณ์ไอที-หนองคาย/index.html,yes,200,yes,/รับซื้อ/รับเหมาประมูลอุปกรณ์ไอที-หนองคาย,yes,รับซื้อ อุปกรณ์ไอทีบริษัทและประมูล หนองคาย ประเมินราคาฟรี นัดรับหรือประสานขนส่งตามข้อตกลง | Amphon.co.th,รับซื้อ อุปกรณ์ไอทีบริษัทและประมูล ใน หนองคาย ประเมินราคาตามประเภท รุ่น สเปก สภาพ จำนวน และความต้องการตลาด ประเมินราคาฟร,รับซื้อ อุปกรณ์ไอทีบริษัทและประมูล หนองคาย ประเมินราคาฟรี นัดรับหรือประสานขนส่งตามข้อตกลง,BreadcrumbList|ContactPoint|Country|GeoCoordinates|ImageObject|ListItem|LocalBusiness|Offer|OpeningHoursSpecification|Organization|PostalAddress|ProfessionalService|Service|WebPage|WebSite,123,2,44,4,OK
/รับซื้อ/รับเหมาประมูลอุปกรณ์ไอที-หนองบัวลำภู,service-x-location,dist/client/รับซื้อ/รับเหมาประมูลอุปกรณ์ไอที-หนองบัวลำภู/index.html,yes,200,yes,/รับซื้อ/รับเหมาประมูลอุปกรณ์ไอที-หนองบัวลำภู,yes,รับซื้อ อุปกรณ์ไอทีบริษัทและประมูล หนองบัวลำภู ประเมินราคาฟรี นัดรับหรือประสานขนส่งตามข้อตกลง | Amphon.co.th,รับซื้อ อุปกรณ์ไอทีบริษัทและประมูล ใน หนองบัวลำภู ประเมินราคาตามประเภท รุ่น สเปก สภาพ จำนวน และความต้องการตลาด ประเมินรา,รับซื้อ อุปกรณ์ไอทีบริษัทและประมูล หนองบัวลำภู ประเมินราคาฟรี นัดรับหรือประสานขนส่งตามข้อตกลง,BreadcrumbList|ContactPoint|Country|GeoCoordinates|ImageObject|ListItem|LocalBusiness|Offer|OpeningHoursSpecification|Organization|PostalAddress|ProfessionalService|Service|WebPage|WebSite,121,2,44,4,OK
/รับซื้อ/รับเหมาประมูลอุปกรณ์ไอที-อำนาจเจริญ,service-x-location,dist/client/รับซื้อ/รับเหมาประมูลอุปกรณ์ไอที-อำนาจเจริญ/index.html,yes,200,yes,/รับซื้อ/รับเหมาประมูลอุปกรณ์ไอที-อำนาจเจริญ,yes,รับซื้อ อุปกรณ์ไอทีบริษัทและประมูล อำนาจเจริญ ประเมินราคาฟรี นัดรับหรือประสานขนส่งตามข้อตกลง | Amphon.co.th,รับซื้อ อุปกรณ์ไอทีบริษัทและประมูล ใน อำนาจเจริญ ประเมินราคาตามประเภท รุ่น สเปก สภาพ จำนวน และความต้องการตลาด ประเมินราค,รับซื้อ อุปกรณ์ไอทีบริษัทและประมูล อำนาจเจริญ ประเมินราคาฟรี นัดรับหรือประสานขนส่งตามข้อตกลง,BreadcrumbList|ContactPoint|Country|GeoCoordinates|ImageObject|ListItem|LocalBusiness|Offer|OpeningHoursSpecification|Organization|PostalAddress|ProfessionalService|Service|WebPage|WebSite,121,2,44,4,OK
/รับซื้อ/รับเหมาประมูลอุปกรณ์ไอที-อุดรธานี,service-x-location,dist/client/รับซื้อ/รับเหมาประมูลอุปกรณ์ไอที-อุดรธานี/index.html,yes,200,yes,/รับซื้อ/รับเหมาประมูลอุปกรณ์ไอที-อุดรธานี,yes,รับซื้อ อุปกรณ์ไอทีบริษัทและประมูล อุดรธานี ประเมินราคาฟรี นัดรับหรือประสานขนส่งตามข้อตกลง | Amphon.co.th,รับซื้อ อุปกรณ์ไอทีบริษัทและประมูล ใน อุดรธานี ประเมินราคาตามประเภท รุ่น สเปก สภาพ จำนวน และความต้องการตลาด ประเมินราคาฟ,รับซื้อ อุปกรณ์ไอทีบริษัทและประมูล อุดรธานี ประเมินราคาฟรี นัดรับหรือประสานขนส่งตามข้อตกลง,BreadcrumbList|ContactPoint|Country|GeoCoordinates|ImageObject|ListItem|LocalBusiness|Offer|OpeningHoursSpecification|Organization|PostalAddress|ProfessionalService|Service|WebPage|WebSite,122,2,44,4,OK
/รับซื้อ/รับเหมาประมูลอุปกรณ์ไอที-อุบลราชธานี,service-x-location,dist/client/รับซื้อ/รับเหมาประมูลอุปกรณ์ไอที-อุบลราชธานี/index.html,yes,200,yes,/รับซื้อ/รับเหมาประมูลอุปกรณ์ไอที-อุบลราชธานี,yes,รับซื้อ อุปกรณ์ไอทีบริษัทและประมูล อุบลราชธานี ประเมินราคาฟรี นัดรับหรือประสานขนส่งตามข้อตกลง | Amphon.co.th,รับซื้อ อุปกรณ์ไอทีบริษัทและประมูล ใน อุบลราชธานี ประเมินราคาตามประเภท รุ่น สเปก สภาพ จำนวน และความต้องการตลาด ประเมินรา,รับซื้อ อุปกรณ์ไอทีบริษัทและประมูล อุบลราชธานี ประเมินราคาฟรี นัดรับหรือประสานขนส่งตามข้อตกลง,BreadcrumbList|ContactPoint|Country|GeoCoordinates|ImageObject|ListItem|LocalBusiness|Offer|OpeningHoursSpecification|Organization|PostalAddress|ProfessionalService|Service|WebPage|WebSite,119,2,44,4,OK
/รับซื้อ/รับเหมาประมูลอุปกรณ์ไอที-เลย,service-x-location,dist/client/รับซื้อ/รับเหมาประมูลอุปกรณ์ไอที-เลย/index.html,yes,200,yes,/รับซื้อ/รับเหมาประมูลอุปกรณ์ไอที-เลย,yes,รับซื้อ อุปกรณ์ไอทีบริษัทและประมูล เลย ประเมินราคาฟรี นัดรับหรือประสานขนส่งตามข้อตกลง | Amphon.co.th,รับซื้อ อุปกรณ์ไอทีบริษัทและประมูล ใน เลย ประเมินราคาตามประเภท รุ่น สเปก สภาพ จำนวน และความต้องการตลาด ประเมินราคาฟรีผ่า,รับซื้อ อุปกรณ์ไอทีบริษัทและประมูล เลย ประเมินราคาฟรี นัดรับหรือประสานขนส่งตามข้อตกลง,BreadcrumbList|ContactPoint|Country|GeoCoordinates|ImageObject|ListItem|LocalBusiness|Offer|OpeningHoursSpecification|Organization|PostalAddress|ProfessionalService|Service|WebPage|WebSite,121,2,44,4,OK
/รับซื้อสินค้าไอที,other,dist/client/รับซื้อสินค้าไอที/index.html,yes,200,yes,/รับซื้อสินค้าไอที,yes,รับซื้อสินค้าไอที เลือกหน้ารับซื้อให้ตรงกับสินค้า | Amphon.co.th,รวมหน้ารับซื้อสินค้าไอทีหลัก เช่น โน๊ตบุ๊ค คอมพิวเตอร์ RAM iPhone iPad MacBook และงานบริษัท เพื่อไปหน้าที่ตรงกับสินค้าที,เลือกหน้ารับซื้อสินค้าไอทีให้ตรงกับสินค้าที่ต้องการขาย,BreadcrumbList|CollectionPage|ContactPoint|Country|GeoCoordinates|ImageObject|ItemList|ListItem|LocalBusiness|OpeningHoursSpecification|Organization|PostalAddress|ProfessionalService|WebSite,2588,1167,210,11,OK
/วิธีการรับซื้อ,other,dist/client/วิธีการรับซื้อ/index.html,yes,200,yes,/วิธีการรับซื้อ,yes,วิธีการรับซื้อ — ขั้นตอนขายสินค้าไอทีกับ AMPHON TRADING | Amphon.co.th,ขั้นตอนขายสินค้าไอทีกับอำพล เทรดดิ้ง ส่งรูปประเมินฟรีผ่าน Line แจ้งราคาประเมินเบื้องต้นในเวลาทำการ นัดรับสินค้าหรือประสา,วิธีการรับซื้อ,Answer|BreadcrumbList|ContactPoint|Country|FAQPage|GeoCoordinates|ImageObject|ListItem|LocalBusiness|OpeningHoursSpecification|Organization|PostalAddress|ProfessionalService|Question|WebPage|WebSite,202,1167,31,4,OK
