"Sitemap URL","HTTP status","Redirect hops","Final URL","Canonical","Canonical match","Result","Error"
"https://amphon.co.th/","200","0","https://amphon.co.th/","https://amphon.co.th","Yes","PASS",""
"https://amphon.co.th/%E0%B8%9A%E0%B8%A3%E0%B8%B4%E0%B8%81%E0%B8%B2%E0%B8%A3/%E0%B8%A3%E0%B8%B1%E0%B8%9A%E0%B8%8B%E0%B8%B7%E0%B9%89%E0%B8%AD-acer-aspire","200","0","https://amphon.co.th/%E0%B8%9A%E0%B8%A3%E0%B8%B4%E0%B8%81%E0%B8%B2%E0%B8%A3/%E0%B8%A3%E0%B8%B1%E0%B8%9A%E0%B8%8B%E0%B8%B7%E0%B9%89%E0%B8%AD-acer-aspire","https://amphon.co.th/บริการ/รับซื้อ-acer-aspire","Yes","PASS",""
"https://amphon.co.th/%E0%B8%9A%E0%B8%A3%E0%B8%B4%E0%B8%81%E0%B8%B2%E0%B8%A3/%E0%B8%A3%E0%B8%B1%E0%B8%9A%E0%B8%8B%E0%B8%B7%E0%B9%89%E0%B8%AD-acer-nitro","200","0","https://amphon.co.th/%E0%B8%9A%E0%B8%A3%E0%B8%B4%E0%B8%81%E0%B8%B2%E0%B8%A3/%E0%B8%A3%E0%B8%B1%E0%B8%9A%E0%B8%8B%E0%B8%B7%E0%B9%89%E0%B8%AD-acer-nitro","https://amphon.co.th/บริการ/รับซื้อ-acer-nitro","Yes","PASS",""
"https://amphon.co.th/%E0%B8%9A%E0%B8%A3%E0%B8%B4%E0%B8%81%E0%B8%B2%E0%B8%A3/%E0%B8%A3%E0%B8%B1%E0%B8%9A%E0%B8%8B%E0%B8%B7%E0%B9%89%E0%B8%AD-acer-predator","200","0","https://amphon.co.th/%E0%B8%9A%E0%B8%A3%E0%B8%B4%E0%B8%81%E0%B8%B2%E0%B8%A3/%E0%B8%A3%E0%B8%B1%E0%B8%9A%E0%B8%8B%E0%B8%B7%E0%B9%89%E0%B8%AD-acer-predator","https://amphon.co.th/บริการ/รับซื้อ-acer-predator","Yes","PASS",""
"https://amphon.co.th/%E0%B8%9A%E0%B8%A3%E0%B8%B4%E0%B8%81%E0%B8%B2%E0%B8%A3/%E0%B8%A3%E0%B8%B1%E0%B8%9A%E0%B8%8B%E0%B8%B7%E0%B9%89%E0%B8%AD-airpods","200","0","https://amphon.co.th/%E0%B8%9A%E0%B8%A3%E0%B8%B4%E0%B8%81%E0%B8%B2%E0%B8%A3/%E0%B8%A3%E0%B8%B1%E0%B8%9A%E0%B8%8B%E0%B8%B7%E0%B9%89%E0%B8%AD-airpods","https://amphon.co.th/บริการ/รับซื้อ-airpods","Yes","PASS",""
"https://amphon.co.th/%E0%B8%9A%E0%B8%A3%E0%B8%B4%E0%B8%81%E0%B8%B2%E0%B8%A3/%E0%B8%A3%E0%B8%B1%E0%B8%9A%E0%B8%8B%E0%B8%B7%E0%B9%89%E0%B8%AD-apple","200","0","https://amphon.co.th/%E0%B8%9A%E0%B8%A3%E0%B8%B4%E0%B8%81%E0%B8%B2%E0%B8%A3/%E0%B8%A3%E0%B8%B1%E0%B8%9A%E0%B8%8B%E0%B8%B7%E0%B9%89%E0%B8%AD-apple","https://amphon.co.th/บริการ/รับซื้อ-apple","Yes","PASS",""
"https://amphon.co.th/%E0%B8%9A%E0%B8%A3%E0%B8%B4%E0%B8%81%E0%B8%B2%E0%B8%A3/%E0%B8%A3%E0%B8%B1%E0%B8%9A%E0%B8%8B%E0%B8%B7%E0%B9%89%E0%B8%AD-apple-pencil","200","0","https://amphon.co.th/%E0%B8%9A%E0%B8%A3%E0%B8%B4%E0%B8%81%E0%B8%B2%E0%B8%A3/%E0%B8%A3%E0%B8%B1%E0%B8%9A%E0%B8%8B%E0%B8%B7%E0%B9%89%E0%B8%AD-apple-pencil","https://amphon.co.th/บริการ/รับซื้อ-apple-pencil","Yes","PASS",""
"https://amphon.co.th/%E0%B8%9A%E0%B8%A3%E0%B8%B4%E0%B8%81%E0%B8%B2%E0%B8%A3/%E0%B8%A3%E0%B8%B1%E0%B8%9A%E0%B8%8B%E0%B8%B7%E0%B9%89%E0%B8%AD-apple-watch","200","0","https://amphon.co.th/%E0%B8%9A%E0%B8%A3%E0%B8%B4%E0%B8%81%E0%B8%B2%E0%B8%A3/%E0%B8%A3%E0%B8%B1%E0%B8%9A%E0%B8%8B%E0%B8%B7%E0%B9%89%E0%B8%AD-apple-watch","https://amphon.co.th/บริการ/รับซื้อ-apple-watch","Yes","PASS",""
"https://amphon.co.th/%E0%B8%9A%E0%B8%A3%E0%B8%B4%E0%B8%81%E0%B8%B2%E0%B8%A3/%E0%B8%A3%E0%B8%B1%E0%B8%9A%E0%B8%8B%E0%B8%B7%E0%B9%89%E0%B8%AD-asus-expertbook","200","0","https://amphon.co.th/%E0%B8%9A%E0%B8%A3%E0%B8%B4%E0%B8%81%E0%B8%B2%E0%B8%A3/%E0%B8%A3%E0%B8%B1%E0%B8%9A%E0%B8%8B%E0%B8%B7%E0%B9%89%E0%B8%AD-asus-expertbook","https://amphon.co.th/บริการ/รับซื้อ-asus-expertbook","Yes","PASS",""
"https://amphon.co.th/%E0%B8%9A%E0%B8%A3%E0%B8%B4%E0%B8%81%E0%B8%B2%E0%B8%A3/%E0%B8%A3%E0%B8%B1%E0%B8%9A%E0%B8%8B%E0%B8%B7%E0%B9%89%E0%B8%AD-asus-tuf-gaming","200","0","https://amphon.co.th/%E0%B8%9A%E0%B8%A3%E0%B8%B4%E0%B8%81%E0%B8%B2%E0%B8%A3/%E0%B8%A3%E0%B8%B1%E0%B8%9A%E0%B8%8B%E0%B8%B7%E0%B9%89%E0%B8%AD-asus-tuf-gaming","https://amphon.co.th/บริการ/รับซื้อ-asus-tuf-gaming","Yes","PASS",""
"https://amphon.co.th/%E0%B8%9A%E0%B8%A3%E0%B8%B4%E0%B8%81%E0%B8%B2%E0%B8%A3/%E0%B8%A3%E0%B8%B1%E0%B8%9A%E0%B8%8B%E0%B8%B7%E0%B9%89%E0%B8%AD-asus-vivobook","200","0","https://amphon.co.th/%E0%B8%9A%E0%B8%A3%E0%B8%B4%E0%B8%81%E0%B8%B2%E0%B8%A3/%E0%B8%A3%E0%B8%B1%E0%B8%9A%E0%B8%8B%E0%B8%B7%E0%B9%89%E0%B8%AD-asus-vivobook","https://amphon.co.th/บริการ/รับซื้อ-asus-vivobook","Yes","PASS",""
"https://amphon.co.th/%E0%B8%9A%E0%B8%A3%E0%B8%B4%E0%B8%81%E0%B8%B2%E0%B8%A3/%E0%B8%A3%E0%B8%B1%E0%B8%9A%E0%B8%8B%E0%B8%B7%E0%B9%89%E0%B8%AD-cpu","200","0","https://amphon.co.th/%E0%B8%9A%E0%B8%A3%E0%B8%B4%E0%B8%81%E0%B8%B2%E0%B8%A3/%E0%B8%A3%E0%B8%B1%E0%B8%9A%E0%B8%8B%E0%B8%B7%E0%B9%89%E0%B8%AD-cpu","https://amphon.co.th/บริการ/รับซื้อ-cpu","Yes","PASS",""
"https://amphon.co.th/%E0%B8%9A%E0%B8%A3%E0%B8%B4%E0%B8%81%E0%B8%B2%E0%B8%A3/%E0%B8%A3%E0%B8%B1%E0%B8%9A%E0%B8%8B%E0%B8%B7%E0%B9%89%E0%B8%AD-dell-alienware","200","0","https://amphon.co.th/%E0%B8%9A%E0%B8%A3%E0%B8%B4%E0%B8%81%E0%B8%B2%E0%B8%A3/%E0%B8%A3%E0%B8%B1%E0%B8%9A%E0%B8%8B%E0%B8%B7%E0%B9%89%E0%B8%AD-dell-alienware","https://amphon.co.th/บริการ/รับซื้อ-dell-alienware","Yes","PASS",""
"https://amphon.co.th/%E0%B8%9A%E0%B8%A3%E0%B8%B4%E0%B8%81%E0%B8%B2%E0%B8%A3/%E0%B8%A3%E0%B8%B1%E0%B8%9A%E0%B8%8B%E0%B8%B7%E0%B9%89%E0%B8%AD-dell-g-series","200","0","https://amphon.co.th/%E0%B8%9A%E0%B8%A3%E0%B8%B4%E0%B8%81%E0%B8%B2%E0%B8%A3/%E0%B8%A3%E0%B8%B1%E0%B8%9A%E0%B8%8B%E0%B8%B7%E0%B9%89%E0%B8%AD-dell-g-series","https://amphon.co.th/บริการ/รับซื้อ-dell-g-series","Yes","PASS",""
"https://amphon.co.th/%E0%B8%9A%E0%B8%A3%E0%B8%B4%E0%B8%81%E0%B8%B2%E0%B8%A3/%E0%B8%A3%E0%B8%B1%E0%B8%9A%E0%B8%8B%E0%B8%B7%E0%B9%89%E0%B8%AD-dell-inspiron","200","0","https://amphon.co.th/%E0%B8%9A%E0%B8%A3%E0%B8%B4%E0%B8%81%E0%B8%B2%E0%B8%A3/%E0%B8%A3%E0%B8%B1%E0%B8%9A%E0%B8%8B%E0%B8%B7%E0%B9%89%E0%B8%AD-dell-inspiron","https://amphon.co.th/บริการ/รับซื้อ-dell-inspiron","Yes","PASS",""
"https://amphon.co.th/%E0%B8%9A%E0%B8%A3%E0%B8%B4%E0%B8%81%E0%B8%B2%E0%B8%A3/%E0%B8%A3%E0%B8%B1%E0%B8%9A%E0%B8%8B%E0%B8%B7%E0%B9%89%E0%B8%AD-dell-latitude","200","0","https://amphon.co.th/%E0%B8%9A%E0%B8%A3%E0%B8%B4%E0%B8%81%E0%B8%B2%E0%B8%A3/%E0%B8%A3%E0%B8%B1%E0%B8%9A%E0%B8%8B%E0%B8%B7%E0%B9%89%E0%B8%AD-dell-latitude","https://amphon.co.th/บริการ/รับซื้อ-dell-latitude","Yes","PASS",""
"https://amphon.co.th/%E0%B8%9A%E0%B8%A3%E0%B8%B4%E0%B8%81%E0%B8%B2%E0%B8%A3/%E0%B8%A3%E0%B8%B1%E0%B8%9A%E0%B8%8B%E0%B8%B7%E0%B9%89%E0%B8%AD-desktop-pc","200","0","https://amphon.co.th/%E0%B8%9A%E0%B8%A3%E0%B8%B4%E0%B8%81%E0%B8%B2%E0%B8%A3/%E0%B8%A3%E0%B8%B1%E0%B8%9A%E0%B8%8B%E0%B8%B7%E0%B9%89%E0%B8%AD-desktop-pc","https://amphon.co.th/บริการ/รับซื้อ-desktop-pc","Yes","PASS",""
"https://amphon.co.th/%E0%B8%9A%E0%B8%A3%E0%B8%B4%E0%B8%81%E0%B8%B2%E0%B8%A3/%E0%B8%A3%E0%B8%B1%E0%B8%9A%E0%B8%8B%E0%B8%B7%E0%B9%89%E0%B8%AD-gaming-pc","200","0","https://amphon.co.th/%E0%B8%9A%E0%B8%A3%E0%B8%B4%E0%B8%81%E0%B8%B2%E0%B8%A3/%E0%B8%A3%E0%B8%B1%E0%B8%9A%E0%B8%8B%E0%B8%B7%E0%B9%89%E0%B8%AD-gaming-pc","https://amphon.co.th/บริการ/รับซื้อ-gaming-pc","Yes","PASS",""
"https://amphon.co.th/%E0%B8%9A%E0%B8%A3%E0%B8%B4%E0%B8%81%E0%B8%B2%E0%B8%A3/%E0%B8%A3%E0%B8%B1%E0%B8%9A%E0%B8%8B%E0%B8%B7%E0%B9%89%E0%B8%AD-gigabyte-aorus","200","0","https://amphon.co.th/%E0%B8%9A%E0%B8%A3%E0%B8%B4%E0%B8%81%E0%B8%B2%E0%B8%A3/%E0%B8%A3%E0%B8%B1%E0%B8%9A%E0%B8%8B%E0%B8%B7%E0%B9%89%E0%B8%AD-gigabyte-aorus","https://amphon.co.th/บริการ/รับซื้อ-gigabyte-aorus","Yes","PASS",""
"https://amphon.co.th/%E0%B8%9A%E0%B8%A3%E0%B8%B4%E0%B8%81%E0%B8%B2%E0%B8%A3/%E0%B8%A3%E0%B8%B1%E0%B8%9A%E0%B8%8B%E0%B8%B7%E0%B9%89%E0%B8%AD-gigabyte-g5-g6-g7","200","0","https://amphon.co.th/%E0%B8%9A%E0%B8%A3%E0%B8%B4%E0%B8%81%E0%B8%B2%E0%B8%A3/%E0%B8%A3%E0%B8%B1%E0%B8%9A%E0%B8%8B%E0%B8%B7%E0%B9%89%E0%B8%AD-gigabyte-g5-g6-g7","https://amphon.co.th/บริการ/รับซื้อ-gigabyte-g5-g6-g7","Yes","PASS",""
"https://amphon.co.th/%E0%B8%9A%E0%B8%A3%E0%B8%B4%E0%B8%81%E0%B8%B2%E0%B8%A3/%E0%B8%A3%E0%B8%B1%E0%B8%9A%E0%B8%8B%E0%B8%B7%E0%B9%89%E0%B8%AD-gigabyte-gaming-notebook","200","0","https://amphon.co.th/%E0%B8%9A%E0%B8%A3%E0%B8%B4%E0%B8%81%E0%B8%B2%E0%B8%A3/%E0%B8%A3%E0%B8%B1%E0%B8%9A%E0%B8%8B%E0%B8%B7%E0%B9%89%E0%B8%AD-gigabyte-gaming-notebook","https://amphon.co.th/บริการ/รับซื้อ-gigabyte-gaming-notebook","Yes","PASS",""
"https://amphon.co.th/%E0%B8%9A%E0%B8%A3%E0%B8%B4%E0%B8%81%E0%B8%B2%E0%B8%A3/%E0%B8%A3%E0%B8%B1%E0%B8%9A%E0%B8%8B%E0%B8%B7%E0%B9%89%E0%B8%AD-gopro-action-camera","200","0","https://amphon.co.th/%E0%B8%9A%E0%B8%A3%E0%B8%B4%E0%B8%81%E0%B8%B2%E0%B8%A3/%E0%B8%A3%E0%B8%B1%E0%B8%9A%E0%B8%8B%E0%B8%B7%E0%B9%89%E0%B8%AD-gopro-action-camera","https://amphon.co.th/บริการ/รับซื้อ-gopro-action-camera","Yes","PASS",""
"https://amphon.co.th/%E0%B8%9A%E0%B8%A3%E0%B8%B4%E0%B8%81%E0%B8%B2%E0%B8%A3/%E0%B8%A3%E0%B8%B1%E0%B8%9A%E0%B8%8B%E0%B8%B7%E0%B9%89%E0%B8%AD-hp-elitebook","200","0","https://amphon.co.th/%E0%B8%9A%E0%B8%A3%E0%B8%B4%E0%B8%81%E0%B8%B2%E0%B8%A3/%E0%B8%A3%E0%B8%B1%E0%B8%9A%E0%B8%8B%E0%B8%B7%E0%B9%89%E0%B8%AD-hp-elitebook","https://amphon.co.th/บริการ/รับซื้อ-hp-elitebook","Yes","PASS",""
"https://amphon.co.th/%E0%B8%9A%E0%B8%A3%E0%B8%B4%E0%B8%81%E0%B8%B2%E0%B8%A3/%E0%B8%A3%E0%B8%B1%E0%B8%9A%E0%B8%8B%E0%B8%B7%E0%B9%89%E0%B8%AD-hp-omen","200","0","https://amphon.co.th/%E0%B8%9A%E0%B8%A3%E0%B8%B4%E0%B8%81%E0%B8%B2%E0%B8%A3/%E0%B8%A3%E0%B8%B1%E0%B8%9A%E0%B8%8B%E0%B8%B7%E0%B9%89%E0%B8%AD-hp-omen","https://amphon.co.th/บริการ/รับซื้อ-hp-omen","Yes","PASS",""
"https://amphon.co.th/%E0%B8%9A%E0%B8%A3%E0%B8%B4%E0%B8%81%E0%B8%B2%E0%B8%A3/%E0%B8%A3%E0%B8%B1%E0%B8%9A%E0%B8%8B%E0%B8%B7%E0%B9%89%E0%B8%AD-hp-pavilion","200","0","https://amphon.co.th/%E0%B8%9A%E0%B8%A3%E0%B8%B4%E0%B8%81%E0%B8%B2%E0%B8%A3/%E0%B8%A3%E0%B8%B1%E0%B8%9A%E0%B8%8B%E0%B8%B7%E0%B9%89%E0%B8%AD-hp-pavilion","https://amphon.co.th/บริการ/รับซื้อ-hp-pavilion","Yes","PASS",""
"https://amphon.co.th/%E0%B8%9A%E0%B8%A3%E0%B8%B4%E0%B8%81%E0%B8%B2%E0%B8%A3/%E0%B8%A3%E0%B8%B1%E0%B8%9A%E0%B8%8B%E0%B8%B7%E0%B9%89%E0%B8%AD-hp-victus","200","0","https://amphon.co.th/%E0%B8%9A%E0%B8%A3%E0%B8%B4%E0%B8%81%E0%B8%B2%E0%B8%A3/%E0%B8%A3%E0%B8%B1%E0%B8%9A%E0%B8%8B%E0%B8%B7%E0%B9%89%E0%B8%AD-hp-victus","https://amphon.co.th/บริการ/รับซื้อ-hp-victus","Yes","PASS",""
"https://amphon.co.th/%E0%B8%9A%E0%B8%A3%E0%B8%B4%E0%B8%81%E0%B8%B2%E0%B8%A3/%E0%B8%A3%E0%B8%B1%E0%B8%9A%E0%B8%8B%E0%B8%B7%E0%B9%89%E0%B8%AD-imac","200","0","https://amphon.co.th/%E0%B8%9A%E0%B8%A3%E0%B8%B4%E0%B8%81%E0%B8%B2%E0%B8%A3/%E0%B8%A3%E0%B8%B1%E0%B8%9A%E0%B8%8B%E0%B8%B7%E0%B9%89%E0%B8%AD-imac","https://amphon.co.th/บริการ/รับซื้อ-imac","Yes","PASS",""
"https://amphon.co.th/%E0%B8%9A%E0%B8%A3%E0%B8%B4%E0%B8%81%E0%B8%B2%E0%B8%A3/%E0%B8%A3%E0%B8%B1%E0%B8%9A%E0%B8%8B%E0%B8%B7%E0%B9%89%E0%B8%AD-imac-mac-mini","200","0","https://amphon.co.th/%E0%B8%9A%E0%B8%A3%E0%B8%B4%E0%B8%81%E0%B8%B2%E0%B8%A3/%E0%B8%A3%E0%B8%B1%E0%B8%9A%E0%B8%8B%E0%B8%B7%E0%B9%89%E0%B8%AD-imac-mac-mini","https://amphon.co.th/บริการ/รับซื้อ-imac-mac-mini","Yes","PASS",""
"https://amphon.co.th/%E0%B8%9A%E0%B8%A3%E0%B8%B4%E0%B8%81%E0%B8%B2%E0%B8%A3/%E0%B8%A3%E0%B8%B1%E0%B8%9A%E0%B8%8B%E0%B8%B7%E0%B9%89%E0%B8%AD-ipad","200","0","https://amphon.co.th/%E0%B8%9A%E0%B8%A3%E0%B8%B4%E0%B8%81%E0%B8%B2%E0%B8%A3/%E0%B8%A3%E0%B8%B1%E0%B8%9A%E0%B8%8B%E0%B8%B7%E0%B9%89%E0%B8%AD-ipad","https://amphon.co.th/บริการ/รับซื้อ-ipad","Yes","PASS",""
"https://amphon.co.th/%E0%B8%9A%E0%B8%A3%E0%B8%B4%E0%B8%81%E0%B8%B2%E0%B8%A3/%E0%B8%A3%E0%B8%B1%E0%B8%9A%E0%B8%8B%E0%B8%B7%E0%B9%89%E0%B8%AD-ipad-%E0%B8%88%E0%B8%AD%E0%B9%81%E0%B8%95%E0%B8%81","200","0","https://amphon.co.th/%E0%B8%9A%E0%B8%A3%E0%B8%B4%E0%B8%81%E0%B8%B2%E0%B8%A3/%E0%B8%A3%E0%B8%B1%E0%B8%9A%E0%B8%8B%E0%B8%B7%E0%B9%89%E0%B8%AD-ipad-%E0%B8%88%E0%B8%AD%E0%B9%81%E0%B8%95%E0%B8%81","https://amphon.co.th/บริการ/รับซื้อ-ipad-จอแตก","Yes","PASS",""
"https://amphon.co.th/%E0%B8%9A%E0%B8%A3%E0%B8%B4%E0%B8%81%E0%B8%B2%E0%B8%A3/%E0%B8%A3%E0%B8%B1%E0%B8%9A%E0%B8%8B%E0%B8%B7%E0%B9%89%E0%B8%AD-ipad-%E0%B9%80%E0%B8%AA%E0%B8%B5%E0%B8%A2","200","0","https://amphon.co.th/%E0%B8%9A%E0%B8%A3%E0%B8%B4%E0%B8%81%E0%B8%B2%E0%B8%A3/%E0%B8%A3%E0%B8%B1%E0%B8%9A%E0%B8%8B%E0%B8%B7%E0%B9%89%E0%B8%AD-ipad-%E0%B9%80%E0%B8%AA%E0%B8%B5%E0%B8%A2","https://amphon.co.th/บริการ/รับซื้อ-ipad-เสีย","Yes","PASS",""
"https://amphon.co.th/%E0%B8%9A%E0%B8%A3%E0%B8%B4%E0%B8%81%E0%B8%B2%E0%B8%A3/%E0%B8%A3%E0%B8%B1%E0%B8%9A%E0%B8%8B%E0%B8%B7%E0%B9%89%E0%B8%AD-ipad-air","200","0","https://amphon.co.th/%E0%B8%9A%E0%B8%A3%E0%B8%B4%E0%B8%81%E0%B8%B2%E0%B8%A3/%E0%B8%A3%E0%B8%B1%E0%B8%9A%E0%B8%8B%E0%B8%B7%E0%B9%89%E0%B8%AD-ipad-air","https://amphon.co.th/บริการ/รับซื้อ-ipad-air","Yes","PASS",""
"https://amphon.co.th/%E0%B8%9A%E0%B8%A3%E0%B8%B4%E0%B8%81%E0%B8%B2%E0%B8%A3/%E0%B8%A3%E0%B8%B1%E0%B8%9A%E0%B8%8B%E0%B8%B7%E0%B9%89%E0%B8%AD-ipad-gen","200","0","https://amphon.co.th/%E0%B8%9A%E0%B8%A3%E0%B8%B4%E0%B8%81%E0%B8%B2%E0%B8%A3/%E0%B8%A3%E0%B8%B1%E0%B8%9A%E0%B8%8B%E0%B8%B7%E0%B9%89%E0%B8%AD-ipad-gen","https://amphon.co.th/บริการ/รับซื้อ-ipad-gen","Yes","PASS",""
"https://amphon.co.th/%E0%B8%9A%E0%B8%A3%E0%B8%B4%E0%B8%81%E0%B8%B2%E0%B8%A3/%E0%B8%A3%E0%B8%B1%E0%B8%9A%E0%B8%8B%E0%B8%B7%E0%B9%89%E0%B8%AD-ipad-mini","200","0","https://amphon.co.th/%E0%B8%9A%E0%B8%A3%E0%B8%B4%E0%B8%81%E0%B8%B2%E0%B8%A3/%E0%B8%A3%E0%B8%B1%E0%B8%9A%E0%B8%8B%E0%B8%B7%E0%B9%89%E0%B8%AD-ipad-mini","https://amphon.co.th/บริการ/รับซื้อ-ipad-mini","Yes","PASS",""
"https://amphon.co.th/%E0%B8%9A%E0%B8%A3%E0%B8%B4%E0%B8%81%E0%B8%B2%E0%B8%A3/%E0%B8%A3%E0%B8%B1%E0%B8%9A%E0%B8%8B%E0%B8%B7%E0%B9%89%E0%B8%AD-ipad-pro","200","0","https://amphon.co.th/%E0%B8%9A%E0%B8%A3%E0%B8%B4%E0%B8%81%E0%B8%B2%E0%B8%A3/%E0%B8%A3%E0%B8%B1%E0%B8%9A%E0%B8%8B%E0%B8%B7%E0%B9%89%E0%B8%AD-ipad-pro","https://amphon.co.th/บริการ/รับซื้อ-ipad-pro","Yes","PASS",""
"https://amphon.co.th/%E0%B8%9A%E0%B8%A3%E0%B8%B4%E0%B8%81%E0%B8%B2%E0%B8%A3/%E0%B8%A3%E0%B8%B1%E0%B8%9A%E0%B8%8B%E0%B8%B7%E0%B9%89%E0%B8%AD-iphone","200","0","https://amphon.co.th/%E0%B8%9A%E0%B8%A3%E0%B8%B4%E0%B8%81%E0%B8%B2%E0%B8%A3/%E0%B8%A3%E0%B8%B1%E0%B8%9A%E0%B8%8B%E0%B8%B7%E0%B9%89%E0%B8%AD-iphone","https://amphon.co.th/บริการ/รับซื้อ-iphone","Yes","PASS",""
"https://amphon.co.th/%E0%B8%9A%E0%B8%A3%E0%B8%B4%E0%B8%81%E0%B8%B2%E0%B8%A3/%E0%B8%A3%E0%B8%B1%E0%B8%9A%E0%B8%8B%E0%B8%B7%E0%B9%89%E0%B8%AD-iphone-%E0%B8%88%E0%B8%AD%E0%B9%81%E0%B8%95%E0%B8%81","200","0","https://amphon.co.th/%E0%B8%9A%E0%B8%A3%E0%B8%B4%E0%B8%81%E0%B8%B2%E0%B8%A3/%E0%B8%A3%E0%B8%B1%E0%B8%9A%E0%B8%8B%E0%B8%B7%E0%B9%89%E0%B8%AD-iphone-%E0%B8%88%E0%B8%AD%E0%B9%81%E0%B8%95%E0%B8%81","https://amphon.co.th/บริการ/รับซื้อ-iphone-จอแตก","Yes","PASS",""
"https://amphon.co.th/%E0%B8%9A%E0%B8%A3%E0%B8%B4%E0%B8%81%E0%B8%B2%E0%B8%A3/%E0%B8%A3%E0%B8%B1%E0%B8%9A%E0%B8%8B%E0%B8%B7%E0%B9%89%E0%B8%AD-iphone-%E0%B8%95%E0%B8%B4%E0%B8%94-icloud","200","0","https://amphon.co.th/%E0%B8%9A%E0%B8%A3%E0%B8%B4%E0%B8%81%E0%B8%B2%E0%B8%A3/%E0%B8%A3%E0%B8%B1%E0%B8%9A%E0%B8%8B%E0%B8%B7%E0%B9%89%E0%B8%AD-iphone-%E0%B8%95%E0%B8%B4%E0%B8%94-icloud","https://amphon.co.th/บริการ/รับซื้อ-iphone-ติด-icloud","Yes","PASS",""
"https://amphon.co.th/%E0%B8%9A%E0%B8%A3%E0%B8%B4%E0%B8%81%E0%B8%B2%E0%B8%A3/%E0%B8%A3%E0%B8%B1%E0%B8%9A%E0%B8%8B%E0%B8%B7%E0%B9%89%E0%B8%AD-iphone-%E0%B9%80%E0%B8%84%E0%B8%A3%E0%B8%B7%E0%B9%88%E0%B8%AD%E0%B8%87%E0%B8%99%E0%B8%AD%E0%B8%81","200","0","https://amphon.co.th/%E0%B8%9A%E0%B8%A3%E0%B8%B4%E0%B8%81%E0%B8%B2%E0%B8%A3/%E0%B8%A3%E0%B8%B1%E0%B8%9A%E0%B8%8B%E0%B8%B7%E0%B9%89%E0%B8%AD-iphone-%E0%B9%80%E0%B8%84%E0%B8%A3%E0%B8%B7%E0%B9%88%E0%B8%AD%E0%B8%87%E0%B8%99%E0%B8%AD%E0%B8%81","https://amphon.co.th/บริการ/รับซื้อ-iphone-เครื่องนอก","Yes","PASS",""
"https://amphon.co.th/%E0%B8%9A%E0%B8%A3%E0%B8%B4%E0%B8%81%E0%B8%B2%E0%B8%A3/%E0%B8%A3%E0%B8%B1%E0%B8%9A%E0%B8%8B%E0%B8%B7%E0%B9%89%E0%B8%AD-iphone-13","200","0","https://amphon.co.th/%E0%B8%9A%E0%B8%A3%E0%B8%B4%E0%B8%81%E0%B8%B2%E0%B8%A3/%E0%B8%A3%E0%B8%B1%E0%B8%9A%E0%B8%8B%E0%B8%B7%E0%B9%89%E0%B8%AD-iphone-13","https://amphon.co.th/บริการ/รับซื้อ-iphone-13","Yes","PASS",""
"https://amphon.co.th/%E0%B8%9A%E0%B8%A3%E0%B8%B4%E0%B8%81%E0%B8%B2%E0%B8%A3/%E0%B8%A3%E0%B8%B1%E0%B8%9A%E0%B8%8B%E0%B8%B7%E0%B9%89%E0%B8%AD-iphone-14","200","0","https://amphon.co.th/%E0%B8%9A%E0%B8%A3%E0%B8%B4%E0%B8%81%E0%B8%B2%E0%B8%A3/%E0%B8%A3%E0%B8%B1%E0%B8%9A%E0%B8%8B%E0%B8%B7%E0%B9%89%E0%B8%AD-iphone-14","https://amphon.co.th/บริการ/รับซื้อ-iphone-14","Yes","PASS",""
"https://amphon.co.th/%E0%B8%9A%E0%B8%A3%E0%B8%B4%E0%B8%81%E0%B8%B2%E0%B8%A3/%E0%B8%A3%E0%B8%B1%E0%B8%9A%E0%B8%8B%E0%B8%B7%E0%B9%89%E0%B8%AD-iphone-15","200","0","https://amphon.co.th/%E0%B8%9A%E0%B8%A3%E0%B8%B4%E0%B8%81%E0%B8%B2%E0%B8%A3/%E0%B8%A3%E0%B8%B1%E0%B8%9A%E0%B8%8B%E0%B8%B7%E0%B9%89%E0%B8%AD-iphone-15","https://amphon.co.th/บริการ/รับซื้อ-iphone-15","Yes","PASS",""
"https://amphon.co.th/%E0%B8%9A%E0%B8%A3%E0%B8%B4%E0%B8%81%E0%B8%B2%E0%B8%A3/%E0%B8%A3%E0%B8%B1%E0%B8%9A%E0%B8%8B%E0%B8%B7%E0%B9%89%E0%B8%AD-iphone-16","200","0","https://amphon.co.th/%E0%B8%9A%E0%B8%A3%E0%B8%B4%E0%B8%81%E0%B8%B2%E0%B8%A3/%E0%B8%A3%E0%B8%B1%E0%B8%9A%E0%B8%8B%E0%B8%B7%E0%B9%89%E0%B8%AD-iphone-16","https://amphon.co.th/บริการ/รับซื้อ-iphone-16","Yes","PASS",""
"https://amphon.co.th/%E0%B8%9A%E0%B8%A3%E0%B8%B4%E0%B8%81%E0%B8%B2%E0%B8%A3/%E0%B8%A3%E0%B8%B1%E0%B8%9A%E0%B8%8B%E0%B8%B7%E0%B9%89%E0%B8%AD-iphone-17","200","0","https://amphon.co.th/%E0%B8%9A%E0%B8%A3%E0%B8%B4%E0%B8%81%E0%B8%B2%E0%B8%A3/%E0%B8%A3%E0%B8%B1%E0%B8%9A%E0%B8%8B%E0%B8%B7%E0%B9%89%E0%B8%AD-iphone-17","https://amphon.co.th/บริการ/รับซื้อ-iphone-17","Yes","PASS",""
"https://amphon.co.th/%E0%B8%9A%E0%B8%A3%E0%B8%B4%E0%B8%81%E0%B8%B2%E0%B8%A3/%E0%B8%A3%E0%B8%B1%E0%B8%9A%E0%B8%8B%E0%B8%B7%E0%B9%89%E0%B8%AD-iphone-face-id-%E0%B9%80%E0%B8%AA%E0%B8%B5%E0%B8%A2","200","0","https://amphon.co.th/%E0%B8%9A%E0%B8%A3%E0%B8%B4%E0%B8%81%E0%B8%B2%E0%B8%A3/%E0%B8%A3%E0%B8%B1%E0%B8%9A%E0%B8%8B%E0%B8%B7%E0%B9%89%E0%B8%AD-iphone-face-id-%E0%B9%80%E0%B8%AA%E0%B8%B5%E0%B8%A2","https://amphon.co.th/บริการ/รับซื้อ-iphone-face-id-เสีย","Yes","PASS",""
"https://amphon.co.th/%E0%B8%9A%E0%B8%A3%E0%B8%B4%E0%B8%81%E0%B8%B2%E0%B8%A3/%E0%B8%A3%E0%B8%B1%E0%B8%9A%E0%B8%8B%E0%B8%B7%E0%B9%89%E0%B8%AD-iphone-pro-max","200","0","https://amphon.co.th/%E0%B8%9A%E0%B8%A3%E0%B8%B4%E0%B8%81%E0%B8%B2%E0%B8%A3/%E0%B8%A3%E0%B8%B1%E0%B8%9A%E0%B8%8B%E0%B8%B7%E0%B9%89%E0%B8%AD-iphone-pro-max","https://amphon.co.th/บริการ/รับซื้อ-iphone-pro-max","Yes","PASS",""
"https://amphon.co.th/%E0%B8%9A%E0%B8%A3%E0%B8%B4%E0%B8%81%E0%B8%B2%E0%B8%A3/%E0%B8%A3%E0%B8%B1%E0%B8%9A%E0%B8%8B%E0%B8%B7%E0%B9%89%E0%B8%AD-jbl","200","0","https://amphon.co.th/%E0%B8%9A%E0%B8%A3%E0%B8%B4%E0%B8%81%E0%B8%B2%E0%B8%A3/%E0%B8%A3%E0%B8%B1%E0%B8%9A%E0%B8%8B%E0%B8%B7%E0%B9%89%E0%B8%AD-jbl","https://amphon.co.th/บริการ/รับซื้อ-jbl","Yes","PASS",""
"https://amphon.co.th/%E0%B8%9A%E0%B8%A3%E0%B8%B4%E0%B8%81%E0%B8%B2%E0%B8%A3/%E0%B8%A3%E0%B8%B1%E0%B8%9A%E0%B8%8B%E0%B8%B7%E0%B9%89%E0%B8%AD-lenovo-ideapad","200","0","https://amphon.co.th/%E0%B8%9A%E0%B8%A3%E0%B8%B4%E0%B8%81%E0%B8%B2%E0%B8%A3/%E0%B8%A3%E0%B8%B1%E0%B8%9A%E0%B8%8B%E0%B8%B7%E0%B9%89%E0%B8%AD-lenovo-ideapad","https://amphon.co.th/บริการ/รับซื้อ-lenovo-ideapad","Yes","PASS",""
"https://amphon.co.th/%E0%B8%9A%E0%B8%A3%E0%B8%B4%E0%B8%81%E0%B8%B2%E0%B8%A3/%E0%B8%A3%E0%B8%B1%E0%B8%9A%E0%B8%8B%E0%B8%B7%E0%B9%89%E0%B8%AD-lenovo-legion","200","0","https://amphon.co.th/%E0%B8%9A%E0%B8%A3%E0%B8%B4%E0%B8%81%E0%B8%B2%E0%B8%A3/%E0%B8%A3%E0%B8%B1%E0%B8%9A%E0%B8%8B%E0%B8%B7%E0%B9%89%E0%B8%AD-lenovo-legion","https://amphon.co.th/บริการ/รับซื้อ-lenovo-legion","Yes","PASS",""
"https://amphon.co.th/%E0%B8%9A%E0%B8%A3%E0%B8%B4%E0%B8%81%E0%B8%B2%E0%B8%A3/%E0%B8%A3%E0%B8%B1%E0%B8%9A%E0%B8%8B%E0%B8%B7%E0%B9%89%E0%B8%AD-lenovo-loq","200","0","https://amphon.co.th/%E0%B8%9A%E0%B8%A3%E0%B8%B4%E0%B8%81%E0%B8%B2%E0%B8%A3/%E0%B8%A3%E0%B8%B1%E0%B8%9A%E0%B8%8B%E0%B8%B7%E0%B9%89%E0%B8%AD-lenovo-loq","https://amphon.co.th/บริการ/รับซื้อ-lenovo-loq","Yes","PASS",""
"https://amphon.co.th/%E0%B8%9A%E0%B8%A3%E0%B8%B4%E0%B8%81%E0%B8%B2%E0%B8%A3/%E0%B8%A3%E0%B8%B1%E0%B8%9A%E0%B8%8B%E0%B8%B7%E0%B9%89%E0%B8%AD-lenovo-thinkpad","200","0","https://amphon.co.th/%E0%B8%9A%E0%B8%A3%E0%B8%B4%E0%B8%81%E0%B8%B2%E0%B8%A3/%E0%B8%A3%E0%B8%B1%E0%B8%9A%E0%B8%8B%E0%B8%B7%E0%B9%89%E0%B8%AD-lenovo-thinkpad","https://amphon.co.th/บริการ/รับซื้อ-lenovo-thinkpad","Yes","PASS",""
"https://amphon.co.th/%E0%B8%9A%E0%B8%A3%E0%B8%B4%E0%B8%81%E0%B8%B2%E0%B8%A3/%E0%B8%A3%E0%B8%B1%E0%B8%9A%E0%B8%8B%E0%B8%B7%E0%B9%89%E0%B8%AD-mac-mini","200","0","https://amphon.co.th/%E0%B8%9A%E0%B8%A3%E0%B8%B4%E0%B8%81%E0%B8%B2%E0%B8%A3/%E0%B8%A3%E0%B8%B1%E0%B8%9A%E0%B8%8B%E0%B8%B7%E0%B9%89%E0%B8%AD-mac-mini","https://amphon.co.th/บริการ/รับซื้อ-mac-mini","Yes","PASS",""
"https://amphon.co.th/%E0%B8%9A%E0%B8%A3%E0%B8%B4%E0%B8%81%E0%B8%B2%E0%B8%A3/%E0%B8%A3%E0%B8%B1%E0%B8%9A%E0%B8%8B%E0%B8%B7%E0%B9%89%E0%B8%AD-macbook","200","0","https://amphon.co.th/%E0%B8%9A%E0%B8%A3%E0%B8%B4%E0%B8%81%E0%B8%B2%E0%B8%A3/%E0%B8%A3%E0%B8%B1%E0%B8%9A%E0%B8%8B%E0%B8%B7%E0%B9%89%E0%B8%AD-macbook","https://amphon.co.th/บริการ/รับซื้อ-macbook","Yes","PASS",""
"https://amphon.co.th/%E0%B8%9A%E0%B8%A3%E0%B8%B4%E0%B8%81%E0%B8%B2%E0%B8%A3/%E0%B8%A3%E0%B8%B1%E0%B8%9A%E0%B8%8B%E0%B8%B7%E0%B9%89%E0%B8%AD-macbook-%E0%B8%88%E0%B8%AD%E0%B9%81%E0%B8%95%E0%B8%81","200","0","https://amphon.co.th/%E0%B8%9A%E0%B8%A3%E0%B8%B4%E0%B8%81%E0%B8%B2%E0%B8%A3/%E0%B8%A3%E0%B8%B1%E0%B8%9A%E0%B8%8B%E0%B8%B7%E0%B9%89%E0%B8%AD-macbook-%E0%B8%88%E0%B8%AD%E0%B9%81%E0%B8%95%E0%B8%81","https://amphon.co.th/บริการ/รับซื้อ-macbook-จอแตก","Yes","PASS",""
"https://amphon.co.th/%E0%B8%9A%E0%B8%A3%E0%B8%B4%E0%B8%81%E0%B8%B2%E0%B8%A3/%E0%B8%A3%E0%B8%B1%E0%B8%9A%E0%B8%8B%E0%B8%B7%E0%B9%89%E0%B8%AD-macbook-%E0%B9%80%E0%B8%AA%E0%B8%B5%E0%B8%A2","200","0","https://amphon.co.th/%E0%B8%9A%E0%B8%A3%E0%B8%B4%E0%B8%81%E0%B8%B2%E0%B8%A3/%E0%B8%A3%E0%B8%B1%E0%B8%9A%E0%B8%8B%E0%B8%B7%E0%B9%89%E0%B8%AD-macbook-%E0%B9%80%E0%B8%AA%E0%B8%B5%E0%B8%A2","https://amphon.co.th/บริการ/รับซื้อ-macbook-เสีย","Yes","PASS",""
"https://amphon.co.th/%E0%B8%9A%E0%B8%A3%E0%B8%B4%E0%B8%81%E0%B8%B2%E0%B8%A3/%E0%B8%A3%E0%B8%B1%E0%B8%9A%E0%B8%8B%E0%B8%B7%E0%B9%89%E0%B8%AD-macbook-air","200","0","https://amphon.co.th/%E0%B8%9A%E0%B8%A3%E0%B8%B4%E0%B8%81%E0%B8%B2%E0%B8%A3/%E0%B8%A3%E0%B8%B1%E0%B8%9A%E0%B8%8B%E0%B8%B7%E0%B9%89%E0%B8%AD-macbook-air","https://amphon.co.th/บริการ/รับซื้อ-macbook-air","Yes","PASS",""
"https://amphon.co.th/%E0%B8%9A%E0%B8%A3%E0%B8%B4%E0%B8%81%E0%B8%B2%E0%B8%A3/%E0%B8%A3%E0%B8%B1%E0%B8%9A%E0%B8%8B%E0%B8%B7%E0%B9%89%E0%B8%AD-macbook-intel","200","0","https://amphon.co.th/%E0%B8%9A%E0%B8%A3%E0%B8%B4%E0%B8%81%E0%B8%B2%E0%B8%A3/%E0%B8%A3%E0%B8%B1%E0%B8%9A%E0%B8%8B%E0%B8%B7%E0%B9%89%E0%B8%AD-macbook-intel","https://amphon.co.th/บริการ/รับซื้อ-macbook-intel","Yes","PASS",""
"https://amphon.co.th/%E0%B8%9A%E0%B8%A3%E0%B8%B4%E0%B8%81%E0%B8%B2%E0%B8%A3/%E0%B8%A3%E0%B8%B1%E0%B8%9A%E0%B8%8B%E0%B8%B7%E0%B9%89%E0%B8%AD-macbook-m1","200","0","https://amphon.co.th/%E0%B8%9A%E0%B8%A3%E0%B8%B4%E0%B8%81%E0%B8%B2%E0%B8%A3/%E0%B8%A3%E0%B8%B1%E0%B8%9A%E0%B8%8B%E0%B8%B7%E0%B9%89%E0%B8%AD-macbook-m1","https://amphon.co.th/บริการ/รับซื้อ-macbook-m1","Yes","PASS",""
"https://amphon.co.th/%E0%B8%9A%E0%B8%A3%E0%B8%B4%E0%B8%81%E0%B8%B2%E0%B8%A3/%E0%B8%A3%E0%B8%B1%E0%B8%9A%E0%B8%8B%E0%B8%B7%E0%B9%89%E0%B8%AD-macbook-m2","200","0","https://amphon.co.th/%E0%B8%9A%E0%B8%A3%E0%B8%B4%E0%B8%81%E0%B8%B2%E0%B8%A3/%E0%B8%A3%E0%B8%B1%E0%B8%9A%E0%B8%8B%E0%B8%B7%E0%B9%89%E0%B8%AD-macbook-m2","https://amphon.co.th/บริการ/รับซื้อ-macbook-m2","Yes","PASS",""
"https://amphon.co.th/%E0%B8%9A%E0%B8%A3%E0%B8%B4%E0%B8%81%E0%B8%B2%E0%B8%A3/%E0%B8%A3%E0%B8%B1%E0%B8%9A%E0%B8%8B%E0%B8%B7%E0%B9%89%E0%B8%AD-macbook-m3-m4","200","0","https://amphon.co.th/%E0%B8%9A%E0%B8%A3%E0%B8%B4%E0%B8%81%E0%B8%B2%E0%B8%A3/%E0%B8%A3%E0%B8%B1%E0%B8%9A%E0%B8%8B%E0%B8%B7%E0%B9%89%E0%B8%AD-macbook-m3-m4","https://amphon.co.th/บริการ/รับซื้อ-macbook-m3-m4","Yes","PASS",""
"https://amphon.co.th/%E0%B8%9A%E0%B8%A3%E0%B8%B4%E0%B8%81%E0%B8%B2%E0%B8%A3/%E0%B8%A3%E0%B8%B1%E0%B8%9A%E0%B8%8B%E0%B8%B7%E0%B9%89%E0%B8%AD-macbook-pro","200","0","https://amphon.co.th/%E0%B8%9A%E0%B8%A3%E0%B8%B4%E0%B8%81%E0%B8%B2%E0%B8%A3/%E0%B8%A3%E0%B8%B1%E0%B8%9A%E0%B8%8B%E0%B8%B7%E0%B9%89%E0%B8%AD-macbook-pro","https://amphon.co.th/บริการ/รับซื้อ-macbook-pro","Yes","PASS",""
"https://amphon.co.th/%E0%B8%9A%E0%B8%A3%E0%B8%B4%E0%B8%81%E0%B8%B2%E0%B8%A3/%E0%B8%A3%E0%B8%B1%E0%B8%9A%E0%B8%8B%E0%B8%B7%E0%B9%89%E0%B8%AD-magic-keyboard-ipad","200","0","https://amphon.co.th/%E0%B8%9A%E0%B8%A3%E0%B8%B4%E0%B8%81%E0%B8%B2%E0%B8%A3/%E0%B8%A3%E0%B8%B1%E0%B8%9A%E0%B8%8B%E0%B8%B7%E0%B9%89%E0%B8%AD-magic-keyboard-ipad","https://amphon.co.th/บริการ/รับซื้อ-magic-keyboard-ipad","Yes","PASS",""
"https://amphon.co.th/%E0%B8%9A%E0%B8%A3%E0%B8%B4%E0%B8%81%E0%B8%B2%E0%B8%A3/%E0%B8%A3%E0%B8%B1%E0%B8%9A%E0%B8%8B%E0%B8%B7%E0%B9%89%E0%B8%AD-marshall","200","0","https://amphon.co.th/%E0%B8%9A%E0%B8%A3%E0%B8%B4%E0%B8%81%E0%B8%B2%E0%B8%A3/%E0%B8%A3%E0%B8%B1%E0%B8%9A%E0%B8%8B%E0%B8%B7%E0%B9%89%E0%B8%AD-marshall","https://amphon.co.th/บริการ/รับซื้อ-marshall","Yes","PASS",""
"https://amphon.co.th/%E0%B8%9A%E0%B8%A3%E0%B8%B4%E0%B8%81%E0%B8%B2%E0%B8%A3/%E0%B8%A3%E0%B8%B1%E0%B8%9A%E0%B8%8B%E0%B8%B7%E0%B9%89%E0%B8%AD-msi-cyborg","200","0","https://amphon.co.th/%E0%B8%9A%E0%B8%A3%E0%B8%B4%E0%B8%81%E0%B8%B2%E0%B8%A3/%E0%B8%A3%E0%B8%B1%E0%B8%9A%E0%B8%8B%E0%B8%B7%E0%B9%89%E0%B8%AD-msi-cyborg","https://amphon.co.th/บริการ/รับซื้อ-msi-cyborg","Yes","PASS",""
"https://amphon.co.th/%E0%B8%9A%E0%B8%A3%E0%B8%B4%E0%B8%81%E0%B8%B2%E0%B8%A3/%E0%B8%A3%E0%B8%B1%E0%B8%9A%E0%B8%8B%E0%B8%B7%E0%B9%89%E0%B8%AD-msi-katana","200","0","https://amphon.co.th/%E0%B8%9A%E0%B8%A3%E0%B8%B4%E0%B8%81%E0%B8%B2%E0%B8%A3/%E0%B8%A3%E0%B8%B1%E0%B8%9A%E0%B8%8B%E0%B8%B7%E0%B9%89%E0%B8%AD-msi-katana","https://amphon.co.th/บริการ/รับซื้อ-msi-katana","Yes","PASS",""
"https://amphon.co.th/%E0%B8%9A%E0%B8%A3%E0%B8%B4%E0%B8%81%E0%B8%B2%E0%B8%A3/%E0%B8%A3%E0%B8%B1%E0%B8%9A%E0%B8%8B%E0%B8%B7%E0%B9%89%E0%B8%AD-msi-notebook","200","0","https://amphon.co.th/%E0%B8%9A%E0%B8%A3%E0%B8%B4%E0%B8%81%E0%B8%B2%E0%B8%A3/%E0%B8%A3%E0%B8%B1%E0%B8%9A%E0%B8%8B%E0%B8%B7%E0%B9%89%E0%B8%AD-msi-notebook","https://amphon.co.th/บริการ/รับซื้อ-msi-notebook","Yes","PASS",""
"https://amphon.co.th/%E0%B8%9A%E0%B8%A3%E0%B8%B4%E0%B8%81%E0%B8%B2%E0%B8%A3/%E0%B8%A3%E0%B8%B1%E0%B8%9A%E0%B8%8B%E0%B8%B7%E0%B9%89%E0%B8%AD-msi-pulse-crosshair","200","0","https://amphon.co.th/%E0%B8%9A%E0%B8%A3%E0%B8%B4%E0%B8%81%E0%B8%B2%E0%B8%A3/%E0%B8%A3%E0%B8%B1%E0%B8%9A%E0%B8%8B%E0%B8%B7%E0%B9%89%E0%B8%AD-msi-pulse-crosshair","https://amphon.co.th/บริการ/รับซื้อ-msi-pulse-crosshair","Yes","PASS",""
"https://amphon.co.th/%E0%B8%9A%E0%B8%A3%E0%B8%B4%E0%B8%81%E0%B8%B2%E0%B8%A3/%E0%B8%A3%E0%B8%B1%E0%B8%9A%E0%B8%8B%E0%B8%B7%E0%B9%89%E0%B8%AD-msi-raider","200","0","https://amphon.co.th/%E0%B8%9A%E0%B8%A3%E0%B8%B4%E0%B8%81%E0%B8%B2%E0%B8%A3/%E0%B8%A3%E0%B8%B1%E0%B8%9A%E0%B8%8B%E0%B8%B7%E0%B9%89%E0%B8%AD-msi-raider","https://amphon.co.th/บริการ/รับซื้อ-msi-raider","Yes","PASS",""
"https://amphon.co.th/%E0%B8%9A%E0%B8%A3%E0%B8%B4%E0%B8%81%E0%B8%B2%E0%B8%A3/%E0%B8%A3%E0%B8%B1%E0%B8%9A%E0%B8%8B%E0%B8%B7%E0%B9%89%E0%B8%AD-msi-stealth","200","0","https://amphon.co.th/%E0%B8%9A%E0%B8%A3%E0%B8%B4%E0%B8%81%E0%B8%B2%E0%B8%A3/%E0%B8%A3%E0%B8%B1%E0%B8%9A%E0%B8%8B%E0%B8%B7%E0%B9%89%E0%B8%AD-msi-stealth","https://amphon.co.th/บริการ/รับซื้อ-msi-stealth","Yes","PASS",""
"https://amphon.co.th/%E0%B8%9A%E0%B8%A3%E0%B8%B4%E0%B8%81%E0%B8%B2%E0%B8%A3/%E0%B8%A3%E0%B8%B1%E0%B8%9A%E0%B8%8B%E0%B8%B7%E0%B9%89%E0%B8%AD-msi-sword","200","0","https://amphon.co.th/%E0%B8%9A%E0%B8%A3%E0%B8%B4%E0%B8%81%E0%B8%B2%E0%B8%A3/%E0%B8%A3%E0%B8%B1%E0%B8%9A%E0%B8%8B%E0%B8%B7%E0%B9%89%E0%B8%AD-msi-sword","https://amphon.co.th/บริการ/รับซื้อ-msi-sword","Yes","PASS",""
"https://amphon.co.th/%E0%B8%9A%E0%B8%A3%E0%B8%B4%E0%B8%81%E0%B8%B2%E0%B8%A3/%E0%B8%A3%E0%B8%B1%E0%B8%9A%E0%B8%8B%E0%B8%B7%E0%B9%89%E0%B8%AD-msi-thin","200","0","https://amphon.co.th/%E0%B8%9A%E0%B8%A3%E0%B8%B4%E0%B8%81%E0%B8%B2%E0%B8%A3/%E0%B8%A3%E0%B8%B1%E0%B8%9A%E0%B8%8B%E0%B8%B7%E0%B9%89%E0%B8%AD-msi-thin","https://amphon.co.th/บริการ/รับซื้อ-msi-thin","Yes","PASS",""
"https://amphon.co.th/%E0%B8%9A%E0%B8%A3%E0%B8%B4%E0%B8%81%E0%B8%B2%E0%B8%A3/%E0%B8%A3%E0%B8%B1%E0%B8%9A%E0%B8%8B%E0%B8%B7%E0%B9%89%E0%B8%AD-msi-titan","200","0","https://amphon.co.th/%E0%B8%9A%E0%B8%A3%E0%B8%B4%E0%B8%81%E0%B8%B2%E0%B8%A3/%E0%B8%A3%E0%B8%B1%E0%B8%9A%E0%B8%8B%E0%B8%B7%E0%B9%89%E0%B8%AD-msi-titan","https://amphon.co.th/บริการ/รับซื้อ-msi-titan","Yes","PASS",""
"https://amphon.co.th/%E0%B8%9A%E0%B8%A3%E0%B8%B4%E0%B8%81%E0%B8%B2%E0%B8%A3/%E0%B8%A3%E0%B8%B1%E0%B8%9A%E0%B8%8B%E0%B8%B7%E0%B9%89%E0%B8%AD-msi-vector","200","0","https://amphon.co.th/%E0%B8%9A%E0%B8%A3%E0%B8%B4%E0%B8%81%E0%B8%B2%E0%B8%A3/%E0%B8%A3%E0%B8%B1%E0%B8%9A%E0%B8%8B%E0%B8%B7%E0%B9%89%E0%B8%AD-msi-vector","https://amphon.co.th/บริการ/รับซื้อ-msi-vector","Yes","PASS",""
"https://amphon.co.th/%E0%B8%9A%E0%B8%A3%E0%B8%B4%E0%B8%81%E0%B8%B2%E0%B8%A3/%E0%B8%A3%E0%B8%B1%E0%B8%9A%E0%B8%8B%E0%B8%B7%E0%B9%89%E0%B8%AD-nas","200","0","https://amphon.co.th/%E0%B8%9A%E0%B8%A3%E0%B8%B4%E0%B8%81%E0%B8%B2%E0%B8%A3/%E0%B8%A3%E0%B8%B1%E0%B8%9A%E0%B8%8B%E0%B8%B7%E0%B9%89%E0%B8%AD-nas","https://amphon.co.th/บริการ/รับซื้อ-nas","Yes","PASS",""
"https://amphon.co.th/%E0%B8%9A%E0%B8%A3%E0%B8%B4%E0%B8%81%E0%B8%B2%E0%B8%A3/%E0%B8%A3%E0%B8%B1%E0%B8%9A%E0%B8%8B%E0%B8%B7%E0%B9%89%E0%B8%AD-nintendo-switch","200","0","https://amphon.co.th/%E0%B8%9A%E0%B8%A3%E0%B8%B4%E0%B8%81%E0%B8%B2%E0%B8%A3/%E0%B8%A3%E0%B8%B1%E0%B8%9A%E0%B8%8B%E0%B8%B7%E0%B9%89%E0%B8%AD-nintendo-switch","https://amphon.co.th/บริการ/รับซื้อ-nintendo-switch","Yes","PASS",""
"https://amphon.co.th/%E0%B8%9A%E0%B8%A3%E0%B8%B4%E0%B8%81%E0%B8%B2%E0%B8%A3/%E0%B8%A3%E0%B8%B1%E0%B8%9A%E0%B8%8B%E0%B8%B7%E0%B9%89%E0%B8%AD-notebook-acer","200","0","https://amphon.co.th/%E0%B8%9A%E0%B8%A3%E0%B8%B4%E0%B8%81%E0%B8%B2%E0%B8%A3/%E0%B8%A3%E0%B8%B1%E0%B8%9A%E0%B8%8B%E0%B8%B7%E0%B9%89%E0%B8%AD-notebook-acer","https://amphon.co.th/บริการ/รับซื้อ-notebook-acer","Yes","PASS",""
"https://amphon.co.th/%E0%B8%9A%E0%B8%A3%E0%B8%B4%E0%B8%81%E0%B8%B2%E0%B8%A3/%E0%B8%A3%E0%B8%B1%E0%B8%9A%E0%B8%8B%E0%B8%B7%E0%B9%89%E0%B8%AD-notebook-asus","200","0","https://amphon.co.th/%E0%B8%9A%E0%B8%A3%E0%B8%B4%E0%B8%81%E0%B8%B2%E0%B8%A3/%E0%B8%A3%E0%B8%B1%E0%B8%9A%E0%B8%8B%E0%B8%B7%E0%B9%89%E0%B8%AD-notebook-asus","https://amphon.co.th/บริการ/รับซื้อ-notebook-asus","Yes","PASS",""
"https://amphon.co.th/%E0%B8%9A%E0%B8%A3%E0%B8%B4%E0%B8%81%E0%B8%B2%E0%B8%A3/%E0%B8%A3%E0%B8%B1%E0%B8%9A%E0%B8%8B%E0%B8%B7%E0%B9%89%E0%B8%AD-notebook-dell","200","0","https://amphon.co.th/%E0%B8%9A%E0%B8%A3%E0%B8%B4%E0%B8%81%E0%B8%B2%E0%B8%A3/%E0%B8%A3%E0%B8%B1%E0%B8%9A%E0%B8%8B%E0%B8%B7%E0%B9%89%E0%B8%AD-notebook-dell","https://amphon.co.th/บริการ/รับซื้อ-notebook-dell","Yes","PASS",""
"https://amphon.co.th/%E0%B8%9A%E0%B8%A3%E0%B8%B4%E0%B8%81%E0%B8%B2%E0%B8%A3/%E0%B8%A3%E0%B8%B1%E0%B8%9A%E0%B8%8B%E0%B8%B7%E0%B9%89%E0%B8%AD-notebook-hp","200","0","https://amphon.co.th/%E0%B8%9A%E0%B8%A3%E0%B8%B4%E0%B8%81%E0%B8%B2%E0%B8%A3/%E0%B8%A3%E0%B8%B1%E0%B8%9A%E0%B8%8B%E0%B8%B7%E0%B9%89%E0%B8%AD-notebook-hp","https://amphon.co.th/บริการ/รับซื้อ-notebook-hp","Yes","PASS",""
"https://amphon.co.th/%E0%B8%9A%E0%B8%A3%E0%B8%B4%E0%B8%81%E0%B8%B2%E0%B8%A3/%E0%B8%A3%E0%B8%B1%E0%B8%9A%E0%B8%8B%E0%B8%B7%E0%B9%89%E0%B8%AD-notebook-lenovo","200","0","https://amphon.co.th/%E0%B8%9A%E0%B8%A3%E0%B8%B4%E0%B8%81%E0%B8%B2%E0%B8%A3/%E0%B8%A3%E0%B8%B1%E0%B8%9A%E0%B8%8B%E0%B8%B7%E0%B9%89%E0%B8%AD-notebook-lenovo","https://amphon.co.th/บริการ/รับซื้อ-notebook-lenovo","Yes","PASS",""
"https://amphon.co.th/%E0%B8%9A%E0%B8%A3%E0%B8%B4%E0%B8%81%E0%B8%B2%E0%B8%A3/%E0%B8%A3%E0%B8%B1%E0%B8%9A%E0%B8%8B%E0%B8%B7%E0%B9%89%E0%B8%AD-pc-%E0%B8%A1%E0%B8%B7%E0%B8%AD%E0%B8%AA%E0%B8%AD%E0%B8%87","200","0","https://amphon.co.th/%E0%B8%9A%E0%B8%A3%E0%B8%B4%E0%B8%81%E0%B8%B2%E0%B8%A3/%E0%B8%A3%E0%B8%B1%E0%B8%9A%E0%B8%8B%E0%B8%B7%E0%B9%89%E0%B8%AD-pc-%E0%B8%A1%E0%B8%B7%E0%B8%AD%E0%B8%AA%E0%B8%AD%E0%B8%87","https://amphon.co.th/บริการ/รับซื้อ-pc-มือสอง","Yes","PASS",""
"https://amphon.co.th/%E0%B8%9A%E0%B8%A3%E0%B8%B4%E0%B8%81%E0%B8%B2%E0%B8%A3/%E0%B8%A3%E0%B8%B1%E0%B8%9A%E0%B8%8B%E0%B8%B7%E0%B9%89%E0%B8%AD-playstation","200","0","https://amphon.co.th/%E0%B8%9A%E0%B8%A3%E0%B8%B4%E0%B8%81%E0%B8%B2%E0%B8%A3/%E0%B8%A3%E0%B8%B1%E0%B8%9A%E0%B8%8B%E0%B8%B7%E0%B9%89%E0%B8%AD-playstation","https://amphon.co.th/บริการ/รับซื้อ-playstation","Yes","PASS",""
"https://amphon.co.th/%E0%B8%9A%E0%B8%A3%E0%B8%B4%E0%B8%81%E0%B8%B2%E0%B8%A3/%E0%B8%A3%E0%B8%B1%E0%B8%9A%E0%B8%8B%E0%B8%B7%E0%B9%89%E0%B8%AD-printer","200","0","https://amphon.co.th/%E0%B8%9A%E0%B8%A3%E0%B8%B4%E0%B8%81%E0%B8%B2%E0%B8%A3/%E0%B8%A3%E0%B8%B1%E0%B8%9A%E0%B8%8B%E0%B8%B7%E0%B9%89%E0%B8%AD-printer","https://amphon.co.th/บริการ/รับซื้อ-printer","Yes","PASS",""
"https://amphon.co.th/%E0%B8%9A%E0%B8%A3%E0%B8%B4%E0%B8%81%E0%B8%B2%E0%B8%A3/%E0%B8%A3%E0%B8%B1%E0%B8%9A%E0%B8%8B%E0%B8%B7%E0%B9%89%E0%B8%AD-ram-ssd","200","0","https://amphon.co.th/%E0%B8%9A%E0%B8%A3%E0%B8%B4%E0%B8%81%E0%B8%B2%E0%B8%A3/%E0%B8%A3%E0%B8%B1%E0%B8%9A%E0%B8%8B%E0%B8%B7%E0%B9%89%E0%B8%AD-ram-ssd","https://amphon.co.th/บริการ/รับซื้อ-ram-ssd","Yes","PASS",""
"https://amphon.co.th/%E0%B8%9A%E0%B8%A3%E0%B8%B4%E0%B8%81%E0%B8%B2%E0%B8%A3/%E0%B8%A3%E0%B8%B1%E0%B8%9A%E0%B8%8B%E0%B8%B7%E0%B9%89%E0%B8%AD-rog-gaming-notebook","200","0","https://amphon.co.th/%E0%B8%9A%E0%B8%A3%E0%B8%B4%E0%B8%81%E0%B8%B2%E0%B8%A3/%E0%B8%A3%E0%B8%B1%E0%B8%9A%E0%B8%8B%E0%B8%B7%E0%B9%89%E0%B8%AD-rog-gaming-notebook","https://amphon.co.th/บริการ/รับซื้อ-rog-gaming-notebook","Yes","PASS",""
"https://amphon.co.th/%E0%B8%9A%E0%B8%A3%E0%B8%B4%E0%B8%81%E0%B8%B2%E0%B8%A3/%E0%B8%A3%E0%B8%B1%E0%B8%9A%E0%B8%8B%E0%B8%B7%E0%B9%89%E0%B8%AD-rog-strix","200","0","https://amphon.co.th/%E0%B8%9A%E0%B8%A3%E0%B8%B4%E0%B8%81%E0%B8%B2%E0%B8%A3/%E0%B8%A3%E0%B8%B1%E0%B8%9A%E0%B8%8B%E0%B8%B7%E0%B9%89%E0%B8%AD-rog-strix","https://amphon.co.th/บริการ/รับซื้อ-rog-strix","Yes","PASS",""
"https://amphon.co.th/%E0%B8%9A%E0%B8%A3%E0%B8%B4%E0%B8%81%E0%B8%B2%E0%B8%A3/%E0%B8%A3%E0%B8%B1%E0%B8%9A%E0%B8%8B%E0%B8%B7%E0%B9%89%E0%B8%AD-rog-zephyrus","200","0","https://amphon.co.th/%E0%B8%9A%E0%B8%A3%E0%B8%B4%E0%B8%81%E0%B8%B2%E0%B8%A3/%E0%B8%A3%E0%B8%B1%E0%B8%9A%E0%B8%8B%E0%B8%B7%E0%B9%89%E0%B8%AD-rog-zephyrus","https://amphon.co.th/บริการ/รับซื้อ-rog-zephyrus","Yes","PASS",""
"https://amphon.co.th/%E0%B8%9A%E0%B8%A3%E0%B8%B4%E0%B8%81%E0%B8%B2%E0%B8%A3/%E0%B8%A3%E0%B8%B1%E0%B8%9A%E0%B8%8B%E0%B8%B7%E0%B9%89%E0%B8%AD-server","200","0","https://amphon.co.th/%E0%B8%9A%E0%B8%A3%E0%B8%B4%E0%B8%81%E0%B8%B2%E0%B8%A3/%E0%B8%A3%E0%B8%B1%E0%B8%9A%E0%B8%8B%E0%B8%B7%E0%B9%89%E0%B8%AD-server","https://amphon.co.th/บริการ/รับซื้อ-server","Yes","PASS",""
"https://amphon.co.th/%E0%B8%9A%E0%B8%A3%E0%B8%B4%E0%B8%81%E0%B8%B2%E0%B8%A3/%E0%B8%A3%E0%B8%B1%E0%B8%9A%E0%B8%8B%E0%B8%B7%E0%B9%89%E0%B8%AD-server-network","200","0","https://amphon.co.th/%E0%B8%9A%E0%B8%A3%E0%B8%B4%E0%B8%81%E0%B8%B2%E0%B8%A3/%E0%B8%A3%E0%B8%B1%E0%B8%9A%E0%B8%8B%E0%B8%B7%E0%B9%89%E0%B8%AD-server-network","https://amphon.co.th/บริการ/รับซื้อ-server-network","Yes","PASS",""
"https://amphon.co.th/%E0%B8%9A%E0%B8%A3%E0%B8%B4%E0%B8%81%E0%B8%B2%E0%B8%A3/%E0%B8%A3%E0%B8%B1%E0%B8%9A%E0%B8%8B%E0%B8%B7%E0%B9%89%E0%B8%AD-ssd","200","0","https://amphon.co.th/%E0%B8%9A%E0%B8%A3%E0%B8%B4%E0%B8%81%E0%B8%B2%E0%B8%A3/%E0%B8%A3%E0%B8%B1%E0%B8%9A%E0%B8%8B%E0%B8%B7%E0%B9%89%E0%B8%AD-ssd","https://amphon.co.th/บริการ/รับซื้อ-ssd","Yes","PASS",""
"https://amphon.co.th/%E0%B8%9A%E0%B8%A3%E0%B8%B4%E0%B8%81%E0%B8%B2%E0%B8%A3/%E0%B8%A3%E0%B8%B1%E0%B8%9A%E0%B8%8B%E0%B8%B7%E0%B9%89%E0%B8%AD-surface","200","0","https://amphon.co.th/%E0%B8%9A%E0%B8%A3%E0%B8%B4%E0%B8%81%E0%B8%B2%E0%B8%A3/%E0%B8%A3%E0%B8%B1%E0%B8%9A%E0%B8%8B%E0%B8%B7%E0%B9%89%E0%B8%AD-surface","https://amphon.co.th/บริการ/รับซื้อ-surface","Yes","PASS",""
"https://amphon.co.th/%E0%B8%9A%E0%B8%A3%E0%B8%B4%E0%B8%81%E0%B8%B2%E0%B8%A3/%E0%B8%A3%E0%B8%B1%E0%B8%9A%E0%B8%8B%E0%B8%B7%E0%B9%89%E0%B8%AD-ups","200","0","https://amphon.co.th/%E0%B8%9A%E0%B8%A3%E0%B8%B4%E0%B8%81%E0%B8%B2%E0%B8%A3/%E0%B8%A3%E0%B8%B1%E0%B8%9A%E0%B8%8B%E0%B8%B7%E0%B9%89%E0%B8%AD-ups","https://amphon.co.th/บริการ/รับซื้อ-ups","Yes","PASS",""
"https://amphon.co.th/%E0%B8%9A%E0%B8%A3%E0%B8%B4%E0%B8%81%E0%B8%B2%E0%B8%A3/%E0%B8%A3%E0%B8%B1%E0%B8%9A%E0%B8%8B%E0%B8%B7%E0%B9%89%E0%B8%AD-workstation","200","0","https://amphon.co.th/%E0%B8%9A%E0%B8%A3%E0%B8%B4%E0%B8%81%E0%B8%B2%E0%B8%A3/%E0%B8%A3%E0%B8%B1%E0%B8%9A%E0%B8%8B%E0%B8%B7%E0%B9%89%E0%B8%AD-workstation","https://amphon.co.th/บริการ/รับซื้อ-workstation","Yes","PASS",""
"https://amphon.co.th/%E0%B8%9A%E0%B8%A3%E0%B8%B4%E0%B8%81%E0%B8%B2%E0%B8%A3/%E0%B8%A3%E0%B8%B1%E0%B8%9A%E0%B8%8B%E0%B8%B7%E0%B9%89%E0%B8%AD%E0%B8%8B%E0%B8%B5%E0%B8%9E%E0%B8%B5%E0%B8%A2%E0%B8%B9","200","0","https://amphon.co.th/%E0%B8%9A%E0%B8%A3%E0%B8%B4%E0%B8%81%E0%B8%B2%E0%B8%A3/%E0%B8%A3%E0%B8%B1%E0%B8%9A%E0%B8%8B%E0%B8%B7%E0%B9%89%E0%B8%AD%E0%B8%8B%E0%B8%B5%E0%B8%9E%E0%B8%B5%E0%B8%A2%E0%B8%B9","https://amphon.co.th/บริการ/รับซื้อซีพียู","Yes","PASS",""
"https://amphon.co.th/%E0%B8%9A%E0%B8%A3%E0%B8%B4%E0%B8%81%E0%B8%B2%E0%B8%A3/%E0%B8%A3%E0%B8%B1%E0%B8%9A%E0%B8%8B%E0%B8%B7%E0%B9%89%E0%B8%AD%E0%B8%81%E0%B8%A5%E0%B9%89%E0%B8%AD%E0%B8%87","200","0","https://amphon.co.th/%E0%B8%9A%E0%B8%A3%E0%B8%B4%E0%B8%81%E0%B8%B2%E0%B8%A3/%E0%B8%A3%E0%B8%B1%E0%B8%9A%E0%B8%8B%E0%B8%B7%E0%B9%89%E0%B8%AD%E0%B8%81%E0%B8%A5%E0%B9%89%E0%B8%AD%E0%B8%87","https://amphon.co.th/บริการ/รับซื้อกล้อง","Yes","PASS",""
"https://amphon.co.th/%E0%B8%9A%E0%B8%A3%E0%B8%B4%E0%B8%81%E0%B8%B2%E0%B8%A3/%E0%B8%A3%E0%B8%B1%E0%B8%9A%E0%B8%8B%E0%B8%B7%E0%B9%89%E0%B8%AD%E0%B8%81%E0%B8%A5%E0%B9%89%E0%B8%AD%E0%B8%87-canon","200","0","https://amphon.co.th/%E0%B8%9A%E0%B8%A3%E0%B8%B4%E0%B8%81%E0%B8%B2%E0%B8%A3/%E0%B8%A3%E0%B8%B1%E0%B8%9A%E0%B8%8B%E0%B8%B7%E0%B9%89%E0%B8%AD%E0%B8%81%E0%B8%A5%E0%B9%89%E0%B8%AD%E0%B8%87-canon","https://amphon.co.th/บริการ/รับซื้อกล้อง-canon","Yes","PASS",""
"https://amphon.co.th/%E0%B8%9A%E0%B8%A3%E0%B8%B4%E0%B8%81%E0%B8%B2%E0%B8%A3/%E0%B8%A3%E0%B8%B1%E0%B8%9A%E0%B8%8B%E0%B8%B7%E0%B9%89%E0%B8%AD%E0%B8%81%E0%B8%A5%E0%B9%89%E0%B8%AD%E0%B8%87-fujifilm","200","0","https://amphon.co.th/%E0%B8%9A%E0%B8%A3%E0%B8%B4%E0%B8%81%E0%B8%B2%E0%B8%A3/%E0%B8%A3%E0%B8%B1%E0%B8%9A%E0%B8%8B%E0%B8%B7%E0%B9%89%E0%B8%AD%E0%B8%81%E0%B8%A5%E0%B9%89%E0%B8%AD%E0%B8%87-fujifilm","https://amphon.co.th/บริการ/รับซื้อกล้อง-fujifilm","Yes","PASS",""
"https://amphon.co.th/%E0%B8%9A%E0%B8%A3%E0%B8%B4%E0%B8%81%E0%B8%B2%E0%B8%A3/%E0%B8%A3%E0%B8%B1%E0%B8%9A%E0%B8%8B%E0%B8%B7%E0%B9%89%E0%B8%AD%E0%B8%81%E0%B8%A5%E0%B9%89%E0%B8%AD%E0%B8%87-mirrorless","200","0","https://amphon.co.th/%E0%B8%9A%E0%B8%A3%E0%B8%B4%E0%B8%81%E0%B8%B2%E0%B8%A3/%E0%B8%A3%E0%B8%B1%E0%B8%9A%E0%B8%8B%E0%B8%B7%E0%B9%89%E0%B8%AD%E0%B8%81%E0%B8%A5%E0%B9%89%E0%B8%AD%E0%B8%87-mirrorless","https://amphon.co.th/บริการ/รับซื้อกล้อง-mirrorless","Yes","PASS",""
"https://amphon.co.th/%E0%B8%9A%E0%B8%A3%E0%B8%B4%E0%B8%81%E0%B8%B2%E0%B8%A3/%E0%B8%A3%E0%B8%B1%E0%B8%9A%E0%B8%8B%E0%B8%B7%E0%B9%89%E0%B8%AD%E0%B8%81%E0%B8%A5%E0%B9%89%E0%B8%AD%E0%B8%87-nikon","200","0","https://amphon.co.th/%E0%B8%9A%E0%B8%A3%E0%B8%B4%E0%B8%81%E0%B8%B2%E0%B8%A3/%E0%B8%A3%E0%B8%B1%E0%B8%9A%E0%B8%8B%E0%B8%B7%E0%B9%89%E0%B8%AD%E0%B8%81%E0%B8%A5%E0%B9%89%E0%B8%AD%E0%B8%87-nikon","https://amphon.co.th/บริการ/รับซื้อกล้อง-nikon","Yes","PASS",""
"https://amphon.co.th/%E0%B8%9A%E0%B8%A3%E0%B8%B4%E0%B8%81%E0%B8%B2%E0%B8%A3/%E0%B8%A3%E0%B8%B1%E0%B8%9A%E0%B8%8B%E0%B8%B7%E0%B9%89%E0%B8%AD%E0%B8%81%E0%B8%A5%E0%B9%89%E0%B8%AD%E0%B8%87-sony","200","0","https://amphon.co.th/%E0%B8%9A%E0%B8%A3%E0%B8%B4%E0%B8%81%E0%B8%B2%E0%B8%A3/%E0%B8%A3%E0%B8%B1%E0%B8%9A%E0%B8%8B%E0%B8%B7%E0%B9%89%E0%B8%AD%E0%B8%81%E0%B8%A5%E0%B9%89%E0%B8%AD%E0%B8%87-sony","https://amphon.co.th/บริการ/รับซื้อกล้อง-sony","Yes","PASS",""
"https://amphon.co.th/%E0%B8%9A%E0%B8%A3%E0%B8%B4%E0%B8%81%E0%B8%B2%E0%B8%A3/%E0%B8%A3%E0%B8%B1%E0%B8%9A%E0%B8%8B%E0%B8%B7%E0%B9%89%E0%B8%AD%E0%B8%81%E0%B8%A5%E0%B9%89%E0%B8%AD%E0%B8%87%E0%B8%9F%E0%B8%B4%E0%B8%A5%E0%B9%8C%E0%B8%A1","200","0","https://amphon.co.th/%E0%B8%9A%E0%B8%A3%E0%B8%B4%E0%B8%81%E0%B8%B2%E0%B8%A3/%E0%B8%A3%E0%B8%B1%E0%B8%9A%E0%B8%8B%E0%B8%B7%E0%B9%89%E0%B8%AD%E0%B8%81%E0%B8%A5%E0%B9%89%E0%B8%AD%E0%B8%87%E0%B8%9F%E0%B8%B4%E0%B8%A5%E0%B9%8C%E0%B8%A1","https://amphon.co.th/บริการ/รับซื้อกล้องฟิล์ม","Yes","PASS",""
"https://amphon.co.th/%E0%B8%9A%E0%B8%A3%E0%B8%B4%E0%B8%81%E0%B8%B2%E0%B8%A3/%E0%B8%A3%E0%B8%B1%E0%B8%9A%E0%B8%8B%E0%B8%B7%E0%B9%89%E0%B8%AD%E0%B8%81%E0%B8%A5%E0%B9%89%E0%B8%AD%E0%B8%87%E0%B9%80%E0%B8%AA%E0%B8%B5%E0%B8%A2","200","0","https://amphon.co.th/%E0%B8%9A%E0%B8%A3%E0%B8%B4%E0%B8%81%E0%B8%B2%E0%B8%A3/%E0%B8%A3%E0%B8%B1%E0%B8%9A%E0%B8%8B%E0%B8%B7%E0%B9%89%E0%B8%AD%E0%B8%81%E0%B8%A5%E0%B9%89%E0%B8%AD%E0%B8%87%E0%B9%80%E0%B8%AA%E0%B8%B5%E0%B8%A2","https://amphon.co.th/บริการ/รับซื้อกล้องเสีย","Yes","PASS",""
"https://amphon.co.th/%E0%B8%9A%E0%B8%A3%E0%B8%B4%E0%B8%81%E0%B8%B2%E0%B8%A3/%E0%B8%A3%E0%B8%B1%E0%B8%9A%E0%B8%8B%E0%B8%B7%E0%B9%89%E0%B8%AD%E0%B8%81%E0%B8%B2%E0%B8%A3%E0%B9%8C%E0%B8%94%E0%B8%88%E0%B8%AD","200","0","https://amphon.co.th/%E0%B8%9A%E0%B8%A3%E0%B8%B4%E0%B8%81%E0%B8%B2%E0%B8%A3/%E0%B8%A3%E0%B8%B1%E0%B8%9A%E0%B8%8B%E0%B8%B7%E0%B9%89%E0%B8%AD%E0%B8%81%E0%B8%B2%E0%B8%A3%E0%B9%8C%E0%B8%94%E0%B8%88%E0%B8%AD","https://amphon.co.th/บริการ/รับซื้อการ์ดจอ","Yes","PASS",""
"https://amphon.co.th/%E0%B8%9A%E0%B8%A3%E0%B8%B4%E0%B8%81%E0%B8%B2%E0%B8%A3/%E0%B8%A3%E0%B8%B1%E0%B8%9A%E0%B8%8B%E0%B8%B7%E0%B9%89%E0%B8%AD%E0%B8%82%E0%B8%AD%E0%B8%87%E0%B8%AA%E0%B8%B0%E0%B8%AA%E0%B8%A1","200","0","https://amphon.co.th/%E0%B8%9A%E0%B8%A3%E0%B8%B4%E0%B8%81%E0%B8%B2%E0%B8%A3/%E0%B8%A3%E0%B8%B1%E0%B8%9A%E0%B8%8B%E0%B8%B7%E0%B9%89%E0%B8%AD%E0%B8%82%E0%B8%AD%E0%B8%87%E0%B8%AA%E0%B8%B0%E0%B8%AA%E0%B8%A1","https://amphon.co.th/บริการ/รับซื้อของสะสม","Yes","PASS",""
"https://amphon.co.th/%E0%B8%9A%E0%B8%A3%E0%B8%B4%E0%B8%81%E0%B8%B2%E0%B8%A3/%E0%B8%A3%E0%B8%B1%E0%B8%9A%E0%B8%8B%E0%B8%B7%E0%B9%89%E0%B8%AD%E0%B8%82%E0%B8%AD%E0%B8%87%E0%B9%84%E0%B8%AD%E0%B8%97%E0%B8%B5%E0%B9%80%E0%B8%AA%E0%B8%B5%E0%B8%A2","200","0","https://amphon.co.th/%E0%B8%9A%E0%B8%A3%E0%B8%B4%E0%B8%81%E0%B8%B2%E0%B8%A3/%E0%B8%A3%E0%B8%B1%E0%B8%9A%E0%B8%8B%E0%B8%B7%E0%B9%89%E0%B8%AD%E0%B8%82%E0%B8%AD%E0%B8%87%E0%B9%84%E0%B8%AD%E0%B8%97%E0%B8%B5%E0%B9%80%E0%B8%AA%E0%B8%B5%E0%B8%A2","https://amphon.co.th/บริการ/รับซื้อของไอทีเสีย","Yes","PASS",""
"https://amphon.co.th/%E0%B8%9A%E0%B8%A3%E0%B8%B4%E0%B8%81%E0%B8%B2%E0%B8%A3/%E0%B8%A3%E0%B8%B1%E0%B8%9A%E0%B8%8B%E0%B8%B7%E0%B9%89%E0%B8%AD%E0%B8%84%E0%B8%AD%E0%B8%A1-3d-render","200","0","https://amphon.co.th/%E0%B8%9A%E0%B8%A3%E0%B8%B4%E0%B8%81%E0%B8%B2%E0%B8%A3/%E0%B8%A3%E0%B8%B1%E0%B8%9A%E0%B8%8B%E0%B8%B7%E0%B9%89%E0%B8%AD%E0%B8%84%E0%B8%AD%E0%B8%A1-3d-render","https://amphon.co.th/บริการ/รับซื้อคอม-3d-render","Yes","PASS",""
"https://amphon.co.th/%E0%B8%9A%E0%B8%A3%E0%B8%B4%E0%B8%81%E0%B8%B2%E0%B8%A3/%E0%B8%A3%E0%B8%B1%E0%B8%9A%E0%B8%8B%E0%B8%B7%E0%B9%89%E0%B8%AD%E0%B8%84%E0%B8%AD%E0%B8%A1-ai-deep-learning","200","0","https://amphon.co.th/%E0%B8%9A%E0%B8%A3%E0%B8%B4%E0%B8%81%E0%B8%B2%E0%B8%A3/%E0%B8%A3%E0%B8%B1%E0%B8%9A%E0%B8%8B%E0%B8%B7%E0%B9%89%E0%B8%AD%E0%B8%84%E0%B8%AD%E0%B8%A1-ai-deep-learning","https://amphon.co.th/บริการ/รับซื้อคอม-ai-deep-learning","Yes","PASS",""
"https://amphon.co.th/%E0%B8%9A%E0%B8%A3%E0%B8%B4%E0%B8%81%E0%B8%B2%E0%B8%A3/%E0%B8%A3%E0%B8%B1%E0%B8%9A%E0%B8%8B%E0%B8%B7%E0%B9%89%E0%B8%AD%E0%B8%84%E0%B8%AD%E0%B8%A1-cad-engineer","200","0","https://amphon.co.th/%E0%B8%9A%E0%B8%A3%E0%B8%B4%E0%B8%81%E0%B8%B2%E0%B8%A3/%E0%B8%A3%E0%B8%B1%E0%B8%9A%E0%B8%8B%E0%B8%B7%E0%B9%89%E0%B8%AD%E0%B8%84%E0%B8%AD%E0%B8%A1-cad-engineer","https://amphon.co.th/บริการ/รับซื้อคอม-cad-engineer","Yes","PASS",""
"https://amphon.co.th/%E0%B8%9A%E0%B8%A3%E0%B8%B4%E0%B8%81%E0%B8%B2%E0%B8%A3/%E0%B8%A3%E0%B8%B1%E0%B8%9A%E0%B8%8B%E0%B8%B7%E0%B9%89%E0%B8%AD%E0%B8%84%E0%B8%AD%E0%B8%A1%E0%B8%9A%E0%B8%A3%E0%B8%B4%E0%B8%A9%E0%B8%B1%E0%B8%97","200","0","https://amphon.co.th/%E0%B8%9A%E0%B8%A3%E0%B8%B4%E0%B8%81%E0%B8%B2%E0%B8%A3/%E0%B8%A3%E0%B8%B1%E0%B8%9A%E0%B8%8B%E0%B8%B7%E0%B9%89%E0%B8%AD%E0%B8%84%E0%B8%AD%E0%B8%A1%E0%B8%9A%E0%B8%A3%E0%B8%B4%E0%B8%A9%E0%B8%B1%E0%B8%97","https://amphon.co.th/บริการ/รับซื้อคอมบริษัท","Yes","PASS",""
"https://amphon.co.th/%E0%B8%9A%E0%B8%A3%E0%B8%B4%E0%B8%81%E0%B8%B2%E0%B8%A3/%E0%B8%A3%E0%B8%B1%E0%B8%9A%E0%B8%8B%E0%B8%B7%E0%B9%89%E0%B8%AD%E0%B8%84%E0%B8%AD%E0%B8%A1%E0%B8%9A%E0%B8%A3%E0%B8%B4%E0%B8%A9%E0%B8%B1%E0%B8%97%E0%B8%9B%E0%B8%B4%E0%B8%94%E0%B8%81%E0%B8%B4%E0%B8%88%E0%B8%81%E0%B8%B2%E0%B8%A3","200","0","https://amphon.co.th/%E0%B8%9A%E0%B8%A3%E0%B8%B4%E0%B8%81%E0%B8%B2%E0%B8%A3/%E0%B8%A3%E0%B8%B1%E0%B8%9A%E0%B8%8B%E0%B8%B7%E0%B9%89%E0%B8%AD%E0%B8%84%E0%B8%AD%E0%B8%A1%E0%B8%9A%E0%B8%A3%E0%B8%B4%E0%B8%A9%E0%B8%B1%E0%B8%97%E0%B8%9B%E0%B8%B4%E0%B8%94%E0%B8%81%E0%B8%B4%E0%B8%88%E0%B8%81%E0%B8%B2%E0%B8%A3","https://amphon.co.th/บริการ/รับซื้อคอมบริษัทปิดกิจการ","Yes","PASS",""
"https://amphon.co.th/%E0%B8%9A%E0%B8%A3%E0%B8%B4%E0%B8%81%E0%B8%B2%E0%B8%A3/%E0%B8%A3%E0%B8%B1%E0%B8%9A%E0%B8%8B%E0%B8%B7%E0%B9%89%E0%B8%AD%E0%B8%84%E0%B8%AD%E0%B8%A1%E0%B8%9B%E0%B8%A3%E0%B8%B0%E0%B8%81%E0%B8%AD%E0%B8%9A","200","0","https://amphon.co.th/%E0%B8%9A%E0%B8%A3%E0%B8%B4%E0%B8%81%E0%B8%B2%E0%B8%A3/%E0%B8%A3%E0%B8%B1%E0%B8%9A%E0%B8%8B%E0%B8%B7%E0%B9%89%E0%B8%AD%E0%B8%84%E0%B8%AD%E0%B8%A1%E0%B8%9B%E0%B8%A3%E0%B8%B0%E0%B8%81%E0%B8%AD%E0%B8%9A","https://amphon.co.th/บริการ/รับซื้อคอมประกอบ","Yes","PASS",""
"https://amphon.co.th/%E0%B8%9A%E0%B8%A3%E0%B8%B4%E0%B8%81%E0%B8%B2%E0%B8%A3/%E0%B8%A3%E0%B8%B1%E0%B8%9A%E0%B8%8B%E0%B8%B7%E0%B9%89%E0%B8%AD%E0%B8%84%E0%B8%AD%E0%B8%A1%E0%B8%9E%E0%B8%B4%E0%B8%A7%E0%B9%80%E0%B8%95%E0%B8%AD%E0%B8%A3%E0%B9%8C","200","0","https://amphon.co.th/%E0%B8%9A%E0%B8%A3%E0%B8%B4%E0%B8%81%E0%B8%B2%E0%B8%A3/%E0%B8%A3%E0%B8%B1%E0%B8%9A%E0%B8%8B%E0%B8%B7%E0%B9%89%E0%B8%AD%E0%B8%84%E0%B8%AD%E0%B8%A1%E0%B8%9E%E0%B8%B4%E0%B8%A7%E0%B9%80%E0%B8%95%E0%B8%AD%E0%B8%A3%E0%B9%8C","https://amphon.co.th/บริการ/รับซื้อคอมพิวเตอร์","Yes","PASS",""
"https://amphon.co.th/%E0%B8%9A%E0%B8%A3%E0%B8%B4%E0%B8%81%E0%B8%B2%E0%B8%A3/%E0%B8%A3%E0%B8%B1%E0%B8%9A%E0%B8%8B%E0%B8%B7%E0%B9%89%E0%B8%AD%E0%B8%84%E0%B8%AD%E0%B8%A1%E0%B8%9E%E0%B8%B4%E0%B8%A7%E0%B9%80%E0%B8%95%E0%B8%AD%E0%B8%A3%E0%B9%8C%E0%B8%95%E0%B8%B1%E0%B9%89%E0%B8%87%E0%B9%82%E0%B8%95%E0%B9%8A%E0%B8%B0","200","0","https://amphon.co.th/%E0%B8%9A%E0%B8%A3%E0%B8%B4%E0%B8%81%E0%B8%B2%E0%B8%A3/%E0%B8%A3%E0%B8%B1%E0%B8%9A%E0%B8%8B%E0%B8%B7%E0%B9%89%E0%B8%AD%E0%B8%84%E0%B8%AD%E0%B8%A1%E0%B8%9E%E0%B8%B4%E0%B8%A7%E0%B9%80%E0%B8%95%E0%B8%AD%E0%B8%A3%E0%B9%8C%E0%B8%95%E0%B8%B1%E0%B9%89%E0%B8%87%E0%B9%82%E0%B8%95%E0%B9%8A%E0%B8%B0","https://amphon.co.th/บริการ/รับซื้อคอมพิวเตอร์ตั้งโต๊ะ","Yes","PASS",""
"https://amphon.co.th/%E0%B8%9A%E0%B8%A3%E0%B8%B4%E0%B8%81%E0%B8%B2%E0%B8%A3/%E0%B8%A3%E0%B8%B1%E0%B8%9A%E0%B8%8B%E0%B8%B7%E0%B9%89%E0%B8%AD%E0%B8%84%E0%B8%AD%E0%B8%A1%E0%B8%95%E0%B8%B1%E0%B8%94%E0%B8%95%E0%B9%88%E0%B8%AD%E0%B8%A7%E0%B8%B4%E0%B8%94%E0%B8%B5%E0%B9%82%E0%B8%AD","200","0","https://amphon.co.th/%E0%B8%9A%E0%B8%A3%E0%B8%B4%E0%B8%81%E0%B8%B2%E0%B8%A3/%E0%B8%A3%E0%B8%B1%E0%B8%9A%E0%B8%8B%E0%B8%B7%E0%B9%89%E0%B8%AD%E0%B8%84%E0%B8%AD%E0%B8%A1%E0%B8%95%E0%B8%B1%E0%B8%94%E0%B8%95%E0%B9%88%E0%B8%AD%E0%B8%A7%E0%B8%B4%E0%B8%94%E0%B8%B5%E0%B9%82%E0%B8%AD","https://amphon.co.th/บริการ/รับซื้อคอมตัดต่อวิดีโอ","Yes","PASS",""
"https://amphon.co.th/%E0%B8%9A%E0%B8%A3%E0%B8%B4%E0%B8%81%E0%B8%B2%E0%B8%A3/%E0%B8%A3%E0%B8%B1%E0%B8%9A%E0%B8%8B%E0%B8%B7%E0%B9%89%E0%B8%AD%E0%B8%84%E0%B8%AD%E0%B8%A1%E0%B8%97%E0%B8%B3%E0%B8%87%E0%B8%B2%E0%B8%99%E0%B8%81%E0%B8%A3%E0%B8%B2%E0%B8%9F%E0%B8%B4%E0%B8%81","200","0","https://amphon.co.th/%E0%B8%9A%E0%B8%A3%E0%B8%B4%E0%B8%81%E0%B8%B2%E0%B8%A3/%E0%B8%A3%E0%B8%B1%E0%B8%9A%E0%B8%8B%E0%B8%B7%E0%B9%89%E0%B8%AD%E0%B8%84%E0%B8%AD%E0%B8%A1%E0%B8%97%E0%B8%B3%E0%B8%87%E0%B8%B2%E0%B8%99%E0%B8%81%E0%B8%A3%E0%B8%B2%E0%B8%9F%E0%B8%B4%E0%B8%81","https://amphon.co.th/บริการ/รับซื้อคอมทำงานกราฟิก","Yes","PASS",""
"https://amphon.co.th/%E0%B8%9A%E0%B8%A3%E0%B8%B4%E0%B8%81%E0%B8%B2%E0%B8%A3/%E0%B8%A3%E0%B8%B1%E0%B8%9A%E0%B8%8B%E0%B8%B7%E0%B9%89%E0%B8%AD%E0%B8%84%E0%B8%AD%E0%B8%A1%E0%B8%A2%E0%B8%81%E0%B8%A5%E0%B9%87%E0%B8%AD%E0%B8%95","200","0","https://amphon.co.th/%E0%B8%9A%E0%B8%A3%E0%B8%B4%E0%B8%81%E0%B8%B2%E0%B8%A3/%E0%B8%A3%E0%B8%B1%E0%B8%9A%E0%B8%8B%E0%B8%B7%E0%B9%89%E0%B8%AD%E0%B8%84%E0%B8%AD%E0%B8%A1%E0%B8%A2%E0%B8%81%E0%B8%A5%E0%B9%87%E0%B8%AD%E0%B8%95","https://amphon.co.th/บริการ/รับซื้อคอมยกล็อต","Yes","PASS",""
"https://amphon.co.th/%E0%B8%9A%E0%B8%A3%E0%B8%B4%E0%B8%81%E0%B8%B2%E0%B8%A3/%E0%B8%A3%E0%B8%B1%E0%B8%9A%E0%B8%8B%E0%B8%B7%E0%B9%89%E0%B8%AD%E0%B8%84%E0%B8%AD%E0%B8%A1%E0%B8%A3%E0%B9%89%E0%B8%B2%E0%B8%99%E0%B9%80%E0%B8%81%E0%B8%A1","200","0","https://amphon.co.th/%E0%B8%9A%E0%B8%A3%E0%B8%B4%E0%B8%81%E0%B8%B2%E0%B8%A3/%E0%B8%A3%E0%B8%B1%E0%B8%9A%E0%B8%8B%E0%B8%B7%E0%B9%89%E0%B8%AD%E0%B8%84%E0%B8%AD%E0%B8%A1%E0%B8%A3%E0%B9%89%E0%B8%B2%E0%B8%99%E0%B9%80%E0%B8%81%E0%B8%A1","https://amphon.co.th/บริการ/รับซื้อคอมร้านเกม","Yes","PASS",""
"https://amphon.co.th/%E0%B8%9A%E0%B8%A3%E0%B8%B4%E0%B8%81%E0%B8%B2%E0%B8%A3/%E0%B8%A3%E0%B8%B1%E0%B8%9A%E0%B8%8B%E0%B8%B7%E0%B9%89%E0%B8%AD%E0%B8%84%E0%B8%AD%E0%B8%A1%E0%B8%AA%E0%B8%95%E0%B8%A3%E0%B8%B5%E0%B8%A1%E0%B9%80%E0%B8%81%E0%B8%A1","200","0","https://amphon.co.th/%E0%B8%9A%E0%B8%A3%E0%B8%B4%E0%B8%81%E0%B8%B2%E0%B8%A3/%E0%B8%A3%E0%B8%B1%E0%B8%9A%E0%B8%8B%E0%B8%B7%E0%B9%89%E0%B8%AD%E0%B8%84%E0%B8%AD%E0%B8%A1%E0%B8%AA%E0%B8%95%E0%B8%A3%E0%B8%B5%E0%B8%A1%E0%B9%80%E0%B8%81%E0%B8%A1","https://amphon.co.th/บริการ/รับซื้อคอมสตรีมเกม","Yes","PASS",""
"https://amphon.co.th/%E0%B8%9A%E0%B8%A3%E0%B8%B4%E0%B8%81%E0%B8%B2%E0%B8%A3/%E0%B8%A3%E0%B8%B1%E0%B8%9A%E0%B8%8B%E0%B8%B7%E0%B9%89%E0%B8%AD%E0%B8%84%E0%B8%AD%E0%B8%A1%E0%B8%AA%E0%B8%B3%E0%B8%99%E0%B8%B1%E0%B8%81%E0%B8%87%E0%B8%B2%E0%B8%99","200","0","https://amphon.co.th/%E0%B8%9A%E0%B8%A3%E0%B8%B4%E0%B8%81%E0%B8%B2%E0%B8%A3/%E0%B8%A3%E0%B8%B1%E0%B8%9A%E0%B8%8B%E0%B8%B7%E0%B9%89%E0%B8%AD%E0%B8%84%E0%B8%AD%E0%B8%A1%E0%B8%AA%E0%B8%B3%E0%B8%99%E0%B8%B1%E0%B8%81%E0%B8%87%E0%B8%B2%E0%B8%99","https://amphon.co.th/บริการ/รับซื้อคอมสำนักงาน","Yes","PASS",""
"https://amphon.co.th/%E0%B8%9A%E0%B8%A3%E0%B8%B4%E0%B8%81%E0%B8%B2%E0%B8%A3/%E0%B8%A3%E0%B8%B1%E0%B8%9A%E0%B8%8B%E0%B8%B7%E0%B9%89%E0%B8%AD%E0%B8%84%E0%B8%AD%E0%B8%A1%E0%B8%AA%E0%B9%80%E0%B8%9B%E0%B8%81%E0%B8%AA%E0%B8%B9%E0%B8%87","200","0","https://amphon.co.th/%E0%B8%9A%E0%B8%A3%E0%B8%B4%E0%B8%81%E0%B8%B2%E0%B8%A3/%E0%B8%A3%E0%B8%B1%E0%B8%9A%E0%B8%8B%E0%B8%B7%E0%B9%89%E0%B8%AD%E0%B8%84%E0%B8%AD%E0%B8%A1%E0%B8%AA%E0%B9%80%E0%B8%9B%E0%B8%81%E0%B8%AA%E0%B8%B9%E0%B8%87","https://amphon.co.th/บริการ/รับซื้อคอมสเปกสูง","Yes","PASS",""
"https://amphon.co.th/%E0%B8%9A%E0%B8%A3%E0%B8%B4%E0%B8%81%E0%B8%B2%E0%B8%A3/%E0%B8%A3%E0%B8%B1%E0%B8%9A%E0%B8%8B%E0%B8%B7%E0%B9%89%E0%B8%AD%E0%B8%84%E0%B8%AD%E0%B8%A1%E0%B9%80%E0%B8%81%E0%B8%A1%E0%B8%A1%E0%B8%B4%E0%B9%88%E0%B8%87","200","0","https://amphon.co.th/%E0%B8%9A%E0%B8%A3%E0%B8%B4%E0%B8%81%E0%B8%B2%E0%B8%A3/%E0%B8%A3%E0%B8%B1%E0%B8%9A%E0%B8%8B%E0%B8%B7%E0%B9%89%E0%B8%AD%E0%B8%84%E0%B8%AD%E0%B8%A1%E0%B9%80%E0%B8%81%E0%B8%A1%E0%B8%A1%E0%B8%B4%E0%B9%88%E0%B8%87","https://amphon.co.th/บริการ/รับซื้อคอมเกมมิ่ง","Yes","PASS",""
"https://amphon.co.th/%E0%B8%9A%E0%B8%A3%E0%B8%B4%E0%B8%81%E0%B8%B2%E0%B8%A3/%E0%B8%A3%E0%B8%B1%E0%B8%9A%E0%B8%8B%E0%B8%B7%E0%B9%89%E0%B8%AD%E0%B8%84%E0%B8%AD%E0%B8%A1%E0%B9%80%E0%B8%A5%E0%B9%88%E0%B8%99%E0%B9%80%E0%B8%81%E0%B8%A1%E0%B8%AA%E0%B9%80%E0%B8%9B%E0%B8%81%E0%B9%81%E0%B8%A3%E0%B8%87","200","0","https://amphon.co.th/%E0%B8%9A%E0%B8%A3%E0%B8%B4%E0%B8%81%E0%B8%B2%E0%B8%A3/%E0%B8%A3%E0%B8%B1%E0%B8%9A%E0%B8%8B%E0%B8%B7%E0%B9%89%E0%B8%AD%E0%B8%84%E0%B8%AD%E0%B8%A1%E0%B9%80%E0%B8%A5%E0%B9%88%E0%B8%99%E0%B9%80%E0%B8%81%E0%B8%A1%E0%B8%AA%E0%B9%80%E0%B8%9B%E0%B8%81%E0%B9%81%E0%B8%A3%E0%B8%87","https://amphon.co.th/บริการ/รับซื้อคอมเล่นเกมสเปกแรง","Yes","PASS",""
"https://amphon.co.th/%E0%B8%9A%E0%B8%A3%E0%B8%B4%E0%B8%81%E0%B8%B2%E0%B8%A3/%E0%B8%A3%E0%B8%B1%E0%B8%9A%E0%B8%8B%E0%B8%B7%E0%B9%89%E0%B8%AD%E0%B8%84%E0%B8%AD%E0%B8%A1%E0%B9%80%E0%B8%AA%E0%B8%B5%E0%B8%A2","200","0","https://amphon.co.th/%E0%B8%9A%E0%B8%A3%E0%B8%B4%E0%B8%81%E0%B8%B2%E0%B8%A3/%E0%B8%A3%E0%B8%B1%E0%B8%9A%E0%B8%8B%E0%B8%B7%E0%B9%89%E0%B8%AD%E0%B8%84%E0%B8%AD%E0%B8%A1%E0%B9%80%E0%B8%AA%E0%B8%B5%E0%B8%A2","https://amphon.co.th/บริการ/รับซื้อคอมเสีย","Yes","PASS",""
"https://amphon.co.th/%E0%B8%9A%E0%B8%A3%E0%B8%B4%E0%B8%81%E0%B8%B2%E0%B8%A3/%E0%B8%A3%E0%B8%B1%E0%B8%9A%E0%B8%8B%E0%B8%B7%E0%B9%89%E0%B8%AD%E0%B8%88%E0%B8%AD%E0%B8%84%E0%B8%AD%E0%B8%A1","200","0","https://amphon.co.th/%E0%B8%9A%E0%B8%A3%E0%B8%B4%E0%B8%81%E0%B8%B2%E0%B8%A3/%E0%B8%A3%E0%B8%B1%E0%B8%9A%E0%B8%8B%E0%B8%B7%E0%B9%89%E0%B8%AD%E0%B8%88%E0%B8%AD%E0%B8%84%E0%B8%AD%E0%B8%A1","https://amphon.co.th/บริการ/รับซื้อจอคอม","Yes","PASS",""
"https://amphon.co.th/%E0%B8%9A%E0%B8%A3%E0%B8%B4%E0%B8%81%E0%B8%B2%E0%B8%A3/%E0%B8%A3%E0%B8%B1%E0%B8%9A%E0%B8%8B%E0%B8%B7%E0%B9%89%E0%B8%AD%E0%B8%88%E0%B8%AD%E0%B9%80%E0%B8%81%E0%B8%A1%E0%B8%A1%E0%B8%B4%E0%B9%88%E0%B8%87","200","0","https://amphon.co.th/%E0%B8%9A%E0%B8%A3%E0%B8%B4%E0%B8%81%E0%B8%B2%E0%B8%A3/%E0%B8%A3%E0%B8%B1%E0%B8%9A%E0%B8%8B%E0%B8%B7%E0%B9%89%E0%B8%AD%E0%B8%88%E0%B8%AD%E0%B9%80%E0%B8%81%E0%B8%A1%E0%B8%A1%E0%B8%B4%E0%B9%88%E0%B8%87","https://amphon.co.th/บริการ/รับซื้อจอเกมมิ่ง","Yes","PASS",""
"https://amphon.co.th/%E0%B8%9A%E0%B8%A3%E0%B8%B4%E0%B8%81%E0%B8%B2%E0%B8%A3/%E0%B8%A3%E0%B8%B1%E0%B8%9A%E0%B8%8B%E0%B8%B7%E0%B9%89%E0%B8%AD%E0%B8%97%E0%B8%B5%E0%B8%A7%E0%B8%B5","200","0","https://amphon.co.th/%E0%B8%9A%E0%B8%A3%E0%B8%B4%E0%B8%81%E0%B8%B2%E0%B8%A3/%E0%B8%A3%E0%B8%B1%E0%B8%9A%E0%B8%8B%E0%B8%B7%E0%B9%89%E0%B8%AD%E0%B8%97%E0%B8%B5%E0%B8%A7%E0%B8%B5","https://amphon.co.th/บริการ/รับซื้อทีวี","Yes","PASS",""
"https://amphon.co.th/%E0%B8%9A%E0%B8%A3%E0%B8%B4%E0%B8%81%E0%B8%B2%E0%B8%A3/%E0%B8%A3%E0%B8%B1%E0%B8%9A%E0%B8%8B%E0%B8%B7%E0%B9%89%E0%B8%AD%E0%B8%A1%E0%B8%B7%E0%B8%AD%E0%B8%96%E0%B8%B7%E0%B8%AD","200","0","https://amphon.co.th/%E0%B8%9A%E0%B8%A3%E0%B8%B4%E0%B8%81%E0%B8%B2%E0%B8%A3/%E0%B8%A3%E0%B8%B1%E0%B8%9A%E0%B8%8B%E0%B8%B7%E0%B9%89%E0%B8%AD%E0%B8%A1%E0%B8%B7%E0%B8%AD%E0%B8%96%E0%B8%B7%E0%B8%AD","https://amphon.co.th/บริการ/รับซื้อมือถือ","Yes","PASS",""
"https://amphon.co.th/%E0%B8%9A%E0%B8%A3%E0%B8%B4%E0%B8%81%E0%B8%B2%E0%B8%A3/%E0%B8%A3%E0%B8%B1%E0%B8%9A%E0%B8%8B%E0%B8%B7%E0%B9%89%E0%B8%AD%E0%B8%A5%E0%B8%B3%E0%B9%82%E0%B8%9E%E0%B8%87%E0%B8%9A%E0%B8%A5%E0%B8%B9%E0%B8%97%E0%B8%B9%E0%B8%98","200","0","https://amphon.co.th/%E0%B8%9A%E0%B8%A3%E0%B8%B4%E0%B8%81%E0%B8%B2%E0%B8%A3/%E0%B8%A3%E0%B8%B1%E0%B8%9A%E0%B8%8B%E0%B8%B7%E0%B9%89%E0%B8%AD%E0%B8%A5%E0%B8%B3%E0%B9%82%E0%B8%9E%E0%B8%87%E0%B8%9A%E0%B8%A5%E0%B8%B9%E0%B8%97%E0%B8%B9%E0%B8%98","https://amphon.co.th/บริการ/รับซื้อลำโพงบลูทูธ","Yes","PASS",""
"https://amphon.co.th/%E0%B8%9A%E0%B8%A3%E0%B8%B4%E0%B8%81%E0%B8%B2%E0%B8%A3/%E0%B8%A3%E0%B8%B1%E0%B8%9A%E0%B8%8B%E0%B8%B7%E0%B9%89%E0%B8%AD%E0%B8%AB%E0%B8%B9%E0%B8%9F%E0%B8%B1%E0%B8%87","200","0","https://amphon.co.th/%E0%B8%9A%E0%B8%A3%E0%B8%B4%E0%B8%81%E0%B8%B2%E0%B8%A3/%E0%B8%A3%E0%B8%B1%E0%B8%9A%E0%B8%8B%E0%B8%B7%E0%B9%89%E0%B8%AD%E0%B8%AB%E0%B8%B9%E0%B8%9F%E0%B8%B1%E0%B8%87","https://amphon.co.th/บริการ/รับซื้อหูฟัง","Yes","PASS",""
"https://amphon.co.th/%E0%B8%9A%E0%B8%A3%E0%B8%B4%E0%B8%81%E0%B8%B2%E0%B8%A3/%E0%B8%A3%E0%B8%B1%E0%B8%9A%E0%B8%8B%E0%B8%B7%E0%B9%89%E0%B8%AD%E0%B8%AD%E0%B8%B8%E0%B8%9B%E0%B8%81%E0%B8%A3%E0%B8%93%E0%B9%8C-network","200","0","https://amphon.co.th/%E0%B8%9A%E0%B8%A3%E0%B8%B4%E0%B8%81%E0%B8%B2%E0%B8%A3/%E0%B8%A3%E0%B8%B1%E0%B8%9A%E0%B8%8B%E0%B8%B7%E0%B9%89%E0%B8%AD%E0%B8%AD%E0%B8%B8%E0%B8%9B%E0%B8%81%E0%B8%A3%E0%B8%93%E0%B9%8C-network","https://amphon.co.th/บริการ/รับซื้ออุปกรณ์-network","Yes","PASS",""
"https://amphon.co.th/%E0%B8%9A%E0%B8%A3%E0%B8%B4%E0%B8%81%E0%B8%B2%E0%B8%A3/%E0%B8%A3%E0%B8%B1%E0%B8%9A%E0%B8%8B%E0%B8%B7%E0%B9%89%E0%B8%AD%E0%B8%AD%E0%B8%B8%E0%B8%9B%E0%B8%81%E0%B8%A3%E0%B8%93%E0%B9%8C%E0%B8%84%E0%B8%AD%E0%B8%A1%E0%B8%9E%E0%B8%B4%E0%B8%A7%E0%B9%80%E0%B8%95%E0%B8%AD%E0%B8%A3%E0%B9%8C","200","0","https://amphon.co.th/%E0%B8%9A%E0%B8%A3%E0%B8%B4%E0%B8%81%E0%B8%B2%E0%B8%A3/%E0%B8%A3%E0%B8%B1%E0%B8%9A%E0%B8%8B%E0%B8%B7%E0%B9%89%E0%B8%AD%E0%B8%AD%E0%B8%B8%E0%B8%9B%E0%B8%81%E0%B8%A3%E0%B8%93%E0%B9%8C%E0%B8%84%E0%B8%AD%E0%B8%A1%E0%B8%9E%E0%B8%B4%E0%B8%A7%E0%B9%80%E0%B8%95%E0%B8%AD%E0%B8%A3%E0%B9%8C","https://amphon.co.th/บริการ/รับซื้ออุปกรณ์คอมพิวเตอร์","Yes","PASS",""
"https://amphon.co.th/%E0%B8%9A%E0%B8%A3%E0%B8%B4%E0%B8%81%E0%B8%B2%E0%B8%A3/%E0%B8%A3%E0%B8%B1%E0%B8%9A%E0%B8%8B%E0%B8%B7%E0%B9%89%E0%B8%AD%E0%B8%AD%E0%B8%B8%E0%B8%9B%E0%B8%81%E0%B8%A3%E0%B8%93%E0%B9%8C%E0%B8%AA%E0%B8%B3%E0%B8%99%E0%B8%B1%E0%B8%81%E0%B8%87%E0%B8%B2%E0%B8%99%E0%B8%A1%E0%B8%B7%E0%B8%AD%E0%B8%AA%E0%B8%AD%E0%B8%87","200","0","https://amphon.co.th/%E0%B8%9A%E0%B8%A3%E0%B8%B4%E0%B8%81%E0%B8%B2%E0%B8%A3/%E0%B8%A3%E0%B8%B1%E0%B8%9A%E0%B8%8B%E0%B8%B7%E0%B9%89%E0%B8%AD%E0%B8%AD%E0%B8%B8%E0%B8%9B%E0%B8%81%E0%B8%A3%E0%B8%93%E0%B9%8C%E0%B8%AA%E0%B8%B3%E0%B8%99%E0%B8%B1%E0%B8%81%E0%B8%87%E0%B8%B2%E0%B8%99%E0%B8%A1%E0%B8%B7%E0%B8%AD%E0%B8%AA%E0%B8%AD%E0%B8%87","https://amphon.co.th/บริการ/รับซื้ออุปกรณ์สำนักงานมือสอง","Yes","PASS",""
"https://amphon.co.th/%E0%B8%9A%E0%B8%A3%E0%B8%B4%E0%B8%81%E0%B8%B2%E0%B8%A3/%E0%B8%A3%E0%B8%B1%E0%B8%9A%E0%B8%8B%E0%B8%B7%E0%B9%89%E0%B8%AD%E0%B8%AD%E0%B8%B8%E0%B8%9B%E0%B8%81%E0%B8%A3%E0%B8%93%E0%B9%8C%E0%B9%84%E0%B8%AD%E0%B8%97%E0%B8%B5","200","0","https://amphon.co.th/%E0%B8%9A%E0%B8%A3%E0%B8%B4%E0%B8%81%E0%B8%B2%E0%B8%A3/%E0%B8%A3%E0%B8%B1%E0%B8%9A%E0%B8%8B%E0%B8%B7%E0%B9%89%E0%B8%AD%E0%B8%AD%E0%B8%B8%E0%B8%9B%E0%B8%81%E0%B8%A3%E0%B8%93%E0%B9%8C%E0%B9%84%E0%B8%AD%E0%B8%97%E0%B8%B5","https://amphon.co.th/บริการ/รับซื้ออุปกรณ์ไอที","Yes","PASS",""
"https://amphon.co.th/%E0%B8%9A%E0%B8%A3%E0%B8%B4%E0%B8%81%E0%B8%B2%E0%B8%A3/%E0%B8%A3%E0%B8%B1%E0%B8%9A%E0%B8%8B%E0%B8%B7%E0%B9%89%E0%B8%AD%E0%B8%AD%E0%B8%B8%E0%B8%9B%E0%B8%81%E0%B8%A3%E0%B8%93%E0%B9%8C%E0%B9%84%E0%B8%AD%E0%B8%97%E0%B8%B5%E0%B8%9A%E0%B8%A3%E0%B8%B4%E0%B8%A9%E0%B8%B1%E0%B8%97","200","0","https://amphon.co.th/%E0%B8%9A%E0%B8%A3%E0%B8%B4%E0%B8%81%E0%B8%B2%E0%B8%A3/%E0%B8%A3%E0%B8%B1%E0%B8%9A%E0%B8%8B%E0%B8%B7%E0%B9%89%E0%B8%AD%E0%B8%AD%E0%B8%B8%E0%B8%9B%E0%B8%81%E0%B8%A3%E0%B8%93%E0%B9%8C%E0%B9%84%E0%B8%AD%E0%B8%97%E0%B8%B5%E0%B8%9A%E0%B8%A3%E0%B8%B4%E0%B8%A9%E0%B8%B1%E0%B8%97","https://amphon.co.th/บริการ/รับซื้ออุปกรณ์ไอทีบริษัท","Yes","PASS",""
"https://amphon.co.th/%E0%B8%9A%E0%B8%A3%E0%B8%B4%E0%B8%81%E0%B8%B2%E0%B8%A3/%E0%B8%A3%E0%B8%B1%E0%B8%9A%E0%B8%8B%E0%B8%B7%E0%B9%89%E0%B8%AD%E0%B9%80%E0%B8%9F%E0%B8%AD%E0%B8%A3%E0%B9%8C%E0%B8%99%E0%B8%B4%E0%B9%80%E0%B8%88%E0%B8%AD%E0%B8%A3%E0%B9%8C","200","0","https://amphon.co.th/%E0%B8%9A%E0%B8%A3%E0%B8%B4%E0%B8%81%E0%B8%B2%E0%B8%A3/%E0%B8%A3%E0%B8%B1%E0%B8%9A%E0%B8%8B%E0%B8%B7%E0%B9%89%E0%B8%AD%E0%B9%80%E0%B8%9F%E0%B8%AD%E0%B8%A3%E0%B9%8C%E0%B8%99%E0%B8%B4%E0%B9%80%E0%B8%88%E0%B8%AD%E0%B8%A3%E0%B9%8C","https://amphon.co.th/บริการ/รับซื้อเฟอร์นิเจอร์","Yes","PASS",""
"https://amphon.co.th/%E0%B8%9A%E0%B8%A3%E0%B8%B4%E0%B8%81%E0%B8%B2%E0%B8%A3/%E0%B8%A3%E0%B8%B1%E0%B8%9A%E0%B8%8B%E0%B8%B7%E0%B9%89%E0%B8%AD%E0%B9%80%E0%B8%84%E0%B8%A3%E0%B8%B7%E0%B9%88%E0%B8%AD%E0%B8%87%E0%B9%80%E0%B8%81%E0%B8%A1","200","0","https://amphon.co.th/%E0%B8%9A%E0%B8%A3%E0%B8%B4%E0%B8%81%E0%B8%B2%E0%B8%A3/%E0%B8%A3%E0%B8%B1%E0%B8%9A%E0%B8%8B%E0%B8%B7%E0%B9%89%E0%B8%AD%E0%B9%80%E0%B8%84%E0%B8%A3%E0%B8%B7%E0%B9%88%E0%B8%AD%E0%B8%87%E0%B9%80%E0%B8%81%E0%B8%A1","https://amphon.co.th/บริการ/รับซื้อเครื่องเกม","Yes","PASS",""
"https://amphon.co.th/%E0%B8%9A%E0%B8%A3%E0%B8%B4%E0%B8%81%E0%B8%B2%E0%B8%A3/%E0%B8%A3%E0%B8%B1%E0%B8%9A%E0%B8%8B%E0%B8%B7%E0%B9%89%E0%B8%AD%E0%B9%80%E0%B8%84%E0%B8%A3%E0%B8%B7%E0%B9%88%E0%B8%AD%E0%B8%87%E0%B9%83%E0%B8%8A%E0%B9%89%E0%B9%84%E0%B8%9F%E0%B8%9F%E0%B9%89%E0%B8%B2","200","0","https://amphon.co.th/%E0%B8%9A%E0%B8%A3%E0%B8%B4%E0%B8%81%E0%B8%B2%E0%B8%A3/%E0%B8%A3%E0%B8%B1%E0%B8%9A%E0%B8%8B%E0%B8%B7%E0%B9%89%E0%B8%AD%E0%B9%80%E0%B8%84%E0%B8%A3%E0%B8%B7%E0%B9%88%E0%B8%AD%E0%B8%87%E0%B9%83%E0%B8%8A%E0%B9%89%E0%B9%84%E0%B8%9F%E0%B8%9F%E0%B9%89%E0%B8%B2","https://amphon.co.th/บริการ/รับซื้อเครื่องใช้ไฟฟ้า","Yes","PASS",""
"https://amphon.co.th/%E0%B8%9A%E0%B8%A3%E0%B8%B4%E0%B8%81%E0%B8%B2%E0%B8%A3/%E0%B8%A3%E0%B8%B1%E0%B8%9A%E0%B8%8B%E0%B8%B7%E0%B9%89%E0%B8%AD%E0%B9%80%E0%B8%A1%E0%B8%99%E0%B8%9A%E0%B8%AD%E0%B8%A3%E0%B9%8C%E0%B8%94","200","0","https://amphon.co.th/%E0%B8%9A%E0%B8%A3%E0%B8%B4%E0%B8%81%E0%B8%B2%E0%B8%A3/%E0%B8%A3%E0%B8%B1%E0%B8%9A%E0%B8%8B%E0%B8%B7%E0%B9%89%E0%B8%AD%E0%B9%80%E0%B8%A1%E0%B8%99%E0%B8%9A%E0%B8%AD%E0%B8%A3%E0%B9%8C%E0%B8%94","https://amphon.co.th/บริการ/รับซื้อเมนบอร์ด","Yes","PASS",""
"https://amphon.co.th/%E0%B8%9A%E0%B8%A3%E0%B8%B4%E0%B8%81%E0%B8%B2%E0%B8%A3/%E0%B8%A3%E0%B8%B1%E0%B8%9A%E0%B8%8B%E0%B8%B7%E0%B9%89%E0%B8%AD%E0%B9%80%E0%B8%A5%E0%B8%99%E0%B8%AA%E0%B9%8C%E0%B8%81%E0%B8%A5%E0%B9%89%E0%B8%AD%E0%B8%87","200","0","https://amphon.co.th/%E0%B8%9A%E0%B8%A3%E0%B8%B4%E0%B8%81%E0%B8%B2%E0%B8%A3/%E0%B8%A3%E0%B8%B1%E0%B8%9A%E0%B8%8B%E0%B8%B7%E0%B9%89%E0%B8%AD%E0%B9%80%E0%B8%A5%E0%B8%99%E0%B8%AA%E0%B9%8C%E0%B8%81%E0%B8%A5%E0%B9%89%E0%B8%AD%E0%B8%87","https://amphon.co.th/บริการ/รับซื้อเลนส์กล้อง","Yes","PASS",""
"https://amphon.co.th/%E0%B8%9A%E0%B8%A3%E0%B8%B4%E0%B8%81%E0%B8%B2%E0%B8%A3/%E0%B8%A3%E0%B8%B1%E0%B8%9A%E0%B8%8B%E0%B8%B7%E0%B9%89%E0%B8%AD%E0%B9%81%E0%B8%97%E0%B9%87%E0%B8%9A%E0%B9%80%E0%B8%A5%E0%B9%87%E0%B8%95","200","0","https://amphon.co.th/%E0%B8%9A%E0%B8%A3%E0%B8%B4%E0%B8%81%E0%B8%B2%E0%B8%A3/%E0%B8%A3%E0%B8%B1%E0%B8%9A%E0%B8%8B%E0%B8%B7%E0%B9%89%E0%B8%AD%E0%B9%81%E0%B8%97%E0%B9%87%E0%B8%9A%E0%B9%80%E0%B8%A5%E0%B9%87%E0%B8%95","https://amphon.co.th/บริการ/รับซื้อแท็บเล็ต","Yes","PASS",""
"https://amphon.co.th/%E0%B8%9A%E0%B8%A3%E0%B8%B4%E0%B8%81%E0%B8%B2%E0%B8%A3/%E0%B8%A3%E0%B8%B1%E0%B8%9A%E0%B8%8B%E0%B8%B7%E0%B9%89%E0%B8%AD%E0%B9%81%E0%B8%A3%E0%B8%A1","200","0","https://amphon.co.th/%E0%B8%9A%E0%B8%A3%E0%B8%B4%E0%B8%81%E0%B8%B2%E0%B8%A3/%E0%B8%A3%E0%B8%B1%E0%B8%9A%E0%B8%8B%E0%B8%B7%E0%B9%89%E0%B8%AD%E0%B9%81%E0%B8%A3%E0%B8%A1","https://amphon.co.th/บริการ/รับซื้อแรม","Yes","PASS",""
"https://amphon.co.th/%E0%B8%9A%E0%B8%A3%E0%B8%B4%E0%B8%81%E0%B8%B2%E0%B8%A3/%E0%B8%A3%E0%B8%B1%E0%B8%9A%E0%B8%8B%E0%B8%B7%E0%B9%89%E0%B8%AD%E0%B9%82%E0%B8%94%E0%B8%A3%E0%B8%99","200","0","https://amphon.co.th/%E0%B8%9A%E0%B8%A3%E0%B8%B4%E0%B8%81%E0%B8%B2%E0%B8%A3/%E0%B8%A3%E0%B8%B1%E0%B8%9A%E0%B8%8B%E0%B8%B7%E0%B9%89%E0%B8%AD%E0%B9%82%E0%B8%94%E0%B8%A3%E0%B8%99","https://amphon.co.th/บริการ/รับซื้อโดรน","Yes","PASS",""
"https://amphon.co.th/%E0%B8%9A%E0%B8%A3%E0%B8%B4%E0%B8%81%E0%B8%B2%E0%B8%A3/%E0%B8%A3%E0%B8%B1%E0%B8%9A%E0%B8%8B%E0%B8%B7%E0%B9%89%E0%B8%AD%E0%B9%82%E0%B8%97%E0%B8%A3%E0%B8%A8%E0%B8%B1%E0%B8%9E%E0%B8%97%E0%B9%8C%E0%B8%A1%E0%B8%B7%E0%B8%AD%E0%B8%AA%E0%B8%AD%E0%B8%87","200","0","https://amphon.co.th/%E0%B8%9A%E0%B8%A3%E0%B8%B4%E0%B8%81%E0%B8%B2%E0%B8%A3/%E0%B8%A3%E0%B8%B1%E0%B8%9A%E0%B8%8B%E0%B8%B7%E0%B9%89%E0%B8%AD%E0%B9%82%E0%B8%97%E0%B8%A3%E0%B8%A8%E0%B8%B1%E0%B8%9E%E0%B8%97%E0%B9%8C%E0%B8%A1%E0%B8%B7%E0%B8%AD%E0%B8%AA%E0%B8%AD%E0%B8%87","https://amphon.co.th/บริการ/รับซื้อโทรศัพท์มือสอง","Yes","PASS",""
"https://amphon.co.th/%E0%B8%9A%E0%B8%A3%E0%B8%B4%E0%B8%81%E0%B8%B2%E0%B8%A3/%E0%B8%A3%E0%B8%B1%E0%B8%9A%E0%B8%8B%E0%B8%B7%E0%B9%89%E0%B8%AD%E0%B9%82%E0%B8%97%E0%B8%A3%E0%B8%A8%E0%B8%B1%E0%B8%9E%E0%B8%97%E0%B9%8C%E0%B9%80%E0%B8%AA%E0%B8%B5%E0%B8%A2","200","0","https://amphon.co.th/%E0%B8%9A%E0%B8%A3%E0%B8%B4%E0%B8%81%E0%B8%B2%E0%B8%A3/%E0%B8%A3%E0%B8%B1%E0%B8%9A%E0%B8%8B%E0%B8%B7%E0%B9%89%E0%B8%AD%E0%B9%82%E0%B8%97%E0%B8%A3%E0%B8%A8%E0%B8%B1%E0%B8%9E%E0%B8%97%E0%B9%8C%E0%B9%80%E0%B8%AA%E0%B8%B5%E0%B8%A2","https://amphon.co.th/บริการ/รับซื้อโทรศัพท์เสีย","Yes","PASS",""
"https://amphon.co.th/%E0%B8%9A%E0%B8%A3%E0%B8%B4%E0%B8%81%E0%B8%B2%E0%B8%A3/%E0%B8%A3%E0%B8%B1%E0%B8%9A%E0%B8%8B%E0%B8%B7%E0%B9%89%E0%B8%AD%E0%B9%82%E0%B8%99%E0%B9%8A%E0%B8%95%E0%B8%9A%E0%B8%B8%E0%B9%8A%E0%B8%84","200","0","https://amphon.co.th/%E0%B8%9A%E0%B8%A3%E0%B8%B4%E0%B8%81%E0%B8%B2%E0%B8%A3/%E0%B8%A3%E0%B8%B1%E0%B8%9A%E0%B8%8B%E0%B8%B7%E0%B9%89%E0%B8%AD%E0%B9%82%E0%B8%99%E0%B9%8A%E0%B8%95%E0%B8%9A%E0%B8%B8%E0%B9%8A%E0%B8%84","https://amphon.co.th/บริการ/รับซื้อโน๊ตบุ๊ค","Yes","PASS",""
"https://amphon.co.th/%E0%B8%9A%E0%B8%A3%E0%B8%B4%E0%B8%81%E0%B8%B2%E0%B8%A3/%E0%B8%A3%E0%B8%B1%E0%B8%9A%E0%B8%8B%E0%B8%B7%E0%B9%89%E0%B8%AD%E0%B9%82%E0%B8%99%E0%B9%8A%E0%B8%95%E0%B8%9A%E0%B8%B8%E0%B9%8A%E0%B8%84%E0%B8%9A%E0%B8%A3%E0%B8%B4%E0%B8%A9%E0%B8%B1%E0%B8%97","200","0","https://amphon.co.th/%E0%B8%9A%E0%B8%A3%E0%B8%B4%E0%B8%81%E0%B8%B2%E0%B8%A3/%E0%B8%A3%E0%B8%B1%E0%B8%9A%E0%B8%8B%E0%B8%B7%E0%B9%89%E0%B8%AD%E0%B9%82%E0%B8%99%E0%B9%8A%E0%B8%95%E0%B8%9A%E0%B8%B8%E0%B9%8A%E0%B8%84%E0%B8%9A%E0%B8%A3%E0%B8%B4%E0%B8%A9%E0%B8%B1%E0%B8%97","https://amphon.co.th/บริการ/รับซื้อโน๊ตบุ๊คบริษัท","Yes","PASS",""
"https://amphon.co.th/%E0%B8%9A%E0%B8%A3%E0%B8%B4%E0%B8%81%E0%B8%B2%E0%B8%A3/%E0%B8%A3%E0%B8%B1%E0%B8%9A%E0%B8%8B%E0%B8%B7%E0%B9%89%E0%B8%AD%E0%B9%82%E0%B8%99%E0%B9%8A%E0%B8%95%E0%B8%9A%E0%B8%B8%E0%B9%8A%E0%B8%84%E0%B8%88%E0%B8%AD%E0%B9%81%E0%B8%95%E0%B8%81","200","0","https://amphon.co.th/%E0%B8%9A%E0%B8%A3%E0%B8%B4%E0%B8%81%E0%B8%B2%E0%B8%A3/%E0%B8%A3%E0%B8%B1%E0%B8%9A%E0%B8%8B%E0%B8%B7%E0%B9%89%E0%B8%AD%E0%B9%82%E0%B8%99%E0%B9%8A%E0%B8%95%E0%B8%9A%E0%B8%B8%E0%B9%8A%E0%B8%84%E0%B8%88%E0%B8%AD%E0%B9%81%E0%B8%95%E0%B8%81","https://amphon.co.th/บริการ/รับซื้อโน๊ตบุ๊คจอแตก","Yes","PASS",""
"https://amphon.co.th/%E0%B8%9A%E0%B8%A3%E0%B8%B4%E0%B8%81%E0%B8%B2%E0%B8%A3/%E0%B8%A3%E0%B8%B1%E0%B8%9A%E0%B8%8B%E0%B8%B7%E0%B9%89%E0%B8%AD%E0%B9%82%E0%B8%99%E0%B9%8A%E0%B8%95%E0%B8%9A%E0%B8%B8%E0%B9%8A%E0%B8%84%E0%B8%A2%E0%B8%81%E0%B8%A5%E0%B9%87%E0%B8%AD%E0%B8%95","200","0","https://amphon.co.th/%E0%B8%9A%E0%B8%A3%E0%B8%B4%E0%B8%81%E0%B8%B2%E0%B8%A3/%E0%B8%A3%E0%B8%B1%E0%B8%9A%E0%B8%8B%E0%B8%B7%E0%B9%89%E0%B8%AD%E0%B9%82%E0%B8%99%E0%B9%8A%E0%B8%95%E0%B8%9A%E0%B8%B8%E0%B9%8A%E0%B8%84%E0%B8%A2%E0%B8%81%E0%B8%A5%E0%B9%87%E0%B8%AD%E0%B8%95","https://amphon.co.th/บริการ/รับซื้อโน๊ตบุ๊คยกล็อต","Yes","PASS",""
"https://amphon.co.th/%E0%B8%9A%E0%B8%A3%E0%B8%B4%E0%B8%81%E0%B8%B2%E0%B8%A3/%E0%B8%A3%E0%B8%B1%E0%B8%9A%E0%B8%8B%E0%B8%B7%E0%B9%89%E0%B8%AD%E0%B9%82%E0%B8%99%E0%B9%8A%E0%B8%95%E0%B8%9A%E0%B8%B8%E0%B9%8A%E0%B8%84%E0%B9%80%E0%B8%9B%E0%B8%B4%E0%B8%94%E0%B9%84%E0%B8%A1%E0%B9%88%E0%B8%95%E0%B8%B4%E0%B8%94","200","0","https://amphon.co.th/%E0%B8%9A%E0%B8%A3%E0%B8%B4%E0%B8%81%E0%B8%B2%E0%B8%A3/%E0%B8%A3%E0%B8%B1%E0%B8%9A%E0%B8%8B%E0%B8%B7%E0%B9%89%E0%B8%AD%E0%B9%82%E0%B8%99%E0%B9%8A%E0%B8%95%E0%B8%9A%E0%B8%B8%E0%B9%8A%E0%B8%84%E0%B9%80%E0%B8%9B%E0%B8%B4%E0%B8%94%E0%B9%84%E0%B8%A1%E0%B9%88%E0%B8%95%E0%B8%B4%E0%B8%94","https://amphon.co.th/บริการ/รับซื้อโน๊ตบุ๊คเปิดไม่ติด","Yes","PASS",""
"https://amphon.co.th/%E0%B8%9A%E0%B8%A3%E0%B8%B4%E0%B8%81%E0%B8%B2%E0%B8%A3/%E0%B8%A3%E0%B8%B1%E0%B8%9A%E0%B8%8B%E0%B8%B7%E0%B9%89%E0%B8%AD%E0%B9%82%E0%B8%99%E0%B9%8A%E0%B8%95%E0%B8%9A%E0%B8%B8%E0%B9%8A%E0%B8%84%E0%B9%80%E0%B8%81%E0%B8%A1%E0%B8%A1%E0%B8%B4%E0%B9%88%E0%B8%87","200","0","https://amphon.co.th/%E0%B8%9A%E0%B8%A3%E0%B8%B4%E0%B8%81%E0%B8%B2%E0%B8%A3/%E0%B8%A3%E0%B8%B1%E0%B8%9A%E0%B8%8B%E0%B8%B7%E0%B9%89%E0%B8%AD%E0%B9%82%E0%B8%99%E0%B9%8A%E0%B8%95%E0%B8%9A%E0%B8%B8%E0%B9%8A%E0%B8%84%E0%B9%80%E0%B8%81%E0%B8%A1%E0%B8%A1%E0%B8%B4%E0%B9%88%E0%B8%87","https://amphon.co.th/บริการ/รับซื้อโน๊ตบุ๊คเกมมิ่ง","Yes","PASS",""
"https://amphon.co.th/%E0%B8%9A%E0%B8%A3%E0%B8%B4%E0%B8%81%E0%B8%B2%E0%B8%A3/%E0%B8%A3%E0%B8%B1%E0%B8%9A%E0%B8%8B%E0%B8%B7%E0%B9%89%E0%B8%AD%E0%B9%82%E0%B8%99%E0%B9%8A%E0%B8%95%E0%B8%9A%E0%B8%B8%E0%B9%8A%E0%B8%84%E0%B9%80%E0%B8%AA%E0%B8%B5%E0%B8%A2","200","0","https://amphon.co.th/%E0%B8%9A%E0%B8%A3%E0%B8%B4%E0%B8%81%E0%B8%B2%E0%B8%A3/%E0%B8%A3%E0%B8%B1%E0%B8%9A%E0%B8%8B%E0%B8%B7%E0%B9%89%E0%B8%AD%E0%B9%82%E0%B8%99%E0%B9%8A%E0%B8%95%E0%B8%9A%E0%B8%B8%E0%B9%8A%E0%B8%84%E0%B9%80%E0%B8%AA%E0%B8%B5%E0%B8%A2","https://amphon.co.th/บริการ/รับซื้อโน๊ตบุ๊คเสีย","Yes","PASS",""
"https://amphon.co.th/%E0%B8%9A%E0%B8%A3%E0%B8%B4%E0%B8%81%E0%B8%B2%E0%B8%A3/%E0%B8%A3%E0%B8%B1%E0%B8%9A%E0%B8%8B%E0%B8%B7%E0%B9%89%E0%B8%AD%E0%B9%82%E0%B8%99%E0%B9%8A%E0%B8%95%E0%B8%9A%E0%B8%B8%E0%B9%8A%E0%B8%84%E0%B9%84%E0%B8%A1%E0%B9%88%E0%B8%A1%E0%B8%B5-adapter","200","0","https://amphon.co.th/%E0%B8%9A%E0%B8%A3%E0%B8%B4%E0%B8%81%E0%B8%B2%E0%B8%A3/%E0%B8%A3%E0%B8%B1%E0%B8%9A%E0%B8%8B%E0%B8%B7%E0%B9%89%E0%B8%AD%E0%B9%82%E0%B8%99%E0%B9%8A%E0%B8%95%E0%B8%9A%E0%B8%B8%E0%B9%8A%E0%B8%84%E0%B9%84%E0%B8%A1%E0%B9%88%E0%B8%A1%E0%B8%B5-adapter","https://amphon.co.th/บริการ/รับซื้อโน๊ตบุ๊คไม่มี-adapter","Yes","PASS",""
"https://amphon.co.th/%E0%B8%9A%E0%B8%A3%E0%B8%B4%E0%B8%81%E0%B8%B2%E0%B8%A3/%E0%B8%A3%E0%B8%B1%E0%B8%9A%E0%B8%9B%E0%B8%A3%E0%B8%B0%E0%B8%A1%E0%B8%B9%E0%B8%A5%E0%B8%84%E0%B8%AD%E0%B8%A1%E0%B8%9E%E0%B8%B4%E0%B8%A7%E0%B9%80%E0%B8%95%E0%B8%AD%E0%B8%A3%E0%B9%8C%E0%B8%A1%E0%B8%B7%E0%B8%AD%E0%B8%AA%E0%B8%AD%E0%B8%87","200","0","https://amphon.co.th/%E0%B8%9A%E0%B8%A3%E0%B8%B4%E0%B8%81%E0%B8%B2%E0%B8%A3/%E0%B8%A3%E0%B8%B1%E0%B8%9A%E0%B8%9B%E0%B8%A3%E0%B8%B0%E0%B8%A1%E0%B8%B9%E0%B8%A5%E0%B8%84%E0%B8%AD%E0%B8%A1%E0%B8%9E%E0%B8%B4%E0%B8%A7%E0%B9%80%E0%B8%95%E0%B8%AD%E0%B8%A3%E0%B9%8C%E0%B8%A1%E0%B8%B7%E0%B8%AD%E0%B8%AA%E0%B8%AD%E0%B8%87","https://amphon.co.th/บริการ/รับประมูลคอมพิวเตอร์มือสอง","Yes","PASS",""
"https://amphon.co.th/%E0%B8%9A%E0%B8%A3%E0%B8%B4%E0%B8%81%E0%B8%B2%E0%B8%A3/%E0%B8%A3%E0%B8%B1%E0%B8%9A%E0%B9%80%E0%B8%84%E0%B8%A5%E0%B8%B5%E0%B8%A2%E0%B8%A3%E0%B9%8C%E0%B8%AD%E0%B8%B8%E0%B8%9B%E0%B8%81%E0%B8%A3%E0%B8%93%E0%B9%8C%E0%B9%84%E0%B8%AD%E0%B8%97%E0%B8%B5%E0%B8%AA%E0%B8%B3%E0%B8%99%E0%B8%B1%E0%B8%81%E0%B8%87%E0%B8%B2%E0%B8%99","200","0","https://amphon.co.th/%E0%B8%9A%E0%B8%A3%E0%B8%B4%E0%B8%81%E0%B8%B2%E0%B8%A3/%E0%B8%A3%E0%B8%B1%E0%B8%9A%E0%B9%80%E0%B8%84%E0%B8%A5%E0%B8%B5%E0%B8%A2%E0%B8%A3%E0%B9%8C%E0%B8%AD%E0%B8%B8%E0%B8%9B%E0%B8%81%E0%B8%A3%E0%B8%93%E0%B9%8C%E0%B9%84%E0%B8%AD%E0%B8%97%E0%B8%B5%E0%B8%AA%E0%B8%B3%E0%B8%99%E0%B8%B1%E0%B8%81%E0%B8%87%E0%B8%B2%E0%B8%99","https://amphon.co.th/บริการ/รับเคลียร์อุปกรณ์ไอทีสำนักงาน","Yes","PASS",""
"https://amphon.co.th/%E0%B8%9A%E0%B8%A3%E0%B8%B4%E0%B8%81%E0%B8%B2%E0%B8%A3/%E0%B8%A3%E0%B8%B1%E0%B8%9A%E0%B9%80%E0%B8%AB%E0%B8%A1%E0%B8%B2%E0%B8%9B%E0%B8%A3%E0%B8%B0%E0%B8%A1%E0%B8%B9%E0%B8%A5%E0%B8%AD%E0%B8%B8%E0%B8%9B%E0%B8%81%E0%B8%A3%E0%B8%93%E0%B9%8C%E0%B9%84%E0%B8%AD%E0%B8%97%E0%B8%B5","200","0","https://amphon.co.th/%E0%B8%9A%E0%B8%A3%E0%B8%B4%E0%B8%81%E0%B8%B2%E0%B8%A3/%E0%B8%A3%E0%B8%B1%E0%B8%9A%E0%B9%80%E0%B8%AB%E0%B8%A1%E0%B8%B2%E0%B8%9B%E0%B8%A3%E0%B8%B0%E0%B8%A1%E0%B8%B9%E0%B8%A5%E0%B8%AD%E0%B8%B8%E0%B8%9B%E0%B8%81%E0%B8%A3%E0%B8%93%E0%B9%8C%E0%B9%84%E0%B8%AD%E0%B8%97%E0%B8%B5","https://amphon.co.th/บริการ/รับเหมาประมูลอุปกรณ์ไอที","Yes","PASS",""
"https://amphon.co.th/%E0%B8%9E%E0%B8%B7%E0%B9%89%E0%B8%99%E0%B8%97%E0%B8%B5%E0%B9%88%E0%B9%83%E0%B8%AB%E0%B9%89%E0%B8%9A%E0%B8%A3%E0%B8%B4%E0%B8%81%E0%B8%B2%E0%B8%A3","200","0","https://amphon.co.th/%E0%B8%9E%E0%B8%B7%E0%B9%89%E0%B8%99%E0%B8%97%E0%B8%B5%E0%B9%88%E0%B9%83%E0%B8%AB%E0%B9%89%E0%B8%9A%E0%B8%A3%E0%B8%B4%E0%B8%81%E0%B8%B2%E0%B8%A3","https://amphon.co.th/พื้นที่ให้บริการ","Yes","PASS",""
"https://amphon.co.th/%E0%B8%9E%E0%B8%B7%E0%B9%89%E0%B8%99%E0%B8%97%E0%B8%B5%E0%B9%88%E0%B9%83%E0%B8%AB%E0%B9%89%E0%B8%9A%E0%B8%A3%E0%B8%B4%E0%B8%81%E0%B8%B2%E0%B8%A3/%E0%B8%8A%E0%B8%A5%E0%B8%9A%E0%B8%B8%E0%B8%A3%E0%B8%B5","200","0","https://amphon.co.th/%E0%B8%9E%E0%B8%B7%E0%B9%89%E0%B8%99%E0%B8%97%E0%B8%B5%E0%B9%88%E0%B9%83%E0%B8%AB%E0%B9%89%E0%B8%9A%E0%B8%A3%E0%B8%B4%E0%B8%81%E0%B8%B2%E0%B8%A3/%E0%B8%8A%E0%B8%A5%E0%B8%9A%E0%B8%B8%E0%B8%A3%E0%B8%B5","https://amphon.co.th/พื้นที่ให้บริการ/ชลบุรี","Yes","PASS",""
"https://amphon.co.th/%E0%B8%9E%E0%B8%B7%E0%B9%89%E0%B8%99%E0%B8%97%E0%B8%B5%E0%B9%88%E0%B9%83%E0%B8%AB%E0%B9%89%E0%B8%9A%E0%B8%A3%E0%B8%B4%E0%B8%81%E0%B8%B2%E0%B8%A3/%E0%B8%8A%E0%B8%B1%E0%B8%A2%E0%B8%A0%E0%B8%B9%E0%B8%A1%E0%B8%B4","200","0","https://amphon.co.th/%E0%B8%9E%E0%B8%B7%E0%B9%89%E0%B8%99%E0%B8%97%E0%B8%B5%E0%B9%88%E0%B9%83%E0%B8%AB%E0%B9%89%E0%B8%9A%E0%B8%A3%E0%B8%B4%E0%B8%81%E0%B8%B2%E0%B8%A3/%E0%B8%8A%E0%B8%B1%E0%B8%A2%E0%B8%A0%E0%B8%B9%E0%B8%A1%E0%B8%B4","https://amphon.co.th/พื้นที่ให้บริการ/ชัยภูมิ","Yes","PASS",""
"https://amphon.co.th/%E0%B8%9E%E0%B8%B7%E0%B9%89%E0%B8%99%E0%B8%97%E0%B8%B5%E0%B9%88%E0%B9%83%E0%B8%AB%E0%B9%89%E0%B8%9A%E0%B8%A3%E0%B8%B4%E0%B8%81%E0%B8%B2%E0%B8%A3/%E0%B8%9A%E0%B8%B6%E0%B8%87%E0%B8%81%E0%B8%B2%E0%B8%AC","200","0","https://amphon.co.th/%E0%B8%9E%E0%B8%B7%E0%B9%89%E0%B8%99%E0%B8%97%E0%B8%B5%E0%B9%88%E0%B9%83%E0%B8%AB%E0%B9%89%E0%B8%9A%E0%B8%A3%E0%B8%B4%E0%B8%81%E0%B8%B2%E0%B8%A3/%E0%B8%9A%E0%B8%B6%E0%B8%87%E0%B8%81%E0%B8%B2%E0%B8%AC","https://amphon.co.th/พื้นที่ให้บริการ/บึงกาฬ","Yes","PASS",""
"https://amphon.co.th/%E0%B8%9E%E0%B8%B7%E0%B9%89%E0%B8%99%E0%B8%97%E0%B8%B5%E0%B9%88%E0%B9%83%E0%B8%AB%E0%B9%89%E0%B8%9A%E0%B8%A3%E0%B8%B4%E0%B8%81%E0%B8%B2%E0%B8%A3/%E0%B8%9A%E0%B8%B8%E0%B8%A3%E0%B8%B5%E0%B8%A3%E0%B8%B1%E0%B8%A1%E0%B8%A2%E0%B9%8C","200","0","https://amphon.co.th/%E0%B8%9E%E0%B8%B7%E0%B9%89%E0%B8%99%E0%B8%97%E0%B8%B5%E0%B9%88%E0%B9%83%E0%B8%AB%E0%B9%89%E0%B8%9A%E0%B8%A3%E0%B8%B4%E0%B8%81%E0%B8%B2%E0%B8%A3/%E0%B8%9A%E0%B8%B8%E0%B8%A3%E0%B8%B5%E0%B8%A3%E0%B8%B1%E0%B8%A1%E0%B8%A2%E0%B9%8C","https://amphon.co.th/พื้นที่ให้บริการ/บุรีรัมย์","Yes","PASS",""
"https://amphon.co.th/%E0%B8%9E%E0%B8%B7%E0%B9%89%E0%B8%99%E0%B8%97%E0%B8%B5%E0%B9%88%E0%B9%83%E0%B8%AB%E0%B9%89%E0%B8%9A%E0%B8%A3%E0%B8%B4%E0%B8%81%E0%B8%B2%E0%B8%A3/%E0%B8%9E%E0%B8%B1%E0%B8%97%E0%B8%A5%E0%B8%B8%E0%B8%87","200","0","https://amphon.co.th/%E0%B8%9E%E0%B8%B7%E0%B9%89%E0%B8%99%E0%B8%97%E0%B8%B5%E0%B9%88%E0%B9%83%E0%B8%AB%E0%B9%89%E0%B8%9A%E0%B8%A3%E0%B8%B4%E0%B8%81%E0%B8%B2%E0%B8%A3/%E0%B8%9E%E0%B8%B1%E0%B8%97%E0%B8%A5%E0%B8%B8%E0%B8%87","https://amphon.co.th/พื้นที่ให้บริการ/พัทลุง","Yes","PASS",""
"https://amphon.co.th/%E0%B8%9E%E0%B8%B7%E0%B9%89%E0%B8%99%E0%B8%97%E0%B8%B5%E0%B9%88%E0%B9%83%E0%B8%AB%E0%B9%89%E0%B8%9A%E0%B8%A3%E0%B8%B4%E0%B8%81%E0%B8%B2%E0%B8%A3/%E0%B8%81%E0%B8%B2%E0%B8%8D%E0%B8%88%E0%B8%99%E0%B8%9A%E0%B8%B8%E0%B8%A3%E0%B8%B5","200","0","https://amphon.co.th/%E0%B8%9E%E0%B8%B7%E0%B9%89%E0%B8%99%E0%B8%97%E0%B8%B5%E0%B9%88%E0%B9%83%E0%B8%AB%E0%B9%89%E0%B8%9A%E0%B8%A3%E0%B8%B4%E0%B8%81%E0%B8%B2%E0%B8%A3/%E0%B8%81%E0%B8%B2%E0%B8%8D%E0%B8%88%E0%B8%99%E0%B8%9A%E0%B8%B8%E0%B8%A3%E0%B8%B5","https://amphon.co.th/พื้นที่ให้บริการ/กาญจนบุรี","Yes","PASS",""
"https://amphon.co.th/%E0%B8%9E%E0%B8%B7%E0%B9%89%E0%B8%99%E0%B8%97%E0%B8%B5%E0%B9%88%E0%B9%83%E0%B8%AB%E0%B9%89%E0%B8%9A%E0%B8%A3%E0%B8%B4%E0%B8%81%E0%B8%B2%E0%B8%A3/%E0%B8%81%E0%B8%B2%E0%B8%AC%E0%B8%AA%E0%B8%B4%E0%B8%99%E0%B8%98%E0%B8%B8%E0%B9%8C","200","0","https://amphon.co.th/%E0%B8%9E%E0%B8%B7%E0%B9%89%E0%B8%99%E0%B8%97%E0%B8%B5%E0%B9%88%E0%B9%83%E0%B8%AB%E0%B9%89%E0%B8%9A%E0%B8%A3%E0%B8%B4%E0%B8%81%E0%B8%B2%E0%B8%A3/%E0%B8%81%E0%B8%B2%E0%B8%AC%E0%B8%AA%E0%B8%B4%E0%B8%99%E0%B8%98%E0%B8%B8%E0%B9%8C","https://amphon.co.th/พื้นที่ให้บริการ/กาฬสินธุ์","Yes","PASS",""
"https://amphon.co.th/%E0%B8%9E%E0%B8%B7%E0%B9%89%E0%B8%99%E0%B8%97%E0%B8%B5%E0%B9%88%E0%B9%83%E0%B8%AB%E0%B9%89%E0%B8%9A%E0%B8%A3%E0%B8%B4%E0%B8%81%E0%B8%B2%E0%B8%A3/%E0%B8%82%E0%B8%AD%E0%B8%99%E0%B9%81%E0%B8%81%E0%B9%88%E0%B8%99","200","0","https://amphon.co.th/%E0%B8%9E%E0%B8%B7%E0%B9%89%E0%B8%99%E0%B8%97%E0%B8%B5%E0%B9%88%E0%B9%83%E0%B8%AB%E0%B9%89%E0%B8%9A%E0%B8%A3%E0%B8%B4%E0%B8%81%E0%B8%B2%E0%B8%A3/%E0%B8%82%E0%B8%AD%E0%B8%99%E0%B9%81%E0%B8%81%E0%B9%88%E0%B8%99","https://amphon.co.th/พื้นที่ให้บริการ/ขอนแก่น","Yes","PASS",""
"https://amphon.co.th/%E0%B8%9E%E0%B8%B7%E0%B9%89%E0%B8%99%E0%B8%97%E0%B8%B5%E0%B9%88%E0%B9%83%E0%B8%AB%E0%B9%89%E0%B8%9A%E0%B8%A3%E0%B8%B4%E0%B8%81%E0%B8%B2%E0%B8%A3/%E0%B8%88%E0%B8%B1%E0%B8%99%E0%B8%97%E0%B8%9A%E0%B8%B8%E0%B8%A3%E0%B8%B5","200","0","https://amphon.co.th/%E0%B8%9E%E0%B8%B7%E0%B9%89%E0%B8%99%E0%B8%97%E0%B8%B5%E0%B9%88%E0%B9%83%E0%B8%AB%E0%B9%89%E0%B8%9A%E0%B8%A3%E0%B8%B4%E0%B8%81%E0%B8%B2%E0%B8%A3/%E0%B8%88%E0%B8%B1%E0%B8%99%E0%B8%97%E0%B8%9A%E0%B8%B8%E0%B8%A3%E0%B8%B5","https://amphon.co.th/พื้นที่ให้บริการ/จันทบุรี","Yes","PASS",""
"https://amphon.co.th/%E0%B8%9E%E0%B8%B7%E0%B9%89%E0%B8%99%E0%B8%97%E0%B8%B5%E0%B9%88%E0%B9%83%E0%B8%AB%E0%B9%89%E0%B8%9A%E0%B8%A3%E0%B8%B4%E0%B8%81%E0%B8%B2%E0%B8%A3/%E0%B8%95%E0%B8%A3%E0%B8%B2%E0%B8%94","200","0","https://amphon.co.th/%E0%B8%9E%E0%B8%B7%E0%B9%89%E0%B8%99%E0%B8%97%E0%B8%B5%E0%B9%88%E0%B9%83%E0%B8%AB%E0%B9%89%E0%B8%9A%E0%B8%A3%E0%B8%B4%E0%B8%81%E0%B8%B2%E0%B8%A3/%E0%B8%95%E0%B8%A3%E0%B8%B2%E0%B8%94","https://amphon.co.th/พื้นที่ให้บริการ/ตราด","Yes","PASS",""
"https://amphon.co.th/%E0%B8%9E%E0%B8%B7%E0%B9%89%E0%B8%99%E0%B8%97%E0%B8%B5%E0%B9%88%E0%B9%83%E0%B8%AB%E0%B9%89%E0%B8%9A%E0%B8%A3%E0%B8%B4%E0%B8%81%E0%B8%B2%E0%B8%A3/%E0%B8%95%E0%B8%B2%E0%B8%81","200","0","https://amphon.co.th/%E0%B8%9E%E0%B8%B7%E0%B9%89%E0%B8%99%E0%B8%97%E0%B8%B5%E0%B9%88%E0%B9%83%E0%B8%AB%E0%B9%89%E0%B8%9A%E0%B8%A3%E0%B8%B4%E0%B8%81%E0%B8%B2%E0%B8%A3/%E0%B8%95%E0%B8%B2%E0%B8%81","https://amphon.co.th/พื้นที่ให้บริการ/ตาก","Yes","PASS",""
"https://amphon.co.th/%E0%B8%9E%E0%B8%B7%E0%B9%89%E0%B8%99%E0%B8%97%E0%B8%B5%E0%B9%88%E0%B9%83%E0%B8%AB%E0%B9%89%E0%B8%9A%E0%B8%A3%E0%B8%B4%E0%B8%81%E0%B8%B2%E0%B8%A3/%E0%B8%99%E0%B8%84%E0%B8%A3%E0%B8%9E%E0%B8%99%E0%B8%A1","200","0","https://amphon.co.th/%E0%B8%9E%E0%B8%B7%E0%B9%89%E0%B8%99%E0%B8%97%E0%B8%B5%E0%B9%88%E0%B9%83%E0%B8%AB%E0%B9%89%E0%B8%9A%E0%B8%A3%E0%B8%B4%E0%B8%81%E0%B8%B2%E0%B8%A3/%E0%B8%99%E0%B8%84%E0%B8%A3%E0%B8%9E%E0%B8%99%E0%B8%A1","https://amphon.co.th/พื้นที่ให้บริการ/นครพนม","Yes","PASS",""
"https://amphon.co.th/%E0%B8%9E%E0%B8%B7%E0%B9%89%E0%B8%99%E0%B8%97%E0%B8%B5%E0%B9%88%E0%B9%83%E0%B8%AB%E0%B9%89%E0%B8%9A%E0%B8%A3%E0%B8%B4%E0%B8%81%E0%B8%B2%E0%B8%A3/%E0%B8%99%E0%B8%84%E0%B8%A3%E0%B8%A3%E0%B8%B2%E0%B8%8A%E0%B8%AA%E0%B8%B5%E0%B8%A1%E0%B8%B2","200","0","https://amphon.co.th/%E0%B8%9E%E0%B8%B7%E0%B9%89%E0%B8%99%E0%B8%97%E0%B8%B5%E0%B9%88%E0%B9%83%E0%B8%AB%E0%B9%89%E0%B8%9A%E0%B8%A3%E0%B8%B4%E0%B8%81%E0%B8%B2%E0%B8%A3/%E0%B8%99%E0%B8%84%E0%B8%A3%E0%B8%A3%E0%B8%B2%E0%B8%8A%E0%B8%AA%E0%B8%B5%E0%B8%A1%E0%B8%B2","https://amphon.co.th/พื้นที่ให้บริการ/นครราชสีมา","Yes","PASS",""
"https://amphon.co.th/%E0%B8%9E%E0%B8%B7%E0%B9%89%E0%B8%99%E0%B8%97%E0%B8%B5%E0%B9%88%E0%B9%83%E0%B8%AB%E0%B9%89%E0%B8%9A%E0%B8%A3%E0%B8%B4%E0%B8%81%E0%B8%B2%E0%B8%A3/%E0%B8%99%E0%B8%84%E0%B8%A3%E0%B8%AA%E0%B8%A7%E0%B8%A3%E0%B8%A3%E0%B8%84%E0%B9%8C","200","0","https://amphon.co.th/%E0%B8%9E%E0%B8%B7%E0%B9%89%E0%B8%99%E0%B8%97%E0%B8%B5%E0%B9%88%E0%B9%83%E0%B8%AB%E0%B9%89%E0%B8%9A%E0%B8%A3%E0%B8%B4%E0%B8%81%E0%B8%B2%E0%B8%A3/%E0%B8%99%E0%B8%84%E0%B8%A3%E0%B8%AA%E0%B8%A7%E0%B8%A3%E0%B8%A3%E0%B8%84%E0%B9%8C","https://amphon.co.th/พื้นที่ให้บริการ/นครสวรรค์","Yes","PASS",""
"https://amphon.co.th/%E0%B8%9E%E0%B8%B7%E0%B9%89%E0%B8%99%E0%B8%97%E0%B8%B5%E0%B9%88%E0%B9%83%E0%B8%AB%E0%B9%89%E0%B8%9A%E0%B8%A3%E0%B8%B4%E0%B8%81%E0%B8%B2%E0%B8%A3/%E0%B8%A0%E0%B8%B9%E0%B9%80%E0%B8%81%E0%B9%87%E0%B8%95","200","0","https://amphon.co.th/%E0%B8%9E%E0%B8%B7%E0%B9%89%E0%B8%99%E0%B8%97%E0%B8%B5%E0%B9%88%E0%B9%83%E0%B8%AB%E0%B9%89%E0%B8%9A%E0%B8%A3%E0%B8%B4%E0%B8%81%E0%B8%B2%E0%B8%A3/%E0%B8%A0%E0%B8%B9%E0%B9%80%E0%B8%81%E0%B9%87%E0%B8%95","https://amphon.co.th/พื้นที่ให้บริการ/ภูเก็ต","Yes","PASS",""
"https://amphon.co.th/%E0%B8%9E%E0%B8%B7%E0%B9%89%E0%B8%99%E0%B8%97%E0%B8%B5%E0%B9%88%E0%B9%83%E0%B8%AB%E0%B9%89%E0%B8%9A%E0%B8%A3%E0%B8%B4%E0%B8%81%E0%B8%B2%E0%B8%A3/%E0%B8%A1%E0%B8%AB%E0%B8%B2%E0%B8%AA%E0%B8%B2%E0%B8%A3%E0%B8%84%E0%B8%B2%E0%B8%A1","200","0","https://amphon.co.th/%E0%B8%9E%E0%B8%B7%E0%B9%89%E0%B8%99%E0%B8%97%E0%B8%B5%E0%B9%88%E0%B9%83%E0%B8%AB%E0%B9%89%E0%B8%9A%E0%B8%A3%E0%B8%B4%E0%B8%81%E0%B8%B2%E0%B8%A3/%E0%B8%A1%E0%B8%AB%E0%B8%B2%E0%B8%AA%E0%B8%B2%E0%B8%A3%E0%B8%84%E0%B8%B2%E0%B8%A1","https://amphon.co.th/พื้นที่ให้บริการ/มหาสารคาม","Yes","PASS",""
"https://amphon.co.th/%E0%B8%9E%E0%B8%B7%E0%B9%89%E0%B8%99%E0%B8%97%E0%B8%B5%E0%B9%88%E0%B9%83%E0%B8%AB%E0%B9%89%E0%B8%9A%E0%B8%A3%E0%B8%B4%E0%B8%81%E0%B8%B2%E0%B8%A3/%E0%B8%A1%E0%B8%B8%E0%B8%81%E0%B8%94%E0%B8%B2%E0%B8%AB%E0%B8%B2%E0%B8%A3","200","0","https://amphon.co.th/%E0%B8%9E%E0%B8%B7%E0%B9%89%E0%B8%99%E0%B8%97%E0%B8%B5%E0%B9%88%E0%B9%83%E0%B8%AB%E0%B9%89%E0%B8%9A%E0%B8%A3%E0%B8%B4%E0%B8%81%E0%B8%B2%E0%B8%A3/%E0%B8%A1%E0%B8%B8%E0%B8%81%E0%B8%94%E0%B8%B2%E0%B8%AB%E0%B8%B2%E0%B8%A3","https://amphon.co.th/พื้นที่ให้บริการ/มุกดาหาร","Yes","PASS",""
"https://amphon.co.th/%E0%B8%9E%E0%B8%B7%E0%B9%89%E0%B8%99%E0%B8%97%E0%B8%B5%E0%B9%88%E0%B9%83%E0%B8%AB%E0%B9%89%E0%B8%9A%E0%B8%A3%E0%B8%B4%E0%B8%81%E0%B8%B2%E0%B8%A3/%E0%B8%A2%E0%B8%B0%E0%B8%A5%E0%B8%B2","200","0","https://amphon.co.th/%E0%B8%9E%E0%B8%B7%E0%B9%89%E0%B8%99%E0%B8%97%E0%B8%B5%E0%B9%88%E0%B9%83%E0%B8%AB%E0%B9%89%E0%B8%9A%E0%B8%A3%E0%B8%B4%E0%B8%81%E0%B8%B2%E0%B8%A3/%E0%B8%A2%E0%B8%B0%E0%B8%A5%E0%B8%B2","https://amphon.co.th/พื้นที่ให้บริการ/ยะลา","Yes","PASS",""
"https://amphon.co.th/%E0%B8%9E%E0%B8%B7%E0%B9%89%E0%B8%99%E0%B8%97%E0%B8%B5%E0%B9%88%E0%B9%83%E0%B8%AB%E0%B9%89%E0%B8%9A%E0%B8%A3%E0%B8%B4%E0%B8%81%E0%B8%B2%E0%B8%A3/%E0%B8%A2%E0%B9%82%E0%B8%AA%E0%B8%98%E0%B8%A3","200","0","https://amphon.co.th/%E0%B8%9E%E0%B8%B7%E0%B9%89%E0%B8%99%E0%B8%97%E0%B8%B5%E0%B9%88%E0%B9%83%E0%B8%AB%E0%B9%89%E0%B8%9A%E0%B8%A3%E0%B8%B4%E0%B8%81%E0%B8%B2%E0%B8%A3/%E0%B8%A2%E0%B9%82%E0%B8%AA%E0%B8%98%E0%B8%A3","https://amphon.co.th/พื้นที่ให้บริการ/ยโสธร","Yes","PASS",""
"https://amphon.co.th/%E0%B8%9E%E0%B8%B7%E0%B9%89%E0%B8%99%E0%B8%97%E0%B8%B5%E0%B9%88%E0%B9%83%E0%B8%AB%E0%B9%89%E0%B8%9A%E0%B8%A3%E0%B8%B4%E0%B8%81%E0%B8%B2%E0%B8%A3/%E0%B8%A3%E0%B9%89%E0%B8%AD%E0%B8%A2%E0%B9%80%E0%B8%AD%E0%B9%87%E0%B8%94","200","0","https://amphon.co.th/%E0%B8%9E%E0%B8%B7%E0%B9%89%E0%B8%99%E0%B8%97%E0%B8%B5%E0%B9%88%E0%B9%83%E0%B8%AB%E0%B9%89%E0%B8%9A%E0%B8%A3%E0%B8%B4%E0%B8%81%E0%B8%B2%E0%B8%A3/%E0%B8%A3%E0%B9%89%E0%B8%AD%E0%B8%A2%E0%B9%80%E0%B8%AD%E0%B9%87%E0%B8%94","https://amphon.co.th/พื้นที่ให้บริการ/ร้อยเอ็ด","Yes","PASS",""
"https://amphon.co.th/%E0%B8%9E%E0%B8%B7%E0%B9%89%E0%B8%99%E0%B8%97%E0%B8%B5%E0%B9%88%E0%B9%83%E0%B8%AB%E0%B9%89%E0%B8%9A%E0%B8%A3%E0%B8%B4%E0%B8%81%E0%B8%B2%E0%B8%A3/%E0%B8%A8%E0%B8%A3%E0%B8%B5%E0%B8%AA%E0%B8%B0%E0%B9%80%E0%B8%81%E0%B8%A9","200","0","https://amphon.co.th/%E0%B8%9E%E0%B8%B7%E0%B9%89%E0%B8%99%E0%B8%97%E0%B8%B5%E0%B9%88%E0%B9%83%E0%B8%AB%E0%B9%89%E0%B8%9A%E0%B8%A3%E0%B8%B4%E0%B8%81%E0%B8%B2%E0%B8%A3/%E0%B8%A8%E0%B8%A3%E0%B8%B5%E0%B8%AA%E0%B8%B0%E0%B9%80%E0%B8%81%E0%B8%A9","https://amphon.co.th/พื้นที่ให้บริการ/ศรีสะเกษ","Yes","PASS",""
"https://amphon.co.th/%E0%B8%9E%E0%B8%B7%E0%B9%89%E0%B8%99%E0%B8%97%E0%B8%B5%E0%B9%88%E0%B9%83%E0%B8%AB%E0%B9%89%E0%B8%9A%E0%B8%A3%E0%B8%B4%E0%B8%81%E0%B8%B2%E0%B8%A3/%E0%B8%AA%E0%B8%81%E0%B8%A5%E0%B8%99%E0%B8%84%E0%B8%A3","200","0","https://amphon.co.th/%E0%B8%9E%E0%B8%B7%E0%B9%89%E0%B8%99%E0%B8%97%E0%B8%B5%E0%B9%88%E0%B9%83%E0%B8%AB%E0%B9%89%E0%B8%9A%E0%B8%A3%E0%B8%B4%E0%B8%81%E0%B8%B2%E0%B8%A3/%E0%B8%AA%E0%B8%81%E0%B8%A5%E0%B8%99%E0%B8%84%E0%B8%A3","https://amphon.co.th/พื้นที่ให้บริการ/สกลนคร","Yes","PASS",""
"https://amphon.co.th/%E0%B8%9E%E0%B8%B7%E0%B9%89%E0%B8%99%E0%B8%97%E0%B8%B5%E0%B9%88%E0%B9%83%E0%B8%AB%E0%B9%89%E0%B8%9A%E0%B8%A3%E0%B8%B4%E0%B8%81%E0%B8%B2%E0%B8%A3/%E0%B8%AA%E0%B8%B8%E0%B8%9E%E0%B8%A3%E0%B8%A3%E0%B8%93%E0%B8%9A%E0%B8%B8%E0%B8%A3%E0%B8%B5","200","0","https://amphon.co.th/%E0%B8%9E%E0%B8%B7%E0%B9%89%E0%B8%99%E0%B8%97%E0%B8%B5%E0%B9%88%E0%B9%83%E0%B8%AB%E0%B9%89%E0%B8%9A%E0%B8%A3%E0%B8%B4%E0%B8%81%E0%B8%B2%E0%B8%A3/%E0%B8%AA%E0%B8%B8%E0%B8%9E%E0%B8%A3%E0%B8%A3%E0%B8%93%E0%B8%9A%E0%B8%B8%E0%B8%A3%E0%B8%B5","https://amphon.co.th/พื้นที่ให้บริการ/สุพรรณบุรี","Yes","PASS",""
"https://amphon.co.th/%E0%B8%9E%E0%B8%B7%E0%B9%89%E0%B8%99%E0%B8%97%E0%B8%B5%E0%B9%88%E0%B9%83%E0%B8%AB%E0%B9%89%E0%B8%9A%E0%B8%A3%E0%B8%B4%E0%B8%81%E0%B8%B2%E0%B8%A3/%E0%B8%AA%E0%B8%B8%E0%B8%A3%E0%B8%B4%E0%B8%99%E0%B8%97%E0%B8%A3%E0%B9%8C","200","0","https://amphon.co.th/%E0%B8%9E%E0%B8%B7%E0%B9%89%E0%B8%99%E0%B8%97%E0%B8%B5%E0%B9%88%E0%B9%83%E0%B8%AB%E0%B9%89%E0%B8%9A%E0%B8%A3%E0%B8%B4%E0%B8%81%E0%B8%B2%E0%B8%A3/%E0%B8%AA%E0%B8%B8%E0%B8%A3%E0%B8%B4%E0%B8%99%E0%B8%97%E0%B8%A3%E0%B9%8C","https://amphon.co.th/พื้นที่ให้บริการ/สุรินทร์","Yes","PASS",""
"https://amphon.co.th/%E0%B8%9E%E0%B8%B7%E0%B9%89%E0%B8%99%E0%B8%97%E0%B8%B5%E0%B9%88%E0%B9%83%E0%B8%AB%E0%B9%89%E0%B8%9A%E0%B8%A3%E0%B8%B4%E0%B8%81%E0%B8%B2%E0%B8%A3/%E0%B8%AB%E0%B8%99%E0%B8%AD%E0%B8%87%E0%B8%9A%E0%B8%B1%E0%B8%A7%E0%B8%A5%E0%B8%B3%E0%B8%A0%E0%B8%B9","200","0","https://amphon.co.th/%E0%B8%9E%E0%B8%B7%E0%B9%89%E0%B8%99%E0%B8%97%E0%B8%B5%E0%B9%88%E0%B9%83%E0%B8%AB%E0%B9%89%E0%B8%9A%E0%B8%A3%E0%B8%B4%E0%B8%81%E0%B8%B2%E0%B8%A3/%E0%B8%AB%E0%B8%99%E0%B8%AD%E0%B8%87%E0%B8%9A%E0%B8%B1%E0%B8%A7%E0%B8%A5%E0%B8%B3%E0%B8%A0%E0%B8%B9","https://amphon.co.th/พื้นที่ให้บริการ/หนองบัวลำภู","Yes","PASS",""
"https://amphon.co.th/%E0%B8%9E%E0%B8%B7%E0%B9%89%E0%B8%99%E0%B8%97%E0%B8%B5%E0%B9%88%E0%B9%83%E0%B8%AB%E0%B9%89%E0%B8%9A%E0%B8%A3%E0%B8%B4%E0%B8%81%E0%B8%B2%E0%B8%A3/%E0%B8%AB%E0%B8%99%E0%B8%AD%E0%B8%87%E0%B8%84%E0%B8%B2%E0%B8%A2","200","0","https://amphon.co.th/%E0%B8%9E%E0%B8%B7%E0%B9%89%E0%B8%99%E0%B8%97%E0%B8%B5%E0%B9%88%E0%B9%83%E0%B8%AB%E0%B9%89%E0%B8%9A%E0%B8%A3%E0%B8%B4%E0%B8%81%E0%B8%B2%E0%B8%A3/%E0%B8%AB%E0%B8%99%E0%B8%AD%E0%B8%87%E0%B8%84%E0%B8%B2%E0%B8%A2","https://amphon.co.th/พื้นที่ให้บริการ/หนองคาย","Yes","PASS",""
"https://amphon.co.th/%E0%B8%9E%E0%B8%B7%E0%B9%89%E0%B8%99%E0%B8%97%E0%B8%B5%E0%B9%88%E0%B9%83%E0%B8%AB%E0%B9%89%E0%B8%9A%E0%B8%A3%E0%B8%B4%E0%B8%81%E0%B8%B2%E0%B8%A3/%E0%B8%AB%E0%B8%B2%E0%B8%94%E0%B9%83%E0%B8%AB%E0%B8%8D%E0%B9%88","200","0","https://amphon.co.th/%E0%B8%9E%E0%B8%B7%E0%B9%89%E0%B8%99%E0%B8%97%E0%B8%B5%E0%B9%88%E0%B9%83%E0%B8%AB%E0%B9%89%E0%B8%9A%E0%B8%A3%E0%B8%B4%E0%B8%81%E0%B8%B2%E0%B8%A3/%E0%B8%AB%E0%B8%B2%E0%B8%94%E0%B9%83%E0%B8%AB%E0%B8%8D%E0%B9%88","https://amphon.co.th/พื้นที่ให้บริการ/หาดใหญ่","Yes","PASS",""
"https://amphon.co.th/%E0%B8%9E%E0%B8%B7%E0%B9%89%E0%B8%99%E0%B8%97%E0%B8%B5%E0%B9%88%E0%B9%83%E0%B8%AB%E0%B9%89%E0%B8%9A%E0%B8%A3%E0%B8%B4%E0%B8%81%E0%B8%B2%E0%B8%A3/%E0%B8%AD%E0%B8%B3%E0%B8%99%E0%B8%B2%E0%B8%88%E0%B9%80%E0%B8%88%E0%B8%A3%E0%B8%B4%E0%B8%8D","200","0","https://amphon.co.th/%E0%B8%9E%E0%B8%B7%E0%B9%89%E0%B8%99%E0%B8%97%E0%B8%B5%E0%B9%88%E0%B9%83%E0%B8%AB%E0%B9%89%E0%B8%9A%E0%B8%A3%E0%B8%B4%E0%B8%81%E0%B8%B2%E0%B8%A3/%E0%B8%AD%E0%B8%B3%E0%B8%99%E0%B8%B2%E0%B8%88%E0%B9%80%E0%B8%88%E0%B8%A3%E0%B8%B4%E0%B8%8D","https://amphon.co.th/พื้นที่ให้บริการ/อำนาจเจริญ","Yes","PASS",""
"https://amphon.co.th/%E0%B8%9E%E0%B8%B7%E0%B9%89%E0%B8%99%E0%B8%97%E0%B8%B5%E0%B9%88%E0%B9%83%E0%B8%AB%E0%B9%89%E0%B8%9A%E0%B8%A3%E0%B8%B4%E0%B8%81%E0%B8%B2%E0%B8%A3/%E0%B8%AD%E0%B8%B8%E0%B8%9A%E0%B8%A5%E0%B8%A3%E0%B8%B2%E0%B8%8A%E0%B8%98%E0%B8%B2%E0%B8%99%E0%B8%B5","200","0","https://amphon.co.th/%E0%B8%9E%E0%B8%B7%E0%B9%89%E0%B8%99%E0%B8%97%E0%B8%B5%E0%B9%88%E0%B9%83%E0%B8%AB%E0%B9%89%E0%B8%9A%E0%B8%A3%E0%B8%B4%E0%B8%81%E0%B8%B2%E0%B8%A3/%E0%B8%AD%E0%B8%B8%E0%B8%9A%E0%B8%A5%E0%B8%A3%E0%B8%B2%E0%B8%8A%E0%B8%98%E0%B8%B2%E0%B8%99%E0%B8%B5","https://amphon.co.th/พื้นที่ให้บริการ/อุบลราชธานี","Yes","PASS",""
"https://amphon.co.th/%E0%B8%9E%E0%B8%B7%E0%B9%89%E0%B8%99%E0%B8%97%E0%B8%B5%E0%B9%88%E0%B9%83%E0%B8%AB%E0%B9%89%E0%B8%9A%E0%B8%A3%E0%B8%B4%E0%B8%81%E0%B8%B2%E0%B8%A3/%E0%B8%AD%E0%B8%B8%E0%B8%94%E0%B8%A3%E0%B8%98%E0%B8%B2%E0%B8%99%E0%B8%B5","200","0","https://amphon.co.th/%E0%B8%9E%E0%B8%B7%E0%B9%89%E0%B8%99%E0%B8%97%E0%B8%B5%E0%B9%88%E0%B9%83%E0%B8%AB%E0%B9%89%E0%B8%9A%E0%B8%A3%E0%B8%B4%E0%B8%81%E0%B8%B2%E0%B8%A3/%E0%B8%AD%E0%B8%B8%E0%B8%94%E0%B8%A3%E0%B8%98%E0%B8%B2%E0%B8%99%E0%B8%B5","https://amphon.co.th/พื้นที่ให้บริการ/อุดรธานี","Yes","PASS",""
"https://amphon.co.th/%E0%B8%9E%E0%B8%B7%E0%B9%89%E0%B8%99%E0%B8%97%E0%B8%B5%E0%B9%88%E0%B9%83%E0%B8%AB%E0%B9%89%E0%B8%9A%E0%B8%A3%E0%B8%B4%E0%B8%81%E0%B8%B2%E0%B8%A3/%E0%B9%80%E0%B8%9E%E0%B8%8A%E0%B8%A3%E0%B8%9A%E0%B8%B8%E0%B8%A3%E0%B8%B5","200","0","https://amphon.co.th/%E0%B8%9E%E0%B8%B7%E0%B9%89%E0%B8%99%E0%B8%97%E0%B8%B5%E0%B9%88%E0%B9%83%E0%B8%AB%E0%B9%89%E0%B8%9A%E0%B8%A3%E0%B8%B4%E0%B8%81%E0%B8%B2%E0%B8%A3/%E0%B9%80%E0%B8%9E%E0%B8%8A%E0%B8%A3%E0%B8%9A%E0%B8%B8%E0%B8%A3%E0%B8%B5","https://amphon.co.th/พื้นที่ให้บริการ/เพชรบุรี","Yes","PASS",""
"https://amphon.co.th/%E0%B8%9E%E0%B8%B7%E0%B9%89%E0%B8%99%E0%B8%97%E0%B8%B5%E0%B9%88%E0%B9%83%E0%B8%AB%E0%B9%89%E0%B8%9A%E0%B8%A3%E0%B8%B4%E0%B8%81%E0%B8%B2%E0%B8%A3/%E0%B9%80%E0%B8%A5%E0%B8%A2","200","0","https://amphon.co.th/%E0%B8%9E%E0%B8%B7%E0%B9%89%E0%B8%99%E0%B8%97%E0%B8%B5%E0%B9%88%E0%B9%83%E0%B8%AB%E0%B9%89%E0%B8%9A%E0%B8%A3%E0%B8%B4%E0%B8%81%E0%B8%B2%E0%B8%A3/%E0%B9%80%E0%B8%A5%E0%B8%A2","https://amphon.co.th/พื้นที่ให้บริการ/เลย","Yes","PASS",""
"https://amphon.co.th/%E0%B8%A3%E0%B8%B1%E0%B8%9A%E0%B8%8B%E0%B8%B7%E0%B9%89%E0%B8%AD/%E0%B8%A3%E0%B8%B1%E0%B8%9A%E0%B8%8B%E0%B8%B7%E0%B9%89%E0%B8%AD-airpods-%E0%B8%8A%E0%B8%B1%E0%B8%A2%E0%B8%A0%E0%B8%B9%E0%B8%A1%E0%B8%B4","200","0","https://amphon.co.th/%E0%B8%A3%E0%B8%B1%E0%B8%9A%E0%B8%8B%E0%B8%B7%E0%B9%89%E0%B8%AD/%E0%B8%A3%E0%B8%B1%E0%B8%9A%E0%B8%8B%E0%B8%B7%E0%B9%89%E0%B8%AD-airpods-%E0%B8%8A%E0%B8%B1%E0%B8%A2%E0%B8%A0%E0%B8%B9%E0%B8%A1%E0%B8%B4","https://amphon.co.th/รับซื้อ/รับซื้อ-airpods-ชัยภูมิ","Yes","PASS",""
"https://amphon.co.th/%E0%B8%A3%E0%B8%B1%E0%B8%9A%E0%B8%8B%E0%B8%B7%E0%B9%89%E0%B8%AD/%E0%B8%A3%E0%B8%B1%E0%B8%9A%E0%B8%8B%E0%B8%B7%E0%B9%89%E0%B8%AD-airpods-%E0%B8%9A%E0%B8%B6%E0%B8%87%E0%B8%81%E0%B8%B2%E0%B8%AC","200","0","https://amphon.co.th/%E0%B8%A3%E0%B8%B1%E0%B8%9A%E0%B8%8B%E0%B8%B7%E0%B9%89%E0%B8%AD/%E0%B8%A3%E0%B8%B1%E0%B8%9A%E0%B8%8B%E0%B8%B7%E0%B9%89%E0%B8%AD-airpods-%E0%B8%9A%E0%B8%B6%E0%B8%87%E0%B8%81%E0%B8%B2%E0%B8%AC","https://amphon.co.th/รับซื้อ/รับซื้อ-airpods-บึงกาฬ","Yes","PASS",""
"https://amphon.co.th/%E0%B8%A3%E0%B8%B1%E0%B8%9A%E0%B8%8B%E0%B8%B7%E0%B9%89%E0%B8%AD/%E0%B8%A3%E0%B8%B1%E0%B8%9A%E0%B8%8B%E0%B8%B7%E0%B9%89%E0%B8%AD-airpods-%E0%B8%9A%E0%B8%B8%E0%B8%A3%E0%B8%B5%E0%B8%A3%E0%B8%B1%E0%B8%A1%E0%B8%A2%E0%B9%8C","200","0","https://amphon.co.th/%E0%B8%A3%E0%B8%B1%E0%B8%9A%E0%B8%8B%E0%B8%B7%E0%B9%89%E0%B8%AD/%E0%B8%A3%E0%B8%B1%E0%B8%9A%E0%B8%8B%E0%B8%B7%E0%B9%89%E0%B8%AD-airpods-%E0%B8%9A%E0%B8%B8%E0%B8%A3%E0%B8%B5%E0%B8%A3%E0%B8%B1%E0%B8%A1%E0%B8%A2%E0%B9%8C","https://amphon.co.th/รับซื้อ/รับซื้อ-airpods-บุรีรัมย์","Yes","PASS",""
"https://amphon.co.th/%E0%B8%A3%E0%B8%B1%E0%B8%9A%E0%B8%8B%E0%B8%B7%E0%B9%89%E0%B8%AD/%E0%B8%A3%E0%B8%B1%E0%B8%9A%E0%B8%8B%E0%B8%B7%E0%B9%89%E0%B8%AD-airpods-%E0%B8%81%E0%B8%B2%E0%B8%AC%E0%B8%AA%E0%B8%B4%E0%B8%99%E0%B8%98%E0%B8%B8%E0%B9%8C","200","0","https://amphon.co.th/%E0%B8%A3%E0%B8%B1%E0%B8%9A%E0%B8%8B%E0%B8%B7%E0%B9%89%E0%B8%AD/%E0%B8%A3%E0%B8%B1%E0%B8%9A%E0%B8%8B%E0%B8%B7%E0%B9%89%E0%B8%AD-airpods-%E0%B8%81%E0%B8%B2%E0%B8%AC%E0%B8%AA%E0%B8%B4%E0%B8%99%E0%B8%98%E0%B8%B8%E0%B9%8C","https://amphon.co.th/รับซื้อ/รับซื้อ-airpods-กาฬสินธุ์","Yes","PASS",""
"https://amphon.co.th/%E0%B8%A3%E0%B8%B1%E0%B8%9A%E0%B8%8B%E0%B8%B7%E0%B9%89%E0%B8%AD/%E0%B8%A3%E0%B8%B1%E0%B8%9A%E0%B8%8B%E0%B8%B7%E0%B9%89%E0%B8%AD-airpods-%E0%B8%82%E0%B8%AD%E0%B8%99%E0%B9%81%E0%B8%81%E0%B9%88%E0%B8%99","200","0","https://amphon.co.th/%E0%B8%A3%E0%B8%B1%E0%B8%9A%E0%B8%8B%E0%B8%B7%E0%B9%89%E0%B8%AD/%E0%B8%A3%E0%B8%B1%E0%B8%9A%E0%B8%8B%E0%B8%B7%E0%B9%89%E0%B8%AD-airpods-%E0%B8%82%E0%B8%AD%E0%B8%99%E0%B9%81%E0%B8%81%E0%B9%88%E0%B8%99","https://amphon.co.th/รับซื้อ/รับซื้อ-airpods-ขอนแก่น","Yes","PASS",""
"https://amphon.co.th/%E0%B8%A3%E0%B8%B1%E0%B8%9A%E0%B8%8B%E0%B8%B7%E0%B9%89%E0%B8%AD/%E0%B8%A3%E0%B8%B1%E0%B8%9A%E0%B8%8B%E0%B8%B7%E0%B9%89%E0%B8%AD-airpods-%E0%B8%99%E0%B8%84%E0%B8%A3%E0%B8%9E%E0%B8%99%E0%B8%A1","200","0","https://amphon.co.th/%E0%B8%A3%E0%B8%B1%E0%B8%9A%E0%B8%8B%E0%B8%B7%E0%B9%89%E0%B8%AD/%E0%B8%A3%E0%B8%B1%E0%B8%9A%E0%B8%8B%E0%B8%B7%E0%B9%89%E0%B8%AD-airpods-%E0%B8%99%E0%B8%84%E0%B8%A3%E0%B8%9E%E0%B8%99%E0%B8%A1","https://amphon.co.th/รับซื้อ/รับซื้อ-airpods-นครพนม","Yes","PASS",""
"https://amphon.co.th/%E0%B8%A3%E0%B8%B1%E0%B8%9A%E0%B8%8B%E0%B8%B7%E0%B9%89%E0%B8%AD/%E0%B8%A3%E0%B8%B1%E0%B8%9A%E0%B8%8B%E0%B8%B7%E0%B9%89%E0%B8%AD-airpods-%E0%B8%99%E0%B8%84%E0%B8%A3%E0%B8%A3%E0%B8%B2%E0%B8%8A%E0%B8%AA%E0%B8%B5%E0%B8%A1%E0%B8%B2","200","0","https://amphon.co.th/%E0%B8%A3%E0%B8%B1%E0%B8%9A%E0%B8%8B%E0%B8%B7%E0%B9%89%E0%B8%AD/%E0%B8%A3%E0%B8%B1%E0%B8%9A%E0%B8%8B%E0%B8%B7%E0%B9%89%E0%B8%AD-airpods-%E0%B8%99%E0%B8%84%E0%B8%A3%E0%B8%A3%E0%B8%B2%E0%B8%8A%E0%B8%AA%E0%B8%B5%E0%B8%A1%E0%B8%B2","https://amphon.co.th/รับซื้อ/รับซื้อ-airpods-นครราชสีมา","Yes","PASS",""
"https://amphon.co.th/%E0%B8%A3%E0%B8%B1%E0%B8%9A%E0%B8%8B%E0%B8%B7%E0%B9%89%E0%B8%AD/%E0%B8%A3%E0%B8%B1%E0%B8%9A%E0%B8%8B%E0%B8%B7%E0%B9%89%E0%B8%AD-airpods-%E0%B8%A1%E0%B8%AB%E0%B8%B2%E0%B8%AA%E0%B8%B2%E0%B8%A3%E0%B8%84%E0%B8%B2%E0%B8%A1","200","0","https://amphon.co.th/%E0%B8%A3%E0%B8%B1%E0%B8%9A%E0%B8%8B%E0%B8%B7%E0%B9%89%E0%B8%AD/%E0%B8%A3%E0%B8%B1%E0%B8%9A%E0%B8%8B%E0%B8%B7%E0%B9%89%E0%B8%AD-airpods-%E0%B8%A1%E0%B8%AB%E0%B8%B2%E0%B8%AA%E0%B8%B2%E0%B8%A3%E0%B8%84%E0%B8%B2%E0%B8%A1","https://amphon.co.th/รับซื้อ/รับซื้อ-airpods-มหาสารคาม","Yes","PASS",""
"https://amphon.co.th/%E0%B8%A3%E0%B8%B1%E0%B8%9A%E0%B8%8B%E0%B8%B7%E0%B9%89%E0%B8%AD/%E0%B8%A3%E0%B8%B1%E0%B8%9A%E0%B8%8B%E0%B8%B7%E0%B9%89%E0%B8%AD-airpods-%E0%B8%A1%E0%B8%B8%E0%B8%81%E0%B8%94%E0%B8%B2%E0%B8%AB%E0%B8%B2%E0%B8%A3","200","0","https://amphon.co.th/%E0%B8%A3%E0%B8%B1%E0%B8%9A%E0%B8%8B%E0%B8%B7%E0%B9%89%E0%B8%AD/%E0%B8%A3%E0%B8%B1%E0%B8%9A%E0%B8%8B%E0%B8%B7%E0%B9%89%E0%B8%AD-airpods-%E0%B8%A1%E0%B8%B8%E0%B8%81%E0%B8%94%E0%B8%B2%E0%B8%AB%E0%B8%B2%E0%B8%A3","https://amphon.co.th/รับซื้อ/รับซื้อ-airpods-มุกดาหาร","Yes","PASS",""
"https://amphon.co.th/%E0%B8%A3%E0%B8%B1%E0%B8%9A%E0%B8%8B%E0%B8%B7%E0%B9%89%E0%B8%AD/%E0%B8%A3%E0%B8%B1%E0%B8%9A%E0%B8%8B%E0%B8%B7%E0%B9%89%E0%B8%AD-airpods-%E0%B8%A2%E0%B9%82%E0%B8%AA%E0%B8%98%E0%B8%A3","200","0","https://amphon.co.th/%E0%B8%A3%E0%B8%B1%E0%B8%9A%E0%B8%8B%E0%B8%B7%E0%B9%89%E0%B8%AD/%E0%B8%A3%E0%B8%B1%E0%B8%9A%E0%B8%8B%E0%B8%B7%E0%B9%89%E0%B8%AD-airpods-%E0%B8%A2%E0%B9%82%E0%B8%AA%E0%B8%98%E0%B8%A3","https://amphon.co.th/รับซื้อ/รับซื้อ-airpods-ยโสธร","Yes","PASS",""
"https://amphon.co.th/%E0%B8%A3%E0%B8%B1%E0%B8%9A%E0%B8%8B%E0%B8%B7%E0%B9%89%E0%B8%AD/%E0%B8%A3%E0%B8%B1%E0%B8%9A%E0%B8%8B%E0%B8%B7%E0%B9%89%E0%B8%AD-airpods-%E0%B8%A3%E0%B9%89%E0%B8%AD%E0%B8%A2%E0%B9%80%E0%B8%AD%E0%B9%87%E0%B8%94","200","0","https://amphon.co.th/%E0%B8%A3%E0%B8%B1%E0%B8%9A%E0%B8%8B%E0%B8%B7%E0%B9%89%E0%B8%AD/%E0%B8%A3%E0%B8%B1%E0%B8%9A%E0%B8%8B%E0%B8%B7%E0%B9%89%E0%B8%AD-airpods-%E0%B8%A3%E0%B9%89%E0%B8%AD%E0%B8%A2%E0%B9%80%E0%B8%AD%E0%B9%87%E0%B8%94","https://amphon.co.th/รับซื้อ/รับซื้อ-airpods-ร้อยเอ็ด","Yes","PASS",""
"https://amphon.co.th/%E0%B8%A3%E0%B8%B1%E0%B8%9A%E0%B8%8B%E0%B8%B7%E0%B9%89%E0%B8%AD/%E0%B8%A3%E0%B8%B1%E0%B8%9A%E0%B8%8B%E0%B8%B7%E0%B9%89%E0%B8%AD-airpods-%E0%B8%A8%E0%B8%A3%E0%B8%B5%E0%B8%AA%E0%B8%B0%E0%B9%80%E0%B8%81%E0%B8%A9","200","0","https://amphon.co.th/%E0%B8%A3%E0%B8%B1%E0%B8%9A%E0%B8%8B%E0%B8%B7%E0%B9%89%E0%B8%AD/%E0%B8%A3%E0%B8%B1%E0%B8%9A%E0%B8%8B%E0%B8%B7%E0%B9%89%E0%B8%AD-airpods-%E0%B8%A8%E0%B8%A3%E0%B8%B5%E0%B8%AA%E0%B8%B0%E0%B9%80%E0%B8%81%E0%B8%A9","https://amphon.co.th/รับซื้อ/รับซื้อ-airpods-ศรีสะเกษ","Yes","PASS",""
"https://amphon.co.th/%E0%B8%A3%E0%B8%B1%E0%B8%9A%E0%B8%8B%E0%B8%B7%E0%B9%89%E0%B8%AD/%E0%B8%A3%E0%B8%B1%E0%B8%9A%E0%B8%8B%E0%B8%B7%E0%B9%89%E0%B8%AD-airpods-%E0%B8%AA%E0%B8%81%E0%B8%A5%E0%B8%99%E0%B8%84%E0%B8%A3","200","0","https://amphon.co.th/%E0%B8%A3%E0%B8%B1%E0%B8%9A%E0%B8%8B%E0%B8%B7%E0%B9%89%E0%B8%AD/%E0%B8%A3%E0%B8%B1%E0%B8%9A%E0%B8%8B%E0%B8%B7%E0%B9%89%E0%B8%AD-airpods-%E0%B8%AA%E0%B8%81%E0%B8%A5%E0%B8%99%E0%B8%84%E0%B8%A3","https://amphon.co.th/รับซื้อ/รับซื้อ-airpods-สกลนคร","Yes","PASS",""
"https://amphon.co.th/%E0%B8%A3%E0%B8%B1%E0%B8%9A%E0%B8%8B%E0%B8%B7%E0%B9%89%E0%B8%AD/%E0%B8%A3%E0%B8%B1%E0%B8%9A%E0%B8%8B%E0%B8%B7%E0%B9%89%E0%B8%AD-airpods-%E0%B8%AA%E0%B8%B8%E0%B8%A3%E0%B8%B4%E0%B8%99%E0%B8%97%E0%B8%A3%E0%B9%8C","200","0","https://amphon.co.th/%E0%B8%A3%E0%B8%B1%E0%B8%9A%E0%B8%8B%E0%B8%B7%E0%B9%89%E0%B8%AD/%E0%B8%A3%E0%B8%B1%E0%B8%9A%E0%B8%8B%E0%B8%B7%E0%B9%89%E0%B8%AD-airpods-%E0%B8%AA%E0%B8%B8%E0%B8%A3%E0%B8%B4%E0%B8%99%E0%B8%97%E0%B8%A3%E0%B9%8C","https://amphon.co.th/รับซื้อ/รับซื้อ-airpods-สุรินทร์","Yes","PASS",""
"https://amphon.co.th/%E0%B8%A3%E0%B8%B1%E0%B8%9A%E0%B8%8B%E0%B8%B7%E0%B9%89%E0%B8%AD/%E0%B8%A3%E0%B8%B1%E0%B8%9A%E0%B8%8B%E0%B8%B7%E0%B9%89%E0%B8%AD-airpods-%E0%B8%AB%E0%B8%99%E0%B8%AD%E0%B8%87%E0%B8%9A%E0%B8%B1%E0%B8%A7%E0%B8%A5%E0%B8%B3%E0%B8%A0%E0%B8%B9","200","0","https://amphon.co.th/%E0%B8%A3%E0%B8%B1%E0%B8%9A%E0%B8%8B%E0%B8%B7%E0%B9%89%E0%B8%AD/%E0%B8%A3%E0%B8%B1%E0%B8%9A%E0%B8%8B%E0%B8%B7%E0%B9%89%E0%B8%AD-airpods-%E0%B8%AB%E0%B8%99%E0%B8%AD%E0%B8%87%E0%B8%9A%E0%B8%B1%E0%B8%A7%E0%B8%A5%E0%B8%B3%E0%B8%A0%E0%B8%B9","https://amphon.co.th/รับซื้อ/รับซื้อ-airpods-หนองบัวลำภู","Yes","PASS",""
"https://amphon.co.th/%E0%B8%A3%E0%B8%B1%E0%B8%9A%E0%B8%8B%E0%B8%B7%E0%B9%89%E0%B8%AD/%E0%B8%A3%E0%B8%B1%E0%B8%9A%E0%B8%8B%E0%B8%B7%E0%B9%89%E0%B8%AD-airpods-%E0%B8%AB%E0%B8%99%E0%B8%AD%E0%B8%87%E0%B8%84%E0%B8%B2%E0%B8%A2","200","0","https://amphon.co.th/%E0%B8%A3%E0%B8%B1%E0%B8%9A%E0%B8%8B%E0%B8%B7%E0%B9%89%E0%B8%AD/%E0%B8%A3%E0%B8%B1%E0%B8%9A%E0%B8%8B%E0%B8%B7%E0%B9%89%E0%B8%AD-airpods-%E0%B8%AB%E0%B8%99%E0%B8%AD%E0%B8%87%E0%B8%84%E0%B8%B2%E0%B8%A2","https://amphon.co.th/รับซื้อ/รับซื้อ-airpods-หนองคาย","Yes","PASS",""
"https://amphon.co.th/%E0%B8%A3%E0%B8%B1%E0%B8%9A%E0%B8%8B%E0%B8%B7%E0%B9%89%E0%B8%AD/%E0%B8%A3%E0%B8%B1%E0%B8%9A%E0%B8%8B%E0%B8%B7%E0%B9%89%E0%B8%AD-airpods-%E0%B8%AD%E0%B8%B3%E0%B8%99%E0%B8%B2%E0%B8%88%E0%B9%80%E0%B8%88%E0%B8%A3%E0%B8%B4%E0%B8%8D","200","0","https://amphon.co.th/%E0%B8%A3%E0%B8%B1%E0%B8%9A%E0%B8%8B%E0%B8%B7%E0%B9%89%E0%B8%AD/%E0%B8%A3%E0%B8%B1%E0%B8%9A%E0%B8%8B%E0%B8%B7%E0%B9%89%E0%B8%AD-airpods-%E0%B8%AD%E0%B8%B3%E0%B8%99%E0%B8%B2%E0%B8%88%E0%B9%80%E0%B8%88%E0%B8%A3%E0%B8%B4%E0%B8%8D","https://amphon.co.th/รับซื้อ/รับซื้อ-airpods-อำนาจเจริญ","Yes","PASS",""
"https://amphon.co.th/%E0%B8%A3%E0%B8%B1%E0%B8%9A%E0%B8%8B%E0%B8%B7%E0%B9%89%E0%B8%AD/%E0%B8%A3%E0%B8%B1%E0%B8%9A%E0%B8%8B%E0%B8%B7%E0%B9%89%E0%B8%AD-airpods-%E0%B8%AD%E0%B8%B8%E0%B8%9A%E0%B8%A5%E0%B8%A3%E0%B8%B2%E0%B8%8A%E0%B8%98%E0%B8%B2%E0%B8%99%E0%B8%B5","200","0","https://amphon.co.th/%E0%B8%A3%E0%B8%B1%E0%B8%9A%E0%B8%8B%E0%B8%B7%E0%B9%89%E0%B8%AD/%E0%B8%A3%E0%B8%B1%E0%B8%9A%E0%B8%8B%E0%B8%B7%E0%B9%89%E0%B8%AD-airpods-%E0%B8%AD%E0%B8%B8%E0%B8%9A%E0%B8%A5%E0%B8%A3%E0%B8%B2%E0%B8%8A%E0%B8%98%E0%B8%B2%E0%B8%99%E0%B8%B5","https://amphon.co.th/รับซื้อ/รับซื้อ-airpods-อุบลราชธานี","Yes","PASS",""
"https://amphon.co.th/%E0%B8%A3%E0%B8%B1%E0%B8%9A%E0%B8%8B%E0%B8%B7%E0%B9%89%E0%B8%AD/%E0%B8%A3%E0%B8%B1%E0%B8%9A%E0%B8%8B%E0%B8%B7%E0%B9%89%E0%B8%AD-airpods-%E0%B8%AD%E0%B8%B8%E0%B8%94%E0%B8%A3%E0%B8%98%E0%B8%B2%E0%B8%99%E0%B8%B5","200","0","https://amphon.co.th/%E0%B8%A3%E0%B8%B1%E0%B8%9A%E0%B8%8B%E0%B8%B7%E0%B9%89%E0%B8%AD/%E0%B8%A3%E0%B8%B1%E0%B8%9A%E0%B8%8B%E0%B8%B7%E0%B9%89%E0%B8%AD-airpods-%E0%B8%AD%E0%B8%B8%E0%B8%94%E0%B8%A3%E0%B8%98%E0%B8%B2%E0%B8%99%E0%B8%B5","https://amphon.co.th/รับซื้อ/รับซื้อ-airpods-อุดรธานี","Yes","PASS",""
"https://amphon.co.th/%E0%B8%A3%E0%B8%B1%E0%B8%9A%E0%B8%8B%E0%B8%B7%E0%B9%89%E0%B8%AD/%E0%B8%A3%E0%B8%B1%E0%B8%9A%E0%B8%8B%E0%B8%B7%E0%B9%89%E0%B8%AD-airpods-%E0%B9%80%E0%B8%A5%E0%B8%A2","200","0","https://amphon.co.th/%E0%B8%A3%E0%B8%B1%E0%B8%9A%E0%B8%8B%E0%B8%B7%E0%B9%89%E0%B8%AD/%E0%B8%A3%E0%B8%B1%E0%B8%9A%E0%B8%8B%E0%B8%B7%E0%B9%89%E0%B8%AD-airpods-%E0%B9%80%E0%B8%A5%E0%B8%A2","https://amphon.co.th/รับซื้อ/รับซื้อ-airpods-เลย","Yes","PASS",""
"https://amphon.co.th/%E0%B8%A3%E0%B8%B1%E0%B8%9A%E0%B8%8B%E0%B8%B7%E0%B9%89%E0%B8%AD/%E0%B8%A3%E0%B8%B1%E0%B8%9A%E0%B8%8B%E0%B8%B7%E0%B9%89%E0%B8%AD-apple-%E0%B8%8A%E0%B8%B1%E0%B8%A2%E0%B8%A0%E0%B8%B9%E0%B8%A1%E0%B8%B4","200","0","https://amphon.co.th/%E0%B8%A3%E0%B8%B1%E0%B8%9A%E0%B8%8B%E0%B8%B7%E0%B9%89%E0%B8%AD/%E0%B8%A3%E0%B8%B1%E0%B8%9A%E0%B8%8B%E0%B8%B7%E0%B9%89%E0%B8%AD-apple-%E0%B8%8A%E0%B8%B1%E0%B8%A2%E0%B8%A0%E0%B8%B9%E0%B8%A1%E0%B8%B4","https://amphon.co.th/รับซื้อ/รับซื้อ-apple-ชัยภูมิ","Yes","PASS",""
"https://amphon.co.th/%E0%B8%A3%E0%B8%B1%E0%B8%9A%E0%B8%8B%E0%B8%B7%E0%B9%89%E0%B8%AD/%E0%B8%A3%E0%B8%B1%E0%B8%9A%E0%B8%8B%E0%B8%B7%E0%B9%89%E0%B8%AD-apple-%E0%B8%9A%E0%B8%B6%E0%B8%87%E0%B8%81%E0%B8%B2%E0%B8%AC","200","0","https://amphon.co.th/%E0%B8%A3%E0%B8%B1%E0%B8%9A%E0%B8%8B%E0%B8%B7%E0%B9%89%E0%B8%AD/%E0%B8%A3%E0%B8%B1%E0%B8%9A%E0%B8%8B%E0%B8%B7%E0%B9%89%E0%B8%AD-apple-%E0%B8%9A%E0%B8%B6%E0%B8%87%E0%B8%81%E0%B8%B2%E0%B8%AC","https://amphon.co.th/รับซื้อ/รับซื้อ-apple-บึงกาฬ","Yes","PASS",""
"https://amphon.co.th/%E0%B8%A3%E0%B8%B1%E0%B8%9A%E0%B8%8B%E0%B8%B7%E0%B9%89%E0%B8%AD/%E0%B8%A3%E0%B8%B1%E0%B8%9A%E0%B8%8B%E0%B8%B7%E0%B9%89%E0%B8%AD-apple-%E0%B8%9A%E0%B8%B8%E0%B8%A3%E0%B8%B5%E0%B8%A3%E0%B8%B1%E0%B8%A1%E0%B8%A2%E0%B9%8C","200","0","https://amphon.co.th/%E0%B8%A3%E0%B8%B1%E0%B8%9A%E0%B8%8B%E0%B8%B7%E0%B9%89%E0%B8%AD/%E0%B8%A3%E0%B8%B1%E0%B8%9A%E0%B8%8B%E0%B8%B7%E0%B9%89%E0%B8%AD-apple-%E0%B8%9A%E0%B8%B8%E0%B8%A3%E0%B8%B5%E0%B8%A3%E0%B8%B1%E0%B8%A1%E0%B8%A2%E0%B9%8C","https://amphon.co.th/รับซื้อ/รับซื้อ-apple-บุรีรัมย์","Yes","PASS",""
"https://amphon.co.th/%E0%B8%A3%E0%B8%B1%E0%B8%9A%E0%B8%8B%E0%B8%B7%E0%B9%89%E0%B8%AD/%E0%B8%A3%E0%B8%B1%E0%B8%9A%E0%B8%8B%E0%B8%B7%E0%B9%89%E0%B8%AD-apple-%E0%B8%81%E0%B8%B2%E0%B8%AC%E0%B8%AA%E0%B8%B4%E0%B8%99%E0%B8%98%E0%B8%B8%E0%B9%8C","200","0","https://amphon.co.th/%E0%B8%A3%E0%B8%B1%E0%B8%9A%E0%B8%8B%E0%B8%B7%E0%B9%89%E0%B8%AD/%E0%B8%A3%E0%B8%B1%E0%B8%9A%E0%B8%8B%E0%B8%B7%E0%B9%89%E0%B8%AD-apple-%E0%B8%81%E0%B8%B2%E0%B8%AC%E0%B8%AA%E0%B8%B4%E0%B8%99%E0%B8%98%E0%B8%B8%E0%B9%8C","https://amphon.co.th/รับซื้อ/รับซื้อ-apple-กาฬสินธุ์","Yes","PASS",""
"https://amphon.co.th/%E0%B8%A3%E0%B8%B1%E0%B8%9A%E0%B8%8B%E0%B8%B7%E0%B9%89%E0%B8%AD/%E0%B8%A3%E0%B8%B1%E0%B8%9A%E0%B8%8B%E0%B8%B7%E0%B9%89%E0%B8%AD-apple-%E0%B8%82%E0%B8%AD%E0%B8%99%E0%B9%81%E0%B8%81%E0%B9%88%E0%B8%99","200","0","https://amphon.co.th/%E0%B8%A3%E0%B8%B1%E0%B8%9A%E0%B8%8B%E0%B8%B7%E0%B9%89%E0%B8%AD/%E0%B8%A3%E0%B8%B1%E0%B8%9A%E0%B8%8B%E0%B8%B7%E0%B9%89%E0%B8%AD-apple-%E0%B8%82%E0%B8%AD%E0%B8%99%E0%B9%81%E0%B8%81%E0%B9%88%E0%B8%99","https://amphon.co.th/รับซื้อ/รับซื้อ-apple-ขอนแก่น","Yes","PASS",""
"https://amphon.co.th/%E0%B8%A3%E0%B8%B1%E0%B8%9A%E0%B8%8B%E0%B8%B7%E0%B9%89%E0%B8%AD/%E0%B8%A3%E0%B8%B1%E0%B8%9A%E0%B8%8B%E0%B8%B7%E0%B9%89%E0%B8%AD-apple-%E0%B8%99%E0%B8%84%E0%B8%A3%E0%B8%9E%E0%B8%99%E0%B8%A1","200","0","https://amphon.co.th/%E0%B8%A3%E0%B8%B1%E0%B8%9A%E0%B8%8B%E0%B8%B7%E0%B9%89%E0%B8%AD/%E0%B8%A3%E0%B8%B1%E0%B8%9A%E0%B8%8B%E0%B8%B7%E0%B9%89%E0%B8%AD-apple-%E0%B8%99%E0%B8%84%E0%B8%A3%E0%B8%9E%E0%B8%99%E0%B8%A1","https://amphon.co.th/รับซื้อ/รับซื้อ-apple-นครพนม","Yes","PASS",""
"https://amphon.co.th/%E0%B8%A3%E0%B8%B1%E0%B8%9A%E0%B8%8B%E0%B8%B7%E0%B9%89%E0%B8%AD/%E0%B8%A3%E0%B8%B1%E0%B8%9A%E0%B8%8B%E0%B8%B7%E0%B9%89%E0%B8%AD-apple-%E0%B8%99%E0%B8%84%E0%B8%A3%E0%B8%A3%E0%B8%B2%E0%B8%8A%E0%B8%AA%E0%B8%B5%E0%B8%A1%E0%B8%B2","200","0","https://amphon.co.th/%E0%B8%A3%E0%B8%B1%E0%B8%9A%E0%B8%8B%E0%B8%B7%E0%B9%89%E0%B8%AD/%E0%B8%A3%E0%B8%B1%E0%B8%9A%E0%B8%8B%E0%B8%B7%E0%B9%89%E0%B8%AD-apple-%E0%B8%99%E0%B8%84%E0%B8%A3%E0%B8%A3%E0%B8%B2%E0%B8%8A%E0%B8%AA%E0%B8%B5%E0%B8%A1%E0%B8%B2","https://amphon.co.th/รับซื้อ/รับซื้อ-apple-นครราชสีมา","Yes","PASS",""
"https://amphon.co.th/%E0%B8%A3%E0%B8%B1%E0%B8%9A%E0%B8%8B%E0%B8%B7%E0%B9%89%E0%B8%AD/%E0%B8%A3%E0%B8%B1%E0%B8%9A%E0%B8%8B%E0%B8%B7%E0%B9%89%E0%B8%AD-apple-%E0%B8%A1%E0%B8%AB%E0%B8%B2%E0%B8%AA%E0%B8%B2%E0%B8%A3%E0%B8%84%E0%B8%B2%E0%B8%A1","200","0","https://amphon.co.th/%E0%B8%A3%E0%B8%B1%E0%B8%9A%E0%B8%8B%E0%B8%B7%E0%B9%89%E0%B8%AD/%E0%B8%A3%E0%B8%B1%E0%B8%9A%E0%B8%8B%E0%B8%B7%E0%B9%89%E0%B8%AD-apple-%E0%B8%A1%E0%B8%AB%E0%B8%B2%E0%B8%AA%E0%B8%B2%E0%B8%A3%E0%B8%84%E0%B8%B2%E0%B8%A1","https://amphon.co.th/รับซื้อ/รับซื้อ-apple-มหาสารคาม","Yes","PASS",""
"https://amphon.co.th/%E0%B8%A3%E0%B8%B1%E0%B8%9A%E0%B8%8B%E0%B8%B7%E0%B9%89%E0%B8%AD/%E0%B8%A3%E0%B8%B1%E0%B8%9A%E0%B8%8B%E0%B8%B7%E0%B9%89%E0%B8%AD-apple-%E0%B8%A1%E0%B8%B8%E0%B8%81%E0%B8%94%E0%B8%B2%E0%B8%AB%E0%B8%B2%E0%B8%A3","200","0","https://amphon.co.th/%E0%B8%A3%E0%B8%B1%E0%B8%9A%E0%B8%8B%E0%B8%B7%E0%B9%89%E0%B8%AD/%E0%B8%A3%E0%B8%B1%E0%B8%9A%E0%B8%8B%E0%B8%B7%E0%B9%89%E0%B8%AD-apple-%E0%B8%A1%E0%B8%B8%E0%B8%81%E0%B8%94%E0%B8%B2%E0%B8%AB%E0%B8%B2%E0%B8%A3","https://amphon.co.th/รับซื้อ/รับซื้อ-apple-มุกดาหาร","Yes","PASS",""
"https://amphon.co.th/%E0%B8%A3%E0%B8%B1%E0%B8%9A%E0%B8%8B%E0%B8%B7%E0%B9%89%E0%B8%AD/%E0%B8%A3%E0%B8%B1%E0%B8%9A%E0%B8%8B%E0%B8%B7%E0%B9%89%E0%B8%AD-apple-%E0%B8%A2%E0%B9%82%E0%B8%AA%E0%B8%98%E0%B8%A3","200","0","https://amphon.co.th/%E0%B8%A3%E0%B8%B1%E0%B8%9A%E0%B8%8B%E0%B8%B7%E0%B9%89%E0%B8%AD/%E0%B8%A3%E0%B8%B1%E0%B8%9A%E0%B8%8B%E0%B8%B7%E0%B9%89%E0%B8%AD-apple-%E0%B8%A2%E0%B9%82%E0%B8%AA%E0%B8%98%E0%B8%A3","https://amphon.co.th/รับซื้อ/รับซื้อ-apple-ยโสธร","Yes","PASS",""
"https://amphon.co.th/%E0%B8%A3%E0%B8%B1%E0%B8%9A%E0%B8%8B%E0%B8%B7%E0%B9%89%E0%B8%AD/%E0%B8%A3%E0%B8%B1%E0%B8%9A%E0%B8%8B%E0%B8%B7%E0%B9%89%E0%B8%AD-apple-%E0%B8%A3%E0%B9%89%E0%B8%AD%E0%B8%A2%E0%B9%80%E0%B8%AD%E0%B9%87%E0%B8%94","200","0","https://amphon.co.th/%E0%B8%A3%E0%B8%B1%E0%B8%9A%E0%B8%8B%E0%B8%B7%E0%B9%89%E0%B8%AD/%E0%B8%A3%E0%B8%B1%E0%B8%9A%E0%B8%8B%E0%B8%B7%E0%B9%89%E0%B8%AD-apple-%E0%B8%A3%E0%B9%89%E0%B8%AD%E0%B8%A2%E0%B9%80%E0%B8%AD%E0%B9%87%E0%B8%94","https://amphon.co.th/รับซื้อ/รับซื้อ-apple-ร้อยเอ็ด","Yes","PASS",""
"https://amphon.co.th/%E0%B8%A3%E0%B8%B1%E0%B8%9A%E0%B8%8B%E0%B8%B7%E0%B9%89%E0%B8%AD/%E0%B8%A3%E0%B8%B1%E0%B8%9A%E0%B8%8B%E0%B8%B7%E0%B9%89%E0%B8%AD-apple-%E0%B8%A8%E0%B8%A3%E0%B8%B5%E0%B8%AA%E0%B8%B0%E0%B9%80%E0%B8%81%E0%B8%A9","200","0","https://amphon.co.th/%E0%B8%A3%E0%B8%B1%E0%B8%9A%E0%B8%8B%E0%B8%B7%E0%B9%89%E0%B8%AD/%E0%B8%A3%E0%B8%B1%E0%B8%9A%E0%B8%8B%E0%B8%B7%E0%B9%89%E0%B8%AD-apple-%E0%B8%A8%E0%B8%A3%E0%B8%B5%E0%B8%AA%E0%B8%B0%E0%B9%80%E0%B8%81%E0%B8%A9","https://amphon.co.th/รับซื้อ/รับซื้อ-apple-ศรีสะเกษ","Yes","PASS",""
"https://amphon.co.th/%E0%B8%A3%E0%B8%B1%E0%B8%9A%E0%B8%8B%E0%B8%B7%E0%B9%89%E0%B8%AD/%E0%B8%A3%E0%B8%B1%E0%B8%9A%E0%B8%8B%E0%B8%B7%E0%B9%89%E0%B8%AD-apple-%E0%B8%AA%E0%B8%81%E0%B8%A5%E0%B8%99%E0%B8%84%E0%B8%A3","200","0","https://amphon.co.th/%E0%B8%A3%E0%B8%B1%E0%B8%9A%E0%B8%8B%E0%B8%B7%E0%B9%89%E0%B8%AD/%E0%B8%A3%E0%B8%B1%E0%B8%9A%E0%B8%8B%E0%B8%B7%E0%B9%89%E0%B8%AD-apple-%E0%B8%AA%E0%B8%81%E0%B8%A5%E0%B8%99%E0%B8%84%E0%B8%A3","https://amphon.co.th/รับซื้อ/รับซื้อ-apple-สกลนคร","Yes","PASS",""
"https://amphon.co.th/%E0%B8%A3%E0%B8%B1%E0%B8%9A%E0%B8%8B%E0%B8%B7%E0%B9%89%E0%B8%AD/%E0%B8%A3%E0%B8%B1%E0%B8%9A%E0%B8%8B%E0%B8%B7%E0%B9%89%E0%B8%AD-apple-%E0%B8%AA%E0%B8%B8%E0%B8%A3%E0%B8%B4%E0%B8%99%E0%B8%97%E0%B8%A3%E0%B9%8C","200","0","https://amphon.co.th/%E0%B8%A3%E0%B8%B1%E0%B8%9A%E0%B8%8B%E0%B8%B7%E0%B9%89%E0%B8%AD/%E0%B8%A3%E0%B8%B1%E0%B8%9A%E0%B8%8B%E0%B8%B7%E0%B9%89%E0%B8%AD-apple-%E0%B8%AA%E0%B8%B8%E0%B8%A3%E0%B8%B4%E0%B8%99%E0%B8%97%E0%B8%A3%E0%B9%8C","https://amphon.co.th/รับซื้อ/รับซื้อ-apple-สุรินทร์","Yes","PASS",""
"https://amphon.co.th/%E0%B8%A3%E0%B8%B1%E0%B8%9A%E0%B8%8B%E0%B8%B7%E0%B9%89%E0%B8%AD/%E0%B8%A3%E0%B8%B1%E0%B8%9A%E0%B8%8B%E0%B8%B7%E0%B9%89%E0%B8%AD-apple-%E0%B8%AB%E0%B8%99%E0%B8%AD%E0%B8%87%E0%B8%9A%E0%B8%B1%E0%B8%A7%E0%B8%A5%E0%B8%B3%E0%B8%A0%E0%B8%B9","200","0","https://amphon.co.th/%E0%B8%A3%E0%B8%B1%E0%B8%9A%E0%B8%8B%E0%B8%B7%E0%B9%89%E0%B8%AD/%E0%B8%A3%E0%B8%B1%E0%B8%9A%E0%B8%8B%E0%B8%B7%E0%B9%89%E0%B8%AD-apple-%E0%B8%AB%E0%B8%99%E0%B8%AD%E0%B8%87%E0%B8%9A%E0%B8%B1%E0%B8%A7%E0%B8%A5%E0%B8%B3%E0%B8%A0%E0%B8%B9","https://amphon.co.th/รับซื้อ/รับซื้อ-apple-หนองบัวลำภู","Yes","PASS",""
"https://amphon.co.th/%E0%B8%A3%E0%B8%B1%E0%B8%9A%E0%B8%8B%E0%B8%B7%E0%B9%89%E0%B8%AD/%E0%B8%A3%E0%B8%B1%E0%B8%9A%E0%B8%8B%E0%B8%B7%E0%B9%89%E0%B8%AD-apple-%E0%B8%AB%E0%B8%99%E0%B8%AD%E0%B8%87%E0%B8%84%E0%B8%B2%E0%B8%A2","200","0","https://amphon.co.th/%E0%B8%A3%E0%B8%B1%E0%B8%9A%E0%B8%8B%E0%B8%B7%E0%B9%89%E0%B8%AD/%E0%B8%A3%E0%B8%B1%E0%B8%9A%E0%B8%8B%E0%B8%B7%E0%B9%89%E0%B8%AD-apple-%E0%B8%AB%E0%B8%99%E0%B8%AD%E0%B8%87%E0%B8%84%E0%B8%B2%E0%B8%A2","https://amphon.co.th/รับซื้อ/รับซื้อ-apple-หนองคาย","Yes","PASS",""
"https://amphon.co.th/%E0%B8%A3%E0%B8%B1%E0%B8%9A%E0%B8%8B%E0%B8%B7%E0%B9%89%E0%B8%AD/%E0%B8%A3%E0%B8%B1%E0%B8%9A%E0%B8%8B%E0%B8%B7%E0%B9%89%E0%B8%AD-apple-%E0%B8%AD%E0%B8%B3%E0%B8%99%E0%B8%B2%E0%B8%88%E0%B9%80%E0%B8%88%E0%B8%A3%E0%B8%B4%E0%B8%8D","200","0","https://amphon.co.th/%E0%B8%A3%E0%B8%B1%E0%B8%9A%E0%B8%8B%E0%B8%B7%E0%B9%89%E0%B8%AD/%E0%B8%A3%E0%B8%B1%E0%B8%9A%E0%B8%8B%E0%B8%B7%E0%B9%89%E0%B8%AD-apple-%E0%B8%AD%E0%B8%B3%E0%B8%99%E0%B8%B2%E0%B8%88%E0%B9%80%E0%B8%88%E0%B8%A3%E0%B8%B4%E0%B8%8D","https://amphon.co.th/รับซื้อ/รับซื้อ-apple-อำนาจเจริญ","Yes","PASS",""
"https://amphon.co.th/%E0%B8%A3%E0%B8%B1%E0%B8%9A%E0%B8%8B%E0%B8%B7%E0%B9%89%E0%B8%AD/%E0%B8%A3%E0%B8%B1%E0%B8%9A%E0%B8%8B%E0%B8%B7%E0%B9%89%E0%B8%AD-apple-%E0%B8%AD%E0%B8%B8%E0%B8%9A%E0%B8%A5%E0%B8%A3%E0%B8%B2%E0%B8%8A%E0%B8%98%E0%B8%B2%E0%B8%99%E0%B8%B5","200","0","https://amphon.co.th/%E0%B8%A3%E0%B8%B1%E0%B8%9A%E0%B8%8B%E0%B8%B7%E0%B9%89%E0%B8%AD/%E0%B8%A3%E0%B8%B1%E0%B8%9A%E0%B8%8B%E0%B8%B7%E0%B9%89%E0%B8%AD-apple-%E0%B8%AD%E0%B8%B8%E0%B8%9A%E0%B8%A5%E0%B8%A3%E0%B8%B2%E0%B8%8A%E0%B8%98%E0%B8%B2%E0%B8%99%E0%B8%B5","https://amphon.co.th/รับซื้อ/รับซื้อ-apple-อุบลราชธานี","Yes","PASS",""
"https://amphon.co.th/%E0%B8%A3%E0%B8%B1%E0%B8%9A%E0%B8%8B%E0%B8%B7%E0%B9%89%E0%B8%AD/%E0%B8%A3%E0%B8%B1%E0%B8%9A%E0%B8%8B%E0%B8%B7%E0%B9%89%E0%B8%AD-apple-%E0%B8%AD%E0%B8%B8%E0%B8%94%E0%B8%A3%E0%B8%98%E0%B8%B2%E0%B8%99%E0%B8%B5","200","0","https://amphon.co.th/%E0%B8%A3%E0%B8%B1%E0%B8%9A%E0%B8%8B%E0%B8%B7%E0%B9%89%E0%B8%AD/%E0%B8%A3%E0%B8%B1%E0%B8%9A%E0%B8%8B%E0%B8%B7%E0%B9%89%E0%B8%AD-apple-%E0%B8%AD%E0%B8%B8%E0%B8%94%E0%B8%A3%E0%B8%98%E0%B8%B2%E0%B8%99%E0%B8%B5","https://amphon.co.th/รับซื้อ/รับซื้อ-apple-อุดรธานี","Yes","PASS",""
"https://amphon.co.th/%E0%B8%A3%E0%B8%B1%E0%B8%9A%E0%B8%8B%E0%B8%B7%E0%B9%89%E0%B8%AD/%E0%B8%A3%E0%B8%B1%E0%B8%9A%E0%B8%8B%E0%B8%B7%E0%B9%89%E0%B8%AD-apple-%E0%B9%80%E0%B8%A5%E0%B8%A2","200","0","https://amphon.co.th/%E0%B8%A3%E0%B8%B1%E0%B8%9A%E0%B8%8B%E0%B8%B7%E0%B9%89%E0%B8%AD/%E0%B8%A3%E0%B8%B1%E0%B8%9A%E0%B8%8B%E0%B8%B7%E0%B9%89%E0%B8%AD-apple-%E0%B9%80%E0%B8%A5%E0%B8%A2","https://amphon.co.th/รับซื้อ/รับซื้อ-apple-เลย","Yes","PASS",""
"https://amphon.co.th/%E0%B8%A3%E0%B8%B1%E0%B8%9A%E0%B8%8B%E0%B8%B7%E0%B9%89%E0%B8%AD/%E0%B8%A3%E0%B8%B1%E0%B8%9A%E0%B8%8B%E0%B8%B7%E0%B9%89%E0%B8%AD-apple-watch-%E0%B8%8A%E0%B8%B1%E0%B8%A2%E0%B8%A0%E0%B8%B9%E0%B8%A1%E0%B8%B4","200","0","https://amphon.co.th/%E0%B8%A3%E0%B8%B1%E0%B8%9A%E0%B8%8B%E0%B8%B7%E0%B9%89%E0%B8%AD/%E0%B8%A3%E0%B8%B1%E0%B8%9A%E0%B8%8B%E0%B8%B7%E0%B9%89%E0%B8%AD-apple-watch-%E0%B8%8A%E0%B8%B1%E0%B8%A2%E0%B8%A0%E0%B8%B9%E0%B8%A1%E0%B8%B4","https://amphon.co.th/รับซื้อ/รับซื้อ-apple-watch-ชัยภูมิ","Yes","PASS",""
"https://amphon.co.th/%E0%B8%A3%E0%B8%B1%E0%B8%9A%E0%B8%8B%E0%B8%B7%E0%B9%89%E0%B8%AD/%E0%B8%A3%E0%B8%B1%E0%B8%9A%E0%B8%8B%E0%B8%B7%E0%B9%89%E0%B8%AD-apple-watch-%E0%B8%9A%E0%B8%B6%E0%B8%87%E0%B8%81%E0%B8%B2%E0%B8%AC","200","0","https://amphon.co.th/%E0%B8%A3%E0%B8%B1%E0%B8%9A%E0%B8%8B%E0%B8%B7%E0%B9%89%E0%B8%AD/%E0%B8%A3%E0%B8%B1%E0%B8%9A%E0%B8%8B%E0%B8%B7%E0%B9%89%E0%B8%AD-apple-watch-%E0%B8%9A%E0%B8%B6%E0%B8%87%E0%B8%81%E0%B8%B2%E0%B8%AC","https://amphon.co.th/รับซื้อ/รับซื้อ-apple-watch-บึงกาฬ","Yes","PASS",""
"https://amphon.co.th/%E0%B8%A3%E0%B8%B1%E0%B8%9A%E0%B8%8B%E0%B8%B7%E0%B9%89%E0%B8%AD/%E0%B8%A3%E0%B8%B1%E0%B8%9A%E0%B8%8B%E0%B8%B7%E0%B9%89%E0%B8%AD-apple-watch-%E0%B8%9A%E0%B8%B8%E0%B8%A3%E0%B8%B5%E0%B8%A3%E0%B8%B1%E0%B8%A1%E0%B8%A2%E0%B9%8C","200","0","https://amphon.co.th/%E0%B8%A3%E0%B8%B1%E0%B8%9A%E0%B8%8B%E0%B8%B7%E0%B9%89%E0%B8%AD/%E0%B8%A3%E0%B8%B1%E0%B8%9A%E0%B8%8B%E0%B8%B7%E0%B9%89%E0%B8%AD-apple-watch-%E0%B8%9A%E0%B8%B8%E0%B8%A3%E0%B8%B5%E0%B8%A3%E0%B8%B1%E0%B8%A1%E0%B8%A2%E0%B9%8C","https://amphon.co.th/รับซื้อ/รับซื้อ-apple-watch-บุรีรัมย์","Yes","PASS",""
"https://amphon.co.th/%E0%B8%A3%E0%B8%B1%E0%B8%9A%E0%B8%8B%E0%B8%B7%E0%B9%89%E0%B8%AD/%E0%B8%A3%E0%B8%B1%E0%B8%9A%E0%B8%8B%E0%B8%B7%E0%B9%89%E0%B8%AD-apple-watch-%E0%B8%81%E0%B8%B2%E0%B8%AC%E0%B8%AA%E0%B8%B4%E0%B8%99%E0%B8%98%E0%B8%B8%E0%B9%8C","200","0","https://amphon.co.th/%E0%B8%A3%E0%B8%B1%E0%B8%9A%E0%B8%8B%E0%B8%B7%E0%B9%89%E0%B8%AD/%E0%B8%A3%E0%B8%B1%E0%B8%9A%E0%B8%8B%E0%B8%B7%E0%B9%89%E0%B8%AD-apple-watch-%E0%B8%81%E0%B8%B2%E0%B8%AC%E0%B8%AA%E0%B8%B4%E0%B8%99%E0%B8%98%E0%B8%B8%E0%B9%8C","https://amphon.co.th/รับซื้อ/รับซื้อ-apple-watch-กาฬสินธุ์","Yes","PASS",""
"https://amphon.co.th/%E0%B8%A3%E0%B8%B1%E0%B8%9A%E0%B8%8B%E0%B8%B7%E0%B9%89%E0%B8%AD/%E0%B8%A3%E0%B8%B1%E0%B8%9A%E0%B8%8B%E0%B8%B7%E0%B9%89%E0%B8%AD-apple-watch-%E0%B8%82%E0%B8%AD%E0%B8%99%E0%B9%81%E0%B8%81%E0%B9%88%E0%B8%99","200","0","https://amphon.co.th/%E0%B8%A3%E0%B8%B1%E0%B8%9A%E0%B8%8B%E0%B8%B7%E0%B9%89%E0%B8%AD/%E0%B8%A3%E0%B8%B1%E0%B8%9A%E0%B8%8B%E0%B8%B7%E0%B9%89%E0%B8%AD-apple-watch-%E0%B8%82%E0%B8%AD%E0%B8%99%E0%B9%81%E0%B8%81%E0%B9%88%E0%B8%99","https://amphon.co.th/รับซื้อ/รับซื้อ-apple-watch-ขอนแก่น","Yes","PASS",""
"https://amphon.co.th/%E0%B8%A3%E0%B8%B1%E0%B8%9A%E0%B8%8B%E0%B8%B7%E0%B9%89%E0%B8%AD/%E0%B8%A3%E0%B8%B1%E0%B8%9A%E0%B8%8B%E0%B8%B7%E0%B9%89%E0%B8%AD-apple-watch-%E0%B8%99%E0%B8%84%E0%B8%A3%E0%B8%9E%E0%B8%99%E0%B8%A1","200","0","https://amphon.co.th/%E0%B8%A3%E0%B8%B1%E0%B8%9A%E0%B8%8B%E0%B8%B7%E0%B9%89%E0%B8%AD/%E0%B8%A3%E0%B8%B1%E0%B8%9A%E0%B8%8B%E0%B8%B7%E0%B9%89%E0%B8%AD-apple-watch-%E0%B8%99%E0%B8%84%E0%B8%A3%E0%B8%9E%E0%B8%99%E0%B8%A1","https://amphon.co.th/รับซื้อ/รับซื้อ-apple-watch-นครพนม","Yes","PASS",""
"https://amphon.co.th/%E0%B8%A3%E0%B8%B1%E0%B8%9A%E0%B8%8B%E0%B8%B7%E0%B9%89%E0%B8%AD/%E0%B8%A3%E0%B8%B1%E0%B8%9A%E0%B8%8B%E0%B8%B7%E0%B9%89%E0%B8%AD-apple-watch-%E0%B8%99%E0%B8%84%E0%B8%A3%E0%B8%A3%E0%B8%B2%E0%B8%8A%E0%B8%AA%E0%B8%B5%E0%B8%A1%E0%B8%B2","200","0","https://amphon.co.th/%E0%B8%A3%E0%B8%B1%E0%B8%9A%E0%B8%8B%E0%B8%B7%E0%B9%89%E0%B8%AD/%E0%B8%A3%E0%B8%B1%E0%B8%9A%E0%B8%8B%E0%B8%B7%E0%B9%89%E0%B8%AD-apple-watch-%E0%B8%99%E0%B8%84%E0%B8%A3%E0%B8%A3%E0%B8%B2%E0%B8%8A%E0%B8%AA%E0%B8%B5%E0%B8%A1%E0%B8%B2","https://amphon.co.th/รับซื้อ/รับซื้อ-apple-watch-นครราชสีมา","Yes","PASS",""
"https://amphon.co.th/%E0%B8%A3%E0%B8%B1%E0%B8%9A%E0%B8%8B%E0%B8%B7%E0%B9%89%E0%B8%AD/%E0%B8%A3%E0%B8%B1%E0%B8%9A%E0%B8%8B%E0%B8%B7%E0%B9%89%E0%B8%AD-apple-watch-%E0%B8%A1%E0%B8%AB%E0%B8%B2%E0%B8%AA%E0%B8%B2%E0%B8%A3%E0%B8%84%E0%B8%B2%E0%B8%A1","200","0","https://amphon.co.th/%E0%B8%A3%E0%B8%B1%E0%B8%9A%E0%B8%8B%E0%B8%B7%E0%B9%89%E0%B8%AD/%E0%B8%A3%E0%B8%B1%E0%B8%9A%E0%B8%8B%E0%B8%B7%E0%B9%89%E0%B8%AD-apple-watch-%E0%B8%A1%E0%B8%AB%E0%B8%B2%E0%B8%AA%E0%B8%B2%E0%B8%A3%E0%B8%84%E0%B8%B2%E0%B8%A1","https://amphon.co.th/รับซื้อ/รับซื้อ-apple-watch-มหาสารคาม","Yes","PASS",""
"https://amphon.co.th/%E0%B8%A3%E0%B8%B1%E0%B8%9A%E0%B8%8B%E0%B8%B7%E0%B9%89%E0%B8%AD/%E0%B8%A3%E0%B8%B1%E0%B8%9A%E0%B8%8B%E0%B8%B7%E0%B9%89%E0%B8%AD-apple-watch-%E0%B8%A1%E0%B8%B8%E0%B8%81%E0%B8%94%E0%B8%B2%E0%B8%AB%E0%B8%B2%E0%B8%A3","200","0","https://amphon.co.th/%E0%B8%A3%E0%B8%B1%E0%B8%9A%E0%B8%8B%E0%B8%B7%E0%B9%89%E0%B8%AD/%E0%B8%A3%E0%B8%B1%E0%B8%9A%E0%B8%8B%E0%B8%B7%E0%B9%89%E0%B8%AD-apple-watch-%E0%B8%A1%E0%B8%B8%E0%B8%81%E0%B8%94%E0%B8%B2%E0%B8%AB%E0%B8%B2%E0%B8%A3","https://amphon.co.th/รับซื้อ/รับซื้อ-apple-watch-มุกดาหาร","Yes","PASS",""
"https://amphon.co.th/%E0%B8%A3%E0%B8%B1%E0%B8%9A%E0%B8%8B%E0%B8%B7%E0%B9%89%E0%B8%AD/%E0%B8%A3%E0%B8%B1%E0%B8%9A%E0%B8%8B%E0%B8%B7%E0%B9%89%E0%B8%AD-apple-watch-%E0%B8%A2%E0%B9%82%E0%B8%AA%E0%B8%98%E0%B8%A3","200","0","https://amphon.co.th/%E0%B8%A3%E0%B8%B1%E0%B8%9A%E0%B8%8B%E0%B8%B7%E0%B9%89%E0%B8%AD/%E0%B8%A3%E0%B8%B1%E0%B8%9A%E0%B8%8B%E0%B8%B7%E0%B9%89%E0%B8%AD-apple-watch-%E0%B8%A2%E0%B9%82%E0%B8%AA%E0%B8%98%E0%B8%A3","https://amphon.co.th/รับซื้อ/รับซื้อ-apple-watch-ยโสธร","Yes","PASS",""
"https://amphon.co.th/%E0%B8%A3%E0%B8%B1%E0%B8%9A%E0%B8%8B%E0%B8%B7%E0%B9%89%E0%B8%AD/%E0%B8%A3%E0%B8%B1%E0%B8%9A%E0%B8%8B%E0%B8%B7%E0%B9%89%E0%B8%AD-apple-watch-%E0%B8%A3%E0%B9%89%E0%B8%AD%E0%B8%A2%E0%B9%80%E0%B8%AD%E0%B9%87%E0%B8%94","200","0","https://amphon.co.th/%E0%B8%A3%E0%B8%B1%E0%B8%9A%E0%B8%8B%E0%B8%B7%E0%B9%89%E0%B8%AD/%E0%B8%A3%E0%B8%B1%E0%B8%9A%E0%B8%8B%E0%B8%B7%E0%B9%89%E0%B8%AD-apple-watch-%E0%B8%A3%E0%B9%89%E0%B8%AD%E0%B8%A2%E0%B9%80%E0%B8%AD%E0%B9%87%E0%B8%94","https://amphon.co.th/รับซื้อ/รับซื้อ-apple-watch-ร้อยเอ็ด","Yes","PASS",""
"https://amphon.co.th/%E0%B8%A3%E0%B8%B1%E0%B8%9A%E0%B8%8B%E0%B8%B7%E0%B9%89%E0%B8%AD/%E0%B8%A3%E0%B8%B1%E0%B8%9A%E0%B8%8B%E0%B8%B7%E0%B9%89%E0%B8%AD-apple-watch-%E0%B8%A8%E0%B8%A3%E0%B8%B5%E0%B8%AA%E0%B8%B0%E0%B9%80%E0%B8%81%E0%B8%A9","200","0","https://amphon.co.th/%E0%B8%A3%E0%B8%B1%E0%B8%9A%E0%B8%8B%E0%B8%B7%E0%B9%89%E0%B8%AD/%E0%B8%A3%E0%B8%B1%E0%B8%9A%E0%B8%8B%E0%B8%B7%E0%B9%89%E0%B8%AD-apple-watch-%E0%B8%A8%E0%B8%A3%E0%B8%B5%E0%B8%AA%E0%B8%B0%E0%B9%80%E0%B8%81%E0%B8%A9","https://amphon.co.th/รับซื้อ/รับซื้อ-apple-watch-ศรีสะเกษ","Yes","PASS",""
"https://amphon.co.th/%E0%B8%A3%E0%B8%B1%E0%B8%9A%E0%B8%8B%E0%B8%B7%E0%B9%89%E0%B8%AD/%E0%B8%A3%E0%B8%B1%E0%B8%9A%E0%B8%8B%E0%B8%B7%E0%B9%89%E0%B8%AD-apple-watch-%E0%B8%AA%E0%B8%81%E0%B8%A5%E0%B8%99%E0%B8%84%E0%B8%A3","200","0","https://amphon.co.th/%E0%B8%A3%E0%B8%B1%E0%B8%9A%E0%B8%8B%E0%B8%B7%E0%B9%89%E0%B8%AD/%E0%B8%A3%E0%B8%B1%E0%B8%9A%E0%B8%8B%E0%B8%B7%E0%B9%89%E0%B8%AD-apple-watch-%E0%B8%AA%E0%B8%81%E0%B8%A5%E0%B8%99%E0%B8%84%E0%B8%A3","https://amphon.co.th/รับซื้อ/รับซื้อ-apple-watch-สกลนคร","Yes","PASS",""
"https://amphon.co.th/%E0%B8%A3%E0%B8%B1%E0%B8%9A%E0%B8%8B%E0%B8%B7%E0%B9%89%E0%B8%AD/%E0%B8%A3%E0%B8%B1%E0%B8%9A%E0%B8%8B%E0%B8%B7%E0%B9%89%E0%B8%AD-apple-watch-%E0%B8%AA%E0%B8%B8%E0%B8%A3%E0%B8%B4%E0%B8%99%E0%B8%97%E0%B8%A3%E0%B9%8C","200","0","https://amphon.co.th/%E0%B8%A3%E0%B8%B1%E0%B8%9A%E0%B8%8B%E0%B8%B7%E0%B9%89%E0%B8%AD/%E0%B8%A3%E0%B8%B1%E0%B8%9A%E0%B8%8B%E0%B8%B7%E0%B9%89%E0%B8%AD-apple-watch-%E0%B8%AA%E0%B8%B8%E0%B8%A3%E0%B8%B4%E0%B8%99%E0%B8%97%E0%B8%A3%E0%B9%8C","https://amphon.co.th/รับซื้อ/รับซื้อ-apple-watch-สุรินทร์","Yes","PASS",""
"https://amphon.co.th/%E0%B8%A3%E0%B8%B1%E0%B8%9A%E0%B8%8B%E0%B8%B7%E0%B9%89%E0%B8%AD/%E0%B8%A3%E0%B8%B1%E0%B8%9A%E0%B8%8B%E0%B8%B7%E0%B9%89%E0%B8%AD-apple-watch-%E0%B8%AB%E0%B8%99%E0%B8%AD%E0%B8%87%E0%B8%9A%E0%B8%B1%E0%B8%A7%E0%B8%A5%E0%B8%B3%E0%B8%A0%E0%B8%B9","200","0","https://amphon.co.th/%E0%B8%A3%E0%B8%B1%E0%B8%9A%E0%B8%8B%E0%B8%B7%E0%B9%89%E0%B8%AD/%E0%B8%A3%E0%B8%B1%E0%B8%9A%E0%B8%8B%E0%B8%B7%E0%B9%89%E0%B8%AD-apple-watch-%E0%B8%AB%E0%B8%99%E0%B8%AD%E0%B8%87%E0%B8%9A%E0%B8%B1%E0%B8%A7%E0%B8%A5%E0%B8%B3%E0%B8%A0%E0%B8%B9","https://amphon.co.th/รับซื้อ/รับซื้อ-apple-watch-หนองบัวลำภู","Yes","PASS",""
"https://amphon.co.th/%E0%B8%A3%E0%B8%B1%E0%B8%9A%E0%B8%8B%E0%B8%B7%E0%B9%89%E0%B8%AD/%E0%B8%A3%E0%B8%B1%E0%B8%9A%E0%B8%8B%E0%B8%B7%E0%B9%89%E0%B8%AD-apple-watch-%E0%B8%AB%E0%B8%99%E0%B8%AD%E0%B8%87%E0%B8%84%E0%B8%B2%E0%B8%A2","200","0","https://amphon.co.th/%E0%B8%A3%E0%B8%B1%E0%B8%9A%E0%B8%8B%E0%B8%B7%E0%B9%89%E0%B8%AD/%E0%B8%A3%E0%B8%B1%E0%B8%9A%E0%B8%8B%E0%B8%B7%E0%B9%89%E0%B8%AD-apple-watch-%E0%B8%AB%E0%B8%99%E0%B8%AD%E0%B8%87%E0%B8%84%E0%B8%B2%E0%B8%A2","https://amphon.co.th/รับซื้อ/รับซื้อ-apple-watch-หนองคาย","Yes","PASS",""
"https://amphon.co.th/%E0%B8%A3%E0%B8%B1%E0%B8%9A%E0%B8%8B%E0%B8%B7%E0%B9%89%E0%B8%AD/%E0%B8%A3%E0%B8%B1%E0%B8%9A%E0%B8%8B%E0%B8%B7%E0%B9%89%E0%B8%AD-apple-watch-%E0%B8%AD%E0%B8%B3%E0%B8%99%E0%B8%B2%E0%B8%88%E0%B9%80%E0%B8%88%E0%B8%A3%E0%B8%B4%E0%B8%8D","200","0","https://amphon.co.th/%E0%B8%A3%E0%B8%B1%E0%B8%9A%E0%B8%8B%E0%B8%B7%E0%B9%89%E0%B8%AD/%E0%B8%A3%E0%B8%B1%E0%B8%9A%E0%B8%8B%E0%B8%B7%E0%B9%89%E0%B8%AD-apple-watch-%E0%B8%AD%E0%B8%B3%E0%B8%99%E0%B8%B2%E0%B8%88%E0%B9%80%E0%B8%88%E0%B8%A3%E0%B8%B4%E0%B8%8D","https://amphon.co.th/รับซื้อ/รับซื้อ-apple-watch-อำนาจเจริญ","Yes","PASS",""
"https://amphon.co.th/%E0%B8%A3%E0%B8%B1%E0%B8%9A%E0%B8%8B%E0%B8%B7%E0%B9%89%E0%B8%AD/%E0%B8%A3%E0%B8%B1%E0%B8%9A%E0%B8%8B%E0%B8%B7%E0%B9%89%E0%B8%AD-apple-watch-%E0%B8%AD%E0%B8%B8%E0%B8%9A%E0%B8%A5%E0%B8%A3%E0%B8%B2%E0%B8%8A%E0%B8%98%E0%B8%B2%E0%B8%99%E0%B8%B5","200","0","https://amphon.co.th/%E0%B8%A3%E0%B8%B1%E0%B8%9A%E0%B8%8B%E0%B8%B7%E0%B9%89%E0%B8%AD/%E0%B8%A3%E0%B8%B1%E0%B8%9A%E0%B8%8B%E0%B8%B7%E0%B9%89%E0%B8%AD-apple-watch-%E0%B8%AD%E0%B8%B8%E0%B8%9A%E0%B8%A5%E0%B8%A3%E0%B8%B2%E0%B8%8A%E0%B8%98%E0%B8%B2%E0%B8%99%E0%B8%B5","https://amphon.co.th/รับซื้อ/รับซื้อ-apple-watch-อุบลราชธานี","Yes","PASS",""
"https://amphon.co.th/%E0%B8%A3%E0%B8%B1%E0%B8%9A%E0%B8%8B%E0%B8%B7%E0%B9%89%E0%B8%AD/%E0%B8%A3%E0%B8%B1%E0%B8%9A%E0%B8%8B%E0%B8%B7%E0%B9%89%E0%B8%AD-apple-watch-%E0%B8%AD%E0%B8%B8%E0%B8%94%E0%B8%A3%E0%B8%98%E0%B8%B2%E0%B8%99%E0%B8%B5","200","0","https://amphon.co.th/%E0%B8%A3%E0%B8%B1%E0%B8%9A%E0%B8%8B%E0%B8%B7%E0%B9%89%E0%B8%AD/%E0%B8%A3%E0%B8%B1%E0%B8%9A%E0%B8%8B%E0%B8%B7%E0%B9%89%E0%B8%AD-apple-watch-%E0%B8%AD%E0%B8%B8%E0%B8%94%E0%B8%A3%E0%B8%98%E0%B8%B2%E0%B8%99%E0%B8%B5","https://amphon.co.th/รับซื้อ/รับซื้อ-apple-watch-อุดรธานี","Yes","PASS",""
"https://amphon.co.th/%E0%B8%A3%E0%B8%B1%E0%B8%9A%E0%B8%8B%E0%B8%B7%E0%B9%89%E0%B8%AD/%E0%B8%A3%E0%B8%B1%E0%B8%9A%E0%B8%8B%E0%B8%B7%E0%B9%89%E0%B8%AD-apple-watch-%E0%B9%80%E0%B8%A5%E0%B8%A2","200","0","https://amphon.co.th/%E0%B8%A3%E0%B8%B1%E0%B8%9A%E0%B8%8B%E0%B8%B7%E0%B9%89%E0%B8%AD/%E0%B8%A3%E0%B8%B1%E0%B8%9A%E0%B8%8B%E0%B8%B7%E0%B9%89%E0%B8%AD-apple-watch-%E0%B9%80%E0%B8%A5%E0%B8%A2","https://amphon.co.th/รับซื้อ/รับซื้อ-apple-watch-เลย","Yes","PASS",""
"https://amphon.co.th/%E0%B8%A3%E0%B8%B1%E0%B8%9A%E0%B8%8B%E0%B8%B7%E0%B9%89%E0%B8%AD/%E0%B8%A3%E0%B8%B1%E0%B8%9A%E0%B8%8B%E0%B8%B7%E0%B9%89%E0%B8%AD-imac-%E0%B8%8A%E0%B8%B1%E0%B8%A2%E0%B8%A0%E0%B8%B9%E0%B8%A1%E0%B8%B4","200","0","https://amphon.co.th/%E0%B8%A3%E0%B8%B1%E0%B8%9A%E0%B8%8B%E0%B8%B7%E0%B9%89%E0%B8%AD/%E0%B8%A3%E0%B8%B1%E0%B8%9A%E0%B8%8B%E0%B8%B7%E0%B9%89%E0%B8%AD-imac-%E0%B8%8A%E0%B8%B1%E0%B8%A2%E0%B8%A0%E0%B8%B9%E0%B8%A1%E0%B8%B4","https://amphon.co.th/รับซื้อ/รับซื้อ-imac-ชัยภูมิ","Yes","PASS",""
"https://amphon.co.th/%E0%B8%A3%E0%B8%B1%E0%B8%9A%E0%B8%8B%E0%B8%B7%E0%B9%89%E0%B8%AD/%E0%B8%A3%E0%B8%B1%E0%B8%9A%E0%B8%8B%E0%B8%B7%E0%B9%89%E0%B8%AD-imac-%E0%B8%9A%E0%B8%B6%E0%B8%87%E0%B8%81%E0%B8%B2%E0%B8%AC","200","0","https://amphon.co.th/%E0%B8%A3%E0%B8%B1%E0%B8%9A%E0%B8%8B%E0%B8%B7%E0%B9%89%E0%B8%AD/%E0%B8%A3%E0%B8%B1%E0%B8%9A%E0%B8%8B%E0%B8%B7%E0%B9%89%E0%B8%AD-imac-%E0%B8%9A%E0%B8%B6%E0%B8%87%E0%B8%81%E0%B8%B2%E0%B8%AC","https://amphon.co.th/รับซื้อ/รับซื้อ-imac-บึงกาฬ","Yes","PASS",""
"https://amphon.co.th/%E0%B8%A3%E0%B8%B1%E0%B8%9A%E0%B8%8B%E0%B8%B7%E0%B9%89%E0%B8%AD/%E0%B8%A3%E0%B8%B1%E0%B8%9A%E0%B8%8B%E0%B8%B7%E0%B9%89%E0%B8%AD-imac-%E0%B8%9A%E0%B8%B8%E0%B8%A3%E0%B8%B5%E0%B8%A3%E0%B8%B1%E0%B8%A1%E0%B8%A2%E0%B9%8C","200","0","https://amphon.co.th/%E0%B8%A3%E0%B8%B1%E0%B8%9A%E0%B8%8B%E0%B8%B7%E0%B9%89%E0%B8%AD/%E0%B8%A3%E0%B8%B1%E0%B8%9A%E0%B8%8B%E0%B8%B7%E0%B9%89%E0%B8%AD-imac-%E0%B8%9A%E0%B8%B8%E0%B8%A3%E0%B8%B5%E0%B8%A3%E0%B8%B1%E0%B8%A1%E0%B8%A2%E0%B9%8C","https://amphon.co.th/รับซื้อ/รับซื้อ-imac-บุรีรัมย์","Yes","PASS",""
"https://amphon.co.th/%E0%B8%A3%E0%B8%B1%E0%B8%9A%E0%B8%8B%E0%B8%B7%E0%B9%89%E0%B8%AD/%E0%B8%A3%E0%B8%B1%E0%B8%9A%E0%B8%8B%E0%B8%B7%E0%B9%89%E0%B8%AD-imac-%E0%B8%81%E0%B8%B2%E0%B8%AC%E0%B8%AA%E0%B8%B4%E0%B8%99%E0%B8%98%E0%B8%B8%E0%B9%8C","200","0","https://amphon.co.th/%E0%B8%A3%E0%B8%B1%E0%B8%9A%E0%B8%8B%E0%B8%B7%E0%B9%89%E0%B8%AD/%E0%B8%A3%E0%B8%B1%E0%B8%9A%E0%B8%8B%E0%B8%B7%E0%B9%89%E0%B8%AD-imac-%E0%B8%81%E0%B8%B2%E0%B8%AC%E0%B8%AA%E0%B8%B4%E0%B8%99%E0%B8%98%E0%B8%B8%E0%B9%8C","https://amphon.co.th/รับซื้อ/รับซื้อ-imac-กาฬสินธุ์","Yes","PASS",""
"https://amphon.co.th/%E0%B8%A3%E0%B8%B1%E0%B8%9A%E0%B8%8B%E0%B8%B7%E0%B9%89%E0%B8%AD/%E0%B8%A3%E0%B8%B1%E0%B8%9A%E0%B8%8B%E0%B8%B7%E0%B9%89%E0%B8%AD-imac-%E0%B8%82%E0%B8%AD%E0%B8%99%E0%B9%81%E0%B8%81%E0%B9%88%E0%B8%99","200","0","https://amphon.co.th/%E0%B8%A3%E0%B8%B1%E0%B8%9A%E0%B8%8B%E0%B8%B7%E0%B9%89%E0%B8%AD/%E0%B8%A3%E0%B8%B1%E0%B8%9A%E0%B8%8B%E0%B8%B7%E0%B9%89%E0%B8%AD-imac-%E0%B8%82%E0%B8%AD%E0%B8%99%E0%B9%81%E0%B8%81%E0%B9%88%E0%B8%99","https://amphon.co.th/รับซื้อ/รับซื้อ-imac-ขอนแก่น","Yes","PASS",""
"https://amphon.co.th/%E0%B8%A3%E0%B8%B1%E0%B8%9A%E0%B8%8B%E0%B8%B7%E0%B9%89%E0%B8%AD/%E0%B8%A3%E0%B8%B1%E0%B8%9A%E0%B8%8B%E0%B8%B7%E0%B9%89%E0%B8%AD-imac-%E0%B8%99%E0%B8%84%E0%B8%A3%E0%B8%9E%E0%B8%99%E0%B8%A1","200","0","https://amphon.co.th/%E0%B8%A3%E0%B8%B1%E0%B8%9A%E0%B8%8B%E0%B8%B7%E0%B9%89%E0%B8%AD/%E0%B8%A3%E0%B8%B1%E0%B8%9A%E0%B8%8B%E0%B8%B7%E0%B9%89%E0%B8%AD-imac-%E0%B8%99%E0%B8%84%E0%B8%A3%E0%B8%9E%E0%B8%99%E0%B8%A1","https://amphon.co.th/รับซื้อ/รับซื้อ-imac-นครพนม","Yes","PASS",""
"https://amphon.co.th/%E0%B8%A3%E0%B8%B1%E0%B8%9A%E0%B8%8B%E0%B8%B7%E0%B9%89%E0%B8%AD/%E0%B8%A3%E0%B8%B1%E0%B8%9A%E0%B8%8B%E0%B8%B7%E0%B9%89%E0%B8%AD-imac-%E0%B8%99%E0%B8%84%E0%B8%A3%E0%B8%A3%E0%B8%B2%E0%B8%8A%E0%B8%AA%E0%B8%B5%E0%B8%A1%E0%B8%B2","200","0","https://amphon.co.th/%E0%B8%A3%E0%B8%B1%E0%B8%9A%E0%B8%8B%E0%B8%B7%E0%B9%89%E0%B8%AD/%E0%B8%A3%E0%B8%B1%E0%B8%9A%E0%B8%8B%E0%B8%B7%E0%B9%89%E0%B8%AD-imac-%E0%B8%99%E0%B8%84%E0%B8%A3%E0%B8%A3%E0%B8%B2%E0%B8%8A%E0%B8%AA%E0%B8%B5%E0%B8%A1%E0%B8%B2","https://amphon.co.th/รับซื้อ/รับซื้อ-imac-นครราชสีมา","Yes","PASS",""
"https://amphon.co.th/%E0%B8%A3%E0%B8%B1%E0%B8%9A%E0%B8%8B%E0%B8%B7%E0%B9%89%E0%B8%AD/%E0%B8%A3%E0%B8%B1%E0%B8%9A%E0%B8%8B%E0%B8%B7%E0%B9%89%E0%B8%AD-imac-%E0%B8%A1%E0%B8%AB%E0%B8%B2%E0%B8%AA%E0%B8%B2%E0%B8%A3%E0%B8%84%E0%B8%B2%E0%B8%A1","200","0","https://amphon.co.th/%E0%B8%A3%E0%B8%B1%E0%B8%9A%E0%B8%8B%E0%B8%B7%E0%B9%89%E0%B8%AD/%E0%B8%A3%E0%B8%B1%E0%B8%9A%E0%B8%8B%E0%B8%B7%E0%B9%89%E0%B8%AD-imac-%E0%B8%A1%E0%B8%AB%E0%B8%B2%E0%B8%AA%E0%B8%B2%E0%B8%A3%E0%B8%84%E0%B8%B2%E0%B8%A1","https://amphon.co.th/รับซื้อ/รับซื้อ-imac-มหาสารคาม","Yes","PASS",""
"https://amphon.co.th/%E0%B8%A3%E0%B8%B1%E0%B8%9A%E0%B8%8B%E0%B8%B7%E0%B9%89%E0%B8%AD/%E0%B8%A3%E0%B8%B1%E0%B8%9A%E0%B8%8B%E0%B8%B7%E0%B9%89%E0%B8%AD-imac-%E0%B8%A1%E0%B8%B8%E0%B8%81%E0%B8%94%E0%B8%B2%E0%B8%AB%E0%B8%B2%E0%B8%A3","200","0","https://amphon.co.th/%E0%B8%A3%E0%B8%B1%E0%B8%9A%E0%B8%8B%E0%B8%B7%E0%B9%89%E0%B8%AD/%E0%B8%A3%E0%B8%B1%E0%B8%9A%E0%B8%8B%E0%B8%B7%E0%B9%89%E0%B8%AD-imac-%E0%B8%A1%E0%B8%B8%E0%B8%81%E0%B8%94%E0%B8%B2%E0%B8%AB%E0%B8%B2%E0%B8%A3","https://amphon.co.th/รับซื้อ/รับซื้อ-imac-มุกดาหาร","Yes","PASS",""
"https://amphon.co.th/%E0%B8%A3%E0%B8%B1%E0%B8%9A%E0%B8%8B%E0%B8%B7%E0%B9%89%E0%B8%AD/%E0%B8%A3%E0%B8%B1%E0%B8%9A%E0%B8%8B%E0%B8%B7%E0%B9%89%E0%B8%AD-imac-%E0%B8%A2%E0%B9%82%E0%B8%AA%E0%B8%98%E0%B8%A3","200","0","https://amphon.co.th/%E0%B8%A3%E0%B8%B1%E0%B8%9A%E0%B8%8B%E0%B8%B7%E0%B9%89%E0%B8%AD/%E0%B8%A3%E0%B8%B1%E0%B8%9A%E0%B8%8B%E0%B8%B7%E0%B9%89%E0%B8%AD-imac-%E0%B8%A2%E0%B9%82%E0%B8%AA%E0%B8%98%E0%B8%A3","https://amphon.co.th/รับซื้อ/รับซื้อ-imac-ยโสธร","Yes","PASS",""
"https://amphon.co.th/%E0%B8%A3%E0%B8%B1%E0%B8%9A%E0%B8%8B%E0%B8%B7%E0%B9%89%E0%B8%AD/%E0%B8%A3%E0%B8%B1%E0%B8%9A%E0%B8%8B%E0%B8%B7%E0%B9%89%E0%B8%AD-imac-%E0%B8%A3%E0%B9%89%E0%B8%AD%E0%B8%A2%E0%B9%80%E0%B8%AD%E0%B9%87%E0%B8%94","200","0","https://amphon.co.th/%E0%B8%A3%E0%B8%B1%E0%B8%9A%E0%B8%8B%E0%B8%B7%E0%B9%89%E0%B8%AD/%E0%B8%A3%E0%B8%B1%E0%B8%9A%E0%B8%8B%E0%B8%B7%E0%B9%89%E0%B8%AD-imac-%E0%B8%A3%E0%B9%89%E0%B8%AD%E0%B8%A2%E0%B9%80%E0%B8%AD%E0%B9%87%E0%B8%94","https://amphon.co.th/รับซื้อ/รับซื้อ-imac-ร้อยเอ็ด","Yes","PASS",""
"https://amphon.co.th/%E0%B8%A3%E0%B8%B1%E0%B8%9A%E0%B8%8B%E0%B8%B7%E0%B9%89%E0%B8%AD/%E0%B8%A3%E0%B8%B1%E0%B8%9A%E0%B8%8B%E0%B8%B7%E0%B9%89%E0%B8%AD-imac-%E0%B8%A8%E0%B8%A3%E0%B8%B5%E0%B8%AA%E0%B8%B0%E0%B9%80%E0%B8%81%E0%B8%A9","200","0","https://amphon.co.th/%E0%B8%A3%E0%B8%B1%E0%B8%9A%E0%B8%8B%E0%B8%B7%E0%B9%89%E0%B8%AD/%E0%B8%A3%E0%B8%B1%E0%B8%9A%E0%B8%8B%E0%B8%B7%E0%B9%89%E0%B8%AD-imac-%E0%B8%A8%E0%B8%A3%E0%B8%B5%E0%B8%AA%E0%B8%B0%E0%B9%80%E0%B8%81%E0%B8%A9","https://amphon.co.th/รับซื้อ/รับซื้อ-imac-ศรีสะเกษ","Yes","PASS",""
"https://amphon.co.th/%E0%B8%A3%E0%B8%B1%E0%B8%9A%E0%B8%8B%E0%B8%B7%E0%B9%89%E0%B8%AD/%E0%B8%A3%E0%B8%B1%E0%B8%9A%E0%B8%8B%E0%B8%B7%E0%B9%89%E0%B8%AD-imac-%E0%B8%AA%E0%B8%81%E0%B8%A5%E0%B8%99%E0%B8%84%E0%B8%A3","200","0","https://amphon.co.th/%E0%B8%A3%E0%B8%B1%E0%B8%9A%E0%B8%8B%E0%B8%B7%E0%B9%89%E0%B8%AD/%E0%B8%A3%E0%B8%B1%E0%B8%9A%E0%B8%8B%E0%B8%B7%E0%B9%89%E0%B8%AD-imac-%E0%B8%AA%E0%B8%81%E0%B8%A5%E0%B8%99%E0%B8%84%E0%B8%A3","https://amphon.co.th/รับซื้อ/รับซื้อ-imac-สกลนคร","Yes","PASS",""
"https://amphon.co.th/%E0%B8%A3%E0%B8%B1%E0%B8%9A%E0%B8%8B%E0%B8%B7%E0%B9%89%E0%B8%AD/%E0%B8%A3%E0%B8%B1%E0%B8%9A%E0%B8%8B%E0%B8%B7%E0%B9%89%E0%B8%AD-imac-%E0%B8%AA%E0%B8%B8%E0%B8%A3%E0%B8%B4%E0%B8%99%E0%B8%97%E0%B8%A3%E0%B9%8C","200","0","https://amphon.co.th/%E0%B8%A3%E0%B8%B1%E0%B8%9A%E0%B8%8B%E0%B8%B7%E0%B9%89%E0%B8%AD/%E0%B8%A3%E0%B8%B1%E0%B8%9A%E0%B8%8B%E0%B8%B7%E0%B9%89%E0%B8%AD-imac-%E0%B8%AA%E0%B8%B8%E0%B8%A3%E0%B8%B4%E0%B8%99%E0%B8%97%E0%B8%A3%E0%B9%8C","https://amphon.co.th/รับซื้อ/รับซื้อ-imac-สุรินทร์","Yes","PASS",""
"https://amphon.co.th/%E0%B8%A3%E0%B8%B1%E0%B8%9A%E0%B8%8B%E0%B8%B7%E0%B9%89%E0%B8%AD/%E0%B8%A3%E0%B8%B1%E0%B8%9A%E0%B8%8B%E0%B8%B7%E0%B9%89%E0%B8%AD-imac-%E0%B8%AB%E0%B8%99%E0%B8%AD%E0%B8%87%E0%B8%9A%E0%B8%B1%E0%B8%A7%E0%B8%A5%E0%B8%B3%E0%B8%A0%E0%B8%B9","200","0","https://amphon.co.th/%E0%B8%A3%E0%B8%B1%E0%B8%9A%E0%B8%8B%E0%B8%B7%E0%B9%89%E0%B8%AD/%E0%B8%A3%E0%B8%B1%E0%B8%9A%E0%B8%8B%E0%B8%B7%E0%B9%89%E0%B8%AD-imac-%E0%B8%AB%E0%B8%99%E0%B8%AD%E0%B8%87%E0%B8%9A%E0%B8%B1%E0%B8%A7%E0%B8%A5%E0%B8%B3%E0%B8%A0%E0%B8%B9","https://amphon.co.th/รับซื้อ/รับซื้อ-imac-หนองบัวลำภู","Yes","PASS",""
"https://amphon.co.th/%E0%B8%A3%E0%B8%B1%E0%B8%9A%E0%B8%8B%E0%B8%B7%E0%B9%89%E0%B8%AD/%E0%B8%A3%E0%B8%B1%E0%B8%9A%E0%B8%8B%E0%B8%B7%E0%B9%89%E0%B8%AD-imac-%E0%B8%AB%E0%B8%99%E0%B8%AD%E0%B8%87%E0%B8%84%E0%B8%B2%E0%B8%A2","200","0","https://amphon.co.th/%E0%B8%A3%E0%B8%B1%E0%B8%9A%E0%B8%8B%E0%B8%B7%E0%B9%89%E0%B8%AD/%E0%B8%A3%E0%B8%B1%E0%B8%9A%E0%B8%8B%E0%B8%B7%E0%B9%89%E0%B8%AD-imac-%E0%B8%AB%E0%B8%99%E0%B8%AD%E0%B8%87%E0%B8%84%E0%B8%B2%E0%B8%A2","https://amphon.co.th/รับซื้อ/รับซื้อ-imac-หนองคาย","Yes","PASS",""
"https://amphon.co.th/%E0%B8%A3%E0%B8%B1%E0%B8%9A%E0%B8%8B%E0%B8%B7%E0%B9%89%E0%B8%AD/%E0%B8%A3%E0%B8%B1%E0%B8%9A%E0%B8%8B%E0%B8%B7%E0%B9%89%E0%B8%AD-imac-%E0%B8%AD%E0%B8%B3%E0%B8%99%E0%B8%B2%E0%B8%88%E0%B9%80%E0%B8%88%E0%B8%A3%E0%B8%B4%E0%B8%8D","200","0","https://amphon.co.th/%E0%B8%A3%E0%B8%B1%E0%B8%9A%E0%B8%8B%E0%B8%B7%E0%B9%89%E0%B8%AD/%E0%B8%A3%E0%B8%B1%E0%B8%9A%E0%B8%8B%E0%B8%B7%E0%B9%89%E0%B8%AD-imac-%E0%B8%AD%E0%B8%B3%E0%B8%99%E0%B8%B2%E0%B8%88%E0%B9%80%E0%B8%88%E0%B8%A3%E0%B8%B4%E0%B8%8D","https://amphon.co.th/รับซื้อ/รับซื้อ-imac-อำนาจเจริญ","Yes","PASS",""
"https://amphon.co.th/%E0%B8%A3%E0%B8%B1%E0%B8%9A%E0%B8%8B%E0%B8%B7%E0%B9%89%E0%B8%AD/%E0%B8%A3%E0%B8%B1%E0%B8%9A%E0%B8%8B%E0%B8%B7%E0%B9%89%E0%B8%AD-imac-%E0%B8%AD%E0%B8%B8%E0%B8%9A%E0%B8%A5%E0%B8%A3%E0%B8%B2%E0%B8%8A%E0%B8%98%E0%B8%B2%E0%B8%99%E0%B8%B5","200","0","https://amphon.co.th/%E0%B8%A3%E0%B8%B1%E0%B8%9A%E0%B8%8B%E0%B8%B7%E0%B9%89%E0%B8%AD/%E0%B8%A3%E0%B8%B1%E0%B8%9A%E0%B8%8B%E0%B8%B7%E0%B9%89%E0%B8%AD-imac-%E0%B8%AD%E0%B8%B8%E0%B8%9A%E0%B8%A5%E0%B8%A3%E0%B8%B2%E0%B8%8A%E0%B8%98%E0%B8%B2%E0%B8%99%E0%B8%B5","https://amphon.co.th/รับซื้อ/รับซื้อ-imac-อุบลราชธานี","Yes","PASS",""
"https://amphon.co.th/%E0%B8%A3%E0%B8%B1%E0%B8%9A%E0%B8%8B%E0%B8%B7%E0%B9%89%E0%B8%AD/%E0%B8%A3%E0%B8%B1%E0%B8%9A%E0%B8%8B%E0%B8%B7%E0%B9%89%E0%B8%AD-imac-%E0%B8%AD%E0%B8%B8%E0%B8%94%E0%B8%A3%E0%B8%98%E0%B8%B2%E0%B8%99%E0%B8%B5","200","0","https://amphon.co.th/%E0%B8%A3%E0%B8%B1%E0%B8%9A%E0%B8%8B%E0%B8%B7%E0%B9%89%E0%B8%AD/%E0%B8%A3%E0%B8%B1%E0%B8%9A%E0%B8%8B%E0%B8%B7%E0%B9%89%E0%B8%AD-imac-%E0%B8%AD%E0%B8%B8%E0%B8%94%E0%B8%A3%E0%B8%98%E0%B8%B2%E0%B8%99%E0%B8%B5","https://amphon.co.th/รับซื้อ/รับซื้อ-imac-อุดรธานี","Yes","PASS",""
"https://amphon.co.th/%E0%B8%A3%E0%B8%B1%E0%B8%9A%E0%B8%8B%E0%B8%B7%E0%B9%89%E0%B8%AD/%E0%B8%A3%E0%B8%B1%E0%B8%9A%E0%B8%8B%E0%B8%B7%E0%B9%89%E0%B8%AD-imac-%E0%B9%80%E0%B8%A5%E0%B8%A2","200","0","https://amphon.co.th/%E0%B8%A3%E0%B8%B1%E0%B8%9A%E0%B8%8B%E0%B8%B7%E0%B9%89%E0%B8%AD/%E0%B8%A3%E0%B8%B1%E0%B8%9A%E0%B8%8B%E0%B8%B7%E0%B9%89%E0%B8%AD-imac-%E0%B9%80%E0%B8%A5%E0%B8%A2","https://amphon.co.th/รับซื้อ/รับซื้อ-imac-เลย","Yes","PASS",""
"https://amphon.co.th/%E0%B8%A3%E0%B8%B1%E0%B8%9A%E0%B8%8B%E0%B8%B7%E0%B9%89%E0%B8%AD/%E0%B8%A3%E0%B8%B1%E0%B8%9A%E0%B8%8B%E0%B8%B7%E0%B9%89%E0%B8%AD-ipad-%E0%B8%8A%E0%B8%B1%E0%B8%A2%E0%B8%A0%E0%B8%B9%E0%B8%A1%E0%B8%B4","200","0","https://amphon.co.th/%E0%B8%A3%E0%B8%B1%E0%B8%9A%E0%B8%8B%E0%B8%B7%E0%B9%89%E0%B8%AD/%E0%B8%A3%E0%B8%B1%E0%B8%9A%E0%B8%8B%E0%B8%B7%E0%B9%89%E0%B8%AD-ipad-%E0%B8%8A%E0%B8%B1%E0%B8%A2%E0%B8%A0%E0%B8%B9%E0%B8%A1%E0%B8%B4","https://amphon.co.th/รับซื้อ/รับซื้อ-ipad-ชัยภูมิ","Yes","PASS",""
"https://amphon.co.th/%E0%B8%A3%E0%B8%B1%E0%B8%9A%E0%B8%8B%E0%B8%B7%E0%B9%89%E0%B8%AD/%E0%B8%A3%E0%B8%B1%E0%B8%9A%E0%B8%8B%E0%B8%B7%E0%B9%89%E0%B8%AD-ipad-%E0%B8%9A%E0%B8%B6%E0%B8%87%E0%B8%81%E0%B8%B2%E0%B8%AC","200","0","https://amphon.co.th/%E0%B8%A3%E0%B8%B1%E0%B8%9A%E0%B8%8B%E0%B8%B7%E0%B9%89%E0%B8%AD/%E0%B8%A3%E0%B8%B1%E0%B8%9A%E0%B8%8B%E0%B8%B7%E0%B9%89%E0%B8%AD-ipad-%E0%B8%9A%E0%B8%B6%E0%B8%87%E0%B8%81%E0%B8%B2%E0%B8%AC","https://amphon.co.th/รับซื้อ/รับซื้อ-ipad-บึงกาฬ","Yes","PASS",""
"https://amphon.co.th/%E0%B8%A3%E0%B8%B1%E0%B8%9A%E0%B8%8B%E0%B8%B7%E0%B9%89%E0%B8%AD/%E0%B8%A3%E0%B8%B1%E0%B8%9A%E0%B8%8B%E0%B8%B7%E0%B9%89%E0%B8%AD-ipad-%E0%B8%9A%E0%B8%B8%E0%B8%A3%E0%B8%B5%E0%B8%A3%E0%B8%B1%E0%B8%A1%E0%B8%A2%E0%B9%8C","200","0","https://amphon.co.th/%E0%B8%A3%E0%B8%B1%E0%B8%9A%E0%B8%8B%E0%B8%B7%E0%B9%89%E0%B8%AD/%E0%B8%A3%E0%B8%B1%E0%B8%9A%E0%B8%8B%E0%B8%B7%E0%B9%89%E0%B8%AD-ipad-%E0%B8%9A%E0%B8%B8%E0%B8%A3%E0%B8%B5%E0%B8%A3%E0%B8%B1%E0%B8%A1%E0%B8%A2%E0%B9%8C","https://amphon.co.th/รับซื้อ/รับซื้อ-ipad-บุรีรัมย์","Yes","PASS",""
"https://amphon.co.th/%E0%B8%A3%E0%B8%B1%E0%B8%9A%E0%B8%8B%E0%B8%B7%E0%B9%89%E0%B8%AD/%E0%B8%A3%E0%B8%B1%E0%B8%9A%E0%B8%8B%E0%B8%B7%E0%B9%89%E0%B8%AD-ipad-%E0%B8%81%E0%B8%B2%E0%B8%AC%E0%B8%AA%E0%B8%B4%E0%B8%99%E0%B8%98%E0%B8%B8%E0%B9%8C","200","0","https://amphon.co.th/%E0%B8%A3%E0%B8%B1%E0%B8%9A%E0%B8%8B%E0%B8%B7%E0%B9%89%E0%B8%AD/%E0%B8%A3%E0%B8%B1%E0%B8%9A%E0%B8%8B%E0%B8%B7%E0%B9%89%E0%B8%AD-ipad-%E0%B8%81%E0%B8%B2%E0%B8%AC%E0%B8%AA%E0%B8%B4%E0%B8%99%E0%B8%98%E0%B8%B8%E0%B9%8C","https://amphon.co.th/รับซื้อ/รับซื้อ-ipad-กาฬสินธุ์","Yes","PASS",""
"https://amphon.co.th/%E0%B8%A3%E0%B8%B1%E0%B8%9A%E0%B8%8B%E0%B8%B7%E0%B9%89%E0%B8%AD/%E0%B8%A3%E0%B8%B1%E0%B8%9A%E0%B8%8B%E0%B8%B7%E0%B9%89%E0%B8%AD-ipad-%E0%B8%82%E0%B8%AD%E0%B8%99%E0%B9%81%E0%B8%81%E0%B9%88%E0%B8%99","200","0","https://amphon.co.th/%E0%B8%A3%E0%B8%B1%E0%B8%9A%E0%B8%8B%E0%B8%B7%E0%B9%89%E0%B8%AD/%E0%B8%A3%E0%B8%B1%E0%B8%9A%E0%B8%8B%E0%B8%B7%E0%B9%89%E0%B8%AD-ipad-%E0%B8%82%E0%B8%AD%E0%B8%99%E0%B9%81%E0%B8%81%E0%B9%88%E0%B8%99","https://amphon.co.th/รับซื้อ/รับซื้อ-ipad-ขอนแก่น","Yes","PASS",""
"https://amphon.co.th/%E0%B8%A3%E0%B8%B1%E0%B8%9A%E0%B8%8B%E0%B8%B7%E0%B9%89%E0%B8%AD/%E0%B8%A3%E0%B8%B1%E0%B8%9A%E0%B8%8B%E0%B8%B7%E0%B9%89%E0%B8%AD-ipad-%E0%B8%99%E0%B8%84%E0%B8%A3%E0%B8%9E%E0%B8%99%E0%B8%A1","200","0","https://amphon.co.th/%E0%B8%A3%E0%B8%B1%E0%B8%9A%E0%B8%8B%E0%B8%B7%E0%B9%89%E0%B8%AD/%E0%B8%A3%E0%B8%B1%E0%B8%9A%E0%B8%8B%E0%B8%B7%E0%B9%89%E0%B8%AD-ipad-%E0%B8%99%E0%B8%84%E0%B8%A3%E0%B8%9E%E0%B8%99%E0%B8%A1","https://amphon.co.th/รับซื้อ/รับซื้อ-ipad-นครพนม","Yes","PASS",""
"https://amphon.co.th/%E0%B8%A3%E0%B8%B1%E0%B8%9A%E0%B8%8B%E0%B8%B7%E0%B9%89%E0%B8%AD/%E0%B8%A3%E0%B8%B1%E0%B8%9A%E0%B8%8B%E0%B8%B7%E0%B9%89%E0%B8%AD-ipad-%E0%B8%99%E0%B8%84%E0%B8%A3%E0%B8%A3%E0%B8%B2%E0%B8%8A%E0%B8%AA%E0%B8%B5%E0%B8%A1%E0%B8%B2","200","0","https://amphon.co.th/%E0%B8%A3%E0%B8%B1%E0%B8%9A%E0%B8%8B%E0%B8%B7%E0%B9%89%E0%B8%AD/%E0%B8%A3%E0%B8%B1%E0%B8%9A%E0%B8%8B%E0%B8%B7%E0%B9%89%E0%B8%AD-ipad-%E0%B8%99%E0%B8%84%E0%B8%A3%E0%B8%A3%E0%B8%B2%E0%B8%8A%E0%B8%AA%E0%B8%B5%E0%B8%A1%E0%B8%B2","https://amphon.co.th/รับซื้อ/รับซื้อ-ipad-นครราชสีมา","Yes","PASS",""
"https://amphon.co.th/%E0%B8%A3%E0%B8%B1%E0%B8%9A%E0%B8%8B%E0%B8%B7%E0%B9%89%E0%B8%AD/%E0%B8%A3%E0%B8%B1%E0%B8%9A%E0%B8%8B%E0%B8%B7%E0%B9%89%E0%B8%AD-ipad-%E0%B8%A1%E0%B8%AB%E0%B8%B2%E0%B8%AA%E0%B8%B2%E0%B8%A3%E0%B8%84%E0%B8%B2%E0%B8%A1","200","0","https://amphon.co.th/%E0%B8%A3%E0%B8%B1%E0%B8%9A%E0%B8%8B%E0%B8%B7%E0%B9%89%E0%B8%AD/%E0%B8%A3%E0%B8%B1%E0%B8%9A%E0%B8%8B%E0%B8%B7%E0%B9%89%E0%B8%AD-ipad-%E0%B8%A1%E0%B8%AB%E0%B8%B2%E0%B8%AA%E0%B8%B2%E0%B8%A3%E0%B8%84%E0%B8%B2%E0%B8%A1","https://amphon.co.th/รับซื้อ/รับซื้อ-ipad-มหาสารคาม","Yes","PASS",""
"https://amphon.co.th/%E0%B8%A3%E0%B8%B1%E0%B8%9A%E0%B8%8B%E0%B8%B7%E0%B9%89%E0%B8%AD/%E0%B8%A3%E0%B8%B1%E0%B8%9A%E0%B8%8B%E0%B8%B7%E0%B9%89%E0%B8%AD-ipad-%E0%B8%A1%E0%B8%B8%E0%B8%81%E0%B8%94%E0%B8%B2%E0%B8%AB%E0%B8%B2%E0%B8%A3","200","0","https://amphon.co.th/%E0%B8%A3%E0%B8%B1%E0%B8%9A%E0%B8%8B%E0%B8%B7%E0%B9%89%E0%B8%AD/%E0%B8%A3%E0%B8%B1%E0%B8%9A%E0%B8%8B%E0%B8%B7%E0%B9%89%E0%B8%AD-ipad-%E0%B8%A1%E0%B8%B8%E0%B8%81%E0%B8%94%E0%B8%B2%E0%B8%AB%E0%B8%B2%E0%B8%A3","https://amphon.co.th/รับซื้อ/รับซื้อ-ipad-มุกดาหาร","Yes","PASS",""
"https://amphon.co.th/%E0%B8%A3%E0%B8%B1%E0%B8%9A%E0%B8%8B%E0%B8%B7%E0%B9%89%E0%B8%AD/%E0%B8%A3%E0%B8%B1%E0%B8%9A%E0%B8%8B%E0%B8%B7%E0%B9%89%E0%B8%AD-ipad-%E0%B8%A2%E0%B9%82%E0%B8%AA%E0%B8%98%E0%B8%A3","200","0","https://amphon.co.th/%E0%B8%A3%E0%B8%B1%E0%B8%9A%E0%B8%8B%E0%B8%B7%E0%B9%89%E0%B8%AD/%E0%B8%A3%E0%B8%B1%E0%B8%9A%E0%B8%8B%E0%B8%B7%E0%B9%89%E0%B8%AD-ipad-%E0%B8%A2%E0%B9%82%E0%B8%AA%E0%B8%98%E0%B8%A3","https://amphon.co.th/รับซื้อ/รับซื้อ-ipad-ยโสธร","Yes","PASS",""
"https://amphon.co.th/%E0%B8%A3%E0%B8%B1%E0%B8%9A%E0%B8%8B%E0%B8%B7%E0%B9%89%E0%B8%AD/%E0%B8%A3%E0%B8%B1%E0%B8%9A%E0%B8%8B%E0%B8%B7%E0%B9%89%E0%B8%AD-ipad-%E0%B8%A3%E0%B9%89%E0%B8%AD%E0%B8%A2%E0%B9%80%E0%B8%AD%E0%B9%87%E0%B8%94","200","0","https://amphon.co.th/%E0%B8%A3%E0%B8%B1%E0%B8%9A%E0%B8%8B%E0%B8%B7%E0%B9%89%E0%B8%AD/%E0%B8%A3%E0%B8%B1%E0%B8%9A%E0%B8%8B%E0%B8%B7%E0%B9%89%E0%B8%AD-ipad-%E0%B8%A3%E0%B9%89%E0%B8%AD%E0%B8%A2%E0%B9%80%E0%B8%AD%E0%B9%87%E0%B8%94","https://amphon.co.th/รับซื้อ/รับซื้อ-ipad-ร้อยเอ็ด","Yes","PASS",""
"https://amphon.co.th/%E0%B8%A3%E0%B8%B1%E0%B8%9A%E0%B8%8B%E0%B8%B7%E0%B9%89%E0%B8%AD/%E0%B8%A3%E0%B8%B1%E0%B8%9A%E0%B8%8B%E0%B8%B7%E0%B9%89%E0%B8%AD-ipad-%E0%B8%A8%E0%B8%A3%E0%B8%B5%E0%B8%AA%E0%B8%B0%E0%B9%80%E0%B8%81%E0%B8%A9","200","0","https://amphon.co.th/%E0%B8%A3%E0%B8%B1%E0%B8%9A%E0%B8%8B%E0%B8%B7%E0%B9%89%E0%B8%AD/%E0%B8%A3%E0%B8%B1%E0%B8%9A%E0%B8%8B%E0%B8%B7%E0%B9%89%E0%B8%AD-ipad-%E0%B8%A8%E0%B8%A3%E0%B8%B5%E0%B8%AA%E0%B8%B0%E0%B9%80%E0%B8%81%E0%B8%A9","https://amphon.co.th/รับซื้อ/รับซื้อ-ipad-ศรีสะเกษ","Yes","PASS",""
"https://amphon.co.th/%E0%B8%A3%E0%B8%B1%E0%B8%9A%E0%B8%8B%E0%B8%B7%E0%B9%89%E0%B8%AD/%E0%B8%A3%E0%B8%B1%E0%B8%9A%E0%B8%8B%E0%B8%B7%E0%B9%89%E0%B8%AD-ipad-%E0%B8%AA%E0%B8%81%E0%B8%A5%E0%B8%99%E0%B8%84%E0%B8%A3","200","0","https://amphon.co.th/%E0%B8%A3%E0%B8%B1%E0%B8%9A%E0%B8%8B%E0%B8%B7%E0%B9%89%E0%B8%AD/%E0%B8%A3%E0%B8%B1%E0%B8%9A%E0%B8%8B%E0%B8%B7%E0%B9%89%E0%B8%AD-ipad-%E0%B8%AA%E0%B8%81%E0%B8%A5%E0%B8%99%E0%B8%84%E0%B8%A3","https://amphon.co.th/รับซื้อ/รับซื้อ-ipad-สกลนคร","Yes","PASS",""
"https://amphon.co.th/%E0%B8%A3%E0%B8%B1%E0%B8%9A%E0%B8%8B%E0%B8%B7%E0%B9%89%E0%B8%AD/%E0%B8%A3%E0%B8%B1%E0%B8%9A%E0%B8%8B%E0%B8%B7%E0%B9%89%E0%B8%AD-ipad-%E0%B8%AA%E0%B8%B8%E0%B8%A3%E0%B8%B4%E0%B8%99%E0%B8%97%E0%B8%A3%E0%B9%8C","200","0","https://amphon.co.th/%E0%B8%A3%E0%B8%B1%E0%B8%9A%E0%B8%8B%E0%B8%B7%E0%B9%89%E0%B8%AD/%E0%B8%A3%E0%B8%B1%E0%B8%9A%E0%B8%8B%E0%B8%B7%E0%B9%89%E0%B8%AD-ipad-%E0%B8%AA%E0%B8%B8%E0%B8%A3%E0%B8%B4%E0%B8%99%E0%B8%97%E0%B8%A3%E0%B9%8C","https://amphon.co.th/รับซื้อ/รับซื้อ-ipad-สุรินทร์","Yes","PASS",""
"https://amphon.co.th/%E0%B8%A3%E0%B8%B1%E0%B8%9A%E0%B8%8B%E0%B8%B7%E0%B9%89%E0%B8%AD/%E0%B8%A3%E0%B8%B1%E0%B8%9A%E0%B8%8B%E0%B8%B7%E0%B9%89%E0%B8%AD-ipad-%E0%B8%AB%E0%B8%99%E0%B8%AD%E0%B8%87%E0%B8%9A%E0%B8%B1%E0%B8%A7%E0%B8%A5%E0%B8%B3%E0%B8%A0%E0%B8%B9","200","0","https://amphon.co.th/%E0%B8%A3%E0%B8%B1%E0%B8%9A%E0%B8%8B%E0%B8%B7%E0%B9%89%E0%B8%AD/%E0%B8%A3%E0%B8%B1%E0%B8%9A%E0%B8%8B%E0%B8%B7%E0%B9%89%E0%B8%AD-ipad-%E0%B8%AB%E0%B8%99%E0%B8%AD%E0%B8%87%E0%B8%9A%E0%B8%B1%E0%B8%A7%E0%B8%A5%E0%B8%B3%E0%B8%A0%E0%B8%B9","https://amphon.co.th/รับซื้อ/รับซื้อ-ipad-หนองบัวลำภู","Yes","PASS",""
"https://amphon.co.th/%E0%B8%A3%E0%B8%B1%E0%B8%9A%E0%B8%8B%E0%B8%B7%E0%B9%89%E0%B8%AD/%E0%B8%A3%E0%B8%B1%E0%B8%9A%E0%B8%8B%E0%B8%B7%E0%B9%89%E0%B8%AD-ipad-%E0%B8%AB%E0%B8%99%E0%B8%AD%E0%B8%87%E0%B8%84%E0%B8%B2%E0%B8%A2","200","0","https://amphon.co.th/%E0%B8%A3%E0%B8%B1%E0%B8%9A%E0%B8%8B%E0%B8%B7%E0%B9%89%E0%B8%AD/%E0%B8%A3%E0%B8%B1%E0%B8%9A%E0%B8%8B%E0%B8%B7%E0%B9%89%E0%B8%AD-ipad-%E0%B8%AB%E0%B8%99%E0%B8%AD%E0%B8%87%E0%B8%84%E0%B8%B2%E0%B8%A2","https://amphon.co.th/รับซื้อ/รับซื้อ-ipad-หนองคาย","Yes","PASS",""
"https://amphon.co.th/%E0%B8%A3%E0%B8%B1%E0%B8%9A%E0%B8%8B%E0%B8%B7%E0%B9%89%E0%B8%AD/%E0%B8%A3%E0%B8%B1%E0%B8%9A%E0%B8%8B%E0%B8%B7%E0%B9%89%E0%B8%AD-ipad-%E0%B8%AD%E0%B8%B3%E0%B8%99%E0%B8%B2%E0%B8%88%E0%B9%80%E0%B8%88%E0%B8%A3%E0%B8%B4%E0%B8%8D","200","0","https://amphon.co.th/%E0%B8%A3%E0%B8%B1%E0%B8%9A%E0%B8%8B%E0%B8%B7%E0%B9%89%E0%B8%AD/%E0%B8%A3%E0%B8%B1%E0%B8%9A%E0%B8%8B%E0%B8%B7%E0%B9%89%E0%B8%AD-ipad-%E0%B8%AD%E0%B8%B3%E0%B8%99%E0%B8%B2%E0%B8%88%E0%B9%80%E0%B8%88%E0%B8%A3%E0%B8%B4%E0%B8%8D","https://amphon.co.th/รับซื้อ/รับซื้อ-ipad-อำนาจเจริญ","Yes","PASS",""
"https://amphon.co.th/%E0%B8%A3%E0%B8%B1%E0%B8%9A%E0%B8%8B%E0%B8%B7%E0%B9%89%E0%B8%AD/%E0%B8%A3%E0%B8%B1%E0%B8%9A%E0%B8%8B%E0%B8%B7%E0%B9%89%E0%B8%AD-ipad-%E0%B8%AD%E0%B8%B8%E0%B8%9A%E0%B8%A5%E0%B8%A3%E0%B8%B2%E0%B8%8A%E0%B8%98%E0%B8%B2%E0%B8%99%E0%B8%B5","200","0","https://amphon.co.th/%E0%B8%A3%E0%B8%B1%E0%B8%9A%E0%B8%8B%E0%B8%B7%E0%B9%89%E0%B8%AD/%E0%B8%A3%E0%B8%B1%E0%B8%9A%E0%B8%8B%E0%B8%B7%E0%B9%89%E0%B8%AD-ipad-%E0%B8%AD%E0%B8%B8%E0%B8%9A%E0%B8%A5%E0%B8%A3%E0%B8%B2%E0%B8%8A%E0%B8%98%E0%B8%B2%E0%B8%99%E0%B8%B5","https://amphon.co.th/รับซื้อ/รับซื้อ-ipad-อุบลราชธานี","Yes","PASS",""
"https://amphon.co.th/%E0%B8%A3%E0%B8%B1%E0%B8%9A%E0%B8%8B%E0%B8%B7%E0%B9%89%E0%B8%AD/%E0%B8%A3%E0%B8%B1%E0%B8%9A%E0%B8%8B%E0%B8%B7%E0%B9%89%E0%B8%AD-ipad-%E0%B8%AD%E0%B8%B8%E0%B8%94%E0%B8%A3%E0%B8%98%E0%B8%B2%E0%B8%99%E0%B8%B5","200","0","https://amphon.co.th/%E0%B8%A3%E0%B8%B1%E0%B8%9A%E0%B8%8B%E0%B8%B7%E0%B9%89%E0%B8%AD/%E0%B8%A3%E0%B8%B1%E0%B8%9A%E0%B8%8B%E0%B8%B7%E0%B9%89%E0%B8%AD-ipad-%E0%B8%AD%E0%B8%B8%E0%B8%94%E0%B8%A3%E0%B8%98%E0%B8%B2%E0%B8%99%E0%B8%B5","https://amphon.co.th/รับซื้อ/รับซื้อ-ipad-อุดรธานี","Yes","PASS",""
"https://amphon.co.th/%E0%B8%A3%E0%B8%B1%E0%B8%9A%E0%B8%8B%E0%B8%B7%E0%B9%89%E0%B8%AD/%E0%B8%A3%E0%B8%B1%E0%B8%9A%E0%B8%8B%E0%B8%B7%E0%B9%89%E0%B8%AD-ipad-%E0%B9%80%E0%B8%A5%E0%B8%A2","200","0","https://amphon.co.th/%E0%B8%A3%E0%B8%B1%E0%B8%9A%E0%B8%8B%E0%B8%B7%E0%B9%89%E0%B8%AD/%E0%B8%A3%E0%B8%B1%E0%B8%9A%E0%B8%8B%E0%B8%B7%E0%B9%89%E0%B8%AD-ipad-%E0%B9%80%E0%B8%A5%E0%B8%A2","https://amphon.co.th/รับซื้อ/รับซื้อ-ipad-เลย","Yes","PASS",""
"https://amphon.co.th/%E0%B8%A3%E0%B8%B1%E0%B8%9A%E0%B8%8B%E0%B8%B7%E0%B9%89%E0%B8%AD/%E0%B8%A3%E0%B8%B1%E0%B8%9A%E0%B8%8B%E0%B8%B7%E0%B9%89%E0%B8%AD-iphone-%E0%B8%8A%E0%B8%B1%E0%B8%A2%E0%B8%A0%E0%B8%B9%E0%B8%A1%E0%B8%B4","200","0","https://amphon.co.th/%E0%B8%A3%E0%B8%B1%E0%B8%9A%E0%B8%8B%E0%B8%B7%E0%B9%89%E0%B8%AD/%E0%B8%A3%E0%B8%B1%E0%B8%9A%E0%B8%8B%E0%B8%B7%E0%B9%89%E0%B8%AD-iphone-%E0%B8%8A%E0%B8%B1%E0%B8%A2%E0%B8%A0%E0%B8%B9%E0%B8%A1%E0%B8%B4","https://amphon.co.th/รับซื้อ/รับซื้อ-iphone-ชัยภูมิ","Yes","PASS",""
"https://amphon.co.th/%E0%B8%A3%E0%B8%B1%E0%B8%9A%E0%B8%8B%E0%B8%B7%E0%B9%89%E0%B8%AD/%E0%B8%A3%E0%B8%B1%E0%B8%9A%E0%B8%8B%E0%B8%B7%E0%B9%89%E0%B8%AD-iphone-%E0%B8%9A%E0%B8%B6%E0%B8%87%E0%B8%81%E0%B8%B2%E0%B8%AC","200","0","https://amphon.co.th/%E0%B8%A3%E0%B8%B1%E0%B8%9A%E0%B8%8B%E0%B8%B7%E0%B9%89%E0%B8%AD/%E0%B8%A3%E0%B8%B1%E0%B8%9A%E0%B8%8B%E0%B8%B7%E0%B9%89%E0%B8%AD-iphone-%E0%B8%9A%E0%B8%B6%E0%B8%87%E0%B8%81%E0%B8%B2%E0%B8%AC","https://amphon.co.th/รับซื้อ/รับซื้อ-iphone-บึงกาฬ","Yes","PASS",""
"https://amphon.co.th/%E0%B8%A3%E0%B8%B1%E0%B8%9A%E0%B8%8B%E0%B8%B7%E0%B9%89%E0%B8%AD/%E0%B8%A3%E0%B8%B1%E0%B8%9A%E0%B8%8B%E0%B8%B7%E0%B9%89%E0%B8%AD-iphone-%E0%B8%9A%E0%B8%B8%E0%B8%A3%E0%B8%B5%E0%B8%A3%E0%B8%B1%E0%B8%A1%E0%B8%A2%E0%B9%8C","200","0","https://amphon.co.th/%E0%B8%A3%E0%B8%B1%E0%B8%9A%E0%B8%8B%E0%B8%B7%E0%B9%89%E0%B8%AD/%E0%B8%A3%E0%B8%B1%E0%B8%9A%E0%B8%8B%E0%B8%B7%E0%B9%89%E0%B8%AD-iphone-%E0%B8%9A%E0%B8%B8%E0%B8%A3%E0%B8%B5%E0%B8%A3%E0%B8%B1%E0%B8%A1%E0%B8%A2%E0%B9%8C","https://amphon.co.th/รับซื้อ/รับซื้อ-iphone-บุรีรัมย์","Yes","PASS",""
"https://amphon.co.th/%E0%B8%A3%E0%B8%B1%E0%B8%9A%E0%B8%8B%E0%B8%B7%E0%B9%89%E0%B8%AD/%E0%B8%A3%E0%B8%B1%E0%B8%9A%E0%B8%8B%E0%B8%B7%E0%B9%89%E0%B8%AD-iphone-%E0%B8%81%E0%B8%B2%E0%B8%AC%E0%B8%AA%E0%B8%B4%E0%B8%99%E0%B8%98%E0%B8%B8%E0%B9%8C","200","0","https://amphon.co.th/%E0%B8%A3%E0%B8%B1%E0%B8%9A%E0%B8%8B%E0%B8%B7%E0%B9%89%E0%B8%AD/%E0%B8%A3%E0%B8%B1%E0%B8%9A%E0%B8%8B%E0%B8%B7%E0%B9%89%E0%B8%AD-iphone-%E0%B8%81%E0%B8%B2%E0%B8%AC%E0%B8%AA%E0%B8%B4%E0%B8%99%E0%B8%98%E0%B8%B8%E0%B9%8C","https://amphon.co.th/รับซื้อ/รับซื้อ-iphone-กาฬสินธุ์","Yes","PASS",""
"https://amphon.co.th/%E0%B8%A3%E0%B8%B1%E0%B8%9A%E0%B8%8B%E0%B8%B7%E0%B9%89%E0%B8%AD/%E0%B8%A3%E0%B8%B1%E0%B8%9A%E0%B8%8B%E0%B8%B7%E0%B9%89%E0%B8%AD-iphone-%E0%B8%82%E0%B8%AD%E0%B8%99%E0%B9%81%E0%B8%81%E0%B9%88%E0%B8%99","200","0","https://amphon.co.th/%E0%B8%A3%E0%B8%B1%E0%B8%9A%E0%B8%8B%E0%B8%B7%E0%B9%89%E0%B8%AD/%E0%B8%A3%E0%B8%B1%E0%B8%9A%E0%B8%8B%E0%B8%B7%E0%B9%89%E0%B8%AD-iphone-%E0%B8%82%E0%B8%AD%E0%B8%99%E0%B9%81%E0%B8%81%E0%B9%88%E0%B8%99","https://amphon.co.th/รับซื้อ/รับซื้อ-iphone-ขอนแก่น","Yes","PASS",""
"https://amphon.co.th/%E0%B8%A3%E0%B8%B1%E0%B8%9A%E0%B8%8B%E0%B8%B7%E0%B9%89%E0%B8%AD/%E0%B8%A3%E0%B8%B1%E0%B8%9A%E0%B8%8B%E0%B8%B7%E0%B9%89%E0%B8%AD-iphone-%E0%B8%99%E0%B8%84%E0%B8%A3%E0%B8%9E%E0%B8%99%E0%B8%A1","200","0","https://amphon.co.th/%E0%B8%A3%E0%B8%B1%E0%B8%9A%E0%B8%8B%E0%B8%B7%E0%B9%89%E0%B8%AD/%E0%B8%A3%E0%B8%B1%E0%B8%9A%E0%B8%8B%E0%B8%B7%E0%B9%89%E0%B8%AD-iphone-%E0%B8%99%E0%B8%84%E0%B8%A3%E0%B8%9E%E0%B8%99%E0%B8%A1","https://amphon.co.th/รับซื้อ/รับซื้อ-iphone-นครพนม","Yes","PASS",""
"https://amphon.co.th/%E0%B8%A3%E0%B8%B1%E0%B8%9A%E0%B8%8B%E0%B8%B7%E0%B9%89%E0%B8%AD/%E0%B8%A3%E0%B8%B1%E0%B8%9A%E0%B8%8B%E0%B8%B7%E0%B9%89%E0%B8%AD-iphone-%E0%B8%99%E0%B8%84%E0%B8%A3%E0%B8%A3%E0%B8%B2%E0%B8%8A%E0%B8%AA%E0%B8%B5%E0%B8%A1%E0%B8%B2","200","0","https://amphon.co.th/%E0%B8%A3%E0%B8%B1%E0%B8%9A%E0%B8%8B%E0%B8%B7%E0%B9%89%E0%B8%AD/%E0%B8%A3%E0%B8%B1%E0%B8%9A%E0%B8%8B%E0%B8%B7%E0%B9%89%E0%B8%AD-iphone-%E0%B8%99%E0%B8%84%E0%B8%A3%E0%B8%A3%E0%B8%B2%E0%B8%8A%E0%B8%AA%E0%B8%B5%E0%B8%A1%E0%B8%B2","https://amphon.co.th/รับซื้อ/รับซื้อ-iphone-นครราชสีมา","Yes","PASS",""
"https://amphon.co.th/%E0%B8%A3%E0%B8%B1%E0%B8%9A%E0%B8%8B%E0%B8%B7%E0%B9%89%E0%B8%AD/%E0%B8%A3%E0%B8%B1%E0%B8%9A%E0%B8%8B%E0%B8%B7%E0%B9%89%E0%B8%AD-iphone-%E0%B8%A1%E0%B8%AB%E0%B8%B2%E0%B8%AA%E0%B8%B2%E0%B8%A3%E0%B8%84%E0%B8%B2%E0%B8%A1","200","0","https://amphon.co.th/%E0%B8%A3%E0%B8%B1%E0%B8%9A%E0%B8%8B%E0%B8%B7%E0%B9%89%E0%B8%AD/%E0%B8%A3%E0%B8%B1%E0%B8%9A%E0%B8%8B%E0%B8%B7%E0%B9%89%E0%B8%AD-iphone-%E0%B8%A1%E0%B8%AB%E0%B8%B2%E0%B8%AA%E0%B8%B2%E0%B8%A3%E0%B8%84%E0%B8%B2%E0%B8%A1","https://amphon.co.th/รับซื้อ/รับซื้อ-iphone-มหาสารคาม","Yes","PASS",""
"https://amphon.co.th/%E0%B8%A3%E0%B8%B1%E0%B8%9A%E0%B8%8B%E0%B8%B7%E0%B9%89%E0%B8%AD/%E0%B8%A3%E0%B8%B1%E0%B8%9A%E0%B8%8B%E0%B8%B7%E0%B9%89%E0%B8%AD-iphone-%E0%B8%A1%E0%B8%B8%E0%B8%81%E0%B8%94%E0%B8%B2%E0%B8%AB%E0%B8%B2%E0%B8%A3","200","0","https://amphon.co.th/%E0%B8%A3%E0%B8%B1%E0%B8%9A%E0%B8%8B%E0%B8%B7%E0%B9%89%E0%B8%AD/%E0%B8%A3%E0%B8%B1%E0%B8%9A%E0%B8%8B%E0%B8%B7%E0%B9%89%E0%B8%AD-iphone-%E0%B8%A1%E0%B8%B8%E0%B8%81%E0%B8%94%E0%B8%B2%E0%B8%AB%E0%B8%B2%E0%B8%A3","https://amphon.co.th/รับซื้อ/รับซื้อ-iphone-มุกดาหาร","Yes","PASS",""
"https://amphon.co.th/%E0%B8%A3%E0%B8%B1%E0%B8%9A%E0%B8%8B%E0%B8%B7%E0%B9%89%E0%B8%AD/%E0%B8%A3%E0%B8%B1%E0%B8%9A%E0%B8%8B%E0%B8%B7%E0%B9%89%E0%B8%AD-iphone-%E0%B8%A2%E0%B9%82%E0%B8%AA%E0%B8%98%E0%B8%A3","200","0","https://amphon.co.th/%E0%B8%A3%E0%B8%B1%E0%B8%9A%E0%B8%8B%E0%B8%B7%E0%B9%89%E0%B8%AD/%E0%B8%A3%E0%B8%B1%E0%B8%9A%E0%B8%8B%E0%B8%B7%E0%B9%89%E0%B8%AD-iphone-%E0%B8%A2%E0%B9%82%E0%B8%AA%E0%B8%98%E0%B8%A3","https://amphon.co.th/รับซื้อ/รับซื้อ-iphone-ยโสธร","Yes","PASS",""
"https://amphon.co.th/%E0%B8%A3%E0%B8%B1%E0%B8%9A%E0%B8%8B%E0%B8%B7%E0%B9%89%E0%B8%AD/%E0%B8%A3%E0%B8%B1%E0%B8%9A%E0%B8%8B%E0%B8%B7%E0%B9%89%E0%B8%AD-iphone-%E0%B8%A3%E0%B9%89%E0%B8%AD%E0%B8%A2%E0%B9%80%E0%B8%AD%E0%B9%87%E0%B8%94","200","0","https://amphon.co.th/%E0%B8%A3%E0%B8%B1%E0%B8%9A%E0%B8%8B%E0%B8%B7%E0%B9%89%E0%B8%AD/%E0%B8%A3%E0%B8%B1%E0%B8%9A%E0%B8%8B%E0%B8%B7%E0%B9%89%E0%B8%AD-iphone-%E0%B8%A3%E0%B9%89%E0%B8%AD%E0%B8%A2%E0%B9%80%E0%B8%AD%E0%B9%87%E0%B8%94","https://amphon.co.th/รับซื้อ/รับซื้อ-iphone-ร้อยเอ็ด","Yes","PASS",""
"https://amphon.co.th/%E0%B8%A3%E0%B8%B1%E0%B8%9A%E0%B8%8B%E0%B8%B7%E0%B9%89%E0%B8%AD/%E0%B8%A3%E0%B8%B1%E0%B8%9A%E0%B8%8B%E0%B8%B7%E0%B9%89%E0%B8%AD-iphone-%E0%B8%A8%E0%B8%A3%E0%B8%B5%E0%B8%AA%E0%B8%B0%E0%B9%80%E0%B8%81%E0%B8%A9","200","0","https://amphon.co.th/%E0%B8%A3%E0%B8%B1%E0%B8%9A%E0%B8%8B%E0%B8%B7%E0%B9%89%E0%B8%AD/%E0%B8%A3%E0%B8%B1%E0%B8%9A%E0%B8%8B%E0%B8%B7%E0%B9%89%E0%B8%AD-iphone-%E0%B8%A8%E0%B8%A3%E0%B8%B5%E0%B8%AA%E0%B8%B0%E0%B9%80%E0%B8%81%E0%B8%A9","https://amphon.co.th/รับซื้อ/รับซื้อ-iphone-ศรีสะเกษ","Yes","PASS",""
"https://amphon.co.th/%E0%B8%A3%E0%B8%B1%E0%B8%9A%E0%B8%8B%E0%B8%B7%E0%B9%89%E0%B8%AD/%E0%B8%A3%E0%B8%B1%E0%B8%9A%E0%B8%8B%E0%B8%B7%E0%B9%89%E0%B8%AD-iphone-%E0%B8%AA%E0%B8%81%E0%B8%A5%E0%B8%99%E0%B8%84%E0%B8%A3","200","0","https://amphon.co.th/%E0%B8%A3%E0%B8%B1%E0%B8%9A%E0%B8%8B%E0%B8%B7%E0%B9%89%E0%B8%AD/%E0%B8%A3%E0%B8%B1%E0%B8%9A%E0%B8%8B%E0%B8%B7%E0%B9%89%E0%B8%AD-iphone-%E0%B8%AA%E0%B8%81%E0%B8%A5%E0%B8%99%E0%B8%84%E0%B8%A3","https://amphon.co.th/รับซื้อ/รับซื้อ-iphone-สกลนคร","Yes","PASS",""
"https://amphon.co.th/%E0%B8%A3%E0%B8%B1%E0%B8%9A%E0%B8%8B%E0%B8%B7%E0%B9%89%E0%B8%AD/%E0%B8%A3%E0%B8%B1%E0%B8%9A%E0%B8%8B%E0%B8%B7%E0%B9%89%E0%B8%AD-iphone-%E0%B8%AA%E0%B8%B8%E0%B8%A3%E0%B8%B4%E0%B8%99%E0%B8%97%E0%B8%A3%E0%B9%8C","200","0","https://amphon.co.th/%E0%B8%A3%E0%B8%B1%E0%B8%9A%E0%B8%8B%E0%B8%B7%E0%B9%89%E0%B8%AD/%E0%B8%A3%E0%B8%B1%E0%B8%9A%E0%B8%8B%E0%B8%B7%E0%B9%89%E0%B8%AD-iphone-%E0%B8%AA%E0%B8%B8%E0%B8%A3%E0%B8%B4%E0%B8%99%E0%B8%97%E0%B8%A3%E0%B9%8C","https://amphon.co.th/รับซื้อ/รับซื้อ-iphone-สุรินทร์","Yes","PASS",""
"https://amphon.co.th/%E0%B8%A3%E0%B8%B1%E0%B8%9A%E0%B8%8B%E0%B8%B7%E0%B9%89%E0%B8%AD/%E0%B8%A3%E0%B8%B1%E0%B8%9A%E0%B8%8B%E0%B8%B7%E0%B9%89%E0%B8%AD-iphone-%E0%B8%AB%E0%B8%99%E0%B8%AD%E0%B8%87%E0%B8%9A%E0%B8%B1%E0%B8%A7%E0%B8%A5%E0%B8%B3%E0%B8%A0%E0%B8%B9","200","0","https://amphon.co.th/%E0%B8%A3%E0%B8%B1%E0%B8%9A%E0%B8%8B%E0%B8%B7%E0%B9%89%E0%B8%AD/%E0%B8%A3%E0%B8%B1%E0%B8%9A%E0%B8%8B%E0%B8%B7%E0%B9%89%E0%B8%AD-iphone-%E0%B8%AB%E0%B8%99%E0%B8%AD%E0%B8%87%E0%B8%9A%E0%B8%B1%E0%B8%A7%E0%B8%A5%E0%B8%B3%E0%B8%A0%E0%B8%B9","https://amphon.co.th/รับซื้อ/รับซื้อ-iphone-หนองบัวลำภู","Yes","PASS",""
"https://amphon.co.th/%E0%B8%A3%E0%B8%B1%E0%B8%9A%E0%B8%8B%E0%B8%B7%E0%B9%89%E0%B8%AD/%E0%B8%A3%E0%B8%B1%E0%B8%9A%E0%B8%8B%E0%B8%B7%E0%B9%89%E0%B8%AD-iphone-%E0%B8%AB%E0%B8%99%E0%B8%AD%E0%B8%87%E0%B8%84%E0%B8%B2%E0%B8%A2","200","0","https://amphon.co.th/%E0%B8%A3%E0%B8%B1%E0%B8%9A%E0%B8%8B%E0%B8%B7%E0%B9%89%E0%B8%AD/%E0%B8%A3%E0%B8%B1%E0%B8%9A%E0%B8%8B%E0%B8%B7%E0%B9%89%E0%B8%AD-iphone-%E0%B8%AB%E0%B8%99%E0%B8%AD%E0%B8%87%E0%B8%84%E0%B8%B2%E0%B8%A2","https://amphon.co.th/รับซื้อ/รับซื้อ-iphone-หนองคาย","Yes","PASS",""
"https://amphon.co.th/%E0%B8%A3%E0%B8%B1%E0%B8%9A%E0%B8%8B%E0%B8%B7%E0%B9%89%E0%B8%AD/%E0%B8%A3%E0%B8%B1%E0%B8%9A%E0%B8%8B%E0%B8%B7%E0%B9%89%E0%B8%AD-iphone-%E0%B8%AD%E0%B8%B3%E0%B8%99%E0%B8%B2%E0%B8%88%E0%B9%80%E0%B8%88%E0%B8%A3%E0%B8%B4%E0%B8%8D","200","0","https://amphon.co.th/%E0%B8%A3%E0%B8%B1%E0%B8%9A%E0%B8%8B%E0%B8%B7%E0%B9%89%E0%B8%AD/%E0%B8%A3%E0%B8%B1%E0%B8%9A%E0%B8%8B%E0%B8%B7%E0%B9%89%E0%B8%AD-iphone-%E0%B8%AD%E0%B8%B3%E0%B8%99%E0%B8%B2%E0%B8%88%E0%B9%80%E0%B8%88%E0%B8%A3%E0%B8%B4%E0%B8%8D","https://amphon.co.th/รับซื้อ/รับซื้อ-iphone-อำนาจเจริญ","Yes","PASS",""
"https://amphon.co.th/%E0%B8%A3%E0%B8%B1%E0%B8%9A%E0%B8%8B%E0%B8%B7%E0%B9%89%E0%B8%AD/%E0%B8%A3%E0%B8%B1%E0%B8%9A%E0%B8%8B%E0%B8%B7%E0%B9%89%E0%B8%AD-iphone-%E0%B8%AD%E0%B8%B8%E0%B8%9A%E0%B8%A5%E0%B8%A3%E0%B8%B2%E0%B8%8A%E0%B8%98%E0%B8%B2%E0%B8%99%E0%B8%B5","200","0","https://amphon.co.th/%E0%B8%A3%E0%B8%B1%E0%B8%9A%E0%B8%8B%E0%B8%B7%E0%B9%89%E0%B8%AD/%E0%B8%A3%E0%B8%B1%E0%B8%9A%E0%B8%8B%E0%B8%B7%E0%B9%89%E0%B8%AD-iphone-%E0%B8%AD%E0%B8%B8%E0%B8%9A%E0%B8%A5%E0%B8%A3%E0%B8%B2%E0%B8%8A%E0%B8%98%E0%B8%B2%E0%B8%99%E0%B8%B5","https://amphon.co.th/รับซื้อ/รับซื้อ-iphone-อุบลราชธานี","Yes","PASS",""
"https://amphon.co.th/%E0%B8%A3%E0%B8%B1%E0%B8%9A%E0%B8%8B%E0%B8%B7%E0%B9%89%E0%B8%AD/%E0%B8%A3%E0%B8%B1%E0%B8%9A%E0%B8%8B%E0%B8%B7%E0%B9%89%E0%B8%AD-iphone-%E0%B8%AD%E0%B8%B8%E0%B8%94%E0%B8%A3%E0%B8%98%E0%B8%B2%E0%B8%99%E0%B8%B5","200","0","https://amphon.co.th/%E0%B8%A3%E0%B8%B1%E0%B8%9A%E0%B8%8B%E0%B8%B7%E0%B9%89%E0%B8%AD/%E0%B8%A3%E0%B8%B1%E0%B8%9A%E0%B8%8B%E0%B8%B7%E0%B9%89%E0%B8%AD-iphone-%E0%B8%AD%E0%B8%B8%E0%B8%94%E0%B8%A3%E0%B8%98%E0%B8%B2%E0%B8%99%E0%B8%B5","https://amphon.co.th/รับซื้อ/รับซื้อ-iphone-อุดรธานี","Yes","PASS",""
"https://amphon.co.th/%E0%B8%A3%E0%B8%B1%E0%B8%9A%E0%B8%8B%E0%B8%B7%E0%B9%89%E0%B8%AD/%E0%B8%A3%E0%B8%B1%E0%B8%9A%E0%B8%8B%E0%B8%B7%E0%B9%89%E0%B8%AD-iphone-%E0%B9%80%E0%B8%A5%E0%B8%A2","200","0","https://amphon.co.th/%E0%B8%A3%E0%B8%B1%E0%B8%9A%E0%B8%8B%E0%B8%B7%E0%B9%89%E0%B8%AD/%E0%B8%A3%E0%B8%B1%E0%B8%9A%E0%B8%8B%E0%B8%B7%E0%B9%89%E0%B8%AD-iphone-%E0%B9%80%E0%B8%A5%E0%B8%A2","https://amphon.co.th/รับซื้อ/รับซื้อ-iphone-เลย","Yes","PASS",""
"https://amphon.co.th/%E0%B8%A3%E0%B8%B1%E0%B8%9A%E0%B8%8B%E0%B8%B7%E0%B9%89%E0%B8%AD/%E0%B8%A3%E0%B8%B1%E0%B8%9A%E0%B8%8B%E0%B8%B7%E0%B9%89%E0%B8%AD-jbl-%E0%B8%8A%E0%B8%B1%E0%B8%A2%E0%B8%A0%E0%B8%B9%E0%B8%A1%E0%B8%B4","200","0","https://amphon.co.th/%E0%B8%A3%E0%B8%B1%E0%B8%9A%E0%B8%8B%E0%B8%B7%E0%B9%89%E0%B8%AD/%E0%B8%A3%E0%B8%B1%E0%B8%9A%E0%B8%8B%E0%B8%B7%E0%B9%89%E0%B8%AD-jbl-%E0%B8%8A%E0%B8%B1%E0%B8%A2%E0%B8%A0%E0%B8%B9%E0%B8%A1%E0%B8%B4","https://amphon.co.th/รับซื้อ/รับซื้อ-jbl-ชัยภูมิ","Yes","PASS",""
"https://amphon.co.th/%E0%B8%A3%E0%B8%B1%E0%B8%9A%E0%B8%8B%E0%B8%B7%E0%B9%89%E0%B8%AD/%E0%B8%A3%E0%B8%B1%E0%B8%9A%E0%B8%8B%E0%B8%B7%E0%B9%89%E0%B8%AD-jbl-%E0%B8%9A%E0%B8%B6%E0%B8%87%E0%B8%81%E0%B8%B2%E0%B8%AC","200","0","https://amphon.co.th/%E0%B8%A3%E0%B8%B1%E0%B8%9A%E0%B8%8B%E0%B8%B7%E0%B9%89%E0%B8%AD/%E0%B8%A3%E0%B8%B1%E0%B8%9A%E0%B8%8B%E0%B8%B7%E0%B9%89%E0%B8%AD-jbl-%E0%B8%9A%E0%B8%B6%E0%B8%87%E0%B8%81%E0%B8%B2%E0%B8%AC","https://amphon.co.th/รับซื้อ/รับซื้อ-jbl-บึงกาฬ","Yes","PASS",""
"https://amphon.co.th/%E0%B8%A3%E0%B8%B1%E0%B8%9A%E0%B8%8B%E0%B8%B7%E0%B9%89%E0%B8%AD/%E0%B8%A3%E0%B8%B1%E0%B8%9A%E0%B8%8B%E0%B8%B7%E0%B9%89%E0%B8%AD-jbl-%E0%B8%9A%E0%B8%B8%E0%B8%A3%E0%B8%B5%E0%B8%A3%E0%B8%B1%E0%B8%A1%E0%B8%A2%E0%B9%8C","200","0","https://amphon.co.th/%E0%B8%A3%E0%B8%B1%E0%B8%9A%E0%B8%8B%E0%B8%B7%E0%B9%89%E0%B8%AD/%E0%B8%A3%E0%B8%B1%E0%B8%9A%E0%B8%8B%E0%B8%B7%E0%B9%89%E0%B8%AD-jbl-%E0%B8%9A%E0%B8%B8%E0%B8%A3%E0%B8%B5%E0%B8%A3%E0%B8%B1%E0%B8%A1%E0%B8%A2%E0%B9%8C","https://amphon.co.th/รับซื้อ/รับซื้อ-jbl-บุรีรัมย์","Yes","PASS",""
"https://amphon.co.th/%E0%B8%A3%E0%B8%B1%E0%B8%9A%E0%B8%8B%E0%B8%B7%E0%B9%89%E0%B8%AD/%E0%B8%A3%E0%B8%B1%E0%B8%9A%E0%B8%8B%E0%B8%B7%E0%B9%89%E0%B8%AD-jbl-%E0%B8%81%E0%B8%B2%E0%B8%AC%E0%B8%AA%E0%B8%B4%E0%B8%99%E0%B8%98%E0%B8%B8%E0%B9%8C","200","0","https://amphon.co.th/%E0%B8%A3%E0%B8%B1%E0%B8%9A%E0%B8%8B%E0%B8%B7%E0%B9%89%E0%B8%AD/%E0%B8%A3%E0%B8%B1%E0%B8%9A%E0%B8%8B%E0%B8%B7%E0%B9%89%E0%B8%AD-jbl-%E0%B8%81%E0%B8%B2%E0%B8%AC%E0%B8%AA%E0%B8%B4%E0%B8%99%E0%B8%98%E0%B8%B8%E0%B9%8C","https://amphon.co.th/รับซื้อ/รับซื้อ-jbl-กาฬสินธุ์","Yes","PASS",""
"https://amphon.co.th/%E0%B8%A3%E0%B8%B1%E0%B8%9A%E0%B8%8B%E0%B8%B7%E0%B9%89%E0%B8%AD/%E0%B8%A3%E0%B8%B1%E0%B8%9A%E0%B8%8B%E0%B8%B7%E0%B9%89%E0%B8%AD-jbl-%E0%B8%82%E0%B8%AD%E0%B8%99%E0%B9%81%E0%B8%81%E0%B9%88%E0%B8%99","200","0","https://amphon.co.th/%E0%B8%A3%E0%B8%B1%E0%B8%9A%E0%B8%8B%E0%B8%B7%E0%B9%89%E0%B8%AD/%E0%B8%A3%E0%B8%B1%E0%B8%9A%E0%B8%8B%E0%B8%B7%E0%B9%89%E0%B8%AD-jbl-%E0%B8%82%E0%B8%AD%E0%B8%99%E0%B9%81%E0%B8%81%E0%B9%88%E0%B8%99","https://amphon.co.th/รับซื้อ/รับซื้อ-jbl-ขอนแก่น","Yes","PASS",""
"https://amphon.co.th/%E0%B8%A3%E0%B8%B1%E0%B8%9A%E0%B8%8B%E0%B8%B7%E0%B9%89%E0%B8%AD/%E0%B8%A3%E0%B8%B1%E0%B8%9A%E0%B8%8B%E0%B8%B7%E0%B9%89%E0%B8%AD-jbl-%E0%B8%99%E0%B8%84%E0%B8%A3%E0%B8%9E%E0%B8%99%E0%B8%A1","200","0","https://amphon.co.th/%E0%B8%A3%E0%B8%B1%E0%B8%9A%E0%B8%8B%E0%B8%B7%E0%B9%89%E0%B8%AD/%E0%B8%A3%E0%B8%B1%E0%B8%9A%E0%B8%8B%E0%B8%B7%E0%B9%89%E0%B8%AD-jbl-%E0%B8%99%E0%B8%84%E0%B8%A3%E0%B8%9E%E0%B8%99%E0%B8%A1","https://amphon.co.th/รับซื้อ/รับซื้อ-jbl-นครพนม","Yes","PASS",""
"https://amphon.co.th/%E0%B8%A3%E0%B8%B1%E0%B8%9A%E0%B8%8B%E0%B8%B7%E0%B9%89%E0%B8%AD/%E0%B8%A3%E0%B8%B1%E0%B8%9A%E0%B8%8B%E0%B8%B7%E0%B9%89%E0%B8%AD-jbl-%E0%B8%99%E0%B8%84%E0%B8%A3%E0%B8%A3%E0%B8%B2%E0%B8%8A%E0%B8%AA%E0%B8%B5%E0%B8%A1%E0%B8%B2","200","0","https://amphon.co.th/%E0%B8%A3%E0%B8%B1%E0%B8%9A%E0%B8%8B%E0%B8%B7%E0%B9%89%E0%B8%AD/%E0%B8%A3%E0%B8%B1%E0%B8%9A%E0%B8%8B%E0%B8%B7%E0%B9%89%E0%B8%AD-jbl-%E0%B8%99%E0%B8%84%E0%B8%A3%E0%B8%A3%E0%B8%B2%E0%B8%8A%E0%B8%AA%E0%B8%B5%E0%B8%A1%E0%B8%B2","https://amphon.co.th/รับซื้อ/รับซื้อ-jbl-นครราชสีมา","Yes","PASS",""
"https://amphon.co.th/%E0%B8%A3%E0%B8%B1%E0%B8%9A%E0%B8%8B%E0%B8%B7%E0%B9%89%E0%B8%AD/%E0%B8%A3%E0%B8%B1%E0%B8%9A%E0%B8%8B%E0%B8%B7%E0%B9%89%E0%B8%AD-jbl-%E0%B8%A1%E0%B8%AB%E0%B8%B2%E0%B8%AA%E0%B8%B2%E0%B8%A3%E0%B8%84%E0%B8%B2%E0%B8%A1","200","0","https://amphon.co.th/%E0%B8%A3%E0%B8%B1%E0%B8%9A%E0%B8%8B%E0%B8%B7%E0%B9%89%E0%B8%AD/%E0%B8%A3%E0%B8%B1%E0%B8%9A%E0%B8%8B%E0%B8%B7%E0%B9%89%E0%B8%AD-jbl-%E0%B8%A1%E0%B8%AB%E0%B8%B2%E0%B8%AA%E0%B8%B2%E0%B8%A3%E0%B8%84%E0%B8%B2%E0%B8%A1","https://amphon.co.th/รับซื้อ/รับซื้อ-jbl-มหาสารคาม","Yes","PASS",""
"https://amphon.co.th/%E0%B8%A3%E0%B8%B1%E0%B8%9A%E0%B8%8B%E0%B8%B7%E0%B9%89%E0%B8%AD/%E0%B8%A3%E0%B8%B1%E0%B8%9A%E0%B8%8B%E0%B8%B7%E0%B9%89%E0%B8%AD-jbl-%E0%B8%A1%E0%B8%B8%E0%B8%81%E0%B8%94%E0%B8%B2%E0%B8%AB%E0%B8%B2%E0%B8%A3","200","0","https://amphon.co.th/%E0%B8%A3%E0%B8%B1%E0%B8%9A%E0%B8%8B%E0%B8%B7%E0%B9%89%E0%B8%AD/%E0%B8%A3%E0%B8%B1%E0%B8%9A%E0%B8%8B%E0%B8%B7%E0%B9%89%E0%B8%AD-jbl-%E0%B8%A1%E0%B8%B8%E0%B8%81%E0%B8%94%E0%B8%B2%E0%B8%AB%E0%B8%B2%E0%B8%A3","https://amphon.co.th/รับซื้อ/รับซื้อ-jbl-มุกดาหาร","Yes","PASS",""
"https://amphon.co.th/%E0%B8%A3%E0%B8%B1%E0%B8%9A%E0%B8%8B%E0%B8%B7%E0%B9%89%E0%B8%AD/%E0%B8%A3%E0%B8%B1%E0%B8%9A%E0%B8%8B%E0%B8%B7%E0%B9%89%E0%B8%AD-jbl-%E0%B8%A2%E0%B9%82%E0%B8%AA%E0%B8%98%E0%B8%A3","200","0","https://amphon.co.th/%E0%B8%A3%E0%B8%B1%E0%B8%9A%E0%B8%8B%E0%B8%B7%E0%B9%89%E0%B8%AD/%E0%B8%A3%E0%B8%B1%E0%B8%9A%E0%B8%8B%E0%B8%B7%E0%B9%89%E0%B8%AD-jbl-%E0%B8%A2%E0%B9%82%E0%B8%AA%E0%B8%98%E0%B8%A3","https://amphon.co.th/รับซื้อ/รับซื้อ-jbl-ยโสธร","Yes","PASS",""
"https://amphon.co.th/%E0%B8%A3%E0%B8%B1%E0%B8%9A%E0%B8%8B%E0%B8%B7%E0%B9%89%E0%B8%AD/%E0%B8%A3%E0%B8%B1%E0%B8%9A%E0%B8%8B%E0%B8%B7%E0%B9%89%E0%B8%AD-jbl-%E0%B8%A3%E0%B9%89%E0%B8%AD%E0%B8%A2%E0%B9%80%E0%B8%AD%E0%B9%87%E0%B8%94","200","0","https://amphon.co.th/%E0%B8%A3%E0%B8%B1%E0%B8%9A%E0%B8%8B%E0%B8%B7%E0%B9%89%E0%B8%AD/%E0%B8%A3%E0%B8%B1%E0%B8%9A%E0%B8%8B%E0%B8%B7%E0%B9%89%E0%B8%AD-jbl-%E0%B8%A3%E0%B9%89%E0%B8%AD%E0%B8%A2%E0%B9%80%E0%B8%AD%E0%B9%87%E0%B8%94","https://amphon.co.th/รับซื้อ/รับซื้อ-jbl-ร้อยเอ็ด","Yes","PASS",""
"https://amphon.co.th/%E0%B8%A3%E0%B8%B1%E0%B8%9A%E0%B8%8B%E0%B8%B7%E0%B9%89%E0%B8%AD/%E0%B8%A3%E0%B8%B1%E0%B8%9A%E0%B8%8B%E0%B8%B7%E0%B9%89%E0%B8%AD-jbl-%E0%B8%A8%E0%B8%A3%E0%B8%B5%E0%B8%AA%E0%B8%B0%E0%B9%80%E0%B8%81%E0%B8%A9","200","0","https://amphon.co.th/%E0%B8%A3%E0%B8%B1%E0%B8%9A%E0%B8%8B%E0%B8%B7%E0%B9%89%E0%B8%AD/%E0%B8%A3%E0%B8%B1%E0%B8%9A%E0%B8%8B%E0%B8%B7%E0%B9%89%E0%B8%AD-jbl-%E0%B8%A8%E0%B8%A3%E0%B8%B5%E0%B8%AA%E0%B8%B0%E0%B9%80%E0%B8%81%E0%B8%A9","https://amphon.co.th/รับซื้อ/รับซื้อ-jbl-ศรีสะเกษ","Yes","PASS",""
"https://amphon.co.th/%E0%B8%A3%E0%B8%B1%E0%B8%9A%E0%B8%8B%E0%B8%B7%E0%B9%89%E0%B8%AD/%E0%B8%A3%E0%B8%B1%E0%B8%9A%E0%B8%8B%E0%B8%B7%E0%B9%89%E0%B8%AD-jbl-%E0%B8%AA%E0%B8%81%E0%B8%A5%E0%B8%99%E0%B8%84%E0%B8%A3","200","0","https://amphon.co.th/%E0%B8%A3%E0%B8%B1%E0%B8%9A%E0%B8%8B%E0%B8%B7%E0%B9%89%E0%B8%AD/%E0%B8%A3%E0%B8%B1%E0%B8%9A%E0%B8%8B%E0%B8%B7%E0%B9%89%E0%B8%AD-jbl-%E0%B8%AA%E0%B8%81%E0%B8%A5%E0%B8%99%E0%B8%84%E0%B8%A3","https://amphon.co.th/รับซื้อ/รับซื้อ-jbl-สกลนคร","Yes","PASS",""
"https://amphon.co.th/%E0%B8%A3%E0%B8%B1%E0%B8%9A%E0%B8%8B%E0%B8%B7%E0%B9%89%E0%B8%AD/%E0%B8%A3%E0%B8%B1%E0%B8%9A%E0%B8%8B%E0%B8%B7%E0%B9%89%E0%B8%AD-jbl-%E0%B8%AA%E0%B8%B8%E0%B8%A3%E0%B8%B4%E0%B8%99%E0%B8%97%E0%B8%A3%E0%B9%8C","200","0","https://amphon.co.th/%E0%B8%A3%E0%B8%B1%E0%B8%9A%E0%B8%8B%E0%B8%B7%E0%B9%89%E0%B8%AD/%E0%B8%A3%E0%B8%B1%E0%B8%9A%E0%B8%8B%E0%B8%B7%E0%B9%89%E0%B8%AD-jbl-%E0%B8%AA%E0%B8%B8%E0%B8%A3%E0%B8%B4%E0%B8%99%E0%B8%97%E0%B8%A3%E0%B9%8C","https://amphon.co.th/รับซื้อ/รับซื้อ-jbl-สุรินทร์","Yes","PASS",""
"https://amphon.co.th/%E0%B8%A3%E0%B8%B1%E0%B8%9A%E0%B8%8B%E0%B8%B7%E0%B9%89%E0%B8%AD/%E0%B8%A3%E0%B8%B1%E0%B8%9A%E0%B8%8B%E0%B8%B7%E0%B9%89%E0%B8%AD-jbl-%E0%B8%AB%E0%B8%99%E0%B8%AD%E0%B8%87%E0%B8%9A%E0%B8%B1%E0%B8%A7%E0%B8%A5%E0%B8%B3%E0%B8%A0%E0%B8%B9","200","0","https://amphon.co.th/%E0%B8%A3%E0%B8%B1%E0%B8%9A%E0%B8%8B%E0%B8%B7%E0%B9%89%E0%B8%AD/%E0%B8%A3%E0%B8%B1%E0%B8%9A%E0%B8%8B%E0%B8%B7%E0%B9%89%E0%B8%AD-jbl-%E0%B8%AB%E0%B8%99%E0%B8%AD%E0%B8%87%E0%B8%9A%E0%B8%B1%E0%B8%A7%E0%B8%A5%E0%B8%B3%E0%B8%A0%E0%B8%B9","https://amphon.co.th/รับซื้อ/รับซื้อ-jbl-หนองบัวลำภู","Yes","PASS",""
"https://amphon.co.th/%E0%B8%A3%E0%B8%B1%E0%B8%9A%E0%B8%8B%E0%B8%B7%E0%B9%89%E0%B8%AD/%E0%B8%A3%E0%B8%B1%E0%B8%9A%E0%B8%8B%E0%B8%B7%E0%B9%89%E0%B8%AD-jbl-%E0%B8%AB%E0%B8%99%E0%B8%AD%E0%B8%87%E0%B8%84%E0%B8%B2%E0%B8%A2","200","0","https://amphon.co.th/%E0%B8%A3%E0%B8%B1%E0%B8%9A%E0%B8%8B%E0%B8%B7%E0%B9%89%E0%B8%AD/%E0%B8%A3%E0%B8%B1%E0%B8%9A%E0%B8%8B%E0%B8%B7%E0%B9%89%E0%B8%AD-jbl-%E0%B8%AB%E0%B8%99%E0%B8%AD%E0%B8%87%E0%B8%84%E0%B8%B2%E0%B8%A2","https://amphon.co.th/รับซื้อ/รับซื้อ-jbl-หนองคาย","Yes","PASS",""
"https://amphon.co.th/%E0%B8%A3%E0%B8%B1%E0%B8%9A%E0%B8%8B%E0%B8%B7%E0%B9%89%E0%B8%AD/%E0%B8%A3%E0%B8%B1%E0%B8%9A%E0%B8%8B%E0%B8%B7%E0%B9%89%E0%B8%AD-jbl-%E0%B8%AD%E0%B8%B3%E0%B8%99%E0%B8%B2%E0%B8%88%E0%B9%80%E0%B8%88%E0%B8%A3%E0%B8%B4%E0%B8%8D","200","0","https://amphon.co.th/%E0%B8%A3%E0%B8%B1%E0%B8%9A%E0%B8%8B%E0%B8%B7%E0%B9%89%E0%B8%AD/%E0%B8%A3%E0%B8%B1%E0%B8%9A%E0%B8%8B%E0%B8%B7%E0%B9%89%E0%B8%AD-jbl-%E0%B8%AD%E0%B8%B3%E0%B8%99%E0%B8%B2%E0%B8%88%E0%B9%80%E0%B8%88%E0%B8%A3%E0%B8%B4%E0%B8%8D","https://amphon.co.th/รับซื้อ/รับซื้อ-jbl-อำนาจเจริญ","Yes","PASS",""
"https://amphon.co.th/%E0%B8%A3%E0%B8%B1%E0%B8%9A%E0%B8%8B%E0%B8%B7%E0%B9%89%E0%B8%AD/%E0%B8%A3%E0%B8%B1%E0%B8%9A%E0%B8%8B%E0%B8%B7%E0%B9%89%E0%B8%AD-jbl-%E0%B8%AD%E0%B8%B8%E0%B8%9A%E0%B8%A5%E0%B8%A3%E0%B8%B2%E0%B8%8A%E0%B8%98%E0%B8%B2%E0%B8%99%E0%B8%B5","200","0","https://amphon.co.th/%E0%B8%A3%E0%B8%B1%E0%B8%9A%E0%B8%8B%E0%B8%B7%E0%B9%89%E0%B8%AD/%E0%B8%A3%E0%B8%B1%E0%B8%9A%E0%B8%8B%E0%B8%B7%E0%B9%89%E0%B8%AD-jbl-%E0%B8%AD%E0%B8%B8%E0%B8%9A%E0%B8%A5%E0%B8%A3%E0%B8%B2%E0%B8%8A%E0%B8%98%E0%B8%B2%E0%B8%99%E0%B8%B5","https://amphon.co.th/รับซื้อ/รับซื้อ-jbl-อุบลราชธานี","Yes","PASS",""
"https://amphon.co.th/%E0%B8%A3%E0%B8%B1%E0%B8%9A%E0%B8%8B%E0%B8%B7%E0%B9%89%E0%B8%AD/%E0%B8%A3%E0%B8%B1%E0%B8%9A%E0%B8%8B%E0%B8%B7%E0%B9%89%E0%B8%AD-jbl-%E0%B8%AD%E0%B8%B8%E0%B8%94%E0%B8%A3%E0%B8%98%E0%B8%B2%E0%B8%99%E0%B8%B5","200","0","https://amphon.co.th/%E0%B8%A3%E0%B8%B1%E0%B8%9A%E0%B8%8B%E0%B8%B7%E0%B9%89%E0%B8%AD/%E0%B8%A3%E0%B8%B1%E0%B8%9A%E0%B8%8B%E0%B8%B7%E0%B9%89%E0%B8%AD-jbl-%E0%B8%AD%E0%B8%B8%E0%B8%94%E0%B8%A3%E0%B8%98%E0%B8%B2%E0%B8%99%E0%B8%B5","https://amphon.co.th/รับซื้อ/รับซื้อ-jbl-อุดรธานี","Yes","PASS",""
"https://amphon.co.th/%E0%B8%A3%E0%B8%B1%E0%B8%9A%E0%B8%8B%E0%B8%B7%E0%B9%89%E0%B8%AD/%E0%B8%A3%E0%B8%B1%E0%B8%9A%E0%B8%8B%E0%B8%B7%E0%B9%89%E0%B8%AD-jbl-%E0%B9%80%E0%B8%A5%E0%B8%A2","200","0","https://amphon.co.th/%E0%B8%A3%E0%B8%B1%E0%B8%9A%E0%B8%8B%E0%B8%B7%E0%B9%89%E0%B8%AD/%E0%B8%A3%E0%B8%B1%E0%B8%9A%E0%B8%8B%E0%B8%B7%E0%B9%89%E0%B8%AD-jbl-%E0%B9%80%E0%B8%A5%E0%B8%A2","https://amphon.co.th/รับซื้อ/รับซื้อ-jbl-เลย","Yes","PASS",""
"https://amphon.co.th/%E0%B8%A3%E0%B8%B1%E0%B8%9A%E0%B8%8B%E0%B8%B7%E0%B9%89%E0%B8%AD/%E0%B8%A3%E0%B8%B1%E0%B8%9A%E0%B8%8B%E0%B8%B7%E0%B9%89%E0%B8%AD-mac-mini-%E0%B8%8A%E0%B8%B1%E0%B8%A2%E0%B8%A0%E0%B8%B9%E0%B8%A1%E0%B8%B4","200","0","https://amphon.co.th/%E0%B8%A3%E0%B8%B1%E0%B8%9A%E0%B8%8B%E0%B8%B7%E0%B9%89%E0%B8%AD/%E0%B8%A3%E0%B8%B1%E0%B8%9A%E0%B8%8B%E0%B8%B7%E0%B9%89%E0%B8%AD-mac-mini-%E0%B8%8A%E0%B8%B1%E0%B8%A2%E0%B8%A0%E0%B8%B9%E0%B8%A1%E0%B8%B4","https://amphon.co.th/รับซื้อ/รับซื้อ-mac-mini-ชัยภูมิ","Yes","PASS",""
"https://amphon.co.th/%E0%B8%A3%E0%B8%B1%E0%B8%9A%E0%B8%8B%E0%B8%B7%E0%B9%89%E0%B8%AD/%E0%B8%A3%E0%B8%B1%E0%B8%9A%E0%B8%8B%E0%B8%B7%E0%B9%89%E0%B8%AD-mac-mini-%E0%B8%9A%E0%B8%B6%E0%B8%87%E0%B8%81%E0%B8%B2%E0%B8%AC","200","0","https://amphon.co.th/%E0%B8%A3%E0%B8%B1%E0%B8%9A%E0%B8%8B%E0%B8%B7%E0%B9%89%E0%B8%AD/%E0%B8%A3%E0%B8%B1%E0%B8%9A%E0%B8%8B%E0%B8%B7%E0%B9%89%E0%B8%AD-mac-mini-%E0%B8%9A%E0%B8%B6%E0%B8%87%E0%B8%81%E0%B8%B2%E0%B8%AC","https://amphon.co.th/รับซื้อ/รับซื้อ-mac-mini-บึงกาฬ","Yes","PASS",""
"https://amphon.co.th/%E0%B8%A3%E0%B8%B1%E0%B8%9A%E0%B8%8B%E0%B8%B7%E0%B9%89%E0%B8%AD/%E0%B8%A3%E0%B8%B1%E0%B8%9A%E0%B8%8B%E0%B8%B7%E0%B9%89%E0%B8%AD-mac-mini-%E0%B8%9A%E0%B8%B8%E0%B8%A3%E0%B8%B5%E0%B8%A3%E0%B8%B1%E0%B8%A1%E0%B8%A2%E0%B9%8C","200","0","https://amphon.co.th/%E0%B8%A3%E0%B8%B1%E0%B8%9A%E0%B8%8B%E0%B8%B7%E0%B9%89%E0%B8%AD/%E0%B8%A3%E0%B8%B1%E0%B8%9A%E0%B8%8B%E0%B8%B7%E0%B9%89%E0%B8%AD-mac-mini-%E0%B8%9A%E0%B8%B8%E0%B8%A3%E0%B8%B5%E0%B8%A3%E0%B8%B1%E0%B8%A1%E0%B8%A2%E0%B9%8C","https://amphon.co.th/รับซื้อ/รับซื้อ-mac-mini-บุรีรัมย์","Yes","PASS",""
"https://amphon.co.th/%E0%B8%A3%E0%B8%B1%E0%B8%9A%E0%B8%8B%E0%B8%B7%E0%B9%89%E0%B8%AD/%E0%B8%A3%E0%B8%B1%E0%B8%9A%E0%B8%8B%E0%B8%B7%E0%B9%89%E0%B8%AD-mac-mini-%E0%B8%81%E0%B8%B2%E0%B8%AC%E0%B8%AA%E0%B8%B4%E0%B8%99%E0%B8%98%E0%B8%B8%E0%B9%8C","200","0","https://amphon.co.th/%E0%B8%A3%E0%B8%B1%E0%B8%9A%E0%B8%8B%E0%B8%B7%E0%B9%89%E0%B8%AD/%E0%B8%A3%E0%B8%B1%E0%B8%9A%E0%B8%8B%E0%B8%B7%E0%B9%89%E0%B8%AD-mac-mini-%E0%B8%81%E0%B8%B2%E0%B8%AC%E0%B8%AA%E0%B8%B4%E0%B8%99%E0%B8%98%E0%B8%B8%E0%B9%8C","https://amphon.co.th/รับซื้อ/รับซื้อ-mac-mini-กาฬสินธุ์","Yes","PASS",""
"https://amphon.co.th/%E0%B8%A3%E0%B8%B1%E0%B8%9A%E0%B8%8B%E0%B8%B7%E0%B9%89%E0%B8%AD/%E0%B8%A3%E0%B8%B1%E0%B8%9A%E0%B8%8B%E0%B8%B7%E0%B9%89%E0%B8%AD-mac-mini-%E0%B8%82%E0%B8%AD%E0%B8%99%E0%B9%81%E0%B8%81%E0%B9%88%E0%B8%99","200","0","https://amphon.co.th/%E0%B8%A3%E0%B8%B1%E0%B8%9A%E0%B8%8B%E0%B8%B7%E0%B9%89%E0%B8%AD/%E0%B8%A3%E0%B8%B1%E0%B8%9A%E0%B8%8B%E0%B8%B7%E0%B9%89%E0%B8%AD-mac-mini-%E0%B8%82%E0%B8%AD%E0%B8%99%E0%B9%81%E0%B8%81%E0%B9%88%E0%B8%99","https://amphon.co.th/รับซื้อ/รับซื้อ-mac-mini-ขอนแก่น","Yes","PASS",""
"https://amphon.co.th/%E0%B8%A3%E0%B8%B1%E0%B8%9A%E0%B8%8B%E0%B8%B7%E0%B9%89%E0%B8%AD/%E0%B8%A3%E0%B8%B1%E0%B8%9A%E0%B8%8B%E0%B8%B7%E0%B9%89%E0%B8%AD-mac-mini-%E0%B8%99%E0%B8%84%E0%B8%A3%E0%B8%9E%E0%B8%99%E0%B8%A1","200","0","https://amphon.co.th/%E0%B8%A3%E0%B8%B1%E0%B8%9A%E0%B8%8B%E0%B8%B7%E0%B9%89%E0%B8%AD/%E0%B8%A3%E0%B8%B1%E0%B8%9A%E0%B8%8B%E0%B8%B7%E0%B9%89%E0%B8%AD-mac-mini-%E0%B8%99%E0%B8%84%E0%B8%A3%E0%B8%9E%E0%B8%99%E0%B8%A1","https://amphon.co.th/รับซื้อ/รับซื้อ-mac-mini-นครพนม","Yes","PASS",""
"https://amphon.co.th/%E0%B8%A3%E0%B8%B1%E0%B8%9A%E0%B8%8B%E0%B8%B7%E0%B9%89%E0%B8%AD/%E0%B8%A3%E0%B8%B1%E0%B8%9A%E0%B8%8B%E0%B8%B7%E0%B9%89%E0%B8%AD-mac-mini-%E0%B8%99%E0%B8%84%E0%B8%A3%E0%B8%A3%E0%B8%B2%E0%B8%8A%E0%B8%AA%E0%B8%B5%E0%B8%A1%E0%B8%B2","200","0","https://amphon.co.th/%E0%B8%A3%E0%B8%B1%E0%B8%9A%E0%B8%8B%E0%B8%B7%E0%B9%89%E0%B8%AD/%E0%B8%A3%E0%B8%B1%E0%B8%9A%E0%B8%8B%E0%B8%B7%E0%B9%89%E0%B8%AD-mac-mini-%E0%B8%99%E0%B8%84%E0%B8%A3%E0%B8%A3%E0%B8%B2%E0%B8%8A%E0%B8%AA%E0%B8%B5%E0%B8%A1%E0%B8%B2","https://amphon.co.th/รับซื้อ/รับซื้อ-mac-mini-นครราชสีมา","Yes","PASS",""
"https://amphon.co.th/%E0%B8%A3%E0%B8%B1%E0%B8%9A%E0%B8%8B%E0%B8%B7%E0%B9%89%E0%B8%AD/%E0%B8%A3%E0%B8%B1%E0%B8%9A%E0%B8%8B%E0%B8%B7%E0%B9%89%E0%B8%AD-mac-mini-%E0%B8%A1%E0%B8%AB%E0%B8%B2%E0%B8%AA%E0%B8%B2%E0%B8%A3%E0%B8%84%E0%B8%B2%E0%B8%A1","200","0","https://amphon.co.th/%E0%B8%A3%E0%B8%B1%E0%B8%9A%E0%B8%8B%E0%B8%B7%E0%B9%89%E0%B8%AD/%E0%B8%A3%E0%B8%B1%E0%B8%9A%E0%B8%8B%E0%B8%B7%E0%B9%89%E0%B8%AD-mac-mini-%E0%B8%A1%E0%B8%AB%E0%B8%B2%E0%B8%AA%E0%B8%B2%E0%B8%A3%E0%B8%84%E0%B8%B2%E0%B8%A1","https://amphon.co.th/รับซื้อ/รับซื้อ-mac-mini-มหาสารคาม","Yes","PASS",""
"https://amphon.co.th/%E0%B8%A3%E0%B8%B1%E0%B8%9A%E0%B8%8B%E0%B8%B7%E0%B9%89%E0%B8%AD/%E0%B8%A3%E0%B8%B1%E0%B8%9A%E0%B8%8B%E0%B8%B7%E0%B9%89%E0%B8%AD-mac-mini-%E0%B8%A1%E0%B8%B8%E0%B8%81%E0%B8%94%E0%B8%B2%E0%B8%AB%E0%B8%B2%E0%B8%A3","200","0","https://amphon.co.th/%E0%B8%A3%E0%B8%B1%E0%B8%9A%E0%B8%8B%E0%B8%B7%E0%B9%89%E0%B8%AD/%E0%B8%A3%E0%B8%B1%E0%B8%9A%E0%B8%8B%E0%B8%B7%E0%B9%89%E0%B8%AD-mac-mini-%E0%B8%A1%E0%B8%B8%E0%B8%81%E0%B8%94%E0%B8%B2%E0%B8%AB%E0%B8%B2%E0%B8%A3","https://amphon.co.th/รับซื้อ/รับซื้อ-mac-mini-มุกดาหาร","Yes","PASS",""
"https://amphon.co.th/%E0%B8%A3%E0%B8%B1%E0%B8%9A%E0%B8%8B%E0%B8%B7%E0%B9%89%E0%B8%AD/%E0%B8%A3%E0%B8%B1%E0%B8%9A%E0%B8%8B%E0%B8%B7%E0%B9%89%E0%B8%AD-mac-mini-%E0%B8%A2%E0%B9%82%E0%B8%AA%E0%B8%98%E0%B8%A3","200","0","https://amphon.co.th/%E0%B8%A3%E0%B8%B1%E0%B8%9A%E0%B8%8B%E0%B8%B7%E0%B9%89%E0%B8%AD/%E0%B8%A3%E0%B8%B1%E0%B8%9A%E0%B8%8B%E0%B8%B7%E0%B9%89%E0%B8%AD-mac-mini-%E0%B8%A2%E0%B9%82%E0%B8%AA%E0%B8%98%E0%B8%A3","https://amphon.co.th/รับซื้อ/รับซื้อ-mac-mini-ยโสธร","Yes","PASS",""
"https://amphon.co.th/%E0%B8%A3%E0%B8%B1%E0%B8%9A%E0%B8%8B%E0%B8%B7%E0%B9%89%E0%B8%AD/%E0%B8%A3%E0%B8%B1%E0%B8%9A%E0%B8%8B%E0%B8%B7%E0%B9%89%E0%B8%AD-mac-mini-%E0%B8%A3%E0%B9%89%E0%B8%AD%E0%B8%A2%E0%B9%80%E0%B8%AD%E0%B9%87%E0%B8%94","200","0","https://amphon.co.th/%E0%B8%A3%E0%B8%B1%E0%B8%9A%E0%B8%8B%E0%B8%B7%E0%B9%89%E0%B8%AD/%E0%B8%A3%E0%B8%B1%E0%B8%9A%E0%B8%8B%E0%B8%B7%E0%B9%89%E0%B8%AD-mac-mini-%E0%B8%A3%E0%B9%89%E0%B8%AD%E0%B8%A2%E0%B9%80%E0%B8%AD%E0%B9%87%E0%B8%94","https://amphon.co.th/รับซื้อ/รับซื้อ-mac-mini-ร้อยเอ็ด","Yes","PASS",""
"https://amphon.co.th/%E0%B8%A3%E0%B8%B1%E0%B8%9A%E0%B8%8B%E0%B8%B7%E0%B9%89%E0%B8%AD/%E0%B8%A3%E0%B8%B1%E0%B8%9A%E0%B8%8B%E0%B8%B7%E0%B9%89%E0%B8%AD-mac-mini-%E0%B8%A8%E0%B8%A3%E0%B8%B5%E0%B8%AA%E0%B8%B0%E0%B9%80%E0%B8%81%E0%B8%A9","200","0","https://amphon.co.th/%E0%B8%A3%E0%B8%B1%E0%B8%9A%E0%B8%8B%E0%B8%B7%E0%B9%89%E0%B8%AD/%E0%B8%A3%E0%B8%B1%E0%B8%9A%E0%B8%8B%E0%B8%B7%E0%B9%89%E0%B8%AD-mac-mini-%E0%B8%A8%E0%B8%A3%E0%B8%B5%E0%B8%AA%E0%B8%B0%E0%B9%80%E0%B8%81%E0%B8%A9","https://amphon.co.th/รับซื้อ/รับซื้อ-mac-mini-ศรีสะเกษ","Yes","PASS",""
"https://amphon.co.th/%E0%B8%A3%E0%B8%B1%E0%B8%9A%E0%B8%8B%E0%B8%B7%E0%B9%89%E0%B8%AD/%E0%B8%A3%E0%B8%B1%E0%B8%9A%E0%B8%8B%E0%B8%B7%E0%B9%89%E0%B8%AD-mac-mini-%E0%B8%AA%E0%B8%81%E0%B8%A5%E0%B8%99%E0%B8%84%E0%B8%A3","200","0","https://amphon.co.th/%E0%B8%A3%E0%B8%B1%E0%B8%9A%E0%B8%8B%E0%B8%B7%E0%B9%89%E0%B8%AD/%E0%B8%A3%E0%B8%B1%E0%B8%9A%E0%B8%8B%E0%B8%B7%E0%B9%89%E0%B8%AD-mac-mini-%E0%B8%AA%E0%B8%81%E0%B8%A5%E0%B8%99%E0%B8%84%E0%B8%A3","https://amphon.co.th/รับซื้อ/รับซื้อ-mac-mini-สกลนคร","Yes","PASS",""
"https://amphon.co.th/%E0%B8%A3%E0%B8%B1%E0%B8%9A%E0%B8%8B%E0%B8%B7%E0%B9%89%E0%B8%AD/%E0%B8%A3%E0%B8%B1%E0%B8%9A%E0%B8%8B%E0%B8%B7%E0%B9%89%E0%B8%AD-mac-mini-%E0%B8%AA%E0%B8%B8%E0%B8%A3%E0%B8%B4%E0%B8%99%E0%B8%97%E0%B8%A3%E0%B9%8C","200","0","https://amphon.co.th/%E0%B8%A3%E0%B8%B1%E0%B8%9A%E0%B8%8B%E0%B8%B7%E0%B9%89%E0%B8%AD/%E0%B8%A3%E0%B8%B1%E0%B8%9A%E0%B8%8B%E0%B8%B7%E0%B9%89%E0%B8%AD-mac-mini-%E0%B8%AA%E0%B8%B8%E0%B8%A3%E0%B8%B4%E0%B8%99%E0%B8%97%E0%B8%A3%E0%B9%8C","https://amphon.co.th/รับซื้อ/รับซื้อ-mac-mini-สุรินทร์","Yes","PASS",""
"https://amphon.co.th/%E0%B8%A3%E0%B8%B1%E0%B8%9A%E0%B8%8B%E0%B8%B7%E0%B9%89%E0%B8%AD/%E0%B8%A3%E0%B8%B1%E0%B8%9A%E0%B8%8B%E0%B8%B7%E0%B9%89%E0%B8%AD-mac-mini-%E0%B8%AB%E0%B8%99%E0%B8%AD%E0%B8%87%E0%B8%9A%E0%B8%B1%E0%B8%A7%E0%B8%A5%E0%B8%B3%E0%B8%A0%E0%B8%B9","200","0","https://amphon.co.th/%E0%B8%A3%E0%B8%B1%E0%B8%9A%E0%B8%8B%E0%B8%B7%E0%B9%89%E0%B8%AD/%E0%B8%A3%E0%B8%B1%E0%B8%9A%E0%B8%8B%E0%B8%B7%E0%B9%89%E0%B8%AD-mac-mini-%E0%B8%AB%E0%B8%99%E0%B8%AD%E0%B8%87%E0%B8%9A%E0%B8%B1%E0%B8%A7%E0%B8%A5%E0%B8%B3%E0%B8%A0%E0%B8%B9","https://amphon.co.th/รับซื้อ/รับซื้อ-mac-mini-หนองบัวลำภู","Yes","PASS",""
"https://amphon.co.th/%E0%B8%A3%E0%B8%B1%E0%B8%9A%E0%B8%8B%E0%B8%B7%E0%B9%89%E0%B8%AD/%E0%B8%A3%E0%B8%B1%E0%B8%9A%E0%B8%8B%E0%B8%B7%E0%B9%89%E0%B8%AD-mac-mini-%E0%B8%AB%E0%B8%99%E0%B8%AD%E0%B8%87%E0%B8%84%E0%B8%B2%E0%B8%A2","200","0","https://amphon.co.th/%E0%B8%A3%E0%B8%B1%E0%B8%9A%E0%B8%8B%E0%B8%B7%E0%B9%89%E0%B8%AD/%E0%B8%A3%E0%B8%B1%E0%B8%9A%E0%B8%8B%E0%B8%B7%E0%B9%89%E0%B8%AD-mac-mini-%E0%B8%AB%E0%B8%99%E0%B8%AD%E0%B8%87%E0%B8%84%E0%B8%B2%E0%B8%A2","https://amphon.co.th/รับซื้อ/รับซื้อ-mac-mini-หนองคาย","Yes","PASS",""
"https://amphon.co.th/%E0%B8%A3%E0%B8%B1%E0%B8%9A%E0%B8%8B%E0%B8%B7%E0%B9%89%E0%B8%AD/%E0%B8%A3%E0%B8%B1%E0%B8%9A%E0%B8%8B%E0%B8%B7%E0%B9%89%E0%B8%AD-mac-mini-%E0%B8%AD%E0%B8%B3%E0%B8%99%E0%B8%B2%E0%B8%88%E0%B9%80%E0%B8%88%E0%B8%A3%E0%B8%B4%E0%B8%8D","200","0","https://amphon.co.th/%E0%B8%A3%E0%B8%B1%E0%B8%9A%E0%B8%8B%E0%B8%B7%E0%B9%89%E0%B8%AD/%E0%B8%A3%E0%B8%B1%E0%B8%9A%E0%B8%8B%E0%B8%B7%E0%B9%89%E0%B8%AD-mac-mini-%E0%B8%AD%E0%B8%B3%E0%B8%99%E0%B8%B2%E0%B8%88%E0%B9%80%E0%B8%88%E0%B8%A3%E0%B8%B4%E0%B8%8D","https://amphon.co.th/รับซื้อ/รับซื้อ-mac-mini-อำนาจเจริญ","Yes","PASS",""
"https://amphon.co.th/%E0%B8%A3%E0%B8%B1%E0%B8%9A%E0%B8%8B%E0%B8%B7%E0%B9%89%E0%B8%AD/%E0%B8%A3%E0%B8%B1%E0%B8%9A%E0%B8%8B%E0%B8%B7%E0%B9%89%E0%B8%AD-mac-mini-%E0%B8%AD%E0%B8%B8%E0%B8%9A%E0%B8%A5%E0%B8%A3%E0%B8%B2%E0%B8%8A%E0%B8%98%E0%B8%B2%E0%B8%99%E0%B8%B5","200","0","https://amphon.co.th/%E0%B8%A3%E0%B8%B1%E0%B8%9A%E0%B8%8B%E0%B8%B7%E0%B9%89%E0%B8%AD/%E0%B8%A3%E0%B8%B1%E0%B8%9A%E0%B8%8B%E0%B8%B7%E0%B9%89%E0%B8%AD-mac-mini-%E0%B8%AD%E0%B8%B8%E0%B8%9A%E0%B8%A5%E0%B8%A3%E0%B8%B2%E0%B8%8A%E0%B8%98%E0%B8%B2%E0%B8%99%E0%B8%B5","https://amphon.co.th/รับซื้อ/รับซื้อ-mac-mini-อุบลราชธานี","Yes","PASS",""
"https://amphon.co.th/%E0%B8%A3%E0%B8%B1%E0%B8%9A%E0%B8%8B%E0%B8%B7%E0%B9%89%E0%B8%AD/%E0%B8%A3%E0%B8%B1%E0%B8%9A%E0%B8%8B%E0%B8%B7%E0%B9%89%E0%B8%AD-mac-mini-%E0%B8%AD%E0%B8%B8%E0%B8%94%E0%B8%A3%E0%B8%98%E0%B8%B2%E0%B8%99%E0%B8%B5","200","0","https://amphon.co.th/%E0%B8%A3%E0%B8%B1%E0%B8%9A%E0%B8%8B%E0%B8%B7%E0%B9%89%E0%B8%AD/%E0%B8%A3%E0%B8%B1%E0%B8%9A%E0%B8%8B%E0%B8%B7%E0%B9%89%E0%B8%AD-mac-mini-%E0%B8%AD%E0%B8%B8%E0%B8%94%E0%B8%A3%E0%B8%98%E0%B8%B2%E0%B8%99%E0%B8%B5","https://amphon.co.th/รับซื้อ/รับซื้อ-mac-mini-อุดรธานี","Yes","PASS",""
"https://amphon.co.th/%E0%B8%A3%E0%B8%B1%E0%B8%9A%E0%B8%8B%E0%B8%B7%E0%B9%89%E0%B8%AD/%E0%B8%A3%E0%B8%B1%E0%B8%9A%E0%B8%8B%E0%B8%B7%E0%B9%89%E0%B8%AD-mac-mini-%E0%B9%80%E0%B8%A5%E0%B8%A2","200","0","https://amphon.co.th/%E0%B8%A3%E0%B8%B1%E0%B8%9A%E0%B8%8B%E0%B8%B7%E0%B9%89%E0%B8%AD/%E0%B8%A3%E0%B8%B1%E0%B8%9A%E0%B8%8B%E0%B8%B7%E0%B9%89%E0%B8%AD-mac-mini-%E0%B9%80%E0%B8%A5%E0%B8%A2","https://amphon.co.th/รับซื้อ/รับซื้อ-mac-mini-เลย","Yes","PASS",""
"https://amphon.co.th/%E0%B8%A3%E0%B8%B1%E0%B8%9A%E0%B8%8B%E0%B8%B7%E0%B9%89%E0%B8%AD/%E0%B8%A3%E0%B8%B1%E0%B8%9A%E0%B8%8B%E0%B8%B7%E0%B9%89%E0%B8%AD-macbook-%E0%B8%8A%E0%B8%B1%E0%B8%A2%E0%B8%A0%E0%B8%B9%E0%B8%A1%E0%B8%B4","200","0","https://amphon.co.th/%E0%B8%A3%E0%B8%B1%E0%B8%9A%E0%B8%8B%E0%B8%B7%E0%B9%89%E0%B8%AD/%E0%B8%A3%E0%B8%B1%E0%B8%9A%E0%B8%8B%E0%B8%B7%E0%B9%89%E0%B8%AD-macbook-%E0%B8%8A%E0%B8%B1%E0%B8%A2%E0%B8%A0%E0%B8%B9%E0%B8%A1%E0%B8%B4","https://amphon.co.th/รับซื้อ/รับซื้อ-macbook-ชัยภูมิ","Yes","PASS",""
"https://amphon.co.th/%E0%B8%A3%E0%B8%B1%E0%B8%9A%E0%B8%8B%E0%B8%B7%E0%B9%89%E0%B8%AD/%E0%B8%A3%E0%B8%B1%E0%B8%9A%E0%B8%8B%E0%B8%B7%E0%B9%89%E0%B8%AD-macbook-%E0%B8%9A%E0%B8%B6%E0%B8%87%E0%B8%81%E0%B8%B2%E0%B8%AC","200","0","https://amphon.co.th/%E0%B8%A3%E0%B8%B1%E0%B8%9A%E0%B8%8B%E0%B8%B7%E0%B9%89%E0%B8%AD/%E0%B8%A3%E0%B8%B1%E0%B8%9A%E0%B8%8B%E0%B8%B7%E0%B9%89%E0%B8%AD-macbook-%E0%B8%9A%E0%B8%B6%E0%B8%87%E0%B8%81%E0%B8%B2%E0%B8%AC","https://amphon.co.th/รับซื้อ/รับซื้อ-macbook-บึงกาฬ","Yes","PASS",""
"https://amphon.co.th/%E0%B8%A3%E0%B8%B1%E0%B8%9A%E0%B8%8B%E0%B8%B7%E0%B9%89%E0%B8%AD/%E0%B8%A3%E0%B8%B1%E0%B8%9A%E0%B8%8B%E0%B8%B7%E0%B9%89%E0%B8%AD-macbook-%E0%B8%9A%E0%B8%B8%E0%B8%A3%E0%B8%B5%E0%B8%A3%E0%B8%B1%E0%B8%A1%E0%B8%A2%E0%B9%8C","200","0","https://amphon.co.th/%E0%B8%A3%E0%B8%B1%E0%B8%9A%E0%B8%8B%E0%B8%B7%E0%B9%89%E0%B8%AD/%E0%B8%A3%E0%B8%B1%E0%B8%9A%E0%B8%8B%E0%B8%B7%E0%B9%89%E0%B8%AD-macbook-%E0%B8%9A%E0%B8%B8%E0%B8%A3%E0%B8%B5%E0%B8%A3%E0%B8%B1%E0%B8%A1%E0%B8%A2%E0%B9%8C","https://amphon.co.th/รับซื้อ/รับซื้อ-macbook-บุรีรัมย์","Yes","PASS",""
"https://amphon.co.th/%E0%B8%A3%E0%B8%B1%E0%B8%9A%E0%B8%8B%E0%B8%B7%E0%B9%89%E0%B8%AD/%E0%B8%A3%E0%B8%B1%E0%B8%9A%E0%B8%8B%E0%B8%B7%E0%B9%89%E0%B8%AD-macbook-%E0%B8%81%E0%B8%B2%E0%B8%AC%E0%B8%AA%E0%B8%B4%E0%B8%99%E0%B8%98%E0%B8%B8%E0%B9%8C","200","0","https://amphon.co.th/%E0%B8%A3%E0%B8%B1%E0%B8%9A%E0%B8%8B%E0%B8%B7%E0%B9%89%E0%B8%AD/%E0%B8%A3%E0%B8%B1%E0%B8%9A%E0%B8%8B%E0%B8%B7%E0%B9%89%E0%B8%AD-macbook-%E0%B8%81%E0%B8%B2%E0%B8%AC%E0%B8%AA%E0%B8%B4%E0%B8%99%E0%B8%98%E0%B8%B8%E0%B9%8C","https://amphon.co.th/รับซื้อ/รับซื้อ-macbook-กาฬสินธุ์","Yes","PASS",""
"https://amphon.co.th/%E0%B8%A3%E0%B8%B1%E0%B8%9A%E0%B8%8B%E0%B8%B7%E0%B9%89%E0%B8%AD/%E0%B8%A3%E0%B8%B1%E0%B8%9A%E0%B8%8B%E0%B8%B7%E0%B9%89%E0%B8%AD-macbook-%E0%B8%82%E0%B8%AD%E0%B8%99%E0%B9%81%E0%B8%81%E0%B9%88%E0%B8%99","200","0","https://amphon.co.th/%E0%B8%A3%E0%B8%B1%E0%B8%9A%E0%B8%8B%E0%B8%B7%E0%B9%89%E0%B8%AD/%E0%B8%A3%E0%B8%B1%E0%B8%9A%E0%B8%8B%E0%B8%B7%E0%B9%89%E0%B8%AD-macbook-%E0%B8%82%E0%B8%AD%E0%B8%99%E0%B9%81%E0%B8%81%E0%B9%88%E0%B8%99","https://amphon.co.th/รับซื้อ/รับซื้อ-macbook-ขอนแก่น","Yes","PASS",""
"https://amphon.co.th/%E0%B8%A3%E0%B8%B1%E0%B8%9A%E0%B8%8B%E0%B8%B7%E0%B9%89%E0%B8%AD/%E0%B8%A3%E0%B8%B1%E0%B8%9A%E0%B8%8B%E0%B8%B7%E0%B9%89%E0%B8%AD-macbook-%E0%B8%99%E0%B8%84%E0%B8%A3%E0%B8%9E%E0%B8%99%E0%B8%A1","200","0","https://amphon.co.th/%E0%B8%A3%E0%B8%B1%E0%B8%9A%E0%B8%8B%E0%B8%B7%E0%B9%89%E0%B8%AD/%E0%B8%A3%E0%B8%B1%E0%B8%9A%E0%B8%8B%E0%B8%B7%E0%B9%89%E0%B8%AD-macbook-%E0%B8%99%E0%B8%84%E0%B8%A3%E0%B8%9E%E0%B8%99%E0%B8%A1","https://amphon.co.th/รับซื้อ/รับซื้อ-macbook-นครพนม","Yes","PASS",""
"https://amphon.co.th/%E0%B8%A3%E0%B8%B1%E0%B8%9A%E0%B8%8B%E0%B8%B7%E0%B9%89%E0%B8%AD/%E0%B8%A3%E0%B8%B1%E0%B8%9A%E0%B8%8B%E0%B8%B7%E0%B9%89%E0%B8%AD-macbook-%E0%B8%99%E0%B8%84%E0%B8%A3%E0%B8%A3%E0%B8%B2%E0%B8%8A%E0%B8%AA%E0%B8%B5%E0%B8%A1%E0%B8%B2","200","0","https://amphon.co.th/%E0%B8%A3%E0%B8%B1%E0%B8%9A%E0%B8%8B%E0%B8%B7%E0%B9%89%E0%B8%AD/%E0%B8%A3%E0%B8%B1%E0%B8%9A%E0%B8%8B%E0%B8%B7%E0%B9%89%E0%B8%AD-macbook-%E0%B8%99%E0%B8%84%E0%B8%A3%E0%B8%A3%E0%B8%B2%E0%B8%8A%E0%B8%AA%E0%B8%B5%E0%B8%A1%E0%B8%B2","https://amphon.co.th/รับซื้อ/รับซื้อ-macbook-นครราชสีมา","Yes","PASS",""
"https://amphon.co.th/%E0%B8%A3%E0%B8%B1%E0%B8%9A%E0%B8%8B%E0%B8%B7%E0%B9%89%E0%B8%AD/%E0%B8%A3%E0%B8%B1%E0%B8%9A%E0%B8%8B%E0%B8%B7%E0%B9%89%E0%B8%AD-macbook-%E0%B8%A1%E0%B8%AB%E0%B8%B2%E0%B8%AA%E0%B8%B2%E0%B8%A3%E0%B8%84%E0%B8%B2%E0%B8%A1","200","0","https://amphon.co.th/%E0%B8%A3%E0%B8%B1%E0%B8%9A%E0%B8%8B%E0%B8%B7%E0%B9%89%E0%B8%AD/%E0%B8%A3%E0%B8%B1%E0%B8%9A%E0%B8%8B%E0%B8%B7%E0%B9%89%E0%B8%AD-macbook-%E0%B8%A1%E0%B8%AB%E0%B8%B2%E0%B8%AA%E0%B8%B2%E0%B8%A3%E0%B8%84%E0%B8%B2%E0%B8%A1","https://amphon.co.th/รับซื้อ/รับซื้อ-macbook-มหาสารคาม","Yes","PASS",""
"https://amphon.co.th/%E0%B8%A3%E0%B8%B1%E0%B8%9A%E0%B8%8B%E0%B8%B7%E0%B9%89%E0%B8%AD/%E0%B8%A3%E0%B8%B1%E0%B8%9A%E0%B8%8B%E0%B8%B7%E0%B9%89%E0%B8%AD-macbook-%E0%B8%A1%E0%B8%B8%E0%B8%81%E0%B8%94%E0%B8%B2%E0%B8%AB%E0%B8%B2%E0%B8%A3","200","0","https://amphon.co.th/%E0%B8%A3%E0%B8%B1%E0%B8%9A%E0%B8%8B%E0%B8%B7%E0%B9%89%E0%B8%AD/%E0%B8%A3%E0%B8%B1%E0%B8%9A%E0%B8%8B%E0%B8%B7%E0%B9%89%E0%B8%AD-macbook-%E0%B8%A1%E0%B8%B8%E0%B8%81%E0%B8%94%E0%B8%B2%E0%B8%AB%E0%B8%B2%E0%B8%A3","https://amphon.co.th/รับซื้อ/รับซื้อ-macbook-มุกดาหาร","Yes","PASS",""
"https://amphon.co.th/%E0%B8%A3%E0%B8%B1%E0%B8%9A%E0%B8%8B%E0%B8%B7%E0%B9%89%E0%B8%AD/%E0%B8%A3%E0%B8%B1%E0%B8%9A%E0%B8%8B%E0%B8%B7%E0%B9%89%E0%B8%AD-macbook-%E0%B8%A2%E0%B9%82%E0%B8%AA%E0%B8%98%E0%B8%A3","200","0","https://amphon.co.th/%E0%B8%A3%E0%B8%B1%E0%B8%9A%E0%B8%8B%E0%B8%B7%E0%B9%89%E0%B8%AD/%E0%B8%A3%E0%B8%B1%E0%B8%9A%E0%B8%8B%E0%B8%B7%E0%B9%89%E0%B8%AD-macbook-%E0%B8%A2%E0%B9%82%E0%B8%AA%E0%B8%98%E0%B8%A3","https://amphon.co.th/รับซื้อ/รับซื้อ-macbook-ยโสธร","Yes","PASS",""
"https://amphon.co.th/%E0%B8%A3%E0%B8%B1%E0%B8%9A%E0%B8%8B%E0%B8%B7%E0%B9%89%E0%B8%AD/%E0%B8%A3%E0%B8%B1%E0%B8%9A%E0%B8%8B%E0%B8%B7%E0%B9%89%E0%B8%AD-macbook-%E0%B8%A3%E0%B9%89%E0%B8%AD%E0%B8%A2%E0%B9%80%E0%B8%AD%E0%B9%87%E0%B8%94","200","0","https://amphon.co.th/%E0%B8%A3%E0%B8%B1%E0%B8%9A%E0%B8%8B%E0%B8%B7%E0%B9%89%E0%B8%AD/%E0%B8%A3%E0%B8%B1%E0%B8%9A%E0%B8%8B%E0%B8%B7%E0%B9%89%E0%B8%AD-macbook-%E0%B8%A3%E0%B9%89%E0%B8%AD%E0%B8%A2%E0%B9%80%E0%B8%AD%E0%B9%87%E0%B8%94","https://amphon.co.th/รับซื้อ/รับซื้อ-macbook-ร้อยเอ็ด","Yes","PASS",""
"https://amphon.co.th/%E0%B8%A3%E0%B8%B1%E0%B8%9A%E0%B8%8B%E0%B8%B7%E0%B9%89%E0%B8%AD/%E0%B8%A3%E0%B8%B1%E0%B8%9A%E0%B8%8B%E0%B8%B7%E0%B9%89%E0%B8%AD-macbook-%E0%B8%A8%E0%B8%A3%E0%B8%B5%E0%B8%AA%E0%B8%B0%E0%B9%80%E0%B8%81%E0%B8%A9","200","0","https://amphon.co.th/%E0%B8%A3%E0%B8%B1%E0%B8%9A%E0%B8%8B%E0%B8%B7%E0%B9%89%E0%B8%AD/%E0%B8%A3%E0%B8%B1%E0%B8%9A%E0%B8%8B%E0%B8%B7%E0%B9%89%E0%B8%AD-macbook-%E0%B8%A8%E0%B8%A3%E0%B8%B5%E0%B8%AA%E0%B8%B0%E0%B9%80%E0%B8%81%E0%B8%A9","https://amphon.co.th/รับซื้อ/รับซื้อ-macbook-ศรีสะเกษ","Yes","PASS",""
"https://amphon.co.th/%E0%B8%A3%E0%B8%B1%E0%B8%9A%E0%B8%8B%E0%B8%B7%E0%B9%89%E0%B8%AD/%E0%B8%A3%E0%B8%B1%E0%B8%9A%E0%B8%8B%E0%B8%B7%E0%B9%89%E0%B8%AD-macbook-%E0%B8%AA%E0%B8%81%E0%B8%A5%E0%B8%99%E0%B8%84%E0%B8%A3","200","0","https://amphon.co.th/%E0%B8%A3%E0%B8%B1%E0%B8%9A%E0%B8%8B%E0%B8%B7%E0%B9%89%E0%B8%AD/%E0%B8%A3%E0%B8%B1%E0%B8%9A%E0%B8%8B%E0%B8%B7%E0%B9%89%E0%B8%AD-macbook-%E0%B8%AA%E0%B8%81%E0%B8%A5%E0%B8%99%E0%B8%84%E0%B8%A3","https://amphon.co.th/รับซื้อ/รับซื้อ-macbook-สกลนคร","Yes","PASS",""
"https://amphon.co.th/%E0%B8%A3%E0%B8%B1%E0%B8%9A%E0%B8%8B%E0%B8%B7%E0%B9%89%E0%B8%AD/%E0%B8%A3%E0%B8%B1%E0%B8%9A%E0%B8%8B%E0%B8%B7%E0%B9%89%E0%B8%AD-macbook-%E0%B8%AA%E0%B8%B8%E0%B8%A3%E0%B8%B4%E0%B8%99%E0%B8%97%E0%B8%A3%E0%B9%8C","200","0","https://amphon.co.th/%E0%B8%A3%E0%B8%B1%E0%B8%9A%E0%B8%8B%E0%B8%B7%E0%B9%89%E0%B8%AD/%E0%B8%A3%E0%B8%B1%E0%B8%9A%E0%B8%8B%E0%B8%B7%E0%B9%89%E0%B8%AD-macbook-%E0%B8%AA%E0%B8%B8%E0%B8%A3%E0%B8%B4%E0%B8%99%E0%B8%97%E0%B8%A3%E0%B9%8C","https://amphon.co.th/รับซื้อ/รับซื้อ-macbook-สุรินทร์","Yes","PASS",""
"https://amphon.co.th/%E0%B8%A3%E0%B8%B1%E0%B8%9A%E0%B8%8B%E0%B8%B7%E0%B9%89%E0%B8%AD/%E0%B8%A3%E0%B8%B1%E0%B8%9A%E0%B8%8B%E0%B8%B7%E0%B9%89%E0%B8%AD-macbook-%E0%B8%AB%E0%B8%99%E0%B8%AD%E0%B8%87%E0%B8%9A%E0%B8%B1%E0%B8%A7%E0%B8%A5%E0%B8%B3%E0%B8%A0%E0%B8%B9","200","0","https://amphon.co.th/%E0%B8%A3%E0%B8%B1%E0%B8%9A%E0%B8%8B%E0%B8%B7%E0%B9%89%E0%B8%AD/%E0%B8%A3%E0%B8%B1%E0%B8%9A%E0%B8%8B%E0%B8%B7%E0%B9%89%E0%B8%AD-macbook-%E0%B8%AB%E0%B8%99%E0%B8%AD%E0%B8%87%E0%B8%9A%E0%B8%B1%E0%B8%A7%E0%B8%A5%E0%B8%B3%E0%B8%A0%E0%B8%B9","https://amphon.co.th/รับซื้อ/รับซื้อ-macbook-หนองบัวลำภู","Yes","PASS",""
"https://amphon.co.th/%E0%B8%A3%E0%B8%B1%E0%B8%9A%E0%B8%8B%E0%B8%B7%E0%B9%89%E0%B8%AD/%E0%B8%A3%E0%B8%B1%E0%B8%9A%E0%B8%8B%E0%B8%B7%E0%B9%89%E0%B8%AD-macbook-%E0%B8%AB%E0%B8%99%E0%B8%AD%E0%B8%87%E0%B8%84%E0%B8%B2%E0%B8%A2","200","0","https://amphon.co.th/%E0%B8%A3%E0%B8%B1%E0%B8%9A%E0%B8%8B%E0%B8%B7%E0%B9%89%E0%B8%AD/%E0%B8%A3%E0%B8%B1%E0%B8%9A%E0%B8%8B%E0%B8%B7%E0%B9%89%E0%B8%AD-macbook-%E0%B8%AB%E0%B8%99%E0%B8%AD%E0%B8%87%E0%B8%84%E0%B8%B2%E0%B8%A2","https://amphon.co.th/รับซื้อ/รับซื้อ-macbook-หนองคาย","Yes","PASS",""
"https://amphon.co.th/%E0%B8%A3%E0%B8%B1%E0%B8%9A%E0%B8%8B%E0%B8%B7%E0%B9%89%E0%B8%AD/%E0%B8%A3%E0%B8%B1%E0%B8%9A%E0%B8%8B%E0%B8%B7%E0%B9%89%E0%B8%AD-macbook-%E0%B8%AD%E0%B8%B3%E0%B8%99%E0%B8%B2%E0%B8%88%E0%B9%80%E0%B8%88%E0%B8%A3%E0%B8%B4%E0%B8%8D","200","0","https://amphon.co.th/%E0%B8%A3%E0%B8%B1%E0%B8%9A%E0%B8%8B%E0%B8%B7%E0%B9%89%E0%B8%AD/%E0%B8%A3%E0%B8%B1%E0%B8%9A%E0%B8%8B%E0%B8%B7%E0%B9%89%E0%B8%AD-macbook-%E0%B8%AD%E0%B8%B3%E0%B8%99%E0%B8%B2%E0%B8%88%E0%B9%80%E0%B8%88%E0%B8%A3%E0%B8%B4%E0%B8%8D","https://amphon.co.th/รับซื้อ/รับซื้อ-macbook-อำนาจเจริญ","Yes","PASS",""
"https://amphon.co.th/%E0%B8%A3%E0%B8%B1%E0%B8%9A%E0%B8%8B%E0%B8%B7%E0%B9%89%E0%B8%AD/%E0%B8%A3%E0%B8%B1%E0%B8%9A%E0%B8%8B%E0%B8%B7%E0%B9%89%E0%B8%AD-macbook-%E0%B8%AD%E0%B8%B8%E0%B8%9A%E0%B8%A5%E0%B8%A3%E0%B8%B2%E0%B8%8A%E0%B8%98%E0%B8%B2%E0%B8%99%E0%B8%B5","200","0","https://amphon.co.th/%E0%B8%A3%E0%B8%B1%E0%B8%9A%E0%B8%8B%E0%B8%B7%E0%B9%89%E0%B8%AD/%E0%B8%A3%E0%B8%B1%E0%B8%9A%E0%B8%8B%E0%B8%B7%E0%B9%89%E0%B8%AD-macbook-%E0%B8%AD%E0%B8%B8%E0%B8%9A%E0%B8%A5%E0%B8%A3%E0%B8%B2%E0%B8%8A%E0%B8%98%E0%B8%B2%E0%B8%99%E0%B8%B5","https://amphon.co.th/รับซื้อ/รับซื้อ-macbook-อุบลราชธานี","Yes","PASS",""
"https://amphon.co.th/%E0%B8%A3%E0%B8%B1%E0%B8%9A%E0%B8%8B%E0%B8%B7%E0%B9%89%E0%B8%AD/%E0%B8%A3%E0%B8%B1%E0%B8%9A%E0%B8%8B%E0%B8%B7%E0%B9%89%E0%B8%AD-macbook-%E0%B8%AD%E0%B8%B8%E0%B8%94%E0%B8%A3%E0%B8%98%E0%B8%B2%E0%B8%99%E0%B8%B5","200","0","https://amphon.co.th/%E0%B8%A3%E0%B8%B1%E0%B8%9A%E0%B8%8B%E0%B8%B7%E0%B9%89%E0%B8%AD/%E0%B8%A3%E0%B8%B1%E0%B8%9A%E0%B8%8B%E0%B8%B7%E0%B9%89%E0%B8%AD-macbook-%E0%B8%AD%E0%B8%B8%E0%B8%94%E0%B8%A3%E0%B8%98%E0%B8%B2%E0%B8%99%E0%B8%B5","https://amphon.co.th/รับซื้อ/รับซื้อ-macbook-อุดรธานี","Yes","PASS",""
"https://amphon.co.th/%E0%B8%A3%E0%B8%B1%E0%B8%9A%E0%B8%8B%E0%B8%B7%E0%B9%89%E0%B8%AD/%E0%B8%A3%E0%B8%B1%E0%B8%9A%E0%B8%8B%E0%B8%B7%E0%B9%89%E0%B8%AD-macbook-%E0%B9%80%E0%B8%A5%E0%B8%A2","200","0","https://amphon.co.th/%E0%B8%A3%E0%B8%B1%E0%B8%9A%E0%B8%8B%E0%B8%B7%E0%B9%89%E0%B8%AD/%E0%B8%A3%E0%B8%B1%E0%B8%9A%E0%B8%8B%E0%B8%B7%E0%B9%89%E0%B8%AD-macbook-%E0%B9%80%E0%B8%A5%E0%B8%A2","https://amphon.co.th/รับซื้อ/รับซื้อ-macbook-เลย","Yes","PASS",""
"https://amphon.co.th/%E0%B8%A3%E0%B8%B1%E0%B8%9A%E0%B8%8B%E0%B8%B7%E0%B9%89%E0%B8%AD/%E0%B8%A3%E0%B8%B1%E0%B8%9A%E0%B8%8B%E0%B8%B7%E0%B9%89%E0%B8%AD-marshall-%E0%B8%8A%E0%B8%B1%E0%B8%A2%E0%B8%A0%E0%B8%B9%E0%B8%A1%E0%B8%B4","200","0","https://amphon.co.th/%E0%B8%A3%E0%B8%B1%E0%B8%9A%E0%B8%8B%E0%B8%B7%E0%B9%89%E0%B8%AD/%E0%B8%A3%E0%B8%B1%E0%B8%9A%E0%B8%8B%E0%B8%B7%E0%B9%89%E0%B8%AD-marshall-%E0%B8%8A%E0%B8%B1%E0%B8%A2%E0%B8%A0%E0%B8%B9%E0%B8%A1%E0%B8%B4","https://amphon.co.th/รับซื้อ/รับซื้อ-marshall-ชัยภูมิ","Yes","PASS",""
"https://amphon.co.th/%E0%B8%A3%E0%B8%B1%E0%B8%9A%E0%B8%8B%E0%B8%B7%E0%B9%89%E0%B8%AD/%E0%B8%A3%E0%B8%B1%E0%B8%9A%E0%B8%8B%E0%B8%B7%E0%B9%89%E0%B8%AD-marshall-%E0%B8%9A%E0%B8%B6%E0%B8%87%E0%B8%81%E0%B8%B2%E0%B8%AC","200","0","https://amphon.co.th/%E0%B8%A3%E0%B8%B1%E0%B8%9A%E0%B8%8B%E0%B8%B7%E0%B9%89%E0%B8%AD/%E0%B8%A3%E0%B8%B1%E0%B8%9A%E0%B8%8B%E0%B8%B7%E0%B9%89%E0%B8%AD-marshall-%E0%B8%9A%E0%B8%B6%E0%B8%87%E0%B8%81%E0%B8%B2%E0%B8%AC","https://amphon.co.th/รับซื้อ/รับซื้อ-marshall-บึงกาฬ","Yes","PASS",""
"https://amphon.co.th/%E0%B8%A3%E0%B8%B1%E0%B8%9A%E0%B8%8B%E0%B8%B7%E0%B9%89%E0%B8%AD/%E0%B8%A3%E0%B8%B1%E0%B8%9A%E0%B8%8B%E0%B8%B7%E0%B9%89%E0%B8%AD-marshall-%E0%B8%9A%E0%B8%B8%E0%B8%A3%E0%B8%B5%E0%B8%A3%E0%B8%B1%E0%B8%A1%E0%B8%A2%E0%B9%8C","200","0","https://amphon.co.th/%E0%B8%A3%E0%B8%B1%E0%B8%9A%E0%B8%8B%E0%B8%B7%E0%B9%89%E0%B8%AD/%E0%B8%A3%E0%B8%B1%E0%B8%9A%E0%B8%8B%E0%B8%B7%E0%B9%89%E0%B8%AD-marshall-%E0%B8%9A%E0%B8%B8%E0%B8%A3%E0%B8%B5%E0%B8%A3%E0%B8%B1%E0%B8%A1%E0%B8%A2%E0%B9%8C","https://amphon.co.th/รับซื้อ/รับซื้อ-marshall-บุรีรัมย์","Yes","PASS",""
"https://amphon.co.th/%E0%B8%A3%E0%B8%B1%E0%B8%9A%E0%B8%8B%E0%B8%B7%E0%B9%89%E0%B8%AD/%E0%B8%A3%E0%B8%B1%E0%B8%9A%E0%B8%8B%E0%B8%B7%E0%B9%89%E0%B8%AD-marshall-%E0%B8%81%E0%B8%B2%E0%B8%AC%E0%B8%AA%E0%B8%B4%E0%B8%99%E0%B8%98%E0%B8%B8%E0%B9%8C","200","0","https://amphon.co.th/%E0%B8%A3%E0%B8%B1%E0%B8%9A%E0%B8%8B%E0%B8%B7%E0%B9%89%E0%B8%AD/%E0%B8%A3%E0%B8%B1%E0%B8%9A%E0%B8%8B%E0%B8%B7%E0%B9%89%E0%B8%AD-marshall-%E0%B8%81%E0%B8%B2%E0%B8%AC%E0%B8%AA%E0%B8%B4%E0%B8%99%E0%B8%98%E0%B8%B8%E0%B9%8C","https://amphon.co.th/รับซื้อ/รับซื้อ-marshall-กาฬสินธุ์","Yes","PASS",""
"https://amphon.co.th/%E0%B8%A3%E0%B8%B1%E0%B8%9A%E0%B8%8B%E0%B8%B7%E0%B9%89%E0%B8%AD/%E0%B8%A3%E0%B8%B1%E0%B8%9A%E0%B8%8B%E0%B8%B7%E0%B9%89%E0%B8%AD-marshall-%E0%B8%82%E0%B8%AD%E0%B8%99%E0%B9%81%E0%B8%81%E0%B9%88%E0%B8%99","200","0","https://amphon.co.th/%E0%B8%A3%E0%B8%B1%E0%B8%9A%E0%B8%8B%E0%B8%B7%E0%B9%89%E0%B8%AD/%E0%B8%A3%E0%B8%B1%E0%B8%9A%E0%B8%8B%E0%B8%B7%E0%B9%89%E0%B8%AD-marshall-%E0%B8%82%E0%B8%AD%E0%B8%99%E0%B9%81%E0%B8%81%E0%B9%88%E0%B8%99","https://amphon.co.th/รับซื้อ/รับซื้อ-marshall-ขอนแก่น","Yes","PASS",""
"https://amphon.co.th/%E0%B8%A3%E0%B8%B1%E0%B8%9A%E0%B8%8B%E0%B8%B7%E0%B9%89%E0%B8%AD/%E0%B8%A3%E0%B8%B1%E0%B8%9A%E0%B8%8B%E0%B8%B7%E0%B9%89%E0%B8%AD-marshall-%E0%B8%99%E0%B8%84%E0%B8%A3%E0%B8%9E%E0%B8%99%E0%B8%A1","200","0","https://amphon.co.th/%E0%B8%A3%E0%B8%B1%E0%B8%9A%E0%B8%8B%E0%B8%B7%E0%B9%89%E0%B8%AD/%E0%B8%A3%E0%B8%B1%E0%B8%9A%E0%B8%8B%E0%B8%B7%E0%B9%89%E0%B8%AD-marshall-%E0%B8%99%E0%B8%84%E0%B8%A3%E0%B8%9E%E0%B8%99%E0%B8%A1","https://amphon.co.th/รับซื้อ/รับซื้อ-marshall-นครพนม","Yes","PASS",""
"https://amphon.co.th/%E0%B8%A3%E0%B8%B1%E0%B8%9A%E0%B8%8B%E0%B8%B7%E0%B9%89%E0%B8%AD/%E0%B8%A3%E0%B8%B1%E0%B8%9A%E0%B8%8B%E0%B8%B7%E0%B9%89%E0%B8%AD-marshall-%E0%B8%99%E0%B8%84%E0%B8%A3%E0%B8%A3%E0%B8%B2%E0%B8%8A%E0%B8%AA%E0%B8%B5%E0%B8%A1%E0%B8%B2","200","0","https://amphon.co.th/%E0%B8%A3%E0%B8%B1%E0%B8%9A%E0%B8%8B%E0%B8%B7%E0%B9%89%E0%B8%AD/%E0%B8%A3%E0%B8%B1%E0%B8%9A%E0%B8%8B%E0%B8%B7%E0%B9%89%E0%B8%AD-marshall-%E0%B8%99%E0%B8%84%E0%B8%A3%E0%B8%A3%E0%B8%B2%E0%B8%8A%E0%B8%AA%E0%B8%B5%E0%B8%A1%E0%B8%B2","https://amphon.co.th/รับซื้อ/รับซื้อ-marshall-นครราชสีมา","Yes","PASS",""
"https://amphon.co.th/%E0%B8%A3%E0%B8%B1%E0%B8%9A%E0%B8%8B%E0%B8%B7%E0%B9%89%E0%B8%AD/%E0%B8%A3%E0%B8%B1%E0%B8%9A%E0%B8%8B%E0%B8%B7%E0%B9%89%E0%B8%AD-marshall-%E0%B8%A1%E0%B8%AB%E0%B8%B2%E0%B8%AA%E0%B8%B2%E0%B8%A3%E0%B8%84%E0%B8%B2%E0%B8%A1","200","0","https://amphon.co.th/%E0%B8%A3%E0%B8%B1%E0%B8%9A%E0%B8%8B%E0%B8%B7%E0%B9%89%E0%B8%AD/%E0%B8%A3%E0%B8%B1%E0%B8%9A%E0%B8%8B%E0%B8%B7%E0%B9%89%E0%B8%AD-marshall-%E0%B8%A1%E0%B8%AB%E0%B8%B2%E0%B8%AA%E0%B8%B2%E0%B8%A3%E0%B8%84%E0%B8%B2%E0%B8%A1","https://amphon.co.th/รับซื้อ/รับซื้อ-marshall-มหาสารคาม","Yes","PASS",""
"https://amphon.co.th/%E0%B8%A3%E0%B8%B1%E0%B8%9A%E0%B8%8B%E0%B8%B7%E0%B9%89%E0%B8%AD/%E0%B8%A3%E0%B8%B1%E0%B8%9A%E0%B8%8B%E0%B8%B7%E0%B9%89%E0%B8%AD-marshall-%E0%B8%A1%E0%B8%B8%E0%B8%81%E0%B8%94%E0%B8%B2%E0%B8%AB%E0%B8%B2%E0%B8%A3","200","0","https://amphon.co.th/%E0%B8%A3%E0%B8%B1%E0%B8%9A%E0%B8%8B%E0%B8%B7%E0%B9%89%E0%B8%AD/%E0%B8%A3%E0%B8%B1%E0%B8%9A%E0%B8%8B%E0%B8%B7%E0%B9%89%E0%B8%AD-marshall-%E0%B8%A1%E0%B8%B8%E0%B8%81%E0%B8%94%E0%B8%B2%E0%B8%AB%E0%B8%B2%E0%B8%A3","https://amphon.co.th/รับซื้อ/รับซื้อ-marshall-มุกดาหาร","Yes","PASS",""
"https://amphon.co.th/%E0%B8%A3%E0%B8%B1%E0%B8%9A%E0%B8%8B%E0%B8%B7%E0%B9%89%E0%B8%AD/%E0%B8%A3%E0%B8%B1%E0%B8%9A%E0%B8%8B%E0%B8%B7%E0%B9%89%E0%B8%AD-marshall-%E0%B8%A2%E0%B9%82%E0%B8%AA%E0%B8%98%E0%B8%A3","200","0","https://amphon.co.th/%E0%B8%A3%E0%B8%B1%E0%B8%9A%E0%B8%8B%E0%B8%B7%E0%B9%89%E0%B8%AD/%E0%B8%A3%E0%B8%B1%E0%B8%9A%E0%B8%8B%E0%B8%B7%E0%B9%89%E0%B8%AD-marshall-%E0%B8%A2%E0%B9%82%E0%B8%AA%E0%B8%98%E0%B8%A3","https://amphon.co.th/รับซื้อ/รับซื้อ-marshall-ยโสธร","Yes","PASS",""
"https://amphon.co.th/%E0%B8%A3%E0%B8%B1%E0%B8%9A%E0%B8%8B%E0%B8%B7%E0%B9%89%E0%B8%AD/%E0%B8%A3%E0%B8%B1%E0%B8%9A%E0%B8%8B%E0%B8%B7%E0%B9%89%E0%B8%AD-marshall-%E0%B8%A3%E0%B9%89%E0%B8%AD%E0%B8%A2%E0%B9%80%E0%B8%AD%E0%B9%87%E0%B8%94","200","0","https://amphon.co.th/%E0%B8%A3%E0%B8%B1%E0%B8%9A%E0%B8%8B%E0%B8%B7%E0%B9%89%E0%B8%AD/%E0%B8%A3%E0%B8%B1%E0%B8%9A%E0%B8%8B%E0%B8%B7%E0%B9%89%E0%B8%AD-marshall-%E0%B8%A3%E0%B9%89%E0%B8%AD%E0%B8%A2%E0%B9%80%E0%B8%AD%E0%B9%87%E0%B8%94","https://amphon.co.th/รับซื้อ/รับซื้อ-marshall-ร้อยเอ็ด","Yes","PASS",""
"https://amphon.co.th/%E0%B8%A3%E0%B8%B1%E0%B8%9A%E0%B8%8B%E0%B8%B7%E0%B9%89%E0%B8%AD/%E0%B8%A3%E0%B8%B1%E0%B8%9A%E0%B8%8B%E0%B8%B7%E0%B9%89%E0%B8%AD-marshall-%E0%B8%A8%E0%B8%A3%E0%B8%B5%E0%B8%AA%E0%B8%B0%E0%B9%80%E0%B8%81%E0%B8%A9","200","0","https://amphon.co.th/%E0%B8%A3%E0%B8%B1%E0%B8%9A%E0%B8%8B%E0%B8%B7%E0%B9%89%E0%B8%AD/%E0%B8%A3%E0%B8%B1%E0%B8%9A%E0%B8%8B%E0%B8%B7%E0%B9%89%E0%B8%AD-marshall-%E0%B8%A8%E0%B8%A3%E0%B8%B5%E0%B8%AA%E0%B8%B0%E0%B9%80%E0%B8%81%E0%B8%A9","https://amphon.co.th/รับซื้อ/รับซื้อ-marshall-ศรีสะเกษ","Yes","PASS",""
"https://amphon.co.th/%E0%B8%A3%E0%B8%B1%E0%B8%9A%E0%B8%8B%E0%B8%B7%E0%B9%89%E0%B8%AD/%E0%B8%A3%E0%B8%B1%E0%B8%9A%E0%B8%8B%E0%B8%B7%E0%B9%89%E0%B8%AD-marshall-%E0%B8%AA%E0%B8%81%E0%B8%A5%E0%B8%99%E0%B8%84%E0%B8%A3","200","0","https://amphon.co.th/%E0%B8%A3%E0%B8%B1%E0%B8%9A%E0%B8%8B%E0%B8%B7%E0%B9%89%E0%B8%AD/%E0%B8%A3%E0%B8%B1%E0%B8%9A%E0%B8%8B%E0%B8%B7%E0%B9%89%E0%B8%AD-marshall-%E0%B8%AA%E0%B8%81%E0%B8%A5%E0%B8%99%E0%B8%84%E0%B8%A3","https://amphon.co.th/รับซื้อ/รับซื้อ-marshall-สกลนคร","Yes","PASS",""
"https://amphon.co.th/%E0%B8%A3%E0%B8%B1%E0%B8%9A%E0%B8%8B%E0%B8%B7%E0%B9%89%E0%B8%AD/%E0%B8%A3%E0%B8%B1%E0%B8%9A%E0%B8%8B%E0%B8%B7%E0%B9%89%E0%B8%AD-marshall-%E0%B8%AA%E0%B8%B8%E0%B8%A3%E0%B8%B4%E0%B8%99%E0%B8%97%E0%B8%A3%E0%B9%8C","200","0","https://amphon.co.th/%E0%B8%A3%E0%B8%B1%E0%B8%9A%E0%B8%8B%E0%B8%B7%E0%B9%89%E0%B8%AD/%E0%B8%A3%E0%B8%B1%E0%B8%9A%E0%B8%8B%E0%B8%B7%E0%B9%89%E0%B8%AD-marshall-%E0%B8%AA%E0%B8%B8%E0%B8%A3%E0%B8%B4%E0%B8%99%E0%B8%97%E0%B8%A3%E0%B9%8C","https://amphon.co.th/รับซื้อ/รับซื้อ-marshall-สุรินทร์","Yes","PASS",""
"https://amphon.co.th/%E0%B8%A3%E0%B8%B1%E0%B8%9A%E0%B8%8B%E0%B8%B7%E0%B9%89%E0%B8%AD/%E0%B8%A3%E0%B8%B1%E0%B8%9A%E0%B8%8B%E0%B8%B7%E0%B9%89%E0%B8%AD-marshall-%E0%B8%AB%E0%B8%99%E0%B8%AD%E0%B8%87%E0%B8%9A%E0%B8%B1%E0%B8%A7%E0%B8%A5%E0%B8%B3%E0%B8%A0%E0%B8%B9","200","0","https://amphon.co.th/%E0%B8%A3%E0%B8%B1%E0%B8%9A%E0%B8%8B%E0%B8%B7%E0%B9%89%E0%B8%AD/%E0%B8%A3%E0%B8%B1%E0%B8%9A%E0%B8%8B%E0%B8%B7%E0%B9%89%E0%B8%AD-marshall-%E0%B8%AB%E0%B8%99%E0%B8%AD%E0%B8%87%E0%B8%9A%E0%B8%B1%E0%B8%A7%E0%B8%A5%E0%B8%B3%E0%B8%A0%E0%B8%B9","https://amphon.co.th/รับซื้อ/รับซื้อ-marshall-หนองบัวลำภู","Yes","PASS",""
"https://amphon.co.th/%E0%B8%A3%E0%B8%B1%E0%B8%9A%E0%B8%8B%E0%B8%B7%E0%B9%89%E0%B8%AD/%E0%B8%A3%E0%B8%B1%E0%B8%9A%E0%B8%8B%E0%B8%B7%E0%B9%89%E0%B8%AD-marshall-%E0%B8%AB%E0%B8%99%E0%B8%AD%E0%B8%87%E0%B8%84%E0%B8%B2%E0%B8%A2","200","0","https://amphon.co.th/%E0%B8%A3%E0%B8%B1%E0%B8%9A%E0%B8%8B%E0%B8%B7%E0%B9%89%E0%B8%AD/%E0%B8%A3%E0%B8%B1%E0%B8%9A%E0%B8%8B%E0%B8%B7%E0%B9%89%E0%B8%AD-marshall-%E0%B8%AB%E0%B8%99%E0%B8%AD%E0%B8%87%E0%B8%84%E0%B8%B2%E0%B8%A2","https://amphon.co.th/รับซื้อ/รับซื้อ-marshall-หนองคาย","Yes","PASS",""
"https://amphon.co.th/%E0%B8%A3%E0%B8%B1%E0%B8%9A%E0%B8%8B%E0%B8%B7%E0%B9%89%E0%B8%AD/%E0%B8%A3%E0%B8%B1%E0%B8%9A%E0%B8%8B%E0%B8%B7%E0%B9%89%E0%B8%AD-marshall-%E0%B8%AD%E0%B8%B3%E0%B8%99%E0%B8%B2%E0%B8%88%E0%B9%80%E0%B8%88%E0%B8%A3%E0%B8%B4%E0%B8%8D","200","0","https://amphon.co.th/%E0%B8%A3%E0%B8%B1%E0%B8%9A%E0%B8%8B%E0%B8%B7%E0%B9%89%E0%B8%AD/%E0%B8%A3%E0%B8%B1%E0%B8%9A%E0%B8%8B%E0%B8%B7%E0%B9%89%E0%B8%AD-marshall-%E0%B8%AD%E0%B8%B3%E0%B8%99%E0%B8%B2%E0%B8%88%E0%B9%80%E0%B8%88%E0%B8%A3%E0%B8%B4%E0%B8%8D","https://amphon.co.th/รับซื้อ/รับซื้อ-marshall-อำนาจเจริญ","Yes","PASS",""
"https://amphon.co.th/%E0%B8%A3%E0%B8%B1%E0%B8%9A%E0%B8%8B%E0%B8%B7%E0%B9%89%E0%B8%AD/%E0%B8%A3%E0%B8%B1%E0%B8%9A%E0%B8%8B%E0%B8%B7%E0%B9%89%E0%B8%AD-marshall-%E0%B8%AD%E0%B8%B8%E0%B8%9A%E0%B8%A5%E0%B8%A3%E0%B8%B2%E0%B8%8A%E0%B8%98%E0%B8%B2%E0%B8%99%E0%B8%B5","200","0","https://amphon.co.th/%E0%B8%A3%E0%B8%B1%E0%B8%9A%E0%B8%8B%E0%B8%B7%E0%B9%89%E0%B8%AD/%E0%B8%A3%E0%B8%B1%E0%B8%9A%E0%B8%8B%E0%B8%B7%E0%B9%89%E0%B8%AD-marshall-%E0%B8%AD%E0%B8%B8%E0%B8%9A%E0%B8%A5%E0%B8%A3%E0%B8%B2%E0%B8%8A%E0%B8%98%E0%B8%B2%E0%B8%99%E0%B8%B5","https://amphon.co.th/รับซื้อ/รับซื้อ-marshall-อุบลราชธานี","Yes","PASS",""
"https://amphon.co.th/%E0%B8%A3%E0%B8%B1%E0%B8%9A%E0%B8%8B%E0%B8%B7%E0%B9%89%E0%B8%AD/%E0%B8%A3%E0%B8%B1%E0%B8%9A%E0%B8%8B%E0%B8%B7%E0%B9%89%E0%B8%AD-marshall-%E0%B8%AD%E0%B8%B8%E0%B8%94%E0%B8%A3%E0%B8%98%E0%B8%B2%E0%B8%99%E0%B8%B5","200","0","https://amphon.co.th/%E0%B8%A3%E0%B8%B1%E0%B8%9A%E0%B8%8B%E0%B8%B7%E0%B9%89%E0%B8%AD/%E0%B8%A3%E0%B8%B1%E0%B8%9A%E0%B8%8B%E0%B8%B7%E0%B9%89%E0%B8%AD-marshall-%E0%B8%AD%E0%B8%B8%E0%B8%94%E0%B8%A3%E0%B8%98%E0%B8%B2%E0%B8%99%E0%B8%B5","https://amphon.co.th/รับซื้อ/รับซื้อ-marshall-อุดรธานี","Yes","PASS",""
"https://amphon.co.th/%E0%B8%A3%E0%B8%B1%E0%B8%9A%E0%B8%8B%E0%B8%B7%E0%B9%89%E0%B8%AD/%E0%B8%A3%E0%B8%B1%E0%B8%9A%E0%B8%8B%E0%B8%B7%E0%B9%89%E0%B8%AD-marshall-%E0%B9%80%E0%B8%A5%E0%B8%A2","200","0","https://amphon.co.th/%E0%B8%A3%E0%B8%B1%E0%B8%9A%E0%B8%8B%E0%B8%B7%E0%B9%89%E0%B8%AD/%E0%B8%A3%E0%B8%B1%E0%B8%9A%E0%B8%8B%E0%B8%B7%E0%B9%89%E0%B8%AD-marshall-%E0%B9%80%E0%B8%A5%E0%B8%A2","https://amphon.co.th/รับซื้อ/รับซื้อ-marshall-เลย","Yes","PASS",""
"https://amphon.co.th/%E0%B8%A3%E0%B8%B1%E0%B8%9A%E0%B8%8B%E0%B8%B7%E0%B9%89%E0%B8%AD/%E0%B8%A3%E0%B8%B1%E0%B8%9A%E0%B8%8B%E0%B8%B7%E0%B9%89%E0%B8%AD-nintendo-switch-%E0%B8%8A%E0%B8%B1%E0%B8%A2%E0%B8%A0%E0%B8%B9%E0%B8%A1%E0%B8%B4","200","0","https://amphon.co.th/%E0%B8%A3%E0%B8%B1%E0%B8%9A%E0%B8%8B%E0%B8%B7%E0%B9%89%E0%B8%AD/%E0%B8%A3%E0%B8%B1%E0%B8%9A%E0%B8%8B%E0%B8%B7%E0%B9%89%E0%B8%AD-nintendo-switch-%E0%B8%8A%E0%B8%B1%E0%B8%A2%E0%B8%A0%E0%B8%B9%E0%B8%A1%E0%B8%B4","https://amphon.co.th/รับซื้อ/รับซื้อ-nintendo-switch-ชัยภูมิ","Yes","PASS",""
"https://amphon.co.th/%E0%B8%A3%E0%B8%B1%E0%B8%9A%E0%B8%8B%E0%B8%B7%E0%B9%89%E0%B8%AD/%E0%B8%A3%E0%B8%B1%E0%B8%9A%E0%B8%8B%E0%B8%B7%E0%B9%89%E0%B8%AD-nintendo-switch-%E0%B8%9A%E0%B8%B6%E0%B8%87%E0%B8%81%E0%B8%B2%E0%B8%AC","200","0","https://amphon.co.th/%E0%B8%A3%E0%B8%B1%E0%B8%9A%E0%B8%8B%E0%B8%B7%E0%B9%89%E0%B8%AD/%E0%B8%A3%E0%B8%B1%E0%B8%9A%E0%B8%8B%E0%B8%B7%E0%B9%89%E0%B8%AD-nintendo-switch-%E0%B8%9A%E0%B8%B6%E0%B8%87%E0%B8%81%E0%B8%B2%E0%B8%AC","https://amphon.co.th/รับซื้อ/รับซื้อ-nintendo-switch-บึงกาฬ","Yes","PASS",""
"https://amphon.co.th/%E0%B8%A3%E0%B8%B1%E0%B8%9A%E0%B8%8B%E0%B8%B7%E0%B9%89%E0%B8%AD/%E0%B8%A3%E0%B8%B1%E0%B8%9A%E0%B8%8B%E0%B8%B7%E0%B9%89%E0%B8%AD-nintendo-switch-%E0%B8%9A%E0%B8%B8%E0%B8%A3%E0%B8%B5%E0%B8%A3%E0%B8%B1%E0%B8%A1%E0%B8%A2%E0%B9%8C","200","0","https://amphon.co.th/%E0%B8%A3%E0%B8%B1%E0%B8%9A%E0%B8%8B%E0%B8%B7%E0%B9%89%E0%B8%AD/%E0%B8%A3%E0%B8%B1%E0%B8%9A%E0%B8%8B%E0%B8%B7%E0%B9%89%E0%B8%AD-nintendo-switch-%E0%B8%9A%E0%B8%B8%E0%B8%A3%E0%B8%B5%E0%B8%A3%E0%B8%B1%E0%B8%A1%E0%B8%A2%E0%B9%8C","https://amphon.co.th/รับซื้อ/รับซื้อ-nintendo-switch-บุรีรัมย์","Yes","PASS",""
"https://amphon.co.th/%E0%B8%A3%E0%B8%B1%E0%B8%9A%E0%B8%8B%E0%B8%B7%E0%B9%89%E0%B8%AD/%E0%B8%A3%E0%B8%B1%E0%B8%9A%E0%B8%8B%E0%B8%B7%E0%B9%89%E0%B8%AD-nintendo-switch-%E0%B8%81%E0%B8%B2%E0%B8%AC%E0%B8%AA%E0%B8%B4%E0%B8%99%E0%B8%98%E0%B8%B8%E0%B9%8C","200","0","https://amphon.co.th/%E0%B8%A3%E0%B8%B1%E0%B8%9A%E0%B8%8B%E0%B8%B7%E0%B9%89%E0%B8%AD/%E0%B8%A3%E0%B8%B1%E0%B8%9A%E0%B8%8B%E0%B8%B7%E0%B9%89%E0%B8%AD-nintendo-switch-%E0%B8%81%E0%B8%B2%E0%B8%AC%E0%B8%AA%E0%B8%B4%E0%B8%99%E0%B8%98%E0%B8%B8%E0%B9%8C","https://amphon.co.th/รับซื้อ/รับซื้อ-nintendo-switch-กาฬสินธุ์","Yes","PASS",""
"https://amphon.co.th/%E0%B8%A3%E0%B8%B1%E0%B8%9A%E0%B8%8B%E0%B8%B7%E0%B9%89%E0%B8%AD/%E0%B8%A3%E0%B8%B1%E0%B8%9A%E0%B8%8B%E0%B8%B7%E0%B9%89%E0%B8%AD-nintendo-switch-%E0%B8%82%E0%B8%AD%E0%B8%99%E0%B9%81%E0%B8%81%E0%B9%88%E0%B8%99","200","0","https://amphon.co.th/%E0%B8%A3%E0%B8%B1%E0%B8%9A%E0%B8%8B%E0%B8%B7%E0%B9%89%E0%B8%AD/%E0%B8%A3%E0%B8%B1%E0%B8%9A%E0%B8%8B%E0%B8%B7%E0%B9%89%E0%B8%AD-nintendo-switch-%E0%B8%82%E0%B8%AD%E0%B8%99%E0%B9%81%E0%B8%81%E0%B9%88%E0%B8%99","https://amphon.co.th/รับซื้อ/รับซื้อ-nintendo-switch-ขอนแก่น","Yes","PASS",""
"https://amphon.co.th/%E0%B8%A3%E0%B8%B1%E0%B8%9A%E0%B8%8B%E0%B8%B7%E0%B9%89%E0%B8%AD/%E0%B8%A3%E0%B8%B1%E0%B8%9A%E0%B8%8B%E0%B8%B7%E0%B9%89%E0%B8%AD-nintendo-switch-%E0%B8%99%E0%B8%84%E0%B8%A3%E0%B8%9E%E0%B8%99%E0%B8%A1","200","0","https://amphon.co.th/%E0%B8%A3%E0%B8%B1%E0%B8%9A%E0%B8%8B%E0%B8%B7%E0%B9%89%E0%B8%AD/%E0%B8%A3%E0%B8%B1%E0%B8%9A%E0%B8%8B%E0%B8%B7%E0%B9%89%E0%B8%AD-nintendo-switch-%E0%B8%99%E0%B8%84%E0%B8%A3%E0%B8%9E%E0%B8%99%E0%B8%A1","https://amphon.co.th/รับซื้อ/รับซื้อ-nintendo-switch-นครพนม","Yes","PASS",""
"https://amphon.co.th/%E0%B8%A3%E0%B8%B1%E0%B8%9A%E0%B8%8B%E0%B8%B7%E0%B9%89%E0%B8%AD/%E0%B8%A3%E0%B8%B1%E0%B8%9A%E0%B8%8B%E0%B8%B7%E0%B9%89%E0%B8%AD-nintendo-switch-%E0%B8%99%E0%B8%84%E0%B8%A3%E0%B8%A3%E0%B8%B2%E0%B8%8A%E0%B8%AA%E0%B8%B5%E0%B8%A1%E0%B8%B2","200","0","https://amphon.co.th/%E0%B8%A3%E0%B8%B1%E0%B8%9A%E0%B8%8B%E0%B8%B7%E0%B9%89%E0%B8%AD/%E0%B8%A3%E0%B8%B1%E0%B8%9A%E0%B8%8B%E0%B8%B7%E0%B9%89%E0%B8%AD-nintendo-switch-%E0%B8%99%E0%B8%84%E0%B8%A3%E0%B8%A3%E0%B8%B2%E0%B8%8A%E0%B8%AA%E0%B8%B5%E0%B8%A1%E0%B8%B2","https://amphon.co.th/รับซื้อ/รับซื้อ-nintendo-switch-นครราชสีมา","Yes","PASS",""
"https://amphon.co.th/%E0%B8%A3%E0%B8%B1%E0%B8%9A%E0%B8%8B%E0%B8%B7%E0%B9%89%E0%B8%AD/%E0%B8%A3%E0%B8%B1%E0%B8%9A%E0%B8%8B%E0%B8%B7%E0%B9%89%E0%B8%AD-nintendo-switch-%E0%B8%A1%E0%B8%AB%E0%B8%B2%E0%B8%AA%E0%B8%B2%E0%B8%A3%E0%B8%84%E0%B8%B2%E0%B8%A1","200","0","https://amphon.co.th/%E0%B8%A3%E0%B8%B1%E0%B8%9A%E0%B8%8B%E0%B8%B7%E0%B9%89%E0%B8%AD/%E0%B8%A3%E0%B8%B1%E0%B8%9A%E0%B8%8B%E0%B8%B7%E0%B9%89%E0%B8%AD-nintendo-switch-%E0%B8%A1%E0%B8%AB%E0%B8%B2%E0%B8%AA%E0%B8%B2%E0%B8%A3%E0%B8%84%E0%B8%B2%E0%B8%A1","https://amphon.co.th/รับซื้อ/รับซื้อ-nintendo-switch-มหาสารคาม","Yes","PASS",""
"https://amphon.co.th/%E0%B8%A3%E0%B8%B1%E0%B8%9A%E0%B8%8B%E0%B8%B7%E0%B9%89%E0%B8%AD/%E0%B8%A3%E0%B8%B1%E0%B8%9A%E0%B8%8B%E0%B8%B7%E0%B9%89%E0%B8%AD-nintendo-switch-%E0%B8%A1%E0%B8%B8%E0%B8%81%E0%B8%94%E0%B8%B2%E0%B8%AB%E0%B8%B2%E0%B8%A3","200","0","https://amphon.co.th/%E0%B8%A3%E0%B8%B1%E0%B8%9A%E0%B8%8B%E0%B8%B7%E0%B9%89%E0%B8%AD/%E0%B8%A3%E0%B8%B1%E0%B8%9A%E0%B8%8B%E0%B8%B7%E0%B9%89%E0%B8%AD-nintendo-switch-%E0%B8%A1%E0%B8%B8%E0%B8%81%E0%B8%94%E0%B8%B2%E0%B8%AB%E0%B8%B2%E0%B8%A3","https://amphon.co.th/รับซื้อ/รับซื้อ-nintendo-switch-มุกดาหาร","Yes","PASS",""
"https://amphon.co.th/%E0%B8%A3%E0%B8%B1%E0%B8%9A%E0%B8%8B%E0%B8%B7%E0%B9%89%E0%B8%AD/%E0%B8%A3%E0%B8%B1%E0%B8%9A%E0%B8%8B%E0%B8%B7%E0%B9%89%E0%B8%AD-nintendo-switch-%E0%B8%A2%E0%B9%82%E0%B8%AA%E0%B8%98%E0%B8%A3","200","0","https://amphon.co.th/%E0%B8%A3%E0%B8%B1%E0%B8%9A%E0%B8%8B%E0%B8%B7%E0%B9%89%E0%B8%AD/%E0%B8%A3%E0%B8%B1%E0%B8%9A%E0%B8%8B%E0%B8%B7%E0%B9%89%E0%B8%AD-nintendo-switch-%E0%B8%A2%E0%B9%82%E0%B8%AA%E0%B8%98%E0%B8%A3","https://amphon.co.th/รับซื้อ/รับซื้อ-nintendo-switch-ยโสธร","Yes","PASS",""
"https://amphon.co.th/%E0%B8%A3%E0%B8%B1%E0%B8%9A%E0%B8%8B%E0%B8%B7%E0%B9%89%E0%B8%AD/%E0%B8%A3%E0%B8%B1%E0%B8%9A%E0%B8%8B%E0%B8%B7%E0%B9%89%E0%B8%AD-nintendo-switch-%E0%B8%A3%E0%B9%89%E0%B8%AD%E0%B8%A2%E0%B9%80%E0%B8%AD%E0%B9%87%E0%B8%94","200","0","https://amphon.co.th/%E0%B8%A3%E0%B8%B1%E0%B8%9A%E0%B8%8B%E0%B8%B7%E0%B9%89%E0%B8%AD/%E0%B8%A3%E0%B8%B1%E0%B8%9A%E0%B8%8B%E0%B8%B7%E0%B9%89%E0%B8%AD-nintendo-switch-%E0%B8%A3%E0%B9%89%E0%B8%AD%E0%B8%A2%E0%B9%80%E0%B8%AD%E0%B9%87%E0%B8%94","https://amphon.co.th/รับซื้อ/รับซื้อ-nintendo-switch-ร้อยเอ็ด","Yes","PASS",""
"https://amphon.co.th/%E0%B8%A3%E0%B8%B1%E0%B8%9A%E0%B8%8B%E0%B8%B7%E0%B9%89%E0%B8%AD/%E0%B8%A3%E0%B8%B1%E0%B8%9A%E0%B8%8B%E0%B8%B7%E0%B9%89%E0%B8%AD-nintendo-switch-%E0%B8%A8%E0%B8%A3%E0%B8%B5%E0%B8%AA%E0%B8%B0%E0%B9%80%E0%B8%81%E0%B8%A9","200","0","https://amphon.co.th/%E0%B8%A3%E0%B8%B1%E0%B8%9A%E0%B8%8B%E0%B8%B7%E0%B9%89%E0%B8%AD/%E0%B8%A3%E0%B8%B1%E0%B8%9A%E0%B8%8B%E0%B8%B7%E0%B9%89%E0%B8%AD-nintendo-switch-%E0%B8%A8%E0%B8%A3%E0%B8%B5%E0%B8%AA%E0%B8%B0%E0%B9%80%E0%B8%81%E0%B8%A9","https://amphon.co.th/รับซื้อ/รับซื้อ-nintendo-switch-ศรีสะเกษ","Yes","PASS",""
"https://amphon.co.th/%E0%B8%A3%E0%B8%B1%E0%B8%9A%E0%B8%8B%E0%B8%B7%E0%B9%89%E0%B8%AD/%E0%B8%A3%E0%B8%B1%E0%B8%9A%E0%B8%8B%E0%B8%B7%E0%B9%89%E0%B8%AD-nintendo-switch-%E0%B8%AA%E0%B8%81%E0%B8%A5%E0%B8%99%E0%B8%84%E0%B8%A3","200","0","https://amphon.co.th/%E0%B8%A3%E0%B8%B1%E0%B8%9A%E0%B8%8B%E0%B8%B7%E0%B9%89%E0%B8%AD/%E0%B8%A3%E0%B8%B1%E0%B8%9A%E0%B8%8B%E0%B8%B7%E0%B9%89%E0%B8%AD-nintendo-switch-%E0%B8%AA%E0%B8%81%E0%B8%A5%E0%B8%99%E0%B8%84%E0%B8%A3","https://amphon.co.th/รับซื้อ/รับซื้อ-nintendo-switch-สกลนคร","Yes","PASS",""
"https://amphon.co.th/%E0%B8%A3%E0%B8%B1%E0%B8%9A%E0%B8%8B%E0%B8%B7%E0%B9%89%E0%B8%AD/%E0%B8%A3%E0%B8%B1%E0%B8%9A%E0%B8%8B%E0%B8%B7%E0%B9%89%E0%B8%AD-nintendo-switch-%E0%B8%AA%E0%B8%B8%E0%B8%A3%E0%B8%B4%E0%B8%99%E0%B8%97%E0%B8%A3%E0%B9%8C","200","0","https://amphon.co.th/%E0%B8%A3%E0%B8%B1%E0%B8%9A%E0%B8%8B%E0%B8%B7%E0%B9%89%E0%B8%AD/%E0%B8%A3%E0%B8%B1%E0%B8%9A%E0%B8%8B%E0%B8%B7%E0%B9%89%E0%B8%AD-nintendo-switch-%E0%B8%AA%E0%B8%B8%E0%B8%A3%E0%B8%B4%E0%B8%99%E0%B8%97%E0%B8%A3%E0%B9%8C","https://amphon.co.th/รับซื้อ/รับซื้อ-nintendo-switch-สุรินทร์","Yes","PASS",""
"https://amphon.co.th/%E0%B8%A3%E0%B8%B1%E0%B8%9A%E0%B8%8B%E0%B8%B7%E0%B9%89%E0%B8%AD/%E0%B8%A3%E0%B8%B1%E0%B8%9A%E0%B8%8B%E0%B8%B7%E0%B9%89%E0%B8%AD-nintendo-switch-%E0%B8%AB%E0%B8%99%E0%B8%AD%E0%B8%87%E0%B8%9A%E0%B8%B1%E0%B8%A7%E0%B8%A5%E0%B8%B3%E0%B8%A0%E0%B8%B9","200","0","https://amphon.co.th/%E0%B8%A3%E0%B8%B1%E0%B8%9A%E0%B8%8B%E0%B8%B7%E0%B9%89%E0%B8%AD/%E0%B8%A3%E0%B8%B1%E0%B8%9A%E0%B8%8B%E0%B8%B7%E0%B9%89%E0%B8%AD-nintendo-switch-%E0%B8%AB%E0%B8%99%E0%B8%AD%E0%B8%87%E0%B8%9A%E0%B8%B1%E0%B8%A7%E0%B8%A5%E0%B8%B3%E0%B8%A0%E0%B8%B9","https://amphon.co.th/รับซื้อ/รับซื้อ-nintendo-switch-หนองบัวลำภู","Yes","PASS",""
"https://amphon.co.th/%E0%B8%A3%E0%B8%B1%E0%B8%9A%E0%B8%8B%E0%B8%B7%E0%B9%89%E0%B8%AD/%E0%B8%A3%E0%B8%B1%E0%B8%9A%E0%B8%8B%E0%B8%B7%E0%B9%89%E0%B8%AD-nintendo-switch-%E0%B8%AB%E0%B8%99%E0%B8%AD%E0%B8%87%E0%B8%84%E0%B8%B2%E0%B8%A2","200","0","https://amphon.co.th/%E0%B8%A3%E0%B8%B1%E0%B8%9A%E0%B8%8B%E0%B8%B7%E0%B9%89%E0%B8%AD/%E0%B8%A3%E0%B8%B1%E0%B8%9A%E0%B8%8B%E0%B8%B7%E0%B9%89%E0%B8%AD-nintendo-switch-%E0%B8%AB%E0%B8%99%E0%B8%AD%E0%B8%87%E0%B8%84%E0%B8%B2%E0%B8%A2","https://amphon.co.th/รับซื้อ/รับซื้อ-nintendo-switch-หนองคาย","Yes","PASS",""
"https://amphon.co.th/%E0%B8%A3%E0%B8%B1%E0%B8%9A%E0%B8%8B%E0%B8%B7%E0%B9%89%E0%B8%AD/%E0%B8%A3%E0%B8%B1%E0%B8%9A%E0%B8%8B%E0%B8%B7%E0%B9%89%E0%B8%AD-nintendo-switch-%E0%B8%AD%E0%B8%B3%E0%B8%99%E0%B8%B2%E0%B8%88%E0%B9%80%E0%B8%88%E0%B8%A3%E0%B8%B4%E0%B8%8D","200","0","https://amphon.co.th/%E0%B8%A3%E0%B8%B1%E0%B8%9A%E0%B8%8B%E0%B8%B7%E0%B9%89%E0%B8%AD/%E0%B8%A3%E0%B8%B1%E0%B8%9A%E0%B8%8B%E0%B8%B7%E0%B9%89%E0%B8%AD-nintendo-switch-%E0%B8%AD%E0%B8%B3%E0%B8%99%E0%B8%B2%E0%B8%88%E0%B9%80%E0%B8%88%E0%B8%A3%E0%B8%B4%E0%B8%8D","https://amphon.co.th/รับซื้อ/รับซื้อ-nintendo-switch-อำนาจเจริญ","Yes","PASS",""
"https://amphon.co.th/%E0%B8%A3%E0%B8%B1%E0%B8%9A%E0%B8%8B%E0%B8%B7%E0%B9%89%E0%B8%AD/%E0%B8%A3%E0%B8%B1%E0%B8%9A%E0%B8%8B%E0%B8%B7%E0%B9%89%E0%B8%AD-nintendo-switch-%E0%B8%AD%E0%B8%B8%E0%B8%9A%E0%B8%A5%E0%B8%A3%E0%B8%B2%E0%B8%8A%E0%B8%98%E0%B8%B2%E0%B8%99%E0%B8%B5","200","0","https://amphon.co.th/%E0%B8%A3%E0%B8%B1%E0%B8%9A%E0%B8%8B%E0%B8%B7%E0%B9%89%E0%B8%AD/%E0%B8%A3%E0%B8%B1%E0%B8%9A%E0%B8%8B%E0%B8%B7%E0%B9%89%E0%B8%AD-nintendo-switch-%E0%B8%AD%E0%B8%B8%E0%B8%9A%E0%B8%A5%E0%B8%A3%E0%B8%B2%E0%B8%8A%E0%B8%98%E0%B8%B2%E0%B8%99%E0%B8%B5","https://amphon.co.th/รับซื้อ/รับซื้อ-nintendo-switch-อุบลราชธานี","Yes","PASS",""
"https://amphon.co.th/%E0%B8%A3%E0%B8%B1%E0%B8%9A%E0%B8%8B%E0%B8%B7%E0%B9%89%E0%B8%AD/%E0%B8%A3%E0%B8%B1%E0%B8%9A%E0%B8%8B%E0%B8%B7%E0%B9%89%E0%B8%AD-nintendo-switch-%E0%B8%AD%E0%B8%B8%E0%B8%94%E0%B8%A3%E0%B8%98%E0%B8%B2%E0%B8%99%E0%B8%B5","200","0","https://amphon.co.th/%E0%B8%A3%E0%B8%B1%E0%B8%9A%E0%B8%8B%E0%B8%B7%E0%B9%89%E0%B8%AD/%E0%B8%A3%E0%B8%B1%E0%B8%9A%E0%B8%8B%E0%B8%B7%E0%B9%89%E0%B8%AD-nintendo-switch-%E0%B8%AD%E0%B8%B8%E0%B8%94%E0%B8%A3%E0%B8%98%E0%B8%B2%E0%B8%99%E0%B8%B5","https://amphon.co.th/รับซื้อ/รับซื้อ-nintendo-switch-อุดรธานี","Yes","PASS",""
"https://amphon.co.th/%E0%B8%A3%E0%B8%B1%E0%B8%9A%E0%B8%8B%E0%B8%B7%E0%B9%89%E0%B8%AD/%E0%B8%A3%E0%B8%B1%E0%B8%9A%E0%B8%8B%E0%B8%B7%E0%B9%89%E0%B8%AD-nintendo-switch-%E0%B9%80%E0%B8%A5%E0%B8%A2","200","0","https://amphon.co.th/%E0%B8%A3%E0%B8%B1%E0%B8%9A%E0%B8%8B%E0%B8%B7%E0%B9%89%E0%B8%AD/%E0%B8%A3%E0%B8%B1%E0%B8%9A%E0%B8%8B%E0%B8%B7%E0%B9%89%E0%B8%AD-nintendo-switch-%E0%B9%80%E0%B8%A5%E0%B8%A2","https://amphon.co.th/รับซื้อ/รับซื้อ-nintendo-switch-เลย","Yes","PASS",""
"https://amphon.co.th/%E0%B8%A3%E0%B8%B1%E0%B8%9A%E0%B8%8B%E0%B8%B7%E0%B9%89%E0%B8%AD/%E0%B8%A3%E0%B8%B1%E0%B8%9A%E0%B8%8B%E0%B8%B7%E0%B9%89%E0%B8%AD-playstation-%E0%B8%8A%E0%B8%B1%E0%B8%A2%E0%B8%A0%E0%B8%B9%E0%B8%A1%E0%B8%B4","200","0","https://amphon.co.th/%E0%B8%A3%E0%B8%B1%E0%B8%9A%E0%B8%8B%E0%B8%B7%E0%B9%89%E0%B8%AD/%E0%B8%A3%E0%B8%B1%E0%B8%9A%E0%B8%8B%E0%B8%B7%E0%B9%89%E0%B8%AD-playstation-%E0%B8%8A%E0%B8%B1%E0%B8%A2%E0%B8%A0%E0%B8%B9%E0%B8%A1%E0%B8%B4","https://amphon.co.th/รับซื้อ/รับซื้อ-playstation-ชัยภูมิ","Yes","PASS",""
"https://amphon.co.th/%E0%B8%A3%E0%B8%B1%E0%B8%9A%E0%B8%8B%E0%B8%B7%E0%B9%89%E0%B8%AD/%E0%B8%A3%E0%B8%B1%E0%B8%9A%E0%B8%8B%E0%B8%B7%E0%B9%89%E0%B8%AD-playstation-%E0%B8%9A%E0%B8%B6%E0%B8%87%E0%B8%81%E0%B8%B2%E0%B8%AC","200","0","https://amphon.co.th/%E0%B8%A3%E0%B8%B1%E0%B8%9A%E0%B8%8B%E0%B8%B7%E0%B9%89%E0%B8%AD/%E0%B8%A3%E0%B8%B1%E0%B8%9A%E0%B8%8B%E0%B8%B7%E0%B9%89%E0%B8%AD-playstation-%E0%B8%9A%E0%B8%B6%E0%B8%87%E0%B8%81%E0%B8%B2%E0%B8%AC","https://amphon.co.th/รับซื้อ/รับซื้อ-playstation-บึงกาฬ","Yes","PASS",""
"https://amphon.co.th/%E0%B8%A3%E0%B8%B1%E0%B8%9A%E0%B8%8B%E0%B8%B7%E0%B9%89%E0%B8%AD/%E0%B8%A3%E0%B8%B1%E0%B8%9A%E0%B8%8B%E0%B8%B7%E0%B9%89%E0%B8%AD-playstation-%E0%B8%9A%E0%B8%B8%E0%B8%A3%E0%B8%B5%E0%B8%A3%E0%B8%B1%E0%B8%A1%E0%B8%A2%E0%B9%8C","200","0","https://amphon.co.th/%E0%B8%A3%E0%B8%B1%E0%B8%9A%E0%B8%8B%E0%B8%B7%E0%B9%89%E0%B8%AD/%E0%B8%A3%E0%B8%B1%E0%B8%9A%E0%B8%8B%E0%B8%B7%E0%B9%89%E0%B8%AD-playstation-%E0%B8%9A%E0%B8%B8%E0%B8%A3%E0%B8%B5%E0%B8%A3%E0%B8%B1%E0%B8%A1%E0%B8%A2%E0%B9%8C","https://amphon.co.th/รับซื้อ/รับซื้อ-playstation-บุรีรัมย์","Yes","PASS",""
"https://amphon.co.th/%E0%B8%A3%E0%B8%B1%E0%B8%9A%E0%B8%8B%E0%B8%B7%E0%B9%89%E0%B8%AD/%E0%B8%A3%E0%B8%B1%E0%B8%9A%E0%B8%8B%E0%B8%B7%E0%B9%89%E0%B8%AD-playstation-%E0%B8%81%E0%B8%B2%E0%B8%AC%E0%B8%AA%E0%B8%B4%E0%B8%99%E0%B8%98%E0%B8%B8%E0%B9%8C","200","0","https://amphon.co.th/%E0%B8%A3%E0%B8%B1%E0%B8%9A%E0%B8%8B%E0%B8%B7%E0%B9%89%E0%B8%AD/%E0%B8%A3%E0%B8%B1%E0%B8%9A%E0%B8%8B%E0%B8%B7%E0%B9%89%E0%B8%AD-playstation-%E0%B8%81%E0%B8%B2%E0%B8%AC%E0%B8%AA%E0%B8%B4%E0%B8%99%E0%B8%98%E0%B8%B8%E0%B9%8C","https://amphon.co.th/รับซื้อ/รับซื้อ-playstation-กาฬสินธุ์","Yes","PASS",""
"https://amphon.co.th/%E0%B8%A3%E0%B8%B1%E0%B8%9A%E0%B8%8B%E0%B8%B7%E0%B9%89%E0%B8%AD/%E0%B8%A3%E0%B8%B1%E0%B8%9A%E0%B8%8B%E0%B8%B7%E0%B9%89%E0%B8%AD-playstation-%E0%B8%82%E0%B8%AD%E0%B8%99%E0%B9%81%E0%B8%81%E0%B9%88%E0%B8%99","200","0","https://amphon.co.th/%E0%B8%A3%E0%B8%B1%E0%B8%9A%E0%B8%8B%E0%B8%B7%E0%B9%89%E0%B8%AD/%E0%B8%A3%E0%B8%B1%E0%B8%9A%E0%B8%8B%E0%B8%B7%E0%B9%89%E0%B8%AD-playstation-%E0%B8%82%E0%B8%AD%E0%B8%99%E0%B9%81%E0%B8%81%E0%B9%88%E0%B8%99","https://amphon.co.th/รับซื้อ/รับซื้อ-playstation-ขอนแก่น","Yes","PASS",""
"https://amphon.co.th/%E0%B8%A3%E0%B8%B1%E0%B8%9A%E0%B8%8B%E0%B8%B7%E0%B9%89%E0%B8%AD/%E0%B8%A3%E0%B8%B1%E0%B8%9A%E0%B8%8B%E0%B8%B7%E0%B9%89%E0%B8%AD-playstation-%E0%B8%99%E0%B8%84%E0%B8%A3%E0%B8%9E%E0%B8%99%E0%B8%A1","200","0","https://amphon.co.th/%E0%B8%A3%E0%B8%B1%E0%B8%9A%E0%B8%8B%E0%B8%B7%E0%B9%89%E0%B8%AD/%E0%B8%A3%E0%B8%B1%E0%B8%9A%E0%B8%8B%E0%B8%B7%E0%B9%89%E0%B8%AD-playstation-%E0%B8%99%E0%B8%84%E0%B8%A3%E0%B8%9E%E0%B8%99%E0%B8%A1","https://amphon.co.th/รับซื้อ/รับซื้อ-playstation-นครพนม","Yes","PASS",""
"https://amphon.co.th/%E0%B8%A3%E0%B8%B1%E0%B8%9A%E0%B8%8B%E0%B8%B7%E0%B9%89%E0%B8%AD/%E0%B8%A3%E0%B8%B1%E0%B8%9A%E0%B8%8B%E0%B8%B7%E0%B9%89%E0%B8%AD-playstation-%E0%B8%99%E0%B8%84%E0%B8%A3%E0%B8%A3%E0%B8%B2%E0%B8%8A%E0%B8%AA%E0%B8%B5%E0%B8%A1%E0%B8%B2","200","0","https://amphon.co.th/%E0%B8%A3%E0%B8%B1%E0%B8%9A%E0%B8%8B%E0%B8%B7%E0%B9%89%E0%B8%AD/%E0%B8%A3%E0%B8%B1%E0%B8%9A%E0%B8%8B%E0%B8%B7%E0%B9%89%E0%B8%AD-playstation-%E0%B8%99%E0%B8%84%E0%B8%A3%E0%B8%A3%E0%B8%B2%E0%B8%8A%E0%B8%AA%E0%B8%B5%E0%B8%A1%E0%B8%B2","https://amphon.co.th/รับซื้อ/รับซื้อ-playstation-นครราชสีมา","Yes","PASS",""
"https://amphon.co.th/%E0%B8%A3%E0%B8%B1%E0%B8%9A%E0%B8%8B%E0%B8%B7%E0%B9%89%E0%B8%AD/%E0%B8%A3%E0%B8%B1%E0%B8%9A%E0%B8%8B%E0%B8%B7%E0%B9%89%E0%B8%AD-playstation-%E0%B8%A1%E0%B8%AB%E0%B8%B2%E0%B8%AA%E0%B8%B2%E0%B8%A3%E0%B8%84%E0%B8%B2%E0%B8%A1","200","0","https://amphon.co.th/%E0%B8%A3%E0%B8%B1%E0%B8%9A%E0%B8%8B%E0%B8%B7%E0%B9%89%E0%B8%AD/%E0%B8%A3%E0%B8%B1%E0%B8%9A%E0%B8%8B%E0%B8%B7%E0%B9%89%E0%B8%AD-playstation-%E0%B8%A1%E0%B8%AB%E0%B8%B2%E0%B8%AA%E0%B8%B2%E0%B8%A3%E0%B8%84%E0%B8%B2%E0%B8%A1","https://amphon.co.th/รับซื้อ/รับซื้อ-playstation-มหาสารคาม","Yes","PASS",""
"https://amphon.co.th/%E0%B8%A3%E0%B8%B1%E0%B8%9A%E0%B8%8B%E0%B8%B7%E0%B9%89%E0%B8%AD/%E0%B8%A3%E0%B8%B1%E0%B8%9A%E0%B8%8B%E0%B8%B7%E0%B9%89%E0%B8%AD-playstation-%E0%B8%A1%E0%B8%B8%E0%B8%81%E0%B8%94%E0%B8%B2%E0%B8%AB%E0%B8%B2%E0%B8%A3","200","0","https://amphon.co.th/%E0%B8%A3%E0%B8%B1%E0%B8%9A%E0%B8%8B%E0%B8%B7%E0%B9%89%E0%B8%AD/%E0%B8%A3%E0%B8%B1%E0%B8%9A%E0%B8%8B%E0%B8%B7%E0%B9%89%E0%B8%AD-playstation-%E0%B8%A1%E0%B8%B8%E0%B8%81%E0%B8%94%E0%B8%B2%E0%B8%AB%E0%B8%B2%E0%B8%A3","https://amphon.co.th/รับซื้อ/รับซื้อ-playstation-มุกดาหาร","Yes","PASS",""
"https://amphon.co.th/%E0%B8%A3%E0%B8%B1%E0%B8%9A%E0%B8%8B%E0%B8%B7%E0%B9%89%E0%B8%AD/%E0%B8%A3%E0%B8%B1%E0%B8%9A%E0%B8%8B%E0%B8%B7%E0%B9%89%E0%B8%AD-playstation-%E0%B8%A2%E0%B9%82%E0%B8%AA%E0%B8%98%E0%B8%A3","200","0","https://amphon.co.th/%E0%B8%A3%E0%B8%B1%E0%B8%9A%E0%B8%8B%E0%B8%B7%E0%B9%89%E0%B8%AD/%E0%B8%A3%E0%B8%B1%E0%B8%9A%E0%B8%8B%E0%B8%B7%E0%B9%89%E0%B8%AD-playstation-%E0%B8%A2%E0%B9%82%E0%B8%AA%E0%B8%98%E0%B8%A3","https://amphon.co.th/รับซื้อ/รับซื้อ-playstation-ยโสธร","Yes","PASS",""
"https://amphon.co.th/%E0%B8%A3%E0%B8%B1%E0%B8%9A%E0%B8%8B%E0%B8%B7%E0%B9%89%E0%B8%AD/%E0%B8%A3%E0%B8%B1%E0%B8%9A%E0%B8%8B%E0%B8%B7%E0%B9%89%E0%B8%AD-playstation-%E0%B8%A3%E0%B9%89%E0%B8%AD%E0%B8%A2%E0%B9%80%E0%B8%AD%E0%B9%87%E0%B8%94","200","0","https://amphon.co.th/%E0%B8%A3%E0%B8%B1%E0%B8%9A%E0%B8%8B%E0%B8%B7%E0%B9%89%E0%B8%AD/%E0%B8%A3%E0%B8%B1%E0%B8%9A%E0%B8%8B%E0%B8%B7%E0%B9%89%E0%B8%AD-playstation-%E0%B8%A3%E0%B9%89%E0%B8%AD%E0%B8%A2%E0%B9%80%E0%B8%AD%E0%B9%87%E0%B8%94","https://amphon.co.th/รับซื้อ/รับซื้อ-playstation-ร้อยเอ็ด","Yes","PASS",""
"https://amphon.co.th/%E0%B8%A3%E0%B8%B1%E0%B8%9A%E0%B8%8B%E0%B8%B7%E0%B9%89%E0%B8%AD/%E0%B8%A3%E0%B8%B1%E0%B8%9A%E0%B8%8B%E0%B8%B7%E0%B9%89%E0%B8%AD-playstation-%E0%B8%A8%E0%B8%A3%E0%B8%B5%E0%B8%AA%E0%B8%B0%E0%B9%80%E0%B8%81%E0%B8%A9","200","0","https://amphon.co.th/%E0%B8%A3%E0%B8%B1%E0%B8%9A%E0%B8%8B%E0%B8%B7%E0%B9%89%E0%B8%AD/%E0%B8%A3%E0%B8%B1%E0%B8%9A%E0%B8%8B%E0%B8%B7%E0%B9%89%E0%B8%AD-playstation-%E0%B8%A8%E0%B8%A3%E0%B8%B5%E0%B8%AA%E0%B8%B0%E0%B9%80%E0%B8%81%E0%B8%A9","https://amphon.co.th/รับซื้อ/รับซื้อ-playstation-ศรีสะเกษ","Yes","PASS",""
"https://amphon.co.th/%E0%B8%A3%E0%B8%B1%E0%B8%9A%E0%B8%8B%E0%B8%B7%E0%B9%89%E0%B8%AD/%E0%B8%A3%E0%B8%B1%E0%B8%9A%E0%B8%8B%E0%B8%B7%E0%B9%89%E0%B8%AD-playstation-%E0%B8%AA%E0%B8%81%E0%B8%A5%E0%B8%99%E0%B8%84%E0%B8%A3","200","0","https://amphon.co.th/%E0%B8%A3%E0%B8%B1%E0%B8%9A%E0%B8%8B%E0%B8%B7%E0%B9%89%E0%B8%AD/%E0%B8%A3%E0%B8%B1%E0%B8%9A%E0%B8%8B%E0%B8%B7%E0%B9%89%E0%B8%AD-playstation-%E0%B8%AA%E0%B8%81%E0%B8%A5%E0%B8%99%E0%B8%84%E0%B8%A3","https://amphon.co.th/รับซื้อ/รับซื้อ-playstation-สกลนคร","Yes","PASS",""
"https://amphon.co.th/%E0%B8%A3%E0%B8%B1%E0%B8%9A%E0%B8%8B%E0%B8%B7%E0%B9%89%E0%B8%AD/%E0%B8%A3%E0%B8%B1%E0%B8%9A%E0%B8%8B%E0%B8%B7%E0%B9%89%E0%B8%AD-playstation-%E0%B8%AA%E0%B8%B8%E0%B8%A3%E0%B8%B4%E0%B8%99%E0%B8%97%E0%B8%A3%E0%B9%8C","200","0","https://amphon.co.th/%E0%B8%A3%E0%B8%B1%E0%B8%9A%E0%B8%8B%E0%B8%B7%E0%B9%89%E0%B8%AD/%E0%B8%A3%E0%B8%B1%E0%B8%9A%E0%B8%8B%E0%B8%B7%E0%B9%89%E0%B8%AD-playstation-%E0%B8%AA%E0%B8%B8%E0%B8%A3%E0%B8%B4%E0%B8%99%E0%B8%97%E0%B8%A3%E0%B9%8C","https://amphon.co.th/รับซื้อ/รับซื้อ-playstation-สุรินทร์","Yes","PASS",""
"https://amphon.co.th/%E0%B8%A3%E0%B8%B1%E0%B8%9A%E0%B8%8B%E0%B8%B7%E0%B9%89%E0%B8%AD/%E0%B8%A3%E0%B8%B1%E0%B8%9A%E0%B8%8B%E0%B8%B7%E0%B9%89%E0%B8%AD-playstation-%E0%B8%AB%E0%B8%99%E0%B8%AD%E0%B8%87%E0%B8%9A%E0%B8%B1%E0%B8%A7%E0%B8%A5%E0%B8%B3%E0%B8%A0%E0%B8%B9","200","0","https://amphon.co.th/%E0%B8%A3%E0%B8%B1%E0%B8%9A%E0%B8%8B%E0%B8%B7%E0%B9%89%E0%B8%AD/%E0%B8%A3%E0%B8%B1%E0%B8%9A%E0%B8%8B%E0%B8%B7%E0%B9%89%E0%B8%AD-playstation-%E0%B8%AB%E0%B8%99%E0%B8%AD%E0%B8%87%E0%B8%9A%E0%B8%B1%E0%B8%A7%E0%B8%A5%E0%B8%B3%E0%B8%A0%E0%B8%B9","https://amphon.co.th/รับซื้อ/รับซื้อ-playstation-หนองบัวลำภู","Yes","PASS",""
"https://amphon.co.th/%E0%B8%A3%E0%B8%B1%E0%B8%9A%E0%B8%8B%E0%B8%B7%E0%B9%89%E0%B8%AD/%E0%B8%A3%E0%B8%B1%E0%B8%9A%E0%B8%8B%E0%B8%B7%E0%B9%89%E0%B8%AD-playstation-%E0%B8%AB%E0%B8%99%E0%B8%AD%E0%B8%87%E0%B8%84%E0%B8%B2%E0%B8%A2","200","0","https://amphon.co.th/%E0%B8%A3%E0%B8%B1%E0%B8%9A%E0%B8%8B%E0%B8%B7%E0%B9%89%E0%B8%AD/%E0%B8%A3%E0%B8%B1%E0%B8%9A%E0%B8%8B%E0%B8%B7%E0%B9%89%E0%B8%AD-playstation-%E0%B8%AB%E0%B8%99%E0%B8%AD%E0%B8%87%E0%B8%84%E0%B8%B2%E0%B8%A2","https://amphon.co.th/รับซื้อ/รับซื้อ-playstation-หนองคาย","Yes","PASS",""
"https://amphon.co.th/%E0%B8%A3%E0%B8%B1%E0%B8%9A%E0%B8%8B%E0%B8%B7%E0%B9%89%E0%B8%AD/%E0%B8%A3%E0%B8%B1%E0%B8%9A%E0%B8%8B%E0%B8%B7%E0%B9%89%E0%B8%AD-playstation-%E0%B8%AD%E0%B8%B3%E0%B8%99%E0%B8%B2%E0%B8%88%E0%B9%80%E0%B8%88%E0%B8%A3%E0%B8%B4%E0%B8%8D","200","0","https://amphon.co.th/%E0%B8%A3%E0%B8%B1%E0%B8%9A%E0%B8%8B%E0%B8%B7%E0%B9%89%E0%B8%AD/%E0%B8%A3%E0%B8%B1%E0%B8%9A%E0%B8%8B%E0%B8%B7%E0%B9%89%E0%B8%AD-playstation-%E0%B8%AD%E0%B8%B3%E0%B8%99%E0%B8%B2%E0%B8%88%E0%B9%80%E0%B8%88%E0%B8%A3%E0%B8%B4%E0%B8%8D","https://amphon.co.th/รับซื้อ/รับซื้อ-playstation-อำนาจเจริญ","Yes","PASS",""
"https://amphon.co.th/%E0%B8%A3%E0%B8%B1%E0%B8%9A%E0%B8%8B%E0%B8%B7%E0%B9%89%E0%B8%AD/%E0%B8%A3%E0%B8%B1%E0%B8%9A%E0%B8%8B%E0%B8%B7%E0%B9%89%E0%B8%AD-playstation-%E0%B8%AD%E0%B8%B8%E0%B8%9A%E0%B8%A5%E0%B8%A3%E0%B8%B2%E0%B8%8A%E0%B8%98%E0%B8%B2%E0%B8%99%E0%B8%B5","200","0","https://amphon.co.th/%E0%B8%A3%E0%B8%B1%E0%B8%9A%E0%B8%8B%E0%B8%B7%E0%B9%89%E0%B8%AD/%E0%B8%A3%E0%B8%B1%E0%B8%9A%E0%B8%8B%E0%B8%B7%E0%B9%89%E0%B8%AD-playstation-%E0%B8%AD%E0%B8%B8%E0%B8%9A%E0%B8%A5%E0%B8%A3%E0%B8%B2%E0%B8%8A%E0%B8%98%E0%B8%B2%E0%B8%99%E0%B8%B5","https://amphon.co.th/รับซื้อ/รับซื้อ-playstation-อุบลราชธานี","Yes","PASS",""
"https://amphon.co.th/%E0%B8%A3%E0%B8%B1%E0%B8%9A%E0%B8%8B%E0%B8%B7%E0%B9%89%E0%B8%AD/%E0%B8%A3%E0%B8%B1%E0%B8%9A%E0%B8%8B%E0%B8%B7%E0%B9%89%E0%B8%AD-playstation-%E0%B8%AD%E0%B8%B8%E0%B8%94%E0%B8%A3%E0%B8%98%E0%B8%B2%E0%B8%99%E0%B8%B5","200","0","https://amphon.co.th/%E0%B8%A3%E0%B8%B1%E0%B8%9A%E0%B8%8B%E0%B8%B7%E0%B9%89%E0%B8%AD/%E0%B8%A3%E0%B8%B1%E0%B8%9A%E0%B8%8B%E0%B8%B7%E0%B9%89%E0%B8%AD-playstation-%E0%B8%AD%E0%B8%B8%E0%B8%94%E0%B8%A3%E0%B8%98%E0%B8%B2%E0%B8%99%E0%B8%B5","https://amphon.co.th/รับซื้อ/รับซื้อ-playstation-อุดรธานี","Yes","PASS",""
"https://amphon.co.th/%E0%B8%A3%E0%B8%B1%E0%B8%9A%E0%B8%8B%E0%B8%B7%E0%B9%89%E0%B8%AD/%E0%B8%A3%E0%B8%B1%E0%B8%9A%E0%B8%8B%E0%B8%B7%E0%B9%89%E0%B8%AD-playstation-%E0%B9%80%E0%B8%A5%E0%B8%A2","200","0","https://amphon.co.th/%E0%B8%A3%E0%B8%B1%E0%B8%9A%E0%B8%8B%E0%B8%B7%E0%B9%89%E0%B8%AD/%E0%B8%A3%E0%B8%B1%E0%B8%9A%E0%B8%8B%E0%B8%B7%E0%B9%89%E0%B8%AD-playstation-%E0%B9%80%E0%B8%A5%E0%B8%A2","https://amphon.co.th/รับซื้อ/รับซื้อ-playstation-เลย","Yes","PASS",""
"https://amphon.co.th/%E0%B8%A3%E0%B8%B1%E0%B8%9A%E0%B8%8B%E0%B8%B7%E0%B9%89%E0%B8%AD/%E0%B8%A3%E0%B8%B1%E0%B8%9A%E0%B8%8B%E0%B8%B7%E0%B9%89%E0%B8%AD-server-%E0%B8%8A%E0%B8%B1%E0%B8%A2%E0%B8%A0%E0%B8%B9%E0%B8%A1%E0%B8%B4","200","0","https://amphon.co.th/%E0%B8%A3%E0%B8%B1%E0%B8%9A%E0%B8%8B%E0%B8%B7%E0%B9%89%E0%B8%AD/%E0%B8%A3%E0%B8%B1%E0%B8%9A%E0%B8%8B%E0%B8%B7%E0%B9%89%E0%B8%AD-server-%E0%B8%8A%E0%B8%B1%E0%B8%A2%E0%B8%A0%E0%B8%B9%E0%B8%A1%E0%B8%B4","https://amphon.co.th/รับซื้อ/รับซื้อ-server-ชัยภูมิ","Yes","PASS",""
"https://amphon.co.th/%E0%B8%A3%E0%B8%B1%E0%B8%9A%E0%B8%8B%E0%B8%B7%E0%B9%89%E0%B8%AD/%E0%B8%A3%E0%B8%B1%E0%B8%9A%E0%B8%8B%E0%B8%B7%E0%B9%89%E0%B8%AD-server-%E0%B8%9A%E0%B8%B6%E0%B8%87%E0%B8%81%E0%B8%B2%E0%B8%AC","200","0","https://amphon.co.th/%E0%B8%A3%E0%B8%B1%E0%B8%9A%E0%B8%8B%E0%B8%B7%E0%B9%89%E0%B8%AD/%E0%B8%A3%E0%B8%B1%E0%B8%9A%E0%B8%8B%E0%B8%B7%E0%B9%89%E0%B8%AD-server-%E0%B8%9A%E0%B8%B6%E0%B8%87%E0%B8%81%E0%B8%B2%E0%B8%AC","https://amphon.co.th/รับซื้อ/รับซื้อ-server-บึงกาฬ","Yes","PASS",""
"https://amphon.co.th/%E0%B8%A3%E0%B8%B1%E0%B8%9A%E0%B8%8B%E0%B8%B7%E0%B9%89%E0%B8%AD/%E0%B8%A3%E0%B8%B1%E0%B8%9A%E0%B8%8B%E0%B8%B7%E0%B9%89%E0%B8%AD-server-%E0%B8%9A%E0%B8%B8%E0%B8%A3%E0%B8%B5%E0%B8%A3%E0%B8%B1%E0%B8%A1%E0%B8%A2%E0%B9%8C","200","0","https://amphon.co.th/%E0%B8%A3%E0%B8%B1%E0%B8%9A%E0%B8%8B%E0%B8%B7%E0%B9%89%E0%B8%AD/%E0%B8%A3%E0%B8%B1%E0%B8%9A%E0%B8%8B%E0%B8%B7%E0%B9%89%E0%B8%AD-server-%E0%B8%9A%E0%B8%B8%E0%B8%A3%E0%B8%B5%E0%B8%A3%E0%B8%B1%E0%B8%A1%E0%B8%A2%E0%B9%8C","https://amphon.co.th/รับซื้อ/รับซื้อ-server-บุรีรัมย์","Yes","PASS",""
"https://amphon.co.th/%E0%B8%A3%E0%B8%B1%E0%B8%9A%E0%B8%8B%E0%B8%B7%E0%B9%89%E0%B8%AD/%E0%B8%A3%E0%B8%B1%E0%B8%9A%E0%B8%8B%E0%B8%B7%E0%B9%89%E0%B8%AD-server-%E0%B8%81%E0%B8%B2%E0%B8%AC%E0%B8%AA%E0%B8%B4%E0%B8%99%E0%B8%98%E0%B8%B8%E0%B9%8C","200","0","https://amphon.co.th/%E0%B8%A3%E0%B8%B1%E0%B8%9A%E0%B8%8B%E0%B8%B7%E0%B9%89%E0%B8%AD/%E0%B8%A3%E0%B8%B1%E0%B8%9A%E0%B8%8B%E0%B8%B7%E0%B9%89%E0%B8%AD-server-%E0%B8%81%E0%B8%B2%E0%B8%AC%E0%B8%AA%E0%B8%B4%E0%B8%99%E0%B8%98%E0%B8%B8%E0%B9%8C","https://amphon.co.th/รับซื้อ/รับซื้อ-server-กาฬสินธุ์","Yes","PASS",""
"https://amphon.co.th/%E0%B8%A3%E0%B8%B1%E0%B8%9A%E0%B8%8B%E0%B8%B7%E0%B9%89%E0%B8%AD/%E0%B8%A3%E0%B8%B1%E0%B8%9A%E0%B8%8B%E0%B8%B7%E0%B9%89%E0%B8%AD-server-%E0%B8%82%E0%B8%AD%E0%B8%99%E0%B9%81%E0%B8%81%E0%B9%88%E0%B8%99","200","0","https://amphon.co.th/%E0%B8%A3%E0%B8%B1%E0%B8%9A%E0%B8%8B%E0%B8%B7%E0%B9%89%E0%B8%AD/%E0%B8%A3%E0%B8%B1%E0%B8%9A%E0%B8%8B%E0%B8%B7%E0%B9%89%E0%B8%AD-server-%E0%B8%82%E0%B8%AD%E0%B8%99%E0%B9%81%E0%B8%81%E0%B9%88%E0%B8%99","https://amphon.co.th/รับซื้อ/รับซื้อ-server-ขอนแก่น","Yes","PASS",""
"https://amphon.co.th/%E0%B8%A3%E0%B8%B1%E0%B8%9A%E0%B8%8B%E0%B8%B7%E0%B9%89%E0%B8%AD/%E0%B8%A3%E0%B8%B1%E0%B8%9A%E0%B8%8B%E0%B8%B7%E0%B9%89%E0%B8%AD-server-%E0%B8%99%E0%B8%84%E0%B8%A3%E0%B8%9E%E0%B8%99%E0%B8%A1","200","0","https://amphon.co.th/%E0%B8%A3%E0%B8%B1%E0%B8%9A%E0%B8%8B%E0%B8%B7%E0%B9%89%E0%B8%AD/%E0%B8%A3%E0%B8%B1%E0%B8%9A%E0%B8%8B%E0%B8%B7%E0%B9%89%E0%B8%AD-server-%E0%B8%99%E0%B8%84%E0%B8%A3%E0%B8%9E%E0%B8%99%E0%B8%A1","https://amphon.co.th/รับซื้อ/รับซื้อ-server-นครพนม","Yes","PASS",""
"https://amphon.co.th/%E0%B8%A3%E0%B8%B1%E0%B8%9A%E0%B8%8B%E0%B8%B7%E0%B9%89%E0%B8%AD/%E0%B8%A3%E0%B8%B1%E0%B8%9A%E0%B8%8B%E0%B8%B7%E0%B9%89%E0%B8%AD-server-%E0%B8%99%E0%B8%84%E0%B8%A3%E0%B8%A3%E0%B8%B2%E0%B8%8A%E0%B8%AA%E0%B8%B5%E0%B8%A1%E0%B8%B2","200","0","https://amphon.co.th/%E0%B8%A3%E0%B8%B1%E0%B8%9A%E0%B8%8B%E0%B8%B7%E0%B9%89%E0%B8%AD/%E0%B8%A3%E0%B8%B1%E0%B8%9A%E0%B8%8B%E0%B8%B7%E0%B9%89%E0%B8%AD-server-%E0%B8%99%E0%B8%84%E0%B8%A3%E0%B8%A3%E0%B8%B2%E0%B8%8A%E0%B8%AA%E0%B8%B5%E0%B8%A1%E0%B8%B2","https://amphon.co.th/รับซื้อ/รับซื้อ-server-นครราชสีมา","Yes","PASS",""
"https://amphon.co.th/%E0%B8%A3%E0%B8%B1%E0%B8%9A%E0%B8%8B%E0%B8%B7%E0%B9%89%E0%B8%AD/%E0%B8%A3%E0%B8%B1%E0%B8%9A%E0%B8%8B%E0%B8%B7%E0%B9%89%E0%B8%AD-server-%E0%B8%A1%E0%B8%AB%E0%B8%B2%E0%B8%AA%E0%B8%B2%E0%B8%A3%E0%B8%84%E0%B8%B2%E0%B8%A1","200","0","https://amphon.co.th/%E0%B8%A3%E0%B8%B1%E0%B8%9A%E0%B8%8B%E0%B8%B7%E0%B9%89%E0%B8%AD/%E0%B8%A3%E0%B8%B1%E0%B8%9A%E0%B8%8B%E0%B8%B7%E0%B9%89%E0%B8%AD-server-%E0%B8%A1%E0%B8%AB%E0%B8%B2%E0%B8%AA%E0%B8%B2%E0%B8%A3%E0%B8%84%E0%B8%B2%E0%B8%A1","https://amphon.co.th/รับซื้อ/รับซื้อ-server-มหาสารคาม","Yes","PASS",""
"https://amphon.co.th/%E0%B8%A3%E0%B8%B1%E0%B8%9A%E0%B8%8B%E0%B8%B7%E0%B9%89%E0%B8%AD/%E0%B8%A3%E0%B8%B1%E0%B8%9A%E0%B8%8B%E0%B8%B7%E0%B9%89%E0%B8%AD-server-%E0%B8%A1%E0%B8%B8%E0%B8%81%E0%B8%94%E0%B8%B2%E0%B8%AB%E0%B8%B2%E0%B8%A3","200","0","https://amphon.co.th/%E0%B8%A3%E0%B8%B1%E0%B8%9A%E0%B8%8B%E0%B8%B7%E0%B9%89%E0%B8%AD/%E0%B8%A3%E0%B8%B1%E0%B8%9A%E0%B8%8B%E0%B8%B7%E0%B9%89%E0%B8%AD-server-%E0%B8%A1%E0%B8%B8%E0%B8%81%E0%B8%94%E0%B8%B2%E0%B8%AB%E0%B8%B2%E0%B8%A3","https://amphon.co.th/รับซื้อ/รับซื้อ-server-มุกดาหาร","Yes","PASS",""
"https://amphon.co.th/%E0%B8%A3%E0%B8%B1%E0%B8%9A%E0%B8%8B%E0%B8%B7%E0%B9%89%E0%B8%AD/%E0%B8%A3%E0%B8%B1%E0%B8%9A%E0%B8%8B%E0%B8%B7%E0%B9%89%E0%B8%AD-server-%E0%B8%A2%E0%B9%82%E0%B8%AA%E0%B8%98%E0%B8%A3","200","0","https://amphon.co.th/%E0%B8%A3%E0%B8%B1%E0%B8%9A%E0%B8%8B%E0%B8%B7%E0%B9%89%E0%B8%AD/%E0%B8%A3%E0%B8%B1%E0%B8%9A%E0%B8%8B%E0%B8%B7%E0%B9%89%E0%B8%AD-server-%E0%B8%A2%E0%B9%82%E0%B8%AA%E0%B8%98%E0%B8%A3","https://amphon.co.th/รับซื้อ/รับซื้อ-server-ยโสธร","Yes","PASS",""
"https://amphon.co.th/%E0%B8%A3%E0%B8%B1%E0%B8%9A%E0%B8%8B%E0%B8%B7%E0%B9%89%E0%B8%AD/%E0%B8%A3%E0%B8%B1%E0%B8%9A%E0%B8%8B%E0%B8%B7%E0%B9%89%E0%B8%AD-server-%E0%B8%A3%E0%B9%89%E0%B8%AD%E0%B8%A2%E0%B9%80%E0%B8%AD%E0%B9%87%E0%B8%94","200","0","https://amphon.co.th/%E0%B8%A3%E0%B8%B1%E0%B8%9A%E0%B8%8B%E0%B8%B7%E0%B9%89%E0%B8%AD/%E0%B8%A3%E0%B8%B1%E0%B8%9A%E0%B8%8B%E0%B8%B7%E0%B9%89%E0%B8%AD-server-%E0%B8%A3%E0%B9%89%E0%B8%AD%E0%B8%A2%E0%B9%80%E0%B8%AD%E0%B9%87%E0%B8%94","https://amphon.co.th/รับซื้อ/รับซื้อ-server-ร้อยเอ็ด","Yes","PASS",""
"https://amphon.co.th/%E0%B8%A3%E0%B8%B1%E0%B8%9A%E0%B8%8B%E0%B8%B7%E0%B9%89%E0%B8%AD/%E0%B8%A3%E0%B8%B1%E0%B8%9A%E0%B8%8B%E0%B8%B7%E0%B9%89%E0%B8%AD-server-%E0%B8%A8%E0%B8%A3%E0%B8%B5%E0%B8%AA%E0%B8%B0%E0%B9%80%E0%B8%81%E0%B8%A9","200","0","https://amphon.co.th/%E0%B8%A3%E0%B8%B1%E0%B8%9A%E0%B8%8B%E0%B8%B7%E0%B9%89%E0%B8%AD/%E0%B8%A3%E0%B8%B1%E0%B8%9A%E0%B8%8B%E0%B8%B7%E0%B9%89%E0%B8%AD-server-%E0%B8%A8%E0%B8%A3%E0%B8%B5%E0%B8%AA%E0%B8%B0%E0%B9%80%E0%B8%81%E0%B8%A9","https://amphon.co.th/รับซื้อ/รับซื้อ-server-ศรีสะเกษ","Yes","PASS",""
"https://amphon.co.th/%E0%B8%A3%E0%B8%B1%E0%B8%9A%E0%B8%8B%E0%B8%B7%E0%B9%89%E0%B8%AD/%E0%B8%A3%E0%B8%B1%E0%B8%9A%E0%B8%8B%E0%B8%B7%E0%B9%89%E0%B8%AD-server-%E0%B8%AA%E0%B8%81%E0%B8%A5%E0%B8%99%E0%B8%84%E0%B8%A3","200","0","https://amphon.co.th/%E0%B8%A3%E0%B8%B1%E0%B8%9A%E0%B8%8B%E0%B8%B7%E0%B9%89%E0%B8%AD/%E0%B8%A3%E0%B8%B1%E0%B8%9A%E0%B8%8B%E0%B8%B7%E0%B9%89%E0%B8%AD-server-%E0%B8%AA%E0%B8%81%E0%B8%A5%E0%B8%99%E0%B8%84%E0%B8%A3","https://amphon.co.th/รับซื้อ/รับซื้อ-server-สกลนคร","Yes","PASS",""
"https://amphon.co.th/%E0%B8%A3%E0%B8%B1%E0%B8%9A%E0%B8%8B%E0%B8%B7%E0%B9%89%E0%B8%AD/%E0%B8%A3%E0%B8%B1%E0%B8%9A%E0%B8%8B%E0%B8%B7%E0%B9%89%E0%B8%AD-server-%E0%B8%AA%E0%B8%B8%E0%B8%A3%E0%B8%B4%E0%B8%99%E0%B8%97%E0%B8%A3%E0%B9%8C","200","0","https://amphon.co.th/%E0%B8%A3%E0%B8%B1%E0%B8%9A%E0%B8%8B%E0%B8%B7%E0%B9%89%E0%B8%AD/%E0%B8%A3%E0%B8%B1%E0%B8%9A%E0%B8%8B%E0%B8%B7%E0%B9%89%E0%B8%AD-server-%E0%B8%AA%E0%B8%B8%E0%B8%A3%E0%B8%B4%E0%B8%99%E0%B8%97%E0%B8%A3%E0%B9%8C","https://amphon.co.th/รับซื้อ/รับซื้อ-server-สุรินทร์","Yes","PASS",""
"https://amphon.co.th/%E0%B8%A3%E0%B8%B1%E0%B8%9A%E0%B8%8B%E0%B8%B7%E0%B9%89%E0%B8%AD/%E0%B8%A3%E0%B8%B1%E0%B8%9A%E0%B8%8B%E0%B8%B7%E0%B9%89%E0%B8%AD-server-%E0%B8%AB%E0%B8%99%E0%B8%AD%E0%B8%87%E0%B8%9A%E0%B8%B1%E0%B8%A7%E0%B8%A5%E0%B8%B3%E0%B8%A0%E0%B8%B9","200","0","https://amphon.co.th/%E0%B8%A3%E0%B8%B1%E0%B8%9A%E0%B8%8B%E0%B8%B7%E0%B9%89%E0%B8%AD/%E0%B8%A3%E0%B8%B1%E0%B8%9A%E0%B8%8B%E0%B8%B7%E0%B9%89%E0%B8%AD-server-%E0%B8%AB%E0%B8%99%E0%B8%AD%E0%B8%87%E0%B8%9A%E0%B8%B1%E0%B8%A7%E0%B8%A5%E0%B8%B3%E0%B8%A0%E0%B8%B9","https://amphon.co.th/รับซื้อ/รับซื้อ-server-หนองบัวลำภู","Yes","PASS",""
"https://amphon.co.th/%E0%B8%A3%E0%B8%B1%E0%B8%9A%E0%B8%8B%E0%B8%B7%E0%B9%89%E0%B8%AD/%E0%B8%A3%E0%B8%B1%E0%B8%9A%E0%B8%8B%E0%B8%B7%E0%B9%89%E0%B8%AD-server-%E0%B8%AB%E0%B8%99%E0%B8%AD%E0%B8%87%E0%B8%84%E0%B8%B2%E0%B8%A2","200","0","https://amphon.co.th/%E0%B8%A3%E0%B8%B1%E0%B8%9A%E0%B8%8B%E0%B8%B7%E0%B9%89%E0%B8%AD/%E0%B8%A3%E0%B8%B1%E0%B8%9A%E0%B8%8B%E0%B8%B7%E0%B9%89%E0%B8%AD-server-%E0%B8%AB%E0%B8%99%E0%B8%AD%E0%B8%87%E0%B8%84%E0%B8%B2%E0%B8%A2","https://amphon.co.th/รับซื้อ/รับซื้อ-server-หนองคาย","Yes","PASS",""
"https://amphon.co.th/%E0%B8%A3%E0%B8%B1%E0%B8%9A%E0%B8%8B%E0%B8%B7%E0%B9%89%E0%B8%AD/%E0%B8%A3%E0%B8%B1%E0%B8%9A%E0%B8%8B%E0%B8%B7%E0%B9%89%E0%B8%AD-server-%E0%B8%AD%E0%B8%B3%E0%B8%99%E0%B8%B2%E0%B8%88%E0%B9%80%E0%B8%88%E0%B8%A3%E0%B8%B4%E0%B8%8D","200","0","https://amphon.co.th/%E0%B8%A3%E0%B8%B1%E0%B8%9A%E0%B8%8B%E0%B8%B7%E0%B9%89%E0%B8%AD/%E0%B8%A3%E0%B8%B1%E0%B8%9A%E0%B8%8B%E0%B8%B7%E0%B9%89%E0%B8%AD-server-%E0%B8%AD%E0%B8%B3%E0%B8%99%E0%B8%B2%E0%B8%88%E0%B9%80%E0%B8%88%E0%B8%A3%E0%B8%B4%E0%B8%8D","https://amphon.co.th/รับซื้อ/รับซื้อ-server-อำนาจเจริญ","Yes","PASS",""
"https://amphon.co.th/%E0%B8%A3%E0%B8%B1%E0%B8%9A%E0%B8%8B%E0%B8%B7%E0%B9%89%E0%B8%AD/%E0%B8%A3%E0%B8%B1%E0%B8%9A%E0%B8%8B%E0%B8%B7%E0%B9%89%E0%B8%AD-server-%E0%B8%AD%E0%B8%B8%E0%B8%9A%E0%B8%A5%E0%B8%A3%E0%B8%B2%E0%B8%8A%E0%B8%98%E0%B8%B2%E0%B8%99%E0%B8%B5","200","0","https://amphon.co.th/%E0%B8%A3%E0%B8%B1%E0%B8%9A%E0%B8%8B%E0%B8%B7%E0%B9%89%E0%B8%AD/%E0%B8%A3%E0%B8%B1%E0%B8%9A%E0%B8%8B%E0%B8%B7%E0%B9%89%E0%B8%AD-server-%E0%B8%AD%E0%B8%B8%E0%B8%9A%E0%B8%A5%E0%B8%A3%E0%B8%B2%E0%B8%8A%E0%B8%98%E0%B8%B2%E0%B8%99%E0%B8%B5","https://amphon.co.th/รับซื้อ/รับซื้อ-server-อุบลราชธานี","Yes","PASS",""
"https://amphon.co.th/%E0%B8%A3%E0%B8%B1%E0%B8%9A%E0%B8%8B%E0%B8%B7%E0%B9%89%E0%B8%AD/%E0%B8%A3%E0%B8%B1%E0%B8%9A%E0%B8%8B%E0%B8%B7%E0%B9%89%E0%B8%AD-server-%E0%B8%AD%E0%B8%B8%E0%B8%94%E0%B8%A3%E0%B8%98%E0%B8%B2%E0%B8%99%E0%B8%B5","200","0","https://amphon.co.th/%E0%B8%A3%E0%B8%B1%E0%B8%9A%E0%B8%8B%E0%B8%B7%E0%B9%89%E0%B8%AD/%E0%B8%A3%E0%B8%B1%E0%B8%9A%E0%B8%8B%E0%B8%B7%E0%B9%89%E0%B8%AD-server-%E0%B8%AD%E0%B8%B8%E0%B8%94%E0%B8%A3%E0%B8%98%E0%B8%B2%E0%B8%99%E0%B8%B5","https://amphon.co.th/รับซื้อ/รับซื้อ-server-อุดรธานี","Yes","PASS",""
"https://amphon.co.th/%E0%B8%A3%E0%B8%B1%E0%B8%9A%E0%B8%8B%E0%B8%B7%E0%B9%89%E0%B8%AD/%E0%B8%A3%E0%B8%B1%E0%B8%9A%E0%B8%8B%E0%B8%B7%E0%B9%89%E0%B8%AD-server-%E0%B9%80%E0%B8%A5%E0%B8%A2","200","0","https://amphon.co.th/%E0%B8%A3%E0%B8%B1%E0%B8%9A%E0%B8%8B%E0%B8%B7%E0%B9%89%E0%B8%AD/%E0%B8%A3%E0%B8%B1%E0%B8%9A%E0%B8%8B%E0%B8%B7%E0%B9%89%E0%B8%AD-server-%E0%B9%80%E0%B8%A5%E0%B8%A2","https://amphon.co.th/รับซื้อ/รับซื้อ-server-เลย","Yes","PASS",""
"https://amphon.co.th/%E0%B8%A3%E0%B8%B1%E0%B8%9A%E0%B8%8B%E0%B8%B7%E0%B9%89%E0%B8%AD/%E0%B8%A3%E0%B8%B1%E0%B8%9A%E0%B8%8B%E0%B8%B7%E0%B9%89%E0%B8%AD-ssd-%E0%B8%8A%E0%B8%B1%E0%B8%A2%E0%B8%A0%E0%B8%B9%E0%B8%A1%E0%B8%B4","200","0","https://amphon.co.th/%E0%B8%A3%E0%B8%B1%E0%B8%9A%E0%B8%8B%E0%B8%B7%E0%B9%89%E0%B8%AD/%E0%B8%A3%E0%B8%B1%E0%B8%9A%E0%B8%8B%E0%B8%B7%E0%B9%89%E0%B8%AD-ssd-%E0%B8%8A%E0%B8%B1%E0%B8%A2%E0%B8%A0%E0%B8%B9%E0%B8%A1%E0%B8%B4","https://amphon.co.th/รับซื้อ/รับซื้อ-ssd-ชัยภูมิ","Yes","PASS",""
"https://amphon.co.th/%E0%B8%A3%E0%B8%B1%E0%B8%9A%E0%B8%8B%E0%B8%B7%E0%B9%89%E0%B8%AD/%E0%B8%A3%E0%B8%B1%E0%B8%9A%E0%B8%8B%E0%B8%B7%E0%B9%89%E0%B8%AD-ssd-%E0%B8%9A%E0%B8%B6%E0%B8%87%E0%B8%81%E0%B8%B2%E0%B8%AC","200","0","https://amphon.co.th/%E0%B8%A3%E0%B8%B1%E0%B8%9A%E0%B8%8B%E0%B8%B7%E0%B9%89%E0%B8%AD/%E0%B8%A3%E0%B8%B1%E0%B8%9A%E0%B8%8B%E0%B8%B7%E0%B9%89%E0%B8%AD-ssd-%E0%B8%9A%E0%B8%B6%E0%B8%87%E0%B8%81%E0%B8%B2%E0%B8%AC","https://amphon.co.th/รับซื้อ/รับซื้อ-ssd-บึงกาฬ","Yes","PASS",""
"https://amphon.co.th/%E0%B8%A3%E0%B8%B1%E0%B8%9A%E0%B8%8B%E0%B8%B7%E0%B9%89%E0%B8%AD/%E0%B8%A3%E0%B8%B1%E0%B8%9A%E0%B8%8B%E0%B8%B7%E0%B9%89%E0%B8%AD-ssd-%E0%B8%9A%E0%B8%B8%E0%B8%A3%E0%B8%B5%E0%B8%A3%E0%B8%B1%E0%B8%A1%E0%B8%A2%E0%B9%8C","200","0","https://amphon.co.th/%E0%B8%A3%E0%B8%B1%E0%B8%9A%E0%B8%8B%E0%B8%B7%E0%B9%89%E0%B8%AD/%E0%B8%A3%E0%B8%B1%E0%B8%9A%E0%B8%8B%E0%B8%B7%E0%B9%89%E0%B8%AD-ssd-%E0%B8%9A%E0%B8%B8%E0%B8%A3%E0%B8%B5%E0%B8%A3%E0%B8%B1%E0%B8%A1%E0%B8%A2%E0%B9%8C","https://amphon.co.th/รับซื้อ/รับซื้อ-ssd-บุรีรัมย์","Yes","PASS",""
"https://amphon.co.th/%E0%B8%A3%E0%B8%B1%E0%B8%9A%E0%B8%8B%E0%B8%B7%E0%B9%89%E0%B8%AD/%E0%B8%A3%E0%B8%B1%E0%B8%9A%E0%B8%8B%E0%B8%B7%E0%B9%89%E0%B8%AD-ssd-%E0%B8%81%E0%B8%B2%E0%B8%AC%E0%B8%AA%E0%B8%B4%E0%B8%99%E0%B8%98%E0%B8%B8%E0%B9%8C","200","0","https://amphon.co.th/%E0%B8%A3%E0%B8%B1%E0%B8%9A%E0%B8%8B%E0%B8%B7%E0%B9%89%E0%B8%AD/%E0%B8%A3%E0%B8%B1%E0%B8%9A%E0%B8%8B%E0%B8%B7%E0%B9%89%E0%B8%AD-ssd-%E0%B8%81%E0%B8%B2%E0%B8%AC%E0%B8%AA%E0%B8%B4%E0%B8%99%E0%B8%98%E0%B8%B8%E0%B9%8C","https://amphon.co.th/รับซื้อ/รับซื้อ-ssd-กาฬสินธุ์","Yes","PASS",""
"https://amphon.co.th/%E0%B8%A3%E0%B8%B1%E0%B8%9A%E0%B8%8B%E0%B8%B7%E0%B9%89%E0%B8%AD/%E0%B8%A3%E0%B8%B1%E0%B8%9A%E0%B8%8B%E0%B8%B7%E0%B9%89%E0%B8%AD-ssd-%E0%B8%82%E0%B8%AD%E0%B8%99%E0%B9%81%E0%B8%81%E0%B9%88%E0%B8%99","200","0","https://amphon.co.th/%E0%B8%A3%E0%B8%B1%E0%B8%9A%E0%B8%8B%E0%B8%B7%E0%B9%89%E0%B8%AD/%E0%B8%A3%E0%B8%B1%E0%B8%9A%E0%B8%8B%E0%B8%B7%E0%B9%89%E0%B8%AD-ssd-%E0%B8%82%E0%B8%AD%E0%B8%99%E0%B9%81%E0%B8%81%E0%B9%88%E0%B8%99","https://amphon.co.th/รับซื้อ/รับซื้อ-ssd-ขอนแก่น","Yes","PASS",""
"https://amphon.co.th/%E0%B8%A3%E0%B8%B1%E0%B8%9A%E0%B8%8B%E0%B8%B7%E0%B9%89%E0%B8%AD/%E0%B8%A3%E0%B8%B1%E0%B8%9A%E0%B8%8B%E0%B8%B7%E0%B9%89%E0%B8%AD-ssd-%E0%B8%99%E0%B8%84%E0%B8%A3%E0%B8%9E%E0%B8%99%E0%B8%A1","200","0","https://amphon.co.th/%E0%B8%A3%E0%B8%B1%E0%B8%9A%E0%B8%8B%E0%B8%B7%E0%B9%89%E0%B8%AD/%E0%B8%A3%E0%B8%B1%E0%B8%9A%E0%B8%8B%E0%B8%B7%E0%B9%89%E0%B8%AD-ssd-%E0%B8%99%E0%B8%84%E0%B8%A3%E0%B8%9E%E0%B8%99%E0%B8%A1","https://amphon.co.th/รับซื้อ/รับซื้อ-ssd-นครพนม","Yes","PASS",""
"https://amphon.co.th/%E0%B8%A3%E0%B8%B1%E0%B8%9A%E0%B8%8B%E0%B8%B7%E0%B9%89%E0%B8%AD/%E0%B8%A3%E0%B8%B1%E0%B8%9A%E0%B8%8B%E0%B8%B7%E0%B9%89%E0%B8%AD-ssd-%E0%B8%99%E0%B8%84%E0%B8%A3%E0%B8%A3%E0%B8%B2%E0%B8%8A%E0%B8%AA%E0%B8%B5%E0%B8%A1%E0%B8%B2","200","0","https://amphon.co.th/%E0%B8%A3%E0%B8%B1%E0%B8%9A%E0%B8%8B%E0%B8%B7%E0%B9%89%E0%B8%AD/%E0%B8%A3%E0%B8%B1%E0%B8%9A%E0%B8%8B%E0%B8%B7%E0%B9%89%E0%B8%AD-ssd-%E0%B8%99%E0%B8%84%E0%B8%A3%E0%B8%A3%E0%B8%B2%E0%B8%8A%E0%B8%AA%E0%B8%B5%E0%B8%A1%E0%B8%B2","https://amphon.co.th/รับซื้อ/รับซื้อ-ssd-นครราชสีมา","Yes","PASS",""
"https://amphon.co.th/%E0%B8%A3%E0%B8%B1%E0%B8%9A%E0%B8%8B%E0%B8%B7%E0%B9%89%E0%B8%AD/%E0%B8%A3%E0%B8%B1%E0%B8%9A%E0%B8%8B%E0%B8%B7%E0%B9%89%E0%B8%AD-ssd-%E0%B8%A1%E0%B8%AB%E0%B8%B2%E0%B8%AA%E0%B8%B2%E0%B8%A3%E0%B8%84%E0%B8%B2%E0%B8%A1","200","0","https://amphon.co.th/%E0%B8%A3%E0%B8%B1%E0%B8%9A%E0%B8%8B%E0%B8%B7%E0%B9%89%E0%B8%AD/%E0%B8%A3%E0%B8%B1%E0%B8%9A%E0%B8%8B%E0%B8%B7%E0%B9%89%E0%B8%AD-ssd-%E0%B8%A1%E0%B8%AB%E0%B8%B2%E0%B8%AA%E0%B8%B2%E0%B8%A3%E0%B8%84%E0%B8%B2%E0%B8%A1","https://amphon.co.th/รับซื้อ/รับซื้อ-ssd-มหาสารคาม","Yes","PASS",""
"https://amphon.co.th/%E0%B8%A3%E0%B8%B1%E0%B8%9A%E0%B8%8B%E0%B8%B7%E0%B9%89%E0%B8%AD/%E0%B8%A3%E0%B8%B1%E0%B8%9A%E0%B8%8B%E0%B8%B7%E0%B9%89%E0%B8%AD-ssd-%E0%B8%A1%E0%B8%B8%E0%B8%81%E0%B8%94%E0%B8%B2%E0%B8%AB%E0%B8%B2%E0%B8%A3","200","0","https://amphon.co.th/%E0%B8%A3%E0%B8%B1%E0%B8%9A%E0%B8%8B%E0%B8%B7%E0%B9%89%E0%B8%AD/%E0%B8%A3%E0%B8%B1%E0%B8%9A%E0%B8%8B%E0%B8%B7%E0%B9%89%E0%B8%AD-ssd-%E0%B8%A1%E0%B8%B8%E0%B8%81%E0%B8%94%E0%B8%B2%E0%B8%AB%E0%B8%B2%E0%B8%A3","https://amphon.co.th/รับซื้อ/รับซื้อ-ssd-มุกดาหาร","Yes","PASS",""
"https://amphon.co.th/%E0%B8%A3%E0%B8%B1%E0%B8%9A%E0%B8%8B%E0%B8%B7%E0%B9%89%E0%B8%AD/%E0%B8%A3%E0%B8%B1%E0%B8%9A%E0%B8%8B%E0%B8%B7%E0%B9%89%E0%B8%AD-ssd-%E0%B8%A2%E0%B9%82%E0%B8%AA%E0%B8%98%E0%B8%A3","200","0","https://amphon.co.th/%E0%B8%A3%E0%B8%B1%E0%B8%9A%E0%B8%8B%E0%B8%B7%E0%B9%89%E0%B8%AD/%E0%B8%A3%E0%B8%B1%E0%B8%9A%E0%B8%8B%E0%B8%B7%E0%B9%89%E0%B8%AD-ssd-%E0%B8%A2%E0%B9%82%E0%B8%AA%E0%B8%98%E0%B8%A3","https://amphon.co.th/รับซื้อ/รับซื้อ-ssd-ยโสธร","Yes","PASS",""
"https://amphon.co.th/%E0%B8%A3%E0%B8%B1%E0%B8%9A%E0%B8%8B%E0%B8%B7%E0%B9%89%E0%B8%AD/%E0%B8%A3%E0%B8%B1%E0%B8%9A%E0%B8%8B%E0%B8%B7%E0%B9%89%E0%B8%AD-ssd-%E0%B8%A3%E0%B9%89%E0%B8%AD%E0%B8%A2%E0%B9%80%E0%B8%AD%E0%B9%87%E0%B8%94","200","0","https://amphon.co.th/%E0%B8%A3%E0%B8%B1%E0%B8%9A%E0%B8%8B%E0%B8%B7%E0%B9%89%E0%B8%AD/%E0%B8%A3%E0%B8%B1%E0%B8%9A%E0%B8%8B%E0%B8%B7%E0%B9%89%E0%B8%AD-ssd-%E0%B8%A3%E0%B9%89%E0%B8%AD%E0%B8%A2%E0%B9%80%E0%B8%AD%E0%B9%87%E0%B8%94","https://amphon.co.th/รับซื้อ/รับซื้อ-ssd-ร้อยเอ็ด","Yes","PASS",""
"https://amphon.co.th/%E0%B8%A3%E0%B8%B1%E0%B8%9A%E0%B8%8B%E0%B8%B7%E0%B9%89%E0%B8%AD/%E0%B8%A3%E0%B8%B1%E0%B8%9A%E0%B8%8B%E0%B8%B7%E0%B9%89%E0%B8%AD-ssd-%E0%B8%A8%E0%B8%A3%E0%B8%B5%E0%B8%AA%E0%B8%B0%E0%B9%80%E0%B8%81%E0%B8%A9","200","0","https://amphon.co.th/%E0%B8%A3%E0%B8%B1%E0%B8%9A%E0%B8%8B%E0%B8%B7%E0%B9%89%E0%B8%AD/%E0%B8%A3%E0%B8%B1%E0%B8%9A%E0%B8%8B%E0%B8%B7%E0%B9%89%E0%B8%AD-ssd-%E0%B8%A8%E0%B8%A3%E0%B8%B5%E0%B8%AA%E0%B8%B0%E0%B9%80%E0%B8%81%E0%B8%A9","https://amphon.co.th/รับซื้อ/รับซื้อ-ssd-ศรีสะเกษ","Yes","PASS",""
"https://amphon.co.th/%E0%B8%A3%E0%B8%B1%E0%B8%9A%E0%B8%8B%E0%B8%B7%E0%B9%89%E0%B8%AD/%E0%B8%A3%E0%B8%B1%E0%B8%9A%E0%B8%8B%E0%B8%B7%E0%B9%89%E0%B8%AD-ssd-%E0%B8%AA%E0%B8%81%E0%B8%A5%E0%B8%99%E0%B8%84%E0%B8%A3","200","0","https://amphon.co.th/%E0%B8%A3%E0%B8%B1%E0%B8%9A%E0%B8%8B%E0%B8%B7%E0%B9%89%E0%B8%AD/%E0%B8%A3%E0%B8%B1%E0%B8%9A%E0%B8%8B%E0%B8%B7%E0%B9%89%E0%B8%AD-ssd-%E0%B8%AA%E0%B8%81%E0%B8%A5%E0%B8%99%E0%B8%84%E0%B8%A3","https://amphon.co.th/รับซื้อ/รับซื้อ-ssd-สกลนคร","Yes","PASS",""
"https://amphon.co.th/%E0%B8%A3%E0%B8%B1%E0%B8%9A%E0%B8%8B%E0%B8%B7%E0%B9%89%E0%B8%AD/%E0%B8%A3%E0%B8%B1%E0%B8%9A%E0%B8%8B%E0%B8%B7%E0%B9%89%E0%B8%AD-ssd-%E0%B8%AA%E0%B8%B8%E0%B8%A3%E0%B8%B4%E0%B8%99%E0%B8%97%E0%B8%A3%E0%B9%8C","200","0","https://amphon.co.th/%E0%B8%A3%E0%B8%B1%E0%B8%9A%E0%B8%8B%E0%B8%B7%E0%B9%89%E0%B8%AD/%E0%B8%A3%E0%B8%B1%E0%B8%9A%E0%B8%8B%E0%B8%B7%E0%B9%89%E0%B8%AD-ssd-%E0%B8%AA%E0%B8%B8%E0%B8%A3%E0%B8%B4%E0%B8%99%E0%B8%97%E0%B8%A3%E0%B9%8C","https://amphon.co.th/รับซื้อ/รับซื้อ-ssd-สุรินทร์","Yes","PASS",""
"https://amphon.co.th/%E0%B8%A3%E0%B8%B1%E0%B8%9A%E0%B8%8B%E0%B8%B7%E0%B9%89%E0%B8%AD/%E0%B8%A3%E0%B8%B1%E0%B8%9A%E0%B8%8B%E0%B8%B7%E0%B9%89%E0%B8%AD-ssd-%E0%B8%AB%E0%B8%99%E0%B8%AD%E0%B8%87%E0%B8%9A%E0%B8%B1%E0%B8%A7%E0%B8%A5%E0%B8%B3%E0%B8%A0%E0%B8%B9","200","0","https://amphon.co.th/%E0%B8%A3%E0%B8%B1%E0%B8%9A%E0%B8%8B%E0%B8%B7%E0%B9%89%E0%B8%AD/%E0%B8%A3%E0%B8%B1%E0%B8%9A%E0%B8%8B%E0%B8%B7%E0%B9%89%E0%B8%AD-ssd-%E0%B8%AB%E0%B8%99%E0%B8%AD%E0%B8%87%E0%B8%9A%E0%B8%B1%E0%B8%A7%E0%B8%A5%E0%B8%B3%E0%B8%A0%E0%B8%B9","https://amphon.co.th/รับซื้อ/รับซื้อ-ssd-หนองบัวลำภู","Yes","PASS",""
"https://amphon.co.th/%E0%B8%A3%E0%B8%B1%E0%B8%9A%E0%B8%8B%E0%B8%B7%E0%B9%89%E0%B8%AD/%E0%B8%A3%E0%B8%B1%E0%B8%9A%E0%B8%8B%E0%B8%B7%E0%B9%89%E0%B8%AD-ssd-%E0%B8%AB%E0%B8%99%E0%B8%AD%E0%B8%87%E0%B8%84%E0%B8%B2%E0%B8%A2","200","0","https://amphon.co.th/%E0%B8%A3%E0%B8%B1%E0%B8%9A%E0%B8%8B%E0%B8%B7%E0%B9%89%E0%B8%AD/%E0%B8%A3%E0%B8%B1%E0%B8%9A%E0%B8%8B%E0%B8%B7%E0%B9%89%E0%B8%AD-ssd-%E0%B8%AB%E0%B8%99%E0%B8%AD%E0%B8%87%E0%B8%84%E0%B8%B2%E0%B8%A2","https://amphon.co.th/รับซื้อ/รับซื้อ-ssd-หนองคาย","Yes","PASS",""
"https://amphon.co.th/%E0%B8%A3%E0%B8%B1%E0%B8%9A%E0%B8%8B%E0%B8%B7%E0%B9%89%E0%B8%AD/%E0%B8%A3%E0%B8%B1%E0%B8%9A%E0%B8%8B%E0%B8%B7%E0%B9%89%E0%B8%AD-ssd-%E0%B8%AD%E0%B8%B3%E0%B8%99%E0%B8%B2%E0%B8%88%E0%B9%80%E0%B8%88%E0%B8%A3%E0%B8%B4%E0%B8%8D","200","0","https://amphon.co.th/%E0%B8%A3%E0%B8%B1%E0%B8%9A%E0%B8%8B%E0%B8%B7%E0%B9%89%E0%B8%AD/%E0%B8%A3%E0%B8%B1%E0%B8%9A%E0%B8%8B%E0%B8%B7%E0%B9%89%E0%B8%AD-ssd-%E0%B8%AD%E0%B8%B3%E0%B8%99%E0%B8%B2%E0%B8%88%E0%B9%80%E0%B8%88%E0%B8%A3%E0%B8%B4%E0%B8%8D","https://amphon.co.th/รับซื้อ/รับซื้อ-ssd-อำนาจเจริญ","Yes","PASS",""
"https://amphon.co.th/%E0%B8%A3%E0%B8%B1%E0%B8%9A%E0%B8%8B%E0%B8%B7%E0%B9%89%E0%B8%AD/%E0%B8%A3%E0%B8%B1%E0%B8%9A%E0%B8%8B%E0%B8%B7%E0%B9%89%E0%B8%AD-ssd-%E0%B8%AD%E0%B8%B8%E0%B8%9A%E0%B8%A5%E0%B8%A3%E0%B8%B2%E0%B8%8A%E0%B8%98%E0%B8%B2%E0%B8%99%E0%B8%B5","200","0","https://amphon.co.th/%E0%B8%A3%E0%B8%B1%E0%B8%9A%E0%B8%8B%E0%B8%B7%E0%B9%89%E0%B8%AD/%E0%B8%A3%E0%B8%B1%E0%B8%9A%E0%B8%8B%E0%B8%B7%E0%B9%89%E0%B8%AD-ssd-%E0%B8%AD%E0%B8%B8%E0%B8%9A%E0%B8%A5%E0%B8%A3%E0%B8%B2%E0%B8%8A%E0%B8%98%E0%B8%B2%E0%B8%99%E0%B8%B5","https://amphon.co.th/รับซื้อ/รับซื้อ-ssd-อุบลราชธานี","Yes","PASS",""
"https://amphon.co.th/%E0%B8%A3%E0%B8%B1%E0%B8%9A%E0%B8%8B%E0%B8%B7%E0%B9%89%E0%B8%AD/%E0%B8%A3%E0%B8%B1%E0%B8%9A%E0%B8%8B%E0%B8%B7%E0%B9%89%E0%B8%AD-ssd-%E0%B8%AD%E0%B8%B8%E0%B8%94%E0%B8%A3%E0%B8%98%E0%B8%B2%E0%B8%99%E0%B8%B5","200","0","https://amphon.co.th/%E0%B8%A3%E0%B8%B1%E0%B8%9A%E0%B8%8B%E0%B8%B7%E0%B9%89%E0%B8%AD/%E0%B8%A3%E0%B8%B1%E0%B8%9A%E0%B8%8B%E0%B8%B7%E0%B9%89%E0%B8%AD-ssd-%E0%B8%AD%E0%B8%B8%E0%B8%94%E0%B8%A3%E0%B8%98%E0%B8%B2%E0%B8%99%E0%B8%B5","https://amphon.co.th/รับซื้อ/รับซื้อ-ssd-อุดรธานี","Yes","PASS",""
"https://amphon.co.th/%E0%B8%A3%E0%B8%B1%E0%B8%9A%E0%B8%8B%E0%B8%B7%E0%B9%89%E0%B8%AD/%E0%B8%A3%E0%B8%B1%E0%B8%9A%E0%B8%8B%E0%B8%B7%E0%B9%89%E0%B8%AD-ssd-%E0%B9%80%E0%B8%A5%E0%B8%A2","200","0","https://amphon.co.th/%E0%B8%A3%E0%B8%B1%E0%B8%9A%E0%B8%8B%E0%B8%B7%E0%B9%89%E0%B8%AD/%E0%B8%A3%E0%B8%B1%E0%B8%9A%E0%B8%8B%E0%B8%B7%E0%B9%89%E0%B8%AD-ssd-%E0%B9%80%E0%B8%A5%E0%B8%A2","https://amphon.co.th/รับซื้อ/รับซื้อ-ssd-เลย","Yes","PASS",""
"https://amphon.co.th/%E0%B8%A3%E0%B8%B1%E0%B8%9A%E0%B8%8B%E0%B8%B7%E0%B9%89%E0%B8%AD/%E0%B8%A3%E0%B8%B1%E0%B8%9A%E0%B8%8B%E0%B8%B7%E0%B9%89%E0%B8%AD-surface-%E0%B8%8A%E0%B8%B1%E0%B8%A2%E0%B8%A0%E0%B8%B9%E0%B8%A1%E0%B8%B4","200","0","https://amphon.co.th/%E0%B8%A3%E0%B8%B1%E0%B8%9A%E0%B8%8B%E0%B8%B7%E0%B9%89%E0%B8%AD/%E0%B8%A3%E0%B8%B1%E0%B8%9A%E0%B8%8B%E0%B8%B7%E0%B9%89%E0%B8%AD-surface-%E0%B8%8A%E0%B8%B1%E0%B8%A2%E0%B8%A0%E0%B8%B9%E0%B8%A1%E0%B8%B4","https://amphon.co.th/รับซื้อ/รับซื้อ-surface-ชัยภูมิ","Yes","PASS",""
"https://amphon.co.th/%E0%B8%A3%E0%B8%B1%E0%B8%9A%E0%B8%8B%E0%B8%B7%E0%B9%89%E0%B8%AD/%E0%B8%A3%E0%B8%B1%E0%B8%9A%E0%B8%8B%E0%B8%B7%E0%B9%89%E0%B8%AD-surface-%E0%B8%9A%E0%B8%B6%E0%B8%87%E0%B8%81%E0%B8%B2%E0%B8%AC","200","0","https://amphon.co.th/%E0%B8%A3%E0%B8%B1%E0%B8%9A%E0%B8%8B%E0%B8%B7%E0%B9%89%E0%B8%AD/%E0%B8%A3%E0%B8%B1%E0%B8%9A%E0%B8%8B%E0%B8%B7%E0%B9%89%E0%B8%AD-surface-%E0%B8%9A%E0%B8%B6%E0%B8%87%E0%B8%81%E0%B8%B2%E0%B8%AC","https://amphon.co.th/รับซื้อ/รับซื้อ-surface-บึงกาฬ","Yes","PASS",""
"https://amphon.co.th/%E0%B8%A3%E0%B8%B1%E0%B8%9A%E0%B8%8B%E0%B8%B7%E0%B9%89%E0%B8%AD/%E0%B8%A3%E0%B8%B1%E0%B8%9A%E0%B8%8B%E0%B8%B7%E0%B9%89%E0%B8%AD-surface-%E0%B8%9A%E0%B8%B8%E0%B8%A3%E0%B8%B5%E0%B8%A3%E0%B8%B1%E0%B8%A1%E0%B8%A2%E0%B9%8C","200","0","https://amphon.co.th/%E0%B8%A3%E0%B8%B1%E0%B8%9A%E0%B8%8B%E0%B8%B7%E0%B9%89%E0%B8%AD/%E0%B8%A3%E0%B8%B1%E0%B8%9A%E0%B8%8B%E0%B8%B7%E0%B9%89%E0%B8%AD-surface-%E0%B8%9A%E0%B8%B8%E0%B8%A3%E0%B8%B5%E0%B8%A3%E0%B8%B1%E0%B8%A1%E0%B8%A2%E0%B9%8C","https://amphon.co.th/รับซื้อ/รับซื้อ-surface-บุรีรัมย์","Yes","PASS",""
"https://amphon.co.th/%E0%B8%A3%E0%B8%B1%E0%B8%9A%E0%B8%8B%E0%B8%B7%E0%B9%89%E0%B8%AD/%E0%B8%A3%E0%B8%B1%E0%B8%9A%E0%B8%8B%E0%B8%B7%E0%B9%89%E0%B8%AD-surface-%E0%B8%81%E0%B8%B2%E0%B8%AC%E0%B8%AA%E0%B8%B4%E0%B8%99%E0%B8%98%E0%B8%B8%E0%B9%8C","200","0","https://amphon.co.th/%E0%B8%A3%E0%B8%B1%E0%B8%9A%E0%B8%8B%E0%B8%B7%E0%B9%89%E0%B8%AD/%E0%B8%A3%E0%B8%B1%E0%B8%9A%E0%B8%8B%E0%B8%B7%E0%B9%89%E0%B8%AD-surface-%E0%B8%81%E0%B8%B2%E0%B8%AC%E0%B8%AA%E0%B8%B4%E0%B8%99%E0%B8%98%E0%B8%B8%E0%B9%8C","https://amphon.co.th/รับซื้อ/รับซื้อ-surface-กาฬสินธุ์","Yes","PASS",""
"https://amphon.co.th/%E0%B8%A3%E0%B8%B1%E0%B8%9A%E0%B8%8B%E0%B8%B7%E0%B9%89%E0%B8%AD/%E0%B8%A3%E0%B8%B1%E0%B8%9A%E0%B8%8B%E0%B8%B7%E0%B9%89%E0%B8%AD-surface-%E0%B8%82%E0%B8%AD%E0%B8%99%E0%B9%81%E0%B8%81%E0%B9%88%E0%B8%99","200","0","https://amphon.co.th/%E0%B8%A3%E0%B8%B1%E0%B8%9A%E0%B8%8B%E0%B8%B7%E0%B9%89%E0%B8%AD/%E0%B8%A3%E0%B8%B1%E0%B8%9A%E0%B8%8B%E0%B8%B7%E0%B9%89%E0%B8%AD-surface-%E0%B8%82%E0%B8%AD%E0%B8%99%E0%B9%81%E0%B8%81%E0%B9%88%E0%B8%99","https://amphon.co.th/รับซื้อ/รับซื้อ-surface-ขอนแก่น","Yes","PASS",""
"https://amphon.co.th/%E0%B8%A3%E0%B8%B1%E0%B8%9A%E0%B8%8B%E0%B8%B7%E0%B9%89%E0%B8%AD/%E0%B8%A3%E0%B8%B1%E0%B8%9A%E0%B8%8B%E0%B8%B7%E0%B9%89%E0%B8%AD-surface-%E0%B8%99%E0%B8%84%E0%B8%A3%E0%B8%9E%E0%B8%99%E0%B8%A1","200","0","https://amphon.co.th/%E0%B8%A3%E0%B8%B1%E0%B8%9A%E0%B8%8B%E0%B8%B7%E0%B9%89%E0%B8%AD/%E0%B8%A3%E0%B8%B1%E0%B8%9A%E0%B8%8B%E0%B8%B7%E0%B9%89%E0%B8%AD-surface-%E0%B8%99%E0%B8%84%E0%B8%A3%E0%B8%9E%E0%B8%99%E0%B8%A1","https://amphon.co.th/รับซื้อ/รับซื้อ-surface-นครพนม","Yes","PASS",""
"https://amphon.co.th/%E0%B8%A3%E0%B8%B1%E0%B8%9A%E0%B8%8B%E0%B8%B7%E0%B9%89%E0%B8%AD/%E0%B8%A3%E0%B8%B1%E0%B8%9A%E0%B8%8B%E0%B8%B7%E0%B9%89%E0%B8%AD-surface-%E0%B8%99%E0%B8%84%E0%B8%A3%E0%B8%A3%E0%B8%B2%E0%B8%8A%E0%B8%AA%E0%B8%B5%E0%B8%A1%E0%B8%B2","200","0","https://amphon.co.th/%E0%B8%A3%E0%B8%B1%E0%B8%9A%E0%B8%8B%E0%B8%B7%E0%B9%89%E0%B8%AD/%E0%B8%A3%E0%B8%B1%E0%B8%9A%E0%B8%8B%E0%B8%B7%E0%B9%89%E0%B8%AD-surface-%E0%B8%99%E0%B8%84%E0%B8%A3%E0%B8%A3%E0%B8%B2%E0%B8%8A%E0%B8%AA%E0%B8%B5%E0%B8%A1%E0%B8%B2","https://amphon.co.th/รับซื้อ/รับซื้อ-surface-นครราชสีมา","Yes","PASS",""
"https://amphon.co.th/%E0%B8%A3%E0%B8%B1%E0%B8%9A%E0%B8%8B%E0%B8%B7%E0%B9%89%E0%B8%AD/%E0%B8%A3%E0%B8%B1%E0%B8%9A%E0%B8%8B%E0%B8%B7%E0%B9%89%E0%B8%AD-surface-%E0%B8%A1%E0%B8%AB%E0%B8%B2%E0%B8%AA%E0%B8%B2%E0%B8%A3%E0%B8%84%E0%B8%B2%E0%B8%A1","200","0","https://amphon.co.th/%E0%B8%A3%E0%B8%B1%E0%B8%9A%E0%B8%8B%E0%B8%B7%E0%B9%89%E0%B8%AD/%E0%B8%A3%E0%B8%B1%E0%B8%9A%E0%B8%8B%E0%B8%B7%E0%B9%89%E0%B8%AD-surface-%E0%B8%A1%E0%B8%AB%E0%B8%B2%E0%B8%AA%E0%B8%B2%E0%B8%A3%E0%B8%84%E0%B8%B2%E0%B8%A1","https://amphon.co.th/รับซื้อ/รับซื้อ-surface-มหาสารคาม","Yes","PASS",""
"https://amphon.co.th/%E0%B8%A3%E0%B8%B1%E0%B8%9A%E0%B8%8B%E0%B8%B7%E0%B9%89%E0%B8%AD/%E0%B8%A3%E0%B8%B1%E0%B8%9A%E0%B8%8B%E0%B8%B7%E0%B9%89%E0%B8%AD-surface-%E0%B8%A1%E0%B8%B8%E0%B8%81%E0%B8%94%E0%B8%B2%E0%B8%AB%E0%B8%B2%E0%B8%A3","200","0","https://amphon.co.th/%E0%B8%A3%E0%B8%B1%E0%B8%9A%E0%B8%8B%E0%B8%B7%E0%B9%89%E0%B8%AD/%E0%B8%A3%E0%B8%B1%E0%B8%9A%E0%B8%8B%E0%B8%B7%E0%B9%89%E0%B8%AD-surface-%E0%B8%A1%E0%B8%B8%E0%B8%81%E0%B8%94%E0%B8%B2%E0%B8%AB%E0%B8%B2%E0%B8%A3","https://amphon.co.th/รับซื้อ/รับซื้อ-surface-มุกดาหาร","Yes","PASS",""
"https://amphon.co.th/%E0%B8%A3%E0%B8%B1%E0%B8%9A%E0%B8%8B%E0%B8%B7%E0%B9%89%E0%B8%AD/%E0%B8%A3%E0%B8%B1%E0%B8%9A%E0%B8%8B%E0%B8%B7%E0%B9%89%E0%B8%AD-surface-%E0%B8%A2%E0%B9%82%E0%B8%AA%E0%B8%98%E0%B8%A3","200","0","https://amphon.co.th/%E0%B8%A3%E0%B8%B1%E0%B8%9A%E0%B8%8B%E0%B8%B7%E0%B9%89%E0%B8%AD/%E0%B8%A3%E0%B8%B1%E0%B8%9A%E0%B8%8B%E0%B8%B7%E0%B9%89%E0%B8%AD-surface-%E0%B8%A2%E0%B9%82%E0%B8%AA%E0%B8%98%E0%B8%A3","https://amphon.co.th/รับซื้อ/รับซื้อ-surface-ยโสธร","Yes","PASS",""
"https://amphon.co.th/%E0%B8%A3%E0%B8%B1%E0%B8%9A%E0%B8%8B%E0%B8%B7%E0%B9%89%E0%B8%AD/%E0%B8%A3%E0%B8%B1%E0%B8%9A%E0%B8%8B%E0%B8%B7%E0%B9%89%E0%B8%AD-surface-%E0%B8%A3%E0%B9%89%E0%B8%AD%E0%B8%A2%E0%B9%80%E0%B8%AD%E0%B9%87%E0%B8%94","200","0","https://amphon.co.th/%E0%B8%A3%E0%B8%B1%E0%B8%9A%E0%B8%8B%E0%B8%B7%E0%B9%89%E0%B8%AD/%E0%B8%A3%E0%B8%B1%E0%B8%9A%E0%B8%8B%E0%B8%B7%E0%B9%89%E0%B8%AD-surface-%E0%B8%A3%E0%B9%89%E0%B8%AD%E0%B8%A2%E0%B9%80%E0%B8%AD%E0%B9%87%E0%B8%94","https://amphon.co.th/รับซื้อ/รับซื้อ-surface-ร้อยเอ็ด","Yes","PASS",""
"https://amphon.co.th/%E0%B8%A3%E0%B8%B1%E0%B8%9A%E0%B8%8B%E0%B8%B7%E0%B9%89%E0%B8%AD/%E0%B8%A3%E0%B8%B1%E0%B8%9A%E0%B8%8B%E0%B8%B7%E0%B9%89%E0%B8%AD-surface-%E0%B8%A8%E0%B8%A3%E0%B8%B5%E0%B8%AA%E0%B8%B0%E0%B9%80%E0%B8%81%E0%B8%A9","200","0","https://amphon.co.th/%E0%B8%A3%E0%B8%B1%E0%B8%9A%E0%B8%8B%E0%B8%B7%E0%B9%89%E0%B8%AD/%E0%B8%A3%E0%B8%B1%E0%B8%9A%E0%B8%8B%E0%B8%B7%E0%B9%89%E0%B8%AD-surface-%E0%B8%A8%E0%B8%A3%E0%B8%B5%E0%B8%AA%E0%B8%B0%E0%B9%80%E0%B8%81%E0%B8%A9","https://amphon.co.th/รับซื้อ/รับซื้อ-surface-ศรีสะเกษ","Yes","PASS",""
"https://amphon.co.th/%E0%B8%A3%E0%B8%B1%E0%B8%9A%E0%B8%8B%E0%B8%B7%E0%B9%89%E0%B8%AD/%E0%B8%A3%E0%B8%B1%E0%B8%9A%E0%B8%8B%E0%B8%B7%E0%B9%89%E0%B8%AD-surface-%E0%B8%AA%E0%B8%81%E0%B8%A5%E0%B8%99%E0%B8%84%E0%B8%A3","200","0","https://amphon.co.th/%E0%B8%A3%E0%B8%B1%E0%B8%9A%E0%B8%8B%E0%B8%B7%E0%B9%89%E0%B8%AD/%E0%B8%A3%E0%B8%B1%E0%B8%9A%E0%B8%8B%E0%B8%B7%E0%B9%89%E0%B8%AD-surface-%E0%B8%AA%E0%B8%81%E0%B8%A5%E0%B8%99%E0%B8%84%E0%B8%A3","https://amphon.co.th/รับซื้อ/รับซื้อ-surface-สกลนคร","Yes","PASS",""
"https://amphon.co.th/%E0%B8%A3%E0%B8%B1%E0%B8%9A%E0%B8%8B%E0%B8%B7%E0%B9%89%E0%B8%AD/%E0%B8%A3%E0%B8%B1%E0%B8%9A%E0%B8%8B%E0%B8%B7%E0%B9%89%E0%B8%AD-surface-%E0%B8%AA%E0%B8%B8%E0%B8%A3%E0%B8%B4%E0%B8%99%E0%B8%97%E0%B8%A3%E0%B9%8C","200","0","https://amphon.co.th/%E0%B8%A3%E0%B8%B1%E0%B8%9A%E0%B8%8B%E0%B8%B7%E0%B9%89%E0%B8%AD/%E0%B8%A3%E0%B8%B1%E0%B8%9A%E0%B8%8B%E0%B8%B7%E0%B9%89%E0%B8%AD-surface-%E0%B8%AA%E0%B8%B8%E0%B8%A3%E0%B8%B4%E0%B8%99%E0%B8%97%E0%B8%A3%E0%B9%8C","https://amphon.co.th/รับซื้อ/รับซื้อ-surface-สุรินทร์","Yes","PASS",""
"https://amphon.co.th/%E0%B8%A3%E0%B8%B1%E0%B8%9A%E0%B8%8B%E0%B8%B7%E0%B9%89%E0%B8%AD/%E0%B8%A3%E0%B8%B1%E0%B8%9A%E0%B8%8B%E0%B8%B7%E0%B9%89%E0%B8%AD-surface-%E0%B8%AB%E0%B8%99%E0%B8%AD%E0%B8%87%E0%B8%9A%E0%B8%B1%E0%B8%A7%E0%B8%A5%E0%B8%B3%E0%B8%A0%E0%B8%B9","200","0","https://amphon.co.th/%E0%B8%A3%E0%B8%B1%E0%B8%9A%E0%B8%8B%E0%B8%B7%E0%B9%89%E0%B8%AD/%E0%B8%A3%E0%B8%B1%E0%B8%9A%E0%B8%8B%E0%B8%B7%E0%B9%89%E0%B8%AD-surface-%E0%B8%AB%E0%B8%99%E0%B8%AD%E0%B8%87%E0%B8%9A%E0%B8%B1%E0%B8%A7%E0%B8%A5%E0%B8%B3%E0%B8%A0%E0%B8%B9","https://amphon.co.th/รับซื้อ/รับซื้อ-surface-หนองบัวลำภู","Yes","PASS",""
"https://amphon.co.th/%E0%B8%A3%E0%B8%B1%E0%B8%9A%E0%B8%8B%E0%B8%B7%E0%B9%89%E0%B8%AD/%E0%B8%A3%E0%B8%B1%E0%B8%9A%E0%B8%8B%E0%B8%B7%E0%B9%89%E0%B8%AD-surface-%E0%B8%AB%E0%B8%99%E0%B8%AD%E0%B8%87%E0%B8%84%E0%B8%B2%E0%B8%A2","200","0","https://amphon.co.th/%E0%B8%A3%E0%B8%B1%E0%B8%9A%E0%B8%8B%E0%B8%B7%E0%B9%89%E0%B8%AD/%E0%B8%A3%E0%B8%B1%E0%B8%9A%E0%B8%8B%E0%B8%B7%E0%B9%89%E0%B8%AD-surface-%E0%B8%AB%E0%B8%99%E0%B8%AD%E0%B8%87%E0%B8%84%E0%B8%B2%E0%B8%A2","https://amphon.co.th/รับซื้อ/รับซื้อ-surface-หนองคาย","Yes","PASS",""
"https://amphon.co.th/%E0%B8%A3%E0%B8%B1%E0%B8%9A%E0%B8%8B%E0%B8%B7%E0%B9%89%E0%B8%AD/%E0%B8%A3%E0%B8%B1%E0%B8%9A%E0%B8%8B%E0%B8%B7%E0%B9%89%E0%B8%AD-surface-%E0%B8%AD%E0%B8%B3%E0%B8%99%E0%B8%B2%E0%B8%88%E0%B9%80%E0%B8%88%E0%B8%A3%E0%B8%B4%E0%B8%8D","200","0","https://amphon.co.th/%E0%B8%A3%E0%B8%B1%E0%B8%9A%E0%B8%8B%E0%B8%B7%E0%B9%89%E0%B8%AD/%E0%B8%A3%E0%B8%B1%E0%B8%9A%E0%B8%8B%E0%B8%B7%E0%B9%89%E0%B8%AD-surface-%E0%B8%AD%E0%B8%B3%E0%B8%99%E0%B8%B2%E0%B8%88%E0%B9%80%E0%B8%88%E0%B8%A3%E0%B8%B4%E0%B8%8D","https://amphon.co.th/รับซื้อ/รับซื้อ-surface-อำนาจเจริญ","Yes","PASS",""
"https://amphon.co.th/%E0%B8%A3%E0%B8%B1%E0%B8%9A%E0%B8%8B%E0%B8%B7%E0%B9%89%E0%B8%AD/%E0%B8%A3%E0%B8%B1%E0%B8%9A%E0%B8%8B%E0%B8%B7%E0%B9%89%E0%B8%AD-surface-%E0%B8%AD%E0%B8%B8%E0%B8%9A%E0%B8%A5%E0%B8%A3%E0%B8%B2%E0%B8%8A%E0%B8%98%E0%B8%B2%E0%B8%99%E0%B8%B5","200","0","https://amphon.co.th/%E0%B8%A3%E0%B8%B1%E0%B8%9A%E0%B8%8B%E0%B8%B7%E0%B9%89%E0%B8%AD/%E0%B8%A3%E0%B8%B1%E0%B8%9A%E0%B8%8B%E0%B8%B7%E0%B9%89%E0%B8%AD-surface-%E0%B8%AD%E0%B8%B8%E0%B8%9A%E0%B8%A5%E0%B8%A3%E0%B8%B2%E0%B8%8A%E0%B8%98%E0%B8%B2%E0%B8%99%E0%B8%B5","https://amphon.co.th/รับซื้อ/รับซื้อ-surface-อุบลราชธานี","Yes","PASS",""
"https://amphon.co.th/%E0%B8%A3%E0%B8%B1%E0%B8%9A%E0%B8%8B%E0%B8%B7%E0%B9%89%E0%B8%AD/%E0%B8%A3%E0%B8%B1%E0%B8%9A%E0%B8%8B%E0%B8%B7%E0%B9%89%E0%B8%AD-surface-%E0%B8%AD%E0%B8%B8%E0%B8%94%E0%B8%A3%E0%B8%98%E0%B8%B2%E0%B8%99%E0%B8%B5","200","0","https://amphon.co.th/%E0%B8%A3%E0%B8%B1%E0%B8%9A%E0%B8%8B%E0%B8%B7%E0%B9%89%E0%B8%AD/%E0%B8%A3%E0%B8%B1%E0%B8%9A%E0%B8%8B%E0%B8%B7%E0%B9%89%E0%B8%AD-surface-%E0%B8%AD%E0%B8%B8%E0%B8%94%E0%B8%A3%E0%B8%98%E0%B8%B2%E0%B8%99%E0%B8%B5","https://amphon.co.th/รับซื้อ/รับซื้อ-surface-อุดรธานี","Yes","PASS",""
"https://amphon.co.th/%E0%B8%A3%E0%B8%B1%E0%B8%9A%E0%B8%8B%E0%B8%B7%E0%B9%89%E0%B8%AD/%E0%B8%A3%E0%B8%B1%E0%B8%9A%E0%B8%8B%E0%B8%B7%E0%B9%89%E0%B8%AD-surface-%E0%B9%80%E0%B8%A5%E0%B8%A2","200","0","https://amphon.co.th/%E0%B8%A3%E0%B8%B1%E0%B8%9A%E0%B8%8B%E0%B8%B7%E0%B9%89%E0%B8%AD/%E0%B8%A3%E0%B8%B1%E0%B8%9A%E0%B8%8B%E0%B8%B7%E0%B9%89%E0%B8%AD-surface-%E0%B9%80%E0%B8%A5%E0%B8%A2","https://amphon.co.th/รับซื้อ/รับซื้อ-surface-เลย","Yes","PASS",""
"https://amphon.co.th/%E0%B8%A3%E0%B8%B1%E0%B8%9A%E0%B8%8B%E0%B8%B7%E0%B9%89%E0%B8%AD/%E0%B8%A3%E0%B8%B1%E0%B8%9A%E0%B8%8B%E0%B8%B7%E0%B9%89%E0%B8%AD-ups-%E0%B8%8A%E0%B8%B1%E0%B8%A2%E0%B8%A0%E0%B8%B9%E0%B8%A1%E0%B8%B4","200","0","https://amphon.co.th/%E0%B8%A3%E0%B8%B1%E0%B8%9A%E0%B8%8B%E0%B8%B7%E0%B9%89%E0%B8%AD/%E0%B8%A3%E0%B8%B1%E0%B8%9A%E0%B8%8B%E0%B8%B7%E0%B9%89%E0%B8%AD-ups-%E0%B8%8A%E0%B8%B1%E0%B8%A2%E0%B8%A0%E0%B8%B9%E0%B8%A1%E0%B8%B4","https://amphon.co.th/รับซื้อ/รับซื้อ-ups-ชัยภูมิ","Yes","PASS",""
"https://amphon.co.th/%E0%B8%A3%E0%B8%B1%E0%B8%9A%E0%B8%8B%E0%B8%B7%E0%B9%89%E0%B8%AD/%E0%B8%A3%E0%B8%B1%E0%B8%9A%E0%B8%8B%E0%B8%B7%E0%B9%89%E0%B8%AD-ups-%E0%B8%9A%E0%B8%B6%E0%B8%87%E0%B8%81%E0%B8%B2%E0%B8%AC","200","0","https://amphon.co.th/%E0%B8%A3%E0%B8%B1%E0%B8%9A%E0%B8%8B%E0%B8%B7%E0%B9%89%E0%B8%AD/%E0%B8%A3%E0%B8%B1%E0%B8%9A%E0%B8%8B%E0%B8%B7%E0%B9%89%E0%B8%AD-ups-%E0%B8%9A%E0%B8%B6%E0%B8%87%E0%B8%81%E0%B8%B2%E0%B8%AC","https://amphon.co.th/รับซื้อ/รับซื้อ-ups-บึงกาฬ","Yes","PASS",""
"https://amphon.co.th/%E0%B8%A3%E0%B8%B1%E0%B8%9A%E0%B8%8B%E0%B8%B7%E0%B9%89%E0%B8%AD/%E0%B8%A3%E0%B8%B1%E0%B8%9A%E0%B8%8B%E0%B8%B7%E0%B9%89%E0%B8%AD-ups-%E0%B8%9A%E0%B8%B8%E0%B8%A3%E0%B8%B5%E0%B8%A3%E0%B8%B1%E0%B8%A1%E0%B8%A2%E0%B9%8C","200","0","https://amphon.co.th/%E0%B8%A3%E0%B8%B1%E0%B8%9A%E0%B8%8B%E0%B8%B7%E0%B9%89%E0%B8%AD/%E0%B8%A3%E0%B8%B1%E0%B8%9A%E0%B8%8B%E0%B8%B7%E0%B9%89%E0%B8%AD-ups-%E0%B8%9A%E0%B8%B8%E0%B8%A3%E0%B8%B5%E0%B8%A3%E0%B8%B1%E0%B8%A1%E0%B8%A2%E0%B9%8C","https://amphon.co.th/รับซื้อ/รับซื้อ-ups-บุรีรัมย์","Yes","PASS",""
"https://amphon.co.th/%E0%B8%A3%E0%B8%B1%E0%B8%9A%E0%B8%8B%E0%B8%B7%E0%B9%89%E0%B8%AD/%E0%B8%A3%E0%B8%B1%E0%B8%9A%E0%B8%8B%E0%B8%B7%E0%B9%89%E0%B8%AD-ups-%E0%B8%81%E0%B8%B2%E0%B8%AC%E0%B8%AA%E0%B8%B4%E0%B8%99%E0%B8%98%E0%B8%B8%E0%B9%8C","200","0","https://amphon.co.th/%E0%B8%A3%E0%B8%B1%E0%B8%9A%E0%B8%8B%E0%B8%B7%E0%B9%89%E0%B8%AD/%E0%B8%A3%E0%B8%B1%E0%B8%9A%E0%B8%8B%E0%B8%B7%E0%B9%89%E0%B8%AD-ups-%E0%B8%81%E0%B8%B2%E0%B8%AC%E0%B8%AA%E0%B8%B4%E0%B8%99%E0%B8%98%E0%B8%B8%E0%B9%8C","https://amphon.co.th/รับซื้อ/รับซื้อ-ups-กาฬสินธุ์","Yes","PASS",""
"https://amphon.co.th/%E0%B8%A3%E0%B8%B1%E0%B8%9A%E0%B8%8B%E0%B8%B7%E0%B9%89%E0%B8%AD/%E0%B8%A3%E0%B8%B1%E0%B8%9A%E0%B8%8B%E0%B8%B7%E0%B9%89%E0%B8%AD-ups-%E0%B8%82%E0%B8%AD%E0%B8%99%E0%B9%81%E0%B8%81%E0%B9%88%E0%B8%99","200","0","https://amphon.co.th/%E0%B8%A3%E0%B8%B1%E0%B8%9A%E0%B8%8B%E0%B8%B7%E0%B9%89%E0%B8%AD/%E0%B8%A3%E0%B8%B1%E0%B8%9A%E0%B8%8B%E0%B8%B7%E0%B9%89%E0%B8%AD-ups-%E0%B8%82%E0%B8%AD%E0%B8%99%E0%B9%81%E0%B8%81%E0%B9%88%E0%B8%99","https://amphon.co.th/รับซื้อ/รับซื้อ-ups-ขอนแก่น","Yes","PASS",""
"https://amphon.co.th/%E0%B8%A3%E0%B8%B1%E0%B8%9A%E0%B8%8B%E0%B8%B7%E0%B9%89%E0%B8%AD/%E0%B8%A3%E0%B8%B1%E0%B8%9A%E0%B8%8B%E0%B8%B7%E0%B9%89%E0%B8%AD-ups-%E0%B8%99%E0%B8%84%E0%B8%A3%E0%B8%9E%E0%B8%99%E0%B8%A1","200","0","https://amphon.co.th/%E0%B8%A3%E0%B8%B1%E0%B8%9A%E0%B8%8B%E0%B8%B7%E0%B9%89%E0%B8%AD/%E0%B8%A3%E0%B8%B1%E0%B8%9A%E0%B8%8B%E0%B8%B7%E0%B9%89%E0%B8%AD-ups-%E0%B8%99%E0%B8%84%E0%B8%A3%E0%B8%9E%E0%B8%99%E0%B8%A1","https://amphon.co.th/รับซื้อ/รับซื้อ-ups-นครพนม","Yes","PASS",""
"https://amphon.co.th/%E0%B8%A3%E0%B8%B1%E0%B8%9A%E0%B8%8B%E0%B8%B7%E0%B9%89%E0%B8%AD/%E0%B8%A3%E0%B8%B1%E0%B8%9A%E0%B8%8B%E0%B8%B7%E0%B9%89%E0%B8%AD-ups-%E0%B8%99%E0%B8%84%E0%B8%A3%E0%B8%A3%E0%B8%B2%E0%B8%8A%E0%B8%AA%E0%B8%B5%E0%B8%A1%E0%B8%B2","200","0","https://amphon.co.th/%E0%B8%A3%E0%B8%B1%E0%B8%9A%E0%B8%8B%E0%B8%B7%E0%B9%89%E0%B8%AD/%E0%B8%A3%E0%B8%B1%E0%B8%9A%E0%B8%8B%E0%B8%B7%E0%B9%89%E0%B8%AD-ups-%E0%B8%99%E0%B8%84%E0%B8%A3%E0%B8%A3%E0%B8%B2%E0%B8%8A%E0%B8%AA%E0%B8%B5%E0%B8%A1%E0%B8%B2","https://amphon.co.th/รับซื้อ/รับซื้อ-ups-นครราชสีมา","Yes","PASS",""
"https://amphon.co.th/%E0%B8%A3%E0%B8%B1%E0%B8%9A%E0%B8%8B%E0%B8%B7%E0%B9%89%E0%B8%AD/%E0%B8%A3%E0%B8%B1%E0%B8%9A%E0%B8%8B%E0%B8%B7%E0%B9%89%E0%B8%AD-ups-%E0%B8%A1%E0%B8%AB%E0%B8%B2%E0%B8%AA%E0%B8%B2%E0%B8%A3%E0%B8%84%E0%B8%B2%E0%B8%A1","200","0","https://amphon.co.th/%E0%B8%A3%E0%B8%B1%E0%B8%9A%E0%B8%8B%E0%B8%B7%E0%B9%89%E0%B8%AD/%E0%B8%A3%E0%B8%B1%E0%B8%9A%E0%B8%8B%E0%B8%B7%E0%B9%89%E0%B8%AD-ups-%E0%B8%A1%E0%B8%AB%E0%B8%B2%E0%B8%AA%E0%B8%B2%E0%B8%A3%E0%B8%84%E0%B8%B2%E0%B8%A1","https://amphon.co.th/รับซื้อ/รับซื้อ-ups-มหาสารคาม","Yes","PASS",""
"https://amphon.co.th/%E0%B8%A3%E0%B8%B1%E0%B8%9A%E0%B8%8B%E0%B8%B7%E0%B9%89%E0%B8%AD/%E0%B8%A3%E0%B8%B1%E0%B8%9A%E0%B8%8B%E0%B8%B7%E0%B9%89%E0%B8%AD-ups-%E0%B8%A1%E0%B8%B8%E0%B8%81%E0%B8%94%E0%B8%B2%E0%B8%AB%E0%B8%B2%E0%B8%A3","200","0","https://amphon.co.th/%E0%B8%A3%E0%B8%B1%E0%B8%9A%E0%B8%8B%E0%B8%B7%E0%B9%89%E0%B8%AD/%E0%B8%A3%E0%B8%B1%E0%B8%9A%E0%B8%8B%E0%B8%B7%E0%B9%89%E0%B8%AD-ups-%E0%B8%A1%E0%B8%B8%E0%B8%81%E0%B8%94%E0%B8%B2%E0%B8%AB%E0%B8%B2%E0%B8%A3","https://amphon.co.th/รับซื้อ/รับซื้อ-ups-มุกดาหาร","Yes","PASS",""
"https://amphon.co.th/%E0%B8%A3%E0%B8%B1%E0%B8%9A%E0%B8%8B%E0%B8%B7%E0%B9%89%E0%B8%AD/%E0%B8%A3%E0%B8%B1%E0%B8%9A%E0%B8%8B%E0%B8%B7%E0%B9%89%E0%B8%AD-ups-%E0%B8%A2%E0%B9%82%E0%B8%AA%E0%B8%98%E0%B8%A3","200","0","https://amphon.co.th/%E0%B8%A3%E0%B8%B1%E0%B8%9A%E0%B8%8B%E0%B8%B7%E0%B9%89%E0%B8%AD/%E0%B8%A3%E0%B8%B1%E0%B8%9A%E0%B8%8B%E0%B8%B7%E0%B9%89%E0%B8%AD-ups-%E0%B8%A2%E0%B9%82%E0%B8%AA%E0%B8%98%E0%B8%A3","https://amphon.co.th/รับซื้อ/รับซื้อ-ups-ยโสธร","Yes","PASS",""
"https://amphon.co.th/%E0%B8%A3%E0%B8%B1%E0%B8%9A%E0%B8%8B%E0%B8%B7%E0%B9%89%E0%B8%AD/%E0%B8%A3%E0%B8%B1%E0%B8%9A%E0%B8%8B%E0%B8%B7%E0%B9%89%E0%B8%AD-ups-%E0%B8%A3%E0%B9%89%E0%B8%AD%E0%B8%A2%E0%B9%80%E0%B8%AD%E0%B9%87%E0%B8%94","200","0","https://amphon.co.th/%E0%B8%A3%E0%B8%B1%E0%B8%9A%E0%B8%8B%E0%B8%B7%E0%B9%89%E0%B8%AD/%E0%B8%A3%E0%B8%B1%E0%B8%9A%E0%B8%8B%E0%B8%B7%E0%B9%89%E0%B8%AD-ups-%E0%B8%A3%E0%B9%89%E0%B8%AD%E0%B8%A2%E0%B9%80%E0%B8%AD%E0%B9%87%E0%B8%94","https://amphon.co.th/รับซื้อ/รับซื้อ-ups-ร้อยเอ็ด","Yes","PASS",""
"https://amphon.co.th/%E0%B8%A3%E0%B8%B1%E0%B8%9A%E0%B8%8B%E0%B8%B7%E0%B9%89%E0%B8%AD/%E0%B8%A3%E0%B8%B1%E0%B8%9A%E0%B8%8B%E0%B8%B7%E0%B9%89%E0%B8%AD-ups-%E0%B8%A8%E0%B8%A3%E0%B8%B5%E0%B8%AA%E0%B8%B0%E0%B9%80%E0%B8%81%E0%B8%A9","200","0","https://amphon.co.th/%E0%B8%A3%E0%B8%B1%E0%B8%9A%E0%B8%8B%E0%B8%B7%E0%B9%89%E0%B8%AD/%E0%B8%A3%E0%B8%B1%E0%B8%9A%E0%B8%8B%E0%B8%B7%E0%B9%89%E0%B8%AD-ups-%E0%B8%A8%E0%B8%A3%E0%B8%B5%E0%B8%AA%E0%B8%B0%E0%B9%80%E0%B8%81%E0%B8%A9","https://amphon.co.th/รับซื้อ/รับซื้อ-ups-ศรีสะเกษ","Yes","PASS",""
"https://amphon.co.th/%E0%B8%A3%E0%B8%B1%E0%B8%9A%E0%B8%8B%E0%B8%B7%E0%B9%89%E0%B8%AD/%E0%B8%A3%E0%B8%B1%E0%B8%9A%E0%B8%8B%E0%B8%B7%E0%B9%89%E0%B8%AD-ups-%E0%B8%AA%E0%B8%81%E0%B8%A5%E0%B8%99%E0%B8%84%E0%B8%A3","200","0","https://amphon.co.th/%E0%B8%A3%E0%B8%B1%E0%B8%9A%E0%B8%8B%E0%B8%B7%E0%B9%89%E0%B8%AD/%E0%B8%A3%E0%B8%B1%E0%B8%9A%E0%B8%8B%E0%B8%B7%E0%B9%89%E0%B8%AD-ups-%E0%B8%AA%E0%B8%81%E0%B8%A5%E0%B8%99%E0%B8%84%E0%B8%A3","https://amphon.co.th/รับซื้อ/รับซื้อ-ups-สกลนคร","Yes","PASS",""
"https://amphon.co.th/%E0%B8%A3%E0%B8%B1%E0%B8%9A%E0%B8%8B%E0%B8%B7%E0%B9%89%E0%B8%AD/%E0%B8%A3%E0%B8%B1%E0%B8%9A%E0%B8%8B%E0%B8%B7%E0%B9%89%E0%B8%AD-ups-%E0%B8%AA%E0%B8%B8%E0%B8%A3%E0%B8%B4%E0%B8%99%E0%B8%97%E0%B8%A3%E0%B9%8C","200","0","https://amphon.co.th/%E0%B8%A3%E0%B8%B1%E0%B8%9A%E0%B8%8B%E0%B8%B7%E0%B9%89%E0%B8%AD/%E0%B8%A3%E0%B8%B1%E0%B8%9A%E0%B8%8B%E0%B8%B7%E0%B9%89%E0%B8%AD-ups-%E0%B8%AA%E0%B8%B8%E0%B8%A3%E0%B8%B4%E0%B8%99%E0%B8%97%E0%B8%A3%E0%B9%8C","https://amphon.co.th/รับซื้อ/รับซื้อ-ups-สุรินทร์","Yes","PASS",""
"https://amphon.co.th/%E0%B8%A3%E0%B8%B1%E0%B8%9A%E0%B8%8B%E0%B8%B7%E0%B9%89%E0%B8%AD/%E0%B8%A3%E0%B8%B1%E0%B8%9A%E0%B8%8B%E0%B8%B7%E0%B9%89%E0%B8%AD-ups-%E0%B8%AB%E0%B8%99%E0%B8%AD%E0%B8%87%E0%B8%9A%E0%B8%B1%E0%B8%A7%E0%B8%A5%E0%B8%B3%E0%B8%A0%E0%B8%B9","200","0","https://amphon.co.th/%E0%B8%A3%E0%B8%B1%E0%B8%9A%E0%B8%8B%E0%B8%B7%E0%B9%89%E0%B8%AD/%E0%B8%A3%E0%B8%B1%E0%B8%9A%E0%B8%8B%E0%B8%B7%E0%B9%89%E0%B8%AD-ups-%E0%B8%AB%E0%B8%99%E0%B8%AD%E0%B8%87%E0%B8%9A%E0%B8%B1%E0%B8%A7%E0%B8%A5%E0%B8%B3%E0%B8%A0%E0%B8%B9","https://amphon.co.th/รับซื้อ/รับซื้อ-ups-หนองบัวลำภู","Yes","PASS",""
"https://amphon.co.th/%E0%B8%A3%E0%B8%B1%E0%B8%9A%E0%B8%8B%E0%B8%B7%E0%B9%89%E0%B8%AD/%E0%B8%A3%E0%B8%B1%E0%B8%9A%E0%B8%8B%E0%B8%B7%E0%B9%89%E0%B8%AD-ups-%E0%B8%AB%E0%B8%99%E0%B8%AD%E0%B8%87%E0%B8%84%E0%B8%B2%E0%B8%A2","200","0","https://amphon.co.th/%E0%B8%A3%E0%B8%B1%E0%B8%9A%E0%B8%8B%E0%B8%B7%E0%B9%89%E0%B8%AD/%E0%B8%A3%E0%B8%B1%E0%B8%9A%E0%B8%8B%E0%B8%B7%E0%B9%89%E0%B8%AD-ups-%E0%B8%AB%E0%B8%99%E0%B8%AD%E0%B8%87%E0%B8%84%E0%B8%B2%E0%B8%A2","https://amphon.co.th/รับซื้อ/รับซื้อ-ups-หนองคาย","Yes","PASS",""
"https://amphon.co.th/%E0%B8%A3%E0%B8%B1%E0%B8%9A%E0%B8%8B%E0%B8%B7%E0%B9%89%E0%B8%AD/%E0%B8%A3%E0%B8%B1%E0%B8%9A%E0%B8%8B%E0%B8%B7%E0%B9%89%E0%B8%AD-ups-%E0%B8%AD%E0%B8%B3%E0%B8%99%E0%B8%B2%E0%B8%88%E0%B9%80%E0%B8%88%E0%B8%A3%E0%B8%B4%E0%B8%8D","200","0","https://amphon.co.th/%E0%B8%A3%E0%B8%B1%E0%B8%9A%E0%B8%8B%E0%B8%B7%E0%B9%89%E0%B8%AD/%E0%B8%A3%E0%B8%B1%E0%B8%9A%E0%B8%8B%E0%B8%B7%E0%B9%89%E0%B8%AD-ups-%E0%B8%AD%E0%B8%B3%E0%B8%99%E0%B8%B2%E0%B8%88%E0%B9%80%E0%B8%88%E0%B8%A3%E0%B8%B4%E0%B8%8D","https://amphon.co.th/รับซื้อ/รับซื้อ-ups-อำนาจเจริญ","Yes","PASS",""
"https://amphon.co.th/%E0%B8%A3%E0%B8%B1%E0%B8%9A%E0%B8%8B%E0%B8%B7%E0%B9%89%E0%B8%AD/%E0%B8%A3%E0%B8%B1%E0%B8%9A%E0%B8%8B%E0%B8%B7%E0%B9%89%E0%B8%AD-ups-%E0%B8%AD%E0%B8%B8%E0%B8%9A%E0%B8%A5%E0%B8%A3%E0%B8%B2%E0%B8%8A%E0%B8%98%E0%B8%B2%E0%B8%99%E0%B8%B5","200","0","https://amphon.co.th/%E0%B8%A3%E0%B8%B1%E0%B8%9A%E0%B8%8B%E0%B8%B7%E0%B9%89%E0%B8%AD/%E0%B8%A3%E0%B8%B1%E0%B8%9A%E0%B8%8B%E0%B8%B7%E0%B9%89%E0%B8%AD-ups-%E0%B8%AD%E0%B8%B8%E0%B8%9A%E0%B8%A5%E0%B8%A3%E0%B8%B2%E0%B8%8A%E0%B8%98%E0%B8%B2%E0%B8%99%E0%B8%B5","https://amphon.co.th/รับซื้อ/รับซื้อ-ups-อุบลราชธานี","Yes","PASS",""
"https://amphon.co.th/%E0%B8%A3%E0%B8%B1%E0%B8%9A%E0%B8%8B%E0%B8%B7%E0%B9%89%E0%B8%AD/%E0%B8%A3%E0%B8%B1%E0%B8%9A%E0%B8%8B%E0%B8%B7%E0%B9%89%E0%B8%AD-ups-%E0%B8%AD%E0%B8%B8%E0%B8%94%E0%B8%A3%E0%B8%98%E0%B8%B2%E0%B8%99%E0%B8%B5","200","0","https://amphon.co.th/%E0%B8%A3%E0%B8%B1%E0%B8%9A%E0%B8%8B%E0%B8%B7%E0%B9%89%E0%B8%AD/%E0%B8%A3%E0%B8%B1%E0%B8%9A%E0%B8%8B%E0%B8%B7%E0%B9%89%E0%B8%AD-ups-%E0%B8%AD%E0%B8%B8%E0%B8%94%E0%B8%A3%E0%B8%98%E0%B8%B2%E0%B8%99%E0%B8%B5","https://amphon.co.th/รับซื้อ/รับซื้อ-ups-อุดรธานี","Yes","PASS",""
"https://amphon.co.th/%E0%B8%A3%E0%B8%B1%E0%B8%9A%E0%B8%8B%E0%B8%B7%E0%B9%89%E0%B8%AD/%E0%B8%A3%E0%B8%B1%E0%B8%9A%E0%B8%8B%E0%B8%B7%E0%B9%89%E0%B8%AD-ups-%E0%B9%80%E0%B8%A5%E0%B8%A2","200","0","https://amphon.co.th/%E0%B8%A3%E0%B8%B1%E0%B8%9A%E0%B8%8B%E0%B8%B7%E0%B9%89%E0%B8%AD/%E0%B8%A3%E0%B8%B1%E0%B8%9A%E0%B8%8B%E0%B8%B7%E0%B9%89%E0%B8%AD-ups-%E0%B9%80%E0%B8%A5%E0%B8%A2","https://amphon.co.th/รับซื้อ/รับซื้อ-ups-เลย","Yes","PASS",""
"https://amphon.co.th/%E0%B8%A3%E0%B8%B1%E0%B8%9A%E0%B8%8B%E0%B8%B7%E0%B9%89%E0%B8%AD/%E0%B8%A3%E0%B8%B1%E0%B8%9A%E0%B8%8B%E0%B8%B7%E0%B9%89%E0%B8%AD%E0%B8%8B%E0%B8%B5%E0%B8%9E%E0%B8%B5%E0%B8%A2%E0%B8%B9-%E0%B8%8A%E0%B8%B1%E0%B8%A2%E0%B8%A0%E0%B8%B9%E0%B8%A1%E0%B8%B4","200","0","https://amphon.co.th/%E0%B8%A3%E0%B8%B1%E0%B8%9A%E0%B8%8B%E0%B8%B7%E0%B9%89%E0%B8%AD/%E0%B8%A3%E0%B8%B1%E0%B8%9A%E0%B8%8B%E0%B8%B7%E0%B9%89%E0%B8%AD%E0%B8%8B%E0%B8%B5%E0%B8%9E%E0%B8%B5%E0%B8%A2%E0%B8%B9-%E0%B8%8A%E0%B8%B1%E0%B8%A2%E0%B8%A0%E0%B8%B9%E0%B8%A1%E0%B8%B4","https://amphon.co.th/รับซื้อ/รับซื้อซีพียู-ชัยภูมิ","Yes","PASS",""
"https://amphon.co.th/%E0%B8%A3%E0%B8%B1%E0%B8%9A%E0%B8%8B%E0%B8%B7%E0%B9%89%E0%B8%AD/%E0%B8%A3%E0%B8%B1%E0%B8%9A%E0%B8%8B%E0%B8%B7%E0%B9%89%E0%B8%AD%E0%B8%8B%E0%B8%B5%E0%B8%9E%E0%B8%B5%E0%B8%A2%E0%B8%B9-%E0%B8%9A%E0%B8%B6%E0%B8%87%E0%B8%81%E0%B8%B2%E0%B8%AC","200","0","https://amphon.co.th/%E0%B8%A3%E0%B8%B1%E0%B8%9A%E0%B8%8B%E0%B8%B7%E0%B9%89%E0%B8%AD/%E0%B8%A3%E0%B8%B1%E0%B8%9A%E0%B8%8B%E0%B8%B7%E0%B9%89%E0%B8%AD%E0%B8%8B%E0%B8%B5%E0%B8%9E%E0%B8%B5%E0%B8%A2%E0%B8%B9-%E0%B8%9A%E0%B8%B6%E0%B8%87%E0%B8%81%E0%B8%B2%E0%B8%AC","https://amphon.co.th/รับซื้อ/รับซื้อซีพียู-บึงกาฬ","Yes","PASS",""
"https://amphon.co.th/%E0%B8%A3%E0%B8%B1%E0%B8%9A%E0%B8%8B%E0%B8%B7%E0%B9%89%E0%B8%AD/%E0%B8%A3%E0%B8%B1%E0%B8%9A%E0%B8%8B%E0%B8%B7%E0%B9%89%E0%B8%AD%E0%B8%8B%E0%B8%B5%E0%B8%9E%E0%B8%B5%E0%B8%A2%E0%B8%B9-%E0%B8%9A%E0%B8%B8%E0%B8%A3%E0%B8%B5%E0%B8%A3%E0%B8%B1%E0%B8%A1%E0%B8%A2%E0%B9%8C","200","0","https://amphon.co.th/%E0%B8%A3%E0%B8%B1%E0%B8%9A%E0%B8%8B%E0%B8%B7%E0%B9%89%E0%B8%AD/%E0%B8%A3%E0%B8%B1%E0%B8%9A%E0%B8%8B%E0%B8%B7%E0%B9%89%E0%B8%AD%E0%B8%8B%E0%B8%B5%E0%B8%9E%E0%B8%B5%E0%B8%A2%E0%B8%B9-%E0%B8%9A%E0%B8%B8%E0%B8%A3%E0%B8%B5%E0%B8%A3%E0%B8%B1%E0%B8%A1%E0%B8%A2%E0%B9%8C","https://amphon.co.th/รับซื้อ/รับซื้อซีพียู-บุรีรัมย์","Yes","PASS",""
"https://amphon.co.th/%E0%B8%A3%E0%B8%B1%E0%B8%9A%E0%B8%8B%E0%B8%B7%E0%B9%89%E0%B8%AD/%E0%B8%A3%E0%B8%B1%E0%B8%9A%E0%B8%8B%E0%B8%B7%E0%B9%89%E0%B8%AD%E0%B8%8B%E0%B8%B5%E0%B8%9E%E0%B8%B5%E0%B8%A2%E0%B8%B9-%E0%B8%81%E0%B8%B2%E0%B8%AC%E0%B8%AA%E0%B8%B4%E0%B8%99%E0%B8%98%E0%B8%B8%E0%B9%8C","200","0","https://amphon.co.th/%E0%B8%A3%E0%B8%B1%E0%B8%9A%E0%B8%8B%E0%B8%B7%E0%B9%89%E0%B8%AD/%E0%B8%A3%E0%B8%B1%E0%B8%9A%E0%B8%8B%E0%B8%B7%E0%B9%89%E0%B8%AD%E0%B8%8B%E0%B8%B5%E0%B8%9E%E0%B8%B5%E0%B8%A2%E0%B8%B9-%E0%B8%81%E0%B8%B2%E0%B8%AC%E0%B8%AA%E0%B8%B4%E0%B8%99%E0%B8%98%E0%B8%B8%E0%B9%8C","https://amphon.co.th/รับซื้อ/รับซื้อซีพียู-กาฬสินธุ์","Yes","PASS",""
"https://amphon.co.th/%E0%B8%A3%E0%B8%B1%E0%B8%9A%E0%B8%8B%E0%B8%B7%E0%B9%89%E0%B8%AD/%E0%B8%A3%E0%B8%B1%E0%B8%9A%E0%B8%8B%E0%B8%B7%E0%B9%89%E0%B8%AD%E0%B8%8B%E0%B8%B5%E0%B8%9E%E0%B8%B5%E0%B8%A2%E0%B8%B9-%E0%B8%82%E0%B8%AD%E0%B8%99%E0%B9%81%E0%B8%81%E0%B9%88%E0%B8%99","200","0","https://amphon.co.th/%E0%B8%A3%E0%B8%B1%E0%B8%9A%E0%B8%8B%E0%B8%B7%E0%B9%89%E0%B8%AD/%E0%B8%A3%E0%B8%B1%E0%B8%9A%E0%B8%8B%E0%B8%B7%E0%B9%89%E0%B8%AD%E0%B8%8B%E0%B8%B5%E0%B8%9E%E0%B8%B5%E0%B8%A2%E0%B8%B9-%E0%B8%82%E0%B8%AD%E0%B8%99%E0%B9%81%E0%B8%81%E0%B9%88%E0%B8%99","https://amphon.co.th/รับซื้อ/รับซื้อซีพียู-ขอนแก่น","Yes","PASS",""
"https://amphon.co.th/%E0%B8%A3%E0%B8%B1%E0%B8%9A%E0%B8%8B%E0%B8%B7%E0%B9%89%E0%B8%AD/%E0%B8%A3%E0%B8%B1%E0%B8%9A%E0%B8%8B%E0%B8%B7%E0%B9%89%E0%B8%AD%E0%B8%8B%E0%B8%B5%E0%B8%9E%E0%B8%B5%E0%B8%A2%E0%B8%B9-%E0%B8%99%E0%B8%84%E0%B8%A3%E0%B8%9E%E0%B8%99%E0%B8%A1","200","0","https://amphon.co.th/%E0%B8%A3%E0%B8%B1%E0%B8%9A%E0%B8%8B%E0%B8%B7%E0%B9%89%E0%B8%AD/%E0%B8%A3%E0%B8%B1%E0%B8%9A%E0%B8%8B%E0%B8%B7%E0%B9%89%E0%B8%AD%E0%B8%8B%E0%B8%B5%E0%B8%9E%E0%B8%B5%E0%B8%A2%E0%B8%B9-%E0%B8%99%E0%B8%84%E0%B8%A3%E0%B8%9E%E0%B8%99%E0%B8%A1","https://amphon.co.th/รับซื้อ/รับซื้อซีพียู-นครพนม","Yes","PASS",""
"https://amphon.co.th/%E0%B8%A3%E0%B8%B1%E0%B8%9A%E0%B8%8B%E0%B8%B7%E0%B9%89%E0%B8%AD/%E0%B8%A3%E0%B8%B1%E0%B8%9A%E0%B8%8B%E0%B8%B7%E0%B9%89%E0%B8%AD%E0%B8%8B%E0%B8%B5%E0%B8%9E%E0%B8%B5%E0%B8%A2%E0%B8%B9-%E0%B8%99%E0%B8%84%E0%B8%A3%E0%B8%A3%E0%B8%B2%E0%B8%8A%E0%B8%AA%E0%B8%B5%E0%B8%A1%E0%B8%B2","200","0","https://amphon.co.th/%E0%B8%A3%E0%B8%B1%E0%B8%9A%E0%B8%8B%E0%B8%B7%E0%B9%89%E0%B8%AD/%E0%B8%A3%E0%B8%B1%E0%B8%9A%E0%B8%8B%E0%B8%B7%E0%B9%89%E0%B8%AD%E0%B8%8B%E0%B8%B5%E0%B8%9E%E0%B8%B5%E0%B8%A2%E0%B8%B9-%E0%B8%99%E0%B8%84%E0%B8%A3%E0%B8%A3%E0%B8%B2%E0%B8%8A%E0%B8%AA%E0%B8%B5%E0%B8%A1%E0%B8%B2","https://amphon.co.th/รับซื้อ/รับซื้อซีพียู-นครราชสีมา","Yes","PASS",""
"https://amphon.co.th/%E0%B8%A3%E0%B8%B1%E0%B8%9A%E0%B8%8B%E0%B8%B7%E0%B9%89%E0%B8%AD/%E0%B8%A3%E0%B8%B1%E0%B8%9A%E0%B8%8B%E0%B8%B7%E0%B9%89%E0%B8%AD%E0%B8%8B%E0%B8%B5%E0%B8%9E%E0%B8%B5%E0%B8%A2%E0%B8%B9-%E0%B8%A1%E0%B8%AB%E0%B8%B2%E0%B8%AA%E0%B8%B2%E0%B8%A3%E0%B8%84%E0%B8%B2%E0%B8%A1","200","0","https://amphon.co.th/%E0%B8%A3%E0%B8%B1%E0%B8%9A%E0%B8%8B%E0%B8%B7%E0%B9%89%E0%B8%AD/%E0%B8%A3%E0%B8%B1%E0%B8%9A%E0%B8%8B%E0%B8%B7%E0%B9%89%E0%B8%AD%E0%B8%8B%E0%B8%B5%E0%B8%9E%E0%B8%B5%E0%B8%A2%E0%B8%B9-%E0%B8%A1%E0%B8%AB%E0%B8%B2%E0%B8%AA%E0%B8%B2%E0%B8%A3%E0%B8%84%E0%B8%B2%E0%B8%A1","https://amphon.co.th/รับซื้อ/รับซื้อซีพียู-มหาสารคาม","Yes","PASS",""
"https://amphon.co.th/%E0%B8%A3%E0%B8%B1%E0%B8%9A%E0%B8%8B%E0%B8%B7%E0%B9%89%E0%B8%AD/%E0%B8%A3%E0%B8%B1%E0%B8%9A%E0%B8%8B%E0%B8%B7%E0%B9%89%E0%B8%AD%E0%B8%8B%E0%B8%B5%E0%B8%9E%E0%B8%B5%E0%B8%A2%E0%B8%B9-%E0%B8%A1%E0%B8%B8%E0%B8%81%E0%B8%94%E0%B8%B2%E0%B8%AB%E0%B8%B2%E0%B8%A3","200","0","https://amphon.co.th/%E0%B8%A3%E0%B8%B1%E0%B8%9A%E0%B8%8B%E0%B8%B7%E0%B9%89%E0%B8%AD/%E0%B8%A3%E0%B8%B1%E0%B8%9A%E0%B8%8B%E0%B8%B7%E0%B9%89%E0%B8%AD%E0%B8%8B%E0%B8%B5%E0%B8%9E%E0%B8%B5%E0%B8%A2%E0%B8%B9-%E0%B8%A1%E0%B8%B8%E0%B8%81%E0%B8%94%E0%B8%B2%E0%B8%AB%E0%B8%B2%E0%B8%A3","https://amphon.co.th/รับซื้อ/รับซื้อซีพียู-มุกดาหาร","Yes","PASS",""
"https://amphon.co.th/%E0%B8%A3%E0%B8%B1%E0%B8%9A%E0%B8%8B%E0%B8%B7%E0%B9%89%E0%B8%AD/%E0%B8%A3%E0%B8%B1%E0%B8%9A%E0%B8%8B%E0%B8%B7%E0%B9%89%E0%B8%AD%E0%B8%8B%E0%B8%B5%E0%B8%9E%E0%B8%B5%E0%B8%A2%E0%B8%B9-%E0%B8%A2%E0%B9%82%E0%B8%AA%E0%B8%98%E0%B8%A3","200","0","https://amphon.co.th/%E0%B8%A3%E0%B8%B1%E0%B8%9A%E0%B8%8B%E0%B8%B7%E0%B9%89%E0%B8%AD/%E0%B8%A3%E0%B8%B1%E0%B8%9A%E0%B8%8B%E0%B8%B7%E0%B9%89%E0%B8%AD%E0%B8%8B%E0%B8%B5%E0%B8%9E%E0%B8%B5%E0%B8%A2%E0%B8%B9-%E0%B8%A2%E0%B9%82%E0%B8%AA%E0%B8%98%E0%B8%A3","https://amphon.co.th/รับซื้อ/รับซื้อซีพียู-ยโสธร","Yes","PASS",""
"https://amphon.co.th/%E0%B8%A3%E0%B8%B1%E0%B8%9A%E0%B8%8B%E0%B8%B7%E0%B9%89%E0%B8%AD/%E0%B8%A3%E0%B8%B1%E0%B8%9A%E0%B8%8B%E0%B8%B7%E0%B9%89%E0%B8%AD%E0%B8%8B%E0%B8%B5%E0%B8%9E%E0%B8%B5%E0%B8%A2%E0%B8%B9-%E0%B8%A3%E0%B9%89%E0%B8%AD%E0%B8%A2%E0%B9%80%E0%B8%AD%E0%B9%87%E0%B8%94","200","0","https://amphon.co.th/%E0%B8%A3%E0%B8%B1%E0%B8%9A%E0%B8%8B%E0%B8%B7%E0%B9%89%E0%B8%AD/%E0%B8%A3%E0%B8%B1%E0%B8%9A%E0%B8%8B%E0%B8%B7%E0%B9%89%E0%B8%AD%E0%B8%8B%E0%B8%B5%E0%B8%9E%E0%B8%B5%E0%B8%A2%E0%B8%B9-%E0%B8%A3%E0%B9%89%E0%B8%AD%E0%B8%A2%E0%B9%80%E0%B8%AD%E0%B9%87%E0%B8%94","https://amphon.co.th/รับซื้อ/รับซื้อซีพียู-ร้อยเอ็ด","Yes","PASS",""
"https://amphon.co.th/%E0%B8%A3%E0%B8%B1%E0%B8%9A%E0%B8%8B%E0%B8%B7%E0%B9%89%E0%B8%AD/%E0%B8%A3%E0%B8%B1%E0%B8%9A%E0%B8%8B%E0%B8%B7%E0%B9%89%E0%B8%AD%E0%B8%8B%E0%B8%B5%E0%B8%9E%E0%B8%B5%E0%B8%A2%E0%B8%B9-%E0%B8%A8%E0%B8%A3%E0%B8%B5%E0%B8%AA%E0%B8%B0%E0%B9%80%E0%B8%81%E0%B8%A9","200","0","https://amphon.co.th/%E0%B8%A3%E0%B8%B1%E0%B8%9A%E0%B8%8B%E0%B8%B7%E0%B9%89%E0%B8%AD/%E0%B8%A3%E0%B8%B1%E0%B8%9A%E0%B8%8B%E0%B8%B7%E0%B9%89%E0%B8%AD%E0%B8%8B%E0%B8%B5%E0%B8%9E%E0%B8%B5%E0%B8%A2%E0%B8%B9-%E0%B8%A8%E0%B8%A3%E0%B8%B5%E0%B8%AA%E0%B8%B0%E0%B9%80%E0%B8%81%E0%B8%A9","https://amphon.co.th/รับซื้อ/รับซื้อซีพียู-ศรีสะเกษ","Yes","PASS",""
"https://amphon.co.th/%E0%B8%A3%E0%B8%B1%E0%B8%9A%E0%B8%8B%E0%B8%B7%E0%B9%89%E0%B8%AD/%E0%B8%A3%E0%B8%B1%E0%B8%9A%E0%B8%8B%E0%B8%B7%E0%B9%89%E0%B8%AD%E0%B8%8B%E0%B8%B5%E0%B8%9E%E0%B8%B5%E0%B8%A2%E0%B8%B9-%E0%B8%AA%E0%B8%81%E0%B8%A5%E0%B8%99%E0%B8%84%E0%B8%A3","200","0","https://amphon.co.th/%E0%B8%A3%E0%B8%B1%E0%B8%9A%E0%B8%8B%E0%B8%B7%E0%B9%89%E0%B8%AD/%E0%B8%A3%E0%B8%B1%E0%B8%9A%E0%B8%8B%E0%B8%B7%E0%B9%89%E0%B8%AD%E0%B8%8B%E0%B8%B5%E0%B8%9E%E0%B8%B5%E0%B8%A2%E0%B8%B9-%E0%B8%AA%E0%B8%81%E0%B8%A5%E0%B8%99%E0%B8%84%E0%B8%A3","https://amphon.co.th/รับซื้อ/รับซื้อซีพียู-สกลนคร","Yes","PASS",""
"https://amphon.co.th/%E0%B8%A3%E0%B8%B1%E0%B8%9A%E0%B8%8B%E0%B8%B7%E0%B9%89%E0%B8%AD/%E0%B8%A3%E0%B8%B1%E0%B8%9A%E0%B8%8B%E0%B8%B7%E0%B9%89%E0%B8%AD%E0%B8%8B%E0%B8%B5%E0%B8%9E%E0%B8%B5%E0%B8%A2%E0%B8%B9-%E0%B8%AA%E0%B8%B8%E0%B8%A3%E0%B8%B4%E0%B8%99%E0%B8%97%E0%B8%A3%E0%B9%8C","200","0","https://amphon.co.th/%E0%B8%A3%E0%B8%B1%E0%B8%9A%E0%B8%8B%E0%B8%B7%E0%B9%89%E0%B8%AD/%E0%B8%A3%E0%B8%B1%E0%B8%9A%E0%B8%8B%E0%B8%B7%E0%B9%89%E0%B8%AD%E0%B8%8B%E0%B8%B5%E0%B8%9E%E0%B8%B5%E0%B8%A2%E0%B8%B9-%E0%B8%AA%E0%B8%B8%E0%B8%A3%E0%B8%B4%E0%B8%99%E0%B8%97%E0%B8%A3%E0%B9%8C","https://amphon.co.th/รับซื้อ/รับซื้อซีพียู-สุรินทร์","Yes","PASS",""
"https://amphon.co.th/%E0%B8%A3%E0%B8%B1%E0%B8%9A%E0%B8%8B%E0%B8%B7%E0%B9%89%E0%B8%AD/%E0%B8%A3%E0%B8%B1%E0%B8%9A%E0%B8%8B%E0%B8%B7%E0%B9%89%E0%B8%AD%E0%B8%8B%E0%B8%B5%E0%B8%9E%E0%B8%B5%E0%B8%A2%E0%B8%B9-%E0%B8%AB%E0%B8%99%E0%B8%AD%E0%B8%87%E0%B8%9A%E0%B8%B1%E0%B8%A7%E0%B8%A5%E0%B8%B3%E0%B8%A0%E0%B8%B9","200","0","https://amphon.co.th/%E0%B8%A3%E0%B8%B1%E0%B8%9A%E0%B8%8B%E0%B8%B7%E0%B9%89%E0%B8%AD/%E0%B8%A3%E0%B8%B1%E0%B8%9A%E0%B8%8B%E0%B8%B7%E0%B9%89%E0%B8%AD%E0%B8%8B%E0%B8%B5%E0%B8%9E%E0%B8%B5%E0%B8%A2%E0%B8%B9-%E0%B8%AB%E0%B8%99%E0%B8%AD%E0%B8%87%E0%B8%9A%E0%B8%B1%E0%B8%A7%E0%B8%A5%E0%B8%B3%E0%B8%A0%E0%B8%B9","https://amphon.co.th/รับซื้อ/รับซื้อซีพียู-หนองบัวลำภู","Yes","PASS",""
"https://amphon.co.th/%E0%B8%A3%E0%B8%B1%E0%B8%9A%E0%B8%8B%E0%B8%B7%E0%B9%89%E0%B8%AD/%E0%B8%A3%E0%B8%B1%E0%B8%9A%E0%B8%8B%E0%B8%B7%E0%B9%89%E0%B8%AD%E0%B8%8B%E0%B8%B5%E0%B8%9E%E0%B8%B5%E0%B8%A2%E0%B8%B9-%E0%B8%AB%E0%B8%99%E0%B8%AD%E0%B8%87%E0%B8%84%E0%B8%B2%E0%B8%A2","200","0","https://amphon.co.th/%E0%B8%A3%E0%B8%B1%E0%B8%9A%E0%B8%8B%E0%B8%B7%E0%B9%89%E0%B8%AD/%E0%B8%A3%E0%B8%B1%E0%B8%9A%E0%B8%8B%E0%B8%B7%E0%B9%89%E0%B8%AD%E0%B8%8B%E0%B8%B5%E0%B8%9E%E0%B8%B5%E0%B8%A2%E0%B8%B9-%E0%B8%AB%E0%B8%99%E0%B8%AD%E0%B8%87%E0%B8%84%E0%B8%B2%E0%B8%A2","https://amphon.co.th/รับซื้อ/รับซื้อซีพียู-หนองคาย","Yes","PASS",""
"https://amphon.co.th/%E0%B8%A3%E0%B8%B1%E0%B8%9A%E0%B8%8B%E0%B8%B7%E0%B9%89%E0%B8%AD/%E0%B8%A3%E0%B8%B1%E0%B8%9A%E0%B8%8B%E0%B8%B7%E0%B9%89%E0%B8%AD%E0%B8%8B%E0%B8%B5%E0%B8%9E%E0%B8%B5%E0%B8%A2%E0%B8%B9-%E0%B8%AD%E0%B8%B3%E0%B8%99%E0%B8%B2%E0%B8%88%E0%B9%80%E0%B8%88%E0%B8%A3%E0%B8%B4%E0%B8%8D","200","0","https://amphon.co.th/%E0%B8%A3%E0%B8%B1%E0%B8%9A%E0%B8%8B%E0%B8%B7%E0%B9%89%E0%B8%AD/%E0%B8%A3%E0%B8%B1%E0%B8%9A%E0%B8%8B%E0%B8%B7%E0%B9%89%E0%B8%AD%E0%B8%8B%E0%B8%B5%E0%B8%9E%E0%B8%B5%E0%B8%A2%E0%B8%B9-%E0%B8%AD%E0%B8%B3%E0%B8%99%E0%B8%B2%E0%B8%88%E0%B9%80%E0%B8%88%E0%B8%A3%E0%B8%B4%E0%B8%8D","https://amphon.co.th/รับซื้อ/รับซื้อซีพียู-อำนาจเจริญ","Yes","PASS",""
"https://amphon.co.th/%E0%B8%A3%E0%B8%B1%E0%B8%9A%E0%B8%8B%E0%B8%B7%E0%B9%89%E0%B8%AD/%E0%B8%A3%E0%B8%B1%E0%B8%9A%E0%B8%8B%E0%B8%B7%E0%B9%89%E0%B8%AD%E0%B8%8B%E0%B8%B5%E0%B8%9E%E0%B8%B5%E0%B8%A2%E0%B8%B9-%E0%B8%AD%E0%B8%B8%E0%B8%9A%E0%B8%A5%E0%B8%A3%E0%B8%B2%E0%B8%8A%E0%B8%98%E0%B8%B2%E0%B8%99%E0%B8%B5","200","0","https://amphon.co.th/%E0%B8%A3%E0%B8%B1%E0%B8%9A%E0%B8%8B%E0%B8%B7%E0%B9%89%E0%B8%AD/%E0%B8%A3%E0%B8%B1%E0%B8%9A%E0%B8%8B%E0%B8%B7%E0%B9%89%E0%B8%AD%E0%B8%8B%E0%B8%B5%E0%B8%9E%E0%B8%B5%E0%B8%A2%E0%B8%B9-%E0%B8%AD%E0%B8%B8%E0%B8%9A%E0%B8%A5%E0%B8%A3%E0%B8%B2%E0%B8%8A%E0%B8%98%E0%B8%B2%E0%B8%99%E0%B8%B5","https://amphon.co.th/รับซื้อ/รับซื้อซีพียู-อุบลราชธานี","Yes","PASS",""
"https://amphon.co.th/%E0%B8%A3%E0%B8%B1%E0%B8%9A%E0%B8%8B%E0%B8%B7%E0%B9%89%E0%B8%AD/%E0%B8%A3%E0%B8%B1%E0%B8%9A%E0%B8%8B%E0%B8%B7%E0%B9%89%E0%B8%AD%E0%B8%8B%E0%B8%B5%E0%B8%9E%E0%B8%B5%E0%B8%A2%E0%B8%B9-%E0%B8%AD%E0%B8%B8%E0%B8%94%E0%B8%A3%E0%B8%98%E0%B8%B2%E0%B8%99%E0%B8%B5","200","0","https://amphon.co.th/%E0%B8%A3%E0%B8%B1%E0%B8%9A%E0%B8%8B%E0%B8%B7%E0%B9%89%E0%B8%AD/%E0%B8%A3%E0%B8%B1%E0%B8%9A%E0%B8%8B%E0%B8%B7%E0%B9%89%E0%B8%AD%E0%B8%8B%E0%B8%B5%E0%B8%9E%E0%B8%B5%E0%B8%A2%E0%B8%B9-%E0%B8%AD%E0%B8%B8%E0%B8%94%E0%B8%A3%E0%B8%98%E0%B8%B2%E0%B8%99%E0%B8%B5","https://amphon.co.th/รับซื้อ/รับซื้อซีพียู-อุดรธานี","Yes","PASS",""
"https://amphon.co.th/%E0%B8%A3%E0%B8%B1%E0%B8%9A%E0%B8%8B%E0%B8%B7%E0%B9%89%E0%B8%AD/%E0%B8%A3%E0%B8%B1%E0%B8%9A%E0%B8%8B%E0%B8%B7%E0%B9%89%E0%B8%AD%E0%B8%8B%E0%B8%B5%E0%B8%9E%E0%B8%B5%E0%B8%A2%E0%B8%B9-%E0%B9%80%E0%B8%A5%E0%B8%A2","200","0","https://amphon.co.th/%E0%B8%A3%E0%B8%B1%E0%B8%9A%E0%B8%8B%E0%B8%B7%E0%B9%89%E0%B8%AD/%E0%B8%A3%E0%B8%B1%E0%B8%9A%E0%B8%8B%E0%B8%B7%E0%B9%89%E0%B8%AD%E0%B8%8B%E0%B8%B5%E0%B8%9E%E0%B8%B5%E0%B8%A2%E0%B8%B9-%E0%B9%80%E0%B8%A5%E0%B8%A2","https://amphon.co.th/รับซื้อ/รับซื้อซีพียู-เลย","Yes","PASS",""
"https://amphon.co.th/%E0%B8%A3%E0%B8%B1%E0%B8%9A%E0%B8%8B%E0%B8%B7%E0%B9%89%E0%B8%AD/%E0%B8%A3%E0%B8%B1%E0%B8%9A%E0%B8%8B%E0%B8%B7%E0%B9%89%E0%B8%AD%E0%B8%81%E0%B8%A5%E0%B9%89%E0%B8%AD%E0%B8%87-%E0%B8%8A%E0%B8%B1%E0%B8%A2%E0%B8%A0%E0%B8%B9%E0%B8%A1%E0%B8%B4","200","0","https://amphon.co.th/%E0%B8%A3%E0%B8%B1%E0%B8%9A%E0%B8%8B%E0%B8%B7%E0%B9%89%E0%B8%AD/%E0%B8%A3%E0%B8%B1%E0%B8%9A%E0%B8%8B%E0%B8%B7%E0%B9%89%E0%B8%AD%E0%B8%81%E0%B8%A5%E0%B9%89%E0%B8%AD%E0%B8%87-%E0%B8%8A%E0%B8%B1%E0%B8%A2%E0%B8%A0%E0%B8%B9%E0%B8%A1%E0%B8%B4","https://amphon.co.th/รับซื้อ/รับซื้อกล้อง-ชัยภูมิ","Yes","PASS",""
"https://amphon.co.th/%E0%B8%A3%E0%B8%B1%E0%B8%9A%E0%B8%8B%E0%B8%B7%E0%B9%89%E0%B8%AD/%E0%B8%A3%E0%B8%B1%E0%B8%9A%E0%B8%8B%E0%B8%B7%E0%B9%89%E0%B8%AD%E0%B8%81%E0%B8%A5%E0%B9%89%E0%B8%AD%E0%B8%87-%E0%B8%9A%E0%B8%B6%E0%B8%87%E0%B8%81%E0%B8%B2%E0%B8%AC","200","0","https://amphon.co.th/%E0%B8%A3%E0%B8%B1%E0%B8%9A%E0%B8%8B%E0%B8%B7%E0%B9%89%E0%B8%AD/%E0%B8%A3%E0%B8%B1%E0%B8%9A%E0%B8%8B%E0%B8%B7%E0%B9%89%E0%B8%AD%E0%B8%81%E0%B8%A5%E0%B9%89%E0%B8%AD%E0%B8%87-%E0%B8%9A%E0%B8%B6%E0%B8%87%E0%B8%81%E0%B8%B2%E0%B8%AC","https://amphon.co.th/รับซื้อ/รับซื้อกล้อง-บึงกาฬ","Yes","PASS",""
"https://amphon.co.th/%E0%B8%A3%E0%B8%B1%E0%B8%9A%E0%B8%8B%E0%B8%B7%E0%B9%89%E0%B8%AD/%E0%B8%A3%E0%B8%B1%E0%B8%9A%E0%B8%8B%E0%B8%B7%E0%B9%89%E0%B8%AD%E0%B8%81%E0%B8%A5%E0%B9%89%E0%B8%AD%E0%B8%87-%E0%B8%9A%E0%B8%B8%E0%B8%A3%E0%B8%B5%E0%B8%A3%E0%B8%B1%E0%B8%A1%E0%B8%A2%E0%B9%8C","200","0","https://amphon.co.th/%E0%B8%A3%E0%B8%B1%E0%B8%9A%E0%B8%8B%E0%B8%B7%E0%B9%89%E0%B8%AD/%E0%B8%A3%E0%B8%B1%E0%B8%9A%E0%B8%8B%E0%B8%B7%E0%B9%89%E0%B8%AD%E0%B8%81%E0%B8%A5%E0%B9%89%E0%B8%AD%E0%B8%87-%E0%B8%9A%E0%B8%B8%E0%B8%A3%E0%B8%B5%E0%B8%A3%E0%B8%B1%E0%B8%A1%E0%B8%A2%E0%B9%8C","https://amphon.co.th/รับซื้อ/รับซื้อกล้อง-บุรีรัมย์","Yes","PASS",""
"https://amphon.co.th/%E0%B8%A3%E0%B8%B1%E0%B8%9A%E0%B8%8B%E0%B8%B7%E0%B9%89%E0%B8%AD/%E0%B8%A3%E0%B8%B1%E0%B8%9A%E0%B8%8B%E0%B8%B7%E0%B9%89%E0%B8%AD%E0%B8%81%E0%B8%A5%E0%B9%89%E0%B8%AD%E0%B8%87-%E0%B8%81%E0%B8%B2%E0%B8%AC%E0%B8%AA%E0%B8%B4%E0%B8%99%E0%B8%98%E0%B8%B8%E0%B9%8C","200","0","https://amphon.co.th/%E0%B8%A3%E0%B8%B1%E0%B8%9A%E0%B8%8B%E0%B8%B7%E0%B9%89%E0%B8%AD/%E0%B8%A3%E0%B8%B1%E0%B8%9A%E0%B8%8B%E0%B8%B7%E0%B9%89%E0%B8%AD%E0%B8%81%E0%B8%A5%E0%B9%89%E0%B8%AD%E0%B8%87-%E0%B8%81%E0%B8%B2%E0%B8%AC%E0%B8%AA%E0%B8%B4%E0%B8%99%E0%B8%98%E0%B8%B8%E0%B9%8C","https://amphon.co.th/รับซื้อ/รับซื้อกล้อง-กาฬสินธุ์","Yes","PASS",""
"https://amphon.co.th/%E0%B8%A3%E0%B8%B1%E0%B8%9A%E0%B8%8B%E0%B8%B7%E0%B9%89%E0%B8%AD/%E0%B8%A3%E0%B8%B1%E0%B8%9A%E0%B8%8B%E0%B8%B7%E0%B9%89%E0%B8%AD%E0%B8%81%E0%B8%A5%E0%B9%89%E0%B8%AD%E0%B8%87-%E0%B8%82%E0%B8%AD%E0%B8%99%E0%B9%81%E0%B8%81%E0%B9%88%E0%B8%99","200","0","https://amphon.co.th/%E0%B8%A3%E0%B8%B1%E0%B8%9A%E0%B8%8B%E0%B8%B7%E0%B9%89%E0%B8%AD/%E0%B8%A3%E0%B8%B1%E0%B8%9A%E0%B8%8B%E0%B8%B7%E0%B9%89%E0%B8%AD%E0%B8%81%E0%B8%A5%E0%B9%89%E0%B8%AD%E0%B8%87-%E0%B8%82%E0%B8%AD%E0%B8%99%E0%B9%81%E0%B8%81%E0%B9%88%E0%B8%99","https://amphon.co.th/รับซื้อ/รับซื้อกล้อง-ขอนแก่น","Yes","PASS",""
"https://amphon.co.th/%E0%B8%A3%E0%B8%B1%E0%B8%9A%E0%B8%8B%E0%B8%B7%E0%B9%89%E0%B8%AD/%E0%B8%A3%E0%B8%B1%E0%B8%9A%E0%B8%8B%E0%B8%B7%E0%B9%89%E0%B8%AD%E0%B8%81%E0%B8%A5%E0%B9%89%E0%B8%AD%E0%B8%87-%E0%B8%99%E0%B8%84%E0%B8%A3%E0%B8%9E%E0%B8%99%E0%B8%A1","200","0","https://amphon.co.th/%E0%B8%A3%E0%B8%B1%E0%B8%9A%E0%B8%8B%E0%B8%B7%E0%B9%89%E0%B8%AD/%E0%B8%A3%E0%B8%B1%E0%B8%9A%E0%B8%8B%E0%B8%B7%E0%B9%89%E0%B8%AD%E0%B8%81%E0%B8%A5%E0%B9%89%E0%B8%AD%E0%B8%87-%E0%B8%99%E0%B8%84%E0%B8%A3%E0%B8%9E%E0%B8%99%E0%B8%A1","https://amphon.co.th/รับซื้อ/รับซื้อกล้อง-นครพนม","Yes","PASS",""
"https://amphon.co.th/%E0%B8%A3%E0%B8%B1%E0%B8%9A%E0%B8%8B%E0%B8%B7%E0%B9%89%E0%B8%AD/%E0%B8%A3%E0%B8%B1%E0%B8%9A%E0%B8%8B%E0%B8%B7%E0%B9%89%E0%B8%AD%E0%B8%81%E0%B8%A5%E0%B9%89%E0%B8%AD%E0%B8%87-%E0%B8%99%E0%B8%84%E0%B8%A3%E0%B8%A3%E0%B8%B2%E0%B8%8A%E0%B8%AA%E0%B8%B5%E0%B8%A1%E0%B8%B2","200","0","https://amphon.co.th/%E0%B8%A3%E0%B8%B1%E0%B8%9A%E0%B8%8B%E0%B8%B7%E0%B9%89%E0%B8%AD/%E0%B8%A3%E0%B8%B1%E0%B8%9A%E0%B8%8B%E0%B8%B7%E0%B9%89%E0%B8%AD%E0%B8%81%E0%B8%A5%E0%B9%89%E0%B8%AD%E0%B8%87-%E0%B8%99%E0%B8%84%E0%B8%A3%E0%B8%A3%E0%B8%B2%E0%B8%8A%E0%B8%AA%E0%B8%B5%E0%B8%A1%E0%B8%B2","https://amphon.co.th/รับซื้อ/รับซื้อกล้อง-นครราชสีมา","Yes","PASS",""
"https://amphon.co.th/%E0%B8%A3%E0%B8%B1%E0%B8%9A%E0%B8%8B%E0%B8%B7%E0%B9%89%E0%B8%AD/%E0%B8%A3%E0%B8%B1%E0%B8%9A%E0%B8%8B%E0%B8%B7%E0%B9%89%E0%B8%AD%E0%B8%81%E0%B8%A5%E0%B9%89%E0%B8%AD%E0%B8%87-%E0%B8%A1%E0%B8%AB%E0%B8%B2%E0%B8%AA%E0%B8%B2%E0%B8%A3%E0%B8%84%E0%B8%B2%E0%B8%A1","200","0","https://amphon.co.th/%E0%B8%A3%E0%B8%B1%E0%B8%9A%E0%B8%8B%E0%B8%B7%E0%B9%89%E0%B8%AD/%E0%B8%A3%E0%B8%B1%E0%B8%9A%E0%B8%8B%E0%B8%B7%E0%B9%89%E0%B8%AD%E0%B8%81%E0%B8%A5%E0%B9%89%E0%B8%AD%E0%B8%87-%E0%B8%A1%E0%B8%AB%E0%B8%B2%E0%B8%AA%E0%B8%B2%E0%B8%A3%E0%B8%84%E0%B8%B2%E0%B8%A1","https://amphon.co.th/รับซื้อ/รับซื้อกล้อง-มหาสารคาม","Yes","PASS",""
"https://amphon.co.th/%E0%B8%A3%E0%B8%B1%E0%B8%9A%E0%B8%8B%E0%B8%B7%E0%B9%89%E0%B8%AD/%E0%B8%A3%E0%B8%B1%E0%B8%9A%E0%B8%8B%E0%B8%B7%E0%B9%89%E0%B8%AD%E0%B8%81%E0%B8%A5%E0%B9%89%E0%B8%AD%E0%B8%87-%E0%B8%A1%E0%B8%B8%E0%B8%81%E0%B8%94%E0%B8%B2%E0%B8%AB%E0%B8%B2%E0%B8%A3","200","0","https://amphon.co.th/%E0%B8%A3%E0%B8%B1%E0%B8%9A%E0%B8%8B%E0%B8%B7%E0%B9%89%E0%B8%AD/%E0%B8%A3%E0%B8%B1%E0%B8%9A%E0%B8%8B%E0%B8%B7%E0%B9%89%E0%B8%AD%E0%B8%81%E0%B8%A5%E0%B9%89%E0%B8%AD%E0%B8%87-%E0%B8%A1%E0%B8%B8%E0%B8%81%E0%B8%94%E0%B8%B2%E0%B8%AB%E0%B8%B2%E0%B8%A3","https://amphon.co.th/รับซื้อ/รับซื้อกล้อง-มุกดาหาร","Yes","PASS",""
"https://amphon.co.th/%E0%B8%A3%E0%B8%B1%E0%B8%9A%E0%B8%8B%E0%B8%B7%E0%B9%89%E0%B8%AD/%E0%B8%A3%E0%B8%B1%E0%B8%9A%E0%B8%8B%E0%B8%B7%E0%B9%89%E0%B8%AD%E0%B8%81%E0%B8%A5%E0%B9%89%E0%B8%AD%E0%B8%87-%E0%B8%A2%E0%B9%82%E0%B8%AA%E0%B8%98%E0%B8%A3","200","0","https://amphon.co.th/%E0%B8%A3%E0%B8%B1%E0%B8%9A%E0%B8%8B%E0%B8%B7%E0%B9%89%E0%B8%AD/%E0%B8%A3%E0%B8%B1%E0%B8%9A%E0%B8%8B%E0%B8%B7%E0%B9%89%E0%B8%AD%E0%B8%81%E0%B8%A5%E0%B9%89%E0%B8%AD%E0%B8%87-%E0%B8%A2%E0%B9%82%E0%B8%AA%E0%B8%98%E0%B8%A3","https://amphon.co.th/รับซื้อ/รับซื้อกล้อง-ยโสธร","Yes","PASS",""
"https://amphon.co.th/%E0%B8%A3%E0%B8%B1%E0%B8%9A%E0%B8%8B%E0%B8%B7%E0%B9%89%E0%B8%AD/%E0%B8%A3%E0%B8%B1%E0%B8%9A%E0%B8%8B%E0%B8%B7%E0%B9%89%E0%B8%AD%E0%B8%81%E0%B8%A5%E0%B9%89%E0%B8%AD%E0%B8%87-%E0%B8%A3%E0%B9%89%E0%B8%AD%E0%B8%A2%E0%B9%80%E0%B8%AD%E0%B9%87%E0%B8%94","200","0","https://amphon.co.th/%E0%B8%A3%E0%B8%B1%E0%B8%9A%E0%B8%8B%E0%B8%B7%E0%B9%89%E0%B8%AD/%E0%B8%A3%E0%B8%B1%E0%B8%9A%E0%B8%8B%E0%B8%B7%E0%B9%89%E0%B8%AD%E0%B8%81%E0%B8%A5%E0%B9%89%E0%B8%AD%E0%B8%87-%E0%B8%A3%E0%B9%89%E0%B8%AD%E0%B8%A2%E0%B9%80%E0%B8%AD%E0%B9%87%E0%B8%94","https://amphon.co.th/รับซื้อ/รับซื้อกล้อง-ร้อยเอ็ด","Yes","PASS",""
"https://amphon.co.th/%E0%B8%A3%E0%B8%B1%E0%B8%9A%E0%B8%8B%E0%B8%B7%E0%B9%89%E0%B8%AD/%E0%B8%A3%E0%B8%B1%E0%B8%9A%E0%B8%8B%E0%B8%B7%E0%B9%89%E0%B8%AD%E0%B8%81%E0%B8%A5%E0%B9%89%E0%B8%AD%E0%B8%87-%E0%B8%A8%E0%B8%A3%E0%B8%B5%E0%B8%AA%E0%B8%B0%E0%B9%80%E0%B8%81%E0%B8%A9","200","0","https://amphon.co.th/%E0%B8%A3%E0%B8%B1%E0%B8%9A%E0%B8%8B%E0%B8%B7%E0%B9%89%E0%B8%AD/%E0%B8%A3%E0%B8%B1%E0%B8%9A%E0%B8%8B%E0%B8%B7%E0%B9%89%E0%B8%AD%E0%B8%81%E0%B8%A5%E0%B9%89%E0%B8%AD%E0%B8%87-%E0%B8%A8%E0%B8%A3%E0%B8%B5%E0%B8%AA%E0%B8%B0%E0%B9%80%E0%B8%81%E0%B8%A9","https://amphon.co.th/รับซื้อ/รับซื้อกล้อง-ศรีสะเกษ","Yes","PASS",""
"https://amphon.co.th/%E0%B8%A3%E0%B8%B1%E0%B8%9A%E0%B8%8B%E0%B8%B7%E0%B9%89%E0%B8%AD/%E0%B8%A3%E0%B8%B1%E0%B8%9A%E0%B8%8B%E0%B8%B7%E0%B9%89%E0%B8%AD%E0%B8%81%E0%B8%A5%E0%B9%89%E0%B8%AD%E0%B8%87-%E0%B8%AA%E0%B8%81%E0%B8%A5%E0%B8%99%E0%B8%84%E0%B8%A3","200","0","https://amphon.co.th/%E0%B8%A3%E0%B8%B1%E0%B8%9A%E0%B8%8B%E0%B8%B7%E0%B9%89%E0%B8%AD/%E0%B8%A3%E0%B8%B1%E0%B8%9A%E0%B8%8B%E0%B8%B7%E0%B9%89%E0%B8%AD%E0%B8%81%E0%B8%A5%E0%B9%89%E0%B8%AD%E0%B8%87-%E0%B8%AA%E0%B8%81%E0%B8%A5%E0%B8%99%E0%B8%84%E0%B8%A3","https://amphon.co.th/รับซื้อ/รับซื้อกล้อง-สกลนคร","Yes","PASS",""
"https://amphon.co.th/%E0%B8%A3%E0%B8%B1%E0%B8%9A%E0%B8%8B%E0%B8%B7%E0%B9%89%E0%B8%AD/%E0%B8%A3%E0%B8%B1%E0%B8%9A%E0%B8%8B%E0%B8%B7%E0%B9%89%E0%B8%AD%E0%B8%81%E0%B8%A5%E0%B9%89%E0%B8%AD%E0%B8%87-%E0%B8%AA%E0%B8%B8%E0%B8%A3%E0%B8%B4%E0%B8%99%E0%B8%97%E0%B8%A3%E0%B9%8C","200","0","https://amphon.co.th/%E0%B8%A3%E0%B8%B1%E0%B8%9A%E0%B8%8B%E0%B8%B7%E0%B9%89%E0%B8%AD/%E0%B8%A3%E0%B8%B1%E0%B8%9A%E0%B8%8B%E0%B8%B7%E0%B9%89%E0%B8%AD%E0%B8%81%E0%B8%A5%E0%B9%89%E0%B8%AD%E0%B8%87-%E0%B8%AA%E0%B8%B8%E0%B8%A3%E0%B8%B4%E0%B8%99%E0%B8%97%E0%B8%A3%E0%B9%8C","https://amphon.co.th/รับซื้อ/รับซื้อกล้อง-สุรินทร์","Yes","PASS",""
"https://amphon.co.th/%E0%B8%A3%E0%B8%B1%E0%B8%9A%E0%B8%8B%E0%B8%B7%E0%B9%89%E0%B8%AD/%E0%B8%A3%E0%B8%B1%E0%B8%9A%E0%B8%8B%E0%B8%B7%E0%B9%89%E0%B8%AD%E0%B8%81%E0%B8%A5%E0%B9%89%E0%B8%AD%E0%B8%87-%E0%B8%AB%E0%B8%99%E0%B8%AD%E0%B8%87%E0%B8%9A%E0%B8%B1%E0%B8%A7%E0%B8%A5%E0%B8%B3%E0%B8%A0%E0%B8%B9","200","0","https://amphon.co.th/%E0%B8%A3%E0%B8%B1%E0%B8%9A%E0%B8%8B%E0%B8%B7%E0%B9%89%E0%B8%AD/%E0%B8%A3%E0%B8%B1%E0%B8%9A%E0%B8%8B%E0%B8%B7%E0%B9%89%E0%B8%AD%E0%B8%81%E0%B8%A5%E0%B9%89%E0%B8%AD%E0%B8%87-%E0%B8%AB%E0%B8%99%E0%B8%AD%E0%B8%87%E0%B8%9A%E0%B8%B1%E0%B8%A7%E0%B8%A5%E0%B8%B3%E0%B8%A0%E0%B8%B9","https://amphon.co.th/รับซื้อ/รับซื้อกล้อง-หนองบัวลำภู","Yes","PASS",""
"https://amphon.co.th/%E0%B8%A3%E0%B8%B1%E0%B8%9A%E0%B8%8B%E0%B8%B7%E0%B9%89%E0%B8%AD/%E0%B8%A3%E0%B8%B1%E0%B8%9A%E0%B8%8B%E0%B8%B7%E0%B9%89%E0%B8%AD%E0%B8%81%E0%B8%A5%E0%B9%89%E0%B8%AD%E0%B8%87-%E0%B8%AB%E0%B8%99%E0%B8%AD%E0%B8%87%E0%B8%84%E0%B8%B2%E0%B8%A2","200","0","https://amphon.co.th/%E0%B8%A3%E0%B8%B1%E0%B8%9A%E0%B8%8B%E0%B8%B7%E0%B9%89%E0%B8%AD/%E0%B8%A3%E0%B8%B1%E0%B8%9A%E0%B8%8B%E0%B8%B7%E0%B9%89%E0%B8%AD%E0%B8%81%E0%B8%A5%E0%B9%89%E0%B8%AD%E0%B8%87-%E0%B8%AB%E0%B8%99%E0%B8%AD%E0%B8%87%E0%B8%84%E0%B8%B2%E0%B8%A2","https://amphon.co.th/รับซื้อ/รับซื้อกล้อง-หนองคาย","Yes","PASS",""
"https://amphon.co.th/%E0%B8%A3%E0%B8%B1%E0%B8%9A%E0%B8%8B%E0%B8%B7%E0%B9%89%E0%B8%AD/%E0%B8%A3%E0%B8%B1%E0%B8%9A%E0%B8%8B%E0%B8%B7%E0%B9%89%E0%B8%AD%E0%B8%81%E0%B8%A5%E0%B9%89%E0%B8%AD%E0%B8%87-%E0%B8%AD%E0%B8%B3%E0%B8%99%E0%B8%B2%E0%B8%88%E0%B9%80%E0%B8%88%E0%B8%A3%E0%B8%B4%E0%B8%8D","200","0","https://amphon.co.th/%E0%B8%A3%E0%B8%B1%E0%B8%9A%E0%B8%8B%E0%B8%B7%E0%B9%89%E0%B8%AD/%E0%B8%A3%E0%B8%B1%E0%B8%9A%E0%B8%8B%E0%B8%B7%E0%B9%89%E0%B8%AD%E0%B8%81%E0%B8%A5%E0%B9%89%E0%B8%AD%E0%B8%87-%E0%B8%AD%E0%B8%B3%E0%B8%99%E0%B8%B2%E0%B8%88%E0%B9%80%E0%B8%88%E0%B8%A3%E0%B8%B4%E0%B8%8D","https://amphon.co.th/รับซื้อ/รับซื้อกล้อง-อำนาจเจริญ","Yes","PASS",""
"https://amphon.co.th/%E0%B8%A3%E0%B8%B1%E0%B8%9A%E0%B8%8B%E0%B8%B7%E0%B9%89%E0%B8%AD/%E0%B8%A3%E0%B8%B1%E0%B8%9A%E0%B8%8B%E0%B8%B7%E0%B9%89%E0%B8%AD%E0%B8%81%E0%B8%A5%E0%B9%89%E0%B8%AD%E0%B8%87-%E0%B8%AD%E0%B8%B8%E0%B8%9A%E0%B8%A5%E0%B8%A3%E0%B8%B2%E0%B8%8A%E0%B8%98%E0%B8%B2%E0%B8%99%E0%B8%B5","200","0","https://amphon.co.th/%E0%B8%A3%E0%B8%B1%E0%B8%9A%E0%B8%8B%E0%B8%B7%E0%B9%89%E0%B8%AD/%E0%B8%A3%E0%B8%B1%E0%B8%9A%E0%B8%8B%E0%B8%B7%E0%B9%89%E0%B8%AD%E0%B8%81%E0%B8%A5%E0%B9%89%E0%B8%AD%E0%B8%87-%E0%B8%AD%E0%B8%B8%E0%B8%9A%E0%B8%A5%E0%B8%A3%E0%B8%B2%E0%B8%8A%E0%B8%98%E0%B8%B2%E0%B8%99%E0%B8%B5","https://amphon.co.th/รับซื้อ/รับซื้อกล้อง-อุบลราชธานี","Yes","PASS",""
"https://amphon.co.th/%E0%B8%A3%E0%B8%B1%E0%B8%9A%E0%B8%8B%E0%B8%B7%E0%B9%89%E0%B8%AD/%E0%B8%A3%E0%B8%B1%E0%B8%9A%E0%B8%8B%E0%B8%B7%E0%B9%89%E0%B8%AD%E0%B8%81%E0%B8%A5%E0%B9%89%E0%B8%AD%E0%B8%87-%E0%B8%AD%E0%B8%B8%E0%B8%94%E0%B8%A3%E0%B8%98%E0%B8%B2%E0%B8%99%E0%B8%B5","200","0","https://amphon.co.th/%E0%B8%A3%E0%B8%B1%E0%B8%9A%E0%B8%8B%E0%B8%B7%E0%B9%89%E0%B8%AD/%E0%B8%A3%E0%B8%B1%E0%B8%9A%E0%B8%8B%E0%B8%B7%E0%B9%89%E0%B8%AD%E0%B8%81%E0%B8%A5%E0%B9%89%E0%B8%AD%E0%B8%87-%E0%B8%AD%E0%B8%B8%E0%B8%94%E0%B8%A3%E0%B8%98%E0%B8%B2%E0%B8%99%E0%B8%B5","https://amphon.co.th/รับซื้อ/รับซื้อกล้อง-อุดรธานี","Yes","PASS",""
"https://amphon.co.th/%E0%B8%A3%E0%B8%B1%E0%B8%9A%E0%B8%8B%E0%B8%B7%E0%B9%89%E0%B8%AD/%E0%B8%A3%E0%B8%B1%E0%B8%9A%E0%B8%8B%E0%B8%B7%E0%B9%89%E0%B8%AD%E0%B8%81%E0%B8%A5%E0%B9%89%E0%B8%AD%E0%B8%87-%E0%B9%80%E0%B8%A5%E0%B8%A2","200","0","https://amphon.co.th/%E0%B8%A3%E0%B8%B1%E0%B8%9A%E0%B8%8B%E0%B8%B7%E0%B9%89%E0%B8%AD/%E0%B8%A3%E0%B8%B1%E0%B8%9A%E0%B8%8B%E0%B8%B7%E0%B9%89%E0%B8%AD%E0%B8%81%E0%B8%A5%E0%B9%89%E0%B8%AD%E0%B8%87-%E0%B9%80%E0%B8%A5%E0%B8%A2","https://amphon.co.th/รับซื้อ/รับซื้อกล้อง-เลย","Yes","PASS",""
"https://amphon.co.th/%E0%B8%A3%E0%B8%B1%E0%B8%9A%E0%B8%8B%E0%B8%B7%E0%B9%89%E0%B8%AD/%E0%B8%A3%E0%B8%B1%E0%B8%9A%E0%B8%8B%E0%B8%B7%E0%B9%89%E0%B8%AD%E0%B8%81%E0%B8%A5%E0%B9%89%E0%B8%AD%E0%B8%87-canon-%E0%B8%8A%E0%B8%B1%E0%B8%A2%E0%B8%A0%E0%B8%B9%E0%B8%A1%E0%B8%B4","200","0","https://amphon.co.th/%E0%B8%A3%E0%B8%B1%E0%B8%9A%E0%B8%8B%E0%B8%B7%E0%B9%89%E0%B8%AD/%E0%B8%A3%E0%B8%B1%E0%B8%9A%E0%B8%8B%E0%B8%B7%E0%B9%89%E0%B8%AD%E0%B8%81%E0%B8%A5%E0%B9%89%E0%B8%AD%E0%B8%87-canon-%E0%B8%8A%E0%B8%B1%E0%B8%A2%E0%B8%A0%E0%B8%B9%E0%B8%A1%E0%B8%B4","https://amphon.co.th/รับซื้อ/รับซื้อกล้อง-canon-ชัยภูมิ","Yes","PASS",""
"https://amphon.co.th/%E0%B8%A3%E0%B8%B1%E0%B8%9A%E0%B8%8B%E0%B8%B7%E0%B9%89%E0%B8%AD/%E0%B8%A3%E0%B8%B1%E0%B8%9A%E0%B8%8B%E0%B8%B7%E0%B9%89%E0%B8%AD%E0%B8%81%E0%B8%A5%E0%B9%89%E0%B8%AD%E0%B8%87-canon-%E0%B8%9A%E0%B8%B6%E0%B8%87%E0%B8%81%E0%B8%B2%E0%B8%AC","200","0","https://amphon.co.th/%E0%B8%A3%E0%B8%B1%E0%B8%9A%E0%B8%8B%E0%B8%B7%E0%B9%89%E0%B8%AD/%E0%B8%A3%E0%B8%B1%E0%B8%9A%E0%B8%8B%E0%B8%B7%E0%B9%89%E0%B8%AD%E0%B8%81%E0%B8%A5%E0%B9%89%E0%B8%AD%E0%B8%87-canon-%E0%B8%9A%E0%B8%B6%E0%B8%87%E0%B8%81%E0%B8%B2%E0%B8%AC","https://amphon.co.th/รับซื้อ/รับซื้อกล้อง-canon-บึงกาฬ","Yes","PASS",""
"https://amphon.co.th/%E0%B8%A3%E0%B8%B1%E0%B8%9A%E0%B8%8B%E0%B8%B7%E0%B9%89%E0%B8%AD/%E0%B8%A3%E0%B8%B1%E0%B8%9A%E0%B8%8B%E0%B8%B7%E0%B9%89%E0%B8%AD%E0%B8%81%E0%B8%A5%E0%B9%89%E0%B8%AD%E0%B8%87-canon-%E0%B8%9A%E0%B8%B8%E0%B8%A3%E0%B8%B5%E0%B8%A3%E0%B8%B1%E0%B8%A1%E0%B8%A2%E0%B9%8C","200","0","https://amphon.co.th/%E0%B8%A3%E0%B8%B1%E0%B8%9A%E0%B8%8B%E0%B8%B7%E0%B9%89%E0%B8%AD/%E0%B8%A3%E0%B8%B1%E0%B8%9A%E0%B8%8B%E0%B8%B7%E0%B9%89%E0%B8%AD%E0%B8%81%E0%B8%A5%E0%B9%89%E0%B8%AD%E0%B8%87-canon-%E0%B8%9A%E0%B8%B8%E0%B8%A3%E0%B8%B5%E0%B8%A3%E0%B8%B1%E0%B8%A1%E0%B8%A2%E0%B9%8C","https://amphon.co.th/รับซื้อ/รับซื้อกล้อง-canon-บุรีรัมย์","Yes","PASS",""
"https://amphon.co.th/%E0%B8%A3%E0%B8%B1%E0%B8%9A%E0%B8%8B%E0%B8%B7%E0%B9%89%E0%B8%AD/%E0%B8%A3%E0%B8%B1%E0%B8%9A%E0%B8%8B%E0%B8%B7%E0%B9%89%E0%B8%AD%E0%B8%81%E0%B8%A5%E0%B9%89%E0%B8%AD%E0%B8%87-canon-%E0%B8%81%E0%B8%B2%E0%B8%AC%E0%B8%AA%E0%B8%B4%E0%B8%99%E0%B8%98%E0%B8%B8%E0%B9%8C","200","0","https://amphon.co.th/%E0%B8%A3%E0%B8%B1%E0%B8%9A%E0%B8%8B%E0%B8%B7%E0%B9%89%E0%B8%AD/%E0%B8%A3%E0%B8%B1%E0%B8%9A%E0%B8%8B%E0%B8%B7%E0%B9%89%E0%B8%AD%E0%B8%81%E0%B8%A5%E0%B9%89%E0%B8%AD%E0%B8%87-canon-%E0%B8%81%E0%B8%B2%E0%B8%AC%E0%B8%AA%E0%B8%B4%E0%B8%99%E0%B8%98%E0%B8%B8%E0%B9%8C","https://amphon.co.th/รับซื้อ/รับซื้อกล้อง-canon-กาฬสินธุ์","Yes","PASS",""
"https://amphon.co.th/%E0%B8%A3%E0%B8%B1%E0%B8%9A%E0%B8%8B%E0%B8%B7%E0%B9%89%E0%B8%AD/%E0%B8%A3%E0%B8%B1%E0%B8%9A%E0%B8%8B%E0%B8%B7%E0%B9%89%E0%B8%AD%E0%B8%81%E0%B8%A5%E0%B9%89%E0%B8%AD%E0%B8%87-canon-%E0%B8%82%E0%B8%AD%E0%B8%99%E0%B9%81%E0%B8%81%E0%B9%88%E0%B8%99","200","0","https://amphon.co.th/%E0%B8%A3%E0%B8%B1%E0%B8%9A%E0%B8%8B%E0%B8%B7%E0%B9%89%E0%B8%AD/%E0%B8%A3%E0%B8%B1%E0%B8%9A%E0%B8%8B%E0%B8%B7%E0%B9%89%E0%B8%AD%E0%B8%81%E0%B8%A5%E0%B9%89%E0%B8%AD%E0%B8%87-canon-%E0%B8%82%E0%B8%AD%E0%B8%99%E0%B9%81%E0%B8%81%E0%B9%88%E0%B8%99","https://amphon.co.th/รับซื้อ/รับซื้อกล้อง-canon-ขอนแก่น","Yes","PASS",""
"https://amphon.co.th/%E0%B8%A3%E0%B8%B1%E0%B8%9A%E0%B8%8B%E0%B8%B7%E0%B9%89%E0%B8%AD/%E0%B8%A3%E0%B8%B1%E0%B8%9A%E0%B8%8B%E0%B8%B7%E0%B9%89%E0%B8%AD%E0%B8%81%E0%B8%A5%E0%B9%89%E0%B8%AD%E0%B8%87-canon-%E0%B8%99%E0%B8%84%E0%B8%A3%E0%B8%9E%E0%B8%99%E0%B8%A1","200","0","https://amphon.co.th/%E0%B8%A3%E0%B8%B1%E0%B8%9A%E0%B8%8B%E0%B8%B7%E0%B9%89%E0%B8%AD/%E0%B8%A3%E0%B8%B1%E0%B8%9A%E0%B8%8B%E0%B8%B7%E0%B9%89%E0%B8%AD%E0%B8%81%E0%B8%A5%E0%B9%89%E0%B8%AD%E0%B8%87-canon-%E0%B8%99%E0%B8%84%E0%B8%A3%E0%B8%9E%E0%B8%99%E0%B8%A1","https://amphon.co.th/รับซื้อ/รับซื้อกล้อง-canon-นครพนม","Yes","PASS",""
"https://amphon.co.th/%E0%B8%A3%E0%B8%B1%E0%B8%9A%E0%B8%8B%E0%B8%B7%E0%B9%89%E0%B8%AD/%E0%B8%A3%E0%B8%B1%E0%B8%9A%E0%B8%8B%E0%B8%B7%E0%B9%89%E0%B8%AD%E0%B8%81%E0%B8%A5%E0%B9%89%E0%B8%AD%E0%B8%87-canon-%E0%B8%99%E0%B8%84%E0%B8%A3%E0%B8%A3%E0%B8%B2%E0%B8%8A%E0%B8%AA%E0%B8%B5%E0%B8%A1%E0%B8%B2","200","0","https://amphon.co.th/%E0%B8%A3%E0%B8%B1%E0%B8%9A%E0%B8%8B%E0%B8%B7%E0%B9%89%E0%B8%AD/%E0%B8%A3%E0%B8%B1%E0%B8%9A%E0%B8%8B%E0%B8%B7%E0%B9%89%E0%B8%AD%E0%B8%81%E0%B8%A5%E0%B9%89%E0%B8%AD%E0%B8%87-canon-%E0%B8%99%E0%B8%84%E0%B8%A3%E0%B8%A3%E0%B8%B2%E0%B8%8A%E0%B8%AA%E0%B8%B5%E0%B8%A1%E0%B8%B2","https://amphon.co.th/รับซื้อ/รับซื้อกล้อง-canon-นครราชสีมา","Yes","PASS",""
"https://amphon.co.th/%E0%B8%A3%E0%B8%B1%E0%B8%9A%E0%B8%8B%E0%B8%B7%E0%B9%89%E0%B8%AD/%E0%B8%A3%E0%B8%B1%E0%B8%9A%E0%B8%8B%E0%B8%B7%E0%B9%89%E0%B8%AD%E0%B8%81%E0%B8%A5%E0%B9%89%E0%B8%AD%E0%B8%87-canon-%E0%B8%A1%E0%B8%AB%E0%B8%B2%E0%B8%AA%E0%B8%B2%E0%B8%A3%E0%B8%84%E0%B8%B2%E0%B8%A1","200","0","https://amphon.co.th/%E0%B8%A3%E0%B8%B1%E0%B8%9A%E0%B8%8B%E0%B8%B7%E0%B9%89%E0%B8%AD/%E0%B8%A3%E0%B8%B1%E0%B8%9A%E0%B8%8B%E0%B8%B7%E0%B9%89%E0%B8%AD%E0%B8%81%E0%B8%A5%E0%B9%89%E0%B8%AD%E0%B8%87-canon-%E0%B8%A1%E0%B8%AB%E0%B8%B2%E0%B8%AA%E0%B8%B2%E0%B8%A3%E0%B8%84%E0%B8%B2%E0%B8%A1","https://amphon.co.th/รับซื้อ/รับซื้อกล้อง-canon-มหาสารคาม","Yes","PASS",""
"https://amphon.co.th/%E0%B8%A3%E0%B8%B1%E0%B8%9A%E0%B8%8B%E0%B8%B7%E0%B9%89%E0%B8%AD/%E0%B8%A3%E0%B8%B1%E0%B8%9A%E0%B8%8B%E0%B8%B7%E0%B9%89%E0%B8%AD%E0%B8%81%E0%B8%A5%E0%B9%89%E0%B8%AD%E0%B8%87-canon-%E0%B8%A1%E0%B8%B8%E0%B8%81%E0%B8%94%E0%B8%B2%E0%B8%AB%E0%B8%B2%E0%B8%A3","200","0","https://amphon.co.th/%E0%B8%A3%E0%B8%B1%E0%B8%9A%E0%B8%8B%E0%B8%B7%E0%B9%89%E0%B8%AD/%E0%B8%A3%E0%B8%B1%E0%B8%9A%E0%B8%8B%E0%B8%B7%E0%B9%89%E0%B8%AD%E0%B8%81%E0%B8%A5%E0%B9%89%E0%B8%AD%E0%B8%87-canon-%E0%B8%A1%E0%B8%B8%E0%B8%81%E0%B8%94%E0%B8%B2%E0%B8%AB%E0%B8%B2%E0%B8%A3","https://amphon.co.th/รับซื้อ/รับซื้อกล้อง-canon-มุกดาหาร","Yes","PASS",""
"https://amphon.co.th/%E0%B8%A3%E0%B8%B1%E0%B8%9A%E0%B8%8B%E0%B8%B7%E0%B9%89%E0%B8%AD/%E0%B8%A3%E0%B8%B1%E0%B8%9A%E0%B8%8B%E0%B8%B7%E0%B9%89%E0%B8%AD%E0%B8%81%E0%B8%A5%E0%B9%89%E0%B8%AD%E0%B8%87-canon-%E0%B8%A2%E0%B9%82%E0%B8%AA%E0%B8%98%E0%B8%A3","200","0","https://amphon.co.th/%E0%B8%A3%E0%B8%B1%E0%B8%9A%E0%B8%8B%E0%B8%B7%E0%B9%89%E0%B8%AD/%E0%B8%A3%E0%B8%B1%E0%B8%9A%E0%B8%8B%E0%B8%B7%E0%B9%89%E0%B8%AD%E0%B8%81%E0%B8%A5%E0%B9%89%E0%B8%AD%E0%B8%87-canon-%E0%B8%A2%E0%B9%82%E0%B8%AA%E0%B8%98%E0%B8%A3","https://amphon.co.th/รับซื้อ/รับซื้อกล้อง-canon-ยโสธร","Yes","PASS",""
"https://amphon.co.th/%E0%B8%A3%E0%B8%B1%E0%B8%9A%E0%B8%8B%E0%B8%B7%E0%B9%89%E0%B8%AD/%E0%B8%A3%E0%B8%B1%E0%B8%9A%E0%B8%8B%E0%B8%B7%E0%B9%89%E0%B8%AD%E0%B8%81%E0%B8%A5%E0%B9%89%E0%B8%AD%E0%B8%87-canon-%E0%B8%A3%E0%B9%89%E0%B8%AD%E0%B8%A2%E0%B9%80%E0%B8%AD%E0%B9%87%E0%B8%94","200","0","https://amphon.co.th/%E0%B8%A3%E0%B8%B1%E0%B8%9A%E0%B8%8B%E0%B8%B7%E0%B9%89%E0%B8%AD/%E0%B8%A3%E0%B8%B1%E0%B8%9A%E0%B8%8B%E0%B8%B7%E0%B9%89%E0%B8%AD%E0%B8%81%E0%B8%A5%E0%B9%89%E0%B8%AD%E0%B8%87-canon-%E0%B8%A3%E0%B9%89%E0%B8%AD%E0%B8%A2%E0%B9%80%E0%B8%AD%E0%B9%87%E0%B8%94","https://amphon.co.th/รับซื้อ/รับซื้อกล้อง-canon-ร้อยเอ็ด","Yes","PASS",""
"https://amphon.co.th/%E0%B8%A3%E0%B8%B1%E0%B8%9A%E0%B8%8B%E0%B8%B7%E0%B9%89%E0%B8%AD/%E0%B8%A3%E0%B8%B1%E0%B8%9A%E0%B8%8B%E0%B8%B7%E0%B9%89%E0%B8%AD%E0%B8%81%E0%B8%A5%E0%B9%89%E0%B8%AD%E0%B8%87-canon-%E0%B8%A8%E0%B8%A3%E0%B8%B5%E0%B8%AA%E0%B8%B0%E0%B9%80%E0%B8%81%E0%B8%A9","200","0","https://amphon.co.th/%E0%B8%A3%E0%B8%B1%E0%B8%9A%E0%B8%8B%E0%B8%B7%E0%B9%89%E0%B8%AD/%E0%B8%A3%E0%B8%B1%E0%B8%9A%E0%B8%8B%E0%B8%B7%E0%B9%89%E0%B8%AD%E0%B8%81%E0%B8%A5%E0%B9%89%E0%B8%AD%E0%B8%87-canon-%E0%B8%A8%E0%B8%A3%E0%B8%B5%E0%B8%AA%E0%B8%B0%E0%B9%80%E0%B8%81%E0%B8%A9","https://amphon.co.th/รับซื้อ/รับซื้อกล้อง-canon-ศรีสะเกษ","Yes","PASS",""
"https://amphon.co.th/%E0%B8%A3%E0%B8%B1%E0%B8%9A%E0%B8%8B%E0%B8%B7%E0%B9%89%E0%B8%AD/%E0%B8%A3%E0%B8%B1%E0%B8%9A%E0%B8%8B%E0%B8%B7%E0%B9%89%E0%B8%AD%E0%B8%81%E0%B8%A5%E0%B9%89%E0%B8%AD%E0%B8%87-canon-%E0%B8%AA%E0%B8%81%E0%B8%A5%E0%B8%99%E0%B8%84%E0%B8%A3","200","0","https://amphon.co.th/%E0%B8%A3%E0%B8%B1%E0%B8%9A%E0%B8%8B%E0%B8%B7%E0%B9%89%E0%B8%AD/%E0%B8%A3%E0%B8%B1%E0%B8%9A%E0%B8%8B%E0%B8%B7%E0%B9%89%E0%B8%AD%E0%B8%81%E0%B8%A5%E0%B9%89%E0%B8%AD%E0%B8%87-canon-%E0%B8%AA%E0%B8%81%E0%B8%A5%E0%B8%99%E0%B8%84%E0%B8%A3","https://amphon.co.th/รับซื้อ/รับซื้อกล้อง-canon-สกลนคร","Yes","PASS",""
"https://amphon.co.th/%E0%B8%A3%E0%B8%B1%E0%B8%9A%E0%B8%8B%E0%B8%B7%E0%B9%89%E0%B8%AD/%E0%B8%A3%E0%B8%B1%E0%B8%9A%E0%B8%8B%E0%B8%B7%E0%B9%89%E0%B8%AD%E0%B8%81%E0%B8%A5%E0%B9%89%E0%B8%AD%E0%B8%87-canon-%E0%B8%AA%E0%B8%B8%E0%B8%A3%E0%B8%B4%E0%B8%99%E0%B8%97%E0%B8%A3%E0%B9%8C","200","0","https://amphon.co.th/%E0%B8%A3%E0%B8%B1%E0%B8%9A%E0%B8%8B%E0%B8%B7%E0%B9%89%E0%B8%AD/%E0%B8%A3%E0%B8%B1%E0%B8%9A%E0%B8%8B%E0%B8%B7%E0%B9%89%E0%B8%AD%E0%B8%81%E0%B8%A5%E0%B9%89%E0%B8%AD%E0%B8%87-canon-%E0%B8%AA%E0%B8%B8%E0%B8%A3%E0%B8%B4%E0%B8%99%E0%B8%97%E0%B8%A3%E0%B9%8C","https://amphon.co.th/รับซื้อ/รับซื้อกล้อง-canon-สุรินทร์","Yes","PASS",""
"https://amphon.co.th/%E0%B8%A3%E0%B8%B1%E0%B8%9A%E0%B8%8B%E0%B8%B7%E0%B9%89%E0%B8%AD/%E0%B8%A3%E0%B8%B1%E0%B8%9A%E0%B8%8B%E0%B8%B7%E0%B9%89%E0%B8%AD%E0%B8%81%E0%B8%A5%E0%B9%89%E0%B8%AD%E0%B8%87-canon-%E0%B8%AB%E0%B8%99%E0%B8%AD%E0%B8%87%E0%B8%9A%E0%B8%B1%E0%B8%A7%E0%B8%A5%E0%B8%B3%E0%B8%A0%E0%B8%B9","200","0","https://amphon.co.th/%E0%B8%A3%E0%B8%B1%E0%B8%9A%E0%B8%8B%E0%B8%B7%E0%B9%89%E0%B8%AD/%E0%B8%A3%E0%B8%B1%E0%B8%9A%E0%B8%8B%E0%B8%B7%E0%B9%89%E0%B8%AD%E0%B8%81%E0%B8%A5%E0%B9%89%E0%B8%AD%E0%B8%87-canon-%E0%B8%AB%E0%B8%99%E0%B8%AD%E0%B8%87%E0%B8%9A%E0%B8%B1%E0%B8%A7%E0%B8%A5%E0%B8%B3%E0%B8%A0%E0%B8%B9","https://amphon.co.th/รับซื้อ/รับซื้อกล้อง-canon-หนองบัวลำภู","Yes","PASS",""
"https://amphon.co.th/%E0%B8%A3%E0%B8%B1%E0%B8%9A%E0%B8%8B%E0%B8%B7%E0%B9%89%E0%B8%AD/%E0%B8%A3%E0%B8%B1%E0%B8%9A%E0%B8%8B%E0%B8%B7%E0%B9%89%E0%B8%AD%E0%B8%81%E0%B8%A5%E0%B9%89%E0%B8%AD%E0%B8%87-canon-%E0%B8%AB%E0%B8%99%E0%B8%AD%E0%B8%87%E0%B8%84%E0%B8%B2%E0%B8%A2","200","0","https://amphon.co.th/%E0%B8%A3%E0%B8%B1%E0%B8%9A%E0%B8%8B%E0%B8%B7%E0%B9%89%E0%B8%AD/%E0%B8%A3%E0%B8%B1%E0%B8%9A%E0%B8%8B%E0%B8%B7%E0%B9%89%E0%B8%AD%E0%B8%81%E0%B8%A5%E0%B9%89%E0%B8%AD%E0%B8%87-canon-%E0%B8%AB%E0%B8%99%E0%B8%AD%E0%B8%87%E0%B8%84%E0%B8%B2%E0%B8%A2","https://amphon.co.th/รับซื้อ/รับซื้อกล้อง-canon-หนองคาย","Yes","PASS",""
"https://amphon.co.th/%E0%B8%A3%E0%B8%B1%E0%B8%9A%E0%B8%8B%E0%B8%B7%E0%B9%89%E0%B8%AD/%E0%B8%A3%E0%B8%B1%E0%B8%9A%E0%B8%8B%E0%B8%B7%E0%B9%89%E0%B8%AD%E0%B8%81%E0%B8%A5%E0%B9%89%E0%B8%AD%E0%B8%87-canon-%E0%B8%AD%E0%B8%B3%E0%B8%99%E0%B8%B2%E0%B8%88%E0%B9%80%E0%B8%88%E0%B8%A3%E0%B8%B4%E0%B8%8D","200","0","https://amphon.co.th/%E0%B8%A3%E0%B8%B1%E0%B8%9A%E0%B8%8B%E0%B8%B7%E0%B9%89%E0%B8%AD/%E0%B8%A3%E0%B8%B1%E0%B8%9A%E0%B8%8B%E0%B8%B7%E0%B9%89%E0%B8%AD%E0%B8%81%E0%B8%A5%E0%B9%89%E0%B8%AD%E0%B8%87-canon-%E0%B8%AD%E0%B8%B3%E0%B8%99%E0%B8%B2%E0%B8%88%E0%B9%80%E0%B8%88%E0%B8%A3%E0%B8%B4%E0%B8%8D","https://amphon.co.th/รับซื้อ/รับซื้อกล้อง-canon-อำนาจเจริญ","Yes","PASS",""
"https://amphon.co.th/%E0%B8%A3%E0%B8%B1%E0%B8%9A%E0%B8%8B%E0%B8%B7%E0%B9%89%E0%B8%AD/%E0%B8%A3%E0%B8%B1%E0%B8%9A%E0%B8%8B%E0%B8%B7%E0%B9%89%E0%B8%AD%E0%B8%81%E0%B8%A5%E0%B9%89%E0%B8%AD%E0%B8%87-canon-%E0%B8%AD%E0%B8%B8%E0%B8%9A%E0%B8%A5%E0%B8%A3%E0%B8%B2%E0%B8%8A%E0%B8%98%E0%B8%B2%E0%B8%99%E0%B8%B5","200","0","https://amphon.co.th/%E0%B8%A3%E0%B8%B1%E0%B8%9A%E0%B8%8B%E0%B8%B7%E0%B9%89%E0%B8%AD/%E0%B8%A3%E0%B8%B1%E0%B8%9A%E0%B8%8B%E0%B8%B7%E0%B9%89%E0%B8%AD%E0%B8%81%E0%B8%A5%E0%B9%89%E0%B8%AD%E0%B8%87-canon-%E0%B8%AD%E0%B8%B8%E0%B8%9A%E0%B8%A5%E0%B8%A3%E0%B8%B2%E0%B8%8A%E0%B8%98%E0%B8%B2%E0%B8%99%E0%B8%B5","https://amphon.co.th/รับซื้อ/รับซื้อกล้อง-canon-อุบลราชธานี","Yes","PASS",""
"https://amphon.co.th/%E0%B8%A3%E0%B8%B1%E0%B8%9A%E0%B8%8B%E0%B8%B7%E0%B9%89%E0%B8%AD/%E0%B8%A3%E0%B8%B1%E0%B8%9A%E0%B8%8B%E0%B8%B7%E0%B9%89%E0%B8%AD%E0%B8%81%E0%B8%A5%E0%B9%89%E0%B8%AD%E0%B8%87-canon-%E0%B8%AD%E0%B8%B8%E0%B8%94%E0%B8%A3%E0%B8%98%E0%B8%B2%E0%B8%99%E0%B8%B5","200","0","https://amphon.co.th/%E0%B8%A3%E0%B8%B1%E0%B8%9A%E0%B8%8B%E0%B8%B7%E0%B9%89%E0%B8%AD/%E0%B8%A3%E0%B8%B1%E0%B8%9A%E0%B8%8B%E0%B8%B7%E0%B9%89%E0%B8%AD%E0%B8%81%E0%B8%A5%E0%B9%89%E0%B8%AD%E0%B8%87-canon-%E0%B8%AD%E0%B8%B8%E0%B8%94%E0%B8%A3%E0%B8%98%E0%B8%B2%E0%B8%99%E0%B8%B5","https://amphon.co.th/รับซื้อ/รับซื้อกล้อง-canon-อุดรธานี","Yes","PASS",""
"https://amphon.co.th/%E0%B8%A3%E0%B8%B1%E0%B8%9A%E0%B8%8B%E0%B8%B7%E0%B9%89%E0%B8%AD/%E0%B8%A3%E0%B8%B1%E0%B8%9A%E0%B8%8B%E0%B8%B7%E0%B9%89%E0%B8%AD%E0%B8%81%E0%B8%A5%E0%B9%89%E0%B8%AD%E0%B8%87-canon-%E0%B9%80%E0%B8%A5%E0%B8%A2","200","0","https://amphon.co.th/%E0%B8%A3%E0%B8%B1%E0%B8%9A%E0%B8%8B%E0%B8%B7%E0%B9%89%E0%B8%AD/%E0%B8%A3%E0%B8%B1%E0%B8%9A%E0%B8%8B%E0%B8%B7%E0%B9%89%E0%B8%AD%E0%B8%81%E0%B8%A5%E0%B9%89%E0%B8%AD%E0%B8%87-canon-%E0%B9%80%E0%B8%A5%E0%B8%A2","https://amphon.co.th/รับซื้อ/รับซื้อกล้อง-canon-เลย","Yes","PASS",""
"https://amphon.co.th/%E0%B8%A3%E0%B8%B1%E0%B8%9A%E0%B8%8B%E0%B8%B7%E0%B9%89%E0%B8%AD/%E0%B8%A3%E0%B8%B1%E0%B8%9A%E0%B8%8B%E0%B8%B7%E0%B9%89%E0%B8%AD%E0%B8%81%E0%B8%A5%E0%B9%89%E0%B8%AD%E0%B8%87-fujifilm-%E0%B8%8A%E0%B8%B1%E0%B8%A2%E0%B8%A0%E0%B8%B9%E0%B8%A1%E0%B8%B4","200","0","https://amphon.co.th/%E0%B8%A3%E0%B8%B1%E0%B8%9A%E0%B8%8B%E0%B8%B7%E0%B9%89%E0%B8%AD/%E0%B8%A3%E0%B8%B1%E0%B8%9A%E0%B8%8B%E0%B8%B7%E0%B9%89%E0%B8%AD%E0%B8%81%E0%B8%A5%E0%B9%89%E0%B8%AD%E0%B8%87-fujifilm-%E0%B8%8A%E0%B8%B1%E0%B8%A2%E0%B8%A0%E0%B8%B9%E0%B8%A1%E0%B8%B4","https://amphon.co.th/รับซื้อ/รับซื้อกล้อง-fujifilm-ชัยภูมิ","Yes","PASS",""
"https://amphon.co.th/%E0%B8%A3%E0%B8%B1%E0%B8%9A%E0%B8%8B%E0%B8%B7%E0%B9%89%E0%B8%AD/%E0%B8%A3%E0%B8%B1%E0%B8%9A%E0%B8%8B%E0%B8%B7%E0%B9%89%E0%B8%AD%E0%B8%81%E0%B8%A5%E0%B9%89%E0%B8%AD%E0%B8%87-fujifilm-%E0%B8%9A%E0%B8%B6%E0%B8%87%E0%B8%81%E0%B8%B2%E0%B8%AC","200","0","https://amphon.co.th/%E0%B8%A3%E0%B8%B1%E0%B8%9A%E0%B8%8B%E0%B8%B7%E0%B9%89%E0%B8%AD/%E0%B8%A3%E0%B8%B1%E0%B8%9A%E0%B8%8B%E0%B8%B7%E0%B9%89%E0%B8%AD%E0%B8%81%E0%B8%A5%E0%B9%89%E0%B8%AD%E0%B8%87-fujifilm-%E0%B8%9A%E0%B8%B6%E0%B8%87%E0%B8%81%E0%B8%B2%E0%B8%AC","https://amphon.co.th/รับซื้อ/รับซื้อกล้อง-fujifilm-บึงกาฬ","Yes","PASS",""
"https://amphon.co.th/%E0%B8%A3%E0%B8%B1%E0%B8%9A%E0%B8%8B%E0%B8%B7%E0%B9%89%E0%B8%AD/%E0%B8%A3%E0%B8%B1%E0%B8%9A%E0%B8%8B%E0%B8%B7%E0%B9%89%E0%B8%AD%E0%B8%81%E0%B8%A5%E0%B9%89%E0%B8%AD%E0%B8%87-fujifilm-%E0%B8%9A%E0%B8%B8%E0%B8%A3%E0%B8%B5%E0%B8%A3%E0%B8%B1%E0%B8%A1%E0%B8%A2%E0%B9%8C","200","0","https://amphon.co.th/%E0%B8%A3%E0%B8%B1%E0%B8%9A%E0%B8%8B%E0%B8%B7%E0%B9%89%E0%B8%AD/%E0%B8%A3%E0%B8%B1%E0%B8%9A%E0%B8%8B%E0%B8%B7%E0%B9%89%E0%B8%AD%E0%B8%81%E0%B8%A5%E0%B9%89%E0%B8%AD%E0%B8%87-fujifilm-%E0%B8%9A%E0%B8%B8%E0%B8%A3%E0%B8%B5%E0%B8%A3%E0%B8%B1%E0%B8%A1%E0%B8%A2%E0%B9%8C","https://amphon.co.th/รับซื้อ/รับซื้อกล้อง-fujifilm-บุรีรัมย์","Yes","PASS",""
"https://amphon.co.th/%E0%B8%A3%E0%B8%B1%E0%B8%9A%E0%B8%8B%E0%B8%B7%E0%B9%89%E0%B8%AD/%E0%B8%A3%E0%B8%B1%E0%B8%9A%E0%B8%8B%E0%B8%B7%E0%B9%89%E0%B8%AD%E0%B8%81%E0%B8%A5%E0%B9%89%E0%B8%AD%E0%B8%87-fujifilm-%E0%B8%81%E0%B8%B2%E0%B8%AC%E0%B8%AA%E0%B8%B4%E0%B8%99%E0%B8%98%E0%B8%B8%E0%B9%8C","200","0","https://amphon.co.th/%E0%B8%A3%E0%B8%B1%E0%B8%9A%E0%B8%8B%E0%B8%B7%E0%B9%89%E0%B8%AD/%E0%B8%A3%E0%B8%B1%E0%B8%9A%E0%B8%8B%E0%B8%B7%E0%B9%89%E0%B8%AD%E0%B8%81%E0%B8%A5%E0%B9%89%E0%B8%AD%E0%B8%87-fujifilm-%E0%B8%81%E0%B8%B2%E0%B8%AC%E0%B8%AA%E0%B8%B4%E0%B8%99%E0%B8%98%E0%B8%B8%E0%B9%8C","https://amphon.co.th/รับซื้อ/รับซื้อกล้อง-fujifilm-กาฬสินธุ์","Yes","PASS",""
"https://amphon.co.th/%E0%B8%A3%E0%B8%B1%E0%B8%9A%E0%B8%8B%E0%B8%B7%E0%B9%89%E0%B8%AD/%E0%B8%A3%E0%B8%B1%E0%B8%9A%E0%B8%8B%E0%B8%B7%E0%B9%89%E0%B8%AD%E0%B8%81%E0%B8%A5%E0%B9%89%E0%B8%AD%E0%B8%87-fujifilm-%E0%B8%82%E0%B8%AD%E0%B8%99%E0%B9%81%E0%B8%81%E0%B9%88%E0%B8%99","200","0","https://amphon.co.th/%E0%B8%A3%E0%B8%B1%E0%B8%9A%E0%B8%8B%E0%B8%B7%E0%B9%89%E0%B8%AD/%E0%B8%A3%E0%B8%B1%E0%B8%9A%E0%B8%8B%E0%B8%B7%E0%B9%89%E0%B8%AD%E0%B8%81%E0%B8%A5%E0%B9%89%E0%B8%AD%E0%B8%87-fujifilm-%E0%B8%82%E0%B8%AD%E0%B8%99%E0%B9%81%E0%B8%81%E0%B9%88%E0%B8%99","https://amphon.co.th/รับซื้อ/รับซื้อกล้อง-fujifilm-ขอนแก่น","Yes","PASS",""
"https://amphon.co.th/%E0%B8%A3%E0%B8%B1%E0%B8%9A%E0%B8%8B%E0%B8%B7%E0%B9%89%E0%B8%AD/%E0%B8%A3%E0%B8%B1%E0%B8%9A%E0%B8%8B%E0%B8%B7%E0%B9%89%E0%B8%AD%E0%B8%81%E0%B8%A5%E0%B9%89%E0%B8%AD%E0%B8%87-fujifilm-%E0%B8%99%E0%B8%84%E0%B8%A3%E0%B8%9E%E0%B8%99%E0%B8%A1","200","0","https://amphon.co.th/%E0%B8%A3%E0%B8%B1%E0%B8%9A%E0%B8%8B%E0%B8%B7%E0%B9%89%E0%B8%AD/%E0%B8%A3%E0%B8%B1%E0%B8%9A%E0%B8%8B%E0%B8%B7%E0%B9%89%E0%B8%AD%E0%B8%81%E0%B8%A5%E0%B9%89%E0%B8%AD%E0%B8%87-fujifilm-%E0%B8%99%E0%B8%84%E0%B8%A3%E0%B8%9E%E0%B8%99%E0%B8%A1","https://amphon.co.th/รับซื้อ/รับซื้อกล้อง-fujifilm-นครพนม","Yes","PASS",""
"https://amphon.co.th/%E0%B8%A3%E0%B8%B1%E0%B8%9A%E0%B8%8B%E0%B8%B7%E0%B9%89%E0%B8%AD/%E0%B8%A3%E0%B8%B1%E0%B8%9A%E0%B8%8B%E0%B8%B7%E0%B9%89%E0%B8%AD%E0%B8%81%E0%B8%A5%E0%B9%89%E0%B8%AD%E0%B8%87-fujifilm-%E0%B8%99%E0%B8%84%E0%B8%A3%E0%B8%A3%E0%B8%B2%E0%B8%8A%E0%B8%AA%E0%B8%B5%E0%B8%A1%E0%B8%B2","200","0","https://amphon.co.th/%E0%B8%A3%E0%B8%B1%E0%B8%9A%E0%B8%8B%E0%B8%B7%E0%B9%89%E0%B8%AD/%E0%B8%A3%E0%B8%B1%E0%B8%9A%E0%B8%8B%E0%B8%B7%E0%B9%89%E0%B8%AD%E0%B8%81%E0%B8%A5%E0%B9%89%E0%B8%AD%E0%B8%87-fujifilm-%E0%B8%99%E0%B8%84%E0%B8%A3%E0%B8%A3%E0%B8%B2%E0%B8%8A%E0%B8%AA%E0%B8%B5%E0%B8%A1%E0%B8%B2","https://amphon.co.th/รับซื้อ/รับซื้อกล้อง-fujifilm-นครราชสีมา","Yes","PASS",""
"https://amphon.co.th/%E0%B8%A3%E0%B8%B1%E0%B8%9A%E0%B8%8B%E0%B8%B7%E0%B9%89%E0%B8%AD/%E0%B8%A3%E0%B8%B1%E0%B8%9A%E0%B8%8B%E0%B8%B7%E0%B9%89%E0%B8%AD%E0%B8%81%E0%B8%A5%E0%B9%89%E0%B8%AD%E0%B8%87-fujifilm-%E0%B8%A1%E0%B8%AB%E0%B8%B2%E0%B8%AA%E0%B8%B2%E0%B8%A3%E0%B8%84%E0%B8%B2%E0%B8%A1","200","0","https://amphon.co.th/%E0%B8%A3%E0%B8%B1%E0%B8%9A%E0%B8%8B%E0%B8%B7%E0%B9%89%E0%B8%AD/%E0%B8%A3%E0%B8%B1%E0%B8%9A%E0%B8%8B%E0%B8%B7%E0%B9%89%E0%B8%AD%E0%B8%81%E0%B8%A5%E0%B9%89%E0%B8%AD%E0%B8%87-fujifilm-%E0%B8%A1%E0%B8%AB%E0%B8%B2%E0%B8%AA%E0%B8%B2%E0%B8%A3%E0%B8%84%E0%B8%B2%E0%B8%A1","https://amphon.co.th/รับซื้อ/รับซื้อกล้อง-fujifilm-มหาสารคาม","Yes","PASS",""
"https://amphon.co.th/%E0%B8%A3%E0%B8%B1%E0%B8%9A%E0%B8%8B%E0%B8%B7%E0%B9%89%E0%B8%AD/%E0%B8%A3%E0%B8%B1%E0%B8%9A%E0%B8%8B%E0%B8%B7%E0%B9%89%E0%B8%AD%E0%B8%81%E0%B8%A5%E0%B9%89%E0%B8%AD%E0%B8%87-fujifilm-%E0%B8%A1%E0%B8%B8%E0%B8%81%E0%B8%94%E0%B8%B2%E0%B8%AB%E0%B8%B2%E0%B8%A3","200","0","https://amphon.co.th/%E0%B8%A3%E0%B8%B1%E0%B8%9A%E0%B8%8B%E0%B8%B7%E0%B9%89%E0%B8%AD/%E0%B8%A3%E0%B8%B1%E0%B8%9A%E0%B8%8B%E0%B8%B7%E0%B9%89%E0%B8%AD%E0%B8%81%E0%B8%A5%E0%B9%89%E0%B8%AD%E0%B8%87-fujifilm-%E0%B8%A1%E0%B8%B8%E0%B8%81%E0%B8%94%E0%B8%B2%E0%B8%AB%E0%B8%B2%E0%B8%A3","https://amphon.co.th/รับซื้อ/รับซื้อกล้อง-fujifilm-มุกดาหาร","Yes","PASS",""
"https://amphon.co.th/%E0%B8%A3%E0%B8%B1%E0%B8%9A%E0%B8%8B%E0%B8%B7%E0%B9%89%E0%B8%AD/%E0%B8%A3%E0%B8%B1%E0%B8%9A%E0%B8%8B%E0%B8%B7%E0%B9%89%E0%B8%AD%E0%B8%81%E0%B8%A5%E0%B9%89%E0%B8%AD%E0%B8%87-fujifilm-%E0%B8%A2%E0%B9%82%E0%B8%AA%E0%B8%98%E0%B8%A3","200","0","https://amphon.co.th/%E0%B8%A3%E0%B8%B1%E0%B8%9A%E0%B8%8B%E0%B8%B7%E0%B9%89%E0%B8%AD/%E0%B8%A3%E0%B8%B1%E0%B8%9A%E0%B8%8B%E0%B8%B7%E0%B9%89%E0%B8%AD%E0%B8%81%E0%B8%A5%E0%B9%89%E0%B8%AD%E0%B8%87-fujifilm-%E0%B8%A2%E0%B9%82%E0%B8%AA%E0%B8%98%E0%B8%A3","https://amphon.co.th/รับซื้อ/รับซื้อกล้อง-fujifilm-ยโสธร","Yes","PASS",""
"https://amphon.co.th/%E0%B8%A3%E0%B8%B1%E0%B8%9A%E0%B8%8B%E0%B8%B7%E0%B9%89%E0%B8%AD/%E0%B8%A3%E0%B8%B1%E0%B8%9A%E0%B8%8B%E0%B8%B7%E0%B9%89%E0%B8%AD%E0%B8%81%E0%B8%A5%E0%B9%89%E0%B8%AD%E0%B8%87-fujifilm-%E0%B8%A3%E0%B9%89%E0%B8%AD%E0%B8%A2%E0%B9%80%E0%B8%AD%E0%B9%87%E0%B8%94","200","0","https://amphon.co.th/%E0%B8%A3%E0%B8%B1%E0%B8%9A%E0%B8%8B%E0%B8%B7%E0%B9%89%E0%B8%AD/%E0%B8%A3%E0%B8%B1%E0%B8%9A%E0%B8%8B%E0%B8%B7%E0%B9%89%E0%B8%AD%E0%B8%81%E0%B8%A5%E0%B9%89%E0%B8%AD%E0%B8%87-fujifilm-%E0%B8%A3%E0%B9%89%E0%B8%AD%E0%B8%A2%E0%B9%80%E0%B8%AD%E0%B9%87%E0%B8%94","https://amphon.co.th/รับซื้อ/รับซื้อกล้อง-fujifilm-ร้อยเอ็ด","Yes","PASS",""
"https://amphon.co.th/%E0%B8%A3%E0%B8%B1%E0%B8%9A%E0%B8%8B%E0%B8%B7%E0%B9%89%E0%B8%AD/%E0%B8%A3%E0%B8%B1%E0%B8%9A%E0%B8%8B%E0%B8%B7%E0%B9%89%E0%B8%AD%E0%B8%81%E0%B8%A5%E0%B9%89%E0%B8%AD%E0%B8%87-fujifilm-%E0%B8%A8%E0%B8%A3%E0%B8%B5%E0%B8%AA%E0%B8%B0%E0%B9%80%E0%B8%81%E0%B8%A9","200","0","https://amphon.co.th/%E0%B8%A3%E0%B8%B1%E0%B8%9A%E0%B8%8B%E0%B8%B7%E0%B9%89%E0%B8%AD/%E0%B8%A3%E0%B8%B1%E0%B8%9A%E0%B8%8B%E0%B8%B7%E0%B9%89%E0%B8%AD%E0%B8%81%E0%B8%A5%E0%B9%89%E0%B8%AD%E0%B8%87-fujifilm-%E0%B8%A8%E0%B8%A3%E0%B8%B5%E0%B8%AA%E0%B8%B0%E0%B9%80%E0%B8%81%E0%B8%A9","https://amphon.co.th/รับซื้อ/รับซื้อกล้อง-fujifilm-ศรีสะเกษ","Yes","PASS",""
"https://amphon.co.th/%E0%B8%A3%E0%B8%B1%E0%B8%9A%E0%B8%8B%E0%B8%B7%E0%B9%89%E0%B8%AD/%E0%B8%A3%E0%B8%B1%E0%B8%9A%E0%B8%8B%E0%B8%B7%E0%B9%89%E0%B8%AD%E0%B8%81%E0%B8%A5%E0%B9%89%E0%B8%AD%E0%B8%87-fujifilm-%E0%B8%AA%E0%B8%81%E0%B8%A5%E0%B8%99%E0%B8%84%E0%B8%A3","200","0","https://amphon.co.th/%E0%B8%A3%E0%B8%B1%E0%B8%9A%E0%B8%8B%E0%B8%B7%E0%B9%89%E0%B8%AD/%E0%B8%A3%E0%B8%B1%E0%B8%9A%E0%B8%8B%E0%B8%B7%E0%B9%89%E0%B8%AD%E0%B8%81%E0%B8%A5%E0%B9%89%E0%B8%AD%E0%B8%87-fujifilm-%E0%B8%AA%E0%B8%81%E0%B8%A5%E0%B8%99%E0%B8%84%E0%B8%A3","https://amphon.co.th/รับซื้อ/รับซื้อกล้อง-fujifilm-สกลนคร","Yes","PASS",""
"https://amphon.co.th/%E0%B8%A3%E0%B8%B1%E0%B8%9A%E0%B8%8B%E0%B8%B7%E0%B9%89%E0%B8%AD/%E0%B8%A3%E0%B8%B1%E0%B8%9A%E0%B8%8B%E0%B8%B7%E0%B9%89%E0%B8%AD%E0%B8%81%E0%B8%A5%E0%B9%89%E0%B8%AD%E0%B8%87-fujifilm-%E0%B8%AA%E0%B8%B8%E0%B8%A3%E0%B8%B4%E0%B8%99%E0%B8%97%E0%B8%A3%E0%B9%8C","200","0","https://amphon.co.th/%E0%B8%A3%E0%B8%B1%E0%B8%9A%E0%B8%8B%E0%B8%B7%E0%B9%89%E0%B8%AD/%E0%B8%A3%E0%B8%B1%E0%B8%9A%E0%B8%8B%E0%B8%B7%E0%B9%89%E0%B8%AD%E0%B8%81%E0%B8%A5%E0%B9%89%E0%B8%AD%E0%B8%87-fujifilm-%E0%B8%AA%E0%B8%B8%E0%B8%A3%E0%B8%B4%E0%B8%99%E0%B8%97%E0%B8%A3%E0%B9%8C","https://amphon.co.th/รับซื้อ/รับซื้อกล้อง-fujifilm-สุรินทร์","Yes","PASS",""
"https://amphon.co.th/%E0%B8%A3%E0%B8%B1%E0%B8%9A%E0%B8%8B%E0%B8%B7%E0%B9%89%E0%B8%AD/%E0%B8%A3%E0%B8%B1%E0%B8%9A%E0%B8%8B%E0%B8%B7%E0%B9%89%E0%B8%AD%E0%B8%81%E0%B8%A5%E0%B9%89%E0%B8%AD%E0%B8%87-fujifilm-%E0%B8%AB%E0%B8%99%E0%B8%AD%E0%B8%87%E0%B8%9A%E0%B8%B1%E0%B8%A7%E0%B8%A5%E0%B8%B3%E0%B8%A0%E0%B8%B9","200","0","https://amphon.co.th/%E0%B8%A3%E0%B8%B1%E0%B8%9A%E0%B8%8B%E0%B8%B7%E0%B9%89%E0%B8%AD/%E0%B8%A3%E0%B8%B1%E0%B8%9A%E0%B8%8B%E0%B8%B7%E0%B9%89%E0%B8%AD%E0%B8%81%E0%B8%A5%E0%B9%89%E0%B8%AD%E0%B8%87-fujifilm-%E0%B8%AB%E0%B8%99%E0%B8%AD%E0%B8%87%E0%B8%9A%E0%B8%B1%E0%B8%A7%E0%B8%A5%E0%B8%B3%E0%B8%A0%E0%B8%B9","https://amphon.co.th/รับซื้อ/รับซื้อกล้อง-fujifilm-หนองบัวลำภู","Yes","PASS",""
"https://amphon.co.th/%E0%B8%A3%E0%B8%B1%E0%B8%9A%E0%B8%8B%E0%B8%B7%E0%B9%89%E0%B8%AD/%E0%B8%A3%E0%B8%B1%E0%B8%9A%E0%B8%8B%E0%B8%B7%E0%B9%89%E0%B8%AD%E0%B8%81%E0%B8%A5%E0%B9%89%E0%B8%AD%E0%B8%87-fujifilm-%E0%B8%AB%E0%B8%99%E0%B8%AD%E0%B8%87%E0%B8%84%E0%B8%B2%E0%B8%A2","200","0","https://amphon.co.th/%E0%B8%A3%E0%B8%B1%E0%B8%9A%E0%B8%8B%E0%B8%B7%E0%B9%89%E0%B8%AD/%E0%B8%A3%E0%B8%B1%E0%B8%9A%E0%B8%8B%E0%B8%B7%E0%B9%89%E0%B8%AD%E0%B8%81%E0%B8%A5%E0%B9%89%E0%B8%AD%E0%B8%87-fujifilm-%E0%B8%AB%E0%B8%99%E0%B8%AD%E0%B8%87%E0%B8%84%E0%B8%B2%E0%B8%A2","https://amphon.co.th/รับซื้อ/รับซื้อกล้อง-fujifilm-หนองคาย","Yes","PASS",""
"https://amphon.co.th/%E0%B8%A3%E0%B8%B1%E0%B8%9A%E0%B8%8B%E0%B8%B7%E0%B9%89%E0%B8%AD/%E0%B8%A3%E0%B8%B1%E0%B8%9A%E0%B8%8B%E0%B8%B7%E0%B9%89%E0%B8%AD%E0%B8%81%E0%B8%A5%E0%B9%89%E0%B8%AD%E0%B8%87-fujifilm-%E0%B8%AD%E0%B8%B3%E0%B8%99%E0%B8%B2%E0%B8%88%E0%B9%80%E0%B8%88%E0%B8%A3%E0%B8%B4%E0%B8%8D","200","0","https://amphon.co.th/%E0%B8%A3%E0%B8%B1%E0%B8%9A%E0%B8%8B%E0%B8%B7%E0%B9%89%E0%B8%AD/%E0%B8%A3%E0%B8%B1%E0%B8%9A%E0%B8%8B%E0%B8%B7%E0%B9%89%E0%B8%AD%E0%B8%81%E0%B8%A5%E0%B9%89%E0%B8%AD%E0%B8%87-fujifilm-%E0%B8%AD%E0%B8%B3%E0%B8%99%E0%B8%B2%E0%B8%88%E0%B9%80%E0%B8%88%E0%B8%A3%E0%B8%B4%E0%B8%8D","https://amphon.co.th/รับซื้อ/รับซื้อกล้อง-fujifilm-อำนาจเจริญ","Yes","PASS",""
"https://amphon.co.th/%E0%B8%A3%E0%B8%B1%E0%B8%9A%E0%B8%8B%E0%B8%B7%E0%B9%89%E0%B8%AD/%E0%B8%A3%E0%B8%B1%E0%B8%9A%E0%B8%8B%E0%B8%B7%E0%B9%89%E0%B8%AD%E0%B8%81%E0%B8%A5%E0%B9%89%E0%B8%AD%E0%B8%87-fujifilm-%E0%B8%AD%E0%B8%B8%E0%B8%9A%E0%B8%A5%E0%B8%A3%E0%B8%B2%E0%B8%8A%E0%B8%98%E0%B8%B2%E0%B8%99%E0%B8%B5","200","0","https://amphon.co.th/%E0%B8%A3%E0%B8%B1%E0%B8%9A%E0%B8%8B%E0%B8%B7%E0%B9%89%E0%B8%AD/%E0%B8%A3%E0%B8%B1%E0%B8%9A%E0%B8%8B%E0%B8%B7%E0%B9%89%E0%B8%AD%E0%B8%81%E0%B8%A5%E0%B9%89%E0%B8%AD%E0%B8%87-fujifilm-%E0%B8%AD%E0%B8%B8%E0%B8%9A%E0%B8%A5%E0%B8%A3%E0%B8%B2%E0%B8%8A%E0%B8%98%E0%B8%B2%E0%B8%99%E0%B8%B5","https://amphon.co.th/รับซื้อ/รับซื้อกล้อง-fujifilm-อุบลราชธานี","Yes","PASS",""
"https://amphon.co.th/%E0%B8%A3%E0%B8%B1%E0%B8%9A%E0%B8%8B%E0%B8%B7%E0%B9%89%E0%B8%AD/%E0%B8%A3%E0%B8%B1%E0%B8%9A%E0%B8%8B%E0%B8%B7%E0%B9%89%E0%B8%AD%E0%B8%81%E0%B8%A5%E0%B9%89%E0%B8%AD%E0%B8%87-fujifilm-%E0%B8%AD%E0%B8%B8%E0%B8%94%E0%B8%A3%E0%B8%98%E0%B8%B2%E0%B8%99%E0%B8%B5","200","0","https://amphon.co.th/%E0%B8%A3%E0%B8%B1%E0%B8%9A%E0%B8%8B%E0%B8%B7%E0%B9%89%E0%B8%AD/%E0%B8%A3%E0%B8%B1%E0%B8%9A%E0%B8%8B%E0%B8%B7%E0%B9%89%E0%B8%AD%E0%B8%81%E0%B8%A5%E0%B9%89%E0%B8%AD%E0%B8%87-fujifilm-%E0%B8%AD%E0%B8%B8%E0%B8%94%E0%B8%A3%E0%B8%98%E0%B8%B2%E0%B8%99%E0%B8%B5","https://amphon.co.th/รับซื้อ/รับซื้อกล้อง-fujifilm-อุดรธานี","Yes","PASS",""
"https://amphon.co.th/%E0%B8%A3%E0%B8%B1%E0%B8%9A%E0%B8%8B%E0%B8%B7%E0%B9%89%E0%B8%AD/%E0%B8%A3%E0%B8%B1%E0%B8%9A%E0%B8%8B%E0%B8%B7%E0%B9%89%E0%B8%AD%E0%B8%81%E0%B8%A5%E0%B9%89%E0%B8%AD%E0%B8%87-fujifilm-%E0%B9%80%E0%B8%A5%E0%B8%A2","200","0","https://amphon.co.th/%E0%B8%A3%E0%B8%B1%E0%B8%9A%E0%B8%8B%E0%B8%B7%E0%B9%89%E0%B8%AD/%E0%B8%A3%E0%B8%B1%E0%B8%9A%E0%B8%8B%E0%B8%B7%E0%B9%89%E0%B8%AD%E0%B8%81%E0%B8%A5%E0%B9%89%E0%B8%AD%E0%B8%87-fujifilm-%E0%B9%80%E0%B8%A5%E0%B8%A2","https://amphon.co.th/รับซื้อ/รับซื้อกล้อง-fujifilm-เลย","Yes","PASS",""
"https://amphon.co.th/%E0%B8%A3%E0%B8%B1%E0%B8%9A%E0%B8%8B%E0%B8%B7%E0%B9%89%E0%B8%AD/%E0%B8%A3%E0%B8%B1%E0%B8%9A%E0%B8%8B%E0%B8%B7%E0%B9%89%E0%B8%AD%E0%B8%81%E0%B8%A5%E0%B9%89%E0%B8%AD%E0%B8%87-sony-%E0%B8%8A%E0%B8%B1%E0%B8%A2%E0%B8%A0%E0%B8%B9%E0%B8%A1%E0%B8%B4","200","0","https://amphon.co.th/%E0%B8%A3%E0%B8%B1%E0%B8%9A%E0%B8%8B%E0%B8%B7%E0%B9%89%E0%B8%AD/%E0%B8%A3%E0%B8%B1%E0%B8%9A%E0%B8%8B%E0%B8%B7%E0%B9%89%E0%B8%AD%E0%B8%81%E0%B8%A5%E0%B9%89%E0%B8%AD%E0%B8%87-sony-%E0%B8%8A%E0%B8%B1%E0%B8%A2%E0%B8%A0%E0%B8%B9%E0%B8%A1%E0%B8%B4","https://amphon.co.th/รับซื้อ/รับซื้อกล้อง-sony-ชัยภูมิ","Yes","PASS",""
"https://amphon.co.th/%E0%B8%A3%E0%B8%B1%E0%B8%9A%E0%B8%8B%E0%B8%B7%E0%B9%89%E0%B8%AD/%E0%B8%A3%E0%B8%B1%E0%B8%9A%E0%B8%8B%E0%B8%B7%E0%B9%89%E0%B8%AD%E0%B8%81%E0%B8%A5%E0%B9%89%E0%B8%AD%E0%B8%87-sony-%E0%B8%9A%E0%B8%B6%E0%B8%87%E0%B8%81%E0%B8%B2%E0%B8%AC","200","0","https://amphon.co.th/%E0%B8%A3%E0%B8%B1%E0%B8%9A%E0%B8%8B%E0%B8%B7%E0%B9%89%E0%B8%AD/%E0%B8%A3%E0%B8%B1%E0%B8%9A%E0%B8%8B%E0%B8%B7%E0%B9%89%E0%B8%AD%E0%B8%81%E0%B8%A5%E0%B9%89%E0%B8%AD%E0%B8%87-sony-%E0%B8%9A%E0%B8%B6%E0%B8%87%E0%B8%81%E0%B8%B2%E0%B8%AC","https://amphon.co.th/รับซื้อ/รับซื้อกล้อง-sony-บึงกาฬ","Yes","PASS",""
"https://amphon.co.th/%E0%B8%A3%E0%B8%B1%E0%B8%9A%E0%B8%8B%E0%B8%B7%E0%B9%89%E0%B8%AD/%E0%B8%A3%E0%B8%B1%E0%B8%9A%E0%B8%8B%E0%B8%B7%E0%B9%89%E0%B8%AD%E0%B8%81%E0%B8%A5%E0%B9%89%E0%B8%AD%E0%B8%87-sony-%E0%B8%9A%E0%B8%B8%E0%B8%A3%E0%B8%B5%E0%B8%A3%E0%B8%B1%E0%B8%A1%E0%B8%A2%E0%B9%8C","200","0","https://amphon.co.th/%E0%B8%A3%E0%B8%B1%E0%B8%9A%E0%B8%8B%E0%B8%B7%E0%B9%89%E0%B8%AD/%E0%B8%A3%E0%B8%B1%E0%B8%9A%E0%B8%8B%E0%B8%B7%E0%B9%89%E0%B8%AD%E0%B8%81%E0%B8%A5%E0%B9%89%E0%B8%AD%E0%B8%87-sony-%E0%B8%9A%E0%B8%B8%E0%B8%A3%E0%B8%B5%E0%B8%A3%E0%B8%B1%E0%B8%A1%E0%B8%A2%E0%B9%8C","https://amphon.co.th/รับซื้อ/รับซื้อกล้อง-sony-บุรีรัมย์","Yes","PASS",""
"https://amphon.co.th/%E0%B8%A3%E0%B8%B1%E0%B8%9A%E0%B8%8B%E0%B8%B7%E0%B9%89%E0%B8%AD/%E0%B8%A3%E0%B8%B1%E0%B8%9A%E0%B8%8B%E0%B8%B7%E0%B9%89%E0%B8%AD%E0%B8%81%E0%B8%A5%E0%B9%89%E0%B8%AD%E0%B8%87-sony-%E0%B8%81%E0%B8%B2%E0%B8%AC%E0%B8%AA%E0%B8%B4%E0%B8%99%E0%B8%98%E0%B8%B8%E0%B9%8C","200","0","https://amphon.co.th/%E0%B8%A3%E0%B8%B1%E0%B8%9A%E0%B8%8B%E0%B8%B7%E0%B9%89%E0%B8%AD/%E0%B8%A3%E0%B8%B1%E0%B8%9A%E0%B8%8B%E0%B8%B7%E0%B9%89%E0%B8%AD%E0%B8%81%E0%B8%A5%E0%B9%89%E0%B8%AD%E0%B8%87-sony-%E0%B8%81%E0%B8%B2%E0%B8%AC%E0%B8%AA%E0%B8%B4%E0%B8%99%E0%B8%98%E0%B8%B8%E0%B9%8C","https://amphon.co.th/รับซื้อ/รับซื้อกล้อง-sony-กาฬสินธุ์","Yes","PASS",""
"https://amphon.co.th/%E0%B8%A3%E0%B8%B1%E0%B8%9A%E0%B8%8B%E0%B8%B7%E0%B9%89%E0%B8%AD/%E0%B8%A3%E0%B8%B1%E0%B8%9A%E0%B8%8B%E0%B8%B7%E0%B9%89%E0%B8%AD%E0%B8%81%E0%B8%A5%E0%B9%89%E0%B8%AD%E0%B8%87-sony-%E0%B8%82%E0%B8%AD%E0%B8%99%E0%B9%81%E0%B8%81%E0%B9%88%E0%B8%99","200","0","https://amphon.co.th/%E0%B8%A3%E0%B8%B1%E0%B8%9A%E0%B8%8B%E0%B8%B7%E0%B9%89%E0%B8%AD/%E0%B8%A3%E0%B8%B1%E0%B8%9A%E0%B8%8B%E0%B8%B7%E0%B9%89%E0%B8%AD%E0%B8%81%E0%B8%A5%E0%B9%89%E0%B8%AD%E0%B8%87-sony-%E0%B8%82%E0%B8%AD%E0%B8%99%E0%B9%81%E0%B8%81%E0%B9%88%E0%B8%99","https://amphon.co.th/รับซื้อ/รับซื้อกล้อง-sony-ขอนแก่น","Yes","PASS",""
"https://amphon.co.th/%E0%B8%A3%E0%B8%B1%E0%B8%9A%E0%B8%8B%E0%B8%B7%E0%B9%89%E0%B8%AD/%E0%B8%A3%E0%B8%B1%E0%B8%9A%E0%B8%8B%E0%B8%B7%E0%B9%89%E0%B8%AD%E0%B8%81%E0%B8%A5%E0%B9%89%E0%B8%AD%E0%B8%87-sony-%E0%B8%99%E0%B8%84%E0%B8%A3%E0%B8%9E%E0%B8%99%E0%B8%A1","200","0","https://amphon.co.th/%E0%B8%A3%E0%B8%B1%E0%B8%9A%E0%B8%8B%E0%B8%B7%E0%B9%89%E0%B8%AD/%E0%B8%A3%E0%B8%B1%E0%B8%9A%E0%B8%8B%E0%B8%B7%E0%B9%89%E0%B8%AD%E0%B8%81%E0%B8%A5%E0%B9%89%E0%B8%AD%E0%B8%87-sony-%E0%B8%99%E0%B8%84%E0%B8%A3%E0%B8%9E%E0%B8%99%E0%B8%A1","https://amphon.co.th/รับซื้อ/รับซื้อกล้อง-sony-นครพนม","Yes","PASS",""
"https://amphon.co.th/%E0%B8%A3%E0%B8%B1%E0%B8%9A%E0%B8%8B%E0%B8%B7%E0%B9%89%E0%B8%AD/%E0%B8%A3%E0%B8%B1%E0%B8%9A%E0%B8%8B%E0%B8%B7%E0%B9%89%E0%B8%AD%E0%B8%81%E0%B8%A5%E0%B9%89%E0%B8%AD%E0%B8%87-sony-%E0%B8%99%E0%B8%84%E0%B8%A3%E0%B8%A3%E0%B8%B2%E0%B8%8A%E0%B8%AA%E0%B8%B5%E0%B8%A1%E0%B8%B2","200","0","https://amphon.co.th/%E0%B8%A3%E0%B8%B1%E0%B8%9A%E0%B8%8B%E0%B8%B7%E0%B9%89%E0%B8%AD/%E0%B8%A3%E0%B8%B1%E0%B8%9A%E0%B8%8B%E0%B8%B7%E0%B9%89%E0%B8%AD%E0%B8%81%E0%B8%A5%E0%B9%89%E0%B8%AD%E0%B8%87-sony-%E0%B8%99%E0%B8%84%E0%B8%A3%E0%B8%A3%E0%B8%B2%E0%B8%8A%E0%B8%AA%E0%B8%B5%E0%B8%A1%E0%B8%B2","https://amphon.co.th/รับซื้อ/รับซื้อกล้อง-sony-นครราชสีมา","Yes","PASS",""
"https://amphon.co.th/%E0%B8%A3%E0%B8%B1%E0%B8%9A%E0%B8%8B%E0%B8%B7%E0%B9%89%E0%B8%AD/%E0%B8%A3%E0%B8%B1%E0%B8%9A%E0%B8%8B%E0%B8%B7%E0%B9%89%E0%B8%AD%E0%B8%81%E0%B8%A5%E0%B9%89%E0%B8%AD%E0%B8%87-sony-%E0%B8%A1%E0%B8%AB%E0%B8%B2%E0%B8%AA%E0%B8%B2%E0%B8%A3%E0%B8%84%E0%B8%B2%E0%B8%A1","200","0","https://amphon.co.th/%E0%B8%A3%E0%B8%B1%E0%B8%9A%E0%B8%8B%E0%B8%B7%E0%B9%89%E0%B8%AD/%E0%B8%A3%E0%B8%B1%E0%B8%9A%E0%B8%8B%E0%B8%B7%E0%B9%89%E0%B8%AD%E0%B8%81%E0%B8%A5%E0%B9%89%E0%B8%AD%E0%B8%87-sony-%E0%B8%A1%E0%B8%AB%E0%B8%B2%E0%B8%AA%E0%B8%B2%E0%B8%A3%E0%B8%84%E0%B8%B2%E0%B8%A1","https://amphon.co.th/รับซื้อ/รับซื้อกล้อง-sony-มหาสารคาม","Yes","PASS",""
"https://amphon.co.th/%E0%B8%A3%E0%B8%B1%E0%B8%9A%E0%B8%8B%E0%B8%B7%E0%B9%89%E0%B8%AD/%E0%B8%A3%E0%B8%B1%E0%B8%9A%E0%B8%8B%E0%B8%B7%E0%B9%89%E0%B8%AD%E0%B8%81%E0%B8%A5%E0%B9%89%E0%B8%AD%E0%B8%87-sony-%E0%B8%A1%E0%B8%B8%E0%B8%81%E0%B8%94%E0%B8%B2%E0%B8%AB%E0%B8%B2%E0%B8%A3","200","0","https://amphon.co.th/%E0%B8%A3%E0%B8%B1%E0%B8%9A%E0%B8%8B%E0%B8%B7%E0%B9%89%E0%B8%AD/%E0%B8%A3%E0%B8%B1%E0%B8%9A%E0%B8%8B%E0%B8%B7%E0%B9%89%E0%B8%AD%E0%B8%81%E0%B8%A5%E0%B9%89%E0%B8%AD%E0%B8%87-sony-%E0%B8%A1%E0%B8%B8%E0%B8%81%E0%B8%94%E0%B8%B2%E0%B8%AB%E0%B8%B2%E0%B8%A3","https://amphon.co.th/รับซื้อ/รับซื้อกล้อง-sony-มุกดาหาร","Yes","PASS",""
"https://amphon.co.th/%E0%B8%A3%E0%B8%B1%E0%B8%9A%E0%B8%8B%E0%B8%B7%E0%B9%89%E0%B8%AD/%E0%B8%A3%E0%B8%B1%E0%B8%9A%E0%B8%8B%E0%B8%B7%E0%B9%89%E0%B8%AD%E0%B8%81%E0%B8%A5%E0%B9%89%E0%B8%AD%E0%B8%87-sony-%E0%B8%A2%E0%B9%82%E0%B8%AA%E0%B8%98%E0%B8%A3","200","0","https://amphon.co.th/%E0%B8%A3%E0%B8%B1%E0%B8%9A%E0%B8%8B%E0%B8%B7%E0%B9%89%E0%B8%AD/%E0%B8%A3%E0%B8%B1%E0%B8%9A%E0%B8%8B%E0%B8%B7%E0%B9%89%E0%B8%AD%E0%B8%81%E0%B8%A5%E0%B9%89%E0%B8%AD%E0%B8%87-sony-%E0%B8%A2%E0%B9%82%E0%B8%AA%E0%B8%98%E0%B8%A3","https://amphon.co.th/รับซื้อ/รับซื้อกล้อง-sony-ยโสธร","Yes","PASS",""
"https://amphon.co.th/%E0%B8%A3%E0%B8%B1%E0%B8%9A%E0%B8%8B%E0%B8%B7%E0%B9%89%E0%B8%AD/%E0%B8%A3%E0%B8%B1%E0%B8%9A%E0%B8%8B%E0%B8%B7%E0%B9%89%E0%B8%AD%E0%B8%81%E0%B8%A5%E0%B9%89%E0%B8%AD%E0%B8%87-sony-%E0%B8%A3%E0%B9%89%E0%B8%AD%E0%B8%A2%E0%B9%80%E0%B8%AD%E0%B9%87%E0%B8%94","200","0","https://amphon.co.th/%E0%B8%A3%E0%B8%B1%E0%B8%9A%E0%B8%8B%E0%B8%B7%E0%B9%89%E0%B8%AD/%E0%B8%A3%E0%B8%B1%E0%B8%9A%E0%B8%8B%E0%B8%B7%E0%B9%89%E0%B8%AD%E0%B8%81%E0%B8%A5%E0%B9%89%E0%B8%AD%E0%B8%87-sony-%E0%B8%A3%E0%B9%89%E0%B8%AD%E0%B8%A2%E0%B9%80%E0%B8%AD%E0%B9%87%E0%B8%94","https://amphon.co.th/รับซื้อ/รับซื้อกล้อง-sony-ร้อยเอ็ด","Yes","PASS",""
"https://amphon.co.th/%E0%B8%A3%E0%B8%B1%E0%B8%9A%E0%B8%8B%E0%B8%B7%E0%B9%89%E0%B8%AD/%E0%B8%A3%E0%B8%B1%E0%B8%9A%E0%B8%8B%E0%B8%B7%E0%B9%89%E0%B8%AD%E0%B8%81%E0%B8%A5%E0%B9%89%E0%B8%AD%E0%B8%87-sony-%E0%B8%A8%E0%B8%A3%E0%B8%B5%E0%B8%AA%E0%B8%B0%E0%B9%80%E0%B8%81%E0%B8%A9","200","0","https://amphon.co.th/%E0%B8%A3%E0%B8%B1%E0%B8%9A%E0%B8%8B%E0%B8%B7%E0%B9%89%E0%B8%AD/%E0%B8%A3%E0%B8%B1%E0%B8%9A%E0%B8%8B%E0%B8%B7%E0%B9%89%E0%B8%AD%E0%B8%81%E0%B8%A5%E0%B9%89%E0%B8%AD%E0%B8%87-sony-%E0%B8%A8%E0%B8%A3%E0%B8%B5%E0%B8%AA%E0%B8%B0%E0%B9%80%E0%B8%81%E0%B8%A9","https://amphon.co.th/รับซื้อ/รับซื้อกล้อง-sony-ศรีสะเกษ","Yes","PASS",""
"https://amphon.co.th/%E0%B8%A3%E0%B8%B1%E0%B8%9A%E0%B8%8B%E0%B8%B7%E0%B9%89%E0%B8%AD/%E0%B8%A3%E0%B8%B1%E0%B8%9A%E0%B8%8B%E0%B8%B7%E0%B9%89%E0%B8%AD%E0%B8%81%E0%B8%A5%E0%B9%89%E0%B8%AD%E0%B8%87-sony-%E0%B8%AA%E0%B8%81%E0%B8%A5%E0%B8%99%E0%B8%84%E0%B8%A3","200","0","https://amphon.co.th/%E0%B8%A3%E0%B8%B1%E0%B8%9A%E0%B8%8B%E0%B8%B7%E0%B9%89%E0%B8%AD/%E0%B8%A3%E0%B8%B1%E0%B8%9A%E0%B8%8B%E0%B8%B7%E0%B9%89%E0%B8%AD%E0%B8%81%E0%B8%A5%E0%B9%89%E0%B8%AD%E0%B8%87-sony-%E0%B8%AA%E0%B8%81%E0%B8%A5%E0%B8%99%E0%B8%84%E0%B8%A3","https://amphon.co.th/รับซื้อ/รับซื้อกล้อง-sony-สกลนคร","Yes","PASS",""
"https://amphon.co.th/%E0%B8%A3%E0%B8%B1%E0%B8%9A%E0%B8%8B%E0%B8%B7%E0%B9%89%E0%B8%AD/%E0%B8%A3%E0%B8%B1%E0%B8%9A%E0%B8%8B%E0%B8%B7%E0%B9%89%E0%B8%AD%E0%B8%81%E0%B8%A5%E0%B9%89%E0%B8%AD%E0%B8%87-sony-%E0%B8%AA%E0%B8%B8%E0%B8%A3%E0%B8%B4%E0%B8%99%E0%B8%97%E0%B8%A3%E0%B9%8C","200","0","https://amphon.co.th/%E0%B8%A3%E0%B8%B1%E0%B8%9A%E0%B8%8B%E0%B8%B7%E0%B9%89%E0%B8%AD/%E0%B8%A3%E0%B8%B1%E0%B8%9A%E0%B8%8B%E0%B8%B7%E0%B9%89%E0%B8%AD%E0%B8%81%E0%B8%A5%E0%B9%89%E0%B8%AD%E0%B8%87-sony-%E0%B8%AA%E0%B8%B8%E0%B8%A3%E0%B8%B4%E0%B8%99%E0%B8%97%E0%B8%A3%E0%B9%8C","https://amphon.co.th/รับซื้อ/รับซื้อกล้อง-sony-สุรินทร์","Yes","PASS",""
"https://amphon.co.th/%E0%B8%A3%E0%B8%B1%E0%B8%9A%E0%B8%8B%E0%B8%B7%E0%B9%89%E0%B8%AD/%E0%B8%A3%E0%B8%B1%E0%B8%9A%E0%B8%8B%E0%B8%B7%E0%B9%89%E0%B8%AD%E0%B8%81%E0%B8%A5%E0%B9%89%E0%B8%AD%E0%B8%87-sony-%E0%B8%AB%E0%B8%99%E0%B8%AD%E0%B8%87%E0%B8%9A%E0%B8%B1%E0%B8%A7%E0%B8%A5%E0%B8%B3%E0%B8%A0%E0%B8%B9","200","0","https://amphon.co.th/%E0%B8%A3%E0%B8%B1%E0%B8%9A%E0%B8%8B%E0%B8%B7%E0%B9%89%E0%B8%AD/%E0%B8%A3%E0%B8%B1%E0%B8%9A%E0%B8%8B%E0%B8%B7%E0%B9%89%E0%B8%AD%E0%B8%81%E0%B8%A5%E0%B9%89%E0%B8%AD%E0%B8%87-sony-%E0%B8%AB%E0%B8%99%E0%B8%AD%E0%B8%87%E0%B8%9A%E0%B8%B1%E0%B8%A7%E0%B8%A5%E0%B8%B3%E0%B8%A0%E0%B8%B9","https://amphon.co.th/รับซื้อ/รับซื้อกล้อง-sony-หนองบัวลำภู","Yes","PASS",""
"https://amphon.co.th/%E0%B8%A3%E0%B8%B1%E0%B8%9A%E0%B8%8B%E0%B8%B7%E0%B9%89%E0%B8%AD/%E0%B8%A3%E0%B8%B1%E0%B8%9A%E0%B8%8B%E0%B8%B7%E0%B9%89%E0%B8%AD%E0%B8%81%E0%B8%A5%E0%B9%89%E0%B8%AD%E0%B8%87-sony-%E0%B8%AB%E0%B8%99%E0%B8%AD%E0%B8%87%E0%B8%84%E0%B8%B2%E0%B8%A2","200","0","https://amphon.co.th/%E0%B8%A3%E0%B8%B1%E0%B8%9A%E0%B8%8B%E0%B8%B7%E0%B9%89%E0%B8%AD/%E0%B8%A3%E0%B8%B1%E0%B8%9A%E0%B8%8B%E0%B8%B7%E0%B9%89%E0%B8%AD%E0%B8%81%E0%B8%A5%E0%B9%89%E0%B8%AD%E0%B8%87-sony-%E0%B8%AB%E0%B8%99%E0%B8%AD%E0%B8%87%E0%B8%84%E0%B8%B2%E0%B8%A2","https://amphon.co.th/รับซื้อ/รับซื้อกล้อง-sony-หนองคาย","Yes","PASS",""
"https://amphon.co.th/%E0%B8%A3%E0%B8%B1%E0%B8%9A%E0%B8%8B%E0%B8%B7%E0%B9%89%E0%B8%AD/%E0%B8%A3%E0%B8%B1%E0%B8%9A%E0%B8%8B%E0%B8%B7%E0%B9%89%E0%B8%AD%E0%B8%81%E0%B8%A5%E0%B9%89%E0%B8%AD%E0%B8%87-sony-%E0%B8%AD%E0%B8%B3%E0%B8%99%E0%B8%B2%E0%B8%88%E0%B9%80%E0%B8%88%E0%B8%A3%E0%B8%B4%E0%B8%8D","200","0","https://amphon.co.th/%E0%B8%A3%E0%B8%B1%E0%B8%9A%E0%B8%8B%E0%B8%B7%E0%B9%89%E0%B8%AD/%E0%B8%A3%E0%B8%B1%E0%B8%9A%E0%B8%8B%E0%B8%B7%E0%B9%89%E0%B8%AD%E0%B8%81%E0%B8%A5%E0%B9%89%E0%B8%AD%E0%B8%87-sony-%E0%B8%AD%E0%B8%B3%E0%B8%99%E0%B8%B2%E0%B8%88%E0%B9%80%E0%B8%88%E0%B8%A3%E0%B8%B4%E0%B8%8D","https://amphon.co.th/รับซื้อ/รับซื้อกล้อง-sony-อำนาจเจริญ","Yes","PASS",""
"https://amphon.co.th/%E0%B8%A3%E0%B8%B1%E0%B8%9A%E0%B8%8B%E0%B8%B7%E0%B9%89%E0%B8%AD/%E0%B8%A3%E0%B8%B1%E0%B8%9A%E0%B8%8B%E0%B8%B7%E0%B9%89%E0%B8%AD%E0%B8%81%E0%B8%A5%E0%B9%89%E0%B8%AD%E0%B8%87-sony-%E0%B8%AD%E0%B8%B8%E0%B8%9A%E0%B8%A5%E0%B8%A3%E0%B8%B2%E0%B8%8A%E0%B8%98%E0%B8%B2%E0%B8%99%E0%B8%B5","200","0","https://amphon.co.th/%E0%B8%A3%E0%B8%B1%E0%B8%9A%E0%B8%8B%E0%B8%B7%E0%B9%89%E0%B8%AD/%E0%B8%A3%E0%B8%B1%E0%B8%9A%E0%B8%8B%E0%B8%B7%E0%B9%89%E0%B8%AD%E0%B8%81%E0%B8%A5%E0%B9%89%E0%B8%AD%E0%B8%87-sony-%E0%B8%AD%E0%B8%B8%E0%B8%9A%E0%B8%A5%E0%B8%A3%E0%B8%B2%E0%B8%8A%E0%B8%98%E0%B8%B2%E0%B8%99%E0%B8%B5","https://amphon.co.th/รับซื้อ/รับซื้อกล้อง-sony-อุบลราชธานี","Yes","PASS",""
"https://amphon.co.th/%E0%B8%A3%E0%B8%B1%E0%B8%9A%E0%B8%8B%E0%B8%B7%E0%B9%89%E0%B8%AD/%E0%B8%A3%E0%B8%B1%E0%B8%9A%E0%B8%8B%E0%B8%B7%E0%B9%89%E0%B8%AD%E0%B8%81%E0%B8%A5%E0%B9%89%E0%B8%AD%E0%B8%87-sony-%E0%B8%AD%E0%B8%B8%E0%B8%94%E0%B8%A3%E0%B8%98%E0%B8%B2%E0%B8%99%E0%B8%B5","200","0","https://amphon.co.th/%E0%B8%A3%E0%B8%B1%E0%B8%9A%E0%B8%8B%E0%B8%B7%E0%B9%89%E0%B8%AD/%E0%B8%A3%E0%B8%B1%E0%B8%9A%E0%B8%8B%E0%B8%B7%E0%B9%89%E0%B8%AD%E0%B8%81%E0%B8%A5%E0%B9%89%E0%B8%AD%E0%B8%87-sony-%E0%B8%AD%E0%B8%B8%E0%B8%94%E0%B8%A3%E0%B8%98%E0%B8%B2%E0%B8%99%E0%B8%B5","https://amphon.co.th/รับซื้อ/รับซื้อกล้อง-sony-อุดรธานี","Yes","PASS",""
"https://amphon.co.th/%E0%B8%A3%E0%B8%B1%E0%B8%9A%E0%B8%8B%E0%B8%B7%E0%B9%89%E0%B8%AD/%E0%B8%A3%E0%B8%B1%E0%B8%9A%E0%B8%8B%E0%B8%B7%E0%B9%89%E0%B8%AD%E0%B8%81%E0%B8%A5%E0%B9%89%E0%B8%AD%E0%B8%87-sony-%E0%B9%80%E0%B8%A5%E0%B8%A2","200","0","https://amphon.co.th/%E0%B8%A3%E0%B8%B1%E0%B8%9A%E0%B8%8B%E0%B8%B7%E0%B9%89%E0%B8%AD/%E0%B8%A3%E0%B8%B1%E0%B8%9A%E0%B8%8B%E0%B8%B7%E0%B9%89%E0%B8%AD%E0%B8%81%E0%B8%A5%E0%B9%89%E0%B8%AD%E0%B8%87-sony-%E0%B9%80%E0%B8%A5%E0%B8%A2","https://amphon.co.th/รับซื้อ/รับซื้อกล้อง-sony-เลย","Yes","PASS",""
"https://amphon.co.th/%E0%B8%A3%E0%B8%B1%E0%B8%9A%E0%B8%8B%E0%B8%B7%E0%B9%89%E0%B8%AD/%E0%B8%A3%E0%B8%B1%E0%B8%9A%E0%B8%8B%E0%B8%B7%E0%B9%89%E0%B8%AD%E0%B8%81%E0%B8%B2%E0%B8%A3%E0%B9%8C%E0%B8%94%E0%B8%88%E0%B8%AD-%E0%B8%8A%E0%B8%B1%E0%B8%A2%E0%B8%A0%E0%B8%B9%E0%B8%A1%E0%B8%B4","200","0","https://amphon.co.th/%E0%B8%A3%E0%B8%B1%E0%B8%9A%E0%B8%8B%E0%B8%B7%E0%B9%89%E0%B8%AD/%E0%B8%A3%E0%B8%B1%E0%B8%9A%E0%B8%8B%E0%B8%B7%E0%B9%89%E0%B8%AD%E0%B8%81%E0%B8%B2%E0%B8%A3%E0%B9%8C%E0%B8%94%E0%B8%88%E0%B8%AD-%E0%B8%8A%E0%B8%B1%E0%B8%A2%E0%B8%A0%E0%B8%B9%E0%B8%A1%E0%B8%B4","https://amphon.co.th/รับซื้อ/รับซื้อการ์ดจอ-ชัยภูมิ","Yes","PASS",""
"https://amphon.co.th/%E0%B8%A3%E0%B8%B1%E0%B8%9A%E0%B8%8B%E0%B8%B7%E0%B9%89%E0%B8%AD/%E0%B8%A3%E0%B8%B1%E0%B8%9A%E0%B8%8B%E0%B8%B7%E0%B9%89%E0%B8%AD%E0%B8%81%E0%B8%B2%E0%B8%A3%E0%B9%8C%E0%B8%94%E0%B8%88%E0%B8%AD-%E0%B8%9A%E0%B8%B6%E0%B8%87%E0%B8%81%E0%B8%B2%E0%B8%AC","200","0","https://amphon.co.th/%E0%B8%A3%E0%B8%B1%E0%B8%9A%E0%B8%8B%E0%B8%B7%E0%B9%89%E0%B8%AD/%E0%B8%A3%E0%B8%B1%E0%B8%9A%E0%B8%8B%E0%B8%B7%E0%B9%89%E0%B8%AD%E0%B8%81%E0%B8%B2%E0%B8%A3%E0%B9%8C%E0%B8%94%E0%B8%88%E0%B8%AD-%E0%B8%9A%E0%B8%B6%E0%B8%87%E0%B8%81%E0%B8%B2%E0%B8%AC","https://amphon.co.th/รับซื้อ/รับซื้อการ์ดจอ-บึงกาฬ","Yes","PASS",""
"https://amphon.co.th/%E0%B8%A3%E0%B8%B1%E0%B8%9A%E0%B8%8B%E0%B8%B7%E0%B9%89%E0%B8%AD/%E0%B8%A3%E0%B8%B1%E0%B8%9A%E0%B8%8B%E0%B8%B7%E0%B9%89%E0%B8%AD%E0%B8%81%E0%B8%B2%E0%B8%A3%E0%B9%8C%E0%B8%94%E0%B8%88%E0%B8%AD-%E0%B8%9A%E0%B8%B8%E0%B8%A3%E0%B8%B5%E0%B8%A3%E0%B8%B1%E0%B8%A1%E0%B8%A2%E0%B9%8C","200","0","https://amphon.co.th/%E0%B8%A3%E0%B8%B1%E0%B8%9A%E0%B8%8B%E0%B8%B7%E0%B9%89%E0%B8%AD/%E0%B8%A3%E0%B8%B1%E0%B8%9A%E0%B8%8B%E0%B8%B7%E0%B9%89%E0%B8%AD%E0%B8%81%E0%B8%B2%E0%B8%A3%E0%B9%8C%E0%B8%94%E0%B8%88%E0%B8%AD-%E0%B8%9A%E0%B8%B8%E0%B8%A3%E0%B8%B5%E0%B8%A3%E0%B8%B1%E0%B8%A1%E0%B8%A2%E0%B9%8C","https://amphon.co.th/รับซื้อ/รับซื้อการ์ดจอ-บุรีรัมย์","Yes","PASS",""
"https://amphon.co.th/%E0%B8%A3%E0%B8%B1%E0%B8%9A%E0%B8%8B%E0%B8%B7%E0%B9%89%E0%B8%AD/%E0%B8%A3%E0%B8%B1%E0%B8%9A%E0%B8%8B%E0%B8%B7%E0%B9%89%E0%B8%AD%E0%B8%81%E0%B8%B2%E0%B8%A3%E0%B9%8C%E0%B8%94%E0%B8%88%E0%B8%AD-%E0%B8%81%E0%B8%B2%E0%B8%AC%E0%B8%AA%E0%B8%B4%E0%B8%99%E0%B8%98%E0%B8%B8%E0%B9%8C","200","0","https://amphon.co.th/%E0%B8%A3%E0%B8%B1%E0%B8%9A%E0%B8%8B%E0%B8%B7%E0%B9%89%E0%B8%AD/%E0%B8%A3%E0%B8%B1%E0%B8%9A%E0%B8%8B%E0%B8%B7%E0%B9%89%E0%B8%AD%E0%B8%81%E0%B8%B2%E0%B8%A3%E0%B9%8C%E0%B8%94%E0%B8%88%E0%B8%AD-%E0%B8%81%E0%B8%B2%E0%B8%AC%E0%B8%AA%E0%B8%B4%E0%B8%99%E0%B8%98%E0%B8%B8%E0%B9%8C","https://amphon.co.th/รับซื้อ/รับซื้อการ์ดจอ-กาฬสินธุ์","Yes","PASS",""
"https://amphon.co.th/%E0%B8%A3%E0%B8%B1%E0%B8%9A%E0%B8%8B%E0%B8%B7%E0%B9%89%E0%B8%AD/%E0%B8%A3%E0%B8%B1%E0%B8%9A%E0%B8%8B%E0%B8%B7%E0%B9%89%E0%B8%AD%E0%B8%81%E0%B8%B2%E0%B8%A3%E0%B9%8C%E0%B8%94%E0%B8%88%E0%B8%AD-%E0%B8%82%E0%B8%AD%E0%B8%99%E0%B9%81%E0%B8%81%E0%B9%88%E0%B8%99","200","0","https://amphon.co.th/%E0%B8%A3%E0%B8%B1%E0%B8%9A%E0%B8%8B%E0%B8%B7%E0%B9%89%E0%B8%AD/%E0%B8%A3%E0%B8%B1%E0%B8%9A%E0%B8%8B%E0%B8%B7%E0%B9%89%E0%B8%AD%E0%B8%81%E0%B8%B2%E0%B8%A3%E0%B9%8C%E0%B8%94%E0%B8%88%E0%B8%AD-%E0%B8%82%E0%B8%AD%E0%B8%99%E0%B9%81%E0%B8%81%E0%B9%88%E0%B8%99","https://amphon.co.th/รับซื้อ/รับซื้อการ์ดจอ-ขอนแก่น","Yes","PASS",""
"https://amphon.co.th/%E0%B8%A3%E0%B8%B1%E0%B8%9A%E0%B8%8B%E0%B8%B7%E0%B9%89%E0%B8%AD/%E0%B8%A3%E0%B8%B1%E0%B8%9A%E0%B8%8B%E0%B8%B7%E0%B9%89%E0%B8%AD%E0%B8%81%E0%B8%B2%E0%B8%A3%E0%B9%8C%E0%B8%94%E0%B8%88%E0%B8%AD-%E0%B8%99%E0%B8%84%E0%B8%A3%E0%B8%9E%E0%B8%99%E0%B8%A1","200","0","https://amphon.co.th/%E0%B8%A3%E0%B8%B1%E0%B8%9A%E0%B8%8B%E0%B8%B7%E0%B9%89%E0%B8%AD/%E0%B8%A3%E0%B8%B1%E0%B8%9A%E0%B8%8B%E0%B8%B7%E0%B9%89%E0%B8%AD%E0%B8%81%E0%B8%B2%E0%B8%A3%E0%B9%8C%E0%B8%94%E0%B8%88%E0%B8%AD-%E0%B8%99%E0%B8%84%E0%B8%A3%E0%B8%9E%E0%B8%99%E0%B8%A1","https://amphon.co.th/รับซื้อ/รับซื้อการ์ดจอ-นครพนม","Yes","PASS",""
"https://amphon.co.th/%E0%B8%A3%E0%B8%B1%E0%B8%9A%E0%B8%8B%E0%B8%B7%E0%B9%89%E0%B8%AD/%E0%B8%A3%E0%B8%B1%E0%B8%9A%E0%B8%8B%E0%B8%B7%E0%B9%89%E0%B8%AD%E0%B8%81%E0%B8%B2%E0%B8%A3%E0%B9%8C%E0%B8%94%E0%B8%88%E0%B8%AD-%E0%B8%99%E0%B8%84%E0%B8%A3%E0%B8%A3%E0%B8%B2%E0%B8%8A%E0%B8%AA%E0%B8%B5%E0%B8%A1%E0%B8%B2","200","0","https://amphon.co.th/%E0%B8%A3%E0%B8%B1%E0%B8%9A%E0%B8%8B%E0%B8%B7%E0%B9%89%E0%B8%AD/%E0%B8%A3%E0%B8%B1%E0%B8%9A%E0%B8%8B%E0%B8%B7%E0%B9%89%E0%B8%AD%E0%B8%81%E0%B8%B2%E0%B8%A3%E0%B9%8C%E0%B8%94%E0%B8%88%E0%B8%AD-%E0%B8%99%E0%B8%84%E0%B8%A3%E0%B8%A3%E0%B8%B2%E0%B8%8A%E0%B8%AA%E0%B8%B5%E0%B8%A1%E0%B8%B2","https://amphon.co.th/รับซื้อ/รับซื้อการ์ดจอ-นครราชสีมา","Yes","PASS",""
"https://amphon.co.th/%E0%B8%A3%E0%B8%B1%E0%B8%9A%E0%B8%8B%E0%B8%B7%E0%B9%89%E0%B8%AD/%E0%B8%A3%E0%B8%B1%E0%B8%9A%E0%B8%8B%E0%B8%B7%E0%B9%89%E0%B8%AD%E0%B8%81%E0%B8%B2%E0%B8%A3%E0%B9%8C%E0%B8%94%E0%B8%88%E0%B8%AD-%E0%B8%A1%E0%B8%AB%E0%B8%B2%E0%B8%AA%E0%B8%B2%E0%B8%A3%E0%B8%84%E0%B8%B2%E0%B8%A1","200","0","https://amphon.co.th/%E0%B8%A3%E0%B8%B1%E0%B8%9A%E0%B8%8B%E0%B8%B7%E0%B9%89%E0%B8%AD/%E0%B8%A3%E0%B8%B1%E0%B8%9A%E0%B8%8B%E0%B8%B7%E0%B9%89%E0%B8%AD%E0%B8%81%E0%B8%B2%E0%B8%A3%E0%B9%8C%E0%B8%94%E0%B8%88%E0%B8%AD-%E0%B8%A1%E0%B8%AB%E0%B8%B2%E0%B8%AA%E0%B8%B2%E0%B8%A3%E0%B8%84%E0%B8%B2%E0%B8%A1","https://amphon.co.th/รับซื้อ/รับซื้อการ์ดจอ-มหาสารคาม","Yes","PASS",""
"https://amphon.co.th/%E0%B8%A3%E0%B8%B1%E0%B8%9A%E0%B8%8B%E0%B8%B7%E0%B9%89%E0%B8%AD/%E0%B8%A3%E0%B8%B1%E0%B8%9A%E0%B8%8B%E0%B8%B7%E0%B9%89%E0%B8%AD%E0%B8%81%E0%B8%B2%E0%B8%A3%E0%B9%8C%E0%B8%94%E0%B8%88%E0%B8%AD-%E0%B8%A1%E0%B8%B8%E0%B8%81%E0%B8%94%E0%B8%B2%E0%B8%AB%E0%B8%B2%E0%B8%A3","200","0","https://amphon.co.th/%E0%B8%A3%E0%B8%B1%E0%B8%9A%E0%B8%8B%E0%B8%B7%E0%B9%89%E0%B8%AD/%E0%B8%A3%E0%B8%B1%E0%B8%9A%E0%B8%8B%E0%B8%B7%E0%B9%89%E0%B8%AD%E0%B8%81%E0%B8%B2%E0%B8%A3%E0%B9%8C%E0%B8%94%E0%B8%88%E0%B8%AD-%E0%B8%A1%E0%B8%B8%E0%B8%81%E0%B8%94%E0%B8%B2%E0%B8%AB%E0%B8%B2%E0%B8%A3","https://amphon.co.th/รับซื้อ/รับซื้อการ์ดจอ-มุกดาหาร","Yes","PASS",""
"https://amphon.co.th/%E0%B8%A3%E0%B8%B1%E0%B8%9A%E0%B8%8B%E0%B8%B7%E0%B9%89%E0%B8%AD/%E0%B8%A3%E0%B8%B1%E0%B8%9A%E0%B8%8B%E0%B8%B7%E0%B9%89%E0%B8%AD%E0%B8%81%E0%B8%B2%E0%B8%A3%E0%B9%8C%E0%B8%94%E0%B8%88%E0%B8%AD-%E0%B8%A2%E0%B9%82%E0%B8%AA%E0%B8%98%E0%B8%A3","200","0","https://amphon.co.th/%E0%B8%A3%E0%B8%B1%E0%B8%9A%E0%B8%8B%E0%B8%B7%E0%B9%89%E0%B8%AD/%E0%B8%A3%E0%B8%B1%E0%B8%9A%E0%B8%8B%E0%B8%B7%E0%B9%89%E0%B8%AD%E0%B8%81%E0%B8%B2%E0%B8%A3%E0%B9%8C%E0%B8%94%E0%B8%88%E0%B8%AD-%E0%B8%A2%E0%B9%82%E0%B8%AA%E0%B8%98%E0%B8%A3","https://amphon.co.th/รับซื้อ/รับซื้อการ์ดจอ-ยโสธร","Yes","PASS",""
"https://amphon.co.th/%E0%B8%A3%E0%B8%B1%E0%B8%9A%E0%B8%8B%E0%B8%B7%E0%B9%89%E0%B8%AD/%E0%B8%A3%E0%B8%B1%E0%B8%9A%E0%B8%8B%E0%B8%B7%E0%B9%89%E0%B8%AD%E0%B8%81%E0%B8%B2%E0%B8%A3%E0%B9%8C%E0%B8%94%E0%B8%88%E0%B8%AD-%E0%B8%A3%E0%B9%89%E0%B8%AD%E0%B8%A2%E0%B9%80%E0%B8%AD%E0%B9%87%E0%B8%94","200","0","https://amphon.co.th/%E0%B8%A3%E0%B8%B1%E0%B8%9A%E0%B8%8B%E0%B8%B7%E0%B9%89%E0%B8%AD/%E0%B8%A3%E0%B8%B1%E0%B8%9A%E0%B8%8B%E0%B8%B7%E0%B9%89%E0%B8%AD%E0%B8%81%E0%B8%B2%E0%B8%A3%E0%B9%8C%E0%B8%94%E0%B8%88%E0%B8%AD-%E0%B8%A3%E0%B9%89%E0%B8%AD%E0%B8%A2%E0%B9%80%E0%B8%AD%E0%B9%87%E0%B8%94","https://amphon.co.th/รับซื้อ/รับซื้อการ์ดจอ-ร้อยเอ็ด","Yes","PASS",""
"https://amphon.co.th/%E0%B8%A3%E0%B8%B1%E0%B8%9A%E0%B8%8B%E0%B8%B7%E0%B9%89%E0%B8%AD/%E0%B8%A3%E0%B8%B1%E0%B8%9A%E0%B8%8B%E0%B8%B7%E0%B9%89%E0%B8%AD%E0%B8%81%E0%B8%B2%E0%B8%A3%E0%B9%8C%E0%B8%94%E0%B8%88%E0%B8%AD-%E0%B8%A8%E0%B8%A3%E0%B8%B5%E0%B8%AA%E0%B8%B0%E0%B9%80%E0%B8%81%E0%B8%A9","200","0","https://amphon.co.th/%E0%B8%A3%E0%B8%B1%E0%B8%9A%E0%B8%8B%E0%B8%B7%E0%B9%89%E0%B8%AD/%E0%B8%A3%E0%B8%B1%E0%B8%9A%E0%B8%8B%E0%B8%B7%E0%B9%89%E0%B8%AD%E0%B8%81%E0%B8%B2%E0%B8%A3%E0%B9%8C%E0%B8%94%E0%B8%88%E0%B8%AD-%E0%B8%A8%E0%B8%A3%E0%B8%B5%E0%B8%AA%E0%B8%B0%E0%B9%80%E0%B8%81%E0%B8%A9","https://amphon.co.th/รับซื้อ/รับซื้อการ์ดจอ-ศรีสะเกษ","Yes","PASS",""
"https://amphon.co.th/%E0%B8%A3%E0%B8%B1%E0%B8%9A%E0%B8%8B%E0%B8%B7%E0%B9%89%E0%B8%AD/%E0%B8%A3%E0%B8%B1%E0%B8%9A%E0%B8%8B%E0%B8%B7%E0%B9%89%E0%B8%AD%E0%B8%81%E0%B8%B2%E0%B8%A3%E0%B9%8C%E0%B8%94%E0%B8%88%E0%B8%AD-%E0%B8%AA%E0%B8%81%E0%B8%A5%E0%B8%99%E0%B8%84%E0%B8%A3","200","0","https://amphon.co.th/%E0%B8%A3%E0%B8%B1%E0%B8%9A%E0%B8%8B%E0%B8%B7%E0%B9%89%E0%B8%AD/%E0%B8%A3%E0%B8%B1%E0%B8%9A%E0%B8%8B%E0%B8%B7%E0%B9%89%E0%B8%AD%E0%B8%81%E0%B8%B2%E0%B8%A3%E0%B9%8C%E0%B8%94%E0%B8%88%E0%B8%AD-%E0%B8%AA%E0%B8%81%E0%B8%A5%E0%B8%99%E0%B8%84%E0%B8%A3","https://amphon.co.th/รับซื้อ/รับซื้อการ์ดจอ-สกลนคร","Yes","PASS",""
"https://amphon.co.th/%E0%B8%A3%E0%B8%B1%E0%B8%9A%E0%B8%8B%E0%B8%B7%E0%B9%89%E0%B8%AD/%E0%B8%A3%E0%B8%B1%E0%B8%9A%E0%B8%8B%E0%B8%B7%E0%B9%89%E0%B8%AD%E0%B8%81%E0%B8%B2%E0%B8%A3%E0%B9%8C%E0%B8%94%E0%B8%88%E0%B8%AD-%E0%B8%AA%E0%B8%B8%E0%B8%A3%E0%B8%B4%E0%B8%99%E0%B8%97%E0%B8%A3%E0%B9%8C","200","0","https://amphon.co.th/%E0%B8%A3%E0%B8%B1%E0%B8%9A%E0%B8%8B%E0%B8%B7%E0%B9%89%E0%B8%AD/%E0%B8%A3%E0%B8%B1%E0%B8%9A%E0%B8%8B%E0%B8%B7%E0%B9%89%E0%B8%AD%E0%B8%81%E0%B8%B2%E0%B8%A3%E0%B9%8C%E0%B8%94%E0%B8%88%E0%B8%AD-%E0%B8%AA%E0%B8%B8%E0%B8%A3%E0%B8%B4%E0%B8%99%E0%B8%97%E0%B8%A3%E0%B9%8C","https://amphon.co.th/รับซื้อ/รับซื้อการ์ดจอ-สุรินทร์","Yes","PASS",""
"https://amphon.co.th/%E0%B8%A3%E0%B8%B1%E0%B8%9A%E0%B8%8B%E0%B8%B7%E0%B9%89%E0%B8%AD/%E0%B8%A3%E0%B8%B1%E0%B8%9A%E0%B8%8B%E0%B8%B7%E0%B9%89%E0%B8%AD%E0%B8%81%E0%B8%B2%E0%B8%A3%E0%B9%8C%E0%B8%94%E0%B8%88%E0%B8%AD-%E0%B8%AB%E0%B8%99%E0%B8%AD%E0%B8%87%E0%B8%9A%E0%B8%B1%E0%B8%A7%E0%B8%A5%E0%B8%B3%E0%B8%A0%E0%B8%B9","200","0","https://amphon.co.th/%E0%B8%A3%E0%B8%B1%E0%B8%9A%E0%B8%8B%E0%B8%B7%E0%B9%89%E0%B8%AD/%E0%B8%A3%E0%B8%B1%E0%B8%9A%E0%B8%8B%E0%B8%B7%E0%B9%89%E0%B8%AD%E0%B8%81%E0%B8%B2%E0%B8%A3%E0%B9%8C%E0%B8%94%E0%B8%88%E0%B8%AD-%E0%B8%AB%E0%B8%99%E0%B8%AD%E0%B8%87%E0%B8%9A%E0%B8%B1%E0%B8%A7%E0%B8%A5%E0%B8%B3%E0%B8%A0%E0%B8%B9","https://amphon.co.th/รับซื้อ/รับซื้อการ์ดจอ-หนองบัวลำภู","Yes","PASS",""
"https://amphon.co.th/%E0%B8%A3%E0%B8%B1%E0%B8%9A%E0%B8%8B%E0%B8%B7%E0%B9%89%E0%B8%AD/%E0%B8%A3%E0%B8%B1%E0%B8%9A%E0%B8%8B%E0%B8%B7%E0%B9%89%E0%B8%AD%E0%B8%81%E0%B8%B2%E0%B8%A3%E0%B9%8C%E0%B8%94%E0%B8%88%E0%B8%AD-%E0%B8%AB%E0%B8%99%E0%B8%AD%E0%B8%87%E0%B8%84%E0%B8%B2%E0%B8%A2","200","0","https://amphon.co.th/%E0%B8%A3%E0%B8%B1%E0%B8%9A%E0%B8%8B%E0%B8%B7%E0%B9%89%E0%B8%AD/%E0%B8%A3%E0%B8%B1%E0%B8%9A%E0%B8%8B%E0%B8%B7%E0%B9%89%E0%B8%AD%E0%B8%81%E0%B8%B2%E0%B8%A3%E0%B9%8C%E0%B8%94%E0%B8%88%E0%B8%AD-%E0%B8%AB%E0%B8%99%E0%B8%AD%E0%B8%87%E0%B8%84%E0%B8%B2%E0%B8%A2","https://amphon.co.th/รับซื้อ/รับซื้อการ์ดจอ-หนองคาย","Yes","PASS",""
"https://amphon.co.th/%E0%B8%A3%E0%B8%B1%E0%B8%9A%E0%B8%8B%E0%B8%B7%E0%B9%89%E0%B8%AD/%E0%B8%A3%E0%B8%B1%E0%B8%9A%E0%B8%8B%E0%B8%B7%E0%B9%89%E0%B8%AD%E0%B8%81%E0%B8%B2%E0%B8%A3%E0%B9%8C%E0%B8%94%E0%B8%88%E0%B8%AD-%E0%B8%AD%E0%B8%B3%E0%B8%99%E0%B8%B2%E0%B8%88%E0%B9%80%E0%B8%88%E0%B8%A3%E0%B8%B4%E0%B8%8D","200","0","https://amphon.co.th/%E0%B8%A3%E0%B8%B1%E0%B8%9A%E0%B8%8B%E0%B8%B7%E0%B9%89%E0%B8%AD/%E0%B8%A3%E0%B8%B1%E0%B8%9A%E0%B8%8B%E0%B8%B7%E0%B9%89%E0%B8%AD%E0%B8%81%E0%B8%B2%E0%B8%A3%E0%B9%8C%E0%B8%94%E0%B8%88%E0%B8%AD-%E0%B8%AD%E0%B8%B3%E0%B8%99%E0%B8%B2%E0%B8%88%E0%B9%80%E0%B8%88%E0%B8%A3%E0%B8%B4%E0%B8%8D","https://amphon.co.th/รับซื้อ/รับซื้อการ์ดจอ-อำนาจเจริญ","Yes","PASS",""
"https://amphon.co.th/%E0%B8%A3%E0%B8%B1%E0%B8%9A%E0%B8%8B%E0%B8%B7%E0%B9%89%E0%B8%AD/%E0%B8%A3%E0%B8%B1%E0%B8%9A%E0%B8%8B%E0%B8%B7%E0%B9%89%E0%B8%AD%E0%B8%81%E0%B8%B2%E0%B8%A3%E0%B9%8C%E0%B8%94%E0%B8%88%E0%B8%AD-%E0%B8%AD%E0%B8%B8%E0%B8%9A%E0%B8%A5%E0%B8%A3%E0%B8%B2%E0%B8%8A%E0%B8%98%E0%B8%B2%E0%B8%99%E0%B8%B5","200","0","https://amphon.co.th/%E0%B8%A3%E0%B8%B1%E0%B8%9A%E0%B8%8B%E0%B8%B7%E0%B9%89%E0%B8%AD/%E0%B8%A3%E0%B8%B1%E0%B8%9A%E0%B8%8B%E0%B8%B7%E0%B9%89%E0%B8%AD%E0%B8%81%E0%B8%B2%E0%B8%A3%E0%B9%8C%E0%B8%94%E0%B8%88%E0%B8%AD-%E0%B8%AD%E0%B8%B8%E0%B8%9A%E0%B8%A5%E0%B8%A3%E0%B8%B2%E0%B8%8A%E0%B8%98%E0%B8%B2%E0%B8%99%E0%B8%B5","https://amphon.co.th/รับซื้อ/รับซื้อการ์ดจอ-อุบลราชธานี","Yes","PASS",""
"https://amphon.co.th/%E0%B8%A3%E0%B8%B1%E0%B8%9A%E0%B8%8B%E0%B8%B7%E0%B9%89%E0%B8%AD/%E0%B8%A3%E0%B8%B1%E0%B8%9A%E0%B8%8B%E0%B8%B7%E0%B9%89%E0%B8%AD%E0%B8%81%E0%B8%B2%E0%B8%A3%E0%B9%8C%E0%B8%94%E0%B8%88%E0%B8%AD-%E0%B8%AD%E0%B8%B8%E0%B8%94%E0%B8%A3%E0%B8%98%E0%B8%B2%E0%B8%99%E0%B8%B5","200","0","https://amphon.co.th/%E0%B8%A3%E0%B8%B1%E0%B8%9A%E0%B8%8B%E0%B8%B7%E0%B9%89%E0%B8%AD/%E0%B8%A3%E0%B8%B1%E0%B8%9A%E0%B8%8B%E0%B8%B7%E0%B9%89%E0%B8%AD%E0%B8%81%E0%B8%B2%E0%B8%A3%E0%B9%8C%E0%B8%94%E0%B8%88%E0%B8%AD-%E0%B8%AD%E0%B8%B8%E0%B8%94%E0%B8%A3%E0%B8%98%E0%B8%B2%E0%B8%99%E0%B8%B5","https://amphon.co.th/รับซื้อ/รับซื้อการ์ดจอ-อุดรธานี","Yes","PASS",""
"https://amphon.co.th/%E0%B8%A3%E0%B8%B1%E0%B8%9A%E0%B8%8B%E0%B8%B7%E0%B9%89%E0%B8%AD/%E0%B8%A3%E0%B8%B1%E0%B8%9A%E0%B8%8B%E0%B8%B7%E0%B9%89%E0%B8%AD%E0%B8%81%E0%B8%B2%E0%B8%A3%E0%B9%8C%E0%B8%94%E0%B8%88%E0%B8%AD-%E0%B9%80%E0%B8%A5%E0%B8%A2","200","0","https://amphon.co.th/%E0%B8%A3%E0%B8%B1%E0%B8%9A%E0%B8%8B%E0%B8%B7%E0%B9%89%E0%B8%AD/%E0%B8%A3%E0%B8%B1%E0%B8%9A%E0%B8%8B%E0%B8%B7%E0%B9%89%E0%B8%AD%E0%B8%81%E0%B8%B2%E0%B8%A3%E0%B9%8C%E0%B8%94%E0%B8%88%E0%B8%AD-%E0%B9%80%E0%B8%A5%E0%B8%A2","https://amphon.co.th/รับซื้อ/รับซื้อการ์ดจอ-เลย","Yes","PASS",""
"https://amphon.co.th/%E0%B8%A3%E0%B8%B1%E0%B8%9A%E0%B8%8B%E0%B8%B7%E0%B9%89%E0%B8%AD/%E0%B8%A3%E0%B8%B1%E0%B8%9A%E0%B8%8B%E0%B8%B7%E0%B9%89%E0%B8%AD%E0%B8%82%E0%B8%AD%E0%B8%87%E0%B8%AA%E0%B8%B0%E0%B8%AA%E0%B8%A1-%E0%B8%8A%E0%B8%B1%E0%B8%A2%E0%B8%A0%E0%B8%B9%E0%B8%A1%E0%B8%B4","200","0","https://amphon.co.th/%E0%B8%A3%E0%B8%B1%E0%B8%9A%E0%B8%8B%E0%B8%B7%E0%B9%89%E0%B8%AD/%E0%B8%A3%E0%B8%B1%E0%B8%9A%E0%B8%8B%E0%B8%B7%E0%B9%89%E0%B8%AD%E0%B8%82%E0%B8%AD%E0%B8%87%E0%B8%AA%E0%B8%B0%E0%B8%AA%E0%B8%A1-%E0%B8%8A%E0%B8%B1%E0%B8%A2%E0%B8%A0%E0%B8%B9%E0%B8%A1%E0%B8%B4","https://amphon.co.th/รับซื้อ/รับซื้อของสะสม-ชัยภูมิ","Yes","PASS",""
"https://amphon.co.th/%E0%B8%A3%E0%B8%B1%E0%B8%9A%E0%B8%8B%E0%B8%B7%E0%B9%89%E0%B8%AD/%E0%B8%A3%E0%B8%B1%E0%B8%9A%E0%B8%8B%E0%B8%B7%E0%B9%89%E0%B8%AD%E0%B8%82%E0%B8%AD%E0%B8%87%E0%B8%AA%E0%B8%B0%E0%B8%AA%E0%B8%A1-%E0%B8%9A%E0%B8%B6%E0%B8%87%E0%B8%81%E0%B8%B2%E0%B8%AC","200","0","https://amphon.co.th/%E0%B8%A3%E0%B8%B1%E0%B8%9A%E0%B8%8B%E0%B8%B7%E0%B9%89%E0%B8%AD/%E0%B8%A3%E0%B8%B1%E0%B8%9A%E0%B8%8B%E0%B8%B7%E0%B9%89%E0%B8%AD%E0%B8%82%E0%B8%AD%E0%B8%87%E0%B8%AA%E0%B8%B0%E0%B8%AA%E0%B8%A1-%E0%B8%9A%E0%B8%B6%E0%B8%87%E0%B8%81%E0%B8%B2%E0%B8%AC","https://amphon.co.th/รับซื้อ/รับซื้อของสะสม-บึงกาฬ","Yes","PASS",""
"https://amphon.co.th/%E0%B8%A3%E0%B8%B1%E0%B8%9A%E0%B8%8B%E0%B8%B7%E0%B9%89%E0%B8%AD/%E0%B8%A3%E0%B8%B1%E0%B8%9A%E0%B8%8B%E0%B8%B7%E0%B9%89%E0%B8%AD%E0%B8%82%E0%B8%AD%E0%B8%87%E0%B8%AA%E0%B8%B0%E0%B8%AA%E0%B8%A1-%E0%B8%9A%E0%B8%B8%E0%B8%A3%E0%B8%B5%E0%B8%A3%E0%B8%B1%E0%B8%A1%E0%B8%A2%E0%B9%8C","200","0","https://amphon.co.th/%E0%B8%A3%E0%B8%B1%E0%B8%9A%E0%B8%8B%E0%B8%B7%E0%B9%89%E0%B8%AD/%E0%B8%A3%E0%B8%B1%E0%B8%9A%E0%B8%8B%E0%B8%B7%E0%B9%89%E0%B8%AD%E0%B8%82%E0%B8%AD%E0%B8%87%E0%B8%AA%E0%B8%B0%E0%B8%AA%E0%B8%A1-%E0%B8%9A%E0%B8%B8%E0%B8%A3%E0%B8%B5%E0%B8%A3%E0%B8%B1%E0%B8%A1%E0%B8%A2%E0%B9%8C","https://amphon.co.th/รับซื้อ/รับซื้อของสะสม-บุรีรัมย์","Yes","PASS",""
"https://amphon.co.th/%E0%B8%A3%E0%B8%B1%E0%B8%9A%E0%B8%8B%E0%B8%B7%E0%B9%89%E0%B8%AD/%E0%B8%A3%E0%B8%B1%E0%B8%9A%E0%B8%8B%E0%B8%B7%E0%B9%89%E0%B8%AD%E0%B8%82%E0%B8%AD%E0%B8%87%E0%B8%AA%E0%B8%B0%E0%B8%AA%E0%B8%A1-%E0%B8%81%E0%B8%B2%E0%B8%AC%E0%B8%AA%E0%B8%B4%E0%B8%99%E0%B8%98%E0%B8%B8%E0%B9%8C","200","0","https://amphon.co.th/%E0%B8%A3%E0%B8%B1%E0%B8%9A%E0%B8%8B%E0%B8%B7%E0%B9%89%E0%B8%AD/%E0%B8%A3%E0%B8%B1%E0%B8%9A%E0%B8%8B%E0%B8%B7%E0%B9%89%E0%B8%AD%E0%B8%82%E0%B8%AD%E0%B8%87%E0%B8%AA%E0%B8%B0%E0%B8%AA%E0%B8%A1-%E0%B8%81%E0%B8%B2%E0%B8%AC%E0%B8%AA%E0%B8%B4%E0%B8%99%E0%B8%98%E0%B8%B8%E0%B9%8C","https://amphon.co.th/รับซื้อ/รับซื้อของสะสม-กาฬสินธุ์","Yes","PASS",""
"https://amphon.co.th/%E0%B8%A3%E0%B8%B1%E0%B8%9A%E0%B8%8B%E0%B8%B7%E0%B9%89%E0%B8%AD/%E0%B8%A3%E0%B8%B1%E0%B8%9A%E0%B8%8B%E0%B8%B7%E0%B9%89%E0%B8%AD%E0%B8%82%E0%B8%AD%E0%B8%87%E0%B8%AA%E0%B8%B0%E0%B8%AA%E0%B8%A1-%E0%B8%82%E0%B8%AD%E0%B8%99%E0%B9%81%E0%B8%81%E0%B9%88%E0%B8%99","200","0","https://amphon.co.th/%E0%B8%A3%E0%B8%B1%E0%B8%9A%E0%B8%8B%E0%B8%B7%E0%B9%89%E0%B8%AD/%E0%B8%A3%E0%B8%B1%E0%B8%9A%E0%B8%8B%E0%B8%B7%E0%B9%89%E0%B8%AD%E0%B8%82%E0%B8%AD%E0%B8%87%E0%B8%AA%E0%B8%B0%E0%B8%AA%E0%B8%A1-%E0%B8%82%E0%B8%AD%E0%B8%99%E0%B9%81%E0%B8%81%E0%B9%88%E0%B8%99","https://amphon.co.th/รับซื้อ/รับซื้อของสะสม-ขอนแก่น","Yes","PASS",""
"https://amphon.co.th/%E0%B8%A3%E0%B8%B1%E0%B8%9A%E0%B8%8B%E0%B8%B7%E0%B9%89%E0%B8%AD/%E0%B8%A3%E0%B8%B1%E0%B8%9A%E0%B8%8B%E0%B8%B7%E0%B9%89%E0%B8%AD%E0%B8%82%E0%B8%AD%E0%B8%87%E0%B8%AA%E0%B8%B0%E0%B8%AA%E0%B8%A1-%E0%B8%99%E0%B8%84%E0%B8%A3%E0%B8%9E%E0%B8%99%E0%B8%A1","200","0","https://amphon.co.th/%E0%B8%A3%E0%B8%B1%E0%B8%9A%E0%B8%8B%E0%B8%B7%E0%B9%89%E0%B8%AD/%E0%B8%A3%E0%B8%B1%E0%B8%9A%E0%B8%8B%E0%B8%B7%E0%B9%89%E0%B8%AD%E0%B8%82%E0%B8%AD%E0%B8%87%E0%B8%AA%E0%B8%B0%E0%B8%AA%E0%B8%A1-%E0%B8%99%E0%B8%84%E0%B8%A3%E0%B8%9E%E0%B8%99%E0%B8%A1","https://amphon.co.th/รับซื้อ/รับซื้อของสะสม-นครพนม","Yes","PASS",""
"https://amphon.co.th/%E0%B8%A3%E0%B8%B1%E0%B8%9A%E0%B8%8B%E0%B8%B7%E0%B9%89%E0%B8%AD/%E0%B8%A3%E0%B8%B1%E0%B8%9A%E0%B8%8B%E0%B8%B7%E0%B9%89%E0%B8%AD%E0%B8%82%E0%B8%AD%E0%B8%87%E0%B8%AA%E0%B8%B0%E0%B8%AA%E0%B8%A1-%E0%B8%99%E0%B8%84%E0%B8%A3%E0%B8%A3%E0%B8%B2%E0%B8%8A%E0%B8%AA%E0%B8%B5%E0%B8%A1%E0%B8%B2","200","0","https://amphon.co.th/%E0%B8%A3%E0%B8%B1%E0%B8%9A%E0%B8%8B%E0%B8%B7%E0%B9%89%E0%B8%AD/%E0%B8%A3%E0%B8%B1%E0%B8%9A%E0%B8%8B%E0%B8%B7%E0%B9%89%E0%B8%AD%E0%B8%82%E0%B8%AD%E0%B8%87%E0%B8%AA%E0%B8%B0%E0%B8%AA%E0%B8%A1-%E0%B8%99%E0%B8%84%E0%B8%A3%E0%B8%A3%E0%B8%B2%E0%B8%8A%E0%B8%AA%E0%B8%B5%E0%B8%A1%E0%B8%B2","https://amphon.co.th/รับซื้อ/รับซื้อของสะสม-นครราชสีมา","Yes","PASS",""
"https://amphon.co.th/%E0%B8%A3%E0%B8%B1%E0%B8%9A%E0%B8%8B%E0%B8%B7%E0%B9%89%E0%B8%AD/%E0%B8%A3%E0%B8%B1%E0%B8%9A%E0%B8%8B%E0%B8%B7%E0%B9%89%E0%B8%AD%E0%B8%82%E0%B8%AD%E0%B8%87%E0%B8%AA%E0%B8%B0%E0%B8%AA%E0%B8%A1-%E0%B8%A1%E0%B8%AB%E0%B8%B2%E0%B8%AA%E0%B8%B2%E0%B8%A3%E0%B8%84%E0%B8%B2%E0%B8%A1","200","0","https://amphon.co.th/%E0%B8%A3%E0%B8%B1%E0%B8%9A%E0%B8%8B%E0%B8%B7%E0%B9%89%E0%B8%AD/%E0%B8%A3%E0%B8%B1%E0%B8%9A%E0%B8%8B%E0%B8%B7%E0%B9%89%E0%B8%AD%E0%B8%82%E0%B8%AD%E0%B8%87%E0%B8%AA%E0%B8%B0%E0%B8%AA%E0%B8%A1-%E0%B8%A1%E0%B8%AB%E0%B8%B2%E0%B8%AA%E0%B8%B2%E0%B8%A3%E0%B8%84%E0%B8%B2%E0%B8%A1","https://amphon.co.th/รับซื้อ/รับซื้อของสะสม-มหาสารคาม","Yes","PASS",""
"https://amphon.co.th/%E0%B8%A3%E0%B8%B1%E0%B8%9A%E0%B8%8B%E0%B8%B7%E0%B9%89%E0%B8%AD/%E0%B8%A3%E0%B8%B1%E0%B8%9A%E0%B8%8B%E0%B8%B7%E0%B9%89%E0%B8%AD%E0%B8%82%E0%B8%AD%E0%B8%87%E0%B8%AA%E0%B8%B0%E0%B8%AA%E0%B8%A1-%E0%B8%A1%E0%B8%B8%E0%B8%81%E0%B8%94%E0%B8%B2%E0%B8%AB%E0%B8%B2%E0%B8%A3","200","0","https://amphon.co.th/%E0%B8%A3%E0%B8%B1%E0%B8%9A%E0%B8%8B%E0%B8%B7%E0%B9%89%E0%B8%AD/%E0%B8%A3%E0%B8%B1%E0%B8%9A%E0%B8%8B%E0%B8%B7%E0%B9%89%E0%B8%AD%E0%B8%82%E0%B8%AD%E0%B8%87%E0%B8%AA%E0%B8%B0%E0%B8%AA%E0%B8%A1-%E0%B8%A1%E0%B8%B8%E0%B8%81%E0%B8%94%E0%B8%B2%E0%B8%AB%E0%B8%B2%E0%B8%A3","https://amphon.co.th/รับซื้อ/รับซื้อของสะสม-มุกดาหาร","Yes","PASS",""
"https://amphon.co.th/%E0%B8%A3%E0%B8%B1%E0%B8%9A%E0%B8%8B%E0%B8%B7%E0%B9%89%E0%B8%AD/%E0%B8%A3%E0%B8%B1%E0%B8%9A%E0%B8%8B%E0%B8%B7%E0%B9%89%E0%B8%AD%E0%B8%82%E0%B8%AD%E0%B8%87%E0%B8%AA%E0%B8%B0%E0%B8%AA%E0%B8%A1-%E0%B8%A2%E0%B9%82%E0%B8%AA%E0%B8%98%E0%B8%A3","200","0","https://amphon.co.th/%E0%B8%A3%E0%B8%B1%E0%B8%9A%E0%B8%8B%E0%B8%B7%E0%B9%89%E0%B8%AD/%E0%B8%A3%E0%B8%B1%E0%B8%9A%E0%B8%8B%E0%B8%B7%E0%B9%89%E0%B8%AD%E0%B8%82%E0%B8%AD%E0%B8%87%E0%B8%AA%E0%B8%B0%E0%B8%AA%E0%B8%A1-%E0%B8%A2%E0%B9%82%E0%B8%AA%E0%B8%98%E0%B8%A3","https://amphon.co.th/รับซื้อ/รับซื้อของสะสม-ยโสธร","Yes","PASS",""
"https://amphon.co.th/%E0%B8%A3%E0%B8%B1%E0%B8%9A%E0%B8%8B%E0%B8%B7%E0%B9%89%E0%B8%AD/%E0%B8%A3%E0%B8%B1%E0%B8%9A%E0%B8%8B%E0%B8%B7%E0%B9%89%E0%B8%AD%E0%B8%82%E0%B8%AD%E0%B8%87%E0%B8%AA%E0%B8%B0%E0%B8%AA%E0%B8%A1-%E0%B8%A3%E0%B9%89%E0%B8%AD%E0%B8%A2%E0%B9%80%E0%B8%AD%E0%B9%87%E0%B8%94","200","0","https://amphon.co.th/%E0%B8%A3%E0%B8%B1%E0%B8%9A%E0%B8%8B%E0%B8%B7%E0%B9%89%E0%B8%AD/%E0%B8%A3%E0%B8%B1%E0%B8%9A%E0%B8%8B%E0%B8%B7%E0%B9%89%E0%B8%AD%E0%B8%82%E0%B8%AD%E0%B8%87%E0%B8%AA%E0%B8%B0%E0%B8%AA%E0%B8%A1-%E0%B8%A3%E0%B9%89%E0%B8%AD%E0%B8%A2%E0%B9%80%E0%B8%AD%E0%B9%87%E0%B8%94","https://amphon.co.th/รับซื้อ/รับซื้อของสะสม-ร้อยเอ็ด","Yes","PASS",""
"https://amphon.co.th/%E0%B8%A3%E0%B8%B1%E0%B8%9A%E0%B8%8B%E0%B8%B7%E0%B9%89%E0%B8%AD/%E0%B8%A3%E0%B8%B1%E0%B8%9A%E0%B8%8B%E0%B8%B7%E0%B9%89%E0%B8%AD%E0%B8%82%E0%B8%AD%E0%B8%87%E0%B8%AA%E0%B8%B0%E0%B8%AA%E0%B8%A1-%E0%B8%A8%E0%B8%A3%E0%B8%B5%E0%B8%AA%E0%B8%B0%E0%B9%80%E0%B8%81%E0%B8%A9","200","0","https://amphon.co.th/%E0%B8%A3%E0%B8%B1%E0%B8%9A%E0%B8%8B%E0%B8%B7%E0%B9%89%E0%B8%AD/%E0%B8%A3%E0%B8%B1%E0%B8%9A%E0%B8%8B%E0%B8%B7%E0%B9%89%E0%B8%AD%E0%B8%82%E0%B8%AD%E0%B8%87%E0%B8%AA%E0%B8%B0%E0%B8%AA%E0%B8%A1-%E0%B8%A8%E0%B8%A3%E0%B8%B5%E0%B8%AA%E0%B8%B0%E0%B9%80%E0%B8%81%E0%B8%A9","https://amphon.co.th/รับซื้อ/รับซื้อของสะสม-ศรีสะเกษ","Yes","PASS",""
"https://amphon.co.th/%E0%B8%A3%E0%B8%B1%E0%B8%9A%E0%B8%8B%E0%B8%B7%E0%B9%89%E0%B8%AD/%E0%B8%A3%E0%B8%B1%E0%B8%9A%E0%B8%8B%E0%B8%B7%E0%B9%89%E0%B8%AD%E0%B8%82%E0%B8%AD%E0%B8%87%E0%B8%AA%E0%B8%B0%E0%B8%AA%E0%B8%A1-%E0%B8%AA%E0%B8%81%E0%B8%A5%E0%B8%99%E0%B8%84%E0%B8%A3","200","0","https://amphon.co.th/%E0%B8%A3%E0%B8%B1%E0%B8%9A%E0%B8%8B%E0%B8%B7%E0%B9%89%E0%B8%AD/%E0%B8%A3%E0%B8%B1%E0%B8%9A%E0%B8%8B%E0%B8%B7%E0%B9%89%E0%B8%AD%E0%B8%82%E0%B8%AD%E0%B8%87%E0%B8%AA%E0%B8%B0%E0%B8%AA%E0%B8%A1-%E0%B8%AA%E0%B8%81%E0%B8%A5%E0%B8%99%E0%B8%84%E0%B8%A3","https://amphon.co.th/รับซื้อ/รับซื้อของสะสม-สกลนคร","Yes","PASS",""
"https://amphon.co.th/%E0%B8%A3%E0%B8%B1%E0%B8%9A%E0%B8%8B%E0%B8%B7%E0%B9%89%E0%B8%AD/%E0%B8%A3%E0%B8%B1%E0%B8%9A%E0%B8%8B%E0%B8%B7%E0%B9%89%E0%B8%AD%E0%B8%82%E0%B8%AD%E0%B8%87%E0%B8%AA%E0%B8%B0%E0%B8%AA%E0%B8%A1-%E0%B8%AA%E0%B8%B8%E0%B8%A3%E0%B8%B4%E0%B8%99%E0%B8%97%E0%B8%A3%E0%B9%8C","200","0","https://amphon.co.th/%E0%B8%A3%E0%B8%B1%E0%B8%9A%E0%B8%8B%E0%B8%B7%E0%B9%89%E0%B8%AD/%E0%B8%A3%E0%B8%B1%E0%B8%9A%E0%B8%8B%E0%B8%B7%E0%B9%89%E0%B8%AD%E0%B8%82%E0%B8%AD%E0%B8%87%E0%B8%AA%E0%B8%B0%E0%B8%AA%E0%B8%A1-%E0%B8%AA%E0%B8%B8%E0%B8%A3%E0%B8%B4%E0%B8%99%E0%B8%97%E0%B8%A3%E0%B9%8C","https://amphon.co.th/รับซื้อ/รับซื้อของสะสม-สุรินทร์","Yes","PASS",""
"https://amphon.co.th/%E0%B8%A3%E0%B8%B1%E0%B8%9A%E0%B8%8B%E0%B8%B7%E0%B9%89%E0%B8%AD/%E0%B8%A3%E0%B8%B1%E0%B8%9A%E0%B8%8B%E0%B8%B7%E0%B9%89%E0%B8%AD%E0%B8%82%E0%B8%AD%E0%B8%87%E0%B8%AA%E0%B8%B0%E0%B8%AA%E0%B8%A1-%E0%B8%AB%E0%B8%99%E0%B8%AD%E0%B8%87%E0%B8%9A%E0%B8%B1%E0%B8%A7%E0%B8%A5%E0%B8%B3%E0%B8%A0%E0%B8%B9","200","0","https://amphon.co.th/%E0%B8%A3%E0%B8%B1%E0%B8%9A%E0%B8%8B%E0%B8%B7%E0%B9%89%E0%B8%AD/%E0%B8%A3%E0%B8%B1%E0%B8%9A%E0%B8%8B%E0%B8%B7%E0%B9%89%E0%B8%AD%E0%B8%82%E0%B8%AD%E0%B8%87%E0%B8%AA%E0%B8%B0%E0%B8%AA%E0%B8%A1-%E0%B8%AB%E0%B8%99%E0%B8%AD%E0%B8%87%E0%B8%9A%E0%B8%B1%E0%B8%A7%E0%B8%A5%E0%B8%B3%E0%B8%A0%E0%B8%B9","https://amphon.co.th/รับซื้อ/รับซื้อของสะสม-หนองบัวลำภู","Yes","PASS",""
"https://amphon.co.th/%E0%B8%A3%E0%B8%B1%E0%B8%9A%E0%B8%8B%E0%B8%B7%E0%B9%89%E0%B8%AD/%E0%B8%A3%E0%B8%B1%E0%B8%9A%E0%B8%8B%E0%B8%B7%E0%B9%89%E0%B8%AD%E0%B8%82%E0%B8%AD%E0%B8%87%E0%B8%AA%E0%B8%B0%E0%B8%AA%E0%B8%A1-%E0%B8%AB%E0%B8%99%E0%B8%AD%E0%B8%87%E0%B8%84%E0%B8%B2%E0%B8%A2","200","0","https://amphon.co.th/%E0%B8%A3%E0%B8%B1%E0%B8%9A%E0%B8%8B%E0%B8%B7%E0%B9%89%E0%B8%AD/%E0%B8%A3%E0%B8%B1%E0%B8%9A%E0%B8%8B%E0%B8%B7%E0%B9%89%E0%B8%AD%E0%B8%82%E0%B8%AD%E0%B8%87%E0%B8%AA%E0%B8%B0%E0%B8%AA%E0%B8%A1-%E0%B8%AB%E0%B8%99%E0%B8%AD%E0%B8%87%E0%B8%84%E0%B8%B2%E0%B8%A2","https://amphon.co.th/รับซื้อ/รับซื้อของสะสม-หนองคาย","Yes","PASS",""
"https://amphon.co.th/%E0%B8%A3%E0%B8%B1%E0%B8%9A%E0%B8%8B%E0%B8%B7%E0%B9%89%E0%B8%AD/%E0%B8%A3%E0%B8%B1%E0%B8%9A%E0%B8%8B%E0%B8%B7%E0%B9%89%E0%B8%AD%E0%B8%82%E0%B8%AD%E0%B8%87%E0%B8%AA%E0%B8%B0%E0%B8%AA%E0%B8%A1-%E0%B8%AD%E0%B8%B3%E0%B8%99%E0%B8%B2%E0%B8%88%E0%B9%80%E0%B8%88%E0%B8%A3%E0%B8%B4%E0%B8%8D","200","0","https://amphon.co.th/%E0%B8%A3%E0%B8%B1%E0%B8%9A%E0%B8%8B%E0%B8%B7%E0%B9%89%E0%B8%AD/%E0%B8%A3%E0%B8%B1%E0%B8%9A%E0%B8%8B%E0%B8%B7%E0%B9%89%E0%B8%AD%E0%B8%82%E0%B8%AD%E0%B8%87%E0%B8%AA%E0%B8%B0%E0%B8%AA%E0%B8%A1-%E0%B8%AD%E0%B8%B3%E0%B8%99%E0%B8%B2%E0%B8%88%E0%B9%80%E0%B8%88%E0%B8%A3%E0%B8%B4%E0%B8%8D","https://amphon.co.th/รับซื้อ/รับซื้อของสะสม-อำนาจเจริญ","Yes","PASS",""
"https://amphon.co.th/%E0%B8%A3%E0%B8%B1%E0%B8%9A%E0%B8%8B%E0%B8%B7%E0%B9%89%E0%B8%AD/%E0%B8%A3%E0%B8%B1%E0%B8%9A%E0%B8%8B%E0%B8%B7%E0%B9%89%E0%B8%AD%E0%B8%82%E0%B8%AD%E0%B8%87%E0%B8%AA%E0%B8%B0%E0%B8%AA%E0%B8%A1-%E0%B8%AD%E0%B8%B8%E0%B8%9A%E0%B8%A5%E0%B8%A3%E0%B8%B2%E0%B8%8A%E0%B8%98%E0%B8%B2%E0%B8%99%E0%B8%B5","200","0","https://amphon.co.th/%E0%B8%A3%E0%B8%B1%E0%B8%9A%E0%B8%8B%E0%B8%B7%E0%B9%89%E0%B8%AD/%E0%B8%A3%E0%B8%B1%E0%B8%9A%E0%B8%8B%E0%B8%B7%E0%B9%89%E0%B8%AD%E0%B8%82%E0%B8%AD%E0%B8%87%E0%B8%AA%E0%B8%B0%E0%B8%AA%E0%B8%A1-%E0%B8%AD%E0%B8%B8%E0%B8%9A%E0%B8%A5%E0%B8%A3%E0%B8%B2%E0%B8%8A%E0%B8%98%E0%B8%B2%E0%B8%99%E0%B8%B5","https://amphon.co.th/รับซื้อ/รับซื้อของสะสม-อุบลราชธานี","Yes","PASS",""
"https://amphon.co.th/%E0%B8%A3%E0%B8%B1%E0%B8%9A%E0%B8%8B%E0%B8%B7%E0%B9%89%E0%B8%AD/%E0%B8%A3%E0%B8%B1%E0%B8%9A%E0%B8%8B%E0%B8%B7%E0%B9%89%E0%B8%AD%E0%B8%82%E0%B8%AD%E0%B8%87%E0%B8%AA%E0%B8%B0%E0%B8%AA%E0%B8%A1-%E0%B8%AD%E0%B8%B8%E0%B8%94%E0%B8%A3%E0%B8%98%E0%B8%B2%E0%B8%99%E0%B8%B5","200","0","https://amphon.co.th/%E0%B8%A3%E0%B8%B1%E0%B8%9A%E0%B8%8B%E0%B8%B7%E0%B9%89%E0%B8%AD/%E0%B8%A3%E0%B8%B1%E0%B8%9A%E0%B8%8B%E0%B8%B7%E0%B9%89%E0%B8%AD%E0%B8%82%E0%B8%AD%E0%B8%87%E0%B8%AA%E0%B8%B0%E0%B8%AA%E0%B8%A1-%E0%B8%AD%E0%B8%B8%E0%B8%94%E0%B8%A3%E0%B8%98%E0%B8%B2%E0%B8%99%E0%B8%B5","https://amphon.co.th/รับซื้อ/รับซื้อของสะสม-อุดรธานี","Yes","PASS",""
"https://amphon.co.th/%E0%B8%A3%E0%B8%B1%E0%B8%9A%E0%B8%8B%E0%B8%B7%E0%B9%89%E0%B8%AD/%E0%B8%A3%E0%B8%B1%E0%B8%9A%E0%B8%8B%E0%B8%B7%E0%B9%89%E0%B8%AD%E0%B8%82%E0%B8%AD%E0%B8%87%E0%B8%AA%E0%B8%B0%E0%B8%AA%E0%B8%A1-%E0%B9%80%E0%B8%A5%E0%B8%A2","200","0","https://amphon.co.th/%E0%B8%A3%E0%B8%B1%E0%B8%9A%E0%B8%8B%E0%B8%B7%E0%B9%89%E0%B8%AD/%E0%B8%A3%E0%B8%B1%E0%B8%9A%E0%B8%8B%E0%B8%B7%E0%B9%89%E0%B8%AD%E0%B8%82%E0%B8%AD%E0%B8%87%E0%B8%AA%E0%B8%B0%E0%B8%AA%E0%B8%A1-%E0%B9%80%E0%B8%A5%E0%B8%A2","https://amphon.co.th/รับซื้อ/รับซื้อของสะสม-เลย","Yes","PASS",""
"https://amphon.co.th/%E0%B8%A3%E0%B8%B1%E0%B8%9A%E0%B8%8B%E0%B8%B7%E0%B9%89%E0%B8%AD/%E0%B8%A3%E0%B8%B1%E0%B8%9A%E0%B8%8B%E0%B8%B7%E0%B9%89%E0%B8%AD%E0%B8%82%E0%B8%AD%E0%B8%87%E0%B9%84%E0%B8%AD%E0%B8%97%E0%B8%B5%E0%B9%80%E0%B8%AA%E0%B8%B5%E0%B8%A2-%E0%B8%8A%E0%B8%B1%E0%B8%A2%E0%B8%A0%E0%B8%B9%E0%B8%A1%E0%B8%B4","200","0","https://amphon.co.th/%E0%B8%A3%E0%B8%B1%E0%B8%9A%E0%B8%8B%E0%B8%B7%E0%B9%89%E0%B8%AD/%E0%B8%A3%E0%B8%B1%E0%B8%9A%E0%B8%8B%E0%B8%B7%E0%B9%89%E0%B8%AD%E0%B8%82%E0%B8%AD%E0%B8%87%E0%B9%84%E0%B8%AD%E0%B8%97%E0%B8%B5%E0%B9%80%E0%B8%AA%E0%B8%B5%E0%B8%A2-%E0%B8%8A%E0%B8%B1%E0%B8%A2%E0%B8%A0%E0%B8%B9%E0%B8%A1%E0%B8%B4","https://amphon.co.th/รับซื้อ/รับซื้อของไอทีเสีย-ชัยภูมิ","Yes","PASS",""
"https://amphon.co.th/%E0%B8%A3%E0%B8%B1%E0%B8%9A%E0%B8%8B%E0%B8%B7%E0%B9%89%E0%B8%AD/%E0%B8%A3%E0%B8%B1%E0%B8%9A%E0%B8%8B%E0%B8%B7%E0%B9%89%E0%B8%AD%E0%B8%82%E0%B8%AD%E0%B8%87%E0%B9%84%E0%B8%AD%E0%B8%97%E0%B8%B5%E0%B9%80%E0%B8%AA%E0%B8%B5%E0%B8%A2-%E0%B8%9A%E0%B8%B6%E0%B8%87%E0%B8%81%E0%B8%B2%E0%B8%AC","200","0","https://amphon.co.th/%E0%B8%A3%E0%B8%B1%E0%B8%9A%E0%B8%8B%E0%B8%B7%E0%B9%89%E0%B8%AD/%E0%B8%A3%E0%B8%B1%E0%B8%9A%E0%B8%8B%E0%B8%B7%E0%B9%89%E0%B8%AD%E0%B8%82%E0%B8%AD%E0%B8%87%E0%B9%84%E0%B8%AD%E0%B8%97%E0%B8%B5%E0%B9%80%E0%B8%AA%E0%B8%B5%E0%B8%A2-%E0%B8%9A%E0%B8%B6%E0%B8%87%E0%B8%81%E0%B8%B2%E0%B8%AC","https://amphon.co.th/รับซื้อ/รับซื้อของไอทีเสีย-บึงกาฬ","Yes","PASS",""
"https://amphon.co.th/%E0%B8%A3%E0%B8%B1%E0%B8%9A%E0%B8%8B%E0%B8%B7%E0%B9%89%E0%B8%AD/%E0%B8%A3%E0%B8%B1%E0%B8%9A%E0%B8%8B%E0%B8%B7%E0%B9%89%E0%B8%AD%E0%B8%82%E0%B8%AD%E0%B8%87%E0%B9%84%E0%B8%AD%E0%B8%97%E0%B8%B5%E0%B9%80%E0%B8%AA%E0%B8%B5%E0%B8%A2-%E0%B8%9A%E0%B8%B8%E0%B8%A3%E0%B8%B5%E0%B8%A3%E0%B8%B1%E0%B8%A1%E0%B8%A2%E0%B9%8C","200","0","https://amphon.co.th/%E0%B8%A3%E0%B8%B1%E0%B8%9A%E0%B8%8B%E0%B8%B7%E0%B9%89%E0%B8%AD/%E0%B8%A3%E0%B8%B1%E0%B8%9A%E0%B8%8B%E0%B8%B7%E0%B9%89%E0%B8%AD%E0%B8%82%E0%B8%AD%E0%B8%87%E0%B9%84%E0%B8%AD%E0%B8%97%E0%B8%B5%E0%B9%80%E0%B8%AA%E0%B8%B5%E0%B8%A2-%E0%B8%9A%E0%B8%B8%E0%B8%A3%E0%B8%B5%E0%B8%A3%E0%B8%B1%E0%B8%A1%E0%B8%A2%E0%B9%8C","https://amphon.co.th/รับซื้อ/รับซื้อของไอทีเสีย-บุรีรัมย์","Yes","PASS",""
"https://amphon.co.th/%E0%B8%A3%E0%B8%B1%E0%B8%9A%E0%B8%8B%E0%B8%B7%E0%B9%89%E0%B8%AD/%E0%B8%A3%E0%B8%B1%E0%B8%9A%E0%B8%8B%E0%B8%B7%E0%B9%89%E0%B8%AD%E0%B8%82%E0%B8%AD%E0%B8%87%E0%B9%84%E0%B8%AD%E0%B8%97%E0%B8%B5%E0%B9%80%E0%B8%AA%E0%B8%B5%E0%B8%A2-%E0%B8%81%E0%B8%B2%E0%B8%AC%E0%B8%AA%E0%B8%B4%E0%B8%99%E0%B8%98%E0%B8%B8%E0%B9%8C","200","0","https://amphon.co.th/%E0%B8%A3%E0%B8%B1%E0%B8%9A%E0%B8%8B%E0%B8%B7%E0%B9%89%E0%B8%AD/%E0%B8%A3%E0%B8%B1%E0%B8%9A%E0%B8%8B%E0%B8%B7%E0%B9%89%E0%B8%AD%E0%B8%82%E0%B8%AD%E0%B8%87%E0%B9%84%E0%B8%AD%E0%B8%97%E0%B8%B5%E0%B9%80%E0%B8%AA%E0%B8%B5%E0%B8%A2-%E0%B8%81%E0%B8%B2%E0%B8%AC%E0%B8%AA%E0%B8%B4%E0%B8%99%E0%B8%98%E0%B8%B8%E0%B9%8C","https://amphon.co.th/รับซื้อ/รับซื้อของไอทีเสีย-กาฬสินธุ์","Yes","PASS",""
"https://amphon.co.th/%E0%B8%A3%E0%B8%B1%E0%B8%9A%E0%B8%8B%E0%B8%B7%E0%B9%89%E0%B8%AD/%E0%B8%A3%E0%B8%B1%E0%B8%9A%E0%B8%8B%E0%B8%B7%E0%B9%89%E0%B8%AD%E0%B8%82%E0%B8%AD%E0%B8%87%E0%B9%84%E0%B8%AD%E0%B8%97%E0%B8%B5%E0%B9%80%E0%B8%AA%E0%B8%B5%E0%B8%A2-%E0%B8%82%E0%B8%AD%E0%B8%99%E0%B9%81%E0%B8%81%E0%B9%88%E0%B8%99","200","0","https://amphon.co.th/%E0%B8%A3%E0%B8%B1%E0%B8%9A%E0%B8%8B%E0%B8%B7%E0%B9%89%E0%B8%AD/%E0%B8%A3%E0%B8%B1%E0%B8%9A%E0%B8%8B%E0%B8%B7%E0%B9%89%E0%B8%AD%E0%B8%82%E0%B8%AD%E0%B8%87%E0%B9%84%E0%B8%AD%E0%B8%97%E0%B8%B5%E0%B9%80%E0%B8%AA%E0%B8%B5%E0%B8%A2-%E0%B8%82%E0%B8%AD%E0%B8%99%E0%B9%81%E0%B8%81%E0%B9%88%E0%B8%99","https://amphon.co.th/รับซื้อ/รับซื้อของไอทีเสีย-ขอนแก่น","Yes","PASS",""
"https://amphon.co.th/%E0%B8%A3%E0%B8%B1%E0%B8%9A%E0%B8%8B%E0%B8%B7%E0%B9%89%E0%B8%AD/%E0%B8%A3%E0%B8%B1%E0%B8%9A%E0%B8%8B%E0%B8%B7%E0%B9%89%E0%B8%AD%E0%B8%82%E0%B8%AD%E0%B8%87%E0%B9%84%E0%B8%AD%E0%B8%97%E0%B8%B5%E0%B9%80%E0%B8%AA%E0%B8%B5%E0%B8%A2-%E0%B8%99%E0%B8%84%E0%B8%A3%E0%B8%9E%E0%B8%99%E0%B8%A1","200","0","https://amphon.co.th/%E0%B8%A3%E0%B8%B1%E0%B8%9A%E0%B8%8B%E0%B8%B7%E0%B9%89%E0%B8%AD/%E0%B8%A3%E0%B8%B1%E0%B8%9A%E0%B8%8B%E0%B8%B7%E0%B9%89%E0%B8%AD%E0%B8%82%E0%B8%AD%E0%B8%87%E0%B9%84%E0%B8%AD%E0%B8%97%E0%B8%B5%E0%B9%80%E0%B8%AA%E0%B8%B5%E0%B8%A2-%E0%B8%99%E0%B8%84%E0%B8%A3%E0%B8%9E%E0%B8%99%E0%B8%A1","https://amphon.co.th/รับซื้อ/รับซื้อของไอทีเสีย-นครพนม","Yes","PASS",""
"https://amphon.co.th/%E0%B8%A3%E0%B8%B1%E0%B8%9A%E0%B8%8B%E0%B8%B7%E0%B9%89%E0%B8%AD/%E0%B8%A3%E0%B8%B1%E0%B8%9A%E0%B8%8B%E0%B8%B7%E0%B9%89%E0%B8%AD%E0%B8%82%E0%B8%AD%E0%B8%87%E0%B9%84%E0%B8%AD%E0%B8%97%E0%B8%B5%E0%B9%80%E0%B8%AA%E0%B8%B5%E0%B8%A2-%E0%B8%99%E0%B8%84%E0%B8%A3%E0%B8%A3%E0%B8%B2%E0%B8%8A%E0%B8%AA%E0%B8%B5%E0%B8%A1%E0%B8%B2","200","0","https://amphon.co.th/%E0%B8%A3%E0%B8%B1%E0%B8%9A%E0%B8%8B%E0%B8%B7%E0%B9%89%E0%B8%AD/%E0%B8%A3%E0%B8%B1%E0%B8%9A%E0%B8%8B%E0%B8%B7%E0%B9%89%E0%B8%AD%E0%B8%82%E0%B8%AD%E0%B8%87%E0%B9%84%E0%B8%AD%E0%B8%97%E0%B8%B5%E0%B9%80%E0%B8%AA%E0%B8%B5%E0%B8%A2-%E0%B8%99%E0%B8%84%E0%B8%A3%E0%B8%A3%E0%B8%B2%E0%B8%8A%E0%B8%AA%E0%B8%B5%E0%B8%A1%E0%B8%B2","https://amphon.co.th/รับซื้อ/รับซื้อของไอทีเสีย-นครราชสีมา","Yes","PASS",""
"https://amphon.co.th/%E0%B8%A3%E0%B8%B1%E0%B8%9A%E0%B8%8B%E0%B8%B7%E0%B9%89%E0%B8%AD/%E0%B8%A3%E0%B8%B1%E0%B8%9A%E0%B8%8B%E0%B8%B7%E0%B9%89%E0%B8%AD%E0%B8%82%E0%B8%AD%E0%B8%87%E0%B9%84%E0%B8%AD%E0%B8%97%E0%B8%B5%E0%B9%80%E0%B8%AA%E0%B8%B5%E0%B8%A2-%E0%B8%A1%E0%B8%AB%E0%B8%B2%E0%B8%AA%E0%B8%B2%E0%B8%A3%E0%B8%84%E0%B8%B2%E0%B8%A1","200","0","https://amphon.co.th/%E0%B8%A3%E0%B8%B1%E0%B8%9A%E0%B8%8B%E0%B8%B7%E0%B9%89%E0%B8%AD/%E0%B8%A3%E0%B8%B1%E0%B8%9A%E0%B8%8B%E0%B8%B7%E0%B9%89%E0%B8%AD%E0%B8%82%E0%B8%AD%E0%B8%87%E0%B9%84%E0%B8%AD%E0%B8%97%E0%B8%B5%E0%B9%80%E0%B8%AA%E0%B8%B5%E0%B8%A2-%E0%B8%A1%E0%B8%AB%E0%B8%B2%E0%B8%AA%E0%B8%B2%E0%B8%A3%E0%B8%84%E0%B8%B2%E0%B8%A1","https://amphon.co.th/รับซื้อ/รับซื้อของไอทีเสีย-มหาสารคาม","Yes","PASS",""
"https://amphon.co.th/%E0%B8%A3%E0%B8%B1%E0%B8%9A%E0%B8%8B%E0%B8%B7%E0%B9%89%E0%B8%AD/%E0%B8%A3%E0%B8%B1%E0%B8%9A%E0%B8%8B%E0%B8%B7%E0%B9%89%E0%B8%AD%E0%B8%82%E0%B8%AD%E0%B8%87%E0%B9%84%E0%B8%AD%E0%B8%97%E0%B8%B5%E0%B9%80%E0%B8%AA%E0%B8%B5%E0%B8%A2-%E0%B8%A1%E0%B8%B8%E0%B8%81%E0%B8%94%E0%B8%B2%E0%B8%AB%E0%B8%B2%E0%B8%A3","200","0","https://amphon.co.th/%E0%B8%A3%E0%B8%B1%E0%B8%9A%E0%B8%8B%E0%B8%B7%E0%B9%89%E0%B8%AD/%E0%B8%A3%E0%B8%B1%E0%B8%9A%E0%B8%8B%E0%B8%B7%E0%B9%89%E0%B8%AD%E0%B8%82%E0%B8%AD%E0%B8%87%E0%B9%84%E0%B8%AD%E0%B8%97%E0%B8%B5%E0%B9%80%E0%B8%AA%E0%B8%B5%E0%B8%A2-%E0%B8%A1%E0%B8%B8%E0%B8%81%E0%B8%94%E0%B8%B2%E0%B8%AB%E0%B8%B2%E0%B8%A3","https://amphon.co.th/รับซื้อ/รับซื้อของไอทีเสีย-มุกดาหาร","Yes","PASS",""
"https://amphon.co.th/%E0%B8%A3%E0%B8%B1%E0%B8%9A%E0%B8%8B%E0%B8%B7%E0%B9%89%E0%B8%AD/%E0%B8%A3%E0%B8%B1%E0%B8%9A%E0%B8%8B%E0%B8%B7%E0%B9%89%E0%B8%AD%E0%B8%82%E0%B8%AD%E0%B8%87%E0%B9%84%E0%B8%AD%E0%B8%97%E0%B8%B5%E0%B9%80%E0%B8%AA%E0%B8%B5%E0%B8%A2-%E0%B8%A2%E0%B9%82%E0%B8%AA%E0%B8%98%E0%B8%A3","200","0","https://amphon.co.th/%E0%B8%A3%E0%B8%B1%E0%B8%9A%E0%B8%8B%E0%B8%B7%E0%B9%89%E0%B8%AD/%E0%B8%A3%E0%B8%B1%E0%B8%9A%E0%B8%8B%E0%B8%B7%E0%B9%89%E0%B8%AD%E0%B8%82%E0%B8%AD%E0%B8%87%E0%B9%84%E0%B8%AD%E0%B8%97%E0%B8%B5%E0%B9%80%E0%B8%AA%E0%B8%B5%E0%B8%A2-%E0%B8%A2%E0%B9%82%E0%B8%AA%E0%B8%98%E0%B8%A3","https://amphon.co.th/รับซื้อ/รับซื้อของไอทีเสีย-ยโสธร","Yes","PASS",""
"https://amphon.co.th/%E0%B8%A3%E0%B8%B1%E0%B8%9A%E0%B8%8B%E0%B8%B7%E0%B9%89%E0%B8%AD/%E0%B8%A3%E0%B8%B1%E0%B8%9A%E0%B8%8B%E0%B8%B7%E0%B9%89%E0%B8%AD%E0%B8%82%E0%B8%AD%E0%B8%87%E0%B9%84%E0%B8%AD%E0%B8%97%E0%B8%B5%E0%B9%80%E0%B8%AA%E0%B8%B5%E0%B8%A2-%E0%B8%A3%E0%B9%89%E0%B8%AD%E0%B8%A2%E0%B9%80%E0%B8%AD%E0%B9%87%E0%B8%94","200","0","https://amphon.co.th/%E0%B8%A3%E0%B8%B1%E0%B8%9A%E0%B8%8B%E0%B8%B7%E0%B9%89%E0%B8%AD/%E0%B8%A3%E0%B8%B1%E0%B8%9A%E0%B8%8B%E0%B8%B7%E0%B9%89%E0%B8%AD%E0%B8%82%E0%B8%AD%E0%B8%87%E0%B9%84%E0%B8%AD%E0%B8%97%E0%B8%B5%E0%B9%80%E0%B8%AA%E0%B8%B5%E0%B8%A2-%E0%B8%A3%E0%B9%89%E0%B8%AD%E0%B8%A2%E0%B9%80%E0%B8%AD%E0%B9%87%E0%B8%94","https://amphon.co.th/รับซื้อ/รับซื้อของไอทีเสีย-ร้อยเอ็ด","Yes","PASS",""
"https://amphon.co.th/%E0%B8%A3%E0%B8%B1%E0%B8%9A%E0%B8%8B%E0%B8%B7%E0%B9%89%E0%B8%AD/%E0%B8%A3%E0%B8%B1%E0%B8%9A%E0%B8%8B%E0%B8%B7%E0%B9%89%E0%B8%AD%E0%B8%82%E0%B8%AD%E0%B8%87%E0%B9%84%E0%B8%AD%E0%B8%97%E0%B8%B5%E0%B9%80%E0%B8%AA%E0%B8%B5%E0%B8%A2-%E0%B8%A8%E0%B8%A3%E0%B8%B5%E0%B8%AA%E0%B8%B0%E0%B9%80%E0%B8%81%E0%B8%A9","200","0","https://amphon.co.th/%E0%B8%A3%E0%B8%B1%E0%B8%9A%E0%B8%8B%E0%B8%B7%E0%B9%89%E0%B8%AD/%E0%B8%A3%E0%B8%B1%E0%B8%9A%E0%B8%8B%E0%B8%B7%E0%B9%89%E0%B8%AD%E0%B8%82%E0%B8%AD%E0%B8%87%E0%B9%84%E0%B8%AD%E0%B8%97%E0%B8%B5%E0%B9%80%E0%B8%AA%E0%B8%B5%E0%B8%A2-%E0%B8%A8%E0%B8%A3%E0%B8%B5%E0%B8%AA%E0%B8%B0%E0%B9%80%E0%B8%81%E0%B8%A9","https://amphon.co.th/รับซื้อ/รับซื้อของไอทีเสีย-ศรีสะเกษ","Yes","PASS",""
"https://amphon.co.th/%E0%B8%A3%E0%B8%B1%E0%B8%9A%E0%B8%8B%E0%B8%B7%E0%B9%89%E0%B8%AD/%E0%B8%A3%E0%B8%B1%E0%B8%9A%E0%B8%8B%E0%B8%B7%E0%B9%89%E0%B8%AD%E0%B8%82%E0%B8%AD%E0%B8%87%E0%B9%84%E0%B8%AD%E0%B8%97%E0%B8%B5%E0%B9%80%E0%B8%AA%E0%B8%B5%E0%B8%A2-%E0%B8%AA%E0%B8%81%E0%B8%A5%E0%B8%99%E0%B8%84%E0%B8%A3","200","0","https://amphon.co.th/%E0%B8%A3%E0%B8%B1%E0%B8%9A%E0%B8%8B%E0%B8%B7%E0%B9%89%E0%B8%AD/%E0%B8%A3%E0%B8%B1%E0%B8%9A%E0%B8%8B%E0%B8%B7%E0%B9%89%E0%B8%AD%E0%B8%82%E0%B8%AD%E0%B8%87%E0%B9%84%E0%B8%AD%E0%B8%97%E0%B8%B5%E0%B9%80%E0%B8%AA%E0%B8%B5%E0%B8%A2-%E0%B8%AA%E0%B8%81%E0%B8%A5%E0%B8%99%E0%B8%84%E0%B8%A3","https://amphon.co.th/รับซื้อ/รับซื้อของไอทีเสีย-สกลนคร","Yes","PASS",""
"https://amphon.co.th/%E0%B8%A3%E0%B8%B1%E0%B8%9A%E0%B8%8B%E0%B8%B7%E0%B9%89%E0%B8%AD/%E0%B8%A3%E0%B8%B1%E0%B8%9A%E0%B8%8B%E0%B8%B7%E0%B9%89%E0%B8%AD%E0%B8%82%E0%B8%AD%E0%B8%87%E0%B9%84%E0%B8%AD%E0%B8%97%E0%B8%B5%E0%B9%80%E0%B8%AA%E0%B8%B5%E0%B8%A2-%E0%B8%AA%E0%B8%B8%E0%B8%A3%E0%B8%B4%E0%B8%99%E0%B8%97%E0%B8%A3%E0%B9%8C","200","0","https://amphon.co.th/%E0%B8%A3%E0%B8%B1%E0%B8%9A%E0%B8%8B%E0%B8%B7%E0%B9%89%E0%B8%AD/%E0%B8%A3%E0%B8%B1%E0%B8%9A%E0%B8%8B%E0%B8%B7%E0%B9%89%E0%B8%AD%E0%B8%82%E0%B8%AD%E0%B8%87%E0%B9%84%E0%B8%AD%E0%B8%97%E0%B8%B5%E0%B9%80%E0%B8%AA%E0%B8%B5%E0%B8%A2-%E0%B8%AA%E0%B8%B8%E0%B8%A3%E0%B8%B4%E0%B8%99%E0%B8%97%E0%B8%A3%E0%B9%8C","https://amphon.co.th/รับซื้อ/รับซื้อของไอทีเสีย-สุรินทร์","Yes","PASS",""
"https://amphon.co.th/%E0%B8%A3%E0%B8%B1%E0%B8%9A%E0%B8%8B%E0%B8%B7%E0%B9%89%E0%B8%AD/%E0%B8%A3%E0%B8%B1%E0%B8%9A%E0%B8%8B%E0%B8%B7%E0%B9%89%E0%B8%AD%E0%B8%82%E0%B8%AD%E0%B8%87%E0%B9%84%E0%B8%AD%E0%B8%97%E0%B8%B5%E0%B9%80%E0%B8%AA%E0%B8%B5%E0%B8%A2-%E0%B8%AB%E0%B8%99%E0%B8%AD%E0%B8%87%E0%B8%9A%E0%B8%B1%E0%B8%A7%E0%B8%A5%E0%B8%B3%E0%B8%A0%E0%B8%B9","200","0","https://amphon.co.th/%E0%B8%A3%E0%B8%B1%E0%B8%9A%E0%B8%8B%E0%B8%B7%E0%B9%89%E0%B8%AD/%E0%B8%A3%E0%B8%B1%E0%B8%9A%E0%B8%8B%E0%B8%B7%E0%B9%89%E0%B8%AD%E0%B8%82%E0%B8%AD%E0%B8%87%E0%B9%84%E0%B8%AD%E0%B8%97%E0%B8%B5%E0%B9%80%E0%B8%AA%E0%B8%B5%E0%B8%A2-%E0%B8%AB%E0%B8%99%E0%B8%AD%E0%B8%87%E0%B8%9A%E0%B8%B1%E0%B8%A7%E0%B8%A5%E0%B8%B3%E0%B8%A0%E0%B8%B9","https://amphon.co.th/รับซื้อ/รับซื้อของไอทีเสีย-หนองบัวลำภู","Yes","PASS",""
"https://amphon.co.th/%E0%B8%A3%E0%B8%B1%E0%B8%9A%E0%B8%8B%E0%B8%B7%E0%B9%89%E0%B8%AD/%E0%B8%A3%E0%B8%B1%E0%B8%9A%E0%B8%8B%E0%B8%B7%E0%B9%89%E0%B8%AD%E0%B8%82%E0%B8%AD%E0%B8%87%E0%B9%84%E0%B8%AD%E0%B8%97%E0%B8%B5%E0%B9%80%E0%B8%AA%E0%B8%B5%E0%B8%A2-%E0%B8%AB%E0%B8%99%E0%B8%AD%E0%B8%87%E0%B8%84%E0%B8%B2%E0%B8%A2","200","0","https://amphon.co.th/%E0%B8%A3%E0%B8%B1%E0%B8%9A%E0%B8%8B%E0%B8%B7%E0%B9%89%E0%B8%AD/%E0%B8%A3%E0%B8%B1%E0%B8%9A%E0%B8%8B%E0%B8%B7%E0%B9%89%E0%B8%AD%E0%B8%82%E0%B8%AD%E0%B8%87%E0%B9%84%E0%B8%AD%E0%B8%97%E0%B8%B5%E0%B9%80%E0%B8%AA%E0%B8%B5%E0%B8%A2-%E0%B8%AB%E0%B8%99%E0%B8%AD%E0%B8%87%E0%B8%84%E0%B8%B2%E0%B8%A2","https://amphon.co.th/รับซื้อ/รับซื้อของไอทีเสีย-หนองคาย","Yes","PASS",""
"https://amphon.co.th/%E0%B8%A3%E0%B8%B1%E0%B8%9A%E0%B8%8B%E0%B8%B7%E0%B9%89%E0%B8%AD/%E0%B8%A3%E0%B8%B1%E0%B8%9A%E0%B8%8B%E0%B8%B7%E0%B9%89%E0%B8%AD%E0%B8%82%E0%B8%AD%E0%B8%87%E0%B9%84%E0%B8%AD%E0%B8%97%E0%B8%B5%E0%B9%80%E0%B8%AA%E0%B8%B5%E0%B8%A2-%E0%B8%AD%E0%B8%B3%E0%B8%99%E0%B8%B2%E0%B8%88%E0%B9%80%E0%B8%88%E0%B8%A3%E0%B8%B4%E0%B8%8D","200","0","https://amphon.co.th/%E0%B8%A3%E0%B8%B1%E0%B8%9A%E0%B8%8B%E0%B8%B7%E0%B9%89%E0%B8%AD/%E0%B8%A3%E0%B8%B1%E0%B8%9A%E0%B8%8B%E0%B8%B7%E0%B9%89%E0%B8%AD%E0%B8%82%E0%B8%AD%E0%B8%87%E0%B9%84%E0%B8%AD%E0%B8%97%E0%B8%B5%E0%B9%80%E0%B8%AA%E0%B8%B5%E0%B8%A2-%E0%B8%AD%E0%B8%B3%E0%B8%99%E0%B8%B2%E0%B8%88%E0%B9%80%E0%B8%88%E0%B8%A3%E0%B8%B4%E0%B8%8D","https://amphon.co.th/รับซื้อ/รับซื้อของไอทีเสีย-อำนาจเจริญ","Yes","PASS",""
"https://amphon.co.th/%E0%B8%A3%E0%B8%B1%E0%B8%9A%E0%B8%8B%E0%B8%B7%E0%B9%89%E0%B8%AD/%E0%B8%A3%E0%B8%B1%E0%B8%9A%E0%B8%8B%E0%B8%B7%E0%B9%89%E0%B8%AD%E0%B8%82%E0%B8%AD%E0%B8%87%E0%B9%84%E0%B8%AD%E0%B8%97%E0%B8%B5%E0%B9%80%E0%B8%AA%E0%B8%B5%E0%B8%A2-%E0%B8%AD%E0%B8%B8%E0%B8%9A%E0%B8%A5%E0%B8%A3%E0%B8%B2%E0%B8%8A%E0%B8%98%E0%B8%B2%E0%B8%99%E0%B8%B5","200","0","https://amphon.co.th/%E0%B8%A3%E0%B8%B1%E0%B8%9A%E0%B8%8B%E0%B8%B7%E0%B9%89%E0%B8%AD/%E0%B8%A3%E0%B8%B1%E0%B8%9A%E0%B8%8B%E0%B8%B7%E0%B9%89%E0%B8%AD%E0%B8%82%E0%B8%AD%E0%B8%87%E0%B9%84%E0%B8%AD%E0%B8%97%E0%B8%B5%E0%B9%80%E0%B8%AA%E0%B8%B5%E0%B8%A2-%E0%B8%AD%E0%B8%B8%E0%B8%9A%E0%B8%A5%E0%B8%A3%E0%B8%B2%E0%B8%8A%E0%B8%98%E0%B8%B2%E0%B8%99%E0%B8%B5","https://amphon.co.th/รับซื้อ/รับซื้อของไอทีเสีย-อุบลราชธานี","Yes","PASS",""
"https://amphon.co.th/%E0%B8%A3%E0%B8%B1%E0%B8%9A%E0%B8%8B%E0%B8%B7%E0%B9%89%E0%B8%AD/%E0%B8%A3%E0%B8%B1%E0%B8%9A%E0%B8%8B%E0%B8%B7%E0%B9%89%E0%B8%AD%E0%B8%82%E0%B8%AD%E0%B8%87%E0%B9%84%E0%B8%AD%E0%B8%97%E0%B8%B5%E0%B9%80%E0%B8%AA%E0%B8%B5%E0%B8%A2-%E0%B8%AD%E0%B8%B8%E0%B8%94%E0%B8%A3%E0%B8%98%E0%B8%B2%E0%B8%99%E0%B8%B5","200","0","https://amphon.co.th/%E0%B8%A3%E0%B8%B1%E0%B8%9A%E0%B8%8B%E0%B8%B7%E0%B9%89%E0%B8%AD/%E0%B8%A3%E0%B8%B1%E0%B8%9A%E0%B8%8B%E0%B8%B7%E0%B9%89%E0%B8%AD%E0%B8%82%E0%B8%AD%E0%B8%87%E0%B9%84%E0%B8%AD%E0%B8%97%E0%B8%B5%E0%B9%80%E0%B8%AA%E0%B8%B5%E0%B8%A2-%E0%B8%AD%E0%B8%B8%E0%B8%94%E0%B8%A3%E0%B8%98%E0%B8%B2%E0%B8%99%E0%B8%B5","https://amphon.co.th/รับซื้อ/รับซื้อของไอทีเสีย-อุดรธานี","Yes","PASS",""
"https://amphon.co.th/%E0%B8%A3%E0%B8%B1%E0%B8%9A%E0%B8%8B%E0%B8%B7%E0%B9%89%E0%B8%AD/%E0%B8%A3%E0%B8%B1%E0%B8%9A%E0%B8%8B%E0%B8%B7%E0%B9%89%E0%B8%AD%E0%B8%82%E0%B8%AD%E0%B8%87%E0%B9%84%E0%B8%AD%E0%B8%97%E0%B8%B5%E0%B9%80%E0%B8%AA%E0%B8%B5%E0%B8%A2-%E0%B9%80%E0%B8%A5%E0%B8%A2","200","0","https://amphon.co.th/%E0%B8%A3%E0%B8%B1%E0%B8%9A%E0%B8%8B%E0%B8%B7%E0%B9%89%E0%B8%AD/%E0%B8%A3%E0%B8%B1%E0%B8%9A%E0%B8%8B%E0%B8%B7%E0%B9%89%E0%B8%AD%E0%B8%82%E0%B8%AD%E0%B8%87%E0%B9%84%E0%B8%AD%E0%B8%97%E0%B8%B5%E0%B9%80%E0%B8%AA%E0%B8%B5%E0%B8%A2-%E0%B9%80%E0%B8%A5%E0%B8%A2","https://amphon.co.th/รับซื้อ/รับซื้อของไอทีเสีย-เลย","Yes","PASS",""
"https://amphon.co.th/%E0%B8%A3%E0%B8%B1%E0%B8%9A%E0%B8%8B%E0%B8%B7%E0%B9%89%E0%B8%AD/%E0%B8%A3%E0%B8%B1%E0%B8%9A%E0%B8%8B%E0%B8%B7%E0%B9%89%E0%B8%AD%E0%B8%84%E0%B8%AD%E0%B8%A1%E0%B8%9A%E0%B8%A3%E0%B8%B4%E0%B8%A9%E0%B8%B1%E0%B8%97-%E0%B8%8A%E0%B8%B1%E0%B8%A2%E0%B8%A0%E0%B8%B9%E0%B8%A1%E0%B8%B4","200","0","https://amphon.co.th/%E0%B8%A3%E0%B8%B1%E0%B8%9A%E0%B8%8B%E0%B8%B7%E0%B9%89%E0%B8%AD/%E0%B8%A3%E0%B8%B1%E0%B8%9A%E0%B8%8B%E0%B8%B7%E0%B9%89%E0%B8%AD%E0%B8%84%E0%B8%AD%E0%B8%A1%E0%B8%9A%E0%B8%A3%E0%B8%B4%E0%B8%A9%E0%B8%B1%E0%B8%97-%E0%B8%8A%E0%B8%B1%E0%B8%A2%E0%B8%A0%E0%B8%B9%E0%B8%A1%E0%B8%B4","https://amphon.co.th/รับซื้อ/รับซื้อคอมบริษัท-ชัยภูมิ","Yes","PASS",""
"https://amphon.co.th/%E0%B8%A3%E0%B8%B1%E0%B8%9A%E0%B8%8B%E0%B8%B7%E0%B9%89%E0%B8%AD/%E0%B8%A3%E0%B8%B1%E0%B8%9A%E0%B8%8B%E0%B8%B7%E0%B9%89%E0%B8%AD%E0%B8%84%E0%B8%AD%E0%B8%A1%E0%B8%9A%E0%B8%A3%E0%B8%B4%E0%B8%A9%E0%B8%B1%E0%B8%97-%E0%B8%9A%E0%B8%B6%E0%B8%87%E0%B8%81%E0%B8%B2%E0%B8%AC","200","0","https://amphon.co.th/%E0%B8%A3%E0%B8%B1%E0%B8%9A%E0%B8%8B%E0%B8%B7%E0%B9%89%E0%B8%AD/%E0%B8%A3%E0%B8%B1%E0%B8%9A%E0%B8%8B%E0%B8%B7%E0%B9%89%E0%B8%AD%E0%B8%84%E0%B8%AD%E0%B8%A1%E0%B8%9A%E0%B8%A3%E0%B8%B4%E0%B8%A9%E0%B8%B1%E0%B8%97-%E0%B8%9A%E0%B8%B6%E0%B8%87%E0%B8%81%E0%B8%B2%E0%B8%AC","https://amphon.co.th/รับซื้อ/รับซื้อคอมบริษัท-บึงกาฬ","Yes","PASS",""
"https://amphon.co.th/%E0%B8%A3%E0%B8%B1%E0%B8%9A%E0%B8%8B%E0%B8%B7%E0%B9%89%E0%B8%AD/%E0%B8%A3%E0%B8%B1%E0%B8%9A%E0%B8%8B%E0%B8%B7%E0%B9%89%E0%B8%AD%E0%B8%84%E0%B8%AD%E0%B8%A1%E0%B8%9A%E0%B8%A3%E0%B8%B4%E0%B8%A9%E0%B8%B1%E0%B8%97-%E0%B8%9A%E0%B8%B8%E0%B8%A3%E0%B8%B5%E0%B8%A3%E0%B8%B1%E0%B8%A1%E0%B8%A2%E0%B9%8C","200","0","https://amphon.co.th/%E0%B8%A3%E0%B8%B1%E0%B8%9A%E0%B8%8B%E0%B8%B7%E0%B9%89%E0%B8%AD/%E0%B8%A3%E0%B8%B1%E0%B8%9A%E0%B8%8B%E0%B8%B7%E0%B9%89%E0%B8%AD%E0%B8%84%E0%B8%AD%E0%B8%A1%E0%B8%9A%E0%B8%A3%E0%B8%B4%E0%B8%A9%E0%B8%B1%E0%B8%97-%E0%B8%9A%E0%B8%B8%E0%B8%A3%E0%B8%B5%E0%B8%A3%E0%B8%B1%E0%B8%A1%E0%B8%A2%E0%B9%8C","https://amphon.co.th/รับซื้อ/รับซื้อคอมบริษัท-บุรีรัมย์","Yes","PASS",""
"https://amphon.co.th/%E0%B8%A3%E0%B8%B1%E0%B8%9A%E0%B8%8B%E0%B8%B7%E0%B9%89%E0%B8%AD/%E0%B8%A3%E0%B8%B1%E0%B8%9A%E0%B8%8B%E0%B8%B7%E0%B9%89%E0%B8%AD%E0%B8%84%E0%B8%AD%E0%B8%A1%E0%B8%9A%E0%B8%A3%E0%B8%B4%E0%B8%A9%E0%B8%B1%E0%B8%97-%E0%B8%81%E0%B8%B2%E0%B8%AC%E0%B8%AA%E0%B8%B4%E0%B8%99%E0%B8%98%E0%B8%B8%E0%B9%8C","200","0","https://amphon.co.th/%E0%B8%A3%E0%B8%B1%E0%B8%9A%E0%B8%8B%E0%B8%B7%E0%B9%89%E0%B8%AD/%E0%B8%A3%E0%B8%B1%E0%B8%9A%E0%B8%8B%E0%B8%B7%E0%B9%89%E0%B8%AD%E0%B8%84%E0%B8%AD%E0%B8%A1%E0%B8%9A%E0%B8%A3%E0%B8%B4%E0%B8%A9%E0%B8%B1%E0%B8%97-%E0%B8%81%E0%B8%B2%E0%B8%AC%E0%B8%AA%E0%B8%B4%E0%B8%99%E0%B8%98%E0%B8%B8%E0%B9%8C","https://amphon.co.th/รับซื้อ/รับซื้อคอมบริษัท-กาฬสินธุ์","Yes","PASS",""
"https://amphon.co.th/%E0%B8%A3%E0%B8%B1%E0%B8%9A%E0%B8%8B%E0%B8%B7%E0%B9%89%E0%B8%AD/%E0%B8%A3%E0%B8%B1%E0%B8%9A%E0%B8%8B%E0%B8%B7%E0%B9%89%E0%B8%AD%E0%B8%84%E0%B8%AD%E0%B8%A1%E0%B8%9A%E0%B8%A3%E0%B8%B4%E0%B8%A9%E0%B8%B1%E0%B8%97-%E0%B8%82%E0%B8%AD%E0%B8%99%E0%B9%81%E0%B8%81%E0%B9%88%E0%B8%99","200","0","https://amphon.co.th/%E0%B8%A3%E0%B8%B1%E0%B8%9A%E0%B8%8B%E0%B8%B7%E0%B9%89%E0%B8%AD/%E0%B8%A3%E0%B8%B1%E0%B8%9A%E0%B8%8B%E0%B8%B7%E0%B9%89%E0%B8%AD%E0%B8%84%E0%B8%AD%E0%B8%A1%E0%B8%9A%E0%B8%A3%E0%B8%B4%E0%B8%A9%E0%B8%B1%E0%B8%97-%E0%B8%82%E0%B8%AD%E0%B8%99%E0%B9%81%E0%B8%81%E0%B9%88%E0%B8%99","https://amphon.co.th/รับซื้อ/รับซื้อคอมบริษัท-ขอนแก่น","Yes","PASS",""
"https://amphon.co.th/%E0%B8%A3%E0%B8%B1%E0%B8%9A%E0%B8%8B%E0%B8%B7%E0%B9%89%E0%B8%AD/%E0%B8%A3%E0%B8%B1%E0%B8%9A%E0%B8%8B%E0%B8%B7%E0%B9%89%E0%B8%AD%E0%B8%84%E0%B8%AD%E0%B8%A1%E0%B8%9A%E0%B8%A3%E0%B8%B4%E0%B8%A9%E0%B8%B1%E0%B8%97-%E0%B8%99%E0%B8%84%E0%B8%A3%E0%B8%9E%E0%B8%99%E0%B8%A1","200","0","https://amphon.co.th/%E0%B8%A3%E0%B8%B1%E0%B8%9A%E0%B8%8B%E0%B8%B7%E0%B9%89%E0%B8%AD/%E0%B8%A3%E0%B8%B1%E0%B8%9A%E0%B8%8B%E0%B8%B7%E0%B9%89%E0%B8%AD%E0%B8%84%E0%B8%AD%E0%B8%A1%E0%B8%9A%E0%B8%A3%E0%B8%B4%E0%B8%A9%E0%B8%B1%E0%B8%97-%E0%B8%99%E0%B8%84%E0%B8%A3%E0%B8%9E%E0%B8%99%E0%B8%A1","https://amphon.co.th/รับซื้อ/รับซื้อคอมบริษัท-นครพนม","Yes","PASS",""
"https://amphon.co.th/%E0%B8%A3%E0%B8%B1%E0%B8%9A%E0%B8%8B%E0%B8%B7%E0%B9%89%E0%B8%AD/%E0%B8%A3%E0%B8%B1%E0%B8%9A%E0%B8%8B%E0%B8%B7%E0%B9%89%E0%B8%AD%E0%B8%84%E0%B8%AD%E0%B8%A1%E0%B8%9A%E0%B8%A3%E0%B8%B4%E0%B8%A9%E0%B8%B1%E0%B8%97-%E0%B8%99%E0%B8%84%E0%B8%A3%E0%B8%A3%E0%B8%B2%E0%B8%8A%E0%B8%AA%E0%B8%B5%E0%B8%A1%E0%B8%B2","200","0","https://amphon.co.th/%E0%B8%A3%E0%B8%B1%E0%B8%9A%E0%B8%8B%E0%B8%B7%E0%B9%89%E0%B8%AD/%E0%B8%A3%E0%B8%B1%E0%B8%9A%E0%B8%8B%E0%B8%B7%E0%B9%89%E0%B8%AD%E0%B8%84%E0%B8%AD%E0%B8%A1%E0%B8%9A%E0%B8%A3%E0%B8%B4%E0%B8%A9%E0%B8%B1%E0%B8%97-%E0%B8%99%E0%B8%84%E0%B8%A3%E0%B8%A3%E0%B8%B2%E0%B8%8A%E0%B8%AA%E0%B8%B5%E0%B8%A1%E0%B8%B2","https://amphon.co.th/รับซื้อ/รับซื้อคอมบริษัท-นครราชสีมา","Yes","PASS",""
"https://amphon.co.th/%E0%B8%A3%E0%B8%B1%E0%B8%9A%E0%B8%8B%E0%B8%B7%E0%B9%89%E0%B8%AD/%E0%B8%A3%E0%B8%B1%E0%B8%9A%E0%B8%8B%E0%B8%B7%E0%B9%89%E0%B8%AD%E0%B8%84%E0%B8%AD%E0%B8%A1%E0%B8%9A%E0%B8%A3%E0%B8%B4%E0%B8%A9%E0%B8%B1%E0%B8%97-%E0%B8%A1%E0%B8%AB%E0%B8%B2%E0%B8%AA%E0%B8%B2%E0%B8%A3%E0%B8%84%E0%B8%B2%E0%B8%A1","200","0","https://amphon.co.th/%E0%B8%A3%E0%B8%B1%E0%B8%9A%E0%B8%8B%E0%B8%B7%E0%B9%89%E0%B8%AD/%E0%B8%A3%E0%B8%B1%E0%B8%9A%E0%B8%8B%E0%B8%B7%E0%B9%89%E0%B8%AD%E0%B8%84%E0%B8%AD%E0%B8%A1%E0%B8%9A%E0%B8%A3%E0%B8%B4%E0%B8%A9%E0%B8%B1%E0%B8%97-%E0%B8%A1%E0%B8%AB%E0%B8%B2%E0%B8%AA%E0%B8%B2%E0%B8%A3%E0%B8%84%E0%B8%B2%E0%B8%A1","https://amphon.co.th/รับซื้อ/รับซื้อคอมบริษัท-มหาสารคาม","Yes","PASS",""
"https://amphon.co.th/%E0%B8%A3%E0%B8%B1%E0%B8%9A%E0%B8%8B%E0%B8%B7%E0%B9%89%E0%B8%AD/%E0%B8%A3%E0%B8%B1%E0%B8%9A%E0%B8%8B%E0%B8%B7%E0%B9%89%E0%B8%AD%E0%B8%84%E0%B8%AD%E0%B8%A1%E0%B8%9A%E0%B8%A3%E0%B8%B4%E0%B8%A9%E0%B8%B1%E0%B8%97-%E0%B8%A1%E0%B8%B8%E0%B8%81%E0%B8%94%E0%B8%B2%E0%B8%AB%E0%B8%B2%E0%B8%A3","200","0","https://amphon.co.th/%E0%B8%A3%E0%B8%B1%E0%B8%9A%E0%B8%8B%E0%B8%B7%E0%B9%89%E0%B8%AD/%E0%B8%A3%E0%B8%B1%E0%B8%9A%E0%B8%8B%E0%B8%B7%E0%B9%89%E0%B8%AD%E0%B8%84%E0%B8%AD%E0%B8%A1%E0%B8%9A%E0%B8%A3%E0%B8%B4%E0%B8%A9%E0%B8%B1%E0%B8%97-%E0%B8%A1%E0%B8%B8%E0%B8%81%E0%B8%94%E0%B8%B2%E0%B8%AB%E0%B8%B2%E0%B8%A3","https://amphon.co.th/รับซื้อ/รับซื้อคอมบริษัท-มุกดาหาร","Yes","PASS",""
"https://amphon.co.th/%E0%B8%A3%E0%B8%B1%E0%B8%9A%E0%B8%8B%E0%B8%B7%E0%B9%89%E0%B8%AD/%E0%B8%A3%E0%B8%B1%E0%B8%9A%E0%B8%8B%E0%B8%B7%E0%B9%89%E0%B8%AD%E0%B8%84%E0%B8%AD%E0%B8%A1%E0%B8%9A%E0%B8%A3%E0%B8%B4%E0%B8%A9%E0%B8%B1%E0%B8%97-%E0%B8%A2%E0%B9%82%E0%B8%AA%E0%B8%98%E0%B8%A3","200","0","https://amphon.co.th/%E0%B8%A3%E0%B8%B1%E0%B8%9A%E0%B8%8B%E0%B8%B7%E0%B9%89%E0%B8%AD/%E0%B8%A3%E0%B8%B1%E0%B8%9A%E0%B8%8B%E0%B8%B7%E0%B9%89%E0%B8%AD%E0%B8%84%E0%B8%AD%E0%B8%A1%E0%B8%9A%E0%B8%A3%E0%B8%B4%E0%B8%A9%E0%B8%B1%E0%B8%97-%E0%B8%A2%E0%B9%82%E0%B8%AA%E0%B8%98%E0%B8%A3","https://amphon.co.th/รับซื้อ/รับซื้อคอมบริษัท-ยโสธร","Yes","PASS",""
"https://amphon.co.th/%E0%B8%A3%E0%B8%B1%E0%B8%9A%E0%B8%8B%E0%B8%B7%E0%B9%89%E0%B8%AD/%E0%B8%A3%E0%B8%B1%E0%B8%9A%E0%B8%8B%E0%B8%B7%E0%B9%89%E0%B8%AD%E0%B8%84%E0%B8%AD%E0%B8%A1%E0%B8%9A%E0%B8%A3%E0%B8%B4%E0%B8%A9%E0%B8%B1%E0%B8%97-%E0%B8%A3%E0%B9%89%E0%B8%AD%E0%B8%A2%E0%B9%80%E0%B8%AD%E0%B9%87%E0%B8%94","200","0","https://amphon.co.th/%E0%B8%A3%E0%B8%B1%E0%B8%9A%E0%B8%8B%E0%B8%B7%E0%B9%89%E0%B8%AD/%E0%B8%A3%E0%B8%B1%E0%B8%9A%E0%B8%8B%E0%B8%B7%E0%B9%89%E0%B8%AD%E0%B8%84%E0%B8%AD%E0%B8%A1%E0%B8%9A%E0%B8%A3%E0%B8%B4%E0%B8%A9%E0%B8%B1%E0%B8%97-%E0%B8%A3%E0%B9%89%E0%B8%AD%E0%B8%A2%E0%B9%80%E0%B8%AD%E0%B9%87%E0%B8%94","https://amphon.co.th/รับซื้อ/รับซื้อคอมบริษัท-ร้อยเอ็ด","Yes","PASS",""
"https://amphon.co.th/%E0%B8%A3%E0%B8%B1%E0%B8%9A%E0%B8%8B%E0%B8%B7%E0%B9%89%E0%B8%AD/%E0%B8%A3%E0%B8%B1%E0%B8%9A%E0%B8%8B%E0%B8%B7%E0%B9%89%E0%B8%AD%E0%B8%84%E0%B8%AD%E0%B8%A1%E0%B8%9A%E0%B8%A3%E0%B8%B4%E0%B8%A9%E0%B8%B1%E0%B8%97-%E0%B8%A8%E0%B8%A3%E0%B8%B5%E0%B8%AA%E0%B8%B0%E0%B9%80%E0%B8%81%E0%B8%A9","200","0","https://amphon.co.th/%E0%B8%A3%E0%B8%B1%E0%B8%9A%E0%B8%8B%E0%B8%B7%E0%B9%89%E0%B8%AD/%E0%B8%A3%E0%B8%B1%E0%B8%9A%E0%B8%8B%E0%B8%B7%E0%B9%89%E0%B8%AD%E0%B8%84%E0%B8%AD%E0%B8%A1%E0%B8%9A%E0%B8%A3%E0%B8%B4%E0%B8%A9%E0%B8%B1%E0%B8%97-%E0%B8%A8%E0%B8%A3%E0%B8%B5%E0%B8%AA%E0%B8%B0%E0%B9%80%E0%B8%81%E0%B8%A9","https://amphon.co.th/รับซื้อ/รับซื้อคอมบริษัท-ศรีสะเกษ","Yes","PASS",""
"https://amphon.co.th/%E0%B8%A3%E0%B8%B1%E0%B8%9A%E0%B8%8B%E0%B8%B7%E0%B9%89%E0%B8%AD/%E0%B8%A3%E0%B8%B1%E0%B8%9A%E0%B8%8B%E0%B8%B7%E0%B9%89%E0%B8%AD%E0%B8%84%E0%B8%AD%E0%B8%A1%E0%B8%9A%E0%B8%A3%E0%B8%B4%E0%B8%A9%E0%B8%B1%E0%B8%97-%E0%B8%AA%E0%B8%81%E0%B8%A5%E0%B8%99%E0%B8%84%E0%B8%A3","200","0","https://amphon.co.th/%E0%B8%A3%E0%B8%B1%E0%B8%9A%E0%B8%8B%E0%B8%B7%E0%B9%89%E0%B8%AD/%E0%B8%A3%E0%B8%B1%E0%B8%9A%E0%B8%8B%E0%B8%B7%E0%B9%89%E0%B8%AD%E0%B8%84%E0%B8%AD%E0%B8%A1%E0%B8%9A%E0%B8%A3%E0%B8%B4%E0%B8%A9%E0%B8%B1%E0%B8%97-%E0%B8%AA%E0%B8%81%E0%B8%A5%E0%B8%99%E0%B8%84%E0%B8%A3","https://amphon.co.th/รับซื้อ/รับซื้อคอมบริษัท-สกลนคร","Yes","PASS",""
"https://amphon.co.th/%E0%B8%A3%E0%B8%B1%E0%B8%9A%E0%B8%8B%E0%B8%B7%E0%B9%89%E0%B8%AD/%E0%B8%A3%E0%B8%B1%E0%B8%9A%E0%B8%8B%E0%B8%B7%E0%B9%89%E0%B8%AD%E0%B8%84%E0%B8%AD%E0%B8%A1%E0%B8%9A%E0%B8%A3%E0%B8%B4%E0%B8%A9%E0%B8%B1%E0%B8%97-%E0%B8%AA%E0%B8%B8%E0%B8%A3%E0%B8%B4%E0%B8%99%E0%B8%97%E0%B8%A3%E0%B9%8C","200","0","https://amphon.co.th/%E0%B8%A3%E0%B8%B1%E0%B8%9A%E0%B8%8B%E0%B8%B7%E0%B9%89%E0%B8%AD/%E0%B8%A3%E0%B8%B1%E0%B8%9A%E0%B8%8B%E0%B8%B7%E0%B9%89%E0%B8%AD%E0%B8%84%E0%B8%AD%E0%B8%A1%E0%B8%9A%E0%B8%A3%E0%B8%B4%E0%B8%A9%E0%B8%B1%E0%B8%97-%E0%B8%AA%E0%B8%B8%E0%B8%A3%E0%B8%B4%E0%B8%99%E0%B8%97%E0%B8%A3%E0%B9%8C","https://amphon.co.th/รับซื้อ/รับซื้อคอมบริษัท-สุรินทร์","Yes","PASS",""
"https://amphon.co.th/%E0%B8%A3%E0%B8%B1%E0%B8%9A%E0%B8%8B%E0%B8%B7%E0%B9%89%E0%B8%AD/%E0%B8%A3%E0%B8%B1%E0%B8%9A%E0%B8%8B%E0%B8%B7%E0%B9%89%E0%B8%AD%E0%B8%84%E0%B8%AD%E0%B8%A1%E0%B8%9A%E0%B8%A3%E0%B8%B4%E0%B8%A9%E0%B8%B1%E0%B8%97-%E0%B8%AB%E0%B8%99%E0%B8%AD%E0%B8%87%E0%B8%9A%E0%B8%B1%E0%B8%A7%E0%B8%A5%E0%B8%B3%E0%B8%A0%E0%B8%B9","200","0","https://amphon.co.th/%E0%B8%A3%E0%B8%B1%E0%B8%9A%E0%B8%8B%E0%B8%B7%E0%B9%89%E0%B8%AD/%E0%B8%A3%E0%B8%B1%E0%B8%9A%E0%B8%8B%E0%B8%B7%E0%B9%89%E0%B8%AD%E0%B8%84%E0%B8%AD%E0%B8%A1%E0%B8%9A%E0%B8%A3%E0%B8%B4%E0%B8%A9%E0%B8%B1%E0%B8%97-%E0%B8%AB%E0%B8%99%E0%B8%AD%E0%B8%87%E0%B8%9A%E0%B8%B1%E0%B8%A7%E0%B8%A5%E0%B8%B3%E0%B8%A0%E0%B8%B9","https://amphon.co.th/รับซื้อ/รับซื้อคอมบริษัท-หนองบัวลำภู","Yes","PASS",""
"https://amphon.co.th/%E0%B8%A3%E0%B8%B1%E0%B8%9A%E0%B8%8B%E0%B8%B7%E0%B9%89%E0%B8%AD/%E0%B8%A3%E0%B8%B1%E0%B8%9A%E0%B8%8B%E0%B8%B7%E0%B9%89%E0%B8%AD%E0%B8%84%E0%B8%AD%E0%B8%A1%E0%B8%9A%E0%B8%A3%E0%B8%B4%E0%B8%A9%E0%B8%B1%E0%B8%97-%E0%B8%AB%E0%B8%99%E0%B8%AD%E0%B8%87%E0%B8%84%E0%B8%B2%E0%B8%A2","200","0","https://amphon.co.th/%E0%B8%A3%E0%B8%B1%E0%B8%9A%E0%B8%8B%E0%B8%B7%E0%B9%89%E0%B8%AD/%E0%B8%A3%E0%B8%B1%E0%B8%9A%E0%B8%8B%E0%B8%B7%E0%B9%89%E0%B8%AD%E0%B8%84%E0%B8%AD%E0%B8%A1%E0%B8%9A%E0%B8%A3%E0%B8%B4%E0%B8%A9%E0%B8%B1%E0%B8%97-%E0%B8%AB%E0%B8%99%E0%B8%AD%E0%B8%87%E0%B8%84%E0%B8%B2%E0%B8%A2","https://amphon.co.th/รับซื้อ/รับซื้อคอมบริษัท-หนองคาย","Yes","PASS",""
"https://amphon.co.th/%E0%B8%A3%E0%B8%B1%E0%B8%9A%E0%B8%8B%E0%B8%B7%E0%B9%89%E0%B8%AD/%E0%B8%A3%E0%B8%B1%E0%B8%9A%E0%B8%8B%E0%B8%B7%E0%B9%89%E0%B8%AD%E0%B8%84%E0%B8%AD%E0%B8%A1%E0%B8%9A%E0%B8%A3%E0%B8%B4%E0%B8%A9%E0%B8%B1%E0%B8%97-%E0%B8%AD%E0%B8%B3%E0%B8%99%E0%B8%B2%E0%B8%88%E0%B9%80%E0%B8%88%E0%B8%A3%E0%B8%B4%E0%B8%8D","200","0","https://amphon.co.th/%E0%B8%A3%E0%B8%B1%E0%B8%9A%E0%B8%8B%E0%B8%B7%E0%B9%89%E0%B8%AD/%E0%B8%A3%E0%B8%B1%E0%B8%9A%E0%B8%8B%E0%B8%B7%E0%B9%89%E0%B8%AD%E0%B8%84%E0%B8%AD%E0%B8%A1%E0%B8%9A%E0%B8%A3%E0%B8%B4%E0%B8%A9%E0%B8%B1%E0%B8%97-%E0%B8%AD%E0%B8%B3%E0%B8%99%E0%B8%B2%E0%B8%88%E0%B9%80%E0%B8%88%E0%B8%A3%E0%B8%B4%E0%B8%8D","https://amphon.co.th/รับซื้อ/รับซื้อคอมบริษัท-อำนาจเจริญ","Yes","PASS",""
"https://amphon.co.th/%E0%B8%A3%E0%B8%B1%E0%B8%9A%E0%B8%8B%E0%B8%B7%E0%B9%89%E0%B8%AD/%E0%B8%A3%E0%B8%B1%E0%B8%9A%E0%B8%8B%E0%B8%B7%E0%B9%89%E0%B8%AD%E0%B8%84%E0%B8%AD%E0%B8%A1%E0%B8%9A%E0%B8%A3%E0%B8%B4%E0%B8%A9%E0%B8%B1%E0%B8%97-%E0%B8%AD%E0%B8%B8%E0%B8%9A%E0%B8%A5%E0%B8%A3%E0%B8%B2%E0%B8%8A%E0%B8%98%E0%B8%B2%E0%B8%99%E0%B8%B5","200","0","https://amphon.co.th/%E0%B8%A3%E0%B8%B1%E0%B8%9A%E0%B8%8B%E0%B8%B7%E0%B9%89%E0%B8%AD/%E0%B8%A3%E0%B8%B1%E0%B8%9A%E0%B8%8B%E0%B8%B7%E0%B9%89%E0%B8%AD%E0%B8%84%E0%B8%AD%E0%B8%A1%E0%B8%9A%E0%B8%A3%E0%B8%B4%E0%B8%A9%E0%B8%B1%E0%B8%97-%E0%B8%AD%E0%B8%B8%E0%B8%9A%E0%B8%A5%E0%B8%A3%E0%B8%B2%E0%B8%8A%E0%B8%98%E0%B8%B2%E0%B8%99%E0%B8%B5","https://amphon.co.th/รับซื้อ/รับซื้อคอมบริษัท-อุบลราชธานี","Yes","PASS",""
"https://amphon.co.th/%E0%B8%A3%E0%B8%B1%E0%B8%9A%E0%B8%8B%E0%B8%B7%E0%B9%89%E0%B8%AD/%E0%B8%A3%E0%B8%B1%E0%B8%9A%E0%B8%8B%E0%B8%B7%E0%B9%89%E0%B8%AD%E0%B8%84%E0%B8%AD%E0%B8%A1%E0%B8%9A%E0%B8%A3%E0%B8%B4%E0%B8%A9%E0%B8%B1%E0%B8%97-%E0%B8%AD%E0%B8%B8%E0%B8%94%E0%B8%A3%E0%B8%98%E0%B8%B2%E0%B8%99%E0%B8%B5","200","0","https://amphon.co.th/%E0%B8%A3%E0%B8%B1%E0%B8%9A%E0%B8%8B%E0%B8%B7%E0%B9%89%E0%B8%AD/%E0%B8%A3%E0%B8%B1%E0%B8%9A%E0%B8%8B%E0%B8%B7%E0%B9%89%E0%B8%AD%E0%B8%84%E0%B8%AD%E0%B8%A1%E0%B8%9A%E0%B8%A3%E0%B8%B4%E0%B8%A9%E0%B8%B1%E0%B8%97-%E0%B8%AD%E0%B8%B8%E0%B8%94%E0%B8%A3%E0%B8%98%E0%B8%B2%E0%B8%99%E0%B8%B5","https://amphon.co.th/รับซื้อ/รับซื้อคอมบริษัท-อุดรธานี","Yes","PASS",""
"https://amphon.co.th/%E0%B8%A3%E0%B8%B1%E0%B8%9A%E0%B8%8B%E0%B8%B7%E0%B9%89%E0%B8%AD/%E0%B8%A3%E0%B8%B1%E0%B8%9A%E0%B8%8B%E0%B8%B7%E0%B9%89%E0%B8%AD%E0%B8%84%E0%B8%AD%E0%B8%A1%E0%B8%9A%E0%B8%A3%E0%B8%B4%E0%B8%A9%E0%B8%B1%E0%B8%97-%E0%B9%80%E0%B8%A5%E0%B8%A2","200","0","https://amphon.co.th/%E0%B8%A3%E0%B8%B1%E0%B8%9A%E0%B8%8B%E0%B8%B7%E0%B9%89%E0%B8%AD/%E0%B8%A3%E0%B8%B1%E0%B8%9A%E0%B8%8B%E0%B8%B7%E0%B9%89%E0%B8%AD%E0%B8%84%E0%B8%AD%E0%B8%A1%E0%B8%9A%E0%B8%A3%E0%B8%B4%E0%B8%A9%E0%B8%B1%E0%B8%97-%E0%B9%80%E0%B8%A5%E0%B8%A2","https://amphon.co.th/รับซื้อ/รับซื้อคอมบริษัท-เลย","Yes","PASS",""
"https://amphon.co.th/%E0%B8%A3%E0%B8%B1%E0%B8%9A%E0%B8%8B%E0%B8%B7%E0%B9%89%E0%B8%AD/%E0%B8%A3%E0%B8%B1%E0%B8%9A%E0%B8%8B%E0%B8%B7%E0%B9%89%E0%B8%AD%E0%B8%84%E0%B8%AD%E0%B8%A1%E0%B8%9E%E0%B8%B4%E0%B8%A7%E0%B9%80%E0%B8%95%E0%B8%AD%E0%B8%A3%E0%B9%8C-%E0%B8%8A%E0%B8%B1%E0%B8%A2%E0%B8%A0%E0%B8%B9%E0%B8%A1%E0%B8%B4","200","0","https://amphon.co.th/%E0%B8%A3%E0%B8%B1%E0%B8%9A%E0%B8%8B%E0%B8%B7%E0%B9%89%E0%B8%AD/%E0%B8%A3%E0%B8%B1%E0%B8%9A%E0%B8%8B%E0%B8%B7%E0%B9%89%E0%B8%AD%E0%B8%84%E0%B8%AD%E0%B8%A1%E0%B8%9E%E0%B8%B4%E0%B8%A7%E0%B9%80%E0%B8%95%E0%B8%AD%E0%B8%A3%E0%B9%8C-%E0%B8%8A%E0%B8%B1%E0%B8%A2%E0%B8%A0%E0%B8%B9%E0%B8%A1%E0%B8%B4","https://amphon.co.th/รับซื้อ/รับซื้อคอมพิวเตอร์-ชัยภูมิ","Yes","PASS",""
"https://amphon.co.th/%E0%B8%A3%E0%B8%B1%E0%B8%9A%E0%B8%8B%E0%B8%B7%E0%B9%89%E0%B8%AD/%E0%B8%A3%E0%B8%B1%E0%B8%9A%E0%B8%8B%E0%B8%B7%E0%B9%89%E0%B8%AD%E0%B8%84%E0%B8%AD%E0%B8%A1%E0%B8%9E%E0%B8%B4%E0%B8%A7%E0%B9%80%E0%B8%95%E0%B8%AD%E0%B8%A3%E0%B9%8C-%E0%B8%9A%E0%B8%B6%E0%B8%87%E0%B8%81%E0%B8%B2%E0%B8%AC","200","0","https://amphon.co.th/%E0%B8%A3%E0%B8%B1%E0%B8%9A%E0%B8%8B%E0%B8%B7%E0%B9%89%E0%B8%AD/%E0%B8%A3%E0%B8%B1%E0%B8%9A%E0%B8%8B%E0%B8%B7%E0%B9%89%E0%B8%AD%E0%B8%84%E0%B8%AD%E0%B8%A1%E0%B8%9E%E0%B8%B4%E0%B8%A7%E0%B9%80%E0%B8%95%E0%B8%AD%E0%B8%A3%E0%B9%8C-%E0%B8%9A%E0%B8%B6%E0%B8%87%E0%B8%81%E0%B8%B2%E0%B8%AC","https://amphon.co.th/รับซื้อ/รับซื้อคอมพิวเตอร์-บึงกาฬ","Yes","PASS",""
"https://amphon.co.th/%E0%B8%A3%E0%B8%B1%E0%B8%9A%E0%B8%8B%E0%B8%B7%E0%B9%89%E0%B8%AD/%E0%B8%A3%E0%B8%B1%E0%B8%9A%E0%B8%8B%E0%B8%B7%E0%B9%89%E0%B8%AD%E0%B8%84%E0%B8%AD%E0%B8%A1%E0%B8%9E%E0%B8%B4%E0%B8%A7%E0%B9%80%E0%B8%95%E0%B8%AD%E0%B8%A3%E0%B9%8C-%E0%B8%9A%E0%B8%B8%E0%B8%A3%E0%B8%B5%E0%B8%A3%E0%B8%B1%E0%B8%A1%E0%B8%A2%E0%B9%8C","200","0","https://amphon.co.th/%E0%B8%A3%E0%B8%B1%E0%B8%9A%E0%B8%8B%E0%B8%B7%E0%B9%89%E0%B8%AD/%E0%B8%A3%E0%B8%B1%E0%B8%9A%E0%B8%8B%E0%B8%B7%E0%B9%89%E0%B8%AD%E0%B8%84%E0%B8%AD%E0%B8%A1%E0%B8%9E%E0%B8%B4%E0%B8%A7%E0%B9%80%E0%B8%95%E0%B8%AD%E0%B8%A3%E0%B9%8C-%E0%B8%9A%E0%B8%B8%E0%B8%A3%E0%B8%B5%E0%B8%A3%E0%B8%B1%E0%B8%A1%E0%B8%A2%E0%B9%8C","https://amphon.co.th/รับซื้อ/รับซื้อคอมพิวเตอร์-บุรีรัมย์","Yes","PASS",""
"https://amphon.co.th/%E0%B8%A3%E0%B8%B1%E0%B8%9A%E0%B8%8B%E0%B8%B7%E0%B9%89%E0%B8%AD/%E0%B8%A3%E0%B8%B1%E0%B8%9A%E0%B8%8B%E0%B8%B7%E0%B9%89%E0%B8%AD%E0%B8%84%E0%B8%AD%E0%B8%A1%E0%B8%9E%E0%B8%B4%E0%B8%A7%E0%B9%80%E0%B8%95%E0%B8%AD%E0%B8%A3%E0%B9%8C-%E0%B8%81%E0%B8%B2%E0%B8%AC%E0%B8%AA%E0%B8%B4%E0%B8%99%E0%B8%98%E0%B8%B8%E0%B9%8C","200","0","https://amphon.co.th/%E0%B8%A3%E0%B8%B1%E0%B8%9A%E0%B8%8B%E0%B8%B7%E0%B9%89%E0%B8%AD/%E0%B8%A3%E0%B8%B1%E0%B8%9A%E0%B8%8B%E0%B8%B7%E0%B9%89%E0%B8%AD%E0%B8%84%E0%B8%AD%E0%B8%A1%E0%B8%9E%E0%B8%B4%E0%B8%A7%E0%B9%80%E0%B8%95%E0%B8%AD%E0%B8%A3%E0%B9%8C-%E0%B8%81%E0%B8%B2%E0%B8%AC%E0%B8%AA%E0%B8%B4%E0%B8%99%E0%B8%98%E0%B8%B8%E0%B9%8C","https://amphon.co.th/รับซื้อ/รับซื้อคอมพิวเตอร์-กาฬสินธุ์","Yes","PASS",""
"https://amphon.co.th/%E0%B8%A3%E0%B8%B1%E0%B8%9A%E0%B8%8B%E0%B8%B7%E0%B9%89%E0%B8%AD/%E0%B8%A3%E0%B8%B1%E0%B8%9A%E0%B8%8B%E0%B8%B7%E0%B9%89%E0%B8%AD%E0%B8%84%E0%B8%AD%E0%B8%A1%E0%B8%9E%E0%B8%B4%E0%B8%A7%E0%B9%80%E0%B8%95%E0%B8%AD%E0%B8%A3%E0%B9%8C-%E0%B8%82%E0%B8%AD%E0%B8%99%E0%B9%81%E0%B8%81%E0%B9%88%E0%B8%99","200","0","https://amphon.co.th/%E0%B8%A3%E0%B8%B1%E0%B8%9A%E0%B8%8B%E0%B8%B7%E0%B9%89%E0%B8%AD/%E0%B8%A3%E0%B8%B1%E0%B8%9A%E0%B8%8B%E0%B8%B7%E0%B9%89%E0%B8%AD%E0%B8%84%E0%B8%AD%E0%B8%A1%E0%B8%9E%E0%B8%B4%E0%B8%A7%E0%B9%80%E0%B8%95%E0%B8%AD%E0%B8%A3%E0%B9%8C-%E0%B8%82%E0%B8%AD%E0%B8%99%E0%B9%81%E0%B8%81%E0%B9%88%E0%B8%99","https://amphon.co.th/รับซื้อ/รับซื้อคอมพิวเตอร์-ขอนแก่น","Yes","PASS",""
"https://amphon.co.th/%E0%B8%A3%E0%B8%B1%E0%B8%9A%E0%B8%8B%E0%B8%B7%E0%B9%89%E0%B8%AD/%E0%B8%A3%E0%B8%B1%E0%B8%9A%E0%B8%8B%E0%B8%B7%E0%B9%89%E0%B8%AD%E0%B8%84%E0%B8%AD%E0%B8%A1%E0%B8%9E%E0%B8%B4%E0%B8%A7%E0%B9%80%E0%B8%95%E0%B8%AD%E0%B8%A3%E0%B9%8C-%E0%B8%99%E0%B8%84%E0%B8%A3%E0%B8%9E%E0%B8%99%E0%B8%A1","200","0","https://amphon.co.th/%E0%B8%A3%E0%B8%B1%E0%B8%9A%E0%B8%8B%E0%B8%B7%E0%B9%89%E0%B8%AD/%E0%B8%A3%E0%B8%B1%E0%B8%9A%E0%B8%8B%E0%B8%B7%E0%B9%89%E0%B8%AD%E0%B8%84%E0%B8%AD%E0%B8%A1%E0%B8%9E%E0%B8%B4%E0%B8%A7%E0%B9%80%E0%B8%95%E0%B8%AD%E0%B8%A3%E0%B9%8C-%E0%B8%99%E0%B8%84%E0%B8%A3%E0%B8%9E%E0%B8%99%E0%B8%A1","https://amphon.co.th/รับซื้อ/รับซื้อคอมพิวเตอร์-นครพนม","Yes","PASS",""
"https://amphon.co.th/%E0%B8%A3%E0%B8%B1%E0%B8%9A%E0%B8%8B%E0%B8%B7%E0%B9%89%E0%B8%AD/%E0%B8%A3%E0%B8%B1%E0%B8%9A%E0%B8%8B%E0%B8%B7%E0%B9%89%E0%B8%AD%E0%B8%84%E0%B8%AD%E0%B8%A1%E0%B8%9E%E0%B8%B4%E0%B8%A7%E0%B9%80%E0%B8%95%E0%B8%AD%E0%B8%A3%E0%B9%8C-%E0%B8%99%E0%B8%84%E0%B8%A3%E0%B8%A3%E0%B8%B2%E0%B8%8A%E0%B8%AA%E0%B8%B5%E0%B8%A1%E0%B8%B2","200","0","https://amphon.co.th/%E0%B8%A3%E0%B8%B1%E0%B8%9A%E0%B8%8B%E0%B8%B7%E0%B9%89%E0%B8%AD/%E0%B8%A3%E0%B8%B1%E0%B8%9A%E0%B8%8B%E0%B8%B7%E0%B9%89%E0%B8%AD%E0%B8%84%E0%B8%AD%E0%B8%A1%E0%B8%9E%E0%B8%B4%E0%B8%A7%E0%B9%80%E0%B8%95%E0%B8%AD%E0%B8%A3%E0%B9%8C-%E0%B8%99%E0%B8%84%E0%B8%A3%E0%B8%A3%E0%B8%B2%E0%B8%8A%E0%B8%AA%E0%B8%B5%E0%B8%A1%E0%B8%B2","https://amphon.co.th/รับซื้อ/รับซื้อคอมพิวเตอร์-นครราชสีมา","Yes","PASS",""
"https://amphon.co.th/%E0%B8%A3%E0%B8%B1%E0%B8%9A%E0%B8%8B%E0%B8%B7%E0%B9%89%E0%B8%AD/%E0%B8%A3%E0%B8%B1%E0%B8%9A%E0%B8%8B%E0%B8%B7%E0%B9%89%E0%B8%AD%E0%B8%84%E0%B8%AD%E0%B8%A1%E0%B8%9E%E0%B8%B4%E0%B8%A7%E0%B9%80%E0%B8%95%E0%B8%AD%E0%B8%A3%E0%B9%8C-%E0%B8%A1%E0%B8%AB%E0%B8%B2%E0%B8%AA%E0%B8%B2%E0%B8%A3%E0%B8%84%E0%B8%B2%E0%B8%A1","200","0","https://amphon.co.th/%E0%B8%A3%E0%B8%B1%E0%B8%9A%E0%B8%8B%E0%B8%B7%E0%B9%89%E0%B8%AD/%E0%B8%A3%E0%B8%B1%E0%B8%9A%E0%B8%8B%E0%B8%B7%E0%B9%89%E0%B8%AD%E0%B8%84%E0%B8%AD%E0%B8%A1%E0%B8%9E%E0%B8%B4%E0%B8%A7%E0%B9%80%E0%B8%95%E0%B8%AD%E0%B8%A3%E0%B9%8C-%E0%B8%A1%E0%B8%AB%E0%B8%B2%E0%B8%AA%E0%B8%B2%E0%B8%A3%E0%B8%84%E0%B8%B2%E0%B8%A1","https://amphon.co.th/รับซื้อ/รับซื้อคอมพิวเตอร์-มหาสารคาม","Yes","PASS",""
"https://amphon.co.th/%E0%B8%A3%E0%B8%B1%E0%B8%9A%E0%B8%8B%E0%B8%B7%E0%B9%89%E0%B8%AD/%E0%B8%A3%E0%B8%B1%E0%B8%9A%E0%B8%8B%E0%B8%B7%E0%B9%89%E0%B8%AD%E0%B8%84%E0%B8%AD%E0%B8%A1%E0%B8%9E%E0%B8%B4%E0%B8%A7%E0%B9%80%E0%B8%95%E0%B8%AD%E0%B8%A3%E0%B9%8C-%E0%B8%A1%E0%B8%B8%E0%B8%81%E0%B8%94%E0%B8%B2%E0%B8%AB%E0%B8%B2%E0%B8%A3","200","0","https://amphon.co.th/%E0%B8%A3%E0%B8%B1%E0%B8%9A%E0%B8%8B%E0%B8%B7%E0%B9%89%E0%B8%AD/%E0%B8%A3%E0%B8%B1%E0%B8%9A%E0%B8%8B%E0%B8%B7%E0%B9%89%E0%B8%AD%E0%B8%84%E0%B8%AD%E0%B8%A1%E0%B8%9E%E0%B8%B4%E0%B8%A7%E0%B9%80%E0%B8%95%E0%B8%AD%E0%B8%A3%E0%B9%8C-%E0%B8%A1%E0%B8%B8%E0%B8%81%E0%B8%94%E0%B8%B2%E0%B8%AB%E0%B8%B2%E0%B8%A3","https://amphon.co.th/รับซื้อ/รับซื้อคอมพิวเตอร์-มุกดาหาร","Yes","PASS",""
"https://amphon.co.th/%E0%B8%A3%E0%B8%B1%E0%B8%9A%E0%B8%8B%E0%B8%B7%E0%B9%89%E0%B8%AD/%E0%B8%A3%E0%B8%B1%E0%B8%9A%E0%B8%8B%E0%B8%B7%E0%B9%89%E0%B8%AD%E0%B8%84%E0%B8%AD%E0%B8%A1%E0%B8%9E%E0%B8%B4%E0%B8%A7%E0%B9%80%E0%B8%95%E0%B8%AD%E0%B8%A3%E0%B9%8C-%E0%B8%A2%E0%B9%82%E0%B8%AA%E0%B8%98%E0%B8%A3","200","0","https://amphon.co.th/%E0%B8%A3%E0%B8%B1%E0%B8%9A%E0%B8%8B%E0%B8%B7%E0%B9%89%E0%B8%AD/%E0%B8%A3%E0%B8%B1%E0%B8%9A%E0%B8%8B%E0%B8%B7%E0%B9%89%E0%B8%AD%E0%B8%84%E0%B8%AD%E0%B8%A1%E0%B8%9E%E0%B8%B4%E0%B8%A7%E0%B9%80%E0%B8%95%E0%B8%AD%E0%B8%A3%E0%B9%8C-%E0%B8%A2%E0%B9%82%E0%B8%AA%E0%B8%98%E0%B8%A3","https://amphon.co.th/รับซื้อ/รับซื้อคอมพิวเตอร์-ยโสธร","Yes","PASS",""
"https://amphon.co.th/%E0%B8%A3%E0%B8%B1%E0%B8%9A%E0%B8%8B%E0%B8%B7%E0%B9%89%E0%B8%AD/%E0%B8%A3%E0%B8%B1%E0%B8%9A%E0%B8%8B%E0%B8%B7%E0%B9%89%E0%B8%AD%E0%B8%84%E0%B8%AD%E0%B8%A1%E0%B8%9E%E0%B8%B4%E0%B8%A7%E0%B9%80%E0%B8%95%E0%B8%AD%E0%B8%A3%E0%B9%8C-%E0%B8%A3%E0%B9%89%E0%B8%AD%E0%B8%A2%E0%B9%80%E0%B8%AD%E0%B9%87%E0%B8%94","200","0","https://amphon.co.th/%E0%B8%A3%E0%B8%B1%E0%B8%9A%E0%B8%8B%E0%B8%B7%E0%B9%89%E0%B8%AD/%E0%B8%A3%E0%B8%B1%E0%B8%9A%E0%B8%8B%E0%B8%B7%E0%B9%89%E0%B8%AD%E0%B8%84%E0%B8%AD%E0%B8%A1%E0%B8%9E%E0%B8%B4%E0%B8%A7%E0%B9%80%E0%B8%95%E0%B8%AD%E0%B8%A3%E0%B9%8C-%E0%B8%A3%E0%B9%89%E0%B8%AD%E0%B8%A2%E0%B9%80%E0%B8%AD%E0%B9%87%E0%B8%94","https://amphon.co.th/รับซื้อ/รับซื้อคอมพิวเตอร์-ร้อยเอ็ด","Yes","PASS",""
"https://amphon.co.th/%E0%B8%A3%E0%B8%B1%E0%B8%9A%E0%B8%8B%E0%B8%B7%E0%B9%89%E0%B8%AD/%E0%B8%A3%E0%B8%B1%E0%B8%9A%E0%B8%8B%E0%B8%B7%E0%B9%89%E0%B8%AD%E0%B8%84%E0%B8%AD%E0%B8%A1%E0%B8%9E%E0%B8%B4%E0%B8%A7%E0%B9%80%E0%B8%95%E0%B8%AD%E0%B8%A3%E0%B9%8C-%E0%B8%A8%E0%B8%A3%E0%B8%B5%E0%B8%AA%E0%B8%B0%E0%B9%80%E0%B8%81%E0%B8%A9","200","0","https://amphon.co.th/%E0%B8%A3%E0%B8%B1%E0%B8%9A%E0%B8%8B%E0%B8%B7%E0%B9%89%E0%B8%AD/%E0%B8%A3%E0%B8%B1%E0%B8%9A%E0%B8%8B%E0%B8%B7%E0%B9%89%E0%B8%AD%E0%B8%84%E0%B8%AD%E0%B8%A1%E0%B8%9E%E0%B8%B4%E0%B8%A7%E0%B9%80%E0%B8%95%E0%B8%AD%E0%B8%A3%E0%B9%8C-%E0%B8%A8%E0%B8%A3%E0%B8%B5%E0%B8%AA%E0%B8%B0%E0%B9%80%E0%B8%81%E0%B8%A9","https://amphon.co.th/รับซื้อ/รับซื้อคอมพิวเตอร์-ศรีสะเกษ","Yes","PASS",""
"https://amphon.co.th/%E0%B8%A3%E0%B8%B1%E0%B8%9A%E0%B8%8B%E0%B8%B7%E0%B9%89%E0%B8%AD/%E0%B8%A3%E0%B8%B1%E0%B8%9A%E0%B8%8B%E0%B8%B7%E0%B9%89%E0%B8%AD%E0%B8%84%E0%B8%AD%E0%B8%A1%E0%B8%9E%E0%B8%B4%E0%B8%A7%E0%B9%80%E0%B8%95%E0%B8%AD%E0%B8%A3%E0%B9%8C-%E0%B8%AA%E0%B8%81%E0%B8%A5%E0%B8%99%E0%B8%84%E0%B8%A3","200","0","https://amphon.co.th/%E0%B8%A3%E0%B8%B1%E0%B8%9A%E0%B8%8B%E0%B8%B7%E0%B9%89%E0%B8%AD/%E0%B8%A3%E0%B8%B1%E0%B8%9A%E0%B8%8B%E0%B8%B7%E0%B9%89%E0%B8%AD%E0%B8%84%E0%B8%AD%E0%B8%A1%E0%B8%9E%E0%B8%B4%E0%B8%A7%E0%B9%80%E0%B8%95%E0%B8%AD%E0%B8%A3%E0%B9%8C-%E0%B8%AA%E0%B8%81%E0%B8%A5%E0%B8%99%E0%B8%84%E0%B8%A3","https://amphon.co.th/รับซื้อ/รับซื้อคอมพิวเตอร์-สกลนคร","Yes","PASS",""
"https://amphon.co.th/%E0%B8%A3%E0%B8%B1%E0%B8%9A%E0%B8%8B%E0%B8%B7%E0%B9%89%E0%B8%AD/%E0%B8%A3%E0%B8%B1%E0%B8%9A%E0%B8%8B%E0%B8%B7%E0%B9%89%E0%B8%AD%E0%B8%84%E0%B8%AD%E0%B8%A1%E0%B8%9E%E0%B8%B4%E0%B8%A7%E0%B9%80%E0%B8%95%E0%B8%AD%E0%B8%A3%E0%B9%8C-%E0%B8%AA%E0%B8%B8%E0%B8%A3%E0%B8%B4%E0%B8%99%E0%B8%97%E0%B8%A3%E0%B9%8C","200","0","https://amphon.co.th/%E0%B8%A3%E0%B8%B1%E0%B8%9A%E0%B8%8B%E0%B8%B7%E0%B9%89%E0%B8%AD/%E0%B8%A3%E0%B8%B1%E0%B8%9A%E0%B8%8B%E0%B8%B7%E0%B9%89%E0%B8%AD%E0%B8%84%E0%B8%AD%E0%B8%A1%E0%B8%9E%E0%B8%B4%E0%B8%A7%E0%B9%80%E0%B8%95%E0%B8%AD%E0%B8%A3%E0%B9%8C-%E0%B8%AA%E0%B8%B8%E0%B8%A3%E0%B8%B4%E0%B8%99%E0%B8%97%E0%B8%A3%E0%B9%8C","https://amphon.co.th/รับซื้อ/รับซื้อคอมพิวเตอร์-สุรินทร์","Yes","PASS",""
"https://amphon.co.th/%E0%B8%A3%E0%B8%B1%E0%B8%9A%E0%B8%8B%E0%B8%B7%E0%B9%89%E0%B8%AD/%E0%B8%A3%E0%B8%B1%E0%B8%9A%E0%B8%8B%E0%B8%B7%E0%B9%89%E0%B8%AD%E0%B8%84%E0%B8%AD%E0%B8%A1%E0%B8%9E%E0%B8%B4%E0%B8%A7%E0%B9%80%E0%B8%95%E0%B8%AD%E0%B8%A3%E0%B9%8C-%E0%B8%AB%E0%B8%99%E0%B8%AD%E0%B8%87%E0%B8%9A%E0%B8%B1%E0%B8%A7%E0%B8%A5%E0%B8%B3%E0%B8%A0%E0%B8%B9","200","0","https://amphon.co.th/%E0%B8%A3%E0%B8%B1%E0%B8%9A%E0%B8%8B%E0%B8%B7%E0%B9%89%E0%B8%AD/%E0%B8%A3%E0%B8%B1%E0%B8%9A%E0%B8%8B%E0%B8%B7%E0%B9%89%E0%B8%AD%E0%B8%84%E0%B8%AD%E0%B8%A1%E0%B8%9E%E0%B8%B4%E0%B8%A7%E0%B9%80%E0%B8%95%E0%B8%AD%E0%B8%A3%E0%B9%8C-%E0%B8%AB%E0%B8%99%E0%B8%AD%E0%B8%87%E0%B8%9A%E0%B8%B1%E0%B8%A7%E0%B8%A5%E0%B8%B3%E0%B8%A0%E0%B8%B9","https://amphon.co.th/รับซื้อ/รับซื้อคอมพิวเตอร์-หนองบัวลำภู","Yes","PASS",""
"https://amphon.co.th/%E0%B8%A3%E0%B8%B1%E0%B8%9A%E0%B8%8B%E0%B8%B7%E0%B9%89%E0%B8%AD/%E0%B8%A3%E0%B8%B1%E0%B8%9A%E0%B8%8B%E0%B8%B7%E0%B9%89%E0%B8%AD%E0%B8%84%E0%B8%AD%E0%B8%A1%E0%B8%9E%E0%B8%B4%E0%B8%A7%E0%B9%80%E0%B8%95%E0%B8%AD%E0%B8%A3%E0%B9%8C-%E0%B8%AB%E0%B8%99%E0%B8%AD%E0%B8%87%E0%B8%84%E0%B8%B2%E0%B8%A2","200","0","https://amphon.co.th/%E0%B8%A3%E0%B8%B1%E0%B8%9A%E0%B8%8B%E0%B8%B7%E0%B9%89%E0%B8%AD/%E0%B8%A3%E0%B8%B1%E0%B8%9A%E0%B8%8B%E0%B8%B7%E0%B9%89%E0%B8%AD%E0%B8%84%E0%B8%AD%E0%B8%A1%E0%B8%9E%E0%B8%B4%E0%B8%A7%E0%B9%80%E0%B8%95%E0%B8%AD%E0%B8%A3%E0%B9%8C-%E0%B8%AB%E0%B8%99%E0%B8%AD%E0%B8%87%E0%B8%84%E0%B8%B2%E0%B8%A2","https://amphon.co.th/รับซื้อ/รับซื้อคอมพิวเตอร์-หนองคาย","Yes","PASS",""
"https://amphon.co.th/%E0%B8%A3%E0%B8%B1%E0%B8%9A%E0%B8%8B%E0%B8%B7%E0%B9%89%E0%B8%AD/%E0%B8%A3%E0%B8%B1%E0%B8%9A%E0%B8%8B%E0%B8%B7%E0%B9%89%E0%B8%AD%E0%B8%84%E0%B8%AD%E0%B8%A1%E0%B8%9E%E0%B8%B4%E0%B8%A7%E0%B9%80%E0%B8%95%E0%B8%AD%E0%B8%A3%E0%B9%8C-%E0%B8%AD%E0%B8%B3%E0%B8%99%E0%B8%B2%E0%B8%88%E0%B9%80%E0%B8%88%E0%B8%A3%E0%B8%B4%E0%B8%8D","200","0","https://amphon.co.th/%E0%B8%A3%E0%B8%B1%E0%B8%9A%E0%B8%8B%E0%B8%B7%E0%B9%89%E0%B8%AD/%E0%B8%A3%E0%B8%B1%E0%B8%9A%E0%B8%8B%E0%B8%B7%E0%B9%89%E0%B8%AD%E0%B8%84%E0%B8%AD%E0%B8%A1%E0%B8%9E%E0%B8%B4%E0%B8%A7%E0%B9%80%E0%B8%95%E0%B8%AD%E0%B8%A3%E0%B9%8C-%E0%B8%AD%E0%B8%B3%E0%B8%99%E0%B8%B2%E0%B8%88%E0%B9%80%E0%B8%88%E0%B8%A3%E0%B8%B4%E0%B8%8D","https://amphon.co.th/รับซื้อ/รับซื้อคอมพิวเตอร์-อำนาจเจริญ","Yes","PASS",""
"https://amphon.co.th/%E0%B8%A3%E0%B8%B1%E0%B8%9A%E0%B8%8B%E0%B8%B7%E0%B9%89%E0%B8%AD/%E0%B8%A3%E0%B8%B1%E0%B8%9A%E0%B8%8B%E0%B8%B7%E0%B9%89%E0%B8%AD%E0%B8%84%E0%B8%AD%E0%B8%A1%E0%B8%9E%E0%B8%B4%E0%B8%A7%E0%B9%80%E0%B8%95%E0%B8%AD%E0%B8%A3%E0%B9%8C-%E0%B8%AD%E0%B8%B8%E0%B8%94%E0%B8%A3%E0%B8%98%E0%B8%B2%E0%B8%99%E0%B8%B5","200","0","https://amphon.co.th/%E0%B8%A3%E0%B8%B1%E0%B8%9A%E0%B8%8B%E0%B8%B7%E0%B9%89%E0%B8%AD/%E0%B8%A3%E0%B8%B1%E0%B8%9A%E0%B8%8B%E0%B8%B7%E0%B9%89%E0%B8%AD%E0%B8%84%E0%B8%AD%E0%B8%A1%E0%B8%9E%E0%B8%B4%E0%B8%A7%E0%B9%80%E0%B8%95%E0%B8%AD%E0%B8%A3%E0%B9%8C-%E0%B8%AD%E0%B8%B8%E0%B8%94%E0%B8%A3%E0%B8%98%E0%B8%B2%E0%B8%99%E0%B8%B5","https://amphon.co.th/รับซื้อ/รับซื้อคอมพิวเตอร์-อุดรธานี","Yes","PASS",""
"https://amphon.co.th/%E0%B8%A3%E0%B8%B1%E0%B8%9A%E0%B8%8B%E0%B8%B7%E0%B9%89%E0%B8%AD/%E0%B8%A3%E0%B8%B1%E0%B8%9A%E0%B8%8B%E0%B8%B7%E0%B9%89%E0%B8%AD%E0%B8%84%E0%B8%AD%E0%B8%A1%E0%B8%9E%E0%B8%B4%E0%B8%A7%E0%B9%80%E0%B8%95%E0%B8%AD%E0%B8%A3%E0%B9%8C-%E0%B9%80%E0%B8%A5%E0%B8%A2","200","0","https://amphon.co.th/%E0%B8%A3%E0%B8%B1%E0%B8%9A%E0%B8%8B%E0%B8%B7%E0%B9%89%E0%B8%AD/%E0%B8%A3%E0%B8%B1%E0%B8%9A%E0%B8%8B%E0%B8%B7%E0%B9%89%E0%B8%AD%E0%B8%84%E0%B8%AD%E0%B8%A1%E0%B8%9E%E0%B8%B4%E0%B8%A7%E0%B9%80%E0%B8%95%E0%B8%AD%E0%B8%A3%E0%B9%8C-%E0%B9%80%E0%B8%A5%E0%B8%A2","https://amphon.co.th/รับซื้อ/รับซื้อคอมพิวเตอร์-เลย","Yes","PASS",""
"https://amphon.co.th/%E0%B8%A3%E0%B8%B1%E0%B8%9A%E0%B8%8B%E0%B8%B7%E0%B9%89%E0%B8%AD/%E0%B8%A3%E0%B8%B1%E0%B8%9A%E0%B8%8B%E0%B8%B7%E0%B9%89%E0%B8%AD%E0%B8%84%E0%B8%AD%E0%B8%A1%E0%B9%80%E0%B8%81%E0%B8%A1%E0%B8%A1%E0%B8%B4%E0%B9%88%E0%B8%87-%E0%B8%8A%E0%B8%B1%E0%B8%A2%E0%B8%A0%E0%B8%B9%E0%B8%A1%E0%B8%B4","200","0","https://amphon.co.th/%E0%B8%A3%E0%B8%B1%E0%B8%9A%E0%B8%8B%E0%B8%B7%E0%B9%89%E0%B8%AD/%E0%B8%A3%E0%B8%B1%E0%B8%9A%E0%B8%8B%E0%B8%B7%E0%B9%89%E0%B8%AD%E0%B8%84%E0%B8%AD%E0%B8%A1%E0%B9%80%E0%B8%81%E0%B8%A1%E0%B8%A1%E0%B8%B4%E0%B9%88%E0%B8%87-%E0%B8%8A%E0%B8%B1%E0%B8%A2%E0%B8%A0%E0%B8%B9%E0%B8%A1%E0%B8%B4","https://amphon.co.th/รับซื้อ/รับซื้อคอมเกมมิ่ง-ชัยภูมิ","Yes","PASS",""
"https://amphon.co.th/%E0%B8%A3%E0%B8%B1%E0%B8%9A%E0%B8%8B%E0%B8%B7%E0%B9%89%E0%B8%AD/%E0%B8%A3%E0%B8%B1%E0%B8%9A%E0%B8%8B%E0%B8%B7%E0%B9%89%E0%B8%AD%E0%B8%84%E0%B8%AD%E0%B8%A1%E0%B9%80%E0%B8%81%E0%B8%A1%E0%B8%A1%E0%B8%B4%E0%B9%88%E0%B8%87-%E0%B8%9A%E0%B8%B6%E0%B8%87%E0%B8%81%E0%B8%B2%E0%B8%AC","200","0","https://amphon.co.th/%E0%B8%A3%E0%B8%B1%E0%B8%9A%E0%B8%8B%E0%B8%B7%E0%B9%89%E0%B8%AD/%E0%B8%A3%E0%B8%B1%E0%B8%9A%E0%B8%8B%E0%B8%B7%E0%B9%89%E0%B8%AD%E0%B8%84%E0%B8%AD%E0%B8%A1%E0%B9%80%E0%B8%81%E0%B8%A1%E0%B8%A1%E0%B8%B4%E0%B9%88%E0%B8%87-%E0%B8%9A%E0%B8%B6%E0%B8%87%E0%B8%81%E0%B8%B2%E0%B8%AC","https://amphon.co.th/รับซื้อ/รับซื้อคอมเกมมิ่ง-บึงกาฬ","Yes","PASS",""
"https://amphon.co.th/%E0%B8%A3%E0%B8%B1%E0%B8%9A%E0%B8%8B%E0%B8%B7%E0%B9%89%E0%B8%AD/%E0%B8%A3%E0%B8%B1%E0%B8%9A%E0%B8%8B%E0%B8%B7%E0%B9%89%E0%B8%AD%E0%B8%84%E0%B8%AD%E0%B8%A1%E0%B9%80%E0%B8%81%E0%B8%A1%E0%B8%A1%E0%B8%B4%E0%B9%88%E0%B8%87-%E0%B8%9A%E0%B8%B8%E0%B8%A3%E0%B8%B5%E0%B8%A3%E0%B8%B1%E0%B8%A1%E0%B8%A2%E0%B9%8C","200","0","https://amphon.co.th/%E0%B8%A3%E0%B8%B1%E0%B8%9A%E0%B8%8B%E0%B8%B7%E0%B9%89%E0%B8%AD/%E0%B8%A3%E0%B8%B1%E0%B8%9A%E0%B8%8B%E0%B8%B7%E0%B9%89%E0%B8%AD%E0%B8%84%E0%B8%AD%E0%B8%A1%E0%B9%80%E0%B8%81%E0%B8%A1%E0%B8%A1%E0%B8%B4%E0%B9%88%E0%B8%87-%E0%B8%9A%E0%B8%B8%E0%B8%A3%E0%B8%B5%E0%B8%A3%E0%B8%B1%E0%B8%A1%E0%B8%A2%E0%B9%8C","https://amphon.co.th/รับซื้อ/รับซื้อคอมเกมมิ่ง-บุรีรัมย์","Yes","PASS",""
"https://amphon.co.th/%E0%B8%A3%E0%B8%B1%E0%B8%9A%E0%B8%8B%E0%B8%B7%E0%B9%89%E0%B8%AD/%E0%B8%A3%E0%B8%B1%E0%B8%9A%E0%B8%8B%E0%B8%B7%E0%B9%89%E0%B8%AD%E0%B8%84%E0%B8%AD%E0%B8%A1%E0%B9%80%E0%B8%81%E0%B8%A1%E0%B8%A1%E0%B8%B4%E0%B9%88%E0%B8%87-%E0%B8%81%E0%B8%B2%E0%B8%AC%E0%B8%AA%E0%B8%B4%E0%B8%99%E0%B8%98%E0%B8%B8%E0%B9%8C","200","0","https://amphon.co.th/%E0%B8%A3%E0%B8%B1%E0%B8%9A%E0%B8%8B%E0%B8%B7%E0%B9%89%E0%B8%AD/%E0%B8%A3%E0%B8%B1%E0%B8%9A%E0%B8%8B%E0%B8%B7%E0%B9%89%E0%B8%AD%E0%B8%84%E0%B8%AD%E0%B8%A1%E0%B9%80%E0%B8%81%E0%B8%A1%E0%B8%A1%E0%B8%B4%E0%B9%88%E0%B8%87-%E0%B8%81%E0%B8%B2%E0%B8%AC%E0%B8%AA%E0%B8%B4%E0%B8%99%E0%B8%98%E0%B8%B8%E0%B9%8C","https://amphon.co.th/รับซื้อ/รับซื้อคอมเกมมิ่ง-กาฬสินธุ์","Yes","PASS",""
"https://amphon.co.th/%E0%B8%A3%E0%B8%B1%E0%B8%9A%E0%B8%8B%E0%B8%B7%E0%B9%89%E0%B8%AD/%E0%B8%A3%E0%B8%B1%E0%B8%9A%E0%B8%8B%E0%B8%B7%E0%B9%89%E0%B8%AD%E0%B8%84%E0%B8%AD%E0%B8%A1%E0%B9%80%E0%B8%81%E0%B8%A1%E0%B8%A1%E0%B8%B4%E0%B9%88%E0%B8%87-%E0%B8%82%E0%B8%AD%E0%B8%99%E0%B9%81%E0%B8%81%E0%B9%88%E0%B8%99","200","0","https://amphon.co.th/%E0%B8%A3%E0%B8%B1%E0%B8%9A%E0%B8%8B%E0%B8%B7%E0%B9%89%E0%B8%AD/%E0%B8%A3%E0%B8%B1%E0%B8%9A%E0%B8%8B%E0%B8%B7%E0%B9%89%E0%B8%AD%E0%B8%84%E0%B8%AD%E0%B8%A1%E0%B9%80%E0%B8%81%E0%B8%A1%E0%B8%A1%E0%B8%B4%E0%B9%88%E0%B8%87-%E0%B8%82%E0%B8%AD%E0%B8%99%E0%B9%81%E0%B8%81%E0%B9%88%E0%B8%99","https://amphon.co.th/รับซื้อ/รับซื้อคอมเกมมิ่ง-ขอนแก่น","Yes","PASS",""
"https://amphon.co.th/%E0%B8%A3%E0%B8%B1%E0%B8%9A%E0%B8%8B%E0%B8%B7%E0%B9%89%E0%B8%AD/%E0%B8%A3%E0%B8%B1%E0%B8%9A%E0%B8%8B%E0%B8%B7%E0%B9%89%E0%B8%AD%E0%B8%84%E0%B8%AD%E0%B8%A1%E0%B9%80%E0%B8%81%E0%B8%A1%E0%B8%A1%E0%B8%B4%E0%B9%88%E0%B8%87-%E0%B8%99%E0%B8%84%E0%B8%A3%E0%B8%9E%E0%B8%99%E0%B8%A1","200","0","https://amphon.co.th/%E0%B8%A3%E0%B8%B1%E0%B8%9A%E0%B8%8B%E0%B8%B7%E0%B9%89%E0%B8%AD/%E0%B8%A3%E0%B8%B1%E0%B8%9A%E0%B8%8B%E0%B8%B7%E0%B9%89%E0%B8%AD%E0%B8%84%E0%B8%AD%E0%B8%A1%E0%B9%80%E0%B8%81%E0%B8%A1%E0%B8%A1%E0%B8%B4%E0%B9%88%E0%B8%87-%E0%B8%99%E0%B8%84%E0%B8%A3%E0%B8%9E%E0%B8%99%E0%B8%A1","https://amphon.co.th/รับซื้อ/รับซื้อคอมเกมมิ่ง-นครพนม","Yes","PASS",""
"https://amphon.co.th/%E0%B8%A3%E0%B8%B1%E0%B8%9A%E0%B8%8B%E0%B8%B7%E0%B9%89%E0%B8%AD/%E0%B8%A3%E0%B8%B1%E0%B8%9A%E0%B8%8B%E0%B8%B7%E0%B9%89%E0%B8%AD%E0%B8%84%E0%B8%AD%E0%B8%A1%E0%B9%80%E0%B8%81%E0%B8%A1%E0%B8%A1%E0%B8%B4%E0%B9%88%E0%B8%87-%E0%B8%99%E0%B8%84%E0%B8%A3%E0%B8%A3%E0%B8%B2%E0%B8%8A%E0%B8%AA%E0%B8%B5%E0%B8%A1%E0%B8%B2","200","0","https://amphon.co.th/%E0%B8%A3%E0%B8%B1%E0%B8%9A%E0%B8%8B%E0%B8%B7%E0%B9%89%E0%B8%AD/%E0%B8%A3%E0%B8%B1%E0%B8%9A%E0%B8%8B%E0%B8%B7%E0%B9%89%E0%B8%AD%E0%B8%84%E0%B8%AD%E0%B8%A1%E0%B9%80%E0%B8%81%E0%B8%A1%E0%B8%A1%E0%B8%B4%E0%B9%88%E0%B8%87-%E0%B8%99%E0%B8%84%E0%B8%A3%E0%B8%A3%E0%B8%B2%E0%B8%8A%E0%B8%AA%E0%B8%B5%E0%B8%A1%E0%B8%B2","https://amphon.co.th/รับซื้อ/รับซื้อคอมเกมมิ่ง-นครราชสีมา","Yes","PASS",""
"https://amphon.co.th/%E0%B8%A3%E0%B8%B1%E0%B8%9A%E0%B8%8B%E0%B8%B7%E0%B9%89%E0%B8%AD/%E0%B8%A3%E0%B8%B1%E0%B8%9A%E0%B8%8B%E0%B8%B7%E0%B9%89%E0%B8%AD%E0%B8%84%E0%B8%AD%E0%B8%A1%E0%B9%80%E0%B8%81%E0%B8%A1%E0%B8%A1%E0%B8%B4%E0%B9%88%E0%B8%87-%E0%B8%A1%E0%B8%AB%E0%B8%B2%E0%B8%AA%E0%B8%B2%E0%B8%A3%E0%B8%84%E0%B8%B2%E0%B8%A1","200","0","https://amphon.co.th/%E0%B8%A3%E0%B8%B1%E0%B8%9A%E0%B8%8B%E0%B8%B7%E0%B9%89%E0%B8%AD/%E0%B8%A3%E0%B8%B1%E0%B8%9A%E0%B8%8B%E0%B8%B7%E0%B9%89%E0%B8%AD%E0%B8%84%E0%B8%AD%E0%B8%A1%E0%B9%80%E0%B8%81%E0%B8%A1%E0%B8%A1%E0%B8%B4%E0%B9%88%E0%B8%87-%E0%B8%A1%E0%B8%AB%E0%B8%B2%E0%B8%AA%E0%B8%B2%E0%B8%A3%E0%B8%84%E0%B8%B2%E0%B8%A1","https://amphon.co.th/รับซื้อ/รับซื้อคอมเกมมิ่ง-มหาสารคาม","Yes","PASS",""
"https://amphon.co.th/%E0%B8%A3%E0%B8%B1%E0%B8%9A%E0%B8%8B%E0%B8%B7%E0%B9%89%E0%B8%AD/%E0%B8%A3%E0%B8%B1%E0%B8%9A%E0%B8%8B%E0%B8%B7%E0%B9%89%E0%B8%AD%E0%B8%84%E0%B8%AD%E0%B8%A1%E0%B9%80%E0%B8%81%E0%B8%A1%E0%B8%A1%E0%B8%B4%E0%B9%88%E0%B8%87-%E0%B8%A1%E0%B8%B8%E0%B8%81%E0%B8%94%E0%B8%B2%E0%B8%AB%E0%B8%B2%E0%B8%A3","200","0","https://amphon.co.th/%E0%B8%A3%E0%B8%B1%E0%B8%9A%E0%B8%8B%E0%B8%B7%E0%B9%89%E0%B8%AD/%E0%B8%A3%E0%B8%B1%E0%B8%9A%E0%B8%8B%E0%B8%B7%E0%B9%89%E0%B8%AD%E0%B8%84%E0%B8%AD%E0%B8%A1%E0%B9%80%E0%B8%81%E0%B8%A1%E0%B8%A1%E0%B8%B4%E0%B9%88%E0%B8%87-%E0%B8%A1%E0%B8%B8%E0%B8%81%E0%B8%94%E0%B8%B2%E0%B8%AB%E0%B8%B2%E0%B8%A3","https://amphon.co.th/รับซื้อ/รับซื้อคอมเกมมิ่ง-มุกดาหาร","Yes","PASS",""
"https://amphon.co.th/%E0%B8%A3%E0%B8%B1%E0%B8%9A%E0%B8%8B%E0%B8%B7%E0%B9%89%E0%B8%AD/%E0%B8%A3%E0%B8%B1%E0%B8%9A%E0%B8%8B%E0%B8%B7%E0%B9%89%E0%B8%AD%E0%B8%84%E0%B8%AD%E0%B8%A1%E0%B9%80%E0%B8%81%E0%B8%A1%E0%B8%A1%E0%B8%B4%E0%B9%88%E0%B8%87-%E0%B8%A2%E0%B9%82%E0%B8%AA%E0%B8%98%E0%B8%A3","200","0","https://amphon.co.th/%E0%B8%A3%E0%B8%B1%E0%B8%9A%E0%B8%8B%E0%B8%B7%E0%B9%89%E0%B8%AD/%E0%B8%A3%E0%B8%B1%E0%B8%9A%E0%B8%8B%E0%B8%B7%E0%B9%89%E0%B8%AD%E0%B8%84%E0%B8%AD%E0%B8%A1%E0%B9%80%E0%B8%81%E0%B8%A1%E0%B8%A1%E0%B8%B4%E0%B9%88%E0%B8%87-%E0%B8%A2%E0%B9%82%E0%B8%AA%E0%B8%98%E0%B8%A3","https://amphon.co.th/รับซื้อ/รับซื้อคอมเกมมิ่ง-ยโสธร","Yes","PASS",""
"https://amphon.co.th/%E0%B8%A3%E0%B8%B1%E0%B8%9A%E0%B8%8B%E0%B8%B7%E0%B9%89%E0%B8%AD/%E0%B8%A3%E0%B8%B1%E0%B8%9A%E0%B8%8B%E0%B8%B7%E0%B9%89%E0%B8%AD%E0%B8%84%E0%B8%AD%E0%B8%A1%E0%B9%80%E0%B8%81%E0%B8%A1%E0%B8%A1%E0%B8%B4%E0%B9%88%E0%B8%87-%E0%B8%A3%E0%B9%89%E0%B8%AD%E0%B8%A2%E0%B9%80%E0%B8%AD%E0%B9%87%E0%B8%94","200","0","https://amphon.co.th/%E0%B8%A3%E0%B8%B1%E0%B8%9A%E0%B8%8B%E0%B8%B7%E0%B9%89%E0%B8%AD/%E0%B8%A3%E0%B8%B1%E0%B8%9A%E0%B8%8B%E0%B8%B7%E0%B9%89%E0%B8%AD%E0%B8%84%E0%B8%AD%E0%B8%A1%E0%B9%80%E0%B8%81%E0%B8%A1%E0%B8%A1%E0%B8%B4%E0%B9%88%E0%B8%87-%E0%B8%A3%E0%B9%89%E0%B8%AD%E0%B8%A2%E0%B9%80%E0%B8%AD%E0%B9%87%E0%B8%94","https://amphon.co.th/รับซื้อ/รับซื้อคอมเกมมิ่ง-ร้อยเอ็ด","Yes","PASS",""
"https://amphon.co.th/%E0%B8%A3%E0%B8%B1%E0%B8%9A%E0%B8%8B%E0%B8%B7%E0%B9%89%E0%B8%AD/%E0%B8%A3%E0%B8%B1%E0%B8%9A%E0%B8%8B%E0%B8%B7%E0%B9%89%E0%B8%AD%E0%B8%84%E0%B8%AD%E0%B8%A1%E0%B9%80%E0%B8%81%E0%B8%A1%E0%B8%A1%E0%B8%B4%E0%B9%88%E0%B8%87-%E0%B8%A8%E0%B8%A3%E0%B8%B5%E0%B8%AA%E0%B8%B0%E0%B9%80%E0%B8%81%E0%B8%A9","200","0","https://amphon.co.th/%E0%B8%A3%E0%B8%B1%E0%B8%9A%E0%B8%8B%E0%B8%B7%E0%B9%89%E0%B8%AD/%E0%B8%A3%E0%B8%B1%E0%B8%9A%E0%B8%8B%E0%B8%B7%E0%B9%89%E0%B8%AD%E0%B8%84%E0%B8%AD%E0%B8%A1%E0%B9%80%E0%B8%81%E0%B8%A1%E0%B8%A1%E0%B8%B4%E0%B9%88%E0%B8%87-%E0%B8%A8%E0%B8%A3%E0%B8%B5%E0%B8%AA%E0%B8%B0%E0%B9%80%E0%B8%81%E0%B8%A9","https://amphon.co.th/รับซื้อ/รับซื้อคอมเกมมิ่ง-ศรีสะเกษ","Yes","PASS",""
"https://amphon.co.th/%E0%B8%A3%E0%B8%B1%E0%B8%9A%E0%B8%8B%E0%B8%B7%E0%B9%89%E0%B8%AD/%E0%B8%A3%E0%B8%B1%E0%B8%9A%E0%B8%8B%E0%B8%B7%E0%B9%89%E0%B8%AD%E0%B8%84%E0%B8%AD%E0%B8%A1%E0%B9%80%E0%B8%81%E0%B8%A1%E0%B8%A1%E0%B8%B4%E0%B9%88%E0%B8%87-%E0%B8%AA%E0%B8%81%E0%B8%A5%E0%B8%99%E0%B8%84%E0%B8%A3","200","0","https://amphon.co.th/%E0%B8%A3%E0%B8%B1%E0%B8%9A%E0%B8%8B%E0%B8%B7%E0%B9%89%E0%B8%AD/%E0%B8%A3%E0%B8%B1%E0%B8%9A%E0%B8%8B%E0%B8%B7%E0%B9%89%E0%B8%AD%E0%B8%84%E0%B8%AD%E0%B8%A1%E0%B9%80%E0%B8%81%E0%B8%A1%E0%B8%A1%E0%B8%B4%E0%B9%88%E0%B8%87-%E0%B8%AA%E0%B8%81%E0%B8%A5%E0%B8%99%E0%B8%84%E0%B8%A3","https://amphon.co.th/รับซื้อ/รับซื้อคอมเกมมิ่ง-สกลนคร","Yes","PASS",""
"https://amphon.co.th/%E0%B8%A3%E0%B8%B1%E0%B8%9A%E0%B8%8B%E0%B8%B7%E0%B9%89%E0%B8%AD/%E0%B8%A3%E0%B8%B1%E0%B8%9A%E0%B8%8B%E0%B8%B7%E0%B9%89%E0%B8%AD%E0%B8%84%E0%B8%AD%E0%B8%A1%E0%B9%80%E0%B8%81%E0%B8%A1%E0%B8%A1%E0%B8%B4%E0%B9%88%E0%B8%87-%E0%B8%AA%E0%B8%B8%E0%B8%A3%E0%B8%B4%E0%B8%99%E0%B8%97%E0%B8%A3%E0%B9%8C","200","0","https://amphon.co.th/%E0%B8%A3%E0%B8%B1%E0%B8%9A%E0%B8%8B%E0%B8%B7%E0%B9%89%E0%B8%AD/%E0%B8%A3%E0%B8%B1%E0%B8%9A%E0%B8%8B%E0%B8%B7%E0%B9%89%E0%B8%AD%E0%B8%84%E0%B8%AD%E0%B8%A1%E0%B9%80%E0%B8%81%E0%B8%A1%E0%B8%A1%E0%B8%B4%E0%B9%88%E0%B8%87-%E0%B8%AA%E0%B8%B8%E0%B8%A3%E0%B8%B4%E0%B8%99%E0%B8%97%E0%B8%A3%E0%B9%8C","https://amphon.co.th/รับซื้อ/รับซื้อคอมเกมมิ่ง-สุรินทร์","Yes","PASS",""
"https://amphon.co.th/%E0%B8%A3%E0%B8%B1%E0%B8%9A%E0%B8%8B%E0%B8%B7%E0%B9%89%E0%B8%AD/%E0%B8%A3%E0%B8%B1%E0%B8%9A%E0%B8%8B%E0%B8%B7%E0%B9%89%E0%B8%AD%E0%B8%84%E0%B8%AD%E0%B8%A1%E0%B9%80%E0%B8%81%E0%B8%A1%E0%B8%A1%E0%B8%B4%E0%B9%88%E0%B8%87-%E0%B8%AB%E0%B8%99%E0%B8%AD%E0%B8%87%E0%B8%9A%E0%B8%B1%E0%B8%A7%E0%B8%A5%E0%B8%B3%E0%B8%A0%E0%B8%B9","200","0","https://amphon.co.th/%E0%B8%A3%E0%B8%B1%E0%B8%9A%E0%B8%8B%E0%B8%B7%E0%B9%89%E0%B8%AD/%E0%B8%A3%E0%B8%B1%E0%B8%9A%E0%B8%8B%E0%B8%B7%E0%B9%89%E0%B8%AD%E0%B8%84%E0%B8%AD%E0%B8%A1%E0%B9%80%E0%B8%81%E0%B8%A1%E0%B8%A1%E0%B8%B4%E0%B9%88%E0%B8%87-%E0%B8%AB%E0%B8%99%E0%B8%AD%E0%B8%87%E0%B8%9A%E0%B8%B1%E0%B8%A7%E0%B8%A5%E0%B8%B3%E0%B8%A0%E0%B8%B9","https://amphon.co.th/รับซื้อ/รับซื้อคอมเกมมิ่ง-หนองบัวลำภู","Yes","PASS",""
"https://amphon.co.th/%E0%B8%A3%E0%B8%B1%E0%B8%9A%E0%B8%8B%E0%B8%B7%E0%B9%89%E0%B8%AD/%E0%B8%A3%E0%B8%B1%E0%B8%9A%E0%B8%8B%E0%B8%B7%E0%B9%89%E0%B8%AD%E0%B8%84%E0%B8%AD%E0%B8%A1%E0%B9%80%E0%B8%81%E0%B8%A1%E0%B8%A1%E0%B8%B4%E0%B9%88%E0%B8%87-%E0%B8%AB%E0%B8%99%E0%B8%AD%E0%B8%87%E0%B8%84%E0%B8%B2%E0%B8%A2","200","0","https://amphon.co.th/%E0%B8%A3%E0%B8%B1%E0%B8%9A%E0%B8%8B%E0%B8%B7%E0%B9%89%E0%B8%AD/%E0%B8%A3%E0%B8%B1%E0%B8%9A%E0%B8%8B%E0%B8%B7%E0%B9%89%E0%B8%AD%E0%B8%84%E0%B8%AD%E0%B8%A1%E0%B9%80%E0%B8%81%E0%B8%A1%E0%B8%A1%E0%B8%B4%E0%B9%88%E0%B8%87-%E0%B8%AB%E0%B8%99%E0%B8%AD%E0%B8%87%E0%B8%84%E0%B8%B2%E0%B8%A2","https://amphon.co.th/รับซื้อ/รับซื้อคอมเกมมิ่ง-หนองคาย","Yes","PASS",""
"https://amphon.co.th/%E0%B8%A3%E0%B8%B1%E0%B8%9A%E0%B8%8B%E0%B8%B7%E0%B9%89%E0%B8%AD/%E0%B8%A3%E0%B8%B1%E0%B8%9A%E0%B8%8B%E0%B8%B7%E0%B9%89%E0%B8%AD%E0%B8%84%E0%B8%AD%E0%B8%A1%E0%B9%80%E0%B8%81%E0%B8%A1%E0%B8%A1%E0%B8%B4%E0%B9%88%E0%B8%87-%E0%B8%AD%E0%B8%B3%E0%B8%99%E0%B8%B2%E0%B8%88%E0%B9%80%E0%B8%88%E0%B8%A3%E0%B8%B4%E0%B8%8D","200","0","https://amphon.co.th/%E0%B8%A3%E0%B8%B1%E0%B8%9A%E0%B8%8B%E0%B8%B7%E0%B9%89%E0%B8%AD/%E0%B8%A3%E0%B8%B1%E0%B8%9A%E0%B8%8B%E0%B8%B7%E0%B9%89%E0%B8%AD%E0%B8%84%E0%B8%AD%E0%B8%A1%E0%B9%80%E0%B8%81%E0%B8%A1%E0%B8%A1%E0%B8%B4%E0%B9%88%E0%B8%87-%E0%B8%AD%E0%B8%B3%E0%B8%99%E0%B8%B2%E0%B8%88%E0%B9%80%E0%B8%88%E0%B8%A3%E0%B8%B4%E0%B8%8D","https://amphon.co.th/รับซื้อ/รับซื้อคอมเกมมิ่ง-อำนาจเจริญ","Yes","PASS",""
"https://amphon.co.th/%E0%B8%A3%E0%B8%B1%E0%B8%9A%E0%B8%8B%E0%B8%B7%E0%B9%89%E0%B8%AD/%E0%B8%A3%E0%B8%B1%E0%B8%9A%E0%B8%8B%E0%B8%B7%E0%B9%89%E0%B8%AD%E0%B8%84%E0%B8%AD%E0%B8%A1%E0%B9%80%E0%B8%81%E0%B8%A1%E0%B8%A1%E0%B8%B4%E0%B9%88%E0%B8%87-%E0%B8%AD%E0%B8%B8%E0%B8%9A%E0%B8%A5%E0%B8%A3%E0%B8%B2%E0%B8%8A%E0%B8%98%E0%B8%B2%E0%B8%99%E0%B8%B5","200","0","https://amphon.co.th/%E0%B8%A3%E0%B8%B1%E0%B8%9A%E0%B8%8B%E0%B8%B7%E0%B9%89%E0%B8%AD/%E0%B8%A3%E0%B8%B1%E0%B8%9A%E0%B8%8B%E0%B8%B7%E0%B9%89%E0%B8%AD%E0%B8%84%E0%B8%AD%E0%B8%A1%E0%B9%80%E0%B8%81%E0%B8%A1%E0%B8%A1%E0%B8%B4%E0%B9%88%E0%B8%87-%E0%B8%AD%E0%B8%B8%E0%B8%9A%E0%B8%A5%E0%B8%A3%E0%B8%B2%E0%B8%8A%E0%B8%98%E0%B8%B2%E0%B8%99%E0%B8%B5","https://amphon.co.th/รับซื้อ/รับซื้อคอมเกมมิ่ง-อุบลราชธานี","Yes","PASS",""
"https://amphon.co.th/%E0%B8%A3%E0%B8%B1%E0%B8%9A%E0%B8%8B%E0%B8%B7%E0%B9%89%E0%B8%AD/%E0%B8%A3%E0%B8%B1%E0%B8%9A%E0%B8%8B%E0%B8%B7%E0%B9%89%E0%B8%AD%E0%B8%84%E0%B8%AD%E0%B8%A1%E0%B9%80%E0%B8%81%E0%B8%A1%E0%B8%A1%E0%B8%B4%E0%B9%88%E0%B8%87-%E0%B8%AD%E0%B8%B8%E0%B8%94%E0%B8%A3%E0%B8%98%E0%B8%B2%E0%B8%99%E0%B8%B5","200","0","https://amphon.co.th/%E0%B8%A3%E0%B8%B1%E0%B8%9A%E0%B8%8B%E0%B8%B7%E0%B9%89%E0%B8%AD/%E0%B8%A3%E0%B8%B1%E0%B8%9A%E0%B8%8B%E0%B8%B7%E0%B9%89%E0%B8%AD%E0%B8%84%E0%B8%AD%E0%B8%A1%E0%B9%80%E0%B8%81%E0%B8%A1%E0%B8%A1%E0%B8%B4%E0%B9%88%E0%B8%87-%E0%B8%AD%E0%B8%B8%E0%B8%94%E0%B8%A3%E0%B8%98%E0%B8%B2%E0%B8%99%E0%B8%B5","https://amphon.co.th/รับซื้อ/รับซื้อคอมเกมมิ่ง-อุดรธานี","Yes","PASS",""
"https://amphon.co.th/%E0%B8%A3%E0%B8%B1%E0%B8%9A%E0%B8%8B%E0%B8%B7%E0%B9%89%E0%B8%AD/%E0%B8%A3%E0%B8%B1%E0%B8%9A%E0%B8%8B%E0%B8%B7%E0%B9%89%E0%B8%AD%E0%B8%84%E0%B8%AD%E0%B8%A1%E0%B9%80%E0%B8%81%E0%B8%A1%E0%B8%A1%E0%B8%B4%E0%B9%88%E0%B8%87-%E0%B9%80%E0%B8%A5%E0%B8%A2","200","0","https://amphon.co.th/%E0%B8%A3%E0%B8%B1%E0%B8%9A%E0%B8%8B%E0%B8%B7%E0%B9%89%E0%B8%AD/%E0%B8%A3%E0%B8%B1%E0%B8%9A%E0%B8%8B%E0%B8%B7%E0%B9%89%E0%B8%AD%E0%B8%84%E0%B8%AD%E0%B8%A1%E0%B9%80%E0%B8%81%E0%B8%A1%E0%B8%A1%E0%B8%B4%E0%B9%88%E0%B8%87-%E0%B9%80%E0%B8%A5%E0%B8%A2","https://amphon.co.th/รับซื้อ/รับซื้อคอมเกมมิ่ง-เลย","Yes","PASS",""
"https://amphon.co.th/%E0%B8%A3%E0%B8%B1%E0%B8%9A%E0%B8%8B%E0%B8%B7%E0%B9%89%E0%B8%AD/%E0%B8%A3%E0%B8%B1%E0%B8%9A%E0%B8%8B%E0%B8%B7%E0%B9%89%E0%B8%AD%E0%B8%88%E0%B8%AD%E0%B8%84%E0%B8%AD%E0%B8%A1-%E0%B8%8A%E0%B8%B1%E0%B8%A2%E0%B8%A0%E0%B8%B9%E0%B8%A1%E0%B8%B4","200","0","https://amphon.co.th/%E0%B8%A3%E0%B8%B1%E0%B8%9A%E0%B8%8B%E0%B8%B7%E0%B9%89%E0%B8%AD/%E0%B8%A3%E0%B8%B1%E0%B8%9A%E0%B8%8B%E0%B8%B7%E0%B9%89%E0%B8%AD%E0%B8%88%E0%B8%AD%E0%B8%84%E0%B8%AD%E0%B8%A1-%E0%B8%8A%E0%B8%B1%E0%B8%A2%E0%B8%A0%E0%B8%B9%E0%B8%A1%E0%B8%B4","https://amphon.co.th/รับซื้อ/รับซื้อจอคอม-ชัยภูมิ","Yes","PASS",""
"https://amphon.co.th/%E0%B8%A3%E0%B8%B1%E0%B8%9A%E0%B8%8B%E0%B8%B7%E0%B9%89%E0%B8%AD/%E0%B8%A3%E0%B8%B1%E0%B8%9A%E0%B8%8B%E0%B8%B7%E0%B9%89%E0%B8%AD%E0%B8%88%E0%B8%AD%E0%B8%84%E0%B8%AD%E0%B8%A1-%E0%B8%9A%E0%B8%B6%E0%B8%87%E0%B8%81%E0%B8%B2%E0%B8%AC","200","0","https://amphon.co.th/%E0%B8%A3%E0%B8%B1%E0%B8%9A%E0%B8%8B%E0%B8%B7%E0%B9%89%E0%B8%AD/%E0%B8%A3%E0%B8%B1%E0%B8%9A%E0%B8%8B%E0%B8%B7%E0%B9%89%E0%B8%AD%E0%B8%88%E0%B8%AD%E0%B8%84%E0%B8%AD%E0%B8%A1-%E0%B8%9A%E0%B8%B6%E0%B8%87%E0%B8%81%E0%B8%B2%E0%B8%AC","https://amphon.co.th/รับซื้อ/รับซื้อจอคอม-บึงกาฬ","Yes","PASS",""
"https://amphon.co.th/%E0%B8%A3%E0%B8%B1%E0%B8%9A%E0%B8%8B%E0%B8%B7%E0%B9%89%E0%B8%AD/%E0%B8%A3%E0%B8%B1%E0%B8%9A%E0%B8%8B%E0%B8%B7%E0%B9%89%E0%B8%AD%E0%B8%88%E0%B8%AD%E0%B8%84%E0%B8%AD%E0%B8%A1-%E0%B8%9A%E0%B8%B8%E0%B8%A3%E0%B8%B5%E0%B8%A3%E0%B8%B1%E0%B8%A1%E0%B8%A2%E0%B9%8C","200","0","https://amphon.co.th/%E0%B8%A3%E0%B8%B1%E0%B8%9A%E0%B8%8B%E0%B8%B7%E0%B9%89%E0%B8%AD/%E0%B8%A3%E0%B8%B1%E0%B8%9A%E0%B8%8B%E0%B8%B7%E0%B9%89%E0%B8%AD%E0%B8%88%E0%B8%AD%E0%B8%84%E0%B8%AD%E0%B8%A1-%E0%B8%9A%E0%B8%B8%E0%B8%A3%E0%B8%B5%E0%B8%A3%E0%B8%B1%E0%B8%A1%E0%B8%A2%E0%B9%8C","https://amphon.co.th/รับซื้อ/รับซื้อจอคอม-บุรีรัมย์","Yes","PASS",""
"https://amphon.co.th/%E0%B8%A3%E0%B8%B1%E0%B8%9A%E0%B8%8B%E0%B8%B7%E0%B9%89%E0%B8%AD/%E0%B8%A3%E0%B8%B1%E0%B8%9A%E0%B8%8B%E0%B8%B7%E0%B9%89%E0%B8%AD%E0%B8%88%E0%B8%AD%E0%B8%84%E0%B8%AD%E0%B8%A1-%E0%B8%81%E0%B8%B2%E0%B8%AC%E0%B8%AA%E0%B8%B4%E0%B8%99%E0%B8%98%E0%B8%B8%E0%B9%8C","200","0","https://amphon.co.th/%E0%B8%A3%E0%B8%B1%E0%B8%9A%E0%B8%8B%E0%B8%B7%E0%B9%89%E0%B8%AD/%E0%B8%A3%E0%B8%B1%E0%B8%9A%E0%B8%8B%E0%B8%B7%E0%B9%89%E0%B8%AD%E0%B8%88%E0%B8%AD%E0%B8%84%E0%B8%AD%E0%B8%A1-%E0%B8%81%E0%B8%B2%E0%B8%AC%E0%B8%AA%E0%B8%B4%E0%B8%99%E0%B8%98%E0%B8%B8%E0%B9%8C","https://amphon.co.th/รับซื้อ/รับซื้อจอคอม-กาฬสินธุ์","Yes","PASS",""
"https://amphon.co.th/%E0%B8%A3%E0%B8%B1%E0%B8%9A%E0%B8%8B%E0%B8%B7%E0%B9%89%E0%B8%AD/%E0%B8%A3%E0%B8%B1%E0%B8%9A%E0%B8%8B%E0%B8%B7%E0%B9%89%E0%B8%AD%E0%B8%88%E0%B8%AD%E0%B8%84%E0%B8%AD%E0%B8%A1-%E0%B8%82%E0%B8%AD%E0%B8%99%E0%B9%81%E0%B8%81%E0%B9%88%E0%B8%99","200","0","https://amphon.co.th/%E0%B8%A3%E0%B8%B1%E0%B8%9A%E0%B8%8B%E0%B8%B7%E0%B9%89%E0%B8%AD/%E0%B8%A3%E0%B8%B1%E0%B8%9A%E0%B8%8B%E0%B8%B7%E0%B9%89%E0%B8%AD%E0%B8%88%E0%B8%AD%E0%B8%84%E0%B8%AD%E0%B8%A1-%E0%B8%82%E0%B8%AD%E0%B8%99%E0%B9%81%E0%B8%81%E0%B9%88%E0%B8%99","https://amphon.co.th/รับซื้อ/รับซื้อจอคอม-ขอนแก่น","Yes","PASS",""
"https://amphon.co.th/%E0%B8%A3%E0%B8%B1%E0%B8%9A%E0%B8%8B%E0%B8%B7%E0%B9%89%E0%B8%AD/%E0%B8%A3%E0%B8%B1%E0%B8%9A%E0%B8%8B%E0%B8%B7%E0%B9%89%E0%B8%AD%E0%B8%88%E0%B8%AD%E0%B8%84%E0%B8%AD%E0%B8%A1-%E0%B8%99%E0%B8%84%E0%B8%A3%E0%B8%9E%E0%B8%99%E0%B8%A1","200","0","https://amphon.co.th/%E0%B8%A3%E0%B8%B1%E0%B8%9A%E0%B8%8B%E0%B8%B7%E0%B9%89%E0%B8%AD/%E0%B8%A3%E0%B8%B1%E0%B8%9A%E0%B8%8B%E0%B8%B7%E0%B9%89%E0%B8%AD%E0%B8%88%E0%B8%AD%E0%B8%84%E0%B8%AD%E0%B8%A1-%E0%B8%99%E0%B8%84%E0%B8%A3%E0%B8%9E%E0%B8%99%E0%B8%A1","https://amphon.co.th/รับซื้อ/รับซื้อจอคอม-นครพนม","Yes","PASS",""
"https://amphon.co.th/%E0%B8%A3%E0%B8%B1%E0%B8%9A%E0%B8%8B%E0%B8%B7%E0%B9%89%E0%B8%AD/%E0%B8%A3%E0%B8%B1%E0%B8%9A%E0%B8%8B%E0%B8%B7%E0%B9%89%E0%B8%AD%E0%B8%88%E0%B8%AD%E0%B8%84%E0%B8%AD%E0%B8%A1-%E0%B8%99%E0%B8%84%E0%B8%A3%E0%B8%A3%E0%B8%B2%E0%B8%8A%E0%B8%AA%E0%B8%B5%E0%B8%A1%E0%B8%B2","200","0","https://amphon.co.th/%E0%B8%A3%E0%B8%B1%E0%B8%9A%E0%B8%8B%E0%B8%B7%E0%B9%89%E0%B8%AD/%E0%B8%A3%E0%B8%B1%E0%B8%9A%E0%B8%8B%E0%B8%B7%E0%B9%89%E0%B8%AD%E0%B8%88%E0%B8%AD%E0%B8%84%E0%B8%AD%E0%B8%A1-%E0%B8%99%E0%B8%84%E0%B8%A3%E0%B8%A3%E0%B8%B2%E0%B8%8A%E0%B8%AA%E0%B8%B5%E0%B8%A1%E0%B8%B2","https://amphon.co.th/รับซื้อ/รับซื้อจอคอม-นครราชสีมา","Yes","PASS",""
"https://amphon.co.th/%E0%B8%A3%E0%B8%B1%E0%B8%9A%E0%B8%8B%E0%B8%B7%E0%B9%89%E0%B8%AD/%E0%B8%A3%E0%B8%B1%E0%B8%9A%E0%B8%8B%E0%B8%B7%E0%B9%89%E0%B8%AD%E0%B8%88%E0%B8%AD%E0%B8%84%E0%B8%AD%E0%B8%A1-%E0%B8%A1%E0%B8%AB%E0%B8%B2%E0%B8%AA%E0%B8%B2%E0%B8%A3%E0%B8%84%E0%B8%B2%E0%B8%A1","200","0","https://amphon.co.th/%E0%B8%A3%E0%B8%B1%E0%B8%9A%E0%B8%8B%E0%B8%B7%E0%B9%89%E0%B8%AD/%E0%B8%A3%E0%B8%B1%E0%B8%9A%E0%B8%8B%E0%B8%B7%E0%B9%89%E0%B8%AD%E0%B8%88%E0%B8%AD%E0%B8%84%E0%B8%AD%E0%B8%A1-%E0%B8%A1%E0%B8%AB%E0%B8%B2%E0%B8%AA%E0%B8%B2%E0%B8%A3%E0%B8%84%E0%B8%B2%E0%B8%A1","https://amphon.co.th/รับซื้อ/รับซื้อจอคอม-มหาสารคาม","Yes","PASS",""
"https://amphon.co.th/%E0%B8%A3%E0%B8%B1%E0%B8%9A%E0%B8%8B%E0%B8%B7%E0%B9%89%E0%B8%AD/%E0%B8%A3%E0%B8%B1%E0%B8%9A%E0%B8%8B%E0%B8%B7%E0%B9%89%E0%B8%AD%E0%B8%88%E0%B8%AD%E0%B8%84%E0%B8%AD%E0%B8%A1-%E0%B8%A1%E0%B8%B8%E0%B8%81%E0%B8%94%E0%B8%B2%E0%B8%AB%E0%B8%B2%E0%B8%A3","200","0","https://amphon.co.th/%E0%B8%A3%E0%B8%B1%E0%B8%9A%E0%B8%8B%E0%B8%B7%E0%B9%89%E0%B8%AD/%E0%B8%A3%E0%B8%B1%E0%B8%9A%E0%B8%8B%E0%B8%B7%E0%B9%89%E0%B8%AD%E0%B8%88%E0%B8%AD%E0%B8%84%E0%B8%AD%E0%B8%A1-%E0%B8%A1%E0%B8%B8%E0%B8%81%E0%B8%94%E0%B8%B2%E0%B8%AB%E0%B8%B2%E0%B8%A3","https://amphon.co.th/รับซื้อ/รับซื้อจอคอม-มุกดาหาร","Yes","PASS",""
"https://amphon.co.th/%E0%B8%A3%E0%B8%B1%E0%B8%9A%E0%B8%8B%E0%B8%B7%E0%B9%89%E0%B8%AD/%E0%B8%A3%E0%B8%B1%E0%B8%9A%E0%B8%8B%E0%B8%B7%E0%B9%89%E0%B8%AD%E0%B8%88%E0%B8%AD%E0%B8%84%E0%B8%AD%E0%B8%A1-%E0%B8%A2%E0%B9%82%E0%B8%AA%E0%B8%98%E0%B8%A3","200","0","https://amphon.co.th/%E0%B8%A3%E0%B8%B1%E0%B8%9A%E0%B8%8B%E0%B8%B7%E0%B9%89%E0%B8%AD/%E0%B8%A3%E0%B8%B1%E0%B8%9A%E0%B8%8B%E0%B8%B7%E0%B9%89%E0%B8%AD%E0%B8%88%E0%B8%AD%E0%B8%84%E0%B8%AD%E0%B8%A1-%E0%B8%A2%E0%B9%82%E0%B8%AA%E0%B8%98%E0%B8%A3","https://amphon.co.th/รับซื้อ/รับซื้อจอคอม-ยโสธร","Yes","PASS",""
"https://amphon.co.th/%E0%B8%A3%E0%B8%B1%E0%B8%9A%E0%B8%8B%E0%B8%B7%E0%B9%89%E0%B8%AD/%E0%B8%A3%E0%B8%B1%E0%B8%9A%E0%B8%8B%E0%B8%B7%E0%B9%89%E0%B8%AD%E0%B8%88%E0%B8%AD%E0%B8%84%E0%B8%AD%E0%B8%A1-%E0%B8%A3%E0%B9%89%E0%B8%AD%E0%B8%A2%E0%B9%80%E0%B8%AD%E0%B9%87%E0%B8%94","200","0","https://amphon.co.th/%E0%B8%A3%E0%B8%B1%E0%B8%9A%E0%B8%8B%E0%B8%B7%E0%B9%89%E0%B8%AD/%E0%B8%A3%E0%B8%B1%E0%B8%9A%E0%B8%8B%E0%B8%B7%E0%B9%89%E0%B8%AD%E0%B8%88%E0%B8%AD%E0%B8%84%E0%B8%AD%E0%B8%A1-%E0%B8%A3%E0%B9%89%E0%B8%AD%E0%B8%A2%E0%B9%80%E0%B8%AD%E0%B9%87%E0%B8%94","https://amphon.co.th/รับซื้อ/รับซื้อจอคอม-ร้อยเอ็ด","Yes","PASS",""
"https://amphon.co.th/%E0%B8%A3%E0%B8%B1%E0%B8%9A%E0%B8%8B%E0%B8%B7%E0%B9%89%E0%B8%AD/%E0%B8%A3%E0%B8%B1%E0%B8%9A%E0%B8%8B%E0%B8%B7%E0%B9%89%E0%B8%AD%E0%B8%88%E0%B8%AD%E0%B8%84%E0%B8%AD%E0%B8%A1-%E0%B8%A8%E0%B8%A3%E0%B8%B5%E0%B8%AA%E0%B8%B0%E0%B9%80%E0%B8%81%E0%B8%A9","200","0","https://amphon.co.th/%E0%B8%A3%E0%B8%B1%E0%B8%9A%E0%B8%8B%E0%B8%B7%E0%B9%89%E0%B8%AD/%E0%B8%A3%E0%B8%B1%E0%B8%9A%E0%B8%8B%E0%B8%B7%E0%B9%89%E0%B8%AD%E0%B8%88%E0%B8%AD%E0%B8%84%E0%B8%AD%E0%B8%A1-%E0%B8%A8%E0%B8%A3%E0%B8%B5%E0%B8%AA%E0%B8%B0%E0%B9%80%E0%B8%81%E0%B8%A9","https://amphon.co.th/รับซื้อ/รับซื้อจอคอม-ศรีสะเกษ","Yes","PASS",""
"https://amphon.co.th/%E0%B8%A3%E0%B8%B1%E0%B8%9A%E0%B8%8B%E0%B8%B7%E0%B9%89%E0%B8%AD/%E0%B8%A3%E0%B8%B1%E0%B8%9A%E0%B8%8B%E0%B8%B7%E0%B9%89%E0%B8%AD%E0%B8%88%E0%B8%AD%E0%B8%84%E0%B8%AD%E0%B8%A1-%E0%B8%AA%E0%B8%81%E0%B8%A5%E0%B8%99%E0%B8%84%E0%B8%A3","200","0","https://amphon.co.th/%E0%B8%A3%E0%B8%B1%E0%B8%9A%E0%B8%8B%E0%B8%B7%E0%B9%89%E0%B8%AD/%E0%B8%A3%E0%B8%B1%E0%B8%9A%E0%B8%8B%E0%B8%B7%E0%B9%89%E0%B8%AD%E0%B8%88%E0%B8%AD%E0%B8%84%E0%B8%AD%E0%B8%A1-%E0%B8%AA%E0%B8%81%E0%B8%A5%E0%B8%99%E0%B8%84%E0%B8%A3","https://amphon.co.th/รับซื้อ/รับซื้อจอคอม-สกลนคร","Yes","PASS",""
"https://amphon.co.th/%E0%B8%A3%E0%B8%B1%E0%B8%9A%E0%B8%8B%E0%B8%B7%E0%B9%89%E0%B8%AD/%E0%B8%A3%E0%B8%B1%E0%B8%9A%E0%B8%8B%E0%B8%B7%E0%B9%89%E0%B8%AD%E0%B8%88%E0%B8%AD%E0%B8%84%E0%B8%AD%E0%B8%A1-%E0%B8%AA%E0%B8%B8%E0%B8%A3%E0%B8%B4%E0%B8%99%E0%B8%97%E0%B8%A3%E0%B9%8C","200","0","https://amphon.co.th/%E0%B8%A3%E0%B8%B1%E0%B8%9A%E0%B8%8B%E0%B8%B7%E0%B9%89%E0%B8%AD/%E0%B8%A3%E0%B8%B1%E0%B8%9A%E0%B8%8B%E0%B8%B7%E0%B9%89%E0%B8%AD%E0%B8%88%E0%B8%AD%E0%B8%84%E0%B8%AD%E0%B8%A1-%E0%B8%AA%E0%B8%B8%E0%B8%A3%E0%B8%B4%E0%B8%99%E0%B8%97%E0%B8%A3%E0%B9%8C","https://amphon.co.th/รับซื้อ/รับซื้อจอคอม-สุรินทร์","Yes","PASS",""
"https://amphon.co.th/%E0%B8%A3%E0%B8%B1%E0%B8%9A%E0%B8%8B%E0%B8%B7%E0%B9%89%E0%B8%AD/%E0%B8%A3%E0%B8%B1%E0%B8%9A%E0%B8%8B%E0%B8%B7%E0%B9%89%E0%B8%AD%E0%B8%88%E0%B8%AD%E0%B8%84%E0%B8%AD%E0%B8%A1-%E0%B8%AB%E0%B8%99%E0%B8%AD%E0%B8%87%E0%B8%9A%E0%B8%B1%E0%B8%A7%E0%B8%A5%E0%B8%B3%E0%B8%A0%E0%B8%B9","200","0","https://amphon.co.th/%E0%B8%A3%E0%B8%B1%E0%B8%9A%E0%B8%8B%E0%B8%B7%E0%B9%89%E0%B8%AD/%E0%B8%A3%E0%B8%B1%E0%B8%9A%E0%B8%8B%E0%B8%B7%E0%B9%89%E0%B8%AD%E0%B8%88%E0%B8%AD%E0%B8%84%E0%B8%AD%E0%B8%A1-%E0%B8%AB%E0%B8%99%E0%B8%AD%E0%B8%87%E0%B8%9A%E0%B8%B1%E0%B8%A7%E0%B8%A5%E0%B8%B3%E0%B8%A0%E0%B8%B9","https://amphon.co.th/รับซื้อ/รับซื้อจอคอม-หนองบัวลำภู","Yes","PASS",""
"https://amphon.co.th/%E0%B8%A3%E0%B8%B1%E0%B8%9A%E0%B8%8B%E0%B8%B7%E0%B9%89%E0%B8%AD/%E0%B8%A3%E0%B8%B1%E0%B8%9A%E0%B8%8B%E0%B8%B7%E0%B9%89%E0%B8%AD%E0%B8%88%E0%B8%AD%E0%B8%84%E0%B8%AD%E0%B8%A1-%E0%B8%AB%E0%B8%99%E0%B8%AD%E0%B8%87%E0%B8%84%E0%B8%B2%E0%B8%A2","200","0","https://amphon.co.th/%E0%B8%A3%E0%B8%B1%E0%B8%9A%E0%B8%8B%E0%B8%B7%E0%B9%89%E0%B8%AD/%E0%B8%A3%E0%B8%B1%E0%B8%9A%E0%B8%8B%E0%B8%B7%E0%B9%89%E0%B8%AD%E0%B8%88%E0%B8%AD%E0%B8%84%E0%B8%AD%E0%B8%A1-%E0%B8%AB%E0%B8%99%E0%B8%AD%E0%B8%87%E0%B8%84%E0%B8%B2%E0%B8%A2","https://amphon.co.th/รับซื้อ/รับซื้อจอคอม-หนองคาย","Yes","PASS",""
"https://amphon.co.th/%E0%B8%A3%E0%B8%B1%E0%B8%9A%E0%B8%8B%E0%B8%B7%E0%B9%89%E0%B8%AD/%E0%B8%A3%E0%B8%B1%E0%B8%9A%E0%B8%8B%E0%B8%B7%E0%B9%89%E0%B8%AD%E0%B8%88%E0%B8%AD%E0%B8%84%E0%B8%AD%E0%B8%A1-%E0%B8%AD%E0%B8%B3%E0%B8%99%E0%B8%B2%E0%B8%88%E0%B9%80%E0%B8%88%E0%B8%A3%E0%B8%B4%E0%B8%8D","200","0","https://amphon.co.th/%E0%B8%A3%E0%B8%B1%E0%B8%9A%E0%B8%8B%E0%B8%B7%E0%B9%89%E0%B8%AD/%E0%B8%A3%E0%B8%B1%E0%B8%9A%E0%B8%8B%E0%B8%B7%E0%B9%89%E0%B8%AD%E0%B8%88%E0%B8%AD%E0%B8%84%E0%B8%AD%E0%B8%A1-%E0%B8%AD%E0%B8%B3%E0%B8%99%E0%B8%B2%E0%B8%88%E0%B9%80%E0%B8%88%E0%B8%A3%E0%B8%B4%E0%B8%8D","https://amphon.co.th/รับซื้อ/รับซื้อจอคอม-อำนาจเจริญ","Yes","PASS",""
"https://amphon.co.th/%E0%B8%A3%E0%B8%B1%E0%B8%9A%E0%B8%8B%E0%B8%B7%E0%B9%89%E0%B8%AD/%E0%B8%A3%E0%B8%B1%E0%B8%9A%E0%B8%8B%E0%B8%B7%E0%B9%89%E0%B8%AD%E0%B8%88%E0%B8%AD%E0%B8%84%E0%B8%AD%E0%B8%A1-%E0%B8%AD%E0%B8%B8%E0%B8%9A%E0%B8%A5%E0%B8%A3%E0%B8%B2%E0%B8%8A%E0%B8%98%E0%B8%B2%E0%B8%99%E0%B8%B5","200","0","https://amphon.co.th/%E0%B8%A3%E0%B8%B1%E0%B8%9A%E0%B8%8B%E0%B8%B7%E0%B9%89%E0%B8%AD/%E0%B8%A3%E0%B8%B1%E0%B8%9A%E0%B8%8B%E0%B8%B7%E0%B9%89%E0%B8%AD%E0%B8%88%E0%B8%AD%E0%B8%84%E0%B8%AD%E0%B8%A1-%E0%B8%AD%E0%B8%B8%E0%B8%9A%E0%B8%A5%E0%B8%A3%E0%B8%B2%E0%B8%8A%E0%B8%98%E0%B8%B2%E0%B8%99%E0%B8%B5","https://amphon.co.th/รับซื้อ/รับซื้อจอคอม-อุบลราชธานี","Yes","PASS",""
"https://amphon.co.th/%E0%B8%A3%E0%B8%B1%E0%B8%9A%E0%B8%8B%E0%B8%B7%E0%B9%89%E0%B8%AD/%E0%B8%A3%E0%B8%B1%E0%B8%9A%E0%B8%8B%E0%B8%B7%E0%B9%89%E0%B8%AD%E0%B8%88%E0%B8%AD%E0%B8%84%E0%B8%AD%E0%B8%A1-%E0%B8%AD%E0%B8%B8%E0%B8%94%E0%B8%A3%E0%B8%98%E0%B8%B2%E0%B8%99%E0%B8%B5","200","0","https://amphon.co.th/%E0%B8%A3%E0%B8%B1%E0%B8%9A%E0%B8%8B%E0%B8%B7%E0%B9%89%E0%B8%AD/%E0%B8%A3%E0%B8%B1%E0%B8%9A%E0%B8%8B%E0%B8%B7%E0%B9%89%E0%B8%AD%E0%B8%88%E0%B8%AD%E0%B8%84%E0%B8%AD%E0%B8%A1-%E0%B8%AD%E0%B8%B8%E0%B8%94%E0%B8%A3%E0%B8%98%E0%B8%B2%E0%B8%99%E0%B8%B5","https://amphon.co.th/รับซื้อ/รับซื้อจอคอม-อุดรธานี","Yes","PASS",""
"https://amphon.co.th/%E0%B8%A3%E0%B8%B1%E0%B8%9A%E0%B8%8B%E0%B8%B7%E0%B9%89%E0%B8%AD/%E0%B8%A3%E0%B8%B1%E0%B8%9A%E0%B8%8B%E0%B8%B7%E0%B9%89%E0%B8%AD%E0%B8%88%E0%B8%AD%E0%B8%84%E0%B8%AD%E0%B8%A1-%E0%B9%80%E0%B8%A5%E0%B8%A2","200","0","https://amphon.co.th/%E0%B8%A3%E0%B8%B1%E0%B8%9A%E0%B8%8B%E0%B8%B7%E0%B9%89%E0%B8%AD/%E0%B8%A3%E0%B8%B1%E0%B8%9A%E0%B8%8B%E0%B8%B7%E0%B9%89%E0%B8%AD%E0%B8%88%E0%B8%AD%E0%B8%84%E0%B8%AD%E0%B8%A1-%E0%B9%80%E0%B8%A5%E0%B8%A2","https://amphon.co.th/รับซื้อ/รับซื้อจอคอม-เลย","Yes","PASS",""
"https://amphon.co.th/%E0%B8%A3%E0%B8%B1%E0%B8%9A%E0%B8%8B%E0%B8%B7%E0%B9%89%E0%B8%AD/%E0%B8%A3%E0%B8%B1%E0%B8%9A%E0%B8%8B%E0%B8%B7%E0%B9%89%E0%B8%AD%E0%B8%88%E0%B8%AD%E0%B9%80%E0%B8%81%E0%B8%A1%E0%B8%A1%E0%B8%B4%E0%B9%88%E0%B8%87-%E0%B8%8A%E0%B8%B1%E0%B8%A2%E0%B8%A0%E0%B8%B9%E0%B8%A1%E0%B8%B4","200","0","https://amphon.co.th/%E0%B8%A3%E0%B8%B1%E0%B8%9A%E0%B8%8B%E0%B8%B7%E0%B9%89%E0%B8%AD/%E0%B8%A3%E0%B8%B1%E0%B8%9A%E0%B8%8B%E0%B8%B7%E0%B9%89%E0%B8%AD%E0%B8%88%E0%B8%AD%E0%B9%80%E0%B8%81%E0%B8%A1%E0%B8%A1%E0%B8%B4%E0%B9%88%E0%B8%87-%E0%B8%8A%E0%B8%B1%E0%B8%A2%E0%B8%A0%E0%B8%B9%E0%B8%A1%E0%B8%B4","https://amphon.co.th/รับซื้อ/รับซื้อจอเกมมิ่ง-ชัยภูมิ","Yes","PASS",""
"https://amphon.co.th/%E0%B8%A3%E0%B8%B1%E0%B8%9A%E0%B8%8B%E0%B8%B7%E0%B9%89%E0%B8%AD/%E0%B8%A3%E0%B8%B1%E0%B8%9A%E0%B8%8B%E0%B8%B7%E0%B9%89%E0%B8%AD%E0%B8%88%E0%B8%AD%E0%B9%80%E0%B8%81%E0%B8%A1%E0%B8%A1%E0%B8%B4%E0%B9%88%E0%B8%87-%E0%B8%9A%E0%B8%B6%E0%B8%87%E0%B8%81%E0%B8%B2%E0%B8%AC","200","0","https://amphon.co.th/%E0%B8%A3%E0%B8%B1%E0%B8%9A%E0%B8%8B%E0%B8%B7%E0%B9%89%E0%B8%AD/%E0%B8%A3%E0%B8%B1%E0%B8%9A%E0%B8%8B%E0%B8%B7%E0%B9%89%E0%B8%AD%E0%B8%88%E0%B8%AD%E0%B9%80%E0%B8%81%E0%B8%A1%E0%B8%A1%E0%B8%B4%E0%B9%88%E0%B8%87-%E0%B8%9A%E0%B8%B6%E0%B8%87%E0%B8%81%E0%B8%B2%E0%B8%AC","https://amphon.co.th/รับซื้อ/รับซื้อจอเกมมิ่ง-บึงกาฬ","Yes","PASS",""
"https://amphon.co.th/%E0%B8%A3%E0%B8%B1%E0%B8%9A%E0%B8%8B%E0%B8%B7%E0%B9%89%E0%B8%AD/%E0%B8%A3%E0%B8%B1%E0%B8%9A%E0%B8%8B%E0%B8%B7%E0%B9%89%E0%B8%AD%E0%B8%88%E0%B8%AD%E0%B9%80%E0%B8%81%E0%B8%A1%E0%B8%A1%E0%B8%B4%E0%B9%88%E0%B8%87-%E0%B8%9A%E0%B8%B8%E0%B8%A3%E0%B8%B5%E0%B8%A3%E0%B8%B1%E0%B8%A1%E0%B8%A2%E0%B9%8C","200","0","https://amphon.co.th/%E0%B8%A3%E0%B8%B1%E0%B8%9A%E0%B8%8B%E0%B8%B7%E0%B9%89%E0%B8%AD/%E0%B8%A3%E0%B8%B1%E0%B8%9A%E0%B8%8B%E0%B8%B7%E0%B9%89%E0%B8%AD%E0%B8%88%E0%B8%AD%E0%B9%80%E0%B8%81%E0%B8%A1%E0%B8%A1%E0%B8%B4%E0%B9%88%E0%B8%87-%E0%B8%9A%E0%B8%B8%E0%B8%A3%E0%B8%B5%E0%B8%A3%E0%B8%B1%E0%B8%A1%E0%B8%A2%E0%B9%8C","https://amphon.co.th/รับซื้อ/รับซื้อจอเกมมิ่ง-บุรีรัมย์","Yes","PASS",""
"https://amphon.co.th/%E0%B8%A3%E0%B8%B1%E0%B8%9A%E0%B8%8B%E0%B8%B7%E0%B9%89%E0%B8%AD/%E0%B8%A3%E0%B8%B1%E0%B8%9A%E0%B8%8B%E0%B8%B7%E0%B9%89%E0%B8%AD%E0%B8%88%E0%B8%AD%E0%B9%80%E0%B8%81%E0%B8%A1%E0%B8%A1%E0%B8%B4%E0%B9%88%E0%B8%87-%E0%B8%81%E0%B8%B2%E0%B8%AC%E0%B8%AA%E0%B8%B4%E0%B8%99%E0%B8%98%E0%B8%B8%E0%B9%8C","200","0","https://amphon.co.th/%E0%B8%A3%E0%B8%B1%E0%B8%9A%E0%B8%8B%E0%B8%B7%E0%B9%89%E0%B8%AD/%E0%B8%A3%E0%B8%B1%E0%B8%9A%E0%B8%8B%E0%B8%B7%E0%B9%89%E0%B8%AD%E0%B8%88%E0%B8%AD%E0%B9%80%E0%B8%81%E0%B8%A1%E0%B8%A1%E0%B8%B4%E0%B9%88%E0%B8%87-%E0%B8%81%E0%B8%B2%E0%B8%AC%E0%B8%AA%E0%B8%B4%E0%B8%99%E0%B8%98%E0%B8%B8%E0%B9%8C","https://amphon.co.th/รับซื้อ/รับซื้อจอเกมมิ่ง-กาฬสินธุ์","Yes","PASS",""
"https://amphon.co.th/%E0%B8%A3%E0%B8%B1%E0%B8%9A%E0%B8%8B%E0%B8%B7%E0%B9%89%E0%B8%AD/%E0%B8%A3%E0%B8%B1%E0%B8%9A%E0%B8%8B%E0%B8%B7%E0%B9%89%E0%B8%AD%E0%B8%88%E0%B8%AD%E0%B9%80%E0%B8%81%E0%B8%A1%E0%B8%A1%E0%B8%B4%E0%B9%88%E0%B8%87-%E0%B8%82%E0%B8%AD%E0%B8%99%E0%B9%81%E0%B8%81%E0%B9%88%E0%B8%99","200","0","https://amphon.co.th/%E0%B8%A3%E0%B8%B1%E0%B8%9A%E0%B8%8B%E0%B8%B7%E0%B9%89%E0%B8%AD/%E0%B8%A3%E0%B8%B1%E0%B8%9A%E0%B8%8B%E0%B8%B7%E0%B9%89%E0%B8%AD%E0%B8%88%E0%B8%AD%E0%B9%80%E0%B8%81%E0%B8%A1%E0%B8%A1%E0%B8%B4%E0%B9%88%E0%B8%87-%E0%B8%82%E0%B8%AD%E0%B8%99%E0%B9%81%E0%B8%81%E0%B9%88%E0%B8%99","https://amphon.co.th/รับซื้อ/รับซื้อจอเกมมิ่ง-ขอนแก่น","Yes","PASS",""
"https://amphon.co.th/%E0%B8%A3%E0%B8%B1%E0%B8%9A%E0%B8%8B%E0%B8%B7%E0%B9%89%E0%B8%AD/%E0%B8%A3%E0%B8%B1%E0%B8%9A%E0%B8%8B%E0%B8%B7%E0%B9%89%E0%B8%AD%E0%B8%88%E0%B8%AD%E0%B9%80%E0%B8%81%E0%B8%A1%E0%B8%A1%E0%B8%B4%E0%B9%88%E0%B8%87-%E0%B8%99%E0%B8%84%E0%B8%A3%E0%B8%9E%E0%B8%99%E0%B8%A1","200","0","https://amphon.co.th/%E0%B8%A3%E0%B8%B1%E0%B8%9A%E0%B8%8B%E0%B8%B7%E0%B9%89%E0%B8%AD/%E0%B8%A3%E0%B8%B1%E0%B8%9A%E0%B8%8B%E0%B8%B7%E0%B9%89%E0%B8%AD%E0%B8%88%E0%B8%AD%E0%B9%80%E0%B8%81%E0%B8%A1%E0%B8%A1%E0%B8%B4%E0%B9%88%E0%B8%87-%E0%B8%99%E0%B8%84%E0%B8%A3%E0%B8%9E%E0%B8%99%E0%B8%A1","https://amphon.co.th/รับซื้อ/รับซื้อจอเกมมิ่ง-นครพนม","Yes","PASS",""
"https://amphon.co.th/%E0%B8%A3%E0%B8%B1%E0%B8%9A%E0%B8%8B%E0%B8%B7%E0%B9%89%E0%B8%AD/%E0%B8%A3%E0%B8%B1%E0%B8%9A%E0%B8%8B%E0%B8%B7%E0%B9%89%E0%B8%AD%E0%B8%88%E0%B8%AD%E0%B9%80%E0%B8%81%E0%B8%A1%E0%B8%A1%E0%B8%B4%E0%B9%88%E0%B8%87-%E0%B8%99%E0%B8%84%E0%B8%A3%E0%B8%A3%E0%B8%B2%E0%B8%8A%E0%B8%AA%E0%B8%B5%E0%B8%A1%E0%B8%B2","200","0","https://amphon.co.th/%E0%B8%A3%E0%B8%B1%E0%B8%9A%E0%B8%8B%E0%B8%B7%E0%B9%89%E0%B8%AD/%E0%B8%A3%E0%B8%B1%E0%B8%9A%E0%B8%8B%E0%B8%B7%E0%B9%89%E0%B8%AD%E0%B8%88%E0%B8%AD%E0%B9%80%E0%B8%81%E0%B8%A1%E0%B8%A1%E0%B8%B4%E0%B9%88%E0%B8%87-%E0%B8%99%E0%B8%84%E0%B8%A3%E0%B8%A3%E0%B8%B2%E0%B8%8A%E0%B8%AA%E0%B8%B5%E0%B8%A1%E0%B8%B2","https://amphon.co.th/รับซื้อ/รับซื้อจอเกมมิ่ง-นครราชสีมา","Yes","PASS",""
"https://amphon.co.th/%E0%B8%A3%E0%B8%B1%E0%B8%9A%E0%B8%8B%E0%B8%B7%E0%B9%89%E0%B8%AD/%E0%B8%A3%E0%B8%B1%E0%B8%9A%E0%B8%8B%E0%B8%B7%E0%B9%89%E0%B8%AD%E0%B8%88%E0%B8%AD%E0%B9%80%E0%B8%81%E0%B8%A1%E0%B8%A1%E0%B8%B4%E0%B9%88%E0%B8%87-%E0%B8%A1%E0%B8%AB%E0%B8%B2%E0%B8%AA%E0%B8%B2%E0%B8%A3%E0%B8%84%E0%B8%B2%E0%B8%A1","200","0","https://amphon.co.th/%E0%B8%A3%E0%B8%B1%E0%B8%9A%E0%B8%8B%E0%B8%B7%E0%B9%89%E0%B8%AD/%E0%B8%A3%E0%B8%B1%E0%B8%9A%E0%B8%8B%E0%B8%B7%E0%B9%89%E0%B8%AD%E0%B8%88%E0%B8%AD%E0%B9%80%E0%B8%81%E0%B8%A1%E0%B8%A1%E0%B8%B4%E0%B9%88%E0%B8%87-%E0%B8%A1%E0%B8%AB%E0%B8%B2%E0%B8%AA%E0%B8%B2%E0%B8%A3%E0%B8%84%E0%B8%B2%E0%B8%A1","https://amphon.co.th/รับซื้อ/รับซื้อจอเกมมิ่ง-มหาสารคาม","Yes","PASS",""
"https://amphon.co.th/%E0%B8%A3%E0%B8%B1%E0%B8%9A%E0%B8%8B%E0%B8%B7%E0%B9%89%E0%B8%AD/%E0%B8%A3%E0%B8%B1%E0%B8%9A%E0%B8%8B%E0%B8%B7%E0%B9%89%E0%B8%AD%E0%B8%88%E0%B8%AD%E0%B9%80%E0%B8%81%E0%B8%A1%E0%B8%A1%E0%B8%B4%E0%B9%88%E0%B8%87-%E0%B8%A1%E0%B8%B8%E0%B8%81%E0%B8%94%E0%B8%B2%E0%B8%AB%E0%B8%B2%E0%B8%A3","200","0","https://amphon.co.th/%E0%B8%A3%E0%B8%B1%E0%B8%9A%E0%B8%8B%E0%B8%B7%E0%B9%89%E0%B8%AD/%E0%B8%A3%E0%B8%B1%E0%B8%9A%E0%B8%8B%E0%B8%B7%E0%B9%89%E0%B8%AD%E0%B8%88%E0%B8%AD%E0%B9%80%E0%B8%81%E0%B8%A1%E0%B8%A1%E0%B8%B4%E0%B9%88%E0%B8%87-%E0%B8%A1%E0%B8%B8%E0%B8%81%E0%B8%94%E0%B8%B2%E0%B8%AB%E0%B8%B2%E0%B8%A3","https://amphon.co.th/รับซื้อ/รับซื้อจอเกมมิ่ง-มุกดาหาร","Yes","PASS",""
"https://amphon.co.th/%E0%B8%A3%E0%B8%B1%E0%B8%9A%E0%B8%8B%E0%B8%B7%E0%B9%89%E0%B8%AD/%E0%B8%A3%E0%B8%B1%E0%B8%9A%E0%B8%8B%E0%B8%B7%E0%B9%89%E0%B8%AD%E0%B8%88%E0%B8%AD%E0%B9%80%E0%B8%81%E0%B8%A1%E0%B8%A1%E0%B8%B4%E0%B9%88%E0%B8%87-%E0%B8%A2%E0%B9%82%E0%B8%AA%E0%B8%98%E0%B8%A3","200","0","https://amphon.co.th/%E0%B8%A3%E0%B8%B1%E0%B8%9A%E0%B8%8B%E0%B8%B7%E0%B9%89%E0%B8%AD/%E0%B8%A3%E0%B8%B1%E0%B8%9A%E0%B8%8B%E0%B8%B7%E0%B9%89%E0%B8%AD%E0%B8%88%E0%B8%AD%E0%B9%80%E0%B8%81%E0%B8%A1%E0%B8%A1%E0%B8%B4%E0%B9%88%E0%B8%87-%E0%B8%A2%E0%B9%82%E0%B8%AA%E0%B8%98%E0%B8%A3","https://amphon.co.th/รับซื้อ/รับซื้อจอเกมมิ่ง-ยโสธร","Yes","PASS",""
"https://amphon.co.th/%E0%B8%A3%E0%B8%B1%E0%B8%9A%E0%B8%8B%E0%B8%B7%E0%B9%89%E0%B8%AD/%E0%B8%A3%E0%B8%B1%E0%B8%9A%E0%B8%8B%E0%B8%B7%E0%B9%89%E0%B8%AD%E0%B8%88%E0%B8%AD%E0%B9%80%E0%B8%81%E0%B8%A1%E0%B8%A1%E0%B8%B4%E0%B9%88%E0%B8%87-%E0%B8%A3%E0%B9%89%E0%B8%AD%E0%B8%A2%E0%B9%80%E0%B8%AD%E0%B9%87%E0%B8%94","200","0","https://amphon.co.th/%E0%B8%A3%E0%B8%B1%E0%B8%9A%E0%B8%8B%E0%B8%B7%E0%B9%89%E0%B8%AD/%E0%B8%A3%E0%B8%B1%E0%B8%9A%E0%B8%8B%E0%B8%B7%E0%B9%89%E0%B8%AD%E0%B8%88%E0%B8%AD%E0%B9%80%E0%B8%81%E0%B8%A1%E0%B8%A1%E0%B8%B4%E0%B9%88%E0%B8%87-%E0%B8%A3%E0%B9%89%E0%B8%AD%E0%B8%A2%E0%B9%80%E0%B8%AD%E0%B9%87%E0%B8%94","https://amphon.co.th/รับซื้อ/รับซื้อจอเกมมิ่ง-ร้อยเอ็ด","Yes","PASS",""
"https://amphon.co.th/%E0%B8%A3%E0%B8%B1%E0%B8%9A%E0%B8%8B%E0%B8%B7%E0%B9%89%E0%B8%AD/%E0%B8%A3%E0%B8%B1%E0%B8%9A%E0%B8%8B%E0%B8%B7%E0%B9%89%E0%B8%AD%E0%B8%88%E0%B8%AD%E0%B9%80%E0%B8%81%E0%B8%A1%E0%B8%A1%E0%B8%B4%E0%B9%88%E0%B8%87-%E0%B8%A8%E0%B8%A3%E0%B8%B5%E0%B8%AA%E0%B8%B0%E0%B9%80%E0%B8%81%E0%B8%A9","200","0","https://amphon.co.th/%E0%B8%A3%E0%B8%B1%E0%B8%9A%E0%B8%8B%E0%B8%B7%E0%B9%89%E0%B8%AD/%E0%B8%A3%E0%B8%B1%E0%B8%9A%E0%B8%8B%E0%B8%B7%E0%B9%89%E0%B8%AD%E0%B8%88%E0%B8%AD%E0%B9%80%E0%B8%81%E0%B8%A1%E0%B8%A1%E0%B8%B4%E0%B9%88%E0%B8%87-%E0%B8%A8%E0%B8%A3%E0%B8%B5%E0%B8%AA%E0%B8%B0%E0%B9%80%E0%B8%81%E0%B8%A9","https://amphon.co.th/รับซื้อ/รับซื้อจอเกมมิ่ง-ศรีสะเกษ","Yes","PASS",""
"https://amphon.co.th/%E0%B8%A3%E0%B8%B1%E0%B8%9A%E0%B8%8B%E0%B8%B7%E0%B9%89%E0%B8%AD/%E0%B8%A3%E0%B8%B1%E0%B8%9A%E0%B8%8B%E0%B8%B7%E0%B9%89%E0%B8%AD%E0%B8%88%E0%B8%AD%E0%B9%80%E0%B8%81%E0%B8%A1%E0%B8%A1%E0%B8%B4%E0%B9%88%E0%B8%87-%E0%B8%AA%E0%B8%81%E0%B8%A5%E0%B8%99%E0%B8%84%E0%B8%A3","200","0","https://amphon.co.th/%E0%B8%A3%E0%B8%B1%E0%B8%9A%E0%B8%8B%E0%B8%B7%E0%B9%89%E0%B8%AD/%E0%B8%A3%E0%B8%B1%E0%B8%9A%E0%B8%8B%E0%B8%B7%E0%B9%89%E0%B8%AD%E0%B8%88%E0%B8%AD%E0%B9%80%E0%B8%81%E0%B8%A1%E0%B8%A1%E0%B8%B4%E0%B9%88%E0%B8%87-%E0%B8%AA%E0%B8%81%E0%B8%A5%E0%B8%99%E0%B8%84%E0%B8%A3","https://amphon.co.th/รับซื้อ/รับซื้อจอเกมมิ่ง-สกลนคร","Yes","PASS",""
"https://amphon.co.th/%E0%B8%A3%E0%B8%B1%E0%B8%9A%E0%B8%8B%E0%B8%B7%E0%B9%89%E0%B8%AD/%E0%B8%A3%E0%B8%B1%E0%B8%9A%E0%B8%8B%E0%B8%B7%E0%B9%89%E0%B8%AD%E0%B8%88%E0%B8%AD%E0%B9%80%E0%B8%81%E0%B8%A1%E0%B8%A1%E0%B8%B4%E0%B9%88%E0%B8%87-%E0%B8%AA%E0%B8%B8%E0%B8%A3%E0%B8%B4%E0%B8%99%E0%B8%97%E0%B8%A3%E0%B9%8C","200","0","https://amphon.co.th/%E0%B8%A3%E0%B8%B1%E0%B8%9A%E0%B8%8B%E0%B8%B7%E0%B9%89%E0%B8%AD/%E0%B8%A3%E0%B8%B1%E0%B8%9A%E0%B8%8B%E0%B8%B7%E0%B9%89%E0%B8%AD%E0%B8%88%E0%B8%AD%E0%B9%80%E0%B8%81%E0%B8%A1%E0%B8%A1%E0%B8%B4%E0%B9%88%E0%B8%87-%E0%B8%AA%E0%B8%B8%E0%B8%A3%E0%B8%B4%E0%B8%99%E0%B8%97%E0%B8%A3%E0%B9%8C","https://amphon.co.th/รับซื้อ/รับซื้อจอเกมมิ่ง-สุรินทร์","Yes","PASS",""
"https://amphon.co.th/%E0%B8%A3%E0%B8%B1%E0%B8%9A%E0%B8%8B%E0%B8%B7%E0%B9%89%E0%B8%AD/%E0%B8%A3%E0%B8%B1%E0%B8%9A%E0%B8%8B%E0%B8%B7%E0%B9%89%E0%B8%AD%E0%B8%88%E0%B8%AD%E0%B9%80%E0%B8%81%E0%B8%A1%E0%B8%A1%E0%B8%B4%E0%B9%88%E0%B8%87-%E0%B8%AB%E0%B8%99%E0%B8%AD%E0%B8%87%E0%B8%9A%E0%B8%B1%E0%B8%A7%E0%B8%A5%E0%B8%B3%E0%B8%A0%E0%B8%B9","200","0","https://amphon.co.th/%E0%B8%A3%E0%B8%B1%E0%B8%9A%E0%B8%8B%E0%B8%B7%E0%B9%89%E0%B8%AD/%E0%B8%A3%E0%B8%B1%E0%B8%9A%E0%B8%8B%E0%B8%B7%E0%B9%89%E0%B8%AD%E0%B8%88%E0%B8%AD%E0%B9%80%E0%B8%81%E0%B8%A1%E0%B8%A1%E0%B8%B4%E0%B9%88%E0%B8%87-%E0%B8%AB%E0%B8%99%E0%B8%AD%E0%B8%87%E0%B8%9A%E0%B8%B1%E0%B8%A7%E0%B8%A5%E0%B8%B3%E0%B8%A0%E0%B8%B9","https://amphon.co.th/รับซื้อ/รับซื้อจอเกมมิ่ง-หนองบัวลำภู","Yes","PASS",""
"https://amphon.co.th/%E0%B8%A3%E0%B8%B1%E0%B8%9A%E0%B8%8B%E0%B8%B7%E0%B9%89%E0%B8%AD/%E0%B8%A3%E0%B8%B1%E0%B8%9A%E0%B8%8B%E0%B8%B7%E0%B9%89%E0%B8%AD%E0%B8%88%E0%B8%AD%E0%B9%80%E0%B8%81%E0%B8%A1%E0%B8%A1%E0%B8%B4%E0%B9%88%E0%B8%87-%E0%B8%AB%E0%B8%99%E0%B8%AD%E0%B8%87%E0%B8%84%E0%B8%B2%E0%B8%A2","200","0","https://amphon.co.th/%E0%B8%A3%E0%B8%B1%E0%B8%9A%E0%B8%8B%E0%B8%B7%E0%B9%89%E0%B8%AD/%E0%B8%A3%E0%B8%B1%E0%B8%9A%E0%B8%8B%E0%B8%B7%E0%B9%89%E0%B8%AD%E0%B8%88%E0%B8%AD%E0%B9%80%E0%B8%81%E0%B8%A1%E0%B8%A1%E0%B8%B4%E0%B9%88%E0%B8%87-%E0%B8%AB%E0%B8%99%E0%B8%AD%E0%B8%87%E0%B8%84%E0%B8%B2%E0%B8%A2","https://amphon.co.th/รับซื้อ/รับซื้อจอเกมมิ่ง-หนองคาย","Yes","PASS",""
"https://amphon.co.th/%E0%B8%A3%E0%B8%B1%E0%B8%9A%E0%B8%8B%E0%B8%B7%E0%B9%89%E0%B8%AD/%E0%B8%A3%E0%B8%B1%E0%B8%9A%E0%B8%8B%E0%B8%B7%E0%B9%89%E0%B8%AD%E0%B8%88%E0%B8%AD%E0%B9%80%E0%B8%81%E0%B8%A1%E0%B8%A1%E0%B8%B4%E0%B9%88%E0%B8%87-%E0%B8%AD%E0%B8%B3%E0%B8%99%E0%B8%B2%E0%B8%88%E0%B9%80%E0%B8%88%E0%B8%A3%E0%B8%B4%E0%B8%8D","200","0","https://amphon.co.th/%E0%B8%A3%E0%B8%B1%E0%B8%9A%E0%B8%8B%E0%B8%B7%E0%B9%89%E0%B8%AD/%E0%B8%A3%E0%B8%B1%E0%B8%9A%E0%B8%8B%E0%B8%B7%E0%B9%89%E0%B8%AD%E0%B8%88%E0%B8%AD%E0%B9%80%E0%B8%81%E0%B8%A1%E0%B8%A1%E0%B8%B4%E0%B9%88%E0%B8%87-%E0%B8%AD%E0%B8%B3%E0%B8%99%E0%B8%B2%E0%B8%88%E0%B9%80%E0%B8%88%E0%B8%A3%E0%B8%B4%E0%B8%8D","https://amphon.co.th/รับซื้อ/รับซื้อจอเกมมิ่ง-อำนาจเจริญ","Yes","PASS",""
"https://amphon.co.th/%E0%B8%A3%E0%B8%B1%E0%B8%9A%E0%B8%8B%E0%B8%B7%E0%B9%89%E0%B8%AD/%E0%B8%A3%E0%B8%B1%E0%B8%9A%E0%B8%8B%E0%B8%B7%E0%B9%89%E0%B8%AD%E0%B8%88%E0%B8%AD%E0%B9%80%E0%B8%81%E0%B8%A1%E0%B8%A1%E0%B8%B4%E0%B9%88%E0%B8%87-%E0%B8%AD%E0%B8%B8%E0%B8%9A%E0%B8%A5%E0%B8%A3%E0%B8%B2%E0%B8%8A%E0%B8%98%E0%B8%B2%E0%B8%99%E0%B8%B5","200","0","https://amphon.co.th/%E0%B8%A3%E0%B8%B1%E0%B8%9A%E0%B8%8B%E0%B8%B7%E0%B9%89%E0%B8%AD/%E0%B8%A3%E0%B8%B1%E0%B8%9A%E0%B8%8B%E0%B8%B7%E0%B9%89%E0%B8%AD%E0%B8%88%E0%B8%AD%E0%B9%80%E0%B8%81%E0%B8%A1%E0%B8%A1%E0%B8%B4%E0%B9%88%E0%B8%87-%E0%B8%AD%E0%B8%B8%E0%B8%9A%E0%B8%A5%E0%B8%A3%E0%B8%B2%E0%B8%8A%E0%B8%98%E0%B8%B2%E0%B8%99%E0%B8%B5","https://amphon.co.th/รับซื้อ/รับซื้อจอเกมมิ่ง-อุบลราชธานี","Yes","PASS",""
"https://amphon.co.th/%E0%B8%A3%E0%B8%B1%E0%B8%9A%E0%B8%8B%E0%B8%B7%E0%B9%89%E0%B8%AD/%E0%B8%A3%E0%B8%B1%E0%B8%9A%E0%B8%8B%E0%B8%B7%E0%B9%89%E0%B8%AD%E0%B8%88%E0%B8%AD%E0%B9%80%E0%B8%81%E0%B8%A1%E0%B8%A1%E0%B8%B4%E0%B9%88%E0%B8%87-%E0%B8%AD%E0%B8%B8%E0%B8%94%E0%B8%A3%E0%B8%98%E0%B8%B2%E0%B8%99%E0%B8%B5","200","0","https://amphon.co.th/%E0%B8%A3%E0%B8%B1%E0%B8%9A%E0%B8%8B%E0%B8%B7%E0%B9%89%E0%B8%AD/%E0%B8%A3%E0%B8%B1%E0%B8%9A%E0%B8%8B%E0%B8%B7%E0%B9%89%E0%B8%AD%E0%B8%88%E0%B8%AD%E0%B9%80%E0%B8%81%E0%B8%A1%E0%B8%A1%E0%B8%B4%E0%B9%88%E0%B8%87-%E0%B8%AD%E0%B8%B8%E0%B8%94%E0%B8%A3%E0%B8%98%E0%B8%B2%E0%B8%99%E0%B8%B5","https://amphon.co.th/รับซื้อ/รับซื้อจอเกมมิ่ง-อุดรธานี","Yes","PASS",""
"https://amphon.co.th/%E0%B8%A3%E0%B8%B1%E0%B8%9A%E0%B8%8B%E0%B8%B7%E0%B9%89%E0%B8%AD/%E0%B8%A3%E0%B8%B1%E0%B8%9A%E0%B8%8B%E0%B8%B7%E0%B9%89%E0%B8%AD%E0%B8%88%E0%B8%AD%E0%B9%80%E0%B8%81%E0%B8%A1%E0%B8%A1%E0%B8%B4%E0%B9%88%E0%B8%87-%E0%B9%80%E0%B8%A5%E0%B8%A2","200","0","https://amphon.co.th/%E0%B8%A3%E0%B8%B1%E0%B8%9A%E0%B8%8B%E0%B8%B7%E0%B9%89%E0%B8%AD/%E0%B8%A3%E0%B8%B1%E0%B8%9A%E0%B8%8B%E0%B8%B7%E0%B9%89%E0%B8%AD%E0%B8%88%E0%B8%AD%E0%B9%80%E0%B8%81%E0%B8%A1%E0%B8%A1%E0%B8%B4%E0%B9%88%E0%B8%87-%E0%B9%80%E0%B8%A5%E0%B8%A2","https://amphon.co.th/รับซื้อ/รับซื้อจอเกมมิ่ง-เลย","Yes","PASS",""
"https://amphon.co.th/%E0%B8%A3%E0%B8%B1%E0%B8%9A%E0%B8%8B%E0%B8%B7%E0%B9%89%E0%B8%AD/%E0%B8%A3%E0%B8%B1%E0%B8%9A%E0%B8%8B%E0%B8%B7%E0%B9%89%E0%B8%AD%E0%B8%97%E0%B8%B5%E0%B8%A7%E0%B8%B5-%E0%B8%8A%E0%B8%B1%E0%B8%A2%E0%B8%A0%E0%B8%B9%E0%B8%A1%E0%B8%B4","200","0","https://amphon.co.th/%E0%B8%A3%E0%B8%B1%E0%B8%9A%E0%B8%8B%E0%B8%B7%E0%B9%89%E0%B8%AD/%E0%B8%A3%E0%B8%B1%E0%B8%9A%E0%B8%8B%E0%B8%B7%E0%B9%89%E0%B8%AD%E0%B8%97%E0%B8%B5%E0%B8%A7%E0%B8%B5-%E0%B8%8A%E0%B8%B1%E0%B8%A2%E0%B8%A0%E0%B8%B9%E0%B8%A1%E0%B8%B4","https://amphon.co.th/รับซื้อ/รับซื้อทีวี-ชัยภูมิ","Yes","PASS",""
"https://amphon.co.th/%E0%B8%A3%E0%B8%B1%E0%B8%9A%E0%B8%8B%E0%B8%B7%E0%B9%89%E0%B8%AD/%E0%B8%A3%E0%B8%B1%E0%B8%9A%E0%B8%8B%E0%B8%B7%E0%B9%89%E0%B8%AD%E0%B8%97%E0%B8%B5%E0%B8%A7%E0%B8%B5-%E0%B8%9A%E0%B8%B6%E0%B8%87%E0%B8%81%E0%B8%B2%E0%B8%AC","200","0","https://amphon.co.th/%E0%B8%A3%E0%B8%B1%E0%B8%9A%E0%B8%8B%E0%B8%B7%E0%B9%89%E0%B8%AD/%E0%B8%A3%E0%B8%B1%E0%B8%9A%E0%B8%8B%E0%B8%B7%E0%B9%89%E0%B8%AD%E0%B8%97%E0%B8%B5%E0%B8%A7%E0%B8%B5-%E0%B8%9A%E0%B8%B6%E0%B8%87%E0%B8%81%E0%B8%B2%E0%B8%AC","https://amphon.co.th/รับซื้อ/รับซื้อทีวี-บึงกาฬ","Yes","PASS",""
"https://amphon.co.th/%E0%B8%A3%E0%B8%B1%E0%B8%9A%E0%B8%8B%E0%B8%B7%E0%B9%89%E0%B8%AD/%E0%B8%A3%E0%B8%B1%E0%B8%9A%E0%B8%8B%E0%B8%B7%E0%B9%89%E0%B8%AD%E0%B8%97%E0%B8%B5%E0%B8%A7%E0%B8%B5-%E0%B8%9A%E0%B8%B8%E0%B8%A3%E0%B8%B5%E0%B8%A3%E0%B8%B1%E0%B8%A1%E0%B8%A2%E0%B9%8C","200","0","https://amphon.co.th/%E0%B8%A3%E0%B8%B1%E0%B8%9A%E0%B8%8B%E0%B8%B7%E0%B9%89%E0%B8%AD/%E0%B8%A3%E0%B8%B1%E0%B8%9A%E0%B8%8B%E0%B8%B7%E0%B9%89%E0%B8%AD%E0%B8%97%E0%B8%B5%E0%B8%A7%E0%B8%B5-%E0%B8%9A%E0%B8%B8%E0%B8%A3%E0%B8%B5%E0%B8%A3%E0%B8%B1%E0%B8%A1%E0%B8%A2%E0%B9%8C","https://amphon.co.th/รับซื้อ/รับซื้อทีวี-บุรีรัมย์","Yes","PASS",""
"https://amphon.co.th/%E0%B8%A3%E0%B8%B1%E0%B8%9A%E0%B8%8B%E0%B8%B7%E0%B9%89%E0%B8%AD/%E0%B8%A3%E0%B8%B1%E0%B8%9A%E0%B8%8B%E0%B8%B7%E0%B9%89%E0%B8%AD%E0%B8%97%E0%B8%B5%E0%B8%A7%E0%B8%B5-%E0%B8%81%E0%B8%B2%E0%B8%AC%E0%B8%AA%E0%B8%B4%E0%B8%99%E0%B8%98%E0%B8%B8%E0%B9%8C","200","0","https://amphon.co.th/%E0%B8%A3%E0%B8%B1%E0%B8%9A%E0%B8%8B%E0%B8%B7%E0%B9%89%E0%B8%AD/%E0%B8%A3%E0%B8%B1%E0%B8%9A%E0%B8%8B%E0%B8%B7%E0%B9%89%E0%B8%AD%E0%B8%97%E0%B8%B5%E0%B8%A7%E0%B8%B5-%E0%B8%81%E0%B8%B2%E0%B8%AC%E0%B8%AA%E0%B8%B4%E0%B8%99%E0%B8%98%E0%B8%B8%E0%B9%8C","https://amphon.co.th/รับซื้อ/รับซื้อทีวี-กาฬสินธุ์","Yes","PASS",""
"https://amphon.co.th/%E0%B8%A3%E0%B8%B1%E0%B8%9A%E0%B8%8B%E0%B8%B7%E0%B9%89%E0%B8%AD/%E0%B8%A3%E0%B8%B1%E0%B8%9A%E0%B8%8B%E0%B8%B7%E0%B9%89%E0%B8%AD%E0%B8%97%E0%B8%B5%E0%B8%A7%E0%B8%B5-%E0%B8%82%E0%B8%AD%E0%B8%99%E0%B9%81%E0%B8%81%E0%B9%88%E0%B8%99","200","0","https://amphon.co.th/%E0%B8%A3%E0%B8%B1%E0%B8%9A%E0%B8%8B%E0%B8%B7%E0%B9%89%E0%B8%AD/%E0%B8%A3%E0%B8%B1%E0%B8%9A%E0%B8%8B%E0%B8%B7%E0%B9%89%E0%B8%AD%E0%B8%97%E0%B8%B5%E0%B8%A7%E0%B8%B5-%E0%B8%82%E0%B8%AD%E0%B8%99%E0%B9%81%E0%B8%81%E0%B9%88%E0%B8%99","https://amphon.co.th/รับซื้อ/รับซื้อทีวี-ขอนแก่น","Yes","PASS",""
"https://amphon.co.th/%E0%B8%A3%E0%B8%B1%E0%B8%9A%E0%B8%8B%E0%B8%B7%E0%B9%89%E0%B8%AD/%E0%B8%A3%E0%B8%B1%E0%B8%9A%E0%B8%8B%E0%B8%B7%E0%B9%89%E0%B8%AD%E0%B8%97%E0%B8%B5%E0%B8%A7%E0%B8%B5-%E0%B8%99%E0%B8%84%E0%B8%A3%E0%B8%9E%E0%B8%99%E0%B8%A1","200","0","https://amphon.co.th/%E0%B8%A3%E0%B8%B1%E0%B8%9A%E0%B8%8B%E0%B8%B7%E0%B9%89%E0%B8%AD/%E0%B8%A3%E0%B8%B1%E0%B8%9A%E0%B8%8B%E0%B8%B7%E0%B9%89%E0%B8%AD%E0%B8%97%E0%B8%B5%E0%B8%A7%E0%B8%B5-%E0%B8%99%E0%B8%84%E0%B8%A3%E0%B8%9E%E0%B8%99%E0%B8%A1","https://amphon.co.th/รับซื้อ/รับซื้อทีวี-นครพนม","Yes","PASS",""
"https://amphon.co.th/%E0%B8%A3%E0%B8%B1%E0%B8%9A%E0%B8%8B%E0%B8%B7%E0%B9%89%E0%B8%AD/%E0%B8%A3%E0%B8%B1%E0%B8%9A%E0%B8%8B%E0%B8%B7%E0%B9%89%E0%B8%AD%E0%B8%97%E0%B8%B5%E0%B8%A7%E0%B8%B5-%E0%B8%99%E0%B8%84%E0%B8%A3%E0%B8%A3%E0%B8%B2%E0%B8%8A%E0%B8%AA%E0%B8%B5%E0%B8%A1%E0%B8%B2","200","0","https://amphon.co.th/%E0%B8%A3%E0%B8%B1%E0%B8%9A%E0%B8%8B%E0%B8%B7%E0%B9%89%E0%B8%AD/%E0%B8%A3%E0%B8%B1%E0%B8%9A%E0%B8%8B%E0%B8%B7%E0%B9%89%E0%B8%AD%E0%B8%97%E0%B8%B5%E0%B8%A7%E0%B8%B5-%E0%B8%99%E0%B8%84%E0%B8%A3%E0%B8%A3%E0%B8%B2%E0%B8%8A%E0%B8%AA%E0%B8%B5%E0%B8%A1%E0%B8%B2","https://amphon.co.th/รับซื้อ/รับซื้อทีวี-นครราชสีมา","Yes","PASS",""
"https://amphon.co.th/%E0%B8%A3%E0%B8%B1%E0%B8%9A%E0%B8%8B%E0%B8%B7%E0%B9%89%E0%B8%AD/%E0%B8%A3%E0%B8%B1%E0%B8%9A%E0%B8%8B%E0%B8%B7%E0%B9%89%E0%B8%AD%E0%B8%97%E0%B8%B5%E0%B8%A7%E0%B8%B5-%E0%B8%A1%E0%B8%AB%E0%B8%B2%E0%B8%AA%E0%B8%B2%E0%B8%A3%E0%B8%84%E0%B8%B2%E0%B8%A1","200","0","https://amphon.co.th/%E0%B8%A3%E0%B8%B1%E0%B8%9A%E0%B8%8B%E0%B8%B7%E0%B9%89%E0%B8%AD/%E0%B8%A3%E0%B8%B1%E0%B8%9A%E0%B8%8B%E0%B8%B7%E0%B9%89%E0%B8%AD%E0%B8%97%E0%B8%B5%E0%B8%A7%E0%B8%B5-%E0%B8%A1%E0%B8%AB%E0%B8%B2%E0%B8%AA%E0%B8%B2%E0%B8%A3%E0%B8%84%E0%B8%B2%E0%B8%A1","https://amphon.co.th/รับซื้อ/รับซื้อทีวี-มหาสารคาม","Yes","PASS",""
"https://amphon.co.th/%E0%B8%A3%E0%B8%B1%E0%B8%9A%E0%B8%8B%E0%B8%B7%E0%B9%89%E0%B8%AD/%E0%B8%A3%E0%B8%B1%E0%B8%9A%E0%B8%8B%E0%B8%B7%E0%B9%89%E0%B8%AD%E0%B8%97%E0%B8%B5%E0%B8%A7%E0%B8%B5-%E0%B8%A1%E0%B8%B8%E0%B8%81%E0%B8%94%E0%B8%B2%E0%B8%AB%E0%B8%B2%E0%B8%A3","200","0","https://amphon.co.th/%E0%B8%A3%E0%B8%B1%E0%B8%9A%E0%B8%8B%E0%B8%B7%E0%B9%89%E0%B8%AD/%E0%B8%A3%E0%B8%B1%E0%B8%9A%E0%B8%8B%E0%B8%B7%E0%B9%89%E0%B8%AD%E0%B8%97%E0%B8%B5%E0%B8%A7%E0%B8%B5-%E0%B8%A1%E0%B8%B8%E0%B8%81%E0%B8%94%E0%B8%B2%E0%B8%AB%E0%B8%B2%E0%B8%A3","https://amphon.co.th/รับซื้อ/รับซื้อทีวี-มุกดาหาร","Yes","PASS",""
"https://amphon.co.th/%E0%B8%A3%E0%B8%B1%E0%B8%9A%E0%B8%8B%E0%B8%B7%E0%B9%89%E0%B8%AD/%E0%B8%A3%E0%B8%B1%E0%B8%9A%E0%B8%8B%E0%B8%B7%E0%B9%89%E0%B8%AD%E0%B8%97%E0%B8%B5%E0%B8%A7%E0%B8%B5-%E0%B8%A2%E0%B9%82%E0%B8%AA%E0%B8%98%E0%B8%A3","200","0","https://amphon.co.th/%E0%B8%A3%E0%B8%B1%E0%B8%9A%E0%B8%8B%E0%B8%B7%E0%B9%89%E0%B8%AD/%E0%B8%A3%E0%B8%B1%E0%B8%9A%E0%B8%8B%E0%B8%B7%E0%B9%89%E0%B8%AD%E0%B8%97%E0%B8%B5%E0%B8%A7%E0%B8%B5-%E0%B8%A2%E0%B9%82%E0%B8%AA%E0%B8%98%E0%B8%A3","https://amphon.co.th/รับซื้อ/รับซื้อทีวี-ยโสธร","Yes","PASS",""
"https://amphon.co.th/%E0%B8%A3%E0%B8%B1%E0%B8%9A%E0%B8%8B%E0%B8%B7%E0%B9%89%E0%B8%AD/%E0%B8%A3%E0%B8%B1%E0%B8%9A%E0%B8%8B%E0%B8%B7%E0%B9%89%E0%B8%AD%E0%B8%97%E0%B8%B5%E0%B8%A7%E0%B8%B5-%E0%B8%A3%E0%B9%89%E0%B8%AD%E0%B8%A2%E0%B9%80%E0%B8%AD%E0%B9%87%E0%B8%94","200","0","https://amphon.co.th/%E0%B8%A3%E0%B8%B1%E0%B8%9A%E0%B8%8B%E0%B8%B7%E0%B9%89%E0%B8%AD/%E0%B8%A3%E0%B8%B1%E0%B8%9A%E0%B8%8B%E0%B8%B7%E0%B9%89%E0%B8%AD%E0%B8%97%E0%B8%B5%E0%B8%A7%E0%B8%B5-%E0%B8%A3%E0%B9%89%E0%B8%AD%E0%B8%A2%E0%B9%80%E0%B8%AD%E0%B9%87%E0%B8%94","https://amphon.co.th/รับซื้อ/รับซื้อทีวี-ร้อยเอ็ด","Yes","PASS",""
"https://amphon.co.th/%E0%B8%A3%E0%B8%B1%E0%B8%9A%E0%B8%8B%E0%B8%B7%E0%B9%89%E0%B8%AD/%E0%B8%A3%E0%B8%B1%E0%B8%9A%E0%B8%8B%E0%B8%B7%E0%B9%89%E0%B8%AD%E0%B8%97%E0%B8%B5%E0%B8%A7%E0%B8%B5-%E0%B8%A8%E0%B8%A3%E0%B8%B5%E0%B8%AA%E0%B8%B0%E0%B9%80%E0%B8%81%E0%B8%A9","200","0","https://amphon.co.th/%E0%B8%A3%E0%B8%B1%E0%B8%9A%E0%B8%8B%E0%B8%B7%E0%B9%89%E0%B8%AD/%E0%B8%A3%E0%B8%B1%E0%B8%9A%E0%B8%8B%E0%B8%B7%E0%B9%89%E0%B8%AD%E0%B8%97%E0%B8%B5%E0%B8%A7%E0%B8%B5-%E0%B8%A8%E0%B8%A3%E0%B8%B5%E0%B8%AA%E0%B8%B0%E0%B9%80%E0%B8%81%E0%B8%A9","https://amphon.co.th/รับซื้อ/รับซื้อทีวี-ศรีสะเกษ","Yes","PASS",""
"https://amphon.co.th/%E0%B8%A3%E0%B8%B1%E0%B8%9A%E0%B8%8B%E0%B8%B7%E0%B9%89%E0%B8%AD/%E0%B8%A3%E0%B8%B1%E0%B8%9A%E0%B8%8B%E0%B8%B7%E0%B9%89%E0%B8%AD%E0%B8%97%E0%B8%B5%E0%B8%A7%E0%B8%B5-%E0%B8%AA%E0%B8%81%E0%B8%A5%E0%B8%99%E0%B8%84%E0%B8%A3","200","0","https://amphon.co.th/%E0%B8%A3%E0%B8%B1%E0%B8%9A%E0%B8%8B%E0%B8%B7%E0%B9%89%E0%B8%AD/%E0%B8%A3%E0%B8%B1%E0%B8%9A%E0%B8%8B%E0%B8%B7%E0%B9%89%E0%B8%AD%E0%B8%97%E0%B8%B5%E0%B8%A7%E0%B8%B5-%E0%B8%AA%E0%B8%81%E0%B8%A5%E0%B8%99%E0%B8%84%E0%B8%A3","https://amphon.co.th/รับซื้อ/รับซื้อทีวี-สกลนคร","Yes","PASS",""
"https://amphon.co.th/%E0%B8%A3%E0%B8%B1%E0%B8%9A%E0%B8%8B%E0%B8%B7%E0%B9%89%E0%B8%AD/%E0%B8%A3%E0%B8%B1%E0%B8%9A%E0%B8%8B%E0%B8%B7%E0%B9%89%E0%B8%AD%E0%B8%97%E0%B8%B5%E0%B8%A7%E0%B8%B5-%E0%B8%AA%E0%B8%B8%E0%B8%A3%E0%B8%B4%E0%B8%99%E0%B8%97%E0%B8%A3%E0%B9%8C","200","0","https://amphon.co.th/%E0%B8%A3%E0%B8%B1%E0%B8%9A%E0%B8%8B%E0%B8%B7%E0%B9%89%E0%B8%AD/%E0%B8%A3%E0%B8%B1%E0%B8%9A%E0%B8%8B%E0%B8%B7%E0%B9%89%E0%B8%AD%E0%B8%97%E0%B8%B5%E0%B8%A7%E0%B8%B5-%E0%B8%AA%E0%B8%B8%E0%B8%A3%E0%B8%B4%E0%B8%99%E0%B8%97%E0%B8%A3%E0%B9%8C","https://amphon.co.th/รับซื้อ/รับซื้อทีวี-สุรินทร์","Yes","PASS",""
"https://amphon.co.th/%E0%B8%A3%E0%B8%B1%E0%B8%9A%E0%B8%8B%E0%B8%B7%E0%B9%89%E0%B8%AD/%E0%B8%A3%E0%B8%B1%E0%B8%9A%E0%B8%8B%E0%B8%B7%E0%B9%89%E0%B8%AD%E0%B8%97%E0%B8%B5%E0%B8%A7%E0%B8%B5-%E0%B8%AB%E0%B8%99%E0%B8%AD%E0%B8%87%E0%B8%9A%E0%B8%B1%E0%B8%A7%E0%B8%A5%E0%B8%B3%E0%B8%A0%E0%B8%B9","200","0","https://amphon.co.th/%E0%B8%A3%E0%B8%B1%E0%B8%9A%E0%B8%8B%E0%B8%B7%E0%B9%89%E0%B8%AD/%E0%B8%A3%E0%B8%B1%E0%B8%9A%E0%B8%8B%E0%B8%B7%E0%B9%89%E0%B8%AD%E0%B8%97%E0%B8%B5%E0%B8%A7%E0%B8%B5-%E0%B8%AB%E0%B8%99%E0%B8%AD%E0%B8%87%E0%B8%9A%E0%B8%B1%E0%B8%A7%E0%B8%A5%E0%B8%B3%E0%B8%A0%E0%B8%B9","https://amphon.co.th/รับซื้อ/รับซื้อทีวี-หนองบัวลำภู","Yes","PASS",""
"https://amphon.co.th/%E0%B8%A3%E0%B8%B1%E0%B8%9A%E0%B8%8B%E0%B8%B7%E0%B9%89%E0%B8%AD/%E0%B8%A3%E0%B8%B1%E0%B8%9A%E0%B8%8B%E0%B8%B7%E0%B9%89%E0%B8%AD%E0%B8%97%E0%B8%B5%E0%B8%A7%E0%B8%B5-%E0%B8%AB%E0%B8%99%E0%B8%AD%E0%B8%87%E0%B8%84%E0%B8%B2%E0%B8%A2","200","0","https://amphon.co.th/%E0%B8%A3%E0%B8%B1%E0%B8%9A%E0%B8%8B%E0%B8%B7%E0%B9%89%E0%B8%AD/%E0%B8%A3%E0%B8%B1%E0%B8%9A%E0%B8%8B%E0%B8%B7%E0%B9%89%E0%B8%AD%E0%B8%97%E0%B8%B5%E0%B8%A7%E0%B8%B5-%E0%B8%AB%E0%B8%99%E0%B8%AD%E0%B8%87%E0%B8%84%E0%B8%B2%E0%B8%A2","https://amphon.co.th/รับซื้อ/รับซื้อทีวี-หนองคาย","Yes","PASS",""
"https://amphon.co.th/%E0%B8%A3%E0%B8%B1%E0%B8%9A%E0%B8%8B%E0%B8%B7%E0%B9%89%E0%B8%AD/%E0%B8%A3%E0%B8%B1%E0%B8%9A%E0%B8%8B%E0%B8%B7%E0%B9%89%E0%B8%AD%E0%B8%97%E0%B8%B5%E0%B8%A7%E0%B8%B5-%E0%B8%AD%E0%B8%B3%E0%B8%99%E0%B8%B2%E0%B8%88%E0%B9%80%E0%B8%88%E0%B8%A3%E0%B8%B4%E0%B8%8D","200","0","https://amphon.co.th/%E0%B8%A3%E0%B8%B1%E0%B8%9A%E0%B8%8B%E0%B8%B7%E0%B9%89%E0%B8%AD/%E0%B8%A3%E0%B8%B1%E0%B8%9A%E0%B8%8B%E0%B8%B7%E0%B9%89%E0%B8%AD%E0%B8%97%E0%B8%B5%E0%B8%A7%E0%B8%B5-%E0%B8%AD%E0%B8%B3%E0%B8%99%E0%B8%B2%E0%B8%88%E0%B9%80%E0%B8%88%E0%B8%A3%E0%B8%B4%E0%B8%8D","https://amphon.co.th/รับซื้อ/รับซื้อทีวี-อำนาจเจริญ","Yes","PASS",""
"https://amphon.co.th/%E0%B8%A3%E0%B8%B1%E0%B8%9A%E0%B8%8B%E0%B8%B7%E0%B9%89%E0%B8%AD/%E0%B8%A3%E0%B8%B1%E0%B8%9A%E0%B8%8B%E0%B8%B7%E0%B9%89%E0%B8%AD%E0%B8%97%E0%B8%B5%E0%B8%A7%E0%B8%B5-%E0%B8%AD%E0%B8%B8%E0%B8%9A%E0%B8%A5%E0%B8%A3%E0%B8%B2%E0%B8%8A%E0%B8%98%E0%B8%B2%E0%B8%99%E0%B8%B5","200","0","https://amphon.co.th/%E0%B8%A3%E0%B8%B1%E0%B8%9A%E0%B8%8B%E0%B8%B7%E0%B9%89%E0%B8%AD/%E0%B8%A3%E0%B8%B1%E0%B8%9A%E0%B8%8B%E0%B8%B7%E0%B9%89%E0%B8%AD%E0%B8%97%E0%B8%B5%E0%B8%A7%E0%B8%B5-%E0%B8%AD%E0%B8%B8%E0%B8%9A%E0%B8%A5%E0%B8%A3%E0%B8%B2%E0%B8%8A%E0%B8%98%E0%B8%B2%E0%B8%99%E0%B8%B5","https://amphon.co.th/รับซื้อ/รับซื้อทีวี-อุบลราชธานี","Yes","PASS",""
"https://amphon.co.th/%E0%B8%A3%E0%B8%B1%E0%B8%9A%E0%B8%8B%E0%B8%B7%E0%B9%89%E0%B8%AD/%E0%B8%A3%E0%B8%B1%E0%B8%9A%E0%B8%8B%E0%B8%B7%E0%B9%89%E0%B8%AD%E0%B8%97%E0%B8%B5%E0%B8%A7%E0%B8%B5-%E0%B8%AD%E0%B8%B8%E0%B8%94%E0%B8%A3%E0%B8%98%E0%B8%B2%E0%B8%99%E0%B8%B5","200","0","https://amphon.co.th/%E0%B8%A3%E0%B8%B1%E0%B8%9A%E0%B8%8B%E0%B8%B7%E0%B9%89%E0%B8%AD/%E0%B8%A3%E0%B8%B1%E0%B8%9A%E0%B8%8B%E0%B8%B7%E0%B9%89%E0%B8%AD%E0%B8%97%E0%B8%B5%E0%B8%A7%E0%B8%B5-%E0%B8%AD%E0%B8%B8%E0%B8%94%E0%B8%A3%E0%B8%98%E0%B8%B2%E0%B8%99%E0%B8%B5","https://amphon.co.th/รับซื้อ/รับซื้อทีวี-อุดรธานี","Yes","PASS",""
"https://amphon.co.th/%E0%B8%A3%E0%B8%B1%E0%B8%9A%E0%B8%8B%E0%B8%B7%E0%B9%89%E0%B8%AD/%E0%B8%A3%E0%B8%B1%E0%B8%9A%E0%B8%8B%E0%B8%B7%E0%B9%89%E0%B8%AD%E0%B8%97%E0%B8%B5%E0%B8%A7%E0%B8%B5-%E0%B9%80%E0%B8%A5%E0%B8%A2","200","0","https://amphon.co.th/%E0%B8%A3%E0%B8%B1%E0%B8%9A%E0%B8%8B%E0%B8%B7%E0%B9%89%E0%B8%AD/%E0%B8%A3%E0%B8%B1%E0%B8%9A%E0%B8%8B%E0%B8%B7%E0%B9%89%E0%B8%AD%E0%B8%97%E0%B8%B5%E0%B8%A7%E0%B8%B5-%E0%B9%80%E0%B8%A5%E0%B8%A2","https://amphon.co.th/รับซื้อ/รับซื้อทีวี-เลย","Yes","PASS",""
"https://amphon.co.th/%E0%B8%A3%E0%B8%B1%E0%B8%9A%E0%B8%8B%E0%B8%B7%E0%B9%89%E0%B8%AD/%E0%B8%A3%E0%B8%B1%E0%B8%9A%E0%B8%8B%E0%B8%B7%E0%B9%89%E0%B8%AD%E0%B8%A5%E0%B8%B3%E0%B9%82%E0%B8%9E%E0%B8%87%E0%B8%9A%E0%B8%A5%E0%B8%B9%E0%B8%97%E0%B8%B9%E0%B8%98-%E0%B8%8A%E0%B8%B1%E0%B8%A2%E0%B8%A0%E0%B8%B9%E0%B8%A1%E0%B8%B4","200","0","https://amphon.co.th/%E0%B8%A3%E0%B8%B1%E0%B8%9A%E0%B8%8B%E0%B8%B7%E0%B9%89%E0%B8%AD/%E0%B8%A3%E0%B8%B1%E0%B8%9A%E0%B8%8B%E0%B8%B7%E0%B9%89%E0%B8%AD%E0%B8%A5%E0%B8%B3%E0%B9%82%E0%B8%9E%E0%B8%87%E0%B8%9A%E0%B8%A5%E0%B8%B9%E0%B8%97%E0%B8%B9%E0%B8%98-%E0%B8%8A%E0%B8%B1%E0%B8%A2%E0%B8%A0%E0%B8%B9%E0%B8%A1%E0%B8%B4","https://amphon.co.th/รับซื้อ/รับซื้อลำโพงบลูทูธ-ชัยภูมิ","Yes","PASS",""
"https://amphon.co.th/%E0%B8%A3%E0%B8%B1%E0%B8%9A%E0%B8%8B%E0%B8%B7%E0%B9%89%E0%B8%AD/%E0%B8%A3%E0%B8%B1%E0%B8%9A%E0%B8%8B%E0%B8%B7%E0%B9%89%E0%B8%AD%E0%B8%A5%E0%B8%B3%E0%B9%82%E0%B8%9E%E0%B8%87%E0%B8%9A%E0%B8%A5%E0%B8%B9%E0%B8%97%E0%B8%B9%E0%B8%98-%E0%B8%9A%E0%B8%B6%E0%B8%87%E0%B8%81%E0%B8%B2%E0%B8%AC","200","0","https://amphon.co.th/%E0%B8%A3%E0%B8%B1%E0%B8%9A%E0%B8%8B%E0%B8%B7%E0%B9%89%E0%B8%AD/%E0%B8%A3%E0%B8%B1%E0%B8%9A%E0%B8%8B%E0%B8%B7%E0%B9%89%E0%B8%AD%E0%B8%A5%E0%B8%B3%E0%B9%82%E0%B8%9E%E0%B8%87%E0%B8%9A%E0%B8%A5%E0%B8%B9%E0%B8%97%E0%B8%B9%E0%B8%98-%E0%B8%9A%E0%B8%B6%E0%B8%87%E0%B8%81%E0%B8%B2%E0%B8%AC","https://amphon.co.th/รับซื้อ/รับซื้อลำโพงบลูทูธ-บึงกาฬ","Yes","PASS",""
"https://amphon.co.th/%E0%B8%A3%E0%B8%B1%E0%B8%9A%E0%B8%8B%E0%B8%B7%E0%B9%89%E0%B8%AD/%E0%B8%A3%E0%B8%B1%E0%B8%9A%E0%B8%8B%E0%B8%B7%E0%B9%89%E0%B8%AD%E0%B8%A5%E0%B8%B3%E0%B9%82%E0%B8%9E%E0%B8%87%E0%B8%9A%E0%B8%A5%E0%B8%B9%E0%B8%97%E0%B8%B9%E0%B8%98-%E0%B8%9A%E0%B8%B8%E0%B8%A3%E0%B8%B5%E0%B8%A3%E0%B8%B1%E0%B8%A1%E0%B8%A2%E0%B9%8C","200","0","https://amphon.co.th/%E0%B8%A3%E0%B8%B1%E0%B8%9A%E0%B8%8B%E0%B8%B7%E0%B9%89%E0%B8%AD/%E0%B8%A3%E0%B8%B1%E0%B8%9A%E0%B8%8B%E0%B8%B7%E0%B9%89%E0%B8%AD%E0%B8%A5%E0%B8%B3%E0%B9%82%E0%B8%9E%E0%B8%87%E0%B8%9A%E0%B8%A5%E0%B8%B9%E0%B8%97%E0%B8%B9%E0%B8%98-%E0%B8%9A%E0%B8%B8%E0%B8%A3%E0%B8%B5%E0%B8%A3%E0%B8%B1%E0%B8%A1%E0%B8%A2%E0%B9%8C","https://amphon.co.th/รับซื้อ/รับซื้อลำโพงบลูทูธ-บุรีรัมย์","Yes","PASS",""
"https://amphon.co.th/%E0%B8%A3%E0%B8%B1%E0%B8%9A%E0%B8%8B%E0%B8%B7%E0%B9%89%E0%B8%AD/%E0%B8%A3%E0%B8%B1%E0%B8%9A%E0%B8%8B%E0%B8%B7%E0%B9%89%E0%B8%AD%E0%B8%A5%E0%B8%B3%E0%B9%82%E0%B8%9E%E0%B8%87%E0%B8%9A%E0%B8%A5%E0%B8%B9%E0%B8%97%E0%B8%B9%E0%B8%98-%E0%B8%81%E0%B8%B2%E0%B8%AC%E0%B8%AA%E0%B8%B4%E0%B8%99%E0%B8%98%E0%B8%B8%E0%B9%8C","200","0","https://amphon.co.th/%E0%B8%A3%E0%B8%B1%E0%B8%9A%E0%B8%8B%E0%B8%B7%E0%B9%89%E0%B8%AD/%E0%B8%A3%E0%B8%B1%E0%B8%9A%E0%B8%8B%E0%B8%B7%E0%B9%89%E0%B8%AD%E0%B8%A5%E0%B8%B3%E0%B9%82%E0%B8%9E%E0%B8%87%E0%B8%9A%E0%B8%A5%E0%B8%B9%E0%B8%97%E0%B8%B9%E0%B8%98-%E0%B8%81%E0%B8%B2%E0%B8%AC%E0%B8%AA%E0%B8%B4%E0%B8%99%E0%B8%98%E0%B8%B8%E0%B9%8C","https://amphon.co.th/รับซื้อ/รับซื้อลำโพงบลูทูธ-กาฬสินธุ์","Yes","PASS",""
"https://amphon.co.th/%E0%B8%A3%E0%B8%B1%E0%B8%9A%E0%B8%8B%E0%B8%B7%E0%B9%89%E0%B8%AD/%E0%B8%A3%E0%B8%B1%E0%B8%9A%E0%B8%8B%E0%B8%B7%E0%B9%89%E0%B8%AD%E0%B8%A5%E0%B8%B3%E0%B9%82%E0%B8%9E%E0%B8%87%E0%B8%9A%E0%B8%A5%E0%B8%B9%E0%B8%97%E0%B8%B9%E0%B8%98-%E0%B8%82%E0%B8%AD%E0%B8%99%E0%B9%81%E0%B8%81%E0%B9%88%E0%B8%99","200","0","https://amphon.co.th/%E0%B8%A3%E0%B8%B1%E0%B8%9A%E0%B8%8B%E0%B8%B7%E0%B9%89%E0%B8%AD/%E0%B8%A3%E0%B8%B1%E0%B8%9A%E0%B8%8B%E0%B8%B7%E0%B9%89%E0%B8%AD%E0%B8%A5%E0%B8%B3%E0%B9%82%E0%B8%9E%E0%B8%87%E0%B8%9A%E0%B8%A5%E0%B8%B9%E0%B8%97%E0%B8%B9%E0%B8%98-%E0%B8%82%E0%B8%AD%E0%B8%99%E0%B9%81%E0%B8%81%E0%B9%88%E0%B8%99","https://amphon.co.th/รับซื้อ/รับซื้อลำโพงบลูทูธ-ขอนแก่น","Yes","PASS",""
"https://amphon.co.th/%E0%B8%A3%E0%B8%B1%E0%B8%9A%E0%B8%8B%E0%B8%B7%E0%B9%89%E0%B8%AD/%E0%B8%A3%E0%B8%B1%E0%B8%9A%E0%B8%8B%E0%B8%B7%E0%B9%89%E0%B8%AD%E0%B8%A5%E0%B8%B3%E0%B9%82%E0%B8%9E%E0%B8%87%E0%B8%9A%E0%B8%A5%E0%B8%B9%E0%B8%97%E0%B8%B9%E0%B8%98-%E0%B8%99%E0%B8%84%E0%B8%A3%E0%B8%9E%E0%B8%99%E0%B8%A1","200","0","https://amphon.co.th/%E0%B8%A3%E0%B8%B1%E0%B8%9A%E0%B8%8B%E0%B8%B7%E0%B9%89%E0%B8%AD/%E0%B8%A3%E0%B8%B1%E0%B8%9A%E0%B8%8B%E0%B8%B7%E0%B9%89%E0%B8%AD%E0%B8%A5%E0%B8%B3%E0%B9%82%E0%B8%9E%E0%B8%87%E0%B8%9A%E0%B8%A5%E0%B8%B9%E0%B8%97%E0%B8%B9%E0%B8%98-%E0%B8%99%E0%B8%84%E0%B8%A3%E0%B8%9E%E0%B8%99%E0%B8%A1","https://amphon.co.th/รับซื้อ/รับซื้อลำโพงบลูทูธ-นครพนม","Yes","PASS",""
"https://amphon.co.th/%E0%B8%A3%E0%B8%B1%E0%B8%9A%E0%B8%8B%E0%B8%B7%E0%B9%89%E0%B8%AD/%E0%B8%A3%E0%B8%B1%E0%B8%9A%E0%B8%8B%E0%B8%B7%E0%B9%89%E0%B8%AD%E0%B8%A5%E0%B8%B3%E0%B9%82%E0%B8%9E%E0%B8%87%E0%B8%9A%E0%B8%A5%E0%B8%B9%E0%B8%97%E0%B8%B9%E0%B8%98-%E0%B8%99%E0%B8%84%E0%B8%A3%E0%B8%A3%E0%B8%B2%E0%B8%8A%E0%B8%AA%E0%B8%B5%E0%B8%A1%E0%B8%B2","200","0","https://amphon.co.th/%E0%B8%A3%E0%B8%B1%E0%B8%9A%E0%B8%8B%E0%B8%B7%E0%B9%89%E0%B8%AD/%E0%B8%A3%E0%B8%B1%E0%B8%9A%E0%B8%8B%E0%B8%B7%E0%B9%89%E0%B8%AD%E0%B8%A5%E0%B8%B3%E0%B9%82%E0%B8%9E%E0%B8%87%E0%B8%9A%E0%B8%A5%E0%B8%B9%E0%B8%97%E0%B8%B9%E0%B8%98-%E0%B8%99%E0%B8%84%E0%B8%A3%E0%B8%A3%E0%B8%B2%E0%B8%8A%E0%B8%AA%E0%B8%B5%E0%B8%A1%E0%B8%B2","https://amphon.co.th/รับซื้อ/รับซื้อลำโพงบลูทูธ-นครราชสีมา","Yes","PASS",""
"https://amphon.co.th/%E0%B8%A3%E0%B8%B1%E0%B8%9A%E0%B8%8B%E0%B8%B7%E0%B9%89%E0%B8%AD/%E0%B8%A3%E0%B8%B1%E0%B8%9A%E0%B8%8B%E0%B8%B7%E0%B9%89%E0%B8%AD%E0%B8%A5%E0%B8%B3%E0%B9%82%E0%B8%9E%E0%B8%87%E0%B8%9A%E0%B8%A5%E0%B8%B9%E0%B8%97%E0%B8%B9%E0%B8%98-%E0%B8%A1%E0%B8%AB%E0%B8%B2%E0%B8%AA%E0%B8%B2%E0%B8%A3%E0%B8%84%E0%B8%B2%E0%B8%A1","200","0","https://amphon.co.th/%E0%B8%A3%E0%B8%B1%E0%B8%9A%E0%B8%8B%E0%B8%B7%E0%B9%89%E0%B8%AD/%E0%B8%A3%E0%B8%B1%E0%B8%9A%E0%B8%8B%E0%B8%B7%E0%B9%89%E0%B8%AD%E0%B8%A5%E0%B8%B3%E0%B9%82%E0%B8%9E%E0%B8%87%E0%B8%9A%E0%B8%A5%E0%B8%B9%E0%B8%97%E0%B8%B9%E0%B8%98-%E0%B8%A1%E0%B8%AB%E0%B8%B2%E0%B8%AA%E0%B8%B2%E0%B8%A3%E0%B8%84%E0%B8%B2%E0%B8%A1","https://amphon.co.th/รับซื้อ/รับซื้อลำโพงบลูทูธ-มหาสารคาม","Yes","PASS",""
"https://amphon.co.th/%E0%B8%A3%E0%B8%B1%E0%B8%9A%E0%B8%8B%E0%B8%B7%E0%B9%89%E0%B8%AD/%E0%B8%A3%E0%B8%B1%E0%B8%9A%E0%B8%8B%E0%B8%B7%E0%B9%89%E0%B8%AD%E0%B8%A5%E0%B8%B3%E0%B9%82%E0%B8%9E%E0%B8%87%E0%B8%9A%E0%B8%A5%E0%B8%B9%E0%B8%97%E0%B8%B9%E0%B8%98-%E0%B8%A1%E0%B8%B8%E0%B8%81%E0%B8%94%E0%B8%B2%E0%B8%AB%E0%B8%B2%E0%B8%A3","200","0","https://amphon.co.th/%E0%B8%A3%E0%B8%B1%E0%B8%9A%E0%B8%8B%E0%B8%B7%E0%B9%89%E0%B8%AD/%E0%B8%A3%E0%B8%B1%E0%B8%9A%E0%B8%8B%E0%B8%B7%E0%B9%89%E0%B8%AD%E0%B8%A5%E0%B8%B3%E0%B9%82%E0%B8%9E%E0%B8%87%E0%B8%9A%E0%B8%A5%E0%B8%B9%E0%B8%97%E0%B8%B9%E0%B8%98-%E0%B8%A1%E0%B8%B8%E0%B8%81%E0%B8%94%E0%B8%B2%E0%B8%AB%E0%B8%B2%E0%B8%A3","https://amphon.co.th/รับซื้อ/รับซื้อลำโพงบลูทูธ-มุกดาหาร","Yes","PASS",""
"https://amphon.co.th/%E0%B8%A3%E0%B8%B1%E0%B8%9A%E0%B8%8B%E0%B8%B7%E0%B9%89%E0%B8%AD/%E0%B8%A3%E0%B8%B1%E0%B8%9A%E0%B8%8B%E0%B8%B7%E0%B9%89%E0%B8%AD%E0%B8%A5%E0%B8%B3%E0%B9%82%E0%B8%9E%E0%B8%87%E0%B8%9A%E0%B8%A5%E0%B8%B9%E0%B8%97%E0%B8%B9%E0%B8%98-%E0%B8%A2%E0%B9%82%E0%B8%AA%E0%B8%98%E0%B8%A3","200","0","https://amphon.co.th/%E0%B8%A3%E0%B8%B1%E0%B8%9A%E0%B8%8B%E0%B8%B7%E0%B9%89%E0%B8%AD/%E0%B8%A3%E0%B8%B1%E0%B8%9A%E0%B8%8B%E0%B8%B7%E0%B9%89%E0%B8%AD%E0%B8%A5%E0%B8%B3%E0%B9%82%E0%B8%9E%E0%B8%87%E0%B8%9A%E0%B8%A5%E0%B8%B9%E0%B8%97%E0%B8%B9%E0%B8%98-%E0%B8%A2%E0%B9%82%E0%B8%AA%E0%B8%98%E0%B8%A3","https://amphon.co.th/รับซื้อ/รับซื้อลำโพงบลูทูธ-ยโสธร","Yes","PASS",""
"https://amphon.co.th/%E0%B8%A3%E0%B8%B1%E0%B8%9A%E0%B8%8B%E0%B8%B7%E0%B9%89%E0%B8%AD/%E0%B8%A3%E0%B8%B1%E0%B8%9A%E0%B8%8B%E0%B8%B7%E0%B9%89%E0%B8%AD%E0%B8%A5%E0%B8%B3%E0%B9%82%E0%B8%9E%E0%B8%87%E0%B8%9A%E0%B8%A5%E0%B8%B9%E0%B8%97%E0%B8%B9%E0%B8%98-%E0%B8%A3%E0%B9%89%E0%B8%AD%E0%B8%A2%E0%B9%80%E0%B8%AD%E0%B9%87%E0%B8%94","200","0","https://amphon.co.th/%E0%B8%A3%E0%B8%B1%E0%B8%9A%E0%B8%8B%E0%B8%B7%E0%B9%89%E0%B8%AD/%E0%B8%A3%E0%B8%B1%E0%B8%9A%E0%B8%8B%E0%B8%B7%E0%B9%89%E0%B8%AD%E0%B8%A5%E0%B8%B3%E0%B9%82%E0%B8%9E%E0%B8%87%E0%B8%9A%E0%B8%A5%E0%B8%B9%E0%B8%97%E0%B8%B9%E0%B8%98-%E0%B8%A3%E0%B9%89%E0%B8%AD%E0%B8%A2%E0%B9%80%E0%B8%AD%E0%B9%87%E0%B8%94","https://amphon.co.th/รับซื้อ/รับซื้อลำโพงบลูทูธ-ร้อยเอ็ด","Yes","PASS",""
"https://amphon.co.th/%E0%B8%A3%E0%B8%B1%E0%B8%9A%E0%B8%8B%E0%B8%B7%E0%B9%89%E0%B8%AD/%E0%B8%A3%E0%B8%B1%E0%B8%9A%E0%B8%8B%E0%B8%B7%E0%B9%89%E0%B8%AD%E0%B8%A5%E0%B8%B3%E0%B9%82%E0%B8%9E%E0%B8%87%E0%B8%9A%E0%B8%A5%E0%B8%B9%E0%B8%97%E0%B8%B9%E0%B8%98-%E0%B8%A8%E0%B8%A3%E0%B8%B5%E0%B8%AA%E0%B8%B0%E0%B9%80%E0%B8%81%E0%B8%A9","200","0","https://amphon.co.th/%E0%B8%A3%E0%B8%B1%E0%B8%9A%E0%B8%8B%E0%B8%B7%E0%B9%89%E0%B8%AD/%E0%B8%A3%E0%B8%B1%E0%B8%9A%E0%B8%8B%E0%B8%B7%E0%B9%89%E0%B8%AD%E0%B8%A5%E0%B8%B3%E0%B9%82%E0%B8%9E%E0%B8%87%E0%B8%9A%E0%B8%A5%E0%B8%B9%E0%B8%97%E0%B8%B9%E0%B8%98-%E0%B8%A8%E0%B8%A3%E0%B8%B5%E0%B8%AA%E0%B8%B0%E0%B9%80%E0%B8%81%E0%B8%A9","https://amphon.co.th/รับซื้อ/รับซื้อลำโพงบลูทูธ-ศรีสะเกษ","Yes","PASS",""
"https://amphon.co.th/%E0%B8%A3%E0%B8%B1%E0%B8%9A%E0%B8%8B%E0%B8%B7%E0%B9%89%E0%B8%AD/%E0%B8%A3%E0%B8%B1%E0%B8%9A%E0%B8%8B%E0%B8%B7%E0%B9%89%E0%B8%AD%E0%B8%A5%E0%B8%B3%E0%B9%82%E0%B8%9E%E0%B8%87%E0%B8%9A%E0%B8%A5%E0%B8%B9%E0%B8%97%E0%B8%B9%E0%B8%98-%E0%B8%AA%E0%B8%81%E0%B8%A5%E0%B8%99%E0%B8%84%E0%B8%A3","200","0","https://amphon.co.th/%E0%B8%A3%E0%B8%B1%E0%B8%9A%E0%B8%8B%E0%B8%B7%E0%B9%89%E0%B8%AD/%E0%B8%A3%E0%B8%B1%E0%B8%9A%E0%B8%8B%E0%B8%B7%E0%B9%89%E0%B8%AD%E0%B8%A5%E0%B8%B3%E0%B9%82%E0%B8%9E%E0%B8%87%E0%B8%9A%E0%B8%A5%E0%B8%B9%E0%B8%97%E0%B8%B9%E0%B8%98-%E0%B8%AA%E0%B8%81%E0%B8%A5%E0%B8%99%E0%B8%84%E0%B8%A3","https://amphon.co.th/รับซื้อ/รับซื้อลำโพงบลูทูธ-สกลนคร","Yes","PASS",""
"https://amphon.co.th/%E0%B8%A3%E0%B8%B1%E0%B8%9A%E0%B8%8B%E0%B8%B7%E0%B9%89%E0%B8%AD/%E0%B8%A3%E0%B8%B1%E0%B8%9A%E0%B8%8B%E0%B8%B7%E0%B9%89%E0%B8%AD%E0%B8%A5%E0%B8%B3%E0%B9%82%E0%B8%9E%E0%B8%87%E0%B8%9A%E0%B8%A5%E0%B8%B9%E0%B8%97%E0%B8%B9%E0%B8%98-%E0%B8%AA%E0%B8%B8%E0%B8%A3%E0%B8%B4%E0%B8%99%E0%B8%97%E0%B8%A3%E0%B9%8C","200","0","https://amphon.co.th/%E0%B8%A3%E0%B8%B1%E0%B8%9A%E0%B8%8B%E0%B8%B7%E0%B9%89%E0%B8%AD/%E0%B8%A3%E0%B8%B1%E0%B8%9A%E0%B8%8B%E0%B8%B7%E0%B9%89%E0%B8%AD%E0%B8%A5%E0%B8%B3%E0%B9%82%E0%B8%9E%E0%B8%87%E0%B8%9A%E0%B8%A5%E0%B8%B9%E0%B8%97%E0%B8%B9%E0%B8%98-%E0%B8%AA%E0%B8%B8%E0%B8%A3%E0%B8%B4%E0%B8%99%E0%B8%97%E0%B8%A3%E0%B9%8C","https://amphon.co.th/รับซื้อ/รับซื้อลำโพงบลูทูธ-สุรินทร์","Yes","PASS",""
"https://amphon.co.th/%E0%B8%A3%E0%B8%B1%E0%B8%9A%E0%B8%8B%E0%B8%B7%E0%B9%89%E0%B8%AD/%E0%B8%A3%E0%B8%B1%E0%B8%9A%E0%B8%8B%E0%B8%B7%E0%B9%89%E0%B8%AD%E0%B8%A5%E0%B8%B3%E0%B9%82%E0%B8%9E%E0%B8%87%E0%B8%9A%E0%B8%A5%E0%B8%B9%E0%B8%97%E0%B8%B9%E0%B8%98-%E0%B8%AB%E0%B8%99%E0%B8%AD%E0%B8%87%E0%B8%9A%E0%B8%B1%E0%B8%A7%E0%B8%A5%E0%B8%B3%E0%B8%A0%E0%B8%B9","200","0","https://amphon.co.th/%E0%B8%A3%E0%B8%B1%E0%B8%9A%E0%B8%8B%E0%B8%B7%E0%B9%89%E0%B8%AD/%E0%B8%A3%E0%B8%B1%E0%B8%9A%E0%B8%8B%E0%B8%B7%E0%B9%89%E0%B8%AD%E0%B8%A5%E0%B8%B3%E0%B9%82%E0%B8%9E%E0%B8%87%E0%B8%9A%E0%B8%A5%E0%B8%B9%E0%B8%97%E0%B8%B9%E0%B8%98-%E0%B8%AB%E0%B8%99%E0%B8%AD%E0%B8%87%E0%B8%9A%E0%B8%B1%E0%B8%A7%E0%B8%A5%E0%B8%B3%E0%B8%A0%E0%B8%B9","https://amphon.co.th/รับซื้อ/รับซื้อลำโพงบลูทูธ-หนองบัวลำภู","Yes","PASS",""
"https://amphon.co.th/%E0%B8%A3%E0%B8%B1%E0%B8%9A%E0%B8%8B%E0%B8%B7%E0%B9%89%E0%B8%AD/%E0%B8%A3%E0%B8%B1%E0%B8%9A%E0%B8%8B%E0%B8%B7%E0%B9%89%E0%B8%AD%E0%B8%A5%E0%B8%B3%E0%B9%82%E0%B8%9E%E0%B8%87%E0%B8%9A%E0%B8%A5%E0%B8%B9%E0%B8%97%E0%B8%B9%E0%B8%98-%E0%B8%AB%E0%B8%99%E0%B8%AD%E0%B8%87%E0%B8%84%E0%B8%B2%E0%B8%A2","200","0","https://amphon.co.th/%E0%B8%A3%E0%B8%B1%E0%B8%9A%E0%B8%8B%E0%B8%B7%E0%B9%89%E0%B8%AD/%E0%B8%A3%E0%B8%B1%E0%B8%9A%E0%B8%8B%E0%B8%B7%E0%B9%89%E0%B8%AD%E0%B8%A5%E0%B8%B3%E0%B9%82%E0%B8%9E%E0%B8%87%E0%B8%9A%E0%B8%A5%E0%B8%B9%E0%B8%97%E0%B8%B9%E0%B8%98-%E0%B8%AB%E0%B8%99%E0%B8%AD%E0%B8%87%E0%B8%84%E0%B8%B2%E0%B8%A2","https://amphon.co.th/รับซื้อ/รับซื้อลำโพงบลูทูธ-หนองคาย","Yes","PASS",""
"https://amphon.co.th/%E0%B8%A3%E0%B8%B1%E0%B8%9A%E0%B8%8B%E0%B8%B7%E0%B9%89%E0%B8%AD/%E0%B8%A3%E0%B8%B1%E0%B8%9A%E0%B8%8B%E0%B8%B7%E0%B9%89%E0%B8%AD%E0%B8%A5%E0%B8%B3%E0%B9%82%E0%B8%9E%E0%B8%87%E0%B8%9A%E0%B8%A5%E0%B8%B9%E0%B8%97%E0%B8%B9%E0%B8%98-%E0%B8%AD%E0%B8%B3%E0%B8%99%E0%B8%B2%E0%B8%88%E0%B9%80%E0%B8%88%E0%B8%A3%E0%B8%B4%E0%B8%8D","200","0","https://amphon.co.th/%E0%B8%A3%E0%B8%B1%E0%B8%9A%E0%B8%8B%E0%B8%B7%E0%B9%89%E0%B8%AD/%E0%B8%A3%E0%B8%B1%E0%B8%9A%E0%B8%8B%E0%B8%B7%E0%B9%89%E0%B8%AD%E0%B8%A5%E0%B8%B3%E0%B9%82%E0%B8%9E%E0%B8%87%E0%B8%9A%E0%B8%A5%E0%B8%B9%E0%B8%97%E0%B8%B9%E0%B8%98-%E0%B8%AD%E0%B8%B3%E0%B8%99%E0%B8%B2%E0%B8%88%E0%B9%80%E0%B8%88%E0%B8%A3%E0%B8%B4%E0%B8%8D","https://amphon.co.th/รับซื้อ/รับซื้อลำโพงบลูทูธ-อำนาจเจริญ","Yes","PASS",""
"https://amphon.co.th/%E0%B8%A3%E0%B8%B1%E0%B8%9A%E0%B8%8B%E0%B8%B7%E0%B9%89%E0%B8%AD/%E0%B8%A3%E0%B8%B1%E0%B8%9A%E0%B8%8B%E0%B8%B7%E0%B9%89%E0%B8%AD%E0%B8%A5%E0%B8%B3%E0%B9%82%E0%B8%9E%E0%B8%87%E0%B8%9A%E0%B8%A5%E0%B8%B9%E0%B8%97%E0%B8%B9%E0%B8%98-%E0%B8%AD%E0%B8%B8%E0%B8%9A%E0%B8%A5%E0%B8%A3%E0%B8%B2%E0%B8%8A%E0%B8%98%E0%B8%B2%E0%B8%99%E0%B8%B5","200","0","https://amphon.co.th/%E0%B8%A3%E0%B8%B1%E0%B8%9A%E0%B8%8B%E0%B8%B7%E0%B9%89%E0%B8%AD/%E0%B8%A3%E0%B8%B1%E0%B8%9A%E0%B8%8B%E0%B8%B7%E0%B9%89%E0%B8%AD%E0%B8%A5%E0%B8%B3%E0%B9%82%E0%B8%9E%E0%B8%87%E0%B8%9A%E0%B8%A5%E0%B8%B9%E0%B8%97%E0%B8%B9%E0%B8%98-%E0%B8%AD%E0%B8%B8%E0%B8%9A%E0%B8%A5%E0%B8%A3%E0%B8%B2%E0%B8%8A%E0%B8%98%E0%B8%B2%E0%B8%99%E0%B8%B5","https://amphon.co.th/รับซื้อ/รับซื้อลำโพงบลูทูธ-อุบลราชธานี","Yes","PASS",""
"https://amphon.co.th/%E0%B8%A3%E0%B8%B1%E0%B8%9A%E0%B8%8B%E0%B8%B7%E0%B9%89%E0%B8%AD/%E0%B8%A3%E0%B8%B1%E0%B8%9A%E0%B8%8B%E0%B8%B7%E0%B9%89%E0%B8%AD%E0%B8%A5%E0%B8%B3%E0%B9%82%E0%B8%9E%E0%B8%87%E0%B8%9A%E0%B8%A5%E0%B8%B9%E0%B8%97%E0%B8%B9%E0%B8%98-%E0%B8%AD%E0%B8%B8%E0%B8%94%E0%B8%A3%E0%B8%98%E0%B8%B2%E0%B8%99%E0%B8%B5","200","0","https://amphon.co.th/%E0%B8%A3%E0%B8%B1%E0%B8%9A%E0%B8%8B%E0%B8%B7%E0%B9%89%E0%B8%AD/%E0%B8%A3%E0%B8%B1%E0%B8%9A%E0%B8%8B%E0%B8%B7%E0%B9%89%E0%B8%AD%E0%B8%A5%E0%B8%B3%E0%B9%82%E0%B8%9E%E0%B8%87%E0%B8%9A%E0%B8%A5%E0%B8%B9%E0%B8%97%E0%B8%B9%E0%B8%98-%E0%B8%AD%E0%B8%B8%E0%B8%94%E0%B8%A3%E0%B8%98%E0%B8%B2%E0%B8%99%E0%B8%B5","https://amphon.co.th/รับซื้อ/รับซื้อลำโพงบลูทูธ-อุดรธานี","Yes","PASS",""
"https://amphon.co.th/%E0%B8%A3%E0%B8%B1%E0%B8%9A%E0%B8%8B%E0%B8%B7%E0%B9%89%E0%B8%AD/%E0%B8%A3%E0%B8%B1%E0%B8%9A%E0%B8%8B%E0%B8%B7%E0%B9%89%E0%B8%AD%E0%B8%A5%E0%B8%B3%E0%B9%82%E0%B8%9E%E0%B8%87%E0%B8%9A%E0%B8%A5%E0%B8%B9%E0%B8%97%E0%B8%B9%E0%B8%98-%E0%B9%80%E0%B8%A5%E0%B8%A2","200","0","https://amphon.co.th/%E0%B8%A3%E0%B8%B1%E0%B8%9A%E0%B8%8B%E0%B8%B7%E0%B9%89%E0%B8%AD/%E0%B8%A3%E0%B8%B1%E0%B8%9A%E0%B8%8B%E0%B8%B7%E0%B9%89%E0%B8%AD%E0%B8%A5%E0%B8%B3%E0%B9%82%E0%B8%9E%E0%B8%87%E0%B8%9A%E0%B8%A5%E0%B8%B9%E0%B8%97%E0%B8%B9%E0%B8%98-%E0%B9%80%E0%B8%A5%E0%B8%A2","https://amphon.co.th/รับซื้อ/รับซื้อลำโพงบลูทูธ-เลย","Yes","PASS",""
"https://amphon.co.th/%E0%B8%A3%E0%B8%B1%E0%B8%9A%E0%B8%8B%E0%B8%B7%E0%B9%89%E0%B8%AD/%E0%B8%A3%E0%B8%B1%E0%B8%9A%E0%B8%8B%E0%B8%B7%E0%B9%89%E0%B8%AD%E0%B8%AA%E0%B8%B4%E0%B8%99%E0%B8%84%E0%B9%89%E0%B8%B2%E0%B9%84%E0%B8%AD%E0%B8%97%E0%B8%B5-%E0%B8%8A%E0%B8%B1%E0%B8%A2%E0%B8%A0%E0%B8%B9%E0%B8%A1%E0%B8%B4","200","0","https://amphon.co.th/%E0%B8%A3%E0%B8%B1%E0%B8%9A%E0%B8%8B%E0%B8%B7%E0%B9%89%E0%B8%AD/%E0%B8%A3%E0%B8%B1%E0%B8%9A%E0%B8%8B%E0%B8%B7%E0%B9%89%E0%B8%AD%E0%B8%AA%E0%B8%B4%E0%B8%99%E0%B8%84%E0%B9%89%E0%B8%B2%E0%B9%84%E0%B8%AD%E0%B8%97%E0%B8%B5-%E0%B8%8A%E0%B8%B1%E0%B8%A2%E0%B8%A0%E0%B8%B9%E0%B8%A1%E0%B8%B4","https://amphon.co.th/รับซื้อ/รับซื้อสินค้าไอที-ชัยภูมิ","Yes","PASS",""
"https://amphon.co.th/%E0%B8%A3%E0%B8%B1%E0%B8%9A%E0%B8%8B%E0%B8%B7%E0%B9%89%E0%B8%AD/%E0%B8%A3%E0%B8%B1%E0%B8%9A%E0%B8%8B%E0%B8%B7%E0%B9%89%E0%B8%AD%E0%B8%AA%E0%B8%B4%E0%B8%99%E0%B8%84%E0%B9%89%E0%B8%B2%E0%B9%84%E0%B8%AD%E0%B8%97%E0%B8%B5-%E0%B8%9A%E0%B8%B6%E0%B8%87%E0%B8%81%E0%B8%B2%E0%B8%AC","200","0","https://amphon.co.th/%E0%B8%A3%E0%B8%B1%E0%B8%9A%E0%B8%8B%E0%B8%B7%E0%B9%89%E0%B8%AD/%E0%B8%A3%E0%B8%B1%E0%B8%9A%E0%B8%8B%E0%B8%B7%E0%B9%89%E0%B8%AD%E0%B8%AA%E0%B8%B4%E0%B8%99%E0%B8%84%E0%B9%89%E0%B8%B2%E0%B9%84%E0%B8%AD%E0%B8%97%E0%B8%B5-%E0%B8%9A%E0%B8%B6%E0%B8%87%E0%B8%81%E0%B8%B2%E0%B8%AC","https://amphon.co.th/รับซื้อ/รับซื้อสินค้าไอที-บึงกาฬ","Yes","PASS",""
"https://amphon.co.th/%E0%B8%A3%E0%B8%B1%E0%B8%9A%E0%B8%8B%E0%B8%B7%E0%B9%89%E0%B8%AD/%E0%B8%A3%E0%B8%B1%E0%B8%9A%E0%B8%8B%E0%B8%B7%E0%B9%89%E0%B8%AD%E0%B8%AA%E0%B8%B4%E0%B8%99%E0%B8%84%E0%B9%89%E0%B8%B2%E0%B9%84%E0%B8%AD%E0%B8%97%E0%B8%B5-%E0%B8%9A%E0%B8%B8%E0%B8%A3%E0%B8%B5%E0%B8%A3%E0%B8%B1%E0%B8%A1%E0%B8%A2%E0%B9%8C","200","0","https://amphon.co.th/%E0%B8%A3%E0%B8%B1%E0%B8%9A%E0%B8%8B%E0%B8%B7%E0%B9%89%E0%B8%AD/%E0%B8%A3%E0%B8%B1%E0%B8%9A%E0%B8%8B%E0%B8%B7%E0%B9%89%E0%B8%AD%E0%B8%AA%E0%B8%B4%E0%B8%99%E0%B8%84%E0%B9%89%E0%B8%B2%E0%B9%84%E0%B8%AD%E0%B8%97%E0%B8%B5-%E0%B8%9A%E0%B8%B8%E0%B8%A3%E0%B8%B5%E0%B8%A3%E0%B8%B1%E0%B8%A1%E0%B8%A2%E0%B9%8C","https://amphon.co.th/รับซื้อ/รับซื้อสินค้าไอที-บุรีรัมย์","Yes","PASS",""
"https://amphon.co.th/%E0%B8%A3%E0%B8%B1%E0%B8%9A%E0%B8%8B%E0%B8%B7%E0%B9%89%E0%B8%AD/%E0%B8%A3%E0%B8%B1%E0%B8%9A%E0%B8%8B%E0%B8%B7%E0%B9%89%E0%B8%AD%E0%B8%AA%E0%B8%B4%E0%B8%99%E0%B8%84%E0%B9%89%E0%B8%B2%E0%B9%84%E0%B8%AD%E0%B8%97%E0%B8%B5-%E0%B8%81%E0%B8%B2%E0%B8%AC%E0%B8%AA%E0%B8%B4%E0%B8%99%E0%B8%98%E0%B8%B8%E0%B9%8C","200","0","https://amphon.co.th/%E0%B8%A3%E0%B8%B1%E0%B8%9A%E0%B8%8B%E0%B8%B7%E0%B9%89%E0%B8%AD/%E0%B8%A3%E0%B8%B1%E0%B8%9A%E0%B8%8B%E0%B8%B7%E0%B9%89%E0%B8%AD%E0%B8%AA%E0%B8%B4%E0%B8%99%E0%B8%84%E0%B9%89%E0%B8%B2%E0%B9%84%E0%B8%AD%E0%B8%97%E0%B8%B5-%E0%B8%81%E0%B8%B2%E0%B8%AC%E0%B8%AA%E0%B8%B4%E0%B8%99%E0%B8%98%E0%B8%B8%E0%B9%8C","https://amphon.co.th/รับซื้อ/รับซื้อสินค้าไอที-กาฬสินธุ์","Yes","PASS",""
"https://amphon.co.th/%E0%B8%A3%E0%B8%B1%E0%B8%9A%E0%B8%8B%E0%B8%B7%E0%B9%89%E0%B8%AD/%E0%B8%A3%E0%B8%B1%E0%B8%9A%E0%B8%8B%E0%B8%B7%E0%B9%89%E0%B8%AD%E0%B8%AA%E0%B8%B4%E0%B8%99%E0%B8%84%E0%B9%89%E0%B8%B2%E0%B9%84%E0%B8%AD%E0%B8%97%E0%B8%B5-%E0%B8%82%E0%B8%AD%E0%B8%99%E0%B9%81%E0%B8%81%E0%B9%88%E0%B8%99","200","0","https://amphon.co.th/%E0%B8%A3%E0%B8%B1%E0%B8%9A%E0%B8%8B%E0%B8%B7%E0%B9%89%E0%B8%AD/%E0%B8%A3%E0%B8%B1%E0%B8%9A%E0%B8%8B%E0%B8%B7%E0%B9%89%E0%B8%AD%E0%B8%AA%E0%B8%B4%E0%B8%99%E0%B8%84%E0%B9%89%E0%B8%B2%E0%B9%84%E0%B8%AD%E0%B8%97%E0%B8%B5-%E0%B8%82%E0%B8%AD%E0%B8%99%E0%B9%81%E0%B8%81%E0%B9%88%E0%B8%99","https://amphon.co.th/รับซื้อ/รับซื้อสินค้าไอที-ขอนแก่น","Yes","PASS",""
"https://amphon.co.th/%E0%B8%A3%E0%B8%B1%E0%B8%9A%E0%B8%8B%E0%B8%B7%E0%B9%89%E0%B8%AD/%E0%B8%A3%E0%B8%B1%E0%B8%9A%E0%B8%8B%E0%B8%B7%E0%B9%89%E0%B8%AD%E0%B8%AA%E0%B8%B4%E0%B8%99%E0%B8%84%E0%B9%89%E0%B8%B2%E0%B9%84%E0%B8%AD%E0%B8%97%E0%B8%B5-%E0%B8%99%E0%B8%84%E0%B8%A3%E0%B8%9E%E0%B8%99%E0%B8%A1","200","0","https://amphon.co.th/%E0%B8%A3%E0%B8%B1%E0%B8%9A%E0%B8%8B%E0%B8%B7%E0%B9%89%E0%B8%AD/%E0%B8%A3%E0%B8%B1%E0%B8%9A%E0%B8%8B%E0%B8%B7%E0%B9%89%E0%B8%AD%E0%B8%AA%E0%B8%B4%E0%B8%99%E0%B8%84%E0%B9%89%E0%B8%B2%E0%B9%84%E0%B8%AD%E0%B8%97%E0%B8%B5-%E0%B8%99%E0%B8%84%E0%B8%A3%E0%B8%9E%E0%B8%99%E0%B8%A1","https://amphon.co.th/รับซื้อ/รับซื้อสินค้าไอที-นครพนม","Yes","PASS",""
"https://amphon.co.th/%E0%B8%A3%E0%B8%B1%E0%B8%9A%E0%B8%8B%E0%B8%B7%E0%B9%89%E0%B8%AD/%E0%B8%A3%E0%B8%B1%E0%B8%9A%E0%B8%8B%E0%B8%B7%E0%B9%89%E0%B8%AD%E0%B8%AA%E0%B8%B4%E0%B8%99%E0%B8%84%E0%B9%89%E0%B8%B2%E0%B9%84%E0%B8%AD%E0%B8%97%E0%B8%B5-%E0%B8%99%E0%B8%84%E0%B8%A3%E0%B8%A3%E0%B8%B2%E0%B8%8A%E0%B8%AA%E0%B8%B5%E0%B8%A1%E0%B8%B2","200","0","https://amphon.co.th/%E0%B8%A3%E0%B8%B1%E0%B8%9A%E0%B8%8B%E0%B8%B7%E0%B9%89%E0%B8%AD/%E0%B8%A3%E0%B8%B1%E0%B8%9A%E0%B8%8B%E0%B8%B7%E0%B9%89%E0%B8%AD%E0%B8%AA%E0%B8%B4%E0%B8%99%E0%B8%84%E0%B9%89%E0%B8%B2%E0%B9%84%E0%B8%AD%E0%B8%97%E0%B8%B5-%E0%B8%99%E0%B8%84%E0%B8%A3%E0%B8%A3%E0%B8%B2%E0%B8%8A%E0%B8%AA%E0%B8%B5%E0%B8%A1%E0%B8%B2","https://amphon.co.th/รับซื้อ/รับซื้อสินค้าไอที-นครราชสีมา","Yes","PASS",""
"https://amphon.co.th/%E0%B8%A3%E0%B8%B1%E0%B8%9A%E0%B8%8B%E0%B8%B7%E0%B9%89%E0%B8%AD/%E0%B8%A3%E0%B8%B1%E0%B8%9A%E0%B8%8B%E0%B8%B7%E0%B9%89%E0%B8%AD%E0%B8%AA%E0%B8%B4%E0%B8%99%E0%B8%84%E0%B9%89%E0%B8%B2%E0%B9%84%E0%B8%AD%E0%B8%97%E0%B8%B5-%E0%B8%A1%E0%B8%AB%E0%B8%B2%E0%B8%AA%E0%B8%B2%E0%B8%A3%E0%B8%84%E0%B8%B2%E0%B8%A1","200","0","https://amphon.co.th/%E0%B8%A3%E0%B8%B1%E0%B8%9A%E0%B8%8B%E0%B8%B7%E0%B9%89%E0%B8%AD/%E0%B8%A3%E0%B8%B1%E0%B8%9A%E0%B8%8B%E0%B8%B7%E0%B9%89%E0%B8%AD%E0%B8%AA%E0%B8%B4%E0%B8%99%E0%B8%84%E0%B9%89%E0%B8%B2%E0%B9%84%E0%B8%AD%E0%B8%97%E0%B8%B5-%E0%B8%A1%E0%B8%AB%E0%B8%B2%E0%B8%AA%E0%B8%B2%E0%B8%A3%E0%B8%84%E0%B8%B2%E0%B8%A1","https://amphon.co.th/รับซื้อ/รับซื้อสินค้าไอที-มหาสารคาม","Yes","PASS",""
"https://amphon.co.th/%E0%B8%A3%E0%B8%B1%E0%B8%9A%E0%B8%8B%E0%B8%B7%E0%B9%89%E0%B8%AD/%E0%B8%A3%E0%B8%B1%E0%B8%9A%E0%B8%8B%E0%B8%B7%E0%B9%89%E0%B8%AD%E0%B8%AA%E0%B8%B4%E0%B8%99%E0%B8%84%E0%B9%89%E0%B8%B2%E0%B9%84%E0%B8%AD%E0%B8%97%E0%B8%B5-%E0%B8%A1%E0%B8%B8%E0%B8%81%E0%B8%94%E0%B8%B2%E0%B8%AB%E0%B8%B2%E0%B8%A3","200","0","https://amphon.co.th/%E0%B8%A3%E0%B8%B1%E0%B8%9A%E0%B8%8B%E0%B8%B7%E0%B9%89%E0%B8%AD/%E0%B8%A3%E0%B8%B1%E0%B8%9A%E0%B8%8B%E0%B8%B7%E0%B9%89%E0%B8%AD%E0%B8%AA%E0%B8%B4%E0%B8%99%E0%B8%84%E0%B9%89%E0%B8%B2%E0%B9%84%E0%B8%AD%E0%B8%97%E0%B8%B5-%E0%B8%A1%E0%B8%B8%E0%B8%81%E0%B8%94%E0%B8%B2%E0%B8%AB%E0%B8%B2%E0%B8%A3","https://amphon.co.th/รับซื้อ/รับซื้อสินค้าไอที-มุกดาหาร","Yes","PASS",""
"https://amphon.co.th/%E0%B8%A3%E0%B8%B1%E0%B8%9A%E0%B8%8B%E0%B8%B7%E0%B9%89%E0%B8%AD/%E0%B8%A3%E0%B8%B1%E0%B8%9A%E0%B8%8B%E0%B8%B7%E0%B9%89%E0%B8%AD%E0%B8%AA%E0%B8%B4%E0%B8%99%E0%B8%84%E0%B9%89%E0%B8%B2%E0%B9%84%E0%B8%AD%E0%B8%97%E0%B8%B5-%E0%B8%A2%E0%B9%82%E0%B8%AA%E0%B8%98%E0%B8%A3","200","0","https://amphon.co.th/%E0%B8%A3%E0%B8%B1%E0%B8%9A%E0%B8%8B%E0%B8%B7%E0%B9%89%E0%B8%AD/%E0%B8%A3%E0%B8%B1%E0%B8%9A%E0%B8%8B%E0%B8%B7%E0%B9%89%E0%B8%AD%E0%B8%AA%E0%B8%B4%E0%B8%99%E0%B8%84%E0%B9%89%E0%B8%B2%E0%B9%84%E0%B8%AD%E0%B8%97%E0%B8%B5-%E0%B8%A2%E0%B9%82%E0%B8%AA%E0%B8%98%E0%B8%A3","https://amphon.co.th/รับซื้อ/รับซื้อสินค้าไอที-ยโสธร","Yes","PASS",""
"https://amphon.co.th/%E0%B8%A3%E0%B8%B1%E0%B8%9A%E0%B8%8B%E0%B8%B7%E0%B9%89%E0%B8%AD/%E0%B8%A3%E0%B8%B1%E0%B8%9A%E0%B8%8B%E0%B8%B7%E0%B9%89%E0%B8%AD%E0%B8%AA%E0%B8%B4%E0%B8%99%E0%B8%84%E0%B9%89%E0%B8%B2%E0%B9%84%E0%B8%AD%E0%B8%97%E0%B8%B5-%E0%B8%A3%E0%B9%89%E0%B8%AD%E0%B8%A2%E0%B9%80%E0%B8%AD%E0%B9%87%E0%B8%94","200","0","https://amphon.co.th/%E0%B8%A3%E0%B8%B1%E0%B8%9A%E0%B8%8B%E0%B8%B7%E0%B9%89%E0%B8%AD/%E0%B8%A3%E0%B8%B1%E0%B8%9A%E0%B8%8B%E0%B8%B7%E0%B9%89%E0%B8%AD%E0%B8%AA%E0%B8%B4%E0%B8%99%E0%B8%84%E0%B9%89%E0%B8%B2%E0%B9%84%E0%B8%AD%E0%B8%97%E0%B8%B5-%E0%B8%A3%E0%B9%89%E0%B8%AD%E0%B8%A2%E0%B9%80%E0%B8%AD%E0%B9%87%E0%B8%94","https://amphon.co.th/รับซื้อ/รับซื้อสินค้าไอที-ร้อยเอ็ด","Yes","PASS",""
"https://amphon.co.th/%E0%B8%A3%E0%B8%B1%E0%B8%9A%E0%B8%8B%E0%B8%B7%E0%B9%89%E0%B8%AD/%E0%B8%A3%E0%B8%B1%E0%B8%9A%E0%B8%8B%E0%B8%B7%E0%B9%89%E0%B8%AD%E0%B8%AA%E0%B8%B4%E0%B8%99%E0%B8%84%E0%B9%89%E0%B8%B2%E0%B9%84%E0%B8%AD%E0%B8%97%E0%B8%B5-%E0%B8%A8%E0%B8%A3%E0%B8%B5%E0%B8%AA%E0%B8%B0%E0%B9%80%E0%B8%81%E0%B8%A9","200","0","https://amphon.co.th/%E0%B8%A3%E0%B8%B1%E0%B8%9A%E0%B8%8B%E0%B8%B7%E0%B9%89%E0%B8%AD/%E0%B8%A3%E0%B8%B1%E0%B8%9A%E0%B8%8B%E0%B8%B7%E0%B9%89%E0%B8%AD%E0%B8%AA%E0%B8%B4%E0%B8%99%E0%B8%84%E0%B9%89%E0%B8%B2%E0%B9%84%E0%B8%AD%E0%B8%97%E0%B8%B5-%E0%B8%A8%E0%B8%A3%E0%B8%B5%E0%B8%AA%E0%B8%B0%E0%B9%80%E0%B8%81%E0%B8%A9","https://amphon.co.th/รับซื้อ/รับซื้อสินค้าไอที-ศรีสะเกษ","Yes","PASS",""
"https://amphon.co.th/%E0%B8%A3%E0%B8%B1%E0%B8%9A%E0%B8%8B%E0%B8%B7%E0%B9%89%E0%B8%AD/%E0%B8%A3%E0%B8%B1%E0%B8%9A%E0%B8%8B%E0%B8%B7%E0%B9%89%E0%B8%AD%E0%B8%AA%E0%B8%B4%E0%B8%99%E0%B8%84%E0%B9%89%E0%B8%B2%E0%B9%84%E0%B8%AD%E0%B8%97%E0%B8%B5-%E0%B8%AA%E0%B8%81%E0%B8%A5%E0%B8%99%E0%B8%84%E0%B8%A3","200","0","https://amphon.co.th/%E0%B8%A3%E0%B8%B1%E0%B8%9A%E0%B8%8B%E0%B8%B7%E0%B9%89%E0%B8%AD/%E0%B8%A3%E0%B8%B1%E0%B8%9A%E0%B8%8B%E0%B8%B7%E0%B9%89%E0%B8%AD%E0%B8%AA%E0%B8%B4%E0%B8%99%E0%B8%84%E0%B9%89%E0%B8%B2%E0%B9%84%E0%B8%AD%E0%B8%97%E0%B8%B5-%E0%B8%AA%E0%B8%81%E0%B8%A5%E0%B8%99%E0%B8%84%E0%B8%A3","https://amphon.co.th/รับซื้อ/รับซื้อสินค้าไอที-สกลนคร","Yes","PASS",""
"https://amphon.co.th/%E0%B8%A3%E0%B8%B1%E0%B8%9A%E0%B8%8B%E0%B8%B7%E0%B9%89%E0%B8%AD/%E0%B8%A3%E0%B8%B1%E0%B8%9A%E0%B8%8B%E0%B8%B7%E0%B9%89%E0%B8%AD%E0%B8%AA%E0%B8%B4%E0%B8%99%E0%B8%84%E0%B9%89%E0%B8%B2%E0%B9%84%E0%B8%AD%E0%B8%97%E0%B8%B5-%E0%B8%AA%E0%B8%B8%E0%B8%A3%E0%B8%B4%E0%B8%99%E0%B8%97%E0%B8%A3%E0%B9%8C","200","0","https://amphon.co.th/%E0%B8%A3%E0%B8%B1%E0%B8%9A%E0%B8%8B%E0%B8%B7%E0%B9%89%E0%B8%AD/%E0%B8%A3%E0%B8%B1%E0%B8%9A%E0%B8%8B%E0%B8%B7%E0%B9%89%E0%B8%AD%E0%B8%AA%E0%B8%B4%E0%B8%99%E0%B8%84%E0%B9%89%E0%B8%B2%E0%B9%84%E0%B8%AD%E0%B8%97%E0%B8%B5-%E0%B8%AA%E0%B8%B8%E0%B8%A3%E0%B8%B4%E0%B8%99%E0%B8%97%E0%B8%A3%E0%B9%8C","https://amphon.co.th/รับซื้อ/รับซื้อสินค้าไอที-สุรินทร์","Yes","PASS",""
"https://amphon.co.th/%E0%B8%A3%E0%B8%B1%E0%B8%9A%E0%B8%8B%E0%B8%B7%E0%B9%89%E0%B8%AD/%E0%B8%A3%E0%B8%B1%E0%B8%9A%E0%B8%8B%E0%B8%B7%E0%B9%89%E0%B8%AD%E0%B8%AA%E0%B8%B4%E0%B8%99%E0%B8%84%E0%B9%89%E0%B8%B2%E0%B9%84%E0%B8%AD%E0%B8%97%E0%B8%B5-%E0%B8%AB%E0%B8%99%E0%B8%AD%E0%B8%87%E0%B8%9A%E0%B8%B1%E0%B8%A7%E0%B8%A5%E0%B8%B3%E0%B8%A0%E0%B8%B9","200","0","https://amphon.co.th/%E0%B8%A3%E0%B8%B1%E0%B8%9A%E0%B8%8B%E0%B8%B7%E0%B9%89%E0%B8%AD/%E0%B8%A3%E0%B8%B1%E0%B8%9A%E0%B8%8B%E0%B8%B7%E0%B9%89%E0%B8%AD%E0%B8%AA%E0%B8%B4%E0%B8%99%E0%B8%84%E0%B9%89%E0%B8%B2%E0%B9%84%E0%B8%AD%E0%B8%97%E0%B8%B5-%E0%B8%AB%E0%B8%99%E0%B8%AD%E0%B8%87%E0%B8%9A%E0%B8%B1%E0%B8%A7%E0%B8%A5%E0%B8%B3%E0%B8%A0%E0%B8%B9","https://amphon.co.th/รับซื้อ/รับซื้อสินค้าไอที-หนองบัวลำภู","Yes","PASS",""
"https://amphon.co.th/%E0%B8%A3%E0%B8%B1%E0%B8%9A%E0%B8%8B%E0%B8%B7%E0%B9%89%E0%B8%AD/%E0%B8%A3%E0%B8%B1%E0%B8%9A%E0%B8%8B%E0%B8%B7%E0%B9%89%E0%B8%AD%E0%B8%AA%E0%B8%B4%E0%B8%99%E0%B8%84%E0%B9%89%E0%B8%B2%E0%B9%84%E0%B8%AD%E0%B8%97%E0%B8%B5-%E0%B8%AB%E0%B8%99%E0%B8%AD%E0%B8%87%E0%B8%84%E0%B8%B2%E0%B8%A2","200","0","https://amphon.co.th/%E0%B8%A3%E0%B8%B1%E0%B8%9A%E0%B8%8B%E0%B8%B7%E0%B9%89%E0%B8%AD/%E0%B8%A3%E0%B8%B1%E0%B8%9A%E0%B8%8B%E0%B8%B7%E0%B9%89%E0%B8%AD%E0%B8%AA%E0%B8%B4%E0%B8%99%E0%B8%84%E0%B9%89%E0%B8%B2%E0%B9%84%E0%B8%AD%E0%B8%97%E0%B8%B5-%E0%B8%AB%E0%B8%99%E0%B8%AD%E0%B8%87%E0%B8%84%E0%B8%B2%E0%B8%A2","https://amphon.co.th/รับซื้อ/รับซื้อสินค้าไอที-หนองคาย","Yes","PASS",""
"https://amphon.co.th/%E0%B8%A3%E0%B8%B1%E0%B8%9A%E0%B8%8B%E0%B8%B7%E0%B9%89%E0%B8%AD/%E0%B8%A3%E0%B8%B1%E0%B8%9A%E0%B8%8B%E0%B8%B7%E0%B9%89%E0%B8%AD%E0%B8%AA%E0%B8%B4%E0%B8%99%E0%B8%84%E0%B9%89%E0%B8%B2%E0%B9%84%E0%B8%AD%E0%B8%97%E0%B8%B5-%E0%B8%AD%E0%B8%B3%E0%B8%99%E0%B8%B2%E0%B8%88%E0%B9%80%E0%B8%88%E0%B8%A3%E0%B8%B4%E0%B8%8D","200","0","https://amphon.co.th/%E0%B8%A3%E0%B8%B1%E0%B8%9A%E0%B8%8B%E0%B8%B7%E0%B9%89%E0%B8%AD/%E0%B8%A3%E0%B8%B1%E0%B8%9A%E0%B8%8B%E0%B8%B7%E0%B9%89%E0%B8%AD%E0%B8%AA%E0%B8%B4%E0%B8%99%E0%B8%84%E0%B9%89%E0%B8%B2%E0%B9%84%E0%B8%AD%E0%B8%97%E0%B8%B5-%E0%B8%AD%E0%B8%B3%E0%B8%99%E0%B8%B2%E0%B8%88%E0%B9%80%E0%B8%88%E0%B8%A3%E0%B8%B4%E0%B8%8D","https://amphon.co.th/รับซื้อ/รับซื้อสินค้าไอที-อำนาจเจริญ","Yes","PASS",""
"https://amphon.co.th/%E0%B8%A3%E0%B8%B1%E0%B8%9A%E0%B8%8B%E0%B8%B7%E0%B9%89%E0%B8%AD/%E0%B8%A3%E0%B8%B1%E0%B8%9A%E0%B8%8B%E0%B8%B7%E0%B9%89%E0%B8%AD%E0%B8%AA%E0%B8%B4%E0%B8%99%E0%B8%84%E0%B9%89%E0%B8%B2%E0%B9%84%E0%B8%AD%E0%B8%97%E0%B8%B5-%E0%B8%AD%E0%B8%B8%E0%B8%9A%E0%B8%A5%E0%B8%A3%E0%B8%B2%E0%B8%8A%E0%B8%98%E0%B8%B2%E0%B8%99%E0%B8%B5","200","0","https://amphon.co.th/%E0%B8%A3%E0%B8%B1%E0%B8%9A%E0%B8%8B%E0%B8%B7%E0%B9%89%E0%B8%AD/%E0%B8%A3%E0%B8%B1%E0%B8%9A%E0%B8%8B%E0%B8%B7%E0%B9%89%E0%B8%AD%E0%B8%AA%E0%B8%B4%E0%B8%99%E0%B8%84%E0%B9%89%E0%B8%B2%E0%B9%84%E0%B8%AD%E0%B8%97%E0%B8%B5-%E0%B8%AD%E0%B8%B8%E0%B8%9A%E0%B8%A5%E0%B8%A3%E0%B8%B2%E0%B8%8A%E0%B8%98%E0%B8%B2%E0%B8%99%E0%B8%B5","https://amphon.co.th/รับซื้อ/รับซื้อสินค้าไอที-อุบลราชธานี","Yes","PASS",""
"https://amphon.co.th/%E0%B8%A3%E0%B8%B1%E0%B8%9A%E0%B8%8B%E0%B8%B7%E0%B9%89%E0%B8%AD/%E0%B8%A3%E0%B8%B1%E0%B8%9A%E0%B8%8B%E0%B8%B7%E0%B9%89%E0%B8%AD%E0%B8%AA%E0%B8%B4%E0%B8%99%E0%B8%84%E0%B9%89%E0%B8%B2%E0%B9%84%E0%B8%AD%E0%B8%97%E0%B8%B5-%E0%B8%AD%E0%B8%B8%E0%B8%94%E0%B8%A3%E0%B8%98%E0%B8%B2%E0%B8%99%E0%B8%B5","200","0","https://amphon.co.th/%E0%B8%A3%E0%B8%B1%E0%B8%9A%E0%B8%8B%E0%B8%B7%E0%B9%89%E0%B8%AD/%E0%B8%A3%E0%B8%B1%E0%B8%9A%E0%B8%8B%E0%B8%B7%E0%B9%89%E0%B8%AD%E0%B8%AA%E0%B8%B4%E0%B8%99%E0%B8%84%E0%B9%89%E0%B8%B2%E0%B9%84%E0%B8%AD%E0%B8%97%E0%B8%B5-%E0%B8%AD%E0%B8%B8%E0%B8%94%E0%B8%A3%E0%B8%98%E0%B8%B2%E0%B8%99%E0%B8%B5","https://amphon.co.th/รับซื้อ/รับซื้อสินค้าไอที-อุดรธานี","Yes","PASS",""
"https://amphon.co.th/%E0%B8%A3%E0%B8%B1%E0%B8%9A%E0%B8%8B%E0%B8%B7%E0%B9%89%E0%B8%AD/%E0%B8%A3%E0%B8%B1%E0%B8%9A%E0%B8%8B%E0%B8%B7%E0%B9%89%E0%B8%AD%E0%B8%AA%E0%B8%B4%E0%B8%99%E0%B8%84%E0%B9%89%E0%B8%B2%E0%B9%84%E0%B8%AD%E0%B8%97%E0%B8%B5-%E0%B9%80%E0%B8%A5%E0%B8%A2","200","0","https://amphon.co.th/%E0%B8%A3%E0%B8%B1%E0%B8%9A%E0%B8%8B%E0%B8%B7%E0%B9%89%E0%B8%AD/%E0%B8%A3%E0%B8%B1%E0%B8%9A%E0%B8%8B%E0%B8%B7%E0%B9%89%E0%B8%AD%E0%B8%AA%E0%B8%B4%E0%B8%99%E0%B8%84%E0%B9%89%E0%B8%B2%E0%B9%84%E0%B8%AD%E0%B8%97%E0%B8%B5-%E0%B9%80%E0%B8%A5%E0%B8%A2","https://amphon.co.th/รับซื้อ/รับซื้อสินค้าไอที-เลย","Yes","PASS",""
"https://amphon.co.th/%E0%B8%A3%E0%B8%B1%E0%B8%9A%E0%B8%8B%E0%B8%B7%E0%B9%89%E0%B8%AD/%E0%B8%A3%E0%B8%B1%E0%B8%9A%E0%B8%8B%E0%B8%B7%E0%B9%89%E0%B8%AD%E0%B8%AB%E0%B8%B9%E0%B8%9F%E0%B8%B1%E0%B8%87-%E0%B8%8A%E0%B8%B1%E0%B8%A2%E0%B8%A0%E0%B8%B9%E0%B8%A1%E0%B8%B4","200","0","https://amphon.co.th/%E0%B8%A3%E0%B8%B1%E0%B8%9A%E0%B8%8B%E0%B8%B7%E0%B9%89%E0%B8%AD/%E0%B8%A3%E0%B8%B1%E0%B8%9A%E0%B8%8B%E0%B8%B7%E0%B9%89%E0%B8%AD%E0%B8%AB%E0%B8%B9%E0%B8%9F%E0%B8%B1%E0%B8%87-%E0%B8%8A%E0%B8%B1%E0%B8%A2%E0%B8%A0%E0%B8%B9%E0%B8%A1%E0%B8%B4","https://amphon.co.th/รับซื้อ/รับซื้อหูฟัง-ชัยภูมิ","Yes","PASS",""
"https://amphon.co.th/%E0%B8%A3%E0%B8%B1%E0%B8%9A%E0%B8%8B%E0%B8%B7%E0%B9%89%E0%B8%AD/%E0%B8%A3%E0%B8%B1%E0%B8%9A%E0%B8%8B%E0%B8%B7%E0%B9%89%E0%B8%AD%E0%B8%AB%E0%B8%B9%E0%B8%9F%E0%B8%B1%E0%B8%87-%E0%B8%9A%E0%B8%B6%E0%B8%87%E0%B8%81%E0%B8%B2%E0%B8%AC","200","0","https://amphon.co.th/%E0%B8%A3%E0%B8%B1%E0%B8%9A%E0%B8%8B%E0%B8%B7%E0%B9%89%E0%B8%AD/%E0%B8%A3%E0%B8%B1%E0%B8%9A%E0%B8%8B%E0%B8%B7%E0%B9%89%E0%B8%AD%E0%B8%AB%E0%B8%B9%E0%B8%9F%E0%B8%B1%E0%B8%87-%E0%B8%9A%E0%B8%B6%E0%B8%87%E0%B8%81%E0%B8%B2%E0%B8%AC","https://amphon.co.th/รับซื้อ/รับซื้อหูฟัง-บึงกาฬ","Yes","PASS",""
"https://amphon.co.th/%E0%B8%A3%E0%B8%B1%E0%B8%9A%E0%B8%8B%E0%B8%B7%E0%B9%89%E0%B8%AD/%E0%B8%A3%E0%B8%B1%E0%B8%9A%E0%B8%8B%E0%B8%B7%E0%B9%89%E0%B8%AD%E0%B8%AB%E0%B8%B9%E0%B8%9F%E0%B8%B1%E0%B8%87-%E0%B8%9A%E0%B8%B8%E0%B8%A3%E0%B8%B5%E0%B8%A3%E0%B8%B1%E0%B8%A1%E0%B8%A2%E0%B9%8C","200","0","https://amphon.co.th/%E0%B8%A3%E0%B8%B1%E0%B8%9A%E0%B8%8B%E0%B8%B7%E0%B9%89%E0%B8%AD/%E0%B8%A3%E0%B8%B1%E0%B8%9A%E0%B8%8B%E0%B8%B7%E0%B9%89%E0%B8%AD%E0%B8%AB%E0%B8%B9%E0%B8%9F%E0%B8%B1%E0%B8%87-%E0%B8%9A%E0%B8%B8%E0%B8%A3%E0%B8%B5%E0%B8%A3%E0%B8%B1%E0%B8%A1%E0%B8%A2%E0%B9%8C","https://amphon.co.th/รับซื้อ/รับซื้อหูฟัง-บุรีรัมย์","Yes","PASS",""
"https://amphon.co.th/%E0%B8%A3%E0%B8%B1%E0%B8%9A%E0%B8%8B%E0%B8%B7%E0%B9%89%E0%B8%AD/%E0%B8%A3%E0%B8%B1%E0%B8%9A%E0%B8%8B%E0%B8%B7%E0%B9%89%E0%B8%AD%E0%B8%AB%E0%B8%B9%E0%B8%9F%E0%B8%B1%E0%B8%87-%E0%B8%81%E0%B8%B2%E0%B8%AC%E0%B8%AA%E0%B8%B4%E0%B8%99%E0%B8%98%E0%B8%B8%E0%B9%8C","200","0","https://amphon.co.th/%E0%B8%A3%E0%B8%B1%E0%B8%9A%E0%B8%8B%E0%B8%B7%E0%B9%89%E0%B8%AD/%E0%B8%A3%E0%B8%B1%E0%B8%9A%E0%B8%8B%E0%B8%B7%E0%B9%89%E0%B8%AD%E0%B8%AB%E0%B8%B9%E0%B8%9F%E0%B8%B1%E0%B8%87-%E0%B8%81%E0%B8%B2%E0%B8%AC%E0%B8%AA%E0%B8%B4%E0%B8%99%E0%B8%98%E0%B8%B8%E0%B9%8C","https://amphon.co.th/รับซื้อ/รับซื้อหูฟัง-กาฬสินธุ์","Yes","PASS",""
"https://amphon.co.th/%E0%B8%A3%E0%B8%B1%E0%B8%9A%E0%B8%8B%E0%B8%B7%E0%B9%89%E0%B8%AD/%E0%B8%A3%E0%B8%B1%E0%B8%9A%E0%B8%8B%E0%B8%B7%E0%B9%89%E0%B8%AD%E0%B8%AB%E0%B8%B9%E0%B8%9F%E0%B8%B1%E0%B8%87-%E0%B8%82%E0%B8%AD%E0%B8%99%E0%B9%81%E0%B8%81%E0%B9%88%E0%B8%99","200","0","https://amphon.co.th/%E0%B8%A3%E0%B8%B1%E0%B8%9A%E0%B8%8B%E0%B8%B7%E0%B9%89%E0%B8%AD/%E0%B8%A3%E0%B8%B1%E0%B8%9A%E0%B8%8B%E0%B8%B7%E0%B9%89%E0%B8%AD%E0%B8%AB%E0%B8%B9%E0%B8%9F%E0%B8%B1%E0%B8%87-%E0%B8%82%E0%B8%AD%E0%B8%99%E0%B9%81%E0%B8%81%E0%B9%88%E0%B8%99","https://amphon.co.th/รับซื้อ/รับซื้อหูฟัง-ขอนแก่น","Yes","PASS",""
"https://amphon.co.th/%E0%B8%A3%E0%B8%B1%E0%B8%9A%E0%B8%8B%E0%B8%B7%E0%B9%89%E0%B8%AD/%E0%B8%A3%E0%B8%B1%E0%B8%9A%E0%B8%8B%E0%B8%B7%E0%B9%89%E0%B8%AD%E0%B8%AB%E0%B8%B9%E0%B8%9F%E0%B8%B1%E0%B8%87-%E0%B8%99%E0%B8%84%E0%B8%A3%E0%B8%9E%E0%B8%99%E0%B8%A1","200","0","https://amphon.co.th/%E0%B8%A3%E0%B8%B1%E0%B8%9A%E0%B8%8B%E0%B8%B7%E0%B9%89%E0%B8%AD/%E0%B8%A3%E0%B8%B1%E0%B8%9A%E0%B8%8B%E0%B8%B7%E0%B9%89%E0%B8%AD%E0%B8%AB%E0%B8%B9%E0%B8%9F%E0%B8%B1%E0%B8%87-%E0%B8%99%E0%B8%84%E0%B8%A3%E0%B8%9E%E0%B8%99%E0%B8%A1","https://amphon.co.th/รับซื้อ/รับซื้อหูฟัง-นครพนม","Yes","PASS",""
"https://amphon.co.th/%E0%B8%A3%E0%B8%B1%E0%B8%9A%E0%B8%8B%E0%B8%B7%E0%B9%89%E0%B8%AD/%E0%B8%A3%E0%B8%B1%E0%B8%9A%E0%B8%8B%E0%B8%B7%E0%B9%89%E0%B8%AD%E0%B8%AB%E0%B8%B9%E0%B8%9F%E0%B8%B1%E0%B8%87-%E0%B8%99%E0%B8%84%E0%B8%A3%E0%B8%A3%E0%B8%B2%E0%B8%8A%E0%B8%AA%E0%B8%B5%E0%B8%A1%E0%B8%B2","200","0","https://amphon.co.th/%E0%B8%A3%E0%B8%B1%E0%B8%9A%E0%B8%8B%E0%B8%B7%E0%B9%89%E0%B8%AD/%E0%B8%A3%E0%B8%B1%E0%B8%9A%E0%B8%8B%E0%B8%B7%E0%B9%89%E0%B8%AD%E0%B8%AB%E0%B8%B9%E0%B8%9F%E0%B8%B1%E0%B8%87-%E0%B8%99%E0%B8%84%E0%B8%A3%E0%B8%A3%E0%B8%B2%E0%B8%8A%E0%B8%AA%E0%B8%B5%E0%B8%A1%E0%B8%B2","https://amphon.co.th/รับซื้อ/รับซื้อหูฟัง-นครราชสีมา","Yes","PASS",""
"https://amphon.co.th/%E0%B8%A3%E0%B8%B1%E0%B8%9A%E0%B8%8B%E0%B8%B7%E0%B9%89%E0%B8%AD/%E0%B8%A3%E0%B8%B1%E0%B8%9A%E0%B8%8B%E0%B8%B7%E0%B9%89%E0%B8%AD%E0%B8%AB%E0%B8%B9%E0%B8%9F%E0%B8%B1%E0%B8%87-%E0%B8%A1%E0%B8%AB%E0%B8%B2%E0%B8%AA%E0%B8%B2%E0%B8%A3%E0%B8%84%E0%B8%B2%E0%B8%A1","200","0","https://amphon.co.th/%E0%B8%A3%E0%B8%B1%E0%B8%9A%E0%B8%8B%E0%B8%B7%E0%B9%89%E0%B8%AD/%E0%B8%A3%E0%B8%B1%E0%B8%9A%E0%B8%8B%E0%B8%B7%E0%B9%89%E0%B8%AD%E0%B8%AB%E0%B8%B9%E0%B8%9F%E0%B8%B1%E0%B8%87-%E0%B8%A1%E0%B8%AB%E0%B8%B2%E0%B8%AA%E0%B8%B2%E0%B8%A3%E0%B8%84%E0%B8%B2%E0%B8%A1","https://amphon.co.th/รับซื้อ/รับซื้อหูฟัง-มหาสารคาม","Yes","PASS",""
"https://amphon.co.th/%E0%B8%A3%E0%B8%B1%E0%B8%9A%E0%B8%8B%E0%B8%B7%E0%B9%89%E0%B8%AD/%E0%B8%A3%E0%B8%B1%E0%B8%9A%E0%B8%8B%E0%B8%B7%E0%B9%89%E0%B8%AD%E0%B8%AB%E0%B8%B9%E0%B8%9F%E0%B8%B1%E0%B8%87-%E0%B8%A1%E0%B8%B8%E0%B8%81%E0%B8%94%E0%B8%B2%E0%B8%AB%E0%B8%B2%E0%B8%A3","200","0","https://amphon.co.th/%E0%B8%A3%E0%B8%B1%E0%B8%9A%E0%B8%8B%E0%B8%B7%E0%B9%89%E0%B8%AD/%E0%B8%A3%E0%B8%B1%E0%B8%9A%E0%B8%8B%E0%B8%B7%E0%B9%89%E0%B8%AD%E0%B8%AB%E0%B8%B9%E0%B8%9F%E0%B8%B1%E0%B8%87-%E0%B8%A1%E0%B8%B8%E0%B8%81%E0%B8%94%E0%B8%B2%E0%B8%AB%E0%B8%B2%E0%B8%A3","https://amphon.co.th/รับซื้อ/รับซื้อหูฟัง-มุกดาหาร","Yes","PASS",""
"https://amphon.co.th/%E0%B8%A3%E0%B8%B1%E0%B8%9A%E0%B8%8B%E0%B8%B7%E0%B9%89%E0%B8%AD/%E0%B8%A3%E0%B8%B1%E0%B8%9A%E0%B8%8B%E0%B8%B7%E0%B9%89%E0%B8%AD%E0%B8%AB%E0%B8%B9%E0%B8%9F%E0%B8%B1%E0%B8%87-%E0%B8%A2%E0%B9%82%E0%B8%AA%E0%B8%98%E0%B8%A3","200","0","https://amphon.co.th/%E0%B8%A3%E0%B8%B1%E0%B8%9A%E0%B8%8B%E0%B8%B7%E0%B9%89%E0%B8%AD/%E0%B8%A3%E0%B8%B1%E0%B8%9A%E0%B8%8B%E0%B8%B7%E0%B9%89%E0%B8%AD%E0%B8%AB%E0%B8%B9%E0%B8%9F%E0%B8%B1%E0%B8%87-%E0%B8%A2%E0%B9%82%E0%B8%AA%E0%B8%98%E0%B8%A3","https://amphon.co.th/รับซื้อ/รับซื้อหูฟัง-ยโสธร","Yes","PASS",""
"https://amphon.co.th/%E0%B8%A3%E0%B8%B1%E0%B8%9A%E0%B8%8B%E0%B8%B7%E0%B9%89%E0%B8%AD/%E0%B8%A3%E0%B8%B1%E0%B8%9A%E0%B8%8B%E0%B8%B7%E0%B9%89%E0%B8%AD%E0%B8%AB%E0%B8%B9%E0%B8%9F%E0%B8%B1%E0%B8%87-%E0%B8%A3%E0%B9%89%E0%B8%AD%E0%B8%A2%E0%B9%80%E0%B8%AD%E0%B9%87%E0%B8%94","200","0","https://amphon.co.th/%E0%B8%A3%E0%B8%B1%E0%B8%9A%E0%B8%8B%E0%B8%B7%E0%B9%89%E0%B8%AD/%E0%B8%A3%E0%B8%B1%E0%B8%9A%E0%B8%8B%E0%B8%B7%E0%B9%89%E0%B8%AD%E0%B8%AB%E0%B8%B9%E0%B8%9F%E0%B8%B1%E0%B8%87-%E0%B8%A3%E0%B9%89%E0%B8%AD%E0%B8%A2%E0%B9%80%E0%B8%AD%E0%B9%87%E0%B8%94","https://amphon.co.th/รับซื้อ/รับซื้อหูฟัง-ร้อยเอ็ด","Yes","PASS",""
"https://amphon.co.th/%E0%B8%A3%E0%B8%B1%E0%B8%9A%E0%B8%8B%E0%B8%B7%E0%B9%89%E0%B8%AD/%E0%B8%A3%E0%B8%B1%E0%B8%9A%E0%B8%8B%E0%B8%B7%E0%B9%89%E0%B8%AD%E0%B8%AB%E0%B8%B9%E0%B8%9F%E0%B8%B1%E0%B8%87-%E0%B8%A8%E0%B8%A3%E0%B8%B5%E0%B8%AA%E0%B8%B0%E0%B9%80%E0%B8%81%E0%B8%A9","200","0","https://amphon.co.th/%E0%B8%A3%E0%B8%B1%E0%B8%9A%E0%B8%8B%E0%B8%B7%E0%B9%89%E0%B8%AD/%E0%B8%A3%E0%B8%B1%E0%B8%9A%E0%B8%8B%E0%B8%B7%E0%B9%89%E0%B8%AD%E0%B8%AB%E0%B8%B9%E0%B8%9F%E0%B8%B1%E0%B8%87-%E0%B8%A8%E0%B8%A3%E0%B8%B5%E0%B8%AA%E0%B8%B0%E0%B9%80%E0%B8%81%E0%B8%A9","https://amphon.co.th/รับซื้อ/รับซื้อหูฟัง-ศรีสะเกษ","Yes","PASS",""
"https://amphon.co.th/%E0%B8%A3%E0%B8%B1%E0%B8%9A%E0%B8%8B%E0%B8%B7%E0%B9%89%E0%B8%AD/%E0%B8%A3%E0%B8%B1%E0%B8%9A%E0%B8%8B%E0%B8%B7%E0%B9%89%E0%B8%AD%E0%B8%AB%E0%B8%B9%E0%B8%9F%E0%B8%B1%E0%B8%87-%E0%B8%AA%E0%B8%81%E0%B8%A5%E0%B8%99%E0%B8%84%E0%B8%A3","200","0","https://amphon.co.th/%E0%B8%A3%E0%B8%B1%E0%B8%9A%E0%B8%8B%E0%B8%B7%E0%B9%89%E0%B8%AD/%E0%B8%A3%E0%B8%B1%E0%B8%9A%E0%B8%8B%E0%B8%B7%E0%B9%89%E0%B8%AD%E0%B8%AB%E0%B8%B9%E0%B8%9F%E0%B8%B1%E0%B8%87-%E0%B8%AA%E0%B8%81%E0%B8%A5%E0%B8%99%E0%B8%84%E0%B8%A3","https://amphon.co.th/รับซื้อ/รับซื้อหูฟัง-สกลนคร","Yes","PASS",""
"https://amphon.co.th/%E0%B8%A3%E0%B8%B1%E0%B8%9A%E0%B8%8B%E0%B8%B7%E0%B9%89%E0%B8%AD/%E0%B8%A3%E0%B8%B1%E0%B8%9A%E0%B8%8B%E0%B8%B7%E0%B9%89%E0%B8%AD%E0%B8%AB%E0%B8%B9%E0%B8%9F%E0%B8%B1%E0%B8%87-%E0%B8%AA%E0%B8%B8%E0%B8%A3%E0%B8%B4%E0%B8%99%E0%B8%97%E0%B8%A3%E0%B9%8C","200","0","https://amphon.co.th/%E0%B8%A3%E0%B8%B1%E0%B8%9A%E0%B8%8B%E0%B8%B7%E0%B9%89%E0%B8%AD/%E0%B8%A3%E0%B8%B1%E0%B8%9A%E0%B8%8B%E0%B8%B7%E0%B9%89%E0%B8%AD%E0%B8%AB%E0%B8%B9%E0%B8%9F%E0%B8%B1%E0%B8%87-%E0%B8%AA%E0%B8%B8%E0%B8%A3%E0%B8%B4%E0%B8%99%E0%B8%97%E0%B8%A3%E0%B9%8C","https://amphon.co.th/รับซื้อ/รับซื้อหูฟัง-สุรินทร์","Yes","PASS",""
"https://amphon.co.th/%E0%B8%A3%E0%B8%B1%E0%B8%9A%E0%B8%8B%E0%B8%B7%E0%B9%89%E0%B8%AD/%E0%B8%A3%E0%B8%B1%E0%B8%9A%E0%B8%8B%E0%B8%B7%E0%B9%89%E0%B8%AD%E0%B8%AB%E0%B8%B9%E0%B8%9F%E0%B8%B1%E0%B8%87-%E0%B8%AB%E0%B8%99%E0%B8%AD%E0%B8%87%E0%B8%9A%E0%B8%B1%E0%B8%A7%E0%B8%A5%E0%B8%B3%E0%B8%A0%E0%B8%B9","200","0","https://amphon.co.th/%E0%B8%A3%E0%B8%B1%E0%B8%9A%E0%B8%8B%E0%B8%B7%E0%B9%89%E0%B8%AD/%E0%B8%A3%E0%B8%B1%E0%B8%9A%E0%B8%8B%E0%B8%B7%E0%B9%89%E0%B8%AD%E0%B8%AB%E0%B8%B9%E0%B8%9F%E0%B8%B1%E0%B8%87-%E0%B8%AB%E0%B8%99%E0%B8%AD%E0%B8%87%E0%B8%9A%E0%B8%B1%E0%B8%A7%E0%B8%A5%E0%B8%B3%E0%B8%A0%E0%B8%B9","https://amphon.co.th/รับซื้อ/รับซื้อหูฟัง-หนองบัวลำภู","Yes","PASS",""
"https://amphon.co.th/%E0%B8%A3%E0%B8%B1%E0%B8%9A%E0%B8%8B%E0%B8%B7%E0%B9%89%E0%B8%AD/%E0%B8%A3%E0%B8%B1%E0%B8%9A%E0%B8%8B%E0%B8%B7%E0%B9%89%E0%B8%AD%E0%B8%AB%E0%B8%B9%E0%B8%9F%E0%B8%B1%E0%B8%87-%E0%B8%AB%E0%B8%99%E0%B8%AD%E0%B8%87%E0%B8%84%E0%B8%B2%E0%B8%A2","200","0","https://amphon.co.th/%E0%B8%A3%E0%B8%B1%E0%B8%9A%E0%B8%8B%E0%B8%B7%E0%B9%89%E0%B8%AD/%E0%B8%A3%E0%B8%B1%E0%B8%9A%E0%B8%8B%E0%B8%B7%E0%B9%89%E0%B8%AD%E0%B8%AB%E0%B8%B9%E0%B8%9F%E0%B8%B1%E0%B8%87-%E0%B8%AB%E0%B8%99%E0%B8%AD%E0%B8%87%E0%B8%84%E0%B8%B2%E0%B8%A2","https://amphon.co.th/รับซื้อ/รับซื้อหูฟัง-หนองคาย","Yes","PASS",""
"https://amphon.co.th/%E0%B8%A3%E0%B8%B1%E0%B8%9A%E0%B8%8B%E0%B8%B7%E0%B9%89%E0%B8%AD/%E0%B8%A3%E0%B8%B1%E0%B8%9A%E0%B8%8B%E0%B8%B7%E0%B9%89%E0%B8%AD%E0%B8%AB%E0%B8%B9%E0%B8%9F%E0%B8%B1%E0%B8%87-%E0%B8%AD%E0%B8%B3%E0%B8%99%E0%B8%B2%E0%B8%88%E0%B9%80%E0%B8%88%E0%B8%A3%E0%B8%B4%E0%B8%8D","200","0","https://amphon.co.th/%E0%B8%A3%E0%B8%B1%E0%B8%9A%E0%B8%8B%E0%B8%B7%E0%B9%89%E0%B8%AD/%E0%B8%A3%E0%B8%B1%E0%B8%9A%E0%B8%8B%E0%B8%B7%E0%B9%89%E0%B8%AD%E0%B8%AB%E0%B8%B9%E0%B8%9F%E0%B8%B1%E0%B8%87-%E0%B8%AD%E0%B8%B3%E0%B8%99%E0%B8%B2%E0%B8%88%E0%B9%80%E0%B8%88%E0%B8%A3%E0%B8%B4%E0%B8%8D","https://amphon.co.th/รับซื้อ/รับซื้อหูฟัง-อำนาจเจริญ","Yes","PASS",""
"https://amphon.co.th/%E0%B8%A3%E0%B8%B1%E0%B8%9A%E0%B8%8B%E0%B8%B7%E0%B9%89%E0%B8%AD/%E0%B8%A3%E0%B8%B1%E0%B8%9A%E0%B8%8B%E0%B8%B7%E0%B9%89%E0%B8%AD%E0%B8%AB%E0%B8%B9%E0%B8%9F%E0%B8%B1%E0%B8%87-%E0%B8%AD%E0%B8%B8%E0%B8%9A%E0%B8%A5%E0%B8%A3%E0%B8%B2%E0%B8%8A%E0%B8%98%E0%B8%B2%E0%B8%99%E0%B8%B5","200","0","https://amphon.co.th/%E0%B8%A3%E0%B8%B1%E0%B8%9A%E0%B8%8B%E0%B8%B7%E0%B9%89%E0%B8%AD/%E0%B8%A3%E0%B8%B1%E0%B8%9A%E0%B8%8B%E0%B8%B7%E0%B9%89%E0%B8%AD%E0%B8%AB%E0%B8%B9%E0%B8%9F%E0%B8%B1%E0%B8%87-%E0%B8%AD%E0%B8%B8%E0%B8%9A%E0%B8%A5%E0%B8%A3%E0%B8%B2%E0%B8%8A%E0%B8%98%E0%B8%B2%E0%B8%99%E0%B8%B5","https://amphon.co.th/รับซื้อ/รับซื้อหูฟัง-อุบลราชธานี","Yes","PASS",""
"https://amphon.co.th/%E0%B8%A3%E0%B8%B1%E0%B8%9A%E0%B8%8B%E0%B8%B7%E0%B9%89%E0%B8%AD/%E0%B8%A3%E0%B8%B1%E0%B8%9A%E0%B8%8B%E0%B8%B7%E0%B9%89%E0%B8%AD%E0%B8%AB%E0%B8%B9%E0%B8%9F%E0%B8%B1%E0%B8%87-%E0%B8%AD%E0%B8%B8%E0%B8%94%E0%B8%A3%E0%B8%98%E0%B8%B2%E0%B8%99%E0%B8%B5","200","0","https://amphon.co.th/%E0%B8%A3%E0%B8%B1%E0%B8%9A%E0%B8%8B%E0%B8%B7%E0%B9%89%E0%B8%AD/%E0%B8%A3%E0%B8%B1%E0%B8%9A%E0%B8%8B%E0%B8%B7%E0%B9%89%E0%B8%AD%E0%B8%AB%E0%B8%B9%E0%B8%9F%E0%B8%B1%E0%B8%87-%E0%B8%AD%E0%B8%B8%E0%B8%94%E0%B8%A3%E0%B8%98%E0%B8%B2%E0%B8%99%E0%B8%B5","https://amphon.co.th/รับซื้อ/รับซื้อหูฟัง-อุดรธานี","Yes","PASS",""
"https://amphon.co.th/%E0%B8%A3%E0%B8%B1%E0%B8%9A%E0%B8%8B%E0%B8%B7%E0%B9%89%E0%B8%AD/%E0%B8%A3%E0%B8%B1%E0%B8%9A%E0%B8%8B%E0%B8%B7%E0%B9%89%E0%B8%AD%E0%B8%AB%E0%B8%B9%E0%B8%9F%E0%B8%B1%E0%B8%87-%E0%B9%80%E0%B8%A5%E0%B8%A2","200","0","https://amphon.co.th/%E0%B8%A3%E0%B8%B1%E0%B8%9A%E0%B8%8B%E0%B8%B7%E0%B9%89%E0%B8%AD/%E0%B8%A3%E0%B8%B1%E0%B8%9A%E0%B8%8B%E0%B8%B7%E0%B9%89%E0%B8%AD%E0%B8%AB%E0%B8%B9%E0%B8%9F%E0%B8%B1%E0%B8%87-%E0%B9%80%E0%B8%A5%E0%B8%A2","https://amphon.co.th/รับซื้อ/รับซื้อหูฟัง-เลย","Yes","PASS",""
"https://amphon.co.th/%E0%B8%A3%E0%B8%B1%E0%B8%9A%E0%B8%8B%E0%B8%B7%E0%B9%89%E0%B8%AD/%E0%B8%A3%E0%B8%B1%E0%B8%9A%E0%B8%8B%E0%B8%B7%E0%B9%89%E0%B8%AD%E0%B8%AD%E0%B8%B8%E0%B8%9B%E0%B8%81%E0%B8%A3%E0%B8%93%E0%B9%8C-network-%E0%B8%8A%E0%B8%B1%E0%B8%A2%E0%B8%A0%E0%B8%B9%E0%B8%A1%E0%B8%B4","200","0","https://amphon.co.th/%E0%B8%A3%E0%B8%B1%E0%B8%9A%E0%B8%8B%E0%B8%B7%E0%B9%89%E0%B8%AD/%E0%B8%A3%E0%B8%B1%E0%B8%9A%E0%B8%8B%E0%B8%B7%E0%B9%89%E0%B8%AD%E0%B8%AD%E0%B8%B8%E0%B8%9B%E0%B8%81%E0%B8%A3%E0%B8%93%E0%B9%8C-network-%E0%B8%8A%E0%B8%B1%E0%B8%A2%E0%B8%A0%E0%B8%B9%E0%B8%A1%E0%B8%B4","https://amphon.co.th/รับซื้อ/รับซื้ออุปกรณ์-network-ชัยภูมิ","Yes","PASS",""
"https://amphon.co.th/%E0%B8%A3%E0%B8%B1%E0%B8%9A%E0%B8%8B%E0%B8%B7%E0%B9%89%E0%B8%AD/%E0%B8%A3%E0%B8%B1%E0%B8%9A%E0%B8%8B%E0%B8%B7%E0%B9%89%E0%B8%AD%E0%B8%AD%E0%B8%B8%E0%B8%9B%E0%B8%81%E0%B8%A3%E0%B8%93%E0%B9%8C-network-%E0%B8%9A%E0%B8%B6%E0%B8%87%E0%B8%81%E0%B8%B2%E0%B8%AC","200","0","https://amphon.co.th/%E0%B8%A3%E0%B8%B1%E0%B8%9A%E0%B8%8B%E0%B8%B7%E0%B9%89%E0%B8%AD/%E0%B8%A3%E0%B8%B1%E0%B8%9A%E0%B8%8B%E0%B8%B7%E0%B9%89%E0%B8%AD%E0%B8%AD%E0%B8%B8%E0%B8%9B%E0%B8%81%E0%B8%A3%E0%B8%93%E0%B9%8C-network-%E0%B8%9A%E0%B8%B6%E0%B8%87%E0%B8%81%E0%B8%B2%E0%B8%AC","https://amphon.co.th/รับซื้อ/รับซื้ออุปกรณ์-network-บึงกาฬ","Yes","PASS",""
"https://amphon.co.th/%E0%B8%A3%E0%B8%B1%E0%B8%9A%E0%B8%8B%E0%B8%B7%E0%B9%89%E0%B8%AD/%E0%B8%A3%E0%B8%B1%E0%B8%9A%E0%B8%8B%E0%B8%B7%E0%B9%89%E0%B8%AD%E0%B8%AD%E0%B8%B8%E0%B8%9B%E0%B8%81%E0%B8%A3%E0%B8%93%E0%B9%8C-network-%E0%B8%9A%E0%B8%B8%E0%B8%A3%E0%B8%B5%E0%B8%A3%E0%B8%B1%E0%B8%A1%E0%B8%A2%E0%B9%8C","200","0","https://amphon.co.th/%E0%B8%A3%E0%B8%B1%E0%B8%9A%E0%B8%8B%E0%B8%B7%E0%B9%89%E0%B8%AD/%E0%B8%A3%E0%B8%B1%E0%B8%9A%E0%B8%8B%E0%B8%B7%E0%B9%89%E0%B8%AD%E0%B8%AD%E0%B8%B8%E0%B8%9B%E0%B8%81%E0%B8%A3%E0%B8%93%E0%B9%8C-network-%E0%B8%9A%E0%B8%B8%E0%B8%A3%E0%B8%B5%E0%B8%A3%E0%B8%B1%E0%B8%A1%E0%B8%A2%E0%B9%8C","https://amphon.co.th/รับซื้อ/รับซื้ออุปกรณ์-network-บุรีรัมย์","Yes","PASS",""
"https://amphon.co.th/%E0%B8%A3%E0%B8%B1%E0%B8%9A%E0%B8%8B%E0%B8%B7%E0%B9%89%E0%B8%AD/%E0%B8%A3%E0%B8%B1%E0%B8%9A%E0%B8%8B%E0%B8%B7%E0%B9%89%E0%B8%AD%E0%B8%AD%E0%B8%B8%E0%B8%9B%E0%B8%81%E0%B8%A3%E0%B8%93%E0%B9%8C-network-%E0%B8%81%E0%B8%B2%E0%B8%AC%E0%B8%AA%E0%B8%B4%E0%B8%99%E0%B8%98%E0%B8%B8%E0%B9%8C","200","0","https://amphon.co.th/%E0%B8%A3%E0%B8%B1%E0%B8%9A%E0%B8%8B%E0%B8%B7%E0%B9%89%E0%B8%AD/%E0%B8%A3%E0%B8%B1%E0%B8%9A%E0%B8%8B%E0%B8%B7%E0%B9%89%E0%B8%AD%E0%B8%AD%E0%B8%B8%E0%B8%9B%E0%B8%81%E0%B8%A3%E0%B8%93%E0%B9%8C-network-%E0%B8%81%E0%B8%B2%E0%B8%AC%E0%B8%AA%E0%B8%B4%E0%B8%99%E0%B8%98%E0%B8%B8%E0%B9%8C","https://amphon.co.th/รับซื้อ/รับซื้ออุปกรณ์-network-กาฬสินธุ์","Yes","PASS",""
"https://amphon.co.th/%E0%B8%A3%E0%B8%B1%E0%B8%9A%E0%B8%8B%E0%B8%B7%E0%B9%89%E0%B8%AD/%E0%B8%A3%E0%B8%B1%E0%B8%9A%E0%B8%8B%E0%B8%B7%E0%B9%89%E0%B8%AD%E0%B8%AD%E0%B8%B8%E0%B8%9B%E0%B8%81%E0%B8%A3%E0%B8%93%E0%B9%8C-network-%E0%B8%82%E0%B8%AD%E0%B8%99%E0%B9%81%E0%B8%81%E0%B9%88%E0%B8%99","200","0","https://amphon.co.th/%E0%B8%A3%E0%B8%B1%E0%B8%9A%E0%B8%8B%E0%B8%B7%E0%B9%89%E0%B8%AD/%E0%B8%A3%E0%B8%B1%E0%B8%9A%E0%B8%8B%E0%B8%B7%E0%B9%89%E0%B8%AD%E0%B8%AD%E0%B8%B8%E0%B8%9B%E0%B8%81%E0%B8%A3%E0%B8%93%E0%B9%8C-network-%E0%B8%82%E0%B8%AD%E0%B8%99%E0%B9%81%E0%B8%81%E0%B9%88%E0%B8%99","https://amphon.co.th/รับซื้อ/รับซื้ออุปกรณ์-network-ขอนแก่น","Yes","PASS",""
"https://amphon.co.th/%E0%B8%A3%E0%B8%B1%E0%B8%9A%E0%B8%8B%E0%B8%B7%E0%B9%89%E0%B8%AD/%E0%B8%A3%E0%B8%B1%E0%B8%9A%E0%B8%8B%E0%B8%B7%E0%B9%89%E0%B8%AD%E0%B8%AD%E0%B8%B8%E0%B8%9B%E0%B8%81%E0%B8%A3%E0%B8%93%E0%B9%8C-network-%E0%B8%99%E0%B8%84%E0%B8%A3%E0%B8%9E%E0%B8%99%E0%B8%A1","200","0","https://amphon.co.th/%E0%B8%A3%E0%B8%B1%E0%B8%9A%E0%B8%8B%E0%B8%B7%E0%B9%89%E0%B8%AD/%E0%B8%A3%E0%B8%B1%E0%B8%9A%E0%B8%8B%E0%B8%B7%E0%B9%89%E0%B8%AD%E0%B8%AD%E0%B8%B8%E0%B8%9B%E0%B8%81%E0%B8%A3%E0%B8%93%E0%B9%8C-network-%E0%B8%99%E0%B8%84%E0%B8%A3%E0%B8%9E%E0%B8%99%E0%B8%A1","https://amphon.co.th/รับซื้อ/รับซื้ออุปกรณ์-network-นครพนม","Yes","PASS",""
"https://amphon.co.th/%E0%B8%A3%E0%B8%B1%E0%B8%9A%E0%B8%8B%E0%B8%B7%E0%B9%89%E0%B8%AD/%E0%B8%A3%E0%B8%B1%E0%B8%9A%E0%B8%8B%E0%B8%B7%E0%B9%89%E0%B8%AD%E0%B8%AD%E0%B8%B8%E0%B8%9B%E0%B8%81%E0%B8%A3%E0%B8%93%E0%B9%8C-network-%E0%B8%99%E0%B8%84%E0%B8%A3%E0%B8%A3%E0%B8%B2%E0%B8%8A%E0%B8%AA%E0%B8%B5%E0%B8%A1%E0%B8%B2","200","0","https://amphon.co.th/%E0%B8%A3%E0%B8%B1%E0%B8%9A%E0%B8%8B%E0%B8%B7%E0%B9%89%E0%B8%AD/%E0%B8%A3%E0%B8%B1%E0%B8%9A%E0%B8%8B%E0%B8%B7%E0%B9%89%E0%B8%AD%E0%B8%AD%E0%B8%B8%E0%B8%9B%E0%B8%81%E0%B8%A3%E0%B8%93%E0%B9%8C-network-%E0%B8%99%E0%B8%84%E0%B8%A3%E0%B8%A3%E0%B8%B2%E0%B8%8A%E0%B8%AA%E0%B8%B5%E0%B8%A1%E0%B8%B2","https://amphon.co.th/รับซื้อ/รับซื้ออุปกรณ์-network-นครราชสีมา","Yes","PASS",""
"https://amphon.co.th/%E0%B8%A3%E0%B8%B1%E0%B8%9A%E0%B8%8B%E0%B8%B7%E0%B9%89%E0%B8%AD/%E0%B8%A3%E0%B8%B1%E0%B8%9A%E0%B8%8B%E0%B8%B7%E0%B9%89%E0%B8%AD%E0%B8%AD%E0%B8%B8%E0%B8%9B%E0%B8%81%E0%B8%A3%E0%B8%93%E0%B9%8C-network-%E0%B8%A1%E0%B8%AB%E0%B8%B2%E0%B8%AA%E0%B8%B2%E0%B8%A3%E0%B8%84%E0%B8%B2%E0%B8%A1","200","0","https://amphon.co.th/%E0%B8%A3%E0%B8%B1%E0%B8%9A%E0%B8%8B%E0%B8%B7%E0%B9%89%E0%B8%AD/%E0%B8%A3%E0%B8%B1%E0%B8%9A%E0%B8%8B%E0%B8%B7%E0%B9%89%E0%B8%AD%E0%B8%AD%E0%B8%B8%E0%B8%9B%E0%B8%81%E0%B8%A3%E0%B8%93%E0%B9%8C-network-%E0%B8%A1%E0%B8%AB%E0%B8%B2%E0%B8%AA%E0%B8%B2%E0%B8%A3%E0%B8%84%E0%B8%B2%E0%B8%A1","https://amphon.co.th/รับซื้อ/รับซื้ออุปกรณ์-network-มหาสารคาม","Yes","PASS",""
"https://amphon.co.th/%E0%B8%A3%E0%B8%B1%E0%B8%9A%E0%B8%8B%E0%B8%B7%E0%B9%89%E0%B8%AD/%E0%B8%A3%E0%B8%B1%E0%B8%9A%E0%B8%8B%E0%B8%B7%E0%B9%89%E0%B8%AD%E0%B8%AD%E0%B8%B8%E0%B8%9B%E0%B8%81%E0%B8%A3%E0%B8%93%E0%B9%8C-network-%E0%B8%A1%E0%B8%B8%E0%B8%81%E0%B8%94%E0%B8%B2%E0%B8%AB%E0%B8%B2%E0%B8%A3","200","0","https://amphon.co.th/%E0%B8%A3%E0%B8%B1%E0%B8%9A%E0%B8%8B%E0%B8%B7%E0%B9%89%E0%B8%AD/%E0%B8%A3%E0%B8%B1%E0%B8%9A%E0%B8%8B%E0%B8%B7%E0%B9%89%E0%B8%AD%E0%B8%AD%E0%B8%B8%E0%B8%9B%E0%B8%81%E0%B8%A3%E0%B8%93%E0%B9%8C-network-%E0%B8%A1%E0%B8%B8%E0%B8%81%E0%B8%94%E0%B8%B2%E0%B8%AB%E0%B8%B2%E0%B8%A3","https://amphon.co.th/รับซื้อ/รับซื้ออุปกรณ์-network-มุกดาหาร","Yes","PASS",""
"https://amphon.co.th/%E0%B8%A3%E0%B8%B1%E0%B8%9A%E0%B8%8B%E0%B8%B7%E0%B9%89%E0%B8%AD/%E0%B8%A3%E0%B8%B1%E0%B8%9A%E0%B8%8B%E0%B8%B7%E0%B9%89%E0%B8%AD%E0%B8%AD%E0%B8%B8%E0%B8%9B%E0%B8%81%E0%B8%A3%E0%B8%93%E0%B9%8C-network-%E0%B8%A2%E0%B9%82%E0%B8%AA%E0%B8%98%E0%B8%A3","200","0","https://amphon.co.th/%E0%B8%A3%E0%B8%B1%E0%B8%9A%E0%B8%8B%E0%B8%B7%E0%B9%89%E0%B8%AD/%E0%B8%A3%E0%B8%B1%E0%B8%9A%E0%B8%8B%E0%B8%B7%E0%B9%89%E0%B8%AD%E0%B8%AD%E0%B8%B8%E0%B8%9B%E0%B8%81%E0%B8%A3%E0%B8%93%E0%B9%8C-network-%E0%B8%A2%E0%B9%82%E0%B8%AA%E0%B8%98%E0%B8%A3","https://amphon.co.th/รับซื้อ/รับซื้ออุปกรณ์-network-ยโสธร","Yes","PASS",""
"https://amphon.co.th/%E0%B8%A3%E0%B8%B1%E0%B8%9A%E0%B8%8B%E0%B8%B7%E0%B9%89%E0%B8%AD/%E0%B8%A3%E0%B8%B1%E0%B8%9A%E0%B8%8B%E0%B8%B7%E0%B9%89%E0%B8%AD%E0%B8%AD%E0%B8%B8%E0%B8%9B%E0%B8%81%E0%B8%A3%E0%B8%93%E0%B9%8C-network-%E0%B8%A3%E0%B9%89%E0%B8%AD%E0%B8%A2%E0%B9%80%E0%B8%AD%E0%B9%87%E0%B8%94","200","0","https://amphon.co.th/%E0%B8%A3%E0%B8%B1%E0%B8%9A%E0%B8%8B%E0%B8%B7%E0%B9%89%E0%B8%AD/%E0%B8%A3%E0%B8%B1%E0%B8%9A%E0%B8%8B%E0%B8%B7%E0%B9%89%E0%B8%AD%E0%B8%AD%E0%B8%B8%E0%B8%9B%E0%B8%81%E0%B8%A3%E0%B8%93%E0%B9%8C-network-%E0%B8%A3%E0%B9%89%E0%B8%AD%E0%B8%A2%E0%B9%80%E0%B8%AD%E0%B9%87%E0%B8%94","https://amphon.co.th/รับซื้อ/รับซื้ออุปกรณ์-network-ร้อยเอ็ด","Yes","PASS",""
"https://amphon.co.th/%E0%B8%A3%E0%B8%B1%E0%B8%9A%E0%B8%8B%E0%B8%B7%E0%B9%89%E0%B8%AD/%E0%B8%A3%E0%B8%B1%E0%B8%9A%E0%B8%8B%E0%B8%B7%E0%B9%89%E0%B8%AD%E0%B8%AD%E0%B8%B8%E0%B8%9B%E0%B8%81%E0%B8%A3%E0%B8%93%E0%B9%8C-network-%E0%B8%A8%E0%B8%A3%E0%B8%B5%E0%B8%AA%E0%B8%B0%E0%B9%80%E0%B8%81%E0%B8%A9","200","0","https://amphon.co.th/%E0%B8%A3%E0%B8%B1%E0%B8%9A%E0%B8%8B%E0%B8%B7%E0%B9%89%E0%B8%AD/%E0%B8%A3%E0%B8%B1%E0%B8%9A%E0%B8%8B%E0%B8%B7%E0%B9%89%E0%B8%AD%E0%B8%AD%E0%B8%B8%E0%B8%9B%E0%B8%81%E0%B8%A3%E0%B8%93%E0%B9%8C-network-%E0%B8%A8%E0%B8%A3%E0%B8%B5%E0%B8%AA%E0%B8%B0%E0%B9%80%E0%B8%81%E0%B8%A9","https://amphon.co.th/รับซื้อ/รับซื้ออุปกรณ์-network-ศรีสะเกษ","Yes","PASS",""
"https://amphon.co.th/%E0%B8%A3%E0%B8%B1%E0%B8%9A%E0%B8%8B%E0%B8%B7%E0%B9%89%E0%B8%AD/%E0%B8%A3%E0%B8%B1%E0%B8%9A%E0%B8%8B%E0%B8%B7%E0%B9%89%E0%B8%AD%E0%B8%AD%E0%B8%B8%E0%B8%9B%E0%B8%81%E0%B8%A3%E0%B8%93%E0%B9%8C-network-%E0%B8%AA%E0%B8%81%E0%B8%A5%E0%B8%99%E0%B8%84%E0%B8%A3","200","0","https://amphon.co.th/%E0%B8%A3%E0%B8%B1%E0%B8%9A%E0%B8%8B%E0%B8%B7%E0%B9%89%E0%B8%AD/%E0%B8%A3%E0%B8%B1%E0%B8%9A%E0%B8%8B%E0%B8%B7%E0%B9%89%E0%B8%AD%E0%B8%AD%E0%B8%B8%E0%B8%9B%E0%B8%81%E0%B8%A3%E0%B8%93%E0%B9%8C-network-%E0%B8%AA%E0%B8%81%E0%B8%A5%E0%B8%99%E0%B8%84%E0%B8%A3","https://amphon.co.th/รับซื้อ/รับซื้ออุปกรณ์-network-สกลนคร","Yes","PASS",""
"https://amphon.co.th/%E0%B8%A3%E0%B8%B1%E0%B8%9A%E0%B8%8B%E0%B8%B7%E0%B9%89%E0%B8%AD/%E0%B8%A3%E0%B8%B1%E0%B8%9A%E0%B8%8B%E0%B8%B7%E0%B9%89%E0%B8%AD%E0%B8%AD%E0%B8%B8%E0%B8%9B%E0%B8%81%E0%B8%A3%E0%B8%93%E0%B9%8C-network-%E0%B8%AA%E0%B8%B8%E0%B8%A3%E0%B8%B4%E0%B8%99%E0%B8%97%E0%B8%A3%E0%B9%8C","200","0","https://amphon.co.th/%E0%B8%A3%E0%B8%B1%E0%B8%9A%E0%B8%8B%E0%B8%B7%E0%B9%89%E0%B8%AD/%E0%B8%A3%E0%B8%B1%E0%B8%9A%E0%B8%8B%E0%B8%B7%E0%B9%89%E0%B8%AD%E0%B8%AD%E0%B8%B8%E0%B8%9B%E0%B8%81%E0%B8%A3%E0%B8%93%E0%B9%8C-network-%E0%B8%AA%E0%B8%B8%E0%B8%A3%E0%B8%B4%E0%B8%99%E0%B8%97%E0%B8%A3%E0%B9%8C","https://amphon.co.th/รับซื้อ/รับซื้ออุปกรณ์-network-สุรินทร์","Yes","PASS",""
"https://amphon.co.th/%E0%B8%A3%E0%B8%B1%E0%B8%9A%E0%B8%8B%E0%B8%B7%E0%B9%89%E0%B8%AD/%E0%B8%A3%E0%B8%B1%E0%B8%9A%E0%B8%8B%E0%B8%B7%E0%B9%89%E0%B8%AD%E0%B8%AD%E0%B8%B8%E0%B8%9B%E0%B8%81%E0%B8%A3%E0%B8%93%E0%B9%8C-network-%E0%B8%AB%E0%B8%99%E0%B8%AD%E0%B8%87%E0%B8%9A%E0%B8%B1%E0%B8%A7%E0%B8%A5%E0%B8%B3%E0%B8%A0%E0%B8%B9","200","0","https://amphon.co.th/%E0%B8%A3%E0%B8%B1%E0%B8%9A%E0%B8%8B%E0%B8%B7%E0%B9%89%E0%B8%AD/%E0%B8%A3%E0%B8%B1%E0%B8%9A%E0%B8%8B%E0%B8%B7%E0%B9%89%E0%B8%AD%E0%B8%AD%E0%B8%B8%E0%B8%9B%E0%B8%81%E0%B8%A3%E0%B8%93%E0%B9%8C-network-%E0%B8%AB%E0%B8%99%E0%B8%AD%E0%B8%87%E0%B8%9A%E0%B8%B1%E0%B8%A7%E0%B8%A5%E0%B8%B3%E0%B8%A0%E0%B8%B9","https://amphon.co.th/รับซื้อ/รับซื้ออุปกรณ์-network-หนองบัวลำภู","Yes","PASS",""
"https://amphon.co.th/%E0%B8%A3%E0%B8%B1%E0%B8%9A%E0%B8%8B%E0%B8%B7%E0%B9%89%E0%B8%AD/%E0%B8%A3%E0%B8%B1%E0%B8%9A%E0%B8%8B%E0%B8%B7%E0%B9%89%E0%B8%AD%E0%B8%AD%E0%B8%B8%E0%B8%9B%E0%B8%81%E0%B8%A3%E0%B8%93%E0%B9%8C-network-%E0%B8%AB%E0%B8%99%E0%B8%AD%E0%B8%87%E0%B8%84%E0%B8%B2%E0%B8%A2","200","0","https://amphon.co.th/%E0%B8%A3%E0%B8%B1%E0%B8%9A%E0%B8%8B%E0%B8%B7%E0%B9%89%E0%B8%AD/%E0%B8%A3%E0%B8%B1%E0%B8%9A%E0%B8%8B%E0%B8%B7%E0%B9%89%E0%B8%AD%E0%B8%AD%E0%B8%B8%E0%B8%9B%E0%B8%81%E0%B8%A3%E0%B8%93%E0%B9%8C-network-%E0%B8%AB%E0%B8%99%E0%B8%AD%E0%B8%87%E0%B8%84%E0%B8%B2%E0%B8%A2","https://amphon.co.th/รับซื้อ/รับซื้ออุปกรณ์-network-หนองคาย","Yes","PASS",""
"https://amphon.co.th/%E0%B8%A3%E0%B8%B1%E0%B8%9A%E0%B8%8B%E0%B8%B7%E0%B9%89%E0%B8%AD/%E0%B8%A3%E0%B8%B1%E0%B8%9A%E0%B8%8B%E0%B8%B7%E0%B9%89%E0%B8%AD%E0%B8%AD%E0%B8%B8%E0%B8%9B%E0%B8%81%E0%B8%A3%E0%B8%93%E0%B9%8C-network-%E0%B8%AD%E0%B8%B3%E0%B8%99%E0%B8%B2%E0%B8%88%E0%B9%80%E0%B8%88%E0%B8%A3%E0%B8%B4%E0%B8%8D","200","0","https://amphon.co.th/%E0%B8%A3%E0%B8%B1%E0%B8%9A%E0%B8%8B%E0%B8%B7%E0%B9%89%E0%B8%AD/%E0%B8%A3%E0%B8%B1%E0%B8%9A%E0%B8%8B%E0%B8%B7%E0%B9%89%E0%B8%AD%E0%B8%AD%E0%B8%B8%E0%B8%9B%E0%B8%81%E0%B8%A3%E0%B8%93%E0%B9%8C-network-%E0%B8%AD%E0%B8%B3%E0%B8%99%E0%B8%B2%E0%B8%88%E0%B9%80%E0%B8%88%E0%B8%A3%E0%B8%B4%E0%B8%8D","https://amphon.co.th/รับซื้อ/รับซื้ออุปกรณ์-network-อำนาจเจริญ","Yes","PASS",""
"https://amphon.co.th/%E0%B8%A3%E0%B8%B1%E0%B8%9A%E0%B8%8B%E0%B8%B7%E0%B9%89%E0%B8%AD/%E0%B8%A3%E0%B8%B1%E0%B8%9A%E0%B8%8B%E0%B8%B7%E0%B9%89%E0%B8%AD%E0%B8%AD%E0%B8%B8%E0%B8%9B%E0%B8%81%E0%B8%A3%E0%B8%93%E0%B9%8C-network-%E0%B8%AD%E0%B8%B8%E0%B8%9A%E0%B8%A5%E0%B8%A3%E0%B8%B2%E0%B8%8A%E0%B8%98%E0%B8%B2%E0%B8%99%E0%B8%B5","200","0","https://amphon.co.th/%E0%B8%A3%E0%B8%B1%E0%B8%9A%E0%B8%8B%E0%B8%B7%E0%B9%89%E0%B8%AD/%E0%B8%A3%E0%B8%B1%E0%B8%9A%E0%B8%8B%E0%B8%B7%E0%B9%89%E0%B8%AD%E0%B8%AD%E0%B8%B8%E0%B8%9B%E0%B8%81%E0%B8%A3%E0%B8%93%E0%B9%8C-network-%E0%B8%AD%E0%B8%B8%E0%B8%9A%E0%B8%A5%E0%B8%A3%E0%B8%B2%E0%B8%8A%E0%B8%98%E0%B8%B2%E0%B8%99%E0%B8%B5","https://amphon.co.th/รับซื้อ/รับซื้ออุปกรณ์-network-อุบลราชธานี","Yes","PASS",""
"https://amphon.co.th/%E0%B8%A3%E0%B8%B1%E0%B8%9A%E0%B8%8B%E0%B8%B7%E0%B9%89%E0%B8%AD/%E0%B8%A3%E0%B8%B1%E0%B8%9A%E0%B8%8B%E0%B8%B7%E0%B9%89%E0%B8%AD%E0%B8%AD%E0%B8%B8%E0%B8%9B%E0%B8%81%E0%B8%A3%E0%B8%93%E0%B9%8C-network-%E0%B8%AD%E0%B8%B8%E0%B8%94%E0%B8%A3%E0%B8%98%E0%B8%B2%E0%B8%99%E0%B8%B5","200","0","https://amphon.co.th/%E0%B8%A3%E0%B8%B1%E0%B8%9A%E0%B8%8B%E0%B8%B7%E0%B9%89%E0%B8%AD/%E0%B8%A3%E0%B8%B1%E0%B8%9A%E0%B8%8B%E0%B8%B7%E0%B9%89%E0%B8%AD%E0%B8%AD%E0%B8%B8%E0%B8%9B%E0%B8%81%E0%B8%A3%E0%B8%93%E0%B9%8C-network-%E0%B8%AD%E0%B8%B8%E0%B8%94%E0%B8%A3%E0%B8%98%E0%B8%B2%E0%B8%99%E0%B8%B5","https://amphon.co.th/รับซื้อ/รับซื้ออุปกรณ์-network-อุดรธานี","Yes","PASS",""
"https://amphon.co.th/%E0%B8%A3%E0%B8%B1%E0%B8%9A%E0%B8%8B%E0%B8%B7%E0%B9%89%E0%B8%AD/%E0%B8%A3%E0%B8%B1%E0%B8%9A%E0%B8%8B%E0%B8%B7%E0%B9%89%E0%B8%AD%E0%B8%AD%E0%B8%B8%E0%B8%9B%E0%B8%81%E0%B8%A3%E0%B8%93%E0%B9%8C-network-%E0%B9%80%E0%B8%A5%E0%B8%A2","200","0","https://amphon.co.th/%E0%B8%A3%E0%B8%B1%E0%B8%9A%E0%B8%8B%E0%B8%B7%E0%B9%89%E0%B8%AD/%E0%B8%A3%E0%B8%B1%E0%B8%9A%E0%B8%8B%E0%B8%B7%E0%B9%89%E0%B8%AD%E0%B8%AD%E0%B8%B8%E0%B8%9B%E0%B8%81%E0%B8%A3%E0%B8%93%E0%B9%8C-network-%E0%B9%80%E0%B8%A5%E0%B8%A2","https://amphon.co.th/รับซื้อ/รับซื้ออุปกรณ์-network-เลย","Yes","PASS",""
"https://amphon.co.th/%E0%B8%A3%E0%B8%B1%E0%B8%9A%E0%B8%8B%E0%B8%B7%E0%B9%89%E0%B8%AD/%E0%B8%A3%E0%B8%B1%E0%B8%9A%E0%B8%8B%E0%B8%B7%E0%B9%89%E0%B8%AD%E0%B8%AD%E0%B8%B8%E0%B8%9B%E0%B8%81%E0%B8%A3%E0%B8%93%E0%B9%8C%E0%B8%84%E0%B8%AD%E0%B8%A1%E0%B8%9E%E0%B8%B4%E0%B8%A7%E0%B9%80%E0%B8%95%E0%B8%AD%E0%B8%A3%E0%B9%8C-%E0%B8%8A%E0%B8%B1%E0%B8%A2%E0%B8%A0%E0%B8%B9%E0%B8%A1%E0%B8%B4","200","0","https://amphon.co.th/%E0%B8%A3%E0%B8%B1%E0%B8%9A%E0%B8%8B%E0%B8%B7%E0%B9%89%E0%B8%AD/%E0%B8%A3%E0%B8%B1%E0%B8%9A%E0%B8%8B%E0%B8%B7%E0%B9%89%E0%B8%AD%E0%B8%AD%E0%B8%B8%E0%B8%9B%E0%B8%81%E0%B8%A3%E0%B8%93%E0%B9%8C%E0%B8%84%E0%B8%AD%E0%B8%A1%E0%B8%9E%E0%B8%B4%E0%B8%A7%E0%B9%80%E0%B8%95%E0%B8%AD%E0%B8%A3%E0%B9%8C-%E0%B8%8A%E0%B8%B1%E0%B8%A2%E0%B8%A0%E0%B8%B9%E0%B8%A1%E0%B8%B4","https://amphon.co.th/รับซื้อ/รับซื้ออุปกรณ์คอมพิวเตอร์-ชัยภูมิ","Yes","PASS",""
"https://amphon.co.th/%E0%B8%A3%E0%B8%B1%E0%B8%9A%E0%B8%8B%E0%B8%B7%E0%B9%89%E0%B8%AD/%E0%B8%A3%E0%B8%B1%E0%B8%9A%E0%B8%8B%E0%B8%B7%E0%B9%89%E0%B8%AD%E0%B8%AD%E0%B8%B8%E0%B8%9B%E0%B8%81%E0%B8%A3%E0%B8%93%E0%B9%8C%E0%B8%84%E0%B8%AD%E0%B8%A1%E0%B8%9E%E0%B8%B4%E0%B8%A7%E0%B9%80%E0%B8%95%E0%B8%AD%E0%B8%A3%E0%B9%8C-%E0%B8%9A%E0%B8%B6%E0%B8%87%E0%B8%81%E0%B8%B2%E0%B8%AC","200","0","https://amphon.co.th/%E0%B8%A3%E0%B8%B1%E0%B8%9A%E0%B8%8B%E0%B8%B7%E0%B9%89%E0%B8%AD/%E0%B8%A3%E0%B8%B1%E0%B8%9A%E0%B8%8B%E0%B8%B7%E0%B9%89%E0%B8%AD%E0%B8%AD%E0%B8%B8%E0%B8%9B%E0%B8%81%E0%B8%A3%E0%B8%93%E0%B9%8C%E0%B8%84%E0%B8%AD%E0%B8%A1%E0%B8%9E%E0%B8%B4%E0%B8%A7%E0%B9%80%E0%B8%95%E0%B8%AD%E0%B8%A3%E0%B9%8C-%E0%B8%9A%E0%B8%B6%E0%B8%87%E0%B8%81%E0%B8%B2%E0%B8%AC","https://amphon.co.th/รับซื้อ/รับซื้ออุปกรณ์คอมพิวเตอร์-บึงกาฬ","Yes","PASS",""
"https://amphon.co.th/%E0%B8%A3%E0%B8%B1%E0%B8%9A%E0%B8%8B%E0%B8%B7%E0%B9%89%E0%B8%AD/%E0%B8%A3%E0%B8%B1%E0%B8%9A%E0%B8%8B%E0%B8%B7%E0%B9%89%E0%B8%AD%E0%B8%AD%E0%B8%B8%E0%B8%9B%E0%B8%81%E0%B8%A3%E0%B8%93%E0%B9%8C%E0%B8%84%E0%B8%AD%E0%B8%A1%E0%B8%9E%E0%B8%B4%E0%B8%A7%E0%B9%80%E0%B8%95%E0%B8%AD%E0%B8%A3%E0%B9%8C-%E0%B8%9A%E0%B8%B8%E0%B8%A3%E0%B8%B5%E0%B8%A3%E0%B8%B1%E0%B8%A1%E0%B8%A2%E0%B9%8C","200","0","https://amphon.co.th/%E0%B8%A3%E0%B8%B1%E0%B8%9A%E0%B8%8B%E0%B8%B7%E0%B9%89%E0%B8%AD/%E0%B8%A3%E0%B8%B1%E0%B8%9A%E0%B8%8B%E0%B8%B7%E0%B9%89%E0%B8%AD%E0%B8%AD%E0%B8%B8%E0%B8%9B%E0%B8%81%E0%B8%A3%E0%B8%93%E0%B9%8C%E0%B8%84%E0%B8%AD%E0%B8%A1%E0%B8%9E%E0%B8%B4%E0%B8%A7%E0%B9%80%E0%B8%95%E0%B8%AD%E0%B8%A3%E0%B9%8C-%E0%B8%9A%E0%B8%B8%E0%B8%A3%E0%B8%B5%E0%B8%A3%E0%B8%B1%E0%B8%A1%E0%B8%A2%E0%B9%8C","https://amphon.co.th/รับซื้อ/รับซื้ออุปกรณ์คอมพิวเตอร์-บุรีรัมย์","Yes","PASS",""
"https://amphon.co.th/%E0%B8%A3%E0%B8%B1%E0%B8%9A%E0%B8%8B%E0%B8%B7%E0%B9%89%E0%B8%AD/%E0%B8%A3%E0%B8%B1%E0%B8%9A%E0%B8%8B%E0%B8%B7%E0%B9%89%E0%B8%AD%E0%B8%AD%E0%B8%B8%E0%B8%9B%E0%B8%81%E0%B8%A3%E0%B8%93%E0%B9%8C%E0%B8%84%E0%B8%AD%E0%B8%A1%E0%B8%9E%E0%B8%B4%E0%B8%A7%E0%B9%80%E0%B8%95%E0%B8%AD%E0%B8%A3%E0%B9%8C-%E0%B8%81%E0%B8%B2%E0%B8%AC%E0%B8%AA%E0%B8%B4%E0%B8%99%E0%B8%98%E0%B8%B8%E0%B9%8C","200","0","https://amphon.co.th/%E0%B8%A3%E0%B8%B1%E0%B8%9A%E0%B8%8B%E0%B8%B7%E0%B9%89%E0%B8%AD/%E0%B8%A3%E0%B8%B1%E0%B8%9A%E0%B8%8B%E0%B8%B7%E0%B9%89%E0%B8%AD%E0%B8%AD%E0%B8%B8%E0%B8%9B%E0%B8%81%E0%B8%A3%E0%B8%93%E0%B9%8C%E0%B8%84%E0%B8%AD%E0%B8%A1%E0%B8%9E%E0%B8%B4%E0%B8%A7%E0%B9%80%E0%B8%95%E0%B8%AD%E0%B8%A3%E0%B9%8C-%E0%B8%81%E0%B8%B2%E0%B8%AC%E0%B8%AA%E0%B8%B4%E0%B8%99%E0%B8%98%E0%B8%B8%E0%B9%8C","https://amphon.co.th/รับซื้อ/รับซื้ออุปกรณ์คอมพิวเตอร์-กาฬสินธุ์","Yes","PASS",""
"https://amphon.co.th/%E0%B8%A3%E0%B8%B1%E0%B8%9A%E0%B8%8B%E0%B8%B7%E0%B9%89%E0%B8%AD/%E0%B8%A3%E0%B8%B1%E0%B8%9A%E0%B8%8B%E0%B8%B7%E0%B9%89%E0%B8%AD%E0%B8%AD%E0%B8%B8%E0%B8%9B%E0%B8%81%E0%B8%A3%E0%B8%93%E0%B9%8C%E0%B8%84%E0%B8%AD%E0%B8%A1%E0%B8%9E%E0%B8%B4%E0%B8%A7%E0%B9%80%E0%B8%95%E0%B8%AD%E0%B8%A3%E0%B9%8C-%E0%B8%82%E0%B8%AD%E0%B8%99%E0%B9%81%E0%B8%81%E0%B9%88%E0%B8%99","200","0","https://amphon.co.th/%E0%B8%A3%E0%B8%B1%E0%B8%9A%E0%B8%8B%E0%B8%B7%E0%B9%89%E0%B8%AD/%E0%B8%A3%E0%B8%B1%E0%B8%9A%E0%B8%8B%E0%B8%B7%E0%B9%89%E0%B8%AD%E0%B8%AD%E0%B8%B8%E0%B8%9B%E0%B8%81%E0%B8%A3%E0%B8%93%E0%B9%8C%E0%B8%84%E0%B8%AD%E0%B8%A1%E0%B8%9E%E0%B8%B4%E0%B8%A7%E0%B9%80%E0%B8%95%E0%B8%AD%E0%B8%A3%E0%B9%8C-%E0%B8%82%E0%B8%AD%E0%B8%99%E0%B9%81%E0%B8%81%E0%B9%88%E0%B8%99","https://amphon.co.th/รับซื้อ/รับซื้ออุปกรณ์คอมพิวเตอร์-ขอนแก่น","Yes","PASS",""
"https://amphon.co.th/%E0%B8%A3%E0%B8%B1%E0%B8%9A%E0%B8%8B%E0%B8%B7%E0%B9%89%E0%B8%AD/%E0%B8%A3%E0%B8%B1%E0%B8%9A%E0%B8%8B%E0%B8%B7%E0%B9%89%E0%B8%AD%E0%B8%AD%E0%B8%B8%E0%B8%9B%E0%B8%81%E0%B8%A3%E0%B8%93%E0%B9%8C%E0%B8%84%E0%B8%AD%E0%B8%A1%E0%B8%9E%E0%B8%B4%E0%B8%A7%E0%B9%80%E0%B8%95%E0%B8%AD%E0%B8%A3%E0%B9%8C-%E0%B8%99%E0%B8%84%E0%B8%A3%E0%B8%9E%E0%B8%99%E0%B8%A1","200","0","https://amphon.co.th/%E0%B8%A3%E0%B8%B1%E0%B8%9A%E0%B8%8B%E0%B8%B7%E0%B9%89%E0%B8%AD/%E0%B8%A3%E0%B8%B1%E0%B8%9A%E0%B8%8B%E0%B8%B7%E0%B9%89%E0%B8%AD%E0%B8%AD%E0%B8%B8%E0%B8%9B%E0%B8%81%E0%B8%A3%E0%B8%93%E0%B9%8C%E0%B8%84%E0%B8%AD%E0%B8%A1%E0%B8%9E%E0%B8%B4%E0%B8%A7%E0%B9%80%E0%B8%95%E0%B8%AD%E0%B8%A3%E0%B9%8C-%E0%B8%99%E0%B8%84%E0%B8%A3%E0%B8%9E%E0%B8%99%E0%B8%A1","https://amphon.co.th/รับซื้อ/รับซื้ออุปกรณ์คอมพิวเตอร์-นครพนม","Yes","PASS",""
"https://amphon.co.th/%E0%B8%A3%E0%B8%B1%E0%B8%9A%E0%B8%8B%E0%B8%B7%E0%B9%89%E0%B8%AD/%E0%B8%A3%E0%B8%B1%E0%B8%9A%E0%B8%8B%E0%B8%B7%E0%B9%89%E0%B8%AD%E0%B8%AD%E0%B8%B8%E0%B8%9B%E0%B8%81%E0%B8%A3%E0%B8%93%E0%B9%8C%E0%B8%84%E0%B8%AD%E0%B8%A1%E0%B8%9E%E0%B8%B4%E0%B8%A7%E0%B9%80%E0%B8%95%E0%B8%AD%E0%B8%A3%E0%B9%8C-%E0%B8%99%E0%B8%84%E0%B8%A3%E0%B8%A3%E0%B8%B2%E0%B8%8A%E0%B8%AA%E0%B8%B5%E0%B8%A1%E0%B8%B2","200","0","https://amphon.co.th/%E0%B8%A3%E0%B8%B1%E0%B8%9A%E0%B8%8B%E0%B8%B7%E0%B9%89%E0%B8%AD/%E0%B8%A3%E0%B8%B1%E0%B8%9A%E0%B8%8B%E0%B8%B7%E0%B9%89%E0%B8%AD%E0%B8%AD%E0%B8%B8%E0%B8%9B%E0%B8%81%E0%B8%A3%E0%B8%93%E0%B9%8C%E0%B8%84%E0%B8%AD%E0%B8%A1%E0%B8%9E%E0%B8%B4%E0%B8%A7%E0%B9%80%E0%B8%95%E0%B8%AD%E0%B8%A3%E0%B9%8C-%E0%B8%99%E0%B8%84%E0%B8%A3%E0%B8%A3%E0%B8%B2%E0%B8%8A%E0%B8%AA%E0%B8%B5%E0%B8%A1%E0%B8%B2","https://amphon.co.th/รับซื้อ/รับซื้ออุปกรณ์คอมพิวเตอร์-นครราชสีมา","Yes","PASS",""
"https://amphon.co.th/%E0%B8%A3%E0%B8%B1%E0%B8%9A%E0%B8%8B%E0%B8%B7%E0%B9%89%E0%B8%AD/%E0%B8%A3%E0%B8%B1%E0%B8%9A%E0%B8%8B%E0%B8%B7%E0%B9%89%E0%B8%AD%E0%B8%AD%E0%B8%B8%E0%B8%9B%E0%B8%81%E0%B8%A3%E0%B8%93%E0%B9%8C%E0%B8%84%E0%B8%AD%E0%B8%A1%E0%B8%9E%E0%B8%B4%E0%B8%A7%E0%B9%80%E0%B8%95%E0%B8%AD%E0%B8%A3%E0%B9%8C-%E0%B8%A1%E0%B8%AB%E0%B8%B2%E0%B8%AA%E0%B8%B2%E0%B8%A3%E0%B8%84%E0%B8%B2%E0%B8%A1","200","0","https://amphon.co.th/%E0%B8%A3%E0%B8%B1%E0%B8%9A%E0%B8%8B%E0%B8%B7%E0%B9%89%E0%B8%AD/%E0%B8%A3%E0%B8%B1%E0%B8%9A%E0%B8%8B%E0%B8%B7%E0%B9%89%E0%B8%AD%E0%B8%AD%E0%B8%B8%E0%B8%9B%E0%B8%81%E0%B8%A3%E0%B8%93%E0%B9%8C%E0%B8%84%E0%B8%AD%E0%B8%A1%E0%B8%9E%E0%B8%B4%E0%B8%A7%E0%B9%80%E0%B8%95%E0%B8%AD%E0%B8%A3%E0%B9%8C-%E0%B8%A1%E0%B8%AB%E0%B8%B2%E0%B8%AA%E0%B8%B2%E0%B8%A3%E0%B8%84%E0%B8%B2%E0%B8%A1","https://amphon.co.th/รับซื้อ/รับซื้ออุปกรณ์คอมพิวเตอร์-มหาสารคาม","Yes","PASS",""
"https://amphon.co.th/%E0%B8%A3%E0%B8%B1%E0%B8%9A%E0%B8%8B%E0%B8%B7%E0%B9%89%E0%B8%AD/%E0%B8%A3%E0%B8%B1%E0%B8%9A%E0%B8%8B%E0%B8%B7%E0%B9%89%E0%B8%AD%E0%B8%AD%E0%B8%B8%E0%B8%9B%E0%B8%81%E0%B8%A3%E0%B8%93%E0%B9%8C%E0%B8%84%E0%B8%AD%E0%B8%A1%E0%B8%9E%E0%B8%B4%E0%B8%A7%E0%B9%80%E0%B8%95%E0%B8%AD%E0%B8%A3%E0%B9%8C-%E0%B8%A1%E0%B8%B8%E0%B8%81%E0%B8%94%E0%B8%B2%E0%B8%AB%E0%B8%B2%E0%B8%A3","200","0","https://amphon.co.th/%E0%B8%A3%E0%B8%B1%E0%B8%9A%E0%B8%8B%E0%B8%B7%E0%B9%89%E0%B8%AD/%E0%B8%A3%E0%B8%B1%E0%B8%9A%E0%B8%8B%E0%B8%B7%E0%B9%89%E0%B8%AD%E0%B8%AD%E0%B8%B8%E0%B8%9B%E0%B8%81%E0%B8%A3%E0%B8%93%E0%B9%8C%E0%B8%84%E0%B8%AD%E0%B8%A1%E0%B8%9E%E0%B8%B4%E0%B8%A7%E0%B9%80%E0%B8%95%E0%B8%AD%E0%B8%A3%E0%B9%8C-%E0%B8%A1%E0%B8%B8%E0%B8%81%E0%B8%94%E0%B8%B2%E0%B8%AB%E0%B8%B2%E0%B8%A3","https://amphon.co.th/รับซื้อ/รับซื้ออุปกรณ์คอมพิวเตอร์-มุกดาหาร","Yes","PASS",""
"https://amphon.co.th/%E0%B8%A3%E0%B8%B1%E0%B8%9A%E0%B8%8B%E0%B8%B7%E0%B9%89%E0%B8%AD/%E0%B8%A3%E0%B8%B1%E0%B8%9A%E0%B8%8B%E0%B8%B7%E0%B9%89%E0%B8%AD%E0%B8%AD%E0%B8%B8%E0%B8%9B%E0%B8%81%E0%B8%A3%E0%B8%93%E0%B9%8C%E0%B8%84%E0%B8%AD%E0%B8%A1%E0%B8%9E%E0%B8%B4%E0%B8%A7%E0%B9%80%E0%B8%95%E0%B8%AD%E0%B8%A3%E0%B9%8C-%E0%B8%A2%E0%B9%82%E0%B8%AA%E0%B8%98%E0%B8%A3","200","0","https://amphon.co.th/%E0%B8%A3%E0%B8%B1%E0%B8%9A%E0%B8%8B%E0%B8%B7%E0%B9%89%E0%B8%AD/%E0%B8%A3%E0%B8%B1%E0%B8%9A%E0%B8%8B%E0%B8%B7%E0%B9%89%E0%B8%AD%E0%B8%AD%E0%B8%B8%E0%B8%9B%E0%B8%81%E0%B8%A3%E0%B8%93%E0%B9%8C%E0%B8%84%E0%B8%AD%E0%B8%A1%E0%B8%9E%E0%B8%B4%E0%B8%A7%E0%B9%80%E0%B8%95%E0%B8%AD%E0%B8%A3%E0%B9%8C-%E0%B8%A2%E0%B9%82%E0%B8%AA%E0%B8%98%E0%B8%A3","https://amphon.co.th/รับซื้อ/รับซื้ออุปกรณ์คอมพิวเตอร์-ยโสธร","Yes","PASS",""
"https://amphon.co.th/%E0%B8%A3%E0%B8%B1%E0%B8%9A%E0%B8%8B%E0%B8%B7%E0%B9%89%E0%B8%AD/%E0%B8%A3%E0%B8%B1%E0%B8%9A%E0%B8%8B%E0%B8%B7%E0%B9%89%E0%B8%AD%E0%B8%AD%E0%B8%B8%E0%B8%9B%E0%B8%81%E0%B8%A3%E0%B8%93%E0%B9%8C%E0%B8%84%E0%B8%AD%E0%B8%A1%E0%B8%9E%E0%B8%B4%E0%B8%A7%E0%B9%80%E0%B8%95%E0%B8%AD%E0%B8%A3%E0%B9%8C-%E0%B8%A3%E0%B9%89%E0%B8%AD%E0%B8%A2%E0%B9%80%E0%B8%AD%E0%B9%87%E0%B8%94","200","0","https://amphon.co.th/%E0%B8%A3%E0%B8%B1%E0%B8%9A%E0%B8%8B%E0%B8%B7%E0%B9%89%E0%B8%AD/%E0%B8%A3%E0%B8%B1%E0%B8%9A%E0%B8%8B%E0%B8%B7%E0%B9%89%E0%B8%AD%E0%B8%AD%E0%B8%B8%E0%B8%9B%E0%B8%81%E0%B8%A3%E0%B8%93%E0%B9%8C%E0%B8%84%E0%B8%AD%E0%B8%A1%E0%B8%9E%E0%B8%B4%E0%B8%A7%E0%B9%80%E0%B8%95%E0%B8%AD%E0%B8%A3%E0%B9%8C-%E0%B8%A3%E0%B9%89%E0%B8%AD%E0%B8%A2%E0%B9%80%E0%B8%AD%E0%B9%87%E0%B8%94","https://amphon.co.th/รับซื้อ/รับซื้ออุปกรณ์คอมพิวเตอร์-ร้อยเอ็ด","Yes","PASS",""
"https://amphon.co.th/%E0%B8%A3%E0%B8%B1%E0%B8%9A%E0%B8%8B%E0%B8%B7%E0%B9%89%E0%B8%AD/%E0%B8%A3%E0%B8%B1%E0%B8%9A%E0%B8%8B%E0%B8%B7%E0%B9%89%E0%B8%AD%E0%B8%AD%E0%B8%B8%E0%B8%9B%E0%B8%81%E0%B8%A3%E0%B8%93%E0%B9%8C%E0%B8%84%E0%B8%AD%E0%B8%A1%E0%B8%9E%E0%B8%B4%E0%B8%A7%E0%B9%80%E0%B8%95%E0%B8%AD%E0%B8%A3%E0%B9%8C-%E0%B8%A8%E0%B8%A3%E0%B8%B5%E0%B8%AA%E0%B8%B0%E0%B9%80%E0%B8%81%E0%B8%A9","200","0","https://amphon.co.th/%E0%B8%A3%E0%B8%B1%E0%B8%9A%E0%B8%8B%E0%B8%B7%E0%B9%89%E0%B8%AD/%E0%B8%A3%E0%B8%B1%E0%B8%9A%E0%B8%8B%E0%B8%B7%E0%B9%89%E0%B8%AD%E0%B8%AD%E0%B8%B8%E0%B8%9B%E0%B8%81%E0%B8%A3%E0%B8%93%E0%B9%8C%E0%B8%84%E0%B8%AD%E0%B8%A1%E0%B8%9E%E0%B8%B4%E0%B8%A7%E0%B9%80%E0%B8%95%E0%B8%AD%E0%B8%A3%E0%B9%8C-%E0%B8%A8%E0%B8%A3%E0%B8%B5%E0%B8%AA%E0%B8%B0%E0%B9%80%E0%B8%81%E0%B8%A9","https://amphon.co.th/รับซื้อ/รับซื้ออุปกรณ์คอมพิวเตอร์-ศรีสะเกษ","Yes","PASS",""
"https://amphon.co.th/%E0%B8%A3%E0%B8%B1%E0%B8%9A%E0%B8%8B%E0%B8%B7%E0%B9%89%E0%B8%AD/%E0%B8%A3%E0%B8%B1%E0%B8%9A%E0%B8%8B%E0%B8%B7%E0%B9%89%E0%B8%AD%E0%B8%AD%E0%B8%B8%E0%B8%9B%E0%B8%81%E0%B8%A3%E0%B8%93%E0%B9%8C%E0%B8%84%E0%B8%AD%E0%B8%A1%E0%B8%9E%E0%B8%B4%E0%B8%A7%E0%B9%80%E0%B8%95%E0%B8%AD%E0%B8%A3%E0%B9%8C-%E0%B8%AA%E0%B8%81%E0%B8%A5%E0%B8%99%E0%B8%84%E0%B8%A3","200","0","https://amphon.co.th/%E0%B8%A3%E0%B8%B1%E0%B8%9A%E0%B8%8B%E0%B8%B7%E0%B9%89%E0%B8%AD/%E0%B8%A3%E0%B8%B1%E0%B8%9A%E0%B8%8B%E0%B8%B7%E0%B9%89%E0%B8%AD%E0%B8%AD%E0%B8%B8%E0%B8%9B%E0%B8%81%E0%B8%A3%E0%B8%93%E0%B9%8C%E0%B8%84%E0%B8%AD%E0%B8%A1%E0%B8%9E%E0%B8%B4%E0%B8%A7%E0%B9%80%E0%B8%95%E0%B8%AD%E0%B8%A3%E0%B9%8C-%E0%B8%AA%E0%B8%81%E0%B8%A5%E0%B8%99%E0%B8%84%E0%B8%A3","https://amphon.co.th/รับซื้อ/รับซื้ออุปกรณ์คอมพิวเตอร์-สกลนคร","Yes","PASS",""
"https://amphon.co.th/%E0%B8%A3%E0%B8%B1%E0%B8%9A%E0%B8%8B%E0%B8%B7%E0%B9%89%E0%B8%AD/%E0%B8%A3%E0%B8%B1%E0%B8%9A%E0%B8%8B%E0%B8%B7%E0%B9%89%E0%B8%AD%E0%B8%AD%E0%B8%B8%E0%B8%9B%E0%B8%81%E0%B8%A3%E0%B8%93%E0%B9%8C%E0%B8%84%E0%B8%AD%E0%B8%A1%E0%B8%9E%E0%B8%B4%E0%B8%A7%E0%B9%80%E0%B8%95%E0%B8%AD%E0%B8%A3%E0%B9%8C-%E0%B8%AA%E0%B8%B8%E0%B8%A3%E0%B8%B4%E0%B8%99%E0%B8%97%E0%B8%A3%E0%B9%8C","200","0","https://amphon.co.th/%E0%B8%A3%E0%B8%B1%E0%B8%9A%E0%B8%8B%E0%B8%B7%E0%B9%89%E0%B8%AD/%E0%B8%A3%E0%B8%B1%E0%B8%9A%E0%B8%8B%E0%B8%B7%E0%B9%89%E0%B8%AD%E0%B8%AD%E0%B8%B8%E0%B8%9B%E0%B8%81%E0%B8%A3%E0%B8%93%E0%B9%8C%E0%B8%84%E0%B8%AD%E0%B8%A1%E0%B8%9E%E0%B8%B4%E0%B8%A7%E0%B9%80%E0%B8%95%E0%B8%AD%E0%B8%A3%E0%B9%8C-%E0%B8%AA%E0%B8%B8%E0%B8%A3%E0%B8%B4%E0%B8%99%E0%B8%97%E0%B8%A3%E0%B9%8C","https://amphon.co.th/รับซื้อ/รับซื้ออุปกรณ์คอมพิวเตอร์-สุรินทร์","Yes","PASS",""
"https://amphon.co.th/%E0%B8%A3%E0%B8%B1%E0%B8%9A%E0%B8%8B%E0%B8%B7%E0%B9%89%E0%B8%AD/%E0%B8%A3%E0%B8%B1%E0%B8%9A%E0%B8%8B%E0%B8%B7%E0%B9%89%E0%B8%AD%E0%B8%AD%E0%B8%B8%E0%B8%9B%E0%B8%81%E0%B8%A3%E0%B8%93%E0%B9%8C%E0%B8%84%E0%B8%AD%E0%B8%A1%E0%B8%9E%E0%B8%B4%E0%B8%A7%E0%B9%80%E0%B8%95%E0%B8%AD%E0%B8%A3%E0%B9%8C-%E0%B8%AB%E0%B8%99%E0%B8%AD%E0%B8%87%E0%B8%9A%E0%B8%B1%E0%B8%A7%E0%B8%A5%E0%B8%B3%E0%B8%A0%E0%B8%B9","200","0","https://amphon.co.th/%E0%B8%A3%E0%B8%B1%E0%B8%9A%E0%B8%8B%E0%B8%B7%E0%B9%89%E0%B8%AD/%E0%B8%A3%E0%B8%B1%E0%B8%9A%E0%B8%8B%E0%B8%B7%E0%B9%89%E0%B8%AD%E0%B8%AD%E0%B8%B8%E0%B8%9B%E0%B8%81%E0%B8%A3%E0%B8%93%E0%B9%8C%E0%B8%84%E0%B8%AD%E0%B8%A1%E0%B8%9E%E0%B8%B4%E0%B8%A7%E0%B9%80%E0%B8%95%E0%B8%AD%E0%B8%A3%E0%B9%8C-%E0%B8%AB%E0%B8%99%E0%B8%AD%E0%B8%87%E0%B8%9A%E0%B8%B1%E0%B8%A7%E0%B8%A5%E0%B8%B3%E0%B8%A0%E0%B8%B9","https://amphon.co.th/รับซื้อ/รับซื้ออุปกรณ์คอมพิวเตอร์-หนองบัวลำภู","Yes","PASS",""
"https://amphon.co.th/%E0%B8%A3%E0%B8%B1%E0%B8%9A%E0%B8%8B%E0%B8%B7%E0%B9%89%E0%B8%AD/%E0%B8%A3%E0%B8%B1%E0%B8%9A%E0%B8%8B%E0%B8%B7%E0%B9%89%E0%B8%AD%E0%B8%AD%E0%B8%B8%E0%B8%9B%E0%B8%81%E0%B8%A3%E0%B8%93%E0%B9%8C%E0%B8%84%E0%B8%AD%E0%B8%A1%E0%B8%9E%E0%B8%B4%E0%B8%A7%E0%B9%80%E0%B8%95%E0%B8%AD%E0%B8%A3%E0%B9%8C-%E0%B8%AB%E0%B8%99%E0%B8%AD%E0%B8%87%E0%B8%84%E0%B8%B2%E0%B8%A2","200","0","https://amphon.co.th/%E0%B8%A3%E0%B8%B1%E0%B8%9A%E0%B8%8B%E0%B8%B7%E0%B9%89%E0%B8%AD/%E0%B8%A3%E0%B8%B1%E0%B8%9A%E0%B8%8B%E0%B8%B7%E0%B9%89%E0%B8%AD%E0%B8%AD%E0%B8%B8%E0%B8%9B%E0%B8%81%E0%B8%A3%E0%B8%93%E0%B9%8C%E0%B8%84%E0%B8%AD%E0%B8%A1%E0%B8%9E%E0%B8%B4%E0%B8%A7%E0%B9%80%E0%B8%95%E0%B8%AD%E0%B8%A3%E0%B9%8C-%E0%B8%AB%E0%B8%99%E0%B8%AD%E0%B8%87%E0%B8%84%E0%B8%B2%E0%B8%A2","https://amphon.co.th/รับซื้อ/รับซื้ออุปกรณ์คอมพิวเตอร์-หนองคาย","Yes","PASS",""
"https://amphon.co.th/%E0%B8%A3%E0%B8%B1%E0%B8%9A%E0%B8%8B%E0%B8%B7%E0%B9%89%E0%B8%AD/%E0%B8%A3%E0%B8%B1%E0%B8%9A%E0%B8%8B%E0%B8%B7%E0%B9%89%E0%B8%AD%E0%B8%AD%E0%B8%B8%E0%B8%9B%E0%B8%81%E0%B8%A3%E0%B8%93%E0%B9%8C%E0%B8%84%E0%B8%AD%E0%B8%A1%E0%B8%9E%E0%B8%B4%E0%B8%A7%E0%B9%80%E0%B8%95%E0%B8%AD%E0%B8%A3%E0%B9%8C-%E0%B8%AD%E0%B8%B3%E0%B8%99%E0%B8%B2%E0%B8%88%E0%B9%80%E0%B8%88%E0%B8%A3%E0%B8%B4%E0%B8%8D","200","0","https://amphon.co.th/%E0%B8%A3%E0%B8%B1%E0%B8%9A%E0%B8%8B%E0%B8%B7%E0%B9%89%E0%B8%AD/%E0%B8%A3%E0%B8%B1%E0%B8%9A%E0%B8%8B%E0%B8%B7%E0%B9%89%E0%B8%AD%E0%B8%AD%E0%B8%B8%E0%B8%9B%E0%B8%81%E0%B8%A3%E0%B8%93%E0%B9%8C%E0%B8%84%E0%B8%AD%E0%B8%A1%E0%B8%9E%E0%B8%B4%E0%B8%A7%E0%B9%80%E0%B8%95%E0%B8%AD%E0%B8%A3%E0%B9%8C-%E0%B8%AD%E0%B8%B3%E0%B8%99%E0%B8%B2%E0%B8%88%E0%B9%80%E0%B8%88%E0%B8%A3%E0%B8%B4%E0%B8%8D","https://amphon.co.th/รับซื้อ/รับซื้ออุปกรณ์คอมพิวเตอร์-อำนาจเจริญ","Yes","PASS",""
"https://amphon.co.th/%E0%B8%A3%E0%B8%B1%E0%B8%9A%E0%B8%8B%E0%B8%B7%E0%B9%89%E0%B8%AD/%E0%B8%A3%E0%B8%B1%E0%B8%9A%E0%B8%8B%E0%B8%B7%E0%B9%89%E0%B8%AD%E0%B8%AD%E0%B8%B8%E0%B8%9B%E0%B8%81%E0%B8%A3%E0%B8%93%E0%B9%8C%E0%B8%84%E0%B8%AD%E0%B8%A1%E0%B8%9E%E0%B8%B4%E0%B8%A7%E0%B9%80%E0%B8%95%E0%B8%AD%E0%B8%A3%E0%B9%8C-%E0%B8%AD%E0%B8%B8%E0%B8%9A%E0%B8%A5%E0%B8%A3%E0%B8%B2%E0%B8%8A%E0%B8%98%E0%B8%B2%E0%B8%99%E0%B8%B5","200","0","https://amphon.co.th/%E0%B8%A3%E0%B8%B1%E0%B8%9A%E0%B8%8B%E0%B8%B7%E0%B9%89%E0%B8%AD/%E0%B8%A3%E0%B8%B1%E0%B8%9A%E0%B8%8B%E0%B8%B7%E0%B9%89%E0%B8%AD%E0%B8%AD%E0%B8%B8%E0%B8%9B%E0%B8%81%E0%B8%A3%E0%B8%93%E0%B9%8C%E0%B8%84%E0%B8%AD%E0%B8%A1%E0%B8%9E%E0%B8%B4%E0%B8%A7%E0%B9%80%E0%B8%95%E0%B8%AD%E0%B8%A3%E0%B9%8C-%E0%B8%AD%E0%B8%B8%E0%B8%9A%E0%B8%A5%E0%B8%A3%E0%B8%B2%E0%B8%8A%E0%B8%98%E0%B8%B2%E0%B8%99%E0%B8%B5","https://amphon.co.th/รับซื้อ/รับซื้ออุปกรณ์คอมพิวเตอร์-อุบลราชธานี","Yes","PASS",""
"https://amphon.co.th/%E0%B8%A3%E0%B8%B1%E0%B8%9A%E0%B8%8B%E0%B8%B7%E0%B9%89%E0%B8%AD/%E0%B8%A3%E0%B8%B1%E0%B8%9A%E0%B8%8B%E0%B8%B7%E0%B9%89%E0%B8%AD%E0%B8%AD%E0%B8%B8%E0%B8%9B%E0%B8%81%E0%B8%A3%E0%B8%93%E0%B9%8C%E0%B8%84%E0%B8%AD%E0%B8%A1%E0%B8%9E%E0%B8%B4%E0%B8%A7%E0%B9%80%E0%B8%95%E0%B8%AD%E0%B8%A3%E0%B9%8C-%E0%B8%AD%E0%B8%B8%E0%B8%94%E0%B8%A3%E0%B8%98%E0%B8%B2%E0%B8%99%E0%B8%B5","200","0","https://amphon.co.th/%E0%B8%A3%E0%B8%B1%E0%B8%9A%E0%B8%8B%E0%B8%B7%E0%B9%89%E0%B8%AD/%E0%B8%A3%E0%B8%B1%E0%B8%9A%E0%B8%8B%E0%B8%B7%E0%B9%89%E0%B8%AD%E0%B8%AD%E0%B8%B8%E0%B8%9B%E0%B8%81%E0%B8%A3%E0%B8%93%E0%B9%8C%E0%B8%84%E0%B8%AD%E0%B8%A1%E0%B8%9E%E0%B8%B4%E0%B8%A7%E0%B9%80%E0%B8%95%E0%B8%AD%E0%B8%A3%E0%B9%8C-%E0%B8%AD%E0%B8%B8%E0%B8%94%E0%B8%A3%E0%B8%98%E0%B8%B2%E0%B8%99%E0%B8%B5","https://amphon.co.th/รับซื้อ/รับซื้ออุปกรณ์คอมพิวเตอร์-อุดรธานี","Yes","PASS",""
"https://amphon.co.th/%E0%B8%A3%E0%B8%B1%E0%B8%9A%E0%B8%8B%E0%B8%B7%E0%B9%89%E0%B8%AD/%E0%B8%A3%E0%B8%B1%E0%B8%9A%E0%B8%8B%E0%B8%B7%E0%B9%89%E0%B8%AD%E0%B8%AD%E0%B8%B8%E0%B8%9B%E0%B8%81%E0%B8%A3%E0%B8%93%E0%B9%8C%E0%B8%84%E0%B8%AD%E0%B8%A1%E0%B8%9E%E0%B8%B4%E0%B8%A7%E0%B9%80%E0%B8%95%E0%B8%AD%E0%B8%A3%E0%B9%8C-%E0%B9%80%E0%B8%A5%E0%B8%A2","200","0","https://amphon.co.th/%E0%B8%A3%E0%B8%B1%E0%B8%9A%E0%B8%8B%E0%B8%B7%E0%B9%89%E0%B8%AD/%E0%B8%A3%E0%B8%B1%E0%B8%9A%E0%B8%8B%E0%B8%B7%E0%B9%89%E0%B8%AD%E0%B8%AD%E0%B8%B8%E0%B8%9B%E0%B8%81%E0%B8%A3%E0%B8%93%E0%B9%8C%E0%B8%84%E0%B8%AD%E0%B8%A1%E0%B8%9E%E0%B8%B4%E0%B8%A7%E0%B9%80%E0%B8%95%E0%B8%AD%E0%B8%A3%E0%B9%8C-%E0%B9%80%E0%B8%A5%E0%B8%A2","https://amphon.co.th/รับซื้อ/รับซื้ออุปกรณ์คอมพิวเตอร์-เลย","Yes","PASS",""
"https://amphon.co.th/%E0%B8%A3%E0%B8%B1%E0%B8%9A%E0%B8%8B%E0%B8%B7%E0%B9%89%E0%B8%AD/%E0%B8%A3%E0%B8%B1%E0%B8%9A%E0%B8%8B%E0%B8%B7%E0%B9%89%E0%B8%AD%E0%B8%AD%E0%B8%B8%E0%B8%9B%E0%B8%81%E0%B8%A3%E0%B8%93%E0%B9%8C%E0%B9%84%E0%B8%AD%E0%B8%97%E0%B8%B5-%E0%B8%8A%E0%B8%B1%E0%B8%A2%E0%B8%A0%E0%B8%B9%E0%B8%A1%E0%B8%B4","200","0","https://amphon.co.th/%E0%B8%A3%E0%B8%B1%E0%B8%9A%E0%B8%8B%E0%B8%B7%E0%B9%89%E0%B8%AD/%E0%B8%A3%E0%B8%B1%E0%B8%9A%E0%B8%8B%E0%B8%B7%E0%B9%89%E0%B8%AD%E0%B8%AD%E0%B8%B8%E0%B8%9B%E0%B8%81%E0%B8%A3%E0%B8%93%E0%B9%8C%E0%B9%84%E0%B8%AD%E0%B8%97%E0%B8%B5-%E0%B8%8A%E0%B8%B1%E0%B8%A2%E0%B8%A0%E0%B8%B9%E0%B8%A1%E0%B8%B4","https://amphon.co.th/รับซื้อ/รับซื้ออุปกรณ์ไอที-ชัยภูมิ","Yes","PASS",""
"https://amphon.co.th/%E0%B8%A3%E0%B8%B1%E0%B8%9A%E0%B8%8B%E0%B8%B7%E0%B9%89%E0%B8%AD/%E0%B8%A3%E0%B8%B1%E0%B8%9A%E0%B8%8B%E0%B8%B7%E0%B9%89%E0%B8%AD%E0%B8%AD%E0%B8%B8%E0%B8%9B%E0%B8%81%E0%B8%A3%E0%B8%93%E0%B9%8C%E0%B9%84%E0%B8%AD%E0%B8%97%E0%B8%B5-%E0%B8%9A%E0%B8%B6%E0%B8%87%E0%B8%81%E0%B8%B2%E0%B8%AC","200","0","https://amphon.co.th/%E0%B8%A3%E0%B8%B1%E0%B8%9A%E0%B8%8B%E0%B8%B7%E0%B9%89%E0%B8%AD/%E0%B8%A3%E0%B8%B1%E0%B8%9A%E0%B8%8B%E0%B8%B7%E0%B9%89%E0%B8%AD%E0%B8%AD%E0%B8%B8%E0%B8%9B%E0%B8%81%E0%B8%A3%E0%B8%93%E0%B9%8C%E0%B9%84%E0%B8%AD%E0%B8%97%E0%B8%B5-%E0%B8%9A%E0%B8%B6%E0%B8%87%E0%B8%81%E0%B8%B2%E0%B8%AC","https://amphon.co.th/รับซื้อ/รับซื้ออุปกรณ์ไอที-บึงกาฬ","Yes","PASS",""
"https://amphon.co.th/%E0%B8%A3%E0%B8%B1%E0%B8%9A%E0%B8%8B%E0%B8%B7%E0%B9%89%E0%B8%AD/%E0%B8%A3%E0%B8%B1%E0%B8%9A%E0%B8%8B%E0%B8%B7%E0%B9%89%E0%B8%AD%E0%B8%AD%E0%B8%B8%E0%B8%9B%E0%B8%81%E0%B8%A3%E0%B8%93%E0%B9%8C%E0%B9%84%E0%B8%AD%E0%B8%97%E0%B8%B5-%E0%B8%9A%E0%B8%B8%E0%B8%A3%E0%B8%B5%E0%B8%A3%E0%B8%B1%E0%B8%A1%E0%B8%A2%E0%B9%8C","200","0","https://amphon.co.th/%E0%B8%A3%E0%B8%B1%E0%B8%9A%E0%B8%8B%E0%B8%B7%E0%B9%89%E0%B8%AD/%E0%B8%A3%E0%B8%B1%E0%B8%9A%E0%B8%8B%E0%B8%B7%E0%B9%89%E0%B8%AD%E0%B8%AD%E0%B8%B8%E0%B8%9B%E0%B8%81%E0%B8%A3%E0%B8%93%E0%B9%8C%E0%B9%84%E0%B8%AD%E0%B8%97%E0%B8%B5-%E0%B8%9A%E0%B8%B8%E0%B8%A3%E0%B8%B5%E0%B8%A3%E0%B8%B1%E0%B8%A1%E0%B8%A2%E0%B9%8C","https://amphon.co.th/รับซื้อ/รับซื้ออุปกรณ์ไอที-บุรีรัมย์","Yes","PASS",""
"https://amphon.co.th/%E0%B8%A3%E0%B8%B1%E0%B8%9A%E0%B8%8B%E0%B8%B7%E0%B9%89%E0%B8%AD/%E0%B8%A3%E0%B8%B1%E0%B8%9A%E0%B8%8B%E0%B8%B7%E0%B9%89%E0%B8%AD%E0%B8%AD%E0%B8%B8%E0%B8%9B%E0%B8%81%E0%B8%A3%E0%B8%93%E0%B9%8C%E0%B9%84%E0%B8%AD%E0%B8%97%E0%B8%B5-%E0%B8%81%E0%B8%B2%E0%B8%AC%E0%B8%AA%E0%B8%B4%E0%B8%99%E0%B8%98%E0%B8%B8%E0%B9%8C","200","0","https://amphon.co.th/%E0%B8%A3%E0%B8%B1%E0%B8%9A%E0%B8%8B%E0%B8%B7%E0%B9%89%E0%B8%AD/%E0%B8%A3%E0%B8%B1%E0%B8%9A%E0%B8%8B%E0%B8%B7%E0%B9%89%E0%B8%AD%E0%B8%AD%E0%B8%B8%E0%B8%9B%E0%B8%81%E0%B8%A3%E0%B8%93%E0%B9%8C%E0%B9%84%E0%B8%AD%E0%B8%97%E0%B8%B5-%E0%B8%81%E0%B8%B2%E0%B8%AC%E0%B8%AA%E0%B8%B4%E0%B8%99%E0%B8%98%E0%B8%B8%E0%B9%8C","https://amphon.co.th/รับซื้อ/รับซื้ออุปกรณ์ไอที-กาฬสินธุ์","Yes","PASS",""
"https://amphon.co.th/%E0%B8%A3%E0%B8%B1%E0%B8%9A%E0%B8%8B%E0%B8%B7%E0%B9%89%E0%B8%AD/%E0%B8%A3%E0%B8%B1%E0%B8%9A%E0%B8%8B%E0%B8%B7%E0%B9%89%E0%B8%AD%E0%B8%AD%E0%B8%B8%E0%B8%9B%E0%B8%81%E0%B8%A3%E0%B8%93%E0%B9%8C%E0%B9%84%E0%B8%AD%E0%B8%97%E0%B8%B5-%E0%B8%82%E0%B8%AD%E0%B8%99%E0%B9%81%E0%B8%81%E0%B9%88%E0%B8%99","200","0","https://amphon.co.th/%E0%B8%A3%E0%B8%B1%E0%B8%9A%E0%B8%8B%E0%B8%B7%E0%B9%89%E0%B8%AD/%E0%B8%A3%E0%B8%B1%E0%B8%9A%E0%B8%8B%E0%B8%B7%E0%B9%89%E0%B8%AD%E0%B8%AD%E0%B8%B8%E0%B8%9B%E0%B8%81%E0%B8%A3%E0%B8%93%E0%B9%8C%E0%B9%84%E0%B8%AD%E0%B8%97%E0%B8%B5-%E0%B8%82%E0%B8%AD%E0%B8%99%E0%B9%81%E0%B8%81%E0%B9%88%E0%B8%99","https://amphon.co.th/รับซื้อ/รับซื้ออุปกรณ์ไอที-ขอนแก่น","Yes","PASS",""
"https://amphon.co.th/%E0%B8%A3%E0%B8%B1%E0%B8%9A%E0%B8%8B%E0%B8%B7%E0%B9%89%E0%B8%AD/%E0%B8%A3%E0%B8%B1%E0%B8%9A%E0%B8%8B%E0%B8%B7%E0%B9%89%E0%B8%AD%E0%B8%AD%E0%B8%B8%E0%B8%9B%E0%B8%81%E0%B8%A3%E0%B8%93%E0%B9%8C%E0%B9%84%E0%B8%AD%E0%B8%97%E0%B8%B5-%E0%B8%99%E0%B8%84%E0%B8%A3%E0%B8%9E%E0%B8%99%E0%B8%A1","200","0","https://amphon.co.th/%E0%B8%A3%E0%B8%B1%E0%B8%9A%E0%B8%8B%E0%B8%B7%E0%B9%89%E0%B8%AD/%E0%B8%A3%E0%B8%B1%E0%B8%9A%E0%B8%8B%E0%B8%B7%E0%B9%89%E0%B8%AD%E0%B8%AD%E0%B8%B8%E0%B8%9B%E0%B8%81%E0%B8%A3%E0%B8%93%E0%B9%8C%E0%B9%84%E0%B8%AD%E0%B8%97%E0%B8%B5-%E0%B8%99%E0%B8%84%E0%B8%A3%E0%B8%9E%E0%B8%99%E0%B8%A1","https://amphon.co.th/รับซื้อ/รับซื้ออุปกรณ์ไอที-นครพนม","Yes","PASS",""
"https://amphon.co.th/%E0%B8%A3%E0%B8%B1%E0%B8%9A%E0%B8%8B%E0%B8%B7%E0%B9%89%E0%B8%AD/%E0%B8%A3%E0%B8%B1%E0%B8%9A%E0%B8%8B%E0%B8%B7%E0%B9%89%E0%B8%AD%E0%B8%AD%E0%B8%B8%E0%B8%9B%E0%B8%81%E0%B8%A3%E0%B8%93%E0%B9%8C%E0%B9%84%E0%B8%AD%E0%B8%97%E0%B8%B5-%E0%B8%99%E0%B8%84%E0%B8%A3%E0%B8%A3%E0%B8%B2%E0%B8%8A%E0%B8%AA%E0%B8%B5%E0%B8%A1%E0%B8%B2","200","0","https://amphon.co.th/%E0%B8%A3%E0%B8%B1%E0%B8%9A%E0%B8%8B%E0%B8%B7%E0%B9%89%E0%B8%AD/%E0%B8%A3%E0%B8%B1%E0%B8%9A%E0%B8%8B%E0%B8%B7%E0%B9%89%E0%B8%AD%E0%B8%AD%E0%B8%B8%E0%B8%9B%E0%B8%81%E0%B8%A3%E0%B8%93%E0%B9%8C%E0%B9%84%E0%B8%AD%E0%B8%97%E0%B8%B5-%E0%B8%99%E0%B8%84%E0%B8%A3%E0%B8%A3%E0%B8%B2%E0%B8%8A%E0%B8%AA%E0%B8%B5%E0%B8%A1%E0%B8%B2","https://amphon.co.th/รับซื้อ/รับซื้ออุปกรณ์ไอที-นครราชสีมา","Yes","PASS",""
"https://amphon.co.th/%E0%B8%A3%E0%B8%B1%E0%B8%9A%E0%B8%8B%E0%B8%B7%E0%B9%89%E0%B8%AD/%E0%B8%A3%E0%B8%B1%E0%B8%9A%E0%B8%8B%E0%B8%B7%E0%B9%89%E0%B8%AD%E0%B8%AD%E0%B8%B8%E0%B8%9B%E0%B8%81%E0%B8%A3%E0%B8%93%E0%B9%8C%E0%B9%84%E0%B8%AD%E0%B8%97%E0%B8%B5-%E0%B8%A1%E0%B8%AB%E0%B8%B2%E0%B8%AA%E0%B8%B2%E0%B8%A3%E0%B8%84%E0%B8%B2%E0%B8%A1","200","0","https://amphon.co.th/%E0%B8%A3%E0%B8%B1%E0%B8%9A%E0%B8%8B%E0%B8%B7%E0%B9%89%E0%B8%AD/%E0%B8%A3%E0%B8%B1%E0%B8%9A%E0%B8%8B%E0%B8%B7%E0%B9%89%E0%B8%AD%E0%B8%AD%E0%B8%B8%E0%B8%9B%E0%B8%81%E0%B8%A3%E0%B8%93%E0%B9%8C%E0%B9%84%E0%B8%AD%E0%B8%97%E0%B8%B5-%E0%B8%A1%E0%B8%AB%E0%B8%B2%E0%B8%AA%E0%B8%B2%E0%B8%A3%E0%B8%84%E0%B8%B2%E0%B8%A1","https://amphon.co.th/รับซื้อ/รับซื้ออุปกรณ์ไอที-มหาสารคาม","Yes","PASS",""
"https://amphon.co.th/%E0%B8%A3%E0%B8%B1%E0%B8%9A%E0%B8%8B%E0%B8%B7%E0%B9%89%E0%B8%AD/%E0%B8%A3%E0%B8%B1%E0%B8%9A%E0%B8%8B%E0%B8%B7%E0%B9%89%E0%B8%AD%E0%B8%AD%E0%B8%B8%E0%B8%9B%E0%B8%81%E0%B8%A3%E0%B8%93%E0%B9%8C%E0%B9%84%E0%B8%AD%E0%B8%97%E0%B8%B5-%E0%B8%A1%E0%B8%B8%E0%B8%81%E0%B8%94%E0%B8%B2%E0%B8%AB%E0%B8%B2%E0%B8%A3","200","0","https://amphon.co.th/%E0%B8%A3%E0%B8%B1%E0%B8%9A%E0%B8%8B%E0%B8%B7%E0%B9%89%E0%B8%AD/%E0%B8%A3%E0%B8%B1%E0%B8%9A%E0%B8%8B%E0%B8%B7%E0%B9%89%E0%B8%AD%E0%B8%AD%E0%B8%B8%E0%B8%9B%E0%B8%81%E0%B8%A3%E0%B8%93%E0%B9%8C%E0%B9%84%E0%B8%AD%E0%B8%97%E0%B8%B5-%E0%B8%A1%E0%B8%B8%E0%B8%81%E0%B8%94%E0%B8%B2%E0%B8%AB%E0%B8%B2%E0%B8%A3","https://amphon.co.th/รับซื้อ/รับซื้ออุปกรณ์ไอที-มุกดาหาร","Yes","PASS",""
"https://amphon.co.th/%E0%B8%A3%E0%B8%B1%E0%B8%9A%E0%B8%8B%E0%B8%B7%E0%B9%89%E0%B8%AD/%E0%B8%A3%E0%B8%B1%E0%B8%9A%E0%B8%8B%E0%B8%B7%E0%B9%89%E0%B8%AD%E0%B8%AD%E0%B8%B8%E0%B8%9B%E0%B8%81%E0%B8%A3%E0%B8%93%E0%B9%8C%E0%B9%84%E0%B8%AD%E0%B8%97%E0%B8%B5-%E0%B8%A2%E0%B9%82%E0%B8%AA%E0%B8%98%E0%B8%A3","200","0","https://amphon.co.th/%E0%B8%A3%E0%B8%B1%E0%B8%9A%E0%B8%8B%E0%B8%B7%E0%B9%89%E0%B8%AD/%E0%B8%A3%E0%B8%B1%E0%B8%9A%E0%B8%8B%E0%B8%B7%E0%B9%89%E0%B8%AD%E0%B8%AD%E0%B8%B8%E0%B8%9B%E0%B8%81%E0%B8%A3%E0%B8%93%E0%B9%8C%E0%B9%84%E0%B8%AD%E0%B8%97%E0%B8%B5-%E0%B8%A2%E0%B9%82%E0%B8%AA%E0%B8%98%E0%B8%A3","https://amphon.co.th/รับซื้อ/รับซื้ออุปกรณ์ไอที-ยโสธร","Yes","PASS",""
"https://amphon.co.th/%E0%B8%A3%E0%B8%B1%E0%B8%9A%E0%B8%8B%E0%B8%B7%E0%B9%89%E0%B8%AD/%E0%B8%A3%E0%B8%B1%E0%B8%9A%E0%B8%8B%E0%B8%B7%E0%B9%89%E0%B8%AD%E0%B8%AD%E0%B8%B8%E0%B8%9B%E0%B8%81%E0%B8%A3%E0%B8%93%E0%B9%8C%E0%B9%84%E0%B8%AD%E0%B8%97%E0%B8%B5-%E0%B8%A3%E0%B9%89%E0%B8%AD%E0%B8%A2%E0%B9%80%E0%B8%AD%E0%B9%87%E0%B8%94","200","0","https://amphon.co.th/%E0%B8%A3%E0%B8%B1%E0%B8%9A%E0%B8%8B%E0%B8%B7%E0%B9%89%E0%B8%AD/%E0%B8%A3%E0%B8%B1%E0%B8%9A%E0%B8%8B%E0%B8%B7%E0%B9%89%E0%B8%AD%E0%B8%AD%E0%B8%B8%E0%B8%9B%E0%B8%81%E0%B8%A3%E0%B8%93%E0%B9%8C%E0%B9%84%E0%B8%AD%E0%B8%97%E0%B8%B5-%E0%B8%A3%E0%B9%89%E0%B8%AD%E0%B8%A2%E0%B9%80%E0%B8%AD%E0%B9%87%E0%B8%94","https://amphon.co.th/รับซื้อ/รับซื้ออุปกรณ์ไอที-ร้อยเอ็ด","Yes","PASS",""
"https://amphon.co.th/%E0%B8%A3%E0%B8%B1%E0%B8%9A%E0%B8%8B%E0%B8%B7%E0%B9%89%E0%B8%AD/%E0%B8%A3%E0%B8%B1%E0%B8%9A%E0%B8%8B%E0%B8%B7%E0%B9%89%E0%B8%AD%E0%B8%AD%E0%B8%B8%E0%B8%9B%E0%B8%81%E0%B8%A3%E0%B8%93%E0%B9%8C%E0%B9%84%E0%B8%AD%E0%B8%97%E0%B8%B5-%E0%B8%A8%E0%B8%A3%E0%B8%B5%E0%B8%AA%E0%B8%B0%E0%B9%80%E0%B8%81%E0%B8%A9","200","0","https://amphon.co.th/%E0%B8%A3%E0%B8%B1%E0%B8%9A%E0%B8%8B%E0%B8%B7%E0%B9%89%E0%B8%AD/%E0%B8%A3%E0%B8%B1%E0%B8%9A%E0%B8%8B%E0%B8%B7%E0%B9%89%E0%B8%AD%E0%B8%AD%E0%B8%B8%E0%B8%9B%E0%B8%81%E0%B8%A3%E0%B8%93%E0%B9%8C%E0%B9%84%E0%B8%AD%E0%B8%97%E0%B8%B5-%E0%B8%A8%E0%B8%A3%E0%B8%B5%E0%B8%AA%E0%B8%B0%E0%B9%80%E0%B8%81%E0%B8%A9","https://amphon.co.th/รับซื้อ/รับซื้ออุปกรณ์ไอที-ศรีสะเกษ","Yes","PASS",""
"https://amphon.co.th/%E0%B8%A3%E0%B8%B1%E0%B8%9A%E0%B8%8B%E0%B8%B7%E0%B9%89%E0%B8%AD/%E0%B8%A3%E0%B8%B1%E0%B8%9A%E0%B8%8B%E0%B8%B7%E0%B9%89%E0%B8%AD%E0%B8%AD%E0%B8%B8%E0%B8%9B%E0%B8%81%E0%B8%A3%E0%B8%93%E0%B9%8C%E0%B9%84%E0%B8%AD%E0%B8%97%E0%B8%B5-%E0%B8%AA%E0%B8%81%E0%B8%A5%E0%B8%99%E0%B8%84%E0%B8%A3","200","0","https://amphon.co.th/%E0%B8%A3%E0%B8%B1%E0%B8%9A%E0%B8%8B%E0%B8%B7%E0%B9%89%E0%B8%AD/%E0%B8%A3%E0%B8%B1%E0%B8%9A%E0%B8%8B%E0%B8%B7%E0%B9%89%E0%B8%AD%E0%B8%AD%E0%B8%B8%E0%B8%9B%E0%B8%81%E0%B8%A3%E0%B8%93%E0%B9%8C%E0%B9%84%E0%B8%AD%E0%B8%97%E0%B8%B5-%E0%B8%AA%E0%B8%81%E0%B8%A5%E0%B8%99%E0%B8%84%E0%B8%A3","https://amphon.co.th/รับซื้อ/รับซื้ออุปกรณ์ไอที-สกลนคร","Yes","PASS",""
"https://amphon.co.th/%E0%B8%A3%E0%B8%B1%E0%B8%9A%E0%B8%8B%E0%B8%B7%E0%B9%89%E0%B8%AD/%E0%B8%A3%E0%B8%B1%E0%B8%9A%E0%B8%8B%E0%B8%B7%E0%B9%89%E0%B8%AD%E0%B8%AD%E0%B8%B8%E0%B8%9B%E0%B8%81%E0%B8%A3%E0%B8%93%E0%B9%8C%E0%B9%84%E0%B8%AD%E0%B8%97%E0%B8%B5-%E0%B8%AA%E0%B8%B8%E0%B8%A3%E0%B8%B4%E0%B8%99%E0%B8%97%E0%B8%A3%E0%B9%8C","200","0","https://amphon.co.th/%E0%B8%A3%E0%B8%B1%E0%B8%9A%E0%B8%8B%E0%B8%B7%E0%B9%89%E0%B8%AD/%E0%B8%A3%E0%B8%B1%E0%B8%9A%E0%B8%8B%E0%B8%B7%E0%B9%89%E0%B8%AD%E0%B8%AD%E0%B8%B8%E0%B8%9B%E0%B8%81%E0%B8%A3%E0%B8%93%E0%B9%8C%E0%B9%84%E0%B8%AD%E0%B8%97%E0%B8%B5-%E0%B8%AA%E0%B8%B8%E0%B8%A3%E0%B8%B4%E0%B8%99%E0%B8%97%E0%B8%A3%E0%B9%8C","https://amphon.co.th/รับซื้อ/รับซื้ออุปกรณ์ไอที-สุรินทร์","Yes","PASS",""
"https://amphon.co.th/%E0%B8%A3%E0%B8%B1%E0%B8%9A%E0%B8%8B%E0%B8%B7%E0%B9%89%E0%B8%AD/%E0%B8%A3%E0%B8%B1%E0%B8%9A%E0%B8%8B%E0%B8%B7%E0%B9%89%E0%B8%AD%E0%B8%AD%E0%B8%B8%E0%B8%9B%E0%B8%81%E0%B8%A3%E0%B8%93%E0%B9%8C%E0%B9%84%E0%B8%AD%E0%B8%97%E0%B8%B5-%E0%B8%AB%E0%B8%99%E0%B8%AD%E0%B8%87%E0%B8%9A%E0%B8%B1%E0%B8%A7%E0%B8%A5%E0%B8%B3%E0%B8%A0%E0%B8%B9","200","0","https://amphon.co.th/%E0%B8%A3%E0%B8%B1%E0%B8%9A%E0%B8%8B%E0%B8%B7%E0%B9%89%E0%B8%AD/%E0%B8%A3%E0%B8%B1%E0%B8%9A%E0%B8%8B%E0%B8%B7%E0%B9%89%E0%B8%AD%E0%B8%AD%E0%B8%B8%E0%B8%9B%E0%B8%81%E0%B8%A3%E0%B8%93%E0%B9%8C%E0%B9%84%E0%B8%AD%E0%B8%97%E0%B8%B5-%E0%B8%AB%E0%B8%99%E0%B8%AD%E0%B8%87%E0%B8%9A%E0%B8%B1%E0%B8%A7%E0%B8%A5%E0%B8%B3%E0%B8%A0%E0%B8%B9","https://amphon.co.th/รับซื้อ/รับซื้ออุปกรณ์ไอที-หนองบัวลำภู","Yes","PASS",""
"https://amphon.co.th/%E0%B8%A3%E0%B8%B1%E0%B8%9A%E0%B8%8B%E0%B8%B7%E0%B9%89%E0%B8%AD/%E0%B8%A3%E0%B8%B1%E0%B8%9A%E0%B8%8B%E0%B8%B7%E0%B9%89%E0%B8%AD%E0%B8%AD%E0%B8%B8%E0%B8%9B%E0%B8%81%E0%B8%A3%E0%B8%93%E0%B9%8C%E0%B9%84%E0%B8%AD%E0%B8%97%E0%B8%B5-%E0%B8%AB%E0%B8%99%E0%B8%AD%E0%B8%87%E0%B8%84%E0%B8%B2%E0%B8%A2","200","0","https://amphon.co.th/%E0%B8%A3%E0%B8%B1%E0%B8%9A%E0%B8%8B%E0%B8%B7%E0%B9%89%E0%B8%AD/%E0%B8%A3%E0%B8%B1%E0%B8%9A%E0%B8%8B%E0%B8%B7%E0%B9%89%E0%B8%AD%E0%B8%AD%E0%B8%B8%E0%B8%9B%E0%B8%81%E0%B8%A3%E0%B8%93%E0%B9%8C%E0%B9%84%E0%B8%AD%E0%B8%97%E0%B8%B5-%E0%B8%AB%E0%B8%99%E0%B8%AD%E0%B8%87%E0%B8%84%E0%B8%B2%E0%B8%A2","https://amphon.co.th/รับซื้อ/รับซื้ออุปกรณ์ไอที-หนองคาย","Yes","PASS",""
"https://amphon.co.th/%E0%B8%A3%E0%B8%B1%E0%B8%9A%E0%B8%8B%E0%B8%B7%E0%B9%89%E0%B8%AD/%E0%B8%A3%E0%B8%B1%E0%B8%9A%E0%B8%8B%E0%B8%B7%E0%B9%89%E0%B8%AD%E0%B8%AD%E0%B8%B8%E0%B8%9B%E0%B8%81%E0%B8%A3%E0%B8%93%E0%B9%8C%E0%B9%84%E0%B8%AD%E0%B8%97%E0%B8%B5-%E0%B8%AD%E0%B8%B3%E0%B8%99%E0%B8%B2%E0%B8%88%E0%B9%80%E0%B8%88%E0%B8%A3%E0%B8%B4%E0%B8%8D","200","0","https://amphon.co.th/%E0%B8%A3%E0%B8%B1%E0%B8%9A%E0%B8%8B%E0%B8%B7%E0%B9%89%E0%B8%AD/%E0%B8%A3%E0%B8%B1%E0%B8%9A%E0%B8%8B%E0%B8%B7%E0%B9%89%E0%B8%AD%E0%B8%AD%E0%B8%B8%E0%B8%9B%E0%B8%81%E0%B8%A3%E0%B8%93%E0%B9%8C%E0%B9%84%E0%B8%AD%E0%B8%97%E0%B8%B5-%E0%B8%AD%E0%B8%B3%E0%B8%99%E0%B8%B2%E0%B8%88%E0%B9%80%E0%B8%88%E0%B8%A3%E0%B8%B4%E0%B8%8D","https://amphon.co.th/รับซื้อ/รับซื้ออุปกรณ์ไอที-อำนาจเจริญ","Yes","PASS",""
"https://amphon.co.th/%E0%B8%A3%E0%B8%B1%E0%B8%9A%E0%B8%8B%E0%B8%B7%E0%B9%89%E0%B8%AD/%E0%B8%A3%E0%B8%B1%E0%B8%9A%E0%B8%8B%E0%B8%B7%E0%B9%89%E0%B8%AD%E0%B8%AD%E0%B8%B8%E0%B8%9B%E0%B8%81%E0%B8%A3%E0%B8%93%E0%B9%8C%E0%B9%84%E0%B8%AD%E0%B8%97%E0%B8%B5-%E0%B8%AD%E0%B8%B8%E0%B8%9A%E0%B8%A5%E0%B8%A3%E0%B8%B2%E0%B8%8A%E0%B8%98%E0%B8%B2%E0%B8%99%E0%B8%B5","200","0","https://amphon.co.th/%E0%B8%A3%E0%B8%B1%E0%B8%9A%E0%B8%8B%E0%B8%B7%E0%B9%89%E0%B8%AD/%E0%B8%A3%E0%B8%B1%E0%B8%9A%E0%B8%8B%E0%B8%B7%E0%B9%89%E0%B8%AD%E0%B8%AD%E0%B8%B8%E0%B8%9B%E0%B8%81%E0%B8%A3%E0%B8%93%E0%B9%8C%E0%B9%84%E0%B8%AD%E0%B8%97%E0%B8%B5-%E0%B8%AD%E0%B8%B8%E0%B8%9A%E0%B8%A5%E0%B8%A3%E0%B8%B2%E0%B8%8A%E0%B8%98%E0%B8%B2%E0%B8%99%E0%B8%B5","https://amphon.co.th/รับซื้อ/รับซื้ออุปกรณ์ไอที-อุบลราชธานี","Yes","PASS",""
"https://amphon.co.th/%E0%B8%A3%E0%B8%B1%E0%B8%9A%E0%B8%8B%E0%B8%B7%E0%B9%89%E0%B8%AD/%E0%B8%A3%E0%B8%B1%E0%B8%9A%E0%B8%8B%E0%B8%B7%E0%B9%89%E0%B8%AD%E0%B8%AD%E0%B8%B8%E0%B8%9B%E0%B8%81%E0%B8%A3%E0%B8%93%E0%B9%8C%E0%B9%84%E0%B8%AD%E0%B8%97%E0%B8%B5-%E0%B8%AD%E0%B8%B8%E0%B8%94%E0%B8%A3%E0%B8%98%E0%B8%B2%E0%B8%99%E0%B8%B5","200","0","https://amphon.co.th/%E0%B8%A3%E0%B8%B1%E0%B8%9A%E0%B8%8B%E0%B8%B7%E0%B9%89%E0%B8%AD/%E0%B8%A3%E0%B8%B1%E0%B8%9A%E0%B8%8B%E0%B8%B7%E0%B9%89%E0%B8%AD%E0%B8%AD%E0%B8%B8%E0%B8%9B%E0%B8%81%E0%B8%A3%E0%B8%93%E0%B9%8C%E0%B9%84%E0%B8%AD%E0%B8%97%E0%B8%B5-%E0%B8%AD%E0%B8%B8%E0%B8%94%E0%B8%A3%E0%B8%98%E0%B8%B2%E0%B8%99%E0%B8%B5","https://amphon.co.th/รับซื้อ/รับซื้ออุปกรณ์ไอที-อุดรธานี","Yes","PASS",""
"https://amphon.co.th/%E0%B8%A3%E0%B8%B1%E0%B8%9A%E0%B8%8B%E0%B8%B7%E0%B9%89%E0%B8%AD/%E0%B8%A3%E0%B8%B1%E0%B8%9A%E0%B8%8B%E0%B8%B7%E0%B9%89%E0%B8%AD%E0%B8%AD%E0%B8%B8%E0%B8%9B%E0%B8%81%E0%B8%A3%E0%B8%93%E0%B9%8C%E0%B9%84%E0%B8%AD%E0%B8%97%E0%B8%B5-%E0%B9%80%E0%B8%A5%E0%B8%A2","200","0","https://amphon.co.th/%E0%B8%A3%E0%B8%B1%E0%B8%9A%E0%B8%8B%E0%B8%B7%E0%B9%89%E0%B8%AD/%E0%B8%A3%E0%B8%B1%E0%B8%9A%E0%B8%8B%E0%B8%B7%E0%B9%89%E0%B8%AD%E0%B8%AD%E0%B8%B8%E0%B8%9B%E0%B8%81%E0%B8%A3%E0%B8%93%E0%B9%8C%E0%B9%84%E0%B8%AD%E0%B8%97%E0%B8%B5-%E0%B9%80%E0%B8%A5%E0%B8%A2","https://amphon.co.th/รับซื้อ/รับซื้ออุปกรณ์ไอที-เลย","Yes","PASS",""
"https://amphon.co.th/%E0%B8%A3%E0%B8%B1%E0%B8%9A%E0%B8%8B%E0%B8%B7%E0%B9%89%E0%B8%AD/%E0%B8%A3%E0%B8%B1%E0%B8%9A%E0%B8%8B%E0%B8%B7%E0%B9%89%E0%B8%AD%E0%B9%80%E0%B8%9F%E0%B8%AD%E0%B8%A3%E0%B9%8C%E0%B8%99%E0%B8%B4%E0%B9%80%E0%B8%88%E0%B8%AD%E0%B8%A3%E0%B9%8C-%E0%B8%8A%E0%B8%B1%E0%B8%A2%E0%B8%A0%E0%B8%B9%E0%B8%A1%E0%B8%B4","200","0","https://amphon.co.th/%E0%B8%A3%E0%B8%B1%E0%B8%9A%E0%B8%8B%E0%B8%B7%E0%B9%89%E0%B8%AD/%E0%B8%A3%E0%B8%B1%E0%B8%9A%E0%B8%8B%E0%B8%B7%E0%B9%89%E0%B8%AD%E0%B9%80%E0%B8%9F%E0%B8%AD%E0%B8%A3%E0%B9%8C%E0%B8%99%E0%B8%B4%E0%B9%80%E0%B8%88%E0%B8%AD%E0%B8%A3%E0%B9%8C-%E0%B8%8A%E0%B8%B1%E0%B8%A2%E0%B8%A0%E0%B8%B9%E0%B8%A1%E0%B8%B4","https://amphon.co.th/รับซื้อ/รับซื้อเฟอร์นิเจอร์-ชัยภูมิ","Yes","PASS",""
"https://amphon.co.th/%E0%B8%A3%E0%B8%B1%E0%B8%9A%E0%B8%8B%E0%B8%B7%E0%B9%89%E0%B8%AD/%E0%B8%A3%E0%B8%B1%E0%B8%9A%E0%B8%8B%E0%B8%B7%E0%B9%89%E0%B8%AD%E0%B9%80%E0%B8%9F%E0%B8%AD%E0%B8%A3%E0%B9%8C%E0%B8%99%E0%B8%B4%E0%B9%80%E0%B8%88%E0%B8%AD%E0%B8%A3%E0%B9%8C-%E0%B8%9A%E0%B8%B6%E0%B8%87%E0%B8%81%E0%B8%B2%E0%B8%AC","200","0","https://amphon.co.th/%E0%B8%A3%E0%B8%B1%E0%B8%9A%E0%B8%8B%E0%B8%B7%E0%B9%89%E0%B8%AD/%E0%B8%A3%E0%B8%B1%E0%B8%9A%E0%B8%8B%E0%B8%B7%E0%B9%89%E0%B8%AD%E0%B9%80%E0%B8%9F%E0%B8%AD%E0%B8%A3%E0%B9%8C%E0%B8%99%E0%B8%B4%E0%B9%80%E0%B8%88%E0%B8%AD%E0%B8%A3%E0%B9%8C-%E0%B8%9A%E0%B8%B6%E0%B8%87%E0%B8%81%E0%B8%B2%E0%B8%AC","https://amphon.co.th/รับซื้อ/รับซื้อเฟอร์นิเจอร์-บึงกาฬ","Yes","PASS",""
"https://amphon.co.th/%E0%B8%A3%E0%B8%B1%E0%B8%9A%E0%B8%8B%E0%B8%B7%E0%B9%89%E0%B8%AD/%E0%B8%A3%E0%B8%B1%E0%B8%9A%E0%B8%8B%E0%B8%B7%E0%B9%89%E0%B8%AD%E0%B9%80%E0%B8%9F%E0%B8%AD%E0%B8%A3%E0%B9%8C%E0%B8%99%E0%B8%B4%E0%B9%80%E0%B8%88%E0%B8%AD%E0%B8%A3%E0%B9%8C-%E0%B8%9A%E0%B8%B8%E0%B8%A3%E0%B8%B5%E0%B8%A3%E0%B8%B1%E0%B8%A1%E0%B8%A2%E0%B9%8C","200","0","https://amphon.co.th/%E0%B8%A3%E0%B8%B1%E0%B8%9A%E0%B8%8B%E0%B8%B7%E0%B9%89%E0%B8%AD/%E0%B8%A3%E0%B8%B1%E0%B8%9A%E0%B8%8B%E0%B8%B7%E0%B9%89%E0%B8%AD%E0%B9%80%E0%B8%9F%E0%B8%AD%E0%B8%A3%E0%B9%8C%E0%B8%99%E0%B8%B4%E0%B9%80%E0%B8%88%E0%B8%AD%E0%B8%A3%E0%B9%8C-%E0%B8%9A%E0%B8%B8%E0%B8%A3%E0%B8%B5%E0%B8%A3%E0%B8%B1%E0%B8%A1%E0%B8%A2%E0%B9%8C","https://amphon.co.th/รับซื้อ/รับซื้อเฟอร์นิเจอร์-บุรีรัมย์","Yes","PASS",""
"https://amphon.co.th/%E0%B8%A3%E0%B8%B1%E0%B8%9A%E0%B8%8B%E0%B8%B7%E0%B9%89%E0%B8%AD/%E0%B8%A3%E0%B8%B1%E0%B8%9A%E0%B8%8B%E0%B8%B7%E0%B9%89%E0%B8%AD%E0%B9%80%E0%B8%9F%E0%B8%AD%E0%B8%A3%E0%B9%8C%E0%B8%99%E0%B8%B4%E0%B9%80%E0%B8%88%E0%B8%AD%E0%B8%A3%E0%B9%8C-%E0%B8%81%E0%B8%B2%E0%B8%AC%E0%B8%AA%E0%B8%B4%E0%B8%99%E0%B8%98%E0%B8%B8%E0%B9%8C","200","0","https://amphon.co.th/%E0%B8%A3%E0%B8%B1%E0%B8%9A%E0%B8%8B%E0%B8%B7%E0%B9%89%E0%B8%AD/%E0%B8%A3%E0%B8%B1%E0%B8%9A%E0%B8%8B%E0%B8%B7%E0%B9%89%E0%B8%AD%E0%B9%80%E0%B8%9F%E0%B8%AD%E0%B8%A3%E0%B9%8C%E0%B8%99%E0%B8%B4%E0%B9%80%E0%B8%88%E0%B8%AD%E0%B8%A3%E0%B9%8C-%E0%B8%81%E0%B8%B2%E0%B8%AC%E0%B8%AA%E0%B8%B4%E0%B8%99%E0%B8%98%E0%B8%B8%E0%B9%8C","https://amphon.co.th/รับซื้อ/รับซื้อเฟอร์นิเจอร์-กาฬสินธุ์","Yes","PASS",""
"https://amphon.co.th/%E0%B8%A3%E0%B8%B1%E0%B8%9A%E0%B8%8B%E0%B8%B7%E0%B9%89%E0%B8%AD/%E0%B8%A3%E0%B8%B1%E0%B8%9A%E0%B8%8B%E0%B8%B7%E0%B9%89%E0%B8%AD%E0%B9%80%E0%B8%9F%E0%B8%AD%E0%B8%A3%E0%B9%8C%E0%B8%99%E0%B8%B4%E0%B9%80%E0%B8%88%E0%B8%AD%E0%B8%A3%E0%B9%8C-%E0%B8%82%E0%B8%AD%E0%B8%99%E0%B9%81%E0%B8%81%E0%B9%88%E0%B8%99","200","0","https://amphon.co.th/%E0%B8%A3%E0%B8%B1%E0%B8%9A%E0%B8%8B%E0%B8%B7%E0%B9%89%E0%B8%AD/%E0%B8%A3%E0%B8%B1%E0%B8%9A%E0%B8%8B%E0%B8%B7%E0%B9%89%E0%B8%AD%E0%B9%80%E0%B8%9F%E0%B8%AD%E0%B8%A3%E0%B9%8C%E0%B8%99%E0%B8%B4%E0%B9%80%E0%B8%88%E0%B8%AD%E0%B8%A3%E0%B9%8C-%E0%B8%82%E0%B8%AD%E0%B8%99%E0%B9%81%E0%B8%81%E0%B9%88%E0%B8%99","https://amphon.co.th/รับซื้อ/รับซื้อเฟอร์นิเจอร์-ขอนแก่น","Yes","PASS",""
"https://amphon.co.th/%E0%B8%A3%E0%B8%B1%E0%B8%9A%E0%B8%8B%E0%B8%B7%E0%B9%89%E0%B8%AD/%E0%B8%A3%E0%B8%B1%E0%B8%9A%E0%B8%8B%E0%B8%B7%E0%B9%89%E0%B8%AD%E0%B9%80%E0%B8%9F%E0%B8%AD%E0%B8%A3%E0%B9%8C%E0%B8%99%E0%B8%B4%E0%B9%80%E0%B8%88%E0%B8%AD%E0%B8%A3%E0%B9%8C-%E0%B8%99%E0%B8%84%E0%B8%A3%E0%B8%9E%E0%B8%99%E0%B8%A1","200","0","https://amphon.co.th/%E0%B8%A3%E0%B8%B1%E0%B8%9A%E0%B8%8B%E0%B8%B7%E0%B9%89%E0%B8%AD/%E0%B8%A3%E0%B8%B1%E0%B8%9A%E0%B8%8B%E0%B8%B7%E0%B9%89%E0%B8%AD%E0%B9%80%E0%B8%9F%E0%B8%AD%E0%B8%A3%E0%B9%8C%E0%B8%99%E0%B8%B4%E0%B9%80%E0%B8%88%E0%B8%AD%E0%B8%A3%E0%B9%8C-%E0%B8%99%E0%B8%84%E0%B8%A3%E0%B8%9E%E0%B8%99%E0%B8%A1","https://amphon.co.th/รับซื้อ/รับซื้อเฟอร์นิเจอร์-นครพนม","Yes","PASS",""
"https://amphon.co.th/%E0%B8%A3%E0%B8%B1%E0%B8%9A%E0%B8%8B%E0%B8%B7%E0%B9%89%E0%B8%AD/%E0%B8%A3%E0%B8%B1%E0%B8%9A%E0%B8%8B%E0%B8%B7%E0%B9%89%E0%B8%AD%E0%B9%80%E0%B8%9F%E0%B8%AD%E0%B8%A3%E0%B9%8C%E0%B8%99%E0%B8%B4%E0%B9%80%E0%B8%88%E0%B8%AD%E0%B8%A3%E0%B9%8C-%E0%B8%99%E0%B8%84%E0%B8%A3%E0%B8%A3%E0%B8%B2%E0%B8%8A%E0%B8%AA%E0%B8%B5%E0%B8%A1%E0%B8%B2","200","0","https://amphon.co.th/%E0%B8%A3%E0%B8%B1%E0%B8%9A%E0%B8%8B%E0%B8%B7%E0%B9%89%E0%B8%AD/%E0%B8%A3%E0%B8%B1%E0%B8%9A%E0%B8%8B%E0%B8%B7%E0%B9%89%E0%B8%AD%E0%B9%80%E0%B8%9F%E0%B8%AD%E0%B8%A3%E0%B9%8C%E0%B8%99%E0%B8%B4%E0%B9%80%E0%B8%88%E0%B8%AD%E0%B8%A3%E0%B9%8C-%E0%B8%99%E0%B8%84%E0%B8%A3%E0%B8%A3%E0%B8%B2%E0%B8%8A%E0%B8%AA%E0%B8%B5%E0%B8%A1%E0%B8%B2","https://amphon.co.th/รับซื้อ/รับซื้อเฟอร์นิเจอร์-นครราชสีมา","Yes","PASS",""
"https://amphon.co.th/%E0%B8%A3%E0%B8%B1%E0%B8%9A%E0%B8%8B%E0%B8%B7%E0%B9%89%E0%B8%AD/%E0%B8%A3%E0%B8%B1%E0%B8%9A%E0%B8%8B%E0%B8%B7%E0%B9%89%E0%B8%AD%E0%B9%80%E0%B8%9F%E0%B8%AD%E0%B8%A3%E0%B9%8C%E0%B8%99%E0%B8%B4%E0%B9%80%E0%B8%88%E0%B8%AD%E0%B8%A3%E0%B9%8C-%E0%B8%A1%E0%B8%AB%E0%B8%B2%E0%B8%AA%E0%B8%B2%E0%B8%A3%E0%B8%84%E0%B8%B2%E0%B8%A1","200","0","https://amphon.co.th/%E0%B8%A3%E0%B8%B1%E0%B8%9A%E0%B8%8B%E0%B8%B7%E0%B9%89%E0%B8%AD/%E0%B8%A3%E0%B8%B1%E0%B8%9A%E0%B8%8B%E0%B8%B7%E0%B9%89%E0%B8%AD%E0%B9%80%E0%B8%9F%E0%B8%AD%E0%B8%A3%E0%B9%8C%E0%B8%99%E0%B8%B4%E0%B9%80%E0%B8%88%E0%B8%AD%E0%B8%A3%E0%B9%8C-%E0%B8%A1%E0%B8%AB%E0%B8%B2%E0%B8%AA%E0%B8%B2%E0%B8%A3%E0%B8%84%E0%B8%B2%E0%B8%A1","https://amphon.co.th/รับซื้อ/รับซื้อเฟอร์นิเจอร์-มหาสารคาม","Yes","PASS",""
"https://amphon.co.th/%E0%B8%A3%E0%B8%B1%E0%B8%9A%E0%B8%8B%E0%B8%B7%E0%B9%89%E0%B8%AD/%E0%B8%A3%E0%B8%B1%E0%B8%9A%E0%B8%8B%E0%B8%B7%E0%B9%89%E0%B8%AD%E0%B9%80%E0%B8%9F%E0%B8%AD%E0%B8%A3%E0%B9%8C%E0%B8%99%E0%B8%B4%E0%B9%80%E0%B8%88%E0%B8%AD%E0%B8%A3%E0%B9%8C-%E0%B8%A1%E0%B8%B8%E0%B8%81%E0%B8%94%E0%B8%B2%E0%B8%AB%E0%B8%B2%E0%B8%A3","200","0","https://amphon.co.th/%E0%B8%A3%E0%B8%B1%E0%B8%9A%E0%B8%8B%E0%B8%B7%E0%B9%89%E0%B8%AD/%E0%B8%A3%E0%B8%B1%E0%B8%9A%E0%B8%8B%E0%B8%B7%E0%B9%89%E0%B8%AD%E0%B9%80%E0%B8%9F%E0%B8%AD%E0%B8%A3%E0%B9%8C%E0%B8%99%E0%B8%B4%E0%B9%80%E0%B8%88%E0%B8%AD%E0%B8%A3%E0%B9%8C-%E0%B8%A1%E0%B8%B8%E0%B8%81%E0%B8%94%E0%B8%B2%E0%B8%AB%E0%B8%B2%E0%B8%A3","https://amphon.co.th/รับซื้อ/รับซื้อเฟอร์นิเจอร์-มุกดาหาร","Yes","PASS",""
"https://amphon.co.th/%E0%B8%A3%E0%B8%B1%E0%B8%9A%E0%B8%8B%E0%B8%B7%E0%B9%89%E0%B8%AD/%E0%B8%A3%E0%B8%B1%E0%B8%9A%E0%B8%8B%E0%B8%B7%E0%B9%89%E0%B8%AD%E0%B9%80%E0%B8%9F%E0%B8%AD%E0%B8%A3%E0%B9%8C%E0%B8%99%E0%B8%B4%E0%B9%80%E0%B8%88%E0%B8%AD%E0%B8%A3%E0%B9%8C-%E0%B8%A2%E0%B9%82%E0%B8%AA%E0%B8%98%E0%B8%A3","200","0","https://amphon.co.th/%E0%B8%A3%E0%B8%B1%E0%B8%9A%E0%B8%8B%E0%B8%B7%E0%B9%89%E0%B8%AD/%E0%B8%A3%E0%B8%B1%E0%B8%9A%E0%B8%8B%E0%B8%B7%E0%B9%89%E0%B8%AD%E0%B9%80%E0%B8%9F%E0%B8%AD%E0%B8%A3%E0%B9%8C%E0%B8%99%E0%B8%B4%E0%B9%80%E0%B8%88%E0%B8%AD%E0%B8%A3%E0%B9%8C-%E0%B8%A2%E0%B9%82%E0%B8%AA%E0%B8%98%E0%B8%A3","https://amphon.co.th/รับซื้อ/รับซื้อเฟอร์นิเจอร์-ยโสธร","Yes","PASS",""
"https://amphon.co.th/%E0%B8%A3%E0%B8%B1%E0%B8%9A%E0%B8%8B%E0%B8%B7%E0%B9%89%E0%B8%AD/%E0%B8%A3%E0%B8%B1%E0%B8%9A%E0%B8%8B%E0%B8%B7%E0%B9%89%E0%B8%AD%E0%B9%80%E0%B8%9F%E0%B8%AD%E0%B8%A3%E0%B9%8C%E0%B8%99%E0%B8%B4%E0%B9%80%E0%B8%88%E0%B8%AD%E0%B8%A3%E0%B9%8C-%E0%B8%A3%E0%B9%89%E0%B8%AD%E0%B8%A2%E0%B9%80%E0%B8%AD%E0%B9%87%E0%B8%94","200","0","https://amphon.co.th/%E0%B8%A3%E0%B8%B1%E0%B8%9A%E0%B8%8B%E0%B8%B7%E0%B9%89%E0%B8%AD/%E0%B8%A3%E0%B8%B1%E0%B8%9A%E0%B8%8B%E0%B8%B7%E0%B9%89%E0%B8%AD%E0%B9%80%E0%B8%9F%E0%B8%AD%E0%B8%A3%E0%B9%8C%E0%B8%99%E0%B8%B4%E0%B9%80%E0%B8%88%E0%B8%AD%E0%B8%A3%E0%B9%8C-%E0%B8%A3%E0%B9%89%E0%B8%AD%E0%B8%A2%E0%B9%80%E0%B8%AD%E0%B9%87%E0%B8%94","https://amphon.co.th/รับซื้อ/รับซื้อเฟอร์นิเจอร์-ร้อยเอ็ด","Yes","PASS",""
"https://amphon.co.th/%E0%B8%A3%E0%B8%B1%E0%B8%9A%E0%B8%8B%E0%B8%B7%E0%B9%89%E0%B8%AD/%E0%B8%A3%E0%B8%B1%E0%B8%9A%E0%B8%8B%E0%B8%B7%E0%B9%89%E0%B8%AD%E0%B9%80%E0%B8%9F%E0%B8%AD%E0%B8%A3%E0%B9%8C%E0%B8%99%E0%B8%B4%E0%B9%80%E0%B8%88%E0%B8%AD%E0%B8%A3%E0%B9%8C-%E0%B8%A8%E0%B8%A3%E0%B8%B5%E0%B8%AA%E0%B8%B0%E0%B9%80%E0%B8%81%E0%B8%A9","200","0","https://amphon.co.th/%E0%B8%A3%E0%B8%B1%E0%B8%9A%E0%B8%8B%E0%B8%B7%E0%B9%89%E0%B8%AD/%E0%B8%A3%E0%B8%B1%E0%B8%9A%E0%B8%8B%E0%B8%B7%E0%B9%89%E0%B8%AD%E0%B9%80%E0%B8%9F%E0%B8%AD%E0%B8%A3%E0%B9%8C%E0%B8%99%E0%B8%B4%E0%B9%80%E0%B8%88%E0%B8%AD%E0%B8%A3%E0%B9%8C-%E0%B8%A8%E0%B8%A3%E0%B8%B5%E0%B8%AA%E0%B8%B0%E0%B9%80%E0%B8%81%E0%B8%A9","https://amphon.co.th/รับซื้อ/รับซื้อเฟอร์นิเจอร์-ศรีสะเกษ","Yes","PASS",""
"https://amphon.co.th/%E0%B8%A3%E0%B8%B1%E0%B8%9A%E0%B8%8B%E0%B8%B7%E0%B9%89%E0%B8%AD/%E0%B8%A3%E0%B8%B1%E0%B8%9A%E0%B8%8B%E0%B8%B7%E0%B9%89%E0%B8%AD%E0%B9%80%E0%B8%9F%E0%B8%AD%E0%B8%A3%E0%B9%8C%E0%B8%99%E0%B8%B4%E0%B9%80%E0%B8%88%E0%B8%AD%E0%B8%A3%E0%B9%8C-%E0%B8%AA%E0%B8%81%E0%B8%A5%E0%B8%99%E0%B8%84%E0%B8%A3","200","0","https://amphon.co.th/%E0%B8%A3%E0%B8%B1%E0%B8%9A%E0%B8%8B%E0%B8%B7%E0%B9%89%E0%B8%AD/%E0%B8%A3%E0%B8%B1%E0%B8%9A%E0%B8%8B%E0%B8%B7%E0%B9%89%E0%B8%AD%E0%B9%80%E0%B8%9F%E0%B8%AD%E0%B8%A3%E0%B9%8C%E0%B8%99%E0%B8%B4%E0%B9%80%E0%B8%88%E0%B8%AD%E0%B8%A3%E0%B9%8C-%E0%B8%AA%E0%B8%81%E0%B8%A5%E0%B8%99%E0%B8%84%E0%B8%A3","https://amphon.co.th/รับซื้อ/รับซื้อเฟอร์นิเจอร์-สกลนคร","Yes","PASS",""
"https://amphon.co.th/%E0%B8%A3%E0%B8%B1%E0%B8%9A%E0%B8%8B%E0%B8%B7%E0%B9%89%E0%B8%AD/%E0%B8%A3%E0%B8%B1%E0%B8%9A%E0%B8%8B%E0%B8%B7%E0%B9%89%E0%B8%AD%E0%B9%80%E0%B8%9F%E0%B8%AD%E0%B8%A3%E0%B9%8C%E0%B8%99%E0%B8%B4%E0%B9%80%E0%B8%88%E0%B8%AD%E0%B8%A3%E0%B9%8C-%E0%B8%AA%E0%B8%B8%E0%B8%A3%E0%B8%B4%E0%B8%99%E0%B8%97%E0%B8%A3%E0%B9%8C","200","0","https://amphon.co.th/%E0%B8%A3%E0%B8%B1%E0%B8%9A%E0%B8%8B%E0%B8%B7%E0%B9%89%E0%B8%AD/%E0%B8%A3%E0%B8%B1%E0%B8%9A%E0%B8%8B%E0%B8%B7%E0%B9%89%E0%B8%AD%E0%B9%80%E0%B8%9F%E0%B8%AD%E0%B8%A3%E0%B9%8C%E0%B8%99%E0%B8%B4%E0%B9%80%E0%B8%88%E0%B8%AD%E0%B8%A3%E0%B9%8C-%E0%B8%AA%E0%B8%B8%E0%B8%A3%E0%B8%B4%E0%B8%99%E0%B8%97%E0%B8%A3%E0%B9%8C","https://amphon.co.th/รับซื้อ/รับซื้อเฟอร์นิเจอร์-สุรินทร์","Yes","PASS",""
"https://amphon.co.th/%E0%B8%A3%E0%B8%B1%E0%B8%9A%E0%B8%8B%E0%B8%B7%E0%B9%89%E0%B8%AD/%E0%B8%A3%E0%B8%B1%E0%B8%9A%E0%B8%8B%E0%B8%B7%E0%B9%89%E0%B8%AD%E0%B9%80%E0%B8%9F%E0%B8%AD%E0%B8%A3%E0%B9%8C%E0%B8%99%E0%B8%B4%E0%B9%80%E0%B8%88%E0%B8%AD%E0%B8%A3%E0%B9%8C-%E0%B8%AB%E0%B8%99%E0%B8%AD%E0%B8%87%E0%B8%9A%E0%B8%B1%E0%B8%A7%E0%B8%A5%E0%B8%B3%E0%B8%A0%E0%B8%B9","200","0","https://amphon.co.th/%E0%B8%A3%E0%B8%B1%E0%B8%9A%E0%B8%8B%E0%B8%B7%E0%B9%89%E0%B8%AD/%E0%B8%A3%E0%B8%B1%E0%B8%9A%E0%B8%8B%E0%B8%B7%E0%B9%89%E0%B8%AD%E0%B9%80%E0%B8%9F%E0%B8%AD%E0%B8%A3%E0%B9%8C%E0%B8%99%E0%B8%B4%E0%B9%80%E0%B8%88%E0%B8%AD%E0%B8%A3%E0%B9%8C-%E0%B8%AB%E0%B8%99%E0%B8%AD%E0%B8%87%E0%B8%9A%E0%B8%B1%E0%B8%A7%E0%B8%A5%E0%B8%B3%E0%B8%A0%E0%B8%B9","https://amphon.co.th/รับซื้อ/รับซื้อเฟอร์นิเจอร์-หนองบัวลำภู","Yes","PASS",""
"https://amphon.co.th/%E0%B8%A3%E0%B8%B1%E0%B8%9A%E0%B8%8B%E0%B8%B7%E0%B9%89%E0%B8%AD/%E0%B8%A3%E0%B8%B1%E0%B8%9A%E0%B8%8B%E0%B8%B7%E0%B9%89%E0%B8%AD%E0%B9%80%E0%B8%9F%E0%B8%AD%E0%B8%A3%E0%B9%8C%E0%B8%99%E0%B8%B4%E0%B9%80%E0%B8%88%E0%B8%AD%E0%B8%A3%E0%B9%8C-%E0%B8%AB%E0%B8%99%E0%B8%AD%E0%B8%87%E0%B8%84%E0%B8%B2%E0%B8%A2","200","0","https://amphon.co.th/%E0%B8%A3%E0%B8%B1%E0%B8%9A%E0%B8%8B%E0%B8%B7%E0%B9%89%E0%B8%AD/%E0%B8%A3%E0%B8%B1%E0%B8%9A%E0%B8%8B%E0%B8%B7%E0%B9%89%E0%B8%AD%E0%B9%80%E0%B8%9F%E0%B8%AD%E0%B8%A3%E0%B9%8C%E0%B8%99%E0%B8%B4%E0%B9%80%E0%B8%88%E0%B8%AD%E0%B8%A3%E0%B9%8C-%E0%B8%AB%E0%B8%99%E0%B8%AD%E0%B8%87%E0%B8%84%E0%B8%B2%E0%B8%A2","https://amphon.co.th/รับซื้อ/รับซื้อเฟอร์นิเจอร์-หนองคาย","Yes","PASS",""
"https://amphon.co.th/%E0%B8%A3%E0%B8%B1%E0%B8%9A%E0%B8%8B%E0%B8%B7%E0%B9%89%E0%B8%AD/%E0%B8%A3%E0%B8%B1%E0%B8%9A%E0%B8%8B%E0%B8%B7%E0%B9%89%E0%B8%AD%E0%B9%80%E0%B8%9F%E0%B8%AD%E0%B8%A3%E0%B9%8C%E0%B8%99%E0%B8%B4%E0%B9%80%E0%B8%88%E0%B8%AD%E0%B8%A3%E0%B9%8C-%E0%B8%AD%E0%B8%B3%E0%B8%99%E0%B8%B2%E0%B8%88%E0%B9%80%E0%B8%88%E0%B8%A3%E0%B8%B4%E0%B8%8D","200","0","https://amphon.co.th/%E0%B8%A3%E0%B8%B1%E0%B8%9A%E0%B8%8B%E0%B8%B7%E0%B9%89%E0%B8%AD/%E0%B8%A3%E0%B8%B1%E0%B8%9A%E0%B8%8B%E0%B8%B7%E0%B9%89%E0%B8%AD%E0%B9%80%E0%B8%9F%E0%B8%AD%E0%B8%A3%E0%B9%8C%E0%B8%99%E0%B8%B4%E0%B9%80%E0%B8%88%E0%B8%AD%E0%B8%A3%E0%B9%8C-%E0%B8%AD%E0%B8%B3%E0%B8%99%E0%B8%B2%E0%B8%88%E0%B9%80%E0%B8%88%E0%B8%A3%E0%B8%B4%E0%B8%8D","https://amphon.co.th/รับซื้อ/รับซื้อเฟอร์นิเจอร์-อำนาจเจริญ","Yes","PASS",""
"https://amphon.co.th/%E0%B8%A3%E0%B8%B1%E0%B8%9A%E0%B8%8B%E0%B8%B7%E0%B9%89%E0%B8%AD/%E0%B8%A3%E0%B8%B1%E0%B8%9A%E0%B8%8B%E0%B8%B7%E0%B9%89%E0%B8%AD%E0%B9%80%E0%B8%9F%E0%B8%AD%E0%B8%A3%E0%B9%8C%E0%B8%99%E0%B8%B4%E0%B9%80%E0%B8%88%E0%B8%AD%E0%B8%A3%E0%B9%8C-%E0%B8%AD%E0%B8%B8%E0%B8%9A%E0%B8%A5%E0%B8%A3%E0%B8%B2%E0%B8%8A%E0%B8%98%E0%B8%B2%E0%B8%99%E0%B8%B5","200","0","https://amphon.co.th/%E0%B8%A3%E0%B8%B1%E0%B8%9A%E0%B8%8B%E0%B8%B7%E0%B9%89%E0%B8%AD/%E0%B8%A3%E0%B8%B1%E0%B8%9A%E0%B8%8B%E0%B8%B7%E0%B9%89%E0%B8%AD%E0%B9%80%E0%B8%9F%E0%B8%AD%E0%B8%A3%E0%B9%8C%E0%B8%99%E0%B8%B4%E0%B9%80%E0%B8%88%E0%B8%AD%E0%B8%A3%E0%B9%8C-%E0%B8%AD%E0%B8%B8%E0%B8%9A%E0%B8%A5%E0%B8%A3%E0%B8%B2%E0%B8%8A%E0%B8%98%E0%B8%B2%E0%B8%99%E0%B8%B5","https://amphon.co.th/รับซื้อ/รับซื้อเฟอร์นิเจอร์-อุบลราชธานี","Yes","PASS",""
"https://amphon.co.th/%E0%B8%A3%E0%B8%B1%E0%B8%9A%E0%B8%8B%E0%B8%B7%E0%B9%89%E0%B8%AD/%E0%B8%A3%E0%B8%B1%E0%B8%9A%E0%B8%8B%E0%B8%B7%E0%B9%89%E0%B8%AD%E0%B9%80%E0%B8%9F%E0%B8%AD%E0%B8%A3%E0%B9%8C%E0%B8%99%E0%B8%B4%E0%B9%80%E0%B8%88%E0%B8%AD%E0%B8%A3%E0%B9%8C-%E0%B8%AD%E0%B8%B8%E0%B8%94%E0%B8%A3%E0%B8%98%E0%B8%B2%E0%B8%99%E0%B8%B5","200","0","https://amphon.co.th/%E0%B8%A3%E0%B8%B1%E0%B8%9A%E0%B8%8B%E0%B8%B7%E0%B9%89%E0%B8%AD/%E0%B8%A3%E0%B8%B1%E0%B8%9A%E0%B8%8B%E0%B8%B7%E0%B9%89%E0%B8%AD%E0%B9%80%E0%B8%9F%E0%B8%AD%E0%B8%A3%E0%B9%8C%E0%B8%99%E0%B8%B4%E0%B9%80%E0%B8%88%E0%B8%AD%E0%B8%A3%E0%B9%8C-%E0%B8%AD%E0%B8%B8%E0%B8%94%E0%B8%A3%E0%B8%98%E0%B8%B2%E0%B8%99%E0%B8%B5","https://amphon.co.th/รับซื้อ/รับซื้อเฟอร์นิเจอร์-อุดรธานี","Yes","PASS",""
"https://amphon.co.th/%E0%B8%A3%E0%B8%B1%E0%B8%9A%E0%B8%8B%E0%B8%B7%E0%B9%89%E0%B8%AD/%E0%B8%A3%E0%B8%B1%E0%B8%9A%E0%B8%8B%E0%B8%B7%E0%B9%89%E0%B8%AD%E0%B9%80%E0%B8%9F%E0%B8%AD%E0%B8%A3%E0%B9%8C%E0%B8%99%E0%B8%B4%E0%B9%80%E0%B8%88%E0%B8%AD%E0%B8%A3%E0%B9%8C-%E0%B9%80%E0%B8%A5%E0%B8%A2","200","0","https://amphon.co.th/%E0%B8%A3%E0%B8%B1%E0%B8%9A%E0%B8%8B%E0%B8%B7%E0%B9%89%E0%B8%AD/%E0%B8%A3%E0%B8%B1%E0%B8%9A%E0%B8%8B%E0%B8%B7%E0%B9%89%E0%B8%AD%E0%B9%80%E0%B8%9F%E0%B8%AD%E0%B8%A3%E0%B9%8C%E0%B8%99%E0%B8%B4%E0%B9%80%E0%B8%88%E0%B8%AD%E0%B8%A3%E0%B9%8C-%E0%B9%80%E0%B8%A5%E0%B8%A2","https://amphon.co.th/รับซื้อ/รับซื้อเฟอร์นิเจอร์-เลย","Yes","PASS",""
"https://amphon.co.th/%E0%B8%A3%E0%B8%B1%E0%B8%9A%E0%B8%8B%E0%B8%B7%E0%B9%89%E0%B8%AD/%E0%B8%A3%E0%B8%B1%E0%B8%9A%E0%B8%8B%E0%B8%B7%E0%B9%89%E0%B8%AD%E0%B9%80%E0%B8%84%E0%B8%A3%E0%B8%B7%E0%B9%88%E0%B8%AD%E0%B8%87%E0%B9%80%E0%B8%81%E0%B8%A1-%E0%B8%8A%E0%B8%B1%E0%B8%A2%E0%B8%A0%E0%B8%B9%E0%B8%A1%E0%B8%B4","200","0","https://amphon.co.th/%E0%B8%A3%E0%B8%B1%E0%B8%9A%E0%B8%8B%E0%B8%B7%E0%B9%89%E0%B8%AD/%E0%B8%A3%E0%B8%B1%E0%B8%9A%E0%B8%8B%E0%B8%B7%E0%B9%89%E0%B8%AD%E0%B9%80%E0%B8%84%E0%B8%A3%E0%B8%B7%E0%B9%88%E0%B8%AD%E0%B8%87%E0%B9%80%E0%B8%81%E0%B8%A1-%E0%B8%8A%E0%B8%B1%E0%B8%A2%E0%B8%A0%E0%B8%B9%E0%B8%A1%E0%B8%B4","https://amphon.co.th/รับซื้อ/รับซื้อเครื่องเกม-ชัยภูมิ","Yes","PASS",""
"https://amphon.co.th/%E0%B8%A3%E0%B8%B1%E0%B8%9A%E0%B8%8B%E0%B8%B7%E0%B9%89%E0%B8%AD/%E0%B8%A3%E0%B8%B1%E0%B8%9A%E0%B8%8B%E0%B8%B7%E0%B9%89%E0%B8%AD%E0%B9%80%E0%B8%84%E0%B8%A3%E0%B8%B7%E0%B9%88%E0%B8%AD%E0%B8%87%E0%B9%80%E0%B8%81%E0%B8%A1-%E0%B8%9A%E0%B8%B6%E0%B8%87%E0%B8%81%E0%B8%B2%E0%B8%AC","200","0","https://amphon.co.th/%E0%B8%A3%E0%B8%B1%E0%B8%9A%E0%B8%8B%E0%B8%B7%E0%B9%89%E0%B8%AD/%E0%B8%A3%E0%B8%B1%E0%B8%9A%E0%B8%8B%E0%B8%B7%E0%B9%89%E0%B8%AD%E0%B9%80%E0%B8%84%E0%B8%A3%E0%B8%B7%E0%B9%88%E0%B8%AD%E0%B8%87%E0%B9%80%E0%B8%81%E0%B8%A1-%E0%B8%9A%E0%B8%B6%E0%B8%87%E0%B8%81%E0%B8%B2%E0%B8%AC","https://amphon.co.th/รับซื้อ/รับซื้อเครื่องเกม-บึงกาฬ","Yes","PASS",""
"https://amphon.co.th/%E0%B8%A3%E0%B8%B1%E0%B8%9A%E0%B8%8B%E0%B8%B7%E0%B9%89%E0%B8%AD/%E0%B8%A3%E0%B8%B1%E0%B8%9A%E0%B8%8B%E0%B8%B7%E0%B9%89%E0%B8%AD%E0%B9%80%E0%B8%84%E0%B8%A3%E0%B8%B7%E0%B9%88%E0%B8%AD%E0%B8%87%E0%B9%80%E0%B8%81%E0%B8%A1-%E0%B8%9A%E0%B8%B8%E0%B8%A3%E0%B8%B5%E0%B8%A3%E0%B8%B1%E0%B8%A1%E0%B8%A2%E0%B9%8C","200","0","https://amphon.co.th/%E0%B8%A3%E0%B8%B1%E0%B8%9A%E0%B8%8B%E0%B8%B7%E0%B9%89%E0%B8%AD/%E0%B8%A3%E0%B8%B1%E0%B8%9A%E0%B8%8B%E0%B8%B7%E0%B9%89%E0%B8%AD%E0%B9%80%E0%B8%84%E0%B8%A3%E0%B8%B7%E0%B9%88%E0%B8%AD%E0%B8%87%E0%B9%80%E0%B8%81%E0%B8%A1-%E0%B8%9A%E0%B8%B8%E0%B8%A3%E0%B8%B5%E0%B8%A3%E0%B8%B1%E0%B8%A1%E0%B8%A2%E0%B9%8C","https://amphon.co.th/รับซื้อ/รับซื้อเครื่องเกม-บุรีรัมย์","Yes","PASS",""
"https://amphon.co.th/%E0%B8%A3%E0%B8%B1%E0%B8%9A%E0%B8%8B%E0%B8%B7%E0%B9%89%E0%B8%AD/%E0%B8%A3%E0%B8%B1%E0%B8%9A%E0%B8%8B%E0%B8%B7%E0%B9%89%E0%B8%AD%E0%B9%80%E0%B8%84%E0%B8%A3%E0%B8%B7%E0%B9%88%E0%B8%AD%E0%B8%87%E0%B9%80%E0%B8%81%E0%B8%A1-%E0%B8%81%E0%B8%B2%E0%B8%AC%E0%B8%AA%E0%B8%B4%E0%B8%99%E0%B8%98%E0%B8%B8%E0%B9%8C","200","0","https://amphon.co.th/%E0%B8%A3%E0%B8%B1%E0%B8%9A%E0%B8%8B%E0%B8%B7%E0%B9%89%E0%B8%AD/%E0%B8%A3%E0%B8%B1%E0%B8%9A%E0%B8%8B%E0%B8%B7%E0%B9%89%E0%B8%AD%E0%B9%80%E0%B8%84%E0%B8%A3%E0%B8%B7%E0%B9%88%E0%B8%AD%E0%B8%87%E0%B9%80%E0%B8%81%E0%B8%A1-%E0%B8%81%E0%B8%B2%E0%B8%AC%E0%B8%AA%E0%B8%B4%E0%B8%99%E0%B8%98%E0%B8%B8%E0%B9%8C","https://amphon.co.th/รับซื้อ/รับซื้อเครื่องเกม-กาฬสินธุ์","Yes","PASS",""
"https://amphon.co.th/%E0%B8%A3%E0%B8%B1%E0%B8%9A%E0%B8%8B%E0%B8%B7%E0%B9%89%E0%B8%AD/%E0%B8%A3%E0%B8%B1%E0%B8%9A%E0%B8%8B%E0%B8%B7%E0%B9%89%E0%B8%AD%E0%B9%80%E0%B8%84%E0%B8%A3%E0%B8%B7%E0%B9%88%E0%B8%AD%E0%B8%87%E0%B9%80%E0%B8%81%E0%B8%A1-%E0%B8%82%E0%B8%AD%E0%B8%99%E0%B9%81%E0%B8%81%E0%B9%88%E0%B8%99","200","0","https://amphon.co.th/%E0%B8%A3%E0%B8%B1%E0%B8%9A%E0%B8%8B%E0%B8%B7%E0%B9%89%E0%B8%AD/%E0%B8%A3%E0%B8%B1%E0%B8%9A%E0%B8%8B%E0%B8%B7%E0%B9%89%E0%B8%AD%E0%B9%80%E0%B8%84%E0%B8%A3%E0%B8%B7%E0%B9%88%E0%B8%AD%E0%B8%87%E0%B9%80%E0%B8%81%E0%B8%A1-%E0%B8%82%E0%B8%AD%E0%B8%99%E0%B9%81%E0%B8%81%E0%B9%88%E0%B8%99","https://amphon.co.th/รับซื้อ/รับซื้อเครื่องเกม-ขอนแก่น","Yes","PASS",""
"https://amphon.co.th/%E0%B8%A3%E0%B8%B1%E0%B8%9A%E0%B8%8B%E0%B8%B7%E0%B9%89%E0%B8%AD/%E0%B8%A3%E0%B8%B1%E0%B8%9A%E0%B8%8B%E0%B8%B7%E0%B9%89%E0%B8%AD%E0%B9%80%E0%B8%84%E0%B8%A3%E0%B8%B7%E0%B9%88%E0%B8%AD%E0%B8%87%E0%B9%80%E0%B8%81%E0%B8%A1-%E0%B8%99%E0%B8%84%E0%B8%A3%E0%B8%9E%E0%B8%99%E0%B8%A1","200","0","https://amphon.co.th/%E0%B8%A3%E0%B8%B1%E0%B8%9A%E0%B8%8B%E0%B8%B7%E0%B9%89%E0%B8%AD/%E0%B8%A3%E0%B8%B1%E0%B8%9A%E0%B8%8B%E0%B8%B7%E0%B9%89%E0%B8%AD%E0%B9%80%E0%B8%84%E0%B8%A3%E0%B8%B7%E0%B9%88%E0%B8%AD%E0%B8%87%E0%B9%80%E0%B8%81%E0%B8%A1-%E0%B8%99%E0%B8%84%E0%B8%A3%E0%B8%9E%E0%B8%99%E0%B8%A1","https://amphon.co.th/รับซื้อ/รับซื้อเครื่องเกม-นครพนม","Yes","PASS",""
"https://amphon.co.th/%E0%B8%A3%E0%B8%B1%E0%B8%9A%E0%B8%8B%E0%B8%B7%E0%B9%89%E0%B8%AD/%E0%B8%A3%E0%B8%B1%E0%B8%9A%E0%B8%8B%E0%B8%B7%E0%B9%89%E0%B8%AD%E0%B9%80%E0%B8%84%E0%B8%A3%E0%B8%B7%E0%B9%88%E0%B8%AD%E0%B8%87%E0%B9%80%E0%B8%81%E0%B8%A1-%E0%B8%99%E0%B8%84%E0%B8%A3%E0%B8%A3%E0%B8%B2%E0%B8%8A%E0%B8%AA%E0%B8%B5%E0%B8%A1%E0%B8%B2","200","0","https://amphon.co.th/%E0%B8%A3%E0%B8%B1%E0%B8%9A%E0%B8%8B%E0%B8%B7%E0%B9%89%E0%B8%AD/%E0%B8%A3%E0%B8%B1%E0%B8%9A%E0%B8%8B%E0%B8%B7%E0%B9%89%E0%B8%AD%E0%B9%80%E0%B8%84%E0%B8%A3%E0%B8%B7%E0%B9%88%E0%B8%AD%E0%B8%87%E0%B9%80%E0%B8%81%E0%B8%A1-%E0%B8%99%E0%B8%84%E0%B8%A3%E0%B8%A3%E0%B8%B2%E0%B8%8A%E0%B8%AA%E0%B8%B5%E0%B8%A1%E0%B8%B2","https://amphon.co.th/รับซื้อ/รับซื้อเครื่องเกม-นครราชสีมา","Yes","PASS",""
"https://amphon.co.th/%E0%B8%A3%E0%B8%B1%E0%B8%9A%E0%B8%8B%E0%B8%B7%E0%B9%89%E0%B8%AD/%E0%B8%A3%E0%B8%B1%E0%B8%9A%E0%B8%8B%E0%B8%B7%E0%B9%89%E0%B8%AD%E0%B9%80%E0%B8%84%E0%B8%A3%E0%B8%B7%E0%B9%88%E0%B8%AD%E0%B8%87%E0%B9%80%E0%B8%81%E0%B8%A1-%E0%B8%A1%E0%B8%AB%E0%B8%B2%E0%B8%AA%E0%B8%B2%E0%B8%A3%E0%B8%84%E0%B8%B2%E0%B8%A1","200","0","https://amphon.co.th/%E0%B8%A3%E0%B8%B1%E0%B8%9A%E0%B8%8B%E0%B8%B7%E0%B9%89%E0%B8%AD/%E0%B8%A3%E0%B8%B1%E0%B8%9A%E0%B8%8B%E0%B8%B7%E0%B9%89%E0%B8%AD%E0%B9%80%E0%B8%84%E0%B8%A3%E0%B8%B7%E0%B9%88%E0%B8%AD%E0%B8%87%E0%B9%80%E0%B8%81%E0%B8%A1-%E0%B8%A1%E0%B8%AB%E0%B8%B2%E0%B8%AA%E0%B8%B2%E0%B8%A3%E0%B8%84%E0%B8%B2%E0%B8%A1","https://amphon.co.th/รับซื้อ/รับซื้อเครื่องเกม-มหาสารคาม","Yes","PASS",""
"https://amphon.co.th/%E0%B8%A3%E0%B8%B1%E0%B8%9A%E0%B8%8B%E0%B8%B7%E0%B9%89%E0%B8%AD/%E0%B8%A3%E0%B8%B1%E0%B8%9A%E0%B8%8B%E0%B8%B7%E0%B9%89%E0%B8%AD%E0%B9%80%E0%B8%84%E0%B8%A3%E0%B8%B7%E0%B9%88%E0%B8%AD%E0%B8%87%E0%B9%80%E0%B8%81%E0%B8%A1-%E0%B8%A1%E0%B8%B8%E0%B8%81%E0%B8%94%E0%B8%B2%E0%B8%AB%E0%B8%B2%E0%B8%A3","200","0","https://amphon.co.th/%E0%B8%A3%E0%B8%B1%E0%B8%9A%E0%B8%8B%E0%B8%B7%E0%B9%89%E0%B8%AD/%E0%B8%A3%E0%B8%B1%E0%B8%9A%E0%B8%8B%E0%B8%B7%E0%B9%89%E0%B8%AD%E0%B9%80%E0%B8%84%E0%B8%A3%E0%B8%B7%E0%B9%88%E0%B8%AD%E0%B8%87%E0%B9%80%E0%B8%81%E0%B8%A1-%E0%B8%A1%E0%B8%B8%E0%B8%81%E0%B8%94%E0%B8%B2%E0%B8%AB%E0%B8%B2%E0%B8%A3","https://amphon.co.th/รับซื้อ/รับซื้อเครื่องเกม-มุกดาหาร","Yes","PASS",""
"https://amphon.co.th/%E0%B8%A3%E0%B8%B1%E0%B8%9A%E0%B8%8B%E0%B8%B7%E0%B9%89%E0%B8%AD/%E0%B8%A3%E0%B8%B1%E0%B8%9A%E0%B8%8B%E0%B8%B7%E0%B9%89%E0%B8%AD%E0%B9%80%E0%B8%84%E0%B8%A3%E0%B8%B7%E0%B9%88%E0%B8%AD%E0%B8%87%E0%B9%80%E0%B8%81%E0%B8%A1-%E0%B8%A2%E0%B9%82%E0%B8%AA%E0%B8%98%E0%B8%A3","200","0","https://amphon.co.th/%E0%B8%A3%E0%B8%B1%E0%B8%9A%E0%B8%8B%E0%B8%B7%E0%B9%89%E0%B8%AD/%E0%B8%A3%E0%B8%B1%E0%B8%9A%E0%B8%8B%E0%B8%B7%E0%B9%89%E0%B8%AD%E0%B9%80%E0%B8%84%E0%B8%A3%E0%B8%B7%E0%B9%88%E0%B8%AD%E0%B8%87%E0%B9%80%E0%B8%81%E0%B8%A1-%E0%B8%A2%E0%B9%82%E0%B8%AA%E0%B8%98%E0%B8%A3","https://amphon.co.th/รับซื้อ/รับซื้อเครื่องเกม-ยโสธร","Yes","PASS",""
"https://amphon.co.th/%E0%B8%A3%E0%B8%B1%E0%B8%9A%E0%B8%8B%E0%B8%B7%E0%B9%89%E0%B8%AD/%E0%B8%A3%E0%B8%B1%E0%B8%9A%E0%B8%8B%E0%B8%B7%E0%B9%89%E0%B8%AD%E0%B9%80%E0%B8%84%E0%B8%A3%E0%B8%B7%E0%B9%88%E0%B8%AD%E0%B8%87%E0%B9%80%E0%B8%81%E0%B8%A1-%E0%B8%A3%E0%B9%89%E0%B8%AD%E0%B8%A2%E0%B9%80%E0%B8%AD%E0%B9%87%E0%B8%94","200","0","https://amphon.co.th/%E0%B8%A3%E0%B8%B1%E0%B8%9A%E0%B8%8B%E0%B8%B7%E0%B9%89%E0%B8%AD/%E0%B8%A3%E0%B8%B1%E0%B8%9A%E0%B8%8B%E0%B8%B7%E0%B9%89%E0%B8%AD%E0%B9%80%E0%B8%84%E0%B8%A3%E0%B8%B7%E0%B9%88%E0%B8%AD%E0%B8%87%E0%B9%80%E0%B8%81%E0%B8%A1-%E0%B8%A3%E0%B9%89%E0%B8%AD%E0%B8%A2%E0%B9%80%E0%B8%AD%E0%B9%87%E0%B8%94","https://amphon.co.th/รับซื้อ/รับซื้อเครื่องเกม-ร้อยเอ็ด","Yes","PASS",""
"https://amphon.co.th/%E0%B8%A3%E0%B8%B1%E0%B8%9A%E0%B8%8B%E0%B8%B7%E0%B9%89%E0%B8%AD/%E0%B8%A3%E0%B8%B1%E0%B8%9A%E0%B8%8B%E0%B8%B7%E0%B9%89%E0%B8%AD%E0%B9%80%E0%B8%84%E0%B8%A3%E0%B8%B7%E0%B9%88%E0%B8%AD%E0%B8%87%E0%B9%80%E0%B8%81%E0%B8%A1-%E0%B8%A8%E0%B8%A3%E0%B8%B5%E0%B8%AA%E0%B8%B0%E0%B9%80%E0%B8%81%E0%B8%A9","200","0","https://amphon.co.th/%E0%B8%A3%E0%B8%B1%E0%B8%9A%E0%B8%8B%E0%B8%B7%E0%B9%89%E0%B8%AD/%E0%B8%A3%E0%B8%B1%E0%B8%9A%E0%B8%8B%E0%B8%B7%E0%B9%89%E0%B8%AD%E0%B9%80%E0%B8%84%E0%B8%A3%E0%B8%B7%E0%B9%88%E0%B8%AD%E0%B8%87%E0%B9%80%E0%B8%81%E0%B8%A1-%E0%B8%A8%E0%B8%A3%E0%B8%B5%E0%B8%AA%E0%B8%B0%E0%B9%80%E0%B8%81%E0%B8%A9","https://amphon.co.th/รับซื้อ/รับซื้อเครื่องเกม-ศรีสะเกษ","Yes","PASS",""
"https://amphon.co.th/%E0%B8%A3%E0%B8%B1%E0%B8%9A%E0%B8%8B%E0%B8%B7%E0%B9%89%E0%B8%AD/%E0%B8%A3%E0%B8%B1%E0%B8%9A%E0%B8%8B%E0%B8%B7%E0%B9%89%E0%B8%AD%E0%B9%80%E0%B8%84%E0%B8%A3%E0%B8%B7%E0%B9%88%E0%B8%AD%E0%B8%87%E0%B9%80%E0%B8%81%E0%B8%A1-%E0%B8%AA%E0%B8%81%E0%B8%A5%E0%B8%99%E0%B8%84%E0%B8%A3","200","0","https://amphon.co.th/%E0%B8%A3%E0%B8%B1%E0%B8%9A%E0%B8%8B%E0%B8%B7%E0%B9%89%E0%B8%AD/%E0%B8%A3%E0%B8%B1%E0%B8%9A%E0%B8%8B%E0%B8%B7%E0%B9%89%E0%B8%AD%E0%B9%80%E0%B8%84%E0%B8%A3%E0%B8%B7%E0%B9%88%E0%B8%AD%E0%B8%87%E0%B9%80%E0%B8%81%E0%B8%A1-%E0%B8%AA%E0%B8%81%E0%B8%A5%E0%B8%99%E0%B8%84%E0%B8%A3","https://amphon.co.th/รับซื้อ/รับซื้อเครื่องเกม-สกลนคร","Yes","PASS",""
"https://amphon.co.th/%E0%B8%A3%E0%B8%B1%E0%B8%9A%E0%B8%8B%E0%B8%B7%E0%B9%89%E0%B8%AD/%E0%B8%A3%E0%B8%B1%E0%B8%9A%E0%B8%8B%E0%B8%B7%E0%B9%89%E0%B8%AD%E0%B9%80%E0%B8%84%E0%B8%A3%E0%B8%B7%E0%B9%88%E0%B8%AD%E0%B8%87%E0%B9%80%E0%B8%81%E0%B8%A1-%E0%B8%AA%E0%B8%B8%E0%B8%A3%E0%B8%B4%E0%B8%99%E0%B8%97%E0%B8%A3%E0%B9%8C","200","0","https://amphon.co.th/%E0%B8%A3%E0%B8%B1%E0%B8%9A%E0%B8%8B%E0%B8%B7%E0%B9%89%E0%B8%AD/%E0%B8%A3%E0%B8%B1%E0%B8%9A%E0%B8%8B%E0%B8%B7%E0%B9%89%E0%B8%AD%E0%B9%80%E0%B8%84%E0%B8%A3%E0%B8%B7%E0%B9%88%E0%B8%AD%E0%B8%87%E0%B9%80%E0%B8%81%E0%B8%A1-%E0%B8%AA%E0%B8%B8%E0%B8%A3%E0%B8%B4%E0%B8%99%E0%B8%97%E0%B8%A3%E0%B9%8C","https://amphon.co.th/รับซื้อ/รับซื้อเครื่องเกม-สุรินทร์","Yes","PASS",""
"https://amphon.co.th/%E0%B8%A3%E0%B8%B1%E0%B8%9A%E0%B8%8B%E0%B8%B7%E0%B9%89%E0%B8%AD/%E0%B8%A3%E0%B8%B1%E0%B8%9A%E0%B8%8B%E0%B8%B7%E0%B9%89%E0%B8%AD%E0%B9%80%E0%B8%84%E0%B8%A3%E0%B8%B7%E0%B9%88%E0%B8%AD%E0%B8%87%E0%B9%80%E0%B8%81%E0%B8%A1-%E0%B8%AB%E0%B8%99%E0%B8%AD%E0%B8%87%E0%B8%9A%E0%B8%B1%E0%B8%A7%E0%B8%A5%E0%B8%B3%E0%B8%A0%E0%B8%B9","200","0","https://amphon.co.th/%E0%B8%A3%E0%B8%B1%E0%B8%9A%E0%B8%8B%E0%B8%B7%E0%B9%89%E0%B8%AD/%E0%B8%A3%E0%B8%B1%E0%B8%9A%E0%B8%8B%E0%B8%B7%E0%B9%89%E0%B8%AD%E0%B9%80%E0%B8%84%E0%B8%A3%E0%B8%B7%E0%B9%88%E0%B8%AD%E0%B8%87%E0%B9%80%E0%B8%81%E0%B8%A1-%E0%B8%AB%E0%B8%99%E0%B8%AD%E0%B8%87%E0%B8%9A%E0%B8%B1%E0%B8%A7%E0%B8%A5%E0%B8%B3%E0%B8%A0%E0%B8%B9","https://amphon.co.th/รับซื้อ/รับซื้อเครื่องเกม-หนองบัวลำภู","Yes","PASS",""
"https://amphon.co.th/%E0%B8%A3%E0%B8%B1%E0%B8%9A%E0%B8%8B%E0%B8%B7%E0%B9%89%E0%B8%AD/%E0%B8%A3%E0%B8%B1%E0%B8%9A%E0%B8%8B%E0%B8%B7%E0%B9%89%E0%B8%AD%E0%B9%80%E0%B8%84%E0%B8%A3%E0%B8%B7%E0%B9%88%E0%B8%AD%E0%B8%87%E0%B9%80%E0%B8%81%E0%B8%A1-%E0%B8%AB%E0%B8%99%E0%B8%AD%E0%B8%87%E0%B8%84%E0%B8%B2%E0%B8%A2","200","0","https://amphon.co.th/%E0%B8%A3%E0%B8%B1%E0%B8%9A%E0%B8%8B%E0%B8%B7%E0%B9%89%E0%B8%AD/%E0%B8%A3%E0%B8%B1%E0%B8%9A%E0%B8%8B%E0%B8%B7%E0%B9%89%E0%B8%AD%E0%B9%80%E0%B8%84%E0%B8%A3%E0%B8%B7%E0%B9%88%E0%B8%AD%E0%B8%87%E0%B9%80%E0%B8%81%E0%B8%A1-%E0%B8%AB%E0%B8%99%E0%B8%AD%E0%B8%87%E0%B8%84%E0%B8%B2%E0%B8%A2","https://amphon.co.th/รับซื้อ/รับซื้อเครื่องเกม-หนองคาย","Yes","PASS",""
"https://amphon.co.th/%E0%B8%A3%E0%B8%B1%E0%B8%9A%E0%B8%8B%E0%B8%B7%E0%B9%89%E0%B8%AD/%E0%B8%A3%E0%B8%B1%E0%B8%9A%E0%B8%8B%E0%B8%B7%E0%B9%89%E0%B8%AD%E0%B9%80%E0%B8%84%E0%B8%A3%E0%B8%B7%E0%B9%88%E0%B8%AD%E0%B8%87%E0%B9%80%E0%B8%81%E0%B8%A1-%E0%B8%AD%E0%B8%B3%E0%B8%99%E0%B8%B2%E0%B8%88%E0%B9%80%E0%B8%88%E0%B8%A3%E0%B8%B4%E0%B8%8D","200","0","https://amphon.co.th/%E0%B8%A3%E0%B8%B1%E0%B8%9A%E0%B8%8B%E0%B8%B7%E0%B9%89%E0%B8%AD/%E0%B8%A3%E0%B8%B1%E0%B8%9A%E0%B8%8B%E0%B8%B7%E0%B9%89%E0%B8%AD%E0%B9%80%E0%B8%84%E0%B8%A3%E0%B8%B7%E0%B9%88%E0%B8%AD%E0%B8%87%E0%B9%80%E0%B8%81%E0%B8%A1-%E0%B8%AD%E0%B8%B3%E0%B8%99%E0%B8%B2%E0%B8%88%E0%B9%80%E0%B8%88%E0%B8%A3%E0%B8%B4%E0%B8%8D","https://amphon.co.th/รับซื้อ/รับซื้อเครื่องเกม-อำนาจเจริญ","Yes","PASS",""
"https://amphon.co.th/%E0%B8%A3%E0%B8%B1%E0%B8%9A%E0%B8%8B%E0%B8%B7%E0%B9%89%E0%B8%AD/%E0%B8%A3%E0%B8%B1%E0%B8%9A%E0%B8%8B%E0%B8%B7%E0%B9%89%E0%B8%AD%E0%B9%80%E0%B8%84%E0%B8%A3%E0%B8%B7%E0%B9%88%E0%B8%AD%E0%B8%87%E0%B9%80%E0%B8%81%E0%B8%A1-%E0%B8%AD%E0%B8%B8%E0%B8%9A%E0%B8%A5%E0%B8%A3%E0%B8%B2%E0%B8%8A%E0%B8%98%E0%B8%B2%E0%B8%99%E0%B8%B5","200","0","https://amphon.co.th/%E0%B8%A3%E0%B8%B1%E0%B8%9A%E0%B8%8B%E0%B8%B7%E0%B9%89%E0%B8%AD/%E0%B8%A3%E0%B8%B1%E0%B8%9A%E0%B8%8B%E0%B8%B7%E0%B9%89%E0%B8%AD%E0%B9%80%E0%B8%84%E0%B8%A3%E0%B8%B7%E0%B9%88%E0%B8%AD%E0%B8%87%E0%B9%80%E0%B8%81%E0%B8%A1-%E0%B8%AD%E0%B8%B8%E0%B8%9A%E0%B8%A5%E0%B8%A3%E0%B8%B2%E0%B8%8A%E0%B8%98%E0%B8%B2%E0%B8%99%E0%B8%B5","https://amphon.co.th/รับซื้อ/รับซื้อเครื่องเกม-อุบลราชธานี","Yes","PASS",""
"https://amphon.co.th/%E0%B8%A3%E0%B8%B1%E0%B8%9A%E0%B8%8B%E0%B8%B7%E0%B9%89%E0%B8%AD/%E0%B8%A3%E0%B8%B1%E0%B8%9A%E0%B8%8B%E0%B8%B7%E0%B9%89%E0%B8%AD%E0%B9%80%E0%B8%84%E0%B8%A3%E0%B8%B7%E0%B9%88%E0%B8%AD%E0%B8%87%E0%B9%80%E0%B8%81%E0%B8%A1-%E0%B8%AD%E0%B8%B8%E0%B8%94%E0%B8%A3%E0%B8%98%E0%B8%B2%E0%B8%99%E0%B8%B5","200","0","https://amphon.co.th/%E0%B8%A3%E0%B8%B1%E0%B8%9A%E0%B8%8B%E0%B8%B7%E0%B9%89%E0%B8%AD/%E0%B8%A3%E0%B8%B1%E0%B8%9A%E0%B8%8B%E0%B8%B7%E0%B9%89%E0%B8%AD%E0%B9%80%E0%B8%84%E0%B8%A3%E0%B8%B7%E0%B9%88%E0%B8%AD%E0%B8%87%E0%B9%80%E0%B8%81%E0%B8%A1-%E0%B8%AD%E0%B8%B8%E0%B8%94%E0%B8%A3%E0%B8%98%E0%B8%B2%E0%B8%99%E0%B8%B5","https://amphon.co.th/รับซื้อ/รับซื้อเครื่องเกม-อุดรธานี","Yes","PASS",""
"https://amphon.co.th/%E0%B8%A3%E0%B8%B1%E0%B8%9A%E0%B8%8B%E0%B8%B7%E0%B9%89%E0%B8%AD/%E0%B8%A3%E0%B8%B1%E0%B8%9A%E0%B8%8B%E0%B8%B7%E0%B9%89%E0%B8%AD%E0%B9%80%E0%B8%84%E0%B8%A3%E0%B8%B7%E0%B9%88%E0%B8%AD%E0%B8%87%E0%B9%80%E0%B8%81%E0%B8%A1-%E0%B9%80%E0%B8%A5%E0%B8%A2","200","0","https://amphon.co.th/%E0%B8%A3%E0%B8%B1%E0%B8%9A%E0%B8%8B%E0%B8%B7%E0%B9%89%E0%B8%AD/%E0%B8%A3%E0%B8%B1%E0%B8%9A%E0%B8%8B%E0%B8%B7%E0%B9%89%E0%B8%AD%E0%B9%80%E0%B8%84%E0%B8%A3%E0%B8%B7%E0%B9%88%E0%B8%AD%E0%B8%87%E0%B9%80%E0%B8%81%E0%B8%A1-%E0%B9%80%E0%B8%A5%E0%B8%A2","https://amphon.co.th/รับซื้อ/รับซื้อเครื่องเกม-เลย","Yes","PASS",""
"https://amphon.co.th/%E0%B8%A3%E0%B8%B1%E0%B8%9A%E0%B8%8B%E0%B8%B7%E0%B9%89%E0%B8%AD/%E0%B8%A3%E0%B8%B1%E0%B8%9A%E0%B8%8B%E0%B8%B7%E0%B9%89%E0%B8%AD%E0%B9%80%E0%B8%84%E0%B8%A3%E0%B8%B7%E0%B9%88%E0%B8%AD%E0%B8%87%E0%B9%83%E0%B8%8A%E0%B9%89%E0%B9%84%E0%B8%9F%E0%B8%9F%E0%B9%89%E0%B8%B2-%E0%B8%8A%E0%B8%B1%E0%B8%A2%E0%B8%A0%E0%B8%B9%E0%B8%A1%E0%B8%B4","200","0","https://amphon.co.th/%E0%B8%A3%E0%B8%B1%E0%B8%9A%E0%B8%8B%E0%B8%B7%E0%B9%89%E0%B8%AD/%E0%B8%A3%E0%B8%B1%E0%B8%9A%E0%B8%8B%E0%B8%B7%E0%B9%89%E0%B8%AD%E0%B9%80%E0%B8%84%E0%B8%A3%E0%B8%B7%E0%B9%88%E0%B8%AD%E0%B8%87%E0%B9%83%E0%B8%8A%E0%B9%89%E0%B9%84%E0%B8%9F%E0%B8%9F%E0%B9%89%E0%B8%B2-%E0%B8%8A%E0%B8%B1%E0%B8%A2%E0%B8%A0%E0%B8%B9%E0%B8%A1%E0%B8%B4","https://amphon.co.th/รับซื้อ/รับซื้อเครื่องใช้ไฟฟ้า-ชัยภูมิ","Yes","PASS",""
"https://amphon.co.th/%E0%B8%A3%E0%B8%B1%E0%B8%9A%E0%B8%8B%E0%B8%B7%E0%B9%89%E0%B8%AD/%E0%B8%A3%E0%B8%B1%E0%B8%9A%E0%B8%8B%E0%B8%B7%E0%B9%89%E0%B8%AD%E0%B9%80%E0%B8%84%E0%B8%A3%E0%B8%B7%E0%B9%88%E0%B8%AD%E0%B8%87%E0%B9%83%E0%B8%8A%E0%B9%89%E0%B9%84%E0%B8%9F%E0%B8%9F%E0%B9%89%E0%B8%B2-%E0%B8%9A%E0%B8%B6%E0%B8%87%E0%B8%81%E0%B8%B2%E0%B8%AC","200","0","https://amphon.co.th/%E0%B8%A3%E0%B8%B1%E0%B8%9A%E0%B8%8B%E0%B8%B7%E0%B9%89%E0%B8%AD/%E0%B8%A3%E0%B8%B1%E0%B8%9A%E0%B8%8B%E0%B8%B7%E0%B9%89%E0%B8%AD%E0%B9%80%E0%B8%84%E0%B8%A3%E0%B8%B7%E0%B9%88%E0%B8%AD%E0%B8%87%E0%B9%83%E0%B8%8A%E0%B9%89%E0%B9%84%E0%B8%9F%E0%B8%9F%E0%B9%89%E0%B8%B2-%E0%B8%9A%E0%B8%B6%E0%B8%87%E0%B8%81%E0%B8%B2%E0%B8%AC","https://amphon.co.th/รับซื้อ/รับซื้อเครื่องใช้ไฟฟ้า-บึงกาฬ","Yes","PASS",""
"https://amphon.co.th/%E0%B8%A3%E0%B8%B1%E0%B8%9A%E0%B8%8B%E0%B8%B7%E0%B9%89%E0%B8%AD/%E0%B8%A3%E0%B8%B1%E0%B8%9A%E0%B8%8B%E0%B8%B7%E0%B9%89%E0%B8%AD%E0%B9%80%E0%B8%84%E0%B8%A3%E0%B8%B7%E0%B9%88%E0%B8%AD%E0%B8%87%E0%B9%83%E0%B8%8A%E0%B9%89%E0%B9%84%E0%B8%9F%E0%B8%9F%E0%B9%89%E0%B8%B2-%E0%B8%9A%E0%B8%B8%E0%B8%A3%E0%B8%B5%E0%B8%A3%E0%B8%B1%E0%B8%A1%E0%B8%A2%E0%B9%8C","200","0","https://amphon.co.th/%E0%B8%A3%E0%B8%B1%E0%B8%9A%E0%B8%8B%E0%B8%B7%E0%B9%89%E0%B8%AD/%E0%B8%A3%E0%B8%B1%E0%B8%9A%E0%B8%8B%E0%B8%B7%E0%B9%89%E0%B8%AD%E0%B9%80%E0%B8%84%E0%B8%A3%E0%B8%B7%E0%B9%88%E0%B8%AD%E0%B8%87%E0%B9%83%E0%B8%8A%E0%B9%89%E0%B9%84%E0%B8%9F%E0%B8%9F%E0%B9%89%E0%B8%B2-%E0%B8%9A%E0%B8%B8%E0%B8%A3%E0%B8%B5%E0%B8%A3%E0%B8%B1%E0%B8%A1%E0%B8%A2%E0%B9%8C","https://amphon.co.th/รับซื้อ/รับซื้อเครื่องใช้ไฟฟ้า-บุรีรัมย์","Yes","PASS",""
"https://amphon.co.th/%E0%B8%A3%E0%B8%B1%E0%B8%9A%E0%B8%8B%E0%B8%B7%E0%B9%89%E0%B8%AD/%E0%B8%A3%E0%B8%B1%E0%B8%9A%E0%B8%8B%E0%B8%B7%E0%B9%89%E0%B8%AD%E0%B9%80%E0%B8%84%E0%B8%A3%E0%B8%B7%E0%B9%88%E0%B8%AD%E0%B8%87%E0%B9%83%E0%B8%8A%E0%B9%89%E0%B9%84%E0%B8%9F%E0%B8%9F%E0%B9%89%E0%B8%B2-%E0%B8%81%E0%B8%B2%E0%B8%AC%E0%B8%AA%E0%B8%B4%E0%B8%99%E0%B8%98%E0%B8%B8%E0%B9%8C","200","0","https://amphon.co.th/%E0%B8%A3%E0%B8%B1%E0%B8%9A%E0%B8%8B%E0%B8%B7%E0%B9%89%E0%B8%AD/%E0%B8%A3%E0%B8%B1%E0%B8%9A%E0%B8%8B%E0%B8%B7%E0%B9%89%E0%B8%AD%E0%B9%80%E0%B8%84%E0%B8%A3%E0%B8%B7%E0%B9%88%E0%B8%AD%E0%B8%87%E0%B9%83%E0%B8%8A%E0%B9%89%E0%B9%84%E0%B8%9F%E0%B8%9F%E0%B9%89%E0%B8%B2-%E0%B8%81%E0%B8%B2%E0%B8%AC%E0%B8%AA%E0%B8%B4%E0%B8%99%E0%B8%98%E0%B8%B8%E0%B9%8C","https://amphon.co.th/รับซื้อ/รับซื้อเครื่องใช้ไฟฟ้า-กาฬสินธุ์","Yes","PASS",""
"https://amphon.co.th/%E0%B8%A3%E0%B8%B1%E0%B8%9A%E0%B8%8B%E0%B8%B7%E0%B9%89%E0%B8%AD/%E0%B8%A3%E0%B8%B1%E0%B8%9A%E0%B8%8B%E0%B8%B7%E0%B9%89%E0%B8%AD%E0%B9%80%E0%B8%84%E0%B8%A3%E0%B8%B7%E0%B9%88%E0%B8%AD%E0%B8%87%E0%B9%83%E0%B8%8A%E0%B9%89%E0%B9%84%E0%B8%9F%E0%B8%9F%E0%B9%89%E0%B8%B2-%E0%B8%82%E0%B8%AD%E0%B8%99%E0%B9%81%E0%B8%81%E0%B9%88%E0%B8%99","200","0","https://amphon.co.th/%E0%B8%A3%E0%B8%B1%E0%B8%9A%E0%B8%8B%E0%B8%B7%E0%B9%89%E0%B8%AD/%E0%B8%A3%E0%B8%B1%E0%B8%9A%E0%B8%8B%E0%B8%B7%E0%B9%89%E0%B8%AD%E0%B9%80%E0%B8%84%E0%B8%A3%E0%B8%B7%E0%B9%88%E0%B8%AD%E0%B8%87%E0%B9%83%E0%B8%8A%E0%B9%89%E0%B9%84%E0%B8%9F%E0%B8%9F%E0%B9%89%E0%B8%B2-%E0%B8%82%E0%B8%AD%E0%B8%99%E0%B9%81%E0%B8%81%E0%B9%88%E0%B8%99","https://amphon.co.th/รับซื้อ/รับซื้อเครื่องใช้ไฟฟ้า-ขอนแก่น","Yes","PASS",""
"https://amphon.co.th/%E0%B8%A3%E0%B8%B1%E0%B8%9A%E0%B8%8B%E0%B8%B7%E0%B9%89%E0%B8%AD/%E0%B8%A3%E0%B8%B1%E0%B8%9A%E0%B8%8B%E0%B8%B7%E0%B9%89%E0%B8%AD%E0%B9%80%E0%B8%84%E0%B8%A3%E0%B8%B7%E0%B9%88%E0%B8%AD%E0%B8%87%E0%B9%83%E0%B8%8A%E0%B9%89%E0%B9%84%E0%B8%9F%E0%B8%9F%E0%B9%89%E0%B8%B2-%E0%B8%99%E0%B8%84%E0%B8%A3%E0%B8%9E%E0%B8%99%E0%B8%A1","200","0","https://amphon.co.th/%E0%B8%A3%E0%B8%B1%E0%B8%9A%E0%B8%8B%E0%B8%B7%E0%B9%89%E0%B8%AD/%E0%B8%A3%E0%B8%B1%E0%B8%9A%E0%B8%8B%E0%B8%B7%E0%B9%89%E0%B8%AD%E0%B9%80%E0%B8%84%E0%B8%A3%E0%B8%B7%E0%B9%88%E0%B8%AD%E0%B8%87%E0%B9%83%E0%B8%8A%E0%B9%89%E0%B9%84%E0%B8%9F%E0%B8%9F%E0%B9%89%E0%B8%B2-%E0%B8%99%E0%B8%84%E0%B8%A3%E0%B8%9E%E0%B8%99%E0%B8%A1","https://amphon.co.th/รับซื้อ/รับซื้อเครื่องใช้ไฟฟ้า-นครพนม","Yes","PASS",""
"https://amphon.co.th/%E0%B8%A3%E0%B8%B1%E0%B8%9A%E0%B8%8B%E0%B8%B7%E0%B9%89%E0%B8%AD/%E0%B8%A3%E0%B8%B1%E0%B8%9A%E0%B8%8B%E0%B8%B7%E0%B9%89%E0%B8%AD%E0%B9%80%E0%B8%84%E0%B8%A3%E0%B8%B7%E0%B9%88%E0%B8%AD%E0%B8%87%E0%B9%83%E0%B8%8A%E0%B9%89%E0%B9%84%E0%B8%9F%E0%B8%9F%E0%B9%89%E0%B8%B2-%E0%B8%99%E0%B8%84%E0%B8%A3%E0%B8%A3%E0%B8%B2%E0%B8%8A%E0%B8%AA%E0%B8%B5%E0%B8%A1%E0%B8%B2","200","0","https://amphon.co.th/%E0%B8%A3%E0%B8%B1%E0%B8%9A%E0%B8%8B%E0%B8%B7%E0%B9%89%E0%B8%AD/%E0%B8%A3%E0%B8%B1%E0%B8%9A%E0%B8%8B%E0%B8%B7%E0%B9%89%E0%B8%AD%E0%B9%80%E0%B8%84%E0%B8%A3%E0%B8%B7%E0%B9%88%E0%B8%AD%E0%B8%87%E0%B9%83%E0%B8%8A%E0%B9%89%E0%B9%84%E0%B8%9F%E0%B8%9F%E0%B9%89%E0%B8%B2-%E0%B8%99%E0%B8%84%E0%B8%A3%E0%B8%A3%E0%B8%B2%E0%B8%8A%E0%B8%AA%E0%B8%B5%E0%B8%A1%E0%B8%B2","https://amphon.co.th/รับซื้อ/รับซื้อเครื่องใช้ไฟฟ้า-นครราชสีมา","Yes","PASS",""
"https://amphon.co.th/%E0%B8%A3%E0%B8%B1%E0%B8%9A%E0%B8%8B%E0%B8%B7%E0%B9%89%E0%B8%AD/%E0%B8%A3%E0%B8%B1%E0%B8%9A%E0%B8%8B%E0%B8%B7%E0%B9%89%E0%B8%AD%E0%B9%80%E0%B8%84%E0%B8%A3%E0%B8%B7%E0%B9%88%E0%B8%AD%E0%B8%87%E0%B9%83%E0%B8%8A%E0%B9%89%E0%B9%84%E0%B8%9F%E0%B8%9F%E0%B9%89%E0%B8%B2-%E0%B8%A1%E0%B8%AB%E0%B8%B2%E0%B8%AA%E0%B8%B2%E0%B8%A3%E0%B8%84%E0%B8%B2%E0%B8%A1","200","0","https://amphon.co.th/%E0%B8%A3%E0%B8%B1%E0%B8%9A%E0%B8%8B%E0%B8%B7%E0%B9%89%E0%B8%AD/%E0%B8%A3%E0%B8%B1%E0%B8%9A%E0%B8%8B%E0%B8%B7%E0%B9%89%E0%B8%AD%E0%B9%80%E0%B8%84%E0%B8%A3%E0%B8%B7%E0%B9%88%E0%B8%AD%E0%B8%87%E0%B9%83%E0%B8%8A%E0%B9%89%E0%B9%84%E0%B8%9F%E0%B8%9F%E0%B9%89%E0%B8%B2-%E0%B8%A1%E0%B8%AB%E0%B8%B2%E0%B8%AA%E0%B8%B2%E0%B8%A3%E0%B8%84%E0%B8%B2%E0%B8%A1","https://amphon.co.th/รับซื้อ/รับซื้อเครื่องใช้ไฟฟ้า-มหาสารคาม","Yes","PASS",""
"https://amphon.co.th/%E0%B8%A3%E0%B8%B1%E0%B8%9A%E0%B8%8B%E0%B8%B7%E0%B9%89%E0%B8%AD/%E0%B8%A3%E0%B8%B1%E0%B8%9A%E0%B8%8B%E0%B8%B7%E0%B9%89%E0%B8%AD%E0%B9%80%E0%B8%84%E0%B8%A3%E0%B8%B7%E0%B9%88%E0%B8%AD%E0%B8%87%E0%B9%83%E0%B8%8A%E0%B9%89%E0%B9%84%E0%B8%9F%E0%B8%9F%E0%B9%89%E0%B8%B2-%E0%B8%A1%E0%B8%B8%E0%B8%81%E0%B8%94%E0%B8%B2%E0%B8%AB%E0%B8%B2%E0%B8%A3","200","0","https://amphon.co.th/%E0%B8%A3%E0%B8%B1%E0%B8%9A%E0%B8%8B%E0%B8%B7%E0%B9%89%E0%B8%AD/%E0%B8%A3%E0%B8%B1%E0%B8%9A%E0%B8%8B%E0%B8%B7%E0%B9%89%E0%B8%AD%E0%B9%80%E0%B8%84%E0%B8%A3%E0%B8%B7%E0%B9%88%E0%B8%AD%E0%B8%87%E0%B9%83%E0%B8%8A%E0%B9%89%E0%B9%84%E0%B8%9F%E0%B8%9F%E0%B9%89%E0%B8%B2-%E0%B8%A1%E0%B8%B8%E0%B8%81%E0%B8%94%E0%B8%B2%E0%B8%AB%E0%B8%B2%E0%B8%A3","https://amphon.co.th/รับซื้อ/รับซื้อเครื่องใช้ไฟฟ้า-มุกดาหาร","Yes","PASS",""
"https://amphon.co.th/%E0%B8%A3%E0%B8%B1%E0%B8%9A%E0%B8%8B%E0%B8%B7%E0%B9%89%E0%B8%AD/%E0%B8%A3%E0%B8%B1%E0%B8%9A%E0%B8%8B%E0%B8%B7%E0%B9%89%E0%B8%AD%E0%B9%80%E0%B8%84%E0%B8%A3%E0%B8%B7%E0%B9%88%E0%B8%AD%E0%B8%87%E0%B9%83%E0%B8%8A%E0%B9%89%E0%B9%84%E0%B8%9F%E0%B8%9F%E0%B9%89%E0%B8%B2-%E0%B8%A2%E0%B9%82%E0%B8%AA%E0%B8%98%E0%B8%A3","200","0","https://amphon.co.th/%E0%B8%A3%E0%B8%B1%E0%B8%9A%E0%B8%8B%E0%B8%B7%E0%B9%89%E0%B8%AD/%E0%B8%A3%E0%B8%B1%E0%B8%9A%E0%B8%8B%E0%B8%B7%E0%B9%89%E0%B8%AD%E0%B9%80%E0%B8%84%E0%B8%A3%E0%B8%B7%E0%B9%88%E0%B8%AD%E0%B8%87%E0%B9%83%E0%B8%8A%E0%B9%89%E0%B9%84%E0%B8%9F%E0%B8%9F%E0%B9%89%E0%B8%B2-%E0%B8%A2%E0%B9%82%E0%B8%AA%E0%B8%98%E0%B8%A3","https://amphon.co.th/รับซื้อ/รับซื้อเครื่องใช้ไฟฟ้า-ยโสธร","Yes","PASS",""
"https://amphon.co.th/%E0%B8%A3%E0%B8%B1%E0%B8%9A%E0%B8%8B%E0%B8%B7%E0%B9%89%E0%B8%AD/%E0%B8%A3%E0%B8%B1%E0%B8%9A%E0%B8%8B%E0%B8%B7%E0%B9%89%E0%B8%AD%E0%B9%80%E0%B8%84%E0%B8%A3%E0%B8%B7%E0%B9%88%E0%B8%AD%E0%B8%87%E0%B9%83%E0%B8%8A%E0%B9%89%E0%B9%84%E0%B8%9F%E0%B8%9F%E0%B9%89%E0%B8%B2-%E0%B8%A3%E0%B9%89%E0%B8%AD%E0%B8%A2%E0%B9%80%E0%B8%AD%E0%B9%87%E0%B8%94","200","0","https://amphon.co.th/%E0%B8%A3%E0%B8%B1%E0%B8%9A%E0%B8%8B%E0%B8%B7%E0%B9%89%E0%B8%AD/%E0%B8%A3%E0%B8%B1%E0%B8%9A%E0%B8%8B%E0%B8%B7%E0%B9%89%E0%B8%AD%E0%B9%80%E0%B8%84%E0%B8%A3%E0%B8%B7%E0%B9%88%E0%B8%AD%E0%B8%87%E0%B9%83%E0%B8%8A%E0%B9%89%E0%B9%84%E0%B8%9F%E0%B8%9F%E0%B9%89%E0%B8%B2-%E0%B8%A3%E0%B9%89%E0%B8%AD%E0%B8%A2%E0%B9%80%E0%B8%AD%E0%B9%87%E0%B8%94","https://amphon.co.th/รับซื้อ/รับซื้อเครื่องใช้ไฟฟ้า-ร้อยเอ็ด","Yes","PASS",""
"https://amphon.co.th/%E0%B8%A3%E0%B8%B1%E0%B8%9A%E0%B8%8B%E0%B8%B7%E0%B9%89%E0%B8%AD/%E0%B8%A3%E0%B8%B1%E0%B8%9A%E0%B8%8B%E0%B8%B7%E0%B9%89%E0%B8%AD%E0%B9%80%E0%B8%84%E0%B8%A3%E0%B8%B7%E0%B9%88%E0%B8%AD%E0%B8%87%E0%B9%83%E0%B8%8A%E0%B9%89%E0%B9%84%E0%B8%9F%E0%B8%9F%E0%B9%89%E0%B8%B2-%E0%B8%A8%E0%B8%A3%E0%B8%B5%E0%B8%AA%E0%B8%B0%E0%B9%80%E0%B8%81%E0%B8%A9","200","0","https://amphon.co.th/%E0%B8%A3%E0%B8%B1%E0%B8%9A%E0%B8%8B%E0%B8%B7%E0%B9%89%E0%B8%AD/%E0%B8%A3%E0%B8%B1%E0%B8%9A%E0%B8%8B%E0%B8%B7%E0%B9%89%E0%B8%AD%E0%B9%80%E0%B8%84%E0%B8%A3%E0%B8%B7%E0%B9%88%E0%B8%AD%E0%B8%87%E0%B9%83%E0%B8%8A%E0%B9%89%E0%B9%84%E0%B8%9F%E0%B8%9F%E0%B9%89%E0%B8%B2-%E0%B8%A8%E0%B8%A3%E0%B8%B5%E0%B8%AA%E0%B8%B0%E0%B9%80%E0%B8%81%E0%B8%A9","https://amphon.co.th/รับซื้อ/รับซื้อเครื่องใช้ไฟฟ้า-ศรีสะเกษ","Yes","PASS",""
"https://amphon.co.th/%E0%B8%A3%E0%B8%B1%E0%B8%9A%E0%B8%8B%E0%B8%B7%E0%B9%89%E0%B8%AD/%E0%B8%A3%E0%B8%B1%E0%B8%9A%E0%B8%8B%E0%B8%B7%E0%B9%89%E0%B8%AD%E0%B9%80%E0%B8%84%E0%B8%A3%E0%B8%B7%E0%B9%88%E0%B8%AD%E0%B8%87%E0%B9%83%E0%B8%8A%E0%B9%89%E0%B9%84%E0%B8%9F%E0%B8%9F%E0%B9%89%E0%B8%B2-%E0%B8%AA%E0%B8%81%E0%B8%A5%E0%B8%99%E0%B8%84%E0%B8%A3","200","0","https://amphon.co.th/%E0%B8%A3%E0%B8%B1%E0%B8%9A%E0%B8%8B%E0%B8%B7%E0%B9%89%E0%B8%AD/%E0%B8%A3%E0%B8%B1%E0%B8%9A%E0%B8%8B%E0%B8%B7%E0%B9%89%E0%B8%AD%E0%B9%80%E0%B8%84%E0%B8%A3%E0%B8%B7%E0%B9%88%E0%B8%AD%E0%B8%87%E0%B9%83%E0%B8%8A%E0%B9%89%E0%B9%84%E0%B8%9F%E0%B8%9F%E0%B9%89%E0%B8%B2-%E0%B8%AA%E0%B8%81%E0%B8%A5%E0%B8%99%E0%B8%84%E0%B8%A3","https://amphon.co.th/รับซื้อ/รับซื้อเครื่องใช้ไฟฟ้า-สกลนคร","Yes","PASS",""
"https://amphon.co.th/%E0%B8%A3%E0%B8%B1%E0%B8%9A%E0%B8%8B%E0%B8%B7%E0%B9%89%E0%B8%AD/%E0%B8%A3%E0%B8%B1%E0%B8%9A%E0%B8%8B%E0%B8%B7%E0%B9%89%E0%B8%AD%E0%B9%80%E0%B8%84%E0%B8%A3%E0%B8%B7%E0%B9%88%E0%B8%AD%E0%B8%87%E0%B9%83%E0%B8%8A%E0%B9%89%E0%B9%84%E0%B8%9F%E0%B8%9F%E0%B9%89%E0%B8%B2-%E0%B8%AA%E0%B8%B8%E0%B8%A3%E0%B8%B4%E0%B8%99%E0%B8%97%E0%B8%A3%E0%B9%8C","200","0","https://amphon.co.th/%E0%B8%A3%E0%B8%B1%E0%B8%9A%E0%B8%8B%E0%B8%B7%E0%B9%89%E0%B8%AD/%E0%B8%A3%E0%B8%B1%E0%B8%9A%E0%B8%8B%E0%B8%B7%E0%B9%89%E0%B8%AD%E0%B9%80%E0%B8%84%E0%B8%A3%E0%B8%B7%E0%B9%88%E0%B8%AD%E0%B8%87%E0%B9%83%E0%B8%8A%E0%B9%89%E0%B9%84%E0%B8%9F%E0%B8%9F%E0%B9%89%E0%B8%B2-%E0%B8%AA%E0%B8%B8%E0%B8%A3%E0%B8%B4%E0%B8%99%E0%B8%97%E0%B8%A3%E0%B9%8C","https://amphon.co.th/รับซื้อ/รับซื้อเครื่องใช้ไฟฟ้า-สุรินทร์","Yes","PASS",""
"https://amphon.co.th/%E0%B8%A3%E0%B8%B1%E0%B8%9A%E0%B8%8B%E0%B8%B7%E0%B9%89%E0%B8%AD/%E0%B8%A3%E0%B8%B1%E0%B8%9A%E0%B8%8B%E0%B8%B7%E0%B9%89%E0%B8%AD%E0%B9%80%E0%B8%84%E0%B8%A3%E0%B8%B7%E0%B9%88%E0%B8%AD%E0%B8%87%E0%B9%83%E0%B8%8A%E0%B9%89%E0%B9%84%E0%B8%9F%E0%B8%9F%E0%B9%89%E0%B8%B2-%E0%B8%AB%E0%B8%99%E0%B8%AD%E0%B8%87%E0%B8%9A%E0%B8%B1%E0%B8%A7%E0%B8%A5%E0%B8%B3%E0%B8%A0%E0%B8%B9","200","0","https://amphon.co.th/%E0%B8%A3%E0%B8%B1%E0%B8%9A%E0%B8%8B%E0%B8%B7%E0%B9%89%E0%B8%AD/%E0%B8%A3%E0%B8%B1%E0%B8%9A%E0%B8%8B%E0%B8%B7%E0%B9%89%E0%B8%AD%E0%B9%80%E0%B8%84%E0%B8%A3%E0%B8%B7%E0%B9%88%E0%B8%AD%E0%B8%87%E0%B9%83%E0%B8%8A%E0%B9%89%E0%B9%84%E0%B8%9F%E0%B8%9F%E0%B9%89%E0%B8%B2-%E0%B8%AB%E0%B8%99%E0%B8%AD%E0%B8%87%E0%B8%9A%E0%B8%B1%E0%B8%A7%E0%B8%A5%E0%B8%B3%E0%B8%A0%E0%B8%B9","https://amphon.co.th/รับซื้อ/รับซื้อเครื่องใช้ไฟฟ้า-หนองบัวลำภู","Yes","PASS",""
"https://amphon.co.th/%E0%B8%A3%E0%B8%B1%E0%B8%9A%E0%B8%8B%E0%B8%B7%E0%B9%89%E0%B8%AD/%E0%B8%A3%E0%B8%B1%E0%B8%9A%E0%B8%8B%E0%B8%B7%E0%B9%89%E0%B8%AD%E0%B9%80%E0%B8%84%E0%B8%A3%E0%B8%B7%E0%B9%88%E0%B8%AD%E0%B8%87%E0%B9%83%E0%B8%8A%E0%B9%89%E0%B9%84%E0%B8%9F%E0%B8%9F%E0%B9%89%E0%B8%B2-%E0%B8%AB%E0%B8%99%E0%B8%AD%E0%B8%87%E0%B8%84%E0%B8%B2%E0%B8%A2","200","0","https://amphon.co.th/%E0%B8%A3%E0%B8%B1%E0%B8%9A%E0%B8%8B%E0%B8%B7%E0%B9%89%E0%B8%AD/%E0%B8%A3%E0%B8%B1%E0%B8%9A%E0%B8%8B%E0%B8%B7%E0%B9%89%E0%B8%AD%E0%B9%80%E0%B8%84%E0%B8%A3%E0%B8%B7%E0%B9%88%E0%B8%AD%E0%B8%87%E0%B9%83%E0%B8%8A%E0%B9%89%E0%B9%84%E0%B8%9F%E0%B8%9F%E0%B9%89%E0%B8%B2-%E0%B8%AB%E0%B8%99%E0%B8%AD%E0%B8%87%E0%B8%84%E0%B8%B2%E0%B8%A2","https://amphon.co.th/รับซื้อ/รับซื้อเครื่องใช้ไฟฟ้า-หนองคาย","Yes","PASS",""
"https://amphon.co.th/%E0%B8%A3%E0%B8%B1%E0%B8%9A%E0%B8%8B%E0%B8%B7%E0%B9%89%E0%B8%AD/%E0%B8%A3%E0%B8%B1%E0%B8%9A%E0%B8%8B%E0%B8%B7%E0%B9%89%E0%B8%AD%E0%B9%80%E0%B8%84%E0%B8%A3%E0%B8%B7%E0%B9%88%E0%B8%AD%E0%B8%87%E0%B9%83%E0%B8%8A%E0%B9%89%E0%B9%84%E0%B8%9F%E0%B8%9F%E0%B9%89%E0%B8%B2-%E0%B8%AD%E0%B8%B3%E0%B8%99%E0%B8%B2%E0%B8%88%E0%B9%80%E0%B8%88%E0%B8%A3%E0%B8%B4%E0%B8%8D","200","0","https://amphon.co.th/%E0%B8%A3%E0%B8%B1%E0%B8%9A%E0%B8%8B%E0%B8%B7%E0%B9%89%E0%B8%AD/%E0%B8%A3%E0%B8%B1%E0%B8%9A%E0%B8%8B%E0%B8%B7%E0%B9%89%E0%B8%AD%E0%B9%80%E0%B8%84%E0%B8%A3%E0%B8%B7%E0%B9%88%E0%B8%AD%E0%B8%87%E0%B9%83%E0%B8%8A%E0%B9%89%E0%B9%84%E0%B8%9F%E0%B8%9F%E0%B9%89%E0%B8%B2-%E0%B8%AD%E0%B8%B3%E0%B8%99%E0%B8%B2%E0%B8%88%E0%B9%80%E0%B8%88%E0%B8%A3%E0%B8%B4%E0%B8%8D","https://amphon.co.th/รับซื้อ/รับซื้อเครื่องใช้ไฟฟ้า-อำนาจเจริญ","Yes","PASS",""
"https://amphon.co.th/%E0%B8%A3%E0%B8%B1%E0%B8%9A%E0%B8%8B%E0%B8%B7%E0%B9%89%E0%B8%AD/%E0%B8%A3%E0%B8%B1%E0%B8%9A%E0%B8%8B%E0%B8%B7%E0%B9%89%E0%B8%AD%E0%B9%80%E0%B8%84%E0%B8%A3%E0%B8%B7%E0%B9%88%E0%B8%AD%E0%B8%87%E0%B9%83%E0%B8%8A%E0%B9%89%E0%B9%84%E0%B8%9F%E0%B8%9F%E0%B9%89%E0%B8%B2-%E0%B8%AD%E0%B8%B8%E0%B8%9A%E0%B8%A5%E0%B8%A3%E0%B8%B2%E0%B8%8A%E0%B8%98%E0%B8%B2%E0%B8%99%E0%B8%B5","200","0","https://amphon.co.th/%E0%B8%A3%E0%B8%B1%E0%B8%9A%E0%B8%8B%E0%B8%B7%E0%B9%89%E0%B8%AD/%E0%B8%A3%E0%B8%B1%E0%B8%9A%E0%B8%8B%E0%B8%B7%E0%B9%89%E0%B8%AD%E0%B9%80%E0%B8%84%E0%B8%A3%E0%B8%B7%E0%B9%88%E0%B8%AD%E0%B8%87%E0%B9%83%E0%B8%8A%E0%B9%89%E0%B9%84%E0%B8%9F%E0%B8%9F%E0%B9%89%E0%B8%B2-%E0%B8%AD%E0%B8%B8%E0%B8%9A%E0%B8%A5%E0%B8%A3%E0%B8%B2%E0%B8%8A%E0%B8%98%E0%B8%B2%E0%B8%99%E0%B8%B5","https://amphon.co.th/รับซื้อ/รับซื้อเครื่องใช้ไฟฟ้า-อุบลราชธานี","Yes","PASS",""
"https://amphon.co.th/%E0%B8%A3%E0%B8%B1%E0%B8%9A%E0%B8%8B%E0%B8%B7%E0%B9%89%E0%B8%AD/%E0%B8%A3%E0%B8%B1%E0%B8%9A%E0%B8%8B%E0%B8%B7%E0%B9%89%E0%B8%AD%E0%B9%80%E0%B8%84%E0%B8%A3%E0%B8%B7%E0%B9%88%E0%B8%AD%E0%B8%87%E0%B9%83%E0%B8%8A%E0%B9%89%E0%B9%84%E0%B8%9F%E0%B8%9F%E0%B9%89%E0%B8%B2-%E0%B8%AD%E0%B8%B8%E0%B8%94%E0%B8%A3%E0%B8%98%E0%B8%B2%E0%B8%99%E0%B8%B5","200","0","https://amphon.co.th/%E0%B8%A3%E0%B8%B1%E0%B8%9A%E0%B8%8B%E0%B8%B7%E0%B9%89%E0%B8%AD/%E0%B8%A3%E0%B8%B1%E0%B8%9A%E0%B8%8B%E0%B8%B7%E0%B9%89%E0%B8%AD%E0%B9%80%E0%B8%84%E0%B8%A3%E0%B8%B7%E0%B9%88%E0%B8%AD%E0%B8%87%E0%B9%83%E0%B8%8A%E0%B9%89%E0%B9%84%E0%B8%9F%E0%B8%9F%E0%B9%89%E0%B8%B2-%E0%B8%AD%E0%B8%B8%E0%B8%94%E0%B8%A3%E0%B8%98%E0%B8%B2%E0%B8%99%E0%B8%B5","https://amphon.co.th/รับซื้อ/รับซื้อเครื่องใช้ไฟฟ้า-อุดรธานี","Yes","PASS",""
"https://amphon.co.th/%E0%B8%A3%E0%B8%B1%E0%B8%9A%E0%B8%8B%E0%B8%B7%E0%B9%89%E0%B8%AD/%E0%B8%A3%E0%B8%B1%E0%B8%9A%E0%B8%8B%E0%B8%B7%E0%B9%89%E0%B8%AD%E0%B9%80%E0%B8%84%E0%B8%A3%E0%B8%B7%E0%B9%88%E0%B8%AD%E0%B8%87%E0%B9%83%E0%B8%8A%E0%B9%89%E0%B9%84%E0%B8%9F%E0%B8%9F%E0%B9%89%E0%B8%B2-%E0%B9%80%E0%B8%A5%E0%B8%A2","200","0","https://amphon.co.th/%E0%B8%A3%E0%B8%B1%E0%B8%9A%E0%B8%8B%E0%B8%B7%E0%B9%89%E0%B8%AD/%E0%B8%A3%E0%B8%B1%E0%B8%9A%E0%B8%8B%E0%B8%B7%E0%B9%89%E0%B8%AD%E0%B9%80%E0%B8%84%E0%B8%A3%E0%B8%B7%E0%B9%88%E0%B8%AD%E0%B8%87%E0%B9%83%E0%B8%8A%E0%B9%89%E0%B9%84%E0%B8%9F%E0%B8%9F%E0%B9%89%E0%B8%B2-%E0%B9%80%E0%B8%A5%E0%B8%A2","https://amphon.co.th/รับซื้อ/รับซื้อเครื่องใช้ไฟฟ้า-เลย","Yes","PASS",""
"https://amphon.co.th/%E0%B8%A3%E0%B8%B1%E0%B8%9A%E0%B8%8B%E0%B8%B7%E0%B9%89%E0%B8%AD/%E0%B8%A3%E0%B8%B1%E0%B8%9A%E0%B8%8B%E0%B8%B7%E0%B9%89%E0%B8%AD%E0%B9%80%E0%B8%A1%E0%B8%99%E0%B8%9A%E0%B8%AD%E0%B8%A3%E0%B9%8C%E0%B8%94-%E0%B8%8A%E0%B8%B1%E0%B8%A2%E0%B8%A0%E0%B8%B9%E0%B8%A1%E0%B8%B4","200","0","https://amphon.co.th/%E0%B8%A3%E0%B8%B1%E0%B8%9A%E0%B8%8B%E0%B8%B7%E0%B9%89%E0%B8%AD/%E0%B8%A3%E0%B8%B1%E0%B8%9A%E0%B8%8B%E0%B8%B7%E0%B9%89%E0%B8%AD%E0%B9%80%E0%B8%A1%E0%B8%99%E0%B8%9A%E0%B8%AD%E0%B8%A3%E0%B9%8C%E0%B8%94-%E0%B8%8A%E0%B8%B1%E0%B8%A2%E0%B8%A0%E0%B8%B9%E0%B8%A1%E0%B8%B4","https://amphon.co.th/รับซื้อ/รับซื้อเมนบอร์ด-ชัยภูมิ","Yes","PASS",""
"https://amphon.co.th/%E0%B8%A3%E0%B8%B1%E0%B8%9A%E0%B8%8B%E0%B8%B7%E0%B9%89%E0%B8%AD/%E0%B8%A3%E0%B8%B1%E0%B8%9A%E0%B8%8B%E0%B8%B7%E0%B9%89%E0%B8%AD%E0%B9%80%E0%B8%A1%E0%B8%99%E0%B8%9A%E0%B8%AD%E0%B8%A3%E0%B9%8C%E0%B8%94-%E0%B8%9A%E0%B8%B6%E0%B8%87%E0%B8%81%E0%B8%B2%E0%B8%AC","200","0","https://amphon.co.th/%E0%B8%A3%E0%B8%B1%E0%B8%9A%E0%B8%8B%E0%B8%B7%E0%B9%89%E0%B8%AD/%E0%B8%A3%E0%B8%B1%E0%B8%9A%E0%B8%8B%E0%B8%B7%E0%B9%89%E0%B8%AD%E0%B9%80%E0%B8%A1%E0%B8%99%E0%B8%9A%E0%B8%AD%E0%B8%A3%E0%B9%8C%E0%B8%94-%E0%B8%9A%E0%B8%B6%E0%B8%87%E0%B8%81%E0%B8%B2%E0%B8%AC","https://amphon.co.th/รับซื้อ/รับซื้อเมนบอร์ด-บึงกาฬ","Yes","PASS",""
"https://amphon.co.th/%E0%B8%A3%E0%B8%B1%E0%B8%9A%E0%B8%8B%E0%B8%B7%E0%B9%89%E0%B8%AD/%E0%B8%A3%E0%B8%B1%E0%B8%9A%E0%B8%8B%E0%B8%B7%E0%B9%89%E0%B8%AD%E0%B9%80%E0%B8%A1%E0%B8%99%E0%B8%9A%E0%B8%AD%E0%B8%A3%E0%B9%8C%E0%B8%94-%E0%B8%9A%E0%B8%B8%E0%B8%A3%E0%B8%B5%E0%B8%A3%E0%B8%B1%E0%B8%A1%E0%B8%A2%E0%B9%8C","200","0","https://amphon.co.th/%E0%B8%A3%E0%B8%B1%E0%B8%9A%E0%B8%8B%E0%B8%B7%E0%B9%89%E0%B8%AD/%E0%B8%A3%E0%B8%B1%E0%B8%9A%E0%B8%8B%E0%B8%B7%E0%B9%89%E0%B8%AD%E0%B9%80%E0%B8%A1%E0%B8%99%E0%B8%9A%E0%B8%AD%E0%B8%A3%E0%B9%8C%E0%B8%94-%E0%B8%9A%E0%B8%B8%E0%B8%A3%E0%B8%B5%E0%B8%A3%E0%B8%B1%E0%B8%A1%E0%B8%A2%E0%B9%8C","https://amphon.co.th/รับซื้อ/รับซื้อเมนบอร์ด-บุรีรัมย์","Yes","PASS",""
"https://amphon.co.th/%E0%B8%A3%E0%B8%B1%E0%B8%9A%E0%B8%8B%E0%B8%B7%E0%B9%89%E0%B8%AD/%E0%B8%A3%E0%B8%B1%E0%B8%9A%E0%B8%8B%E0%B8%B7%E0%B9%89%E0%B8%AD%E0%B9%80%E0%B8%A1%E0%B8%99%E0%B8%9A%E0%B8%AD%E0%B8%A3%E0%B9%8C%E0%B8%94-%E0%B8%81%E0%B8%B2%E0%B8%AC%E0%B8%AA%E0%B8%B4%E0%B8%99%E0%B8%98%E0%B8%B8%E0%B9%8C","200","0","https://amphon.co.th/%E0%B8%A3%E0%B8%B1%E0%B8%9A%E0%B8%8B%E0%B8%B7%E0%B9%89%E0%B8%AD/%E0%B8%A3%E0%B8%B1%E0%B8%9A%E0%B8%8B%E0%B8%B7%E0%B9%89%E0%B8%AD%E0%B9%80%E0%B8%A1%E0%B8%99%E0%B8%9A%E0%B8%AD%E0%B8%A3%E0%B9%8C%E0%B8%94-%E0%B8%81%E0%B8%B2%E0%B8%AC%E0%B8%AA%E0%B8%B4%E0%B8%99%E0%B8%98%E0%B8%B8%E0%B9%8C","https://amphon.co.th/รับซื้อ/รับซื้อเมนบอร์ด-กาฬสินธุ์","Yes","PASS",""
"https://amphon.co.th/%E0%B8%A3%E0%B8%B1%E0%B8%9A%E0%B8%8B%E0%B8%B7%E0%B9%89%E0%B8%AD/%E0%B8%A3%E0%B8%B1%E0%B8%9A%E0%B8%8B%E0%B8%B7%E0%B9%89%E0%B8%AD%E0%B9%80%E0%B8%A1%E0%B8%99%E0%B8%9A%E0%B8%AD%E0%B8%A3%E0%B9%8C%E0%B8%94-%E0%B8%82%E0%B8%AD%E0%B8%99%E0%B9%81%E0%B8%81%E0%B9%88%E0%B8%99","200","0","https://amphon.co.th/%E0%B8%A3%E0%B8%B1%E0%B8%9A%E0%B8%8B%E0%B8%B7%E0%B9%89%E0%B8%AD/%E0%B8%A3%E0%B8%B1%E0%B8%9A%E0%B8%8B%E0%B8%B7%E0%B9%89%E0%B8%AD%E0%B9%80%E0%B8%A1%E0%B8%99%E0%B8%9A%E0%B8%AD%E0%B8%A3%E0%B9%8C%E0%B8%94-%E0%B8%82%E0%B8%AD%E0%B8%99%E0%B9%81%E0%B8%81%E0%B9%88%E0%B8%99","https://amphon.co.th/รับซื้อ/รับซื้อเมนบอร์ด-ขอนแก่น","Yes","PASS",""
"https://amphon.co.th/%E0%B8%A3%E0%B8%B1%E0%B8%9A%E0%B8%8B%E0%B8%B7%E0%B9%89%E0%B8%AD/%E0%B8%A3%E0%B8%B1%E0%B8%9A%E0%B8%8B%E0%B8%B7%E0%B9%89%E0%B8%AD%E0%B9%80%E0%B8%A1%E0%B8%99%E0%B8%9A%E0%B8%AD%E0%B8%A3%E0%B9%8C%E0%B8%94-%E0%B8%99%E0%B8%84%E0%B8%A3%E0%B8%9E%E0%B8%99%E0%B8%A1","200","0","https://amphon.co.th/%E0%B8%A3%E0%B8%B1%E0%B8%9A%E0%B8%8B%E0%B8%B7%E0%B9%89%E0%B8%AD/%E0%B8%A3%E0%B8%B1%E0%B8%9A%E0%B8%8B%E0%B8%B7%E0%B9%89%E0%B8%AD%E0%B9%80%E0%B8%A1%E0%B8%99%E0%B8%9A%E0%B8%AD%E0%B8%A3%E0%B9%8C%E0%B8%94-%E0%B8%99%E0%B8%84%E0%B8%A3%E0%B8%9E%E0%B8%99%E0%B8%A1","https://amphon.co.th/รับซื้อ/รับซื้อเมนบอร์ด-นครพนม","Yes","PASS",""
"https://amphon.co.th/%E0%B8%A3%E0%B8%B1%E0%B8%9A%E0%B8%8B%E0%B8%B7%E0%B9%89%E0%B8%AD/%E0%B8%A3%E0%B8%B1%E0%B8%9A%E0%B8%8B%E0%B8%B7%E0%B9%89%E0%B8%AD%E0%B9%80%E0%B8%A1%E0%B8%99%E0%B8%9A%E0%B8%AD%E0%B8%A3%E0%B9%8C%E0%B8%94-%E0%B8%99%E0%B8%84%E0%B8%A3%E0%B8%A3%E0%B8%B2%E0%B8%8A%E0%B8%AA%E0%B8%B5%E0%B8%A1%E0%B8%B2","200","0","https://amphon.co.th/%E0%B8%A3%E0%B8%B1%E0%B8%9A%E0%B8%8B%E0%B8%B7%E0%B9%89%E0%B8%AD/%E0%B8%A3%E0%B8%B1%E0%B8%9A%E0%B8%8B%E0%B8%B7%E0%B9%89%E0%B8%AD%E0%B9%80%E0%B8%A1%E0%B8%99%E0%B8%9A%E0%B8%AD%E0%B8%A3%E0%B9%8C%E0%B8%94-%E0%B8%99%E0%B8%84%E0%B8%A3%E0%B8%A3%E0%B8%B2%E0%B8%8A%E0%B8%AA%E0%B8%B5%E0%B8%A1%E0%B8%B2","https://amphon.co.th/รับซื้อ/รับซื้อเมนบอร์ด-นครราชสีมา","Yes","PASS",""
"https://amphon.co.th/%E0%B8%A3%E0%B8%B1%E0%B8%9A%E0%B8%8B%E0%B8%B7%E0%B9%89%E0%B8%AD/%E0%B8%A3%E0%B8%B1%E0%B8%9A%E0%B8%8B%E0%B8%B7%E0%B9%89%E0%B8%AD%E0%B9%80%E0%B8%A1%E0%B8%99%E0%B8%9A%E0%B8%AD%E0%B8%A3%E0%B9%8C%E0%B8%94-%E0%B8%A1%E0%B8%AB%E0%B8%B2%E0%B8%AA%E0%B8%B2%E0%B8%A3%E0%B8%84%E0%B8%B2%E0%B8%A1","200","0","https://amphon.co.th/%E0%B8%A3%E0%B8%B1%E0%B8%9A%E0%B8%8B%E0%B8%B7%E0%B9%89%E0%B8%AD/%E0%B8%A3%E0%B8%B1%E0%B8%9A%E0%B8%8B%E0%B8%B7%E0%B9%89%E0%B8%AD%E0%B9%80%E0%B8%A1%E0%B8%99%E0%B8%9A%E0%B8%AD%E0%B8%A3%E0%B9%8C%E0%B8%94-%E0%B8%A1%E0%B8%AB%E0%B8%B2%E0%B8%AA%E0%B8%B2%E0%B8%A3%E0%B8%84%E0%B8%B2%E0%B8%A1","https://amphon.co.th/รับซื้อ/รับซื้อเมนบอร์ด-มหาสารคาม","Yes","PASS",""
"https://amphon.co.th/%E0%B8%A3%E0%B8%B1%E0%B8%9A%E0%B8%8B%E0%B8%B7%E0%B9%89%E0%B8%AD/%E0%B8%A3%E0%B8%B1%E0%B8%9A%E0%B8%8B%E0%B8%B7%E0%B9%89%E0%B8%AD%E0%B9%80%E0%B8%A1%E0%B8%99%E0%B8%9A%E0%B8%AD%E0%B8%A3%E0%B9%8C%E0%B8%94-%E0%B8%A1%E0%B8%B8%E0%B8%81%E0%B8%94%E0%B8%B2%E0%B8%AB%E0%B8%B2%E0%B8%A3","200","0","https://amphon.co.th/%E0%B8%A3%E0%B8%B1%E0%B8%9A%E0%B8%8B%E0%B8%B7%E0%B9%89%E0%B8%AD/%E0%B8%A3%E0%B8%B1%E0%B8%9A%E0%B8%8B%E0%B8%B7%E0%B9%89%E0%B8%AD%E0%B9%80%E0%B8%A1%E0%B8%99%E0%B8%9A%E0%B8%AD%E0%B8%A3%E0%B9%8C%E0%B8%94-%E0%B8%A1%E0%B8%B8%E0%B8%81%E0%B8%94%E0%B8%B2%E0%B8%AB%E0%B8%B2%E0%B8%A3","https://amphon.co.th/รับซื้อ/รับซื้อเมนบอร์ด-มุกดาหาร","Yes","PASS",""
"https://amphon.co.th/%E0%B8%A3%E0%B8%B1%E0%B8%9A%E0%B8%8B%E0%B8%B7%E0%B9%89%E0%B8%AD/%E0%B8%A3%E0%B8%B1%E0%B8%9A%E0%B8%8B%E0%B8%B7%E0%B9%89%E0%B8%AD%E0%B9%80%E0%B8%A1%E0%B8%99%E0%B8%9A%E0%B8%AD%E0%B8%A3%E0%B9%8C%E0%B8%94-%E0%B8%A2%E0%B9%82%E0%B8%AA%E0%B8%98%E0%B8%A3","200","0","https://amphon.co.th/%E0%B8%A3%E0%B8%B1%E0%B8%9A%E0%B8%8B%E0%B8%B7%E0%B9%89%E0%B8%AD/%E0%B8%A3%E0%B8%B1%E0%B8%9A%E0%B8%8B%E0%B8%B7%E0%B9%89%E0%B8%AD%E0%B9%80%E0%B8%A1%E0%B8%99%E0%B8%9A%E0%B8%AD%E0%B8%A3%E0%B9%8C%E0%B8%94-%E0%B8%A2%E0%B9%82%E0%B8%AA%E0%B8%98%E0%B8%A3","https://amphon.co.th/รับซื้อ/รับซื้อเมนบอร์ด-ยโสธร","Yes","PASS",""
"https://amphon.co.th/%E0%B8%A3%E0%B8%B1%E0%B8%9A%E0%B8%8B%E0%B8%B7%E0%B9%89%E0%B8%AD/%E0%B8%A3%E0%B8%B1%E0%B8%9A%E0%B8%8B%E0%B8%B7%E0%B9%89%E0%B8%AD%E0%B9%80%E0%B8%A1%E0%B8%99%E0%B8%9A%E0%B8%AD%E0%B8%A3%E0%B9%8C%E0%B8%94-%E0%B8%A3%E0%B9%89%E0%B8%AD%E0%B8%A2%E0%B9%80%E0%B8%AD%E0%B9%87%E0%B8%94","200","0","https://amphon.co.th/%E0%B8%A3%E0%B8%B1%E0%B8%9A%E0%B8%8B%E0%B8%B7%E0%B9%89%E0%B8%AD/%E0%B8%A3%E0%B8%B1%E0%B8%9A%E0%B8%8B%E0%B8%B7%E0%B9%89%E0%B8%AD%E0%B9%80%E0%B8%A1%E0%B8%99%E0%B8%9A%E0%B8%AD%E0%B8%A3%E0%B9%8C%E0%B8%94-%E0%B8%A3%E0%B9%89%E0%B8%AD%E0%B8%A2%E0%B9%80%E0%B8%AD%E0%B9%87%E0%B8%94","https://amphon.co.th/รับซื้อ/รับซื้อเมนบอร์ด-ร้อยเอ็ด","Yes","PASS",""
"https://amphon.co.th/%E0%B8%A3%E0%B8%B1%E0%B8%9A%E0%B8%8B%E0%B8%B7%E0%B9%89%E0%B8%AD/%E0%B8%A3%E0%B8%B1%E0%B8%9A%E0%B8%8B%E0%B8%B7%E0%B9%89%E0%B8%AD%E0%B9%80%E0%B8%A1%E0%B8%99%E0%B8%9A%E0%B8%AD%E0%B8%A3%E0%B9%8C%E0%B8%94-%E0%B8%A8%E0%B8%A3%E0%B8%B5%E0%B8%AA%E0%B8%B0%E0%B9%80%E0%B8%81%E0%B8%A9","200","0","https://amphon.co.th/%E0%B8%A3%E0%B8%B1%E0%B8%9A%E0%B8%8B%E0%B8%B7%E0%B9%89%E0%B8%AD/%E0%B8%A3%E0%B8%B1%E0%B8%9A%E0%B8%8B%E0%B8%B7%E0%B9%89%E0%B8%AD%E0%B9%80%E0%B8%A1%E0%B8%99%E0%B8%9A%E0%B8%AD%E0%B8%A3%E0%B9%8C%E0%B8%94-%E0%B8%A8%E0%B8%A3%E0%B8%B5%E0%B8%AA%E0%B8%B0%E0%B9%80%E0%B8%81%E0%B8%A9","https://amphon.co.th/รับซื้อ/รับซื้อเมนบอร์ด-ศรีสะเกษ","Yes","PASS",""
"https://amphon.co.th/%E0%B8%A3%E0%B8%B1%E0%B8%9A%E0%B8%8B%E0%B8%B7%E0%B9%89%E0%B8%AD/%E0%B8%A3%E0%B8%B1%E0%B8%9A%E0%B8%8B%E0%B8%B7%E0%B9%89%E0%B8%AD%E0%B9%80%E0%B8%A1%E0%B8%99%E0%B8%9A%E0%B8%AD%E0%B8%A3%E0%B9%8C%E0%B8%94-%E0%B8%AA%E0%B8%81%E0%B8%A5%E0%B8%99%E0%B8%84%E0%B8%A3","200","0","https://amphon.co.th/%E0%B8%A3%E0%B8%B1%E0%B8%9A%E0%B8%8B%E0%B8%B7%E0%B9%89%E0%B8%AD/%E0%B8%A3%E0%B8%B1%E0%B8%9A%E0%B8%8B%E0%B8%B7%E0%B9%89%E0%B8%AD%E0%B9%80%E0%B8%A1%E0%B8%99%E0%B8%9A%E0%B8%AD%E0%B8%A3%E0%B9%8C%E0%B8%94-%E0%B8%AA%E0%B8%81%E0%B8%A5%E0%B8%99%E0%B8%84%E0%B8%A3","https://amphon.co.th/รับซื้อ/รับซื้อเมนบอร์ด-สกลนคร","Yes","PASS",""
"https://amphon.co.th/%E0%B8%A3%E0%B8%B1%E0%B8%9A%E0%B8%8B%E0%B8%B7%E0%B9%89%E0%B8%AD/%E0%B8%A3%E0%B8%B1%E0%B8%9A%E0%B8%8B%E0%B8%B7%E0%B9%89%E0%B8%AD%E0%B9%80%E0%B8%A1%E0%B8%99%E0%B8%9A%E0%B8%AD%E0%B8%A3%E0%B9%8C%E0%B8%94-%E0%B8%AA%E0%B8%B8%E0%B8%A3%E0%B8%B4%E0%B8%99%E0%B8%97%E0%B8%A3%E0%B9%8C","200","0","https://amphon.co.th/%E0%B8%A3%E0%B8%B1%E0%B8%9A%E0%B8%8B%E0%B8%B7%E0%B9%89%E0%B8%AD/%E0%B8%A3%E0%B8%B1%E0%B8%9A%E0%B8%8B%E0%B8%B7%E0%B9%89%E0%B8%AD%E0%B9%80%E0%B8%A1%E0%B8%99%E0%B8%9A%E0%B8%AD%E0%B8%A3%E0%B9%8C%E0%B8%94-%E0%B8%AA%E0%B8%B8%E0%B8%A3%E0%B8%B4%E0%B8%99%E0%B8%97%E0%B8%A3%E0%B9%8C","https://amphon.co.th/รับซื้อ/รับซื้อเมนบอร์ด-สุรินทร์","Yes","PASS",""
"https://amphon.co.th/%E0%B8%A3%E0%B8%B1%E0%B8%9A%E0%B8%8B%E0%B8%B7%E0%B9%89%E0%B8%AD/%E0%B8%A3%E0%B8%B1%E0%B8%9A%E0%B8%8B%E0%B8%B7%E0%B9%89%E0%B8%AD%E0%B9%80%E0%B8%A1%E0%B8%99%E0%B8%9A%E0%B8%AD%E0%B8%A3%E0%B9%8C%E0%B8%94-%E0%B8%AB%E0%B8%99%E0%B8%AD%E0%B8%87%E0%B8%9A%E0%B8%B1%E0%B8%A7%E0%B8%A5%E0%B8%B3%E0%B8%A0%E0%B8%B9","200","0","https://amphon.co.th/%E0%B8%A3%E0%B8%B1%E0%B8%9A%E0%B8%8B%E0%B8%B7%E0%B9%89%E0%B8%AD/%E0%B8%A3%E0%B8%B1%E0%B8%9A%E0%B8%8B%E0%B8%B7%E0%B9%89%E0%B8%AD%E0%B9%80%E0%B8%A1%E0%B8%99%E0%B8%9A%E0%B8%AD%E0%B8%A3%E0%B9%8C%E0%B8%94-%E0%B8%AB%E0%B8%99%E0%B8%AD%E0%B8%87%E0%B8%9A%E0%B8%B1%E0%B8%A7%E0%B8%A5%E0%B8%B3%E0%B8%A0%E0%B8%B9","https://amphon.co.th/รับซื้อ/รับซื้อเมนบอร์ด-หนองบัวลำภู","Yes","PASS",""
"https://amphon.co.th/%E0%B8%A3%E0%B8%B1%E0%B8%9A%E0%B8%8B%E0%B8%B7%E0%B9%89%E0%B8%AD/%E0%B8%A3%E0%B8%B1%E0%B8%9A%E0%B8%8B%E0%B8%B7%E0%B9%89%E0%B8%AD%E0%B9%80%E0%B8%A1%E0%B8%99%E0%B8%9A%E0%B8%AD%E0%B8%A3%E0%B9%8C%E0%B8%94-%E0%B8%AB%E0%B8%99%E0%B8%AD%E0%B8%87%E0%B8%84%E0%B8%B2%E0%B8%A2","200","0","https://amphon.co.th/%E0%B8%A3%E0%B8%B1%E0%B8%9A%E0%B8%8B%E0%B8%B7%E0%B9%89%E0%B8%AD/%E0%B8%A3%E0%B8%B1%E0%B8%9A%E0%B8%8B%E0%B8%B7%E0%B9%89%E0%B8%AD%E0%B9%80%E0%B8%A1%E0%B8%99%E0%B8%9A%E0%B8%AD%E0%B8%A3%E0%B9%8C%E0%B8%94-%E0%B8%AB%E0%B8%99%E0%B8%AD%E0%B8%87%E0%B8%84%E0%B8%B2%E0%B8%A2","https://amphon.co.th/รับซื้อ/รับซื้อเมนบอร์ด-หนองคาย","Yes","PASS",""
"https://amphon.co.th/%E0%B8%A3%E0%B8%B1%E0%B8%9A%E0%B8%8B%E0%B8%B7%E0%B9%89%E0%B8%AD/%E0%B8%A3%E0%B8%B1%E0%B8%9A%E0%B8%8B%E0%B8%B7%E0%B9%89%E0%B8%AD%E0%B9%80%E0%B8%A1%E0%B8%99%E0%B8%9A%E0%B8%AD%E0%B8%A3%E0%B9%8C%E0%B8%94-%E0%B8%AD%E0%B8%B3%E0%B8%99%E0%B8%B2%E0%B8%88%E0%B9%80%E0%B8%88%E0%B8%A3%E0%B8%B4%E0%B8%8D","200","0","https://amphon.co.th/%E0%B8%A3%E0%B8%B1%E0%B8%9A%E0%B8%8B%E0%B8%B7%E0%B9%89%E0%B8%AD/%E0%B8%A3%E0%B8%B1%E0%B8%9A%E0%B8%8B%E0%B8%B7%E0%B9%89%E0%B8%AD%E0%B9%80%E0%B8%A1%E0%B8%99%E0%B8%9A%E0%B8%AD%E0%B8%A3%E0%B9%8C%E0%B8%94-%E0%B8%AD%E0%B8%B3%E0%B8%99%E0%B8%B2%E0%B8%88%E0%B9%80%E0%B8%88%E0%B8%A3%E0%B8%B4%E0%B8%8D","https://amphon.co.th/รับซื้อ/รับซื้อเมนบอร์ด-อำนาจเจริญ","Yes","PASS",""
"https://amphon.co.th/%E0%B8%A3%E0%B8%B1%E0%B8%9A%E0%B8%8B%E0%B8%B7%E0%B9%89%E0%B8%AD/%E0%B8%A3%E0%B8%B1%E0%B8%9A%E0%B8%8B%E0%B8%B7%E0%B9%89%E0%B8%AD%E0%B9%80%E0%B8%A1%E0%B8%99%E0%B8%9A%E0%B8%AD%E0%B8%A3%E0%B9%8C%E0%B8%94-%E0%B8%AD%E0%B8%B8%E0%B8%9A%E0%B8%A5%E0%B8%A3%E0%B8%B2%E0%B8%8A%E0%B8%98%E0%B8%B2%E0%B8%99%E0%B8%B5","200","0","https://amphon.co.th/%E0%B8%A3%E0%B8%B1%E0%B8%9A%E0%B8%8B%E0%B8%B7%E0%B9%89%E0%B8%AD/%E0%B8%A3%E0%B8%B1%E0%B8%9A%E0%B8%8B%E0%B8%B7%E0%B9%89%E0%B8%AD%E0%B9%80%E0%B8%A1%E0%B8%99%E0%B8%9A%E0%B8%AD%E0%B8%A3%E0%B9%8C%E0%B8%94-%E0%B8%AD%E0%B8%B8%E0%B8%9A%E0%B8%A5%E0%B8%A3%E0%B8%B2%E0%B8%8A%E0%B8%98%E0%B8%B2%E0%B8%99%E0%B8%B5","https://amphon.co.th/รับซื้อ/รับซื้อเมนบอร์ด-อุบลราชธานี","Yes","PASS",""
"https://amphon.co.th/%E0%B8%A3%E0%B8%B1%E0%B8%9A%E0%B8%8B%E0%B8%B7%E0%B9%89%E0%B8%AD/%E0%B8%A3%E0%B8%B1%E0%B8%9A%E0%B8%8B%E0%B8%B7%E0%B9%89%E0%B8%AD%E0%B9%80%E0%B8%A1%E0%B8%99%E0%B8%9A%E0%B8%AD%E0%B8%A3%E0%B9%8C%E0%B8%94-%E0%B8%AD%E0%B8%B8%E0%B8%94%E0%B8%A3%E0%B8%98%E0%B8%B2%E0%B8%99%E0%B8%B5","200","0","https://amphon.co.th/%E0%B8%A3%E0%B8%B1%E0%B8%9A%E0%B8%8B%E0%B8%B7%E0%B9%89%E0%B8%AD/%E0%B8%A3%E0%B8%B1%E0%B8%9A%E0%B8%8B%E0%B8%B7%E0%B9%89%E0%B8%AD%E0%B9%80%E0%B8%A1%E0%B8%99%E0%B8%9A%E0%B8%AD%E0%B8%A3%E0%B9%8C%E0%B8%94-%E0%B8%AD%E0%B8%B8%E0%B8%94%E0%B8%A3%E0%B8%98%E0%B8%B2%E0%B8%99%E0%B8%B5","https://amphon.co.th/รับซื้อ/รับซื้อเมนบอร์ด-อุดรธานี","Yes","PASS",""
"https://amphon.co.th/%E0%B8%A3%E0%B8%B1%E0%B8%9A%E0%B8%8B%E0%B8%B7%E0%B9%89%E0%B8%AD/%E0%B8%A3%E0%B8%B1%E0%B8%9A%E0%B8%8B%E0%B8%B7%E0%B9%89%E0%B8%AD%E0%B9%80%E0%B8%A1%E0%B8%99%E0%B8%9A%E0%B8%AD%E0%B8%A3%E0%B9%8C%E0%B8%94-%E0%B9%80%E0%B8%A5%E0%B8%A2","200","0","https://amphon.co.th/%E0%B8%A3%E0%B8%B1%E0%B8%9A%E0%B8%8B%E0%B8%B7%E0%B9%89%E0%B8%AD/%E0%B8%A3%E0%B8%B1%E0%B8%9A%E0%B8%8B%E0%B8%B7%E0%B9%89%E0%B8%AD%E0%B9%80%E0%B8%A1%E0%B8%99%E0%B8%9A%E0%B8%AD%E0%B8%A3%E0%B9%8C%E0%B8%94-%E0%B9%80%E0%B8%A5%E0%B8%A2","https://amphon.co.th/รับซื้อ/รับซื้อเมนบอร์ด-เลย","Yes","PASS",""
"https://amphon.co.th/%E0%B8%A3%E0%B8%B1%E0%B8%9A%E0%B8%8B%E0%B8%B7%E0%B9%89%E0%B8%AD/%E0%B8%A3%E0%B8%B1%E0%B8%9A%E0%B8%8B%E0%B8%B7%E0%B9%89%E0%B8%AD%E0%B9%81%E0%B8%97%E0%B9%87%E0%B8%9A%E0%B9%80%E0%B8%A5%E0%B9%87%E0%B8%95-%E0%B8%8A%E0%B8%B1%E0%B8%A2%E0%B8%A0%E0%B8%B9%E0%B8%A1%E0%B8%B4","200","0","https://amphon.co.th/%E0%B8%A3%E0%B8%B1%E0%B8%9A%E0%B8%8B%E0%B8%B7%E0%B9%89%E0%B8%AD/%E0%B8%A3%E0%B8%B1%E0%B8%9A%E0%B8%8B%E0%B8%B7%E0%B9%89%E0%B8%AD%E0%B9%81%E0%B8%97%E0%B9%87%E0%B8%9A%E0%B9%80%E0%B8%A5%E0%B9%87%E0%B8%95-%E0%B8%8A%E0%B8%B1%E0%B8%A2%E0%B8%A0%E0%B8%B9%E0%B8%A1%E0%B8%B4","https://amphon.co.th/รับซื้อ/รับซื้อแท็บเล็ต-ชัยภูมิ","Yes","PASS",""
"https://amphon.co.th/%E0%B8%A3%E0%B8%B1%E0%B8%9A%E0%B8%8B%E0%B8%B7%E0%B9%89%E0%B8%AD/%E0%B8%A3%E0%B8%B1%E0%B8%9A%E0%B8%8B%E0%B8%B7%E0%B9%89%E0%B8%AD%E0%B9%81%E0%B8%97%E0%B9%87%E0%B8%9A%E0%B9%80%E0%B8%A5%E0%B9%87%E0%B8%95-%E0%B8%9A%E0%B8%B6%E0%B8%87%E0%B8%81%E0%B8%B2%E0%B8%AC","200","0","https://amphon.co.th/%E0%B8%A3%E0%B8%B1%E0%B8%9A%E0%B8%8B%E0%B8%B7%E0%B9%89%E0%B8%AD/%E0%B8%A3%E0%B8%B1%E0%B8%9A%E0%B8%8B%E0%B8%B7%E0%B9%89%E0%B8%AD%E0%B9%81%E0%B8%97%E0%B9%87%E0%B8%9A%E0%B9%80%E0%B8%A5%E0%B9%87%E0%B8%95-%E0%B8%9A%E0%B8%B6%E0%B8%87%E0%B8%81%E0%B8%B2%E0%B8%AC","https://amphon.co.th/รับซื้อ/รับซื้อแท็บเล็ต-บึงกาฬ","Yes","PASS",""
"https://amphon.co.th/%E0%B8%A3%E0%B8%B1%E0%B8%9A%E0%B8%8B%E0%B8%B7%E0%B9%89%E0%B8%AD/%E0%B8%A3%E0%B8%B1%E0%B8%9A%E0%B8%8B%E0%B8%B7%E0%B9%89%E0%B8%AD%E0%B9%81%E0%B8%97%E0%B9%87%E0%B8%9A%E0%B9%80%E0%B8%A5%E0%B9%87%E0%B8%95-%E0%B8%9A%E0%B8%B8%E0%B8%A3%E0%B8%B5%E0%B8%A3%E0%B8%B1%E0%B8%A1%E0%B8%A2%E0%B9%8C","200","0","https://amphon.co.th/%E0%B8%A3%E0%B8%B1%E0%B8%9A%E0%B8%8B%E0%B8%B7%E0%B9%89%E0%B8%AD/%E0%B8%A3%E0%B8%B1%E0%B8%9A%E0%B8%8B%E0%B8%B7%E0%B9%89%E0%B8%AD%E0%B9%81%E0%B8%97%E0%B9%87%E0%B8%9A%E0%B9%80%E0%B8%A5%E0%B9%87%E0%B8%95-%E0%B8%9A%E0%B8%B8%E0%B8%A3%E0%B8%B5%E0%B8%A3%E0%B8%B1%E0%B8%A1%E0%B8%A2%E0%B9%8C","https://amphon.co.th/รับซื้อ/รับซื้อแท็บเล็ต-บุรีรัมย์","Yes","PASS",""
"https://amphon.co.th/%E0%B8%A3%E0%B8%B1%E0%B8%9A%E0%B8%8B%E0%B8%B7%E0%B9%89%E0%B8%AD/%E0%B8%A3%E0%B8%B1%E0%B8%9A%E0%B8%8B%E0%B8%B7%E0%B9%89%E0%B8%AD%E0%B9%81%E0%B8%97%E0%B9%87%E0%B8%9A%E0%B9%80%E0%B8%A5%E0%B9%87%E0%B8%95-%E0%B8%81%E0%B8%B2%E0%B8%AC%E0%B8%AA%E0%B8%B4%E0%B8%99%E0%B8%98%E0%B8%B8%E0%B9%8C","200","0","https://amphon.co.th/%E0%B8%A3%E0%B8%B1%E0%B8%9A%E0%B8%8B%E0%B8%B7%E0%B9%89%E0%B8%AD/%E0%B8%A3%E0%B8%B1%E0%B8%9A%E0%B8%8B%E0%B8%B7%E0%B9%89%E0%B8%AD%E0%B9%81%E0%B8%97%E0%B9%87%E0%B8%9A%E0%B9%80%E0%B8%A5%E0%B9%87%E0%B8%95-%E0%B8%81%E0%B8%B2%E0%B8%AC%E0%B8%AA%E0%B8%B4%E0%B8%99%E0%B8%98%E0%B8%B8%E0%B9%8C","https://amphon.co.th/รับซื้อ/รับซื้อแท็บเล็ต-กาฬสินธุ์","Yes","PASS",""
"https://amphon.co.th/%E0%B8%A3%E0%B8%B1%E0%B8%9A%E0%B8%8B%E0%B8%B7%E0%B9%89%E0%B8%AD/%E0%B8%A3%E0%B8%B1%E0%B8%9A%E0%B8%8B%E0%B8%B7%E0%B9%89%E0%B8%AD%E0%B9%81%E0%B8%97%E0%B9%87%E0%B8%9A%E0%B9%80%E0%B8%A5%E0%B9%87%E0%B8%95-%E0%B8%82%E0%B8%AD%E0%B8%99%E0%B9%81%E0%B8%81%E0%B9%88%E0%B8%99","200","0","https://amphon.co.th/%E0%B8%A3%E0%B8%B1%E0%B8%9A%E0%B8%8B%E0%B8%B7%E0%B9%89%E0%B8%AD/%E0%B8%A3%E0%B8%B1%E0%B8%9A%E0%B8%8B%E0%B8%B7%E0%B9%89%E0%B8%AD%E0%B9%81%E0%B8%97%E0%B9%87%E0%B8%9A%E0%B9%80%E0%B8%A5%E0%B9%87%E0%B8%95-%E0%B8%82%E0%B8%AD%E0%B8%99%E0%B9%81%E0%B8%81%E0%B9%88%E0%B8%99","https://amphon.co.th/รับซื้อ/รับซื้อแท็บเล็ต-ขอนแก่น","Yes","PASS",""
"https://amphon.co.th/%E0%B8%A3%E0%B8%B1%E0%B8%9A%E0%B8%8B%E0%B8%B7%E0%B9%89%E0%B8%AD/%E0%B8%A3%E0%B8%B1%E0%B8%9A%E0%B8%8B%E0%B8%B7%E0%B9%89%E0%B8%AD%E0%B9%81%E0%B8%97%E0%B9%87%E0%B8%9A%E0%B9%80%E0%B8%A5%E0%B9%87%E0%B8%95-%E0%B8%99%E0%B8%84%E0%B8%A3%E0%B8%9E%E0%B8%99%E0%B8%A1","200","0","https://amphon.co.th/%E0%B8%A3%E0%B8%B1%E0%B8%9A%E0%B8%8B%E0%B8%B7%E0%B9%89%E0%B8%AD/%E0%B8%A3%E0%B8%B1%E0%B8%9A%E0%B8%8B%E0%B8%B7%E0%B9%89%E0%B8%AD%E0%B9%81%E0%B8%97%E0%B9%87%E0%B8%9A%E0%B9%80%E0%B8%A5%E0%B9%87%E0%B8%95-%E0%B8%99%E0%B8%84%E0%B8%A3%E0%B8%9E%E0%B8%99%E0%B8%A1","https://amphon.co.th/รับซื้อ/รับซื้อแท็บเล็ต-นครพนม","Yes","PASS",""
"https://amphon.co.th/%E0%B8%A3%E0%B8%B1%E0%B8%9A%E0%B8%8B%E0%B8%B7%E0%B9%89%E0%B8%AD/%E0%B8%A3%E0%B8%B1%E0%B8%9A%E0%B8%8B%E0%B8%B7%E0%B9%89%E0%B8%AD%E0%B9%81%E0%B8%97%E0%B9%87%E0%B8%9A%E0%B9%80%E0%B8%A5%E0%B9%87%E0%B8%95-%E0%B8%99%E0%B8%84%E0%B8%A3%E0%B8%A3%E0%B8%B2%E0%B8%8A%E0%B8%AA%E0%B8%B5%E0%B8%A1%E0%B8%B2","200","0","https://amphon.co.th/%E0%B8%A3%E0%B8%B1%E0%B8%9A%E0%B8%8B%E0%B8%B7%E0%B9%89%E0%B8%AD/%E0%B8%A3%E0%B8%B1%E0%B8%9A%E0%B8%8B%E0%B8%B7%E0%B9%89%E0%B8%AD%E0%B9%81%E0%B8%97%E0%B9%87%E0%B8%9A%E0%B9%80%E0%B8%A5%E0%B9%87%E0%B8%95-%E0%B8%99%E0%B8%84%E0%B8%A3%E0%B8%A3%E0%B8%B2%E0%B8%8A%E0%B8%AA%E0%B8%B5%E0%B8%A1%E0%B8%B2","https://amphon.co.th/รับซื้อ/รับซื้อแท็บเล็ต-นครราชสีมา","Yes","PASS",""
"https://amphon.co.th/%E0%B8%A3%E0%B8%B1%E0%B8%9A%E0%B8%8B%E0%B8%B7%E0%B9%89%E0%B8%AD/%E0%B8%A3%E0%B8%B1%E0%B8%9A%E0%B8%8B%E0%B8%B7%E0%B9%89%E0%B8%AD%E0%B9%81%E0%B8%97%E0%B9%87%E0%B8%9A%E0%B9%80%E0%B8%A5%E0%B9%87%E0%B8%95-%E0%B8%A1%E0%B8%AB%E0%B8%B2%E0%B8%AA%E0%B8%B2%E0%B8%A3%E0%B8%84%E0%B8%B2%E0%B8%A1","200","0","https://amphon.co.th/%E0%B8%A3%E0%B8%B1%E0%B8%9A%E0%B8%8B%E0%B8%B7%E0%B9%89%E0%B8%AD/%E0%B8%A3%E0%B8%B1%E0%B8%9A%E0%B8%8B%E0%B8%B7%E0%B9%89%E0%B8%AD%E0%B9%81%E0%B8%97%E0%B9%87%E0%B8%9A%E0%B9%80%E0%B8%A5%E0%B9%87%E0%B8%95-%E0%B8%A1%E0%B8%AB%E0%B8%B2%E0%B8%AA%E0%B8%B2%E0%B8%A3%E0%B8%84%E0%B8%B2%E0%B8%A1","https://amphon.co.th/รับซื้อ/รับซื้อแท็บเล็ต-มหาสารคาม","Yes","PASS",""
"https://amphon.co.th/%E0%B8%A3%E0%B8%B1%E0%B8%9A%E0%B8%8B%E0%B8%B7%E0%B9%89%E0%B8%AD/%E0%B8%A3%E0%B8%B1%E0%B8%9A%E0%B8%8B%E0%B8%B7%E0%B9%89%E0%B8%AD%E0%B9%81%E0%B8%97%E0%B9%87%E0%B8%9A%E0%B9%80%E0%B8%A5%E0%B9%87%E0%B8%95-%E0%B8%A1%E0%B8%B8%E0%B8%81%E0%B8%94%E0%B8%B2%E0%B8%AB%E0%B8%B2%E0%B8%A3","200","0","https://amphon.co.th/%E0%B8%A3%E0%B8%B1%E0%B8%9A%E0%B8%8B%E0%B8%B7%E0%B9%89%E0%B8%AD/%E0%B8%A3%E0%B8%B1%E0%B8%9A%E0%B8%8B%E0%B8%B7%E0%B9%89%E0%B8%AD%E0%B9%81%E0%B8%97%E0%B9%87%E0%B8%9A%E0%B9%80%E0%B8%A5%E0%B9%87%E0%B8%95-%E0%B8%A1%E0%B8%B8%E0%B8%81%E0%B8%94%E0%B8%B2%E0%B8%AB%E0%B8%B2%E0%B8%A3","https://amphon.co.th/รับซื้อ/รับซื้อแท็บเล็ต-มุกดาหาร","Yes","PASS",""
"https://amphon.co.th/%E0%B8%A3%E0%B8%B1%E0%B8%9A%E0%B8%8B%E0%B8%B7%E0%B9%89%E0%B8%AD/%E0%B8%A3%E0%B8%B1%E0%B8%9A%E0%B8%8B%E0%B8%B7%E0%B9%89%E0%B8%AD%E0%B9%81%E0%B8%97%E0%B9%87%E0%B8%9A%E0%B9%80%E0%B8%A5%E0%B9%87%E0%B8%95-%E0%B8%A2%E0%B9%82%E0%B8%AA%E0%B8%98%E0%B8%A3","200","0","https://amphon.co.th/%E0%B8%A3%E0%B8%B1%E0%B8%9A%E0%B8%8B%E0%B8%B7%E0%B9%89%E0%B8%AD/%E0%B8%A3%E0%B8%B1%E0%B8%9A%E0%B8%8B%E0%B8%B7%E0%B9%89%E0%B8%AD%E0%B9%81%E0%B8%97%E0%B9%87%E0%B8%9A%E0%B9%80%E0%B8%A5%E0%B9%87%E0%B8%95-%E0%B8%A2%E0%B9%82%E0%B8%AA%E0%B8%98%E0%B8%A3","https://amphon.co.th/รับซื้อ/รับซื้อแท็บเล็ต-ยโสธร","Yes","PASS",""
"https://amphon.co.th/%E0%B8%A3%E0%B8%B1%E0%B8%9A%E0%B8%8B%E0%B8%B7%E0%B9%89%E0%B8%AD/%E0%B8%A3%E0%B8%B1%E0%B8%9A%E0%B8%8B%E0%B8%B7%E0%B9%89%E0%B8%AD%E0%B9%81%E0%B8%97%E0%B9%87%E0%B8%9A%E0%B9%80%E0%B8%A5%E0%B9%87%E0%B8%95-%E0%B8%A3%E0%B9%89%E0%B8%AD%E0%B8%A2%E0%B9%80%E0%B8%AD%E0%B9%87%E0%B8%94","200","0","https://amphon.co.th/%E0%B8%A3%E0%B8%B1%E0%B8%9A%E0%B8%8B%E0%B8%B7%E0%B9%89%E0%B8%AD/%E0%B8%A3%E0%B8%B1%E0%B8%9A%E0%B8%8B%E0%B8%B7%E0%B9%89%E0%B8%AD%E0%B9%81%E0%B8%97%E0%B9%87%E0%B8%9A%E0%B9%80%E0%B8%A5%E0%B9%87%E0%B8%95-%E0%B8%A3%E0%B9%89%E0%B8%AD%E0%B8%A2%E0%B9%80%E0%B8%AD%E0%B9%87%E0%B8%94","https://amphon.co.th/รับซื้อ/รับซื้อแท็บเล็ต-ร้อยเอ็ด","Yes","PASS",""
"https://amphon.co.th/%E0%B8%A3%E0%B8%B1%E0%B8%9A%E0%B8%8B%E0%B8%B7%E0%B9%89%E0%B8%AD/%E0%B8%A3%E0%B8%B1%E0%B8%9A%E0%B8%8B%E0%B8%B7%E0%B9%89%E0%B8%AD%E0%B9%81%E0%B8%97%E0%B9%87%E0%B8%9A%E0%B9%80%E0%B8%A5%E0%B9%87%E0%B8%95-%E0%B8%A8%E0%B8%A3%E0%B8%B5%E0%B8%AA%E0%B8%B0%E0%B9%80%E0%B8%81%E0%B8%A9","200","0","https://amphon.co.th/%E0%B8%A3%E0%B8%B1%E0%B8%9A%E0%B8%8B%E0%B8%B7%E0%B9%89%E0%B8%AD/%E0%B8%A3%E0%B8%B1%E0%B8%9A%E0%B8%8B%E0%B8%B7%E0%B9%89%E0%B8%AD%E0%B9%81%E0%B8%97%E0%B9%87%E0%B8%9A%E0%B9%80%E0%B8%A5%E0%B9%87%E0%B8%95-%E0%B8%A8%E0%B8%A3%E0%B8%B5%E0%B8%AA%E0%B8%B0%E0%B9%80%E0%B8%81%E0%B8%A9","https://amphon.co.th/รับซื้อ/รับซื้อแท็บเล็ต-ศรีสะเกษ","Yes","PASS",""
"https://amphon.co.th/%E0%B8%A3%E0%B8%B1%E0%B8%9A%E0%B8%8B%E0%B8%B7%E0%B9%89%E0%B8%AD/%E0%B8%A3%E0%B8%B1%E0%B8%9A%E0%B8%8B%E0%B8%B7%E0%B9%89%E0%B8%AD%E0%B9%81%E0%B8%97%E0%B9%87%E0%B8%9A%E0%B9%80%E0%B8%A5%E0%B9%87%E0%B8%95-%E0%B8%AA%E0%B8%81%E0%B8%A5%E0%B8%99%E0%B8%84%E0%B8%A3","200","0","https://amphon.co.th/%E0%B8%A3%E0%B8%B1%E0%B8%9A%E0%B8%8B%E0%B8%B7%E0%B9%89%E0%B8%AD/%E0%B8%A3%E0%B8%B1%E0%B8%9A%E0%B8%8B%E0%B8%B7%E0%B9%89%E0%B8%AD%E0%B9%81%E0%B8%97%E0%B9%87%E0%B8%9A%E0%B9%80%E0%B8%A5%E0%B9%87%E0%B8%95-%E0%B8%AA%E0%B8%81%E0%B8%A5%E0%B8%99%E0%B8%84%E0%B8%A3","https://amphon.co.th/รับซื้อ/รับซื้อแท็บเล็ต-สกลนคร","Yes","PASS",""
"https://amphon.co.th/%E0%B8%A3%E0%B8%B1%E0%B8%9A%E0%B8%8B%E0%B8%B7%E0%B9%89%E0%B8%AD/%E0%B8%A3%E0%B8%B1%E0%B8%9A%E0%B8%8B%E0%B8%B7%E0%B9%89%E0%B8%AD%E0%B9%81%E0%B8%97%E0%B9%87%E0%B8%9A%E0%B9%80%E0%B8%A5%E0%B9%87%E0%B8%95-%E0%B8%AA%E0%B8%B8%E0%B8%A3%E0%B8%B4%E0%B8%99%E0%B8%97%E0%B8%A3%E0%B9%8C","200","0","https://amphon.co.th/%E0%B8%A3%E0%B8%B1%E0%B8%9A%E0%B8%8B%E0%B8%B7%E0%B9%89%E0%B8%AD/%E0%B8%A3%E0%B8%B1%E0%B8%9A%E0%B8%8B%E0%B8%B7%E0%B9%89%E0%B8%AD%E0%B9%81%E0%B8%97%E0%B9%87%E0%B8%9A%E0%B9%80%E0%B8%A5%E0%B9%87%E0%B8%95-%E0%B8%AA%E0%B8%B8%E0%B8%A3%E0%B8%B4%E0%B8%99%E0%B8%97%E0%B8%A3%E0%B9%8C","https://amphon.co.th/รับซื้อ/รับซื้อแท็บเล็ต-สุรินทร์","Yes","PASS",""
"https://amphon.co.th/%E0%B8%A3%E0%B8%B1%E0%B8%9A%E0%B8%8B%E0%B8%B7%E0%B9%89%E0%B8%AD/%E0%B8%A3%E0%B8%B1%E0%B8%9A%E0%B8%8B%E0%B8%B7%E0%B9%89%E0%B8%AD%E0%B9%81%E0%B8%97%E0%B9%87%E0%B8%9A%E0%B9%80%E0%B8%A5%E0%B9%87%E0%B8%95-%E0%B8%AB%E0%B8%99%E0%B8%AD%E0%B8%87%E0%B8%9A%E0%B8%B1%E0%B8%A7%E0%B8%A5%E0%B8%B3%E0%B8%A0%E0%B8%B9","200","0","https://amphon.co.th/%E0%B8%A3%E0%B8%B1%E0%B8%9A%E0%B8%8B%E0%B8%B7%E0%B9%89%E0%B8%AD/%E0%B8%A3%E0%B8%B1%E0%B8%9A%E0%B8%8B%E0%B8%B7%E0%B9%89%E0%B8%AD%E0%B9%81%E0%B8%97%E0%B9%87%E0%B8%9A%E0%B9%80%E0%B8%A5%E0%B9%87%E0%B8%95-%E0%B8%AB%E0%B8%99%E0%B8%AD%E0%B8%87%E0%B8%9A%E0%B8%B1%E0%B8%A7%E0%B8%A5%E0%B8%B3%E0%B8%A0%E0%B8%B9","https://amphon.co.th/รับซื้อ/รับซื้อแท็บเล็ต-หนองบัวลำภู","Yes","PASS",""
"https://amphon.co.th/%E0%B8%A3%E0%B8%B1%E0%B8%9A%E0%B8%8B%E0%B8%B7%E0%B9%89%E0%B8%AD/%E0%B8%A3%E0%B8%B1%E0%B8%9A%E0%B8%8B%E0%B8%B7%E0%B9%89%E0%B8%AD%E0%B9%81%E0%B8%97%E0%B9%87%E0%B8%9A%E0%B9%80%E0%B8%A5%E0%B9%87%E0%B8%95-%E0%B8%AB%E0%B8%99%E0%B8%AD%E0%B8%87%E0%B8%84%E0%B8%B2%E0%B8%A2","200","0","https://amphon.co.th/%E0%B8%A3%E0%B8%B1%E0%B8%9A%E0%B8%8B%E0%B8%B7%E0%B9%89%E0%B8%AD/%E0%B8%A3%E0%B8%B1%E0%B8%9A%E0%B8%8B%E0%B8%B7%E0%B9%89%E0%B8%AD%E0%B9%81%E0%B8%97%E0%B9%87%E0%B8%9A%E0%B9%80%E0%B8%A5%E0%B9%87%E0%B8%95-%E0%B8%AB%E0%B8%99%E0%B8%AD%E0%B8%87%E0%B8%84%E0%B8%B2%E0%B8%A2","https://amphon.co.th/รับซื้อ/รับซื้อแท็บเล็ต-หนองคาย","Yes","PASS",""
"https://amphon.co.th/%E0%B8%A3%E0%B8%B1%E0%B8%9A%E0%B8%8B%E0%B8%B7%E0%B9%89%E0%B8%AD/%E0%B8%A3%E0%B8%B1%E0%B8%9A%E0%B8%8B%E0%B8%B7%E0%B9%89%E0%B8%AD%E0%B9%81%E0%B8%97%E0%B9%87%E0%B8%9A%E0%B9%80%E0%B8%A5%E0%B9%87%E0%B8%95-%E0%B8%AD%E0%B8%B3%E0%B8%99%E0%B8%B2%E0%B8%88%E0%B9%80%E0%B8%88%E0%B8%A3%E0%B8%B4%E0%B8%8D","200","0","https://amphon.co.th/%E0%B8%A3%E0%B8%B1%E0%B8%9A%E0%B8%8B%E0%B8%B7%E0%B9%89%E0%B8%AD/%E0%B8%A3%E0%B8%B1%E0%B8%9A%E0%B8%8B%E0%B8%B7%E0%B9%89%E0%B8%AD%E0%B9%81%E0%B8%97%E0%B9%87%E0%B8%9A%E0%B9%80%E0%B8%A5%E0%B9%87%E0%B8%95-%E0%B8%AD%E0%B8%B3%E0%B8%99%E0%B8%B2%E0%B8%88%E0%B9%80%E0%B8%88%E0%B8%A3%E0%B8%B4%E0%B8%8D","https://amphon.co.th/รับซื้อ/รับซื้อแท็บเล็ต-อำนาจเจริญ","Yes","PASS",""
"https://amphon.co.th/%E0%B8%A3%E0%B8%B1%E0%B8%9A%E0%B8%8B%E0%B8%B7%E0%B9%89%E0%B8%AD/%E0%B8%A3%E0%B8%B1%E0%B8%9A%E0%B8%8B%E0%B8%B7%E0%B9%89%E0%B8%AD%E0%B9%81%E0%B8%97%E0%B9%87%E0%B8%9A%E0%B9%80%E0%B8%A5%E0%B9%87%E0%B8%95-%E0%B8%AD%E0%B8%B8%E0%B8%9A%E0%B8%A5%E0%B8%A3%E0%B8%B2%E0%B8%8A%E0%B8%98%E0%B8%B2%E0%B8%99%E0%B8%B5","200","0","https://amphon.co.th/%E0%B8%A3%E0%B8%B1%E0%B8%9A%E0%B8%8B%E0%B8%B7%E0%B9%89%E0%B8%AD/%E0%B8%A3%E0%B8%B1%E0%B8%9A%E0%B8%8B%E0%B8%B7%E0%B9%89%E0%B8%AD%E0%B9%81%E0%B8%97%E0%B9%87%E0%B8%9A%E0%B9%80%E0%B8%A5%E0%B9%87%E0%B8%95-%E0%B8%AD%E0%B8%B8%E0%B8%9A%E0%B8%A5%E0%B8%A3%E0%B8%B2%E0%B8%8A%E0%B8%98%E0%B8%B2%E0%B8%99%E0%B8%B5","https://amphon.co.th/รับซื้อ/รับซื้อแท็บเล็ต-อุบลราชธานี","Yes","PASS",""
"https://amphon.co.th/%E0%B8%A3%E0%B8%B1%E0%B8%9A%E0%B8%8B%E0%B8%B7%E0%B9%89%E0%B8%AD/%E0%B8%A3%E0%B8%B1%E0%B8%9A%E0%B8%8B%E0%B8%B7%E0%B9%89%E0%B8%AD%E0%B9%81%E0%B8%97%E0%B9%87%E0%B8%9A%E0%B9%80%E0%B8%A5%E0%B9%87%E0%B8%95-%E0%B8%AD%E0%B8%B8%E0%B8%94%E0%B8%A3%E0%B8%98%E0%B8%B2%E0%B8%99%E0%B8%B5","200","0","https://amphon.co.th/%E0%B8%A3%E0%B8%B1%E0%B8%9A%E0%B8%8B%E0%B8%B7%E0%B9%89%E0%B8%AD/%E0%B8%A3%E0%B8%B1%E0%B8%9A%E0%B8%8B%E0%B8%B7%E0%B9%89%E0%B8%AD%E0%B9%81%E0%B8%97%E0%B9%87%E0%B8%9A%E0%B9%80%E0%B8%A5%E0%B9%87%E0%B8%95-%E0%B8%AD%E0%B8%B8%E0%B8%94%E0%B8%A3%E0%B8%98%E0%B8%B2%E0%B8%99%E0%B8%B5","https://amphon.co.th/รับซื้อ/รับซื้อแท็บเล็ต-อุดรธานี","Yes","PASS",""
"https://amphon.co.th/%E0%B8%A3%E0%B8%B1%E0%B8%9A%E0%B8%8B%E0%B8%B7%E0%B9%89%E0%B8%AD/%E0%B8%A3%E0%B8%B1%E0%B8%9A%E0%B8%8B%E0%B8%B7%E0%B9%89%E0%B8%AD%E0%B9%81%E0%B8%97%E0%B9%87%E0%B8%9A%E0%B9%80%E0%B8%A5%E0%B9%87%E0%B8%95-%E0%B9%80%E0%B8%A5%E0%B8%A2","200","0","https://amphon.co.th/%E0%B8%A3%E0%B8%B1%E0%B8%9A%E0%B8%8B%E0%B8%B7%E0%B9%89%E0%B8%AD/%E0%B8%A3%E0%B8%B1%E0%B8%9A%E0%B8%8B%E0%B8%B7%E0%B9%89%E0%B8%AD%E0%B9%81%E0%B8%97%E0%B9%87%E0%B8%9A%E0%B9%80%E0%B8%A5%E0%B9%87%E0%B8%95-%E0%B9%80%E0%B8%A5%E0%B8%A2","https://amphon.co.th/รับซื้อ/รับซื้อแท็บเล็ต-เลย","Yes","PASS",""
"https://amphon.co.th/%E0%B8%A3%E0%B8%B1%E0%B8%9A%E0%B8%8B%E0%B8%B7%E0%B9%89%E0%B8%AD/%E0%B8%A3%E0%B8%B1%E0%B8%9A%E0%B8%8B%E0%B8%B7%E0%B9%89%E0%B8%AD%E0%B9%81%E0%B8%A3%E0%B8%A1-%E0%B8%8A%E0%B8%B1%E0%B8%A2%E0%B8%A0%E0%B8%B9%E0%B8%A1%E0%B8%B4","200","0","https://amphon.co.th/%E0%B8%A3%E0%B8%B1%E0%B8%9A%E0%B8%8B%E0%B8%B7%E0%B9%89%E0%B8%AD/%E0%B8%A3%E0%B8%B1%E0%B8%9A%E0%B8%8B%E0%B8%B7%E0%B9%89%E0%B8%AD%E0%B9%81%E0%B8%A3%E0%B8%A1-%E0%B8%8A%E0%B8%B1%E0%B8%A2%E0%B8%A0%E0%B8%B9%E0%B8%A1%E0%B8%B4","https://amphon.co.th/รับซื้อ/รับซื้อแรม-ชัยภูมิ","Yes","PASS",""
"https://amphon.co.th/%E0%B8%A3%E0%B8%B1%E0%B8%9A%E0%B8%8B%E0%B8%B7%E0%B9%89%E0%B8%AD/%E0%B8%A3%E0%B8%B1%E0%B8%9A%E0%B8%8B%E0%B8%B7%E0%B9%89%E0%B8%AD%E0%B9%81%E0%B8%A3%E0%B8%A1-%E0%B8%9A%E0%B8%B6%E0%B8%87%E0%B8%81%E0%B8%B2%E0%B8%AC","200","0","https://amphon.co.th/%E0%B8%A3%E0%B8%B1%E0%B8%9A%E0%B8%8B%E0%B8%B7%E0%B9%89%E0%B8%AD/%E0%B8%A3%E0%B8%B1%E0%B8%9A%E0%B8%8B%E0%B8%B7%E0%B9%89%E0%B8%AD%E0%B9%81%E0%B8%A3%E0%B8%A1-%E0%B8%9A%E0%B8%B6%E0%B8%87%E0%B8%81%E0%B8%B2%E0%B8%AC","https://amphon.co.th/รับซื้อ/รับซื้อแรม-บึงกาฬ","Yes","PASS",""
"https://amphon.co.th/%E0%B8%A3%E0%B8%B1%E0%B8%9A%E0%B8%8B%E0%B8%B7%E0%B9%89%E0%B8%AD/%E0%B8%A3%E0%B8%B1%E0%B8%9A%E0%B8%8B%E0%B8%B7%E0%B9%89%E0%B8%AD%E0%B9%81%E0%B8%A3%E0%B8%A1-%E0%B8%9A%E0%B8%B8%E0%B8%A3%E0%B8%B5%E0%B8%A3%E0%B8%B1%E0%B8%A1%E0%B8%A2%E0%B9%8C","200","0","https://amphon.co.th/%E0%B8%A3%E0%B8%B1%E0%B8%9A%E0%B8%8B%E0%B8%B7%E0%B9%89%E0%B8%AD/%E0%B8%A3%E0%B8%B1%E0%B8%9A%E0%B8%8B%E0%B8%B7%E0%B9%89%E0%B8%AD%E0%B9%81%E0%B8%A3%E0%B8%A1-%E0%B8%9A%E0%B8%B8%E0%B8%A3%E0%B8%B5%E0%B8%A3%E0%B8%B1%E0%B8%A1%E0%B8%A2%E0%B9%8C","https://amphon.co.th/รับซื้อ/รับซื้อแรม-บุรีรัมย์","Yes","PASS",""
"https://amphon.co.th/%E0%B8%A3%E0%B8%B1%E0%B8%9A%E0%B8%8B%E0%B8%B7%E0%B9%89%E0%B8%AD/%E0%B8%A3%E0%B8%B1%E0%B8%9A%E0%B8%8B%E0%B8%B7%E0%B9%89%E0%B8%AD%E0%B9%81%E0%B8%A3%E0%B8%A1-%E0%B8%81%E0%B8%B2%E0%B8%AC%E0%B8%AA%E0%B8%B4%E0%B8%99%E0%B8%98%E0%B8%B8%E0%B9%8C","200","0","https://amphon.co.th/%E0%B8%A3%E0%B8%B1%E0%B8%9A%E0%B8%8B%E0%B8%B7%E0%B9%89%E0%B8%AD/%E0%B8%A3%E0%B8%B1%E0%B8%9A%E0%B8%8B%E0%B8%B7%E0%B9%89%E0%B8%AD%E0%B9%81%E0%B8%A3%E0%B8%A1-%E0%B8%81%E0%B8%B2%E0%B8%AC%E0%B8%AA%E0%B8%B4%E0%B8%99%E0%B8%98%E0%B8%B8%E0%B9%8C","https://amphon.co.th/รับซื้อ/รับซื้อแรม-กาฬสินธุ์","Yes","PASS",""
"https://amphon.co.th/%E0%B8%A3%E0%B8%B1%E0%B8%9A%E0%B8%8B%E0%B8%B7%E0%B9%89%E0%B8%AD/%E0%B8%A3%E0%B8%B1%E0%B8%9A%E0%B8%8B%E0%B8%B7%E0%B9%89%E0%B8%AD%E0%B9%81%E0%B8%A3%E0%B8%A1-%E0%B8%82%E0%B8%AD%E0%B8%99%E0%B9%81%E0%B8%81%E0%B9%88%E0%B8%99","200","0","https://amphon.co.th/%E0%B8%A3%E0%B8%B1%E0%B8%9A%E0%B8%8B%E0%B8%B7%E0%B9%89%E0%B8%AD/%E0%B8%A3%E0%B8%B1%E0%B8%9A%E0%B8%8B%E0%B8%B7%E0%B9%89%E0%B8%AD%E0%B9%81%E0%B8%A3%E0%B8%A1-%E0%B8%82%E0%B8%AD%E0%B8%99%E0%B9%81%E0%B8%81%E0%B9%88%E0%B8%99","https://amphon.co.th/รับซื้อ/รับซื้อแรม-ขอนแก่น","Yes","PASS",""
"https://amphon.co.th/%E0%B8%A3%E0%B8%B1%E0%B8%9A%E0%B8%8B%E0%B8%B7%E0%B9%89%E0%B8%AD/%E0%B8%A3%E0%B8%B1%E0%B8%9A%E0%B8%8B%E0%B8%B7%E0%B9%89%E0%B8%AD%E0%B9%81%E0%B8%A3%E0%B8%A1-%E0%B8%99%E0%B8%84%E0%B8%A3%E0%B8%9E%E0%B8%99%E0%B8%A1","200","0","https://amphon.co.th/%E0%B8%A3%E0%B8%B1%E0%B8%9A%E0%B8%8B%E0%B8%B7%E0%B9%89%E0%B8%AD/%E0%B8%A3%E0%B8%B1%E0%B8%9A%E0%B8%8B%E0%B8%B7%E0%B9%89%E0%B8%AD%E0%B9%81%E0%B8%A3%E0%B8%A1-%E0%B8%99%E0%B8%84%E0%B8%A3%E0%B8%9E%E0%B8%99%E0%B8%A1","https://amphon.co.th/รับซื้อ/รับซื้อแรม-นครพนม","Yes","PASS",""
"https://amphon.co.th/%E0%B8%A3%E0%B8%B1%E0%B8%9A%E0%B8%8B%E0%B8%B7%E0%B9%89%E0%B8%AD/%E0%B8%A3%E0%B8%B1%E0%B8%9A%E0%B8%8B%E0%B8%B7%E0%B9%89%E0%B8%AD%E0%B9%81%E0%B8%A3%E0%B8%A1-%E0%B8%99%E0%B8%84%E0%B8%A3%E0%B8%A3%E0%B8%B2%E0%B8%8A%E0%B8%AA%E0%B8%B5%E0%B8%A1%E0%B8%B2","200","0","https://amphon.co.th/%E0%B8%A3%E0%B8%B1%E0%B8%9A%E0%B8%8B%E0%B8%B7%E0%B9%89%E0%B8%AD/%E0%B8%A3%E0%B8%B1%E0%B8%9A%E0%B8%8B%E0%B8%B7%E0%B9%89%E0%B8%AD%E0%B9%81%E0%B8%A3%E0%B8%A1-%E0%B8%99%E0%B8%84%E0%B8%A3%E0%B8%A3%E0%B8%B2%E0%B8%8A%E0%B8%AA%E0%B8%B5%E0%B8%A1%E0%B8%B2","https://amphon.co.th/รับซื้อ/รับซื้อแรม-นครราชสีมา","Yes","PASS",""
"https://amphon.co.th/%E0%B8%A3%E0%B8%B1%E0%B8%9A%E0%B8%8B%E0%B8%B7%E0%B9%89%E0%B8%AD/%E0%B8%A3%E0%B8%B1%E0%B8%9A%E0%B8%8B%E0%B8%B7%E0%B9%89%E0%B8%AD%E0%B9%81%E0%B8%A3%E0%B8%A1-%E0%B8%A1%E0%B8%AB%E0%B8%B2%E0%B8%AA%E0%B8%B2%E0%B8%A3%E0%B8%84%E0%B8%B2%E0%B8%A1","200","0","https://amphon.co.th/%E0%B8%A3%E0%B8%B1%E0%B8%9A%E0%B8%8B%E0%B8%B7%E0%B9%89%E0%B8%AD/%E0%B8%A3%E0%B8%B1%E0%B8%9A%E0%B8%8B%E0%B8%B7%E0%B9%89%E0%B8%AD%E0%B9%81%E0%B8%A3%E0%B8%A1-%E0%B8%A1%E0%B8%AB%E0%B8%B2%E0%B8%AA%E0%B8%B2%E0%B8%A3%E0%B8%84%E0%B8%B2%E0%B8%A1","https://amphon.co.th/รับซื้อ/รับซื้อแรม-มหาสารคาม","Yes","PASS",""
"https://amphon.co.th/%E0%B8%A3%E0%B8%B1%E0%B8%9A%E0%B8%8B%E0%B8%B7%E0%B9%89%E0%B8%AD/%E0%B8%A3%E0%B8%B1%E0%B8%9A%E0%B8%8B%E0%B8%B7%E0%B9%89%E0%B8%AD%E0%B9%81%E0%B8%A3%E0%B8%A1-%E0%B8%A1%E0%B8%B8%E0%B8%81%E0%B8%94%E0%B8%B2%E0%B8%AB%E0%B8%B2%E0%B8%A3","200","0","https://amphon.co.th/%E0%B8%A3%E0%B8%B1%E0%B8%9A%E0%B8%8B%E0%B8%B7%E0%B9%89%E0%B8%AD/%E0%B8%A3%E0%B8%B1%E0%B8%9A%E0%B8%8B%E0%B8%B7%E0%B9%89%E0%B8%AD%E0%B9%81%E0%B8%A3%E0%B8%A1-%E0%B8%A1%E0%B8%B8%E0%B8%81%E0%B8%94%E0%B8%B2%E0%B8%AB%E0%B8%B2%E0%B8%A3","https://amphon.co.th/รับซื้อ/รับซื้อแรม-มุกดาหาร","Yes","PASS",""
"https://amphon.co.th/%E0%B8%A3%E0%B8%B1%E0%B8%9A%E0%B8%8B%E0%B8%B7%E0%B9%89%E0%B8%AD/%E0%B8%A3%E0%B8%B1%E0%B8%9A%E0%B8%8B%E0%B8%B7%E0%B9%89%E0%B8%AD%E0%B9%81%E0%B8%A3%E0%B8%A1-%E0%B8%A2%E0%B9%82%E0%B8%AA%E0%B8%98%E0%B8%A3","200","0","https://amphon.co.th/%E0%B8%A3%E0%B8%B1%E0%B8%9A%E0%B8%8B%E0%B8%B7%E0%B9%89%E0%B8%AD/%E0%B8%A3%E0%B8%B1%E0%B8%9A%E0%B8%8B%E0%B8%B7%E0%B9%89%E0%B8%AD%E0%B9%81%E0%B8%A3%E0%B8%A1-%E0%B8%A2%E0%B9%82%E0%B8%AA%E0%B8%98%E0%B8%A3","https://amphon.co.th/รับซื้อ/รับซื้อแรม-ยโสธร","Yes","PASS",""
"https://amphon.co.th/%E0%B8%A3%E0%B8%B1%E0%B8%9A%E0%B8%8B%E0%B8%B7%E0%B9%89%E0%B8%AD/%E0%B8%A3%E0%B8%B1%E0%B8%9A%E0%B8%8B%E0%B8%B7%E0%B9%89%E0%B8%AD%E0%B9%81%E0%B8%A3%E0%B8%A1-%E0%B8%A3%E0%B9%89%E0%B8%AD%E0%B8%A2%E0%B9%80%E0%B8%AD%E0%B9%87%E0%B8%94","200","0","https://amphon.co.th/%E0%B8%A3%E0%B8%B1%E0%B8%9A%E0%B8%8B%E0%B8%B7%E0%B9%89%E0%B8%AD/%E0%B8%A3%E0%B8%B1%E0%B8%9A%E0%B8%8B%E0%B8%B7%E0%B9%89%E0%B8%AD%E0%B9%81%E0%B8%A3%E0%B8%A1-%E0%B8%A3%E0%B9%89%E0%B8%AD%E0%B8%A2%E0%B9%80%E0%B8%AD%E0%B9%87%E0%B8%94","https://amphon.co.th/รับซื้อ/รับซื้อแรม-ร้อยเอ็ด","Yes","PASS",""
"https://amphon.co.th/%E0%B8%A3%E0%B8%B1%E0%B8%9A%E0%B8%8B%E0%B8%B7%E0%B9%89%E0%B8%AD/%E0%B8%A3%E0%B8%B1%E0%B8%9A%E0%B8%8B%E0%B8%B7%E0%B9%89%E0%B8%AD%E0%B9%81%E0%B8%A3%E0%B8%A1-%E0%B8%A8%E0%B8%A3%E0%B8%B5%E0%B8%AA%E0%B8%B0%E0%B9%80%E0%B8%81%E0%B8%A9","200","0","https://amphon.co.th/%E0%B8%A3%E0%B8%B1%E0%B8%9A%E0%B8%8B%E0%B8%B7%E0%B9%89%E0%B8%AD/%E0%B8%A3%E0%B8%B1%E0%B8%9A%E0%B8%8B%E0%B8%B7%E0%B9%89%E0%B8%AD%E0%B9%81%E0%B8%A3%E0%B8%A1-%E0%B8%A8%E0%B8%A3%E0%B8%B5%E0%B8%AA%E0%B8%B0%E0%B9%80%E0%B8%81%E0%B8%A9","https://amphon.co.th/รับซื้อ/รับซื้อแรม-ศรีสะเกษ","Yes","PASS",""
"https://amphon.co.th/%E0%B8%A3%E0%B8%B1%E0%B8%9A%E0%B8%8B%E0%B8%B7%E0%B9%89%E0%B8%AD/%E0%B8%A3%E0%B8%B1%E0%B8%9A%E0%B8%8B%E0%B8%B7%E0%B9%89%E0%B8%AD%E0%B9%81%E0%B8%A3%E0%B8%A1-%E0%B8%AA%E0%B8%81%E0%B8%A5%E0%B8%99%E0%B8%84%E0%B8%A3","200","0","https://amphon.co.th/%E0%B8%A3%E0%B8%B1%E0%B8%9A%E0%B8%8B%E0%B8%B7%E0%B9%89%E0%B8%AD/%E0%B8%A3%E0%B8%B1%E0%B8%9A%E0%B8%8B%E0%B8%B7%E0%B9%89%E0%B8%AD%E0%B9%81%E0%B8%A3%E0%B8%A1-%E0%B8%AA%E0%B8%81%E0%B8%A5%E0%B8%99%E0%B8%84%E0%B8%A3","https://amphon.co.th/รับซื้อ/รับซื้อแรม-สกลนคร","Yes","PASS",""
"https://amphon.co.th/%E0%B8%A3%E0%B8%B1%E0%B8%9A%E0%B8%8B%E0%B8%B7%E0%B9%89%E0%B8%AD/%E0%B8%A3%E0%B8%B1%E0%B8%9A%E0%B8%8B%E0%B8%B7%E0%B9%89%E0%B8%AD%E0%B9%81%E0%B8%A3%E0%B8%A1-%E0%B8%AA%E0%B8%B8%E0%B8%A3%E0%B8%B4%E0%B8%99%E0%B8%97%E0%B8%A3%E0%B9%8C","200","0","https://amphon.co.th/%E0%B8%A3%E0%B8%B1%E0%B8%9A%E0%B8%8B%E0%B8%B7%E0%B9%89%E0%B8%AD/%E0%B8%A3%E0%B8%B1%E0%B8%9A%E0%B8%8B%E0%B8%B7%E0%B9%89%E0%B8%AD%E0%B9%81%E0%B8%A3%E0%B8%A1-%E0%B8%AA%E0%B8%B8%E0%B8%A3%E0%B8%B4%E0%B8%99%E0%B8%97%E0%B8%A3%E0%B9%8C","https://amphon.co.th/รับซื้อ/รับซื้อแรม-สุรินทร์","Yes","PASS",""
"https://amphon.co.th/%E0%B8%A3%E0%B8%B1%E0%B8%9A%E0%B8%8B%E0%B8%B7%E0%B9%89%E0%B8%AD/%E0%B8%A3%E0%B8%B1%E0%B8%9A%E0%B8%8B%E0%B8%B7%E0%B9%89%E0%B8%AD%E0%B9%81%E0%B8%A3%E0%B8%A1-%E0%B8%AB%E0%B8%99%E0%B8%AD%E0%B8%87%E0%B8%9A%E0%B8%B1%E0%B8%A7%E0%B8%A5%E0%B8%B3%E0%B8%A0%E0%B8%B9","200","0","https://amphon.co.th/%E0%B8%A3%E0%B8%B1%E0%B8%9A%E0%B8%8B%E0%B8%B7%E0%B9%89%E0%B8%AD/%E0%B8%A3%E0%B8%B1%E0%B8%9A%E0%B8%8B%E0%B8%B7%E0%B9%89%E0%B8%AD%E0%B9%81%E0%B8%A3%E0%B8%A1-%E0%B8%AB%E0%B8%99%E0%B8%AD%E0%B8%87%E0%B8%9A%E0%B8%B1%E0%B8%A7%E0%B8%A5%E0%B8%B3%E0%B8%A0%E0%B8%B9","https://amphon.co.th/รับซื้อ/รับซื้อแรม-หนองบัวลำภู","Yes","PASS",""
"https://amphon.co.th/%E0%B8%A3%E0%B8%B1%E0%B8%9A%E0%B8%8B%E0%B8%B7%E0%B9%89%E0%B8%AD/%E0%B8%A3%E0%B8%B1%E0%B8%9A%E0%B8%8B%E0%B8%B7%E0%B9%89%E0%B8%AD%E0%B9%81%E0%B8%A3%E0%B8%A1-%E0%B8%AB%E0%B8%99%E0%B8%AD%E0%B8%87%E0%B8%84%E0%B8%B2%E0%B8%A2","200","0","https://amphon.co.th/%E0%B8%A3%E0%B8%B1%E0%B8%9A%E0%B8%8B%E0%B8%B7%E0%B9%89%E0%B8%AD/%E0%B8%A3%E0%B8%B1%E0%B8%9A%E0%B8%8B%E0%B8%B7%E0%B9%89%E0%B8%AD%E0%B9%81%E0%B8%A3%E0%B8%A1-%E0%B8%AB%E0%B8%99%E0%B8%AD%E0%B8%87%E0%B8%84%E0%B8%B2%E0%B8%A2","https://amphon.co.th/รับซื้อ/รับซื้อแรม-หนองคาย","Yes","PASS",""
"https://amphon.co.th/%E0%B8%A3%E0%B8%B1%E0%B8%9A%E0%B8%8B%E0%B8%B7%E0%B9%89%E0%B8%AD/%E0%B8%A3%E0%B8%B1%E0%B8%9A%E0%B8%8B%E0%B8%B7%E0%B9%89%E0%B8%AD%E0%B9%81%E0%B8%A3%E0%B8%A1-%E0%B8%AD%E0%B8%B3%E0%B8%99%E0%B8%B2%E0%B8%88%E0%B9%80%E0%B8%88%E0%B8%A3%E0%B8%B4%E0%B8%8D","200","0","https://amphon.co.th/%E0%B8%A3%E0%B8%B1%E0%B8%9A%E0%B8%8B%E0%B8%B7%E0%B9%89%E0%B8%AD/%E0%B8%A3%E0%B8%B1%E0%B8%9A%E0%B8%8B%E0%B8%B7%E0%B9%89%E0%B8%AD%E0%B9%81%E0%B8%A3%E0%B8%A1-%E0%B8%AD%E0%B8%B3%E0%B8%99%E0%B8%B2%E0%B8%88%E0%B9%80%E0%B8%88%E0%B8%A3%E0%B8%B4%E0%B8%8D","https://amphon.co.th/รับซื้อ/รับซื้อแรม-อำนาจเจริญ","Yes","PASS",""
"https://amphon.co.th/%E0%B8%A3%E0%B8%B1%E0%B8%9A%E0%B8%8B%E0%B8%B7%E0%B9%89%E0%B8%AD/%E0%B8%A3%E0%B8%B1%E0%B8%9A%E0%B8%8B%E0%B8%B7%E0%B9%89%E0%B8%AD%E0%B9%81%E0%B8%A3%E0%B8%A1-%E0%B8%AD%E0%B8%B8%E0%B8%9A%E0%B8%A5%E0%B8%A3%E0%B8%B2%E0%B8%8A%E0%B8%98%E0%B8%B2%E0%B8%99%E0%B8%B5","200","0","https://amphon.co.th/%E0%B8%A3%E0%B8%B1%E0%B8%9A%E0%B8%8B%E0%B8%B7%E0%B9%89%E0%B8%AD/%E0%B8%A3%E0%B8%B1%E0%B8%9A%E0%B8%8B%E0%B8%B7%E0%B9%89%E0%B8%AD%E0%B9%81%E0%B8%A3%E0%B8%A1-%E0%B8%AD%E0%B8%B8%E0%B8%9A%E0%B8%A5%E0%B8%A3%E0%B8%B2%E0%B8%8A%E0%B8%98%E0%B8%B2%E0%B8%99%E0%B8%B5","https://amphon.co.th/รับซื้อ/รับซื้อแรม-อุบลราชธานี","Yes","PASS",""
"https://amphon.co.th/%E0%B8%A3%E0%B8%B1%E0%B8%9A%E0%B8%8B%E0%B8%B7%E0%B9%89%E0%B8%AD/%E0%B8%A3%E0%B8%B1%E0%B8%9A%E0%B8%8B%E0%B8%B7%E0%B9%89%E0%B8%AD%E0%B9%81%E0%B8%A3%E0%B8%A1-%E0%B8%AD%E0%B8%B8%E0%B8%94%E0%B8%A3%E0%B8%98%E0%B8%B2%E0%B8%99%E0%B8%B5","200","0","https://amphon.co.th/%E0%B8%A3%E0%B8%B1%E0%B8%9A%E0%B8%8B%E0%B8%B7%E0%B9%89%E0%B8%AD/%E0%B8%A3%E0%B8%B1%E0%B8%9A%E0%B8%8B%E0%B8%B7%E0%B9%89%E0%B8%AD%E0%B9%81%E0%B8%A3%E0%B8%A1-%E0%B8%AD%E0%B8%B8%E0%B8%94%E0%B8%A3%E0%B8%98%E0%B8%B2%E0%B8%99%E0%B8%B5","https://amphon.co.th/รับซื้อ/รับซื้อแรม-อุดรธานี","Yes","PASS",""
"https://amphon.co.th/%E0%B8%A3%E0%B8%B1%E0%B8%9A%E0%B8%8B%E0%B8%B7%E0%B9%89%E0%B8%AD/%E0%B8%A3%E0%B8%B1%E0%B8%9A%E0%B8%8B%E0%B8%B7%E0%B9%89%E0%B8%AD%E0%B9%81%E0%B8%A3%E0%B8%A1-%E0%B9%80%E0%B8%A5%E0%B8%A2","200","0","https://amphon.co.th/%E0%B8%A3%E0%B8%B1%E0%B8%9A%E0%B8%8B%E0%B8%B7%E0%B9%89%E0%B8%AD/%E0%B8%A3%E0%B8%B1%E0%B8%9A%E0%B8%8B%E0%B8%B7%E0%B9%89%E0%B8%AD%E0%B9%81%E0%B8%A3%E0%B8%A1-%E0%B9%80%E0%B8%A5%E0%B8%A2","https://amphon.co.th/รับซื้อ/รับซื้อแรม-เลย","Yes","PASS",""
"https://amphon.co.th/%E0%B8%A3%E0%B8%B1%E0%B8%9A%E0%B8%8B%E0%B8%B7%E0%B9%89%E0%B8%AD/%E0%B8%A3%E0%B8%B1%E0%B8%9A%E0%B8%8B%E0%B8%B7%E0%B9%89%E0%B8%AD%E0%B9%82%E0%B8%94%E0%B8%A3%E0%B8%99-%E0%B8%8A%E0%B8%B1%E0%B8%A2%E0%B8%A0%E0%B8%B9%E0%B8%A1%E0%B8%B4","200","0","https://amphon.co.th/%E0%B8%A3%E0%B8%B1%E0%B8%9A%E0%B8%8B%E0%B8%B7%E0%B9%89%E0%B8%AD/%E0%B8%A3%E0%B8%B1%E0%B8%9A%E0%B8%8B%E0%B8%B7%E0%B9%89%E0%B8%AD%E0%B9%82%E0%B8%94%E0%B8%A3%E0%B8%99-%E0%B8%8A%E0%B8%B1%E0%B8%A2%E0%B8%A0%E0%B8%B9%E0%B8%A1%E0%B8%B4","https://amphon.co.th/รับซื้อ/รับซื้อโดรน-ชัยภูมิ","Yes","PASS",""
"https://amphon.co.th/%E0%B8%A3%E0%B8%B1%E0%B8%9A%E0%B8%8B%E0%B8%B7%E0%B9%89%E0%B8%AD/%E0%B8%A3%E0%B8%B1%E0%B8%9A%E0%B8%8B%E0%B8%B7%E0%B9%89%E0%B8%AD%E0%B9%82%E0%B8%94%E0%B8%A3%E0%B8%99-%E0%B8%9A%E0%B8%B6%E0%B8%87%E0%B8%81%E0%B8%B2%E0%B8%AC","200","0","https://amphon.co.th/%E0%B8%A3%E0%B8%B1%E0%B8%9A%E0%B8%8B%E0%B8%B7%E0%B9%89%E0%B8%AD/%E0%B8%A3%E0%B8%B1%E0%B8%9A%E0%B8%8B%E0%B8%B7%E0%B9%89%E0%B8%AD%E0%B9%82%E0%B8%94%E0%B8%A3%E0%B8%99-%E0%B8%9A%E0%B8%B6%E0%B8%87%E0%B8%81%E0%B8%B2%E0%B8%AC","https://amphon.co.th/รับซื้อ/รับซื้อโดรน-บึงกาฬ","Yes","PASS",""
"https://amphon.co.th/%E0%B8%A3%E0%B8%B1%E0%B8%9A%E0%B8%8B%E0%B8%B7%E0%B9%89%E0%B8%AD/%E0%B8%A3%E0%B8%B1%E0%B8%9A%E0%B8%8B%E0%B8%B7%E0%B9%89%E0%B8%AD%E0%B9%82%E0%B8%94%E0%B8%A3%E0%B8%99-%E0%B8%9A%E0%B8%B8%E0%B8%A3%E0%B8%B5%E0%B8%A3%E0%B8%B1%E0%B8%A1%E0%B8%A2%E0%B9%8C","200","0","https://amphon.co.th/%E0%B8%A3%E0%B8%B1%E0%B8%9A%E0%B8%8B%E0%B8%B7%E0%B9%89%E0%B8%AD/%E0%B8%A3%E0%B8%B1%E0%B8%9A%E0%B8%8B%E0%B8%B7%E0%B9%89%E0%B8%AD%E0%B9%82%E0%B8%94%E0%B8%A3%E0%B8%99-%E0%B8%9A%E0%B8%B8%E0%B8%A3%E0%B8%B5%E0%B8%A3%E0%B8%B1%E0%B8%A1%E0%B8%A2%E0%B9%8C","https://amphon.co.th/รับซื้อ/รับซื้อโดรน-บุรีรัมย์","Yes","PASS",""
"https://amphon.co.th/%E0%B8%A3%E0%B8%B1%E0%B8%9A%E0%B8%8B%E0%B8%B7%E0%B9%89%E0%B8%AD/%E0%B8%A3%E0%B8%B1%E0%B8%9A%E0%B8%8B%E0%B8%B7%E0%B9%89%E0%B8%AD%E0%B9%82%E0%B8%94%E0%B8%A3%E0%B8%99-%E0%B8%81%E0%B8%B2%E0%B8%AC%E0%B8%AA%E0%B8%B4%E0%B8%99%E0%B8%98%E0%B8%B8%E0%B9%8C","200","0","https://amphon.co.th/%E0%B8%A3%E0%B8%B1%E0%B8%9A%E0%B8%8B%E0%B8%B7%E0%B9%89%E0%B8%AD/%E0%B8%A3%E0%B8%B1%E0%B8%9A%E0%B8%8B%E0%B8%B7%E0%B9%89%E0%B8%AD%E0%B9%82%E0%B8%94%E0%B8%A3%E0%B8%99-%E0%B8%81%E0%B8%B2%E0%B8%AC%E0%B8%AA%E0%B8%B4%E0%B8%99%E0%B8%98%E0%B8%B8%E0%B9%8C","https://amphon.co.th/รับซื้อ/รับซื้อโดรน-กาฬสินธุ์","Yes","PASS",""
"https://amphon.co.th/%E0%B8%A3%E0%B8%B1%E0%B8%9A%E0%B8%8B%E0%B8%B7%E0%B9%89%E0%B8%AD/%E0%B8%A3%E0%B8%B1%E0%B8%9A%E0%B8%8B%E0%B8%B7%E0%B9%89%E0%B8%AD%E0%B9%82%E0%B8%94%E0%B8%A3%E0%B8%99-%E0%B8%82%E0%B8%AD%E0%B8%99%E0%B9%81%E0%B8%81%E0%B9%88%E0%B8%99","200","0","https://amphon.co.th/%E0%B8%A3%E0%B8%B1%E0%B8%9A%E0%B8%8B%E0%B8%B7%E0%B9%89%E0%B8%AD/%E0%B8%A3%E0%B8%B1%E0%B8%9A%E0%B8%8B%E0%B8%B7%E0%B9%89%E0%B8%AD%E0%B9%82%E0%B8%94%E0%B8%A3%E0%B8%99-%E0%B8%82%E0%B8%AD%E0%B8%99%E0%B9%81%E0%B8%81%E0%B9%88%E0%B8%99","https://amphon.co.th/รับซื้อ/รับซื้อโดรน-ขอนแก่น","Yes","PASS",""
"https://amphon.co.th/%E0%B8%A3%E0%B8%B1%E0%B8%9A%E0%B8%8B%E0%B8%B7%E0%B9%89%E0%B8%AD/%E0%B8%A3%E0%B8%B1%E0%B8%9A%E0%B8%8B%E0%B8%B7%E0%B9%89%E0%B8%AD%E0%B9%82%E0%B8%94%E0%B8%A3%E0%B8%99-%E0%B8%99%E0%B8%84%E0%B8%A3%E0%B8%9E%E0%B8%99%E0%B8%A1","200","0","https://amphon.co.th/%E0%B8%A3%E0%B8%B1%E0%B8%9A%E0%B8%8B%E0%B8%B7%E0%B9%89%E0%B8%AD/%E0%B8%A3%E0%B8%B1%E0%B8%9A%E0%B8%8B%E0%B8%B7%E0%B9%89%E0%B8%AD%E0%B9%82%E0%B8%94%E0%B8%A3%E0%B8%99-%E0%B8%99%E0%B8%84%E0%B8%A3%E0%B8%9E%E0%B8%99%E0%B8%A1","https://amphon.co.th/รับซื้อ/รับซื้อโดรน-นครพนม","Yes","PASS",""
"https://amphon.co.th/%E0%B8%A3%E0%B8%B1%E0%B8%9A%E0%B8%8B%E0%B8%B7%E0%B9%89%E0%B8%AD/%E0%B8%A3%E0%B8%B1%E0%B8%9A%E0%B8%8B%E0%B8%B7%E0%B9%89%E0%B8%AD%E0%B9%82%E0%B8%94%E0%B8%A3%E0%B8%99-%E0%B8%99%E0%B8%84%E0%B8%A3%E0%B8%A3%E0%B8%B2%E0%B8%8A%E0%B8%AA%E0%B8%B5%E0%B8%A1%E0%B8%B2","200","0","https://amphon.co.th/%E0%B8%A3%E0%B8%B1%E0%B8%9A%E0%B8%8B%E0%B8%B7%E0%B9%89%E0%B8%AD/%E0%B8%A3%E0%B8%B1%E0%B8%9A%E0%B8%8B%E0%B8%B7%E0%B9%89%E0%B8%AD%E0%B9%82%E0%B8%94%E0%B8%A3%E0%B8%99-%E0%B8%99%E0%B8%84%E0%B8%A3%E0%B8%A3%E0%B8%B2%E0%B8%8A%E0%B8%AA%E0%B8%B5%E0%B8%A1%E0%B8%B2","https://amphon.co.th/รับซื้อ/รับซื้อโดรน-นครราชสีมา","Yes","PASS",""
"https://amphon.co.th/%E0%B8%A3%E0%B8%B1%E0%B8%9A%E0%B8%8B%E0%B8%B7%E0%B9%89%E0%B8%AD/%E0%B8%A3%E0%B8%B1%E0%B8%9A%E0%B8%8B%E0%B8%B7%E0%B9%89%E0%B8%AD%E0%B9%82%E0%B8%94%E0%B8%A3%E0%B8%99-%E0%B8%A1%E0%B8%AB%E0%B8%B2%E0%B8%AA%E0%B8%B2%E0%B8%A3%E0%B8%84%E0%B8%B2%E0%B8%A1","200","0","https://amphon.co.th/%E0%B8%A3%E0%B8%B1%E0%B8%9A%E0%B8%8B%E0%B8%B7%E0%B9%89%E0%B8%AD/%E0%B8%A3%E0%B8%B1%E0%B8%9A%E0%B8%8B%E0%B8%B7%E0%B9%89%E0%B8%AD%E0%B9%82%E0%B8%94%E0%B8%A3%E0%B8%99-%E0%B8%A1%E0%B8%AB%E0%B8%B2%E0%B8%AA%E0%B8%B2%E0%B8%A3%E0%B8%84%E0%B8%B2%E0%B8%A1","https://amphon.co.th/รับซื้อ/รับซื้อโดรน-มหาสารคาม","Yes","PASS",""
"https://amphon.co.th/%E0%B8%A3%E0%B8%B1%E0%B8%9A%E0%B8%8B%E0%B8%B7%E0%B9%89%E0%B8%AD/%E0%B8%A3%E0%B8%B1%E0%B8%9A%E0%B8%8B%E0%B8%B7%E0%B9%89%E0%B8%AD%E0%B9%82%E0%B8%94%E0%B8%A3%E0%B8%99-%E0%B8%A1%E0%B8%B8%E0%B8%81%E0%B8%94%E0%B8%B2%E0%B8%AB%E0%B8%B2%E0%B8%A3","200","0","https://amphon.co.th/%E0%B8%A3%E0%B8%B1%E0%B8%9A%E0%B8%8B%E0%B8%B7%E0%B9%89%E0%B8%AD/%E0%B8%A3%E0%B8%B1%E0%B8%9A%E0%B8%8B%E0%B8%B7%E0%B9%89%E0%B8%AD%E0%B9%82%E0%B8%94%E0%B8%A3%E0%B8%99-%E0%B8%A1%E0%B8%B8%E0%B8%81%E0%B8%94%E0%B8%B2%E0%B8%AB%E0%B8%B2%E0%B8%A3","https://amphon.co.th/รับซื้อ/รับซื้อโดรน-มุกดาหาร","Yes","PASS",""
"https://amphon.co.th/%E0%B8%A3%E0%B8%B1%E0%B8%9A%E0%B8%8B%E0%B8%B7%E0%B9%89%E0%B8%AD/%E0%B8%A3%E0%B8%B1%E0%B8%9A%E0%B8%8B%E0%B8%B7%E0%B9%89%E0%B8%AD%E0%B9%82%E0%B8%94%E0%B8%A3%E0%B8%99-%E0%B8%A2%E0%B9%82%E0%B8%AA%E0%B8%98%E0%B8%A3","200","0","https://amphon.co.th/%E0%B8%A3%E0%B8%B1%E0%B8%9A%E0%B8%8B%E0%B8%B7%E0%B9%89%E0%B8%AD/%E0%B8%A3%E0%B8%B1%E0%B8%9A%E0%B8%8B%E0%B8%B7%E0%B9%89%E0%B8%AD%E0%B9%82%E0%B8%94%E0%B8%A3%E0%B8%99-%E0%B8%A2%E0%B9%82%E0%B8%AA%E0%B8%98%E0%B8%A3","https://amphon.co.th/รับซื้อ/รับซื้อโดรน-ยโสธร","Yes","PASS",""
"https://amphon.co.th/%E0%B8%A3%E0%B8%B1%E0%B8%9A%E0%B8%8B%E0%B8%B7%E0%B9%89%E0%B8%AD/%E0%B8%A3%E0%B8%B1%E0%B8%9A%E0%B8%8B%E0%B8%B7%E0%B9%89%E0%B8%AD%E0%B9%82%E0%B8%94%E0%B8%A3%E0%B8%99-%E0%B8%A3%E0%B9%89%E0%B8%AD%E0%B8%A2%E0%B9%80%E0%B8%AD%E0%B9%87%E0%B8%94","200","0","https://amphon.co.th/%E0%B8%A3%E0%B8%B1%E0%B8%9A%E0%B8%8B%E0%B8%B7%E0%B9%89%E0%B8%AD/%E0%B8%A3%E0%B8%B1%E0%B8%9A%E0%B8%8B%E0%B8%B7%E0%B9%89%E0%B8%AD%E0%B9%82%E0%B8%94%E0%B8%A3%E0%B8%99-%E0%B8%A3%E0%B9%89%E0%B8%AD%E0%B8%A2%E0%B9%80%E0%B8%AD%E0%B9%87%E0%B8%94","https://amphon.co.th/รับซื้อ/รับซื้อโดรน-ร้อยเอ็ด","Yes","PASS",""
"https://amphon.co.th/%E0%B8%A3%E0%B8%B1%E0%B8%9A%E0%B8%8B%E0%B8%B7%E0%B9%89%E0%B8%AD/%E0%B8%A3%E0%B8%B1%E0%B8%9A%E0%B8%8B%E0%B8%B7%E0%B9%89%E0%B8%AD%E0%B9%82%E0%B8%94%E0%B8%A3%E0%B8%99-%E0%B8%A8%E0%B8%A3%E0%B8%B5%E0%B8%AA%E0%B8%B0%E0%B9%80%E0%B8%81%E0%B8%A9","200","0","https://amphon.co.th/%E0%B8%A3%E0%B8%B1%E0%B8%9A%E0%B8%8B%E0%B8%B7%E0%B9%89%E0%B8%AD/%E0%B8%A3%E0%B8%B1%E0%B8%9A%E0%B8%8B%E0%B8%B7%E0%B9%89%E0%B8%AD%E0%B9%82%E0%B8%94%E0%B8%A3%E0%B8%99-%E0%B8%A8%E0%B8%A3%E0%B8%B5%E0%B8%AA%E0%B8%B0%E0%B9%80%E0%B8%81%E0%B8%A9","https://amphon.co.th/รับซื้อ/รับซื้อโดรน-ศรีสะเกษ","Yes","PASS",""
"https://amphon.co.th/%E0%B8%A3%E0%B8%B1%E0%B8%9A%E0%B8%8B%E0%B8%B7%E0%B9%89%E0%B8%AD/%E0%B8%A3%E0%B8%B1%E0%B8%9A%E0%B8%8B%E0%B8%B7%E0%B9%89%E0%B8%AD%E0%B9%82%E0%B8%94%E0%B8%A3%E0%B8%99-%E0%B8%AA%E0%B8%81%E0%B8%A5%E0%B8%99%E0%B8%84%E0%B8%A3","200","0","https://amphon.co.th/%E0%B8%A3%E0%B8%B1%E0%B8%9A%E0%B8%8B%E0%B8%B7%E0%B9%89%E0%B8%AD/%E0%B8%A3%E0%B8%B1%E0%B8%9A%E0%B8%8B%E0%B8%B7%E0%B9%89%E0%B8%AD%E0%B9%82%E0%B8%94%E0%B8%A3%E0%B8%99-%E0%B8%AA%E0%B8%81%E0%B8%A5%E0%B8%99%E0%B8%84%E0%B8%A3","https://amphon.co.th/รับซื้อ/รับซื้อโดรน-สกลนคร","Yes","PASS",""
"https://amphon.co.th/%E0%B8%A3%E0%B8%B1%E0%B8%9A%E0%B8%8B%E0%B8%B7%E0%B9%89%E0%B8%AD/%E0%B8%A3%E0%B8%B1%E0%B8%9A%E0%B8%8B%E0%B8%B7%E0%B9%89%E0%B8%AD%E0%B9%82%E0%B8%94%E0%B8%A3%E0%B8%99-%E0%B8%AA%E0%B8%B8%E0%B8%A3%E0%B8%B4%E0%B8%99%E0%B8%97%E0%B8%A3%E0%B9%8C","200","0","https://amphon.co.th/%E0%B8%A3%E0%B8%B1%E0%B8%9A%E0%B8%8B%E0%B8%B7%E0%B9%89%E0%B8%AD/%E0%B8%A3%E0%B8%B1%E0%B8%9A%E0%B8%8B%E0%B8%B7%E0%B9%89%E0%B8%AD%E0%B9%82%E0%B8%94%E0%B8%A3%E0%B8%99-%E0%B8%AA%E0%B8%B8%E0%B8%A3%E0%B8%B4%E0%B8%99%E0%B8%97%E0%B8%A3%E0%B9%8C","https://amphon.co.th/รับซื้อ/รับซื้อโดรน-สุรินทร์","Yes","PASS",""
"https://amphon.co.th/%E0%B8%A3%E0%B8%B1%E0%B8%9A%E0%B8%8B%E0%B8%B7%E0%B9%89%E0%B8%AD/%E0%B8%A3%E0%B8%B1%E0%B8%9A%E0%B8%8B%E0%B8%B7%E0%B9%89%E0%B8%AD%E0%B9%82%E0%B8%94%E0%B8%A3%E0%B8%99-%E0%B8%AB%E0%B8%99%E0%B8%AD%E0%B8%87%E0%B8%9A%E0%B8%B1%E0%B8%A7%E0%B8%A5%E0%B8%B3%E0%B8%A0%E0%B8%B9","200","0","https://amphon.co.th/%E0%B8%A3%E0%B8%B1%E0%B8%9A%E0%B8%8B%E0%B8%B7%E0%B9%89%E0%B8%AD/%E0%B8%A3%E0%B8%B1%E0%B8%9A%E0%B8%8B%E0%B8%B7%E0%B9%89%E0%B8%AD%E0%B9%82%E0%B8%94%E0%B8%A3%E0%B8%99-%E0%B8%AB%E0%B8%99%E0%B8%AD%E0%B8%87%E0%B8%9A%E0%B8%B1%E0%B8%A7%E0%B8%A5%E0%B8%B3%E0%B8%A0%E0%B8%B9","https://amphon.co.th/รับซื้อ/รับซื้อโดรน-หนองบัวลำภู","Yes","PASS",""
"https://amphon.co.th/%E0%B8%A3%E0%B8%B1%E0%B8%9A%E0%B8%8B%E0%B8%B7%E0%B9%89%E0%B8%AD/%E0%B8%A3%E0%B8%B1%E0%B8%9A%E0%B8%8B%E0%B8%B7%E0%B9%89%E0%B8%AD%E0%B9%82%E0%B8%94%E0%B8%A3%E0%B8%99-%E0%B8%AB%E0%B8%99%E0%B8%AD%E0%B8%87%E0%B8%84%E0%B8%B2%E0%B8%A2","200","0","https://amphon.co.th/%E0%B8%A3%E0%B8%B1%E0%B8%9A%E0%B8%8B%E0%B8%B7%E0%B9%89%E0%B8%AD/%E0%B8%A3%E0%B8%B1%E0%B8%9A%E0%B8%8B%E0%B8%B7%E0%B9%89%E0%B8%AD%E0%B9%82%E0%B8%94%E0%B8%A3%E0%B8%99-%E0%B8%AB%E0%B8%99%E0%B8%AD%E0%B8%87%E0%B8%84%E0%B8%B2%E0%B8%A2","https://amphon.co.th/รับซื้อ/รับซื้อโดรน-หนองคาย","Yes","PASS",""
"https://amphon.co.th/%E0%B8%A3%E0%B8%B1%E0%B8%9A%E0%B8%8B%E0%B8%B7%E0%B9%89%E0%B8%AD/%E0%B8%A3%E0%B8%B1%E0%B8%9A%E0%B8%8B%E0%B8%B7%E0%B9%89%E0%B8%AD%E0%B9%82%E0%B8%94%E0%B8%A3%E0%B8%99-%E0%B8%AD%E0%B8%B3%E0%B8%99%E0%B8%B2%E0%B8%88%E0%B9%80%E0%B8%88%E0%B8%A3%E0%B8%B4%E0%B8%8D","200","0","https://amphon.co.th/%E0%B8%A3%E0%B8%B1%E0%B8%9A%E0%B8%8B%E0%B8%B7%E0%B9%89%E0%B8%AD/%E0%B8%A3%E0%B8%B1%E0%B8%9A%E0%B8%8B%E0%B8%B7%E0%B9%89%E0%B8%AD%E0%B9%82%E0%B8%94%E0%B8%A3%E0%B8%99-%E0%B8%AD%E0%B8%B3%E0%B8%99%E0%B8%B2%E0%B8%88%E0%B9%80%E0%B8%88%E0%B8%A3%E0%B8%B4%E0%B8%8D","https://amphon.co.th/รับซื้อ/รับซื้อโดรน-อำนาจเจริญ","Yes","PASS",""
"https://amphon.co.th/%E0%B8%A3%E0%B8%B1%E0%B8%9A%E0%B8%8B%E0%B8%B7%E0%B9%89%E0%B8%AD/%E0%B8%A3%E0%B8%B1%E0%B8%9A%E0%B8%8B%E0%B8%B7%E0%B9%89%E0%B8%AD%E0%B9%82%E0%B8%94%E0%B8%A3%E0%B8%99-%E0%B8%AD%E0%B8%B8%E0%B8%9A%E0%B8%A5%E0%B8%A3%E0%B8%B2%E0%B8%8A%E0%B8%98%E0%B8%B2%E0%B8%99%E0%B8%B5","200","0","https://amphon.co.th/%E0%B8%A3%E0%B8%B1%E0%B8%9A%E0%B8%8B%E0%B8%B7%E0%B9%89%E0%B8%AD/%E0%B8%A3%E0%B8%B1%E0%B8%9A%E0%B8%8B%E0%B8%B7%E0%B9%89%E0%B8%AD%E0%B9%82%E0%B8%94%E0%B8%A3%E0%B8%99-%E0%B8%AD%E0%B8%B8%E0%B8%9A%E0%B8%A5%E0%B8%A3%E0%B8%B2%E0%B8%8A%E0%B8%98%E0%B8%B2%E0%B8%99%E0%B8%B5","https://amphon.co.th/รับซื้อ/รับซื้อโดรน-อุบลราชธานี","Yes","PASS",""
"https://amphon.co.th/%E0%B8%A3%E0%B8%B1%E0%B8%9A%E0%B8%8B%E0%B8%B7%E0%B9%89%E0%B8%AD/%E0%B8%A3%E0%B8%B1%E0%B8%9A%E0%B8%8B%E0%B8%B7%E0%B9%89%E0%B8%AD%E0%B9%82%E0%B8%94%E0%B8%A3%E0%B8%99-%E0%B8%AD%E0%B8%B8%E0%B8%94%E0%B8%A3%E0%B8%98%E0%B8%B2%E0%B8%99%E0%B8%B5","200","0","https://amphon.co.th/%E0%B8%A3%E0%B8%B1%E0%B8%9A%E0%B8%8B%E0%B8%B7%E0%B9%89%E0%B8%AD/%E0%B8%A3%E0%B8%B1%E0%B8%9A%E0%B8%8B%E0%B8%B7%E0%B9%89%E0%B8%AD%E0%B9%82%E0%B8%94%E0%B8%A3%E0%B8%99-%E0%B8%AD%E0%B8%B8%E0%B8%94%E0%B8%A3%E0%B8%98%E0%B8%B2%E0%B8%99%E0%B8%B5","https://amphon.co.th/รับซื้อ/รับซื้อโดรน-อุดรธานี","Yes","PASS",""
"https://amphon.co.th/%E0%B8%A3%E0%B8%B1%E0%B8%9A%E0%B8%8B%E0%B8%B7%E0%B9%89%E0%B8%AD/%E0%B8%A3%E0%B8%B1%E0%B8%9A%E0%B8%8B%E0%B8%B7%E0%B9%89%E0%B8%AD%E0%B9%82%E0%B8%94%E0%B8%A3%E0%B8%99-%E0%B9%80%E0%B8%A5%E0%B8%A2","200","0","https://amphon.co.th/%E0%B8%A3%E0%B8%B1%E0%B8%9A%E0%B8%8B%E0%B8%B7%E0%B9%89%E0%B8%AD/%E0%B8%A3%E0%B8%B1%E0%B8%9A%E0%B8%8B%E0%B8%B7%E0%B9%89%E0%B8%AD%E0%B9%82%E0%B8%94%E0%B8%A3%E0%B8%99-%E0%B9%80%E0%B8%A5%E0%B8%A2","https://amphon.co.th/รับซื้อ/รับซื้อโดรน-เลย","Yes","PASS",""
"https://amphon.co.th/%E0%B8%A3%E0%B8%B1%E0%B8%9A%E0%B8%8B%E0%B8%B7%E0%B9%89%E0%B8%AD/%E0%B8%A3%E0%B8%B1%E0%B8%9A%E0%B8%8B%E0%B8%B7%E0%B9%89%E0%B8%AD%E0%B9%82%E0%B8%99%E0%B9%8A%E0%B8%95%E0%B8%9A%E0%B8%B8%E0%B9%8A%E0%B8%84-%E0%B8%8A%E0%B8%B1%E0%B8%A2%E0%B8%A0%E0%B8%B9%E0%B8%A1%E0%B8%B4","200","0","https://amphon.co.th/%E0%B8%A3%E0%B8%B1%E0%B8%9A%E0%B8%8B%E0%B8%B7%E0%B9%89%E0%B8%AD/%E0%B8%A3%E0%B8%B1%E0%B8%9A%E0%B8%8B%E0%B8%B7%E0%B9%89%E0%B8%AD%E0%B9%82%E0%B8%99%E0%B9%8A%E0%B8%95%E0%B8%9A%E0%B8%B8%E0%B9%8A%E0%B8%84-%E0%B8%8A%E0%B8%B1%E0%B8%A2%E0%B8%A0%E0%B8%B9%E0%B8%A1%E0%B8%B4","https://amphon.co.th/รับซื้อ/รับซื้อโน๊ตบุ๊ค-ชัยภูมิ","Yes","PASS",""
"https://amphon.co.th/%E0%B8%A3%E0%B8%B1%E0%B8%9A%E0%B8%8B%E0%B8%B7%E0%B9%89%E0%B8%AD/%E0%B8%A3%E0%B8%B1%E0%B8%9A%E0%B8%8B%E0%B8%B7%E0%B9%89%E0%B8%AD%E0%B9%82%E0%B8%99%E0%B9%8A%E0%B8%95%E0%B8%9A%E0%B8%B8%E0%B9%8A%E0%B8%84-%E0%B8%9A%E0%B8%B6%E0%B8%87%E0%B8%81%E0%B8%B2%E0%B8%AC","200","0","https://amphon.co.th/%E0%B8%A3%E0%B8%B1%E0%B8%9A%E0%B8%8B%E0%B8%B7%E0%B9%89%E0%B8%AD/%E0%B8%A3%E0%B8%B1%E0%B8%9A%E0%B8%8B%E0%B8%B7%E0%B9%89%E0%B8%AD%E0%B9%82%E0%B8%99%E0%B9%8A%E0%B8%95%E0%B8%9A%E0%B8%B8%E0%B9%8A%E0%B8%84-%E0%B8%9A%E0%B8%B6%E0%B8%87%E0%B8%81%E0%B8%B2%E0%B8%AC","https://amphon.co.th/รับซื้อ/รับซื้อโน๊ตบุ๊ค-บึงกาฬ","Yes","PASS",""
"https://amphon.co.th/%E0%B8%A3%E0%B8%B1%E0%B8%9A%E0%B8%8B%E0%B8%B7%E0%B9%89%E0%B8%AD/%E0%B8%A3%E0%B8%B1%E0%B8%9A%E0%B8%8B%E0%B8%B7%E0%B9%89%E0%B8%AD%E0%B9%82%E0%B8%99%E0%B9%8A%E0%B8%95%E0%B8%9A%E0%B8%B8%E0%B9%8A%E0%B8%84-%E0%B8%9A%E0%B8%B8%E0%B8%A3%E0%B8%B5%E0%B8%A3%E0%B8%B1%E0%B8%A1%E0%B8%A2%E0%B9%8C","200","0","https://amphon.co.th/%E0%B8%A3%E0%B8%B1%E0%B8%9A%E0%B8%8B%E0%B8%B7%E0%B9%89%E0%B8%AD/%E0%B8%A3%E0%B8%B1%E0%B8%9A%E0%B8%8B%E0%B8%B7%E0%B9%89%E0%B8%AD%E0%B9%82%E0%B8%99%E0%B9%8A%E0%B8%95%E0%B8%9A%E0%B8%B8%E0%B9%8A%E0%B8%84-%E0%B8%9A%E0%B8%B8%E0%B8%A3%E0%B8%B5%E0%B8%A3%E0%B8%B1%E0%B8%A1%E0%B8%A2%E0%B9%8C","https://amphon.co.th/รับซื้อ/รับซื้อโน๊ตบุ๊ค-บุรีรัมย์","Yes","PASS",""
"https://amphon.co.th/%E0%B8%A3%E0%B8%B1%E0%B8%9A%E0%B8%8B%E0%B8%B7%E0%B9%89%E0%B8%AD/%E0%B8%A3%E0%B8%B1%E0%B8%9A%E0%B8%8B%E0%B8%B7%E0%B9%89%E0%B8%AD%E0%B9%82%E0%B8%99%E0%B9%8A%E0%B8%95%E0%B8%9A%E0%B8%B8%E0%B9%8A%E0%B8%84-%E0%B8%81%E0%B8%B2%E0%B8%AC%E0%B8%AA%E0%B8%B4%E0%B8%99%E0%B8%98%E0%B8%B8%E0%B9%8C","200","0","https://amphon.co.th/%E0%B8%A3%E0%B8%B1%E0%B8%9A%E0%B8%8B%E0%B8%B7%E0%B9%89%E0%B8%AD/%E0%B8%A3%E0%B8%B1%E0%B8%9A%E0%B8%8B%E0%B8%B7%E0%B9%89%E0%B8%AD%E0%B9%82%E0%B8%99%E0%B9%8A%E0%B8%95%E0%B8%9A%E0%B8%B8%E0%B9%8A%E0%B8%84-%E0%B8%81%E0%B8%B2%E0%B8%AC%E0%B8%AA%E0%B8%B4%E0%B8%99%E0%B8%98%E0%B8%B8%E0%B9%8C","https://amphon.co.th/รับซื้อ/รับซื้อโน๊ตบุ๊ค-กาฬสินธุ์","Yes","PASS",""
"https://amphon.co.th/%E0%B8%A3%E0%B8%B1%E0%B8%9A%E0%B8%8B%E0%B8%B7%E0%B9%89%E0%B8%AD/%E0%B8%A3%E0%B8%B1%E0%B8%9A%E0%B8%8B%E0%B8%B7%E0%B9%89%E0%B8%AD%E0%B9%82%E0%B8%99%E0%B9%8A%E0%B8%95%E0%B8%9A%E0%B8%B8%E0%B9%8A%E0%B8%84-%E0%B8%82%E0%B8%AD%E0%B8%99%E0%B9%81%E0%B8%81%E0%B9%88%E0%B8%99","200","0","https://amphon.co.th/%E0%B8%A3%E0%B8%B1%E0%B8%9A%E0%B8%8B%E0%B8%B7%E0%B9%89%E0%B8%AD/%E0%B8%A3%E0%B8%B1%E0%B8%9A%E0%B8%8B%E0%B8%B7%E0%B9%89%E0%B8%AD%E0%B9%82%E0%B8%99%E0%B9%8A%E0%B8%95%E0%B8%9A%E0%B8%B8%E0%B9%8A%E0%B8%84-%E0%B8%82%E0%B8%AD%E0%B8%99%E0%B9%81%E0%B8%81%E0%B9%88%E0%B8%99","https://amphon.co.th/รับซื้อ/รับซื้อโน๊ตบุ๊ค-ขอนแก่น","Yes","PASS",""
"https://amphon.co.th/%E0%B8%A3%E0%B8%B1%E0%B8%9A%E0%B8%8B%E0%B8%B7%E0%B9%89%E0%B8%AD/%E0%B8%A3%E0%B8%B1%E0%B8%9A%E0%B8%8B%E0%B8%B7%E0%B9%89%E0%B8%AD%E0%B9%82%E0%B8%99%E0%B9%8A%E0%B8%95%E0%B8%9A%E0%B8%B8%E0%B9%8A%E0%B8%84-%E0%B8%99%E0%B8%84%E0%B8%A3%E0%B8%9E%E0%B8%99%E0%B8%A1","200","0","https://amphon.co.th/%E0%B8%A3%E0%B8%B1%E0%B8%9A%E0%B8%8B%E0%B8%B7%E0%B9%89%E0%B8%AD/%E0%B8%A3%E0%B8%B1%E0%B8%9A%E0%B8%8B%E0%B8%B7%E0%B9%89%E0%B8%AD%E0%B9%82%E0%B8%99%E0%B9%8A%E0%B8%95%E0%B8%9A%E0%B8%B8%E0%B9%8A%E0%B8%84-%E0%B8%99%E0%B8%84%E0%B8%A3%E0%B8%9E%E0%B8%99%E0%B8%A1","https://amphon.co.th/รับซื้อ/รับซื้อโน๊ตบุ๊ค-นครพนม","Yes","PASS",""
"https://amphon.co.th/%E0%B8%A3%E0%B8%B1%E0%B8%9A%E0%B8%8B%E0%B8%B7%E0%B9%89%E0%B8%AD/%E0%B8%A3%E0%B8%B1%E0%B8%9A%E0%B8%8B%E0%B8%B7%E0%B9%89%E0%B8%AD%E0%B9%82%E0%B8%99%E0%B9%8A%E0%B8%95%E0%B8%9A%E0%B8%B8%E0%B9%8A%E0%B8%84-%E0%B8%99%E0%B8%84%E0%B8%A3%E0%B8%A3%E0%B8%B2%E0%B8%8A%E0%B8%AA%E0%B8%B5%E0%B8%A1%E0%B8%B2","200","0","https://amphon.co.th/%E0%B8%A3%E0%B8%B1%E0%B8%9A%E0%B8%8B%E0%B8%B7%E0%B9%89%E0%B8%AD/%E0%B8%A3%E0%B8%B1%E0%B8%9A%E0%B8%8B%E0%B8%B7%E0%B9%89%E0%B8%AD%E0%B9%82%E0%B8%99%E0%B9%8A%E0%B8%95%E0%B8%9A%E0%B8%B8%E0%B9%8A%E0%B8%84-%E0%B8%99%E0%B8%84%E0%B8%A3%E0%B8%A3%E0%B8%B2%E0%B8%8A%E0%B8%AA%E0%B8%B5%E0%B8%A1%E0%B8%B2","https://amphon.co.th/รับซื้อ/รับซื้อโน๊ตบุ๊ค-นครราชสีมา","Yes","PASS",""
"https://amphon.co.th/%E0%B8%A3%E0%B8%B1%E0%B8%9A%E0%B8%8B%E0%B8%B7%E0%B9%89%E0%B8%AD/%E0%B8%A3%E0%B8%B1%E0%B8%9A%E0%B8%8B%E0%B8%B7%E0%B9%89%E0%B8%AD%E0%B9%82%E0%B8%99%E0%B9%8A%E0%B8%95%E0%B8%9A%E0%B8%B8%E0%B9%8A%E0%B8%84-%E0%B8%A1%E0%B8%AB%E0%B8%B2%E0%B8%AA%E0%B8%B2%E0%B8%A3%E0%B8%84%E0%B8%B2%E0%B8%A1","200","0","https://amphon.co.th/%E0%B8%A3%E0%B8%B1%E0%B8%9A%E0%B8%8B%E0%B8%B7%E0%B9%89%E0%B8%AD/%E0%B8%A3%E0%B8%B1%E0%B8%9A%E0%B8%8B%E0%B8%B7%E0%B9%89%E0%B8%AD%E0%B9%82%E0%B8%99%E0%B9%8A%E0%B8%95%E0%B8%9A%E0%B8%B8%E0%B9%8A%E0%B8%84-%E0%B8%A1%E0%B8%AB%E0%B8%B2%E0%B8%AA%E0%B8%B2%E0%B8%A3%E0%B8%84%E0%B8%B2%E0%B8%A1","https://amphon.co.th/รับซื้อ/รับซื้อโน๊ตบุ๊ค-มหาสารคาม","Yes","PASS",""
"https://amphon.co.th/%E0%B8%A3%E0%B8%B1%E0%B8%9A%E0%B8%8B%E0%B8%B7%E0%B9%89%E0%B8%AD/%E0%B8%A3%E0%B8%B1%E0%B8%9A%E0%B8%8B%E0%B8%B7%E0%B9%89%E0%B8%AD%E0%B9%82%E0%B8%99%E0%B9%8A%E0%B8%95%E0%B8%9A%E0%B8%B8%E0%B9%8A%E0%B8%84-%E0%B8%A1%E0%B8%B8%E0%B8%81%E0%B8%94%E0%B8%B2%E0%B8%AB%E0%B8%B2%E0%B8%A3","200","0","https://amphon.co.th/%E0%B8%A3%E0%B8%B1%E0%B8%9A%E0%B8%8B%E0%B8%B7%E0%B9%89%E0%B8%AD/%E0%B8%A3%E0%B8%B1%E0%B8%9A%E0%B8%8B%E0%B8%B7%E0%B9%89%E0%B8%AD%E0%B9%82%E0%B8%99%E0%B9%8A%E0%B8%95%E0%B8%9A%E0%B8%B8%E0%B9%8A%E0%B8%84-%E0%B8%A1%E0%B8%B8%E0%B8%81%E0%B8%94%E0%B8%B2%E0%B8%AB%E0%B8%B2%E0%B8%A3","https://amphon.co.th/รับซื้อ/รับซื้อโน๊ตบุ๊ค-มุกดาหาร","Yes","PASS",""
"https://amphon.co.th/%E0%B8%A3%E0%B8%B1%E0%B8%9A%E0%B8%8B%E0%B8%B7%E0%B9%89%E0%B8%AD/%E0%B8%A3%E0%B8%B1%E0%B8%9A%E0%B8%8B%E0%B8%B7%E0%B9%89%E0%B8%AD%E0%B9%82%E0%B8%99%E0%B9%8A%E0%B8%95%E0%B8%9A%E0%B8%B8%E0%B9%8A%E0%B8%84-%E0%B8%A2%E0%B9%82%E0%B8%AA%E0%B8%98%E0%B8%A3","200","0","https://amphon.co.th/%E0%B8%A3%E0%B8%B1%E0%B8%9A%E0%B8%8B%E0%B8%B7%E0%B9%89%E0%B8%AD/%E0%B8%A3%E0%B8%B1%E0%B8%9A%E0%B8%8B%E0%B8%B7%E0%B9%89%E0%B8%AD%E0%B9%82%E0%B8%99%E0%B9%8A%E0%B8%95%E0%B8%9A%E0%B8%B8%E0%B9%8A%E0%B8%84-%E0%B8%A2%E0%B9%82%E0%B8%AA%E0%B8%98%E0%B8%A3","https://amphon.co.th/รับซื้อ/รับซื้อโน๊ตบุ๊ค-ยโสธร","Yes","PASS",""
"https://amphon.co.th/%E0%B8%A3%E0%B8%B1%E0%B8%9A%E0%B8%8B%E0%B8%B7%E0%B9%89%E0%B8%AD/%E0%B8%A3%E0%B8%B1%E0%B8%9A%E0%B8%8B%E0%B8%B7%E0%B9%89%E0%B8%AD%E0%B9%82%E0%B8%99%E0%B9%8A%E0%B8%95%E0%B8%9A%E0%B8%B8%E0%B9%8A%E0%B8%84-%E0%B8%A3%E0%B9%89%E0%B8%AD%E0%B8%A2%E0%B9%80%E0%B8%AD%E0%B9%87%E0%B8%94","200","0","https://amphon.co.th/%E0%B8%A3%E0%B8%B1%E0%B8%9A%E0%B8%8B%E0%B8%B7%E0%B9%89%E0%B8%AD/%E0%B8%A3%E0%B8%B1%E0%B8%9A%E0%B8%8B%E0%B8%B7%E0%B9%89%E0%B8%AD%E0%B9%82%E0%B8%99%E0%B9%8A%E0%B8%95%E0%B8%9A%E0%B8%B8%E0%B9%8A%E0%B8%84-%E0%B8%A3%E0%B9%89%E0%B8%AD%E0%B8%A2%E0%B9%80%E0%B8%AD%E0%B9%87%E0%B8%94","https://amphon.co.th/รับซื้อ/รับซื้อโน๊ตบุ๊ค-ร้อยเอ็ด","Yes","PASS",""
"https://amphon.co.th/%E0%B8%A3%E0%B8%B1%E0%B8%9A%E0%B8%8B%E0%B8%B7%E0%B9%89%E0%B8%AD/%E0%B8%A3%E0%B8%B1%E0%B8%9A%E0%B8%8B%E0%B8%B7%E0%B9%89%E0%B8%AD%E0%B9%82%E0%B8%99%E0%B9%8A%E0%B8%95%E0%B8%9A%E0%B8%B8%E0%B9%8A%E0%B8%84-%E0%B8%A8%E0%B8%A3%E0%B8%B5%E0%B8%AA%E0%B8%B0%E0%B9%80%E0%B8%81%E0%B8%A9","200","0","https://amphon.co.th/%E0%B8%A3%E0%B8%B1%E0%B8%9A%E0%B8%8B%E0%B8%B7%E0%B9%89%E0%B8%AD/%E0%B8%A3%E0%B8%B1%E0%B8%9A%E0%B8%8B%E0%B8%B7%E0%B9%89%E0%B8%AD%E0%B9%82%E0%B8%99%E0%B9%8A%E0%B8%95%E0%B8%9A%E0%B8%B8%E0%B9%8A%E0%B8%84-%E0%B8%A8%E0%B8%A3%E0%B8%B5%E0%B8%AA%E0%B8%B0%E0%B9%80%E0%B8%81%E0%B8%A9","https://amphon.co.th/รับซื้อ/รับซื้อโน๊ตบุ๊ค-ศรีสะเกษ","Yes","PASS",""
"https://amphon.co.th/%E0%B8%A3%E0%B8%B1%E0%B8%9A%E0%B8%8B%E0%B8%B7%E0%B9%89%E0%B8%AD/%E0%B8%A3%E0%B8%B1%E0%B8%9A%E0%B8%8B%E0%B8%B7%E0%B9%89%E0%B8%AD%E0%B9%82%E0%B8%99%E0%B9%8A%E0%B8%95%E0%B8%9A%E0%B8%B8%E0%B9%8A%E0%B8%84-%E0%B8%AA%E0%B8%81%E0%B8%A5%E0%B8%99%E0%B8%84%E0%B8%A3","200","0","https://amphon.co.th/%E0%B8%A3%E0%B8%B1%E0%B8%9A%E0%B8%8B%E0%B8%B7%E0%B9%89%E0%B8%AD/%E0%B8%A3%E0%B8%B1%E0%B8%9A%E0%B8%8B%E0%B8%B7%E0%B9%89%E0%B8%AD%E0%B9%82%E0%B8%99%E0%B9%8A%E0%B8%95%E0%B8%9A%E0%B8%B8%E0%B9%8A%E0%B8%84-%E0%B8%AA%E0%B8%81%E0%B8%A5%E0%B8%99%E0%B8%84%E0%B8%A3","https://amphon.co.th/รับซื้อ/รับซื้อโน๊ตบุ๊ค-สกลนคร","Yes","PASS",""
"https://amphon.co.th/%E0%B8%A3%E0%B8%B1%E0%B8%9A%E0%B8%8B%E0%B8%B7%E0%B9%89%E0%B8%AD/%E0%B8%A3%E0%B8%B1%E0%B8%9A%E0%B8%8B%E0%B8%B7%E0%B9%89%E0%B8%AD%E0%B9%82%E0%B8%99%E0%B9%8A%E0%B8%95%E0%B8%9A%E0%B8%B8%E0%B9%8A%E0%B8%84-%E0%B8%AA%E0%B8%B8%E0%B8%A3%E0%B8%B4%E0%B8%99%E0%B8%97%E0%B8%A3%E0%B9%8C","200","0","https://amphon.co.th/%E0%B8%A3%E0%B8%B1%E0%B8%9A%E0%B8%8B%E0%B8%B7%E0%B9%89%E0%B8%AD/%E0%B8%A3%E0%B8%B1%E0%B8%9A%E0%B8%8B%E0%B8%B7%E0%B9%89%E0%B8%AD%E0%B9%82%E0%B8%99%E0%B9%8A%E0%B8%95%E0%B8%9A%E0%B8%B8%E0%B9%8A%E0%B8%84-%E0%B8%AA%E0%B8%B8%E0%B8%A3%E0%B8%B4%E0%B8%99%E0%B8%97%E0%B8%A3%E0%B9%8C","https://amphon.co.th/รับซื้อ/รับซื้อโน๊ตบุ๊ค-สุรินทร์","Yes","PASS",""
"https://amphon.co.th/%E0%B8%A3%E0%B8%B1%E0%B8%9A%E0%B8%8B%E0%B8%B7%E0%B9%89%E0%B8%AD/%E0%B8%A3%E0%B8%B1%E0%B8%9A%E0%B8%8B%E0%B8%B7%E0%B9%89%E0%B8%AD%E0%B9%82%E0%B8%99%E0%B9%8A%E0%B8%95%E0%B8%9A%E0%B8%B8%E0%B9%8A%E0%B8%84-%E0%B8%AB%E0%B8%99%E0%B8%AD%E0%B8%87%E0%B8%9A%E0%B8%B1%E0%B8%A7%E0%B8%A5%E0%B8%B3%E0%B8%A0%E0%B8%B9","200","0","https://amphon.co.th/%E0%B8%A3%E0%B8%B1%E0%B8%9A%E0%B8%8B%E0%B8%B7%E0%B9%89%E0%B8%AD/%E0%B8%A3%E0%B8%B1%E0%B8%9A%E0%B8%8B%E0%B8%B7%E0%B9%89%E0%B8%AD%E0%B9%82%E0%B8%99%E0%B9%8A%E0%B8%95%E0%B8%9A%E0%B8%B8%E0%B9%8A%E0%B8%84-%E0%B8%AB%E0%B8%99%E0%B8%AD%E0%B8%87%E0%B8%9A%E0%B8%B1%E0%B8%A7%E0%B8%A5%E0%B8%B3%E0%B8%A0%E0%B8%B9","https://amphon.co.th/รับซื้อ/รับซื้อโน๊ตบุ๊ค-หนองบัวลำภู","Yes","PASS",""
"https://amphon.co.th/%E0%B8%A3%E0%B8%B1%E0%B8%9A%E0%B8%8B%E0%B8%B7%E0%B9%89%E0%B8%AD/%E0%B8%A3%E0%B8%B1%E0%B8%9A%E0%B8%8B%E0%B8%B7%E0%B9%89%E0%B8%AD%E0%B9%82%E0%B8%99%E0%B9%8A%E0%B8%95%E0%B8%9A%E0%B8%B8%E0%B9%8A%E0%B8%84-%E0%B8%AB%E0%B8%99%E0%B8%AD%E0%B8%87%E0%B8%84%E0%B8%B2%E0%B8%A2","200","0","https://amphon.co.th/%E0%B8%A3%E0%B8%B1%E0%B8%9A%E0%B8%8B%E0%B8%B7%E0%B9%89%E0%B8%AD/%E0%B8%A3%E0%B8%B1%E0%B8%9A%E0%B8%8B%E0%B8%B7%E0%B9%89%E0%B8%AD%E0%B9%82%E0%B8%99%E0%B9%8A%E0%B8%95%E0%B8%9A%E0%B8%B8%E0%B9%8A%E0%B8%84-%E0%B8%AB%E0%B8%99%E0%B8%AD%E0%B8%87%E0%B8%84%E0%B8%B2%E0%B8%A2","https://amphon.co.th/รับซื้อ/รับซื้อโน๊ตบุ๊ค-หนองคาย","Yes","PASS",""
"https://amphon.co.th/%E0%B8%A3%E0%B8%B1%E0%B8%9A%E0%B8%8B%E0%B8%B7%E0%B9%89%E0%B8%AD/%E0%B8%A3%E0%B8%B1%E0%B8%9A%E0%B8%8B%E0%B8%B7%E0%B9%89%E0%B8%AD%E0%B9%82%E0%B8%99%E0%B9%8A%E0%B8%95%E0%B8%9A%E0%B8%B8%E0%B9%8A%E0%B8%84-%E0%B8%AD%E0%B8%B3%E0%B8%99%E0%B8%B2%E0%B8%88%E0%B9%80%E0%B8%88%E0%B8%A3%E0%B8%B4%E0%B8%8D","200","0","https://amphon.co.th/%E0%B8%A3%E0%B8%B1%E0%B8%9A%E0%B8%8B%E0%B8%B7%E0%B9%89%E0%B8%AD/%E0%B8%A3%E0%B8%B1%E0%B8%9A%E0%B8%8B%E0%B8%B7%E0%B9%89%E0%B8%AD%E0%B9%82%E0%B8%99%E0%B9%8A%E0%B8%95%E0%B8%9A%E0%B8%B8%E0%B9%8A%E0%B8%84-%E0%B8%AD%E0%B8%B3%E0%B8%99%E0%B8%B2%E0%B8%88%E0%B9%80%E0%B8%88%E0%B8%A3%E0%B8%B4%E0%B8%8D","https://amphon.co.th/รับซื้อ/รับซื้อโน๊ตบุ๊ค-อำนาจเจริญ","Yes","PASS",""
"https://amphon.co.th/%E0%B8%A3%E0%B8%B1%E0%B8%9A%E0%B8%8B%E0%B8%B7%E0%B9%89%E0%B8%AD/%E0%B8%A3%E0%B8%B1%E0%B8%9A%E0%B8%8B%E0%B8%B7%E0%B9%89%E0%B8%AD%E0%B9%82%E0%B8%99%E0%B9%8A%E0%B8%95%E0%B8%9A%E0%B8%B8%E0%B9%8A%E0%B8%84-%E0%B8%AD%E0%B8%B8%E0%B8%9A%E0%B8%A5%E0%B8%A3%E0%B8%B2%E0%B8%8A%E0%B8%98%E0%B8%B2%E0%B8%99%E0%B8%B5","200","0","https://amphon.co.th/%E0%B8%A3%E0%B8%B1%E0%B8%9A%E0%B8%8B%E0%B8%B7%E0%B9%89%E0%B8%AD/%E0%B8%A3%E0%B8%B1%E0%B8%9A%E0%B8%8B%E0%B8%B7%E0%B9%89%E0%B8%AD%E0%B9%82%E0%B8%99%E0%B9%8A%E0%B8%95%E0%B8%9A%E0%B8%B8%E0%B9%8A%E0%B8%84-%E0%B8%AD%E0%B8%B8%E0%B8%9A%E0%B8%A5%E0%B8%A3%E0%B8%B2%E0%B8%8A%E0%B8%98%E0%B8%B2%E0%B8%99%E0%B8%B5","https://amphon.co.th/รับซื้อ/รับซื้อโน๊ตบุ๊ค-อุบลราชธานี","Yes","PASS",""
"https://amphon.co.th/%E0%B8%A3%E0%B8%B1%E0%B8%9A%E0%B8%8B%E0%B8%B7%E0%B9%89%E0%B8%AD/%E0%B8%A3%E0%B8%B1%E0%B8%9A%E0%B8%8B%E0%B8%B7%E0%B9%89%E0%B8%AD%E0%B9%82%E0%B8%99%E0%B9%8A%E0%B8%95%E0%B8%9A%E0%B8%B8%E0%B9%8A%E0%B8%84-%E0%B8%AD%E0%B8%B8%E0%B8%94%E0%B8%A3%E0%B8%98%E0%B8%B2%E0%B8%99%E0%B8%B5","200","0","https://amphon.co.th/%E0%B8%A3%E0%B8%B1%E0%B8%9A%E0%B8%8B%E0%B8%B7%E0%B9%89%E0%B8%AD/%E0%B8%A3%E0%B8%B1%E0%B8%9A%E0%B8%8B%E0%B8%B7%E0%B9%89%E0%B8%AD%E0%B9%82%E0%B8%99%E0%B9%8A%E0%B8%95%E0%B8%9A%E0%B8%B8%E0%B9%8A%E0%B8%84-%E0%B8%AD%E0%B8%B8%E0%B8%94%E0%B8%A3%E0%B8%98%E0%B8%B2%E0%B8%99%E0%B8%B5","https://amphon.co.th/รับซื้อ/รับซื้อโน๊ตบุ๊ค-อุดรธานี","Yes","PASS",""
"https://amphon.co.th/%E0%B8%A3%E0%B8%B1%E0%B8%9A%E0%B8%8B%E0%B8%B7%E0%B9%89%E0%B8%AD/%E0%B8%A3%E0%B8%B1%E0%B8%9A%E0%B8%8B%E0%B8%B7%E0%B9%89%E0%B8%AD%E0%B9%82%E0%B8%99%E0%B9%8A%E0%B8%95%E0%B8%9A%E0%B8%B8%E0%B9%8A%E0%B8%84-%E0%B9%80%E0%B8%A5%E0%B8%A2","200","0","https://amphon.co.th/%E0%B8%A3%E0%B8%B1%E0%B8%9A%E0%B8%8B%E0%B8%B7%E0%B9%89%E0%B8%AD/%E0%B8%A3%E0%B8%B1%E0%B8%9A%E0%B8%8B%E0%B8%B7%E0%B9%89%E0%B8%AD%E0%B9%82%E0%B8%99%E0%B9%8A%E0%B8%95%E0%B8%9A%E0%B8%B8%E0%B9%8A%E0%B8%84-%E0%B9%80%E0%B8%A5%E0%B8%A2","https://amphon.co.th/รับซื้อ/รับซื้อโน๊ตบุ๊ค-เลย","Yes","PASS",""
"https://amphon.co.th/%E0%B8%A3%E0%B8%B1%E0%B8%9A%E0%B8%8B%E0%B8%B7%E0%B9%89%E0%B8%AD/%E0%B8%A3%E0%B8%B1%E0%B8%9A%E0%B8%8B%E0%B8%B7%E0%B9%89%E0%B8%AD%E0%B9%82%E0%B8%99%E0%B9%8A%E0%B8%95%E0%B8%9A%E0%B8%B8%E0%B9%8A%E0%B8%84%E0%B9%80%E0%B8%81%E0%B8%A1%E0%B8%A1%E0%B8%B4%E0%B9%88%E0%B8%87-%E0%B8%8A%E0%B8%B1%E0%B8%A2%E0%B8%A0%E0%B8%B9%E0%B8%A1%E0%B8%B4","200","0","https://amphon.co.th/%E0%B8%A3%E0%B8%B1%E0%B8%9A%E0%B8%8B%E0%B8%B7%E0%B9%89%E0%B8%AD/%E0%B8%A3%E0%B8%B1%E0%B8%9A%E0%B8%8B%E0%B8%B7%E0%B9%89%E0%B8%AD%E0%B9%82%E0%B8%99%E0%B9%8A%E0%B8%95%E0%B8%9A%E0%B8%B8%E0%B9%8A%E0%B8%84%E0%B9%80%E0%B8%81%E0%B8%A1%E0%B8%A1%E0%B8%B4%E0%B9%88%E0%B8%87-%E0%B8%8A%E0%B8%B1%E0%B8%A2%E0%B8%A0%E0%B8%B9%E0%B8%A1%E0%B8%B4","https://amphon.co.th/รับซื้อ/รับซื้อโน๊ตบุ๊คเกมมิ่ง-ชัยภูมิ","Yes","PASS",""
"https://amphon.co.th/%E0%B8%A3%E0%B8%B1%E0%B8%9A%E0%B8%8B%E0%B8%B7%E0%B9%89%E0%B8%AD/%E0%B8%A3%E0%B8%B1%E0%B8%9A%E0%B8%8B%E0%B8%B7%E0%B9%89%E0%B8%AD%E0%B9%82%E0%B8%99%E0%B9%8A%E0%B8%95%E0%B8%9A%E0%B8%B8%E0%B9%8A%E0%B8%84%E0%B9%80%E0%B8%81%E0%B8%A1%E0%B8%A1%E0%B8%B4%E0%B9%88%E0%B8%87-%E0%B8%9A%E0%B8%B6%E0%B8%87%E0%B8%81%E0%B8%B2%E0%B8%AC","200","0","https://amphon.co.th/%E0%B8%A3%E0%B8%B1%E0%B8%9A%E0%B8%8B%E0%B8%B7%E0%B9%89%E0%B8%AD/%E0%B8%A3%E0%B8%B1%E0%B8%9A%E0%B8%8B%E0%B8%B7%E0%B9%89%E0%B8%AD%E0%B9%82%E0%B8%99%E0%B9%8A%E0%B8%95%E0%B8%9A%E0%B8%B8%E0%B9%8A%E0%B8%84%E0%B9%80%E0%B8%81%E0%B8%A1%E0%B8%A1%E0%B8%B4%E0%B9%88%E0%B8%87-%E0%B8%9A%E0%B8%B6%E0%B8%87%E0%B8%81%E0%B8%B2%E0%B8%AC","https://amphon.co.th/รับซื้อ/รับซื้อโน๊ตบุ๊คเกมมิ่ง-บึงกาฬ","Yes","PASS",""
"https://amphon.co.th/%E0%B8%A3%E0%B8%B1%E0%B8%9A%E0%B8%8B%E0%B8%B7%E0%B9%89%E0%B8%AD/%E0%B8%A3%E0%B8%B1%E0%B8%9A%E0%B8%8B%E0%B8%B7%E0%B9%89%E0%B8%AD%E0%B9%82%E0%B8%99%E0%B9%8A%E0%B8%95%E0%B8%9A%E0%B8%B8%E0%B9%8A%E0%B8%84%E0%B9%80%E0%B8%81%E0%B8%A1%E0%B8%A1%E0%B8%B4%E0%B9%88%E0%B8%87-%E0%B8%9A%E0%B8%B8%E0%B8%A3%E0%B8%B5%E0%B8%A3%E0%B8%B1%E0%B8%A1%E0%B8%A2%E0%B9%8C","200","0","https://amphon.co.th/%E0%B8%A3%E0%B8%B1%E0%B8%9A%E0%B8%8B%E0%B8%B7%E0%B9%89%E0%B8%AD/%E0%B8%A3%E0%B8%B1%E0%B8%9A%E0%B8%8B%E0%B8%B7%E0%B9%89%E0%B8%AD%E0%B9%82%E0%B8%99%E0%B9%8A%E0%B8%95%E0%B8%9A%E0%B8%B8%E0%B9%8A%E0%B8%84%E0%B9%80%E0%B8%81%E0%B8%A1%E0%B8%A1%E0%B8%B4%E0%B9%88%E0%B8%87-%E0%B8%9A%E0%B8%B8%E0%B8%A3%E0%B8%B5%E0%B8%A3%E0%B8%B1%E0%B8%A1%E0%B8%A2%E0%B9%8C","https://amphon.co.th/รับซื้อ/รับซื้อโน๊ตบุ๊คเกมมิ่ง-บุรีรัมย์","Yes","PASS",""
"https://amphon.co.th/%E0%B8%A3%E0%B8%B1%E0%B8%9A%E0%B8%8B%E0%B8%B7%E0%B9%89%E0%B8%AD/%E0%B8%A3%E0%B8%B1%E0%B8%9A%E0%B8%8B%E0%B8%B7%E0%B9%89%E0%B8%AD%E0%B9%82%E0%B8%99%E0%B9%8A%E0%B8%95%E0%B8%9A%E0%B8%B8%E0%B9%8A%E0%B8%84%E0%B9%80%E0%B8%81%E0%B8%A1%E0%B8%A1%E0%B8%B4%E0%B9%88%E0%B8%87-%E0%B8%81%E0%B8%B2%E0%B8%AC%E0%B8%AA%E0%B8%B4%E0%B8%99%E0%B8%98%E0%B8%B8%E0%B9%8C","200","0","https://amphon.co.th/%E0%B8%A3%E0%B8%B1%E0%B8%9A%E0%B8%8B%E0%B8%B7%E0%B9%89%E0%B8%AD/%E0%B8%A3%E0%B8%B1%E0%B8%9A%E0%B8%8B%E0%B8%B7%E0%B9%89%E0%B8%AD%E0%B9%82%E0%B8%99%E0%B9%8A%E0%B8%95%E0%B8%9A%E0%B8%B8%E0%B9%8A%E0%B8%84%E0%B9%80%E0%B8%81%E0%B8%A1%E0%B8%A1%E0%B8%B4%E0%B9%88%E0%B8%87-%E0%B8%81%E0%B8%B2%E0%B8%AC%E0%B8%AA%E0%B8%B4%E0%B8%99%E0%B8%98%E0%B8%B8%E0%B9%8C","https://amphon.co.th/รับซื้อ/รับซื้อโน๊ตบุ๊คเกมมิ่ง-กาฬสินธุ์","Yes","PASS",""
"https://amphon.co.th/%E0%B8%A3%E0%B8%B1%E0%B8%9A%E0%B8%8B%E0%B8%B7%E0%B9%89%E0%B8%AD/%E0%B8%A3%E0%B8%B1%E0%B8%9A%E0%B8%8B%E0%B8%B7%E0%B9%89%E0%B8%AD%E0%B9%82%E0%B8%99%E0%B9%8A%E0%B8%95%E0%B8%9A%E0%B8%B8%E0%B9%8A%E0%B8%84%E0%B9%80%E0%B8%81%E0%B8%A1%E0%B8%A1%E0%B8%B4%E0%B9%88%E0%B8%87-%E0%B8%82%E0%B8%AD%E0%B8%99%E0%B9%81%E0%B8%81%E0%B9%88%E0%B8%99","200","0","https://amphon.co.th/%E0%B8%A3%E0%B8%B1%E0%B8%9A%E0%B8%8B%E0%B8%B7%E0%B9%89%E0%B8%AD/%E0%B8%A3%E0%B8%B1%E0%B8%9A%E0%B8%8B%E0%B8%B7%E0%B9%89%E0%B8%AD%E0%B9%82%E0%B8%99%E0%B9%8A%E0%B8%95%E0%B8%9A%E0%B8%B8%E0%B9%8A%E0%B8%84%E0%B9%80%E0%B8%81%E0%B8%A1%E0%B8%A1%E0%B8%B4%E0%B9%88%E0%B8%87-%E0%B8%82%E0%B8%AD%E0%B8%99%E0%B9%81%E0%B8%81%E0%B9%88%E0%B8%99","https://amphon.co.th/รับซื้อ/รับซื้อโน๊ตบุ๊คเกมมิ่ง-ขอนแก่น","Yes","PASS",""
"https://amphon.co.th/%E0%B8%A3%E0%B8%B1%E0%B8%9A%E0%B8%8B%E0%B8%B7%E0%B9%89%E0%B8%AD/%E0%B8%A3%E0%B8%B1%E0%B8%9A%E0%B8%8B%E0%B8%B7%E0%B9%89%E0%B8%AD%E0%B9%82%E0%B8%99%E0%B9%8A%E0%B8%95%E0%B8%9A%E0%B8%B8%E0%B9%8A%E0%B8%84%E0%B9%80%E0%B8%81%E0%B8%A1%E0%B8%A1%E0%B8%B4%E0%B9%88%E0%B8%87-%E0%B8%99%E0%B8%84%E0%B8%A3%E0%B8%9E%E0%B8%99%E0%B8%A1","200","0","https://amphon.co.th/%E0%B8%A3%E0%B8%B1%E0%B8%9A%E0%B8%8B%E0%B8%B7%E0%B9%89%E0%B8%AD/%E0%B8%A3%E0%B8%B1%E0%B8%9A%E0%B8%8B%E0%B8%B7%E0%B9%89%E0%B8%AD%E0%B9%82%E0%B8%99%E0%B9%8A%E0%B8%95%E0%B8%9A%E0%B8%B8%E0%B9%8A%E0%B8%84%E0%B9%80%E0%B8%81%E0%B8%A1%E0%B8%A1%E0%B8%B4%E0%B9%88%E0%B8%87-%E0%B8%99%E0%B8%84%E0%B8%A3%E0%B8%9E%E0%B8%99%E0%B8%A1","https://amphon.co.th/รับซื้อ/รับซื้อโน๊ตบุ๊คเกมมิ่ง-นครพนม","Yes","PASS",""
"https://amphon.co.th/%E0%B8%A3%E0%B8%B1%E0%B8%9A%E0%B8%8B%E0%B8%B7%E0%B9%89%E0%B8%AD/%E0%B8%A3%E0%B8%B1%E0%B8%9A%E0%B8%8B%E0%B8%B7%E0%B9%89%E0%B8%AD%E0%B9%82%E0%B8%99%E0%B9%8A%E0%B8%95%E0%B8%9A%E0%B8%B8%E0%B9%8A%E0%B8%84%E0%B9%80%E0%B8%81%E0%B8%A1%E0%B8%A1%E0%B8%B4%E0%B9%88%E0%B8%87-%E0%B8%99%E0%B8%84%E0%B8%A3%E0%B8%A3%E0%B8%B2%E0%B8%8A%E0%B8%AA%E0%B8%B5%E0%B8%A1%E0%B8%B2","200","0","https://amphon.co.th/%E0%B8%A3%E0%B8%B1%E0%B8%9A%E0%B8%8B%E0%B8%B7%E0%B9%89%E0%B8%AD/%E0%B8%A3%E0%B8%B1%E0%B8%9A%E0%B8%8B%E0%B8%B7%E0%B9%89%E0%B8%AD%E0%B9%82%E0%B8%99%E0%B9%8A%E0%B8%95%E0%B8%9A%E0%B8%B8%E0%B9%8A%E0%B8%84%E0%B9%80%E0%B8%81%E0%B8%A1%E0%B8%A1%E0%B8%B4%E0%B9%88%E0%B8%87-%E0%B8%99%E0%B8%84%E0%B8%A3%E0%B8%A3%E0%B8%B2%E0%B8%8A%E0%B8%AA%E0%B8%B5%E0%B8%A1%E0%B8%B2","https://amphon.co.th/รับซื้อ/รับซื้อโน๊ตบุ๊คเกมมิ่ง-นครราชสีมา","Yes","PASS",""
"https://amphon.co.th/%E0%B8%A3%E0%B8%B1%E0%B8%9A%E0%B8%8B%E0%B8%B7%E0%B9%89%E0%B8%AD/%E0%B8%A3%E0%B8%B1%E0%B8%9A%E0%B8%8B%E0%B8%B7%E0%B9%89%E0%B8%AD%E0%B9%82%E0%B8%99%E0%B9%8A%E0%B8%95%E0%B8%9A%E0%B8%B8%E0%B9%8A%E0%B8%84%E0%B9%80%E0%B8%81%E0%B8%A1%E0%B8%A1%E0%B8%B4%E0%B9%88%E0%B8%87-%E0%B8%A1%E0%B8%AB%E0%B8%B2%E0%B8%AA%E0%B8%B2%E0%B8%A3%E0%B8%84%E0%B8%B2%E0%B8%A1","200","0","https://amphon.co.th/%E0%B8%A3%E0%B8%B1%E0%B8%9A%E0%B8%8B%E0%B8%B7%E0%B9%89%E0%B8%AD/%E0%B8%A3%E0%B8%B1%E0%B8%9A%E0%B8%8B%E0%B8%B7%E0%B9%89%E0%B8%AD%E0%B9%82%E0%B8%99%E0%B9%8A%E0%B8%95%E0%B8%9A%E0%B8%B8%E0%B9%8A%E0%B8%84%E0%B9%80%E0%B8%81%E0%B8%A1%E0%B8%A1%E0%B8%B4%E0%B9%88%E0%B8%87-%E0%B8%A1%E0%B8%AB%E0%B8%B2%E0%B8%AA%E0%B8%B2%E0%B8%A3%E0%B8%84%E0%B8%B2%E0%B8%A1","https://amphon.co.th/รับซื้อ/รับซื้อโน๊ตบุ๊คเกมมิ่ง-มหาสารคาม","Yes","PASS",""
"https://amphon.co.th/%E0%B8%A3%E0%B8%B1%E0%B8%9A%E0%B8%8B%E0%B8%B7%E0%B9%89%E0%B8%AD/%E0%B8%A3%E0%B8%B1%E0%B8%9A%E0%B8%8B%E0%B8%B7%E0%B9%89%E0%B8%AD%E0%B9%82%E0%B8%99%E0%B9%8A%E0%B8%95%E0%B8%9A%E0%B8%B8%E0%B9%8A%E0%B8%84%E0%B9%80%E0%B8%81%E0%B8%A1%E0%B8%A1%E0%B8%B4%E0%B9%88%E0%B8%87-%E0%B8%A1%E0%B8%B8%E0%B8%81%E0%B8%94%E0%B8%B2%E0%B8%AB%E0%B8%B2%E0%B8%A3","200","0","https://amphon.co.th/%E0%B8%A3%E0%B8%B1%E0%B8%9A%E0%B8%8B%E0%B8%B7%E0%B9%89%E0%B8%AD/%E0%B8%A3%E0%B8%B1%E0%B8%9A%E0%B8%8B%E0%B8%B7%E0%B9%89%E0%B8%AD%E0%B9%82%E0%B8%99%E0%B9%8A%E0%B8%95%E0%B8%9A%E0%B8%B8%E0%B9%8A%E0%B8%84%E0%B9%80%E0%B8%81%E0%B8%A1%E0%B8%A1%E0%B8%B4%E0%B9%88%E0%B8%87-%E0%B8%A1%E0%B8%B8%E0%B8%81%E0%B8%94%E0%B8%B2%E0%B8%AB%E0%B8%B2%E0%B8%A3","https://amphon.co.th/รับซื้อ/รับซื้อโน๊ตบุ๊คเกมมิ่ง-มุกดาหาร","Yes","PASS",""
"https://amphon.co.th/%E0%B8%A3%E0%B8%B1%E0%B8%9A%E0%B8%8B%E0%B8%B7%E0%B9%89%E0%B8%AD/%E0%B8%A3%E0%B8%B1%E0%B8%9A%E0%B8%8B%E0%B8%B7%E0%B9%89%E0%B8%AD%E0%B9%82%E0%B8%99%E0%B9%8A%E0%B8%95%E0%B8%9A%E0%B8%B8%E0%B9%8A%E0%B8%84%E0%B9%80%E0%B8%81%E0%B8%A1%E0%B8%A1%E0%B8%B4%E0%B9%88%E0%B8%87-%E0%B8%A2%E0%B9%82%E0%B8%AA%E0%B8%98%E0%B8%A3","200","0","https://amphon.co.th/%E0%B8%A3%E0%B8%B1%E0%B8%9A%E0%B8%8B%E0%B8%B7%E0%B9%89%E0%B8%AD/%E0%B8%A3%E0%B8%B1%E0%B8%9A%E0%B8%8B%E0%B8%B7%E0%B9%89%E0%B8%AD%E0%B9%82%E0%B8%99%E0%B9%8A%E0%B8%95%E0%B8%9A%E0%B8%B8%E0%B9%8A%E0%B8%84%E0%B9%80%E0%B8%81%E0%B8%A1%E0%B8%A1%E0%B8%B4%E0%B9%88%E0%B8%87-%E0%B8%A2%E0%B9%82%E0%B8%AA%E0%B8%98%E0%B8%A3","https://amphon.co.th/รับซื้อ/รับซื้อโน๊ตบุ๊คเกมมิ่ง-ยโสธร","Yes","PASS",""
"https://amphon.co.th/%E0%B8%A3%E0%B8%B1%E0%B8%9A%E0%B8%8B%E0%B8%B7%E0%B9%89%E0%B8%AD/%E0%B8%A3%E0%B8%B1%E0%B8%9A%E0%B8%8B%E0%B8%B7%E0%B9%89%E0%B8%AD%E0%B9%82%E0%B8%99%E0%B9%8A%E0%B8%95%E0%B8%9A%E0%B8%B8%E0%B9%8A%E0%B8%84%E0%B9%80%E0%B8%81%E0%B8%A1%E0%B8%A1%E0%B8%B4%E0%B9%88%E0%B8%87-%E0%B8%A3%E0%B9%89%E0%B8%AD%E0%B8%A2%E0%B9%80%E0%B8%AD%E0%B9%87%E0%B8%94","200","0","https://amphon.co.th/%E0%B8%A3%E0%B8%B1%E0%B8%9A%E0%B8%8B%E0%B8%B7%E0%B9%89%E0%B8%AD/%E0%B8%A3%E0%B8%B1%E0%B8%9A%E0%B8%8B%E0%B8%B7%E0%B9%89%E0%B8%AD%E0%B9%82%E0%B8%99%E0%B9%8A%E0%B8%95%E0%B8%9A%E0%B8%B8%E0%B9%8A%E0%B8%84%E0%B9%80%E0%B8%81%E0%B8%A1%E0%B8%A1%E0%B8%B4%E0%B9%88%E0%B8%87-%E0%B8%A3%E0%B9%89%E0%B8%AD%E0%B8%A2%E0%B9%80%E0%B8%AD%E0%B9%87%E0%B8%94","https://amphon.co.th/รับซื้อ/รับซื้อโน๊ตบุ๊คเกมมิ่ง-ร้อยเอ็ด","Yes","PASS",""
"https://amphon.co.th/%E0%B8%A3%E0%B8%B1%E0%B8%9A%E0%B8%8B%E0%B8%B7%E0%B9%89%E0%B8%AD/%E0%B8%A3%E0%B8%B1%E0%B8%9A%E0%B8%8B%E0%B8%B7%E0%B9%89%E0%B8%AD%E0%B9%82%E0%B8%99%E0%B9%8A%E0%B8%95%E0%B8%9A%E0%B8%B8%E0%B9%8A%E0%B8%84%E0%B9%80%E0%B8%81%E0%B8%A1%E0%B8%A1%E0%B8%B4%E0%B9%88%E0%B8%87-%E0%B8%A8%E0%B8%A3%E0%B8%B5%E0%B8%AA%E0%B8%B0%E0%B9%80%E0%B8%81%E0%B8%A9","200","0","https://amphon.co.th/%E0%B8%A3%E0%B8%B1%E0%B8%9A%E0%B8%8B%E0%B8%B7%E0%B9%89%E0%B8%AD/%E0%B8%A3%E0%B8%B1%E0%B8%9A%E0%B8%8B%E0%B8%B7%E0%B9%89%E0%B8%AD%E0%B9%82%E0%B8%99%E0%B9%8A%E0%B8%95%E0%B8%9A%E0%B8%B8%E0%B9%8A%E0%B8%84%E0%B9%80%E0%B8%81%E0%B8%A1%E0%B8%A1%E0%B8%B4%E0%B9%88%E0%B8%87-%E0%B8%A8%E0%B8%A3%E0%B8%B5%E0%B8%AA%E0%B8%B0%E0%B9%80%E0%B8%81%E0%B8%A9","https://amphon.co.th/รับซื้อ/รับซื้อโน๊ตบุ๊คเกมมิ่ง-ศรีสะเกษ","Yes","PASS",""
"https://amphon.co.th/%E0%B8%A3%E0%B8%B1%E0%B8%9A%E0%B8%8B%E0%B8%B7%E0%B9%89%E0%B8%AD/%E0%B8%A3%E0%B8%B1%E0%B8%9A%E0%B8%8B%E0%B8%B7%E0%B9%89%E0%B8%AD%E0%B9%82%E0%B8%99%E0%B9%8A%E0%B8%95%E0%B8%9A%E0%B8%B8%E0%B9%8A%E0%B8%84%E0%B9%80%E0%B8%81%E0%B8%A1%E0%B8%A1%E0%B8%B4%E0%B9%88%E0%B8%87-%E0%B8%AA%E0%B8%81%E0%B8%A5%E0%B8%99%E0%B8%84%E0%B8%A3","200","0","https://amphon.co.th/%E0%B8%A3%E0%B8%B1%E0%B8%9A%E0%B8%8B%E0%B8%B7%E0%B9%89%E0%B8%AD/%E0%B8%A3%E0%B8%B1%E0%B8%9A%E0%B8%8B%E0%B8%B7%E0%B9%89%E0%B8%AD%E0%B9%82%E0%B8%99%E0%B9%8A%E0%B8%95%E0%B8%9A%E0%B8%B8%E0%B9%8A%E0%B8%84%E0%B9%80%E0%B8%81%E0%B8%A1%E0%B8%A1%E0%B8%B4%E0%B9%88%E0%B8%87-%E0%B8%AA%E0%B8%81%E0%B8%A5%E0%B8%99%E0%B8%84%E0%B8%A3","https://amphon.co.th/รับซื้อ/รับซื้อโน๊ตบุ๊คเกมมิ่ง-สกลนคร","Yes","PASS",""
"https://amphon.co.th/%E0%B8%A3%E0%B8%B1%E0%B8%9A%E0%B8%8B%E0%B8%B7%E0%B9%89%E0%B8%AD/%E0%B8%A3%E0%B8%B1%E0%B8%9A%E0%B8%8B%E0%B8%B7%E0%B9%89%E0%B8%AD%E0%B9%82%E0%B8%99%E0%B9%8A%E0%B8%95%E0%B8%9A%E0%B8%B8%E0%B9%8A%E0%B8%84%E0%B9%80%E0%B8%81%E0%B8%A1%E0%B8%A1%E0%B8%B4%E0%B9%88%E0%B8%87-%E0%B8%AA%E0%B8%B8%E0%B8%A3%E0%B8%B4%E0%B8%99%E0%B8%97%E0%B8%A3%E0%B9%8C","200","0","https://amphon.co.th/%E0%B8%A3%E0%B8%B1%E0%B8%9A%E0%B8%8B%E0%B8%B7%E0%B9%89%E0%B8%AD/%E0%B8%A3%E0%B8%B1%E0%B8%9A%E0%B8%8B%E0%B8%B7%E0%B9%89%E0%B8%AD%E0%B9%82%E0%B8%99%E0%B9%8A%E0%B8%95%E0%B8%9A%E0%B8%B8%E0%B9%8A%E0%B8%84%E0%B9%80%E0%B8%81%E0%B8%A1%E0%B8%A1%E0%B8%B4%E0%B9%88%E0%B8%87-%E0%B8%AA%E0%B8%B8%E0%B8%A3%E0%B8%B4%E0%B8%99%E0%B8%97%E0%B8%A3%E0%B9%8C","https://amphon.co.th/รับซื้อ/รับซื้อโน๊ตบุ๊คเกมมิ่ง-สุรินทร์","Yes","PASS",""
"https://amphon.co.th/%E0%B8%A3%E0%B8%B1%E0%B8%9A%E0%B8%8B%E0%B8%B7%E0%B9%89%E0%B8%AD/%E0%B8%A3%E0%B8%B1%E0%B8%9A%E0%B8%8B%E0%B8%B7%E0%B9%89%E0%B8%AD%E0%B9%82%E0%B8%99%E0%B9%8A%E0%B8%95%E0%B8%9A%E0%B8%B8%E0%B9%8A%E0%B8%84%E0%B9%80%E0%B8%81%E0%B8%A1%E0%B8%A1%E0%B8%B4%E0%B9%88%E0%B8%87-%E0%B8%AB%E0%B8%99%E0%B8%AD%E0%B8%87%E0%B8%9A%E0%B8%B1%E0%B8%A7%E0%B8%A5%E0%B8%B3%E0%B8%A0%E0%B8%B9","200","0","https://amphon.co.th/%E0%B8%A3%E0%B8%B1%E0%B8%9A%E0%B8%8B%E0%B8%B7%E0%B9%89%E0%B8%AD/%E0%B8%A3%E0%B8%B1%E0%B8%9A%E0%B8%8B%E0%B8%B7%E0%B9%89%E0%B8%AD%E0%B9%82%E0%B8%99%E0%B9%8A%E0%B8%95%E0%B8%9A%E0%B8%B8%E0%B9%8A%E0%B8%84%E0%B9%80%E0%B8%81%E0%B8%A1%E0%B8%A1%E0%B8%B4%E0%B9%88%E0%B8%87-%E0%B8%AB%E0%B8%99%E0%B8%AD%E0%B8%87%E0%B8%9A%E0%B8%B1%E0%B8%A7%E0%B8%A5%E0%B8%B3%E0%B8%A0%E0%B8%B9","https://amphon.co.th/รับซื้อ/รับซื้อโน๊ตบุ๊คเกมมิ่ง-หนองบัวลำภู","Yes","PASS",""
"https://amphon.co.th/%E0%B8%A3%E0%B8%B1%E0%B8%9A%E0%B8%8B%E0%B8%B7%E0%B9%89%E0%B8%AD/%E0%B8%A3%E0%B8%B1%E0%B8%9A%E0%B8%8B%E0%B8%B7%E0%B9%89%E0%B8%AD%E0%B9%82%E0%B8%99%E0%B9%8A%E0%B8%95%E0%B8%9A%E0%B8%B8%E0%B9%8A%E0%B8%84%E0%B9%80%E0%B8%81%E0%B8%A1%E0%B8%A1%E0%B8%B4%E0%B9%88%E0%B8%87-%E0%B8%AB%E0%B8%99%E0%B8%AD%E0%B8%87%E0%B8%84%E0%B8%B2%E0%B8%A2","200","0","https://amphon.co.th/%E0%B8%A3%E0%B8%B1%E0%B8%9A%E0%B8%8B%E0%B8%B7%E0%B9%89%E0%B8%AD/%E0%B8%A3%E0%B8%B1%E0%B8%9A%E0%B8%8B%E0%B8%B7%E0%B9%89%E0%B8%AD%E0%B9%82%E0%B8%99%E0%B9%8A%E0%B8%95%E0%B8%9A%E0%B8%B8%E0%B9%8A%E0%B8%84%E0%B9%80%E0%B8%81%E0%B8%A1%E0%B8%A1%E0%B8%B4%E0%B9%88%E0%B8%87-%E0%B8%AB%E0%B8%99%E0%B8%AD%E0%B8%87%E0%B8%84%E0%B8%B2%E0%B8%A2","https://amphon.co.th/รับซื้อ/รับซื้อโน๊ตบุ๊คเกมมิ่ง-หนองคาย","Yes","PASS",""
"https://amphon.co.th/%E0%B8%A3%E0%B8%B1%E0%B8%9A%E0%B8%8B%E0%B8%B7%E0%B9%89%E0%B8%AD/%E0%B8%A3%E0%B8%B1%E0%B8%9A%E0%B8%8B%E0%B8%B7%E0%B9%89%E0%B8%AD%E0%B9%82%E0%B8%99%E0%B9%8A%E0%B8%95%E0%B8%9A%E0%B8%B8%E0%B9%8A%E0%B8%84%E0%B9%80%E0%B8%81%E0%B8%A1%E0%B8%A1%E0%B8%B4%E0%B9%88%E0%B8%87-%E0%B8%AD%E0%B8%B3%E0%B8%99%E0%B8%B2%E0%B8%88%E0%B9%80%E0%B8%88%E0%B8%A3%E0%B8%B4%E0%B8%8D","200","0","https://amphon.co.th/%E0%B8%A3%E0%B8%B1%E0%B8%9A%E0%B8%8B%E0%B8%B7%E0%B9%89%E0%B8%AD/%E0%B8%A3%E0%B8%B1%E0%B8%9A%E0%B8%8B%E0%B8%B7%E0%B9%89%E0%B8%AD%E0%B9%82%E0%B8%99%E0%B9%8A%E0%B8%95%E0%B8%9A%E0%B8%B8%E0%B9%8A%E0%B8%84%E0%B9%80%E0%B8%81%E0%B8%A1%E0%B8%A1%E0%B8%B4%E0%B9%88%E0%B8%87-%E0%B8%AD%E0%B8%B3%E0%B8%99%E0%B8%B2%E0%B8%88%E0%B9%80%E0%B8%88%E0%B8%A3%E0%B8%B4%E0%B8%8D","https://amphon.co.th/รับซื้อ/รับซื้อโน๊ตบุ๊คเกมมิ่ง-อำนาจเจริญ","Yes","PASS",""
"https://amphon.co.th/%E0%B8%A3%E0%B8%B1%E0%B8%9A%E0%B8%8B%E0%B8%B7%E0%B9%89%E0%B8%AD/%E0%B8%A3%E0%B8%B1%E0%B8%9A%E0%B8%8B%E0%B8%B7%E0%B9%89%E0%B8%AD%E0%B9%82%E0%B8%99%E0%B9%8A%E0%B8%95%E0%B8%9A%E0%B8%B8%E0%B9%8A%E0%B8%84%E0%B9%80%E0%B8%81%E0%B8%A1%E0%B8%A1%E0%B8%B4%E0%B9%88%E0%B8%87-%E0%B8%AD%E0%B8%B8%E0%B8%9A%E0%B8%A5%E0%B8%A3%E0%B8%B2%E0%B8%8A%E0%B8%98%E0%B8%B2%E0%B8%99%E0%B8%B5","200","0","https://amphon.co.th/%E0%B8%A3%E0%B8%B1%E0%B8%9A%E0%B8%8B%E0%B8%B7%E0%B9%89%E0%B8%AD/%E0%B8%A3%E0%B8%B1%E0%B8%9A%E0%B8%8B%E0%B8%B7%E0%B9%89%E0%B8%AD%E0%B9%82%E0%B8%99%E0%B9%8A%E0%B8%95%E0%B8%9A%E0%B8%B8%E0%B9%8A%E0%B8%84%E0%B9%80%E0%B8%81%E0%B8%A1%E0%B8%A1%E0%B8%B4%E0%B9%88%E0%B8%87-%E0%B8%AD%E0%B8%B8%E0%B8%9A%E0%B8%A5%E0%B8%A3%E0%B8%B2%E0%B8%8A%E0%B8%98%E0%B8%B2%E0%B8%99%E0%B8%B5","https://amphon.co.th/รับซื้อ/รับซื้อโน๊ตบุ๊คเกมมิ่ง-อุบลราชธานี","Yes","PASS",""
"https://amphon.co.th/%E0%B8%A3%E0%B8%B1%E0%B8%9A%E0%B8%8B%E0%B8%B7%E0%B9%89%E0%B8%AD/%E0%B8%A3%E0%B8%B1%E0%B8%9A%E0%B8%8B%E0%B8%B7%E0%B9%89%E0%B8%AD%E0%B9%82%E0%B8%99%E0%B9%8A%E0%B8%95%E0%B8%9A%E0%B8%B8%E0%B9%8A%E0%B8%84%E0%B9%80%E0%B8%81%E0%B8%A1%E0%B8%A1%E0%B8%B4%E0%B9%88%E0%B8%87-%E0%B8%AD%E0%B8%B8%E0%B8%94%E0%B8%A3%E0%B8%98%E0%B8%B2%E0%B8%99%E0%B8%B5","200","0","https://amphon.co.th/%E0%B8%A3%E0%B8%B1%E0%B8%9A%E0%B8%8B%E0%B8%B7%E0%B9%89%E0%B8%AD/%E0%B8%A3%E0%B8%B1%E0%B8%9A%E0%B8%8B%E0%B8%B7%E0%B9%89%E0%B8%AD%E0%B9%82%E0%B8%99%E0%B9%8A%E0%B8%95%E0%B8%9A%E0%B8%B8%E0%B9%8A%E0%B8%84%E0%B9%80%E0%B8%81%E0%B8%A1%E0%B8%A1%E0%B8%B4%E0%B9%88%E0%B8%87-%E0%B8%AD%E0%B8%B8%E0%B8%94%E0%B8%A3%E0%B8%98%E0%B8%B2%E0%B8%99%E0%B8%B5","https://amphon.co.th/รับซื้อ/รับซื้อโน๊ตบุ๊คเกมมิ่ง-อุดรธานี","Yes","PASS",""
"https://amphon.co.th/%E0%B8%A3%E0%B8%B1%E0%B8%9A%E0%B8%8B%E0%B8%B7%E0%B9%89%E0%B8%AD/%E0%B8%A3%E0%B8%B1%E0%B8%9A%E0%B8%8B%E0%B8%B7%E0%B9%89%E0%B8%AD%E0%B9%82%E0%B8%99%E0%B9%8A%E0%B8%95%E0%B8%9A%E0%B8%B8%E0%B9%8A%E0%B8%84%E0%B9%80%E0%B8%81%E0%B8%A1%E0%B8%A1%E0%B8%B4%E0%B9%88%E0%B8%87-%E0%B9%80%E0%B8%A5%E0%B8%A2","200","0","https://amphon.co.th/%E0%B8%A3%E0%B8%B1%E0%B8%9A%E0%B8%8B%E0%B8%B7%E0%B9%89%E0%B8%AD/%E0%B8%A3%E0%B8%B1%E0%B8%9A%E0%B8%8B%E0%B8%B7%E0%B9%89%E0%B8%AD%E0%B9%82%E0%B8%99%E0%B9%8A%E0%B8%95%E0%B8%9A%E0%B8%B8%E0%B9%8A%E0%B8%84%E0%B9%80%E0%B8%81%E0%B8%A1%E0%B8%A1%E0%B8%B4%E0%B9%88%E0%B8%87-%E0%B9%80%E0%B8%A5%E0%B8%A2","https://amphon.co.th/รับซื้อ/รับซื้อโน๊ตบุ๊คเกมมิ่ง-เลย","Yes","PASS",""
"https://amphon.co.th/%E0%B8%A3%E0%B8%B1%E0%B8%9A%E0%B8%8B%E0%B8%B7%E0%B9%89%E0%B8%AD/%E0%B8%A3%E0%B8%B1%E0%B8%9A%E0%B8%8B%E0%B8%B7%E0%B9%89%E0%B8%AD%E0%B9%82%E0%B8%99%E0%B9%8A%E0%B8%95%E0%B8%9A%E0%B8%B8%E0%B9%8A%E0%B8%84%E0%B9%80%E0%B8%AA%E0%B8%B5%E0%B8%A2-%E0%B8%8A%E0%B8%B1%E0%B8%A2%E0%B8%A0%E0%B8%B9%E0%B8%A1%E0%B8%B4","200","0","https://amphon.co.th/%E0%B8%A3%E0%B8%B1%E0%B8%9A%E0%B8%8B%E0%B8%B7%E0%B9%89%E0%B8%AD/%E0%B8%A3%E0%B8%B1%E0%B8%9A%E0%B8%8B%E0%B8%B7%E0%B9%89%E0%B8%AD%E0%B9%82%E0%B8%99%E0%B9%8A%E0%B8%95%E0%B8%9A%E0%B8%B8%E0%B9%8A%E0%B8%84%E0%B9%80%E0%B8%AA%E0%B8%B5%E0%B8%A2-%E0%B8%8A%E0%B8%B1%E0%B8%A2%E0%B8%A0%E0%B8%B9%E0%B8%A1%E0%B8%B4","https://amphon.co.th/รับซื้อ/รับซื้อโน๊ตบุ๊คเสีย-ชัยภูมิ","Yes","PASS",""
"https://amphon.co.th/%E0%B8%A3%E0%B8%B1%E0%B8%9A%E0%B8%8B%E0%B8%B7%E0%B9%89%E0%B8%AD/%E0%B8%A3%E0%B8%B1%E0%B8%9A%E0%B8%8B%E0%B8%B7%E0%B9%89%E0%B8%AD%E0%B9%82%E0%B8%99%E0%B9%8A%E0%B8%95%E0%B8%9A%E0%B8%B8%E0%B9%8A%E0%B8%84%E0%B9%80%E0%B8%AA%E0%B8%B5%E0%B8%A2-%E0%B8%9A%E0%B8%B6%E0%B8%87%E0%B8%81%E0%B8%B2%E0%B8%AC","200","0","https://amphon.co.th/%E0%B8%A3%E0%B8%B1%E0%B8%9A%E0%B8%8B%E0%B8%B7%E0%B9%89%E0%B8%AD/%E0%B8%A3%E0%B8%B1%E0%B8%9A%E0%B8%8B%E0%B8%B7%E0%B9%89%E0%B8%AD%E0%B9%82%E0%B8%99%E0%B9%8A%E0%B8%95%E0%B8%9A%E0%B8%B8%E0%B9%8A%E0%B8%84%E0%B9%80%E0%B8%AA%E0%B8%B5%E0%B8%A2-%E0%B8%9A%E0%B8%B6%E0%B8%87%E0%B8%81%E0%B8%B2%E0%B8%AC","https://amphon.co.th/รับซื้อ/รับซื้อโน๊ตบุ๊คเสีย-บึงกาฬ","Yes","PASS",""
"https://amphon.co.th/%E0%B8%A3%E0%B8%B1%E0%B8%9A%E0%B8%8B%E0%B8%B7%E0%B9%89%E0%B8%AD/%E0%B8%A3%E0%B8%B1%E0%B8%9A%E0%B8%8B%E0%B8%B7%E0%B9%89%E0%B8%AD%E0%B9%82%E0%B8%99%E0%B9%8A%E0%B8%95%E0%B8%9A%E0%B8%B8%E0%B9%8A%E0%B8%84%E0%B9%80%E0%B8%AA%E0%B8%B5%E0%B8%A2-%E0%B8%9A%E0%B8%B8%E0%B8%A3%E0%B8%B5%E0%B8%A3%E0%B8%B1%E0%B8%A1%E0%B8%A2%E0%B9%8C","200","0","https://amphon.co.th/%E0%B8%A3%E0%B8%B1%E0%B8%9A%E0%B8%8B%E0%B8%B7%E0%B9%89%E0%B8%AD/%E0%B8%A3%E0%B8%B1%E0%B8%9A%E0%B8%8B%E0%B8%B7%E0%B9%89%E0%B8%AD%E0%B9%82%E0%B8%99%E0%B9%8A%E0%B8%95%E0%B8%9A%E0%B8%B8%E0%B9%8A%E0%B8%84%E0%B9%80%E0%B8%AA%E0%B8%B5%E0%B8%A2-%E0%B8%9A%E0%B8%B8%E0%B8%A3%E0%B8%B5%E0%B8%A3%E0%B8%B1%E0%B8%A1%E0%B8%A2%E0%B9%8C","https://amphon.co.th/รับซื้อ/รับซื้อโน๊ตบุ๊คเสีย-บุรีรัมย์","Yes","PASS",""
"https://amphon.co.th/%E0%B8%A3%E0%B8%B1%E0%B8%9A%E0%B8%8B%E0%B8%B7%E0%B9%89%E0%B8%AD/%E0%B8%A3%E0%B8%B1%E0%B8%9A%E0%B8%8B%E0%B8%B7%E0%B9%89%E0%B8%AD%E0%B9%82%E0%B8%99%E0%B9%8A%E0%B8%95%E0%B8%9A%E0%B8%B8%E0%B9%8A%E0%B8%84%E0%B9%80%E0%B8%AA%E0%B8%B5%E0%B8%A2-%E0%B8%81%E0%B8%B2%E0%B8%AC%E0%B8%AA%E0%B8%B4%E0%B8%99%E0%B8%98%E0%B8%B8%E0%B9%8C","200","0","https://amphon.co.th/%E0%B8%A3%E0%B8%B1%E0%B8%9A%E0%B8%8B%E0%B8%B7%E0%B9%89%E0%B8%AD/%E0%B8%A3%E0%B8%B1%E0%B8%9A%E0%B8%8B%E0%B8%B7%E0%B9%89%E0%B8%AD%E0%B9%82%E0%B8%99%E0%B9%8A%E0%B8%95%E0%B8%9A%E0%B8%B8%E0%B9%8A%E0%B8%84%E0%B9%80%E0%B8%AA%E0%B8%B5%E0%B8%A2-%E0%B8%81%E0%B8%B2%E0%B8%AC%E0%B8%AA%E0%B8%B4%E0%B8%99%E0%B8%98%E0%B8%B8%E0%B9%8C","https://amphon.co.th/รับซื้อ/รับซื้อโน๊ตบุ๊คเสีย-กาฬสินธุ์","Yes","PASS",""
"https://amphon.co.th/%E0%B8%A3%E0%B8%B1%E0%B8%9A%E0%B8%8B%E0%B8%B7%E0%B9%89%E0%B8%AD/%E0%B8%A3%E0%B8%B1%E0%B8%9A%E0%B8%8B%E0%B8%B7%E0%B9%89%E0%B8%AD%E0%B9%82%E0%B8%99%E0%B9%8A%E0%B8%95%E0%B8%9A%E0%B8%B8%E0%B9%8A%E0%B8%84%E0%B9%80%E0%B8%AA%E0%B8%B5%E0%B8%A2-%E0%B8%82%E0%B8%AD%E0%B8%99%E0%B9%81%E0%B8%81%E0%B9%88%E0%B8%99","200","0","https://amphon.co.th/%E0%B8%A3%E0%B8%B1%E0%B8%9A%E0%B8%8B%E0%B8%B7%E0%B9%89%E0%B8%AD/%E0%B8%A3%E0%B8%B1%E0%B8%9A%E0%B8%8B%E0%B8%B7%E0%B9%89%E0%B8%AD%E0%B9%82%E0%B8%99%E0%B9%8A%E0%B8%95%E0%B8%9A%E0%B8%B8%E0%B9%8A%E0%B8%84%E0%B9%80%E0%B8%AA%E0%B8%B5%E0%B8%A2-%E0%B8%82%E0%B8%AD%E0%B8%99%E0%B9%81%E0%B8%81%E0%B9%88%E0%B8%99","https://amphon.co.th/รับซื้อ/รับซื้อโน๊ตบุ๊คเสีย-ขอนแก่น","Yes","PASS",""
"https://amphon.co.th/%E0%B8%A3%E0%B8%B1%E0%B8%9A%E0%B8%8B%E0%B8%B7%E0%B9%89%E0%B8%AD/%E0%B8%A3%E0%B8%B1%E0%B8%9A%E0%B8%8B%E0%B8%B7%E0%B9%89%E0%B8%AD%E0%B9%82%E0%B8%99%E0%B9%8A%E0%B8%95%E0%B8%9A%E0%B8%B8%E0%B9%8A%E0%B8%84%E0%B9%80%E0%B8%AA%E0%B8%B5%E0%B8%A2-%E0%B8%99%E0%B8%84%E0%B8%A3%E0%B8%9E%E0%B8%99%E0%B8%A1","200","0","https://amphon.co.th/%E0%B8%A3%E0%B8%B1%E0%B8%9A%E0%B8%8B%E0%B8%B7%E0%B9%89%E0%B8%AD/%E0%B8%A3%E0%B8%B1%E0%B8%9A%E0%B8%8B%E0%B8%B7%E0%B9%89%E0%B8%AD%E0%B9%82%E0%B8%99%E0%B9%8A%E0%B8%95%E0%B8%9A%E0%B8%B8%E0%B9%8A%E0%B8%84%E0%B9%80%E0%B8%AA%E0%B8%B5%E0%B8%A2-%E0%B8%99%E0%B8%84%E0%B8%A3%E0%B8%9E%E0%B8%99%E0%B8%A1","https://amphon.co.th/รับซื้อ/รับซื้อโน๊ตบุ๊คเสีย-นครพนม","Yes","PASS",""
"https://amphon.co.th/%E0%B8%A3%E0%B8%B1%E0%B8%9A%E0%B8%8B%E0%B8%B7%E0%B9%89%E0%B8%AD/%E0%B8%A3%E0%B8%B1%E0%B8%9A%E0%B8%8B%E0%B8%B7%E0%B9%89%E0%B8%AD%E0%B9%82%E0%B8%99%E0%B9%8A%E0%B8%95%E0%B8%9A%E0%B8%B8%E0%B9%8A%E0%B8%84%E0%B9%80%E0%B8%AA%E0%B8%B5%E0%B8%A2-%E0%B8%99%E0%B8%84%E0%B8%A3%E0%B8%A3%E0%B8%B2%E0%B8%8A%E0%B8%AA%E0%B8%B5%E0%B8%A1%E0%B8%B2","200","0","https://amphon.co.th/%E0%B8%A3%E0%B8%B1%E0%B8%9A%E0%B8%8B%E0%B8%B7%E0%B9%89%E0%B8%AD/%E0%B8%A3%E0%B8%B1%E0%B8%9A%E0%B8%8B%E0%B8%B7%E0%B9%89%E0%B8%AD%E0%B9%82%E0%B8%99%E0%B9%8A%E0%B8%95%E0%B8%9A%E0%B8%B8%E0%B9%8A%E0%B8%84%E0%B9%80%E0%B8%AA%E0%B8%B5%E0%B8%A2-%E0%B8%99%E0%B8%84%E0%B8%A3%E0%B8%A3%E0%B8%B2%E0%B8%8A%E0%B8%AA%E0%B8%B5%E0%B8%A1%E0%B8%B2","https://amphon.co.th/รับซื้อ/รับซื้อโน๊ตบุ๊คเสีย-นครราชสีมา","Yes","PASS",""
"https://amphon.co.th/%E0%B8%A3%E0%B8%B1%E0%B8%9A%E0%B8%8B%E0%B8%B7%E0%B9%89%E0%B8%AD/%E0%B8%A3%E0%B8%B1%E0%B8%9A%E0%B8%8B%E0%B8%B7%E0%B9%89%E0%B8%AD%E0%B9%82%E0%B8%99%E0%B9%8A%E0%B8%95%E0%B8%9A%E0%B8%B8%E0%B9%8A%E0%B8%84%E0%B9%80%E0%B8%AA%E0%B8%B5%E0%B8%A2-%E0%B8%A1%E0%B8%AB%E0%B8%B2%E0%B8%AA%E0%B8%B2%E0%B8%A3%E0%B8%84%E0%B8%B2%E0%B8%A1","200","0","https://amphon.co.th/%E0%B8%A3%E0%B8%B1%E0%B8%9A%E0%B8%8B%E0%B8%B7%E0%B9%89%E0%B8%AD/%E0%B8%A3%E0%B8%B1%E0%B8%9A%E0%B8%8B%E0%B8%B7%E0%B9%89%E0%B8%AD%E0%B9%82%E0%B8%99%E0%B9%8A%E0%B8%95%E0%B8%9A%E0%B8%B8%E0%B9%8A%E0%B8%84%E0%B9%80%E0%B8%AA%E0%B8%B5%E0%B8%A2-%E0%B8%A1%E0%B8%AB%E0%B8%B2%E0%B8%AA%E0%B8%B2%E0%B8%A3%E0%B8%84%E0%B8%B2%E0%B8%A1","https://amphon.co.th/รับซื้อ/รับซื้อโน๊ตบุ๊คเสีย-มหาสารคาม","Yes","PASS",""
"https://amphon.co.th/%E0%B8%A3%E0%B8%B1%E0%B8%9A%E0%B8%8B%E0%B8%B7%E0%B9%89%E0%B8%AD/%E0%B8%A3%E0%B8%B1%E0%B8%9A%E0%B8%8B%E0%B8%B7%E0%B9%89%E0%B8%AD%E0%B9%82%E0%B8%99%E0%B9%8A%E0%B8%95%E0%B8%9A%E0%B8%B8%E0%B9%8A%E0%B8%84%E0%B9%80%E0%B8%AA%E0%B8%B5%E0%B8%A2-%E0%B8%A1%E0%B8%B8%E0%B8%81%E0%B8%94%E0%B8%B2%E0%B8%AB%E0%B8%B2%E0%B8%A3","200","0","https://amphon.co.th/%E0%B8%A3%E0%B8%B1%E0%B8%9A%E0%B8%8B%E0%B8%B7%E0%B9%89%E0%B8%AD/%E0%B8%A3%E0%B8%B1%E0%B8%9A%E0%B8%8B%E0%B8%B7%E0%B9%89%E0%B8%AD%E0%B9%82%E0%B8%99%E0%B9%8A%E0%B8%95%E0%B8%9A%E0%B8%B8%E0%B9%8A%E0%B8%84%E0%B9%80%E0%B8%AA%E0%B8%B5%E0%B8%A2-%E0%B8%A1%E0%B8%B8%E0%B8%81%E0%B8%94%E0%B8%B2%E0%B8%AB%E0%B8%B2%E0%B8%A3","https://amphon.co.th/รับซื้อ/รับซื้อโน๊ตบุ๊คเสีย-มุกดาหาร","Yes","PASS",""
"https://amphon.co.th/%E0%B8%A3%E0%B8%B1%E0%B8%9A%E0%B8%8B%E0%B8%B7%E0%B9%89%E0%B8%AD/%E0%B8%A3%E0%B8%B1%E0%B8%9A%E0%B8%8B%E0%B8%B7%E0%B9%89%E0%B8%AD%E0%B9%82%E0%B8%99%E0%B9%8A%E0%B8%95%E0%B8%9A%E0%B8%B8%E0%B9%8A%E0%B8%84%E0%B9%80%E0%B8%AA%E0%B8%B5%E0%B8%A2-%E0%B8%A2%E0%B9%82%E0%B8%AA%E0%B8%98%E0%B8%A3","200","0","https://amphon.co.th/%E0%B8%A3%E0%B8%B1%E0%B8%9A%E0%B8%8B%E0%B8%B7%E0%B9%89%E0%B8%AD/%E0%B8%A3%E0%B8%B1%E0%B8%9A%E0%B8%8B%E0%B8%B7%E0%B9%89%E0%B8%AD%E0%B9%82%E0%B8%99%E0%B9%8A%E0%B8%95%E0%B8%9A%E0%B8%B8%E0%B9%8A%E0%B8%84%E0%B9%80%E0%B8%AA%E0%B8%B5%E0%B8%A2-%E0%B8%A2%E0%B9%82%E0%B8%AA%E0%B8%98%E0%B8%A3","https://amphon.co.th/รับซื้อ/รับซื้อโน๊ตบุ๊คเสีย-ยโสธร","Yes","PASS",""
"https://amphon.co.th/%E0%B8%A3%E0%B8%B1%E0%B8%9A%E0%B8%8B%E0%B8%B7%E0%B9%89%E0%B8%AD/%E0%B8%A3%E0%B8%B1%E0%B8%9A%E0%B8%8B%E0%B8%B7%E0%B9%89%E0%B8%AD%E0%B9%82%E0%B8%99%E0%B9%8A%E0%B8%95%E0%B8%9A%E0%B8%B8%E0%B9%8A%E0%B8%84%E0%B9%80%E0%B8%AA%E0%B8%B5%E0%B8%A2-%E0%B8%A3%E0%B9%89%E0%B8%AD%E0%B8%A2%E0%B9%80%E0%B8%AD%E0%B9%87%E0%B8%94","200","0","https://amphon.co.th/%E0%B8%A3%E0%B8%B1%E0%B8%9A%E0%B8%8B%E0%B8%B7%E0%B9%89%E0%B8%AD/%E0%B8%A3%E0%B8%B1%E0%B8%9A%E0%B8%8B%E0%B8%B7%E0%B9%89%E0%B8%AD%E0%B9%82%E0%B8%99%E0%B9%8A%E0%B8%95%E0%B8%9A%E0%B8%B8%E0%B9%8A%E0%B8%84%E0%B9%80%E0%B8%AA%E0%B8%B5%E0%B8%A2-%E0%B8%A3%E0%B9%89%E0%B8%AD%E0%B8%A2%E0%B9%80%E0%B8%AD%E0%B9%87%E0%B8%94","https://amphon.co.th/รับซื้อ/รับซื้อโน๊ตบุ๊คเสีย-ร้อยเอ็ด","Yes","PASS",""
"https://amphon.co.th/%E0%B8%A3%E0%B8%B1%E0%B8%9A%E0%B8%8B%E0%B8%B7%E0%B9%89%E0%B8%AD/%E0%B8%A3%E0%B8%B1%E0%B8%9A%E0%B8%8B%E0%B8%B7%E0%B9%89%E0%B8%AD%E0%B9%82%E0%B8%99%E0%B9%8A%E0%B8%95%E0%B8%9A%E0%B8%B8%E0%B9%8A%E0%B8%84%E0%B9%80%E0%B8%AA%E0%B8%B5%E0%B8%A2-%E0%B8%A8%E0%B8%A3%E0%B8%B5%E0%B8%AA%E0%B8%B0%E0%B9%80%E0%B8%81%E0%B8%A9","200","0","https://amphon.co.th/%E0%B8%A3%E0%B8%B1%E0%B8%9A%E0%B8%8B%E0%B8%B7%E0%B9%89%E0%B8%AD/%E0%B8%A3%E0%B8%B1%E0%B8%9A%E0%B8%8B%E0%B8%B7%E0%B9%89%E0%B8%AD%E0%B9%82%E0%B8%99%E0%B9%8A%E0%B8%95%E0%B8%9A%E0%B8%B8%E0%B9%8A%E0%B8%84%E0%B9%80%E0%B8%AA%E0%B8%B5%E0%B8%A2-%E0%B8%A8%E0%B8%A3%E0%B8%B5%E0%B8%AA%E0%B8%B0%E0%B9%80%E0%B8%81%E0%B8%A9","https://amphon.co.th/รับซื้อ/รับซื้อโน๊ตบุ๊คเสีย-ศรีสะเกษ","Yes","PASS",""
"https://amphon.co.th/%E0%B8%A3%E0%B8%B1%E0%B8%9A%E0%B8%8B%E0%B8%B7%E0%B9%89%E0%B8%AD/%E0%B8%A3%E0%B8%B1%E0%B8%9A%E0%B8%8B%E0%B8%B7%E0%B9%89%E0%B8%AD%E0%B9%82%E0%B8%99%E0%B9%8A%E0%B8%95%E0%B8%9A%E0%B8%B8%E0%B9%8A%E0%B8%84%E0%B9%80%E0%B8%AA%E0%B8%B5%E0%B8%A2-%E0%B8%AA%E0%B8%81%E0%B8%A5%E0%B8%99%E0%B8%84%E0%B8%A3","200","0","https://amphon.co.th/%E0%B8%A3%E0%B8%B1%E0%B8%9A%E0%B8%8B%E0%B8%B7%E0%B9%89%E0%B8%AD/%E0%B8%A3%E0%B8%B1%E0%B8%9A%E0%B8%8B%E0%B8%B7%E0%B9%89%E0%B8%AD%E0%B9%82%E0%B8%99%E0%B9%8A%E0%B8%95%E0%B8%9A%E0%B8%B8%E0%B9%8A%E0%B8%84%E0%B9%80%E0%B8%AA%E0%B8%B5%E0%B8%A2-%E0%B8%AA%E0%B8%81%E0%B8%A5%E0%B8%99%E0%B8%84%E0%B8%A3","https://amphon.co.th/รับซื้อ/รับซื้อโน๊ตบุ๊คเสีย-สกลนคร","Yes","PASS",""
"https://amphon.co.th/%E0%B8%A3%E0%B8%B1%E0%B8%9A%E0%B8%8B%E0%B8%B7%E0%B9%89%E0%B8%AD/%E0%B8%A3%E0%B8%B1%E0%B8%9A%E0%B8%8B%E0%B8%B7%E0%B9%89%E0%B8%AD%E0%B9%82%E0%B8%99%E0%B9%8A%E0%B8%95%E0%B8%9A%E0%B8%B8%E0%B9%8A%E0%B8%84%E0%B9%80%E0%B8%AA%E0%B8%B5%E0%B8%A2-%E0%B8%AA%E0%B8%B8%E0%B8%A3%E0%B8%B4%E0%B8%99%E0%B8%97%E0%B8%A3%E0%B9%8C","200","0","https://amphon.co.th/%E0%B8%A3%E0%B8%B1%E0%B8%9A%E0%B8%8B%E0%B8%B7%E0%B9%89%E0%B8%AD/%E0%B8%A3%E0%B8%B1%E0%B8%9A%E0%B8%8B%E0%B8%B7%E0%B9%89%E0%B8%AD%E0%B9%82%E0%B8%99%E0%B9%8A%E0%B8%95%E0%B8%9A%E0%B8%B8%E0%B9%8A%E0%B8%84%E0%B9%80%E0%B8%AA%E0%B8%B5%E0%B8%A2-%E0%B8%AA%E0%B8%B8%E0%B8%A3%E0%B8%B4%E0%B8%99%E0%B8%97%E0%B8%A3%E0%B9%8C","https://amphon.co.th/รับซื้อ/รับซื้อโน๊ตบุ๊คเสีย-สุรินทร์","Yes","PASS",""
"https://amphon.co.th/%E0%B8%A3%E0%B8%B1%E0%B8%9A%E0%B8%8B%E0%B8%B7%E0%B9%89%E0%B8%AD/%E0%B8%A3%E0%B8%B1%E0%B8%9A%E0%B8%8B%E0%B8%B7%E0%B9%89%E0%B8%AD%E0%B9%82%E0%B8%99%E0%B9%8A%E0%B8%95%E0%B8%9A%E0%B8%B8%E0%B9%8A%E0%B8%84%E0%B9%80%E0%B8%AA%E0%B8%B5%E0%B8%A2-%E0%B8%AB%E0%B8%99%E0%B8%AD%E0%B8%87%E0%B8%9A%E0%B8%B1%E0%B8%A7%E0%B8%A5%E0%B8%B3%E0%B8%A0%E0%B8%B9","200","0","https://amphon.co.th/%E0%B8%A3%E0%B8%B1%E0%B8%9A%E0%B8%8B%E0%B8%B7%E0%B9%89%E0%B8%AD/%E0%B8%A3%E0%B8%B1%E0%B8%9A%E0%B8%8B%E0%B8%B7%E0%B9%89%E0%B8%AD%E0%B9%82%E0%B8%99%E0%B9%8A%E0%B8%95%E0%B8%9A%E0%B8%B8%E0%B9%8A%E0%B8%84%E0%B9%80%E0%B8%AA%E0%B8%B5%E0%B8%A2-%E0%B8%AB%E0%B8%99%E0%B8%AD%E0%B8%87%E0%B8%9A%E0%B8%B1%E0%B8%A7%E0%B8%A5%E0%B8%B3%E0%B8%A0%E0%B8%B9","https://amphon.co.th/รับซื้อ/รับซื้อโน๊ตบุ๊คเสีย-หนองบัวลำภู","Yes","PASS",""
"https://amphon.co.th/%E0%B8%A3%E0%B8%B1%E0%B8%9A%E0%B8%8B%E0%B8%B7%E0%B9%89%E0%B8%AD/%E0%B8%A3%E0%B8%B1%E0%B8%9A%E0%B8%8B%E0%B8%B7%E0%B9%89%E0%B8%AD%E0%B9%82%E0%B8%99%E0%B9%8A%E0%B8%95%E0%B8%9A%E0%B8%B8%E0%B9%8A%E0%B8%84%E0%B9%80%E0%B8%AA%E0%B8%B5%E0%B8%A2-%E0%B8%AB%E0%B8%99%E0%B8%AD%E0%B8%87%E0%B8%84%E0%B8%B2%E0%B8%A2","200","0","https://amphon.co.th/%E0%B8%A3%E0%B8%B1%E0%B8%9A%E0%B8%8B%E0%B8%B7%E0%B9%89%E0%B8%AD/%E0%B8%A3%E0%B8%B1%E0%B8%9A%E0%B8%8B%E0%B8%B7%E0%B9%89%E0%B8%AD%E0%B9%82%E0%B8%99%E0%B9%8A%E0%B8%95%E0%B8%9A%E0%B8%B8%E0%B9%8A%E0%B8%84%E0%B9%80%E0%B8%AA%E0%B8%B5%E0%B8%A2-%E0%B8%AB%E0%B8%99%E0%B8%AD%E0%B8%87%E0%B8%84%E0%B8%B2%E0%B8%A2","https://amphon.co.th/รับซื้อ/รับซื้อโน๊ตบุ๊คเสีย-หนองคาย","Yes","PASS",""
"https://amphon.co.th/%E0%B8%A3%E0%B8%B1%E0%B8%9A%E0%B8%8B%E0%B8%B7%E0%B9%89%E0%B8%AD/%E0%B8%A3%E0%B8%B1%E0%B8%9A%E0%B8%8B%E0%B8%B7%E0%B9%89%E0%B8%AD%E0%B9%82%E0%B8%99%E0%B9%8A%E0%B8%95%E0%B8%9A%E0%B8%B8%E0%B9%8A%E0%B8%84%E0%B9%80%E0%B8%AA%E0%B8%B5%E0%B8%A2-%E0%B8%AD%E0%B8%B3%E0%B8%99%E0%B8%B2%E0%B8%88%E0%B9%80%E0%B8%88%E0%B8%A3%E0%B8%B4%E0%B8%8D","200","0","https://amphon.co.th/%E0%B8%A3%E0%B8%B1%E0%B8%9A%E0%B8%8B%E0%B8%B7%E0%B9%89%E0%B8%AD/%E0%B8%A3%E0%B8%B1%E0%B8%9A%E0%B8%8B%E0%B8%B7%E0%B9%89%E0%B8%AD%E0%B9%82%E0%B8%99%E0%B9%8A%E0%B8%95%E0%B8%9A%E0%B8%B8%E0%B9%8A%E0%B8%84%E0%B9%80%E0%B8%AA%E0%B8%B5%E0%B8%A2-%E0%B8%AD%E0%B8%B3%E0%B8%99%E0%B8%B2%E0%B8%88%E0%B9%80%E0%B8%88%E0%B8%A3%E0%B8%B4%E0%B8%8D","https://amphon.co.th/รับซื้อ/รับซื้อโน๊ตบุ๊คเสีย-อำนาจเจริญ","Yes","PASS",""
"https://amphon.co.th/%E0%B8%A3%E0%B8%B1%E0%B8%9A%E0%B8%8B%E0%B8%B7%E0%B9%89%E0%B8%AD/%E0%B8%A3%E0%B8%B1%E0%B8%9A%E0%B8%8B%E0%B8%B7%E0%B9%89%E0%B8%AD%E0%B9%82%E0%B8%99%E0%B9%8A%E0%B8%95%E0%B8%9A%E0%B8%B8%E0%B9%8A%E0%B8%84%E0%B9%80%E0%B8%AA%E0%B8%B5%E0%B8%A2-%E0%B8%AD%E0%B8%B8%E0%B8%9A%E0%B8%A5%E0%B8%A3%E0%B8%B2%E0%B8%8A%E0%B8%98%E0%B8%B2%E0%B8%99%E0%B8%B5","200","0","https://amphon.co.th/%E0%B8%A3%E0%B8%B1%E0%B8%9A%E0%B8%8B%E0%B8%B7%E0%B9%89%E0%B8%AD/%E0%B8%A3%E0%B8%B1%E0%B8%9A%E0%B8%8B%E0%B8%B7%E0%B9%89%E0%B8%AD%E0%B9%82%E0%B8%99%E0%B9%8A%E0%B8%95%E0%B8%9A%E0%B8%B8%E0%B9%8A%E0%B8%84%E0%B9%80%E0%B8%AA%E0%B8%B5%E0%B8%A2-%E0%B8%AD%E0%B8%B8%E0%B8%9A%E0%B8%A5%E0%B8%A3%E0%B8%B2%E0%B8%8A%E0%B8%98%E0%B8%B2%E0%B8%99%E0%B8%B5","https://amphon.co.th/รับซื้อ/รับซื้อโน๊ตบุ๊คเสีย-อุบลราชธานี","Yes","PASS",""
"https://amphon.co.th/%E0%B8%A3%E0%B8%B1%E0%B8%9A%E0%B8%8B%E0%B8%B7%E0%B9%89%E0%B8%AD/%E0%B8%A3%E0%B8%B1%E0%B8%9A%E0%B8%8B%E0%B8%B7%E0%B9%89%E0%B8%AD%E0%B9%82%E0%B8%99%E0%B9%8A%E0%B8%95%E0%B8%9A%E0%B8%B8%E0%B9%8A%E0%B8%84%E0%B9%80%E0%B8%AA%E0%B8%B5%E0%B8%A2-%E0%B8%AD%E0%B8%B8%E0%B8%94%E0%B8%A3%E0%B8%98%E0%B8%B2%E0%B8%99%E0%B8%B5","200","0","https://amphon.co.th/%E0%B8%A3%E0%B8%B1%E0%B8%9A%E0%B8%8B%E0%B8%B7%E0%B9%89%E0%B8%AD/%E0%B8%A3%E0%B8%B1%E0%B8%9A%E0%B8%8B%E0%B8%B7%E0%B9%89%E0%B8%AD%E0%B9%82%E0%B8%99%E0%B9%8A%E0%B8%95%E0%B8%9A%E0%B8%B8%E0%B9%8A%E0%B8%84%E0%B9%80%E0%B8%AA%E0%B8%B5%E0%B8%A2-%E0%B8%AD%E0%B8%B8%E0%B8%94%E0%B8%A3%E0%B8%98%E0%B8%B2%E0%B8%99%E0%B8%B5","https://amphon.co.th/รับซื้อ/รับซื้อโน๊ตบุ๊คเสีย-อุดรธานี","Yes","PASS",""
"https://amphon.co.th/%E0%B8%A3%E0%B8%B1%E0%B8%9A%E0%B8%8B%E0%B8%B7%E0%B9%89%E0%B8%AD/%E0%B8%A3%E0%B8%B1%E0%B8%9A%E0%B8%8B%E0%B8%B7%E0%B9%89%E0%B8%AD%E0%B9%82%E0%B8%99%E0%B9%8A%E0%B8%95%E0%B8%9A%E0%B8%B8%E0%B9%8A%E0%B8%84%E0%B9%80%E0%B8%AA%E0%B8%B5%E0%B8%A2-%E0%B9%80%E0%B8%A5%E0%B8%A2","200","0","https://amphon.co.th/%E0%B8%A3%E0%B8%B1%E0%B8%9A%E0%B8%8B%E0%B8%B7%E0%B9%89%E0%B8%AD/%E0%B8%A3%E0%B8%B1%E0%B8%9A%E0%B8%8B%E0%B8%B7%E0%B9%89%E0%B8%AD%E0%B9%82%E0%B8%99%E0%B9%8A%E0%B8%95%E0%B8%9A%E0%B8%B8%E0%B9%8A%E0%B8%84%E0%B9%80%E0%B8%AA%E0%B8%B5%E0%B8%A2-%E0%B9%80%E0%B8%A5%E0%B8%A2","https://amphon.co.th/รับซื้อ/รับซื้อโน๊ตบุ๊คเสีย-เลย","Yes","PASS",""
"https://amphon.co.th/%E0%B8%A3%E0%B8%B1%E0%B8%9A%E0%B8%8B%E0%B8%B7%E0%B9%89%E0%B8%AD/%E0%B8%A3%E0%B8%B1%E0%B8%9A%E0%B9%80%E0%B8%AB%E0%B8%A1%E0%B8%B2%E0%B8%9B%E0%B8%A3%E0%B8%B0%E0%B8%A1%E0%B8%B9%E0%B8%A5%E0%B8%AD%E0%B8%B8%E0%B8%9B%E0%B8%81%E0%B8%A3%E0%B8%93%E0%B9%8C%E0%B9%84%E0%B8%AD%E0%B8%97%E0%B8%B5-%E0%B8%8A%E0%B8%B1%E0%B8%A2%E0%B8%A0%E0%B8%B9%E0%B8%A1%E0%B8%B4","200","0","https://amphon.co.th/%E0%B8%A3%E0%B8%B1%E0%B8%9A%E0%B8%8B%E0%B8%B7%E0%B9%89%E0%B8%AD/%E0%B8%A3%E0%B8%B1%E0%B8%9A%E0%B9%80%E0%B8%AB%E0%B8%A1%E0%B8%B2%E0%B8%9B%E0%B8%A3%E0%B8%B0%E0%B8%A1%E0%B8%B9%E0%B8%A5%E0%B8%AD%E0%B8%B8%E0%B8%9B%E0%B8%81%E0%B8%A3%E0%B8%93%E0%B9%8C%E0%B9%84%E0%B8%AD%E0%B8%97%E0%B8%B5-%E0%B8%8A%E0%B8%B1%E0%B8%A2%E0%B8%A0%E0%B8%B9%E0%B8%A1%E0%B8%B4","https://amphon.co.th/รับซื้อ/รับเหมาประมูลอุปกรณ์ไอที-ชัยภูมิ","Yes","PASS",""
"https://amphon.co.th/%E0%B8%A3%E0%B8%B1%E0%B8%9A%E0%B8%8B%E0%B8%B7%E0%B9%89%E0%B8%AD/%E0%B8%A3%E0%B8%B1%E0%B8%9A%E0%B9%80%E0%B8%AB%E0%B8%A1%E0%B8%B2%E0%B8%9B%E0%B8%A3%E0%B8%B0%E0%B8%A1%E0%B8%B9%E0%B8%A5%E0%B8%AD%E0%B8%B8%E0%B8%9B%E0%B8%81%E0%B8%A3%E0%B8%93%E0%B9%8C%E0%B9%84%E0%B8%AD%E0%B8%97%E0%B8%B5-%E0%B8%9A%E0%B8%B6%E0%B8%87%E0%B8%81%E0%B8%B2%E0%B8%AC","200","0","https://amphon.co.th/%E0%B8%A3%E0%B8%B1%E0%B8%9A%E0%B8%8B%E0%B8%B7%E0%B9%89%E0%B8%AD/%E0%B8%A3%E0%B8%B1%E0%B8%9A%E0%B9%80%E0%B8%AB%E0%B8%A1%E0%B8%B2%E0%B8%9B%E0%B8%A3%E0%B8%B0%E0%B8%A1%E0%B8%B9%E0%B8%A5%E0%B8%AD%E0%B8%B8%E0%B8%9B%E0%B8%81%E0%B8%A3%E0%B8%93%E0%B9%8C%E0%B9%84%E0%B8%AD%E0%B8%97%E0%B8%B5-%E0%B8%9A%E0%B8%B6%E0%B8%87%E0%B8%81%E0%B8%B2%E0%B8%AC","https://amphon.co.th/รับซื้อ/รับเหมาประมูลอุปกรณ์ไอที-บึงกาฬ","Yes","PASS",""
"https://amphon.co.th/%E0%B8%A3%E0%B8%B1%E0%B8%9A%E0%B8%8B%E0%B8%B7%E0%B9%89%E0%B8%AD/%E0%B8%A3%E0%B8%B1%E0%B8%9A%E0%B9%80%E0%B8%AB%E0%B8%A1%E0%B8%B2%E0%B8%9B%E0%B8%A3%E0%B8%B0%E0%B8%A1%E0%B8%B9%E0%B8%A5%E0%B8%AD%E0%B8%B8%E0%B8%9B%E0%B8%81%E0%B8%A3%E0%B8%93%E0%B9%8C%E0%B9%84%E0%B8%AD%E0%B8%97%E0%B8%B5-%E0%B8%9A%E0%B8%B8%E0%B8%A3%E0%B8%B5%E0%B8%A3%E0%B8%B1%E0%B8%A1%E0%B8%A2%E0%B9%8C","200","0","https://amphon.co.th/%E0%B8%A3%E0%B8%B1%E0%B8%9A%E0%B8%8B%E0%B8%B7%E0%B9%89%E0%B8%AD/%E0%B8%A3%E0%B8%B1%E0%B8%9A%E0%B9%80%E0%B8%AB%E0%B8%A1%E0%B8%B2%E0%B8%9B%E0%B8%A3%E0%B8%B0%E0%B8%A1%E0%B8%B9%E0%B8%A5%E0%B8%AD%E0%B8%B8%E0%B8%9B%E0%B8%81%E0%B8%A3%E0%B8%93%E0%B9%8C%E0%B9%84%E0%B8%AD%E0%B8%97%E0%B8%B5-%E0%B8%9A%E0%B8%B8%E0%B8%A3%E0%B8%B5%E0%B8%A3%E0%B8%B1%E0%B8%A1%E0%B8%A2%E0%B9%8C","https://amphon.co.th/รับซื้อ/รับเหมาประมูลอุปกรณ์ไอที-บุรีรัมย์","Yes","PASS",""
"https://amphon.co.th/%E0%B8%A3%E0%B8%B1%E0%B8%9A%E0%B8%8B%E0%B8%B7%E0%B9%89%E0%B8%AD/%E0%B8%A3%E0%B8%B1%E0%B8%9A%E0%B9%80%E0%B8%AB%E0%B8%A1%E0%B8%B2%E0%B8%9B%E0%B8%A3%E0%B8%B0%E0%B8%A1%E0%B8%B9%E0%B8%A5%E0%B8%AD%E0%B8%B8%E0%B8%9B%E0%B8%81%E0%B8%A3%E0%B8%93%E0%B9%8C%E0%B9%84%E0%B8%AD%E0%B8%97%E0%B8%B5-%E0%B8%81%E0%B8%B2%E0%B8%AC%E0%B8%AA%E0%B8%B4%E0%B8%99%E0%B8%98%E0%B8%B8%E0%B9%8C","200","0","https://amphon.co.th/%E0%B8%A3%E0%B8%B1%E0%B8%9A%E0%B8%8B%E0%B8%B7%E0%B9%89%E0%B8%AD/%E0%B8%A3%E0%B8%B1%E0%B8%9A%E0%B9%80%E0%B8%AB%E0%B8%A1%E0%B8%B2%E0%B8%9B%E0%B8%A3%E0%B8%B0%E0%B8%A1%E0%B8%B9%E0%B8%A5%E0%B8%AD%E0%B8%B8%E0%B8%9B%E0%B8%81%E0%B8%A3%E0%B8%93%E0%B9%8C%E0%B9%84%E0%B8%AD%E0%B8%97%E0%B8%B5-%E0%B8%81%E0%B8%B2%E0%B8%AC%E0%B8%AA%E0%B8%B4%E0%B8%99%E0%B8%98%E0%B8%B8%E0%B9%8C","https://amphon.co.th/รับซื้อ/รับเหมาประมูลอุปกรณ์ไอที-กาฬสินธุ์","Yes","PASS",""
"https://amphon.co.th/%E0%B8%A3%E0%B8%B1%E0%B8%9A%E0%B8%8B%E0%B8%B7%E0%B9%89%E0%B8%AD/%E0%B8%A3%E0%B8%B1%E0%B8%9A%E0%B9%80%E0%B8%AB%E0%B8%A1%E0%B8%B2%E0%B8%9B%E0%B8%A3%E0%B8%B0%E0%B8%A1%E0%B8%B9%E0%B8%A5%E0%B8%AD%E0%B8%B8%E0%B8%9B%E0%B8%81%E0%B8%A3%E0%B8%93%E0%B9%8C%E0%B9%84%E0%B8%AD%E0%B8%97%E0%B8%B5-%E0%B8%82%E0%B8%AD%E0%B8%99%E0%B9%81%E0%B8%81%E0%B9%88%E0%B8%99","200","0","https://amphon.co.th/%E0%B8%A3%E0%B8%B1%E0%B8%9A%E0%B8%8B%E0%B8%B7%E0%B9%89%E0%B8%AD/%E0%B8%A3%E0%B8%B1%E0%B8%9A%E0%B9%80%E0%B8%AB%E0%B8%A1%E0%B8%B2%E0%B8%9B%E0%B8%A3%E0%B8%B0%E0%B8%A1%E0%B8%B9%E0%B8%A5%E0%B8%AD%E0%B8%B8%E0%B8%9B%E0%B8%81%E0%B8%A3%E0%B8%93%E0%B9%8C%E0%B9%84%E0%B8%AD%E0%B8%97%E0%B8%B5-%E0%B8%82%E0%B8%AD%E0%B8%99%E0%B9%81%E0%B8%81%E0%B9%88%E0%B8%99","https://amphon.co.th/รับซื้อ/รับเหมาประมูลอุปกรณ์ไอที-ขอนแก่น","Yes","PASS",""
"https://amphon.co.th/%E0%B8%A3%E0%B8%B1%E0%B8%9A%E0%B8%8B%E0%B8%B7%E0%B9%89%E0%B8%AD/%E0%B8%A3%E0%B8%B1%E0%B8%9A%E0%B9%80%E0%B8%AB%E0%B8%A1%E0%B8%B2%E0%B8%9B%E0%B8%A3%E0%B8%B0%E0%B8%A1%E0%B8%B9%E0%B8%A5%E0%B8%AD%E0%B8%B8%E0%B8%9B%E0%B8%81%E0%B8%A3%E0%B8%93%E0%B9%8C%E0%B9%84%E0%B8%AD%E0%B8%97%E0%B8%B5-%E0%B8%99%E0%B8%84%E0%B8%A3%E0%B8%9E%E0%B8%99%E0%B8%A1","200","0","https://amphon.co.th/%E0%B8%A3%E0%B8%B1%E0%B8%9A%E0%B8%8B%E0%B8%B7%E0%B9%89%E0%B8%AD/%E0%B8%A3%E0%B8%B1%E0%B8%9A%E0%B9%80%E0%B8%AB%E0%B8%A1%E0%B8%B2%E0%B8%9B%E0%B8%A3%E0%B8%B0%E0%B8%A1%E0%B8%B9%E0%B8%A5%E0%B8%AD%E0%B8%B8%E0%B8%9B%E0%B8%81%E0%B8%A3%E0%B8%93%E0%B9%8C%E0%B9%84%E0%B8%AD%E0%B8%97%E0%B8%B5-%E0%B8%99%E0%B8%84%E0%B8%A3%E0%B8%9E%E0%B8%99%E0%B8%A1","https://amphon.co.th/รับซื้อ/รับเหมาประมูลอุปกรณ์ไอที-นครพนม","Yes","PASS",""
"https://amphon.co.th/%E0%B8%A3%E0%B8%B1%E0%B8%9A%E0%B8%8B%E0%B8%B7%E0%B9%89%E0%B8%AD/%E0%B8%A3%E0%B8%B1%E0%B8%9A%E0%B9%80%E0%B8%AB%E0%B8%A1%E0%B8%B2%E0%B8%9B%E0%B8%A3%E0%B8%B0%E0%B8%A1%E0%B8%B9%E0%B8%A5%E0%B8%AD%E0%B8%B8%E0%B8%9B%E0%B8%81%E0%B8%A3%E0%B8%93%E0%B9%8C%E0%B9%84%E0%B8%AD%E0%B8%97%E0%B8%B5-%E0%B8%99%E0%B8%84%E0%B8%A3%E0%B8%A3%E0%B8%B2%E0%B8%8A%E0%B8%AA%E0%B8%B5%E0%B8%A1%E0%B8%B2","200","0","https://amphon.co.th/%E0%B8%A3%E0%B8%B1%E0%B8%9A%E0%B8%8B%E0%B8%B7%E0%B9%89%E0%B8%AD/%E0%B8%A3%E0%B8%B1%E0%B8%9A%E0%B9%80%E0%B8%AB%E0%B8%A1%E0%B8%B2%E0%B8%9B%E0%B8%A3%E0%B8%B0%E0%B8%A1%E0%B8%B9%E0%B8%A5%E0%B8%AD%E0%B8%B8%E0%B8%9B%E0%B8%81%E0%B8%A3%E0%B8%93%E0%B9%8C%E0%B9%84%E0%B8%AD%E0%B8%97%E0%B8%B5-%E0%B8%99%E0%B8%84%E0%B8%A3%E0%B8%A3%E0%B8%B2%E0%B8%8A%E0%B8%AA%E0%B8%B5%E0%B8%A1%E0%B8%B2","https://amphon.co.th/รับซื้อ/รับเหมาประมูลอุปกรณ์ไอที-นครราชสีมา","Yes","PASS",""
"https://amphon.co.th/%E0%B8%A3%E0%B8%B1%E0%B8%9A%E0%B8%8B%E0%B8%B7%E0%B9%89%E0%B8%AD/%E0%B8%A3%E0%B8%B1%E0%B8%9A%E0%B9%80%E0%B8%AB%E0%B8%A1%E0%B8%B2%E0%B8%9B%E0%B8%A3%E0%B8%B0%E0%B8%A1%E0%B8%B9%E0%B8%A5%E0%B8%AD%E0%B8%B8%E0%B8%9B%E0%B8%81%E0%B8%A3%E0%B8%93%E0%B9%8C%E0%B9%84%E0%B8%AD%E0%B8%97%E0%B8%B5-%E0%B8%A1%E0%B8%AB%E0%B8%B2%E0%B8%AA%E0%B8%B2%E0%B8%A3%E0%B8%84%E0%B8%B2%E0%B8%A1","200","0","https://amphon.co.th/%E0%B8%A3%E0%B8%B1%E0%B8%9A%E0%B8%8B%E0%B8%B7%E0%B9%89%E0%B8%AD/%E0%B8%A3%E0%B8%B1%E0%B8%9A%E0%B9%80%E0%B8%AB%E0%B8%A1%E0%B8%B2%E0%B8%9B%E0%B8%A3%E0%B8%B0%E0%B8%A1%E0%B8%B9%E0%B8%A5%E0%B8%AD%E0%B8%B8%E0%B8%9B%E0%B8%81%E0%B8%A3%E0%B8%93%E0%B9%8C%E0%B9%84%E0%B8%AD%E0%B8%97%E0%B8%B5-%E0%B8%A1%E0%B8%AB%E0%B8%B2%E0%B8%AA%E0%B8%B2%E0%B8%A3%E0%B8%84%E0%B8%B2%E0%B8%A1","https://amphon.co.th/รับซื้อ/รับเหมาประมูลอุปกรณ์ไอที-มหาสารคาม","Yes","PASS",""
"https://amphon.co.th/%E0%B8%A3%E0%B8%B1%E0%B8%9A%E0%B8%8B%E0%B8%B7%E0%B9%89%E0%B8%AD/%E0%B8%A3%E0%B8%B1%E0%B8%9A%E0%B9%80%E0%B8%AB%E0%B8%A1%E0%B8%B2%E0%B8%9B%E0%B8%A3%E0%B8%B0%E0%B8%A1%E0%B8%B9%E0%B8%A5%E0%B8%AD%E0%B8%B8%E0%B8%9B%E0%B8%81%E0%B8%A3%E0%B8%93%E0%B9%8C%E0%B9%84%E0%B8%AD%E0%B8%97%E0%B8%B5-%E0%B8%A1%E0%B8%B8%E0%B8%81%E0%B8%94%E0%B8%B2%E0%B8%AB%E0%B8%B2%E0%B8%A3","200","0","https://amphon.co.th/%E0%B8%A3%E0%B8%B1%E0%B8%9A%E0%B8%8B%E0%B8%B7%E0%B9%89%E0%B8%AD/%E0%B8%A3%E0%B8%B1%E0%B8%9A%E0%B9%80%E0%B8%AB%E0%B8%A1%E0%B8%B2%E0%B8%9B%E0%B8%A3%E0%B8%B0%E0%B8%A1%E0%B8%B9%E0%B8%A5%E0%B8%AD%E0%B8%B8%E0%B8%9B%E0%B8%81%E0%B8%A3%E0%B8%93%E0%B9%8C%E0%B9%84%E0%B8%AD%E0%B8%97%E0%B8%B5-%E0%B8%A1%E0%B8%B8%E0%B8%81%E0%B8%94%E0%B8%B2%E0%B8%AB%E0%B8%B2%E0%B8%A3","https://amphon.co.th/รับซื้อ/รับเหมาประมูลอุปกรณ์ไอที-มุกดาหาร","Yes","PASS",""
"https://amphon.co.th/%E0%B8%A3%E0%B8%B1%E0%B8%9A%E0%B8%8B%E0%B8%B7%E0%B9%89%E0%B8%AD/%E0%B8%A3%E0%B8%B1%E0%B8%9A%E0%B9%80%E0%B8%AB%E0%B8%A1%E0%B8%B2%E0%B8%9B%E0%B8%A3%E0%B8%B0%E0%B8%A1%E0%B8%B9%E0%B8%A5%E0%B8%AD%E0%B8%B8%E0%B8%9B%E0%B8%81%E0%B8%A3%E0%B8%93%E0%B9%8C%E0%B9%84%E0%B8%AD%E0%B8%97%E0%B8%B5-%E0%B8%A2%E0%B9%82%E0%B8%AA%E0%B8%98%E0%B8%A3","200","0","https://amphon.co.th/%E0%B8%A3%E0%B8%B1%E0%B8%9A%E0%B8%8B%E0%B8%B7%E0%B9%89%E0%B8%AD/%E0%B8%A3%E0%B8%B1%E0%B8%9A%E0%B9%80%E0%B8%AB%E0%B8%A1%E0%B8%B2%E0%B8%9B%E0%B8%A3%E0%B8%B0%E0%B8%A1%E0%B8%B9%E0%B8%A5%E0%B8%AD%E0%B8%B8%E0%B8%9B%E0%B8%81%E0%B8%A3%E0%B8%93%E0%B9%8C%E0%B9%84%E0%B8%AD%E0%B8%97%E0%B8%B5-%E0%B8%A2%E0%B9%82%E0%B8%AA%E0%B8%98%E0%B8%A3","https://amphon.co.th/รับซื้อ/รับเหมาประมูลอุปกรณ์ไอที-ยโสธร","Yes","PASS",""
"https://amphon.co.th/%E0%B8%A3%E0%B8%B1%E0%B8%9A%E0%B8%8B%E0%B8%B7%E0%B9%89%E0%B8%AD/%E0%B8%A3%E0%B8%B1%E0%B8%9A%E0%B9%80%E0%B8%AB%E0%B8%A1%E0%B8%B2%E0%B8%9B%E0%B8%A3%E0%B8%B0%E0%B8%A1%E0%B8%B9%E0%B8%A5%E0%B8%AD%E0%B8%B8%E0%B8%9B%E0%B8%81%E0%B8%A3%E0%B8%93%E0%B9%8C%E0%B9%84%E0%B8%AD%E0%B8%97%E0%B8%B5-%E0%B8%A3%E0%B9%89%E0%B8%AD%E0%B8%A2%E0%B9%80%E0%B8%AD%E0%B9%87%E0%B8%94","200","0","https://amphon.co.th/%E0%B8%A3%E0%B8%B1%E0%B8%9A%E0%B8%8B%E0%B8%B7%E0%B9%89%E0%B8%AD/%E0%B8%A3%E0%B8%B1%E0%B8%9A%E0%B9%80%E0%B8%AB%E0%B8%A1%E0%B8%B2%E0%B8%9B%E0%B8%A3%E0%B8%B0%E0%B8%A1%E0%B8%B9%E0%B8%A5%E0%B8%AD%E0%B8%B8%E0%B8%9B%E0%B8%81%E0%B8%A3%E0%B8%93%E0%B9%8C%E0%B9%84%E0%B8%AD%E0%B8%97%E0%B8%B5-%E0%B8%A3%E0%B9%89%E0%B8%AD%E0%B8%A2%E0%B9%80%E0%B8%AD%E0%B9%87%E0%B8%94","https://amphon.co.th/รับซื้อ/รับเหมาประมูลอุปกรณ์ไอที-ร้อยเอ็ด","Yes","PASS",""
"https://amphon.co.th/%E0%B8%A3%E0%B8%B1%E0%B8%9A%E0%B8%8B%E0%B8%B7%E0%B9%89%E0%B8%AD/%E0%B8%A3%E0%B8%B1%E0%B8%9A%E0%B9%80%E0%B8%AB%E0%B8%A1%E0%B8%B2%E0%B8%9B%E0%B8%A3%E0%B8%B0%E0%B8%A1%E0%B8%B9%E0%B8%A5%E0%B8%AD%E0%B8%B8%E0%B8%9B%E0%B8%81%E0%B8%A3%E0%B8%93%E0%B9%8C%E0%B9%84%E0%B8%AD%E0%B8%97%E0%B8%B5-%E0%B8%A8%E0%B8%A3%E0%B8%B5%E0%B8%AA%E0%B8%B0%E0%B9%80%E0%B8%81%E0%B8%A9","200","0","https://amphon.co.th/%E0%B8%A3%E0%B8%B1%E0%B8%9A%E0%B8%8B%E0%B8%B7%E0%B9%89%E0%B8%AD/%E0%B8%A3%E0%B8%B1%E0%B8%9A%E0%B9%80%E0%B8%AB%E0%B8%A1%E0%B8%B2%E0%B8%9B%E0%B8%A3%E0%B8%B0%E0%B8%A1%E0%B8%B9%E0%B8%A5%E0%B8%AD%E0%B8%B8%E0%B8%9B%E0%B8%81%E0%B8%A3%E0%B8%93%E0%B9%8C%E0%B9%84%E0%B8%AD%E0%B8%97%E0%B8%B5-%E0%B8%A8%E0%B8%A3%E0%B8%B5%E0%B8%AA%E0%B8%B0%E0%B9%80%E0%B8%81%E0%B8%A9","https://amphon.co.th/รับซื้อ/รับเหมาประมูลอุปกรณ์ไอที-ศรีสะเกษ","Yes","PASS",""
"https://amphon.co.th/%E0%B8%A3%E0%B8%B1%E0%B8%9A%E0%B8%8B%E0%B8%B7%E0%B9%89%E0%B8%AD/%E0%B8%A3%E0%B8%B1%E0%B8%9A%E0%B9%80%E0%B8%AB%E0%B8%A1%E0%B8%B2%E0%B8%9B%E0%B8%A3%E0%B8%B0%E0%B8%A1%E0%B8%B9%E0%B8%A5%E0%B8%AD%E0%B8%B8%E0%B8%9B%E0%B8%81%E0%B8%A3%E0%B8%93%E0%B9%8C%E0%B9%84%E0%B8%AD%E0%B8%97%E0%B8%B5-%E0%B8%AA%E0%B8%81%E0%B8%A5%E0%B8%99%E0%B8%84%E0%B8%A3","200","0","https://amphon.co.th/%E0%B8%A3%E0%B8%B1%E0%B8%9A%E0%B8%8B%E0%B8%B7%E0%B9%89%E0%B8%AD/%E0%B8%A3%E0%B8%B1%E0%B8%9A%E0%B9%80%E0%B8%AB%E0%B8%A1%E0%B8%B2%E0%B8%9B%E0%B8%A3%E0%B8%B0%E0%B8%A1%E0%B8%B9%E0%B8%A5%E0%B8%AD%E0%B8%B8%E0%B8%9B%E0%B8%81%E0%B8%A3%E0%B8%93%E0%B9%8C%E0%B9%84%E0%B8%AD%E0%B8%97%E0%B8%B5-%E0%B8%AA%E0%B8%81%E0%B8%A5%E0%B8%99%E0%B8%84%E0%B8%A3","https://amphon.co.th/รับซื้อ/รับเหมาประมูลอุปกรณ์ไอที-สกลนคร","Yes","PASS",""
"https://amphon.co.th/%E0%B8%A3%E0%B8%B1%E0%B8%9A%E0%B8%8B%E0%B8%B7%E0%B9%89%E0%B8%AD/%E0%B8%A3%E0%B8%B1%E0%B8%9A%E0%B9%80%E0%B8%AB%E0%B8%A1%E0%B8%B2%E0%B8%9B%E0%B8%A3%E0%B8%B0%E0%B8%A1%E0%B8%B9%E0%B8%A5%E0%B8%AD%E0%B8%B8%E0%B8%9B%E0%B8%81%E0%B8%A3%E0%B8%93%E0%B9%8C%E0%B9%84%E0%B8%AD%E0%B8%97%E0%B8%B5-%E0%B8%AA%E0%B8%B8%E0%B8%A3%E0%B8%B4%E0%B8%99%E0%B8%97%E0%B8%A3%E0%B9%8C","200","0","https://amphon.co.th/%E0%B8%A3%E0%B8%B1%E0%B8%9A%E0%B8%8B%E0%B8%B7%E0%B9%89%E0%B8%AD/%E0%B8%A3%E0%B8%B1%E0%B8%9A%E0%B9%80%E0%B8%AB%E0%B8%A1%E0%B8%B2%E0%B8%9B%E0%B8%A3%E0%B8%B0%E0%B8%A1%E0%B8%B9%E0%B8%A5%E0%B8%AD%E0%B8%B8%E0%B8%9B%E0%B8%81%E0%B8%A3%E0%B8%93%E0%B9%8C%E0%B9%84%E0%B8%AD%E0%B8%97%E0%B8%B5-%E0%B8%AA%E0%B8%B8%E0%B8%A3%E0%B8%B4%E0%B8%99%E0%B8%97%E0%B8%A3%E0%B9%8C","https://amphon.co.th/รับซื้อ/รับเหมาประมูลอุปกรณ์ไอที-สุรินทร์","Yes","PASS",""
"https://amphon.co.th/%E0%B8%A3%E0%B8%B1%E0%B8%9A%E0%B8%8B%E0%B8%B7%E0%B9%89%E0%B8%AD/%E0%B8%A3%E0%B8%B1%E0%B8%9A%E0%B9%80%E0%B8%AB%E0%B8%A1%E0%B8%B2%E0%B8%9B%E0%B8%A3%E0%B8%B0%E0%B8%A1%E0%B8%B9%E0%B8%A5%E0%B8%AD%E0%B8%B8%E0%B8%9B%E0%B8%81%E0%B8%A3%E0%B8%93%E0%B9%8C%E0%B9%84%E0%B8%AD%E0%B8%97%E0%B8%B5-%E0%B8%AB%E0%B8%99%E0%B8%AD%E0%B8%87%E0%B8%9A%E0%B8%B1%E0%B8%A7%E0%B8%A5%E0%B8%B3%E0%B8%A0%E0%B8%B9","200","0","https://amphon.co.th/%E0%B8%A3%E0%B8%B1%E0%B8%9A%E0%B8%8B%E0%B8%B7%E0%B9%89%E0%B8%AD/%E0%B8%A3%E0%B8%B1%E0%B8%9A%E0%B9%80%E0%B8%AB%E0%B8%A1%E0%B8%B2%E0%B8%9B%E0%B8%A3%E0%B8%B0%E0%B8%A1%E0%B8%B9%E0%B8%A5%E0%B8%AD%E0%B8%B8%E0%B8%9B%E0%B8%81%E0%B8%A3%E0%B8%93%E0%B9%8C%E0%B9%84%E0%B8%AD%E0%B8%97%E0%B8%B5-%E0%B8%AB%E0%B8%99%E0%B8%AD%E0%B8%87%E0%B8%9A%E0%B8%B1%E0%B8%A7%E0%B8%A5%E0%B8%B3%E0%B8%A0%E0%B8%B9","https://amphon.co.th/รับซื้อ/รับเหมาประมูลอุปกรณ์ไอที-หนองบัวลำภู","Yes","PASS",""
"https://amphon.co.th/%E0%B8%A3%E0%B8%B1%E0%B8%9A%E0%B8%8B%E0%B8%B7%E0%B9%89%E0%B8%AD/%E0%B8%A3%E0%B8%B1%E0%B8%9A%E0%B9%80%E0%B8%AB%E0%B8%A1%E0%B8%B2%E0%B8%9B%E0%B8%A3%E0%B8%B0%E0%B8%A1%E0%B8%B9%E0%B8%A5%E0%B8%AD%E0%B8%B8%E0%B8%9B%E0%B8%81%E0%B8%A3%E0%B8%93%E0%B9%8C%E0%B9%84%E0%B8%AD%E0%B8%97%E0%B8%B5-%E0%B8%AB%E0%B8%99%E0%B8%AD%E0%B8%87%E0%B8%84%E0%B8%B2%E0%B8%A2","200","0","https://amphon.co.th/%E0%B8%A3%E0%B8%B1%E0%B8%9A%E0%B8%8B%E0%B8%B7%E0%B9%89%E0%B8%AD/%E0%B8%A3%E0%B8%B1%E0%B8%9A%E0%B9%80%E0%B8%AB%E0%B8%A1%E0%B8%B2%E0%B8%9B%E0%B8%A3%E0%B8%B0%E0%B8%A1%E0%B8%B9%E0%B8%A5%E0%B8%AD%E0%B8%B8%E0%B8%9B%E0%B8%81%E0%B8%A3%E0%B8%93%E0%B9%8C%E0%B9%84%E0%B8%AD%E0%B8%97%E0%B8%B5-%E0%B8%AB%E0%B8%99%E0%B8%AD%E0%B8%87%E0%B8%84%E0%B8%B2%E0%B8%A2","https://amphon.co.th/รับซื้อ/รับเหมาประมูลอุปกรณ์ไอที-หนองคาย","Yes","PASS",""
"https://amphon.co.th/%E0%B8%A3%E0%B8%B1%E0%B8%9A%E0%B8%8B%E0%B8%B7%E0%B9%89%E0%B8%AD/%E0%B8%A3%E0%B8%B1%E0%B8%9A%E0%B9%80%E0%B8%AB%E0%B8%A1%E0%B8%B2%E0%B8%9B%E0%B8%A3%E0%B8%B0%E0%B8%A1%E0%B8%B9%E0%B8%A5%E0%B8%AD%E0%B8%B8%E0%B8%9B%E0%B8%81%E0%B8%A3%E0%B8%93%E0%B9%8C%E0%B9%84%E0%B8%AD%E0%B8%97%E0%B8%B5-%E0%B8%AD%E0%B8%B3%E0%B8%99%E0%B8%B2%E0%B8%88%E0%B9%80%E0%B8%88%E0%B8%A3%E0%B8%B4%E0%B8%8D","200","0","https://amphon.co.th/%E0%B8%A3%E0%B8%B1%E0%B8%9A%E0%B8%8B%E0%B8%B7%E0%B9%89%E0%B8%AD/%E0%B8%A3%E0%B8%B1%E0%B8%9A%E0%B9%80%E0%B8%AB%E0%B8%A1%E0%B8%B2%E0%B8%9B%E0%B8%A3%E0%B8%B0%E0%B8%A1%E0%B8%B9%E0%B8%A5%E0%B8%AD%E0%B8%B8%E0%B8%9B%E0%B8%81%E0%B8%A3%E0%B8%93%E0%B9%8C%E0%B9%84%E0%B8%AD%E0%B8%97%E0%B8%B5-%E0%B8%AD%E0%B8%B3%E0%B8%99%E0%B8%B2%E0%B8%88%E0%B9%80%E0%B8%88%E0%B8%A3%E0%B8%B4%E0%B8%8D","https://amphon.co.th/รับซื้อ/รับเหมาประมูลอุปกรณ์ไอที-อำนาจเจริญ","Yes","PASS",""
"https://amphon.co.th/%E0%B8%A3%E0%B8%B1%E0%B8%9A%E0%B8%8B%E0%B8%B7%E0%B9%89%E0%B8%AD/%E0%B8%A3%E0%B8%B1%E0%B8%9A%E0%B9%80%E0%B8%AB%E0%B8%A1%E0%B8%B2%E0%B8%9B%E0%B8%A3%E0%B8%B0%E0%B8%A1%E0%B8%B9%E0%B8%A5%E0%B8%AD%E0%B8%B8%E0%B8%9B%E0%B8%81%E0%B8%A3%E0%B8%93%E0%B9%8C%E0%B9%84%E0%B8%AD%E0%B8%97%E0%B8%B5-%E0%B8%AD%E0%B8%B8%E0%B8%9A%E0%B8%A5%E0%B8%A3%E0%B8%B2%E0%B8%8A%E0%B8%98%E0%B8%B2%E0%B8%99%E0%B8%B5","200","0","https://amphon.co.th/%E0%B8%A3%E0%B8%B1%E0%B8%9A%E0%B8%8B%E0%B8%B7%E0%B9%89%E0%B8%AD/%E0%B8%A3%E0%B8%B1%E0%B8%9A%E0%B9%80%E0%B8%AB%E0%B8%A1%E0%B8%B2%E0%B8%9B%E0%B8%A3%E0%B8%B0%E0%B8%A1%E0%B8%B9%E0%B8%A5%E0%B8%AD%E0%B8%B8%E0%B8%9B%E0%B8%81%E0%B8%A3%E0%B8%93%E0%B9%8C%E0%B9%84%E0%B8%AD%E0%B8%97%E0%B8%B5-%E0%B8%AD%E0%B8%B8%E0%B8%9A%E0%B8%A5%E0%B8%A3%E0%B8%B2%E0%B8%8A%E0%B8%98%E0%B8%B2%E0%B8%99%E0%B8%B5","https://amphon.co.th/รับซื้อ/รับเหมาประมูลอุปกรณ์ไอที-อุบลราชธานี","Yes","PASS",""
"https://amphon.co.th/%E0%B8%A3%E0%B8%B1%E0%B8%9A%E0%B8%8B%E0%B8%B7%E0%B9%89%E0%B8%AD/%E0%B8%A3%E0%B8%B1%E0%B8%9A%E0%B9%80%E0%B8%AB%E0%B8%A1%E0%B8%B2%E0%B8%9B%E0%B8%A3%E0%B8%B0%E0%B8%A1%E0%B8%B9%E0%B8%A5%E0%B8%AD%E0%B8%B8%E0%B8%9B%E0%B8%81%E0%B8%A3%E0%B8%93%E0%B9%8C%E0%B9%84%E0%B8%AD%E0%B8%97%E0%B8%B5-%E0%B8%AD%E0%B8%B8%E0%B8%94%E0%B8%A3%E0%B8%98%E0%B8%B2%E0%B8%99%E0%B8%B5","200","0","https://amphon.co.th/%E0%B8%A3%E0%B8%B1%E0%B8%9A%E0%B8%8B%E0%B8%B7%E0%B9%89%E0%B8%AD/%E0%B8%A3%E0%B8%B1%E0%B8%9A%E0%B9%80%E0%B8%AB%E0%B8%A1%E0%B8%B2%E0%B8%9B%E0%B8%A3%E0%B8%B0%E0%B8%A1%E0%B8%B9%E0%B8%A5%E0%B8%AD%E0%B8%B8%E0%B8%9B%E0%B8%81%E0%B8%A3%E0%B8%93%E0%B9%8C%E0%B9%84%E0%B8%AD%E0%B8%97%E0%B8%B5-%E0%B8%AD%E0%B8%B8%E0%B8%94%E0%B8%A3%E0%B8%98%E0%B8%B2%E0%B8%99%E0%B8%B5","https://amphon.co.th/รับซื้อ/รับเหมาประมูลอุปกรณ์ไอที-อุดรธานี","Yes","PASS",""
"https://amphon.co.th/%E0%B8%A3%E0%B8%B1%E0%B8%9A%E0%B8%8B%E0%B8%B7%E0%B9%89%E0%B8%AD/%E0%B8%A3%E0%B8%B1%E0%B8%9A%E0%B9%80%E0%B8%AB%E0%B8%A1%E0%B8%B2%E0%B8%9B%E0%B8%A3%E0%B8%B0%E0%B8%A1%E0%B8%B9%E0%B8%A5%E0%B8%AD%E0%B8%B8%E0%B8%9B%E0%B8%81%E0%B8%A3%E0%B8%93%E0%B9%8C%E0%B9%84%E0%B8%AD%E0%B8%97%E0%B8%B5-%E0%B9%80%E0%B8%A5%E0%B8%A2","200","0","https://amphon.co.th/%E0%B8%A3%E0%B8%B1%E0%B8%9A%E0%B8%8B%E0%B8%B7%E0%B9%89%E0%B8%AD/%E0%B8%A3%E0%B8%B1%E0%B8%9A%E0%B9%80%E0%B8%AB%E0%B8%A1%E0%B8%B2%E0%B8%9B%E0%B8%A3%E0%B8%B0%E0%B8%A1%E0%B8%B9%E0%B8%A5%E0%B8%AD%E0%B8%B8%E0%B8%9B%E0%B8%81%E0%B8%A3%E0%B8%93%E0%B9%8C%E0%B9%84%E0%B8%AD%E0%B8%97%E0%B8%B5-%E0%B9%80%E0%B8%A5%E0%B8%A2","https://amphon.co.th/รับซื้อ/รับเหมาประมูลอุปกรณ์ไอที-เลย","Yes","PASS",""
"https://amphon.co.th/%E0%B8%A3%E0%B8%B1%E0%B8%9A%E0%B8%8B%E0%B8%B7%E0%B9%89%E0%B8%AD%E0%B8%AA%E0%B8%B4%E0%B8%99%E0%B8%84%E0%B9%89%E0%B8%B2%E0%B9%84%E0%B8%AD%E0%B8%97%E0%B8%B5","200","0","https://amphon.co.th/%E0%B8%A3%E0%B8%B1%E0%B8%9A%E0%B8%8B%E0%B8%B7%E0%B9%89%E0%B8%AD%E0%B8%AA%E0%B8%B4%E0%B8%99%E0%B8%84%E0%B9%89%E0%B8%B2%E0%B9%84%E0%B8%AD%E0%B8%97%E0%B8%B5","https://amphon.co.th/รับซื้อสินค้าไอที","Yes","PASS",""
"https://amphon.co.th/%E0%B8%A7%E0%B8%B4%E0%B8%98%E0%B8%B5%E0%B8%81%E0%B8%B2%E0%B8%A3%E0%B8%A3%E0%B8%B1%E0%B8%9A%E0%B8%8B%E0%B8%B7%E0%B9%89%E0%B8%AD","200","0","https://amphon.co.th/%E0%B8%A7%E0%B8%B4%E0%B8%98%E0%B8%B5%E0%B8%81%E0%B8%B2%E0%B8%A3%E0%B8%A3%E0%B8%B1%E0%B8%9A%E0%B8%8B%E0%B8%B7%E0%B9%89%E0%B8%AD","https://amphon.co.th/วิธีการรับซื้อ","Yes","PASS",""
"https://amphon.co.th/about","200","0","https://amphon.co.th/about","https://amphon.co.th/about","Yes","PASS",""
"https://amphon.co.th/blog","200","0","https://amphon.co.th/blog","https://amphon.co.th/blog","Yes","PASS",""
"https://amphon.co.th/blog/%E0%B8%81%E0%B8%A5%E0%B9%88%E0%B8%AD%E0%B8%87%E0%B9%83%E0%B8%9A%E0%B9%80%E0%B8%AA%E0%B8%A3%E0%B9%87%E0%B8%88%E0%B8%AD%E0%B8%B8%E0%B8%9B%E0%B8%81%E0%B8%A3%E0%B8%93%E0%B9%8C%E0%B8%84%E0%B8%A3%E0%B8%9A-%E0%B8%A1%E0%B8%B5%E0%B8%9C%E0%B8%A5%E0%B8%95%E0%B9%88%E0%B8%AD%E0%B8%A3%E0%B8%B2%E0%B8%84%E0%B8%B2%E0%B8%82%E0%B8%B2%E0%B8%A2%E0%B9%84%E0%B8%AB%E0%B8%A1","200","0","https://amphon.co.th/blog/%E0%B8%81%E0%B8%A5%E0%B9%88%E0%B8%AD%E0%B8%87%E0%B9%83%E0%B8%9A%E0%B9%80%E0%B8%AA%E0%B8%A3%E0%B9%87%E0%B8%88%E0%B8%AD%E0%B8%B8%E0%B8%9B%E0%B8%81%E0%B8%A3%E0%B8%93%E0%B9%8C%E0%B8%84%E0%B8%A3%E0%B8%9A-%E0%B8%A1%E0%B8%B5%E0%B8%9C%E0%B8%A5%E0%B8%95%E0%B9%88%E0%B8%AD%E0%B8%A3%E0%B8%B2%E0%B8%84%E0%B8%B2%E0%B8%82%E0%B8%B2%E0%B8%A2%E0%B9%84%E0%B8%AB%E0%B8%A1","https://amphon.co.th/blog/กล่องใบเสร็จอุปกรณ์ครบ-มีผลต่อราคาขายไหม","Yes","PASS",""
"https://amphon.co.th/blog/%E0%B8%81%E0%B8%A5%E0%B9%89%E0%B8%AD%E0%B8%87-fujifilm-%E0%B8%A3%E0%B8%B8%E0%B9%88%E0%B8%99%E0%B9%80%E0%B8%81%E0%B9%88%E0%B8%B2-%E0%B8%A2%E0%B8%B1%E0%B8%87%E0%B8%82%E0%B8%B2%E0%B8%A2%E0%B9%84%E0%B8%94%E0%B9%89%E0%B9%84%E0%B8%AB%E0%B8%A1","200","0","https://amphon.co.th/blog/%E0%B8%81%E0%B8%A5%E0%B9%89%E0%B8%AD%E0%B8%87-fujifilm-%E0%B8%A3%E0%B8%B8%E0%B9%88%E0%B8%99%E0%B9%80%E0%B8%81%E0%B9%88%E0%B8%B2-%E0%B8%A2%E0%B8%B1%E0%B8%87%E0%B8%82%E0%B8%B2%E0%B8%A2%E0%B9%84%E0%B8%94%E0%B9%89%E0%B9%84%E0%B8%AB%E0%B8%A1","https://amphon.co.th/blog/กล้อง-fujifilm-รุ่นเก่า-ยังขายได้ไหม","Yes","PASS",""
"https://amphon.co.th/blog/%E0%B8%81%E0%B8%A5%E0%B9%89%E0%B8%AD%E0%B8%87-shutter-count-%E0%B8%AA%E0%B8%B9%E0%B8%87-%E0%B8%82%E0%B8%B2%E0%B8%A2%E0%B9%84%E0%B8%94%E0%B9%89%E0%B9%84%E0%B8%AB%E0%B8%A1","200","0","https://amphon.co.th/blog/%E0%B8%81%E0%B8%A5%E0%B9%89%E0%B8%AD%E0%B8%87-shutter-count-%E0%B8%AA%E0%B8%B9%E0%B8%87-%E0%B8%82%E0%B8%B2%E0%B8%A2%E0%B9%84%E0%B8%94%E0%B9%89%E0%B9%84%E0%B8%AB%E0%B8%A1","https://amphon.co.th/blog/กล้อง-shutter-count-สูง-ขายได้ไหม","Yes","PASS",""
"https://amphon.co.th/blog/%E0%B8%81%E0%B8%B2%E0%B8%A3%E0%B9%8C%E0%B8%94%E0%B8%88%E0%B8%AD%E0%B8%A1%E0%B8%B5%E0%B8%9C%E0%B8%A5%E0%B8%95%E0%B9%88%E0%B8%AD%E0%B8%A3%E0%B8%B2%E0%B8%84%E0%B8%B2%E0%B8%84%E0%B8%AD%E0%B8%A1%E0%B8%A1%E0%B8%B7%E0%B8%AD%E0%B8%AA%E0%B8%AD%E0%B8%87%E0%B9%81%E0%B8%84%E0%B9%88%E0%B9%84%E0%B8%AB%E0%B8%99","200","0","https://amphon.co.th/blog/%E0%B8%81%E0%B8%B2%E0%B8%A3%E0%B9%8C%E0%B8%94%E0%B8%88%E0%B8%AD%E0%B8%A1%E0%B8%B5%E0%B8%9C%E0%B8%A5%E0%B8%95%E0%B9%88%E0%B8%AD%E0%B8%A3%E0%B8%B2%E0%B8%84%E0%B8%B2%E0%B8%84%E0%B8%AD%E0%B8%A1%E0%B8%A1%E0%B8%B7%E0%B8%AD%E0%B8%AA%E0%B8%AD%E0%B8%87%E0%B9%81%E0%B8%84%E0%B9%88%E0%B9%84%E0%B8%AB%E0%B8%99","https://amphon.co.th/blog/การ์ดจอมีผลต่อราคาคอมมือสองแค่ไหน","Yes","PASS",""
"https://amphon.co.th/blog/%E0%B8%81%E0%B8%B2%E0%B8%A3%E0%B9%8C%E0%B8%94%E0%B8%88%E0%B8%AD%E0%B9%80%E0%B8%84%E0%B8%A2%E0%B8%82%E0%B8%B8%E0%B8%94-%E0%B8%82%E0%B8%B2%E0%B8%A2%E0%B9%84%E0%B8%94%E0%B9%89%E0%B9%84%E0%B8%AB%E0%B8%A1-%E0%B9%80%E0%B8%8A%E0%B9%87%E0%B8%81%E0%B8%AD%E0%B8%A2%E0%B9%88%E0%B8%B2%E0%B8%87%E0%B9%84%E0%B8%A3","200","0","https://amphon.co.th/blog/%E0%B8%81%E0%B8%B2%E0%B8%A3%E0%B9%8C%E0%B8%94%E0%B8%88%E0%B8%AD%E0%B9%80%E0%B8%84%E0%B8%A2%E0%B8%82%E0%B8%B8%E0%B8%94-%E0%B8%82%E0%B8%B2%E0%B8%A2%E0%B9%84%E0%B8%94%E0%B9%89%E0%B9%84%E0%B8%AB%E0%B8%A1-%E0%B9%80%E0%B8%8A%E0%B9%87%E0%B8%81%E0%B8%AD%E0%B8%A2%E0%B9%88%E0%B8%B2%E0%B8%87%E0%B9%84%E0%B8%A3","https://amphon.co.th/blog/การ์ดจอเคยขุด-ขายได้ไหม-เช็กอย่างไร","Yes","PASS",""
"https://amphon.co.th/blog/%E0%B8%82%E0%B8%B2%E0%B8%A2-ipad-%E0%B8%A1%E0%B8%B7%E0%B8%AD%E0%B8%AA%E0%B8%AD%E0%B8%87-%E0%B8%95%E0%B9%89%E0%B8%AD%E0%B8%87%E0%B9%80%E0%B8%8A%E0%B9%87%E0%B8%81%E0%B8%AD%E0%B8%B0%E0%B9%84%E0%B8%A3%E0%B8%9A%E0%B9%89%E0%B8%B2%E0%B8%87","200","0","https://amphon.co.th/blog/%E0%B8%82%E0%B8%B2%E0%B8%A2-ipad-%E0%B8%A1%E0%B8%B7%E0%B8%AD%E0%B8%AA%E0%B8%AD%E0%B8%87-%E0%B8%95%E0%B9%89%E0%B8%AD%E0%B8%87%E0%B9%80%E0%B8%8A%E0%B9%87%E0%B8%81%E0%B8%AD%E0%B8%B0%E0%B9%84%E0%B8%A3%E0%B8%9A%E0%B9%89%E0%B8%B2%E0%B8%87","https://amphon.co.th/blog/ขาย-ipad-มือสอง-ต้องเช็กอะไรบ้าง","Yes","PASS",""
"https://amphon.co.th/blog/%E0%B8%82%E0%B8%B2%E0%B8%A2-iphone-%E0%B8%A1%E0%B8%B7%E0%B8%AD%E0%B8%AA%E0%B8%AD%E0%B8%87-%E0%B8%95%E0%B9%89%E0%B8%AD%E0%B8%87%E0%B9%80%E0%B8%95%E0%B8%A3%E0%B8%B5%E0%B8%A2%E0%B8%A1%E0%B8%AD%E0%B8%B0%E0%B9%84%E0%B8%A3%E0%B8%9A%E0%B9%89%E0%B8%B2%E0%B8%87","200","0","https://amphon.co.th/blog/%E0%B8%82%E0%B8%B2%E0%B8%A2-iphone-%E0%B8%A1%E0%B8%B7%E0%B8%AD%E0%B8%AA%E0%B8%AD%E0%B8%87-%E0%B8%95%E0%B9%89%E0%B8%AD%E0%B8%87%E0%B9%80%E0%B8%95%E0%B8%A3%E0%B8%B5%E0%B8%A2%E0%B8%A1%E0%B8%AD%E0%B8%B0%E0%B9%84%E0%B8%A3%E0%B8%9A%E0%B9%89%E0%B8%B2%E0%B8%87","https://amphon.co.th/blog/ขาย-iphone-มือสอง-ต้องเตรียมอะไรบ้าง","Yes","PASS",""
"https://amphon.co.th/blog/%E0%B8%82%E0%B8%B2%E0%B8%A2-macbook-%E0%B8%A1%E0%B8%B7%E0%B8%AD%E0%B8%AA%E0%B8%AD%E0%B8%87-%E0%B8%AD%E0%B8%A2%E0%B9%88%E0%B8%B2%E0%B8%87%E0%B9%84%E0%B8%A3%E0%B9%83%E0%B8%AB%E0%B9%89%E0%B9%84%E0%B8%94%E0%B9%89%E0%B8%A3%E0%B8%B2%E0%B8%84%E0%B8%B2%E0%B8%94%E0%B8%B5","200","0","https://amphon.co.th/blog/%E0%B8%82%E0%B8%B2%E0%B8%A2-macbook-%E0%B8%A1%E0%B8%B7%E0%B8%AD%E0%B8%AA%E0%B8%AD%E0%B8%87-%E0%B8%AD%E0%B8%A2%E0%B9%88%E0%B8%B2%E0%B8%87%E0%B9%84%E0%B8%A3%E0%B9%83%E0%B8%AB%E0%B9%89%E0%B9%84%E0%B8%94%E0%B9%89%E0%B8%A3%E0%B8%B2%E0%B8%84%E0%B8%B2%E0%B8%94%E0%B8%B5","https://amphon.co.th/blog/ขาย-macbook-มือสอง-อย่างไรให้ได้ราคาดี","Yes","PASS",""
"https://amphon.co.th/blog/%E0%B8%82%E0%B8%B2%E0%B8%A2%E0%B8%81%E0%B8%A5%E0%B9%89%E0%B8%AD%E0%B8%87-sony-%E0%B8%A1%E0%B8%B7%E0%B8%AD%E0%B8%AA%E0%B8%AD%E0%B8%87-%E0%B8%95%E0%B9%89%E0%B8%AD%E0%B8%87%E0%B9%80%E0%B8%8A%E0%B9%87%E0%B8%81%E0%B8%AD%E0%B8%B0%E0%B9%84%E0%B8%A3%E0%B8%9A%E0%B9%89%E0%B8%B2%E0%B8%87","200","0","https://amphon.co.th/blog/%E0%B8%82%E0%B8%B2%E0%B8%A2%E0%B8%81%E0%B8%A5%E0%B9%89%E0%B8%AD%E0%B8%87-sony-%E0%B8%A1%E0%B8%B7%E0%B8%AD%E0%B8%AA%E0%B8%AD%E0%B8%87-%E0%B8%95%E0%B9%89%E0%B8%AD%E0%B8%87%E0%B9%80%E0%B8%8A%E0%B9%87%E0%B8%81%E0%B8%AD%E0%B8%B0%E0%B9%84%E0%B8%A3%E0%B8%9A%E0%B9%89%E0%B8%B2%E0%B8%87","https://amphon.co.th/blog/ขายกล้อง-sony-มือสอง-ต้องเช็กอะไรบ้าง","Yes","PASS",""
"https://amphon.co.th/blog/%E0%B8%82%E0%B8%B2%E0%B8%A2%E0%B8%82%E0%B8%AD%E0%B8%87%E0%B9%84%E0%B8%AD%E0%B8%97%E0%B8%B5%E0%B9%80%E0%B8%AA%E0%B8%B5%E0%B8%A2%E0%B8%A2%E0%B8%B1%E0%B8%87%E0%B9%84%E0%B8%87%E0%B9%83%E0%B8%AB%E0%B9%89%E0%B9%84%E0%B8%A1%E0%B9%88%E0%B8%96%E0%B8%B9%E0%B8%81%E0%B8%81%E0%B8%94%E0%B8%A3%E0%B8%B2%E0%B8%84%E0%B8%B2","200","0","https://amphon.co.th/blog/%E0%B8%82%E0%B8%B2%E0%B8%A2%E0%B8%82%E0%B8%AD%E0%B8%87%E0%B9%84%E0%B8%AD%E0%B8%97%E0%B8%B5%E0%B9%80%E0%B8%AA%E0%B8%B5%E0%B8%A2%E0%B8%A2%E0%B8%B1%E0%B8%87%E0%B9%84%E0%B8%87%E0%B9%83%E0%B8%AB%E0%B9%89%E0%B9%84%E0%B8%A1%E0%B9%88%E0%B8%96%E0%B8%B9%E0%B8%81%E0%B8%81%E0%B8%94%E0%B8%A3%E0%B8%B2%E0%B8%84%E0%B8%B2","https://amphon.co.th/blog/ขายของไอทีเสียยังไงให้ไม่ถูกกดราคา","Yes","PASS",""
"https://amphon.co.th/blog/%E0%B8%82%E0%B8%B2%E0%B8%A2%E0%B8%AA%E0%B8%B4%E0%B8%99%E0%B8%84%E0%B9%89%E0%B8%B2%E0%B9%84%E0%B8%AD%E0%B8%97%E0%B8%B5%E0%B8%AD%E0%B8%A2%E0%B9%88%E0%B8%B2%E0%B8%87%E0%B9%84%E0%B8%A3%E0%B9%83%E0%B8%AB%E0%B9%89%E0%B8%9B%E0%B8%A5%E0%B8%AD%E0%B8%94%E0%B8%A0%E0%B8%B1%E0%B8%A2-%E0%B9%84%E0%B8%A1%E0%B9%88%E0%B9%82%E0%B8%94%E0%B8%99%E0%B9%82%E0%B8%81%E0%B8%87","200","0","https://amphon.co.th/blog/%E0%B8%82%E0%B8%B2%E0%B8%A2%E0%B8%AA%E0%B8%B4%E0%B8%99%E0%B8%84%E0%B9%89%E0%B8%B2%E0%B9%84%E0%B8%AD%E0%B8%97%E0%B8%B5%E0%B8%AD%E0%B8%A2%E0%B9%88%E0%B8%B2%E0%B8%87%E0%B9%84%E0%B8%A3%E0%B9%83%E0%B8%AB%E0%B9%89%E0%B8%9B%E0%B8%A5%E0%B8%AD%E0%B8%94%E0%B8%A0%E0%B8%B1%E0%B8%A2-%E0%B9%84%E0%B8%A1%E0%B9%88%E0%B9%82%E0%B8%94%E0%B8%99%E0%B9%82%E0%B8%81%E0%B8%87","https://amphon.co.th/blog/ขายสินค้าไอทีอย่างไรให้ปลอดภัย-ไม่โดนโกง","Yes","PASS",""
"https://amphon.co.th/blog/%E0%B8%82%E0%B8%B2%E0%B8%A2%E0%B9%82%E0%B8%97%E0%B8%A3%E0%B8%A8%E0%B8%B1%E0%B8%9E%E0%B8%97%E0%B9%8C%E0%B8%A1%E0%B8%B7%E0%B8%AD%E0%B8%AA%E0%B8%AD%E0%B8%87%E0%B9%83%E0%B8%81%E0%B8%A5%E0%B9%89%E0%B8%89%E0%B8%B1%E0%B8%99","200","0","https://amphon.co.th/blog/%E0%B8%82%E0%B8%B2%E0%B8%A2%E0%B9%82%E0%B8%97%E0%B8%A3%E0%B8%A8%E0%B8%B1%E0%B8%9E%E0%B8%97%E0%B9%8C%E0%B8%A1%E0%B8%B7%E0%B8%AD%E0%B8%AA%E0%B8%AD%E0%B8%87%E0%B9%83%E0%B8%81%E0%B8%A5%E0%B9%89%E0%B8%89%E0%B8%B1%E0%B8%99","https://amphon.co.th/blog/ขายโทรศัพท์มือสองใกล้ฉัน","Yes","PASS",""
"https://amphon.co.th/blog/%E0%B8%82%E0%B8%B2%E0%B8%A2%E0%B9%82%E0%B8%99%E0%B9%8A%E0%B8%95%E0%B8%9A%E0%B8%B8%E0%B9%8A%E0%B8%84%E0%B9%80%E0%B8%81%E0%B9%88%E0%B8%B2%E0%B9%83%E0%B8%AB%E0%B9%89%E0%B9%84%E0%B8%94%E0%B9%89%E0%B8%A3%E0%B8%B2%E0%B8%84%E0%B8%B2%E0%B8%94%E0%B8%B5-%E0%B8%95%E0%B9%89%E0%B8%AD%E0%B8%87%E0%B9%80%E0%B8%8A%E0%B9%87%E0%B8%81%E0%B8%AD%E0%B8%B0%E0%B9%84%E0%B8%A3%E0%B8%9A%E0%B9%89%E0%B8%B2%E0%B8%87","200","0","https://amphon.co.th/blog/%E0%B8%82%E0%B8%B2%E0%B8%A2%E0%B9%82%E0%B8%99%E0%B9%8A%E0%B8%95%E0%B8%9A%E0%B8%B8%E0%B9%8A%E0%B8%84%E0%B9%80%E0%B8%81%E0%B9%88%E0%B8%B2%E0%B9%83%E0%B8%AB%E0%B9%89%E0%B9%84%E0%B8%94%E0%B9%89%E0%B8%A3%E0%B8%B2%E0%B8%84%E0%B8%B2%E0%B8%94%E0%B8%B5-%E0%B8%95%E0%B9%89%E0%B8%AD%E0%B8%87%E0%B9%80%E0%B8%8A%E0%B9%87%E0%B8%81%E0%B8%AD%E0%B8%B0%E0%B9%84%E0%B8%A3%E0%B8%9A%E0%B9%89%E0%B8%B2%E0%B8%87","https://amphon.co.th/blog/ขายโน๊ตบุ๊คเก่าให้ได้ราคาดี-ต้องเช็กอะไรบ้าง","Yes","PASS",""
"https://amphon.co.th/blog/%E0%B8%84%E0%B8%A7%E0%B8%A3%E0%B8%82%E0%B8%B2%E0%B8%A2%E0%B8%82%E0%B8%AD%E0%B8%87%E0%B9%84%E0%B8%AD%E0%B8%97%E0%B8%B5%E0%B8%95%E0%B8%AD%E0%B8%99%E0%B9%84%E0%B8%AB%E0%B8%99-%E0%B9%83%E0%B8%AB%E0%B9%89%E0%B9%84%E0%B8%94%E0%B9%89%E0%B8%A3%E0%B8%B2%E0%B8%84%E0%B8%B2%E0%B8%94%E0%B8%B5%E0%B8%97%E0%B8%B5%E0%B9%88%E0%B8%AA%E0%B8%B8%E0%B8%94","200","0","https://amphon.co.th/blog/%E0%B8%84%E0%B8%A7%E0%B8%A3%E0%B8%82%E0%B8%B2%E0%B8%A2%E0%B8%82%E0%B8%AD%E0%B8%87%E0%B9%84%E0%B8%AD%E0%B8%97%E0%B8%B5%E0%B8%95%E0%B8%AD%E0%B8%99%E0%B9%84%E0%B8%AB%E0%B8%99-%E0%B9%83%E0%B8%AB%E0%B9%89%E0%B9%84%E0%B8%94%E0%B9%89%E0%B8%A3%E0%B8%B2%E0%B8%84%E0%B8%B2%E0%B8%94%E0%B8%B5%E0%B8%97%E0%B8%B5%E0%B9%88%E0%B8%AA%E0%B8%B8%E0%B8%94","https://amphon.co.th/blog/ควรขายของไอทีตอนไหน-ให้ได้ราคาดีที่สุด","Yes","PASS",""
"https://amphon.co.th/blog/%E0%B8%84%E0%B8%AD%E0%B8%A1%E0%B8%9A%E0%B8%A3%E0%B8%B4%E0%B8%A9%E0%B8%B1%E0%B8%97%E0%B9%80%E0%B8%81%E0%B9%88%E0%B8%B2-%E0%B8%82%E0%B8%B2%E0%B8%A2%E0%B8%A2%E0%B8%B1%E0%B8%87%E0%B9%84%E0%B8%87","200","0","https://amphon.co.th/blog/%E0%B8%84%E0%B8%AD%E0%B8%A1%E0%B8%9A%E0%B8%A3%E0%B8%B4%E0%B8%A9%E0%B8%B1%E0%B8%97%E0%B9%80%E0%B8%81%E0%B9%88%E0%B8%B2-%E0%B8%82%E0%B8%B2%E0%B8%A2%E0%B8%A2%E0%B8%B1%E0%B8%87%E0%B9%84%E0%B8%87","https://amphon.co.th/blog/คอมบริษัทเก่า-ขายยังไง","Yes","PASS",""
"https://amphon.co.th/blog/%E0%B8%84%E0%B8%AD%E0%B8%A1%E0%B8%9A%E0%B8%A3%E0%B8%B4%E0%B8%A9%E0%B8%B1%E0%B8%97%E0%B9%80%E0%B8%81%E0%B9%88%E0%B8%B2-%E0%B8%82%E0%B8%B2%E0%B8%A2%E0%B9%81%E0%B8%9A%E0%B8%9A%E0%B9%84%E0%B8%AB%E0%B8%99%E0%B9%83%E0%B8%AB%E0%B9%89%E0%B9%80%E0%B8%84%E0%B8%A5%E0%B8%B5%E0%B8%A2%E0%B8%A3%E0%B9%8C%E0%B8%87%E0%B9%88%E0%B8%B2%E0%B8%A2","200","0","https://amphon.co.th/blog/%E0%B8%84%E0%B8%AD%E0%B8%A1%E0%B8%9A%E0%B8%A3%E0%B8%B4%E0%B8%A9%E0%B8%B1%E0%B8%97%E0%B9%80%E0%B8%81%E0%B9%88%E0%B8%B2-%E0%B8%82%E0%B8%B2%E0%B8%A2%E0%B9%81%E0%B8%9A%E0%B8%9A%E0%B9%84%E0%B8%AB%E0%B8%99%E0%B9%83%E0%B8%AB%E0%B9%89%E0%B9%80%E0%B8%84%E0%B8%A5%E0%B8%B5%E0%B8%A2%E0%B8%A3%E0%B9%8C%E0%B8%87%E0%B9%88%E0%B8%B2%E0%B8%A2","https://amphon.co.th/blog/คอมบริษัทเก่า-ขายแบบไหนให้เคลียร์ง่าย","Yes","PASS",""
"https://amphon.co.th/blog/%E0%B8%84%E0%B8%AD%E0%B8%A1%E0%B9%80%E0%B8%81%E0%B8%A1%E0%B8%A1%E0%B8%B4%E0%B9%88%E0%B8%87%E0%B8%A1%E0%B8%B7%E0%B8%AD%E0%B8%AA%E0%B8%AD%E0%B8%87-%E0%B8%82%E0%B8%B2%E0%B8%A2%E0%B8%AD%E0%B8%A2%E0%B9%88%E0%B8%B2%E0%B8%87%E0%B9%84%E0%B8%A3%E0%B9%83%E0%B8%AB%E0%B9%89%E0%B9%84%E0%B8%94%E0%B9%89%E0%B8%A3%E0%B8%B2%E0%B8%84%E0%B8%B2%E0%B8%94%E0%B8%B5","200","0","https://amphon.co.th/blog/%E0%B8%84%E0%B8%AD%E0%B8%A1%E0%B9%80%E0%B8%81%E0%B8%A1%E0%B8%A1%E0%B8%B4%E0%B9%88%E0%B8%87%E0%B8%A1%E0%B8%B7%E0%B8%AD%E0%B8%AA%E0%B8%AD%E0%B8%87-%E0%B8%82%E0%B8%B2%E0%B8%A2%E0%B8%AD%E0%B8%A2%E0%B9%88%E0%B8%B2%E0%B8%87%E0%B9%84%E0%B8%A3%E0%B9%83%E0%B8%AB%E0%B9%89%E0%B9%84%E0%B8%94%E0%B9%89%E0%B8%A3%E0%B8%B2%E0%B8%84%E0%B8%B2%E0%B8%94%E0%B8%B5","https://amphon.co.th/blog/คอมเกมมิ่งมือสอง-ขายอย่างไรให้ได้ราคาดี","Yes","PASS",""
"https://amphon.co.th/blog/%E0%B8%88%E0%B8%AD%E0%B8%84%E0%B8%AD%E0%B8%A1%E0%B8%A1%E0%B8%B5%E0%B9%80%E0%B8%AA%E0%B9%89%E0%B8%99-%E0%B8%88%E0%B8%B8%E0%B8%94%E0%B8%94%E0%B8%B3-%E0%B8%A0%E0%B8%B2%E0%B8%9E%E0%B8%81%E0%B8%A3%E0%B8%B0%E0%B8%9E%E0%B8%A3%E0%B8%B4%E0%B8%9A-%E0%B8%82%E0%B8%B2%E0%B8%A2%E0%B9%84%E0%B8%94%E0%B9%89%E0%B9%84%E0%B8%AB%E0%B8%A1","200","0","https://amphon.co.th/blog/%E0%B8%88%E0%B8%AD%E0%B8%84%E0%B8%AD%E0%B8%A1%E0%B8%A1%E0%B8%B5%E0%B9%80%E0%B8%AA%E0%B9%89%E0%B8%99-%E0%B8%88%E0%B8%B8%E0%B8%94%E0%B8%94%E0%B8%B3-%E0%B8%A0%E0%B8%B2%E0%B8%9E%E0%B8%81%E0%B8%A3%E0%B8%B0%E0%B8%9E%E0%B8%A3%E0%B8%B4%E0%B8%9A-%E0%B8%82%E0%B8%B2%E0%B8%A2%E0%B9%84%E0%B8%94%E0%B9%89%E0%B9%84%E0%B8%AB%E0%B8%A1","https://amphon.co.th/blog/จอคอมมีเส้น-จุดดำ-ภาพกระพริบ-ขายได้ไหม","Yes","PASS",""
"https://amphon.co.th/blog/%E0%B8%88%E0%B8%B3%E0%B8%99%E0%B8%B3%E0%B9%82%E0%B8%97%E0%B8%A3%E0%B8%A8%E0%B8%B1%E0%B8%9E%E0%B8%97%E0%B9%8C%E0%B8%81%E0%B8%B1%E0%B8%9A%E0%B8%82%E0%B8%B2%E0%B8%A2%E0%B8%82%E0%B8%B2%E0%B8%94%E0%B8%95%E0%B9%88%E0%B8%B2%E0%B8%87%E0%B8%81%E0%B8%B1%E0%B8%99%E0%B8%AD%E0%B8%A2%E0%B9%88%E0%B8%B2%E0%B8%87%E0%B9%84%E0%B8%A3","200","0","https://amphon.co.th/blog/%E0%B8%88%E0%B8%B3%E0%B8%99%E0%B8%B3%E0%B9%82%E0%B8%97%E0%B8%A3%E0%B8%A8%E0%B8%B1%E0%B8%9E%E0%B8%97%E0%B9%8C%E0%B8%81%E0%B8%B1%E0%B8%9A%E0%B8%82%E0%B8%B2%E0%B8%A2%E0%B8%82%E0%B8%B2%E0%B8%94%E0%B8%95%E0%B9%88%E0%B8%B2%E0%B8%87%E0%B8%81%E0%B8%B1%E0%B8%99%E0%B8%AD%E0%B8%A2%E0%B9%88%E0%B8%B2%E0%B8%87%E0%B9%84%E0%B8%A3","https://amphon.co.th/blog/จำนำโทรศัพท์กับขายขาดต่างกันอย่างไร","Yes","PASS",""
"https://amphon.co.th/blog/%E0%B8%96%E0%B9%88%E0%B8%B2%E0%B8%A2%E0%B8%A3%E0%B8%B9%E0%B8%9B%E0%B8%AA%E0%B8%B4%E0%B8%99%E0%B8%84%E0%B9%89%E0%B8%B2%E0%B9%84%E0%B8%AD%E0%B8%97%E0%B8%B5%E0%B9%83%E0%B8%AB%E0%B9%89%E0%B8%A3%E0%B9%89%E0%B8%B2%E0%B8%99%E0%B8%9B%E0%B8%A3%E0%B8%B0%E0%B9%80%E0%B8%A1%E0%B8%B4%E0%B8%99%E0%B8%A3%E0%B8%B2%E0%B8%84%E0%B8%B2%E0%B9%80%E0%B8%A3%E0%B9%87%E0%B8%A7","200","0","https://amphon.co.th/blog/%E0%B8%96%E0%B9%88%E0%B8%B2%E0%B8%A2%E0%B8%A3%E0%B8%B9%E0%B8%9B%E0%B8%AA%E0%B8%B4%E0%B8%99%E0%B8%84%E0%B9%89%E0%B8%B2%E0%B9%84%E0%B8%AD%E0%B8%97%E0%B8%B5%E0%B9%83%E0%B8%AB%E0%B9%89%E0%B8%A3%E0%B9%89%E0%B8%B2%E0%B8%99%E0%B8%9B%E0%B8%A3%E0%B8%B0%E0%B9%80%E0%B8%A1%E0%B8%B4%E0%B8%99%E0%B8%A3%E0%B8%B2%E0%B8%84%E0%B8%B2%E0%B9%80%E0%B8%A3%E0%B9%87%E0%B8%A7","https://amphon.co.th/blog/ถ่ายรูปสินค้าไอทีให้ร้านประเมินราคาเร็ว","Yes","PASS",""
"https://amphon.co.th/blog/%E0%B8%A3%E0%B8%B1%E0%B8%9A%E0%B8%8B%E0%B8%B7%E0%B9%89%E0%B8%AD%E0%B8%AA%E0%B8%B4%E0%B8%99%E0%B8%84%E0%B9%89%E0%B8%B2%E0%B9%84%E0%B8%AD%E0%B8%97%E0%B8%B5%E0%B8%96%E0%B8%B6%E0%B8%87%E0%B8%97%E0%B8%B5%E0%B9%88-%E0%B8%9B%E0%B8%A5%E0%B8%AD%E0%B8%94%E0%B8%A0%E0%B8%B1%E0%B8%A2%E0%B9%84%E0%B8%AB%E0%B8%A1","200","0","https://amphon.co.th/blog/%E0%B8%A3%E0%B8%B1%E0%B8%9A%E0%B8%8B%E0%B8%B7%E0%B9%89%E0%B8%AD%E0%B8%AA%E0%B8%B4%E0%B8%99%E0%B8%84%E0%B9%89%E0%B8%B2%E0%B9%84%E0%B8%AD%E0%B8%97%E0%B8%B5%E0%B8%96%E0%B8%B6%E0%B8%87%E0%B8%97%E0%B8%B5%E0%B9%88-%E0%B8%9B%E0%B8%A5%E0%B8%AD%E0%B8%94%E0%B8%A0%E0%B8%B1%E0%B8%A2%E0%B9%84%E0%B8%AB%E0%B8%A1","https://amphon.co.th/blog/รับซื้อสินค้าไอทีถึงที่-ปลอดภัยไหม","Yes","PASS",""
"https://amphon.co.th/blog/%E0%B8%A3%E0%B8%B2%E0%B8%84%E0%B8%B2-ipad-%E0%B8%A1%E0%B8%B7%E0%B8%AD%E0%B8%AA%E0%B8%AD%E0%B8%87-2026","200","0","https://amphon.co.th/blog/%E0%B8%A3%E0%B8%B2%E0%B8%84%E0%B8%B2-ipad-%E0%B8%A1%E0%B8%B7%E0%B8%AD%E0%B8%AA%E0%B8%AD%E0%B8%87-2026","https://amphon.co.th/blog/ราคา-ipad-มือสอง-2026","Yes","PASS",""
"https://amphon.co.th/blog/%E0%B8%A3%E0%B8%B2%E0%B8%84%E0%B8%B2-iphone-%E0%B8%A1%E0%B8%B7%E0%B8%AD%E0%B8%AA%E0%B8%AD%E0%B8%87-2026","200","0","https://amphon.co.th/blog/%E0%B8%A3%E0%B8%B2%E0%B8%84%E0%B8%B2-iphone-%E0%B8%A1%E0%B8%B7%E0%B8%AD%E0%B8%AA%E0%B8%AD%E0%B8%87-2026","https://amphon.co.th/blog/ราคา-iphone-มือสอง-2026","Yes","PASS",""
"https://amphon.co.th/blog/%E0%B8%A3%E0%B8%B2%E0%B8%84%E0%B8%B2-macbook-%E0%B8%A1%E0%B8%B7%E0%B8%AD%E0%B8%AA%E0%B8%AD%E0%B8%87-2026","200","0","https://amphon.co.th/blog/%E0%B8%A3%E0%B8%B2%E0%B8%84%E0%B8%B2-macbook-%E0%B8%A1%E0%B8%B7%E0%B8%AD%E0%B8%AA%E0%B8%AD%E0%B8%87-2026","https://amphon.co.th/blog/ราคา-macbook-มือสอง-2026","Yes","PASS",""
"https://amphon.co.th/blog/%E0%B8%A3%E0%B9%89%E0%B8%B2%E0%B8%99%E0%B8%A3%E0%B8%B1%E0%B8%9A%E0%B8%8B%E0%B8%B7%E0%B9%89%E0%B8%AD%E0%B9%84%E0%B8%AD%E0%B8%97%E0%B8%B5-%E0%B9%80%E0%B8%8A%E0%B9%87%E0%B8%81%E0%B8%AD%E0%B8%B0%E0%B9%84%E0%B8%A3%E0%B8%9A%E0%B9%89%E0%B8%B2%E0%B8%87%E0%B8%81%E0%B9%88%E0%B8%AD%E0%B8%99%E0%B8%95%E0%B8%B5%E0%B8%A3%E0%B8%B2%E0%B8%84%E0%B8%B2","200","0","https://amphon.co.th/blog/%E0%B8%A3%E0%B9%89%E0%B8%B2%E0%B8%99%E0%B8%A3%E0%B8%B1%E0%B8%9A%E0%B8%8B%E0%B8%B7%E0%B9%89%E0%B8%AD%E0%B9%84%E0%B8%AD%E0%B8%97%E0%B8%B5-%E0%B9%80%E0%B8%8A%E0%B9%87%E0%B8%81%E0%B8%AD%E0%B8%B0%E0%B9%84%E0%B8%A3%E0%B8%9A%E0%B9%89%E0%B8%B2%E0%B8%87%E0%B8%81%E0%B9%88%E0%B8%AD%E0%B8%99%E0%B8%95%E0%B8%B5%E0%B8%A3%E0%B8%B2%E0%B8%84%E0%B8%B2","https://amphon.co.th/blog/ร้านรับซื้อไอที-เช็กอะไรบ้างก่อนตีราคา","Yes","PASS",""
"https://amphon.co.th/blog/%E0%B8%A5%E0%B8%9A%E0%B8%82%E0%B9%89%E0%B8%AD%E0%B8%A1%E0%B8%B9%E0%B8%A5%E0%B8%81%E0%B9%88%E0%B8%AD%E0%B8%99%E0%B8%82%E0%B8%B2%E0%B8%A2-%E0%B8%97%E0%B8%B3%E0%B8%A2%E0%B8%B1%E0%B8%87%E0%B9%84%E0%B8%87%E0%B9%83%E0%B8%AB%E0%B9%89%E0%B8%81%E0%B8%B9%E0%B9%89%E0%B9%84%E0%B8%A1%E0%B9%88%E0%B9%84%E0%B8%94%E0%B9%89","200","0","https://amphon.co.th/blog/%E0%B8%A5%E0%B8%9A%E0%B8%82%E0%B9%89%E0%B8%AD%E0%B8%A1%E0%B8%B9%E0%B8%A5%E0%B8%81%E0%B9%88%E0%B8%AD%E0%B8%99%E0%B8%82%E0%B8%B2%E0%B8%A2-%E0%B8%97%E0%B8%B3%E0%B8%A2%E0%B8%B1%E0%B8%87%E0%B9%84%E0%B8%87%E0%B9%83%E0%B8%AB%E0%B9%89%E0%B8%81%E0%B8%B9%E0%B9%89%E0%B9%84%E0%B8%A1%E0%B9%88%E0%B9%84%E0%B8%94%E0%B9%89","https://amphon.co.th/blog/ลบข้อมูลก่อนขาย-ทำยังไงให้กู้ไม่ได้","Yes","PASS",""
"https://amphon.co.th/blog/%E0%B8%A5%E0%B8%B3%E0%B9%82%E0%B8%9E%E0%B8%87-jbl-%E0%B8%82%E0%B8%AD%E0%B8%87%E0%B9%81%E0%B8%97%E0%B9%89%E0%B8%82%E0%B8%AD%E0%B8%87%E0%B8%9B%E0%B8%A5%E0%B8%AD%E0%B8%A1-%E0%B9%80%E0%B8%8A%E0%B9%87%E0%B8%81%E0%B8%81%E0%B9%88%E0%B8%AD%E0%B8%99%E0%B8%82%E0%B8%B2%E0%B8%A2","200","0","https://amphon.co.th/blog/%E0%B8%A5%E0%B8%B3%E0%B9%82%E0%B8%9E%E0%B8%87-jbl-%E0%B8%82%E0%B8%AD%E0%B8%87%E0%B9%81%E0%B8%97%E0%B9%89%E0%B8%82%E0%B8%AD%E0%B8%87%E0%B8%9B%E0%B8%A5%E0%B8%AD%E0%B8%A1-%E0%B9%80%E0%B8%8A%E0%B9%87%E0%B8%81%E0%B8%81%E0%B9%88%E0%B8%AD%E0%B8%99%E0%B8%82%E0%B8%B2%E0%B8%A2","https://amphon.co.th/blog/ลำโพง-jbl-ของแท้ของปลอม-เช็กก่อนขาย","Yes","PASS",""
"https://amphon.co.th/blog/%E0%B8%A7%E0%B8%B4%E0%B8%98%E0%B8%B5%E0%B8%A5%E0%B9%89%E0%B8%B2%E0%B8%87%E0%B9%80%E0%B8%84%E0%B8%A3%E0%B8%B7%E0%B9%88%E0%B8%AD%E0%B8%87-macbook-%E0%B8%81%E0%B9%88%E0%B8%AD%E0%B8%99%E0%B8%82%E0%B8%B2%E0%B8%A2","200","0","https://amphon.co.th/blog/%E0%B8%A7%E0%B8%B4%E0%B8%98%E0%B8%B5%E0%B8%A5%E0%B9%89%E0%B8%B2%E0%B8%87%E0%B9%80%E0%B8%84%E0%B8%A3%E0%B8%B7%E0%B9%88%E0%B8%AD%E0%B8%87-macbook-%E0%B8%81%E0%B9%88%E0%B8%AD%E0%B8%99%E0%B8%82%E0%B8%B2%E0%B8%A2","https://amphon.co.th/blog/วิธีล้างเครื่อง-macbook-ก่อนขาย","Yes","PASS",""
"https://amphon.co.th/blog/%E0%B8%A7%E0%B8%B4%E0%B8%98%E0%B8%B5%E0%B9%80%E0%B8%8A%E0%B9%87%E0%B8%81-battery-health-iphone-%E0%B8%81%E0%B9%88%E0%B8%AD%E0%B8%99%E0%B8%82%E0%B8%B2%E0%B8%A2","200","0","https://amphon.co.th/blog/%E0%B8%A7%E0%B8%B4%E0%B8%98%E0%B8%B5%E0%B9%80%E0%B8%8A%E0%B9%87%E0%B8%81-battery-health-iphone-%E0%B8%81%E0%B9%88%E0%B8%AD%E0%B8%99%E0%B8%82%E0%B8%B2%E0%B8%A2","https://amphon.co.th/blog/วิธีเช็ก-battery-health-iphone-ก่อนขาย","Yes","PASS",""
"https://amphon.co.th/blog/%E0%B8%A7%E0%B8%B4%E0%B8%98%E0%B8%B5%E0%B9%80%E0%B8%8A%E0%B9%87%E0%B8%81%E0%B8%A3%E0%B8%B2%E0%B8%84%E0%B8%B2%E0%B8%81%E0%B9%88%E0%B8%AD%E0%B8%99%E0%B8%82%E0%B8%B2%E0%B8%A2%E0%B9%82%E0%B8%99%E0%B9%8A%E0%B8%95%E0%B8%9A%E0%B8%B8%E0%B9%8A%E0%B8%84%E0%B8%A1%E0%B8%B7%E0%B8%AD%E0%B8%AA%E0%B8%AD%E0%B8%87","200","0","https://amphon.co.th/blog/%E0%B8%A7%E0%B8%B4%E0%B8%98%E0%B8%B5%E0%B9%80%E0%B8%8A%E0%B9%87%E0%B8%81%E0%B8%A3%E0%B8%B2%E0%B8%84%E0%B8%B2%E0%B8%81%E0%B9%88%E0%B8%AD%E0%B8%99%E0%B8%82%E0%B8%B2%E0%B8%A2%E0%B9%82%E0%B8%99%E0%B9%8A%E0%B8%95%E0%B8%9A%E0%B8%B8%E0%B9%8A%E0%B8%84%E0%B8%A1%E0%B8%B7%E0%B8%AD%E0%B8%AA%E0%B8%AD%E0%B8%87","https://amphon.co.th/blog/วิธีเช็กราคาก่อนขายโน๊ตบุ๊คมือสอง","Yes","PASS",""
"https://amphon.co.th/blog/%E0%B8%A7%E0%B8%B4%E0%B8%98%E0%B8%B5%E0%B9%80%E0%B8%8A%E0%B9%87%E0%B8%81%E0%B8%A3%E0%B8%B8%E0%B9%88%E0%B8%99-ipad-%E0%B8%A7%E0%B9%88%E0%B8%B2%E0%B9%80%E0%B8%9B%E0%B9%87%E0%B8%99-gen-%E0%B9%84%E0%B8%AB%E0%B8%99","200","0","https://amphon.co.th/blog/%E0%B8%A7%E0%B8%B4%E0%B8%98%E0%B8%B5%E0%B9%80%E0%B8%8A%E0%B9%87%E0%B8%81%E0%B8%A3%E0%B8%B8%E0%B9%88%E0%B8%99-ipad-%E0%B8%A7%E0%B9%88%E0%B8%B2%E0%B9%80%E0%B8%9B%E0%B9%87%E0%B8%99-gen-%E0%B9%84%E0%B8%AB%E0%B8%99","https://amphon.co.th/blog/วิธีเช็กรุ่น-ipad-ว่าเป็น-gen-ไหน","Yes","PASS",""
"https://amphon.co.th/blog/%E0%B8%A7%E0%B8%B4%E0%B8%98%E0%B8%B5%E0%B9%80%E0%B8%8A%E0%B9%87%E0%B8%81%E0%B8%AA%E0%B9%80%E0%B8%9B%E0%B8%81%E0%B8%84%E0%B8%AD%E0%B8%A1%E0%B8%81%E0%B9%88%E0%B8%AD%E0%B8%99%E0%B8%82%E0%B8%B2%E0%B8%A2","200","0","https://amphon.co.th/blog/%E0%B8%A7%E0%B8%B4%E0%B8%98%E0%B8%B5%E0%B9%80%E0%B8%8A%E0%B9%87%E0%B8%81%E0%B8%AA%E0%B9%80%E0%B8%9B%E0%B8%81%E0%B8%84%E0%B8%AD%E0%B8%A1%E0%B8%81%E0%B9%88%E0%B8%AD%E0%B8%99%E0%B8%82%E0%B8%B2%E0%B8%A2","https://amphon.co.th/blog/วิธีเช็กสเปกคอมก่อนขาย","Yes","PASS",""
"https://amphon.co.th/blog/%E0%B8%A7%E0%B8%B4%E0%B8%98%E0%B8%B5%E0%B9%80%E0%B8%95%E0%B8%A3%E0%B8%B5%E0%B8%A2%E0%B8%A1%E0%B9%80%E0%B8%84%E0%B8%A3%E0%B8%B7%E0%B9%88%E0%B8%AD%E0%B8%87%E0%B8%81%E0%B9%88%E0%B8%AD%E0%B8%99%E0%B8%82%E0%B8%B2%E0%B8%A2%E0%B8%AA%E0%B8%B4%E0%B8%99%E0%B8%84%E0%B9%89%E0%B8%B2%E0%B9%84%E0%B8%AD%E0%B8%97%E0%B8%B5","200","0","https://amphon.co.th/blog/%E0%B8%A7%E0%B8%B4%E0%B8%98%E0%B8%B5%E0%B9%80%E0%B8%95%E0%B8%A3%E0%B8%B5%E0%B8%A2%E0%B8%A1%E0%B9%80%E0%B8%84%E0%B8%A3%E0%B8%B7%E0%B9%88%E0%B8%AD%E0%B8%87%E0%B8%81%E0%B9%88%E0%B8%AD%E0%B8%99%E0%B8%82%E0%B8%B2%E0%B8%A2%E0%B8%AA%E0%B8%B4%E0%B8%99%E0%B8%84%E0%B9%89%E0%B8%B2%E0%B9%84%E0%B8%AD%E0%B8%97%E0%B8%B5","https://amphon.co.th/blog/วิธีเตรียมเครื่องก่อนขายสินค้าไอที","Yes","PASS",""
"https://amphon.co.th/blog/%E0%B9%80%E0%B8%A5%E0%B8%99%E0%B8%AA%E0%B9%8C%E0%B8%A1%E0%B8%B5%E0%B8%9D%E0%B9%89%E0%B8%B2-%E0%B8%A3%E0%B8%B2-%E0%B8%9D%E0%B8%B8%E0%B9%88%E0%B8%99-%E0%B9%82%E0%B8%9F%E0%B8%81%E0%B8%B1%E0%B8%AA%E0%B9%80%E0%B8%AA%E0%B8%B5%E0%B8%A2-%E0%B8%82%E0%B8%B2%E0%B8%A2%E0%B9%84%E0%B8%94%E0%B9%89%E0%B9%84%E0%B8%AB%E0%B8%A1","200","0","https://amphon.co.th/blog/%E0%B9%80%E0%B8%A5%E0%B8%99%E0%B8%AA%E0%B9%8C%E0%B8%A1%E0%B8%B5%E0%B8%9D%E0%B9%89%E0%B8%B2-%E0%B8%A3%E0%B8%B2-%E0%B8%9D%E0%B8%B8%E0%B9%88%E0%B8%99-%E0%B9%82%E0%B8%9F%E0%B8%81%E0%B8%B1%E0%B8%AA%E0%B9%80%E0%B8%AA%E0%B8%B5%E0%B8%A2-%E0%B8%82%E0%B8%B2%E0%B8%A2%E0%B9%84%E0%B8%94%E0%B9%89%E0%B9%84%E0%B8%AB%E0%B8%A1","https://amphon.co.th/blog/เลนส์มีฝ้า-รา-ฝุ่น-โฟกัสเสีย-ขายได้ไหม","Yes","PASS",""
"https://amphon.co.th/blog/%E0%B9%81%E0%B8%A3%E0%B8%A1%E0%B8%A1%E0%B8%B7%E0%B8%AD%E0%B8%AA%E0%B8%AD%E0%B8%87%E0%B8%82%E0%B8%B2%E0%B8%A2%E0%B9%84%E0%B8%94%E0%B9%89%E0%B9%80%E0%B8%97%E0%B9%88%E0%B8%B2%E0%B9%84%E0%B8%AB%E0%B8%A3%E0%B9%88","200","0","https://amphon.co.th/blog/%E0%B9%81%E0%B8%A3%E0%B8%A1%E0%B8%A1%E0%B8%B7%E0%B8%AD%E0%B8%AA%E0%B8%AD%E0%B8%87%E0%B8%82%E0%B8%B2%E0%B8%A2%E0%B9%84%E0%B8%94%E0%B9%89%E0%B9%80%E0%B8%97%E0%B9%88%E0%B8%B2%E0%B9%84%E0%B8%AB%E0%B8%A3%E0%B9%88","https://amphon.co.th/blog/แรมมือสองขายได้เท่าไหร่","Yes","PASS",""
"https://amphon.co.th/blog/%E0%B9%82%E0%B8%99%E0%B9%8A%E0%B8%95%E0%B8%9A%E0%B8%B8%E0%B9%8A%E0%B8%84%E0%B9%80%E0%B8%9B%E0%B8%B4%E0%B8%94%E0%B9%84%E0%B8%A1%E0%B9%88%E0%B8%95%E0%B8%B4%E0%B8%94-%E0%B8%82%E0%B8%B2%E0%B8%A2%E0%B9%84%E0%B8%94%E0%B9%89%E0%B9%84%E0%B8%AB%E0%B8%A1","200","0","https://amphon.co.th/blog/%E0%B9%82%E0%B8%99%E0%B9%8A%E0%B8%95%E0%B8%9A%E0%B8%B8%E0%B9%8A%E0%B8%84%E0%B9%80%E0%B8%9B%E0%B8%B4%E0%B8%94%E0%B9%84%E0%B8%A1%E0%B9%88%E0%B8%95%E0%B8%B4%E0%B8%94-%E0%B8%82%E0%B8%B2%E0%B8%A2%E0%B9%84%E0%B8%94%E0%B9%89%E0%B9%84%E0%B8%AB%E0%B8%A1","https://amphon.co.th/blog/โน๊ตบุ๊คเปิดไม่ติด-ขายได้ไหม","Yes","PASS",""
"https://amphon.co.th/blog/%E0%B9%82%E0%B8%99%E0%B9%8A%E0%B8%95%E0%B8%9A%E0%B8%B8%E0%B9%8A%E0%B8%84%E0%B9%80%E0%B8%AA%E0%B8%B5%E0%B8%A2-%E0%B8%82%E0%B8%B2%E0%B8%A2%E0%B9%84%E0%B8%94%E0%B9%89%E0%B9%84%E0%B8%AB%E0%B8%A1","200","0","https://amphon.co.th/blog/%E0%B9%82%E0%B8%99%E0%B9%8A%E0%B8%95%E0%B8%9A%E0%B8%B8%E0%B9%8A%E0%B8%84%E0%B9%80%E0%B8%AA%E0%B8%B5%E0%B8%A2-%E0%B8%82%E0%B8%B2%E0%B8%A2%E0%B9%84%E0%B8%94%E0%B9%89%E0%B9%84%E0%B8%AB%E0%B8%A1","https://amphon.co.th/blog/โน๊ตบุ๊คเสีย-ขายได้ไหม","Yes","PASS",""
"https://amphon.co.th/blog/airpods-%E0%B9%81%E0%B8%9A%E0%B8%95%E0%B9%80%E0%B8%AA%E0%B8%B7%E0%B9%88%E0%B8%AD%E0%B8%A1-%E0%B8%82%E0%B9%89%E0%B8%B2%E0%B8%87%E0%B8%AB%E0%B8%99%E0%B8%B6%E0%B9%88%E0%B8%87%E0%B8%94%E0%B8%B1%E0%B8%87%E0%B9%80%E0%B8%9A%E0%B8%B2-%E0%B8%82%E0%B8%B2%E0%B8%A2%E0%B9%84%E0%B8%94%E0%B9%89%E0%B9%84%E0%B8%AB%E0%B8%A1","200","0","https://amphon.co.th/blog/airpods-%E0%B9%81%E0%B8%9A%E0%B8%95%E0%B9%80%E0%B8%AA%E0%B8%B7%E0%B9%88%E0%B8%AD%E0%B8%A1-%E0%B8%82%E0%B9%89%E0%B8%B2%E0%B8%87%E0%B8%AB%E0%B8%99%E0%B8%B6%E0%B9%88%E0%B8%87%E0%B8%94%E0%B8%B1%E0%B8%87%E0%B9%80%E0%B8%9A%E0%B8%B2-%E0%B8%82%E0%B8%B2%E0%B8%A2%E0%B9%84%E0%B8%94%E0%B9%89%E0%B9%84%E0%B8%AB%E0%B8%A1","https://amphon.co.th/blog/airpods-แบตเสื่อม-ข้างหนึ่งดังเบา-ขายได้ไหม","Yes","PASS",""
"https://amphon.co.th/blog/apple-watch-%E0%B8%81%E0%B9%88%E0%B8%AD%E0%B8%99%E0%B8%82%E0%B8%B2%E0%B8%A2-%E0%B8%95%E0%B9%89%E0%B8%AD%E0%B8%87%E0%B8%A5%E0%B9%89%E0%B8%B2%E0%B8%87%E0%B8%82%E0%B9%89%E0%B8%AD%E0%B8%A1%E0%B8%B9%E0%B8%A5%E0%B8%AD%E0%B8%B0%E0%B9%84%E0%B8%A3%E0%B8%9A%E0%B9%89%E0%B8%B2%E0%B8%87","200","0","https://amphon.co.th/blog/apple-watch-%E0%B8%81%E0%B9%88%E0%B8%AD%E0%B8%99%E0%B8%82%E0%B8%B2%E0%B8%A2-%E0%B8%95%E0%B9%89%E0%B8%AD%E0%B8%87%E0%B8%A5%E0%B9%89%E0%B8%B2%E0%B8%87%E0%B8%82%E0%B9%89%E0%B8%AD%E0%B8%A1%E0%B8%B9%E0%B8%A5%E0%B8%AD%E0%B8%B0%E0%B9%84%E0%B8%A3%E0%B8%9A%E0%B9%89%E0%B8%B2%E0%B8%87","https://amphon.co.th/blog/apple-watch-ก่อนขาย-ต้องล้างข้อมูลอะไรบ้าง","Yes","PASS",""
"https://amphon.co.th/blog/imac-mac-mini-%E0%B8%A1%E0%B8%B7%E0%B8%AD%E0%B8%AA%E0%B8%AD%E0%B8%87-%E0%B8%82%E0%B8%B2%E0%B8%A2%E0%B8%AD%E0%B8%A2%E0%B9%88%E0%B8%B2%E0%B8%87%E0%B9%84%E0%B8%A3%E0%B9%83%E0%B8%AB%E0%B9%89%E0%B8%9B%E0%B8%A3%E0%B8%B0%E0%B9%80%E0%B8%A1%E0%B8%B4%E0%B8%99%E0%B8%87%E0%B9%88%E0%B8%B2%E0%B8%A2","200","0","https://amphon.co.th/blog/imac-mac-mini-%E0%B8%A1%E0%B8%B7%E0%B8%AD%E0%B8%AA%E0%B8%AD%E0%B8%87-%E0%B8%82%E0%B8%B2%E0%B8%A2%E0%B8%AD%E0%B8%A2%E0%B9%88%E0%B8%B2%E0%B8%87%E0%B9%84%E0%B8%A3%E0%B9%83%E0%B8%AB%E0%B9%89%E0%B8%9B%E0%B8%A3%E0%B8%B0%E0%B9%80%E0%B8%A1%E0%B8%B4%E0%B8%99%E0%B8%87%E0%B9%88%E0%B8%B2%E0%B8%A2","https://amphon.co.th/blog/imac-mac-mini-มือสอง-ขายอย่างไรให้ประเมินง่าย","Yes","PASS",""
"https://amphon.co.th/blog/ipad-%E0%B8%88%E0%B8%AD%E0%B9%81%E0%B8%95%E0%B8%81-%E0%B9%80%E0%B8%84%E0%B8%A3%E0%B8%B7%E0%B9%88%E0%B8%AD%E0%B8%87%E0%B8%87%E0%B8%AD-%E0%B9%81%E0%B8%9A%E0%B8%95%E0%B9%80%E0%B8%AA%E0%B8%B7%E0%B9%88%E0%B8%AD%E0%B8%A1-%E0%B8%82%E0%B8%B2%E0%B8%A2%E0%B9%84%E0%B8%94%E0%B9%89%E0%B9%84%E0%B8%AB%E0%B8%A1","200","0","https://amphon.co.th/blog/ipad-%E0%B8%88%E0%B8%AD%E0%B9%81%E0%B8%95%E0%B8%81-%E0%B9%80%E0%B8%84%E0%B8%A3%E0%B8%B7%E0%B9%88%E0%B8%AD%E0%B8%87%E0%B8%87%E0%B8%AD-%E0%B9%81%E0%B8%9A%E0%B8%95%E0%B9%80%E0%B8%AA%E0%B8%B7%E0%B9%88%E0%B8%AD%E0%B8%A1-%E0%B8%82%E0%B8%B2%E0%B8%A2%E0%B9%84%E0%B8%94%E0%B9%89%E0%B9%84%E0%B8%AB%E0%B8%A1","https://amphon.co.th/blog/ipad-จอแตก-เครื่องงอ-แบตเสื่อม-ขายได้ไหม","Yes","PASS",""
"https://amphon.co.th/blog/ipad-%E0%B8%95%E0%B8%B4%E0%B8%94-icloud-%E0%B8%82%E0%B8%B2%E0%B8%A2%E0%B9%84%E0%B8%94%E0%B9%89%E0%B9%84%E0%B8%AB%E0%B8%A1","200","0","https://amphon.co.th/blog/ipad-%E0%B8%95%E0%B8%B4%E0%B8%94-icloud-%E0%B8%82%E0%B8%B2%E0%B8%A2%E0%B9%84%E0%B8%94%E0%B9%89%E0%B9%84%E0%B8%AB%E0%B8%A1","https://amphon.co.th/blog/ipad-ติด-icloud-ขายได้ไหม","Yes","PASS",""
"https://amphon.co.th/blog/iphone-%E0%B8%95%E0%B8%B4%E0%B8%94-icloud-%E0%B8%A5%E0%B8%B7%E0%B8%A1-apple-id-%E0%B8%81%E0%B9%88%E0%B8%AD%E0%B8%99%E0%B8%82%E0%B8%B2%E0%B8%A2","200","0","https://amphon.co.th/blog/iphone-%E0%B8%95%E0%B8%B4%E0%B8%94-icloud-%E0%B8%A5%E0%B8%B7%E0%B8%A1-apple-id-%E0%B8%81%E0%B9%88%E0%B8%AD%E0%B8%99%E0%B8%82%E0%B8%B2%E0%B8%A2","https://amphon.co.th/blog/iphone-ติด-icloud-ลืม-apple-id-ก่อนขาย","Yes","PASS",""
"https://amphon.co.th/blog/iphone-%E0%B9%81%E0%B8%9A%E0%B8%95%E0%B9%80%E0%B8%AA%E0%B8%B7%E0%B9%88%E0%B8%AD%E0%B8%A1-face-id-%E0%B9%80%E0%B8%AA%E0%B8%B5%E0%B8%A2-%E0%B8%88%E0%B8%AD%E0%B9%81%E0%B8%95%E0%B8%81-%E0%B8%82%E0%B8%B2%E0%B8%A2%E0%B9%84%E0%B8%94%E0%B9%89%E0%B9%84%E0%B8%AB%E0%B8%A1","200","0","https://amphon.co.th/blog/iphone-%E0%B9%81%E0%B8%9A%E0%B8%95%E0%B9%80%E0%B8%AA%E0%B8%B7%E0%B9%88%E0%B8%AD%E0%B8%A1-face-id-%E0%B9%80%E0%B8%AA%E0%B8%B5%E0%B8%A2-%E0%B8%88%E0%B8%AD%E0%B9%81%E0%B8%95%E0%B8%81-%E0%B8%82%E0%B8%B2%E0%B8%A2%E0%B9%84%E0%B8%94%E0%B9%89%E0%B9%84%E0%B8%AB%E0%B8%A1","https://amphon.co.th/blog/iphone-แบตเสื่อม-face-id-เสีย-จอแตก-ขายได้ไหม","Yes","PASS",""
"https://amphon.co.th/blog/mac-mini-m4-%E0%B8%A1%E0%B8%B7%E0%B8%AD%E0%B8%AA%E0%B8%AD%E0%B8%87","200","0","https://amphon.co.th/blog/mac-mini-m4-%E0%B8%A1%E0%B8%B7%E0%B8%AD%E0%B8%AA%E0%B8%AD%E0%B8%87","https://amphon.co.th/blog/mac-mini-m4-มือสอง","Yes","PASS",""
"https://amphon.co.th/blog/macbook-%E0%B8%95%E0%B8%B4%E0%B8%94-apple-id-find-my-%E0%B8%81%E0%B9%88%E0%B8%AD%E0%B8%99%E0%B8%82%E0%B8%B2%E0%B8%A2","200","0","https://amphon.co.th/blog/macbook-%E0%B8%95%E0%B8%B4%E0%B8%94-apple-id-find-my-%E0%B8%81%E0%B9%88%E0%B8%AD%E0%B8%99%E0%B8%82%E0%B8%B2%E0%B8%A2","https://amphon.co.th/blog/macbook-ติด-apple-id-find-my-ก่อนขาย","Yes","PASS",""
"https://amphon.co.th/blog/macbook-battery-cycle-%E0%B8%A1%E0%B8%B5%E0%B8%9C%E0%B8%A5%E0%B8%95%E0%B9%88%E0%B8%AD%E0%B8%A3%E0%B8%B2%E0%B8%84%E0%B8%B2%E0%B8%82%E0%B8%B2%E0%B8%A2%E0%B9%81%E0%B8%84%E0%B9%88%E0%B9%84%E0%B8%AB%E0%B8%99","200","0","https://amphon.co.th/blog/macbook-battery-cycle-%E0%B8%A1%E0%B8%B5%E0%B8%9C%E0%B8%A5%E0%B8%95%E0%B9%88%E0%B8%AD%E0%B8%A3%E0%B8%B2%E0%B8%84%E0%B8%B2%E0%B8%82%E0%B8%B2%E0%B8%A2%E0%B9%81%E0%B8%84%E0%B9%88%E0%B9%84%E0%B8%AB%E0%B8%99","https://amphon.co.th/blog/macbook-battery-cycle-มีผลต่อราคาขายแค่ไหน","Yes","PASS",""
"https://amphon.co.th/blog/marshall-%E0%B9%81%E0%B8%9A%E0%B8%95%E0%B9%80%E0%B8%AA%E0%B8%B7%E0%B9%88%E0%B8%AD%E0%B8%A1-%E0%B9%80%E0%B8%AA%E0%B8%B5%E0%B8%A2%E0%B8%87%E0%B9%81%E0%B8%95%E0%B8%81-%E0%B8%9B%E0%B8%B8%E0%B9%88%E0%B8%A1%E0%B8%A3%E0%B8%A7%E0%B8%99-%E0%B8%82%E0%B8%B2%E0%B8%A2%E0%B9%84%E0%B8%94%E0%B9%89%E0%B9%84%E0%B8%AB%E0%B8%A1","200","0","https://amphon.co.th/blog/marshall-%E0%B9%81%E0%B8%9A%E0%B8%95%E0%B9%80%E0%B8%AA%E0%B8%B7%E0%B9%88%E0%B8%AD%E0%B8%A1-%E0%B9%80%E0%B8%AA%E0%B8%B5%E0%B8%A2%E0%B8%87%E0%B9%81%E0%B8%95%E0%B8%81-%E0%B8%9B%E0%B8%B8%E0%B9%88%E0%B8%A1%E0%B8%A3%E0%B8%A7%E0%B8%99-%E0%B8%82%E0%B8%B2%E0%B8%A2%E0%B9%84%E0%B8%94%E0%B9%89%E0%B9%84%E0%B8%AB%E0%B8%A1","https://amphon.co.th/blog/marshall-แบตเสื่อม-เสียงแตก-ปุ่มรวน-ขายได้ไหม","Yes","PASS",""
"https://amphon.co.th/blog/ssd-%E0%B8%AA%E0%B8%B8%E0%B8%82%E0%B8%A0%E0%B8%B2%E0%B8%9E%E0%B9%80%E0%B8%AB%E0%B8%A5%E0%B8%B7%E0%B8%AD%E0%B8%99%E0%B9%89%E0%B8%AD%E0%B8%A2-%E0%B9%80%E0%B8%82%E0%B8%B5%E0%B8%A2%E0%B8%99%E0%B8%82%E0%B9%89%E0%B8%AD%E0%B8%A1%E0%B8%B9%E0%B8%A5%E0%B9%80%E0%B8%A2%E0%B8%AD%E0%B8%B0-%E0%B8%82%E0%B8%B2%E0%B8%A2%E0%B9%84%E0%B8%94%E0%B9%89%E0%B9%84%E0%B8%AB%E0%B8%A1","200","0","https://amphon.co.th/blog/ssd-%E0%B8%AA%E0%B8%B8%E0%B8%82%E0%B8%A0%E0%B8%B2%E0%B8%9E%E0%B9%80%E0%B8%AB%E0%B8%A5%E0%B8%B7%E0%B8%AD%E0%B8%99%E0%B9%89%E0%B8%AD%E0%B8%A2-%E0%B9%80%E0%B8%82%E0%B8%B5%E0%B8%A2%E0%B8%99%E0%B8%82%E0%B9%89%E0%B8%AD%E0%B8%A1%E0%B8%B9%E0%B8%A5%E0%B9%80%E0%B8%A2%E0%B8%AD%E0%B8%B0-%E0%B8%82%E0%B8%B2%E0%B8%A2%E0%B9%84%E0%B8%94%E0%B9%89%E0%B9%84%E0%B8%AB%E0%B8%A1","https://amphon.co.th/blog/ssd-สุขภาพเหลือน้อย-เขียนข้อมูลเยอะ-ขายได้ไหม","Yes","PASS",""
"https://amphon.co.th/blog/surface-%E0%B9%80%E0%B8%9B%E0%B8%B4%E0%B8%94%E0%B9%84%E0%B8%A1%E0%B9%88%E0%B8%95%E0%B8%B4%E0%B8%94-%E0%B8%88%E0%B8%AD%E0%B9%81%E0%B8%95%E0%B8%81-%E0%B8%84%E0%B8%B5%E0%B8%A2%E0%B9%8C%E0%B8%9A%E0%B8%AD%E0%B8%A3%E0%B9%8C%E0%B8%94%E0%B9%80%E0%B8%AA%E0%B8%B5%E0%B8%A2-%E0%B8%82%E0%B8%B2%E0%B8%A2%E0%B9%84%E0%B8%94%E0%B9%89%E0%B9%84%E0%B8%AB%E0%B8%A1","200","0","https://amphon.co.th/blog/surface-%E0%B9%80%E0%B8%9B%E0%B8%B4%E0%B8%94%E0%B9%84%E0%B8%A1%E0%B9%88%E0%B8%95%E0%B8%B4%E0%B8%94-%E0%B8%88%E0%B8%AD%E0%B9%81%E0%B8%95%E0%B8%81-%E0%B8%84%E0%B8%B5%E0%B8%A2%E0%B9%8C%E0%B8%9A%E0%B8%AD%E0%B8%A3%E0%B9%8C%E0%B8%94%E0%B9%80%E0%B8%AA%E0%B8%B5%E0%B8%A2-%E0%B8%82%E0%B8%B2%E0%B8%A2%E0%B9%84%E0%B8%94%E0%B9%89%E0%B9%84%E0%B8%AB%E0%B8%A1","https://amphon.co.th/blog/surface-เปิดไม่ติด-จอแตก-คีย์บอร์ดเสีย-ขายได้ไหม","Yes","PASS",""
"https://amphon.co.th/contact","200","0","https://amphon.co.th/contact","https://amphon.co.th/contact","Yes","PASS",""
"https://amphon.co.th/privacy-policy","200","0","https://amphon.co.th/privacy-policy","https://amphon.co.th/privacy-policy","Yes","PASS",""
