url,source_file,page_type,title_before,title_length,description_before,description_length,h1,canonical,indexable,sitemap,primary_intent,audit_flag,template_source,classification,action
"/blog/airpods-แบตเสื่อม-ข้างหนึ่งดังเบา-ขายได้ไหม","src/content/blog/airpods-แบตเสื่อม-ข้างหนึ่งดังเบา-ขายได้ไหม.md","blog-article","AirPods แบตเสื่อม ข้างหนึ่งดังเบา หรือเคสชาร์จไม่เข้า ขายได้ไหม | Amphon.co.th","78","AirPods แบตเสื่อม ข้างหนึ่งดังเบา หรือเคสชาร์จไม่เข้า ขายได้ไหม อ่านง่ายสำหรับคนที่ต้องการขายสินค้าไอที ประเมินฟรี ติดต่อ Line @webuy โทร 0642579353","148","AirPods แบตเสื่อม ข้างหนึ่งดังเบา หรือเคสชาร์จไม่เข้า ขายได้ไหม","https://amphon.co.th/blog/airpods-แบตเสื่อม-ข้างหนึ่งดังเบา-ขายได้ไหม","yes","yes","blog-article","title=LONG;desc=OK","frontmatter+seoTitle(Amphon.co.th)","KEEP_VALID_LONG_TITLE","KEEP"
"/blog/iphone-ติด-icloud-ลืม-apple-id-ก่อนขาย","src/content/blog/iphone-ติด-icloud-ลืม-apple-id-ก่อนขาย.md","blog-article","iPhone ติด iCloud หรือลืม Apple Account (Apple ID) ก่อนขาย | Amphon.co.th","73","iPhone ที่ยังติด iCloud หรือ Activation Lock ต้องให้เจ้าของเดิมปิด Find My และนำเครื่องออกจากบัญชี Apple ก่อนขาย พร้อมแนวทางกู้คืนบัญชีอย่างถูกต้อง","147","iPhone ติด iCloud หรือลืม Apple Account (Apple ID) ก่อนขาย","https://amphon.co.th/blog/iphone-ติด-icloud-ลืม-apple-id-ก่อนขาย","yes","yes","blog-article","title=LONG;desc=OK","frontmatter+seoTitle(Amphon.co.th)","KEEP_VALID_LONG_TITLE","KEEP"
"/blog/macbook-ติด-apple-id-find-my-ก่อนขาย","src/content/blog/macbook-ติด-apple-id-find-my-ก่อนขาย.md","blog-article","MacBook ติด Apple ID หรือ Find My ต้องจัดการอย่างไรก่อนขาย | Amphon.co.th","73","MacBook ติด Apple ID หรือ Find My ต้องจัดการอย่างไรก่อนขาย อ่านง่ายสำหรับคนที่ต้องการขายสินค้าไอที ประเมินฟรี ติดต่อ Line @webuy โทร 0642579353","143","MacBook ติด Apple ID หรือ Find My ต้องจัดการอย่างไรก่อนขาย","https://amphon.co.th/blog/macbook-ติด-apple-id-find-my-ก่อนขาย","yes","yes","blog-article","title=LONG;desc=OK","frontmatter+seoTitle(Amphon.co.th)","KEEP_VALID_LONG_TITLE","KEEP"
"/blog/กล้อง-fujifilm-รุ่นเก่า-ยังขายได้ไหม","src/content/blog/กล้อง-fujifilm-รุ่นเก่า-ยังขายได้ไหม.md","blog-article","กล้อง Fujifilm รุ่นเก่ายังขายได้ไหม จุดไหนทำให้ราคาไม่ตกมาก | Amphon.co.th","74","กล้อง Fujifilm รุ่นเก่ายังขายได้ไหม จุดไหนทำให้ราคาไม่ตกมาก อ่านง่ายสำหรับคนที่ต้องการขายสินค้าไอที ประเมินฟรี ติดต่อ Line @webuy โทร 0642579353","144","กล้อง Fujifilm รุ่นเก่ายังขายได้ไหม จุดไหนทำให้ราคาไม่ตกมาก","https://amphon.co.th/blog/กล้อง-fujifilm-รุ่นเก่า-ยังขายได้ไหม","yes","yes","blog-article","title=LONG;desc=OK","frontmatter+seoTitle(Amphon.co.th)","KEEP_VALID_LONG_TITLE","KEEP"
"/blog/การ์ดจอมีผลต่อราคาคอมมือสองแค่ไหน","src/content/blog/การ์ดจอมีผลต่อราคาคอมมือสองแค่ไหน.md","blog-article","การ์ดจอมีผลต่อราคาคอมมือสองแค่ไหน ทำไมคอมเกมมิ่งบางเครื่องถึงได้ราคาดีกว่า | Amphon.co.th","89","การ์ดจอมีผลต่อราคาคอมมือสองมาก โดยเฉพาะคอมเกมมิ่งและคอมประกอบ ดูวิธีเช็กรุ่น GPU สภาพ และข้อมูลที่ควรส่งประเมินฟรี LINE @webuy โทร 0642579353","141","การ์ดจอมีผลต่อราคาคอมมือสองแค่ไหน ทำไมคอมเกมมิ่งบางเครื่องถึงได้ราคาดีกว่า","https://amphon.co.th/blog/การ์ดจอมีผลต่อราคาคอมมือสองแค่ไหน","yes","yes","blog-article","title=LONG;desc=OK","frontmatter+seoTitle(Amphon.co.th)","KEEP_VALID_LONG_TITLE","KEEP"
"/blog/การ์ดจอเคยขุด-ขายได้ไหม-เช็กอย่างไร","src/content/blog/การ์ดจอเคยขุด-ขายได้ไหม-เช็กอย่างไร.md","blog-article","การ์ดจอเคยขุดหรือใช้งานหนัก ขายได้ไหม เช็กอย่างไรให้โปร่งใส | Amphon.co.th","74","การ์ดจอเคยขุดหรือใช้งานหนัก ขายได้ไหม เช็กอย่างไรให้โปร่งใส อ่านง่ายสำหรับคนที่ต้องการขายสินค้าไอที ประเมินฟรี ติดต่อ Line @webuy โทร 0642579353","144","การ์ดจอเคยขุดหรือใช้งานหนัก ขายได้ไหม เช็กอย่างไรให้โปร่งใส","https://amphon.co.th/blog/การ์ดจอเคยขุด-ขายได้ไหม-เช็กอย่างไร","yes","yes","blog-article","title=LONG;desc=OK","frontmatter+seoTitle(Amphon.co.th)","KEEP_VALID_LONG_TITLE","KEEP"
"/blog/ขาย-macbook-มือสอง-อย่างไรให้ได้ราคาดี","src/content/blog/ขาย-macbook-มือสอง-อย่างไรให้ได้ราคาดี.md","blog-article","คู่มือเตรียม MacBook ก่อนขาย: เช็กสเปก สภาพ และข้อมูลให้พร้อม | Amphon.co.th","76","คู่มือเตรียม MacBook ก่อนขาย ตั้งแต่เช็กรุ่น ชิป RAM SSD Battery Cycle สภาพเครื่อง อุปกรณ์ ไปจนถึงสำรองข้อมูลและปิด Find My","123","คู่มือเตรียม MacBook ก่อนขาย: เช็กสเปก สภาพ และข้อมูลให้พร้อม","https://amphon.co.th/blog/ขาย-macbook-มือสอง-อย่างไรให้ได้ราคาดี","yes","yes","blog-article","title=LONG;desc=OK","frontmatter+seoTitle(Amphon.co.th)","KEEP_VALID_LONG_TITLE","KEEP"
"/blog/ขายของไอทีเสียยังไงให้ไม่ถูกกดราคา","src/content/blog/ขายของไอทีเสียยังไงให้ไม่ถูกกดราคา.md","blog-article","ขายของไอทีเสียยังไงให้ไม่ถูกกดราคา เทคนิคเตรียมข้อมูลก่อนประเมิน | Amphon.co.th","79","ขายของไอทีเสียยังไงให้ไม่ถูกกดราคา เทคนิคเตรียมข้อมูลก่อนประเมิน อ่านง่ายสำหรับคนที่ต้องการขายสินค้าไอที ประเมินฟรี ติดต่อ Line @webuy โทร 0642579353","149","ขายของไอทีเสียยังไงให้ไม่ถูกกดราคา เทคนิคเตรียมข้อมูลก่อนประเมิน","https://amphon.co.th/blog/ขายของไอทีเสียยังไงให้ไม่ถูกกดราคา","yes","yes","blog-article","title=LONG;desc=OK","frontmatter+seoTitle(Amphon.co.th)","KEEP_VALID_LONG_TITLE","KEEP"
"/blog/ขายสินค้าไอทีอย่างไรให้ปลอดภัย-ไม่โดนโกง","src/content/blog/ขายสินค้าไอทีอย่างไรให้ปลอดภัย-ไม่โดนโกง.md","blog-article","ขายสินค้าไอทีอย่างไรให้ปลอดภัย ไม่โดนโกง และไม่เสียข้อมูลส่วนตัว | Amphon.co.th","79","ขายสินค้าไอทีอย่างไรให้ปลอดภัย ไม่โดนโกง และไม่เสียข้อมูลส่วนตัว อ่านง่ายสำหรับคนที่ต้องการขายสินค้าไอที ประเมินฟรี ติดต่อ Line @webuy โทร 0642579353","149","ขายสินค้าไอทีอย่างไรให้ปลอดภัย ไม่โดนโกง และไม่เสียข้อมูลส่วนตัว","https://amphon.co.th/blog/ขายสินค้าไอทีอย่างไรให้ปลอดภัย-ไม่โดนโกง","yes","yes","blog-article","title=LONG;desc=OK","frontmatter+seoTitle(Amphon.co.th)","KEEP_VALID_LONG_TITLE","KEEP"
"/blog/ขายโทรศัพท์มือสองใกล้ฉัน","src/content/blog/ขายโทรศัพท์มือสองใกล้ฉัน.md","blog-article","ขายโทรศัพท์มือสองใกล้ฉัน เลือกร้านและเตรียมเครื่องอย่างไร | Amphon.co.th","72","ขายโทรศัพท์มือสองใกล้ฉันอย่างปลอดภัย วิธีเลือกร้าน ตรวจราคา สำรองข้อมูล ออกจาก Apple Account หรือ Google Account ตรวจ IMEI และเตรียมรูปก่อนนัดขาย","145","ขายโทรศัพท์มือสองใกล้ฉัน เลือกร้านและเตรียมเครื่องอย่างไร","https://amphon.co.th/blog/ขายโทรศัพท์มือสองใกล้ฉัน","yes","yes","blog-article","title=LONG;desc=OK","frontmatter+seoTitle(Amphon.co.th)","KEEP_VALID_LONG_TITLE","KEEP"
"/blog/ขายโน๊ตบุ๊คเก่าให้ได้ราคาดี-ต้องเช็กอะไรบ้าง","src/content/blog/ขายโน๊ตบุ๊คเก่าให้ได้ราคาดี-ต้องเช็กอะไรบ้าง.md","blog-article","ขายโน๊ตบุ๊คเก่าให้ได้ราคาดี ต้องเช็กอะไรบ้างก่อนส่งประเมิน | Amphon.co.th","73","ขายโน๊ตบุ๊คเก่าให้ได้ราคาดี ต้องเช็กอะไรบ้างก่อนส่งประเมิน อ่านง่ายสำหรับคนที่ต้องการขายสินค้าไอที ประเมินฟรี ติดต่อ Line @webuy โทร 0642579353","143","ขายโน๊ตบุ๊คเก่าให้ได้ราคาดี ต้องเช็กอะไรบ้างก่อนส่งประเมิน","https://amphon.co.th/blog/ขายโน๊ตบุ๊คเก่าให้ได้ราคาดี-ต้องเช็กอะไรบ้าง","yes","yes","blog-article","title=LONG;desc=OK","frontmatter+seoTitle(Amphon.co.th)","KEEP_VALID_LONG_TITLE","KEEP"
"/blog/ควรขายของไอทีตอนไหน-ให้ได้ราคาดีที่สุด","src/content/blog/ควรขายของไอทีตอนไหน-ให้ได้ราคาดีที่สุด.md","blog-article","ควรขายของไอทีตอนไหน ให้ได้ราคาคุ้มค่า? วงจรราคาที่คุณอาจไม่เคยรู้ | Amphon.co.th","80","เปิดเผยช่วงเวลาที่เหมาะกับการขายสมาร์ตโฟน โน๊ตบุ๊ค และคอมพิวเตอร์มือสอง เพื่อให้ประเมินราคาได้คุ้มกับรุ่นและสภาพจริง และรู้ทันวงจรสินค้าไอที","140","ควรขายของไอทีตอนไหน ให้ได้ราคาคุ้มค่า? วงจรราคาที่คุณอาจไม่เคยรู้","https://amphon.co.th/blog/ควรขายของไอทีตอนไหน-ให้ได้ราคาดีที่สุด","yes","yes","blog-article","title=LONG;desc=OK","frontmatter+seoTitle(Amphon.co.th)","KEEP_VALID_LONG_TITLE","KEEP"
"/blog/คอมบริษัทเก่า-ขายแบบไหนให้เคลียร์ง่าย","src/content/blog/คอมบริษัทเก่า-ขายแบบไหนให้เคลียร์ง่าย.md","blog-article","คอมบริษัทเก่าควรขายแบบไหน ให้เคลียร์ง่ายและไม่เสียเวลาทีละเครื่อง | Amphon.co.th","80","คอมบริษัทเก่าควรขายแบบไหน ให้เคลียร์ง่ายและไม่เสียเวลาทีละเครื่อง อ่านง่ายสำหรับคนที่ต้องการขายสินค้าไอที ประเมินฟรี ติดต่อ Line @webuy โทร 0642579353","150","คอมบริษัทเก่าควรขายแบบไหน ให้เคลียร์ง่ายและไม่เสียเวลาทีละเครื่อง","https://amphon.co.th/blog/คอมบริษัทเก่า-ขายแบบไหนให้เคลียร์ง่าย","yes","yes","blog-article","title=LONG;desc=OK","frontmatter+seoTitle(Amphon.co.th)","KEEP_VALID_LONG_TITLE","KEEP"
"/blog/ถ่ายรูปสินค้าไอทีให้ร้านประเมินราคาเร็ว","src/content/blog/ถ่ายรูปสินค้าไอทีให้ร้านประเมินราคาเร็ว.md","blog-article","ถ่ายรูปสินค้าไอทีอย่างไรให้ร้านประเมินราคาเร็วและแม่นขึ้น | Amphon.co.th","72","ถ่ายรูปสินค้าไอทีอย่างไรให้ร้านประเมินราคาเร็วและแม่นขึ้น อ่านง่ายสำหรับคนที่ต้องการขายสินค้าไอที ประเมินฟรี ติดต่อ Line @webuy โทร 0642579353","142","ถ่ายรูปสินค้าไอทีอย่างไรให้ร้านประเมินราคาเร็วและแม่นขึ้น","https://amphon.co.th/blog/ถ่ายรูปสินค้าไอทีให้ร้านประเมินราคาเร็ว","yes","yes","blog-article","title=LONG;desc=OK","frontmatter+seoTitle(Amphon.co.th)","KEEP_VALID_LONG_TITLE","KEEP"
"/blog/ราคา-ipad-มือสอง-2026","src/content/blog/ราคา-ipad-มือสอง-2026.md","blog-article","ราคา iPad มือสอง 2026 ทุกรุ่น iPad Air Pro Mini ราคาเท่าไหร่ | Amphon.co.th","75","ราคา iPad มือสอง 2026 ครบทุกรุ่น iPad Air iPad Pro M2 M4 iPad mini ปัจจัยที่มีผลต่อราคาและวิธีเตรียม iPad ก่อนขาย","113","ราคา iPad มือสอง 2026 ทุกรุ่น iPad Air Pro Mini ราคาเท่าไหร่","https://amphon.co.th/blog/ราคา-ipad-มือสอง-2026","yes","yes","blog-article","title=LONG;desc=OK","frontmatter+seoTitle(Amphon.co.th)","KEEP_VALID_LONG_TITLE","KEEP"
"/blog/ราคา-macbook-มือสอง-2026","src/content/blog/ราคา-macbook-มือสอง-2026.md","blog-article","ราคา MacBook มือสอง 2026 MacBook Air M2 M3 และ Pro ราคาเท่าไหร่ | Amphon.co.th","78","ราคา MacBook มือสอง 2026 ครบทุกรุ่น MacBook Air M1 M2 M3 และ MacBook Pro ปัจจัยที่มีผลต่อราคา และวิธีประเมินเบื้องต้นก่อนขาย","124","ราคา MacBook มือสอง 2026 MacBook Air M2 M3 และ Pro ราคาเท่าไหร่","https://amphon.co.th/blog/ราคา-macbook-มือสอง-2026","yes","yes","blog-article","title=LONG;desc=OK","frontmatter+seoTitle(Amphon.co.th)","KEEP_VALID_LONG_TITLE","KEEP"
"/blog/ร้านรับซื้อไอที-เช็กอะไรบ้างก่อนตีราคา","src/content/blog/ร้านรับซื้อไอที-เช็กอะไรบ้างก่อนตีราคา.md","blog-article","เปิดเคล็ดลับ! ร้านรับซื้อไอที เช็กอะไรบ้างก่อนตีราคาเครื่องคุณ | Amphon.co.th","77","รู้ทันร้านรับซื้อ! เปิดเผย 5 จุดสำคัญที่ร้านรับซื้อโน๊ตบุ๊ค มือถือ คอมพิวเตอร์มือสอง ใช้ในการเช็กสภาพและตีราคาสินค้า เพื่อให้คุณเตรียมตัวก่อนขายและไม่โดนกดราคา","159","เปิดเคล็ดลับ! ร้านรับซื้อไอที เช็กอะไรบ้างก่อนตีราคาเครื่องคุณ","https://amphon.co.th/blog/ร้านรับซื้อไอที-เช็กอะไรบ้างก่อนตีราคา","yes","yes","blog-article","title=LONG;desc=OK","frontmatter+seoTitle(Amphon.co.th)","KEEP_VALID_LONG_TITLE","KEEP"
"/blog/ลบข้อมูลก่อนขาย-ทำยังไงให้กู้ไม่ได้","src/content/blog/ลบข้อมูลก่อนขาย-ทำยังไงให้กู้ไม่ได้.md","blog-article","ลบข้อมูลยังไงให้กู้ไม่ได้? เคล็ดลับก่อนขายมือถือและคอมพิวเตอร์มือสอง | Amphon.co.th","83","วิธีล้างเครื่อง ลบข้อมูล ลบภาพถ่าย แบบถอนรากถอนโคนให้กู้ข้อมูลไม่ได้ 100% ก่อนนำมือถือ โน๊ตบุ๊ค หรือคอมพิวเตอร์ไปขายต่อ เพื่อความปลอดภัยสูงสุด","142","ลบข้อมูลยังไงให้กู้ไม่ได้? เคล็ดลับก่อนขายมือถือและคอมพิวเตอร์มือสอง","https://amphon.co.th/blog/ลบข้อมูลก่อนขาย-ทำยังไงให้กู้ไม่ได้","yes","yes","blog-article","title=LONG;desc=OK","frontmatter+seoTitle(Amphon.co.th)","KEEP_VALID_LONG_TITLE","KEEP"
"/blog/วิธีล้างเครื่อง-macbook-ก่อนขาย","src/content/blog/วิธีล้างเครื่อง-macbook-ก่อนขาย.md","blog-article","วิธีล้างเครื่อง MacBook ก่อนขาย ปิด Find My ออกจาก Apple ID ก่อนส่งประเมิน | Amphon.co.th","89","วิธีล้างเครื่อง MacBook ก่อนขาย ออกจาก Apple ID ปิด Find My เช็ก Activation Lock และเตรียมข้อมูลก่อนส่งประเมินราคา LINE @webuy โทร 0642579353","141","วิธีล้างเครื่อง MacBook ก่อนขาย ปิด Find My ออกจาก Apple ID ก่อนส่งประเมิน","https://amphon.co.th/blog/วิธีล้างเครื่อง-macbook-ก่อนขาย","yes","yes","blog-article","title=LONG;desc=OK","frontmatter+seoTitle(Amphon.co.th)","KEEP_VALID_LONG_TITLE","KEEP"
"/blog/วิธีเช็ก-battery-health-iphone-ก่อนขาย","src/content/blog/วิธีเช็ก-battery-health-iphone-ก่อนขาย.md","blog-article","วิธีเช็ก Battery Health iPhone ก่อนขาย ดูแบตเสื่อมก่อนส่งประเมิน | Amphon.co.th","79","วิธีเช็ก Battery Health iPhone ก่อนขาย ดูเปอร์เซ็นต์แบต สภาพเครื่อง Face ID และข้อมูลที่ควรส่งร้านประเมินราคา ประเมินฟรี LINE @webuy โทร 0642579353","147","วิธีเช็ก Battery Health iPhone ก่อนขาย ดูแบตเสื่อมก่อนส่งประเมิน","https://amphon.co.th/blog/วิธีเช็ก-battery-health-iphone-ก่อนขาย","yes","yes","blog-article","title=LONG;desc=OK","frontmatter+seoTitle(Amphon.co.th)","KEEP_VALID_LONG_TITLE","KEEP"
"/blog/วิธีเช็กรุ่น-ipad-ว่าเป็น-gen-ไหน","src/content/blog/วิธีเช็กรุ่น-ipad-ว่าเป็น-gen-ไหน.md","blog-article","วิธีดูรุ่น iPad ว่าเป็น Gen ไหน เช็กเลขโมเดล Axxxx พร้อมตาราง | Amphon.co.th","76","วิธีดูรุ่น iPad ว่าเป็น Gen ไหนจาก Settings ฝาหลัง และเลขโมเดล Axxxx พร้อมตาราง iPad, Air, mini และ Pro แยกปี ขนาดจอ ความจุ และ Wi-Fi หรือ Cellular","147","วิธีดูรุ่น iPad ว่าเป็น Gen ไหน เช็กเลขโมเดล Axxxx พร้อมตาราง","https://amphon.co.th/blog/วิธีเช็กรุ่น-ipad-ว่าเป็น-gen-ไหน","yes","yes","blog-article","title=LONG;desc=OK","frontmatter+seoTitle(Amphon.co.th)","KEEP_VALID_LONG_TITLE","KEEP"
"/blog/วิธีเช็กสเปกคอมก่อนขาย","src/content/blog/วิธีเช็กสเปกคอมก่อนขาย.md","blog-article","วิธีเช็กสเปกคอมก่อนขาย ดู CPU RAM SSD การ์ดจอ ก่อนส่งประเมิน | Amphon.co.th","75","วิธีเช็กสเปกคอมก่อนขาย CPU RAM SSD การ์ดจอ และข้อมูลที่ควรส่งร้านประเมินราคามือสอง อ่านง่ายก่อนส่งรูป ประเมินฟรี LINE @webuy โทร 0642579353","139","วิธีเช็กสเปกคอมก่อนขาย ดู CPU RAM SSD การ์ดจอ ก่อนส่งประเมิน","https://amphon.co.th/blog/วิธีเช็กสเปกคอมก่อนขาย","yes","yes","blog-article","title=LONG;desc=OK","frontmatter+seoTitle(Amphon.co.th)","KEEP_VALID_LONG_TITLE","KEEP"
"/blog/โน๊ตบุ๊คเปิดไม่ติด-ขายได้ไหม","src/content/blog/โน๊ตบุ๊คเปิดไม่ติด-ขายได้ไหม.md","blog-article","โน๊ตบุ๊คเปิดไม่ติด ขายได้ไหม วิธีประเมินก่อนตัดสินใจซ่อมหรือขาย | Amphon.co.th","78","โน๊ตบุ๊คเปิดไม่ติด ขายได้ไหม วิธีประเมินก่อนตัดสินใจซ่อมหรือขาย อ่านง่ายสำหรับคนที่ต้องการขายสินค้าไอที ประเมินฟรี ติดต่อ Line @webuy โทร 0642579353","148","โน๊ตบุ๊คเปิดไม่ติด ขายได้ไหม วิธีประเมินก่อนตัดสินใจซ่อมหรือขาย","https://amphon.co.th/blog/โน๊ตบุ๊คเปิดไม่ติด-ขายได้ไหม","yes","yes","blog-article","title=LONG;desc=OK","frontmatter+seoTitle(Amphon.co.th)","KEEP_VALID_LONG_TITLE","KEEP"
"/บริการ/รับซื้อ-asus-tuf-gaming","src/content/services/รับซื้อ-asus-tuf-gaming.md","service-page","รับซื้อ ASUS TUF Gaming มือสอง หลายรุ่น ประเมินตามสภาพจริง | Amphon.co.th","73","รับซื้อ ASUS TUF Gaming มือสองหลายรุ่น ส่งรูปหรือสเปกประเมินฟรี รับทั้งเครื่องดีและเครื่องมีตำหนิ ชำระเงินหลังตรวจสอบสินค้าและตกลงราคาเรียบร้อยแล้ว","147","รับซื้อ ASUS TUF Gaming มือสอง ประเมินฟรีทั่วประเทศ","https://amphon.co.th/บริการ/รับซื้อ-asus-tuf-gaming","yes","yes","service-page","title=LONG;desc=OK","frontmatter+seoTitle(Amphon.co.th)","KEEP_VALID_LONG_TITLE","KEEP"
"/บริการ/รับซื้อ-cpu","src/content/services/รับซื้อ-cpu.md","service-page","รับซื้อ CPU (ซีพียู) มือสอง Intel Core i3, i5, i7, i9 และ AMD Ryzen | อำพล เทรดดิ้ง | Amphon.co.th","98","รับซื้อ CPU ซีพียูคอมพิวเตอร์มือสอง ประเมินตามสภาพจริง รับซื้อ Intel Gen 12, 13, 14, AMD Ryzen ทุกซ็อกเก็ต ประเมินราคาจาก Gen และสภาพขา CPU ชำระเงินหลังตรวจสอบสินค้าและตกลงราคาเรียบร้อยแล้ว","189","รับซื้อ CPU Intel AMD มือสอง ประเมินตามรุ่น Gen Socket และสภาพ","https://amphon.co.th/บริการ/รับซื้อ-cpu","yes","yes","service-page","title=LONG;desc=LONG","frontmatter+seoTitle(Amphon.co.th)","KEEP_BOTH_VALID","KEEP"
"/บริการ/รับซื้อ-dell-alienware","src/content/services/รับซื้อ-dell-alienware.md","service-page","รับซื้อ Dell Alienware มือสอง หลายรุ่น ประเมินตามสภาพจริง | Amphon.co.th","72","รับซื้อ Dell Alienware มือสองหลายรุ่น m15, m16, m18, x15, x16, Area-51m ส่งรูปหรือสเปกประเมินฟรีทั่วประเทศ","106","รับซื้อ Dell Alienware มือสอง m15 m16 x15 Area-51m ประเมินฟรีทั่วประเทศ","https://amphon.co.th/บริการ/รับซื้อ-dell-alienware","yes","yes","service-page","title=LONG;desc=OK","frontmatter+seoTitle(Amphon.co.th)","KEEP_VALID_LONG_TITLE","KEEP"
"/บริการ/รับซื้อ-gopro-action-camera","src/content/services/รับซื้อ-gopro-action-camera.md","service-page","รับซื้อ GoPro Action Camera DJI Osmo มือสอง | อำพล เทรดดิ้ง | Amphon.co.th","74","รับซื้อกล้อง GoPro มือสอง, DJI Osmo Action, Insta360 และ Action Camera ทุกแบรนด์ ประเมินราคาฟรี ชำระเงินหลังตรวจสอบสินค้าและตกลงราคาเรียบร้อยแล้ว รับซื้ออุบลราชธานี","164","รับซื้อ GoPro Action Camera DJI Osmo มือสอง ประเมินฟรี","https://amphon.co.th/บริการ/รับซื้อ-gopro-action-camera","yes","yes","service-page","title=LONG;desc=OK","frontmatter+seoTitle(Amphon.co.th)","KEEP_VALID_LONG_TITLE","KEEP"
"/บริการ/รับซื้อ-imac-mac-mini","src/content/services/รับซื้อ-imac-mac-mini.md","service-page","รับซื้อ iMac และ Mac mini มือสอง ทุกชิป ประเมินฟรี | อำพล เทรดดิ้ง | Amphon.co.th","81","รับซื้อ iMac 24 นิ้ว ชิป M1, M3, M4 และ Mac mini มือสอง หลายรุ่น ตีราคาตามสภาพจริง รับซื้อถึงที่ ไม่ต้องยกเครื่องมาเอง มีหน้าร้านอุบลราชธานี ชำระเงินหลังตรวจสอบสินค้าและตกลงราคาเรียบร้อยแล้ว","190","รับซื้อ iMac Mac mini มือสอง เครื่องตั้งโต๊ะ Apple ประเมินฟรี","https://amphon.co.th/บริการ/รับซื้อ-imac-mac-mini","yes","yes","service-page","title=LONG;desc=LONG","frontmatter+seoTitle(Amphon.co.th)","KEEP_BOTH_VALID","KEEP"
"/บริการ/รับซื้อ-ipad-air","src/content/services/รับซื้อ-ipad-air.md","service-page","รับซื้อ iPad Air มือสอง ประเมินตามสภาพจริง M1 M2 M3 ทุกความจุ | Amphon.co.th","76","รับซื้อ iPad Air 4, Air 5 (M1), Air M2 และ Air M3 สภาพสวย ประเมินราคาฟรีผ่าน LINE นัดรับง่าย ส่งรูปหรือข้อมูลสินค้าเพื่อประเมินราคาเบื้องต้นได้","143","รับซื้อ iPad Air มือสอง M1 M2 M3 ประเมินตามสภาพจริง","https://amphon.co.th/บริการ/รับซื้อ-ipad-air","yes","yes","service-page","title=LONG;desc=OK","frontmatter+seoTitle(Amphon.co.th)","KEEP_VALID_LONG_TITLE","KEEP"
"/บริการ/รับซื้อ-ipad-mini","src/content/services/รับซื้อ-ipad-mini.md","service-page","รับซื้อ iPad mini มือสอง รุ่นพกพา ประเมินฟรี ชำระเงินหลังตรวจสอบสินค้าและตกลงราคาเรียบร้อยแล้ว | Amphon.co.th","109","ร้านรับซื้อ iPad mini มือสอง ประเมินตามสภาพจริง รับซื้อ iPad mini 6, mini A17 Pro (Gen 7) ขนาดหน้าจอ 8.3 นิ้ว ประเมินราคาผ่านแชทฟรี ชำระเงินหลังตรวจสอบสินค้าและตกลงราคาเรียบร้อยแล้ว","181","รับซื้อ iPad mini มือสอง รุ่นพกพา ประเมินตามสภาพจริง ชำระเงินหลังตรวจสอบสินค้าและตกลงราคาเรียบร้อยแล้ว","https://amphon.co.th/บริการ/รับซื้อ-ipad-mini","yes","yes","service-page","title=LONG;desc=LONG","frontmatter+seoTitle(Amphon.co.th)","BOILERPLATE_OVERLOAD","EDIT_TITLE"
"/บริการ/รับซื้อ-ipad-pro","src/content/services/รับซื้อ-ipad-pro.md","service-page","รับซื้อ iPad Pro มือสอง ประเมินตามรุ่น ความจุ และสภาพจริง | Amphon.co.th","72","รับซื้อ iPad Pro มือสอง ส่งรูป รุ่น ชิป ขนาดหน้าจอ ความจุ สภาพเครื่อง แบตเตอรี่ และอุปกรณ์ เช่น Apple Pencil หรือ Magic Keyboard เพื่อประเมินราคาเบื้องต้นได้","157","รับซื้อ iPad Pro มือสอง ส่งรูปประเมินราคาเบื้องต้นได้","https://amphon.co.th/บริการ/รับซื้อ-ipad-pro","yes","yes","service-page","title=LONG;desc=OK","frontmatter+seoTitle(Amphon.co.th)","KEEP_VALID_LONG_TITLE","KEEP"
"/บริการ/รับซื้อ-iphone-13","src/content/services/รับซื้อ-iphone-13.md","service-page","รับซื้อ iPhone 13 รับซื้อไอโฟน 13 Pro Max มือสอง ประเมินตามสภาพจริง | อำพล เทรดดิ้ง | Amphon.co.th","98","รับซื้อ iPhone 13 มือสอง หลายรุ่น 13 mini, 13 Pro, 13 Pro Max ประเมินตามสภาพจริง ประเมินตามความจุและสภาพจริง ชำระเงินหลังตรวจสอบสินค้าและตกลงราคาเรียบร้อยแล้ว ร้านรับซื้ออุบลราชธานี","181","รับซื้อ iPhone 13 มือสอง 13 Pro 13 Pro Max ประเมินตามสภาพ","https://amphon.co.th/บริการ/รับซื้อ-iphone-13","yes","yes","service-page","title=LONG;desc=LONG","frontmatter+seoTitle(Amphon.co.th)","SEMANTIC_REPETITION","EDIT_TITLE"
"/บริการ/รับซื้อ-iphone-14","src/content/services/รับซื้อ-iphone-14.md","service-page","รับซื้อ iPhone 14 รับซื้อไอโฟน 14 Pro Max มือสอง | อำพล เทรดดิ้ง | Amphon.co.th","79","รับซื้อ iPhone 14 มือสอง หลายรุ่น 14 Plus, 14 Pro, 14 Pro Max ประเมินราคาฟรี ตีราคาตามสภาพจริง รับซื้อทั่วภาคอีสานและนัดรับอุบลราชธานี","134","รับซื้อ iPhone 14 มือสอง 14 Pro 14 Pro Max ประเมินตามสภาพจริง","https://amphon.co.th/บริการ/รับซื้อ-iphone-14","yes","yes","service-page","title=LONG;desc=OK","frontmatter+seoTitle(Amphon.co.th)","SEMANTIC_REPETITION","EDIT_TITLE"
"/บริการ/รับซื้อ-iphone-face-id-เสีย","src/content/services/รับซื้อ-iphone-face-id-เสีย.md","service-page","รับซื้อ iPhone Face ID เสีย สแกนหน้าไม่ได้ มือสอง | อำพล เทรดดิ้ง | Amphon.co.th","80","รับซื้อ iPhone Face ID เสีย สแกนหน้าไม่ได้ กล้องหน้ามีปัญหา True Tone หาย หลายรุ่น ประเมินราคาตามสภาพและค่าซ่อม รับซื้อหน้าร้านอุบลราชธานี","138","รับซื้อ iPhone Face ID เสีย ประเมินราคาตามอาการจริง","https://amphon.co.th/บริการ/รับซื้อ-iphone-face-id-เสีย","yes","yes","service-page","title=LONG;desc=OK","frontmatter+seoTitle(Amphon.co.th)","KEEP_VALID_LONG_TITLE","KEEP"
"/บริการ/รับซื้อ-iphone-pro-max","src/content/services/รับซื้อ-iphone-pro-max.md","service-page","รับซื้อ iPhone Pro Max มือสอง ประเมินตามรุ่น ความจุ และสภาพจริง | Amphon.co.th","78","รับซื้อ iPhone Pro Max มือสองหลายรุ่น ส่งรูป รุ่น ความจุ สุขภาพแบต สภาพเครื่อง และอุปกรณ์ เพื่อประเมินราคาเบื้องต้นได้","118","รับซื้อ iPhone Pro Max มือสองหลายรุ่น ส่งรูปประเมินเบื้องต้น","https://amphon.co.th/บริการ/รับซื้อ-iphone-pro-max","yes","yes","service-page","title=LONG;desc=OK","frontmatter+seoTitle(Amphon.co.th)","KEEP_VALID_LONG_TITLE","KEEP"
"/บริการ/รับซื้อ-iphone-จอแตก","src/content/services/รับซื้อ-iphone-จอแตก.md","service-page","รับซื้อ iPhone จอแตก จอเป็นเส้น ทัชไม่ติด มือสอง | อำพล เทรดดิ้ง | Amphon.co.th","79","รับซื้อ iPhone จอแตก จอดำ จอเป็นเส้นสีเขียว ทัชสกรีนไม่ได้ มือสองหลายรุ่น ตีราคาตามสภาพและค่าซ่อม รับซื้อหน้าร้านอุบลราชธานี","124","รับซื้อ iPhone จอแตก จอเป็นเส้น ทัชไม่ติด ประเมินตามสภาพ","https://amphon.co.th/บริการ/รับซื้อ-iphone-จอแตก","yes","yes","service-page","title=LONG;desc=OK","frontmatter+seoTitle(Amphon.co.th)","KEEP_VALID_LONG_TITLE","KEEP"
"/บริการ/รับซื้อ-iphone-เครื่องนอก","src/content/services/รับซื้อ-iphone-เครื่องนอก.md","service-page","รับซื้อ iPhone เครื่องนอก เครื่องศูนย์ต่างประเทศ | อำพล เทรดดิ้ง | Amphon.co.th","79","รับซื้อ iPhone เครื่องนอก โมเดลต่างประเทศ (LL, ZA, ZP, J) ประเมินราคาตามสถานะ SIM Lock และประกัน รับซื้อไอโฟนราคายุติธรรม ชำระเงินหลังตรวจสอบสินค้าและตกลงราคาเรียบร้อยแล้ว","171","รับซื้อ iPhone เครื่องนอก เครื่องศูนย์นอก ประเมินตามรุ่นและสถานะเครือข่าย","https://amphon.co.th/บริการ/รับซื้อ-iphone-เครื่องนอก","yes","yes","service-page","title=LONG;desc=LONG","frontmatter+seoTitle(Amphon.co.th)","KEEP_BOTH_VALID","KEEP"
"/บริการ/รับซื้อ-jbl","src/content/services/รับซื้อ-jbl.md","service-page","รับซื้อลำโพง JBL บลูทูธพกพา  ประเมินฟรี | อำพล เทรดดิ้ง | Amphon.co.th","70","รับซื้อลำโพง JBL มือสอง ลำโพงบลูทูธพกพา PartyBox, Charge, Flip, Boombox ประเมินตามสภาพจริง ตีราคาแฟร์ ชำระเงินหลังตรวจสอบสินค้าและตกลงราคาเรียบร้อยแล้ว มีหน้าร้านจริง รับซื้อทั่ว ใกล้ฉัน นัดรับหรือประสานขนส่งตามพื้นที่ ประเภทสินค้า และจำนวนที่ตกลง","247","รับซื้อลำโพง JBL บลูทูธพกพา ประเมินฟรี | อำพล เทรดดิ้ง","https://amphon.co.th/บริการ/รับซื้อ-jbl","yes","yes","service-page","title=OK;desc=LONG","frontmatter+seoTitle(Amphon.co.th)","KEEP_VALID_LONG_DESCRIPTION","KEEP"
"/บริการ/รับซื้อ-lenovo-ideapad","src/content/services/รับซื้อ-lenovo-ideapad.md","service-page","รับซื้อ Lenovo IdeaPad มือสองทั่วประเทศ ส่งรูปประเมินฟรี | Amphon.co.th","71","รับซื้อ Lenovo IdeaPad มือสอง โน๊ตบุ๊คใช้งานทั่วไป เครื่องเรียน เครื่องทำงาน และเครื่องมีตำหนิทั่วประเทศ ส่งรูป รุ่น และสเปกเพื่อประเมินได้","139","รับซื้อ Lenovo IdeaPad มือสอง ประเมินเบื้องต้นทั่วประเทศ","https://amphon.co.th/บริการ/รับซื้อ-lenovo-ideapad","yes","yes","service-page","title=LONG;desc=OK","frontmatter+seoTitle(Amphon.co.th)","KEEP_VALID_LONG_TITLE","KEEP"
"/บริการ/รับซื้อ-mac-mini","src/content/services/รับซื้อ-mac-mini.md","service-page","รับซื้อ Mac mini มือสอง M2, M4 ทุกสเปค ประเมินตามสภาพจริง ชำระเงินหลังตรวจสอบสินค้าและตกลงราคาเรียบร้อยแล้ว | Amphon.co.th","122","รับซื้อ Mac mini มือสอง รับซื้อเครื่องแมค มินิ ชิป M1, M2, M2 Pro, M4, M4 Pro ประเมินราคาตามสเปค ชำระเงินหลังตรวจสอบสินค้าและตกลงราคาเรียบร้อยแล้ว มีบริการนัดรับหรือประสานขนส่งตามพื้นที่ ประเภทสินค้า และจำนวนที่ตกลงทั่วอุบลและภาคอีสาน","234","รับซื้อ Mac mini มือสอง M2, M4 ทุกสเปค ประเมินตามสภาพจริง ชำระเงินหลังตรวจสอบสินค้าและตกลงราคาเรียบร้อยแล้ว","https://amphon.co.th/บริการ/รับซื้อ-mac-mini","yes","yes","service-page","title=LONG;desc=LONG","frontmatter+seoTitle(Amphon.co.th)","BOILERPLATE_OVERLOAD","EDIT_TITLE"
"/บริการ/รับซื้อ-macbook","src/content/services/รับซื้อ-macbook.md","service-page","รับซื้อ MacBook มือสอง Air / Pro ส่งรูปประเมินทั่วประเทศ | Amphon.co.th","71","รับซื้อ MacBook มือสอง Air และ Pro ทั้ง Intel, M1, M2, M3, M4 ส่งรูป About This Mac, Battery Cycle สภาพจอและตัวเครื่องเพื่อประเมินเบื้องต้นทั่วประเทศ","149","รับซื้อ MacBook มือสอง Air และ Pro ส่งรูปประเมินเบื้องต้นได้ทั่วประเทศ","https://amphon.co.th/บริการ/รับซื้อ-macbook","yes","yes","service-page","title=LONG;desc=OK","frontmatter+seoTitle(Amphon.co.th)","KEEP_VALID_LONG_TITLE","KEEP"
"/บริการ/รับซื้อ-macbook-intel","src/content/services/รับซื้อ-macbook-intel.md","service-page","รับซื้อ MacBook Intel มือสอง หลายรุ่นปี 2018-2020 | อำพล เทรดดิ้ง | Amphon.co.th","80","รับซื้อ MacBook Intel มือสอง รุ่นปี 2018-2020 ทั้ง MacBook Pro Touch Bar และ MacBook Air เครื่องเก่าไม่ได้ใช้ แบตเสื่อม คีย์บอร์ดผีเสื้อ รับซื้อและประเมินราคาฟรี","161","รับซื้อ MacBook Intel มือสอง 2018–2020 ประเมินตามสภาพจริง","https://amphon.co.th/บริการ/รับซื้อ-macbook-intel","yes","yes","service-page","title=LONG;desc=OK","frontmatter+seoTitle(Amphon.co.th)","KEEP_VALID_LONG_TITLE","KEEP"
"/บริการ/รับซื้อ-macbook-m1","src/content/services/รับซื้อ-macbook-m1.md","service-page","รับซื้อ MacBook M1 มือสอง Air และ Pro 13 นิ้ว ประเมินตามสภาพจริง | อำพล เทรดดิ้ง | Amphon.co.th","95","รับซื้อ MacBook M1 รุ่นปี 2020 ทั้ง MacBook Air M1 และ MacBook Pro 13 M1 ประเมินตามสภาพจริง ประเมินราคาจาก RAM/SSD และ Battery Cycle รับซื้อถึงที่ ส่งรูปหรือข้อมูลสินค้าเพื่อประเมินราคาเบื้องต้นได้","197","รับซื้อ MacBook M1 มือสอง MacBook Air และ MacBook Pro ประเมินตามสภาพจริง","https://amphon.co.th/บริการ/รับซื้อ-macbook-m1","yes","yes","service-page","title=LONG;desc=LONG","frontmatter+seoTitle(Amphon.co.th)","KEEP_BOTH_VALID","KEEP"
"/บริการ/รับซื้อ-macbook-m2","src/content/services/รับซื้อ-macbook-m2.md","service-page","รับซื้อ MacBook M2 มือสอง รุ่นมีรอยบาก ประเมินฟรี | อำพล เทรดดิ้ง | Amphon.co.th","80","รับซื้อ MacBook M2 มือสอง ทั้ง MacBook Air M2 13/15 นิ้ว และ MacBook Pro 13 M2 ประเมินราคาฟรี ประเมินฟรี รุ่นดีไซน์ใหม่ รอยบาก MagSafe ชำระเงินหลังตรวจสอบสินค้าและตกลงราคาเรียบร้อยแล้ว","184","รับซื้อ MacBook M2 มือสอง ประเมินตามสภาพและ Battery Cycle","https://amphon.co.th/บริการ/รับซื้อ-macbook-m2","yes","yes","service-page","title=LONG;desc=LONG","frontmatter+seoTitle(Amphon.co.th)","KEEP_BOTH_VALID","KEEP"
"/บริการ/รับซื้อ-macbook-m3-m4","src/content/services/รับซื้อ-macbook-m3-m4.md","service-page","รับซื้อ MacBook M3 / M4 รุ่นใหม่ล่าสุด ประเมินตามสภาพจริง | อำพล เทรดดิ้ง | Amphon.co.th","88","รับซื้อ MacBook M3 และ M4 มือสอง รุ่นใหม่ล่าสุด ทั้ง MacBook Air และ Pro ประเมินตามสภาพจริง ประเมินจากสภาพ กล่อง อุปกรณ์ และประกันศูนย์ Apple Care+","147","รับซื้อ MacBook M3 M4 มือสอง รุ่นใหม่ ประเมินตามสภาพจริง ชำระเงินหลังตรวจสอบสินค้าและตกลงราคาเรียบร้อยแล้ว","https://amphon.co.th/บริการ/รับซื้อ-macbook-m3-m4","yes","yes","service-page","title=LONG;desc=OK","frontmatter+seoTitle(Amphon.co.th)","KEEP_VALID_LONG_TITLE","KEEP"
"/บริการ/รับซื้อ-macbook-จอแตก","src/content/services/รับซื้อ-macbook-จอแตก.md","service-page","รับซื้อ MacBook จอแตก จอลาย จอดำ ให้ราคาแฟร์ | อำพล เทรดดิ้ง | Amphon.co.th","75","รับซื้อ MacBook จอแตก หน้าจอเป็นเส้น จอดำ จอลอก (Staingate) สายแพจอพับแล้วดับ (Flexgate) ตีราคาตามสภาพบอดี้และบอร์ด ประเมินฟรี รับซื้อซาก","137","รับซื้อ MacBook จอแตก จอเป็นเส้น จอดำ ประเมินตามสภาพ","https://amphon.co.th/บริการ/รับซื้อ-macbook-จอแตก","yes","yes","service-page","title=LONG;desc=OK","frontmatter+seoTitle(Amphon.co.th)","KEEP_VALID_LONG_TITLE","KEEP"
"/บริการ/รับซื้อ-macbook-เสีย","src/content/services/รับซื้อ-macbook-เสีย.md","service-page","รับซื้อ MacBook เสีย เปิดไม่ติด โดนน้ำ ซ่อมไม่คุ้ม | อำพล เทรดดิ้ง | Amphon.co.th","81","รับซื้อ MacBook เสีย เปิดไม่ติด บอร์ดพัง โดนน้ำ แบตเตอรี่บวม ซ่อมไม่คุ้ม รับซื้อเป็นซากเพื่อนำไปทำอะไหล่ ตีราคาแฟร์ ประเมินฟรี","126","รับซื้อ MacBook เสีย เปิดไม่ติด น้ำเข้า แบตเสื่อม ประเมินตามอะไหล่","https://amphon.co.th/บริการ/รับซื้อ-macbook-เสีย","yes","yes","service-page","title=LONG;desc=OK","frontmatter+seoTitle(Amphon.co.th)","KEEP_VALID_LONG_TITLE","KEEP"
"/บริการ/รับซื้อ-magic-keyboard-ipad","src/content/services/รับซื้อ-magic-keyboard-ipad.md","service-page","รับซื้อ Magic Keyboard iPad มือสอง Smart Keyboard หลายรุ่น | Amphon.co.th","73","อำพล เทรดดิ้ง รับซื้อคีย์บอร์ดไอแพด Magic Keyboard, Smart Keyboard Folio มือสอง สำหรับ iPad Pro, iPad Air ประเมินฟรี","116","รับซื้อ Magic Keyboard iPad มือสอง ประเมินตามรุ่นและสภาพ","https://amphon.co.th/บริการ/รับซื้อ-magic-keyboard-ipad","yes","yes","service-page","title=LONG;desc=OK","frontmatter+seoTitle(Amphon.co.th)","KEEP_VALID_LONG_TITLE","KEEP"
"/บริการ/รับซื้อ-marshall","src/content/services/รับซื้อ-marshall.md","service-page","รับซื้อลำโพง Marshall หลายรุ่น ตีราคาแฟร์  | อำพล เทรดดิ้ง | Amphon.co.th","73","รับซื้อลำโพง Marshall มือสอง ของแท้ รุ่น Stanmore, Kilburn, Emberton, Woburn, Acton ประเมินราคาฟรี ชำระเงินหลังตรวจสอบสินค้าและตกลงราคาเรียบร้อยแล้ว มีหน้าร้านจริง ทักไลน์ @webuy ใกล้ฉัน นัดรับหรือประสานขนส่งตามพื้นที่ ประเภทสินค้า และจำนวนที่ตกลง","247","รับซื้อลำโพง Marshall หลายรุ่น ตีราคาแฟร์ | อำพล เทรดดิ้ง","https://amphon.co.th/บริการ/รับซื้อ-marshall","yes","yes","service-page","title=LONG;desc=LONG","frontmatter+seoTitle(Amphon.co.th)","KEEP_BOTH_VALID","KEEP"
"/บริการ/รับซื้อ-msi-titan","src/content/services/รับซื้อ-msi-titan.md","service-page","รับซื้อ MSI Titan มือสอง เกมมิ่งโน๊ตบุ๊คเรือธงทั่วประเทศ | Amphon.co.th","71","รับซื้อ MSI Titan มือสอง เกมมิ่งโน๊ตบุ๊คสเปกพรีเมียม เครื่องหนัก เครื่องแรง และเครื่องมีตำหนิทั่วประเทศ ส่งรูป รุ่น การ์ดจอ และสเปกเพื่อประเมินเบื้องต้นได้","155","รับซื้อ MSI Titan มือสอง เครื่องเกมมิ่งสเปกพรีเมียมประเมินฟรีทั่วประเทศ","https://amphon.co.th/บริการ/รับซื้อ-msi-titan","yes","yes","service-page","title=LONG;desc=OK","frontmatter+seoTitle(Amphon.co.th)","KEEP_VALID_LONG_TITLE","KEEP"
"/บริการ/รับซื้อ-nintendo-switch","src/content/services/รับซื้อ-nintendo-switch.md","service-page","รับซื้อ Nintendo Switch มือสอง รุ่น OLED, V2, Lite ประเมินฟรี | Amphon.co.th","76","รับซื้อ Nintendo Switch มือสอง (นินเทนโดสวิตช์) ประเมินฟรี รับซื้อรุ่น OLED, V2, Lite ทั้งเครื่องเล่นแท้และเครื่องแปลง (สายมืด) บริการนัดรับหรือประสานขนส่งตามพื้นที่ ประเภทสินค้า และจำนวนที่ตกลง ชำระเงินหลังตรวจสอบสินค้าและตกลงราคาเรียบร้อยแล้ว","244","รับซื้อ Nintendo Switch มือสอง รุ่น OLED, V2, Lite ประเมินฟรี","https://amphon.co.th/บริการ/รับซื้อ-nintendo-switch","yes","yes","service-page","title=LONG;desc=LONG","frontmatter+seoTitle(Amphon.co.th)","KEEP_BOTH_VALID","KEEP"
"/บริการ/รับซื้อ-notebook-acer","src/content/services/รับซื้อ-notebook-acer.md","service-page","รับซื้อ Notebook Acer มือสอง หลายรุ่น ประเมินตามสภาพจริง | Amphon.co.th","71","รับซื้อโน๊ตบุ๊ค Acer มือสองหลายรุ่น Aspire, Swift, Nitro 5, Predator Helios ประเมินราคาฟรี ชำระเงินหลังตรวจสอบสินค้าและตกลงราคาเรียบร้อยแล้ว มีหน้าร้าน Line @webuy โทร 064-257-9353","180","รับซื้อ Notebook Acer มือสอง Aspire Swift Nitro Predator ประเมินฟรี จ่ายทันที","https://amphon.co.th/บริการ/รับซื้อ-notebook-acer","yes","yes","service-page","title=LONG;desc=LONG","frontmatter+seoTitle(Amphon.co.th)","KEEP_BOTH_VALID","KEEP"
"/บริการ/รับซื้อ-notebook-asus","src/content/services/รับซื้อ-notebook-asus.md","service-page","รับซื้อ Notebook Asus มือสอง หลายรุ่น ประเมินตามสภาพจริง | Amphon.co.th","71","รับซื้อโน๊ตบุ๊ค Asus มือสองหลายรุ่น VivoBook, ZenBook, TUF Gaming, ROG Strix, ROG Zephyrus ประเมินราคาฟรี ชำระเงินหลังตรวจสอบสินค้าและตกลงราคาเรียบร้อยแล้ว มีหน้าร้าน Line @webuy โทร 064-257-9353","195","รับซื้อ Notebook Asus มือสอง VivoBook ZenBook ROG TUF ประเมินฟรี จ่ายทันที","https://amphon.co.th/บริการ/รับซื้อ-notebook-asus","yes","yes","service-page","title=LONG;desc=LONG","frontmatter+seoTitle(Amphon.co.th)","KEEP_BOTH_VALID","KEEP"
"/บริการ/รับซื้อ-notebook-dell","src/content/services/รับซื้อ-notebook-dell.md","service-page","รับซื้อ Notebook Dell มือสอง หลายรุ่น ประเมินตามสภาพจริง | Amphon.co.th","71","รับซื้อโน๊ตบุ๊ค Dell มือสองหลายรุ่น Inspiron, XPS, Latitude, Vostro, Alienware ประเมินราคาฟรี ชำระเงินหลังตรวจสอบสินค้าและตกลงราคาเรียบร้อยแล้ว Line @webuy โทร 064-257-9353","172","รับซื้อ Notebook Dell มือสอง Inspiron XPS Latitude Alienware ประเมินฟรี จ่ายทันที","https://amphon.co.th/บริการ/รับซื้อ-notebook-dell","yes","yes","service-page","title=LONG;desc=LONG","frontmatter+seoTitle(Amphon.co.th)","KEEP_BOTH_VALID","KEEP"
"/บริการ/รับซื้อ-notebook-hp","src/content/services/รับซื้อ-notebook-hp.md","service-page","รับซื้อ Notebook HP มือสอง หลายรุ่น ประเมินตามสภาพจริง | Amphon.co.th","69","รับซื้อโน๊ตบุ๊ค HP มือสองหลายรุ่น Pavilion, Envy, Spectre, Omen, Victus, ProBook ประเมินราคาฟรี ชำระเงินหลังตรวจสอบสินค้าและตกลงราคาเรียบร้อยแล้ว Line @webuy โทร 064-257-9353","174","รับซื้อ Notebook HP มือสอง Pavilion Envy Omen Victus ProBook ประเมินฟรี จ่ายทันที","https://amphon.co.th/บริการ/รับซื้อ-notebook-hp","yes","yes","service-page","title=OK;desc=LONG","frontmatter+seoTitle(Amphon.co.th)","KEEP_VALID_LONG_DESCRIPTION","KEEP"
"/บริการ/รับซื้อ-notebook-lenovo","src/content/services/รับซื้อ-notebook-lenovo.md","service-page","รับซื้อ Notebook Lenovo มือสอง หลายรุ่น ประเมินตามสภาพจริง | Amphon.co.th","73","รับซื้อโน๊ตบุ๊ค Lenovo มือสองหลายรุ่น IdeaPad, ThinkPad, Yoga, Legion, LOQ ประเมินราคาฟรี ชำระเงินหลังตรวจสอบสินค้าและตกลงราคาเรียบร้อยแล้ว มีหน้าร้าน Line @webuy โทร 064-257-9353","179","รับซื้อ Notebook Lenovo มือสอง IdeaPad ThinkPad Legion ประเมินฟรี จ่ายทันที","https://amphon.co.th/บริการ/รับซื้อ-notebook-lenovo","yes","yes","service-page","title=LONG;desc=LONG","frontmatter+seoTitle(Amphon.co.th)","KEEP_BOTH_VALID","KEEP"
"/บริการ/รับซื้อ-playstation","src/content/services/รับซื้อ-playstation.md","service-page","รับซื้อเครื่องเกม PS5, PS4, Nintendo Switch ประเมินฟรี | อำพล เทรดดิ้ง | Amphon.co.th","85","รับซื้อ PS5 (PlayStation 5), PS4, Nintendo Switch และแผ่นเกมมือสอง รับเหมาเครื่องเกม ชำระเงินหลังตรวจสอบสินค้าและตกลงราคาเรียบร้อยแล้ว มีหน้าร้านจริง ตีราคาแฟร์ ทักไลน์ @webuy ใกล้ฉัน นัดรับหรือประสานขนส่งตามพื้นที่ ประเภทสินค้า และจำนวนที่ตกลง","244","รับซื้อเครื่องเกม PS5, PS4, Nintendo Switch ประเมินฟรี | อำพล เทรดดิ้ง","https://amphon.co.th/บริการ/รับซื้อ-playstation","yes","yes","service-page","title=LONG;desc=LONG","frontmatter+seoTitle(Amphon.co.th)","KEEP_BOTH_VALID","KEEP"
"/บริการ/รับซื้อ-ram-ssd","src/content/services/รับซื้อ-ram-ssd.md","service-page","รับซื้อ RAM และ SSD มือสอง DDR4 DDR5 NVMe | อำพล เทรดดิ้ง | Amphon.co.th","72","รับซื้อ RAM และ SSD มือสอง ประเมินฟรี รับซื้อแรม DDR4 DDR5 บัสสูง รับซื้อ M.2 NVMe SSD ตีราคาตามความจุและสเปก อัปเกรดคอมนำของเก่ามาขายให้เรา","140","รับซื้อ RAM SSD มือสอง DDR4 DDR5 NVMe SATA ประเมินฟรี","https://amphon.co.th/บริการ/รับซื้อ-ram-ssd","yes","yes","service-page","title=LONG;desc=OK","frontmatter+seoTitle(Amphon.co.th)","KEEP_VALID_LONG_TITLE","KEEP"
"/บริการ/รับซื้อ-rog-gaming-notebook","src/content/services/รับซื้อ-rog-gaming-notebook.md","service-page","รับซื้อ ROG Gaming Notebook มือสองทั่วประเทศ ส่งรูปประเมินฟรี | Amphon.co.th","76","รับซื้อ ROG Gaming Notebook มือสอง ASUS ROG Strix, Zephyrus และเกมมิ่งโน๊ตบุ๊ค ROG ทั่วประเทศ ส่งรูป รุ่น การ์ดจอ และสเปกเพื่อประเมินได้","136","รับซื้อ ROG Gaming Notebook มือสอง ASUS ROG ประเมินฟรีทั่วประเทศ","https://amphon.co.th/บริการ/รับซื้อ-rog-gaming-notebook","yes","yes","service-page","title=LONG;desc=OK","frontmatter+seoTitle(Amphon.co.th)","KEEP_VALID_LONG_TITLE","KEEP"
"/บริการ/รับซื้อ-server","src/content/services/รับซื้อ-server.md","service-page","รับซื้อ Server มือสอง แร็คเซิร์ฟเวอร์ และอุปกรณ์ปลดระวาง | Amphon.co.th","71","รับซื้อ Server มือสอง ทั้งแบบ Rack Server และ Tower Server หลายรุ่น ส่งสเปก CPU RAM สตอเรจ แหล่งจ่ายไฟ และแผ่นยึดรางเพื่อประเมินราคาเบื้องต้นได้","144","รับซื้อ Server มือสองและแร็คเซิร์ฟเวอร์ ส่งสเปกเพื่อประเมินราคา","https://amphon.co.th/บริการ/รับซื้อ-server","yes","yes","service-page","title=LONG;desc=OK","frontmatter+seoTitle(Amphon.co.th)","KEEP_VALID_LONG_TITLE","KEEP"
"/บริการ/รับซื้อ-server-network","src/content/services/รับซื้อ-server-network.md","service-page","รับซื้อ Server Network และอุปกรณ์โครงสร้างพื้นฐานไอทีบริษัท | Amphon.co.th","74","รับซื้ออุปกรณ์โครงสร้างพื้นฐานไอทีบริษัท เช่น Server, NAS, UPS, Router, Switch และ Firewall ส่งรายการ รุ่น จำนวน สภาพ และสถานที่ตั้ง เพื่อประเมินราคาเบื้องต้นได้","161","รับซื้อ Server Network NAS UPS และอุปกรณ์โครงสร้างพื้นฐานไอที","https://amphon.co.th/บริการ/รับซื้อ-server-network","yes","yes","service-page","title=LONG;desc=OK","frontmatter+seoTitle(Amphon.co.th)","KEEP_VALID_LONG_TITLE","KEEP"
"/บริการ/รับซื้อ-ssd","src/content/services/รับซื้อ-ssd.md","service-page","รับซื้อ SSD, HDD และ External Drive มือสอง เช็ค S.M.A.R.T. โปร่งใส ประเมินฟรี | Amphon.co.th","92","รับซื้อ SSD มือสอง M.2 NVMe Gen3/4, SATA SSD, Enterprise SSD, HDD SATA/SAS และ External SSD/HDD ทุกยี่ห้อ เช็ค S.M.A.R.T. health ก่อนรับซื้อ โปร่งใส ชำระเงินหลังตรวจสอบสินค้าและตกลงราคาเรียบร้อยแล้ว","198","รับซื้อ SSD, HDD และ External Drive มือสอง เช็ค S.M.A.R.T. โปร่งใส ประเมินฟรี","https://amphon.co.th/บริการ/รับซื้อ-ssd","yes","yes","service-page","title=LONG;desc=LONG","frontmatter+seoTitle(Amphon.co.th)","KEEP_BOTH_VALID","KEEP"
"/บริการ/รับซื้อ-surface","src/content/services/รับซื้อ-surface.md","service-page","รับซื้อ Surface มือสอง Surface Pro Laptop Go ทั่วประเทศ | Amphon.co.th","70","รับซื้อ Surface มือสอง Surface Pro, Surface Laptop, Surface Go และ Microsoft Surface จากลูกค้าทั่วประเทศ ส่งรูป รุ่น และสภาพเครื่องเพื่อประเมินเบื้องต้นได้ทาง LINE: @webuy","171","รับซื้อ Surface มือสอง Microsoft Surface ประเมินฟรีทั่วประเทศ","https://amphon.co.th/บริการ/รับซื้อ-surface","yes","yes","service-page","title=OK;desc=LONG","frontmatter+seoTitle(Amphon.co.th)","KEEP_VALID_LONG_DESCRIPTION","KEEP"
"/บริการ/รับซื้อกล้อง-canon","src/content/services/รับซื้อกล้อง-canon.md","service-page","รับซื้อกล้อง Canon รับซื้อเลนส์ Canon มือสอง | อำพล เทรดดิ้ง | Amphon.co.th","75","รับซื้อกล้อง Canon มือสอง ซีรีส์ EOS R, R50, R6, RP, DSLR และรับซื้อเลนส์ RF/EF Mount ทุกระยะ ประเมินราคาตามชัตเตอร์และสภาพจริง ชำระเงินหลังตรวจสอบสินค้าและตกลงราคาเรียบร้อยแล้ว","177","รับซื้อกล้อง Canon มือสอง DSLR Mirrorless และเลนส์ Canon ประเมินตามสภาพจริง","https://amphon.co.th/บริการ/รับซื้อกล้อง-canon","yes","yes","service-page","title=LONG;desc=LONG","frontmatter+seoTitle(Amphon.co.th)","SEMANTIC_REPETITION","EDIT_TITLE"
"/บริการ/รับซื้อกล้อง-fujifilm","src/content/services/รับซื้อกล้อง-fujifilm.md","service-page","รับซื้อกล้อง Fujifilm มือสอง รับซื้อเลนส์ Fuji X-Series | อำพล เทรดดิ้ง | Amphon.co.th","86","รับซื้อกล้อง Fujifilm มือสอง ซีรีส์ X-T, X-E, X-S, X100, X-Pro และเลนส์ Fuji XF, XC ทุกระยะ ประเมินตามสภาพจริง ประเมินตามสภาพจริง รับซื้อทั่วประเทศ","147","รับซื้อกล้อง Fujifilm มือสอง Fuji X-Series ประเมินฟรี","https://amphon.co.th/บริการ/รับซื้อกล้อง-fujifilm","yes","yes","service-page","title=LONG;desc=OK","frontmatter+seoTitle(Amphon.co.th)","SEMANTIC_REPETITION","EDIT_TITLE"
"/บริการ/รับซื้อกล้อง-mirrorless","src/content/services/รับซื้อกล้อง-mirrorless.md","service-page","รับซื้อกล้อง Mirrorless มือสอง ทุกค่ายประเมินฟรี | อำพล เทรดดิ้ง | Amphon.co.th","79","รับซื้อกล้อง Mirrorless มือสอง ทั้งเซ็นเซอร์ Full Frame, APS-C และ Micro Four Thirds ทุกค่าย ประเมินไวตามสภาพ EVF, IBIS ส่งรูปตีราคาฟรี","135","รับซื้อกล้อง Mirrorless มือสอง Full Frame APS-C ประเมินตามสภาพจริง","https://amphon.co.th/บริการ/รับซื้อกล้อง-mirrorless","yes","yes","service-page","title=LONG;desc=OK","frontmatter+seoTitle(Amphon.co.th)","KEEP_VALID_LONG_TITLE","KEEP"
"/บริการ/รับซื้อกล้อง-nikon","src/content/services/รับซื้อกล้อง-nikon.md","service-page","รับซื้อกล้อง Nikon มือสอง DSLR Mirrorless Z Series | อำพล เทรดดิ้ง | Amphon.co.th","81","รับซื้อกล้อง Nikon มือสอง สาย DSLR (D750, D850) และ Mirrorless ตระกูล Z (Z5, Z6, Z7, Z50) พร้อมรับซื้อเลนส์ Z Mount และ F Mount ประเมินราคาฟรี","142","รับซื้อกล้อง Nikon มือสอง DSLR Mirrorless Nikon Z ประเมินตามสภาพ","https://amphon.co.th/บริการ/รับซื้อกล้อง-nikon","yes","yes","service-page","title=LONG;desc=OK","frontmatter+seoTitle(Amphon.co.th)","KEEP_VALID_LONG_TITLE","KEEP"
"/บริการ/รับซื้อกล้อง-sony","src/content/services/รับซื้อกล้อง-sony.md","service-page","รับซื้อกล้อง Sony รับซื้อเลนส์ Sony มือสอง Alpha ประเมินตามสภาพจริง | อำพล เทรดดิ้ง | Amphon.co.th","98","รับซื้อกล้อง Sony มือสอง ตระกูล Alpha (A7III, A7IV), A6400, A6600, ZV-E10 และรับซื้อเลนส์ FE/E Mount ประเมินราคาตามสภาพ ชำระเงินหลังตรวจสอบสินค้าและตกลงราคาเรียบร้อยแล้ว","169","รับซื้อกล้อง Sony มือสอง Alpha Full Frame APS-C และเลนส์ Sony","https://amphon.co.th/บริการ/รับซื้อกล้อง-sony","yes","yes","service-page","title=LONG;desc=OK","frontmatter+seoTitle(Amphon.co.th)","SEMANTIC_REPETITION","EDIT_TITLE"
"/บริการ/รับซื้อกล้องฟิล์ม","src/content/services/รับซื้อกล้องฟิล์ม.md","service-page","รับซื้อกล้องฟิล์ม เลนส์วินเทจ รับซื้อกล้องสะสม | อำพล เทรดดิ้ง | Amphon.co.th","77","รับซื้อกล้องฟิล์มมือสอง ทุกแบรนด์ กล้องสะสม SLR Rangefinder Compact และรับซื้อเลนส์มือหมุนวินเทจ ประเมินราคาตามสภาพกลไกและชิ้นเลนส์","131","รับซื้อกล้องฟิล์มมือสอง กล้องสะสม และเลนส์วินเทจ","https://amphon.co.th/บริการ/รับซื้อกล้องฟิล์ม","yes","yes","service-page","title=LONG;desc=OK","frontmatter+seoTitle(Amphon.co.th)","SEMANTIC_REPETITION","EDIT_TITLE"
"/บริการ/รับซื้อกล้องเสีย","src/content/services/รับซื้อกล้องเสีย.md","service-page","รับซื้อกล้องเสีย กล้องเปิดไม่ติด จอแตก ตกกระแทก | อำพล เทรดดิ้ง | Amphon.co.th","78","รับซื้อกล้องเสีย กล้องเปิดไม่ติด จอแตก ตกน้ำ เลนส์พัง ประเมินราคาตามสภาพอะไหล่ที่ยังใช้งานได้จริง เปลี่ยนซากกล้องให้เป็นเงินสดได้ที่ อำพล เทรดดิ้ง","146","รับซื้อกล้องเสีย เปิดไม่ติด ตกกระแทก จอแตก ประเมินตามอะไหล่","https://amphon.co.th/บริการ/รับซื้อกล้องเสีย","yes","yes","service-page","title=LONG;desc=OK","frontmatter+seoTitle(Amphon.co.th)","KEEP_VALID_LONG_TITLE","KEEP"
"/บริการ/รับซื้อการ์ดจอ","src/content/services/รับซื้อการ์ดจอ.md","service-page","รับซื้อการ์ดจอ (VGA / GPU) มือสอง RTX, GTX, RX ประเมินฟรี | อำพล เทรดดิ้ง | Amphon.co.th","88","รับซื้อการ์ดจอมือสอง ประเมินฟรี รับประเมินการ์ดจอเล่นเกม การ์ดจอขุดเหรียญ NVIDIA RTX, GTX, AMD RX Series เช็คราคาฟรี ชำระเงินหลังตรวจสอบสินค้าและตกลงราคาเรียบร้อยแล้ว","166","รับซื้อการ์ดจอ RTX GTX RX มือสอง ประเมินราคาตามรุ่นและสภาพ","https://amphon.co.th/บริการ/รับซื้อการ์ดจอ","yes","yes","service-page","title=LONG;desc=OK","frontmatter+seoTitle(Amphon.co.th)","KEEP_VALID_LONG_TITLE","KEEP"
"/บริการ/รับซื้อของสะสม","src/content/services/รับซื้อของสะสม.md","service-page","รับซื้อของสะสม ของเล่น โมเดล Art Toy เครื่องดนตรี ประเมินตามสภาพจริง | Amphon.co.th","83","รับซื้อของสะสมมือสอง โมเดล ฟิกเกอร์ Art Toy (Pop Mart), เลโก้ (Lego), กันพลา (Gundam) และรับซื้อเครื่องดนตรี กีต้าร์ เปียโน เหมาของสะสม ชำระเงินหลังตรวจสอบสินค้าและตกลงราคาเรียบร้อยแล้ว","185","รับซื้อของสะสม ของเล่น โมเดล Art Toy เครื่องดนตรี ประเมินตามสภาพจริง","https://amphon.co.th/บริการ/รับซื้อของสะสม","yes","yes","service-page","title=LONG;desc=LONG","frontmatter+seoTitle(Amphon.co.th)","KEEP_BOTH_VALID","KEEP"
"/บริการ/รับซื้อของไอทีเสีย","src/content/services/รับซื้อของไอทีเสีย.md","service-page","รับซื้อของไอทีเสีย ซากคอม ซากมือถือ อะไหล่เสีย ตีราคาเป็นซาก | Amphon.co.th","75","รับซื้อของไอทีเสีย ซากอิเล็กทรอนิกส์ (E-Waste) ซากคอมพิวเตอร์ เมนบอร์ดเสีย โทรศัพท์พัง ซากโน๊ตบุ๊ค รับประมูลขยะอิเล็กทรอนิกส์จากบริษัท ตีราคาเป็นกิโลและรายชิ้น","159","รับซื้อของไอทีเสียและอุปกรณ์มีปัญหา ส่งรูปประเมินเบื้องต้นได้","https://amphon.co.th/บริการ/รับซื้อของไอทีเสีย","yes","yes","service-page","title=LONG;desc=OK","frontmatter+seoTitle(Amphon.co.th)","KEEP_VALID_LONG_TITLE","KEEP"
"/บริการ/รับซื้อคอมบริษัท","src/content/services/รับซื้อคอมบริษัท.md","service-page","รับซื้อคอมบริษัท โน้ตบุ๊กพนักงาน และเครื่ององค์กรปลดระวาง | Amphon.co.th","72","รับซื้อคอมบริษัทและโน้ตบุ๊กพนักงานเก่า บริษัทส่งรายการรุ่น จำนวน สเปก สภาพเครื่อง และสถานที่ตั้ง เพื่อประเมินราคาเบื้องต้นได้ทั่วประเทศ","135","รับซื้อคอมบริษัทและโน้ตบุ๊กพนักงานเก่า ส่งรายการประเมินเบื้องต้น","https://amphon.co.th/บริการ/รับซื้อคอมบริษัท","yes","yes","service-page","title=LONG;desc=OK","frontmatter+seoTitle(Amphon.co.th)","KEEP_VALID_LONG_TITLE","KEEP"
"/บริการ/รับซื้อคอมพิวเตอร์ตั้งโต๊ะ","src/content/services/รับซื้อคอมพิวเตอร์ตั้งโต๊ะ.md","service-page","รับซื้อคอมพิวเตอร์ตั้งโต๊ะ PC แบรนด์ และ All-in-One มือสอง | Amphon.co.th","73","รับซื้อคอมพิวเตอร์ตั้งโต๊ะ Desktop PC, PC แบรนด์ และ All-in-One ส่งสเปก สภาพเครื่อง อุปกรณ์ และรูปสินค้า เพื่อประเมินราคาเบื้องต้นได้","133","รับซื้อคอมพิวเตอร์ตั้งโต๊ะ PC แบรนด์ และ All-in-One มือสอง","https://amphon.co.th/บริการ/รับซื้อคอมพิวเตอร์ตั้งโต๊ะ","yes","yes","service-page","title=LONG;desc=OK","frontmatter+seoTitle(Amphon.co.th)","KEEP_VALID_LONG_TITLE","KEEP"
"/บริการ/รับซื้อคอมยกล็อต","src/content/services/รับซื้อคอมยกล็อต.md","service-page","รับซื้อคอมยกล็อต เหมาคอมพิวเตอร์และสินค้าไอทีหลายเครื่อง | Amphon.co.th","71","รับซื้อคอมยกล็อตและสินค้าไอทีหลายเครื่อง บริษัทหรือร้านค้าส่ง Inventory List รุ่น จำนวน สภาพ และสถานที่ตั้ง เพื่อประเมินราคาเบื้องต้นได้","136","รับซื้อคอมยกล็อต ส่ง Inventory List เพื่อประเมินราคาเบื้องต้น","https://amphon.co.th/บริการ/รับซื้อคอมยกล็อต","yes","yes","service-page","title=LONG;desc=OK","frontmatter+seoTitle(Amphon.co.th)","KEEP_VALID_LONG_TITLE","KEEP"
"/บริการ/รับซื้อคอมเกมมิ่ง","src/content/services/รับซื้อคอมเกมมิ่ง.md","service-page","รับซื้อคอมเกมมิ่งมือสอง เช็กสเปกก่อนประเมินราคา | Amphon.co.th | Amphon.co.th","77","รับซื้อคอมเกมมิ่งมือสองและคอมประกอบสำหรับเล่นเกม ส่งสเปก CPU การ์ดจอ RAM SSD สภาพเครื่อง และอุปกรณ์ เพื่อประเมินราคาเบื้องต้นได้ทั่วประเทศ","138","รับซื้อคอมเกมมิ่งมือสอง ส่งสเปกและรูปเครื่องเพื่อประเมินเบื้องต้น","https://amphon.co.th/บริการ/รับซื้อคอมเกมมิ่ง","yes","yes","service-page","title=LONG;desc=OK","frontmatter+seoTitle(Amphon.co.th)","TEMPLATE_CAUSED","EDIT_TITLE"
"/บริการ/รับซื้อคอมเสีย","src/content/services/รับซื้อคอมเสีย.md","service-page","รับซื้อคอมเสีย ซากคอมพิวเตอร์ เปิดไม่ติด | อำพล เทรดดิ้ง | Amphon.co.th","71","รับซื้อคอมเสีย ซากคอม เปิดไม่ติด ตีราคาแยกชิ้นส่วนที่ยังใช้งานได้ บอร์ดเสีย จอแตก HDD พัง เราประเมินให้อย่างยุติธรรม เปลี่ยนคอมพังเป็นเงินสด","140","รับซื้อคอมเสีย เปิดไม่ติด ซากคอม อะไหล่คอม ประเมินตามสภาพ","https://amphon.co.th/บริการ/รับซื้อคอมเสีย","yes","yes","service-page","title=LONG;desc=OK","frontmatter+seoTitle(Amphon.co.th)","KEEP_VALID_LONG_TITLE","KEEP"
"/บริการ/รับซื้อจอเกมมิ่ง","src/content/services/รับซื้อจอเกมมิ่ง.md","service-page","รับซื้อจอเกมมิ่ง มือสอง จอ 144Hz, 240Hz, จอโค้ง ประเมินฟรี | Amphon.co.th","73","รับซื้อจอเกมมิ่งมือสอง (Gaming Monitor) 144Hz, 240Hz, 360Hz จอโค้ง จอ Ultrawide แบรนด์ ASUS ROG, ZOWIE, Alienware, AOC, Acer ประเมินฟรี นัดรับหรือประสานขนส่งตามพื้นที่ ประเภทสินค้า และจำนวนที่ตกลง","196","รับซื้อจอเกมมิ่ง มือสอง จอ 144Hz, 240Hz, จอโค้ง ประเมินฟรี","https://amphon.co.th/บริการ/รับซื้อจอเกมมิ่ง","yes","yes","service-page","title=LONG;desc=LONG","frontmatter+seoTitle(Amphon.co.th)","KEEP_BOTH_VALID","KEEP"
"/บริการ/รับซื้อซีพียู","src/content/services/รับซื้อซีพียู.md","service-page","รับซื้อ CPU มือสอง ซีพียู Intel Core i9, i7, i5 และ AMD Ryzen | Amphon.co.th","76","รับซื้อ CPU มือสอง รับซื้อซีพียู Intel Core Gen 14, 13, 12 และ AMD Ryzen 9, 7, 5 ประเมินราคาตามรุ่น บริการนัดรับหรือประสานขนส่งตามพื้นที่ ประเภทสินค้า และจำนวนที่ตกลง ชำระเงินหลังตรวจสอบสินค้าและตกลงราคาเรียบร้อยแล้ว","216","รับซื้อ CPU มือสอง ซีพียู Intel Core i9, i7, i5 และ AMD Ryzen","https://amphon.co.th/บริการ/รับซื้อซีพียู","yes","yes","service-page","title=LONG;desc=LONG","frontmatter+seoTitle(Amphon.co.th)","KEEP_BOTH_VALID","KEEP"
"/บริการ/รับซื้อทีวี","src/content/services/รับซื้อทีวี.md","service-page","รับซื้อทีวีมือสอง จอใหญ่ขนยาก เราไปรับถึงที่ ประเมินฟรี | Amphon.co.th","70","รับซื้อทีวีมือสอง Smart TV, OLED, 4K ทุกขนาด 32-85 นิ้วขึ้นไป Samsung, Sony, LG ประเมินฟรี มีบริการไปนัดรับหรือประสานขนส่งตามพื้นที่ ประเภทสินค้า และจำนวนที่ตกลงทั่วภาคอีสาน ชำระเงินหลังตรวจสอบสินค้าและตกลงราคาเรียบร้อยแล้วหน้างานทันที","235","รับซื้อทีวีมือสอง จอใหญ่ขนยาก เราไปรับถึงที่ ประเมินฟรี","https://amphon.co.th/บริการ/รับซื้อทีวี","yes","yes","service-page","title=OK;desc=LONG","frontmatter+seoTitle(Amphon.co.th)","KEEP_VALID_LONG_DESCRIPTION","KEEP"
"/บริการ/รับซื้อมือถือ","src/content/services/รับซื้อมือถือ.md","service-page","รับซื้อมือถือมือสองหลายแบรนด์ทั่วประเทศ ส่งรูปประเมินฟรี | Amphon.co.th","71","รับซื้อมือถือมือสองหลายแบรนด์ เช่น Samsung, OPPO, vivo, Xiaomi, realme และ Android รุ่นต่าง ๆ ทั่วประเทศ ส่งรูป รุ่น ความจุ และสภาพเครื่องเพื่อประเมินเบื้องต้นได้","162","รับซื้อมือถือมือสองหลายแบรนด์ ประเมินตามสภาพจริงทั่วประเทศ","https://amphon.co.th/บริการ/รับซื้อมือถือ","yes","yes","service-page","title=LONG;desc=OK","frontmatter+seoTitle(Amphon.co.th)","KEEP_VALID_LONG_TITLE","KEEP"
"/บริการ/รับซื้อลำโพงบลูทูธ","src/content/services/รับซื้อลำโพงบลูทูธ.md","service-page","รับซื้อลำโพงบลูทูธ มือสอง ลำโพงพกพา ลำโพงบ้าน ประเมินฟรี | Amphon.co.th","71","รับซื้อลำโพงบลูทูธมือสอง (Bluetooth Speaker) ทุกแบรนด์ JBL, Marshall, Harman Kardon, Bose, Sony ประเมินราคาฟรี บริการนัดรับหรือประสานขนส่งตามพื้นที่ ประเภทสินค้า และจำนวนที่ตกลง ชำระเงินหลังตรวจสอบสินค้าและตกลงราคาเรียบร้อยแล้ว","227","รับซื้อลำโพงบลูทูธ มือสอง ลำโพงพกพา ลำโพงบ้าน ประเมินฟรี","https://amphon.co.th/บริการ/รับซื้อลำโพงบลูทูธ","yes","yes","service-page","title=LONG;desc=LONG","frontmatter+seoTitle(Amphon.co.th)","KEEP_BOTH_VALID","KEEP"
"/บริการ/รับซื้อสินค้าไอทีบริษัท","src/content/services/รับซื้อสินค้าไอทีบริษัท.md","service-page","รับซื้อสินค้าไอทีบริษัททั่วประเทศ ส่งรายการประเมินราคาเบื้องต้น | Amphon.co.th","78","รับซื้อสินค้าไอทีบริษัทและองค์กร เช่น คอม โน้ตบุ๊ก จอ Printer UPS Network Server NAS มือถือ แท็บเล็ต และอุปกรณ์สำนักงานไอที ส่งรายการหรือรูปเพื่อประเมินราคาเบื้องต้นได้ มีหน้าร้านจริงที่อุบลราชธานี","197","รับซื้อสินค้าไอทีบริษัท หลายประเภทในล็อตเดียว ส่งรายการประเมินได้ทั่วประเทศ","https://amphon.co.th/บริการ/รับซื้อสินค้าไอทีบริษัท","yes","yes","service-page","title=LONG;desc=LONG","frontmatter+seoTitle(Amphon.co.th)","KEEP_BOTH_VALID","KEEP"
"/บริการ/รับซื้ออุปกรณ์-network","src/content/services/รับซื้ออุปกรณ์-network.md","service-page","รับซื้ออุปกรณ์ Network มือสอง สวิตช์และเร้าเตอร์ระดับองค์กร | Amphon.co.th","74","รับซื้ออุปกรณ์ Network มือสอง เช่น Router, Switch, Access Point และ Firewall สำหรับสำนักงานและองค์กร ส่งแบรนด์ รุ่น และจำนวน เพื่อประเมินราคาเบื้องต้นได้","153","รับซื้ออุปกรณ์ Network มือสอง สวิตช์และเร้าเตอร์ ส่งสเปกเพื่อประเมินราคา","https://amphon.co.th/บริการ/รับซื้ออุปกรณ์-network","yes","yes","service-page","title=LONG;desc=OK","frontmatter+seoTitle(Amphon.co.th)","KEEP_VALID_LONG_TITLE","KEEP"
"/บริการ/รับซื้ออุปกรณ์คอมพิวเตอร์","src/content/services/รับซื้ออุปกรณ์คอมพิวเตอร์.md","service-page","รับซื้ออุปกรณ์คอมพิวเตอร์ การ์ดจอ ซีพียู จอคอม ประเมินฟรี | Amphon.co.th","72","รับซื้ออุปกรณ์คอมพิวเตอร์มือสอง รับซื้อการ์ดจอ (VGA), CPU, เมนบอร์ด, RAM, จอคอมพิวเตอร์ ประเมินฟรี ตีราคาไว ชำระเงินหลังตรวจสอบสินค้าและตกลงราคาเรียบร้อยแล้ว ใกล้ฉัน นัดรับหรือประสานขนส่งตามพื้นที่ ประเภทสินค้า และจำนวนที่ตกลง","226","รับซื้ออุปกรณ์คอมพิวเตอร์ การ์ดจอ ซีพียู จอคอม ประเมินฟรี","https://amphon.co.th/บริการ/รับซื้ออุปกรณ์คอมพิวเตอร์","yes","yes","service-page","title=LONG;desc=LONG","frontmatter+seoTitle(Amphon.co.th)","KEEP_BOTH_VALID","KEEP"
"/บริการ/รับซื้ออุปกรณ์สำนักงานมือสอง","src/content/services/รับซื้ออุปกรณ์สำนักงานมือสอง.md","service-page","รับซื้ออุปกรณ์สำนักงานมือสอง คอมพิวเตอร์ จอ เครื่องปริ้น UPS ประเมินตามสภาพจริง | Amphon.co.th","94","รับซื้ออุปกรณ์สำนักงานมือสอง ด้านไอที เครื่องปริ้นเตอร์ UPS จอคอมพิวเตอร์ สแกนเนอร์ เครื่อง POS บาร์โค้ด ตีราคารับซื้อถึงที่ ช่วยเคลียร์พื้นที่สำนักงาน","151","รับซื้ออุปกรณ์สำนักงานมือสอง คอม จอ Printer UPS และอุปกรณ์ไอที","https://amphon.co.th/บริการ/รับซื้ออุปกรณ์สำนักงานมือสอง","yes","yes","service-page","title=LONG;desc=OK","frontmatter+seoTitle(Amphon.co.th)","KEEP_VALID_LONG_TITLE","KEEP"
"/บริการ/รับซื้ออุปกรณ์ไอที","src/content/services/รับซื้ออุปกรณ์ไอที.md","service-page","รับซื้ออุปกรณ์ไอที มือสอง แกดเจ็ต Smart Home อุปกรณ์เน็ตเวิร์ค | Amphon.co.th","77","รับซื้ออุปกรณ์ไอทีมือสอง Gadget อุปกรณ์เสริมคอมพิวเตอร์ อุปกรณ์ Smart Home เมาส์ คีย์บอร์ด รูทเตอร์ (Router) ประเมินราคาฟรี บริการนัดรับหรือประสานขนส่งตามพื้นที่ ประเภทสินค้า และจำนวนที่ตกลง ชำระเงินหลังตรวจสอบสินค้าและตกลงราคาเรียบร้อยแล้ว","240","รับซื้ออุปกรณ์ไอทีมือสองหลายประเภท ประเมินตามสภาพจริง","https://amphon.co.th/บริการ/รับซื้ออุปกรณ์ไอที","yes","yes","service-page","title=LONG;desc=LONG","frontmatter+seoTitle(Amphon.co.th)","KEEP_BOTH_VALID","KEEP"
"/บริการ/รับซื้ออุปกรณ์ไอทีบริษัท","src/content/services/รับซื้ออุปกรณ์ไอทีบริษัท.md","service-page","รับซื้ออุปกรณ์ไอทีบริษัท จอ UPS Network และอุปกรณ์สำนักงาน | Amphon.co.th","73","รับซื้ออุปกรณ์ไอทีบริษัท เช่น จอคอม UPS อุปกรณ์ Network NAS และอุปกรณ์สำนักงานไอที ส่งรายการ รุ่น จำนวน สภาพ และสถานที่ตั้ง เพื่อประเมินราคาเบื้องต้นได้","152","รับซื้ออุปกรณ์ไอทีบริษัท ส่งรายการอุปกรณ์เพื่อประเมินเบื้องต้น","https://amphon.co.th/บริการ/รับซื้ออุปกรณ์ไอทีบริษัท","yes","yes","service-page","title=LONG;desc=OK","frontmatter+seoTitle(Amphon.co.th)","KEEP_VALID_LONG_TITLE","KEEP"
"/บริการ/รับซื้อเครื่องเกม","src/content/services/รับซื้อเครื่องเกม.md","service-page","รับซื้อเครื่องเกม (Console) มือสอง PS5, Nintendo Switch | Amphon.co.th","70","รับซื้อเครื่องเกมมือสอง (Console) ประเมินตามสภาพจริง รับซื้อ PS5, PS4, Nintendo Switch OLED, Xbox, Steam Deck ประเมินราคาฟรี บริการนัดรับหรือประสานขนส่งตามพื้นที่ ประเภทสินค้า และจำนวนที่ตกลง ชำระเงินหลังตรวจสอบสินค้าและตกลงราคาเรียบร้อยแล้ว","241","รับซื้อเครื่องเกม (Console) มือสอง PS5, Nintendo Switch","https://amphon.co.th/บริการ/รับซื้อเครื่องเกม","yes","yes","service-page","title=OK;desc=LONG","frontmatter+seoTitle(Amphon.co.th)","KEEP_VALID_LONG_DESCRIPTION","KEEP"
"/บริการ/รับซื้อเครื่องใช้ไฟฟ้า","src/content/services/รับซื้อเครื่องใช้ไฟฟ้า.md","service-page","รับซื้อเครื่องใช้ไฟฟ้ามือสอง แอร์ ตู้เย็น เครื่องซักผ้า นัดรับหรือประสานขนส่งตามพื้นที่ ประเภทสินค้า และจำนวนที่ตกลง | Amphon.co.th","131","รับซื้อเครื่องใช้ไฟฟ้ามือสอง แอร์ ตู้เย็น เครื่องซักผ้า ไมโครเวฟ เครื่องชงกาแฟ รับซื้อของใช้ในบ้านและโรงแรมหลายประเภท มีรถไปรับถึงที่ทั่วภาคอีสาน ชำระเงินหลังตรวจสอบสินค้าและตกลงราคาเรียบร้อยแล้ว","195","รับซื้อเครื่องใช้ไฟฟ้ามือสอง แอร์ ตู้เย็น เครื่องซักผ้า นัดรับหรือประสานขนส่งตามพื้นที่ ประเภทสินค้า และจำนวนที่ตกลง","https://amphon.co.th/บริการ/รับซื้อเครื่องใช้ไฟฟ้า","yes","yes","service-page","title=LONG;desc=LONG","frontmatter+seoTitle(Amphon.co.th)","BOILERPLATE_OVERLOAD","EDIT_TITLE"
"/บริการ/รับซื้อเฟอร์นิเจอร์","src/content/services/รับซื้อเฟอร์นิเจอร์.md","service-page","รับซื้อเฟอร์นิเจอร์มือสอง ประเมินฟรี ชำระเงินหลังตรวจสอบสินค้าและตกลงราคาเรียบร้อยแล้ว อุบลราชธานี | Amphon.co.th","113","รับซื้อเฟอร์นิเจอร์มือสอง ทุกประเภท โต๊ะทำงาน เก้าอี้ออฟฟิศ ชั้นวาง ตู้ โซฟา รับเหมาทั้งออฟฟิศ เฟอร์นิเจอร์ร้านอาหารปิดกิจการ ประเมินฟรี ชำระเงินหลังตรวจสอบสินค้าและตกลงราคาเรียบร้อยแล้ว บริการนัดรับหรือประสานขนส่งตามพื้นที่ ประเภทสินค้า และจำนวนที่ตกลงทั่วภาคอีสาน","265","รับซื้อเฟอร์นิเจอร์มือสอง ประเมินฟรี ชำระเงินหลังตรวจสอบสินค้าและตกลงราคาเรียบร้อยแล้ว อุบลราชธานี","https://amphon.co.th/บริการ/รับซื้อเฟอร์นิเจอร์","yes","yes","service-page","title=LONG;desc=LONG","frontmatter+seoTitle(Amphon.co.th)","BOILERPLATE_OVERLOAD","EDIT_TITLE"
"/บริการ/รับซื้อเมนบอร์ด","src/content/services/รับซื้อเมนบอร์ด.md","service-page","รับซื้อเมนบอร์ดมือสอง (Mainboard/Motherboard) ทุกชิปเซ็ต | Amphon.co.th","71","รับซื้อเมนบอร์ดมือสอง ประเมินฟรี รับซื้อ Mainboard Intel (Z790, B760) และ AMD (X670, B650) ทุกแบรนด์ ASUS, Gigabyte, MSI ประเมินราคาฟรี นัดรับหรือประสานขนส่งตามพื้นที่ ประเภทสินค้า และจำนวนที่ตกลง ชำระเงินหลังตรวจสอบสินค้าและตกลงราคาเรียบร้อยแล้ว","246","รับซื้อเมนบอร์ดมือสอง (Mainboard/Motherboard) ทุกชิปเซ็ต","https://amphon.co.th/บริการ/รับซื้อเมนบอร์ด","yes","yes","service-page","title=LONG;desc=LONG","frontmatter+seoTitle(Amphon.co.th)","KEEP_BOTH_VALID","KEEP"
"/บริการ/รับซื้อเลนส์กล้อง","src/content/services/รับซื้อเลนส์กล้อง.md","service-page","รับซื้อเลนส์กล้องมือสอง รับซื้อเลนส์ Canon Sony Fuji Nikon | อำพล เทรดดิ้ง | Amphon.co.th","89","รับซื้อเลนส์กล้องมือสองทุกระยะ เลนส์ค่ายและเลนส์อิสระ Sigma Tamron ประเมินตามสภาพชิ้นแก้ว ฝ้า รา ฝุ่น รูรับแสง และระบบ AF ชำระเงินหลังตรวจสอบและตกลงราคา","152","รับซื้อเลนส์กล้องมือสอง Canon Sony Fuji Nikon Sigma Tamron","https://amphon.co.th/บริการ/รับซื้อเลนส์กล้อง","yes","yes","service-page","title=LONG;desc=OK","frontmatter+seoTitle(Amphon.co.th)","SEMANTIC_REPETITION","EDIT_TITLE"
"/บริการ/รับซื้อแท็บเล็ต","src/content/services/รับซื้อแท็บเล็ต.md","service-page","รับซื้อแท็บเล็ตมือสอง Samsung Xiaomi Huawei Lenovo | อำพล เทรดดิ้ง | Amphon.co.th","81","รับซื้อแท็บเล็ตมือสอง Samsung Galaxy Tab, Xiaomi Pad, Huawei MatePad, Lenovo Tab, HONOR Pad และ Windows Tablet ส่งรุ่น ความจุ และรูปสภาพผ่าน LINE เพื่อประเมิน","158","รับซื้อแท็บเล็ตมือสอง Android และ Windows Tablet","https://amphon.co.th/บริการ/รับซื้อแท็บเล็ต","yes","yes","service-page","title=LONG;desc=OK","frontmatter+seoTitle(Amphon.co.th)","KEEP_VALID_LONG_TITLE","KEEP"
"/บริการ/รับซื้อโดรน","src/content/services/รับซื้อโดรน.md","service-page","รับซื้อโดรนมือสอง DJI หลายรุ่น เช็ค Cycle แบตประเมินฟรี | Amphon.co.th","70","รับซื้อโดรน DJI มือสอง รับซื้อ drone ถ่ายภาพมุมสูง Mavic, Mini, Air หลายซีรีส์ ประเมินตามรอบชาร์จแบตเตอรี่ ลูกค้าทั่วประเทศส่งรูปและรายละเอียดเพื่อประเมินเบื้องต้นได้ และพิจารณาการรับสินค้า/ขนส่งตามพื้นที่และความเหมาะสม","219","รับซื้อโดรนมือสองและอุปกรณ์ถ่ายภาพ ส่งรูปประเมินเบื้องต้นได้","https://amphon.co.th/บริการ/รับซื้อโดรน","yes","yes","service-page","title=OK;desc=LONG","frontmatter+seoTitle(Amphon.co.th)","KEEP_VALID_LONG_DESCRIPTION","KEEP"
"/บริการ/รับซื้อโทรศัพท์มือสอง","src/content/services/รับซื้อโทรศัพท์มือสอง.md","service-page","รับซื้อโทรศัพท์มือสองทุกยี่ห้อ Samsung OPPO vivo Xiaomi | อำพล เทรดดิ้ง | Amphon.co.th","86","รับซื้อโทรศัพท์มือสอง iPhone Samsung OPPO vivo Xiaomi realme Huawei และมือถือหลายยี่ห้อ ส่งรุ่น ความจุ และรูปสภาพผ่าน LINE เพื่อประเมินเบื้องต้นก่อนขาย","151","รับซื้อโทรศัพท์มือสองทุกยี่ห้อ ส่งรูปประเมินออนไลน์","https://amphon.co.th/บริการ/รับซื้อโทรศัพท์มือสอง","yes","yes","service-page","title=LONG;desc=OK","frontmatter+seoTitle(Amphon.co.th)","KEEP_VALID_LONG_TITLE","KEEP"
"/บริการ/รับซื้อโทรศัพท์เสีย","src/content/services/รับซื้อโทรศัพท์เสีย.md","service-page","รับซื้อโทรศัพท์เสีย จอแตก เปิดไม่ติด บอร์ดเสีย | อำพล เทรดดิ้ง | Amphon.co.th","77","รับประเมินโทรศัพท์เสีย จอแตก เปิดไม่ติด ชาร์จไม่เข้า โดนน้ำ แบตเสื่อม กล้องหรือบอร์ดมีปัญหา ส่งรูป รุ่น และอาการผ่าน LINE ก่อนนัดหมายหรือจัดส่ง","143","รับซื้อโทรศัพท์เสีย จอแตก เปิดไม่ติด และเครื่องมีปัญหา","https://amphon.co.th/บริการ/รับซื้อโทรศัพท์เสีย","yes","yes","service-page","title=LONG;desc=OK","frontmatter+seoTitle(Amphon.co.th)","KEEP_VALID_LONG_TITLE","KEEP"
"/บริการ/รับซื้อโน๊ตบุ๊ค","src/content/services/รับซื้อโน๊ตบุ๊ค.md","service-page","รับซื้อโน๊ตบุ๊คมือสอง เช็กราคาฟรี เครื่องดี-เสียก็ประเมินได้ | Amphon.co.th","75","รับซื้อโน๊ตบุ๊คมือสอง เครื่องใช้งานได้ เครื่องเสีย เกมมิ่ง และโน๊ตบุ๊คบริษัท ส่งรูป รุ่น สเปก แบตเตอรี่ และตำหนิเพื่อเช็กราคาฟรีทาง LINE @webuy ได้ทั่วประเทศ","157","รับซื้อโน๊ตบุ๊คมือสอง เช็กราคาฟรี ส่งรูปประเมินได้ทั่วประเทศ","https://amphon.co.th/บริการ/รับซื้อโน๊ตบุ๊ค","yes","yes","service-page","title=LONG;desc=OK","frontmatter+seoTitle(Amphon.co.th)","KEEP_VALID_LONG_TITLE","KEEP"
"/บริการ/รับซื้อโน๊ตบุ๊คเกมมิ่ง","src/content/services/รับซื้อโน๊ตบุ๊คเกมมิ่ง.md","service-page","รับซื้อโน๊ตบุ๊คเกมมิ่ง Gaming Notebook มือสองทั่วประเทศ ประเมินฟรี | Amphon.co.th","81","รับซื้อโน๊ตบุ๊คเกมมิ่งมือสอง Gaming Notebook หลายแบรนด์ทั่วประเทศ ส่งรูป รุ่น การ์ดจอ และสเปกเพื่อประเมินเบื้องต้นได้ LINE @webuy โทร 0642579353","144","รับซื้อโน๊ตบุ๊คเกมมิ่งมือสอง Gaming Notebook ประเมินฟรีทั่วประเทศ","https://amphon.co.th/บริการ/รับซื้อโน๊ตบุ๊คเกมมิ่ง","yes","yes","service-page","title=LONG;desc=OK","frontmatter+seoTitle(Amphon.co.th)","KEEP_VALID_LONG_TITLE","KEEP"
"/บริการ/รับเหมาประมูลอุปกรณ์ไอที","src/content/services/รับเหมาประมูลอุปกรณ์ไอที.md","service-page","รับเหมาประมูลอุปกรณ์ไอที (IT Bidding) คอมพิวเตอร์องค์กร | Amphon.co.th","70","รับเหมาประมูลอุปกรณ์ไอที B2B โละคอมพิวเตอร์องค์กร เซิร์ฟเวอร์ เน็ตเวิร์ค ประเมินตามสภาพจริง ประเมินเบื้องต้นได้ พร้อมบริการจัดการข้อมูลด้วยขั้นตอนที่เป็นระบบและตรวจสอบย้อนหลังได้","178","รับเหมาประมูลอุปกรณ์ไอทีและทรัพย์สินสำนักงานมือสอง","https://amphon.co.th/บริการ/รับเหมาประมูลอุปกรณ์ไอที","yes","yes","service-page","title=OK;desc=LONG","frontmatter+seoTitle(Amphon.co.th)","KEEP_VALID_LONG_DESCRIPTION","KEEP"
"/พื้นที่ให้บริการ/กาฬสินธุ์","src/content/areas/กาฬสินธุ์.md","location-page","รับซื้อสินค้าไอที กาฬสินธุ์ นัดรับถึงพื้นที่ จ่ายเงินหน้างาน | Amphon.co.th","75","รับซื้อสินค้าไอที กาฬสินธุ์ ทั้งโน๊ตบุ๊ค iPhone iPad MacBook คอมพิวเตอร์และกล้อง ส่งรูปประเมินฟรี มีทีมงานนัดรับ ตรวจสินค้า และจ่ายเงินหน้างาน","142","รับซื้อสินค้าไอที กาฬสินธุ์ นัดรับถึงพื้นที่ จ่ายเงินหน้างาน","https://amphon.co.th/พื้นที่ให้บริการ/กาฬสินธุ์","yes","yes","location-page","title=LONG;desc=OK","frontmatter+seoTitle(Amphon.co.th)","KEEP_VALID_LONG_TITLE","KEEP"
"/พื้นที่ให้บริการ/ขอนแก่น","src/content/areas/ขอนแก่น.md","location-page","รับซื้อคอม ขอนแก่น โน๊ตบุ๊คและอุปกรณ์ไอที นัดรับถึงพื้นที่ | Amphon.co.th","73","รับซื้อคอม ขอนแก่น พร้อมโน๊ตบุ๊ค MacBook iPhone iPad กล้อง และอุปกรณ์ไอที ส่งรูปประเมินฟรี มีทีมงานนัดรับ ตรวจสินค้า และจ่ายเงินหน้างาน","135","รับซื้อคอม ขอนแก่น โน๊ตบุ๊คและอุปกรณ์ไอที นัดรับถึงพื้นที่","https://amphon.co.th/พื้นที่ให้บริการ/ขอนแก่น","yes","yes","location-page","title=LONG;desc=OK","frontmatter+seoTitle(Amphon.co.th)","KEEP_VALID_LONG_TITLE","KEEP"
"/พื้นที่ให้บริการ/จันทบุรี","src/content/areas/จันทบุรี.md","location-page","รับซื้อคอม โน๊ตบุ๊ค จันทบุรี | ประเมินฟรี นัดรับตามพื้นที่ | Amphon.co.th","73","รับซื้อคอม โน๊ตบุ๊ค MacBook iPhone iPad กล้อง และอุปกรณ์ไอทีในจันทบุรี ส่งรูปประเมินฟรี มีทีมงานประสานนัดตรวจและรับสินค้าตามพิกัด","129","รับซื้อคอม โน๊ตบุ๊ค จันทบุรี | ประเมินฟรี นัดรับตามพื้นที่","https://amphon.co.th/พื้นที่ให้บริการ/จันทบุรี","yes","yes","location-page","title=LONG;desc=OK","frontmatter+seoTitle(Amphon.co.th)","KEEP_VALID_LONG_TITLE","KEEP"
"/พื้นที่ให้บริการ/ชลบุรี","src/content/areas/ชลบุรี.md","location-page","รับซื้อคอม โน๊ตบุ๊ค ชลบุรี | ประเมินฟรี นัดรับตามพื้นที่ | Amphon.co.th","71","รับซื้อคอม โน๊ตบุ๊ค MacBook iPhone iPad กล้อง และอุปกรณ์ไอทีในชลบุรี ส่งรูปประเมินฟรี ประสานทีมงานนัดตรวจและรับสินค้าตามพิกัด","125","รับซื้อคอม โน๊ตบุ๊ค ชลบุรี | ประเมินฟรี นัดรับตามพื้นที่","https://amphon.co.th/พื้นที่ให้บริการ/ชลบุรี","yes","yes","location-page","title=LONG;desc=OK","frontmatter+seoTitle(Amphon.co.th)","KEEP_VALID_LONG_TITLE","KEEP"
"/พื้นที่ให้บริการ/ชัยภูมิ","src/content/areas/ชัยภูมิ.md","location-page","รับซื้อคอม โน๊ตบุ๊ค ชัยภูมิ | ประเมินฟรี นัดรับตามเงื่อนไข | Amphon.co.th","73","รับซื้อสินค้าไอทีในชัยภูมิ ทั้งคอม โน๊ตบุ๊ค MacBook iPhone iPad กล้อง และอุปกรณ์สำนักงาน ส่งรูปประเมินฟรี ประสานนัดรับหรือจัดส่งตามสินค้าและพิกัด","145","รับซื้อคอม โน๊ตบุ๊ค ชัยภูมิ | ประเมินฟรี นัดรับตามเงื่อนไข","https://amphon.co.th/พื้นที่ให้บริการ/ชัยภูมิ","yes","yes","location-page","title=LONG;desc=OK","frontmatter+seoTitle(Amphon.co.th)","KEEP_VALID_LONG_TITLE","KEEP"
"/พื้นที่ให้บริการ/นครพนม","src/content/areas/นครพนม.md","location-page","รับซื้อคอม โน๊ตบุ๊ค นครพนม | ประเมินฟรี นัดรับตามเงื่อนไข | Amphon.co.th","72","รับซื้อสินค้าไอทีในนครพนม ทั้งคอม โน๊ตบุ๊ค MacBook iPhone iPad กล้อง และอุปกรณ์สำนักงาน ส่งรูปประเมินฟรี ประสานนัดรับหรือจัดส่งตามสินค้าและพิกัด","144","รับซื้อคอม โน๊ตบุ๊ค นครพนม | ประเมินฟรี นัดรับตามเงื่อนไข","https://amphon.co.th/พื้นที่ให้บริการ/นครพนม","yes","yes","location-page","title=LONG;desc=OK","frontmatter+seoTitle(Amphon.co.th)","KEEP_VALID_LONG_TITLE","KEEP"
"/พื้นที่ให้บริการ/นครราชสีมา","src/content/areas/นครราชสีมา.md","location-page","รับซื้อสินค้าไอที โคราช นครราชสีมา นัดรับ จ่ายเงินหน้างาน | Amphon.co.th","72","รับซื้อสินค้าไอทีโคราชและนครราชสีมา ทั้งโน๊ตบุ๊ค iPhone iPad MacBook Gaming PC คอมบริษัทและกล้อง ส่งรูปประเมินฟรี มีทีมงานนัดรับ ตรวจสินค้า และจ่ายเงินหน้างาน","158","รับซื้อสินค้าไอที โคราช นครราชสีมา นัดรับ จ่ายเงินหน้างาน","https://amphon.co.th/พื้นที่ให้บริการ/นครราชสีมา","yes","yes","location-page","title=LONG;desc=OK","frontmatter+seoTitle(Amphon.co.th)","KEEP_VALID_LONG_TITLE","KEEP"
"/พื้นที่ให้บริการ/นครสวรรค์","src/content/areas/นครสวรรค์.md","location-page","รับซื้อคอม โน๊ตบุ๊ค นครสวรรค์ | ประเมินฟรี นัดรับตามเงื่อนไข | Amphon.co.th","75","รับซื้อคอม โน๊ตบุ๊ค MacBook iPhone iPad กล้อง และอุปกรณ์ไอทีในนครสวรรค์ ส่งรูปประเมินฟรี ประสานทีมงานนัดตรวจรับหรือจัดส่งตามสินค้าและพิกัด","138","รับซื้อคอม โน๊ตบุ๊ค นครสวรรค์ | ประเมินฟรี นัดรับตามเงื่อนไข","https://amphon.co.th/พื้นที่ให้บริการ/นครสวรรค์","yes","yes","location-page","title=LONG;desc=OK","frontmatter+seoTitle(Amphon.co.th)","KEEP_VALID_LONG_TITLE","KEEP"
"/พื้นที่ให้บริการ/บุรีรัมย์","src/content/areas/บุรีรัมย์.md","location-page","รับซื้อสินค้าไอที บุรีรัมย์ นัดรับถึงพื้นที่ จ่ายเงินหน้างาน | Amphon.co.th","75","รับซื้อสินค้าไอที บุรีรัมย์ ทั้งโน๊ตบุ๊ค iPhone iPad MacBook คอมพิวเตอร์และกล้อง ส่งรูปประเมินฟรี มีทีมงานนัดรับ ตรวจสินค้า และจ่ายเงินหน้างาน","142","รับซื้อสินค้าไอที บุรีรัมย์ นัดรับถึงพื้นที่ จ่ายเงินหน้างาน","https://amphon.co.th/พื้นที่ให้บริการ/บุรีรัมย์","yes","yes","location-page","title=LONG;desc=OK","frontmatter+seoTitle(Amphon.co.th)","KEEP_VALID_LONG_TITLE","KEEP"
"/พื้นที่ให้บริการ/พัทลุง","src/content/areas/พัทลุง.md","location-page","รับซื้อคอม โน๊ตบุ๊ค พัทลุง | ประเมินฟรี นัดรับตามเงื่อนไข | Amphon.co.th","72","รับซื้อคอม โน๊ตบุ๊ค MacBook iPhone iPad กล้อง และอุปกรณ์ไอทีในพัทลุง ส่งรูปประเมินฟรี ประสานทีมงานนัดตรวจรับหรือจัดส่งตามสินค้าและพิกัด","135","รับซื้อคอม โน๊ตบุ๊ค พัทลุง | ประเมินฟรี นัดรับตามเงื่อนไข","https://amphon.co.th/พื้นที่ให้บริการ/พัทลุง","yes","yes","location-page","title=LONG;desc=OK","frontmatter+seoTitle(Amphon.co.th)","KEEP_VALID_LONG_TITLE","KEEP"
"/พื้นที่ให้บริการ/ภูเก็ต","src/content/areas/ภูเก็ต.md","location-page","รับซื้อคอม โน๊ตบุ๊ค ภูเก็ต | ประเมินฟรี นัดรับตามเงื่อนไข | Amphon.co.th","72","รับซื้อคอม โน๊ตบุ๊ค MacBook iPhone iPad กล้อง และอุปกรณ์ไอทีในภูเก็ต ส่งรูปประเมินฟรี ประสานทีมงานนัดตรวจรับหรือจัดส่งตามสินค้าและพิกัด","135","รับซื้อคอม โน๊ตบุ๊ค ภูเก็ต | ประเมินฟรี นัดรับตามเงื่อนไข","https://amphon.co.th/พื้นที่ให้บริการ/ภูเก็ต","yes","yes","location-page","title=LONG;desc=OK","frontmatter+seoTitle(Amphon.co.th)","KEEP_VALID_LONG_TITLE","KEEP"
"/พื้นที่ให้บริการ/มหาสารคาม","src/content/areas/มหาสารคาม.md","location-page","รับซื้อคอม โน๊ตบุ๊ค มหาสารคาม | ประเมินฟรี นัดรับตามเงื่อนไข | Amphon.co.th","75","รับซื้อสินค้าไอทีในมหาสารคาม ทั้งคอม โน๊ตบุ๊ค MacBook iPhone iPad กล้อง และอุปกรณ์สำนักงาน ส่งรูปประเมินฟรี ประสานนัดรับหรือจัดส่งตามสินค้าและพิกัด","147","รับซื้อคอม โน๊ตบุ๊ค มหาสารคาม | ประเมินฟรี นัดรับตามเงื่อนไข","https://amphon.co.th/พื้นที่ให้บริการ/มหาสารคาม","yes","yes","location-page","title=LONG;desc=OK","frontmatter+seoTitle(Amphon.co.th)","KEEP_VALID_LONG_TITLE","KEEP"
"/พื้นที่ให้บริการ/มุกดาหาร","src/content/areas/มุกดาหาร.md","location-page","รับซื้อสินค้าไอที มุกดาหาร | ประเมินฟรี นัดรับตามเงื่อนไข | Amphon.co.th","72","รับซื้อสินค้าไอทีในมุกดาหาร ทั้งโน๊ตบุ๊ค คอม MacBook iPhone iPad กล้อง และอุปกรณ์สำนักงาน ส่งรูปประเมินฟรี ประสานนัดรับหรือจัดส่งตามสินค้าและพิกัด","146","รับซื้อสินค้าไอที มุกดาหาร | ประเมินฟรี นัดรับตามเงื่อนไข","https://amphon.co.th/พื้นที่ให้บริการ/มุกดาหาร","yes","yes","location-page","title=LONG;desc=OK","frontmatter+seoTitle(Amphon.co.th)","KEEP_VALID_LONG_TITLE","KEEP"
"/พื้นที่ให้บริการ/ร้อยเอ็ด","src/content/areas/ร้อยเอ็ด.md","location-page","รับซื้อคอม โน๊ตบุ๊ค ร้อยเอ็ด | ประเมินฟรี นัดรับตามเงื่อนไข | Amphon.co.th","74","รับซื้อสินค้าไอทีในร้อยเอ็ด ทั้งคอม โน๊ตบุ๊ค MacBook iPhone iPad กล้อง และอุปกรณ์สำนักงาน ส่งรูปประเมินฟรี ประสานนัดรับหรือจัดส่งตามสินค้าและพิกัด","146","รับซื้อคอม โน๊ตบุ๊ค ร้อยเอ็ด | ประเมินฟรี นัดรับตามเงื่อนไข","https://amphon.co.th/พื้นที่ให้บริการ/ร้อยเอ็ด","yes","yes","location-page","title=LONG;desc=OK","frontmatter+seoTitle(Amphon.co.th)","KEEP_VALID_LONG_TITLE","KEEP"
"/พื้นที่ให้บริการ/ศรีสะเกษ","src/content/areas/ศรีสะเกษ.md","location-page","รับซื้อคอม โน๊ตบุ๊ค ศรีสะเกษ | ประเมินฟรี นัดรับตามเงื่อนไข | Amphon.co.th","74","รับซื้อสินค้าไอทีในศรีสะเกษ ทั้งคอม โน๊ตบุ๊ค MacBook iPhone iPad กล้อง และอุปกรณ์สำนักงาน ส่งรูปประเมินฟรี ประสานนัดรับตามสินค้าและพิกัด","136","รับซื้อคอม โน๊ตบุ๊ค ศรีสะเกษ | ประเมินฟรี นัดรับตามเงื่อนไข","https://amphon.co.th/พื้นที่ให้บริการ/ศรีสะเกษ","yes","yes","location-page","title=LONG;desc=OK","frontmatter+seoTitle(Amphon.co.th)","KEEP_VALID_LONG_TITLE","KEEP"
"/พื้นที่ให้บริการ/สกลนคร","src/content/areas/สกลนคร.md","location-page","รับซื้อคอม โน๊ตบุ๊ค สกลนคร | ประเมินฟรี นัดรับตามเงื่อนไข | Amphon.co.th","72","รับซื้อสินค้าไอทีในสกลนคร ทั้งคอม โน๊ตบุ๊ค MacBook iPhone iPad กล้อง และอุปกรณ์สำนักงาน ส่งรูปประเมินฟรี ประสานนัดรับตามสินค้าและพิกัด","134","รับซื้อคอม โน๊ตบุ๊ค สกลนคร | ประเมินฟรี นัดรับตามเงื่อนไข","https://amphon.co.th/พื้นที่ให้บริการ/สกลนคร","yes","yes","location-page","title=LONG;desc=OK","frontmatter+seoTitle(Amphon.co.th)","KEEP_VALID_LONG_TITLE","KEEP"
"/พื้นที่ให้บริการ/สุพรรณบุรี","src/content/areas/สุพรรณบุรี.md","location-page","รับซื้อคอม โน๊ตบุ๊ค สุพรรณบุรี | ประเมินฟรี นัดรับตามพื้นที่ | Amphon.co.th","75","รับซื้อคอม โน๊ตบุ๊ค MacBook iPhone iPad กล้อง และอุปกรณ์ไอทีในสุพรรณบุรี ส่งรูปประเมินฟรี ประสานทีมงานนัดตรวจและรับสินค้าตามพิกัด","129","รับซื้อคอม โน๊ตบุ๊ค สุพรรณบุรี | ประเมินฟรี นัดรับตามพื้นที่","https://amphon.co.th/พื้นที่ให้บริการ/สุพรรณบุรี","yes","yes","location-page","title=LONG;desc=OK","frontmatter+seoTitle(Amphon.co.th)","KEEP_VALID_LONG_TITLE","KEEP"
"/พื้นที่ให้บริการ/หนองคาย","src/content/areas/หนองคาย.md","location-page","รับซื้อคอม โน๊ตบุ๊ค หนองคาย | ประเมินฟรี นัดรับตามเงื่อนไข | Amphon.co.th","73","รับซื้อสินค้าไอทีในหนองคาย ทั้งคอม โน๊ตบุ๊ค MacBook iPhone iPad กล้อง และอุปกรณ์สำนักงาน ส่งรูปประเมินฟรี ประสานนัดรับหรือจัดส่งตามสินค้าและพิกัด","145","รับซื้อคอม โน๊ตบุ๊ค หนองคาย | ประเมินฟรี นัดรับตามเงื่อนไข","https://amphon.co.th/พื้นที่ให้บริการ/หนองคาย","yes","yes","location-page","title=LONG;desc=OK","frontmatter+seoTitle(Amphon.co.th)","KEEP_VALID_LONG_TITLE","KEEP"
"/พื้นที่ให้บริการ/หาดใหญ่","src/content/areas/หาดใหญ่.md","location-page","รับซื้อคอม โน๊ตบุ๊ค หาดใหญ่ | ประเมินฟรี นัดรับตามพื้นที่ | Amphon.co.th","72","รับซื้อคอม โน๊ตบุ๊ค MacBook iPhone iPad กล้อง และอุปกรณ์ไอทีในหาดใหญ่ ส่งรูปประเมินฟรี ประสานทีมงานนัดตรวจและรับสินค้าตามพิกัด","126","รับซื้อคอม โน๊ตบุ๊ค หาดใหญ่ | ประเมินฟรี นัดรับตามพื้นที่","https://amphon.co.th/พื้นที่ให้บริการ/หาดใหญ่","yes","yes","location-page","title=LONG;desc=OK","frontmatter+seoTitle(Amphon.co.th)","KEEP_VALID_LONG_TITLE","KEEP"
"/พื้นที่ให้บริการ/อุดรธานี","src/content/areas/อุดรธานี.md","location-page","รับซื้อสินค้าไอที อุดรธานี นัดรับถึงพื้นที่ จ่ายเงินหน้างาน | Amphon.co.th","74","รับซื้อสินค้าไอที อุดรธานี ทั้งโน๊ตบุ๊ค iPhone iPad MacBook คอมบริษัท Gaming PC และกล้อง ส่งรูปประเมินฟรี มีทีมงานนัดรับ ตรวจสินค้า และจ่ายเงินหน้างาน","150","รับซื้อสินค้าไอที อุดรธานี นัดรับถึงพื้นที่ จ่ายเงินหน้างาน","https://amphon.co.th/พื้นที่ให้บริการ/อุดรธานี","yes","yes","location-page","title=LONG;desc=OK","frontmatter+seoTitle(Amphon.co.th)","KEEP_VALID_LONG_TITLE","KEEP"
"/พื้นที่ให้บริการ/เพชรบุรี","src/content/areas/เพชรบุรี.md","location-page","รับซื้อคอม โน๊ตบุ๊ค เพชรบุรี | ประเมินฟรี นัดรับตามเงื่อนไข | Amphon.co.th","74","รับซื้อคอม โน๊ตบุ๊ค MacBook iPhone iPad กล้อง และอุปกรณ์ไอทีในเพชรบุรี ส่งรูปประเมินฟรี ประสานทีมงานนัดตรวจรับหรือจัดส่งตามสินค้าและพิกัด","137","รับซื้อคอม โน๊ตบุ๊ค เพชรบุรี | ประเมินฟรี นัดรับตามเงื่อนไข","https://amphon.co.th/พื้นที่ให้บริการ/เพชรบุรี","yes","yes","location-page","title=LONG;desc=OK","frontmatter+seoTitle(Amphon.co.th)","KEEP_VALID_LONG_TITLE","KEEP"
"/รับซื้อ/รับซื้อ-nintendo-switch-หนองบัวลำภู","src/content/serviceAreas/รับซื้อ-nintendo-switch-หนองบัวลำภู.md","service-x-location","รับซื้อ Nintendo Switch หนองบัวลำภู ประเมินราคาเบื้องต้น | Amphon.co.th","71","รับซื้อ Nintendo Switch ในหนองบัวลำภู ประเมินราคาฟรี ส่งรูปเช็กราคาได้ ชำระเงินหลังตรวจสอบสินค้าและตกลงราคาเรียบร้อยแล้ว ติดต่อ Line @webuy โทร 0642579353","154","รับซื้อ Nintendo Switch หนองบัวลำภู ประเมินราคาเบื้องต้น","https://amphon.co.th/รับซื้อ/รับซื้อ-nintendo-switch-หนองบัวลำภู","yes","yes","service-x-location","title=LONG;desc=OK","frontmatter+seoTitle(Amphon.co.th)","KEEP_VALID_LONG_TITLE","KEEP"
"/รับซื้อ/รับซื้อ-nintendo-switch-อุบลราชธานี","src/content/serviceAreas/รับซื้อ-nintendo-switch-อุบลราชธานี.md","service-x-location","รับซื้อ Nintendo Switch อุบลราชธานี ประเมินราคาเบื้องต้น | Amphon.co.th","71","รับซื้อ Nintendo Switch ในอุบลราชธานี ประเมินราคาฟรี ส่งรูปเช็กราคาได้ ชำระเงินหลังตรวจสอบสินค้าและตกลงราคาเรียบร้อยแล้ว ติดต่อ Line @webuy โทร 0642579353","154","รับซื้อ Nintendo Switch อุบลราชธานี ประเมินราคาเบื้องต้น","https://amphon.co.th/รับซื้อ/รับซื้อ-nintendo-switch-อุบลราชธานี","yes","yes","service-x-location","title=LONG;desc=OK","frontmatter+seoTitle(Amphon.co.th)","KEEP_VALID_LONG_TITLE","KEEP"
"/รับซื้อ/รับซื้อ-server-กาฬสินธุ์","src/content/serviceAreas/รับซื้อ-server-กาฬสินธุ์.md","service-x-location","รับซื้อ Server และตู้ Rack กาฬสินธุ์ ประเมินราคาฟรี นัดรับหรือประสานขนส่งตามข้อตกลง | Amphon.co.th","98","รับซื้อ Server และตู้ Rack ใน กาฬสินธุ์ ประเมินราคาตามประเภท รุ่น สเปก สภาพ จำนวน และความต้องการตลาด ประเมินราคาฟรีผ่าน Line ชำระเงินหลังตรวจสอบสินค้าและตกลงราคาเรียบร้อยแล้ว มีบริการนัดรับหรือประสานขนส่งตามข้อตกลง","214","รับซื้อ Server และตู้ Rack กาฬสินธุ์ ประเมินราคาฟรี นัดรับหรือประสานขนส่งตามข้อตกลง","https://amphon.co.th/รับซื้อ/รับซื้อ-server-กาฬสินธุ์","yes","yes","service-x-location","title=LONG;desc=LONG","frontmatter+seoTitle(Amphon.co.th)","KEEP_BOTH_VALID","KEEP"
"/รับซื้อ/รับซื้อ-server-ขอนแก่น","src/content/serviceAreas/รับซื้อ-server-ขอนแก่น.md","service-x-location","รับซื้อ Server และตู้ Rack ขอนแก่น ประเมินราคาฟรี นัดรับหรือประสานขนส่งตามข้อตกลง | Amphon.co.th","96","รับซื้อ Server และตู้ Rack ใน ขอนแก่น ประเมินราคาตามประเภท รุ่น สเปก สภาพ จำนวน และความต้องการตลาด ประเมินราคาฟรีผ่าน Line ชำระเงินหลังตรวจสอบสินค้าและตกลงราคาเรียบร้อยแล้ว มีบริการนัดรับหรือประสานขนส่งตามข้อตกลง","212","รับซื้อ Server และตู้ Rack ขอนแก่น ประเมินราคาฟรี นัดรับหรือประสานขนส่งตามข้อตกลง","https://amphon.co.th/รับซื้อ/รับซื้อ-server-ขอนแก่น","yes","yes","service-x-location","title=LONG;desc=LONG","frontmatter+seoTitle(Amphon.co.th)","KEEP_BOTH_VALID","KEEP"
"/รับซื้อ/รับซื้อ-server-ชัยภูมิ","src/content/serviceAreas/รับซื้อ-server-ชัยภูมิ.md","service-x-location","รับซื้อ Server และตู้ Rack ชัยภูมิ ประเมินราคาฟรี นัดรับหรือประสานขนส่งตามข้อตกลง | Amphon.co.th","96","รับซื้อ Server และตู้ Rack ใน ชัยภูมิ ประเมินราคาตามประเภท รุ่น สเปก สภาพ จำนวน และความต้องการตลาด ประเมินราคาฟรีผ่าน Line ชำระเงินหลังตรวจสอบสินค้าและตกลงราคาเรียบร้อยแล้ว มีบริการนัดรับหรือประสานขนส่งตามข้อตกลง","212","รับซื้อ Server และตู้ Rack ชัยภูมิ ประเมินราคาฟรี นัดรับหรือประสานขนส่งตามข้อตกลง","https://amphon.co.th/รับซื้อ/รับซื้อ-server-ชัยภูมิ","yes","yes","service-x-location","title=LONG;desc=LONG","frontmatter+seoTitle(Amphon.co.th)","KEEP_BOTH_VALID","KEEP"
"/รับซื้อ/รับซื้อ-server-นครพนม","src/content/serviceAreas/รับซื้อ-server-นครพนม.md","service-x-location","รับซื้อ Server และตู้ Rack นครพนม ประเมินราคาฟรี นัดรับหรือประสานขนส่งตามข้อตกลง | Amphon.co.th","95","รับซื้อ Server และตู้ Rack ใน นครพนม ประเมินราคาตามประเภท รุ่น สเปก สภาพ จำนวน และความต้องการตลาด ประเมินราคาฟรีผ่าน Line ชำระเงินหลังตรวจสอบสินค้าและตกลงราคาเรียบร้อยแล้ว มีบริการนัดรับหรือประสานขนส่งตามข้อตกลง","211","รับซื้อ Server และตู้ Rack นครพนม ประเมินราคาฟรี นัดรับหรือประสานขนส่งตามข้อตกลง","https://amphon.co.th/รับซื้อ/รับซื้อ-server-นครพนม","yes","yes","service-x-location","title=LONG;desc=LONG","frontmatter+seoTitle(Amphon.co.th)","KEEP_BOTH_VALID","KEEP"
"/รับซื้อ/รับซื้อ-server-นครราชสีมา","src/content/serviceAreas/รับซื้อ-server-นครราชสีมา.md","service-x-location","รับซื้อ Server และตู้ Rack นครราชสีมา ประเมินราคาฟรี นัดรับหรือประสานขนส่งตามข้อตกลง | Amphon.co.th","99","รับซื้อ Server และตู้ Rack ใน นครราชสีมา ประเมินราคาตามประเภท รุ่น สเปก สภาพ จำนวน และความต้องการตลาด ประเมินราคาฟรีผ่าน Line ชำระเงินหลังตรวจสอบสินค้าและตกลงราคาเรียบร้อยแล้ว มีบริการนัดรับหรือประสานขนส่งตามข้อตกลง","215","รับซื้อ Server และตู้ Rack นครราชสีมา ประเมินราคาฟรี นัดรับหรือประสานขนส่งตามข้อตกลง","https://amphon.co.th/รับซื้อ/รับซื้อ-server-นครราชสีมา","yes","yes","service-x-location","title=LONG;desc=LONG","frontmatter+seoTitle(Amphon.co.th)","KEEP_BOTH_VALID","KEEP"
"/รับซื้อ/รับซื้อ-server-บึงกาฬ","src/content/serviceAreas/รับซื้อ-server-บึงกาฬ.md","service-x-location","รับซื้อ Server และตู้ Rack บึงกาฬ ประเมินราคาฟรี นัดรับหรือประสานขนส่งตามข้อตกลง | Amphon.co.th","95","รับซื้อ Server และตู้ Rack ใน บึงกาฬ ประเมินราคาตามประเภท รุ่น สเปก สภาพ จำนวน และความต้องการตลาด ประเมินราคาฟรีผ่าน Line ชำระเงินหลังตรวจสอบสินค้าและตกลงราคาเรียบร้อยแล้ว มีบริการนัดรับหรือประสานขนส่งตามข้อตกลง","211","รับซื้อ Server และตู้ Rack บึงกาฬ ประเมินราคาฟรี นัดรับหรือประสานขนส่งตามข้อตกลง","https://amphon.co.th/รับซื้อ/รับซื้อ-server-บึงกาฬ","yes","yes","service-x-location","title=LONG;desc=LONG","frontmatter+seoTitle(Amphon.co.th)","KEEP_BOTH_VALID","KEEP"
"/รับซื้อ/รับซื้อ-server-บุรีรัมย์","src/content/serviceAreas/รับซื้อ-server-บุรีรัมย์.md","service-x-location","รับซื้อ Server และตู้ Rack บุรีรัมย์ ประเมินราคาฟรี นัดรับหรือประสานขนส่งตามข้อตกลง | Amphon.co.th","98","รับซื้อ Server และตู้ Rack ใน บุรีรัมย์ ประเมินราคาตามประเภท รุ่น สเปก สภาพ จำนวน และความต้องการตลาด ประเมินราคาฟรีผ่าน Line ชำระเงินหลังตรวจสอบสินค้าและตกลงราคาเรียบร้อยแล้ว มีบริการนัดรับหรือประสานขนส่งตามข้อตกลง","214","รับซื้อ Server และตู้ Rack บุรีรัมย์ ประเมินราคาฟรี นัดรับหรือประสานขนส่งตามข้อตกลง","https://amphon.co.th/รับซื้อ/รับซื้อ-server-บุรีรัมย์","yes","yes","service-x-location","title=LONG;desc=LONG","frontmatter+seoTitle(Amphon.co.th)","KEEP_BOTH_VALID","KEEP"
"/รับซื้อ/รับซื้อ-server-มหาสารคาม","src/content/serviceAreas/รับซื้อ-server-มหาสารคาม.md","service-x-location","รับซื้อ Server และตู้ Rack มหาสารคาม ประเมินราคาฟรี นัดรับหรือประสานขนส่งตามข้อตกลง | Amphon.co.th","98","รับซื้อ Server และตู้ Rack ใน มหาสารคาม ประเมินราคาตามประเภท รุ่น สเปก สภาพ จำนวน และความต้องการตลาด ประเมินราคาฟรีผ่าน Line ชำระเงินหลังตรวจสอบสินค้าและตกลงราคาเรียบร้อยแล้ว มีบริการนัดรับหรือประสานขนส่งตามข้อตกลง","214","รับซื้อ Server และตู้ Rack มหาสารคาม ประเมินราคาฟรี นัดรับหรือประสานขนส่งตามข้อตกลง","https://amphon.co.th/รับซื้อ/รับซื้อ-server-มหาสารคาม","yes","yes","service-x-location","title=LONG;desc=LONG","frontmatter+seoTitle(Amphon.co.th)","KEEP_BOTH_VALID","KEEP"
"/รับซื้อ/รับซื้อ-server-มุกดาหาร","src/content/serviceAreas/รับซื้อ-server-มุกดาหาร.md","service-x-location","รับซื้อ Server และตู้ Rack มุกดาหาร ประเมินราคาฟรี นัดรับหรือประสานขนส่งตามข้อตกลง | Amphon.co.th","97","รับซื้อ Server และตู้ Rack ใน มุกดาหาร ประเมินราคาตามประเภท รุ่น สเปก สภาพ จำนวน และความต้องการตลาด ประเมินราคาฟรีผ่าน Line ชำระเงินหลังตรวจสอบสินค้าและตกลงราคาเรียบร้อยแล้ว มีบริการนัดรับหรือประสานขนส่งตามข้อตกลง","213","รับซื้อ Server และตู้ Rack มุกดาหาร ประเมินราคาฟรี นัดรับหรือประสานขนส่งตามข้อตกลง","https://amphon.co.th/รับซื้อ/รับซื้อ-server-มุกดาหาร","yes","yes","service-x-location","title=LONG;desc=LONG","frontmatter+seoTitle(Amphon.co.th)","KEEP_BOTH_VALID","KEEP"
"/รับซื้อ/รับซื้อ-server-ยโสธร","src/content/serviceAreas/รับซื้อ-server-ยโสธร.md","service-x-location","รับซื้อ Server และตู้ Rack ยโสธร ประเมินราคาฟรี นัดรับหรือประสานขนส่งตามข้อตกลง | Amphon.co.th","94","รับซื้อ Server และตู้ Rack ใน ยโสธร ประเมินราคาตามประเภท รุ่น สเปก สภาพ จำนวน และความต้องการตลาด ประเมินราคาฟรีผ่าน Line ชำระเงินหลังตรวจสอบสินค้าและตกลงราคาเรียบร้อยแล้ว มีบริการนัดรับหรือประสานขนส่งตามข้อตกลง","210","รับซื้อ Server และตู้ Rack ยโสธร ประเมินราคาฟรี นัดรับหรือประสานขนส่งตามข้อตกลง","https://amphon.co.th/รับซื้อ/รับซื้อ-server-ยโสธร","yes","yes","service-x-location","title=LONG;desc=LONG","frontmatter+seoTitle(Amphon.co.th)","KEEP_BOTH_VALID","KEEP"
"/รับซื้อ/รับซื้อ-server-ร้อยเอ็ด","src/content/serviceAreas/รับซื้อ-server-ร้อยเอ็ด.md","service-x-location","รับซื้อ Server และตู้ Rack ร้อยเอ็ด ประเมินราคาฟรี นัดรับหรือประสานขนส่งตามข้อตกลง | Amphon.co.th","97","รับซื้อ Server และตู้ Rack ใน ร้อยเอ็ด ประเมินราคาตามประเภท รุ่น สเปก สภาพ จำนวน และความต้องการตลาด ประเมินราคาฟรีผ่าน Line ชำระเงินหลังตรวจสอบสินค้าและตกลงราคาเรียบร้อยแล้ว มีบริการนัดรับหรือประสานขนส่งตามข้อตกลง","213","รับซื้อ Server และตู้ Rack ร้อยเอ็ด ประเมินราคาฟรี นัดรับหรือประสานขนส่งตามข้อตกลง","https://amphon.co.th/รับซื้อ/รับซื้อ-server-ร้อยเอ็ด","yes","yes","service-x-location","title=LONG;desc=LONG","frontmatter+seoTitle(Amphon.co.th)","KEEP_BOTH_VALID","KEEP"
"/รับซื้อ/รับซื้อ-server-ศรีสะเกษ","src/content/serviceAreas/รับซื้อ-server-ศรีสะเกษ.md","service-x-location","รับซื้อ Server และตู้ Rack ศรีสะเกษ ประเมินราคาฟรี นัดรับหรือประสานขนส่งตามข้อตกลง | Amphon.co.th","97","รับซื้อ Server และตู้ Rack ใน ศรีสะเกษ ประเมินราคาตามประเภท รุ่น สเปก สภาพ จำนวน และความต้องการตลาด ประเมินราคาฟรีผ่าน Line ชำระเงินหลังตรวจสอบสินค้าและตกลงราคาเรียบร้อยแล้ว มีบริการนัดรับหรือประสานขนส่งตามข้อตกลง","213","รับซื้อ Server และตู้ Rack ศรีสะเกษ ประเมินราคาฟรี นัดรับหรือประสานขนส่งตามข้อตกลง","https://amphon.co.th/รับซื้อ/รับซื้อ-server-ศรีสะเกษ","yes","yes","service-x-location","title=LONG;desc=LONG","frontmatter+seoTitle(Amphon.co.th)","KEEP_BOTH_VALID","KEEP"
"/รับซื้อ/รับซื้อ-server-สกลนคร","src/content/serviceAreas/รับซื้อ-server-สกลนคร.md","service-x-location","รับซื้อ Server และตู้ Rack สกลนคร ประเมินราคาฟรี นัดรับหรือประสานขนส่งตามข้อตกลง | Amphon.co.th","95","รับซื้อ Server และตู้ Rack ใน สกลนคร ประเมินราคาตามประเภท รุ่น สเปก สภาพ จำนวน และความต้องการตลาด ประเมินราคาฟรีผ่าน Line ชำระเงินหลังตรวจสอบสินค้าและตกลงราคาเรียบร้อยแล้ว มีบริการนัดรับหรือประสานขนส่งตามข้อตกลง","211","รับซื้อ Server และตู้ Rack สกลนคร ประเมินราคาฟรี นัดรับหรือประสานขนส่งตามข้อตกลง","https://amphon.co.th/รับซื้อ/รับซื้อ-server-สกลนคร","yes","yes","service-x-location","title=LONG;desc=LONG","frontmatter+seoTitle(Amphon.co.th)","KEEP_BOTH_VALID","KEEP"
"/รับซื้อ/รับซื้อ-server-สุรินทร์","src/content/serviceAreas/รับซื้อ-server-สุรินทร์.md","service-x-location","รับซื้อ Server และตู้ Rack สุรินทร์ ประเมินราคาฟรี นัดรับหรือประสานขนส่งตามข้อตกลง | Amphon.co.th","97","รับซื้อ Server และตู้ Rack ใน สุรินทร์ ประเมินราคาตามประเภท รุ่น สเปก สภาพ จำนวน และความต้องการตลาด ประเมินราคาฟรีผ่าน Line ชำระเงินหลังตรวจสอบสินค้าและตกลงราคาเรียบร้อยแล้ว มีบริการนัดรับหรือประสานขนส่งตามข้อตกลง","213","รับซื้อ Server และตู้ Rack สุรินทร์ ประเมินราคาฟรี นัดรับหรือประสานขนส่งตามข้อตกลง","https://amphon.co.th/รับซื้อ/รับซื้อ-server-สุรินทร์","yes","yes","service-x-location","title=LONG;desc=LONG","frontmatter+seoTitle(Amphon.co.th)","KEEP_BOTH_VALID","KEEP"
"/รับซื้อ/รับซื้อ-server-หนองคาย","src/content/serviceAreas/รับซื้อ-server-หนองคาย.md","service-x-location","รับซื้อ Server และตู้ Rack หนองคาย ประเมินราคาฟรี นัดรับหรือประสานขนส่งตามข้อตกลง | Amphon.co.th","96","รับซื้อ Server และตู้ Rack ใน หนองคาย ประเมินราคาตามประเภท รุ่น สเปก สภาพ จำนวน และความต้องการตลาด ประเมินราคาฟรีผ่าน Line ชำระเงินหลังตรวจสอบสินค้าและตกลงราคาเรียบร้อยแล้ว มีบริการนัดรับหรือประสานขนส่งตามข้อตกลง","212","รับซื้อ Server และตู้ Rack หนองคาย ประเมินราคาฟรี นัดรับหรือประสานขนส่งตามข้อตกลง","https://amphon.co.th/รับซื้อ/รับซื้อ-server-หนองคาย","yes","yes","service-x-location","title=LONG;desc=LONG","frontmatter+seoTitle(Amphon.co.th)","KEEP_BOTH_VALID","KEEP"
"/รับซื้อ/รับซื้อ-server-หนองบัวลำภู","src/content/serviceAreas/รับซื้อ-server-หนองบัวลำภู.md","service-x-location","รับซื้อ Server และตู้ Rack หนองบัวลำภู ประเมินราคาฟรี นัดรับหรือประสานขนส่งตามข้อตกลง | Amphon.co.th","100","รับซื้อ Server และตู้ Rack ใน หนองบัวลำภู ประเมินราคาตามประเภท รุ่น สเปก สภาพ จำนวน และความต้องการตลาด ประเมินราคาฟรีผ่าน Line ชำระเงินหลังตรวจสอบสินค้าและตกลงราคาเรียบร้อยแล้ว มีบริการนัดรับหรือประสานขนส่งตามข้อตกลง","216","รับซื้อ Server และตู้ Rack หนองบัวลำภู ประเมินราคาฟรี นัดรับหรือประสานขนส่งตามข้อตกลง","https://amphon.co.th/รับซื้อ/รับซื้อ-server-หนองบัวลำภู","yes","yes","service-x-location","title=LONG;desc=LONG","frontmatter+seoTitle(Amphon.co.th)","KEEP_BOTH_VALID","KEEP"
"/รับซื้อ/รับซื้อ-server-อำนาจเจริญ","src/content/serviceAreas/รับซื้อ-server-อำนาจเจริญ.md","service-x-location","รับซื้อ Server และตู้ Rack อำนาจเจริญ ประเมินราคาฟรี นัดรับหรือประสานขนส่งตามข้อตกลง | Amphon.co.th","99","รับซื้อ Server และตู้ Rack ใน อำนาจเจริญ ประเมินราคาตามประเภท รุ่น สเปก สภาพ จำนวน และความต้องการตลาด ประเมินราคาฟรีผ่าน Line ชำระเงินหลังตรวจสอบสินค้าและตกลงราคาเรียบร้อยแล้ว มีบริการนัดรับหรือประสานขนส่งตามข้อตกลง","215","รับซื้อ Server และตู้ Rack อำนาจเจริญ ประเมินราคาฟรี นัดรับหรือประสานขนส่งตามข้อตกลง","https://amphon.co.th/รับซื้อ/รับซื้อ-server-อำนาจเจริญ","yes","yes","service-x-location","title=LONG;desc=LONG","frontmatter+seoTitle(Amphon.co.th)","KEEP_BOTH_VALID","KEEP"
"/รับซื้อ/รับซื้อ-server-อุดรธานี","src/content/serviceAreas/รับซื้อ-server-อุดรธานี.md","service-x-location","รับซื้อ Server และตู้ Rack อุดรธานี ประเมินราคาฟรี นัดรับหรือประสานขนส่งตามข้อตกลง | Amphon.co.th","97","รับซื้อ Server และตู้ Rack ใน อุดรธานี ประเมินราคาตามประเภท รุ่น สเปก สภาพ จำนวน และความต้องการตลาด ประเมินราคาฟรีผ่าน Line ชำระเงินหลังตรวจสอบสินค้าและตกลงราคาเรียบร้อยแล้ว มีบริการนัดรับหรือประสานขนส่งตามข้อตกลง","213","รับซื้อ Server และตู้ Rack อุดรธานี ประเมินราคาฟรี นัดรับหรือประสานขนส่งตามข้อตกลง","https://amphon.co.th/รับซื้อ/รับซื้อ-server-อุดรธานี","yes","yes","service-x-location","title=LONG;desc=LONG","frontmatter+seoTitle(Amphon.co.th)","KEEP_BOTH_VALID","KEEP"
"/รับซื้อ/รับซื้อ-server-อุบลราชธานี","src/content/serviceAreas/รับซื้อ-server-อุบลราชธานี.md","service-x-location","รับซื้อ Server และตู้ Rack อุบลราชธานี ประเมินราคาฟรี นัดรับหรือประสานขนส่งตามข้อตกลง | Amphon.co.th","100","รับซื้อ Server และตู้ Rack ใน อุบลราชธานี ประเมินราคาตามประเภท รุ่น สเปก สภาพ จำนวน และความต้องการตลาด ประเมินราคาฟรีผ่าน Line ชำระเงินหลังตรวจสอบสินค้าและตกลงราคาเรียบร้อยแล้ว มีบริการนัดรับหรือประสานขนส่งตามข้อตกลง","216","รับซื้อ Server และตู้ Rack อุบลราชธานี ประเมินราคาฟรี นัดรับหรือประสานขนส่งตามข้อตกลง","https://amphon.co.th/รับซื้อ/รับซื้อ-server-อุบลราชธานี","yes","yes","service-x-location","title=LONG;desc=LONG","frontmatter+seoTitle(Amphon.co.th)","KEEP_BOTH_VALID","KEEP"
"/รับซื้อ/รับซื้อ-server-เลย","src/content/serviceAreas/รับซื้อ-server-เลย.md","service-x-location","รับซื้อ Server และตู้ Rack เลย ประเมินราคาฟรี นัดรับหรือประสานขนส่งตามข้อตกลง | Amphon.co.th","92","รับซื้อ Server และตู้ Rack ใน เลย ประเมินราคาตามประเภท รุ่น สเปก สภาพ จำนวน และความต้องการตลาด ประเมินราคาฟรีผ่าน Line ชำระเงินหลังตรวจสอบสินค้าและตกลงราคาเรียบร้อยแล้ว มีบริการนัดรับหรือประสานขนส่งตามข้อตกลง","208","รับซื้อ Server และตู้ Rack เลย ประเมินราคาฟรี นัดรับหรือประสานขนส่งตามข้อตกลง","https://amphon.co.th/รับซื้อ/รับซื้อ-server-เลย","yes","yes","service-x-location","title=LONG;desc=LONG","frontmatter+seoTitle(Amphon.co.th)","KEEP_BOTH_VALID","KEEP"
"/รับซื้อ/รับซื้อ-ups-กาฬสินธุ์","src/content/serviceAreas/รับซื้อ-ups-กาฬสินธุ์.md","service-x-location","รับซื้อ UPS และเครื่องสำรองไฟ กาฬสินธุ์ ประเมินราคาฟรี นัดรับหรือประสานขนส่งตามข้อตกลง | Amphon.co.th","101","รับซื้อ UPS และเครื่องสำรองไฟ ใน กาฬสินธุ์ ประเมินราคาตามประเภท รุ่น สเปก สภาพ จำนวน และความต้องการตลาด ประเมินราคาฟรีผ่าน Line ชำระเงินหลังตรวจสอบสินค้าและตกลงราคาเรียบร้อยแล้ว มีบริการนัดรับหรือประสานขนส่งตามข้อตกลง","217","รับซื้อ UPS และเครื่องสำรองไฟ กาฬสินธุ์ ประเมินราคาฟรี นัดรับหรือประสานขนส่งตามข้อตกลง","https://amphon.co.th/รับซื้อ/รับซื้อ-ups-กาฬสินธุ์","yes","yes","service-x-location","title=LONG;desc=LONG","frontmatter+seoTitle(Amphon.co.th)","KEEP_BOTH_VALID","KEEP"
"/รับซื้อ/รับซื้อ-ups-ขอนแก่น","src/content/serviceAreas/รับซื้อ-ups-ขอนแก่น.md","service-x-location","รับซื้อ UPS และเครื่องสำรองไฟ ขอนแก่น ประเมินราคาฟรี นัดรับหรือประสานขนส่งตามข้อตกลง | Amphon.co.th","99","รับซื้อ UPS และเครื่องสำรองไฟ ใน ขอนแก่น ประเมินราคาตามประเภท รุ่น สเปก สภาพ จำนวน และความต้องการตลาด ประเมินราคาฟรีผ่าน Line ชำระเงินหลังตรวจสอบสินค้าและตกลงราคาเรียบร้อยแล้ว มีบริการนัดรับหรือประสานขนส่งตามข้อตกลง","215","รับซื้อ UPS และเครื่องสำรองไฟ ขอนแก่น ประเมินราคาฟรี นัดรับหรือประสานขนส่งตามข้อตกลง","https://amphon.co.th/รับซื้อ/รับซื้อ-ups-ขอนแก่น","yes","yes","service-x-location","title=LONG;desc=LONG","frontmatter+seoTitle(Amphon.co.th)","KEEP_BOTH_VALID","KEEP"
"/รับซื้อ/รับซื้อ-ups-ชัยภูมิ","src/content/serviceAreas/รับซื้อ-ups-ชัยภูมิ.md","service-x-location","รับซื้อ UPS และเครื่องสำรองไฟ ชัยภูมิ ประเมินราคาฟรี นัดรับหรือประสานขนส่งตามข้อตกลง | Amphon.co.th","99","รับซื้อ UPS และเครื่องสำรองไฟ ใน ชัยภูมิ ประเมินราคาตามประเภท รุ่น สเปก สภาพ จำนวน และความต้องการตลาด ประเมินราคาฟรีผ่าน Line ชำระเงินหลังตรวจสอบสินค้าและตกลงราคาเรียบร้อยแล้ว มีบริการนัดรับหรือประสานขนส่งตามข้อตกลง","215","รับซื้อ UPS และเครื่องสำรองไฟ ชัยภูมิ ประเมินราคาฟรี นัดรับหรือประสานขนส่งตามข้อตกลง","https://amphon.co.th/รับซื้อ/รับซื้อ-ups-ชัยภูมิ","yes","yes","service-x-location","title=LONG;desc=LONG","frontmatter+seoTitle(Amphon.co.th)","KEEP_BOTH_VALID","KEEP"
"/รับซื้อ/รับซื้อ-ups-นครพนม","src/content/serviceAreas/รับซื้อ-ups-นครพนม.md","service-x-location","รับซื้อ UPS และเครื่องสำรองไฟ นครพนม ประเมินราคาฟรี นัดรับหรือประสานขนส่งตามข้อตกลง | Amphon.co.th","98","รับซื้อ UPS และเครื่องสำรองไฟ ใน นครพนม ประเมินราคาตามประเภท รุ่น สเปก สภาพ จำนวน และความต้องการตลาด ประเมินราคาฟรีผ่าน Line ชำระเงินหลังตรวจสอบสินค้าและตกลงราคาเรียบร้อยแล้ว มีบริการนัดรับหรือประสานขนส่งตามข้อตกลง","214","รับซื้อ UPS และเครื่องสำรองไฟ นครพนม ประเมินราคาฟรี นัดรับหรือประสานขนส่งตามข้อตกลง","https://amphon.co.th/รับซื้อ/รับซื้อ-ups-นครพนม","yes","yes","service-x-location","title=LONG;desc=LONG","frontmatter+seoTitle(Amphon.co.th)","KEEP_BOTH_VALID","KEEP"
"/รับซื้อ/รับซื้อ-ups-นครราชสีมา","src/content/serviceAreas/รับซื้อ-ups-นครราชสีมา.md","service-x-location","รับซื้อ UPS และเครื่องสำรองไฟ นครราชสีมา ประเมินราคาฟรี นัดรับหรือประสานขนส่งตามข้อตกลง | Amphon.co.th","102","รับซื้อ UPS และเครื่องสำรองไฟ ใน นครราชสีมา ประเมินราคาตามประเภท รุ่น สเปก สภาพ จำนวน และความต้องการตลาด ประเมินราคาฟรีผ่าน Line ชำระเงินหลังตรวจสอบสินค้าและตกลงราคาเรียบร้อยแล้ว มีบริการนัดรับหรือประสานขนส่งตามข้อตกลง","218","รับซื้อ UPS และเครื่องสำรองไฟ นครราชสีมา ประเมินราคาฟรี นัดรับหรือประสานขนส่งตามข้อตกลง","https://amphon.co.th/รับซื้อ/รับซื้อ-ups-นครราชสีมา","yes","yes","service-x-location","title=LONG;desc=LONG","frontmatter+seoTitle(Amphon.co.th)","KEEP_BOTH_VALID","KEEP"
"/รับซื้อ/รับซื้อ-ups-บึงกาฬ","src/content/serviceAreas/รับซื้อ-ups-บึงกาฬ.md","service-x-location","รับซื้อ UPS และเครื่องสำรองไฟ บึงกาฬ ประเมินราคาฟรี นัดรับหรือประสานขนส่งตามข้อตกลง | Amphon.co.th","98","รับซื้อ UPS และเครื่องสำรองไฟ ใน บึงกาฬ ประเมินราคาตามประเภท รุ่น สเปก สภาพ จำนวน และความต้องการตลาด ประเมินราคาฟรีผ่าน Line ชำระเงินหลังตรวจสอบสินค้าและตกลงราคาเรียบร้อยแล้ว มีบริการนัดรับหรือประสานขนส่งตามข้อตกลง","214","รับซื้อ UPS และเครื่องสำรองไฟ บึงกาฬ ประเมินราคาฟรี นัดรับหรือประสานขนส่งตามข้อตกลง","https://amphon.co.th/รับซื้อ/รับซื้อ-ups-บึงกาฬ","yes","yes","service-x-location","title=LONG;desc=LONG","frontmatter+seoTitle(Amphon.co.th)","KEEP_BOTH_VALID","KEEP"
"/รับซื้อ/รับซื้อ-ups-บุรีรัมย์","src/content/serviceAreas/รับซื้อ-ups-บุรีรัมย์.md","service-x-location","รับซื้อ UPS และเครื่องสำรองไฟ บุรีรัมย์ ประเมินราคาฟรี นัดรับหรือประสานขนส่งตามข้อตกลง | Amphon.co.th","101","รับซื้อ UPS และเครื่องสำรองไฟ ใน บุรีรัมย์ ประเมินราคาตามประเภท รุ่น สเปก สภาพ จำนวน และความต้องการตลาด ประเมินราคาฟรีผ่าน Line ชำระเงินหลังตรวจสอบสินค้าและตกลงราคาเรียบร้อยแล้ว มีบริการนัดรับหรือประสานขนส่งตามข้อตกลง","217","รับซื้อ UPS และเครื่องสำรองไฟ บุรีรัมย์ ประเมินราคาฟรี นัดรับหรือประสานขนส่งตามข้อตกลง","https://amphon.co.th/รับซื้อ/รับซื้อ-ups-บุรีรัมย์","yes","yes","service-x-location","title=LONG;desc=LONG","frontmatter+seoTitle(Amphon.co.th)","KEEP_BOTH_VALID","KEEP"
"/รับซื้อ/รับซื้อ-ups-มหาสารคาม","src/content/serviceAreas/รับซื้อ-ups-มหาสารคาม.md","service-x-location","รับซื้อ UPS และเครื่องสำรองไฟ มหาสารคาม ประเมินราคาฟรี นัดรับหรือประสานขนส่งตามข้อตกลง | Amphon.co.th","101","รับซื้อ UPS และเครื่องสำรองไฟ ใน มหาสารคาม ประเมินราคาตามประเภท รุ่น สเปก สภาพ จำนวน และความต้องการตลาด ประเมินราคาฟรีผ่าน Line ชำระเงินหลังตรวจสอบสินค้าและตกลงราคาเรียบร้อยแล้ว มีบริการนัดรับหรือประสานขนส่งตามข้อตกลง","217","รับซื้อ UPS และเครื่องสำรองไฟ มหาสารคาม ประเมินราคาฟรี นัดรับหรือประสานขนส่งตามข้อตกลง","https://amphon.co.th/รับซื้อ/รับซื้อ-ups-มหาสารคาม","yes","yes","service-x-location","title=LONG;desc=LONG","frontmatter+seoTitle(Amphon.co.th)","KEEP_BOTH_VALID","KEEP"
"/รับซื้อ/รับซื้อ-ups-มุกดาหาร","src/content/serviceAreas/รับซื้อ-ups-มุกดาหาร.md","service-x-location","รับซื้อ UPS และเครื่องสำรองไฟ มุกดาหาร ประเมินราคาฟรี นัดรับหรือประสานขนส่งตามข้อตกลง | Amphon.co.th","100","รับซื้อ UPS และเครื่องสำรองไฟ ใน มุกดาหาร ประเมินราคาตามประเภท รุ่น สเปก สภาพ จำนวน และความต้องการตลาด ประเมินราคาฟรีผ่าน Line ชำระเงินหลังตรวจสอบสินค้าและตกลงราคาเรียบร้อยแล้ว มีบริการนัดรับหรือประสานขนส่งตามข้อตกลง","216","รับซื้อ UPS และเครื่องสำรองไฟ มุกดาหาร ประเมินราคาฟรี นัดรับหรือประสานขนส่งตามข้อตกลง","https://amphon.co.th/รับซื้อ/รับซื้อ-ups-มุกดาหาร","yes","yes","service-x-location","title=LONG;desc=LONG","frontmatter+seoTitle(Amphon.co.th)","KEEP_BOTH_VALID","KEEP"
"/รับซื้อ/รับซื้อ-ups-ยโสธร","src/content/serviceAreas/รับซื้อ-ups-ยโสธร.md","service-x-location","รับซื้อ UPS และเครื่องสำรองไฟ ยโสธร ประเมินราคาฟรี นัดรับหรือประสานขนส่งตามข้อตกลง | Amphon.co.th","97","รับซื้อ UPS และเครื่องสำรองไฟ ใน ยโสธร ประเมินราคาตามประเภท รุ่น สเปก สภาพ จำนวน และความต้องการตลาด ประเมินราคาฟรีผ่าน Line ชำระเงินหลังตรวจสอบสินค้าและตกลงราคาเรียบร้อยแล้ว มีบริการนัดรับหรือประสานขนส่งตามข้อตกลง","213","รับซื้อ UPS และเครื่องสำรองไฟ ยโสธร ประเมินราคาฟรี นัดรับหรือประสานขนส่งตามข้อตกลง","https://amphon.co.th/รับซื้อ/รับซื้อ-ups-ยโสธร","yes","yes","service-x-location","title=LONG;desc=LONG","frontmatter+seoTitle(Amphon.co.th)","KEEP_BOTH_VALID","KEEP"
"/รับซื้อ/รับซื้อ-ups-ร้อยเอ็ด","src/content/serviceAreas/รับซื้อ-ups-ร้อยเอ็ด.md","service-x-location","รับซื้อ UPS และเครื่องสำรองไฟ ร้อยเอ็ด ประเมินราคาฟรี นัดรับหรือประสานขนส่งตามข้อตกลง | Amphon.co.th","100","รับซื้อ UPS และเครื่องสำรองไฟ ใน ร้อยเอ็ด ประเมินราคาตามประเภท รุ่น สเปก สภาพ จำนวน และความต้องการตลาด ประเมินราคาฟรีผ่าน Line ชำระเงินหลังตรวจสอบสินค้าและตกลงราคาเรียบร้อยแล้ว มีบริการนัดรับหรือประสานขนส่งตามข้อตกลง","216","รับซื้อ UPS และเครื่องสำรองไฟ ร้อยเอ็ด ประเมินราคาฟรี นัดรับหรือประสานขนส่งตามข้อตกลง","https://amphon.co.th/รับซื้อ/รับซื้อ-ups-ร้อยเอ็ด","yes","yes","service-x-location","title=LONG;desc=LONG","frontmatter+seoTitle(Amphon.co.th)","KEEP_BOTH_VALID","KEEP"
"/รับซื้อ/รับซื้อ-ups-ศรีสะเกษ","src/content/serviceAreas/รับซื้อ-ups-ศรีสะเกษ.md","service-x-location","รับซื้อ UPS และเครื่องสำรองไฟ ศรีสะเกษ ประเมินราคาฟรี นัดรับหรือประสานขนส่งตามข้อตกลง | Amphon.co.th","100","รับซื้อ UPS และเครื่องสำรองไฟ ใน ศรีสะเกษ ประเมินราคาตามประเภท รุ่น สเปก สภาพ จำนวน และความต้องการตลาด ประเมินราคาฟรีผ่าน Line ชำระเงินหลังตรวจสอบสินค้าและตกลงราคาเรียบร้อยแล้ว มีบริการนัดรับหรือประสานขนส่งตามข้อตกลง","216","รับซื้อ UPS และเครื่องสำรองไฟ ศรีสะเกษ ประเมินราคาฟรี นัดรับหรือประสานขนส่งตามข้อตกลง","https://amphon.co.th/รับซื้อ/รับซื้อ-ups-ศรีสะเกษ","yes","yes","service-x-location","title=LONG;desc=LONG","frontmatter+seoTitle(Amphon.co.th)","KEEP_BOTH_VALID","KEEP"
"/รับซื้อ/รับซื้อ-ups-สกลนคร","src/content/serviceAreas/รับซื้อ-ups-สกลนคร.md","service-x-location","รับซื้อ UPS และเครื่องสำรองไฟ สกลนคร ประเมินราคาฟรี นัดรับหรือประสานขนส่งตามข้อตกลง | Amphon.co.th","98","รับซื้อ UPS และเครื่องสำรองไฟ ใน สกลนคร ประเมินราคาตามประเภท รุ่น สเปก สภาพ จำนวน และความต้องการตลาด ประเมินราคาฟรีผ่าน Line ชำระเงินหลังตรวจสอบสินค้าและตกลงราคาเรียบร้อยแล้ว มีบริการนัดรับหรือประสานขนส่งตามข้อตกลง","214","รับซื้อ UPS และเครื่องสำรองไฟ สกลนคร ประเมินราคาฟรี นัดรับหรือประสานขนส่งตามข้อตกลง","https://amphon.co.th/รับซื้อ/รับซื้อ-ups-สกลนคร","yes","yes","service-x-location","title=LONG;desc=LONG","frontmatter+seoTitle(Amphon.co.th)","KEEP_BOTH_VALID","KEEP"
"/รับซื้อ/รับซื้อ-ups-สุรินทร์","src/content/serviceAreas/รับซื้อ-ups-สุรินทร์.md","service-x-location","รับซื้อ UPS และเครื่องสำรองไฟ สุรินทร์ ประเมินราคาฟรี นัดรับหรือประสานขนส่งตามข้อตกลง | Amphon.co.th","100","รับซื้อ UPS และเครื่องสำรองไฟ ใน สุรินทร์ ประเมินราคาตามประเภท รุ่น สเปก สภาพ จำนวน และความต้องการตลาด ประเมินราคาฟรีผ่าน Line ชำระเงินหลังตรวจสอบสินค้าและตกลงราคาเรียบร้อยแล้ว มีบริการนัดรับหรือประสานขนส่งตามข้อตกลง","216","รับซื้อ UPS และเครื่องสำรองไฟ สุรินทร์ ประเมินราคาฟรี นัดรับหรือประสานขนส่งตามข้อตกลง","https://amphon.co.th/รับซื้อ/รับซื้อ-ups-สุรินทร์","yes","yes","service-x-location","title=LONG;desc=LONG","frontmatter+seoTitle(Amphon.co.th)","KEEP_BOTH_VALID","KEEP"
"/รับซื้อ/รับซื้อ-ups-หนองคาย","src/content/serviceAreas/รับซื้อ-ups-หนองคาย.md","service-x-location","รับซื้อ UPS และเครื่องสำรองไฟ หนองคาย ประเมินราคาฟรี นัดรับหรือประสานขนส่งตามข้อตกลง | Amphon.co.th","99","รับซื้อ UPS และเครื่องสำรองไฟ ใน หนองคาย ประเมินราคาตามประเภท รุ่น สเปก สภาพ จำนวน และความต้องการตลาด ประเมินราคาฟรีผ่าน Line ชำระเงินหลังตรวจสอบสินค้าและตกลงราคาเรียบร้อยแล้ว มีบริการนัดรับหรือประสานขนส่งตามข้อตกลง","215","รับซื้อ UPS และเครื่องสำรองไฟ หนองคาย ประเมินราคาฟรี นัดรับหรือประสานขนส่งตามข้อตกลง","https://amphon.co.th/รับซื้อ/รับซื้อ-ups-หนองคาย","yes","yes","service-x-location","title=LONG;desc=LONG","frontmatter+seoTitle(Amphon.co.th)","KEEP_BOTH_VALID","KEEP"
"/รับซื้อ/รับซื้อ-ups-หนองบัวลำภู","src/content/serviceAreas/รับซื้อ-ups-หนองบัวลำภู.md","service-x-location","รับซื้อ UPS และเครื่องสำรองไฟ หนองบัวลำภู ประเมินราคาฟรี นัดรับหรือประสานขนส่งตามข้อตกลง | Amphon.co.th","103","รับซื้อ UPS และเครื่องสำรองไฟ ใน หนองบัวลำภู ประเมินราคาตามประเภท รุ่น สเปก สภาพ จำนวน และความต้องการตลาด ประเมินราคาฟรีผ่าน Line ชำระเงินหลังตรวจสอบสินค้าและตกลงราคาเรียบร้อยแล้ว มีบริการนัดรับหรือประสานขนส่งตามข้อตกลง","219","รับซื้อ UPS และเครื่องสำรองไฟ หนองบัวลำภู ประเมินราคาฟรี นัดรับหรือประสานขนส่งตามข้อตกลง","https://amphon.co.th/รับซื้อ/รับซื้อ-ups-หนองบัวลำภู","yes","yes","service-x-location","title=LONG;desc=LONG","frontmatter+seoTitle(Amphon.co.th)","KEEP_BOTH_VALID","KEEP"
"/รับซื้อ/รับซื้อ-ups-อำนาจเจริญ","src/content/serviceAreas/รับซื้อ-ups-อำนาจเจริญ.md","service-x-location","รับซื้อ UPS และเครื่องสำรองไฟ อำนาจเจริญ ประเมินราคาฟรี นัดรับหรือประสานขนส่งตามข้อตกลง | Amphon.co.th","102","รับซื้อ UPS และเครื่องสำรองไฟ ใน อำนาจเจริญ ประเมินราคาตามประเภท รุ่น สเปก สภาพ จำนวน และความต้องการตลาด ประเมินราคาฟรีผ่าน Line ชำระเงินหลังตรวจสอบสินค้าและตกลงราคาเรียบร้อยแล้ว มีบริการนัดรับหรือประสานขนส่งตามข้อตกลง","218","รับซื้อ UPS และเครื่องสำรองไฟ อำนาจเจริญ ประเมินราคาฟรี นัดรับหรือประสานขนส่งตามข้อตกลง","https://amphon.co.th/รับซื้อ/รับซื้อ-ups-อำนาจเจริญ","yes","yes","service-x-location","title=LONG;desc=LONG","frontmatter+seoTitle(Amphon.co.th)","KEEP_BOTH_VALID","KEEP"
"/รับซื้อ/รับซื้อ-ups-อุดรธานี","src/content/serviceAreas/รับซื้อ-ups-อุดรธานี.md","service-x-location","รับซื้อ UPS และเครื่องสำรองไฟ อุดรธานี ประเมินราคาฟรี นัดรับหรือประสานขนส่งตามข้อตกลง | Amphon.co.th","100","รับซื้อ UPS และเครื่องสำรองไฟ ใน อุดรธานี ประเมินราคาตามประเภท รุ่น สเปก สภาพ จำนวน และความต้องการตลาด ประเมินราคาฟรีผ่าน Line ชำระเงินหลังตรวจสอบสินค้าและตกลงราคาเรียบร้อยแล้ว มีบริการนัดรับหรือประสานขนส่งตามข้อตกลง","216","รับซื้อ UPS และเครื่องสำรองไฟ อุดรธานี ประเมินราคาฟรี นัดรับหรือประสานขนส่งตามข้อตกลง","https://amphon.co.th/รับซื้อ/รับซื้อ-ups-อุดรธานี","yes","yes","service-x-location","title=LONG;desc=LONG","frontmatter+seoTitle(Amphon.co.th)","KEEP_BOTH_VALID","KEEP"
"/รับซื้อ/รับซื้อ-ups-อุบลราชธานี","src/content/serviceAreas/รับซื้อ-ups-อุบลราชธานี.md","service-x-location","รับซื้อ UPS และเครื่องสำรองไฟ อุบลราชธานี ประเมินราคาฟรี นัดรับหรือประสานขนส่งตามข้อตกลง | Amphon.co.th","103","รับซื้อ UPS และเครื่องสำรองไฟ ใน อุบลราชธานี ประเมินราคาตามประเภท รุ่น สเปก สภาพ จำนวน และความต้องการตลาด ประเมินราคาฟรีผ่าน Line ชำระเงินหลังตรวจสอบสินค้าและตกลงราคาเรียบร้อยแล้ว มีบริการนัดรับหรือประสานขนส่งตามข้อตกลง","219","รับซื้อ UPS และเครื่องสำรองไฟ อุบลราชธานี ประเมินราคาฟรี นัดรับหรือประสานขนส่งตามข้อตกลง","https://amphon.co.th/รับซื้อ/รับซื้อ-ups-อุบลราชธานี","yes","yes","service-x-location","title=LONG;desc=LONG","frontmatter+seoTitle(Amphon.co.th)","KEEP_BOTH_VALID","KEEP"
"/รับซื้อ/รับซื้อ-ups-เลย","src/content/serviceAreas/รับซื้อ-ups-เลย.md","service-x-location","รับซื้อ UPS และเครื่องสำรองไฟ เลย ประเมินราคาฟรี นัดรับหรือประสานขนส่งตามข้อตกลง | Amphon.co.th","95","รับซื้อ UPS และเครื่องสำรองไฟ ใน เลย ประเมินราคาตามประเภท รุ่น สเปก สภาพ จำนวน และความต้องการตลาด ประเมินราคาฟรีผ่าน Line ชำระเงินหลังตรวจสอบสินค้าและตกลงราคาเรียบร้อยแล้ว มีบริการนัดรับหรือประสานขนส่งตามข้อตกลง","211","รับซื้อ UPS และเครื่องสำรองไฟ เลย ประเมินราคาฟรี นัดรับหรือประสานขนส่งตามข้อตกลง","https://amphon.co.th/รับซื้อ/รับซื้อ-ups-เลย","yes","yes","service-x-location","title=LONG;desc=LONG","frontmatter+seoTitle(Amphon.co.th)","KEEP_BOTH_VALID","KEEP"
"/รับซื้อ/รับซื้อของสะสม-กาฬสินธุ์","src/content/serviceAreas/รับซื้อของสะสม-กาฬสินธุ์.md","service-x-location","รับซื้อ ของสะสมและเครื่องดนตรี กาฬสินธุ์ ประเมินราคาฟรี นัดรับหรือประสานขนส่งตามข้อตกลง | Amphon.co.th","102","รับซื้อ ของสะสมและเครื่องดนตรี ใน กาฬสินธุ์ ประเมินราคาตามประเภท รุ่น สเปก สภาพ จำนวน และความต้องการตลาด ประเมินราคาฟรีผ่าน Line ชำระเงินหลังตรวจสอบสินค้าและตกลงราคาเรียบร้อยแล้ว มีบริการนัดรับหรือประสานขนส่งตามข้อตกลง","218","รับซื้อ ของสะสมและเครื่องดนตรี กาฬสินธุ์ ประเมินราคาฟรี นัดรับหรือประสานขนส่งตามข้อตกลง","https://amphon.co.th/รับซื้อ/รับซื้อของสะสม-กาฬสินธุ์","yes","yes","service-x-location","title=LONG;desc=LONG","frontmatter+seoTitle(Amphon.co.th)","KEEP_BOTH_VALID","KEEP"
"/รับซื้อ/รับซื้อของสะสม-ขอนแก่น","src/content/serviceAreas/รับซื้อของสะสม-ขอนแก่น.md","service-x-location","รับซื้อ ของสะสมและเครื่องดนตรี ขอนแก่น ประเมินราคาฟรี นัดรับหรือประสานขนส่งตามข้อตกลง | Amphon.co.th","100","รับซื้อ ของสะสมและเครื่องดนตรี ใน ขอนแก่น ประเมินราคาตามประเภท รุ่น สเปก สภาพ จำนวน และความต้องการตลาด ประเมินราคาฟรีผ่าน Line ชำระเงินหลังตรวจสอบสินค้าและตกลงราคาเรียบร้อยแล้ว มีบริการนัดรับหรือประสานขนส่งตามข้อตกลง","216","รับซื้อ ของสะสมและเครื่องดนตรี ขอนแก่น ประเมินราคาฟรี นัดรับหรือประสานขนส่งตามข้อตกลง","https://amphon.co.th/รับซื้อ/รับซื้อของสะสม-ขอนแก่น","yes","yes","service-x-location","title=LONG;desc=LONG","frontmatter+seoTitle(Amphon.co.th)","KEEP_BOTH_VALID","KEEP"
"/รับซื้อ/รับซื้อของสะสม-ชัยภูมิ","src/content/serviceAreas/รับซื้อของสะสม-ชัยภูมิ.md","service-x-location","รับซื้อ ของสะสมและเครื่องดนตรี ชัยภูมิ ประเมินราคาฟรี นัดรับหรือประสานขนส่งตามข้อตกลง | Amphon.co.th","100","รับซื้อ ของสะสมและเครื่องดนตรี ใน ชัยภูมิ ประเมินราคาตามประเภท รุ่น สเปก สภาพ จำนวน และความต้องการตลาด ประเมินราคาฟรีผ่าน Line ชำระเงินหลังตรวจสอบสินค้าและตกลงราคาเรียบร้อยแล้ว มีบริการนัดรับหรือประสานขนส่งตามข้อตกลง","216","รับซื้อ ของสะสมและเครื่องดนตรี ชัยภูมิ ประเมินราคาฟรี นัดรับหรือประสานขนส่งตามข้อตกลง","https://amphon.co.th/รับซื้อ/รับซื้อของสะสม-ชัยภูมิ","yes","yes","service-x-location","title=LONG;desc=LONG","frontmatter+seoTitle(Amphon.co.th)","KEEP_BOTH_VALID","KEEP"
"/รับซื้อ/รับซื้อของสะสม-นครพนม","src/content/serviceAreas/รับซื้อของสะสม-นครพนม.md","service-x-location","รับซื้อ ของสะสมและเครื่องดนตรี นครพนม ประเมินราคาฟรี นัดรับหรือประสานขนส่งตามข้อตกลง | Amphon.co.th","99","รับซื้อ ของสะสมและเครื่องดนตรี ใน นครพนม ประเมินราคาตามประเภท รุ่น สเปก สภาพ จำนวน และความต้องการตลาด ประเมินราคาฟรีผ่าน Line ชำระเงินหลังตรวจสอบสินค้าและตกลงราคาเรียบร้อยแล้ว มีบริการนัดรับหรือประสานขนส่งตามข้อตกลง","215","รับซื้อ ของสะสมและเครื่องดนตรี นครพนม ประเมินราคาฟรี นัดรับหรือประสานขนส่งตามข้อตกลง","https://amphon.co.th/รับซื้อ/รับซื้อของสะสม-นครพนม","yes","yes","service-x-location","title=LONG;desc=LONG","frontmatter+seoTitle(Amphon.co.th)","KEEP_BOTH_VALID","KEEP"
"/รับซื้อ/รับซื้อของสะสม-นครราชสีมา","src/content/serviceAreas/รับซื้อของสะสม-นครราชสีมา.md","service-x-location","รับซื้อ ของสะสมและเครื่องดนตรี นครราชสีมา ประเมินราคาฟรี นัดรับหรือประสานขนส่งตามข้อตกลง | Amphon.co.th","103","รับซื้อ ของสะสมและเครื่องดนตรี ใน นครราชสีมา ประเมินราคาตามประเภท รุ่น สเปก สภาพ จำนวน และความต้องการตลาด ประเมินราคาฟรีผ่าน Line ชำระเงินหลังตรวจสอบสินค้าและตกลงราคาเรียบร้อยแล้ว มีบริการนัดรับหรือประสานขนส่งตามข้อตกลง","219","รับซื้อ ของสะสมและเครื่องดนตรี นครราชสีมา ประเมินราคาฟรี นัดรับหรือประสานขนส่งตามข้อตกลง","https://amphon.co.th/รับซื้อ/รับซื้อของสะสม-นครราชสีมา","yes","yes","service-x-location","title=LONG;desc=LONG","frontmatter+seoTitle(Amphon.co.th)","KEEP_BOTH_VALID","KEEP"
"/รับซื้อ/รับซื้อของสะสม-บึงกาฬ","src/content/serviceAreas/รับซื้อของสะสม-บึงกาฬ.md","service-x-location","รับซื้อ ของสะสมและเครื่องดนตรี บึงกาฬ ประเมินราคาฟรี นัดรับหรือประสานขนส่งตามข้อตกลง | Amphon.co.th","99","รับซื้อ ของสะสมและเครื่องดนตรี ใน บึงกาฬ ประเมินราคาตามประเภท รุ่น สเปก สภาพ จำนวน และความต้องการตลาด ประเมินราคาฟรีผ่าน Line ชำระเงินหลังตรวจสอบสินค้าและตกลงราคาเรียบร้อยแล้ว มีบริการนัดรับหรือประสานขนส่งตามข้อตกลง","215","รับซื้อ ของสะสมและเครื่องดนตรี บึงกาฬ ประเมินราคาฟรี นัดรับหรือประสานขนส่งตามข้อตกลง","https://amphon.co.th/รับซื้อ/รับซื้อของสะสม-บึงกาฬ","yes","yes","service-x-location","title=LONG;desc=LONG","frontmatter+seoTitle(Amphon.co.th)","KEEP_BOTH_VALID","KEEP"
"/รับซื้อ/รับซื้อของสะสม-บุรีรัมย์","src/content/serviceAreas/รับซื้อของสะสม-บุรีรัมย์.md","service-x-location","รับซื้อ ของสะสมและเครื่องดนตรี บุรีรัมย์ ประเมินราคาฟรี นัดรับหรือประสานขนส่งตามข้อตกลง | Amphon.co.th","102","รับซื้อ ของสะสมและเครื่องดนตรี ใน บุรีรัมย์ ประเมินราคาตามประเภท รุ่น สเปก สภาพ จำนวน และความต้องการตลาด ประเมินราคาฟรีผ่าน Line ชำระเงินหลังตรวจสอบสินค้าและตกลงราคาเรียบร้อยแล้ว มีบริการนัดรับหรือประสานขนส่งตามข้อตกลง","218","รับซื้อ ของสะสมและเครื่องดนตรี บุรีรัมย์ ประเมินราคาฟรี นัดรับหรือประสานขนส่งตามข้อตกลง","https://amphon.co.th/รับซื้อ/รับซื้อของสะสม-บุรีรัมย์","yes","yes","service-x-location","title=LONG;desc=LONG","frontmatter+seoTitle(Amphon.co.th)","KEEP_BOTH_VALID","KEEP"
"/รับซื้อ/รับซื้อของสะสม-มหาสารคาม","src/content/serviceAreas/รับซื้อของสะสม-มหาสารคาม.md","service-x-location","รับซื้อ ของสะสมและเครื่องดนตรี มหาสารคาม ประเมินราคาฟรี นัดรับหรือประสานขนส่งตามข้อตกลง | Amphon.co.th","102","รับซื้อ ของสะสมและเครื่องดนตรี ใน มหาสารคาม ประเมินราคาตามประเภท รุ่น สเปก สภาพ จำนวน และความต้องการตลาด ประเมินราคาฟรีผ่าน Line ชำระเงินหลังตรวจสอบสินค้าและตกลงราคาเรียบร้อยแล้ว มีบริการนัดรับหรือประสานขนส่งตามข้อตกลง","218","รับซื้อ ของสะสมและเครื่องดนตรี มหาสารคาม ประเมินราคาฟรี นัดรับหรือประสานขนส่งตามข้อตกลง","https://amphon.co.th/รับซื้อ/รับซื้อของสะสม-มหาสารคาม","yes","yes","service-x-location","title=LONG;desc=LONG","frontmatter+seoTitle(Amphon.co.th)","KEEP_BOTH_VALID","KEEP"
"/รับซื้อ/รับซื้อของสะสม-มุกดาหาร","src/content/serviceAreas/รับซื้อของสะสม-มุกดาหาร.md","service-x-location","รับซื้อ ของสะสมและเครื่องดนตรี มุกดาหาร ประเมินราคาฟรี นัดรับหรือประสานขนส่งตามข้อตกลง | Amphon.co.th","101","รับซื้อ ของสะสมและเครื่องดนตรี ใน มุกดาหาร ประเมินราคาตามประเภท รุ่น สเปก สภาพ จำนวน และความต้องการตลาด ประเมินราคาฟรีผ่าน Line ชำระเงินหลังตรวจสอบสินค้าและตกลงราคาเรียบร้อยแล้ว มีบริการนัดรับหรือประสานขนส่งตามข้อตกลง","217","รับซื้อ ของสะสมและเครื่องดนตรี มุกดาหาร ประเมินราคาฟรี นัดรับหรือประสานขนส่งตามข้อตกลง","https://amphon.co.th/รับซื้อ/รับซื้อของสะสม-มุกดาหาร","yes","yes","service-x-location","title=LONG;desc=LONG","frontmatter+seoTitle(Amphon.co.th)","KEEP_BOTH_VALID","KEEP"
"/รับซื้อ/รับซื้อของสะสม-ยโสธร","src/content/serviceAreas/รับซื้อของสะสม-ยโสธร.md","service-x-location","รับซื้อ ของสะสมและเครื่องดนตรี ยโสธร ประเมินราคาฟรี นัดรับหรือประสานขนส่งตามข้อตกลง | Amphon.co.th","98","รับซื้อ ของสะสมและเครื่องดนตรี ใน ยโสธร ประเมินราคาตามประเภท รุ่น สเปก สภาพ จำนวน และความต้องการตลาด ประเมินราคาฟรีผ่าน Line ชำระเงินหลังตรวจสอบสินค้าและตกลงราคาเรียบร้อยแล้ว มีบริการนัดรับหรือประสานขนส่งตามข้อตกลง","214","รับซื้อ ของสะสมและเครื่องดนตรี ยโสธร ประเมินราคาฟรี นัดรับหรือประสานขนส่งตามข้อตกลง","https://amphon.co.th/รับซื้อ/รับซื้อของสะสม-ยโสธร","yes","yes","service-x-location","title=LONG;desc=LONG","frontmatter+seoTitle(Amphon.co.th)","KEEP_BOTH_VALID","KEEP"
"/รับซื้อ/รับซื้อของสะสม-ร้อยเอ็ด","src/content/serviceAreas/รับซื้อของสะสม-ร้อยเอ็ด.md","service-x-location","รับซื้อ ของสะสมและเครื่องดนตรี ร้อยเอ็ด ประเมินราคาฟรี นัดรับหรือประสานขนส่งตามข้อตกลง | Amphon.co.th","101","รับซื้อ ของสะสมและเครื่องดนตรี ใน ร้อยเอ็ด ประเมินราคาตามประเภท รุ่น สเปก สภาพ จำนวน และความต้องการตลาด ประเมินราคาฟรีผ่าน Line ชำระเงินหลังตรวจสอบสินค้าและตกลงราคาเรียบร้อยแล้ว มีบริการนัดรับหรือประสานขนส่งตามข้อตกลง","217","รับซื้อ ของสะสมและเครื่องดนตรี ร้อยเอ็ด ประเมินราคาฟรี นัดรับหรือประสานขนส่งตามข้อตกลง","https://amphon.co.th/รับซื้อ/รับซื้อของสะสม-ร้อยเอ็ด","yes","yes","service-x-location","title=LONG;desc=LONG","frontmatter+seoTitle(Amphon.co.th)","KEEP_BOTH_VALID","KEEP"
"/รับซื้อ/รับซื้อของสะสม-ศรีสะเกษ","src/content/serviceAreas/รับซื้อของสะสม-ศรีสะเกษ.md","service-x-location","รับซื้อ ของสะสมและเครื่องดนตรี ศรีสะเกษ ประเมินราคาฟรี นัดรับหรือประสานขนส่งตามข้อตกลง | Amphon.co.th","101","รับซื้อ ของสะสมและเครื่องดนตรี ใน ศรีสะเกษ ประเมินราคาตามประเภท รุ่น สเปก สภาพ จำนวน และความต้องการตลาด ประเมินราคาฟรีผ่าน Line ชำระเงินหลังตรวจสอบสินค้าและตกลงราคาเรียบร้อยแล้ว มีบริการนัดรับหรือประสานขนส่งตามข้อตกลง","217","รับซื้อ ของสะสมและเครื่องดนตรี ศรีสะเกษ ประเมินราคาฟรี นัดรับหรือประสานขนส่งตามข้อตกลง","https://amphon.co.th/รับซื้อ/รับซื้อของสะสม-ศรีสะเกษ","yes","yes","service-x-location","title=LONG;desc=LONG","frontmatter+seoTitle(Amphon.co.th)","KEEP_BOTH_VALID","KEEP"
"/รับซื้อ/รับซื้อของสะสม-สกลนคร","src/content/serviceAreas/รับซื้อของสะสม-สกลนคร.md","service-x-location","รับซื้อ ของสะสมและเครื่องดนตรี สกลนคร ประเมินราคาฟรี นัดรับหรือประสานขนส่งตามข้อตกลง | Amphon.co.th","99","รับซื้อ ของสะสมและเครื่องดนตรี ใน สกลนคร ประเมินราคาตามประเภท รุ่น สเปก สภาพ จำนวน และความต้องการตลาด ประเมินราคาฟรีผ่าน Line ชำระเงินหลังตรวจสอบสินค้าและตกลงราคาเรียบร้อยแล้ว มีบริการนัดรับหรือประสานขนส่งตามข้อตกลง","215","รับซื้อ ของสะสมและเครื่องดนตรี สกลนคร ประเมินราคาฟรี นัดรับหรือประสานขนส่งตามข้อตกลง","https://amphon.co.th/รับซื้อ/รับซื้อของสะสม-สกลนคร","yes","yes","service-x-location","title=LONG;desc=LONG","frontmatter+seoTitle(Amphon.co.th)","KEEP_BOTH_VALID","KEEP"
"/รับซื้อ/รับซื้อของสะสม-สุรินทร์","src/content/serviceAreas/รับซื้อของสะสม-สุรินทร์.md","service-x-location","รับซื้อ ของสะสมและเครื่องดนตรี สุรินทร์ ประเมินราคาฟรี นัดรับหรือประสานขนส่งตามข้อตกลง | Amphon.co.th","101","รับซื้อ ของสะสมและเครื่องดนตรี ใน สุรินทร์ ประเมินราคาตามประเภท รุ่น สเปก สภาพ จำนวน และความต้องการตลาด ประเมินราคาฟรีผ่าน Line ชำระเงินหลังตรวจสอบสินค้าและตกลงราคาเรียบร้อยแล้ว มีบริการนัดรับหรือประสานขนส่งตามข้อตกลง","217","รับซื้อ ของสะสมและเครื่องดนตรี สุรินทร์ ประเมินราคาฟรี นัดรับหรือประสานขนส่งตามข้อตกลง","https://amphon.co.th/รับซื้อ/รับซื้อของสะสม-สุรินทร์","yes","yes","service-x-location","title=LONG;desc=LONG","frontmatter+seoTitle(Amphon.co.th)","KEEP_BOTH_VALID","KEEP"
"/รับซื้อ/รับซื้อของสะสม-หนองคาย","src/content/serviceAreas/รับซื้อของสะสม-หนองคาย.md","service-x-location","รับซื้อ ของสะสมและเครื่องดนตรี หนองคาย ประเมินราคาฟรี นัดรับหรือประสานขนส่งตามข้อตกลง | Amphon.co.th","100","รับซื้อ ของสะสมและเครื่องดนตรี ใน หนองคาย ประเมินราคาตามประเภท รุ่น สเปก สภาพ จำนวน และความต้องการตลาด ประเมินราคาฟรีผ่าน Line ชำระเงินหลังตรวจสอบสินค้าและตกลงราคาเรียบร้อยแล้ว มีบริการนัดรับหรือประสานขนส่งตามข้อตกลง","216","รับซื้อ ของสะสมและเครื่องดนตรี หนองคาย ประเมินราคาฟรี นัดรับหรือประสานขนส่งตามข้อตกลง","https://amphon.co.th/รับซื้อ/รับซื้อของสะสม-หนองคาย","yes","yes","service-x-location","title=LONG;desc=LONG","frontmatter+seoTitle(Amphon.co.th)","KEEP_BOTH_VALID","KEEP"
"/รับซื้อ/รับซื้อของสะสม-หนองบัวลำภู","src/content/serviceAreas/รับซื้อของสะสม-หนองบัวลำภู.md","service-x-location","รับซื้อ ของสะสมและเครื่องดนตรี หนองบัวลำภู ประเมินราคาฟรี นัดรับหรือประสานขนส่งตามข้อตกลง | Amphon.co.th","104","รับซื้อ ของสะสมและเครื่องดนตรี ใน หนองบัวลำภู ประเมินราคาตามประเภท รุ่น สเปก สภาพ จำนวน และความต้องการตลาด ประเมินราคาฟรีผ่าน Line ชำระเงินหลังตรวจสอบสินค้าและตกลงราคาเรียบร้อยแล้ว มีบริการนัดรับหรือประสานขนส่งตามข้อตกลง","220","รับซื้อ ของสะสมและเครื่องดนตรี หนองบัวลำภู ประเมินราคาฟรี นัดรับหรือประสานขนส่งตามข้อตกลง","https://amphon.co.th/รับซื้อ/รับซื้อของสะสม-หนองบัวลำภู","yes","yes","service-x-location","title=LONG;desc=LONG","frontmatter+seoTitle(Amphon.co.th)","KEEP_BOTH_VALID","KEEP"
"/รับซื้อ/รับซื้อของสะสม-อำนาจเจริญ","src/content/serviceAreas/รับซื้อของสะสม-อำนาจเจริญ.md","service-x-location","รับซื้อ ของสะสมและเครื่องดนตรี อำนาจเจริญ ประเมินราคาฟรี นัดรับหรือประสานขนส่งตามข้อตกลง | Amphon.co.th","103","รับซื้อ ของสะสมและเครื่องดนตรี ใน อำนาจเจริญ ประเมินราคาตามประเภท รุ่น สเปก สภาพ จำนวน และความต้องการตลาด ประเมินราคาฟรีผ่าน Line ชำระเงินหลังตรวจสอบสินค้าและตกลงราคาเรียบร้อยแล้ว มีบริการนัดรับหรือประสานขนส่งตามข้อตกลง","219","รับซื้อ ของสะสมและเครื่องดนตรี อำนาจเจริญ ประเมินราคาฟรี นัดรับหรือประสานขนส่งตามข้อตกลง","https://amphon.co.th/รับซื้อ/รับซื้อของสะสม-อำนาจเจริญ","yes","yes","service-x-location","title=LONG;desc=LONG","frontmatter+seoTitle(Amphon.co.th)","KEEP_BOTH_VALID","KEEP"
"/รับซื้อ/รับซื้อของสะสม-อุดรธานี","src/content/serviceAreas/รับซื้อของสะสม-อุดรธานี.md","service-x-location","รับซื้อ ของสะสมและเครื่องดนตรี อุดรธานี ประเมินราคาฟรี นัดรับหรือประสานขนส่งตามข้อตกลง | Amphon.co.th","101","รับซื้อ ของสะสมและเครื่องดนตรี ใน อุดรธานี ประเมินราคาตามประเภท รุ่น สเปก สภาพ จำนวน และความต้องการตลาด ประเมินราคาฟรีผ่าน Line ชำระเงินหลังตรวจสอบสินค้าและตกลงราคาเรียบร้อยแล้ว มีบริการนัดรับหรือประสานขนส่งตามข้อตกลง","217","รับซื้อ ของสะสมและเครื่องดนตรี อุดรธานี ประเมินราคาฟรี นัดรับหรือประสานขนส่งตามข้อตกลง","https://amphon.co.th/รับซื้อ/รับซื้อของสะสม-อุดรธานี","yes","yes","service-x-location","title=LONG;desc=LONG","frontmatter+seoTitle(Amphon.co.th)","KEEP_BOTH_VALID","KEEP"
"/รับซื้อ/รับซื้อของสะสม-อุบลราชธานี","src/content/serviceAreas/รับซื้อของสะสม-อุบลราชธานี.md","service-x-location","รับซื้อ ของสะสมและเครื่องดนตรี อุบลราชธานี ประเมินราคาฟรี นัดรับหรือประสานขนส่งตามข้อตกลง | Amphon.co.th","104","รับซื้อ ของสะสมและเครื่องดนตรี ใน อุบลราชธานี ประเมินราคาตามประเภท รุ่น สเปก สภาพ จำนวน และความต้องการตลาด ประเมินราคาฟรีผ่าน Line ชำระเงินหลังตรวจสอบสินค้าและตกลงราคาเรียบร้อยแล้ว มีบริการนัดรับหรือประสานขนส่งตามข้อตกลง","220","รับซื้อ ของสะสมและเครื่องดนตรี อุบลราชธานี ประเมินราคาฟรี นัดรับหรือประสานขนส่งตามข้อตกลง","https://amphon.co.th/รับซื้อ/รับซื้อของสะสม-อุบลราชธานี","yes","yes","service-x-location","title=LONG;desc=LONG","frontmatter+seoTitle(Amphon.co.th)","KEEP_BOTH_VALID","KEEP"
"/รับซื้อ/รับซื้อของสะสม-เลย","src/content/serviceAreas/รับซื้อของสะสม-เลย.md","service-x-location","รับซื้อ ของสะสมและเครื่องดนตรี เลย ประเมินราคาฟรี นัดรับหรือประสานขนส่งตามข้อตกลง | Amphon.co.th","96","รับซื้อ ของสะสมและเครื่องดนตรี ใน เลย ประเมินราคาตามประเภท รุ่น สเปก สภาพ จำนวน และความต้องการตลาด ประเมินราคาฟรีผ่าน Line ชำระเงินหลังตรวจสอบสินค้าและตกลงราคาเรียบร้อยแล้ว มีบริการนัดรับหรือประสานขนส่งตามข้อตกลง","212","รับซื้อ ของสะสมและเครื่องดนตรี เลย ประเมินราคาฟรี นัดรับหรือประสานขนส่งตามข้อตกลง","https://amphon.co.th/รับซื้อ/รับซื้อของสะสม-เลย","yes","yes","service-x-location","title=LONG;desc=LONG","frontmatter+seoTitle(Amphon.co.th)","KEEP_BOTH_VALID","KEEP"
"/รับซื้อ/รับซื้อคอมพิวเตอร์-อุบลราชธานี","src/content/serviceAreas/รับซื้อคอมพิวเตอร์-อุบลราชธานี.md","service-x-location","รับซื้อคอมพิวเตอร์ มือสอง อุบลราชธานี ประเมินราคาเบื้องต้น | Amphon.co.th","73","รับซื้อคอมพิวเตอร์ ในอุบลราชธานี ประเมินราคาฟรี ส่งรูปเช็กราคาได้ ชำระเงินหลังตรวจสอบสินค้าและตกลงราคาเรียบร้อยแล้ว รับซื้อคอมประกอบ Gaming PC คอมสำนักงาน ติดต่อ Line @webuy โทร 0642579353","188","รับซื้อคอมพิวเตอร์ อุบลราชธานี คอมประกอบ Gaming PC ประเมินราคาเบื้องต้น","https://amphon.co.th/รับซื้อ/รับซื้อคอมพิวเตอร์-อุบลราชธานี","yes","yes","service-x-location","title=LONG;desc=LONG","frontmatter+seoTitle(Amphon.co.th)","KEEP_BOTH_VALID","KEEP"
"/รับซื้อ/รับซื้อทีวี-กาฬสินธุ์","src/content/serviceAreas/รับซื้อทีวี-กาฬสินธุ์.md","service-x-location","รับซื้อ ทีวีและโทรทัศน์ กาฬสินธุ์ ประเมินราคาฟรี นัดรับหรือประสานขนส่งตามข้อตกลง | Amphon.co.th","95","รับซื้อ ทีวีและโทรทัศน์ ใน กาฬสินธุ์ ประเมินราคาตามประเภท รุ่น สเปก สภาพ จำนวน และความต้องการตลาด ประเมินราคาฟรีผ่าน Line ชำระเงินหลังตรวจสอบสินค้าและตกลงราคาเรียบร้อยแล้ว มีบริการนัดรับหรือประสานขนส่งตามข้อตกลง","211","รับซื้อ ทีวีและโทรทัศน์ กาฬสินธุ์ ประเมินราคาฟรี นัดรับหรือประสานขนส่งตามข้อตกลง","https://amphon.co.th/รับซื้อ/รับซื้อทีวี-กาฬสินธุ์","yes","yes","service-x-location","title=LONG;desc=LONG","frontmatter+seoTitle(Amphon.co.th)","KEEP_BOTH_VALID","KEEP"
"/รับซื้อ/รับซื้อทีวี-ขอนแก่น","src/content/serviceAreas/รับซื้อทีวี-ขอนแก่น.md","service-x-location","รับซื้อ ทีวีและโทรทัศน์ ขอนแก่น ประเมินราคาฟรี นัดรับหรือประสานขนส่งตามข้อตกลง | Amphon.co.th","93","รับซื้อ ทีวีและโทรทัศน์ ใน ขอนแก่น ประเมินราคาตามประเภท รุ่น สเปก สภาพ จำนวน และความต้องการตลาด ประเมินราคาฟรีผ่าน Line ชำระเงินหลังตรวจสอบสินค้าและตกลงราคาเรียบร้อยแล้ว มีบริการนัดรับหรือประสานขนส่งตามข้อตกลง","209","รับซื้อ ทีวีและโทรทัศน์ ขอนแก่น ประเมินราคาฟรี นัดรับหรือประสานขนส่งตามข้อตกลง","https://amphon.co.th/รับซื้อ/รับซื้อทีวี-ขอนแก่น","yes","yes","service-x-location","title=LONG;desc=LONG","frontmatter+seoTitle(Amphon.co.th)","KEEP_BOTH_VALID","KEEP"
"/รับซื้อ/รับซื้อทีวี-ชัยภูมิ","src/content/serviceAreas/รับซื้อทีวี-ชัยภูมิ.md","service-x-location","รับซื้อ ทีวีและโทรทัศน์ ชัยภูมิ ประเมินราคาฟรี นัดรับหรือประสานขนส่งตามข้อตกลง | Amphon.co.th","93","รับซื้อ ทีวีและโทรทัศน์ ใน ชัยภูมิ ประเมินราคาตามประเภท รุ่น สเปก สภาพ จำนวน และความต้องการตลาด ประเมินราคาฟรีผ่าน Line ชำระเงินหลังตรวจสอบสินค้าและตกลงราคาเรียบร้อยแล้ว มีบริการนัดรับหรือประสานขนส่งตามข้อตกลง","209","รับซื้อ ทีวีและโทรทัศน์ ชัยภูมิ ประเมินราคาฟรี นัดรับหรือประสานขนส่งตามข้อตกลง","https://amphon.co.th/รับซื้อ/รับซื้อทีวี-ชัยภูมิ","yes","yes","service-x-location","title=LONG;desc=LONG","frontmatter+seoTitle(Amphon.co.th)","KEEP_BOTH_VALID","KEEP"
"/รับซื้อ/รับซื้อทีวี-นครพนม","src/content/serviceAreas/รับซื้อทีวี-นครพนม.md","service-x-location","รับซื้อ ทีวีและโทรทัศน์ นครพนม ประเมินราคาฟรี นัดรับหรือประสานขนส่งตามข้อตกลง | Amphon.co.th","92","รับซื้อ ทีวีและโทรทัศน์ ใน นครพนม ประเมินราคาตามประเภท รุ่น สเปก สภาพ จำนวน และความต้องการตลาด ประเมินราคาฟรีผ่าน Line ชำระเงินหลังตรวจสอบสินค้าและตกลงราคาเรียบร้อยแล้ว มีบริการนัดรับหรือประสานขนส่งตามข้อตกลง","208","รับซื้อ ทีวีและโทรทัศน์ นครพนม ประเมินราคาฟรี นัดรับหรือประสานขนส่งตามข้อตกลง","https://amphon.co.th/รับซื้อ/รับซื้อทีวี-นครพนม","yes","yes","service-x-location","title=LONG;desc=LONG","frontmatter+seoTitle(Amphon.co.th)","KEEP_BOTH_VALID","KEEP"
"/รับซื้อ/รับซื้อทีวี-นครราชสีมา","src/content/serviceAreas/รับซื้อทีวี-นครราชสีมา.md","service-x-location","รับซื้อ ทีวีและโทรทัศน์ นครราชสีมา ประเมินราคาฟรี นัดรับหรือประสานขนส่งตามข้อตกลง | Amphon.co.th","96","รับซื้อ ทีวีและโทรทัศน์ ใน นครราชสีมา ประเมินราคาตามประเภท รุ่น สเปก สภาพ จำนวน และความต้องการตลาด ประเมินราคาฟรีผ่าน Line ชำระเงินหลังตรวจสอบสินค้าและตกลงราคาเรียบร้อยแล้ว มีบริการนัดรับหรือประสานขนส่งตามข้อตกลง","212","รับซื้อ ทีวีและโทรทัศน์ นครราชสีมา ประเมินราคาฟรี นัดรับหรือประสานขนส่งตามข้อตกลง","https://amphon.co.th/รับซื้อ/รับซื้อทีวี-นครราชสีมา","yes","yes","service-x-location","title=LONG;desc=LONG","frontmatter+seoTitle(Amphon.co.th)","KEEP_BOTH_VALID","KEEP"
"/รับซื้อ/รับซื้อทีวี-บึงกาฬ","src/content/serviceAreas/รับซื้อทีวี-บึงกาฬ.md","service-x-location","รับซื้อ ทีวีและโทรทัศน์ บึงกาฬ ประเมินราคาฟรี นัดรับหรือประสานขนส่งตามข้อตกลง | Amphon.co.th","92","รับซื้อ ทีวีและโทรทัศน์ ใน บึงกาฬ ประเมินราคาตามประเภท รุ่น สเปก สภาพ จำนวน และความต้องการตลาด ประเมินราคาฟรีผ่าน Line ชำระเงินหลังตรวจสอบสินค้าและตกลงราคาเรียบร้อยแล้ว มีบริการนัดรับหรือประสานขนส่งตามข้อตกลง","208","รับซื้อ ทีวีและโทรทัศน์ บึงกาฬ ประเมินราคาฟรี นัดรับหรือประสานขนส่งตามข้อตกลง","https://amphon.co.th/รับซื้อ/รับซื้อทีวี-บึงกาฬ","yes","yes","service-x-location","title=LONG;desc=LONG","frontmatter+seoTitle(Amphon.co.th)","KEEP_BOTH_VALID","KEEP"
"/รับซื้อ/รับซื้อทีวี-บุรีรัมย์","src/content/serviceAreas/รับซื้อทีวี-บุรีรัมย์.md","service-x-location","รับซื้อ ทีวีและโทรทัศน์ บุรีรัมย์ ประเมินราคาฟรี นัดรับหรือประสานขนส่งตามข้อตกลง | Amphon.co.th","95","รับซื้อ ทีวีและโทรทัศน์ ใน บุรีรัมย์ ประเมินราคาตามประเภท รุ่น สเปก สภาพ จำนวน และความต้องการตลาด ประเมินราคาฟรีผ่าน Line ชำระเงินหลังตรวจสอบสินค้าและตกลงราคาเรียบร้อยแล้ว มีบริการนัดรับหรือประสานขนส่งตามข้อตกลง","211","รับซื้อ ทีวีและโทรทัศน์ บุรีรัมย์ ประเมินราคาฟรี นัดรับหรือประสานขนส่งตามข้อตกลง","https://amphon.co.th/รับซื้อ/รับซื้อทีวี-บุรีรัมย์","yes","yes","service-x-location","title=LONG;desc=LONG","frontmatter+seoTitle(Amphon.co.th)","KEEP_BOTH_VALID","KEEP"
"/รับซื้อ/รับซื้อทีวี-มหาสารคาม","src/content/serviceAreas/รับซื้อทีวี-มหาสารคาม.md","service-x-location","รับซื้อ ทีวีและโทรทัศน์ มหาสารคาม ประเมินราคาฟรี นัดรับหรือประสานขนส่งตามข้อตกลง | Amphon.co.th","95","รับซื้อ ทีวีและโทรทัศน์ ใน มหาสารคาม ประเมินราคาตามประเภท รุ่น สเปก สภาพ จำนวน และความต้องการตลาด ประเมินราคาฟรีผ่าน Line ชำระเงินหลังตรวจสอบสินค้าและตกลงราคาเรียบร้อยแล้ว มีบริการนัดรับหรือประสานขนส่งตามข้อตกลง","211","รับซื้อ ทีวีและโทรทัศน์ มหาสารคาม ประเมินราคาฟรี นัดรับหรือประสานขนส่งตามข้อตกลง","https://amphon.co.th/รับซื้อ/รับซื้อทีวี-มหาสารคาม","yes","yes","service-x-location","title=LONG;desc=LONG","frontmatter+seoTitle(Amphon.co.th)","KEEP_BOTH_VALID","KEEP"
"/รับซื้อ/รับซื้อทีวี-มุกดาหาร","src/content/serviceAreas/รับซื้อทีวี-มุกดาหาร.md","service-x-location","รับซื้อ ทีวีและโทรทัศน์ มุกดาหาร ประเมินราคาฟรี นัดรับหรือประสานขนส่งตามข้อตกลง | Amphon.co.th","94","รับซื้อ ทีวีและโทรทัศน์ ใน มุกดาหาร ประเมินราคาตามประเภท รุ่น สเปก สภาพ จำนวน และความต้องการตลาด ประเมินราคาฟรีผ่าน Line ชำระเงินหลังตรวจสอบสินค้าและตกลงราคาเรียบร้อยแล้ว มีบริการนัดรับหรือประสานขนส่งตามข้อตกลง","210","รับซื้อ ทีวีและโทรทัศน์ มุกดาหาร ประเมินราคาฟรี นัดรับหรือประสานขนส่งตามข้อตกลง","https://amphon.co.th/รับซื้อ/รับซื้อทีวี-มุกดาหาร","yes","yes","service-x-location","title=LONG;desc=LONG","frontmatter+seoTitle(Amphon.co.th)","KEEP_BOTH_VALID","KEEP"
"/รับซื้อ/รับซื้อทีวี-ยโสธร","src/content/serviceAreas/รับซื้อทีวี-ยโสธร.md","service-x-location","รับซื้อ ทีวีและโทรทัศน์ ยโสธร ประเมินราคาฟรี นัดรับหรือประสานขนส่งตามข้อตกลง | Amphon.co.th","91","รับซื้อ ทีวีและโทรทัศน์ ใน ยโสธร ประเมินราคาตามประเภท รุ่น สเปก สภาพ จำนวน และความต้องการตลาด ประเมินราคาฟรีผ่าน Line ชำระเงินหลังตรวจสอบสินค้าและตกลงราคาเรียบร้อยแล้ว มีบริการนัดรับหรือประสานขนส่งตามข้อตกลง","207","รับซื้อ ทีวีและโทรทัศน์ ยโสธร ประเมินราคาฟรี นัดรับหรือประสานขนส่งตามข้อตกลง","https://amphon.co.th/รับซื้อ/รับซื้อทีวี-ยโสธร","yes","yes","service-x-location","title=LONG;desc=LONG","frontmatter+seoTitle(Amphon.co.th)","KEEP_BOTH_VALID","KEEP"
"/รับซื้อ/รับซื้อทีวี-ร้อยเอ็ด","src/content/serviceAreas/รับซื้อทีวี-ร้อยเอ็ด.md","service-x-location","รับซื้อ ทีวีและโทรทัศน์ ร้อยเอ็ด ประเมินราคาฟรี นัดรับหรือประสานขนส่งตามข้อตกลง | Amphon.co.th","94","รับซื้อ ทีวีและโทรทัศน์ ใน ร้อยเอ็ด ประเมินราคาตามประเภท รุ่น สเปก สภาพ จำนวน และความต้องการตลาด ประเมินราคาฟรีผ่าน Line ชำระเงินหลังตรวจสอบสินค้าและตกลงราคาเรียบร้อยแล้ว มีบริการนัดรับหรือประสานขนส่งตามข้อตกลง","210","รับซื้อ ทีวีและโทรทัศน์ ร้อยเอ็ด ประเมินราคาฟรี นัดรับหรือประสานขนส่งตามข้อตกลง","https://amphon.co.th/รับซื้อ/รับซื้อทีวี-ร้อยเอ็ด","yes","yes","service-x-location","title=LONG;desc=LONG","frontmatter+seoTitle(Amphon.co.th)","KEEP_BOTH_VALID","KEEP"
"/รับซื้อ/รับซื้อทีวี-ศรีสะเกษ","src/content/serviceAreas/รับซื้อทีวี-ศรีสะเกษ.md","service-x-location","รับซื้อ ทีวีและโทรทัศน์ ศรีสะเกษ ประเมินราคาฟรี นัดรับหรือประสานขนส่งตามข้อตกลง | Amphon.co.th","94","รับซื้อ ทีวีและโทรทัศน์ ใน ศรีสะเกษ ประเมินราคาตามประเภท รุ่น สเปก สภาพ จำนวน และความต้องการตลาด ประเมินราคาฟรีผ่าน Line ชำระเงินหลังตรวจสอบสินค้าและตกลงราคาเรียบร้อยแล้ว มีบริการนัดรับหรือประสานขนส่งตามข้อตกลง","210","รับซื้อ ทีวีและโทรทัศน์ ศรีสะเกษ ประเมินราคาฟรี นัดรับหรือประสานขนส่งตามข้อตกลง","https://amphon.co.th/รับซื้อ/รับซื้อทีวี-ศรีสะเกษ","yes","yes","service-x-location","title=LONG;desc=LONG","frontmatter+seoTitle(Amphon.co.th)","KEEP_BOTH_VALID","KEEP"
"/รับซื้อ/รับซื้อทีวี-สกลนคร","src/content/serviceAreas/รับซื้อทีวี-สกลนคร.md","service-x-location","รับซื้อ ทีวีและโทรทัศน์ สกลนคร ประเมินราคาฟรี นัดรับหรือประสานขนส่งตามข้อตกลง | Amphon.co.th","92","รับซื้อ ทีวีและโทรทัศน์ ใน สกลนคร ประเมินราคาตามประเภท รุ่น สเปก สภาพ จำนวน และความต้องการตลาด ประเมินราคาฟรีผ่าน Line ชำระเงินหลังตรวจสอบสินค้าและตกลงราคาเรียบร้อยแล้ว มีบริการนัดรับหรือประสานขนส่งตามข้อตกลง","208","รับซื้อ ทีวีและโทรทัศน์ สกลนคร ประเมินราคาฟรี นัดรับหรือประสานขนส่งตามข้อตกลง","https://amphon.co.th/รับซื้อ/รับซื้อทีวี-สกลนคร","yes","yes","service-x-location","title=LONG;desc=LONG","frontmatter+seoTitle(Amphon.co.th)","KEEP_BOTH_VALID","KEEP"
"/รับซื้อ/รับซื้อทีวี-สุรินทร์","src/content/serviceAreas/รับซื้อทีวี-สุรินทร์.md","service-x-location","รับซื้อ ทีวีและโทรทัศน์ สุรินทร์ ประเมินราคาฟรี นัดรับหรือประสานขนส่งตามข้อตกลง | Amphon.co.th","94","รับซื้อ ทีวีและโทรทัศน์ ใน สุรินทร์ ประเมินราคาตามประเภท รุ่น สเปก สภาพ จำนวน และความต้องการตลาด ประเมินราคาฟรีผ่าน Line ชำระเงินหลังตรวจสอบสินค้าและตกลงราคาเรียบร้อยแล้ว มีบริการนัดรับหรือประสานขนส่งตามข้อตกลง","210","รับซื้อ ทีวีและโทรทัศน์ สุรินทร์ ประเมินราคาฟรี นัดรับหรือประสานขนส่งตามข้อตกลง","https://amphon.co.th/รับซื้อ/รับซื้อทีวี-สุรินทร์","yes","yes","service-x-location","title=LONG;desc=LONG","frontmatter+seoTitle(Amphon.co.th)","KEEP_BOTH_VALID","KEEP"
"/รับซื้อ/รับซื้อทีวี-หนองคาย","src/content/serviceAreas/รับซื้อทีวี-หนองคาย.md","service-x-location","รับซื้อ ทีวีและโทรทัศน์ หนองคาย ประเมินราคาฟรี นัดรับหรือประสานขนส่งตามข้อตกลง | Amphon.co.th","93","รับซื้อ ทีวีและโทรทัศน์ ใน หนองคาย ประเมินราคาตามประเภท รุ่น สเปก สภาพ จำนวน และความต้องการตลาด ประเมินราคาฟรีผ่าน Line ชำระเงินหลังตรวจสอบสินค้าและตกลงราคาเรียบร้อยแล้ว มีบริการนัดรับหรือประสานขนส่งตามข้อตกลง","209","รับซื้อ ทีวีและโทรทัศน์ หนองคาย ประเมินราคาฟรี นัดรับหรือประสานขนส่งตามข้อตกลง","https://amphon.co.th/รับซื้อ/รับซื้อทีวี-หนองคาย","yes","yes","service-x-location","title=LONG;desc=LONG","frontmatter+seoTitle(Amphon.co.th)","KEEP_BOTH_VALID","KEEP"
"/รับซื้อ/รับซื้อทีวี-หนองบัวลำภู","src/content/serviceAreas/รับซื้อทีวี-หนองบัวลำภู.md","service-x-location","รับซื้อ ทีวีและโทรทัศน์ หนองบัวลำภู ประเมินราคาฟรี นัดรับหรือประสานขนส่งตามข้อตกลง | Amphon.co.th","97","รับซื้อ ทีวีและโทรทัศน์ ใน หนองบัวลำภู ประเมินราคาตามประเภท รุ่น สเปก สภาพ จำนวน และความต้องการตลาด ประเมินราคาฟรีผ่าน Line ชำระเงินหลังตรวจสอบสินค้าและตกลงราคาเรียบร้อยแล้ว มีบริการนัดรับหรือประสานขนส่งตามข้อตกลง","213","รับซื้อ ทีวีและโทรทัศน์ หนองบัวลำภู ประเมินราคาฟรี นัดรับหรือประสานขนส่งตามข้อตกลง","https://amphon.co.th/รับซื้อ/รับซื้อทีวี-หนองบัวลำภู","yes","yes","service-x-location","title=LONG;desc=LONG","frontmatter+seoTitle(Amphon.co.th)","KEEP_BOTH_VALID","KEEP"
"/รับซื้อ/รับซื้อทีวี-อำนาจเจริญ","src/content/serviceAreas/รับซื้อทีวี-อำนาจเจริญ.md","service-x-location","รับซื้อ ทีวีและโทรทัศน์ อำนาจเจริญ ประเมินราคาฟรี นัดรับหรือประสานขนส่งตามข้อตกลง | Amphon.co.th","96","รับซื้อ ทีวีและโทรทัศน์ ใน อำนาจเจริญ ประเมินราคาตามประเภท รุ่น สเปก สภาพ จำนวน และความต้องการตลาด ประเมินราคาฟรีผ่าน Line ชำระเงินหลังตรวจสอบสินค้าและตกลงราคาเรียบร้อยแล้ว มีบริการนัดรับหรือประสานขนส่งตามข้อตกลง","212","รับซื้อ ทีวีและโทรทัศน์ อำนาจเจริญ ประเมินราคาฟรี นัดรับหรือประสานขนส่งตามข้อตกลง","https://amphon.co.th/รับซื้อ/รับซื้อทีวี-อำนาจเจริญ","yes","yes","service-x-location","title=LONG;desc=LONG","frontmatter+seoTitle(Amphon.co.th)","KEEP_BOTH_VALID","KEEP"
"/รับซื้อ/รับซื้อทีวี-อุดรธานี","src/content/serviceAreas/รับซื้อทีวี-อุดรธานี.md","service-x-location","รับซื้อ ทีวีและโทรทัศน์ อุดรธานี ประเมินราคาฟรี นัดรับหรือประสานขนส่งตามข้อตกลง | Amphon.co.th","94","รับซื้อ ทีวีและโทรทัศน์ ใน อุดรธานี ประเมินราคาตามประเภท รุ่น สเปก สภาพ จำนวน และความต้องการตลาด ประเมินราคาฟรีผ่าน Line ชำระเงินหลังตรวจสอบสินค้าและตกลงราคาเรียบร้อยแล้ว มีบริการนัดรับหรือประสานขนส่งตามข้อตกลง","210","รับซื้อ ทีวีและโทรทัศน์ อุดรธานี ประเมินราคาฟรี นัดรับหรือประสานขนส่งตามข้อตกลง","https://amphon.co.th/รับซื้อ/รับซื้อทีวี-อุดรธานี","yes","yes","service-x-location","title=LONG;desc=LONG","frontmatter+seoTitle(Amphon.co.th)","KEEP_BOTH_VALID","KEEP"
"/รับซื้อ/รับซื้อทีวี-อุบลราชธานี","src/content/serviceAreas/รับซื้อทีวี-อุบลราชธานี.md","service-x-location","รับซื้อ ทีวีและโทรทัศน์ อุบลราชธานี ประเมินราคาฟรี นัดรับหรือประสานขนส่งตามข้อตกลง | Amphon.co.th","97","รับซื้อ ทีวีและโทรทัศน์ ใน อุบลราชธานี ประเมินราคาตามประเภท รุ่น สเปก สภาพ จำนวน และความต้องการตลาด ประเมินราคาฟรีผ่าน Line ชำระเงินหลังตรวจสอบสินค้าและตกลงราคาเรียบร้อยแล้ว มีบริการนัดรับหรือประสานขนส่งตามข้อตกลง","213","รับซื้อ ทีวีและโทรทัศน์ อุบลราชธานี ประเมินราคาฟรี นัดรับหรือประสานขนส่งตามข้อตกลง","https://amphon.co.th/รับซื้อ/รับซื้อทีวี-อุบลราชธานี","yes","yes","service-x-location","title=LONG;desc=LONG","frontmatter+seoTitle(Amphon.co.th)","KEEP_BOTH_VALID","KEEP"
"/รับซื้อ/รับซื้อทีวี-เลย","src/content/serviceAreas/รับซื้อทีวี-เลย.md","service-x-location","รับซื้อ ทีวีและโทรทัศน์ เลย ประเมินราคาฟรี นัดรับหรือประสานขนส่งตามข้อตกลง | Amphon.co.th","89","รับซื้อ ทีวีและโทรทัศน์ ใน เลย ประเมินราคาตามประเภท รุ่น สเปก สภาพ จำนวน และความต้องการตลาด ประเมินราคาฟรีผ่าน Line ชำระเงินหลังตรวจสอบสินค้าและตกลงราคาเรียบร้อยแล้ว มีบริการนัดรับหรือประสานขนส่งตามข้อตกลง","205","รับซื้อ ทีวีและโทรทัศน์ เลย ประเมินราคาฟรี นัดรับหรือประสานขนส่งตามข้อตกลง","https://amphon.co.th/รับซื้อ/รับซื้อทีวี-เลย","yes","yes","service-x-location","title=LONG;desc=LONG","frontmatter+seoTitle(Amphon.co.th)","KEEP_BOTH_VALID","KEEP"
"/รับซื้อ/รับซื้ออุปกรณ์-network-กาฬสินธุ์","src/content/serviceAreas/รับซื้ออุปกรณ์-network-กาฬสินธุ์.md","service-x-location","รับซื้อ อุปกรณ์ Network และ Switch กาฬสินธุ์ ประเมินราคาฟรี นัดรับหรือประสานขนส่งตามข้อตกลง | Amphon.co.th","106","รับซื้อ อุปกรณ์ Network และ Switch ใน กาฬสินธุ์ ประเมินราคาตามประเภท รุ่น สเปก สภาพ จำนวน และความต้องการตลาด ประเมินราคาฟรีผ่าน Line ชำระเงินหลังตรวจสอบสินค้าและตกลงราคาเรียบร้อยแล้ว มีบริการนัดรับหรือประสานขนส่งตามข้อตกลง","222","รับซื้อ อุปกรณ์ Network และ Switch กาฬสินธุ์ ประเมินราคาฟรี นัดรับหรือประสานขนส่งตามข้อตกลง","https://amphon.co.th/รับซื้อ/รับซื้ออุปกรณ์-network-กาฬสินธุ์","yes","yes","service-x-location","title=LONG;desc=LONG","frontmatter+seoTitle(Amphon.co.th)","KEEP_BOTH_VALID","KEEP"
"/รับซื้อ/รับซื้ออุปกรณ์-network-ขอนแก่น","src/content/serviceAreas/รับซื้ออุปกรณ์-network-ขอนแก่น.md","service-x-location","รับซื้อ อุปกรณ์ Network และ Switch ขอนแก่น ประเมินราคาฟรี นัดรับหรือประสานขนส่งตามข้อตกลง | Amphon.co.th","104","รับซื้อ อุปกรณ์ Network และ Switch ใน ขอนแก่น ประเมินราคาตามประเภท รุ่น สเปก สภาพ จำนวน และความต้องการตลาด ประเมินราคาฟรีผ่าน Line ชำระเงินหลังตรวจสอบสินค้าและตกลงราคาเรียบร้อยแล้ว มีบริการนัดรับหรือประสานขนส่งตามข้อตกลง","220","รับซื้อ อุปกรณ์ Network และ Switch ขอนแก่น ประเมินราคาฟรี นัดรับหรือประสานขนส่งตามข้อตกลง","https://amphon.co.th/รับซื้อ/รับซื้ออุปกรณ์-network-ขอนแก่น","yes","yes","service-x-location","title=LONG;desc=LONG","frontmatter+seoTitle(Amphon.co.th)","KEEP_BOTH_VALID","KEEP"
"/รับซื้อ/รับซื้ออุปกรณ์-network-ชัยภูมิ","src/content/serviceAreas/รับซื้ออุปกรณ์-network-ชัยภูมิ.md","service-x-location","รับซื้อ อุปกรณ์ Network และ Switch ชัยภูมิ ประเมินราคาฟรี นัดรับหรือประสานขนส่งตามข้อตกลง | Amphon.co.th","104","รับซื้อ อุปกรณ์ Network และ Switch ใน ชัยภูมิ ประเมินราคาตามประเภท รุ่น สเปก สภาพ จำนวน และความต้องการตลาด ประเมินราคาฟรีผ่าน Line ชำระเงินหลังตรวจสอบสินค้าและตกลงราคาเรียบร้อยแล้ว มีบริการนัดรับหรือประสานขนส่งตามข้อตกลง","220","รับซื้อ อุปกรณ์ Network และ Switch ชัยภูมิ ประเมินราคาฟรี นัดรับหรือประสานขนส่งตามข้อตกลง","https://amphon.co.th/รับซื้อ/รับซื้ออุปกรณ์-network-ชัยภูมิ","yes","yes","service-x-location","title=LONG;desc=LONG","frontmatter+seoTitle(Amphon.co.th)","KEEP_BOTH_VALID","KEEP"
"/รับซื้อ/รับซื้ออุปกรณ์-network-นครพนม","src/content/serviceAreas/รับซื้ออุปกรณ์-network-นครพนม.md","service-x-location","รับซื้อ อุปกรณ์ Network และ Switch นครพนม ประเมินราคาฟรี นัดรับหรือประสานขนส่งตามข้อตกลง | Amphon.co.th","103","รับซื้อ อุปกรณ์ Network และ Switch ใน นครพนม ประเมินราคาตามประเภท รุ่น สเปก สภาพ จำนวน และความต้องการตลาด ประเมินราคาฟรีผ่าน Line ชำระเงินหลังตรวจสอบสินค้าและตกลงราคาเรียบร้อยแล้ว มีบริการนัดรับหรือประสานขนส่งตามข้อตกลง","219","รับซื้อ อุปกรณ์ Network และ Switch นครพนม ประเมินราคาฟรี นัดรับหรือประสานขนส่งตามข้อตกลง","https://amphon.co.th/รับซื้อ/รับซื้ออุปกรณ์-network-นครพนม","yes","yes","service-x-location","title=LONG;desc=LONG","frontmatter+seoTitle(Amphon.co.th)","KEEP_BOTH_VALID","KEEP"
"/รับซื้อ/รับซื้ออุปกรณ์-network-นครราชสีมา","src/content/serviceAreas/รับซื้ออุปกรณ์-network-นครราชสีมา.md","service-x-location","รับซื้อ อุปกรณ์ Network และ Switch นครราชสีมา ประเมินราคาฟรี นัดรับหรือประสานขนส่งตามข้อตกลง | Amphon.co.th","107","รับซื้อ อุปกรณ์ Network และ Switch ใน นครราชสีมา ประเมินราคาตามประเภท รุ่น สเปก สภาพ จำนวน และความต้องการตลาด ประเมินราคาฟรีผ่าน Line ชำระเงินหลังตรวจสอบสินค้าและตกลงราคาเรียบร้อยแล้ว มีบริการนัดรับหรือประสานขนส่งตามข้อตกลง","223","รับซื้อ อุปกรณ์ Network และ Switch นครราชสีมา ประเมินราคาฟรี นัดรับหรือประสานขนส่งตามข้อตกลง","https://amphon.co.th/รับซื้อ/รับซื้ออุปกรณ์-network-นครราชสีมา","yes","yes","service-x-location","title=LONG;desc=LONG","frontmatter+seoTitle(Amphon.co.th)","KEEP_BOTH_VALID","KEEP"
"/รับซื้อ/รับซื้ออุปกรณ์-network-บึงกาฬ","src/content/serviceAreas/รับซื้ออุปกรณ์-network-บึงกาฬ.md","service-x-location","รับซื้อ อุปกรณ์ Network และ Switch บึงกาฬ ประเมินราคาฟรี นัดรับหรือประสานขนส่งตามข้อตกลง | Amphon.co.th","103","รับซื้อ อุปกรณ์ Network และ Switch ใน บึงกาฬ ประเมินราคาตามประเภท รุ่น สเปก สภาพ จำนวน และความต้องการตลาด ประเมินราคาฟรีผ่าน Line ชำระเงินหลังตรวจสอบสินค้าและตกลงราคาเรียบร้อยแล้ว มีบริการนัดรับหรือประสานขนส่งตามข้อตกลง","219","รับซื้อ อุปกรณ์ Network และ Switch บึงกาฬ ประเมินราคาฟรี นัดรับหรือประสานขนส่งตามข้อตกลง","https://amphon.co.th/รับซื้อ/รับซื้ออุปกรณ์-network-บึงกาฬ","yes","yes","service-x-location","title=LONG;desc=LONG","frontmatter+seoTitle(Amphon.co.th)","KEEP_BOTH_VALID","KEEP"
"/รับซื้อ/รับซื้ออุปกรณ์-network-บุรีรัมย์","src/content/serviceAreas/รับซื้ออุปกรณ์-network-บุรีรัมย์.md","service-x-location","รับซื้อ อุปกรณ์ Network และ Switch บุรีรัมย์ ประเมินราคาฟรี นัดรับหรือประสานขนส่งตามข้อตกลง | Amphon.co.th","106","รับซื้อ อุปกรณ์ Network และ Switch ใน บุรีรัมย์ ประเมินราคาตามประเภท รุ่น สเปก สภาพ จำนวน และความต้องการตลาด ประเมินราคาฟรีผ่าน Line ชำระเงินหลังตรวจสอบสินค้าและตกลงราคาเรียบร้อยแล้ว มีบริการนัดรับหรือประสานขนส่งตามข้อตกลง","222","รับซื้อ อุปกรณ์ Network และ Switch บุรีรัมย์ ประเมินราคาฟรี นัดรับหรือประสานขนส่งตามข้อตกลง","https://amphon.co.th/รับซื้อ/รับซื้ออุปกรณ์-network-บุรีรัมย์","yes","yes","service-x-location","title=LONG;desc=LONG","frontmatter+seoTitle(Amphon.co.th)","KEEP_BOTH_VALID","KEEP"
"/รับซื้อ/รับซื้ออุปกรณ์-network-มหาสารคาม","src/content/serviceAreas/รับซื้ออุปกรณ์-network-มหาสารคาม.md","service-x-location","รับซื้อ อุปกรณ์ Network และ Switch มหาสารคาม ประเมินราคาฟรี นัดรับหรือประสานขนส่งตามข้อตกลง | Amphon.co.th","106","รับซื้อ อุปกรณ์ Network และ Switch ใน มหาสารคาม ประเมินราคาตามประเภท รุ่น สเปก สภาพ จำนวน และความต้องการตลาด ประเมินราคาฟรีผ่าน Line ชำระเงินหลังตรวจสอบสินค้าและตกลงราคาเรียบร้อยแล้ว มีบริการนัดรับหรือประสานขนส่งตามข้อตกลง","222","รับซื้อ อุปกรณ์ Network และ Switch มหาสารคาม ประเมินราคาฟรี นัดรับหรือประสานขนส่งตามข้อตกลง","https://amphon.co.th/รับซื้อ/รับซื้ออุปกรณ์-network-มหาสารคาม","yes","yes","service-x-location","title=LONG;desc=LONG","frontmatter+seoTitle(Amphon.co.th)","KEEP_BOTH_VALID","KEEP"
"/รับซื้อ/รับซื้ออุปกรณ์-network-มุกดาหาร","src/content/serviceAreas/รับซื้ออุปกรณ์-network-มุกดาหาร.md","service-x-location","รับซื้อ อุปกรณ์ Network และ Switch มุกดาหาร ประเมินราคาฟรี นัดรับหรือประสานขนส่งตามข้อตกลง | Amphon.co.th","105","รับซื้อ อุปกรณ์ Network และ Switch ใน มุกดาหาร ประเมินราคาตามประเภท รุ่น สเปก สภาพ จำนวน และความต้องการตลาด ประเมินราคาฟรีผ่าน Line ชำระเงินหลังตรวจสอบสินค้าและตกลงราคาเรียบร้อยแล้ว มีบริการนัดรับหรือประสานขนส่งตามข้อตกลง","221","รับซื้อ อุปกรณ์ Network และ Switch มุกดาหาร ประเมินราคาฟรี นัดรับหรือประสานขนส่งตามข้อตกลง","https://amphon.co.th/รับซื้อ/รับซื้ออุปกรณ์-network-มุกดาหาร","yes","yes","service-x-location","title=LONG;desc=LONG","frontmatter+seoTitle(Amphon.co.th)","KEEP_BOTH_VALID","KEEP"
"/รับซื้อ/รับซื้ออุปกรณ์-network-ยโสธร","src/content/serviceAreas/รับซื้ออุปกรณ์-network-ยโสธร.md","service-x-location","รับซื้อ อุปกรณ์ Network และ Switch ยโสธร ประเมินราคาฟรี นัดรับหรือประสานขนส่งตามข้อตกลง | Amphon.co.th","102","รับซื้อ อุปกรณ์ Network และ Switch ใน ยโสธร ประเมินราคาตามประเภท รุ่น สเปก สภาพ จำนวน และความต้องการตลาด ประเมินราคาฟรีผ่าน Line ชำระเงินหลังตรวจสอบสินค้าและตกลงราคาเรียบร้อยแล้ว มีบริการนัดรับหรือประสานขนส่งตามข้อตกลง","218","รับซื้อ อุปกรณ์ Network และ Switch ยโสธร ประเมินราคาฟรี นัดรับหรือประสานขนส่งตามข้อตกลง","https://amphon.co.th/รับซื้อ/รับซื้ออุปกรณ์-network-ยโสธร","yes","yes","service-x-location","title=LONG;desc=LONG","frontmatter+seoTitle(Amphon.co.th)","KEEP_BOTH_VALID","KEEP"
"/รับซื้อ/รับซื้ออุปกรณ์-network-ร้อยเอ็ด","src/content/serviceAreas/รับซื้ออุปกรณ์-network-ร้อยเอ็ด.md","service-x-location","รับซื้อ อุปกรณ์ Network และ Switch ร้อยเอ็ด ประเมินราคาฟรี นัดรับหรือประสานขนส่งตามข้อตกลง | Amphon.co.th","105","รับซื้อ อุปกรณ์ Network และ Switch ใน ร้อยเอ็ด ประเมินราคาตามประเภท รุ่น สเปก สภาพ จำนวน และความต้องการตลาด ประเมินราคาฟรีผ่าน Line ชำระเงินหลังตรวจสอบสินค้าและตกลงราคาเรียบร้อยแล้ว มีบริการนัดรับหรือประสานขนส่งตามข้อตกลง","221","รับซื้อ อุปกรณ์ Network และ Switch ร้อยเอ็ด ประเมินราคาฟรี นัดรับหรือประสานขนส่งตามข้อตกลง","https://amphon.co.th/รับซื้อ/รับซื้ออุปกรณ์-network-ร้อยเอ็ด","yes","yes","service-x-location","title=LONG;desc=LONG","frontmatter+seoTitle(Amphon.co.th)","KEEP_BOTH_VALID","KEEP"
"/รับซื้อ/รับซื้ออุปกรณ์-network-ศรีสะเกษ","src/content/serviceAreas/รับซื้ออุปกรณ์-network-ศรีสะเกษ.md","service-x-location","รับซื้อ อุปกรณ์ Network และ Switch ศรีสะเกษ ประเมินราคาฟรี นัดรับหรือประสานขนส่งตามข้อตกลง | Amphon.co.th","105","รับซื้อ อุปกรณ์ Network และ Switch ใน ศรีสะเกษ ประเมินราคาตามประเภท รุ่น สเปก สภาพ จำนวน และความต้องการตลาด ประเมินราคาฟรีผ่าน Line ชำระเงินหลังตรวจสอบสินค้าและตกลงราคาเรียบร้อยแล้ว มีบริการนัดรับหรือประสานขนส่งตามข้อตกลง","221","รับซื้อ อุปกรณ์ Network และ Switch ศรีสะเกษ ประเมินราคาฟรี นัดรับหรือประสานขนส่งตามข้อตกลง","https://amphon.co.th/รับซื้อ/รับซื้ออุปกรณ์-network-ศรีสะเกษ","yes","yes","service-x-location","title=LONG;desc=LONG","frontmatter+seoTitle(Amphon.co.th)","KEEP_BOTH_VALID","KEEP"
"/รับซื้อ/รับซื้ออุปกรณ์-network-สกลนคร","src/content/serviceAreas/รับซื้ออุปกรณ์-network-สกลนคร.md","service-x-location","รับซื้อ อุปกรณ์ Network และ Switch สกลนคร ประเมินราคาฟรี นัดรับหรือประสานขนส่งตามข้อตกลง | Amphon.co.th","103","รับซื้อ อุปกรณ์ Network และ Switch ใน สกลนคร ประเมินราคาตามประเภท รุ่น สเปก สภาพ จำนวน และความต้องการตลาด ประเมินราคาฟรีผ่าน Line ชำระเงินหลังตรวจสอบสินค้าและตกลงราคาเรียบร้อยแล้ว มีบริการนัดรับหรือประสานขนส่งตามข้อตกลง","219","รับซื้อ อุปกรณ์ Network และ Switch สกลนคร ประเมินราคาฟรี นัดรับหรือประสานขนส่งตามข้อตกลง","https://amphon.co.th/รับซื้อ/รับซื้ออุปกรณ์-network-สกลนคร","yes","yes","service-x-location","title=LONG;desc=LONG","frontmatter+seoTitle(Amphon.co.th)","KEEP_BOTH_VALID","KEEP"
"/รับซื้อ/รับซื้ออุปกรณ์-network-สุรินทร์","src/content/serviceAreas/รับซื้ออุปกรณ์-network-สุรินทร์.md","service-x-location","รับซื้อ อุปกรณ์ Network และ Switch สุรินทร์ ประเมินราคาฟรี นัดรับหรือประสานขนส่งตามข้อตกลง | Amphon.co.th","105","รับซื้อ อุปกรณ์ Network และ Switch ใน สุรินทร์ ประเมินราคาตามประเภท รุ่น สเปก สภาพ จำนวน และความต้องการตลาด ประเมินราคาฟรีผ่าน Line ชำระเงินหลังตรวจสอบสินค้าและตกลงราคาเรียบร้อยแล้ว มีบริการนัดรับหรือประสานขนส่งตามข้อตกลง","221","รับซื้อ อุปกรณ์ Network และ Switch สุรินทร์ ประเมินราคาฟรี นัดรับหรือประสานขนส่งตามข้อตกลง","https://amphon.co.th/รับซื้อ/รับซื้ออุปกรณ์-network-สุรินทร์","yes","yes","service-x-location","title=LONG;desc=LONG","frontmatter+seoTitle(Amphon.co.th)","KEEP_BOTH_VALID","KEEP"
"/รับซื้อ/รับซื้ออุปกรณ์-network-หนองคาย","src/content/serviceAreas/รับซื้ออุปกรณ์-network-หนองคาย.md","service-x-location","รับซื้อ อุปกรณ์ Network และ Switch หนองคาย ประเมินราคาฟรี นัดรับหรือประสานขนส่งตามข้อตกลง | Amphon.co.th","104","รับซื้อ อุปกรณ์ Network และ Switch ใน หนองคาย ประเมินราคาตามประเภท รุ่น สเปก สภาพ จำนวน และความต้องการตลาด ประเมินราคาฟรีผ่าน Line ชำระเงินหลังตรวจสอบสินค้าและตกลงราคาเรียบร้อยแล้ว มีบริการนัดรับหรือประสานขนส่งตามข้อตกลง","220","รับซื้อ อุปกรณ์ Network และ Switch หนองคาย ประเมินราคาฟรี นัดรับหรือประสานขนส่งตามข้อตกลง","https://amphon.co.th/รับซื้อ/รับซื้ออุปกรณ์-network-หนองคาย","yes","yes","service-x-location","title=LONG;desc=LONG","frontmatter+seoTitle(Amphon.co.th)","KEEP_BOTH_VALID","KEEP"
"/รับซื้อ/รับซื้ออุปกรณ์-network-หนองบัวลำภู","src/content/serviceAreas/รับซื้ออุปกรณ์-network-หนองบัวลำภู.md","service-x-location","รับซื้อ อุปกรณ์ Network และ Switch หนองบัวลำภู ประเมินราคาฟรี นัดรับหรือประสานขนส่งตามข้อตกลง | Amphon.co.th","108","รับซื้อ อุปกรณ์ Network และ Switch ใน หนองบัวลำภู ประเมินราคาตามประเภท รุ่น สเปก สภาพ จำนวน และความต้องการตลาด ประเมินราคาฟรีผ่าน Line ชำระเงินหลังตรวจสอบสินค้าและตกลงราคาเรียบร้อยแล้ว มีบริการนัดรับหรือประสานขนส่งตามข้อตกลง","224","รับซื้อ อุปกรณ์ Network และ Switch หนองบัวลำภู ประเมินราคาฟรี นัดรับหรือประสานขนส่งตามข้อตกลง","https://amphon.co.th/รับซื้อ/รับซื้ออุปกรณ์-network-หนองบัวลำภู","yes","yes","service-x-location","title=LONG;desc=LONG","frontmatter+seoTitle(Amphon.co.th)","KEEP_BOTH_VALID","KEEP"
"/รับซื้อ/รับซื้ออุปกรณ์-network-อำนาจเจริญ","src/content/serviceAreas/รับซื้ออุปกรณ์-network-อำนาจเจริญ.md","service-x-location","รับซื้อ อุปกรณ์ Network และ Switch อำนาจเจริญ ประเมินราคาฟรี นัดรับหรือประสานขนส่งตามข้อตกลง | Amphon.co.th","107","รับซื้อ อุปกรณ์ Network และ Switch ใน อำนาจเจริญ ประเมินราคาตามประเภท รุ่น สเปก สภาพ จำนวน และความต้องการตลาด ประเมินราคาฟรีผ่าน Line ชำระเงินหลังตรวจสอบสินค้าและตกลงราคาเรียบร้อยแล้ว มีบริการนัดรับหรือประสานขนส่งตามข้อตกลง","223","รับซื้อ อุปกรณ์ Network และ Switch อำนาจเจริญ ประเมินราคาฟรี นัดรับหรือประสานขนส่งตามข้อตกลง","https://amphon.co.th/รับซื้อ/รับซื้ออุปกรณ์-network-อำนาจเจริญ","yes","yes","service-x-location","title=LONG;desc=LONG","frontmatter+seoTitle(Amphon.co.th)","KEEP_BOTH_VALID","KEEP"
"/รับซื้อ/รับซื้ออุปกรณ์-network-อุดรธานี","src/content/serviceAreas/รับซื้ออุปกรณ์-network-อุดรธานี.md","service-x-location","รับซื้อ อุปกรณ์ Network และ Switch อุดรธานี ประเมินราคาฟรี นัดรับหรือประสานขนส่งตามข้อตกลง | Amphon.co.th","105","รับซื้อ อุปกรณ์ Network และ Switch ใน อุดรธานี ประเมินราคาตามประเภท รุ่น สเปก สภาพ จำนวน และความต้องการตลาด ประเมินราคาฟรีผ่าน Line ชำระเงินหลังตรวจสอบสินค้าและตกลงราคาเรียบร้อยแล้ว มีบริการนัดรับหรือประสานขนส่งตามข้อตกลง","221","รับซื้อ อุปกรณ์ Network และ Switch อุดรธานี ประเมินราคาฟรี นัดรับหรือประสานขนส่งตามข้อตกลง","https://amphon.co.th/รับซื้อ/รับซื้ออุปกรณ์-network-อุดรธานี","yes","yes","service-x-location","title=LONG;desc=LONG","frontmatter+seoTitle(Amphon.co.th)","KEEP_BOTH_VALID","KEEP"
"/รับซื้อ/รับซื้ออุปกรณ์-network-อุบลราชธานี","src/content/serviceAreas/รับซื้ออุปกรณ์-network-อุบลราชธานี.md","service-x-location","รับซื้อ อุปกรณ์ Network และ Switch อุบลราชธานี ประเมินราคาฟรี นัดรับหรือประสานขนส่งตามข้อตกลง | Amphon.co.th","108","รับซื้อ อุปกรณ์ Network และ Switch ใน อุบลราชธานี ประเมินราคาตามประเภท รุ่น สเปก สภาพ จำนวน และความต้องการตลาด ประเมินราคาฟรีผ่าน Line ชำระเงินหลังตรวจสอบสินค้าและตกลงราคาเรียบร้อยแล้ว มีบริการนัดรับหรือประสานขนส่งตามข้อตกลง","224","รับซื้อ อุปกรณ์ Network และ Switch อุบลราชธานี ประเมินราคาฟรี นัดรับหรือประสานขนส่งตามข้อตกลง","https://amphon.co.th/รับซื้อ/รับซื้ออุปกรณ์-network-อุบลราชธานี","yes","yes","service-x-location","title=LONG;desc=LONG","frontmatter+seoTitle(Amphon.co.th)","KEEP_BOTH_VALID","KEEP"
"/รับซื้อ/รับซื้ออุปกรณ์-network-เลย","src/content/serviceAreas/รับซื้ออุปกรณ์-network-เลย.md","service-x-location","รับซื้อ อุปกรณ์ Network และ Switch เลย ประเมินราคาฟรี นัดรับหรือประสานขนส่งตามข้อตกลง | Amphon.co.th","100","รับซื้อ อุปกรณ์ Network และ Switch ใน เลย ประเมินราคาตามประเภท รุ่น สเปก สภาพ จำนวน และความต้องการตลาด ประเมินราคาฟรีผ่าน Line ชำระเงินหลังตรวจสอบสินค้าและตกลงราคาเรียบร้อยแล้ว มีบริการนัดรับหรือประสานขนส่งตามข้อตกลง","216","รับซื้อ อุปกรณ์ Network และ Switch เลย ประเมินราคาฟรี นัดรับหรือประสานขนส่งตามข้อตกลง","https://amphon.co.th/รับซื้อ/รับซื้ออุปกรณ์-network-เลย","yes","yes","service-x-location","title=LONG;desc=LONG","frontmatter+seoTitle(Amphon.co.th)","KEEP_BOTH_VALID","KEEP"
"/รับซื้อ/รับซื้ออุปกรณ์คอมพิวเตอร์-กาฬสินธุ์","src/content/serviceAreas/รับซื้ออุปกรณ์คอมพิวเตอร์-กาฬสินธุ์.md","service-x-location","รับซื้อ อุปกรณ์คอมพิวเตอร์ กาฬสินธุ์ ประเมินราคาเบื้องต้น | Amphon.co.th","72","รับซื้อ อุปกรณ์คอมพิวเตอร์ ในกาฬสินธุ์ ประเมินราคาฟรี ส่งรูปเช็กราคาได้ ชำระเงินหลังตรวจสอบสินค้าและตกลงราคาเรียบร้อยแล้ว ติดต่อ Line @webuy โทร 0642579353","155","รับซื้อ อุปกรณ์คอมพิวเตอร์ กาฬสินธุ์ ประเมินราคาเบื้องต้น","https://amphon.co.th/รับซื้อ/รับซื้ออุปกรณ์คอมพิวเตอร์-กาฬสินธุ์","yes","yes","service-x-location","title=LONG;desc=OK","frontmatter+seoTitle(Amphon.co.th)","KEEP_VALID_LONG_TITLE","KEEP"
"/รับซื้อ/รับซื้ออุปกรณ์คอมพิวเตอร์-นครราชสีมา","src/content/serviceAreas/รับซื้ออุปกรณ์คอมพิวเตอร์-นครราชสีมา.md","service-x-location","รับซื้อ อุปกรณ์คอมพิวเตอร์ นครราชสีมา ประเมินราคาเบื้องต้น | Amphon.co.th","73","รับซื้อ อุปกรณ์คอมพิวเตอร์ ในนครราชสีมา ประเมินราคาฟรี ส่งรูปเช็กราคาได้ ชำระเงินหลังตรวจสอบสินค้าและตกลงราคาเรียบร้อยแล้ว ติดต่อ Line @webuy โทร 0642579353","156","รับซื้อ อุปกรณ์คอมพิวเตอร์ นครราชสีมา ประเมินราคาเบื้องต้น","https://amphon.co.th/รับซื้อ/รับซื้ออุปกรณ์คอมพิวเตอร์-นครราชสีมา","yes","yes","service-x-location","title=LONG;desc=OK","frontmatter+seoTitle(Amphon.co.th)","KEEP_VALID_LONG_TITLE","KEEP"
"/รับซื้อ/รับซื้ออุปกรณ์คอมพิวเตอร์-บุรีรัมย์","src/content/serviceAreas/รับซื้ออุปกรณ์คอมพิวเตอร์-บุรีรัมย์.md","service-x-location","รับซื้อ อุปกรณ์คอมพิวเตอร์ บุรีรัมย์ ประเมินราคาเบื้องต้น | Amphon.co.th","72","รับซื้อ อุปกรณ์คอมพิวเตอร์ ในบุรีรัมย์ ประเมินราคาฟรี ส่งรูปเช็กราคาได้ ชำระเงินหลังตรวจสอบสินค้าและตกลงราคาเรียบร้อยแล้ว ติดต่อ Line @webuy โทร 0642579353","155","รับซื้อ อุปกรณ์คอมพิวเตอร์ บุรีรัมย์ ประเมินราคาเบื้องต้น","https://amphon.co.th/รับซื้อ/รับซื้ออุปกรณ์คอมพิวเตอร์-บุรีรัมย์","yes","yes","service-x-location","title=LONG;desc=OK","frontmatter+seoTitle(Amphon.co.th)","KEEP_VALID_LONG_TITLE","KEEP"
"/รับซื้อ/รับซื้ออุปกรณ์คอมพิวเตอร์-มหาสารคาม","src/content/serviceAreas/รับซื้ออุปกรณ์คอมพิวเตอร์-มหาสารคาม.md","service-x-location","รับซื้อ อุปกรณ์คอมพิวเตอร์ มหาสารคาม ประเมินราคาเบื้องต้น | Amphon.co.th","72","รับซื้อ อุปกรณ์คอมพิวเตอร์ ในมหาสารคาม ประเมินราคาฟรี ส่งรูปเช็กราคาได้ ชำระเงินหลังตรวจสอบสินค้าและตกลงราคาเรียบร้อยแล้ว ติดต่อ Line @webuy โทร 0642579353","155","รับซื้อ อุปกรณ์คอมพิวเตอร์ มหาสารคาม ประเมินราคาเบื้องต้น","https://amphon.co.th/รับซื้อ/รับซื้ออุปกรณ์คอมพิวเตอร์-มหาสารคาม","yes","yes","service-x-location","title=LONG;desc=OK","frontmatter+seoTitle(Amphon.co.th)","KEEP_VALID_LONG_TITLE","KEEP"
"/รับซื้อ/รับซื้ออุปกรณ์คอมพิวเตอร์-มุกดาหาร","src/content/serviceAreas/รับซื้ออุปกรณ์คอมพิวเตอร์-มุกดาหาร.md","service-x-location","รับซื้อ อุปกรณ์คอมพิวเตอร์ มุกดาหาร ประเมินราคาเบื้องต้น | Amphon.co.th","71","รับซื้อ อุปกรณ์คอมพิวเตอร์ ในมุกดาหาร ประเมินราคาฟรี ส่งรูปเช็กราคาได้ ชำระเงินหลังตรวจสอบสินค้าและตกลงราคาเรียบร้อยแล้ว ติดต่อ Line @webuy โทร 0642579353","154","รับซื้อ อุปกรณ์คอมพิวเตอร์ มุกดาหาร ประเมินราคาเบื้องต้น","https://amphon.co.th/รับซื้อ/รับซื้ออุปกรณ์คอมพิวเตอร์-มุกดาหาร","yes","yes","service-x-location","title=LONG;desc=OK","frontmatter+seoTitle(Amphon.co.th)","KEEP_VALID_LONG_TITLE","KEEP"
"/รับซื้อ/รับซื้ออุปกรณ์คอมพิวเตอร์-ร้อยเอ็ด","src/content/serviceAreas/รับซื้ออุปกรณ์คอมพิวเตอร์-ร้อยเอ็ด.md","service-x-location","รับซื้อ อุปกรณ์คอมพิวเตอร์ ร้อยเอ็ด ประเมินราคาเบื้องต้น | Amphon.co.th","71","รับซื้อ อุปกรณ์คอมพิวเตอร์ ในร้อยเอ็ด ประเมินราคาฟรี ส่งรูปเช็กราคาได้ ชำระเงินหลังตรวจสอบสินค้าและตกลงราคาเรียบร้อยแล้ว ติดต่อ Line @webuy โทร 0642579353","154","รับซื้อ อุปกรณ์คอมพิวเตอร์ ร้อยเอ็ด ประเมินราคาเบื้องต้น","https://amphon.co.th/รับซื้อ/รับซื้ออุปกรณ์คอมพิวเตอร์-ร้อยเอ็ด","yes","yes","service-x-location","title=LONG;desc=OK","frontmatter+seoTitle(Amphon.co.th)","KEEP_VALID_LONG_TITLE","KEEP"
"/รับซื้อ/รับซื้ออุปกรณ์คอมพิวเตอร์-ศรีสะเกษ","src/content/serviceAreas/รับซื้ออุปกรณ์คอมพิวเตอร์-ศรีสะเกษ.md","service-x-location","รับซื้อ อุปกรณ์คอมพิวเตอร์ ศรีสะเกษ ประเมินราคาเบื้องต้น | Amphon.co.th","71","รับซื้อ อุปกรณ์คอมพิวเตอร์ ในศรีสะเกษ ประเมินราคาฟรี ส่งรูปเช็กราคาได้ ชำระเงินหลังตรวจสอบสินค้าและตกลงราคาเรียบร้อยแล้ว ติดต่อ Line @webuy โทร 0642579353","154","รับซื้อ อุปกรณ์คอมพิวเตอร์ ศรีสะเกษ ประเมินราคาเบื้องต้น","https://amphon.co.th/รับซื้อ/รับซื้ออุปกรณ์คอมพิวเตอร์-ศรีสะเกษ","yes","yes","service-x-location","title=LONG;desc=OK","frontmatter+seoTitle(Amphon.co.th)","KEEP_VALID_LONG_TITLE","KEEP"
"/รับซื้อ/รับซื้ออุปกรณ์คอมพิวเตอร์-สุรินทร์","src/content/serviceAreas/รับซื้ออุปกรณ์คอมพิวเตอร์-สุรินทร์.md","service-x-location","รับซื้อ อุปกรณ์คอมพิวเตอร์ สุรินทร์ ประเมินราคาเบื้องต้น | Amphon.co.th","71","รับซื้อ อุปกรณ์คอมพิวเตอร์ ในสุรินทร์ ประเมินราคาฟรี ส่งรูปเช็กราคาได้ ชำระเงินหลังตรวจสอบสินค้าและตกลงราคาเรียบร้อยแล้ว ติดต่อ Line @webuy โทร 0642579353","154","รับซื้อ อุปกรณ์คอมพิวเตอร์ สุรินทร์ ประเมินราคาเบื้องต้น","https://amphon.co.th/รับซื้อ/รับซื้ออุปกรณ์คอมพิวเตอร์-สุรินทร์","yes","yes","service-x-location","title=LONG;desc=OK","frontmatter+seoTitle(Amphon.co.th)","KEEP_VALID_LONG_TITLE","KEEP"
"/รับซื้อ/รับซื้ออุปกรณ์คอมพิวเตอร์-หนองบัวลำภู","src/content/serviceAreas/รับซื้ออุปกรณ์คอมพิวเตอร์-หนองบัวลำภู.md","service-x-location","รับซื้อ อุปกรณ์คอมพิวเตอร์ หนองบัวลำภู ประเมินราคาเบื้องต้น | Amphon.co.th","74","รับซื้อ อุปกรณ์คอมพิวเตอร์ ในหนองบัวลำภู ประเมินราคาฟรี ส่งรูปเช็กราคาได้ ชำระเงินหลังตรวจสอบสินค้าและตกลงราคาเรียบร้อยแล้ว ติดต่อ Line @webuy โทร 0642579353","157","รับซื้อ อุปกรณ์คอมพิวเตอร์ หนองบัวลำภู ประเมินราคาเบื้องต้น","https://amphon.co.th/รับซื้อ/รับซื้ออุปกรณ์คอมพิวเตอร์-หนองบัวลำภู","yes","yes","service-x-location","title=LONG;desc=OK","frontmatter+seoTitle(Amphon.co.th)","KEEP_VALID_LONG_TITLE","KEEP"
"/รับซื้อ/รับซื้ออุปกรณ์คอมพิวเตอร์-อำนาจเจริญ","src/content/serviceAreas/รับซื้ออุปกรณ์คอมพิวเตอร์-อำนาจเจริญ.md","service-x-location","รับซื้อ อุปกรณ์คอมพิวเตอร์ อำนาจเจริญ ประเมินราคาเบื้องต้น | Amphon.co.th","73","รับซื้อ อุปกรณ์คอมพิวเตอร์ ในอำนาจเจริญ ประเมินราคาฟรี ส่งรูปเช็กราคาได้ ชำระเงินหลังตรวจสอบสินค้าและตกลงราคาเรียบร้อยแล้ว ติดต่อ Line @webuy โทร 0642579353","156","รับซื้อ อุปกรณ์คอมพิวเตอร์ อำนาจเจริญ ประเมินราคาเบื้องต้น","https://amphon.co.th/รับซื้อ/รับซื้ออุปกรณ์คอมพิวเตอร์-อำนาจเจริญ","yes","yes","service-x-location","title=LONG;desc=OK","frontmatter+seoTitle(Amphon.co.th)","KEEP_VALID_LONG_TITLE","KEEP"
"/รับซื้อ/รับซื้ออุปกรณ์คอมพิวเตอร์-อุดรธานี","src/content/serviceAreas/รับซื้ออุปกรณ์คอมพิวเตอร์-อุดรธานี.md","service-x-location","รับซื้อ อุปกรณ์คอมพิวเตอร์ อุดรธานี ประเมินราคาเบื้องต้น | Amphon.co.th","71","รับซื้อ อุปกรณ์คอมพิวเตอร์ ในอุดรธานี ประเมินราคาฟรี ส่งรูปเช็กราคาได้ ชำระเงินหลังตรวจสอบสินค้าและตกลงราคาเรียบร้อยแล้ว ติดต่อ Line @webuy โทร 0642579353","154","รับซื้อ อุปกรณ์คอมพิวเตอร์ อุดรธานี ประเมินราคาเบื้องต้น","https://amphon.co.th/รับซื้อ/รับซื้ออุปกรณ์คอมพิวเตอร์-อุดรธานี","yes","yes","service-x-location","title=LONG;desc=OK","frontmatter+seoTitle(Amphon.co.th)","KEEP_VALID_LONG_TITLE","KEEP"
"/รับซื้อ/รับซื้ออุปกรณ์คอมพิวเตอร์-อุบลราชธานี","src/content/serviceAreas/รับซื้ออุปกรณ์คอมพิวเตอร์-อุบลราชธานี.md","service-x-location","รับซื้อ อุปกรณ์คอมพิวเตอร์ อุบลราชธานี ประเมินราคาเบื้องต้น | Amphon.co.th","74","รับซื้อ อุปกรณ์คอมพิวเตอร์ ในอุบลราชธานี ประเมินราคาฟรี ส่งรูปเช็กราคาได้ ชำระเงินหลังตรวจสอบสินค้าและตกลงราคาเรียบร้อยแล้ว ติดต่อ Line @webuy โทร 0642579353","157","รับซื้อ อุปกรณ์คอมพิวเตอร์ อุบลราชธานี ประเมินราคาเบื้องต้น","https://amphon.co.th/รับซื้อ/รับซื้ออุปกรณ์คอมพิวเตอร์-อุบลราชธานี","yes","yes","service-x-location","title=LONG;desc=OK","frontmatter+seoTitle(Amphon.co.th)","KEEP_VALID_LONG_TITLE","KEEP"
"/รับซื้อ/รับซื้อเครื่องใช้ไฟฟ้า-กาฬสินธุ์","src/content/serviceAreas/รับซื้อเครื่องใช้ไฟฟ้า-กาฬสินธุ์.md","service-x-location","รับซื้อ เครื่องใช้ไฟฟ้ามือสอง กาฬสินธุ์ ประเมินราคาฟรี นัดรับหรือประสานขนส่งตามข้อตกลง | Amphon.co.th","101","รับซื้อ เครื่องใช้ไฟฟ้ามือสอง ใน กาฬสินธุ์ ประเมินราคาตามประเภท รุ่น สเปก สภาพ จำนวน และความต้องการตลาด ประเมินราคาฟรีผ่าน Line ชำระเงินหลังตรวจสอบสินค้าและตกลงราคาเรียบร้อยแล้ว มีบริการนัดรับหรือประสานขนส่งตามข้อตกลง","217","รับซื้อ เครื่องใช้ไฟฟ้ามือสอง กาฬสินธุ์ ประเมินราคาฟรี นัดรับหรือประสานขนส่งตามข้อตกลง","https://amphon.co.th/รับซื้อ/รับซื้อเครื่องใช้ไฟฟ้า-กาฬสินธุ์","yes","yes","service-x-location","title=LONG;desc=LONG","frontmatter+seoTitle(Amphon.co.th)","KEEP_BOTH_VALID","KEEP"
"/รับซื้อ/รับซื้อเครื่องใช้ไฟฟ้า-ขอนแก่น","src/content/serviceAreas/รับซื้อเครื่องใช้ไฟฟ้า-ขอนแก่น.md","service-x-location","รับซื้อ เครื่องใช้ไฟฟ้ามือสอง ขอนแก่น ประเมินราคาฟรี นัดรับหรือประสานขนส่งตามข้อตกลง | Amphon.co.th","99","รับซื้อ เครื่องใช้ไฟฟ้ามือสอง ใน ขอนแก่น ประเมินราคาตามประเภท รุ่น สเปก สภาพ จำนวน และความต้องการตลาด ประเมินราคาฟรีผ่าน Line ชำระเงินหลังตรวจสอบสินค้าและตกลงราคาเรียบร้อยแล้ว มีบริการนัดรับหรือประสานขนส่งตามข้อตกลง","215","รับซื้อ เครื่องใช้ไฟฟ้ามือสอง ขอนแก่น ประเมินราคาฟรี นัดรับหรือประสานขนส่งตามข้อตกลง","https://amphon.co.th/รับซื้อ/รับซื้อเครื่องใช้ไฟฟ้า-ขอนแก่น","yes","yes","service-x-location","title=LONG;desc=LONG","frontmatter+seoTitle(Amphon.co.th)","KEEP_BOTH_VALID","KEEP"
"/รับซื้อ/รับซื้อเครื่องใช้ไฟฟ้า-ชัยภูมิ","src/content/serviceAreas/รับซื้อเครื่องใช้ไฟฟ้า-ชัยภูมิ.md","service-x-location","รับซื้อ เครื่องใช้ไฟฟ้ามือสอง ชัยภูมิ ประเมินราคาฟรี นัดรับหรือประสานขนส่งตามข้อตกลง | Amphon.co.th","99","รับซื้อ เครื่องใช้ไฟฟ้ามือสอง ใน ชัยภูมิ ประเมินราคาตามประเภท รุ่น สเปก สภาพ จำนวน และความต้องการตลาด ประเมินราคาฟรีผ่าน Line ชำระเงินหลังตรวจสอบสินค้าและตกลงราคาเรียบร้อยแล้ว มีบริการนัดรับหรือประสานขนส่งตามข้อตกลง","215","รับซื้อ เครื่องใช้ไฟฟ้ามือสอง ชัยภูมิ ประเมินราคาฟรี นัดรับหรือประสานขนส่งตามข้อตกลง","https://amphon.co.th/รับซื้อ/รับซื้อเครื่องใช้ไฟฟ้า-ชัยภูมิ","yes","yes","service-x-location","title=LONG;desc=LONG","frontmatter+seoTitle(Amphon.co.th)","KEEP_BOTH_VALID","KEEP"
"/รับซื้อ/รับซื้อเครื่องใช้ไฟฟ้า-นครพนม","src/content/serviceAreas/รับซื้อเครื่องใช้ไฟฟ้า-นครพนม.md","service-x-location","รับซื้อ เครื่องใช้ไฟฟ้ามือสอง นครพนม ประเมินราคาฟรี นัดรับหรือประสานขนส่งตามข้อตกลง | Amphon.co.th","98","รับซื้อ เครื่องใช้ไฟฟ้ามือสอง ใน นครพนม ประเมินราคาตามประเภท รุ่น สเปก สภาพ จำนวน และความต้องการตลาด ประเมินราคาฟรีผ่าน Line ชำระเงินหลังตรวจสอบสินค้าและตกลงราคาเรียบร้อยแล้ว มีบริการนัดรับหรือประสานขนส่งตามข้อตกลง","214","รับซื้อ เครื่องใช้ไฟฟ้ามือสอง นครพนม ประเมินราคาฟรี นัดรับหรือประสานขนส่งตามข้อตกลง","https://amphon.co.th/รับซื้อ/รับซื้อเครื่องใช้ไฟฟ้า-นครพนม","yes","yes","service-x-location","title=LONG;desc=LONG","frontmatter+seoTitle(Amphon.co.th)","KEEP_BOTH_VALID","KEEP"
"/รับซื้อ/รับซื้อเครื่องใช้ไฟฟ้า-นครราชสีมา","src/content/serviceAreas/รับซื้อเครื่องใช้ไฟฟ้า-นครราชสีมา.md","service-x-location","รับซื้อ เครื่องใช้ไฟฟ้ามือสอง นครราชสีมา ประเมินราคาฟรี นัดรับหรือประสานขนส่งตามข้อตกลง | Amphon.co.th","102","รับซื้อ เครื่องใช้ไฟฟ้ามือสอง ใน นครราชสีมา ประเมินราคาตามประเภท รุ่น สเปก สภาพ จำนวน และความต้องการตลาด ประเมินราคาฟรีผ่าน Line ชำระเงินหลังตรวจสอบสินค้าและตกลงราคาเรียบร้อยแล้ว มีบริการนัดรับหรือประสานขนส่งตามข้อตกลง","218","รับซื้อ เครื่องใช้ไฟฟ้ามือสอง นครราชสีมา ประเมินราคาฟรี นัดรับหรือประสานขนส่งตามข้อตกลง","https://amphon.co.th/รับซื้อ/รับซื้อเครื่องใช้ไฟฟ้า-นครราชสีมา","yes","yes","service-x-location","title=LONG;desc=LONG","frontmatter+seoTitle(Amphon.co.th)","KEEP_BOTH_VALID","KEEP"
"/รับซื้อ/รับซื้อเครื่องใช้ไฟฟ้า-บึงกาฬ","src/content/serviceAreas/รับซื้อเครื่องใช้ไฟฟ้า-บึงกาฬ.md","service-x-location","รับซื้อ เครื่องใช้ไฟฟ้ามือสอง บึงกาฬ ประเมินราคาฟรี นัดรับหรือประสานขนส่งตามข้อตกลง | Amphon.co.th","98","รับซื้อ เครื่องใช้ไฟฟ้ามือสอง ใน บึงกาฬ ประเมินราคาตามประเภท รุ่น สเปก สภาพ จำนวน และความต้องการตลาด ประเมินราคาฟรีผ่าน Line ชำระเงินหลังตรวจสอบสินค้าและตกลงราคาเรียบร้อยแล้ว มีบริการนัดรับหรือประสานขนส่งตามข้อตกลง","214","รับซื้อ เครื่องใช้ไฟฟ้ามือสอง บึงกาฬ ประเมินราคาฟรี นัดรับหรือประสานขนส่งตามข้อตกลง","https://amphon.co.th/รับซื้อ/รับซื้อเครื่องใช้ไฟฟ้า-บึงกาฬ","yes","yes","service-x-location","title=LONG;desc=LONG","frontmatter+seoTitle(Amphon.co.th)","KEEP_BOTH_VALID","KEEP"
"/รับซื้อ/รับซื้อเครื่องใช้ไฟฟ้า-บุรีรัมย์","src/content/serviceAreas/รับซื้อเครื่องใช้ไฟฟ้า-บุรีรัมย์.md","service-x-location","รับซื้อ เครื่องใช้ไฟฟ้ามือสอง บุรีรัมย์ ประเมินราคาฟรี นัดรับหรือประสานขนส่งตามข้อตกลง | Amphon.co.th","101","รับซื้อ เครื่องใช้ไฟฟ้ามือสอง ใน บุรีรัมย์ ประเมินราคาตามประเภท รุ่น สเปก สภาพ จำนวน และความต้องการตลาด ประเมินราคาฟรีผ่าน Line ชำระเงินหลังตรวจสอบสินค้าและตกลงราคาเรียบร้อยแล้ว มีบริการนัดรับหรือประสานขนส่งตามข้อตกลง","217","รับซื้อ เครื่องใช้ไฟฟ้ามือสอง บุรีรัมย์ ประเมินราคาฟรี นัดรับหรือประสานขนส่งตามข้อตกลง","https://amphon.co.th/รับซื้อ/รับซื้อเครื่องใช้ไฟฟ้า-บุรีรัมย์","yes","yes","service-x-location","title=LONG;desc=LONG","frontmatter+seoTitle(Amphon.co.th)","KEEP_BOTH_VALID","KEEP"
"/รับซื้อ/รับซื้อเครื่องใช้ไฟฟ้า-มหาสารคาม","src/content/serviceAreas/รับซื้อเครื่องใช้ไฟฟ้า-มหาสารคาม.md","service-x-location","รับซื้อ เครื่องใช้ไฟฟ้ามือสอง มหาสารคาม ประเมินราคาฟรี นัดรับหรือประสานขนส่งตามข้อตกลง | Amphon.co.th","101","รับซื้อ เครื่องใช้ไฟฟ้ามือสอง ใน มหาสารคาม ประเมินราคาตามประเภท รุ่น สเปก สภาพ จำนวน และความต้องการตลาด ประเมินราคาฟรีผ่าน Line ชำระเงินหลังตรวจสอบสินค้าและตกลงราคาเรียบร้อยแล้ว มีบริการนัดรับหรือประสานขนส่งตามข้อตกลง","217","รับซื้อ เครื่องใช้ไฟฟ้ามือสอง มหาสารคาม ประเมินราคาฟรี นัดรับหรือประสานขนส่งตามข้อตกลง","https://amphon.co.th/รับซื้อ/รับซื้อเครื่องใช้ไฟฟ้า-มหาสารคาม","yes","yes","service-x-location","title=LONG;desc=LONG","frontmatter+seoTitle(Amphon.co.th)","KEEP_BOTH_VALID","KEEP"
"/รับซื้อ/รับซื้อเครื่องใช้ไฟฟ้า-มุกดาหาร","src/content/serviceAreas/รับซื้อเครื่องใช้ไฟฟ้า-มุกดาหาร.md","service-x-location","รับซื้อ เครื่องใช้ไฟฟ้ามือสอง มุกดาหาร ประเมินราคาฟรี นัดรับหรือประสานขนส่งตามข้อตกลง | Amphon.co.th","100","รับซื้อ เครื่องใช้ไฟฟ้ามือสอง ใน มุกดาหาร ประเมินราคาตามประเภท รุ่น สเปก สภาพ จำนวน และความต้องการตลาด ประเมินราคาฟรีผ่าน Line ชำระเงินหลังตรวจสอบสินค้าและตกลงราคาเรียบร้อยแล้ว มีบริการนัดรับหรือประสานขนส่งตามข้อตกลง","216","รับซื้อ เครื่องใช้ไฟฟ้ามือสอง มุกดาหาร ประเมินราคาฟรี นัดรับหรือประสานขนส่งตามข้อตกลง","https://amphon.co.th/รับซื้อ/รับซื้อเครื่องใช้ไฟฟ้า-มุกดาหาร","yes","yes","service-x-location","title=LONG;desc=LONG","frontmatter+seoTitle(Amphon.co.th)","KEEP_BOTH_VALID","KEEP"
"/รับซื้อ/รับซื้อเครื่องใช้ไฟฟ้า-ยโสธร","src/content/serviceAreas/รับซื้อเครื่องใช้ไฟฟ้า-ยโสธร.md","service-x-location","รับซื้อ เครื่องใช้ไฟฟ้ามือสอง ยโสธร ประเมินราคาฟรี นัดรับหรือประสานขนส่งตามข้อตกลง | Amphon.co.th","97","รับซื้อ เครื่องใช้ไฟฟ้ามือสอง ใน ยโสธร ประเมินราคาตามประเภท รุ่น สเปก สภาพ จำนวน และความต้องการตลาด ประเมินราคาฟรีผ่าน Line ชำระเงินหลังตรวจสอบสินค้าและตกลงราคาเรียบร้อยแล้ว มีบริการนัดรับหรือประสานขนส่งตามข้อตกลง","213","รับซื้อ เครื่องใช้ไฟฟ้ามือสอง ยโสธร ประเมินราคาฟรี นัดรับหรือประสานขนส่งตามข้อตกลง","https://amphon.co.th/รับซื้อ/รับซื้อเครื่องใช้ไฟฟ้า-ยโสธร","yes","yes","service-x-location","title=LONG;desc=LONG","frontmatter+seoTitle(Amphon.co.th)","KEEP_BOTH_VALID","KEEP"
"/รับซื้อ/รับซื้อเครื่องใช้ไฟฟ้า-ร้อยเอ็ด","src/content/serviceAreas/รับซื้อเครื่องใช้ไฟฟ้า-ร้อยเอ็ด.md","service-x-location","รับซื้อ เครื่องใช้ไฟฟ้ามือสอง ร้อยเอ็ด ประเมินราคาฟรี นัดรับหรือประสานขนส่งตามข้อตกลง | Amphon.co.th","100","รับซื้อ เครื่องใช้ไฟฟ้ามือสอง ใน ร้อยเอ็ด ประเมินราคาตามประเภท รุ่น สเปก สภาพ จำนวน และความต้องการตลาด ประเมินราคาฟรีผ่าน Line ชำระเงินหลังตรวจสอบสินค้าและตกลงราคาเรียบร้อยแล้ว มีบริการนัดรับหรือประสานขนส่งตามข้อตกลง","216","รับซื้อ เครื่องใช้ไฟฟ้ามือสอง ร้อยเอ็ด ประเมินราคาฟรี นัดรับหรือประสานขนส่งตามข้อตกลง","https://amphon.co.th/รับซื้อ/รับซื้อเครื่องใช้ไฟฟ้า-ร้อยเอ็ด","yes","yes","service-x-location","title=LONG;desc=LONG","frontmatter+seoTitle(Amphon.co.th)","KEEP_BOTH_VALID","KEEP"
"/รับซื้อ/รับซื้อเครื่องใช้ไฟฟ้า-ศรีสะเกษ","src/content/serviceAreas/รับซื้อเครื่องใช้ไฟฟ้า-ศรีสะเกษ.md","service-x-location","รับซื้อ เครื่องใช้ไฟฟ้ามือสอง ศรีสะเกษ ประเมินราคาฟรี นัดรับหรือประสานขนส่งตามข้อตกลง | Amphon.co.th","100","รับซื้อ เครื่องใช้ไฟฟ้ามือสอง ใน ศรีสะเกษ ประเมินราคาตามประเภท รุ่น สเปก สภาพ จำนวน และความต้องการตลาด ประเมินราคาฟรีผ่าน Line ชำระเงินหลังตรวจสอบสินค้าและตกลงราคาเรียบร้อยแล้ว มีบริการนัดรับหรือประสานขนส่งตามข้อตกลง","216","รับซื้อ เครื่องใช้ไฟฟ้ามือสอง ศรีสะเกษ ประเมินราคาฟรี นัดรับหรือประสานขนส่งตามข้อตกลง","https://amphon.co.th/รับซื้อ/รับซื้อเครื่องใช้ไฟฟ้า-ศรีสะเกษ","yes","yes","service-x-location","title=LONG;desc=LONG","frontmatter+seoTitle(Amphon.co.th)","KEEP_BOTH_VALID","KEEP"
"/รับซื้อ/รับซื้อเครื่องใช้ไฟฟ้า-สกลนคร","src/content/serviceAreas/รับซื้อเครื่องใช้ไฟฟ้า-สกลนคร.md","service-x-location","รับซื้อ เครื่องใช้ไฟฟ้ามือสอง สกลนคร ประเมินราคาฟรี นัดรับหรือประสานขนส่งตามข้อตกลง | Amphon.co.th","98","รับซื้อ เครื่องใช้ไฟฟ้ามือสอง ใน สกลนคร ประเมินราคาตามประเภท รุ่น สเปก สภาพ จำนวน และความต้องการตลาด ประเมินราคาฟรีผ่าน Line ชำระเงินหลังตรวจสอบสินค้าและตกลงราคาเรียบร้อยแล้ว มีบริการนัดรับหรือประสานขนส่งตามข้อตกลง","214","รับซื้อ เครื่องใช้ไฟฟ้ามือสอง สกลนคร ประเมินราคาฟรี นัดรับหรือประสานขนส่งตามข้อตกลง","https://amphon.co.th/รับซื้อ/รับซื้อเครื่องใช้ไฟฟ้า-สกลนคร","yes","yes","service-x-location","title=LONG;desc=LONG","frontmatter+seoTitle(Amphon.co.th)","KEEP_BOTH_VALID","KEEP"
"/รับซื้อ/รับซื้อเครื่องใช้ไฟฟ้า-สุรินทร์","src/content/serviceAreas/รับซื้อเครื่องใช้ไฟฟ้า-สุรินทร์.md","service-x-location","รับซื้อ เครื่องใช้ไฟฟ้ามือสอง สุรินทร์ ประเมินราคาฟรี นัดรับหรือประสานขนส่งตามข้อตกลง | Amphon.co.th","100","รับซื้อ เครื่องใช้ไฟฟ้ามือสอง ใน สุรินทร์ ประเมินราคาตามประเภท รุ่น สเปก สภาพ จำนวน และความต้องการตลาด ประเมินราคาฟรีผ่าน Line ชำระเงินหลังตรวจสอบสินค้าและตกลงราคาเรียบร้อยแล้ว มีบริการนัดรับหรือประสานขนส่งตามข้อตกลง","216","รับซื้อ เครื่องใช้ไฟฟ้ามือสอง สุรินทร์ ประเมินราคาฟรี นัดรับหรือประสานขนส่งตามข้อตกลง","https://amphon.co.th/รับซื้อ/รับซื้อเครื่องใช้ไฟฟ้า-สุรินทร์","yes","yes","service-x-location","title=LONG;desc=LONG","frontmatter+seoTitle(Amphon.co.th)","KEEP_BOTH_VALID","KEEP"
"/รับซื้อ/รับซื้อเครื่องใช้ไฟฟ้า-หนองคาย","src/content/serviceAreas/รับซื้อเครื่องใช้ไฟฟ้า-หนองคาย.md","service-x-location","รับซื้อ เครื่องใช้ไฟฟ้ามือสอง หนองคาย ประเมินราคาฟรี นัดรับหรือประสานขนส่งตามข้อตกลง | Amphon.co.th","99","รับซื้อ เครื่องใช้ไฟฟ้ามือสอง ใน หนองคาย ประเมินราคาตามประเภท รุ่น สเปก สภาพ จำนวน และความต้องการตลาด ประเมินราคาฟรีผ่าน Line ชำระเงินหลังตรวจสอบสินค้าและตกลงราคาเรียบร้อยแล้ว มีบริการนัดรับหรือประสานขนส่งตามข้อตกลง","215","รับซื้อ เครื่องใช้ไฟฟ้ามือสอง หนองคาย ประเมินราคาฟรี นัดรับหรือประสานขนส่งตามข้อตกลง","https://amphon.co.th/รับซื้อ/รับซื้อเครื่องใช้ไฟฟ้า-หนองคาย","yes","yes","service-x-location","title=LONG;desc=LONG","frontmatter+seoTitle(Amphon.co.th)","KEEP_BOTH_VALID","KEEP"
"/รับซื้อ/รับซื้อเครื่องใช้ไฟฟ้า-หนองบัวลำภู","src/content/serviceAreas/รับซื้อเครื่องใช้ไฟฟ้า-หนองบัวลำภู.md","service-x-location","รับซื้อ เครื่องใช้ไฟฟ้ามือสอง หนองบัวลำภู ประเมินราคาฟรี นัดรับหรือประสานขนส่งตามข้อตกลง | Amphon.co.th","103","รับซื้อ เครื่องใช้ไฟฟ้ามือสอง ใน หนองบัวลำภู ประเมินราคาตามประเภท รุ่น สเปก สภาพ จำนวน และความต้องการตลาด ประเมินราคาฟรีผ่าน Line ชำระเงินหลังตรวจสอบสินค้าและตกลงราคาเรียบร้อยแล้ว มีบริการนัดรับหรือประสานขนส่งตามข้อตกลง","219","รับซื้อ เครื่องใช้ไฟฟ้ามือสอง หนองบัวลำภู ประเมินราคาฟรี นัดรับหรือประสานขนส่งตามข้อตกลง","https://amphon.co.th/รับซื้อ/รับซื้อเครื่องใช้ไฟฟ้า-หนองบัวลำภู","yes","yes","service-x-location","title=LONG;desc=LONG","frontmatter+seoTitle(Amphon.co.th)","KEEP_BOTH_VALID","KEEP"
"/รับซื้อ/รับซื้อเครื่องใช้ไฟฟ้า-อำนาจเจริญ","src/content/serviceAreas/รับซื้อเครื่องใช้ไฟฟ้า-อำนาจเจริญ.md","service-x-location","รับซื้อ เครื่องใช้ไฟฟ้ามือสอง อำนาจเจริญ ประเมินราคาฟรี นัดรับหรือประสานขนส่งตามข้อตกลง | Amphon.co.th","102","รับซื้อ เครื่องใช้ไฟฟ้ามือสอง ใน อำนาจเจริญ ประเมินราคาตามประเภท รุ่น สเปก สภาพ จำนวน และความต้องการตลาด ประเมินราคาฟรีผ่าน Line ชำระเงินหลังตรวจสอบสินค้าและตกลงราคาเรียบร้อยแล้ว มีบริการนัดรับหรือประสานขนส่งตามข้อตกลง","218","รับซื้อ เครื่องใช้ไฟฟ้ามือสอง อำนาจเจริญ ประเมินราคาฟรี นัดรับหรือประสานขนส่งตามข้อตกลง","https://amphon.co.th/รับซื้อ/รับซื้อเครื่องใช้ไฟฟ้า-อำนาจเจริญ","yes","yes","service-x-location","title=LONG;desc=LONG","frontmatter+seoTitle(Amphon.co.th)","KEEP_BOTH_VALID","KEEP"
"/รับซื้อ/รับซื้อเครื่องใช้ไฟฟ้า-อุดรธานี","src/content/serviceAreas/รับซื้อเครื่องใช้ไฟฟ้า-อุดรธานี.md","service-x-location","รับซื้อ เครื่องใช้ไฟฟ้ามือสอง อุดรธานี ประเมินราคาฟรี นัดรับหรือประสานขนส่งตามข้อตกลง | Amphon.co.th","100","รับซื้อ เครื่องใช้ไฟฟ้ามือสอง ใน อุดรธานี ประเมินราคาตามประเภท รุ่น สเปก สภาพ จำนวน และความต้องการตลาด ประเมินราคาฟรีผ่าน Line ชำระเงินหลังตรวจสอบสินค้าและตกลงราคาเรียบร้อยแล้ว มีบริการนัดรับหรือประสานขนส่งตามข้อตกลง","216","รับซื้อ เครื่องใช้ไฟฟ้ามือสอง อุดรธานี ประเมินราคาฟรี นัดรับหรือประสานขนส่งตามข้อตกลง","https://amphon.co.th/รับซื้อ/รับซื้อเครื่องใช้ไฟฟ้า-อุดรธานี","yes","yes","service-x-location","title=LONG;desc=LONG","frontmatter+seoTitle(Amphon.co.th)","KEEP_BOTH_VALID","KEEP"
"/รับซื้อ/รับซื้อเครื่องใช้ไฟฟ้า-อุบลราชธานี","src/content/serviceAreas/รับซื้อเครื่องใช้ไฟฟ้า-อุบลราชธานี.md","service-x-location","รับซื้อ เครื่องใช้ไฟฟ้ามือสอง อุบลราชธานี ประเมินราคาฟรี นัดรับหรือประสานขนส่งตามข้อตกลง | Amphon.co.th","103","รับซื้อ เครื่องใช้ไฟฟ้ามือสอง ใน อุบลราชธานี ประเมินราคาตามประเภท รุ่น สเปก สภาพ จำนวน และความต้องการตลาด ประเมินราคาฟรีผ่าน Line ชำระเงินหลังตรวจสอบสินค้าและตกลงราคาเรียบร้อยแล้ว มีบริการนัดรับหรือประสานขนส่งตามข้อตกลง","219","รับซื้อ เครื่องใช้ไฟฟ้ามือสอง อุบลราชธานี ประเมินราคาฟรี นัดรับหรือประสานขนส่งตามข้อตกลง","https://amphon.co.th/รับซื้อ/รับซื้อเครื่องใช้ไฟฟ้า-อุบลราชธานี","yes","yes","service-x-location","title=LONG;desc=LONG","frontmatter+seoTitle(Amphon.co.th)","KEEP_BOTH_VALID","KEEP"
"/รับซื้อ/รับซื้อเครื่องใช้ไฟฟ้า-เลย","src/content/serviceAreas/รับซื้อเครื่องใช้ไฟฟ้า-เลย.md","service-x-location","รับซื้อ เครื่องใช้ไฟฟ้ามือสอง เลย ประเมินราคาฟรี นัดรับหรือประสานขนส่งตามข้อตกลง | Amphon.co.th","95","รับซื้อ เครื่องใช้ไฟฟ้ามือสอง ใน เลย ประเมินราคาตามประเภท รุ่น สเปก สภาพ จำนวน และความต้องการตลาด ประเมินราคาฟรีผ่าน Line ชำระเงินหลังตรวจสอบสินค้าและตกลงราคาเรียบร้อยแล้ว มีบริการนัดรับหรือประสานขนส่งตามข้อตกลง","211","รับซื้อ เครื่องใช้ไฟฟ้ามือสอง เลย ประเมินราคาฟรี นัดรับหรือประสานขนส่งตามข้อตกลง","https://amphon.co.th/รับซื้อ/รับซื้อเครื่องใช้ไฟฟ้า-เลย","yes","yes","service-x-location","title=LONG;desc=LONG","frontmatter+seoTitle(Amphon.co.th)","KEEP_BOTH_VALID","KEEP"
"/รับซื้อ/รับซื้อเฟอร์นิเจอร์-กาฬสินธุ์","src/content/serviceAreas/รับซื้อเฟอร์นิเจอร์-กาฬสินธุ์.md","service-x-location","รับซื้อ เฟอร์นิเจอร์และของย้ายบ้าน กาฬสินธุ์ ประเมินราคาฟรี นัดรับหรือประสานขนส่งตามข้อตกลง | Amphon.co.th","106","รับซื้อ เฟอร์นิเจอร์และของย้ายบ้าน ใน กาฬสินธุ์ ประเมินราคาตามประเภท รุ่น สเปก สภาพ จำนวน และความต้องการตลาด ประเมินราคาฟรีผ่าน Line ชำระเงินหลังตรวจสอบสินค้าและตกลงราคาเรียบร้อยแล้ว มีบริการนัดรับหรือประสานขนส่งตามข้อตกลง","222","รับซื้อ เฟอร์นิเจอร์และของย้ายบ้าน กาฬสินธุ์ ประเมินราคาฟรี นัดรับหรือประสานขนส่งตามข้อตกลง","https://amphon.co.th/รับซื้อ/รับซื้อเฟอร์นิเจอร์-กาฬสินธุ์","yes","yes","service-x-location","title=LONG;desc=LONG","frontmatter+seoTitle(Amphon.co.th)","KEEP_BOTH_VALID","KEEP"
"/รับซื้อ/รับซื้อเฟอร์นิเจอร์-ขอนแก่น","src/content/serviceAreas/รับซื้อเฟอร์นิเจอร์-ขอนแก่น.md","service-x-location","รับซื้อ เฟอร์นิเจอร์และของย้ายบ้าน ขอนแก่น ประเมินราคาฟรี นัดรับหรือประสานขนส่งตามข้อตกลง | Amphon.co.th","104","รับซื้อ เฟอร์นิเจอร์และของย้ายบ้าน ใน ขอนแก่น ประเมินราคาตามประเภท รุ่น สเปก สภาพ จำนวน และความต้องการตลาด ประเมินราคาฟรีผ่าน Line ชำระเงินหลังตรวจสอบสินค้าและตกลงราคาเรียบร้อยแล้ว มีบริการนัดรับหรือประสานขนส่งตามข้อตกลง","220","รับซื้อ เฟอร์นิเจอร์และของย้ายบ้าน ขอนแก่น ประเมินราคาฟรี นัดรับหรือประสานขนส่งตามข้อตกลง","https://amphon.co.th/รับซื้อ/รับซื้อเฟอร์นิเจอร์-ขอนแก่น","yes","yes","service-x-location","title=LONG;desc=LONG","frontmatter+seoTitle(Amphon.co.th)","KEEP_BOTH_VALID","KEEP"
"/รับซื้อ/รับซื้อเฟอร์นิเจอร์-ชัยภูมิ","src/content/serviceAreas/รับซื้อเฟอร์นิเจอร์-ชัยภูมิ.md","service-x-location","รับซื้อ เฟอร์นิเจอร์และของย้ายบ้าน ชัยภูมิ ประเมินราคาฟรี นัดรับหรือประสานขนส่งตามข้อตกลง | Amphon.co.th","104","รับซื้อ เฟอร์นิเจอร์และของย้ายบ้าน ใน ชัยภูมิ ประเมินราคาตามประเภท รุ่น สเปก สภาพ จำนวน และความต้องการตลาด ประเมินราคาฟรีผ่าน Line ชำระเงินหลังตรวจสอบสินค้าและตกลงราคาเรียบร้อยแล้ว มีบริการนัดรับหรือประสานขนส่งตามข้อตกลง","220","รับซื้อ เฟอร์นิเจอร์และของย้ายบ้าน ชัยภูมิ ประเมินราคาฟรี นัดรับหรือประสานขนส่งตามข้อตกลง","https://amphon.co.th/รับซื้อ/รับซื้อเฟอร์นิเจอร์-ชัยภูมิ","yes","yes","service-x-location","title=LONG;desc=LONG","frontmatter+seoTitle(Amphon.co.th)","KEEP_BOTH_VALID","KEEP"
"/รับซื้อ/รับซื้อเฟอร์นิเจอร์-นครพนม","src/content/serviceAreas/รับซื้อเฟอร์นิเจอร์-นครพนม.md","service-x-location","รับซื้อ เฟอร์นิเจอร์และของย้ายบ้าน นครพนม ประเมินราคาฟรี นัดรับหรือประสานขนส่งตามข้อตกลง | Amphon.co.th","103","รับซื้อ เฟอร์นิเจอร์และของย้ายบ้าน ใน นครพนม ประเมินราคาตามประเภท รุ่น สเปก สภาพ จำนวน และความต้องการตลาด ประเมินราคาฟรีผ่าน Line ชำระเงินหลังตรวจสอบสินค้าและตกลงราคาเรียบร้อยแล้ว มีบริการนัดรับหรือประสานขนส่งตามข้อตกลง","219","รับซื้อ เฟอร์นิเจอร์และของย้ายบ้าน นครพนม ประเมินราคาฟรี นัดรับหรือประสานขนส่งตามข้อตกลง","https://amphon.co.th/รับซื้อ/รับซื้อเฟอร์นิเจอร์-นครพนม","yes","yes","service-x-location","title=LONG;desc=LONG","frontmatter+seoTitle(Amphon.co.th)","KEEP_BOTH_VALID","KEEP"
"/รับซื้อ/รับซื้อเฟอร์นิเจอร์-นครราชสีมา","src/content/serviceAreas/รับซื้อเฟอร์นิเจอร์-นครราชสีมา.md","service-x-location","รับซื้อ เฟอร์นิเจอร์และของย้ายบ้าน นครราชสีมา ประเมินราคาฟรี นัดรับหรือประสานขนส่งตามข้อตกลง | Amphon.co.th","107","รับซื้อ เฟอร์นิเจอร์และของย้ายบ้าน ใน นครราชสีมา ประเมินราคาตามประเภท รุ่น สเปก สภาพ จำนวน และความต้องการตลาด ประเมินราคาฟรีผ่าน Line ชำระเงินหลังตรวจสอบสินค้าและตกลงราคาเรียบร้อยแล้ว มีบริการนัดรับหรือประสานขนส่งตามข้อตกลง","223","รับซื้อ เฟอร์นิเจอร์และของย้ายบ้าน นครราชสีมา ประเมินราคาฟรี นัดรับหรือประสานขนส่งตามข้อตกลง","https://amphon.co.th/รับซื้อ/รับซื้อเฟอร์นิเจอร์-นครราชสีมา","yes","yes","service-x-location","title=LONG;desc=LONG","frontmatter+seoTitle(Amphon.co.th)","KEEP_BOTH_VALID","KEEP"
"/รับซื้อ/รับซื้อเฟอร์นิเจอร์-บึงกาฬ","src/content/serviceAreas/รับซื้อเฟอร์นิเจอร์-บึงกาฬ.md","service-x-location","รับซื้อ เฟอร์นิเจอร์และของย้ายบ้าน บึงกาฬ ประเมินราคาฟรี นัดรับหรือประสานขนส่งตามข้อตกลง | Amphon.co.th","103","รับซื้อ เฟอร์นิเจอร์และของย้ายบ้าน ใน บึงกาฬ ประเมินราคาตามประเภท รุ่น สเปก สภาพ จำนวน และความต้องการตลาด ประเมินราคาฟรีผ่าน Line ชำระเงินหลังตรวจสอบสินค้าและตกลงราคาเรียบร้อยแล้ว มีบริการนัดรับหรือประสานขนส่งตามข้อตกลง","219","รับซื้อ เฟอร์นิเจอร์และของย้ายบ้าน บึงกาฬ ประเมินราคาฟรี นัดรับหรือประสานขนส่งตามข้อตกลง","https://amphon.co.th/รับซื้อ/รับซื้อเฟอร์นิเจอร์-บึงกาฬ","yes","yes","service-x-location","title=LONG;desc=LONG","frontmatter+seoTitle(Amphon.co.th)","KEEP_BOTH_VALID","KEEP"
"/รับซื้อ/รับซื้อเฟอร์นิเจอร์-บุรีรัมย์","src/content/serviceAreas/รับซื้อเฟอร์นิเจอร์-บุรีรัมย์.md","service-x-location","รับซื้อ เฟอร์นิเจอร์และของย้ายบ้าน บุรีรัมย์ ประเมินราคาฟรี นัดรับหรือประสานขนส่งตามข้อตกลง | Amphon.co.th","106","รับซื้อ เฟอร์นิเจอร์และของย้ายบ้าน ใน บุรีรัมย์ ประเมินราคาตามประเภท รุ่น สเปก สภาพ จำนวน และความต้องการตลาด ประเมินราคาฟรีผ่าน Line ชำระเงินหลังตรวจสอบสินค้าและตกลงราคาเรียบร้อยแล้ว มีบริการนัดรับหรือประสานขนส่งตามข้อตกลง","222","รับซื้อ เฟอร์นิเจอร์และของย้ายบ้าน บุรีรัมย์ ประเมินราคาฟรี นัดรับหรือประสานขนส่งตามข้อตกลง","https://amphon.co.th/รับซื้อ/รับซื้อเฟอร์นิเจอร์-บุรีรัมย์","yes","yes","service-x-location","title=LONG;desc=LONG","frontmatter+seoTitle(Amphon.co.th)","KEEP_BOTH_VALID","KEEP"
"/รับซื้อ/รับซื้อเฟอร์นิเจอร์-มหาสารคาม","src/content/serviceAreas/รับซื้อเฟอร์นิเจอร์-มหาสารคาม.md","service-x-location","รับซื้อ เฟอร์นิเจอร์และของย้ายบ้าน มหาสารคาม ประเมินราคาฟรี นัดรับหรือประสานขนส่งตามข้อตกลง | Amphon.co.th","106","รับซื้อ เฟอร์นิเจอร์และของย้ายบ้าน ใน มหาสารคาม ประเมินราคาตามประเภท รุ่น สเปก สภาพ จำนวน และความต้องการตลาด ประเมินราคาฟรีผ่าน Line ชำระเงินหลังตรวจสอบสินค้าและตกลงราคาเรียบร้อยแล้ว มีบริการนัดรับหรือประสานขนส่งตามข้อตกลง","222","รับซื้อ เฟอร์นิเจอร์และของย้ายบ้าน มหาสารคาม ประเมินราคาฟรี นัดรับหรือประสานขนส่งตามข้อตกลง","https://amphon.co.th/รับซื้อ/รับซื้อเฟอร์นิเจอร์-มหาสารคาม","yes","yes","service-x-location","title=LONG;desc=LONG","frontmatter+seoTitle(Amphon.co.th)","KEEP_BOTH_VALID","KEEP"
"/รับซื้อ/รับซื้อเฟอร์นิเจอร์-มุกดาหาร","src/content/serviceAreas/รับซื้อเฟอร์นิเจอร์-มุกดาหาร.md","service-x-location","รับซื้อ เฟอร์นิเจอร์และของย้ายบ้าน มุกดาหาร ประเมินราคาฟรี นัดรับหรือประสานขนส่งตามข้อตกลง | Amphon.co.th","105","รับซื้อ เฟอร์นิเจอร์และของย้ายบ้าน ใน มุกดาหาร ประเมินราคาตามประเภท รุ่น สเปก สภาพ จำนวน และความต้องการตลาด ประเมินราคาฟรีผ่าน Line ชำระเงินหลังตรวจสอบสินค้าและตกลงราคาเรียบร้อยแล้ว มีบริการนัดรับหรือประสานขนส่งตามข้อตกลง","221","รับซื้อ เฟอร์นิเจอร์และของย้ายบ้าน มุกดาหาร ประเมินราคาฟรี นัดรับหรือประสานขนส่งตามข้อตกลง","https://amphon.co.th/รับซื้อ/รับซื้อเฟอร์นิเจอร์-มุกดาหาร","yes","yes","service-x-location","title=LONG;desc=LONG","frontmatter+seoTitle(Amphon.co.th)","KEEP_BOTH_VALID","KEEP"
"/รับซื้อ/รับซื้อเฟอร์นิเจอร์-ยโสธร","src/content/serviceAreas/รับซื้อเฟอร์นิเจอร์-ยโสธร.md","service-x-location","รับซื้อ เฟอร์นิเจอร์และของย้ายบ้าน ยโสธร ประเมินราคาฟรี นัดรับหรือประสานขนส่งตามข้อตกลง | Amphon.co.th","102","รับซื้อ เฟอร์นิเจอร์และของย้ายบ้าน ใน ยโสธร ประเมินราคาตามประเภท รุ่น สเปก สภาพ จำนวน และความต้องการตลาด ประเมินราคาฟรีผ่าน Line ชำระเงินหลังตรวจสอบสินค้าและตกลงราคาเรียบร้อยแล้ว มีบริการนัดรับหรือประสานขนส่งตามข้อตกลง","218","รับซื้อ เฟอร์นิเจอร์และของย้ายบ้าน ยโสธร ประเมินราคาฟรี นัดรับหรือประสานขนส่งตามข้อตกลง","https://amphon.co.th/รับซื้อ/รับซื้อเฟอร์นิเจอร์-ยโสธร","yes","yes","service-x-location","title=LONG;desc=LONG","frontmatter+seoTitle(Amphon.co.th)","KEEP_BOTH_VALID","KEEP"
"/รับซื้อ/รับซื้อเฟอร์นิเจอร์-ร้อยเอ็ด","src/content/serviceAreas/รับซื้อเฟอร์นิเจอร์-ร้อยเอ็ด.md","service-x-location","รับซื้อ เฟอร์นิเจอร์และของย้ายบ้าน ร้อยเอ็ด ประเมินราคาฟรี นัดรับหรือประสานขนส่งตามข้อตกลง | Amphon.co.th","105","รับซื้อ เฟอร์นิเจอร์และของย้ายบ้าน ใน ร้อยเอ็ด ประเมินราคาตามประเภท รุ่น สเปก สภาพ จำนวน และความต้องการตลาด ประเมินราคาฟรีผ่าน Line ชำระเงินหลังตรวจสอบสินค้าและตกลงราคาเรียบร้อยแล้ว มีบริการนัดรับหรือประสานขนส่งตามข้อตกลง","221","รับซื้อ เฟอร์นิเจอร์และของย้ายบ้าน ร้อยเอ็ด ประเมินราคาฟรี นัดรับหรือประสานขนส่งตามข้อตกลง","https://amphon.co.th/รับซื้อ/รับซื้อเฟอร์นิเจอร์-ร้อยเอ็ด","yes","yes","service-x-location","title=LONG;desc=LONG","frontmatter+seoTitle(Amphon.co.th)","KEEP_BOTH_VALID","KEEP"
"/รับซื้อ/รับซื้อเฟอร์นิเจอร์-ศรีสะเกษ","src/content/serviceAreas/รับซื้อเฟอร์นิเจอร์-ศรีสะเกษ.md","service-x-location","รับซื้อ เฟอร์นิเจอร์และของย้ายบ้าน ศรีสะเกษ ประเมินราคาฟรี นัดรับหรือประสานขนส่งตามข้อตกลง | Amphon.co.th","105","รับซื้อ เฟอร์นิเจอร์และของย้ายบ้าน ใน ศรีสะเกษ ประเมินราคาตามประเภท รุ่น สเปก สภาพ จำนวน และความต้องการตลาด ประเมินราคาฟรีผ่าน Line ชำระเงินหลังตรวจสอบสินค้าและตกลงราคาเรียบร้อยแล้ว มีบริการนัดรับหรือประสานขนส่งตามข้อตกลง","221","รับซื้อ เฟอร์นิเจอร์และของย้ายบ้าน ศรีสะเกษ ประเมินราคาฟรี นัดรับหรือประสานขนส่งตามข้อตกลง","https://amphon.co.th/รับซื้อ/รับซื้อเฟอร์นิเจอร์-ศรีสะเกษ","yes","yes","service-x-location","title=LONG;desc=LONG","frontmatter+seoTitle(Amphon.co.th)","KEEP_BOTH_VALID","KEEP"
"/รับซื้อ/รับซื้อเฟอร์นิเจอร์-สกลนคร","src/content/serviceAreas/รับซื้อเฟอร์นิเจอร์-สกลนคร.md","service-x-location","รับซื้อ เฟอร์นิเจอร์และของย้ายบ้าน สกลนคร ประเมินราคาฟรี นัดรับหรือประสานขนส่งตามข้อตกลง | Amphon.co.th","103","รับซื้อ เฟอร์นิเจอร์และของย้ายบ้าน ใน สกลนคร ประเมินราคาตามประเภท รุ่น สเปก สภาพ จำนวน และความต้องการตลาด ประเมินราคาฟรีผ่าน Line ชำระเงินหลังตรวจสอบสินค้าและตกลงราคาเรียบร้อยแล้ว มีบริการนัดรับหรือประสานขนส่งตามข้อตกลง","219","รับซื้อ เฟอร์นิเจอร์และของย้ายบ้าน สกลนคร ประเมินราคาฟรี นัดรับหรือประสานขนส่งตามข้อตกลง","https://amphon.co.th/รับซื้อ/รับซื้อเฟอร์นิเจอร์-สกลนคร","yes","yes","service-x-location","title=LONG;desc=LONG","frontmatter+seoTitle(Amphon.co.th)","KEEP_BOTH_VALID","KEEP"
"/รับซื้อ/รับซื้อเฟอร์นิเจอร์-สุรินทร์","src/content/serviceAreas/รับซื้อเฟอร์นิเจอร์-สุรินทร์.md","service-x-location","รับซื้อ เฟอร์นิเจอร์และของย้ายบ้าน สุรินทร์ ประเมินราคาฟรี นัดรับหรือประสานขนส่งตามข้อตกลง | Amphon.co.th","105","รับซื้อ เฟอร์นิเจอร์และของย้ายบ้าน ใน สุรินทร์ ประเมินราคาตามประเภท รุ่น สเปก สภาพ จำนวน และความต้องการตลาด ประเมินราคาฟรีผ่าน Line ชำระเงินหลังตรวจสอบสินค้าและตกลงราคาเรียบร้อยแล้ว มีบริการนัดรับหรือประสานขนส่งตามข้อตกลง","221","รับซื้อ เฟอร์นิเจอร์และของย้ายบ้าน สุรินทร์ ประเมินราคาฟรี นัดรับหรือประสานขนส่งตามข้อตกลง","https://amphon.co.th/รับซื้อ/รับซื้อเฟอร์นิเจอร์-สุรินทร์","yes","yes","service-x-location","title=LONG;desc=LONG","frontmatter+seoTitle(Amphon.co.th)","KEEP_BOTH_VALID","KEEP"
"/รับซื้อ/รับซื้อเฟอร์นิเจอร์-หนองคาย","src/content/serviceAreas/รับซื้อเฟอร์นิเจอร์-หนองคาย.md","service-x-location","รับซื้อ เฟอร์นิเจอร์และของย้ายบ้าน หนองคาย ประเมินราคาฟรี นัดรับหรือประสานขนส่งตามข้อตกลง | Amphon.co.th","104","รับซื้อ เฟอร์นิเจอร์และของย้ายบ้าน ใน หนองคาย ประเมินราคาตามประเภท รุ่น สเปก สภาพ จำนวน และความต้องการตลาด ประเมินราคาฟรีผ่าน Line ชำระเงินหลังตรวจสอบสินค้าและตกลงราคาเรียบร้อยแล้ว มีบริการนัดรับหรือประสานขนส่งตามข้อตกลง","220","รับซื้อ เฟอร์นิเจอร์และของย้ายบ้าน หนองคาย ประเมินราคาฟรี นัดรับหรือประสานขนส่งตามข้อตกลง","https://amphon.co.th/รับซื้อ/รับซื้อเฟอร์นิเจอร์-หนองคาย","yes","yes","service-x-location","title=LONG;desc=LONG","frontmatter+seoTitle(Amphon.co.th)","KEEP_BOTH_VALID","KEEP"
"/รับซื้อ/รับซื้อเฟอร์นิเจอร์-หนองบัวลำภู","src/content/serviceAreas/รับซื้อเฟอร์นิเจอร์-หนองบัวลำภู.md","service-x-location","รับซื้อ เฟอร์นิเจอร์และของย้ายบ้าน หนองบัวลำภู ประเมินราคาฟรี นัดรับหรือประสานขนส่งตามข้อตกลง | Amphon.co.th","108","รับซื้อ เฟอร์นิเจอร์และของย้ายบ้าน ใน หนองบัวลำภู ประเมินราคาตามประเภท รุ่น สเปก สภาพ จำนวน และความต้องการตลาด ประเมินราคาฟรีผ่าน Line ชำระเงินหลังตรวจสอบสินค้าและตกลงราคาเรียบร้อยแล้ว มีบริการนัดรับหรือประสานขนส่งตามข้อตกลง","224","รับซื้อ เฟอร์นิเจอร์และของย้ายบ้าน หนองบัวลำภู ประเมินราคาฟรี นัดรับหรือประสานขนส่งตามข้อตกลง","https://amphon.co.th/รับซื้อ/รับซื้อเฟอร์นิเจอร์-หนองบัวลำภู","yes","yes","service-x-location","title=LONG;desc=LONG","frontmatter+seoTitle(Amphon.co.th)","KEEP_BOTH_VALID","KEEP"
"/รับซื้อ/รับซื้อเฟอร์นิเจอร์-อำนาจเจริญ","src/content/serviceAreas/รับซื้อเฟอร์นิเจอร์-อำนาจเจริญ.md","service-x-location","รับซื้อ เฟอร์นิเจอร์และของย้ายบ้าน อำนาจเจริญ ประเมินราคาฟรี นัดรับหรือประสานขนส่งตามข้อตกลง | Amphon.co.th","107","รับซื้อ เฟอร์นิเจอร์และของย้ายบ้าน ใน อำนาจเจริญ ประเมินราคาตามประเภท รุ่น สเปก สภาพ จำนวน และความต้องการตลาด ประเมินราคาฟรีผ่าน Line ชำระเงินหลังตรวจสอบสินค้าและตกลงราคาเรียบร้อยแล้ว มีบริการนัดรับหรือประสานขนส่งตามข้อตกลง","223","รับซื้อ เฟอร์นิเจอร์และของย้ายบ้าน อำนาจเจริญ ประเมินราคาฟรี นัดรับหรือประสานขนส่งตามข้อตกลง","https://amphon.co.th/รับซื้อ/รับซื้อเฟอร์นิเจอร์-อำนาจเจริญ","yes","yes","service-x-location","title=LONG;desc=LONG","frontmatter+seoTitle(Amphon.co.th)","KEEP_BOTH_VALID","KEEP"
"/รับซื้อ/รับซื้อเฟอร์นิเจอร์-อุดรธานี","src/content/serviceAreas/รับซื้อเฟอร์นิเจอร์-อุดรธานี.md","service-x-location","รับซื้อ เฟอร์นิเจอร์และของย้ายบ้าน อุดรธานี ประเมินราคาฟรี นัดรับหรือประสานขนส่งตามข้อตกลง | Amphon.co.th","105","รับซื้อ เฟอร์นิเจอร์และของย้ายบ้าน ใน อุดรธานี ประเมินราคาตามประเภท รุ่น สเปก สภาพ จำนวน และความต้องการตลาด ประเมินราคาฟรีผ่าน Line ชำระเงินหลังตรวจสอบสินค้าและตกลงราคาเรียบร้อยแล้ว มีบริการนัดรับหรือประสานขนส่งตามข้อตกลง","221","รับซื้อ เฟอร์นิเจอร์และของย้ายบ้าน อุดรธานี ประเมินราคาฟรี นัดรับหรือประสานขนส่งตามข้อตกลง","https://amphon.co.th/รับซื้อ/รับซื้อเฟอร์นิเจอร์-อุดรธานี","yes","yes","service-x-location","title=LONG;desc=LONG","frontmatter+seoTitle(Amphon.co.th)","KEEP_BOTH_VALID","KEEP"
"/รับซื้อ/รับซื้อเฟอร์นิเจอร์-อุบลราชธานี","src/content/serviceAreas/รับซื้อเฟอร์นิเจอร์-อุบลราชธานี.md","service-x-location","รับซื้อ เฟอร์นิเจอร์และของย้ายบ้าน อุบลราชธานี ประเมินราคาฟรี นัดรับหรือประสานขนส่งตามข้อตกลง | Amphon.co.th","108","รับซื้อ เฟอร์นิเจอร์และของย้ายบ้าน ใน อุบลราชธานี ประเมินราคาตามประเภท รุ่น สเปก สภาพ จำนวน และความต้องการตลาด ประเมินราคาฟรีผ่าน Line ชำระเงินหลังตรวจสอบสินค้าและตกลงราคาเรียบร้อยแล้ว มีบริการนัดรับหรือประสานขนส่งตามข้อตกลง","224","รับซื้อ เฟอร์นิเจอร์และของย้ายบ้าน อุบลราชธานี ประเมินราคาฟรี นัดรับหรือประสานขนส่งตามข้อตกลง","https://amphon.co.th/รับซื้อ/รับซื้อเฟอร์นิเจอร์-อุบลราชธานี","yes","yes","service-x-location","title=LONG;desc=LONG","frontmatter+seoTitle(Amphon.co.th)","KEEP_BOTH_VALID","KEEP"
"/รับซื้อ/รับซื้อเฟอร์นิเจอร์-เลย","src/content/serviceAreas/รับซื้อเฟอร์นิเจอร์-เลย.md","service-x-location","รับซื้อ เฟอร์นิเจอร์และของย้ายบ้าน เลย ประเมินราคาฟรี นัดรับหรือประสานขนส่งตามข้อตกลง | Amphon.co.th","100","รับซื้อ เฟอร์นิเจอร์และของย้ายบ้าน ใน เลย ประเมินราคาตามประเภท รุ่น สเปก สภาพ จำนวน และความต้องการตลาด ประเมินราคาฟรีผ่าน Line ชำระเงินหลังตรวจสอบสินค้าและตกลงราคาเรียบร้อยแล้ว มีบริการนัดรับหรือประสานขนส่งตามข้อตกลง","216","รับซื้อ เฟอร์นิเจอร์และของย้ายบ้าน เลย ประเมินราคาฟรี นัดรับหรือประสานขนส่งตามข้อตกลง","https://amphon.co.th/รับซื้อ/รับซื้อเฟอร์นิเจอร์-เลย","yes","yes","service-x-location","title=LONG;desc=LONG","frontmatter+seoTitle(Amphon.co.th)","KEEP_BOTH_VALID","KEEP"
"/รับซื้อ/รับซื้อโดรน-กาฬสินธุ์","src/content/serviceAreas/รับซื้อโดรน-กาฬสินธุ์.md","service-x-location","รับซื้อ โดรนและกล้อง Action Cam กาฬสินธุ์ ประเมินราคาฟรี นัดรับหรือประสานขนส่งตามข้อตกลง | Amphon.co.th","103","รับซื้อ โดรนและกล้อง Action Cam ใน กาฬสินธุ์ ประเมินราคาตามประเภท รุ่น สเปก สภาพ จำนวน และความต้องการตลาด ประเมินราคาฟรีผ่าน Line ชำระเงินหลังตรวจสอบสินค้าและตกลงราคาเรียบร้อยแล้ว มีบริการนัดรับหรือประสานขนส่งตามข้อตกลง","219","รับซื้อ โดรนและกล้อง Action Cam กาฬสินธุ์ ประเมินราคาฟรี นัดรับหรือประสานขนส่งตามข้อตกลง","https://amphon.co.th/รับซื้อ/รับซื้อโดรน-กาฬสินธุ์","yes","yes","service-x-location","title=LONG;desc=LONG","frontmatter+seoTitle(Amphon.co.th)","KEEP_BOTH_VALID","KEEP"
"/รับซื้อ/รับซื้อโดรน-ขอนแก่น","src/content/serviceAreas/รับซื้อโดรน-ขอนแก่น.md","service-x-location","รับซื้อ โดรนและกล้อง Action Cam ขอนแก่น ประเมินราคาฟรี นัดรับหรือประสานขนส่งตามข้อตกลง | Amphon.co.th","101","รับซื้อ โดรนและกล้อง Action Cam ใน ขอนแก่น ประเมินราคาตามประเภท รุ่น สเปก สภาพ จำนวน และความต้องการตลาด ประเมินราคาฟรีผ่าน Line ชำระเงินหลังตรวจสอบสินค้าและตกลงราคาเรียบร้อยแล้ว มีบริการนัดรับหรือประสานขนส่งตามข้อตกลง","217","รับซื้อ โดรนและกล้อง Action Cam ขอนแก่น ประเมินราคาฟรี นัดรับหรือประสานขนส่งตามข้อตกลง","https://amphon.co.th/รับซื้อ/รับซื้อโดรน-ขอนแก่น","yes","yes","service-x-location","title=LONG;desc=LONG","frontmatter+seoTitle(Amphon.co.th)","KEEP_BOTH_VALID","KEEP"
"/รับซื้อ/รับซื้อโดรน-ชัยภูมิ","src/content/serviceAreas/รับซื้อโดรน-ชัยภูมิ.md","service-x-location","รับซื้อ โดรนและกล้อง Action Cam ชัยภูมิ ประเมินราคาฟรี นัดรับหรือประสานขนส่งตามข้อตกลง | Amphon.co.th","101","รับซื้อ โดรนและกล้อง Action Cam ใน ชัยภูมิ ประเมินราคาตามประเภท รุ่น สเปก สภาพ จำนวน และความต้องการตลาด ประเมินราคาฟรีผ่าน Line ชำระเงินหลังตรวจสอบสินค้าและตกลงราคาเรียบร้อยแล้ว มีบริการนัดรับหรือประสานขนส่งตามข้อตกลง","217","รับซื้อ โดรนและกล้อง Action Cam ชัยภูมิ ประเมินราคาฟรี นัดรับหรือประสานขนส่งตามข้อตกลง","https://amphon.co.th/รับซื้อ/รับซื้อโดรน-ชัยภูมิ","yes","yes","service-x-location","title=LONG;desc=LONG","frontmatter+seoTitle(Amphon.co.th)","KEEP_BOTH_VALID","KEEP"
"/รับซื้อ/รับซื้อโดรน-นครพนม","src/content/serviceAreas/รับซื้อโดรน-นครพนม.md","service-x-location","รับซื้อ โดรนและกล้อง Action Cam นครพนม ประเมินราคาฟรี นัดรับหรือประสานขนส่งตามข้อตกลง | Amphon.co.th","100","รับซื้อ โดรนและกล้อง Action Cam ใน นครพนม ประเมินราคาตามประเภท รุ่น สเปก สภาพ จำนวน และความต้องการตลาด ประเมินราคาฟรีผ่าน Line ชำระเงินหลังตรวจสอบสินค้าและตกลงราคาเรียบร้อยแล้ว มีบริการนัดรับหรือประสานขนส่งตามข้อตกลง","216","รับซื้อ โดรนและกล้อง Action Cam นครพนม ประเมินราคาฟรี นัดรับหรือประสานขนส่งตามข้อตกลง","https://amphon.co.th/รับซื้อ/รับซื้อโดรน-นครพนม","yes","yes","service-x-location","title=LONG;desc=LONG","frontmatter+seoTitle(Amphon.co.th)","KEEP_BOTH_VALID","KEEP"
"/รับซื้อ/รับซื้อโดรน-นครราชสีมา","src/content/serviceAreas/รับซื้อโดรน-นครราชสีมา.md","service-x-location","รับซื้อ โดรนและกล้อง Action Cam นครราชสีมา ประเมินราคาฟรี นัดรับหรือประสานขนส่งตามข้อตกลง | Amphon.co.th","104","รับซื้อ โดรนและกล้อง Action Cam ใน นครราชสีมา ประเมินราคาตามประเภท รุ่น สเปก สภาพ จำนวน และความต้องการตลาด ประเมินราคาฟรีผ่าน Line ชำระเงินหลังตรวจสอบสินค้าและตกลงราคาเรียบร้อยแล้ว มีบริการนัดรับหรือประสานขนส่งตามข้อตกลง","220","รับซื้อ โดรนและกล้อง Action Cam นครราชสีมา ประเมินราคาฟรี นัดรับหรือประสานขนส่งตามข้อตกลง","https://amphon.co.th/รับซื้อ/รับซื้อโดรน-นครราชสีมา","yes","yes","service-x-location","title=LONG;desc=LONG","frontmatter+seoTitle(Amphon.co.th)","KEEP_BOTH_VALID","KEEP"
"/รับซื้อ/รับซื้อโดรน-บึงกาฬ","src/content/serviceAreas/รับซื้อโดรน-บึงกาฬ.md","service-x-location","รับซื้อ โดรนและกล้อง Action Cam บึงกาฬ ประเมินราคาฟรี นัดรับหรือประสานขนส่งตามข้อตกลง | Amphon.co.th","100","รับซื้อ โดรนและกล้อง Action Cam ใน บึงกาฬ ประเมินราคาตามประเภท รุ่น สเปก สภาพ จำนวน และความต้องการตลาด ประเมินราคาฟรีผ่าน Line ชำระเงินหลังตรวจสอบสินค้าและตกลงราคาเรียบร้อยแล้ว มีบริการนัดรับหรือประสานขนส่งตามข้อตกลง","216","รับซื้อ โดรนและกล้อง Action Cam บึงกาฬ ประเมินราคาฟรี นัดรับหรือประสานขนส่งตามข้อตกลง","https://amphon.co.th/รับซื้อ/รับซื้อโดรน-บึงกาฬ","yes","yes","service-x-location","title=LONG;desc=LONG","frontmatter+seoTitle(Amphon.co.th)","KEEP_BOTH_VALID","KEEP"
"/รับซื้อ/รับซื้อโดรน-บุรีรัมย์","src/content/serviceAreas/รับซื้อโดรน-บุรีรัมย์.md","service-x-location","รับซื้อ โดรนและกล้อง Action Cam บุรีรัมย์ ประเมินราคาฟรี นัดรับหรือประสานขนส่งตามข้อตกลง | Amphon.co.th","103","รับซื้อ โดรนและกล้อง Action Cam ใน บุรีรัมย์ ประเมินราคาตามประเภท รุ่น สเปก สภาพ จำนวน และความต้องการตลาด ประเมินราคาฟรีผ่าน Line ชำระเงินหลังตรวจสอบสินค้าและตกลงราคาเรียบร้อยแล้ว มีบริการนัดรับหรือประสานขนส่งตามข้อตกลง","219","รับซื้อ โดรนและกล้อง Action Cam บุรีรัมย์ ประเมินราคาฟรี นัดรับหรือประสานขนส่งตามข้อตกลง","https://amphon.co.th/รับซื้อ/รับซื้อโดรน-บุรีรัมย์","yes","yes","service-x-location","title=LONG;desc=LONG","frontmatter+seoTitle(Amphon.co.th)","KEEP_BOTH_VALID","KEEP"
"/รับซื้อ/รับซื้อโดรน-มหาสารคาม","src/content/serviceAreas/รับซื้อโดรน-มหาสารคาม.md","service-x-location","รับซื้อ โดรนและกล้อง Action Cam มหาสารคาม ประเมินราคาฟรี นัดรับหรือประสานขนส่งตามข้อตกลง | Amphon.co.th","103","รับซื้อ โดรนและกล้อง Action Cam ใน มหาสารคาม ประเมินราคาตามประเภท รุ่น สเปก สภาพ จำนวน และความต้องการตลาด ประเมินราคาฟรีผ่าน Line ชำระเงินหลังตรวจสอบสินค้าและตกลงราคาเรียบร้อยแล้ว มีบริการนัดรับหรือประสานขนส่งตามข้อตกลง","219","รับซื้อ โดรนและกล้อง Action Cam มหาสารคาม ประเมินราคาฟรี นัดรับหรือประสานขนส่งตามข้อตกลง","https://amphon.co.th/รับซื้อ/รับซื้อโดรน-มหาสารคาม","yes","yes","service-x-location","title=LONG;desc=LONG","frontmatter+seoTitle(Amphon.co.th)","KEEP_BOTH_VALID","KEEP"
"/รับซื้อ/รับซื้อโดรน-มุกดาหาร","src/content/serviceAreas/รับซื้อโดรน-มุกดาหาร.md","service-x-location","รับซื้อ โดรนและกล้อง Action Cam มุกดาหาร ประเมินราคาฟรี นัดรับหรือประสานขนส่งตามข้อตกลง | Amphon.co.th","102","รับซื้อ โดรนและกล้อง Action Cam ใน มุกดาหาร ประเมินราคาตามประเภท รุ่น สเปก สภาพ จำนวน และความต้องการตลาด ประเมินราคาฟรีผ่าน Line ชำระเงินหลังตรวจสอบสินค้าและตกลงราคาเรียบร้อยแล้ว มีบริการนัดรับหรือประสานขนส่งตามข้อตกลง","218","รับซื้อ โดรนและกล้อง Action Cam มุกดาหาร ประเมินราคาฟรี นัดรับหรือประสานขนส่งตามข้อตกลง","https://amphon.co.th/รับซื้อ/รับซื้อโดรน-มุกดาหาร","yes","yes","service-x-location","title=LONG;desc=LONG","frontmatter+seoTitle(Amphon.co.th)","KEEP_BOTH_VALID","KEEP"
"/รับซื้อ/รับซื้อโดรน-ยโสธร","src/content/serviceAreas/รับซื้อโดรน-ยโสธร.md","service-x-location","รับซื้อ โดรนและกล้อง Action Cam ยโสธร ประเมินราคาฟรี นัดรับหรือประสานขนส่งตามข้อตกลง | Amphon.co.th","99","รับซื้อ โดรนและกล้อง Action Cam ใน ยโสธร ประเมินราคาตามประเภท รุ่น สเปก สภาพ จำนวน และความต้องการตลาด ประเมินราคาฟรีผ่าน Line ชำระเงินหลังตรวจสอบสินค้าและตกลงราคาเรียบร้อยแล้ว มีบริการนัดรับหรือประสานขนส่งตามข้อตกลง","215","รับซื้อ โดรนและกล้อง Action Cam ยโสธร ประเมินราคาฟรี นัดรับหรือประสานขนส่งตามข้อตกลง","https://amphon.co.th/รับซื้อ/รับซื้อโดรน-ยโสธร","yes","yes","service-x-location","title=LONG;desc=LONG","frontmatter+seoTitle(Amphon.co.th)","KEEP_BOTH_VALID","KEEP"
"/รับซื้อ/รับซื้อโดรน-ร้อยเอ็ด","src/content/serviceAreas/รับซื้อโดรน-ร้อยเอ็ด.md","service-x-location","รับซื้อ โดรนและกล้อง Action Cam ร้อยเอ็ด ประเมินราคาฟรี นัดรับหรือประสานขนส่งตามข้อตกลง | Amphon.co.th","102","รับซื้อ โดรนและกล้อง Action Cam ใน ร้อยเอ็ด ประเมินราคาตามประเภท รุ่น สเปก สภาพ จำนวน และความต้องการตลาด ประเมินราคาฟรีผ่าน Line ชำระเงินหลังตรวจสอบสินค้าและตกลงราคาเรียบร้อยแล้ว มีบริการนัดรับหรือประสานขนส่งตามข้อตกลง","218","รับซื้อ โดรนและกล้อง Action Cam ร้อยเอ็ด ประเมินราคาฟรี นัดรับหรือประสานขนส่งตามข้อตกลง","https://amphon.co.th/รับซื้อ/รับซื้อโดรน-ร้อยเอ็ด","yes","yes","service-x-location","title=LONG;desc=LONG","frontmatter+seoTitle(Amphon.co.th)","KEEP_BOTH_VALID","KEEP"
"/รับซื้อ/รับซื้อโดรน-ศรีสะเกษ","src/content/serviceAreas/รับซื้อโดรน-ศรีสะเกษ.md","service-x-location","รับซื้อ โดรนและกล้อง Action Cam ศรีสะเกษ ประเมินราคาฟรี นัดรับหรือประสานขนส่งตามข้อตกลง | Amphon.co.th","102","รับซื้อ โดรนและกล้อง Action Cam ใน ศรีสะเกษ ประเมินราคาตามประเภท รุ่น สเปก สภาพ จำนวน และความต้องการตลาด ประเมินราคาฟรีผ่าน Line ชำระเงินหลังตรวจสอบสินค้าและตกลงราคาเรียบร้อยแล้ว มีบริการนัดรับหรือประสานขนส่งตามข้อตกลง","218","รับซื้อ โดรนและกล้อง Action Cam ศรีสะเกษ ประเมินราคาฟรี นัดรับหรือประสานขนส่งตามข้อตกลง","https://amphon.co.th/รับซื้อ/รับซื้อโดรน-ศรีสะเกษ","yes","yes","service-x-location","title=LONG;desc=LONG","frontmatter+seoTitle(Amphon.co.th)","KEEP_BOTH_VALID","KEEP"
"/รับซื้อ/รับซื้อโดรน-สกลนคร","src/content/serviceAreas/รับซื้อโดรน-สกลนคร.md","service-x-location","รับซื้อ โดรนและกล้อง Action Cam สกลนคร ประเมินราคาฟรี นัดรับหรือประสานขนส่งตามข้อตกลง | Amphon.co.th","100","รับซื้อ โดรนและกล้อง Action Cam ใน สกลนคร ประเมินราคาตามประเภท รุ่น สเปก สภาพ จำนวน และความต้องการตลาด ประเมินราคาฟรีผ่าน Line ชำระเงินหลังตรวจสอบสินค้าและตกลงราคาเรียบร้อยแล้ว มีบริการนัดรับหรือประสานขนส่งตามข้อตกลง","216","รับซื้อ โดรนและกล้อง Action Cam สกลนคร ประเมินราคาฟรี นัดรับหรือประสานขนส่งตามข้อตกลง","https://amphon.co.th/รับซื้อ/รับซื้อโดรน-สกลนคร","yes","yes","service-x-location","title=LONG;desc=LONG","frontmatter+seoTitle(Amphon.co.th)","KEEP_BOTH_VALID","KEEP"
"/รับซื้อ/รับซื้อโดรน-สุรินทร์","src/content/serviceAreas/รับซื้อโดรน-สุรินทร์.md","service-x-location","รับซื้อ โดรนและกล้อง Action Cam สุรินทร์ ประเมินราคาฟรี นัดรับหรือประสานขนส่งตามข้อตกลง | Amphon.co.th","102","รับซื้อ โดรนและกล้อง Action Cam ใน สุรินทร์ ประเมินราคาตามประเภท รุ่น สเปก สภาพ จำนวน และความต้องการตลาด ประเมินราคาฟรีผ่าน Line ชำระเงินหลังตรวจสอบสินค้าและตกลงราคาเรียบร้อยแล้ว มีบริการนัดรับหรือประสานขนส่งตามข้อตกลง","218","รับซื้อ โดรนและกล้อง Action Cam สุรินทร์ ประเมินราคาฟรี นัดรับหรือประสานขนส่งตามข้อตกลง","https://amphon.co.th/รับซื้อ/รับซื้อโดรน-สุรินทร์","yes","yes","service-x-location","title=LONG;desc=LONG","frontmatter+seoTitle(Amphon.co.th)","KEEP_BOTH_VALID","KEEP"
"/รับซื้อ/รับซื้อโดรน-หนองคาย","src/content/serviceAreas/รับซื้อโดรน-หนองคาย.md","service-x-location","รับซื้อ โดรนและกล้อง Action Cam หนองคาย ประเมินราคาฟรี นัดรับหรือประสานขนส่งตามข้อตกลง | Amphon.co.th","101","รับซื้อ โดรนและกล้อง Action Cam ใน หนองคาย ประเมินราคาตามประเภท รุ่น สเปก สภาพ จำนวน และความต้องการตลาด ประเมินราคาฟรีผ่าน Line ชำระเงินหลังตรวจสอบสินค้าและตกลงราคาเรียบร้อยแล้ว มีบริการนัดรับหรือประสานขนส่งตามข้อตกลง","217","รับซื้อ โดรนและกล้อง Action Cam หนองคาย ประเมินราคาฟรี นัดรับหรือประสานขนส่งตามข้อตกลง","https://amphon.co.th/รับซื้อ/รับซื้อโดรน-หนองคาย","yes","yes","service-x-location","title=LONG;desc=LONG","frontmatter+seoTitle(Amphon.co.th)","KEEP_BOTH_VALID","KEEP"
"/รับซื้อ/รับซื้อโดรน-หนองบัวลำภู","src/content/serviceAreas/รับซื้อโดรน-หนองบัวลำภู.md","service-x-location","รับซื้อ โดรนและกล้อง Action Cam หนองบัวลำภู ประเมินราคาฟรี นัดรับหรือประสานขนส่งตามข้อตกลง | Amphon.co.th","105","รับซื้อ โดรนและกล้อง Action Cam ใน หนองบัวลำภู ประเมินราคาตามประเภท รุ่น สเปก สภาพ จำนวน และความต้องการตลาด ประเมินราคาฟรีผ่าน Line ชำระเงินหลังตรวจสอบสินค้าและตกลงราคาเรียบร้อยแล้ว มีบริการนัดรับหรือประสานขนส่งตามข้อตกลง","221","รับซื้อ โดรนและกล้อง Action Cam หนองบัวลำภู ประเมินราคาฟรี นัดรับหรือประสานขนส่งตามข้อตกลง","https://amphon.co.th/รับซื้อ/รับซื้อโดรน-หนองบัวลำภู","yes","yes","service-x-location","title=LONG;desc=LONG","frontmatter+seoTitle(Amphon.co.th)","KEEP_BOTH_VALID","KEEP"
"/รับซื้อ/รับซื้อโดรน-อำนาจเจริญ","src/content/serviceAreas/รับซื้อโดรน-อำนาจเจริญ.md","service-x-location","รับซื้อ โดรนและกล้อง Action Cam อำนาจเจริญ ประเมินราคาฟรี นัดรับหรือประสานขนส่งตามข้อตกลง | Amphon.co.th","104","รับซื้อ โดรนและกล้อง Action Cam ใน อำนาจเจริญ ประเมินราคาตามประเภท รุ่น สเปก สภาพ จำนวน และความต้องการตลาด ประเมินราคาฟรีผ่าน Line ชำระเงินหลังตรวจสอบสินค้าและตกลงราคาเรียบร้อยแล้ว มีบริการนัดรับหรือประสานขนส่งตามข้อตกลง","220","รับซื้อ โดรนและกล้อง Action Cam อำนาจเจริญ ประเมินราคาฟรี นัดรับหรือประสานขนส่งตามข้อตกลง","https://amphon.co.th/รับซื้อ/รับซื้อโดรน-อำนาจเจริญ","yes","yes","service-x-location","title=LONG;desc=LONG","frontmatter+seoTitle(Amphon.co.th)","KEEP_BOTH_VALID","KEEP"
"/รับซื้อ/รับซื้อโดรน-อุดรธานี","src/content/serviceAreas/รับซื้อโดรน-อุดรธานี.md","service-x-location","รับซื้อ โดรนและกล้อง Action Cam อุดรธานี ประเมินราคาฟรี นัดรับหรือประสานขนส่งตามข้อตกลง | Amphon.co.th","102","รับซื้อ โดรนและกล้อง Action Cam ใน อุดรธานี ประเมินราคาตามประเภท รุ่น สเปก สภาพ จำนวน และความต้องการตลาด ประเมินราคาฟรีผ่าน Line ชำระเงินหลังตรวจสอบสินค้าและตกลงราคาเรียบร้อยแล้ว มีบริการนัดรับหรือประสานขนส่งตามข้อตกลง","218","รับซื้อ โดรนและกล้อง Action Cam อุดรธานี ประเมินราคาฟรี นัดรับหรือประสานขนส่งตามข้อตกลง","https://amphon.co.th/รับซื้อ/รับซื้อโดรน-อุดรธานี","yes","yes","service-x-location","title=LONG;desc=LONG","frontmatter+seoTitle(Amphon.co.th)","KEEP_BOTH_VALID","KEEP"
"/รับซื้อ/รับซื้อโดรน-อุบลราชธานี","src/content/serviceAreas/รับซื้อโดรน-อุบลราชธานี.md","service-x-location","รับซื้อ โดรนและกล้อง Action Cam อุบลราชธานี ประเมินราคาฟรี นัดรับหรือประสานขนส่งตามข้อตกลง | Amphon.co.th","105","รับซื้อ โดรนและกล้อง Action Cam ใน อุบลราชธานี ประเมินราคาตามประเภท รุ่น สเปก สภาพ จำนวน และความต้องการตลาด ประเมินราคาฟรีผ่าน Line ชำระเงินหลังตรวจสอบสินค้าและตกลงราคาเรียบร้อยแล้ว มีบริการนัดรับหรือประสานขนส่งตามข้อตกลง","221","รับซื้อ โดรนและกล้อง Action Cam อุบลราชธานี ประเมินราคาฟรี นัดรับหรือประสานขนส่งตามข้อตกลง","https://amphon.co.th/รับซื้อ/รับซื้อโดรน-อุบลราชธานี","yes","yes","service-x-location","title=LONG;desc=LONG","frontmatter+seoTitle(Amphon.co.th)","KEEP_BOTH_VALID","KEEP"
"/รับซื้อ/รับซื้อโดรน-เลย","src/content/serviceAreas/รับซื้อโดรน-เลย.md","service-x-location","รับซื้อ โดรนและกล้อง Action Cam เลย ประเมินราคาฟรี นัดรับหรือประสานขนส่งตามข้อตกลง | Amphon.co.th","97","รับซื้อ โดรนและกล้อง Action Cam ใน เลย ประเมินราคาตามประเภท รุ่น สเปก สภาพ จำนวน และความต้องการตลาด ประเมินราคาฟรีผ่าน Line ชำระเงินหลังตรวจสอบสินค้าและตกลงราคาเรียบร้อยแล้ว มีบริการนัดรับหรือประสานขนส่งตามข้อตกลง","213","รับซื้อ โดรนและกล้อง Action Cam เลย ประเมินราคาฟรี นัดรับหรือประสานขนส่งตามข้อตกลง","https://amphon.co.th/รับซื้อ/รับซื้อโดรน-เลย","yes","yes","service-x-location","title=LONG;desc=LONG","frontmatter+seoTitle(Amphon.co.th)","KEEP_BOTH_VALID","KEEP"
"/รับซื้อ/รับซื้อโน๊ตบุ๊ค-อุบลราชธานี","src/content/serviceAreas/รับซื้อโน๊ตบุ๊ค-อุบลราชธานี.md","service-x-location","รับซื้อโน๊ตบุ๊ค อุบลราชธานี ประเมินฟรี ชำระเงินหลังตรวจสอบสินค้าและตกลงราคาเรียบร้อยแล้ว หน้าร้านใหญ่ | Amphon.co.th","116","รับซื้อโน๊ตบุ๊คในอุบลราชธานี มีหน้าร้านจริง ประเมินราคาฟรี ส่งรูปเช็กราคาได้ ชำระเงินสดหรือโอนหลังตรวจสอบตกลงราคา รับซื้อโน๊ตบุ๊คมือสอง โน๊ตบุ๊คเสีย Line @webuy โทร 0642579353","175","รับซื้อโน๊ตบุ๊ค อุบลราชธานี ชำระเงินหลังตรวจสอบสินค้าและตกลงราคาเรียบร้อยแล้ว ประเมินราคาฟรีออนไลน์","https://amphon.co.th/รับซื้อ/รับซื้อโน๊ตบุ๊ค-อุบลราชธานี","yes","yes","service-x-location","title=LONG;desc=LONG","frontmatter+seoTitle(Amphon.co.th)","BOILERPLATE_OVERLOAD","EDIT_TITLE"
"/รับซื้อ/รับซื้อโน๊ตบุ๊คเกมมิ่ง-หนองบัวลำภู","src/content/serviceAreas/รับซื้อโน๊ตบุ๊คเกมมิ่ง-หนองบัวลำภู.md","service-x-location","รับซื้อ โน๊ตบุ๊คเกมมิ่ง หนองบัวลำภู ประเมินราคาเบื้องต้น | Amphon.co.th","71","รับซื้อ โน๊ตบุ๊คเกมมิ่ง ในหนองบัวลำภู ประเมินราคาฟรี ส่งรูปเช็กราคาได้ ชำระเงินหลังตรวจสอบสินค้าและตกลงราคาเรียบร้อยแล้ว ติดต่อ Line @webuy โทร 0642579353","154","รับซื้อ โน๊ตบุ๊คเกมมิ่ง หนองบัวลำภู ประเมินราคาเบื้องต้น","https://amphon.co.th/รับซื้อ/รับซื้อโน๊ตบุ๊คเกมมิ่ง-หนองบัวลำภู","yes","yes","service-x-location","title=LONG;desc=OK","frontmatter+seoTitle(Amphon.co.th)","KEEP_VALID_LONG_TITLE","KEEP"
"/รับซื้อ/รับซื้อโน๊ตบุ๊คเกมมิ่ง-อุบลราชธานี","src/content/serviceAreas/รับซื้อโน๊ตบุ๊คเกมมิ่ง-อุบลราชธานี.md","service-x-location","รับซื้อ โน๊ตบุ๊คเกมมิ่ง อุบลราชธานี ประเมินราคาเบื้องต้น | Amphon.co.th","71","รับซื้อ โน๊ตบุ๊คเกมมิ่ง ในอุบลราชธานี ประเมินราคาฟรี ส่งรูปเช็กราคาได้ ชำระเงินหลังตรวจสอบสินค้าและตกลงราคาเรียบร้อยแล้ว ติดต่อ Line @webuy โทร 0642579353","154","รับซื้อ โน๊ตบุ๊คเกมมิ่ง อุบลราชธานี ประเมินราคาเบื้องต้น","https://amphon.co.th/รับซื้อ/รับซื้อโน๊ตบุ๊คเกมมิ่ง-อุบลราชธานี","yes","yes","service-x-location","title=LONG;desc=OK","frontmatter+seoTitle(Amphon.co.th)","KEEP_VALID_LONG_TITLE","KEEP"
"/รับซื้อ/รับเหมาประมูลอุปกรณ์ไอที-กาฬสินธุ์","src/content/serviceAreas/รับเหมาประมูลอุปกรณ์ไอที-กาฬสินธุ์.md","service-x-location","รับซื้อ อุปกรณ์ไอทีบริษัทและประมูล กาฬสินธุ์ ประเมินราคาฟรี นัดรับหรือประสานขนส่งตามข้อตกลง | Amphon.co.th","106","รับซื้อ อุปกรณ์ไอทีบริษัทและประมูล ใน กาฬสินธุ์ ประเมินราคาตามประเภท รุ่น สเปก สภาพ จำนวน และความต้องการตลาด ประเมินราคาฟรีผ่าน Line ชำระเงินหลังตรวจสอบสินค้าและตกลงราคาเรียบร้อยแล้ว มีบริการนัดรับหรือประสานขนส่งตามข้อตกลง","222","รับซื้อ อุปกรณ์ไอทีบริษัทและประมูล กาฬสินธุ์ ประเมินราคาฟรี นัดรับหรือประสานขนส่งตามข้อตกลง","https://amphon.co.th/รับซื้อ/รับเหมาประมูลอุปกรณ์ไอที-กาฬสินธุ์","yes","yes","service-x-location","title=LONG;desc=LONG","frontmatter+seoTitle(Amphon.co.th)","KEEP_BOTH_VALID","KEEP"
"/รับซื้อ/รับเหมาประมูลอุปกรณ์ไอที-ขอนแก่น","src/content/serviceAreas/รับเหมาประมูลอุปกรณ์ไอที-ขอนแก่น.md","service-x-location","รับซื้อ อุปกรณ์ไอทีบริษัทและประมูล ขอนแก่น ประเมินราคาฟรี นัดรับหรือประสานขนส่งตามข้อตกลง | Amphon.co.th","104","รับซื้อ อุปกรณ์ไอทีบริษัทและประมูล ใน ขอนแก่น ประเมินราคาตามประเภท รุ่น สเปก สภาพ จำนวน และความต้องการตลาด ประเมินราคาฟรีผ่าน Line ชำระเงินหลังตรวจสอบสินค้าและตกลงราคาเรียบร้อยแล้ว มีบริการนัดรับหรือประสานขนส่งตามข้อตกลง","220","รับซื้อ อุปกรณ์ไอทีบริษัทและประมูล ขอนแก่น ประเมินราคาฟรี นัดรับหรือประสานขนส่งตามข้อตกลง","https://amphon.co.th/รับซื้อ/รับเหมาประมูลอุปกรณ์ไอที-ขอนแก่น","yes","yes","service-x-location","title=LONG;desc=LONG","frontmatter+seoTitle(Amphon.co.th)","KEEP_BOTH_VALID","KEEP"
"/รับซื้อ/รับเหมาประมูลอุปกรณ์ไอที-ชัยภูมิ","src/content/serviceAreas/รับเหมาประมูลอุปกรณ์ไอที-ชัยภูมิ.md","service-x-location","รับซื้อ อุปกรณ์ไอทีบริษัทและประมูล ชัยภูมิ ประเมินราคาฟรี นัดรับหรือประสานขนส่งตามข้อตกลง | Amphon.co.th","104","รับซื้อ อุปกรณ์ไอทีบริษัทและประมูล ใน ชัยภูมิ ประเมินราคาตามประเภท รุ่น สเปก สภาพ จำนวน และความต้องการตลาด ประเมินราคาฟรีผ่าน Line ชำระเงินหลังตรวจสอบสินค้าและตกลงราคาเรียบร้อยแล้ว มีบริการนัดรับหรือประสานขนส่งตามข้อตกลง","220","รับซื้อ อุปกรณ์ไอทีบริษัทและประมูล ชัยภูมิ ประเมินราคาฟรี นัดรับหรือประสานขนส่งตามข้อตกลง","https://amphon.co.th/รับซื้อ/รับเหมาประมูลอุปกรณ์ไอที-ชัยภูมิ","yes","yes","service-x-location","title=LONG;desc=LONG","frontmatter+seoTitle(Amphon.co.th)","KEEP_BOTH_VALID","KEEP"
"/รับซื้อ/รับเหมาประมูลอุปกรณ์ไอที-นครพนม","src/content/serviceAreas/รับเหมาประมูลอุปกรณ์ไอที-นครพนม.md","service-x-location","รับซื้อ อุปกรณ์ไอทีบริษัทและประมูล นครพนม ประเมินราคาฟรี นัดรับหรือประสานขนส่งตามข้อตกลง | Amphon.co.th","103","รับซื้อ อุปกรณ์ไอทีบริษัทและประมูล ใน นครพนม ประเมินราคาตามประเภท รุ่น สเปก สภาพ จำนวน และความต้องการตลาด ประเมินราคาฟรีผ่าน Line ชำระเงินหลังตรวจสอบสินค้าและตกลงราคาเรียบร้อยแล้ว มีบริการนัดรับหรือประสานขนส่งตามข้อตกลง","219","รับซื้อ อุปกรณ์ไอทีบริษัทและประมูล นครพนม ประเมินราคาฟรี นัดรับหรือประสานขนส่งตามข้อตกลง","https://amphon.co.th/รับซื้อ/รับเหมาประมูลอุปกรณ์ไอที-นครพนม","yes","yes","service-x-location","title=LONG;desc=LONG","frontmatter+seoTitle(Amphon.co.th)","KEEP_BOTH_VALID","KEEP"
"/รับซื้อ/รับเหมาประมูลอุปกรณ์ไอที-นครราชสีมา","src/content/serviceAreas/รับเหมาประมูลอุปกรณ์ไอที-นครราชสีมา.md","service-x-location","รับซื้อ อุปกรณ์ไอทีบริษัทและประมูล นครราชสีมา ประเมินราคาฟรี นัดรับหรือประสานขนส่งตามข้อตกลง | Amphon.co.th","107","รับซื้อ อุปกรณ์ไอทีบริษัทและประมูล ใน นครราชสีมา ประเมินราคาตามประเภท รุ่น สเปก สภาพ จำนวน และความต้องการตลาด ประเมินราคาฟรีผ่าน Line ชำระเงินหลังตรวจสอบสินค้าและตกลงราคาเรียบร้อยแล้ว มีบริการนัดรับหรือประสานขนส่งตามข้อตกลง","223","รับซื้อ อุปกรณ์ไอทีบริษัทและประมูล นครราชสีมา ประเมินราคาฟรี นัดรับหรือประสานขนส่งตามข้อตกลง","https://amphon.co.th/รับซื้อ/รับเหมาประมูลอุปกรณ์ไอที-นครราชสีมา","yes","yes","service-x-location","title=LONG;desc=LONG","frontmatter+seoTitle(Amphon.co.th)","KEEP_BOTH_VALID","KEEP"
"/รับซื้อ/รับเหมาประมูลอุปกรณ์ไอที-บึงกาฬ","src/content/serviceAreas/รับเหมาประมูลอุปกรณ์ไอที-บึงกาฬ.md","service-x-location","รับซื้อ อุปกรณ์ไอทีบริษัทและประมูล บึงกาฬ ประเมินราคาฟรี นัดรับหรือประสานขนส่งตามข้อตกลง | Amphon.co.th","103","รับซื้อ อุปกรณ์ไอทีบริษัทและประมูล ใน บึงกาฬ ประเมินราคาตามประเภท รุ่น สเปก สภาพ จำนวน และความต้องการตลาด ประเมินราคาฟรีผ่าน Line ชำระเงินหลังตรวจสอบสินค้าและตกลงราคาเรียบร้อยแล้ว มีบริการนัดรับหรือประสานขนส่งตามข้อตกลง","219","รับซื้อ อุปกรณ์ไอทีบริษัทและประมูล บึงกาฬ ประเมินราคาฟรี นัดรับหรือประสานขนส่งตามข้อตกลง","https://amphon.co.th/รับซื้อ/รับเหมาประมูลอุปกรณ์ไอที-บึงกาฬ","yes","yes","service-x-location","title=LONG;desc=LONG","frontmatter+seoTitle(Amphon.co.th)","KEEP_BOTH_VALID","KEEP"
"/รับซื้อ/รับเหมาประมูลอุปกรณ์ไอที-บุรีรัมย์","src/content/serviceAreas/รับเหมาประมูลอุปกรณ์ไอที-บุรีรัมย์.md","service-x-location","รับซื้อ อุปกรณ์ไอทีบริษัทและประมูล บุรีรัมย์ ประเมินราคาฟรี นัดรับหรือประสานขนส่งตามข้อตกลง | Amphon.co.th","106","รับซื้อ อุปกรณ์ไอทีบริษัทและประมูล ใน บุรีรัมย์ ประเมินราคาตามประเภท รุ่น สเปก สภาพ จำนวน และความต้องการตลาด ประเมินราคาฟรีผ่าน Line ชำระเงินหลังตรวจสอบสินค้าและตกลงราคาเรียบร้อยแล้ว มีบริการนัดรับหรือประสานขนส่งตามข้อตกลง","222","รับซื้อ อุปกรณ์ไอทีบริษัทและประมูล บุรีรัมย์ ประเมินราคาฟรี นัดรับหรือประสานขนส่งตามข้อตกลง","https://amphon.co.th/รับซื้อ/รับเหมาประมูลอุปกรณ์ไอที-บุรีรัมย์","yes","yes","service-x-location","title=LONG;desc=LONG","frontmatter+seoTitle(Amphon.co.th)","KEEP_BOTH_VALID","KEEP"
"/รับซื้อ/รับเหมาประมูลอุปกรณ์ไอที-มหาสารคาม","src/content/serviceAreas/รับเหมาประมูลอุปกรณ์ไอที-มหาสารคาม.md","service-x-location","รับซื้อ อุปกรณ์ไอทีบริษัทและประมูล มหาสารคาม ประเมินราคาฟรี นัดรับหรือประสานขนส่งตามข้อตกลง | Amphon.co.th","106","รับซื้อ อุปกรณ์ไอทีบริษัทและประมูล ใน มหาสารคาม ประเมินราคาตามประเภท รุ่น สเปก สภาพ จำนวน และความต้องการตลาด ประเมินราคาฟรีผ่าน Line ชำระเงินหลังตรวจสอบสินค้าและตกลงราคาเรียบร้อยแล้ว มีบริการนัดรับหรือประสานขนส่งตามข้อตกลง","222","รับซื้อ อุปกรณ์ไอทีบริษัทและประมูล มหาสารคาม ประเมินราคาฟรี นัดรับหรือประสานขนส่งตามข้อตกลง","https://amphon.co.th/รับซื้อ/รับเหมาประมูลอุปกรณ์ไอที-มหาสารคาม","yes","yes","service-x-location","title=LONG;desc=LONG","frontmatter+seoTitle(Amphon.co.th)","KEEP_BOTH_VALID","KEEP"
"/รับซื้อ/รับเหมาประมูลอุปกรณ์ไอที-มุกดาหาร","src/content/serviceAreas/รับเหมาประมูลอุปกรณ์ไอที-มุกดาหาร.md","service-x-location","รับซื้อ อุปกรณ์ไอทีบริษัทและประมูล มุกดาหาร ประเมินราคาฟรี นัดรับหรือประสานขนส่งตามข้อตกลง | Amphon.co.th","105","รับซื้อ อุปกรณ์ไอทีบริษัทและประมูล ใน มุกดาหาร ประเมินราคาตามประเภท รุ่น สเปก สภาพ จำนวน และความต้องการตลาด ประเมินราคาฟรีผ่าน Line ชำระเงินหลังตรวจสอบสินค้าและตกลงราคาเรียบร้อยแล้ว มีบริการนัดรับหรือประสานขนส่งตามข้อตกลง","221","รับซื้อ อุปกรณ์ไอทีบริษัทและประมูล มุกดาหาร ประเมินราคาฟรี นัดรับหรือประสานขนส่งตามข้อตกลง","https://amphon.co.th/รับซื้อ/รับเหมาประมูลอุปกรณ์ไอที-มุกดาหาร","yes","yes","service-x-location","title=LONG;desc=LONG","frontmatter+seoTitle(Amphon.co.th)","KEEP_BOTH_VALID","KEEP"
"/รับซื้อ/รับเหมาประมูลอุปกรณ์ไอที-ยโสธร","src/content/serviceAreas/รับเหมาประมูลอุปกรณ์ไอที-ยโสธร.md","service-x-location","รับซื้อ อุปกรณ์ไอทีบริษัทและประมูล ยโสธร ประเมินราคาฟรี นัดรับหรือประสานขนส่งตามข้อตกลง | Amphon.co.th","102","รับซื้อ อุปกรณ์ไอทีบริษัทและประมูล ใน ยโสธร ประเมินราคาตามประเภท รุ่น สเปก สภาพ จำนวน และความต้องการตลาด ประเมินราคาฟรีผ่าน Line ชำระเงินหลังตรวจสอบสินค้าและตกลงราคาเรียบร้อยแล้ว มีบริการนัดรับหรือประสานขนส่งตามข้อตกลง","218","รับซื้อ อุปกรณ์ไอทีบริษัทและประมูล ยโสธร ประเมินราคาฟรี นัดรับหรือประสานขนส่งตามข้อตกลง","https://amphon.co.th/รับซื้อ/รับเหมาประมูลอุปกรณ์ไอที-ยโสธร","yes","yes","service-x-location","title=LONG;desc=LONG","frontmatter+seoTitle(Amphon.co.th)","KEEP_BOTH_VALID","KEEP"
"/รับซื้อ/รับเหมาประมูลอุปกรณ์ไอที-ร้อยเอ็ด","src/content/serviceAreas/รับเหมาประมูลอุปกรณ์ไอที-ร้อยเอ็ด.md","service-x-location","รับซื้อ อุปกรณ์ไอทีบริษัทและประมูล ร้อยเอ็ด ประเมินราคาฟรี นัดรับหรือประสานขนส่งตามข้อตกลง | Amphon.co.th","105","รับซื้อ อุปกรณ์ไอทีบริษัทและประมูล ใน ร้อยเอ็ด ประเมินราคาตามประเภท รุ่น สเปก สภาพ จำนวน และความต้องการตลาด ประเมินราคาฟรีผ่าน Line ชำระเงินหลังตรวจสอบสินค้าและตกลงราคาเรียบร้อยแล้ว มีบริการนัดรับหรือประสานขนส่งตามข้อตกลง","221","รับซื้อ อุปกรณ์ไอทีบริษัทและประมูล ร้อยเอ็ด ประเมินราคาฟรี นัดรับหรือประสานขนส่งตามข้อตกลง","https://amphon.co.th/รับซื้อ/รับเหมาประมูลอุปกรณ์ไอที-ร้อยเอ็ด","yes","yes","service-x-location","title=LONG;desc=LONG","frontmatter+seoTitle(Amphon.co.th)","KEEP_BOTH_VALID","KEEP"
"/รับซื้อ/รับเหมาประมูลอุปกรณ์ไอที-ศรีสะเกษ","src/content/serviceAreas/รับเหมาประมูลอุปกรณ์ไอที-ศรีสะเกษ.md","service-x-location","รับซื้อ อุปกรณ์ไอทีบริษัทและประมูล ศรีสะเกษ ประเมินราคาฟรี นัดรับหรือประสานขนส่งตามข้อตกลง | Amphon.co.th","105","รับซื้อ อุปกรณ์ไอทีบริษัทและประมูล ใน ศรีสะเกษ ประเมินราคาตามประเภท รุ่น สเปก สภาพ จำนวน และความต้องการตลาด ประเมินราคาฟรีผ่าน Line ชำระเงินหลังตรวจสอบสินค้าและตกลงราคาเรียบร้อยแล้ว มีบริการนัดรับหรือประสานขนส่งตามข้อตกลง","221","รับซื้อ อุปกรณ์ไอทีบริษัทและประมูล ศรีสะเกษ ประเมินราคาฟรี นัดรับหรือประสานขนส่งตามข้อตกลง","https://amphon.co.th/รับซื้อ/รับเหมาประมูลอุปกรณ์ไอที-ศรีสะเกษ","yes","yes","service-x-location","title=LONG;desc=LONG","frontmatter+seoTitle(Amphon.co.th)","KEEP_BOTH_VALID","KEEP"
"/รับซื้อ/รับเหมาประมูลอุปกรณ์ไอที-สกลนคร","src/content/serviceAreas/รับเหมาประมูลอุปกรณ์ไอที-สกลนคร.md","service-x-location","รับซื้อ อุปกรณ์ไอทีบริษัทและประมูล สกลนคร ประเมินราคาฟรี นัดรับหรือประสานขนส่งตามข้อตกลง | Amphon.co.th","103","รับซื้อ อุปกรณ์ไอทีบริษัทและประมูล ใน สกลนคร ประเมินราคาตามประเภท รุ่น สเปก สภาพ จำนวน และความต้องการตลาด ประเมินราคาฟรีผ่าน Line ชำระเงินหลังตรวจสอบสินค้าและตกลงราคาเรียบร้อยแล้ว มีบริการนัดรับหรือประสานขนส่งตามข้อตกลง","219","รับซื้อ อุปกรณ์ไอทีบริษัทและประมูล สกลนคร ประเมินราคาฟรี นัดรับหรือประสานขนส่งตามข้อตกลง","https://amphon.co.th/รับซื้อ/รับเหมาประมูลอุปกรณ์ไอที-สกลนคร","yes","yes","service-x-location","title=LONG;desc=LONG","frontmatter+seoTitle(Amphon.co.th)","KEEP_BOTH_VALID","KEEP"
"/รับซื้อ/รับเหมาประมูลอุปกรณ์ไอที-สุรินทร์","src/content/serviceAreas/รับเหมาประมูลอุปกรณ์ไอที-สุรินทร์.md","service-x-location","รับซื้อ อุปกรณ์ไอทีบริษัทและประมูล สุรินทร์ ประเมินราคาฟรี นัดรับหรือประสานขนส่งตามข้อตกลง | Amphon.co.th","105","รับซื้อ อุปกรณ์ไอทีบริษัทและประมูล ใน สุรินทร์ ประเมินราคาตามประเภท รุ่น สเปก สภาพ จำนวน และความต้องการตลาด ประเมินราคาฟรีผ่าน Line ชำระเงินหลังตรวจสอบสินค้าและตกลงราคาเรียบร้อยแล้ว มีบริการนัดรับหรือประสานขนส่งตามข้อตกลง","221","รับซื้อ อุปกรณ์ไอทีบริษัทและประมูล สุรินทร์ ประเมินราคาฟรี นัดรับหรือประสานขนส่งตามข้อตกลง","https://amphon.co.th/รับซื้อ/รับเหมาประมูลอุปกรณ์ไอที-สุรินทร์","yes","yes","service-x-location","title=LONG;desc=LONG","frontmatter+seoTitle(Amphon.co.th)","KEEP_BOTH_VALID","KEEP"
"/รับซื้อ/รับเหมาประมูลอุปกรณ์ไอที-หนองคาย","src/content/serviceAreas/รับเหมาประมูลอุปกรณ์ไอที-หนองคาย.md","service-x-location","รับซื้อ อุปกรณ์ไอทีบริษัทและประมูล หนองคาย ประเมินราคาฟรี นัดรับหรือประสานขนส่งตามข้อตกลง | Amphon.co.th","104","รับซื้อ อุปกรณ์ไอทีบริษัทและประมูล ใน หนองคาย ประเมินราคาตามประเภท รุ่น สเปก สภาพ จำนวน และความต้องการตลาด ประเมินราคาฟรีผ่าน Line ชำระเงินหลังตรวจสอบสินค้าและตกลงราคาเรียบร้อยแล้ว มีบริการนัดรับหรือประสานขนส่งตามข้อตกลง","220","รับซื้อ อุปกรณ์ไอทีบริษัทและประมูล หนองคาย ประเมินราคาฟรี นัดรับหรือประสานขนส่งตามข้อตกลง","https://amphon.co.th/รับซื้อ/รับเหมาประมูลอุปกรณ์ไอที-หนองคาย","yes","yes","service-x-location","title=LONG;desc=LONG","frontmatter+seoTitle(Amphon.co.th)","KEEP_BOTH_VALID","KEEP"
"/รับซื้อ/รับเหมาประมูลอุปกรณ์ไอที-หนองบัวลำภู","src/content/serviceAreas/รับเหมาประมูลอุปกรณ์ไอที-หนองบัวลำภู.md","service-x-location","รับซื้อ อุปกรณ์ไอทีบริษัทและประมูล หนองบัวลำภู ประเมินราคาฟรี นัดรับหรือประสานขนส่งตามข้อตกลง | Amphon.co.th","108","รับซื้อ อุปกรณ์ไอทีบริษัทและประมูล ใน หนองบัวลำภู ประเมินราคาตามประเภท รุ่น สเปก สภาพ จำนวน และความต้องการตลาด ประเมินราคาฟรีผ่าน Line ชำระเงินหลังตรวจสอบสินค้าและตกลงราคาเรียบร้อยแล้ว มีบริการนัดรับหรือประสานขนส่งตามข้อตกลง","224","รับซื้อ อุปกรณ์ไอทีบริษัทและประมูล หนองบัวลำภู ประเมินราคาฟรี นัดรับหรือประสานขนส่งตามข้อตกลง","https://amphon.co.th/รับซื้อ/รับเหมาประมูลอุปกรณ์ไอที-หนองบัวลำภู","yes","yes","service-x-location","title=LONG;desc=LONG","frontmatter+seoTitle(Amphon.co.th)","KEEP_BOTH_VALID","KEEP"
"/รับซื้อ/รับเหมาประมูลอุปกรณ์ไอที-อำนาจเจริญ","src/content/serviceAreas/รับเหมาประมูลอุปกรณ์ไอที-อำนาจเจริญ.md","service-x-location","รับซื้อ อุปกรณ์ไอทีบริษัทและประมูล อำนาจเจริญ ประเมินราคาฟรี นัดรับหรือประสานขนส่งตามข้อตกลง | Amphon.co.th","107","รับซื้อ อุปกรณ์ไอทีบริษัทและประมูล ใน อำนาจเจริญ ประเมินราคาตามประเภท รุ่น สเปก สภาพ จำนวน และความต้องการตลาด ประเมินราคาฟรีผ่าน Line ชำระเงินหลังตรวจสอบสินค้าและตกลงราคาเรียบร้อยแล้ว มีบริการนัดรับหรือประสานขนส่งตามข้อตกลง","223","รับซื้อ อุปกรณ์ไอทีบริษัทและประมูล อำนาจเจริญ ประเมินราคาฟรี นัดรับหรือประสานขนส่งตามข้อตกลง","https://amphon.co.th/รับซื้อ/รับเหมาประมูลอุปกรณ์ไอที-อำนาจเจริญ","yes","yes","service-x-location","title=LONG;desc=LONG","frontmatter+seoTitle(Amphon.co.th)","KEEP_BOTH_VALID","KEEP"
"/รับซื้อ/รับเหมาประมูลอุปกรณ์ไอที-อุดรธานี","src/content/serviceAreas/รับเหมาประมูลอุปกรณ์ไอที-อุดรธานี.md","service-x-location","รับซื้อ อุปกรณ์ไอทีบริษัทและประมูล อุดรธานี ประเมินราคาฟรี นัดรับหรือประสานขนส่งตามข้อตกลง | Amphon.co.th","105","รับซื้อ อุปกรณ์ไอทีบริษัทและประมูล ใน อุดรธานี ประเมินราคาตามประเภท รุ่น สเปก สภาพ จำนวน และความต้องการตลาด ประเมินราคาฟรีผ่าน Line ชำระเงินหลังตรวจสอบสินค้าและตกลงราคาเรียบร้อยแล้ว มีบริการนัดรับหรือประสานขนส่งตามข้อตกลง","221","รับซื้อ อุปกรณ์ไอทีบริษัทและประมูล อุดรธานี ประเมินราคาฟรี นัดรับหรือประสานขนส่งตามข้อตกลง","https://amphon.co.th/รับซื้อ/รับเหมาประมูลอุปกรณ์ไอที-อุดรธานี","yes","yes","service-x-location","title=LONG;desc=LONG","frontmatter+seoTitle(Amphon.co.th)","KEEP_BOTH_VALID","KEEP"
"/รับซื้อ/รับเหมาประมูลอุปกรณ์ไอที-อุบลราชธานี","src/content/serviceAreas/รับเหมาประมูลอุปกรณ์ไอที-อุบลราชธานี.md","service-x-location","รับซื้อ อุปกรณ์ไอทีบริษัทและประมูล อุบลราชธานี ประเมินราคาฟรี นัดรับหรือประสานขนส่งตามข้อตกลง | Amphon.co.th","108","รับซื้อ อุปกรณ์ไอทีบริษัทและประมูล ใน อุบลราชธานี ประเมินราคาตามประเภท รุ่น สเปก สภาพ จำนวน และความต้องการตลาด ประเมินราคาฟรีผ่าน Line ชำระเงินหลังตรวจสอบสินค้าและตกลงราคาเรียบร้อยแล้ว มีบริการนัดรับหรือประสานขนส่งตามข้อตกลง","224","รับซื้อ อุปกรณ์ไอทีบริษัทและประมูล อุบลราชธานี ประเมินราคาฟรี นัดรับหรือประสานขนส่งตามข้อตกลง","https://amphon.co.th/รับซื้อ/รับเหมาประมูลอุปกรณ์ไอที-อุบลราชธานี","yes","yes","service-x-location","title=LONG;desc=LONG","frontmatter+seoTitle(Amphon.co.th)","KEEP_BOTH_VALID","KEEP"
"/รับซื้อ/รับเหมาประมูลอุปกรณ์ไอที-เลย","src/content/serviceAreas/รับเหมาประมูลอุปกรณ์ไอที-เลย.md","service-x-location","รับซื้อ อุปกรณ์ไอทีบริษัทและประมูล เลย ประเมินราคาฟรี นัดรับหรือประสานขนส่งตามข้อตกลง | Amphon.co.th","100","รับซื้อ อุปกรณ์ไอทีบริษัทและประมูล ใน เลย ประเมินราคาตามประเภท รุ่น สเปก สภาพ จำนวน และความต้องการตลาด ประเมินราคาฟรีผ่าน Line ชำระเงินหลังตรวจสอบสินค้าและตกลงราคาเรียบร้อยแล้ว มีบริการนัดรับหรือประสานขนส่งตามข้อตกลง","216","รับซื้อ อุปกรณ์ไอทีบริษัทและประมูล เลย ประเมินราคาฟรี นัดรับหรือประสานขนส่งตามข้อตกลง","https://amphon.co.th/รับซื้อ/รับเหมาประมูลอุปกรณ์ไอที-เลย","yes","yes","service-x-location","title=LONG;desc=LONG","frontmatter+seoTitle(Amphon.co.th)","KEEP_BOTH_VALID","KEEP"
"/รับซื้อสินค้าไอที","","utility-hub","รับซื้อสินค้าไอที เลือกหน้ารับซื้อให้ตรงกับสินค้า | AMPHON TRADING | Amphon.co.th","81","รวมหน้ารับซื้อสินค้าไอทีหลัก เช่น โน๊ตบุ๊ค คอมพิวเตอร์ RAM iPhone iPad MacBook และงานบริษัท เพื่อไปหน้าที่ตรงกับสินค้าที่ต้องการขายได้เร็วขึ้น","142","เลือกหน้ารับซื้อสินค้าไอทีให้ตรงกับสินค้าที่ต้องการขาย","https://amphon.co.th/รับซื้อสินค้าไอที","yes","yes","utility-hub","title=LONG;desc=OK","frontmatter+seoTitle(Amphon.co.th)","SEMANTIC_REPETITION","EDIT_TITLE"
